account_name,social_network_id,carl_account_id,carl_post_id,post_type,media_url_type,published,caption,permalink,impressions,views,likes,comments,shares
@univerzitnihokej,instagram,1e114592-3529-4cfe-9977-2598454053af,2602094e-086d-415e-9ce4-952750f7acc6,IG Story,VIDEO,8.4.2026 16:36:35,🍿,https://www.instagram.com/stories/univerzitnihokej/3870891109215928930,,3973,,,1
@unitedhk,facebook,bfe6cc29-a387-41b9-9bca-b077722556af,302075a4-5f02-4d0e-a108-e6e032d722c4,FB Video,VIDEO,4.10.2026 14:43:05,"Takový byl Otvírák sezóny 2026/27. 🏒🔥

Pop-up před arénou, plná ČPP aréna, hokej, soutěže, choreo, partneři a afterparty.

Jeden den, který jsme si chtěli ještě jednou připomenout.

Díky všem, kteří byli u toho s námi. Tohle je naše aftermovie z Otvíráku.

#allforunited",https://www.facebook.com/reel/2286153675519254/,342,104,6,,
@cvutengineers,instagram,11963a07-7f0f-48e6-9d81-aa63a7ff4a04,378d7a68-eae7-4227-949c-719c2b2f3ad0,IG Story,VIDEO,22.9.2026 16:35:55,PRO ŠTĚSTÍ,https://www.instagram.com/stories/cvutengineers/3991928290692330061,,1390,,,
@riderspardubice,instagram,4d6a67ab-9313-4f77-a82e-abb18adbca5d,531768b6-817d-4313-815e-8d0366ed8de4,IG Post,ALBUM,31.3.2026 6:00:02,"Záda nám “kryje” náš partner @foxconn_czech 👋

Jak myslíte že dopadne dnešní zápas? 🤨",https://www.instagram.com/p/DWibmg2DJbO/,,1846,71,,1
@hc_muni,instagram,43cd62c8-609d-4ea6-8ce9-cae5242ede0c,57d5be7d-4d21-4d17-b459-ec19612c5382,IG Story,IMAGE,30.9.2026 7:01:59,@horyyy_19,https://www.instagram.com/stories/munibearsbrno/3997437616555221883,,847,,,5
@riderspardubice,instagram,4d6a67ab-9313-4f77-a82e-abb18adbca5d,88f4f914-f048-4c7a-871f-158b00f4e3ad,IG Reel,VIDEO,19.4.2026 12:22:58,"I tak to někdy vyjde. 🤷🏼‍♂️ Ale to neznamená, že se nebude podporovat!",https://www.instagram.com/reel/DXUCTwmDNmR/,,26598,830,2,182
vsefalcons,instagram,709fceba-e311-48e7-9057-f54a587abf4a,a10069fd-b06c-4f31-a51a-058d3aec9ccf,IG Story,VIDEO,17.3.2026 15:56:11,HAPPY ST. PATRICK’S DAY,https://www.instagram.com/stories/vsefalcons/3854925780119738901,1038,1013,,,1
vsefalcons,instagram,709fceba-e311-48e7-9057-f54a587abf4a,bb8c7ca4-ba06-4149-86af-63b560c8e3ac,IG Story,IMAGE,24.2.2026 19:30:23,0 0,https://www.instagram.com/stories/vsefalcons/3839813202133711858,666,827,,,
vsefalcons,instagram,709fceba-e311-48e7-9057-f54a587abf4a,cac2f8d3-779c-46e9-b19f-6746a05f50d5,IG Story,VIDEO,8.4.2026 17:12:03,otevírá zápas,https://www.instagram.com/stories/vsefalcons/3870908955803256952,,840,,,1
vsefalcons,instagram,709fceba-e311-48e7-9057-f54a587abf4a,0a561496-34dd-477f-96d7-f63e49031476,IG Post,IMAGE,17.9.2026 6:26:25,"ať víte co (nebo kdo) vás v úterý čeká a nemáte v tom hokej 🙌🏼

Lístky stále v prodeji v appce UniLife nebo na našem profilu 🎟️",https://www.instagram.com/p/DdYNrW1iEfz/,,5757,145,1,17
@univerzitnihokej,facebook,01b45180-0b14-4a14-96e8-d0a4bab1fb9f,1e570be4-bd32-4c49-a864-bc7125b6a534,FB Post,IMAGE,5.3.2026 17:47:49,"Finále univerzitního hokeje se blíží 🔥 1. vlna denních balíčků na FINAL FOUR je v prodeji a nejlevnější lístky pořiďte do 16. 3. ⏳

🎟️ www.finalfour.cz",https://www.facebook.com/1275398168115026/posts/1254542416867268,482,,,,
vsefalcons,instagram,709fceba-e311-48e7-9057-f54a587abf4a,2a6537e8-c902-4578-a90e-5efd1cbb83f8,IG Story,VIDEO,12.3.2026 19:46:31,BRONZ JE NÁŠ 🥉 hoši děkujem,https://www.instagram.com/stories/vsefalcons/3851417791031197428,1243,829,,,
@AkademiciPlzen,facebook,d87b94e3-03e8-45d0-b92e-75e9b819545c,5bbda4a7-91e4-40b8-92df-e3b3d3ca499b,FB Video,VIDEO,28.3.2026 19:29:28,"Beeřík už kluky prohání, aby byli na středu v top formě! ☝🏻
Proženeme takhle ve středu i @czufarmers? 👀🔥

📍 1. 4. | 19:00 | LOGSPEED CZ Aréna
🎟️ Lístky v biu nebo na akademiciplzen.enigoo.cz

#akademiciplzen 💙",https://www.facebook.com/reel/949721307918176/,488,200,4,,
@akademiciplzen,instagram,65494228-95bf-4f7b-8e68-d47d7262db66,6aa407ac-ff89-48fa-bfd3-1c0bb6a5bff1,IG Post,PHOTO,30.3.2026 20:58:35,"🚨 Deadline alert! 🚨

🎓 Na ZČU nezačíná jen studium. Začínají tu i zážitky, kamarádi, studentskej život… a taky univerzitní hokej. 🏒

Jestli chceš být od příštího roku součástí toho všeho, mrkni na termíny přihlášek na bakalářské studium a hlavně je nepropásni. ⏳

Ulož si tenhle post a pošli ho dál někomu, kdo ještě pořád říká, že „je čas“. 👀

** FDU má do 30. dubna přihlášky na navazující magisterské studium, ne bakalářské! 

#akademiciplzen 💙",https://www.instagram.com/p/DWhclTdDGNp/,,14446,149,,35
@riderspardubice,instagram,4d6a67ab-9313-4f77-a82e-abb18adbca5d,a67f1abf-b32e-49f5-a0cc-ff15fecb271b,IG Story,VIDEO,26.8.2026 18:43:45,@machosta_15 😮‍💨,https://www.instagram.com/stories/riderspardubice/3972423680785477584,,1107,,,5
@AkademiciPlzen,facebook,d87b94e3-03e8-45d0-b92e-75e9b819545c,bde99ab2-53f6-4f2f-8a70-525761037d4a,FB Story,IMAGE,17.9.2026 8:46:57,,https://facebook.com/stories/103234241824606/UzpfSVNDOjEzNTAwNDgzNDcyMDExMzA=/?view_single=1,,,,,
@218107044725785,facebook,7a942e3e-6c47-4794-9ba7-bbc7b6d40cb3,e9c09f43-e3b5-427e-9544-d46d1cf64eb1,FB Story,VIDEO,6.10.2026 21:36:37,,https://facebook.com/stories/122096877530218300/UzpfSVNDOjE3NDUxNzQ2Nzk4OTE1NzM=/?view_single=1,,,,,
@boostrava,instagram,1176ddaf-d366-48a2-9639-3c6694c72c85,ee809669-b31c-4d55-9ccf-0e5be3881faf,IG Story,VIDEO,17.9.2026 18:09:54,ROZBRUSLENÍ 🦈,https://www.instagram.com/stories/boostrava/3988351731461045069,,499,,,1
@bitvaoprahu,instagram,d7c8aa06-74fb-4c6c-a7d2-c2fe1bf6d59c,09bbaeba-95f4-4251-a210-6d7523a335a6,IG Reel,VIDEO,12.3.2026 23:12:40,"Inspirovat se je třeba od těch nejlepších. 🤝🏼

Za předání plyšáků od @csobcz našim stříbrným medailistům děkujeme @classictomas z @puk_pak_pivo .

@cvutengineers 🥈| #bitvaoprahu",https://www.instagram.com/reel/DVzV7NZDFfZ/,,46443,657,2,127
@boostrava,instagram,1176ddaf-d366-48a2-9639-3c6694c72c85,1498c8a6-6d7c-439c-af7a-b5ce084fe71b,IG Story,VIDEO,31.3.2026 6:43:29,,https://www.instagram.com/stories/boostrava/3864794345056806505,,845,,,
@BOhokej,facebook,c9082543-a03b-490f-8f97-66d439acce89,b1f94639-7250-4604-ae44-2093ffc28ef3,FB Post,IMAGE,18.3.2026 12:53:05,"Koukni co o výjezdu do Prahy řekl útočník 
Jan Vašenka🎙️",https://www.facebook.com/1477974067675582/posts/1465762575563398,282,,,,
@vutcavaliersbrno,instagram,b384bebf-72f3-4f9d-8b2d-3677709f6966,02704b02-0244-4901-affa-b6247b7c2253,IG Story,VIDEO,23.9.2026 18:46:33,přestávková soutěž na ledě🥅,https://www.instagram.com/stories/vutcavaliersbrno/3992718849845261012,,615,,,1
vsefalcons,instagram,709fceba-e311-48e7-9057-f54a587abf4a,4bac7148-b3f4-4097-8cea-6ab3e665cbc2,IG Reel,VIDEO,1.4.2026 17:33:24,Pojďte s námi oslavit postup do finále play-in 🥳,https://www.instagram.com/reel/DWmPhrUiDg5/,,5486,130,,7
@riderspardubice,instagram,4d6a67ab-9313-4f77-a82e-abb18adbca5d,63f935ee-a3f3-4c09-a996-4e8c85ae203b,IG Story,VIDEO,28.4.2026 16:29:22,,https://www.instagram.com/stories/riderspardubice/3885382946853268816,,699,,,
@AkademiciPlzen,facebook,d87b94e3-03e8-45d0-b92e-75e9b819545c,848732d1-9966-48f3-8729-6e9a1872225f,FB Post,IMAGE,29.9.2026 22:05:44,"Z PRVNÍHO DOMÁCÍHO ZÁPASU ODCHÁZÍME VÍTĚZNĚ! 💙👑

Připisujeme si první domácí výhru sezóny po výsledku 4:3! 👊🏻

💣 Střelci gólů: Kaiser, Říha, Bláha, Holomoj

🫅🏻 Hráč zápasu: Marek Bláha

Díky všem, kteří nás dnes hnali za vítězstvím! Tohle je teprve začátek. 💪🏻

Na další domácí zápas se vidíme 7. 10. v 19:00! 🏒🔥

#akademiciplzen 💙",https://www.facebook.com/1357105236437494/posts/1513651310782885,2202,,19,,
vsefalcons,instagram,709fceba-e311-48e7-9057-f54a587abf4a,9cbde8d9-6d9c-4cd7-b184-11b07860b5d7,IG Story,IMAGE,20.1.2026 14:54:57,,https://www.instagram.com/stories/vsefalcons/3814307435314181870,,1594,,,4
@akademiciplzen,instagram,65494228-95bf-4f7b-8e68-d47d7262db66,ad40aaa9-4cfb-44d2-a7fc-e33dbc11a6b3,IG Post,IMAGE,28.8.2026 13:05:27,"🏆 VÍTĚZSTVÍ! 

Také náš druhý přípravný zápas končí vítězně! Tentokrát jsme vyzvali loňské finalisty Final Four, @cvutengineers , a po povedeném výkonu bereme výhru 4:2. 💥

💣 O naše góly se postarali:
Štěpán Říha
Šimon Kaiser
Václav Šmíd
Jakub Šucha

Děkujeme všem fanouškům, kteří dorazili a dopomohli nám k vítězství. 💙

Jedeme dál! 👊🏻

#akademiciplzen | 📸 @vpotocesevodatoci",https://www.instagram.com/p/DclbcjKjNbo/,,15099,312,,55
@AkademiciPlzen,facebook,d87b94e3-03e8-45d0-b92e-75e9b819545c,caab292c-0c5e-4c31-9e3b-15387b8ba0e6,FB Post,IMAGE,26.3.2026 20:02:00,"Všechno nebo nic.

#akademiciplzen",https://www.facebook.com/1357105236437494/posts/1352739043540780,478,,2,,
@univerzitnihokej,facebook,01b45180-0b14-4a14-96e8-d0a4bab1fb9f,ddf24cc9-7756-4984-bf51-c9de4ba43159,FB Video,VIDEO,28.4.2026 15:55:57,"Slovy našeho táty marketingu: “Děláme si, co chceme” ✌🏻 Co jsme dělali na @unihokejfinalfour můžete vidět na našem YouTube! 🎥",https://www.facebook.com/reel/1895200980984992/,1132,431,5,,
vsefalcons,instagram,709fceba-e311-48e7-9057-f54a587abf4a,2152eed7-b0d9-4e09-be4c-80ebaef03f05,IG Story,VIDEO,10.2.2026 20:36:45,STAV PO 2. TŘETINĚ  1:5,https://www.instagram.com/stories/vsefalcons/3829699737532507187,628,926,,1,1
@cvutengineers,instagram,11963a07-7f0f-48e6-9d81-aa63a7ff4a04,a1448947-5f98-4ff1-a406-89d462d32f07,IG Story,VIDEO,8.4.2026 6:30:51,"POZOR, STARTUJEME UŽ V 19:30! 🚨",https://www.instagram.com/stories/cvutengineers/3870586196124795767,,1498,,,6
@united_hk,instagram,b18c071b-0570-48b2-b743-990c668c3c5b,b04f0395-91b9-488e-b131-f98c30ded0b2,IG Story,VIDEO,21.4.2026 17:54:15,"Holky si vystřílely voňavou
 výhru 😉",https://www.instagram.com/stories/united_hk/3880351616566074561,,608,,,2
vsefalcons,instagram,709fceba-e311-48e7-9057-f54a587abf4a,b679f51a-e88f-4afb-8064-4843fdc3dce6,IG Story,VIDEO,18.2.2026 8:22:29,😋😋😋,https://www.instagram.com/stories/vsefalcons/3835128679131257218,565,707,,,
@univerzitnihokej,instagram,1e114592-3529-4cfe-9977-2598454053af,ca1e916b-638c-48e0-9431-ddd07861cad6,IG Story,VIDEO,1.4.2026 8:02:53,,https://www.instagram.com/stories/univerzitnihokej/3865559085156425900,,1369,,,1
@unitedhk,facebook,bfe6cc29-a387-41b9-9bca-b077722556af,1f64ddde-0c61-44e7-ade9-58c004d8d0ca,FB Story,VIDEO,28.9.2026 21:59:11,,https://facebook.com/stories/122099775710388974/UzpfSVNDOjE3OTY1NjY4MzgxNTgxNzE=/?view_single=1,,,,,
@unitedhk,facebook,bfe6cc29-a387-41b9-9bca-b077722556af,21bfac1d-2e55-4a00-bf7c-9cab142c454a,FB Post,IMAGE,6.9.2026 18:07:41,"Prohráváme 1:4.

Úvod první třetiny jsme nezachytili a loňský ligový mistr UK Kings si vybudovaný náskok ve zbytku zápasu pohlídal.",https://www.facebook.com/122180651084388974/posts/122192728880388974,194,,1,,
@univerzitnihokej,instagram,1e114592-3529-4cfe-9977-2598454053af,339ad03a-1c16-48ac-b7bb-0cfd95c36cbd,IG Post,IMAGE,27.3.2026 19:03:40,"Základní část skončila ⏩️ začíná Play-In 🔥 Jak to bude vypadat?☝🏻

Čekají nás semifinálové bitvy, vítězové jdou do finále Play-In. A odtud už vede jediná cesta ➡️ @unihokejfinalfour a boj o absolutního šampiona letošní sezóny! 😮‍💨🏆

Jedna šance. Žádná oprava. 👀",https://www.instagram.com/p/DWZiBYhCLCa/,,28654,566,,98
@VUTCavaliersBrno,facebook,3351b43e-4b71-442b-b2f1-920cd6e57ee5,8c32a954-963d-4f10-b540-7191ff98b8fd,FB Story,IMAGE,2.10.2026 1:38:52,,https://facebook.com/stories/100667195401737/UzpfSVNDOjIwNzc2MTM5MzI4OTgzMjI=/?view_single=1,,,,,
@AkademiciPlzen,facebook,d87b94e3-03e8-45d0-b92e-75e9b819545c,98090c9f-b10e-464b-bb2e-f581b942517c,FB Story,VIDEO,20.8.2026 18:31:22,,https://facebook.com/stories/103234241824606/UzpfSVNDOjk0Mzk1MDM2Nzk2MzU0MA==/?view_single=1,,,,,
@riderspardubice,facebook,f99ed6c3-17cc-46f4-a32e-d9b0576ce2df,9aa67466-af77-40e5-b409-0910f12339cd,FB Post,IMAGE,13.4.2026 10:12:28,"Hello, překvápko 🎁❤️‍🔥",https://www.facebook.com/1592662819534019/posts/1603450908455210,4054,,29,,
@riderspardubice,instagram,4d6a67ab-9313-4f77-a82e-abb18adbca5d,b230338b-7601-4e38-9e02-790ab424e8f4,IG Post,IMAGE,2.10.2026 8:28:07,"Lístek na DERBY Univerzit ještě nemáš? 👀 

Tak to rychle naprav! 🎟️ Největší zápas semestru se blíží a s @csobcz navíc pořídíš vstupenku se slevou, lístky najdeš v aplikaci UniLife.🔥

Vidíme se na tribunách! 🏒",https://www.instagram.com/p/Dd_DBfaRcjG/,,2799,72,,11
vsefalcons,instagram,709fceba-e311-48e7-9057-f54a587abf4a,b3909908-5d91-4dd2-baba-63ff938dcc54,IG Reel,VIDEO,29.4.2026 14:16:02,"Konec semestru už je za rohem 😬😭

Tak pojďme společně utéct povinnostem v neděli 10.5. do Stromovky na @wflworldrun 🏃🏽💨 Poběžíme pro ty co nemohou a pomůžeme tak na dobrou věc! 🙌🏼

Připoj se k nám do týmu VŠE Falcons Prague přes odkaz na profilu a vidíme se tam! 😎

#vsefalcons #wingsforlife",https://www.instagram.com/reel/DXt-tSgiBg7/,,32975,2175,,1495
@akademiciplzen,instagram,65494228-95bf-4f7b-8e68-d47d7262db66,bb27370c-4dbe-42aa-bfd8-85c7bf4a2af1,IG Post,IMAGE,28.9.2026 15:00:42,"NOVÁ SEZÓNA, STEJNÁ TRENÉRSKÁ TROJICE. 👊🏻

Soupiska se přes léto proměnila a náš tým doplnilo několik nových tváří. Za střídačkou ale i letos zůstává osvědčená trojice, která nás povede do nové sezóny. 🏒

Hlavním trenérem a zároveň generálním manažerem je i nadále Dominik Beer. Jeho asistentem zůstává Tomáš Soukup a o naše brankáře se bude nadále starat Zbyněk Varga. 🥅

Stejná trojice. Nová sezóna. Jdeme na to! 🔥

#akademiciplzen | 🎨 @vpotocesevodatoci",https://www.instagram.com/p/Dd1dLSbMI9w/,,16427,240,1,10
@hcnorthwings,facebook,2b08a479-603b-46e4-8a48-2bc0435ccd53,0dbe56e6-ea78-4c7e-b78c-acaa9fc180e7,FB Story,VIDEO,11.3.2026 17:34:14,,,,,,,
@bitvaoprahu,facebook,75e0f41f-82be-4f82-a77b-82ac11135ed2,408fe097-a0c8-45a0-a7b1-645835c3d617,FB Post,PHOTO,13.3.2026 18:27:49,"📣 Speakeři na @univerzitnihokej >>> 🗣️🗣️

Jsi stejného názoru? 👀 #bitvaoprahu",https://www.facebook.com/1441262177797849/posts/1421083173149083,338,,1,,
@united_hk,instagram,b18c071b-0570-48b2-b743-990c668c3c5b,41c574fc-5e0d-49fd-a747-d04159301d29,IG Post,PHOTO,28.3.2026 11:09:57,"Už jen 3 dny do startu PLAY-IN!

1 zápas. Všechno nebo nic.

Tenhle večer rozhodne.

31.3. Praha.

ALL IN 🖤🧡

#unitedhk #unihokej #hokej",https://www.instagram.com/p/DWbQbEqCKkn/,,3559,51,,6
@BOhokej,facebook,c9082543-a03b-490f-8f97-66d439acce89,47894946-35c9-4203-afef-407d8a977dac,FB Story,VIDEO,21.9.2026 20:36:42,,https://facebook.com/stories/100133738792962/UzpfSVNDOjk5MDUzODI2MDczNjM2NA==/?view_single=1,,,,,
@bitva_o_budejce,instagram,f977c0af-061e-4c10-813f-da5818f8a748,554c7c22-e96e-4fb5-841d-8ef6db57323e,IG Post,IMAGE,4.10.2026 9:44:54,"⏳ UŽ JEN 30 DNÍ.
A všichni se vidíme v Budvar aréně na Bitvě o Budějce 🏒🔥

#BitvaOBudějce #Bitva2026 #Budějce #ČeskéBudějovice #budvararena",https://www.instagram.com/p/DeEVp8gMJWA/,,1661,49,,2
@hcmuni,facebook,d1f9e9f9-7526-42d4-85aa-13f91e89f7cf,6b1ddfda-5a79-4ba2-b988-83294bca6cdd,FB Story,IMAGE,28.9.2026 18:11:12,,https://facebook.com/stories/107477761381481/UzpfSVNDOjEzOTI1Mjc3ODMwNDU1ODM=/?view_single=1,,,,,
@akademiciplzen,instagram,65494228-95bf-4f7b-8e68-d47d7262db66,95e4fedc-7ea7-4511-9b55-f480561fcd2b,IG Story,VIDEO,21.9.2026 13:24:28,,https://www.instagram.com/stories/akademiciplzen/3991107153820791433,,1070,,,
@akademiciplzen,instagram,65494228-95bf-4f7b-8e68-d47d7262db66,f8d66565-4d6c-413c-9c66-775acab4085c,IG Reel,VIDEO,24.3.2026 9:29:37,"Velikonoční PLAY-IN je tady🐰🔥
Říháč už ladí formu… s Dádou v uších. 🍫

‼️ NEJSPÍŠ POSLEDNÍ DOMÁCÍ ZÁPAS
🎁 VELIKONOČNÍ NADÍLKA čeká

Tak buď u toho 🤩
🗓️ 1. 4. | 19:00
📍 LOGSPEED CZ Aréna

#akademiciplzen 💙",https://www.instagram.com/reel/DWQwhAajKCO/,,15528,454,3,67
vsefalcons,instagram,709fceba-e311-48e7-9057-f54a587abf4a,1400f851-51f7-4716-9f07-2b460f08588e,IG Story,VIDEO,8.4.2026 19:28:26,,https://www.instagram.com/stories/vsefalcons/3870977565397676803,856,617,,,
vsefalcons,instagram,709fceba-e311-48e7-9057-f54a587abf4a,319bda78-51a1-4d44-bd82-2a64524d71bc,IG Story,VIDEO,16.4.2026 17:33:17,ROZHEJBAT POŘÁDNĚ BOKY,https://www.instagram.com/stories/vsefalcons/3876717683131584333,1092,985,,,9
vsefalcons,instagram,709fceba-e311-48e7-9057-f54a587abf4a,3218033e-c645-4aba-8efe-4a974549ee53,IG Story,VIDEO,17.4.2026 12:45:41,BOYS are in da 🏟️ @alenjurak11,https://www.instagram.com/stories/vsefalcons/3877297694121179087,1305,1597,,,6
@riderspardubice,facebook,f99ed6c3-17cc-46f4-a32e-d9b0576ce2df,58aa08e5-3c66-42d9-9dc6-7751724212cc,FB Post,IMAGE,17.4.2026 7:52:51,"Pardubáci jedeme do Prahyyyy! 🥁
Po druheee! 😂

Sejdeme se před druhou hodinou na Pardubice hl. n. a ve 14:00 vyrazíme směr zimní stadion Eden! 

Však to znáte, stejně jako včera!",https://www.facebook.com/1592662819534019/posts/1607066348093666,1626,,3,,
@united_hk,instagram,b18c071b-0570-48b2-b743-990c668c3c5b,6ad0f6b2-63ec-435e-8b9b-ea92acb9d0f3,IG Story,IMAGE,14.9.2026 16:56:06,,https://www.instagram.com/stories/united_hk/3986140239841257703,,418,,,
@vutcavaliersbrno,instagram,b384bebf-72f3-4f9d-8b2d-3677709f6966,99c16a43-aa40-4e6a-8c8a-373350bea72b,IG Story,VIDEO,1.4.2026 19:39:12,,https://www.instagram.com/stories/vutcavaliersbrno/3865909564193425238,,399,,,
vsefalcons,instagram,709fceba-e311-48e7-9057-f54a587abf4a,f80a5f1c-82af-4e0c-b809-84d196eb8561,IG Story,VIDEO,25.8.2026 9:19:25,,https://www.instagram.com/stories/vsefalcons/3971414869462803798,,1022,,,8
vsefalcons,instagram,709fceba-e311-48e7-9057-f54a587abf4a,2a96c6c1-38c5-4e86-bda8-284e5da659a6,IG Reel,VIDEO,23.6.2026 8:00:13,"Taky vám už chybí hokej a naši kluci? 🥹🔥

#vsefalcons #icehockey #hockeyboys",https://www.instagram.com/reel/DZ68HRshCcO/,,2486,65,,9
@akademiciplzen,instagram,65494228-95bf-4f7b-8e68-d47d7262db66,37224252-111c-48ca-8beb-083acbdfcf3e,IG Story,VIDEO,1.4.2026 16:57:54,,https://www.instagram.com/stories/akademiciplzen/3865828365261647858,,1476,,,
@united_hk,instagram,b18c071b-0570-48b2-b743-990c668c3c5b,6f90fe69-6c3c-4282-bb9a-1965e886f1c5,IG Post,IMAGE,10.8.2026 13:21:20,"MATCH DAY. 🏒

Dnes nás čeká první přátelský zápas nové sezony.

V ČPP aréně se potkáme se ŠAVŠ Raccoons, univerzitní tým z Mladé Boleslavi.

🕡 18:30
📍 ČPP aréna
🎟️ Vstup zdarma

Vidíme se na zimáku.",https://www.instagram.com/p/Db3G8gwo1S0/,,5071,66,,5
@univerzitnihokej,instagram,1e114592-3529-4cfe-9977-2598454053af,80495552-2ad6-4f66-8efb-8708a94bf741,IG Post,IMAGE,1.4.2026 19:24:51,Farmers dnes podruhé překvapili Akademiky a v prodloužení si vybojovali postup do finále PLAY-IN! 🚀,https://www.instagram.com/p/DWmbnbHiNNA/,,16275,439,3,113
@218107044725785,facebook,7a942e3e-6c47-4794-9ba7-bbc7b6d40cb3,9ddee282-60a8-444a-8cb3-e804033ca440,FB Video,VIDEO,17.4.2026 8:43:41,"Takhle vypadal včerejší semifinálový zápas 🔥

Bohužel nevyšel podle plánu, ALE dneska si můžeme spravit chuť a zabojovat alespoň o bronz 😏

Budete u toho s námi? Potřebujeme tam slyšet každého z vás! 🦅💙 Vstupenky koupíte na finalfour.cz 🎟️

🎥 @vojta_kepka @richipici",https://www.facebook.com/reel/1669318491163617/,483,130,11,,
@riderspardubice,instagram,4d6a67ab-9313-4f77-a82e-abb18adbca5d,a074ea48-b5de-4e3f-a549-d240f4cbba38,IG Post,IMAGE,5.3.2026 10:58:41,"🐱 V pondělí za námi přijedou @blackdogsbudweis_vste ! 🐕

A my při této příležitosti společně podpoříme KoČIČÍ depozitum Lovčice! 

Jak můžete opuštěným kočičkám pomoci s námi? 
- přineste s sebou na zápas kočičí žrádlo - granule, konzervy, ňaminky 
- přispějte finančním darem - ideálně v hotovosti na místě nebo pomocí QR kódu na kostce.

Zápas pro tlapky vol. 2
🗓️ 9.3. v 19:15
📍 v Enteria Arena
⚔️ proti @blackdogsbudweis_vste 

Minulý semestr jsme pomohli pejskům z @farma_u_veselyho_psa, tak pojďme znovu spojit síly a tentokrát pomoci kočičkám z KoČIČÍ depozitum Lovčice! 

Vstupenky za zapas koupíš přes odkaz v BIU!🎟️🐱
#zápasprotlapkyvol2#riders",https://www.instagram.com/p/DVgAlSYDHzf/,,1943,26,,4
vsefalcons,instagram,709fceba-e311-48e7-9057-f54a587abf4a,a47fe5e0-e0d9-46f9-a02c-e6bdf716c9a7,IG Story,VIDEO,10.2.2026 17:34:02,PAŤOVO POV Z BRAZILKY 🤳🏼 ⚽️ @patrik_nabelek,https://www.instagram.com/stories/vsefalcons/3829607790277099272,735,1047,,1,
@univerzitnihokej,instagram,1e114592-3529-4cfe-9977-2598454053af,bd3f5734-7408-40d8-945d-ee919dac5e91,IG Post,IMAGE,3.3.2026 21:52:29,Falcons se dnes vyspali lépe než včera a posílají Akademiky zpátky do Plzně bez bodů 🚌,https://www.instagram.com/p/DVcCQ3JiJTK/,,3128,80,,2
vsefalcons,instagram,709fceba-e311-48e7-9057-f54a587abf4a,c30f4c70-4bf8-44aa-a3d7-dd2636be6f57,IG Story,VIDEO,17.4.2026 16:04:30,,https://www.instagram.com/stories/vsefalcons/3877397797503031897,872,870,,,
vsefalcons,instagram,709fceba-e311-48e7-9057-f54a587abf4a,08e483a2-eaed-43b6-914c-26250fdecd90,IG Story,VIDEO,12.2.2026 16:52:47,@machycc8,https://www.instagram.com/stories/vsefalcons/3831036566278004564,634,634,,,3
@hcmuni,facebook,d1f9e9f9-7526-42d4-85aa-13f91e89f7cf,398e3538-17ec-48eb-ab1b-a7f87f0db18b,FB Story,IMAGE,2.10.2026 16:22:59,,https://facebook.com/stories/107477761381481/UzpfSVNDOjE3OTM3OTc3ODQ5NjQyNjc=/?view_single=1,,,,,
vsefalcons,instagram,709fceba-e311-48e7-9057-f54a587abf4a,9510d934-52f3-447a-b3ec-1186eb078be5,IG Story,VIDEO,12.2.2026 8:56:21,@olympijskyfestival ❤️‍🔥,https://www.instagram.com/stories/vsefalcons/3830797134165719442,812,812,,1,5
@univerzitnihokej,instagram,1e114592-3529-4cfe-9977-2598454053af,95d5d225-666f-4fa8-9357-04e30be6fb92,IG Post,IMAGE,22.9.2026 16:31:50,"Nejzábavnější hokej v Česku míří na @oneplaysportcz 🔥

Čeká na vás 2️⃣8️⃣ TOP zápasů s redakčním týmem Oneplay Sport za kamerou. Uzavřeli jsme několikaletou smlouvu a věříme, že přeneseme atmosféru našich vyprodaných hal přímo do vašeho obýváku!",https://www.instagram.com/p/DdmIxEnoDQR/,,11618,298,,21
@united_hk,instagram,b18c071b-0570-48b2-b743-990c668c3c5b,ce2ef7a6-3e29-4834-949b-905a47c480b0,IG Story,IMAGE,25.9.2026 11:44:21,,https://www.instagram.com/stories/united_hk/3993955874304979753,,810,,,4
vsefalcons,instagram,709fceba-e311-48e7-9057-f54a587abf4a,e986301b-b655-442d-bf90-b0c4bd34bd05,IG Story,VIDEO,5.10.2026 17:39:24,"you cheer, and we will show you some exciting hockey @esnvseprague @fis.studies",https://www.instagram.com/stories/vsefalcons/4001382342756715434,,1046,,,3
vsefalcons,instagram,709fceba-e311-48e7-9057-f54a587abf4a,0ed6dedc-f35f-492c-899b-0aa7a313bd17,IG Story,VIDEO,10.2.2026 7:38:42,GAMEDAY,https://www.instagram.com/stories/vsefalcons/3829308195370192197,695,908,,,
@cvutengineers,instagram,11963a07-7f0f-48e6-9d81-aa63a7ff4a04,1e2a2046-f005-4761-a79f-699fddbe9eac,IG Story,VIDEO,31.3.2026 6:59:48,MÁME TADY JEDEN REKORD,https://www.instagram.com/stories/cvutengineers/3864802557361455032,,1135,,,1
@hc_muni,instagram,43cd62c8-609d-4ea6-8ce9-cae5242ede0c,79959166-62a8-4932-92bc-2eabf365d27f,IG Post,IMAGE,19.3.2026 15:53:28,"Kluci do toho včera dali úplně všechno🏒🐻 Jste ready na poslední zápas sezony a pořádné derby?🔥

📸 @zdeny_99 

#hcmuni",https://www.instagram.com/p/DWEl5V3iJ1Z/,,5448,133,,8
@unitedhk,facebook,bfe6cc29-a387-41b9-9bca-b077722556af,952287df-523a-4d1d-b7e4-4e40f10b0ff8,FB Story,IMAGE,30.9.2026 18:28:29,,https://facebook.com/stories/122099775710388974/UzpfSVNDOjExMjAzMDE0MzA1MjM5OTk=/?view_single=1,,,,,
vsefalcons,instagram,709fceba-e311-48e7-9057-f54a587abf4a,9f5fa20e-9c0e-42ed-9135-e23f3974d678,IG Story,VIDEO,17.2.2026 17:50:44,1️⃣ 2️⃣ 3️⃣ FALCONS,https://www.instagram.com/stories/vsefalcons/3834689632499936093,701,924,,,
@bitva_o_budejce,instagram,f977c0af-061e-4c10-813f-da5818f8a748,073948cb-f396-4134-8464-3280d6b2ea0f,IG Story,VIDEO,1.10.2026 14:05:43,"Říkali jsme, že to bude BOMBA. 💣
A teď už víš proč. 👀
RYTMUS × BITVA O BUDĚJCE 👑🏒

🎟️ Druhá nejlevnější vlna právě běží.",https://www.instagram.com/stories/bitva_o_budejce/3998375955995096395,,1152,,,3
@boostrava,instagram,1176ddaf-d366-48a2-9639-3c6694c72c85,1ba4848e-3e18-43f7-b83a-23fe475ab6e8,IG Post,IMAGE,21.9.2026 15:33:02,"Dneska slaví narozeniny Sedlo! 🦈

Všechno nejlepší, Adame 🎉",https://www.instagram.com/p/DdjfQ_HM7GE/,,1624,51,2,
@united_hk,instagram,b18c071b-0570-48b2-b743-990c668c3c5b,38b3aa0a-9974-4513-a08f-224c1c39f910,IG Story,VIDEO,28.9.2026 17:03:38,SEASON OPENER ready!,https://www.instagram.com/stories/united_hk/3996290922739933092,,1176,,,2
vsefalcons,instagram,709fceba-e311-48e7-9057-f54a587abf4a,57002983-ddc7-47a1-bfe0-66cd7f02a000,IG Story,VIDEO,17.4.2026 14:28:54,,https://www.instagram.com/stories/vsefalcons/3877349572913697810,893,888,,,
@boostrava,instagram,1176ddaf-d366-48a2-9639-3c6694c72c85,6b81a20e-78b6-4781-8733-93dcab91af92,IG Story,VIDEO,10.9.2026 19:34:16,🔥 A DALŠÍ RAKETKA Z TRY OUTU NA SCÉNĚ 👀,https://www.instagram.com/stories/boostrava/3983322067797559450,,362,,,1
@bitvaoprahu,instagram,d7c8aa06-74fb-4c6c-a7d2-c2fe1bf6d59c,d7a31bfb-e350-4c17-97c0-ab8e940598d3,IG Story,VIDEO,13.4.2026 17:20:33,"📆 Bitva o Prahu
ft. @riderspardubice 🤫",https://www.instagram.com/stories/bitvaoprahu/3874537077451019492,,1313,,,1
@univerzitnihokej,instagram,1e114592-3529-4cfe-9977-2598454053af,d94ace7d-f7be-4bb2-b6fa-ca997e9ce284,IG Story,VIDEO,3.10.2026 9:19:48,,https://www.instagram.com/stories/univerzitnihokej/3999683402130809519,,2299,,,29
@united_hk,tiktok,7e062517-b9da-416d-b73d-a2c5899a2be6,117004b5-b00e-4e8e-a13b-ac164ba86a5b,TT Video,VIDEO,3.10.2026 8:46:26,"ONDRA NOVOTNÝ ZA MIKROFONEM UNIted HK. 🎙️🏒 Moderátora Hitrádia Černá Hora Ondru Novotného jsme na Otvíráku tentokrát neposadili do rádia, ale ke komentování našeho přímého přenosu. Jaký je rozdíl mezi moderováním v rádiu a komentováním hokeje? A co ho na zápase UNIted HK překvapilo? Vedle něj seděl Petr Záliš, táta našeho asistenta kapitána Vojty Záliše. Takže jsme samozřejmě museli zjistit i to, jak se komentuje zápas, když vlastní syn právě bojuje na ledě.  #allforunited",https://www.tiktok.com/@united_hk/video/7692360208965700886?utm_campaign=tt4d_open_api&utm_source=7348986504397455361,,304,14,,
@cvutengineers,instagram,11963a07-7f0f-48e6-9d81-aa63a7ff4a04,5e988766-3cd4-4ce9-8e00-a1d212a0429b,IG Story,VIDEO,8.4.2026 11:20:06,"CO NAJDEŠ V NOVÝ APPCE? Slevu na náš merch🦁, kalendář akcí s nákupem vstupenek 🎟️ (btw nemusíš pak hledat lístky v mailu a máš to v sexy appce) a spoustu výhod od partnerů @univerzitnihokej 🤩 @unilifecz",https://www.instagram.com/stories/cvutengineers/3870731777270923591,,1506,,,9
@vutcavaliersbrno,instagram,b384bebf-72f3-4f9d-8b2d-3677709f6966,8a06882f-83f2-4f73-96f8-3a1852acff7c,IG Post,IMAGE,10.3.2026 16:53:44,"Domácí zápas v SOBOTU ‼️
Kavalíři tento týden nastoupí k dohrávce zápasu proti @vsefalcons na domácímu ledě v sobotu v 17:00 👈
Ideální aktivita na víkend? Přijď nás podpořit a zažij univerzitní hokej 🏒 
Doprava na zápas i z něj je zajištěna 🚌",https://www.instagram.com/p/DVthoTMCIPY/,,1532,28,,1
@cvutengineers,instagram,11963a07-7f0f-48e6-9d81-aa63a7ff4a04,9b43dc83-726c-45b9-b825-350234b4b176,IG Story,VIDEO,6.4.2026 16:03:26,,https://www.instagram.com/stories/cvutengineers/3869424837353822948,,1089,,,4
vsefalcons,instagram,709fceba-e311-48e7-9057-f54a587abf4a,c1e6a7b7-b016-441b-a28c-0d08b7ab88a0,IG Story,VIDEO,28.2.2026 18:00:13,,https://www.instagram.com/stories/vsefalcons/3842667164968963340,697,906,,,
vsefalcons,instagram,709fceba-e311-48e7-9057-f54a587abf4a,59d7af22-4666-4edd-8736-849ebaf34487,IG Post,IMAGE,20.1.2026 8:00:56,"Nový rok přináší spoustu akcí, na kterých nemůžeš chybět! 🤪

Přepiš si to do kalendáře, ať nezapomeneš, a vidíme se! 👋🏼",https://www.instagram.com/p/DTuZtnoiAQZ/,,14795,78,,60
@hcnorthwings,facebook,2b08a479-603b-46e4-8a48-2bc0435ccd53,5a7b184d-4d03-4645-b4b7-047383cedf59,FB Story,VIDEO,10.8.2026 19:12:16,,https://facebook.com/stories/101955925269645/UzpfSVNDOjIwODI5MzMzNDU2NDA0Mjc=/?view_single=1,,,,,
@cvutengineers,instagram,11963a07-7f0f-48e6-9d81-aa63a7ff4a04,6fba0cd6-26de-4b7b-9ec4-8eeaa060c004,IG Post,IMAGE,16.4.2026 16:33:24,"Engineers v plný parádě 🫡👌🏼.

#srdcelva",https://www.instagram.com/p/DXMwuRvDKSy/,,10708,415,1,41
vsefalcons,instagram,709fceba-e311-48e7-9057-f54a587abf4a,759f51bb-8366-422b-9a33-84a73e26e827,IG Story,VIDEO,2.3.2026 19:28:57,2. TŘETINA 👀,https://www.instagram.com/stories/vsefalcons/3844161228298011385,638,824,,,
vsefalcons,instagram,709fceba-e311-48e7-9057-f54a587abf4a,9db9955c-ff3f-4ca6-b144-6470e6e7683c,IG Post,CAROUSEL_ALBUM,13.2.2026 17:22:47,"Těžko na cvičišti, v úterý na bojišti. 👀

Jedeme na ostro a bez vás to nepůjde. Takže kupujte lístek a chceme vás všechny vidět na Kateřinkách! 🎟️",https://www.instagram.com/p/DUtNFvyiNJR/,,4032,86,,8
@vutcavaliersbrno,instagram,b384bebf-72f3-4f9d-8b2d-3677709f6966,e572270a-77a6-4157-bde2-90ac189a23a0,IG Reel,VIDEO,4.4.2026 9:10:15,"Právě nám začíná mezisezónní období, na které se můžeme plně vybavit díky našemu partnerovi @sportega.cz 🏸
Pokud i vy sháníte nové sportovní vybavení, doporučujeme navštívit jejich pobočku📍Křenová 26 Brno
Veškerý sortiment si tam můžete vyzkoušet, abyste měli jistotu, že vám zvolená výbava bude plně vyhovovat😌 Za nás prostě 🔝topka🙌",https://www.instagram.com/reel/DWtEBT-iKQv/,,3113,81,2,27
@unitedhk,facebook,bfe6cc29-a387-41b9-9bca-b077722556af,ec322d4c-eb98-4398-a97f-bbe41e150dff,FB Post,IMAGE,29.9.2026 11:22:46,"Gradient tam není náhodou.

V nové vizuální identitě spojuje přesně to, na čem UNIted HK stojí - různé školy, různé lidi a jednu společnou energii.

Černá dává vizuálu hloubku. Oranžová přináší pohyb, emoci a Hradec.

Dohromady z toho vzniká styl, který chceme držet napříč celým klubem.

ALL FOR UNITED.

#allforunited",https://www.facebook.com/122180651084388974/posts/122194682990388974,335,,4,,
@akademiciplzen,instagram,65494228-95bf-4f7b-8e68-d47d7262db66,035fcec9-48af-4bf7-b204-aefbe60e9962,IG Reel,VIDEO,29.9.2026 14:20:32,"DNESKA POPRVÉ DOMA V NOVÝCH DRESECH! 👀👔

Tak se podíváme, jak by hráči vypadali, kdyby byli ve věku svého čísla. 🤔👶🏻

Vidíme se dnes i s tebou na ALUMNI GAME?🫵🏻

#akademiciplzen 💙",https://www.instagram.com/reel/Dd39MHsCRTo/,,102285,2494,1,112
@akademiciplzen,instagram,65494228-95bf-4f7b-8e68-d47d7262db66,10538f6d-6f00-4846-b275-da7a8a2cecb9,IG Story,VIDEO,6.10.2026 18:11:14,"VÍTEJ ZPÁTKY, KREMLAS! VÍTEJ ZPÁTKY, KREMLAS! 🤩 👋🏻 👋🏻 @v_kremlacek",https://www.instagram.com/stories/akademiciplzen/4002123830373691372,,1102,,,1
@univerzitnihokej,facebook,01b45180-0b14-4a14-96e8-d0a4bab1fb9f,542d55c2-c986-408c-a51e-949e47a4fe42,FB Video,VIDEO,6.3.2026 19:24:39,"Final Four sem, Final Four tam…
Ale kdo ho vlastně bude hrát? 🤔 Ondra vám hezky ve videu ukáže, jak se týmy dostanou mezi nejlepší čtyřku. 👆🏻
🗓️16.-17. duben | 🏟️ Zimní stadion Eden",https://www.facebook.com/reel/2334795287018670/,1478,411,1,,
vsefalcons,instagram,709fceba-e311-48e7-9057-f54a587abf4a,73c929f0-c6b8-472f-8bb7-f0bdf55f1f67,IG Story,IMAGE,2.9.2026 13:38:12,🤝🏼 @4fin_better_together,https://www.instagram.com/stories/vsefalcons/3977343313847213414,,661,,,
@boostrava,instagram,1176ddaf-d366-48a2-9639-3c6694c72c85,277af122-0432-4595-b12d-0e5a1f47d1dd,IG Story,VIDEO,17.9.2026 19:01:58,2. TŘETINA,https://www.instagram.com/stories/boostrava/3988377942421677133,,432,,,1
@boostrava,instagram,1176ddaf-d366-48a2-9639-3c6694c72c85,de216683-346e-444d-929e-2ff1d74ba7cb,IG Reel,VIDEO,21.8.2026 12:31:57,"Takhle to máme radši!😎🔥

#hockey #newseason #boostrava #hockeygame #unihokej",https://www.instagram.com/reel/DcTVwdRslqm/,,6811,190,,7
@riderspardubice,instagram,4d6a67ab-9313-4f77-a82e-abb18adbca5d,e7c9133d-9622-449d-85f3-ac98ccd93ed5,IG Reel,VIDEO,8.4.2026 6:00:06,"Není maska jako maska! 🔥

Tohle je GARNIER Fructis 3v1 Osvěžující hydratační maska na vlasy. 🥝

10/10 gólmanů doporučuje a označuje ji za svou masku č. 1 🔥

@garnier_czsk 
@univerzitnihokej",https://www.instagram.com/reel/DW3B4fQxCU2/,,7014,151,11,57
vsefalcons,instagram,709fceba-e311-48e7-9057-f54a587abf4a,5e5463f2-6ff9-42c6-bdff-e0e627b96142,IG Story,VIDEO,27.1.2026 18:12:36,📽️,https://www.instagram.com/stories/vsefalcons/3819480463618664198,,788,,,
@vutcavaliersbrno,instagram,b384bebf-72f3-4f9d-8b2d-3677709f6966,862fd490-3433-4701-b3ba-c4e148d7dbb5,IG Reel,VIDEO,23.9.2026 10:55:31,"Jak vypadá náš den, když nehrajeme doma🏒",https://www.instagram.com/reel/DdoI0wko3ES/,,4258,105,1,13
@akademiciplzen,instagram,65494228-95bf-4f7b-8e68-d47d7262db66,a6a3d160-f0b4-4478-b393-358b638d1a3a,IG Reel,VIDEO,2.8.2026 20:45:48,"Na posledním tréninku jsme kluky vyzpovídali ohledně budoucnosti. 👶 

Položili jsme jim jednoduchou otázku: „Komu z kabiny bys nesvěřil svoje dítě?“ 

Na odpovědi se skoro všichni shodli… Filipe, máš pro nás nějaké vysvětlení? 😅

Zítra nás čeká první trénink na ledě v nové sezóně. Uvidíme se zítra! 🫢🏒

#akademiciplzen #univerzitnihokej #unihockey",https://www.instagram.com/reel/DbjS3xlN-wO/,,33652,1438,8,178
@riderspardubice,facebook,f99ed6c3-17cc-46f4-a32e-d9b0576ce2df,dc6e79c1-b2ce-443c-9b58-68b2771f3966,FB Post,ALBUM,26.3.2026 19:34:42,Kolik Kopců vidíš na obrázku? 🙌🧔🏻🫶,https://www.facebook.com/1592662819534019/posts/1587785083355126,288,,3,,
@univerzitnihokej,facebook,01b45180-0b14-4a14-96e8-d0a4bab1fb9f,dffbe5bd-2451-435b-b7ba-748737d75b5c,FB Post,IMAGE,7.4.2026 10:04:33,"I přes velmi povedenou základní část končí v semifinále play-in také plzeňští Akademici.

Takové momenty ke sportu patří. Díky za nasazení a boj až do konce 👊🏼",https://www.facebook.com/1275398168115026/posts/1280346417620201,602,,2,,
@hc_muni,instagram,43cd62c8-609d-4ea6-8ce9-cae5242ede0c,22050959-c54c-4f67-ac54-c23906c96f27,IG Story,VIDEO,5.10.2026 18:23:54,ŠANCE Z PRVNÍ TŘETINY tak blízko 🤏🏼,https://www.instagram.com/stories/munibearsbrno/4001404734728455454,,495,,,1
@univerzitnihokej,instagram,1e114592-3529-4cfe-9977-2598454053af,23c029f5-b41c-4004-8a6a-e1c26e6d7189,IG Story,VIDEO,17.4.2026 19:48:37,,https://www.instagram.com/stories/univerzitnihokej/3877510708929783827,,1498,,,1
@riderspardubice,instagram,4d6a67ab-9313-4f77-a82e-abb18adbca5d,466304a7-7ca3-455a-ba2d-9065cd86e544,IG Post,IMAGE,12.4.2026 3:50:07,"Dnes budeme bojovat v lucky loser game o postup do @unihokejfinalfour !🍀

Lucky loser game
🗓️ 12.4.  v 13:15
📍 v Hokejové Centrum Pouzar
⚔️ proti @blackdogsbudweis_vste 

#luckylosergame#riders",https://www.instagram.com/p/DXBGBFSiOmq/,,4142,48,,8
@akademiciplzen,instagram,65494228-95bf-4f7b-8e68-d47d7262db66,8361b0bb-13c5-4f0e-86a4-3372f87a8648,IG Story,VIDEO,29.9.2026 21:54:52,"STŘELEC GÓLU VUT CAVALIERS BRNO, DOMINIK VALENTA 🎤",https://www.instagram.com/stories/akademiciplzen/3997163808245982448,,224,,,
@united_hk,instagram,b18c071b-0570-48b2-b743-990c668c3c5b,83b2384b-0a48-4393-9f26-c933d05af972,IG Post,IMAGE,18.3.2026 13:27:09,"🏒 Dnes venku v Ústí

Dnes vyrážíme do Ústí nad Labem.
Čeká nás zápas proti @hcnorthwings 

Další venkovní výzva a další body ve hře.

Drž nám palce na dálku.
🖤🧡",https://www.instagram.com/p/DWBwW0wCCl2/,,2723,28,,7
@riderspardubice,instagram,4d6a67ab-9313-4f77-a82e-abb18adbca5d,ad3d5884-9a69-4d8b-affb-ae085d247f39,IG Story,VIDEO,5.10.2026 18:54:38,,https://www.instagram.com/stories/riderspardubice/4001420181092017163,,642,,,
@bitvaoprahu,instagram,d7c8aa06-74fb-4c6c-a7d2-c2fe1bf6d59c,f718d9e1-c335-4e18-81b3-d9ddf6d94802,IG Post,IMAGE,12.3.2026 9:45:20,"Tohle si otevři, až po 3 pivu ztratíš kámoše v davu... 👀",https://www.instagram.com/p/DVx6LcWjGRZ/,,9422,230,2,24
@vutcavaliersbrno,instagram,b384bebf-72f3-4f9d-8b2d-3677709f6966,05e68c8e-ba95-4b5d-a11a-2d3b9d1ae908,IG Post,IMAGE,2.8.2026 9:34:32,"TRYOUT volá 🤙 Zvedneš to? 🤔
Zbývají už jen tři týdny 👈 studujahraj.cz",https://www.instagram.com/p/DbiGe4eoV5T/,,2811,42,,5
@riderspardubice,instagram,4d6a67ab-9313-4f77-a82e-abb18adbca5d,51c1cdeb-0cb5-4183-9df3-39a03ab77969,IG Story,IMAGE,8.4.2026 17:05:59,@tipsportcz,https://www.instagram.com/stories/riderspardubice/3870905874441332979,,689,,,
@VUTCavaliersBrno,facebook,3351b43e-4b71-442b-b2f1-920cd6e57ee5,63c5e8d3-a7c0-4a45-a93d-9eee2c64e65f,FB Video,VIDEO,24.9.2026 7:34:24,Být dvakrát povýšen během jednoho dne? To se často nevidí 😅 Žádný problém pro @redey_kaylo 👈,https://www.facebook.com/reel/2127211711481914/,20082,11130,61,,
@boostrava,instagram,1176ddaf-d366-48a2-9639-3c6694c72c85,7b77b13c-61ff-42a0-a1a7-756a513b4955,IG Story,IMAGE,28.9.2026 18:11:19,,https://www.instagram.com/stories/boostrava/3996324954987305689,,357,,,1
@AkademiciPlzen,facebook,d87b94e3-03e8-45d0-b92e-75e9b819545c,b7bb302e-70fb-4c84-9f56-6fa3efde5440,FB Post,IMAGE,1.4.2026 15:03:20,"Hokejem tenhle večer teprve začíná. 🏒 

Ze stadionu se všichni přesouváme na after do No Limitu. Vidíme se tam! 🕺🏼

#akademiciplzen",https://www.facebook.com/1357105236437494/posts/1357476163067068,490,,2,,
@unitedhk,facebook,bfe6cc29-a387-41b9-9bca-b077722556af,ca080b63-39ed-4fee-8a9b-df4907351ded,FB Post,IMAGE,6.9.2026 14:04:42,"ZÍTRA JDOU LÍSTKY VEN.

🎟️ 90 Kč
📱 72 Kč v UniLife s účtem u ČSOB

První vlna startuje zítra a poběží do 20. 9.

Otvírák 28. 9. | ČPP aréna

unitedhk.cz/otvirak",https://www.facebook.com/122180651084388974/posts/122192714858388974,112,,,,
@bitvaoprahu,facebook,75e0f41f-82be-4f82-a77b-82ac11135ed2,47cdbe3c-af23-41ad-a971-ed5c69ac9501,FB Video,VIDEO,9.3.2026 17:01:24,"I tuhle písničku si společně zazpíváme už ve čtvrtek! 🗣️

Lístky na bitvaoprahu.cz 🎟️",https://www.facebook.com/reel/1254330500221623/,1614,625,4,,
@hsubrno,facebook,86b4295e-45a1-49a4-a7a5-1a550c3f4bec,d8508611-a7b3-4aa3-a3af-9af4c8732669,FB Video,VIDEO,14.9.2026 11:00:25,"🔥 NEJVĚTŠÍ STUDENTSKÁ AKCE V BRNĚ JE ZPÁTKY! 🔥
Jeden večer, jeden led, dvě univerzity a pořádná dávka rivality 🏒⚡
MUNI × VUT a tentokrát už 7. Hokejový Souboj Univerzit! 🙌
🗓️ 15. 10. 2026
📍 Winning Group Arena
Atmosféra, kterou nezažiješ každý den 👈
Souboj, u kterého prostě musíš být 👈
🎟️ Lístky mizí rychle, tak ať ti ten tvůj nezmizí před očima!
Kdo zaváhá, nefandí 🏒🔥
👉 hsubrno.cz

🤫 Pst!.. Pokud si lístek koupíš v UniLife aplikaci, ve které máš ověřený ČSOB účet, máš lístek s 20% slevou. A to se vyplatí 😏",https://www.facebook.com/reel/1434485031872676/,339,64,1,,
@univerzitnihokej,instagram,1e114592-3529-4cfe-9977-2598454053af,2caea03b-6a5b-4a8f-9e3b-6fbeb7ac7968,IG Reel,VIDEO,14.3.2026 15:07:20,Tohle… a přednášky jdou stranou 🥵 Další zastávka: @unihokejfinalfour 🏆🔥,https://www.instagram.com/reel/DV3oGcJiI47/,,18954,777,,48
@riderspardubice,instagram,4d6a67ab-9313-4f77-a82e-abb18adbca5d,8727fcef-aa30-4557-a89f-e3f3b015f467,IG Story,VIDEO,10.4.2026 8:01:00,,https://www.instagram.com/stories/riderspardubice/3872081115679062883,,560,,,
@univerzitnihokej,instagram,1e114592-3529-4cfe-9977-2598454053af,9cd61a49-6337-424c-8f0a-35538891c7a0,IG Story,VIDEO,17.4.2026 20:16:13,,https://www.instagram.com/stories/univerzitnihokej/3877524598929510658,,1372,,,
vsefalcons,instagram,709fceba-e311-48e7-9057-f54a587abf4a,bd616a5f-5062-45da-9548-4a0cdce61b41,IG Story,VIDEO,16.4.2026 19:23:56,@sokoli.hnizd0 💙,https://www.instagram.com/stories/vsefalcons/3876773353289716876,1196,931,,,2
@akademiciplzen,instagram,65494228-95bf-4f7b-8e68-d47d7262db66,eeaa0ec6-2d80-4d13-a111-0c1cb8f5ba48,IG Story,VIDEO,31.8.2026 21:31:29,NOVÝ FOTOGRAF DO TÝMU? 📸 @zenisek_,https://www.instagram.com/stories/akademiciplzen/3976131996845621667,,1135,,,
@univerzitnihokej,instagram,1e114592-3529-4cfe-9977-2598454053af,f636824c-c748-4c00-aa84-e907864b833b,IG Reel,VIDEO,2.10.2026 20:19:45,Zlín ovládl dnešní večer! 🤩❤️‍🔥,https://www.instagram.com/reel/DeAU4F0xql-/,,22858,921,7,48
@hc_muni,instagram,43cd62c8-609d-4ea6-8ce9-cae5242ede0c,bdd563a0-75f7-4112-aad5-1757a62270ed,IG Reel,VIDEO,17.9.2026 17:55:16,"Vy se ptáte🎙️ kluci odpovídají na vaše otázky🐻 pt.1

#hcmuni",https://www.instagram.com/reel/DdZcJRlOJoO/,,6460,160,2,32
@united_hk,instagram,b18c071b-0570-48b2-b743-990c668c3c5b,0dc1051d-e97a-4d64-90f7-f5f77d36f2ae,IG Story,IMAGE,14.9.2026 16:56:39,,https://www.instagram.com/stories/united_hk/3986140518150262838,,410,,,
@united_hk,instagram,b18c071b-0570-48b2-b743-990c668c3c5b,1cb40a63-0a02-4f0b-a965-ad63bdcef3d5,IG Story,IMAGE,10.8.2026 19:46:42,,https://www.instagram.com/stories/united_hk/3960858955309250805,,680,,,1
@hcnorthwings,facebook,2b08a479-603b-46e4-8a48-2bc0435ccd53,979ba7e3-ed3d-4739-94b7-b1519771e9c9,FB Story,VIDEO,30.9.2026 17:06:00,,https://facebook.com/stories/101955925269645/UzpfSVNDOjE1NDAyNDI3MzQ1MTk5OTg=/?view_single=1,,,,,
vsefalcons,instagram,709fceba-e311-48e7-9057-f54a587abf4a,a825ff74-8a74-4121-9b6e-d7c0c928e914,IG Story,IMAGE,7.2.2026 19:51:34,🏒 přidej se zítra k našemu kotli na zápas proti @czufarmers,https://www.instagram.com/stories/vsefalcons/3827502667019086190,,1143,,,2
vsefalcons,instagram,709fceba-e311-48e7-9057-f54a587abf4a,3b5c59c5-0f5e-47b7-b891-6d5e1735fc5d,IG Reel,VIDEO,28.1.2026 17:23:56,"Střídačka není to stejný jako stavba. 👷🏽 … nebo jo? Některé hlášky totiž můžeš použít na obou místech. 🦺🏒

Mostecká game už v úterý 3.2., těšíme se na vás! 🫶🏻",https://www.instagram.com/reel/DUEAeXRiO2f/,,6461,108,2,29
@riderspardubice,instagram,4d6a67ab-9313-4f77-a82e-abb18adbca5d,67bf8ac3-2c01-4d74-84ea-6458b7f14f75,IG Story,VIDEO,13.4.2026 19:13:03,,https://www.instagram.com/stories/riderspardubice/3874593704430898250,,419,,,
@united_hk,instagram,b18c071b-0570-48b2-b743-990c668c3c5b,70e894bd-a831-4f5d-8be9-f533cf93b33f,IG Post,IMAGE,28.9.2026 17:08:17,"🏁Otvírák sezóny hlásí start 🚀

#unitedhk #unihokej",https://www.instagram.com/p/Dd1r4JxCOxI/,,6083,175,1,8
@united_hk,instagram,b18c071b-0570-48b2-b743-990c668c3c5b,8e0fb73b-5c59-4c39-a89c-d63ed237a77e,IG Story,VIDEO,5.10.2026 19:18:29,DÍKY HOŠI🧡,https://www.instagram.com/stories/united_hk/4001432217082971167,,570,,,1
vsefalcons,instagram,709fceba-e311-48e7-9057-f54a587abf4a,5e419f88-23b6-447a-b0e4-2aaee04a4219,IG Story,VIDEO,10.2.2026 20:22:21,,https://www.instagram.com/stories/vsefalcons/3829692530812297923,627,831,,,
@riderspardubice,instagram,4d6a67ab-9313-4f77-a82e-abb18adbca5d,f4fa10e5-9614-4eb1-a932-2fd05a3012da,IG Story,VIDEO,2.9.2026 22:36:03,,https://www.instagram.com/stories/riderspardubice/3977614025994799492,,87,,,
vsefalcons,instagram,709fceba-e311-48e7-9057-f54a587abf4a,24929d01-910d-4f6d-8672-ddbda0736ad6,IG Story,VIDEO,2.3.2026 8:25:05,GAMEDAY,https://www.instagram.com/stories/vsefalcons/3843827008874754955,724,913,,,
vsefalcons,instagram,709fceba-e311-48e7-9057-f54a587abf4a,7c11b7eb-c7f1-48fa-b183-85c3d1512153,IG Story,VIDEO,12.4.2026 19:44:12,VŠE vs. ČVUT VŠE vs. ČVUT ONCE AGAIN ONCE AGAIN,https://www.instagram.com/stories/vsefalcons/3873884610513867595,649,455,,,2
@united_hk,instagram,b18c071b-0570-48b2-b743-990c668c3c5b,d96642e1-f465-475e-99a9-4f79a1079eab,IG Story,VIDEO,13.9.2026 16:08:22,🥅🥅🥅🥅 4:0 @daniel_dundaa,https://www.instagram.com/stories/united_hk/3985391475793365037,,567,,,1
@bitvaoprahu,facebook,75e0f41f-82be-4f82-a77b-82ac11135ed2,e15c84fd-b625-4005-907b-88eb763282df,FB Video,VIDEO,13.3.2026 16:10:09,"Finálový večer, na který jen tak prostě nezapomeneš? 🟰❤️

Tohle je @bitvaoprahu ! 🔥🔥🔥 #univerzitnihokej",https://www.facebook.com/reel/26317580911195160/,634,103,5,,
@united_hk,instagram,b18c071b-0570-48b2-b743-990c668c3c5b,07d95334-35b9-4f3a-9768-4eb472c98f81,IG Post,IMAGE,6.8.2026 9:45:34,"🎂 Dnes slaví narozeniny Radim Kala.

Radime, všechno nejlepší, hlavně hodně zdraví a povedený vstup do nové sezony.

Užij si to.",https://www.instagram.com/p/DbsbEz6oniE/,,3036,37,2,2
@cvutengineers,instagram,11963a07-7f0f-48e6-9d81-aa63a7ff4a04,1e291045-ae97-4928-bf6c-09c51cf32cf6,IG Story,VIDEO,8.4.2026 17:21:10,KISS FOR LUCK,https://www.instagram.com/stories/cvutengineers/3870913520405843763,,984,,,2
@vutcavaliersbrno,instagram,b384bebf-72f3-4f9d-8b2d-3677709f6966,4632f9e2-3d9d-4738-9a83-c43e26368b4e,IG Story,IMAGE,1.4.2026 17:10:53,,https://www.instagram.com/stories/vutcavaliersbrno/3865834903979966532,,493,,,
@united_hk,instagram,b18c071b-0570-48b2-b743-990c668c3c5b,8cbe62da-910b-4ff2-901d-f00072d10f3d,IG Story,VIDEO,17.9.2026 6:41:07,,https://www.instagram.com/stories/united_hk/3988005066841284718,,628,,,
@hcmuni,facebook,d1f9e9f9-7526-42d4-85aa-13f91e89f7cf,b65ee54e-1556-4139-bd9b-80a583b7d4b0,FB Post,ALBUM,26.3.2026 16:23:59,"Poslední zápas ve velkém stylu!🐻🏒 Děkujeme moc všem za podporu a vidíme se příští sezonu 💙

📸 @zdeny_99 

#hcmuni",https://www.facebook.com/1581741777288398/posts/1576851724444070,759,,10,,
@AkademiciPlzen,facebook,d87b94e3-03e8-45d0-b92e-75e9b819545c,c8ae641d-c961-4f3e-96f4-85b239113e1b,FB Post,IMAGE,22.9.2026 16:42:12,"SOUPISKA PRO SEZÓNU 2026/27 📋

Seznamte se s týmem, který za nás bude letos bojovat v Univerzitní lize. 👊🏻

#akademiciplzen 💙",https://www.facebook.com/1357105236437494/posts/1506575491490467,3022,,18,,
@cvutengineers,instagram,11963a07-7f0f-48e6-9d81-aa63a7ff4a04,181bc99a-8bcf-438c-af37-75452fffe130,IG Story,VIDEO,5.10.2026 9:16:20,,https://www.instagram.com/stories/cvutengineers/4001129117516625324,,1665,,,1
@univerzitnihokej,instagram,1e114592-3529-4cfe-9977-2598454053af,9c0421b3-a0ec-4923-a361-bde9952be6af,IG Post,IMAGE,2.4.2026 8:26:24,"Semifinále PLAY-IN je za námi, teď už čeká týmy poslední krok před Final Four v Edenu! 😤 Už příští středu poznáme 3️⃣ postupující. O posledním místě se rozhodne v Lucky Loser zápase. ⚔️

Cesta na Final Four se blíží ke konci a všechno to vyvrcholí 16. a 17. dubna v Edenu! 🔥 Vstupenky na finalfour.cz",https://www.instagram.com/p/DWn12KnF1lm/,,16231,353,,58
vsefalcons,instagram,709fceba-e311-48e7-9057-f54a587abf4a,cb911873-2edc-48de-89fd-5b9fdaa17471,IG Story,VIDEO,8.4.2026 16:03:15,🤹‍♂️,https://www.instagram.com/stories/vsefalcons/3870874314283160323,877,766,,,
@univerzitnihokej,instagram,1e114592-3529-4cfe-9977-2598454053af,ffe06c39-1c4b-4812-88b1-8461b8c18636,IG Post,IMAGE,21.9.2026 5:26:32,"Chyběli jsme vám? 🔥 Dnes startuje 8. sezóna, vidíme se na stadionech! 🤗",https://www.instagram.com/p/DdiaAQbCGBb/,,17410,393,3,13
vsefalcons,instagram,709fceba-e311-48e7-9057-f54a587abf4a,019ad4c8-923a-4449-bd2b-78e93420f906,IG Story,VIDEO,24.2.2026 18:59:25,,https://www.instagram.com/stories/vsefalcons/3839797606016933846,695,892,,,
@riderspardubice,instagram,4d6a67ab-9313-4f77-a82e-abb18adbca5d,2813bb43-ba07-4b97-8436-e1b080820d8d,IG Story,VIDEO,31.3.2026 20:26:25,BENEŠ,https://www.instagram.com/stories/riderspardubice/3865208557340266722,,790,,,3
@akademiciplzen,instagram,65494228-95bf-4f7b-8e68-d47d7262db66,48091aaa-32f5-4d91-b3b4-9bc7e60fc65c,IG Reel,VIDEO,8.4.2026 13:26:13,"Chceš vyhrát 100 000 Kč? 👀 Založ si účet u ČSOB a jsi ve hře! 💙

A jestli náhodou budeš na @unihokejfinalfour , nezapomeň, že s kartou ČSOB tam na tebe čeká 20% cashback na pivo a drinky! 🍻

Link na založení účtu najdeš u nás ve stories! 

#akademiciplzen",https://www.instagram.com/reel/DW30cNuDB5Q/,,17229,336,2,21
@riderspardubice,instagram,4d6a67ab-9313-4f77-a82e-abb18adbca5d,8d918921-510b-4e47-9809-259a4e7e3534,IG Story,VIDEO,31.3.2026 18:54:32,2:2,https://www.instagram.com/stories/riderspardubice/3865162340446767810,,904,,,2
@riderspardubice,instagram,4d6a67ab-9313-4f77-a82e-abb18adbca5d,94bc0a98-0a68-4084-b297-08a7de6b7278,IG Story,VIDEO,31.3.2026 11:53:05,MÍŘÍME DO OSTRAVY!,https://www.instagram.com/stories/riderspardubice/3864950175941028045,,1019,,,
vsefalcons,instagram,709fceba-e311-48e7-9057-f54a587abf4a,a7cb0e50-fe66-4fb5-9b76-cdc571d41c3a,IG Story,IMAGE,26.1.2026 17:31:44,0 0,https://www.instagram.com/stories/vsefalcons/3818735008165191163,,892,,,
@akademiciplzen,instagram,65494228-95bf-4f7b-8e68-d47d7262db66,ef4693dc-a740-43db-80be-04a32915c961,IG Reel,VIDEO,10.3.2026 14:22:38,"Výhra nad Kings chutnala dobře… ale jak moc? 😏🏆
To zjišťovala @deniskaurbankova přímo po zápase. 🎤

#akademiciplzen",https://www.instagram.com/reel/DVtPyICDDJp/,,13426,293,1,22
@218107044725785,facebook,7a942e3e-6c47-4794-9ba7-bbc7b6d40cb3,f1265eeb-24e0-4d6c-bf96-4733132f66e9,FB Video,VIDEO,9.3.2026 21:36:51,"Zítra. 19:30. Kateřinky.

Lístky na profilu. Dobrou noc.",https://www.facebook.com/reel/858873940501015/,257,83,6,,
@bitvaoprahu,facebook,75e0f41f-82be-4f82-a77b-82ac11135ed2,f8a3aab8-5108-4d88-93ba-123cac1762a2,FB Post,IMAGE,8.3.2026 15:54:58,"Chápete to? Už je to skoro tady 🤯
Lístky na tebe čekají na 🎟️ bitvaoprahu.cz",https://www.facebook.com/1441262177797849/posts/1417242610199806,242,,,,
vsefalcons,instagram,709fceba-e311-48e7-9057-f54a587abf4a,23380f1b-6a4c-4bec-beb2-7fbec9a27b56,IG Story,VIDEO,12.3.2026 18:54:29,,https://www.instagram.com/stories/vsefalcons/3851391540165893094,1906,1452,,,3
vsefalcons,instagram,709fceba-e311-48e7-9057-f54a587abf4a,5d820367-c3d6-4719-bc36-29856f3c42b3,IG Story,VIDEO,13.2.2026 7:55:52,PÁ ČEK TE 🥳 😎,https://www.instagram.com/stories/vsefalcons/3831491130282259375,547,547,,,
vsefalcons,instagram,709fceba-e311-48e7-9057-f54a587abf4a,8c9a3e45-9af1-427b-9984-5c3e26c874ae,IG Post,IMAGE,12.4.2026 19:29:45,"Soupeř, čas i místo jsou jasné. Semifinále @unihokejfinalfour sehrajeme proti @cvutengineers , které dobře známe 👊🏼

Teď vás potřebujeme víc, než kdy jindy. 👉🏼🏆

Vstupenky na finalfour.cz
SLEVOVÝ KÓD: VSEFANS 🤑",https://www.instagram.com/p/DXCxubSCGOs/,,11824,117,,78
@boostrava,instagram,1176ddaf-d366-48a2-9639-3c6694c72c85,b93a1bad-f989-4cab-8383-c66e9ac050e5,IG Story,VIDEO,6.10.2026 5:17:49,,https://www.instagram.com/stories/boostrava/4001733843215975289,,531,,,
@riderspardubice,facebook,f99ed6c3-17cc-46f4-a32e-d9b0576ce2df,b94e5211-51ca-4e31-bc85-d5d7aa5da210,FB Post,IMAGE,20.3.2026 15:48:05,"Hey Erasmus students! 🌍✨

Looking for a unique Czech student experience? Join us for an unforgettable night full of energy, emotions, and true university spirit! 🏒🔥

Come and enjoy a University Hockey Derby – a traditional rivalry between two neighboring cities, Pardubice and Hradec Králové. Expect loud fans, minigames for fans and an incredible atmosphere you don’t want to miss!

📅 March 23
🕢 7:45 PM
📍 Enteria Arena, Pardubice

This game is also special as it’s the last home match of the regular season – and a final farewell to two key players of the Riders team. Let’s give them a proper send-off together ❤️

🎟️ Get your ticket in BIO!",https://www.facebook.com/1592662819534019/posts/1581683907298577,292,,1,,
@bitvaoprahu,instagram,d7c8aa06-74fb-4c6c-a7d2-c2fe1bf6d59c,3145f062-b17c-45ab-ae08-e61335dfe9a1,IG Post,IMAGE,3.10.2026 16:32:22,"Váš friendly reminder, že už ZA ✌🏼 DNY! si můžete zajistit svoje místo v hale 💺",https://www.instagram.com/p/DeCfVe8OJyV/,,12847,128,,92
vsefalcons,instagram,709fceba-e311-48e7-9057-f54a587abf4a,7942f8ea-bb93-49f9-bb24-238828e713ff,IG Reel,VIDEO,7.9.2026 17:42:58,"Did you miss us? Cause we missed you! 🦅

Čekání je u konce. Dlouhé léto bez hokeje oficiálně končí a my se vracíme přesně tam, kam patříme 🏟️🏒

Tak přijď hned po škole odpálit semestr do kotle. Čeká tě pořádná show na ledě i mimo něj, takže doma rozhodně nezůstávej 🔥

📅 22. září
⏰ 19:00 
📍 Ice Aréna Kateřinky

O atmosféru se postará DJ, pití poteče proudem a zónu rozjedou naši partneři. Teď už chybíš jen ty s kámošema na 🙌

🎟️ Lístky k dostání na profilu!",https://www.instagram.com/reel/Dc_p8m4z6n0/,,11369,157,,24
@unitedhk,facebook,bfe6cc29-a387-41b9-9bca-b077722556af,dffa0001-b89c-4761-9c0d-adf506d97e9d,FB Video,VIDEO,20.8.2026 11:59:10,"Návštěva z NHL na tréninku UNIted HK. 👀🏒

Jaroslav Chmelař z New York Rangers si s námi střihl jeden z tréninků v ČPP aréně.

Jak to vypadalo, když se na ledě objevil hráč NHL? 🎥

---

Visit from the NHL at UNITed HK training. 👀🏒

Jaroslav Chmelař from the New York Rangers filmed one of the training sessions at the ČPP Arena with us.

What was it like when an NHL player appeared on the ice? 🎥",https://www.facebook.com/reel/1356951376596710/,1267,579,28,,
@BOhokej,facebook,c9082543-a03b-490f-8f97-66d439acce89,fc1ec838-7c8a-49d7-a8c7-334edaab17b0,FB Video,VIDEO,29.3.2026 18:30:04,"Dany šel dneska na rande. Se sprejem Diamond sleek od @garnier_czsk udělal rozhodně dobrý dojem! 

#garnierfructics #hokej #bocko",https://www.facebook.com/reel/1467239681453082/,707,316,4,,
@univerzitnihokej,instagram,1e114592-3529-4cfe-9977-2598454053af,00eda6ec-00c8-4d71-97f8-869b7e758b70,IG Reel,VIDEO,11.3.2026 19:17:05,"ČSOB CASH ON ICE 🧊🤑
Normálně hledáš drobné po kapsách. Na univerzitním hokeji je najdeš na ledě 🫣",https://www.instagram.com/reel/DVwWQNbCH4M/,,8783,78,,5
@univerzitnihokej,instagram,1e114592-3529-4cfe-9977-2598454053af,013fd2e9-76c8-4bc3-a5ff-165c5e1c32ca,IG Post,IMAGE,13.4.2026 12:12:59,"V Budějovicích se rozdávaly vstupenky… 👀
A rovnou dvě na @unihokejfinalfour 🎟️ Odvezly si je @vsefalcons a @riderspardubice 🚨",https://www.instagram.com/p/DXEkiY4CLtw/,,19660,490,2,129
vsefalcons,instagram,709fceba-e311-48e7-9057-f54a587abf4a,2e59ca27-05e6-44c0-a799-284b47ec08c4,IG Story,IMAGE,24.3.2026 21:15:07,"3 6 Daniel
Straka",https://www.instagram.com/stories/vsefalcons/3860159625186281450,750,396,,,
@AkademiciPlzen,facebook,d87b94e3-03e8-45d0-b92e-75e9b819545c,89f9e69e-fdbd-4d8f-8631-fd2406cac6bb,FB Post,IMAGE,4.3.2026 22:56:02,"V případě, že byste zítra nezvládli své povinnosti, we got you! 👊🏼🤭

#akademiciplzen #jarnibitva",https://www.facebook.com/1357105236437494/posts/1334855981995753,2054,,6,,
@united_hk,instagram,b18c071b-0570-48b2-b743-990c668c3c5b,9b8a7017-acce-4dcb-8c6b-6f3cea50bfc9,IG Story,VIDEO,13.9.2026 15:38:43,🥅🥅🥅 3:0 @petr_fiala_4,https://www.instagram.com/stories/united_hk/3985377410278811689,,643,,,3
@bitvaoprahu,instagram,d7c8aa06-74fb-4c6c-a7d2-c2fe1bf6d59c,e93291bc-ca22-46dd-bf87-9db856457225,IG Story,VIDEO,22.4.2026 15:22:18,,https://www.instagram.com/stories/bitvaoprahu/3881000380050216032,,1348,,,1
vsefalcons,instagram,709fceba-e311-48e7-9057-f54a587abf4a,0f946a7c-12e6-4d09-b356-303688a8589f,IG Post,IMAGE,22.9.2026 22:17:49,"Je to doma! První zápas sezóny proti @united_hk vítězíme v prodloužení 💪🏻

Děkujeme, byli jste BOŽÍ! 🫵🏼🩵",https://www.instagram.com/p/DdmyZVfozPM/,,5143,172,,7
vsefalcons,instagram,709fceba-e311-48e7-9057-f54a587abf4a,0020ba6a-c85e-4f9e-b3f1-3767295a00a4,IG Story,VIDEO,17.4.2026 18:02:26,,https://www.instagram.com/stories/vsefalcons/3877457168673045741,830,686,,,
@218107044725785,facebook,7a942e3e-6c47-4794-9ba7-bbc7b6d40cb3,7a2cce3a-cdce-418c-8b7e-367ca9e2b281,FB Story,IMAGE,30.9.2026 19:17:28,,https://facebook.com/stories/122096877530218300/UzpfSVNDOjQ3MTM0MjcwMzU2NDc2MTA=/?view_single=1,,,,,
@akademiciplzen,instagram,65494228-95bf-4f7b-8e68-d47d7262db66,7f81f828-c07b-4f9e-9f72-698d552e5c19,IG Story,VIDEO,26.9.2026 21:13:44,,https://www.instagram.com/stories/akademiciplzen/3994967217879697056,,464,,,
@boostrava,instagram,1176ddaf-d366-48a2-9639-3c6694c72c85,a55380c5-1e76-4279-b3bd-2bfb176a04ef,IG Story,VIDEO,10.9.2026 18:21:03,NASTUPUJEM DO 2. TŘETINY 👀,https://www.instagram.com/stories/boostrava/3983283918950122261,,506,,,
@univerzitnihokej,instagram,1e114592-3529-4cfe-9977-2598454053af,fd7bf912-f01c-4f13-9710-405a11ad9d33,IG Story,IMAGE,22.9.2026 10:04:15,,https://www.instagram.com/stories/univerzitnihokej/3991731160677361094,,2113,,,
@riderspardubice,instagram,4d6a67ab-9313-4f77-a82e-abb18adbca5d,15157026-edde-4eba-b1ea-d29cfea7e1cb,IG Post,IMAGE,3.3.2026 17:00:00,"🌴 Na včerejší Survivor zápase získala výherkyně našeho Survivor kvízu parádní reprák JBL, který do soutěže věnoval náš dlouhodobý partner @enteria_holding!

Děkujeme a výherkyni gratulujeme a přejme spoustu kvalitní hudby! 

A jestli bys chtěl taky něco vyhrát, tak se zastav na zápase 9. 3. - vstupenky koupíš přes odkaz v BIU 🤫",https://www.instagram.com/p/DVbg3yojJsD/,,2960,69,,1
@engineersprague,facebook,afd06d1d-7b1c-4f66-8d93-ce4255ab773c,331bd10d-1766-4ec5-bfac-25abb00b45a0,FB Story,VIDEO,11.9.2026 8:33:46,,https://facebook.com/stories/136066081670222/UzpfSVNDOjE3OTAzMTYxMTU2MTA0NDc=/?view_single=1,,,,,
@akademici_plzen,tiktok,8f78cb3d-9c53-4c33-9f39-e6526fd8fa1c,35d45030-956c-4bff-ba89-c69873cf186a,TT Video,VIDEO,7.4.2026 14:17:01,"Nechali jsme na ledě všechno. Bojovali jsme do poslední chvíle, ale jediný gól v prodloužení rozhodl o našem konci v letošní sezoně. Děkujeme vám za každou podporu, za každý hlas z tribuny a za to, že jste byli celou sezonu s námi. Bez vás by to nebylo ono. 💙 Slibujeme, že se vrátíme silnější — a doufáme, že znovu s vámi po boku! #akademiciplzen | 🎥 @yzproduction.cz",https://www.tiktok.com/@akademici_plzen/video/7626021163742792982?utm_campaign=tt4d_open_api&utm_source=7348986504397455361,,1275,85,1,1
@218107044725785,facebook,7a942e3e-6c47-4794-9ba7-bbc7b6d40cb3,5bbf0ea1-8bb1-4e0d-8bf0-fb06223cb5c2,FB Video,VIDEO,3.10.2026 20:14:25,"Nevíte, co dneska k večeři? 🤔 

My už na to máme Puk. 😂 

Puky pomáhají jsou zpět! 🏒 Za každých 300 Kč z nákupu získáte puk, kterým můžete podpořit svůj oblíbený hokejový klub a pomoct hokejové mládeži. 

Díky, že v tom jedete s námi! 💙

#vsefalcons #pukypomahaji",https://www.facebook.com/reel/1248105137503894/,1172,556,10,,
@BOhokej,facebook,c9082543-a03b-490f-8f97-66d439acce89,9cfdbea7-4895-4903-b058-9ab288f5cc9f,FB Video,VIDEO,18.8.2026 17:49:54,"Vítejte u nás doma! 🏒 
Nahlédněte s námi do naší kabiny, která září v klubových barvách. Přesně tady se teď celá smečka poctivě chystá na novou sezónu. 🐺🔥 Jsme ready! 💪

#boostrava #vlcismecka #univerzitnihokej",https://www.facebook.com/reel/1071632362398526/,520,144,8,,
@akademiciplzen,instagram,65494228-95bf-4f7b-8e68-d47d7262db66,a4423260-4cc5-4c1f-b130-5ac3f6df2081,IG Story,VIDEO,17.9.2026 18:15:25,🥅 V BRÁNĚ DNES ALBERT SCHACHERL  MATYÁŠ BAJGAR &,https://www.instagram.com/stories/akademiciplzen/3988354493820580475,,1086,,,1
@unitedhk,facebook,bfe6cc29-a387-41b9-9bca-b077722556af,18785689-5ed0-46b9-aab6-8578d1c078d5,FB Post,IMAGE,5.10.2026 12:57:13,"DNEŠNÍ VÝZVA V ČPP ARÉNĚ: STAGE X. 💪

Během zápasu UNIted HK × ČVUT Engineers si můžeš přímo v hale vyzkoušet dvě disciplíny z fitness racingu STAGE X - SkiErg a veslovací trenažér.

A tím to nekončí. Na stanovišti STAGE X se můžeš zapojit do losování o startovné na první velký závod STAGE X Brno, který proběhne 20.-21. listopadu na Výstavišti Brno.

Chceš si celý formát nejdřív otestovat? Už v sobotu 10. 10. proběhne v Tenis Resortu SKHK v Hradci Králové STAGE X Showcase, kde si můžeš projít všech osm disciplín formátu X8 nanečisto.

🏒 UNIted HK × ČVUT Engineers
📅 dnes 5. 10.
🕖 19:00
📍 ČPP aréna

Zastav se u STAGE X a zkus, co v tobě je.

#allforunited",https://www.facebook.com/122180651084388974/posts/122195240012388974,96,,,,
@VUTCavaliersBrno,facebook,3351b43e-4b71-442b-b2f1-920cd6e57ee5,2d86c9ed-248f-4e9c-87d0-6268ea42e047,FB Post,IMAGE,30.9.2026 11:27:53,"🏒 SHOWTIME JE TADY! 🔥

Hokejová show pokračuje a bude to stát za to! 👀

V úterý 7. 10. se Kavalíři znovu představí doma! 😏

Atraktivní hokej, zábava na ledě i mimo něj, soutěže, pivo a hlavně pořádná studentská atmosféra 🍻🏒
Prostě večer, který si nemůžeš nechat ujít! 👈

📅 7. 10.
🕢 19:45
📍 Zimní stadion Kuřim
🏒 VUT Cavaliers Brno vs. UNIted HK 

🚌 Doprava je zajištěna
🎟️ Lístky jsou v prodeji už teď

Tak vezmi kámoše, spolužáky, spolubydlící nebo kohokoliv, kdo chce zažít pořádnou hokejovou SHOW! 👊

7. 10. se vidíme na zimáku.
🔥 SHOWTIME je tady a ty u toho nesmíš chybět! 🔥",https://www.facebook.com/1743815981086842/posts/1751515546983552,374,,,,
@univerzitnihokej,facebook,01b45180-0b14-4a14-96e8-d0a4bab1fb9f,7fb51190-f4bc-40a3-8878-b6627cbee093,FB Post,IMAGE,11.3.2026 21:35:08,ZOTT nejhladovější hráč @pastak22 🥛Otevřel skóre zápasu a teď si otevře zásobu ZOTT HUNGRY 🤤,https://www.facebook.com/1275398168115026/posts/1259018023086374,886,,,,
@engineersprague,facebook,afd06d1d-7b1c-4f66-8d93-ce4255ab773c,8da61f8f-d03e-4cf8-8347-f679e0be4e41,FB Story,VIDEO,10.3.2026 21:31:33,,,,,,,
@cvutengineers,instagram,11963a07-7f0f-48e6-9d81-aa63a7ff4a04,b47f5081-e9c8-4ed8-8063-3875d32ba365,IG Story,VIDEO,22.9.2026 19:46:21,VÍTĚZNÁ 📸,https://www.instagram.com/stories/cvutengineers/3992024127938280344,,1006,,,1
@boostrava,instagram,1176ddaf-d366-48a2-9639-3c6694c72c85,d515a1d7-78c1-42cd-89e9-68f12fca2b16,IG Story,VIDEO,21.9.2026 18:05:30,0 1,https://www.instagram.com/stories/boostrava/3991248613971655952,,456,,,
@united_hk,instagram,b18c071b-0570-48b2-b743-990c668c3c5b,0d470e1d-00fa-4fd8-9d2e-9900aae7b324,IG Story,VIDEO,5.10.2026 18:58:20,100% KISS CAM,https://www.instagram.com/stories/united_hk/4001422078485524686,,757,,,13
@bitvaoprahu,facebook,75e0f41f-82be-4f82-a77b-82ac11135ed2,da736b5a-4f7e-4214-8bba-e07fc84d6d8a,FB Post,IMAGE,12.3.2026 22:41:59,Ideální rande 🟰 Bitva o Prahu?! 😍,https://www.facebook.com/1441262177797849/posts/1420433176547416,264,,2,,
@AkademiciPlzen,facebook,d87b94e3-03e8-45d0-b92e-75e9b819545c,2ea2af52-0fcc-486c-87a8-605615ccbf48,FB Story,VIDEO,6.10.2026 19:28:08,,https://facebook.com/stories/103234241824606/UzpfSVNDOjE5NzkwODkzNzYxMDU1NzA=/?view_single=1,,,,,
vsefalcons,instagram,709fceba-e311-48e7-9057-f54a587abf4a,79bc682d-cc75-44d0-acfd-c819d19c9637,IG Story,VIDEO,3.2.2026 21:09:08,KDE VÁS JE VÍC? 😢 @hcnorthwings,https://www.instagram.com/stories/vsefalcons/3824650739360741770,,768,,,3
@univerzitnihokej,instagram,1e114592-3529-4cfe-9977-2598454053af,c86b05e1-135f-4d71-8b19-7707fb2a02aa,IG Reel,REEL,31.3.2026 11:59:35,Rybaření a golf jako školní předměty? 📚 Pusťte si nový díl našeho podcastu s @michael_hrabal na YouTube nebo Spotify 🎧,https://www.instagram.com/reel/DWjDnrhCKfI/,,15325,682,1,73
@hsubrno,facebook,86b4295e-45a1-49a4-a7a5-1a550c3f4bec,d185e6f6-a3e6-4681-a1df-d07954d0a398,FB Story,VIDEO,29.9.2026 16:56:04,,https://facebook.com/stories/102021628889469/UzpfSVNDOjIzOTMxOTAwNTE0OTE2NTc=/?view_single=1,,,,,
@cvutengineers,instagram,11963a07-7f0f-48e6-9d81-aa63a7ff4a04,13c2ad3e-e523-44b5-8a3e-5024cb6cdc9e,IG Story,IMAGE,22.8.2026 18:37:34,1 0,https://www.instagram.com/stories/cvutengineers/3969521463088842201,,657,,,
@univerzitnihokej,facebook,01b45180-0b14-4a14-96e8-d0a4bab1fb9f,7a3d42db-d862-4a6b-8763-41b5e146d115,FB Post,IMAGE,13.4.2026 8:54:21,"Program na čtvrtek? Máme! 😤

Kings budou v prvním semifinále bojovat proti Riders, později se pak proti sobě postaví pražské celky Engineers a Falcons 🤜🏼🤛🏼",https://www.facebook.com/1275398168115026/posts/1284830077171835,942,,6,,
@engineersprague,facebook,afd06d1d-7b1c-4f66-8d93-ce4255ab773c,811145f9-2d89-4891-afd0-0ace89169141,FB Story,VIDEO,2.10.2026 8:19:45,,https://facebook.com/stories/136066081670222/UzpfSVNDOjE0NDc1OTM3ODczMDI0OTM=/?view_single=1,,,,,
@unitedhk,facebook,bfe6cc29-a387-41b9-9bca-b077722556af,9489b001-cb12-416b-b626-ef6935154fb1,FB Post,IMAGE,21.8.2026 11:57:46,"Z NCAA až do NHL. A při návštěvě Česka taky na trénink UNIted HK. 🏒

Jaroslav Chmelař z New York Rangers se s námi podělil o zkušenosti z univerzitního hokeje v USA, porovnal NCAA s českým prostředím a popsal, proč podle něj dává univerzitní hokej hráčům další šanci pokračovat.

Došlo i na Jaromíra Jágra a jednu konkrétní radu ke hře jeden na jednoho.

V carouselu najdeš pár úryvků. Celý rozhovor je na univerzitnihokej.cz.",https://www.facebook.com/122180651084388974/posts/122191488320388974,460,,10,,
@akademiciplzen,instagram,65494228-95bf-4f7b-8e68-d47d7262db66,a8323887-e352-4c18-893d-854106b04e2d,IG Story,VIDEO,6.10.2026 19:23:21,@kaiser_sim_,https://www.instagram.com/stories/akademiciplzen/4002159423413585542,,1068,,,2
@riderspardubice,instagram,4d6a67ab-9313-4f77-a82e-abb18adbca5d,c4c22ffa-1dff-452d-9033-f5cdd8858769,IG Story,VIDEO,31.3.2026 18:25:37,JDEME DO 2. TŘETINY! 🐎 🐎,https://www.instagram.com/stories/riderspardubice/3865147778116921228,,741,,,
@cvutengineers,instagram,11963a07-7f0f-48e6-9d81-aa63a7ff4a04,b4aa9ec7-2320-414e-9fcb-7d29ff69745c,IG Story,IMAGE,23.9.2026 17:18:35,DNESKA SI MŮŽETE ZKUSIT STŘELU S NÁMI 🏒 @strahovopenair,https://www.instagram.com/stories/cvutengineers/3992674549455675313,,1909,,,2
@vutcavaliersbrno,instagram,b384bebf-72f3-4f9d-8b2d-3677709f6966,fe72d846-6f52-4958-9aa6-d691a44da576,IG Story,IMAGE,23.9.2026 18:41:46,,https://www.instagram.com/stories/vutcavaliersbrno/3992716451619423022,,576,,,
vsefalcons,instagram,709fceba-e311-48e7-9057-f54a587abf4a,0c222b68-01de-4f68-817f-e04413ab9f17,IG Story,VIDEO,16.4.2026 18:17:36,,https://www.instagram.com/stories/vsefalcons/3876739969825958363,1027,821,,,
@hcnorthwings,facebook,2b08a479-603b-46e4-8a48-2bc0435ccd53,a057c2e7-d714-4cb9-abbc-b5ca955fe418,FB Story,VIDEO,16.9.2026 19:32:20,,https://facebook.com/stories/101955925269645/UzpfSVNDOjE2MjgyNTU2MTUzNzEyNjc=/?view_single=1,,,,,
@cvutengineers,instagram,11963a07-7f0f-48e6-9d81-aa63a7ff4a04,9bfda629-25f4-4de1-8ca4-de27e57f113b,IG Story,VIDEO,22.9.2026 19:09:05,JE TAAAM!!!,https://www.instagram.com/stories/cvutengineers/3992005387150461220,,1287,,,
@univerzitnihokej,facebook,01b45180-0b14-4a14-96e8-d0a4bab1fb9f,4fbcec19-3d39-4370-9927-56695fb07108,FB Video,VIDEO,2.10.2026 17:22:25,JE TO TADYYY 🔥 ULLH divize ✌🏻 právě odstartovala,https://www.facebook.com/reel/1637686834685363/,841,267,8,,
@hc_muni,instagram,43cd62c8-609d-4ea6-8ce9-cae5242ede0c,252ede03-15d1-4638-9833-7fd199f7ee0a,IG Story,IMAGE,6.10.2026 6:29:11,LÍSTEK NA ZÍTRA KOUPÍŠ ☝🏼 🎫,https://www.instagram.com/stories/munibearsbrno/4001769759547538719,,700,,,
@riderspardubice,instagram,4d6a67ab-9313-4f77-a82e-abb18adbca5d,45ea948c-24c4-42ce-a765-40953c157dd1,IG Post,IMAGE,24.3.2026 2:39:36,Dnes bohužel prohra.,https://www.instagram.com/p/DWQC_QVCDwP/,,4581,37,1,9
@BOhokej,facebook,c9082543-a03b-490f-8f97-66d439acce89,8a0cf979-03a3-4004-9f9d-427d498d5fa7,FB Post,IMAGE,20.8.2026 18:25:34,"Dneska jsme chtěli pořádně prověřit nové tváře. 🦈🔥 A byla to pořádná bitva až do konce! Skóre se drželo dlouho na dostřel, soupeř ale v závěru pojistil výhru gólem do prázdné branky. 

#hockey #boostrava",https://www.facebook.com/1477974067675582/posts/1606123044860683,352,,4,,
@boostrava,instagram,1176ddaf-d366-48a2-9639-3c6694c72c85,b657847d-9a6f-4586-a1bd-439b05571a50,IG Story,VIDEO,19.9.2026 22:43:35,A NEZAPOMEŇ NA AFTERKU! @vrtule.club  @dj_matthias,https://www.instagram.com/stories/boostrava/3989939003943858791,,44,,,
@BOhokej,facebook,c9082543-a03b-490f-8f97-66d439acce89,0a06f880-8be7-4446-a704-2d4b10a5561f,FB Post,IMAGE,20.8.2026 8:22:36,"PRVNÍ přátelák letošní sezóny je TU!🔥
HK NOVÝ JIČÍN👹 X BO OSTRAVA🦈
⏰18:00 | 📍Zimní stadion Nový Jičín",https://www.facebook.com/1477974067675582/posts/1605697781569876,289,,,,
@AkademiciPlzen,facebook,d87b94e3-03e8-45d0-b92e-75e9b819545c,1bffa7bf-cb20-438a-832e-c59c1ec61d49,FB Story,IMAGE,29.9.2026 22:14:05,,https://facebook.com/stories/103234241824606/UzpfSVNDOjI1NTQ5OTkzNTQ5ODc2NDk=/?view_single=1,,,,,
@742626308943576,facebook,afcb2720-0a77-4413-95f4-2247bcb8a565,3a897298-47fd-4b75-bba9-6a87742f9770,FB Story,VIDEO,12.9.2026 8:14:01,,https://facebook.com/stories/122099013459029080/UzpfSVNDOjEwOTg4MTA4NjU5NzM1MTc=/?view_single=1,,,,,
@riderspardubice,facebook,f99ed6c3-17cc-46f4-a32e-d9b0576ce2df,65e4a549-be57-45b4-83a7-6176cf1befcc,FB Post,IMAGE,18.3.2026 18:03:43,"Poslední zápas v dresu Riders pro @dominikkopecky_99 a @daniel.skryp! 🔥

Přijď kluky podpořit a rozloučit se s nimi na zápas proti @united_hk! 

Lastdance
🗓️ 23.3. v 19:45
📍 v Enteria Arena 
⚔️ proti @united_hk 

Odkaz na vstupenky najdeš v BIU!🎟️ (I se slevičkou!🤭)

#lastdance#riders",https://www.facebook.com/1592662819534019/posts/1579854104148224,146,,1,,
@united_hk,instagram,b18c071b-0570-48b2-b743-990c668c3c5b,81e5feca-d15e-4c06-ab62-c6d580f0bdda,IG Story,VIDEO,23.8.2026 16:27:25,"Last shift
today",https://www.instagram.com/stories/united_hk/3970180800812984655,,1012,,,1
@akademiciplzen,instagram,65494228-95bf-4f7b-8e68-d47d7262db66,df0ec47e-f076-4f6e-a87f-b87b944f5ccb,IG Reel,VIDEO,3.3.2026 8:30:42,"5 důvodů, proč přijít na Bitvu už v 17:30! 🕺🏼🪽🍻

#akademiciplzen #jarnibitva",https://www.instagram.com/reel/DVamIULjPR7/,,8784,158,,43
@riderspardubice,instagram,4d6a67ab-9313-4f77-a82e-abb18adbca5d,df62725c-5e7c-4d72-9b1a-13588479d232,IG Story,VIDEO,17.4.2026 20:45:18,,https://www.instagram.com/stories/riderspardubice/3877539115768225309,,746,,,1
@218107044725785,facebook,7a942e3e-6c47-4794-9ba7-bbc7b6d40cb3,0bec0210-b6dd-4bdf-a9ce-466a8063292b,FB Post,IMAGE,7.9.2026 13:55:11,"Slíbili jsme, že vás čeká víc než jen zápas. 👀

Zábava startuje už hodinu před buly a jede dál celý zápas. Doraz oslavit začátek semestru a sezóny od začátku do konce ve velkým stylu. 🙌🏼

🕖 19:00 – Pop-up party před zimákem
🏒 20:00 – Falcons vs. UNIted HK 
📍 Ice Aréna Kateřinky

Na co se můžeš těšit?
🎧 DJ
🎮 Gaming zóna
🍹 Bar
🤝 Stánky partnerů
… a mnoho dalšího 😮‍💨

Semestr takhle ještě nezačínal. Pojďme si to užít 🦅
Odkaz na vstupenky najdeš na našem profilu 🎟️

#welcometofalcons",https://www.facebook.com/122282816036218300/posts/122305579058218300,189,,3,,
@univerzitnihokej,instagram,1e114592-3529-4cfe-9977-2598454053af,0fb63942-2e8e-4c3a-804a-8e89bdd5cdad,IG Story,VIDEO,17.4.2026 14:52:48,,https://www.instagram.com/stories/univerzitnihokej/3877361824534411174,,1801,,,
@vutcavaliersbrno,instagram,b384bebf-72f3-4f9d-8b2d-3677709f6966,1cd47d3a-0ca8-445b-b7fa-7161fb0ccb1b,IG Story,VIDEO,19.9.2026 7:02:10,,https://www.instagram.com/stories/vutcavaliersbrno/3989465183487035187,,540,,,
@united_hk,instagram,b18c071b-0570-48b2-b743-990c668c3c5b,95c64168-1e1b-4a88-a148-b124ae6e26d1,IG Story,IMAGE,26.9.2026 13:08:24,,https://www.instagram.com/stories/united_hk/3994722939015632853,,413,,,5
@VUTCavaliersBrno,facebook,3351b43e-4b71-442b-b2f1-920cd6e57ee5,a5c92532-ab9b-4f82-8d2c-5c195d2993c4,FB Story,IMAGE,6.10.2026 8:53:24,,https://facebook.com/stories/100667195401737/UzpfSVNDOjEzODgxNDc2MzAxNTMxNDA=/?view_single=1,,,,,
@BOhokej,facebook,c9082543-a03b-490f-8f97-66d439acce89,2f6346e1-0839-4510-bc9b-1ee73cc9c2ec,FB Story,VIDEO,20.8.2026 16:34:48,,https://facebook.com/stories/100133738792962/UzpfSVNDOjE0MDEyNzE2MDUyNzMyMzA=/?view_single=1,,,,,
@hcnorthwings,facebook,2b08a479-603b-46e4-8a48-2bc0435ccd53,f32deb89-be66-4876-9b45-0f1420ea6ca1,FB Story,IMAGE,30.9.2026 18:24:19,,https://facebook.com/stories/101955925269645/UzpfSVNDOjI2OTcyMDcwMDQwMDk4Mjc=/?view_single=1,,,,,
@univerzitnihokej,instagram,1e114592-3529-4cfe-9977-2598454053af,f0cde4a5-77db-4900-814f-36eaa0621b16,IG Post,IMAGE,10.4.2026 9:57:20,"LUCKY LOSER = ještě jedna šance probojovat se do @unihokejfinalfour 🏆

V neděli se o všem rozhodne a budeme vědět všechny 4️⃣ týmy! 🔥",https://www.instagram.com/p/DW8moMqiJe2/,,14644,225,2,30
@riderspardubice,instagram,4d6a67ab-9313-4f77-a82e-abb18adbca5d,cff63f08-04fb-4e12-b120-7ca81862849f,IG Post,IMAGE,25.9.2026 8:24:02,"Jak si vedeme ve vzájemných soubojích? 👀 

Čeká nás další derby, tak se pojďme podívat  na naše poslední vzájemné zápasy. 

🎟️ Vstupenky najdete v aplikaci UniLife.",https://www.instagram.com/p/DdtBPaxxlOv/,,4178,86,,5
@univerzitnihokej,instagram,1e114592-3529-4cfe-9977-2598454053af,62801e7f-965f-4768-a835-661ec69e9d50,IG Story,VIDEO,8.4.2026 18:03:38,0 3,https://www.instagram.com/stories/univerzitnihokej/3870934891265277415,,805,,,
@hc_muni,instagram,43cd62c8-609d-4ea6-8ce9-cae5242ede0c,b0fbd42e-1b82-4ed1-8fdd-0b4aef9d9312,IG Story,IMAGE,23.9.2026 12:35:06,PŘESNĚ DNÍ DO PRVNÍHO ZÁPASU s kým se vidíme v Budějicích? DNÍ DO PRVNÍHO ZÁPASU PŘESNĚ,https://www.instagram.com/stories/munibearsbrno/3992531852723230237,,706,,,4
@riderspardubice,instagram,4d6a67ab-9313-4f77-a82e-abb18adbca5d,dd02fb58-e533-44cd-b4fd-535eab3382a5,IG Story,VIDEO,26.4.2026 12:36:10,,https://www.instagram.com/stories/riderspardubice/3883815880639648049,,841,,,
@united_hk,instagram,b18c071b-0570-48b2-b743-990c668c3c5b,0eb333f1-8f09-4868-86d2-9a9ebd557a46,IG Story,VIDEO,25.4.2026 12:59:38,"hlavní je si to udělat  HEZKÝ ⛱️ ☀️ doufám, že si použil spf @ondra_holubec",https://www.instagram.com/stories/united_hk/3883102939875138862,,874,,,
vsefalcons,instagram,709fceba-e311-48e7-9057-f54a587abf4a,887e3eb7-1b9f-43ee-a507-851e2f6ca320,IG Reel,VIDEO,18.2.2026 8:20:12,Pojďte si s námi vychutnat oslavy včerejší výhry! 🤩,https://www.instagram.com/reel/DU5G8dsCCcF/,,3308,91,,
@riderspardubice,instagram,4d6a67ab-9313-4f77-a82e-abb18adbca5d,ae245096-2ade-4110-9626-d29624615a5a,IG Story,VIDEO,8.4.2026 17:35:24,ŤUKNI SI S KLUKAMA PRO ŠTĚSTÍ!,https://www.instagram.com/stories/riderspardubice/3870929856859261658,,630,,,
@riderspardubice,instagram,4d6a67ab-9313-4f77-a82e-abb18adbca5d,a9009f54-daee-4519-91d5-d5e7e16ad659,IG Post,IMAGE,21.9.2026 19:20:13,"Východočeské derby univerzit je zpátky!🔥 

Již 26. října v enteria areně se na ledě střetnou Riders Univerzita Pardubice a UNIted HK. 

Napětí na ledě, emoce v hledišti a souboj, který si rozhodně nechceš nechat ujít!🤩 

📅 26. října 2026 v 19:30 

📍enteria arena hlavní vstup

 🎟️ Vstupenky najdeš v BIU, tak nabíhej tam, ať o tenhle nezapomenutelný zážitek nepřijdeš! 

PS: afterparty v OC Palác Pardubice🤭",https://www.instagram.com/p/Ddj5BJdRMjg/,,16541,235,,151
@hcmuni,facebook,d1f9e9f9-7526-42d4-85aa-13f91e89f7cf,e3af4ae2-3d0f-4433-a6b8-b04e7ce72d9a,FB Post,IMAGE,28.9.2026 19:49:09,"Nevadí, stejně se říká, že první vyhrání – z kapsy vyhání…🤪

#MUNIBears  #desetfakultjednarodina",https://www.facebook.com/1581741777288398/posts/1751936163602291,690,,6,,
vsefalcons,instagram,709fceba-e311-48e7-9057-f54a587abf4a,1fd8a17e-a1f3-415d-b7fe-5ec322b136af,IG Post,IMAGE,13.9.2026 8:59:40,"Pokračujeme už 22. září 🫶🏼 buď toho součástí!

Vstupenky najdeš v appce UniLife nebo přes odkaz na profilu 🎟️",https://www.instagram.com/p/DdOMCR8iGEG/,,6592,149,,9
@akademiciplzen,instagram,65494228-95bf-4f7b-8e68-d47d7262db66,d9e932ac-15d3-46ed-a5c7-a662e29301eb,IG Story,VIDEO,27.8.2026 17:41:22,LAMAČ HOKEJEK  @lesa_matousek 💔,https://www.instagram.com/stories/akademiciplzen/3973117077955038409,,1475,,,1
@riderspardubice,facebook,f99ed6c3-17cc-46f4-a32e-d9b0576ce2df,a137bfb5-f311-47c9-add8-b5338f277bbd,FB Post,IMAGE,4.3.2026 9:01:10,"Venkovní zápas v Brně!🗣️🏒

Venkovní zápas
🗓️ 4.3. v 19:30
📍 ve Sportcentrum Lužánky
⚔️ proti @hc_muni 

#riders#venkovnízápas",https://www.facebook.com/1592662819534019/posts/1567438515389783,138,,,,
@riderspardubice,instagram,4d6a67ab-9313-4f77-a82e-abb18adbca5d,791a78ee-7d5a-4834-9f80-aedbf16446cc,IG Story,VIDEO,12.4.2026 11:31:28,TO JE NÁŠ GOOOLMAN! 😏 @63skorpiz  1:0,https://www.instagram.com/stories/riderspardubice/3873636630049649178,,1309,,,
@riderspardubice,instagram,4d6a67ab-9313-4f77-a82e-abb18adbca5d,7d7f5aba-b2f7-4639-8d4a-891a81d31a6c,IG Story,VIDEO,5.10.2026 18:18:20,BURDYYYS 🎯 2:0,https://www.instagram.com/stories/riderspardubice/4001401932925203578,,789,,,1
@hcmuni,facebook,d1f9e9f9-7526-42d4-85aa-13f91e89f7cf,c59477a1-4021-48a2-b997-04c4ffa75dec,FB Post,IMAGE,19.9.2026 8:48:49,"New season coming soon 👀🏒 naši Medvědi 🐻 jsou ready a těší se na první domácí zápas 7. 10. 
U toho nesmíte chybět‼️

#hcmuni #desetfakultjednarodina",https://www.facebook.com/1581741777288398/posts/1742000027929238,555,,11,,
@BOhokej,facebook,c9082543-a03b-490f-8f97-66d439acce89,64098848-8865-4f79-9262-02e2b8805994,FB Video,VIDEO,27.3.2026 19:16:45,"Paparazzi už to ví… Tak si to zapiš taky! 👀

31.3. nás čeká play-in a půjde o všechno! 🔥

#savethedate #hockey #hockeygame",https://www.facebook.com/reel/927894796878842/,457,202,1,,
@boostrava,instagram,1176ddaf-d366-48a2-9639-3c6694c72c85,a4aaae1c-31f3-44eb-aecb-915fcf76056d,IG Story,VIDEO,14.4.2026 10:26:45,,https://www.instagram.com/stories/boostrava/3875053583683299510,,509,,,
@vutcavaliersbrno,instagram,b384bebf-72f3-4f9d-8b2d-3677709f6966,bc709608-85d9-4d4e-a519-802f3ab5eced,IG Story,IMAGE,21.9.2026 17:45:17,"🚨 1:0
⏰ 00:29
@cyril.valach",https://www.instagram.com/stories/vutcavaliersbrno/3991238417326385897,,935,,,3
vsefalcons,instagram,709fceba-e311-48e7-9057-f54a587abf4a,bb6e8b86-690f-4e7b-b171-45d5f78864b8,IG Story,VIDEO,30.9.2026 20:43:30,VYHRÁVÁME,https://www.instagram.com/stories/vsefalcons/3997852287225087663,,925,,,15
@hc_muni,instagram,43cd62c8-609d-4ea6-8ce9-cae5242ede0c,3aa44ca3-c1ba-4ee6-bb95-f6fb90d7c3ef,IG Story,VIDEO,29.9.2026 16:48:39,@pivoproud  @kauflandcesko  @redbullcz  ŠUMAVSKÁ 29a 📍 POP UP  party @univerzitnihokej @hokejovy_souboj_univerzit 🐻 🫶🏻,https://www.instagram.com/stories/munibearsbrno/3997008174519342192,,1358,,,5
@united_hk,instagram,b18c071b-0570-48b2-b743-990c668c3c5b,20f7a826-5b40-4e4c-8ab1-ed4c7ceee88d,IG Story,IMAGE,22.9.2026 20:09:13,"Na 1:2 snižuje
@vlach_andrej",https://www.instagram.com/stories/united_hk/3992035670167699768,,431,,,1
@united_hk,instagram,b18c071b-0570-48b2-b743-990c668c3c5b,cc00be00-cac8-488e-9731-85a48c6d2861,IG Story,VIDEO,17.4.2026 20:06:37,,https://www.instagram.com/stories/united_hk/3877519588002903113,,364,,,
@hc_muni,instagram,43cd62c8-609d-4ea6-8ce9-cae5242ede0c,6de3f1ab-af26-40b7-bd10-ea1176ee9416,IG Story,VIDEO,28.9.2026 19:35:21,3:2,https://www.instagram.com/stories/munibearsbrno/3996367261346488229,,73,,,
@riderspardubice,instagram,4d6a67ab-9313-4f77-a82e-abb18adbca5d,36d63b17-20fc-4fd4-ae87-27840a46f772,IG Story,VIDEO,5.10.2026 20:50:34,,https://www.instagram.com/stories/riderspardubice/4001478534732316633,,330,,,1
vsefalcons,instagram,709fceba-e311-48e7-9057-f54a587abf4a,503d76d6-67be-4a23-969a-46fd2cceca11,IG Story,VIDEO,2.4.2026 8:54:17,🤫,https://www.instagram.com/stories/vsefalcons/3866309741924331828,1039,1242,,,4
@hcnorthwings,facebook,2b08a479-603b-46e4-8a48-2bc0435ccd53,68eb868c-b3ef-41c3-bd3b-eff9cc710127,FB Story,VIDEO,9.9.2026 18:54:05,,https://facebook.com/stories/101955925269645/UzpfSVNDOjI0OTg4ODAyNTcyNjQzOTk=/?view_single=1,,,,,
@united_hk,instagram,b18c071b-0570-48b2-b743-990c668c3c5b,728012a5-d365-49dd-ba4e-63435a06129a,IG Story,VIDEO,28.9.2026 16:00:57,@amitydrinks.cz  s aplikací UNILIFE ušetříte!,https://www.instagram.com/stories/united_hk/3996259366356960666,,1109,,,5
@bitvaoprahu,instagram,d7c8aa06-74fb-4c6c-a7d2-c2fe1bf6d59c,74f2c683-2789-47d6-b372-1506c7b3f537,IG Reel,VIDEO,12.3.2026 18:19:42,"FALCONS JSOU BLÍZKO! 🦅🥉

Finálový večer @bitvaoprahu můžete sledovat živě na @sport_ct ➕. 📺",https://www.instagram.com/reel/DVy0yipjLOD/,,15203,266,,11
vsefalcons,instagram,709fceba-e311-48e7-9057-f54a587abf4a,8b733a7d-b968-403a-950e-8272b8f66dd4,IG Post,ALBUM,12.3.2026 10:38:41,"Jste připravení? 🫨 Kdybyste náhodou nevěděli, co před @bitvaoprahu stihnout, tak jsme vám to sepsali 👆🏻
Teď je to na vás. Tribuna musí být slyšet až na led. 🤍",https://www.instagram.com/p/DVyAToCiGwx/,,14423,254,,46
vsefalcons,instagram,709fceba-e311-48e7-9057-f54a587abf4a,964d952c-27f9-476c-866c-ea39fa1fbe90,IG Reel,VIDEO,23.9.2026 15:46:26,"První zápas a první výhra ✅

Žádné trendující audio, tohle si užijte v originále 🦅",https://www.instagram.com/reel/DdoqCN2Ig0J/,,8526,264,,6
@cvutengineers,instagram,11963a07-7f0f-48e6-9d81-aa63a7ff4a04,b233fd0b-2c69-4867-b3b4-5e08a8522f45,IG Story,VIDEO,22.9.2026 17:48:29,VY CHCETE GÓL? 🫣,https://www.instagram.com/stories/cvutengineers/3991964832634815311,,1442,,,3
@united_hk,instagram,b18c071b-0570-48b2-b743-990c668c3c5b,b40bef2a-6dcf-4316-b2cd-eadcef429017,IG Post,IMAGE,1.10.2026 9:06:25,"ŘÍJEN BUDE NABITÝ! 🏒

Čeká nás pět zápasů, z toho dva doma - jeden v ČPP aréně a další v Malé hale. A na konci měsíce vyrážíme do Pardubic na Východočeské derby!

📅 5. 10. | ČVUT Engineers | DOMA
📅 7. 10. | VUT Cavaliers | VENKU
📅 12. 10. | UK Kings | DOMA
📅 21. 10. | UJEP North Wings | VENKU
🔥 26. 10. | UPCE Riders | DERBY V PARDUBICÍCH

🎟️ Vstupenky na domácí zápasy: unitedhk.cz/zapasy
🚌 Výjezd na derby: unitedhk.cz/vyjezd

Kde se uvidíme? 👀

#allforunited",https://www.instagram.com/p/Dd8jG5hoNJo/,,3293,59,1,23
@univerzitnihokej,instagram,1e114592-3529-4cfe-9977-2598454053af,ecd12d86-9175-42da-b879-0fdbecdbcf65,IG Post,IMAGE,27.3.2026 16:54:44,"A letošní sezóna definitivně skončila také pro brněnské medvědy z @hc_muni , kteří nedosáhli na play-in 💔

Děkujeme, i na vás se budeme těšit zase na podzim! 🤗",https://www.instagram.com/p/DWZTRFeCNMB/,,4030,143,,2
vsefalcons,instagram,709fceba-e311-48e7-9057-f54a587abf4a,00336eac-0102-4361-88fd-a8231bbeeffd,IG Story,VIDEO,18.9.2026 17:36:01,poslední zkouška nanečisto 😮‍💨,https://www.instagram.com/stories/vsefalcons/3989059453764295666,,792,,,
@united_hk,instagram,b18c071b-0570-48b2-b743-990c668c3c5b,40c5c46b-e34c-49ef-9b7a-7e256b60935a,IG Story,IMAGE,25.4.2026 11:09:27,Díky za návštěvu @novas.a_16,https://www.instagram.com/stories/united_hk/3883047622818707904,,1326,,,12
vsefalcons,instagram,709fceba-e311-48e7-9057-f54a587abf4a,56a80ad3-0119-4ef4-a1e1-185858a54cdc,IG Story,VIDEO,11.2.2026 20:44:51,,https://www.instagram.com/stories/vsefalcons/3830428589875534429,752,752,,,2
@riderspardubice,instagram,4d6a67ab-9313-4f77-a82e-abb18adbca5d,602fe2e8-f830-44d2-9be5-4fc8da492dfe,IG Story,VIDEO,10.4.2026 12:15:47,@stolda_10,https://www.instagram.com/stories/riderspardubice/3872209354795802721,,464,,,
@riderspardubice,instagram,4d6a67ab-9313-4f77-a82e-abb18adbca5d,9e80bdeb-3307-48f3-bdf9-35627568637d,IG Story,IMAGE,6.10.2026 9:42:56,v aplikaci @unilifecz máte slevu na UNIHOKEJ.TV 🤩,https://www.instagram.com/stories/riderspardubice/4001867274364755826,,847,,,1
vsefalcons,instagram,709fceba-e311-48e7-9057-f54a587abf4a,f7af3804-3556-4883-9302-ccab2555d53b,IG Story,VIDEO,10.2.2026 18:42:24,TAKY SCHVALUJE @hamrbrmbrm13 🎶,https://www.instagram.com/stories/vsefalcons/3829642194693185983,,1286,,,1
@akademiciplzen,instagram,65494228-95bf-4f7b-8e68-d47d7262db66,2b7b4566-e217-4136-bda8-34a58a632d00,IG Story,VIDEO,6.10.2026 18:07:06,JDEME NA TO! 👊🏻,https://www.instagram.com/stories/akademiciplzen/4002122065947403663,,1081,,,2
@bitvaoprahu,instagram,d7c8aa06-74fb-4c6c-a7d2-c2fe1bf6d59c,300541cd-a59e-4738-aab1-f3f7acd5d499,IG Post,IMAGE,12.3.2026 6:05:54,Rise and shine… IT’S BITVA DAY 🥳🤩,https://www.instagram.com/p/DVxg8M-jMCI/,,35565,477,4,84
vsefalcons,instagram,709fceba-e311-48e7-9057-f54a587abf4a,550b8c3d-c5ba-4abe-a2b6-80bf9f578637,IG Story,VIDEO,24.4.2026 10:40:19,🏃🏽,https://www.instagram.com/stories/vsefalcons/3882293854137238060,641,718,,1,2
@riderspardubice,instagram,4d6a67ab-9313-4f77-a82e-abb18adbca5d,73611911-fbd7-4dbd-8dc9-28ff4cf1ffbe,IG Post,IMAGE,17.4.2026 7:52:39,"Pardubáci jedeme do Prahyyyy! 🥁
Po druheee! 😂

Sejdeme se před druhou hodinou na Pardubice hl. n. a ve 14:00 vyrazíme směr zimní stadion Eden! 

Však to znáte, stejně jako včera!",https://www.instagram.com/p/DXOZzrqjJCf/,,3680,106,1,7
@riderspardubice,facebook,f99ed6c3-17cc-46f4-a32e-d9b0576ce2df,8b46845a-e69f-4388-90cd-08cbbed7a5cf,FB Post,IMAGE,26.3.2026 8:31:30,"Čeká nás PLAY-IIIIN! 💣

V pondělí jsme uzavřeli základní část a jdeme do play-in! Kdo se za námi staví v Ostravě!

🙌 A pojďme se taky ještě rychle vysvětlit, jak funguje play-in: 

👉 Týmy na 3.–10. místě nastoupí do semifinále play-in, odkud vítězové postupují do finále play-in. Týmy na 1.–2. místě jdou rovnou do finále play-in, kde se bojuje o přímý postup. 👀 Vše se hraje na jeden zápas.

👉 Dva lépe nasazené týmy, které prohrají ve finále play-in, dostanou ještě jednu šanci v tzv. lucky loser zápase o poslední postupové místo.

👉 4 nejlepší týmy se následně utkají na @unihokejfinalfour 16.–17. dubna v pražském Edenu.",https://www.facebook.com/1592662819534019/posts/1587293630070938,530,,3,,
vsefalcons,instagram,709fceba-e311-48e7-9057-f54a587abf4a,e02889c9-ee5e-466c-817b-51615b79384c,IG Story,VIDEO,8.2.2026 16:21:34,📍 vlaštovky doletěly 🦅,https://www.instagram.com/stories/vsefalcons/3828121772126389657,,1021,,,3
@cvutengineers,instagram,11963a07-7f0f-48e6-9d81-aa63a7ff4a04,f7dd9f90-d3d9-49ea-ac1f-e6b93201c93e,IG Reel,VIDEO,28.9.2026 11:18:13,"🚨30. 9. bude nabitý. 👀 
Nejdřív zápas proti @czufarmers , pak @vitejte_na_cvut. 
Takže přijďte fandit a potom přesun na party🪩
🎟️ lístky v aplikaci UniLife",https://www.instagram.com/reel/Dd1DxAWs83w/,,6318,160,1,58
@united_hk,instagram,b18c071b-0570-48b2-b743-990c668c3c5b,fb6d7b9c-97ec-4920-8333-851d5c5b8e0e,IG Story,IMAGE,22.9.2026 18:02:24,Precizní práce kustoda,https://www.instagram.com/stories/united_hk/3991971849864482589,,536,,,1
@BOhokej,facebook,c9082543-a03b-490f-8f97-66d439acce89,03816dfd-811a-436b-81d4-3e2b25102f44,FB Post,IMAGE,14.4.2026 10:26:04,"Rádi bychom poděkovali trenérovi Honzovi Dětskému za tři úspěšné roky, které jsme mohli strávit pod jeho vedením.
Děkujeme za jeho přístup, podporu, trpělivost i nasazení, které nám po celou dobu předával.

Odnášíme si spoustu zkušeností i společných vzpomínek, na které budeme rádi vzpomínat.
Věříme, že se naše cesty v budoucnu ještě setkají.

Přejeme mnoho úspěchů do další etapy a ještě jednou VELKÉ DÍKY✨",https://www.facebook.com/1477974067675582/posts/1489225883217067,830,,5,,
@AkademiciPlzen,facebook,d87b94e3-03e8-45d0-b92e-75e9b819545c,19676740-0ae5-483e-8799-624d381dfa85,FB Post,ALBUM,29.3.2026 13:23:57,"Co je to vlastně to PLAY-IN? 🧐

Tady máš celý návod, jak se dostat až do Final Four.
Dočti až do konce a budeš zas o něco chytřejší. 🧠💡",https://www.facebook.com/1357105236437494/posts/1354986759982675,774,,5,,
@united_hk,instagram,b18c071b-0570-48b2-b743-990c668c3c5b,301991c9-8bd4-4057-858f-eff807c3572c,IG Post,PHOTO,30.3.2026 17:50:24,"Zítra začíná PLAY-IN.

1 zápas, kdy se hraje o všechno. Když vyhrajeme, postupujeme dál do dalších bojů o místo na Final Four.

Přijedeš nás podpořit?

Jedeme ALL IN. 🖤🧡

#unitedhk #unihokej #uhk #hradeckralove",https://www.instagram.com/p/DWhHyYbiLcJ/,,2735,39,,3
@hcmuni,facebook,d1f9e9f9-7526-42d4-85aa-13f91e89f7cf,7d0dfd75-1174-4462-94f7-3eff0626436f,FB Post,IMAGE,14.3.2026 9:07:36,"GAMEDAY je tady! 🔥
Dnes nás čeká další bitva na domácím ledě 🏒⚔️
A ty u toho nesmíš chybět! 🐻💙

Lístky kupuj tady https://hcmuni.enigoo.cz/app/tickets/events 🎟️

#hcmuni",https://www.facebook.com/1581741777288398/posts/1565089512286958,236,,2,,
@riderspardubice,instagram,4d6a67ab-9313-4f77-a82e-abb18adbca5d,d11cbff1-cf86-4dc1-a08a-f9d8dfd82b90,IG Post,IMAGE,15.4.2026 6:00:03,"Jedeme do Prahy reprezentovat na @unihokejfinalfour Riders, Pardubice i naši @upce_cz a bojovat s pražskými týmy o titul vládce ligy. ♥️

🏒 SEMIFINÁLE
🆚 @ukkingsprague
📍 Zimní stadion Eden, Praha
🕓 16. dubna | 16:30

👉 2 dny plný hokeje, atmosféry a afterparty

Ve čtvrtek se rozhodne, jestli půjdeme do finále, nebo o bronz – každopádně v pátek se hraje o medaile.

Pojď do toho s námi a buď u toho.

🎟️ Vstupenky najdeš v BIU.",https://www.instagram.com/p/DXJDdBpjAgQ/,,5018,88,,1
@united_hk,instagram,b18c071b-0570-48b2-b743-990c668c3c5b,df2436e2-10ba-4f47-ba1b-c4457f8fc497,IG Story,VIDEO,20.8.2026 12:33:51,,https://www.instagram.com/stories/united_hk/3967888865754668308,,651,,,2
@cvutengineers,instagram,11963a07-7f0f-48e6-9d81-aa63a7ff4a04,0820bd5a-8b31-4385-b42a-0163956a104e,IG Post,IMAGE,22.9.2026 15:12:25,"🔥 Outfit cheeeeck. 
Nový dresy jsou ready, za chvíli jdeme na to! 

#engprg",https://www.instagram.com/p/DdmB2V-jIfc/,,11287,283,,7
vsefalcons,instagram,709fceba-e311-48e7-9057-f54a587abf4a,1182ab86-f8db-4042-82fa-553c8586b44e,IG Post,IMAGE,26.9.2026 13:53:00,"The Semester Opener was one big party and the atmosphere was absolutely crazy. Let’s do it all over again!

This time we’re taking you on a trip around the world 🌍 with songs and activities from all your home countries, an intermission quiz, fan competitions and our Falcons merch on sale 🤩

6/10 | 20:00 | Ice Arena Kateřinky

This game is powered by our general partner @grantthorntoncz 🔋

See you! 👋🏼",https://www.instagram.com/p/DdwLOF4hwua/,,9238,119,,26
@218107044725785,facebook,7a942e3e-6c47-4794-9ba7-bbc7b6d40cb3,11b4c22f-3ad0-423a-836a-514d57774139,FB Video,VIDEO,30.9.2026 18:59:58,ROCKSTAR @jirkafibigr 🎸🤘🏼,https://www.facebook.com/reel/1702653467501951/,1527,753,15,,
@bitva_o_budejce,instagram,f977c0af-061e-4c10-813f-da5818f8a748,2722eb55-e2d0-4dcb-b15e-7ccc8c8df784,IG Story,VIDEO,6.10.2026 7:34:53,"TO BYCHOM NEBYLI MY…
KDYBYCHOM SI NA AFTER NENECHALI JEŠTĚ  PŘEKVAPENÍ. 🔥",https://www.instagram.com/stories/bitva_o_budejce/4001802831900079146,,572,,,1
@united_hk,instagram,b18c071b-0570-48b2-b743-990c668c3c5b,504786ba-d970-49cc-8edc-e03c45769feb,IG Story,VIDEO,28.9.2026 20:50:16,,https://www.instagram.com/stories/united_hk/3996404988212969391,,414,,,
vsefalcons,instagram,709fceba-e311-48e7-9057-f54a587abf4a,5ae7fe94-9301-4cf8-bdff-4a0f7f60e5b3,IG Story,VIDEO,24.2.2026 19:02:56,SOUBOJ DVOU KMENŮ ZAČÍNÁ 🏝️,https://www.instagram.com/stories/vsefalcons/3839799398662420984,,884,,,2
vsefalcons,instagram,709fceba-e311-48e7-9057-f54a587abf4a,8582937d-9adc-472f-b40e-cd8f37e39a8f,IG Story,VIDEO,15.9.2026 11:45:26,,https://www.instagram.com/stories/vsefalcons/3986708648679750605,,1125,,,1
vsefalcons,instagram,709fceba-e311-48e7-9057-f54a587abf4a,944f3fbf-99e0-4ddb-9615-e203be47cf89,IG Reel,VIDEO,1.3.2026 8:29:43,"win or lose? 🤔 

#vsefalcons #vse",https://www.instagram.com/reel/DVVcpaLCHLz/,,312,5,,1
vsefalcons,instagram,709fceba-e311-48e7-9057-f54a587abf4a,c4baa825-a230-4374-962d-a98638d9d92f,IG Reel,VIDEO,10.2.2026 7:37:49,"GAMEDAY
Na ledě dostihy, na tribunách sázky! 🏇🎲
Vidíme se v 19:45 na Kateřinkách 🫵🏻🔥",https://www.instagram.com/reel/DUka2uQiGDA/,,3795,60,,5
@boostrava,instagram,1176ddaf-d366-48a2-9639-3c6694c72c85,cb99ee74-83bb-4a44-b4be-1e88faf0cf60,IG Story,IMAGE,28.9.2026 17:41:51,1 0,https://www.instagram.com/stories/boostrava/3996310126117835212,,364,,,
@riderspardubice,instagram,4d6a67ab-9313-4f77-a82e-abb18adbca5d,e127fe92-5964-4fdd-ae08-8cc068901a9d,IG Story,VIDEO,30.9.2026 20:00:45,,https://www.instagram.com/stories/riderspardubice/3997829582241788171,,353,,,
@univerzitnihokej,instagram,1e114592-3529-4cfe-9977-2598454053af,e353ea2d-336b-4986-802e-0b2aa85eaf6c,IG Post,IMAGE,12.4.2026 13:58:39,"FINAL FOUR JE KOMPLETNÍ! ✅

Tahle čtyřka bude už ve čtvrtek a pátek bojovat o titul 🏆

Jak bude vypadat program čtvrtečních semifinále?
🕐 16:30 | @ukkingsprague vs. @riderspardubice 
🕐 20:15 | @cvutengineers vs. @vsefalcons 

Nejlevnější lístky najdeš právě teď na finalfour.cz 🎟️",https://www.instagram.com/p/DXCL1YTiI_i/,,39028,597,3,283
@hc_muni,instagram,43cd62c8-609d-4ea6-8ce9-cae5242ede0c,fa33e31d-b760-438b-b08d-d2fe1045a944,IG Post,IMAGE,20.3.2026 13:33:47,"Jak už bývá zvykem, na derby s @vutcavaliersbrno je vždycky pořádně veselo💙❤️
Tak si ho nenech ujít i tentokrát!⚔️

Lístky seženeš u nás v biu🎟️",https://www.instagram.com/p/DWG6tHNDLkP/,,10215,239,2,18
@riderspardubice,instagram,4d6a67ab-9313-4f77-a82e-abb18adbca5d,1c0dfaa9-9d0b-4d32-b87c-0250ae4d5e25,IG Story,VIDEO,2.9.2026 18:12:00,@matejterc 😍,https://www.instagram.com/stories/riderspardubice/3977482515900376374,,1130,,,4
@cvutengineers,instagram,11963a07-7f0f-48e6-9d81-aa63a7ff4a04,46466515-f74d-43df-92ae-4d298d4d9c65,IG Story,VIDEO,16.9.2026 17:55:45,,https://www.instagram.com/stories/cvutengineers/3987619839220664583,,761,,,3
@unitedhk,facebook,bfe6cc29-a387-41b9-9bca-b077722556af,78665d37-65c3-40b7-87d9-031001ed8e9c,FB Video,VIDEO,2.10.2026 13:19:33,"Styling Challenge přímo v ČPP aréně. ✂️

Barber a kadeřník Viktor Borčický se na Otvíráku postaral o jednu z těch soutěží, které na běžném hokeji úplně nepotkáš.

Díky Viktore za podporu UNIted HK a za to, že jsi byl u našeho prvního domácího večera sezóny. 🖤🧡

#allforunited",https://www.facebook.com/reel/1080924534853869/,710,295,2,,
vsefalcons,instagram,709fceba-e311-48e7-9057-f54a587abf4a,7886de3c-e1d4-4306-a971-cfb717b93603,IG Story,VIDEO,24.2.2026 22:16:13,,https://www.instagram.com/stories/vsefalcons/3839896659404830476,596,815,,,1
vsefalcons,instagram,709fceba-e311-48e7-9057-f54a587abf4a,8d64ec0c-65f6-4592-a994-34072da68112,IG Story,VIDEO,13.3.2026 16:20:02,,https://www.instagram.com/stories/vsefalcons/3852038576838031686,894,808,,,
@unitedhk,facebook,bfe6cc29-a387-41b9-9bca-b077722556af,8dc37d3f-6070-403f-a39b-0a59346d2891,FB Story,VIDEO,5.10.2026 19:18:56,,https://facebook.com/stories/122099775710388974/UzpfSVNDOjI4NDIyODExOTYxNTY0NzA=/?view_single=1,,,,,
@akademiciplzen,instagram,65494228-95bf-4f7b-8e68-d47d7262db66,9df0e14a-a6cb-45e6-acb0-66df48e1ba35,IG Story,VIDEO,1.4.2026 19:51:24,,https://www.instagram.com/stories/akademiciplzen/3865915695846710923,,948,,,1
vsefalcons,instagram,709fceba-e311-48e7-9057-f54a587abf4a,cd0ee6ed-7862-4834-a8df-3de56f9ffb1b,IG Story,VIDEO,24.2.2026 20:51:47,,https://www.instagram.com/stories/vsefalcons/3839857124415374070,654,966,,,3
@univerzitnihokej,instagram,1e114592-3529-4cfe-9977-2598454053af,d18d1cd9-4b5c-4220-9ecd-3fb92708ff33,IG Reel,VIDEO,2.4.2026 15:11:18,Jonáš Jobánek tímto gólem v prodloužení zajistil postup @vsefalcons do finále PLAY-IN 🦅,https://www.instagram.com/reel/DWoj3LPCHVV/,,10747,329,2,9
@riderspardubice,instagram,4d6a67ab-9313-4f77-a82e-abb18adbca5d,ebe183d4-9a32-4b1c-87ec-c26c224d71af,IG Post,IMAGE,13.9.2026 19:35:59,Dnes nám to bohužel nevyšlo a @vutcavaliersbrno doma vítězí👀,https://www.instagram.com/p/DdPUoJkxmnv/,,4008,92,,1
@vutcavaliersbrno,instagram,b384bebf-72f3-4f9d-8b2d-3677709f6966,09e19a2a-83c4-431b-8fc2-6c814f9ba5bb,IG Story,IMAGE,23.9.2026 18:45:57,"🚨2:3
⏰ 1:59
@grulda14",https://www.instagram.com/stories/vutcavaliersbrno/3992718503464492586,,615,,,
vsefalcons,instagram,709fceba-e311-48e7-9057-f54a587abf4a,1586d9cf-5d1e-4a20-a08a-a9dc05be78f7,IG Post,IMAGE,11.6.2026 17:08:22,"Představujeme vám exkluzivní Falcons nominaci na letošní Fifa World Cup ⚽️🏆

Který z našich kluků má podle tebe největší šanci na Zlatý míč? Hlasuj v komentářích! 👇

#vsefalcons #fifaworldcup",https://www.instagram.com/p/DZdBPcEiJSh/,,5948,163,,107
@engineersprague,facebook,afd06d1d-7b1c-4f66-8d93-ce4255ab773c,7015b940-2b3f-41e2-9631-bb1234a82b1b,FB Story,VIDEO,2.3.2026 19:00:12,,,,,,,
@univerzitnihokej,facebook,01b45180-0b14-4a14-96e8-d0a4bab1fb9f,8a471db9-2a6a-4ae4-bf22-f282d4cdddf4,FB Video,VIDEO,12.3.2026 15:20:48,My jsme ready 👀 a co vy?,https://www.facebook.com/reel/1237087931735468/,1310,395,6,,
@univerzitnihokej,instagram,1e114592-3529-4cfe-9977-2598454053af,9e2c6c76-23fd-4330-a11b-9f2a0a607976,IG Post,IMAGE,23.3.2026 8:15:50,"Cílová rovinka základní části je tady! 🏁 Čeká nás východočeské a brněnské derby, celé to pak zakončí ve středu posledním zápasem Engineers s North Wings 👊🏼",https://www.instagram.com/p/DWOEs-4iAq_/,,4992,105,,10
@riderspardubice,facebook,f99ed6c3-17cc-46f4-a32e-d9b0576ce2df,12f9b6e4-baa5-4f96-8c81-7d3a48eec8c2,FB Post,IMAGE,13.3.2026 17:04:47,"Soutěž o voucher pro tři osoby do SKYBOXu od @enteria_holding 🤩🥂

Označ v komentářích dva kamarády, se kterými bys zašel na Last Dance a příští týden ve čtvrtek vyslovujeme dva výherce voucherů, kteří si užijí poslední zápas semestru s jedinečným výhledem! 👏🥳

*podmínkou účasti je zveřejnění jednoho stories ze skyboxu během zápasu na vaše sociální sítě s označením účtu @riderspardubice a @enteria_holding",https://www.facebook.com/1592662819534019/posts/1575487301251571,137,,,,
@univerzitnihokej,facebook,01b45180-0b14-4a14-96e8-d0a4bab1fb9f,4863b819-72f2-4505-b451-6224c3e4714b,FB Video,VIDEO,8.4.2026 19:25:40,"FALCONS postupují jako první do @unihokejfinalfour 🦅

Fanoušci Eden čeká 🏟️ 16.-17. dubna ➡️ lístky na finalfour.cz 🎟️",https://www.facebook.com/reel/920090124187461/,1836,750,8,,
vsefalcons,instagram,709fceba-e311-48e7-9057-f54a587abf4a,e8fb7db2-7a1f-4d37-baa9-455dd175ae4d,IG Story,VIDEO,27.3.2026 7:54:40,,https://www.instagram.com/stories/vsefalcons/3861931077426248862,884,1063,,,2
@218107044725785,facebook,7a942e3e-6c47-4794-9ba7-bbc7b6d40cb3,36994072-a3d8-4f6a-8833-93d7dc6464c3,FB Story,IMAGE,20.9.2026 11:44:11,,https://facebook.com/stories/122096877530218300/UzpfSVNDOjMxMTgzNTc1NTE3MDcxNTQ=/?view_single=1,,,,,
@akademiciplzen,instagram,65494228-95bf-4f7b-8e68-d47d7262db66,b0910f0b-3b3a-4bd5-9849-7f697f67cbdf,IG Story,VIDEO,17.9.2026 18:19:41,PRVNÍ GÓL DÁVÁ 🙌🏻 1 : 0 LUKÁŠ FOLDA! @lukas.folda072,https://www.instagram.com/stories/akademiciplzen/3988356644894585498,,1217,,,1
@VUTCavaliersBrno,facebook,3351b43e-4b71-442b-b2f1-920cd6e57ee5,c13ec71a-e51d-436a-9d4e-1359e5f54d3b,FB Story,IMAGE,29.9.2026 7:38:24,,https://facebook.com/stories/100667195401737/UzpfSVNDOjExMDUxNTYwMzI0NTg5NjY=/?view_single=1,,,,,
@bitvaoprahu,instagram,d7c8aa06-74fb-4c6c-a7d2-c2fe1bf6d59c,eee121a2-d206-4776-b3f5-b0f5d5dcd724,IG Post,IMAGE,1.10.2026 17:04:51,"Nastavte si budíky, PONDĚLÍ 18:00 spouštíme 1. vlnu vstupenek😮‍💨",https://www.instagram.com/p/Dd9ZMU0uo0O/,,32017,483,2,646
@akademiciplzen,instagram,65494228-95bf-4f7b-8e68-d47d7262db66,f04715b3-3613-478d-babc-4d2047a370c6,IG Story,VIDEO,26.9.2026 21:23:20,VÝHRA! VÝHRA! 🤩,https://www.instagram.com/stories/akademiciplzen/3994972047738204082,,467,,,
@univerzitnihokej,facebook,01b45180-0b14-4a14-96e8-d0a4bab1fb9f,11099c44-b1a5-4a68-a6c0-37b8411dc65e,FB Post,IMAGE,8.4.2026 8:32:45,"Finále play-in přinese pražské derby 🔥
Všechny výhry na straně UK Kings, ale Farmers ukázali minulý týden, že umí překvapit. 🫡

Na jaké straně Prahy dnes budete stát? 👇🏻",https://www.facebook.com/1275398168115026/posts/1281051500883026,298,,2,,
@univerzitnihokej,instagram,1e114592-3529-4cfe-9977-2598454053af,59b40c84-d678-4de6-b039-7a80ae9dff0b,IG Reel,VIDEO,30.3.2026 12:09:32,"Uvidíme tady traktory, koně nebo snad plzeňský pivo? Kreativitě se meze nekladou 🫰🏼",https://www.instagram.com/reel/DWggQ6NCKcm/,,8574,169,76,6
vsefalcons,instagram,709fceba-e311-48e7-9057-f54a587abf4a,a50f1245-70f9-4f6b-91e4-cae9d93519b9,IG Story,IMAGE,13.3.2026 16:19:33,,https://www.instagram.com/stories/vsefalcons/3852038330137486630,919,897,,,3
@cvutengineers,instagram,11963a07-7f0f-48e6-9d81-aa63a7ff4a04,c78f0f4f-ccaa-47aa-bcf5-3ca4afce4a5a,IG Story,VIDEO,13.4.2026 15:01:43,DÁME DO TOHO VŠECHNO! PROTOŽE MÁME #SRDCELVA,https://www.instagram.com/stories/cvutengineers/3874467196638628599,,698,,,3
@united_hk,instagram,b18c071b-0570-48b2-b743-990c668c3c5b,cd460395-da84-43fd-8d69-1d963c241924,IG Post,IMAGE,26.8.2026 18:34:05,"Příprava pokračuje těsnou prohrou.

S HC Náchod prohráváme 4:5 po prodloužení.

Herně jsme měli velkou část zápasu navrch a dostávali se do šancí, tentokrát nám ale chyběla lepší efektivita v zakončení.

Víme, na čem dál pracovat 😉",https://www.instagram.com/p/Dcg3dILIcrM/,,4296,76,,17
vsefalcons,instagram,709fceba-e311-48e7-9057-f54a587abf4a,2ba0b232-e849-4b33-9330-5807c4bc8ead,IG Story,VIDEO,12.3.2026 15:55:07,,https://www.instagram.com/stories/vsefalcons/3851302428813610334,1459,1290,,,3
@VUTCavaliersBrno,facebook,3351b43e-4b71-442b-b2f1-920cd6e57ee5,2c059316-dd40-427e-8f41-76332f1c3e41,FB Story,IMAGE,23.8.2026 9:06:34,,https://facebook.com/stories/100667195401737/UzpfSVNDOjE1NzcwMjIyNjc0MDU5NzA=/?view_single=1,,,,,
vsefalcons,instagram,709fceba-e311-48e7-9057-f54a587abf4a,73b75456-95c8-448a-9c67-2761fefccf73,IG Story,IMAGE,24.2.2026 20:24:03,0 3,https://www.instagram.com/stories/vsefalcons/3839840208376313118,669,937,,,8
@united_hk,instagram,b18c071b-0570-48b2-b743-990c668c3c5b,b61f2bc2-1429-40ac-8d64-56a4214d8c11,IG Reel,VIDEO,16.8.2026 8:05:41,"Návštěva až z @mountfieldhk 🏒🥅🦁

#ironmanczechrepublic #mountfieldhk #unitedhk",https://www.instagram.com/reel/DcF_NzBoyZJ/,,5656,110,,2
@riderspardubice,instagram,4d6a67ab-9313-4f77-a82e-abb18adbca5d,d686284a-698c-4fac-9b7d-802b1925951f,IG Reel,VIDEO,5.9.2026 10:01:19,"Pokud máš 8.9. čas, tak přijď na 5. ročník benefičního festivalu pro @farma_u_veselyho_psa a podpoř dobrou věc!🐶

U nás si můžeš zastřílet na branku a pokecat s našimi hráči!🔥 

Budeme se těšit!❤️",https://www.instagram.com/reel/Dc5sT-wRqnn/,,7884,152,3,44
@riderspardubice,instagram,4d6a67ab-9313-4f77-a82e-abb18adbca5d,19d439aa-96a3-43f0-acc1-ebf86ff42204,IG Story,VIDEO,8.4.2026 18:32:45,@skekopardubice  Vinky,https://www.instagram.com/stories/riderspardubice/3870949546859995592,,607,,,6
vsefalcons,instagram,709fceba-e311-48e7-9057-f54a587abf4a,442b4ac5-17b2-4fb9-aff7-3a02b2c3184e,IG Story,VIDEO,16.4.2026 16:46:06,předzápasové mediální povinnosti @michal.danniel na micu 🎙️,https://www.instagram.com/stories/vsefalcons/3876693852203539228,1087,1039,,,2
@AkademiciPlzen,facebook,d87b94e3-03e8-45d0-b92e-75e9b819545c,55586987-75e0-4a58-9b71-17a9886cafab,FB Video,VIDEO,3.9.2026 10:57:45,"TRYOUT očima hráčů: Očekávání vs. realita 😆

Na tryoutu a na začátku přípravy jsme měli možnost vidět celkem 47 hráčů. 👏🏻Během zápasu oba dny byla na ledě znát pořádná dávka nervozity – každý chtěl ukázat to nejlepší a vybojovat si místo v týmu. 🔥

O tom, kdo se do týmu nakonec probojoval, už trenéři rozhodli… a vy se to dozvíte už brzy. 😎⏳

#akademiciplzen",https://www.facebook.com/reel/1591831049075964/,774,269,1,,
@univerzitnihokej,instagram,1e114592-3529-4cfe-9977-2598454053af,ad132152-636d-4093-9880-02ce74df066c,IG Reel,VIDEO,29.3.2026 18:51:40,"Jak skloubit medicínu s Univerzitním hokejem? 👨🏻‍⚕️ Strávili jsme den s @albert.skalsky z @ukkingsprague , celý díl najdete online na našem YouTube 🍿",https://www.instagram.com/reel/DWepykQiMiP/,,9058,254,1,18
@hc_muni,instagram,43cd62c8-609d-4ea6-8ce9-cae5242ede0c,1c38754c-9630-4b17-a351-266c197fa7d3,IG Post,IMAGE,28.9.2026 19:49:01,"Nevadí, stejně se říká, že první vyhrání – z kapsy vyhání…🤪

#MUNIBears  #desetfakultjednarodina",https://www.instagram.com/p/Dd19qUqu_aL/,,6543,119,,16
@AkademiciPlzen,facebook,d87b94e3-03e8-45d0-b92e-75e9b819545c,1cba33b9-47b0-421a-8892-bb87b90a2945,FB Post,IMAGE,23.9.2026 12:27:11,"CELÁ SEZÓNA. JEDNA AKADEMIČKA. 💙🏒

S Akademičkou máš domácí zápasy v kapse. A na sobě můžeš mít i naší novou fanouškovskou šálu! 🤩

🥇 GOLD | 1 390 Kč
Všechny domácí zápasy základní části • Jarní Bitva včetně After party • play-off • nová fanouškovská šála

🥈 SILVER | 990 Kč
13 domácích zápasů základní části

🛒 Odkaz na nákup najdeš v našem biu.

#akademiciplzen | 🎨 Hikky | grafický designér",https://www.facebook.com/1357105236437494/posts/1507257404755609,248,,2,,
vsefalcons,instagram,709fceba-e311-48e7-9057-f54a587abf4a,1ce96ef1-4357-41d9-aec8-dcb1a4700556,IG Story,VIDEO,3.2.2026 20:12:12,už zase pálí ostrými 🌶️,https://www.instagram.com/stories/vsefalcons/3824613972964315744,,1008,,,
@hcnorthwings,facebook,2b08a479-603b-46e4-8a48-2bc0435ccd53,6ee969c9-3b3e-4141-bfe1-24c512e55cb0,FB Story,VIDEO,4.3.2026 15:48:17,,,,,,,
@boostrava,instagram,1176ddaf-d366-48a2-9639-3c6694c72c85,71eac15b-bebe-4c21-b186-12e250dc50e6,IG Post,IMAGE,22.9.2026 18:03:06,"Dneska slaví narozeniny Milatič 🔥

Všechno nejlepší, Martine! 🎉",https://www.instagram.com/p/DdmVIolsAdF/,,2740,76,3,16
@engineersprague,facebook,afd06d1d-7b1c-4f66-8d93-ce4255ab773c,81c643e0-aab1-46c7-af73-f138c1b54982,FB Post,PHOTO,12.3.2026 8:13:12,"Finále Bitvy o Prahu je konečně tady! ⚔️

Čekání skončilo. Už dnes od 20:00 vypukne dlouho očekávaný duel proti UK 🔥. Slibujeme napínavou bitvu a vyhrocenou atmosféru, ve které se rozhodne o jediném – kdo ovládne Prahu. 🗝️🦁

Buďte u toho s námi. Těšíme se na vás! 👋🏻

Dnes | 20:00 | Finále",https://www.facebook.com/1560924572517692/posts/1543166240960192,323,,4,,
@VUTCavaliersBrno,facebook,3351b43e-4b71-442b-b2f1-920cd6e57ee5,b77a828c-f54c-4857-999f-8bc1a10347fd,FB Story,VIDEO,23.9.2026 20:09:07,,https://facebook.com/stories/100667195401737/UzpfSVNDOjEwNjg2MTM5ODI2NzY4NTM=/?view_single=1,,,,,
@bitva_o_budejce,instagram,f977c0af-061e-4c10-813f-da5818f8a748,d92a9ecc-af15-4150-9259-60056269a0e9,IG Post,IMAGE,4.9.2026 7:00:14,"60 dní do BITVY. 🏒🔥
Dvě univerzity.
Jedno město.
Jedna aréna.
A pořádná bitva o Budějce. ⚔️

📅 4. 11. 2026
📍 Budvar aréna

Už brzy odhalíme víc. 👀

Jsi ready na BITVU O BUDĚJCE?

#BitvaOBudějce #Budějce #VŠTE #JU hokej BudvarArena",https://www.instagram.com/p/Dc2y3BPME1d/,,5886,134,,13
@hcnorthwings,facebook,2b08a479-603b-46e4-8a48-2bc0435ccd53,385a393d-b5d7-4888-bdff-4b64a025a861,FB Video,VIDEO,19.3.2026 8:06:25,🎤 | Pozápasové ohlasy z 25. kola @univerzitnihokej v podání @united_hk (Filip #Samek) #univerzitnihokej,https://www.facebook.com/reel/1583298599599537/,289,95,,,
@united_hk,instagram,b18c071b-0570-48b2-b743-990c668c3c5b,39bd62b3-49af-4105-91f4-d8e78e9afe13,IG Story,IMAGE,26.9.2026 13:07:37,,https://www.instagram.com/stories/united_hk/3994722555002074614,,451,,,
@AkademiciPlzen,facebook,d87b94e3-03e8-45d0-b92e-75e9b819545c,3d7496b2-433a-49be-b2b5-af769d6b4547,FB Video,VIDEO,7.3.2026 12:56:56,"Jarní bitva doručila! 🚀 Nevíme jak vy, ale my tu energii vstřebáváme doteď. Absolutní strop, díky moc všem! 💙

edit: @jirikhozman",https://www.facebook.com/reel/1424364699188755/,626,162,2,,
@AkademiciPlzen,facebook,d87b94e3-03e8-45d0-b92e-75e9b819545c,54cf8f9a-a239-436b-abed-e2d88ae5c236,FB Video,VIDEO,18.3.2026 18:57:36,"Jak to vypadá v kabině, když se vyhraje důležitý zápas proti UK Kings? Nálada přesně, jak má být! 🙌🏻🔥

Budeme slavit i dnes? 👀
Sleduj zápas proti @vutcavaliersbrno PRÁVĚ TEĎ na Tipsportu! 🎥

#akademiciplzen 💙",https://www.facebook.com/reel/1993249351228591/,952,410,11,,
@riderspardubice,instagram,4d6a67ab-9313-4f77-a82e-abb18adbca5d,811ec7f7-e868-4d82-b8f4-1ab33369ea88,IG Reel,VIDEO,16.4.2026 14:22:35,Jsme v Praze ❤️‍🔥🐎,https://www.instagram.com/reel/DXMhrZyDD3A/,,3694,125,,3
@unitedhk,facebook,bfe6cc29-a387-41b9-9bca-b077722556af,a6d1e69b-96a9-400b-a1ea-38217563e829,FB Post,IMAGE,5.10.2026 19:44:08,"Dnešní zápas nevyšel, soupeř si odváží 3 body.

Ve středu se porveme v Brně a snad si ty body přivezeme domů!

#allforunited",https://www.facebook.com/122180651084388974/posts/122195269508388974,269,,,,
@BOhokej,facebook,c9082543-a03b-490f-8f97-66d439acce89,cf759017-0925-436c-8910-16f108a70665,FB Story,VIDEO,20.8.2026 15:14:01,,https://facebook.com/stories/100133738792962/UzpfSVNDOjI0OTkyMjk3NzM4ODI0OTg=/?view_single=1,,,,,
@unitedhk,facebook,bfe6cc29-a387-41b9-9bca-b077722556af,25f62ae9-f452-43d1-9522-d1b5d78724df,FB Story,IMAGE,6.9.2026 15:59:21,,https://facebook.com/stories/122099775710388974/UzpfSVNDOjIyNTc4MzQyMzgzODUzODg=/?view_single=1,,,,,
@akademiciplzen,instagram,65494228-95bf-4f7b-8e68-d47d7262db66,5148995f-abd5-44da-be20-9e8cda721675,IG Reel,VIDEO,5.3.2026 20:38:40,"Zařvat si a zatancovat, to prostě k sladké výhře patří! 😝🏆

#akademiciplzen 💙",https://www.instagram.com/reel/DVhDULkDFil/,,12986,399,,11
@derbyuniverzit,instagram,be83cfc5-0fa6-4f25-987e-ef890dd591ee,6193b3d1-7ea5-4597-ab44-9a75f0023f6c,IG Story,IMAGE,29.9.2026 11:48:16,,https://www.instagram.com/stories/derbyuniverzit/3996856930239789463,,319,,,5
@riderspardubice,instagram,4d6a67ab-9313-4f77-a82e-abb18adbca5d,8388606e-9c87-48ca-9e2f-b2d2c324ee1a,IG Story,IMAGE,12.4.2026 11:03:02,@tipsportcz,https://www.instagram.com/stories/riderspardubice/3873622288835045361,,1303,,,
vsefalcons,instagram,709fceba-e311-48e7-9057-f54a587abf4a,a697e5e8-b58a-44af-91ff-bb8cbca849c5,IG Story,VIDEO,11.3.2026 7:16:45,,https://www.instagram.com/stories/vsefalcons/3850315583741019082,763,1054,,,7
@bitvaoprahu,instagram,d7c8aa06-74fb-4c6c-a7d2-c2fe1bf6d59c,e5aa92a7-610e-4136-9aea-8dd0391c28ec,IG Story,IMAGE,5.10.2026 16:01:31,🎟️ 👈🏼,https://www.instagram.com/stories/bitvaoprahu/4001333050440845299,,3834,,,126
@univerzitnihokej,instagram,1e114592-3529-4cfe-9977-2598454053af,fda87a5d-3d69-4b90-9232-18b2a18de0dd,IG Story,IMAGE,5.10.2026 17:25:46,,https://www.instagram.com/stories/univerzitnihokej/4001375454788512939,,866,,,
@engineersprague,facebook,afd06d1d-7b1c-4f66-8d93-ce4255ab773c,1bc8e0df-efea-4195-bd1f-a773e09c6513,FB Post,IMAGE,30.9.2026 6:22:52,"🚨 GAMEDAY | Dnes vyrážíme na ČZU! 

Od 18:45 startuje v holešovické aréně další pražské derby 🔥 
Přijďte nás podpořit přímo na tribuny a udělat pořádnej bordel! 🗣️🦁

#srdcelva #engprg",https://www.facebook.com/1560924572517692/posts/1731992925410855,381,,3,,
@bitva_o_budejce,instagram,f977c0af-061e-4c10-813f-da5818f8a748,1c74b4b2-9194-4320-b5c6-5ae22f3badab,IG Post,IMAGE,25.9.2026 11:32:05,"⏳ 40 DNÍ.
Do chvíle, kdy Budvar aréna zase pozná, co znamená pořádná RIVALITA. 🐺🏒
🎟️ Jen 5 dní do konce nejlevnější vlny vstupenek.  JU × VŠTE
4. 11. 2026",https://www.instagram.com/p/DdtWtlOMxG7/,,3102,65,,37
@united_hk,instagram,b18c071b-0570-48b2-b743-990c668c3c5b,748eea08-96fd-4cad-a2f6-2ca6695c1c86,IG Story,IMAGE,28.9.2026 20:49:53,,https://www.instagram.com/stories/united_hk/3996404798722711650,,423,,,1
vsefalcons,instagram,709fceba-e311-48e7-9057-f54a587abf4a,8238c6ad-f28d-42d3-860f-ef8e80e723bc,IG Reel,VIDEO,10.3.2026 6:53:37,Dneska bude na Kateřinkách horko! 🤭,https://www.instagram.com/reel/DVscpMxCBS5/,,3752,52,3,9
@cvutengineers,instagram,11963a07-7f0f-48e6-9d81-aa63a7ff4a04,baa9cb7f-dc14-4325-b5db-894cc1eeb860,IG Story,VIDEO,11.9.2026 15:55:39,,https://www.instagram.com/stories/cvutengineers/3983935505032866108,,924,,,2
@boostrava,instagram,1176ddaf-d366-48a2-9639-3c6694c72c85,f3860e3a-0544-45a0-a68d-463ba19a3669,IG Story,VIDEO,31.3.2026 11:44:02,,https://www.instagram.com/stories/boostrava/3864945619844771540,,784,,,1
vsefalcons,instagram,709fceba-e311-48e7-9057-f54a587abf4a,f490046c-363a-41f5-81fd-8aa42d2f339e,IG Story,VIDEO,22.1.2026 20:01:32,,https://www.instagram.com/stories/vsefalcons/3815911303198316774,,825,,,1
@cvutengineers,instagram,11963a07-7f0f-48e6-9d81-aa63a7ff4a04,f7d76728-8c67-43cc-8560-4a0b90d686fc,IG Story,VIDEO,8.4.2026 16:31:59,💆🏻‍♂️ ⚽️ Teď  FOČUS a pak už jenom FOCUS,https://www.instagram.com/stories/cvutengineers/3870888771076255365,,1200,,,
@vutcavaliersbrno,instagram,b384bebf-72f3-4f9d-8b2d-3677709f6966,08a1f56c-f370-4028-bf0c-fd4b02782ffb,IG Story,VIDEO,15.9.2026 10:34:11,,https://www.instagram.com/stories/vutcavaliersbrno/3986672811673932402,,735,,,4
@engineersprague,facebook,afd06d1d-7b1c-4f66-8d93-ce4255ab773c,09c53e93-d3df-440e-b588-234bcf15f33b,FB Post,IMAGE,5.10.2026 19:50:13,"🧱 MAAARTIN ALTRICHTER! Alky nám dneska vychytal nulu. 
Jsi hvězda ⭐️!

#engprg",https://www.facebook.com/1560924572517692/posts/1738155114794636,866,,42,,
@boostrava,instagram,1176ddaf-d366-48a2-9639-3c6694c72c85,925a23c6-c0e3-4da5-b2aa-7382e92ae91c,IG Story,VIDEO,26.9.2026 20:26:08,POŠLI ŽRALOKŮM SÍLU 🦈,https://www.instagram.com/stories/boostrava/3994946233063759770,,254,,,
@218107044725785,facebook,7a942e3e-6c47-4794-9ba7-bbc7b6d40cb3,c2f805b8-d890-4a19-8a93-45829d27cdf1,FB Video,VIDEO,22.9.2026 6:49:24,"Je to tady. Dneska večer spolu zahájíme novou sezónu 👊🏼

Nezapomeň si stáhnout appku UniLife, kde najdeš lístky, a doraz včas! Akce začíná už v 19:00 ⏱️",https://www.facebook.com/reel/1633947448308560/,331,159,6,,
vsefalcons,instagram,709fceba-e311-48e7-9057-f54a587abf4a,ebc379e9-a33d-456d-a1c9-74d208b91169,IG Story,VIDEO,12.2.2026 15:38:01,,https://www.instagram.com/stories/vsefalcons/3830998929496355923,692,692,,,1
vsefalcons,instagram,709fceba-e311-48e7-9057-f54a587abf4a,43481f13-6209-46d3-8521-c1350c853823,IG Story,IMAGE,24.2.2026 22:15:39,,https://www.instagram.com/stories/vsefalcons/3839896370266265795,618,946,,,4
@riderspardubice,instagram,4d6a67ab-9313-4f77-a82e-abb18adbca5d,88c9e7bf-367e-4145-bba1-3a1312caa9d1,IG Story,VIDEO,12.4.2026 18:16:14,"s @foxconn_czech 
v zádech",https://www.instagram.com/stories/riderspardubice/3873840331028719270,,606,,,
@united_hk,instagram,b18c071b-0570-48b2-b743-990c668c3c5b,978cde1b-5769-4133-b9ab-3277707c46fa,IG Story,VIDEO,25.8.2026 15:39:16,POSILOVÁNÍ trocha před ledem,https://www.instagram.com/stories/united_hk/3971606085945063859,,821,,,
@riderspardubice,instagram,4d6a67ab-9313-4f77-a82e-abb18adbca5d,a38fec0c-965d-40a7-978f-7a9b1290335c,IG Reel,VIDEO,12.4.2026 15:05:25,@unihokejfinalfour těšíme se😎,https://www.instagram.com/reel/DXCTaRVDAEF/,,7265,301,1,53
@boostrava,instagram,1176ddaf-d366-48a2-9639-3c6694c72c85,bb7f3e60-8618-416b-b094-b4721daebd10,IG Story,VIDEO,27.4.2026 19:05:44,,https://www.instagram.com/stories/boostrava/3884736882219478190,,390,,,
@akademiciplzen,instagram,65494228-95bf-4f7b-8e68-d47d7262db66,bdc44195-5feb-4394-a7e2-b57e84c8c756,IG Story,VIDEO,6.10.2026 17:27:31,📍 ICE ARÉNA KATEŘINKY GETTING READY. GETTING READY. 💆🏻‍♂️,https://www.instagram.com/stories/akademiciplzen/4002101124618057897,,1202,,,2
@riderspardubice,facebook,f99ed6c3-17cc-46f4-a32e-d9b0576ce2df,db093e18-5f35-42e2-b12b-693dd71ed23d,FB Post,IMAGE,20.3.2026 13:00:22,"Vousy + teplákovka = Kopec 

Tak doraž na poslední domácí zápas semestru ve vousech i ty! 

🎟️ Vstupenky koupíš přes odkaz v BIU!",https://www.facebook.com/1592662819534019/posts/1581537760646525,220,,1,,
@hokejovy_souboj_univerzit,instagram,cb4021a2-14da-41f5-8b43-0502f11720aa,f03582a9-6721-4345-bbb5-880ca90a8efd,IG Post,IMAGE,17.9.2026 14:57:53,"🧮 JEDNODUCHÁ MATEMATIKA, KTEROU ZVLÁDNE KAŽDÝ 🤓
🏒 Hokej + 🎉 afterparty = 🔥 jeden pořádný večer
A když vezmeš náš výhodný balíček, máš oboje za lepší cenu 👈
Takže víc zábavy, míň počítání (jestli víš jak to myslíme) 😏🍻
Kdo počítá, ten kupuje balíček 👈 🎟️
👉 hsubrno.cz",https://www.instagram.com/p/DdZIHdCMGkG/,,8597,116,,73
@unitedhk,facebook,bfe6cc29-a387-41b9-9bca-b077722556af,18ee0ce8-4499-4a4f-b4d5-8b774578701d,FB Post,IMAGE,6.8.2026 9:45:50,"🎂 Dnes slaví narozeniny Radim Kala.

Radime, všechno nejlepší, hlavně hodně zdraví a povedený vstup do nové sezony.

Užij si to.",https://www.facebook.com/122180651084388974/posts/122190295850388974,206,,,,
@VUTCavaliersBrno,facebook,3351b43e-4b71-442b-b2f1-920cd6e57ee5,0c25be77-3117-41c1-9b5a-9af02625dd7e,FB Story,IMAGE,29.9.2026 18:43:13,,https://facebook.com/stories/100667195401737/UzpfSVNDOjEzMzA0NzkwMzAxNTE4ODc=/?view_single=1,,,,,
@cvutengineers,instagram,11963a07-7f0f-48e6-9d81-aa63a7ff4a04,112cba1b-47ca-43fa-b7a8-f7cbade79913,IG Post,IMAGE,2.3.2026 20:44:22,"Poprosíme hodit čepičku do komentářů pro Šachlíka, který se dneska v Pardubicích blýskl hattrickem 🧢😮‍💨",https://www.instagram.com/p/DVZVrGWjKDS/,,9952,292,20,29
@united_hk,instagram,b18c071b-0570-48b2-b743-990c668c3c5b,178d1191-14f8-47ee-a9ec-3346d9515e79,IG Story,VIDEO,28.4.2026 6:30:06,,https://www.instagram.com/stories/united_hk/3885081144098069617,,579,,,
@VUTCavaliersBrno,facebook,3351b43e-4b71-442b-b2f1-920cd6e57ee5,2bc3a7fc-aebe-42b1-8189-a90b00ca206c,FB Story,VIDEO,23.9.2026 21:06:14,,https://facebook.com/stories/100667195401737/UzpfSVNDOjE1OTIzMTI3NDI2NzY5NDE=/?view_single=1,,,,,
@218107044725785,facebook,7a942e3e-6c47-4794-9ba7-bbc7b6d40cb3,3586d648-bb20-4aeb-9168-154514b3dd4d,FB Story,IMAGE,30.9.2026 18:21:50,,https://facebook.com/stories/122096877530218300/UzpfSVNDOjMwOTQyNjE0OTc1NzI4MzY=/?view_single=1,,,,,
@univerzitnihokej,instagram,1e114592-3529-4cfe-9977-2598454053af,44d53ae5-9ef3-4984-bc86-00ac8e4ba33f,IG Story,VIDEO,17.4.2026 9:07:43,,https://www.instagram.com/stories/univerzitnihokej/3877181789462611058,,2038,,,
@boostrava,instagram,1176ddaf-d366-48a2-9639-3c6694c72c85,6e60ab5f-3e9d-4818-94d6-eb80d1e9eb01,IG Post,IMAGE,18.3.2026 11:28:32,"GAME DAY🔥 JEDEME DO PRAHY 
Sleduj živě a nebo doraz na Hvězdu!
@cvutengineers x @boostrava",https://www.instagram.com/p/DWBifgBDLX5/,,1978,25,,8
@univerzitnihokej,instagram,1e114592-3529-4cfe-9977-2598454053af,8e3649d9-ba03-4148-bc5f-76273fa57458,IG Post,PHOTO,1.4.2026 4:00:14,"Doprava na @unihokejfinalfour vyřešena ✅ Speciální Final Four tramvaj tě doveze až do Edenu 🚊
Tak kdo nastupuje? 👀",https://www.instagram.com/p/DWkx2hJCNts/,,20395,395,5,46
@univerzitnihokej,facebook,01b45180-0b14-4a14-96e8-d0a4bab1fb9f,e18c6c90-5f6b-4fd7-b08a-4c2cdf3a62f0,FB Post,IMAGE,1.4.2026 10:35:36,"Semifinále play-in dnes večer uzavře duel v plzeňské aréně 🙌🏼

Akademici 🆚 Farmers
Kdo zvítězí a bude o krok blíž k Final Four?",https://www.facebook.com/1275398168115026/posts/1275576008097242,326,,3,,
vsefalcons,instagram,709fceba-e311-48e7-9057-f54a587abf4a,4e8e0793-0f22-49d4-a9d6-ac2ef944111f,IG Post,IMAGE,8.9.2026 8:37:27,"Falcons rodinko, vidíme se už za ✌🏼 týdny!
Vstupenky kupuj přes odkaz na profilu 🎟️",https://www.instagram.com/p/DdBRRJqo8jn/,,4301,76,,5
@hcnorthwings,facebook,2b08a479-603b-46e4-8a48-2bc0435ccd53,6c0c8251-8c45-42eb-b97d-687929aaa3d8,FB Story,VIDEO,11.3.2026 16:35:12,,,,,,,
@univerzitnihokej,facebook,01b45180-0b14-4a14-96e8-d0a4bab1fb9f,9b028d95-756c-4d96-89b3-23936cc94a3f,FB Post,IMAGE,28.9.2026 20:43:22,Dneska berou výhry domácí týmy 🙂‍↔️ UNIted i Black Dogs si spravili chuť po minulém týdnu! 🙌🏻,https://www.facebook.com/1275398168115026/posts/1427916146196560,391,,1,,
@univerzitnihokej,instagram,1e114592-3529-4cfe-9977-2598454053af,f8ac0317-0ab5-4956-90ea-0a161bf2c4c4,IG Post,IMAGE,18.3.2026 22:09:37,"Dnes bodovaly týmy hostujících, Engineers si pak obhájili druhý bod v prodloužení. ✌🏼",https://www.instagram.com/p/DWCsJhFCGbO/,,4202,92,,2
@univerzitnihokej,instagram,1e114592-3529-4cfe-9977-2598454053af,142c1a19-8f0f-4328-8438-9473ee717e34,IG Post,IMAGE,4.8.2026 10:07:12,"🏒 Hledáme novou hokejovou tvář.

Žiješ hokejem, umíš nadchnout ostatní a před kamerou to rozjedeš rychleji než puk na ledě?
Kaufland, dlouhodobý partner českého hokeje, hledá nové hokejové moderátory, kteří se stanou tvářemi jeho obsahu na sociálních sítích. Budeš přinášet atmosféru a nejlepší momenty ze zápasů, univerzitních akcí i dalších míst, kde to žije hokejem.

Co tě čeká?
🎤Krátké rozhovory s hráči, studenty a fanoušky,
📱 ankety, rychlá Q&A a trendová videa,
🏟 natáčení na stadionech a univerzitních akcích,
👀 momenty ze zákulisí a reakce na aktuální hokejové dění
🛒 občas také natáčení přímo v prodejnách Kaufland – např. ankety o fandění, zápasech nebo o tom, který snack je skutečným MVP hokejového večera.

Nehledáme klasického sportovního komentátora ani chodící hokejovou encyklopedii.
Hledáme přirozenou osobnost, která se nebojí oslovit cizí lidi, umí rychle reagovat, má smysl pro humor a před kamerou působí jako člověk, ne jako někdo, kdo právě recituje maturitní otázku.

Hodíš se k nám, když:
👉🏻 máš opravdový vztah k hokeji,
👉🏻 umíš dobře a přirozeně mluvit česky,
👉🏻 jsi komunikativní, pohotový/á a energický/á,
👉🏻 zvládneš improvizovat a nezalekneš se kamery,
👉🏻 jsi spolehlivý/á a můžeš cestovat za natáčením.

Zkušenosti s moderováním nebo tvorbou obsahu jsou výhodou, ale rozhodně ne podmínkou. Pokud zkušenosti již máš, připiš nám je do mailu. Důležitější je tvoje osobnost, přirozený projev a chuť předávat dál nadšení pro hokej. Scénáře dostaneš předem od našeho týmu. Žádné dlouhé biflování nehrozí. Stačí pochopit zadání a před kamerou ho podat přirozeně, klidně vlastními slovy.

Jak se přihlásit?
Pošli nám přátelské představení a jednoduché video (45 až 60s) natočené na telefon, ve kterém nám řekneš:
1. Kdo jsi a jaký máš vztah k hokeji,
2. Výhodou, ale ne podmínkou: krátká video ukázka (do 30s) jak bys pozval/a fanoušky na univerzitní hokejový zápas.

A nemusíš do toho jít sám/sama. Máš sourozence, kamaráda nebo kamarádku, se kterými vám to před kamerou funguje? Přihlaste se jako hokejová dvojice a natočte video spolu.
📩 Přihlášky posílejte do 14.8. na marketa.maliskova@storytlrs.cz",https://www.instagram.com/p/DbnT979iDPU/,,13334,293,2,103
@unitedhk,facebook,bfe6cc29-a387-41b9-9bca-b077722556af,5b4f0361-703b-4099-b907-e260faf2073a,FB Story,VIDEO,28.9.2026 20:03:58,,https://facebook.com/stories/122099775710388974/UzpfSVNDOjEwODczODIwODQxOTgwODE=/?view_single=1,,,,,
@akademiciplzen,instagram,65494228-95bf-4f7b-8e68-d47d7262db66,6abe0851-8140-4bd4-b254-3ff199ef5fc5,IG Story,VIDEO,27.8.2026 6:56:57,,https://www.instagram.com/stories/akademiciplzen/3972792713887887503,,1413,,,2
@univerzitnihokej,facebook,01b45180-0b14-4a14-96e8-d0a4bab1fb9f,6af736ca-e841-4355-9d69-c692e623f2d6,FB Post,IMAGE,28.3.2026 18:38:55,Další semifinále play-in se v úterý odehraje v Ostravě 👉🏼 o postup si to rozdají BOčko s Riders 🫡,https://www.facebook.com/1275398168115026/posts/1272773431710833,967,,1,,
@engineersprague,facebook,afd06d1d-7b1c-4f66-8d93-ce4255ab773c,85f80c28-8bb0-4d9a-8882-7320bc237b00,FB Post,PHOTO,12.3.2026 22:38:13,"Dneska to nedopadlo podle našich představ… Vy jste při nás ale i tak stáli, a za to vám DĚKUJEME. 💙

Vrátíme se silnější 🫡",https://www.facebook.com/1560924572517692/posts/1543708354239314,613,,2,,
@akademiciplzen,instagram,65494228-95bf-4f7b-8e68-d47d7262db66,a19a61fb-28fc-4a30-937b-3c595b869467,IG Post,IMAGE,4.3.2026 19:47:08,"DNES JE VÁS TU 2106! 🚀💙 Moc děkujeme všem, kdo dnes dorazil, udělali jsme nový rekord návštěvnosti Jarní bitvy! 🔥

🎨 @jirikhozman 
📸 @vpotocesevodatoci / @novacek_photography 

#akademiciplzen #jarnibitva",https://www.instagram.com/p/DVeYtrsDDd7/,,25113,706,1,35
vsefalcons,instagram,709fceba-e311-48e7-9057-f54a587abf4a,aff203e5-8aad-4456-b4bd-c892cd82616e,IG Story,VIDEO,13.4.2026 19:46:46,🤪⚔️🏆 @unihokejfinalfour =,https://www.instagram.com/stories/vsefalcons/3874610760248755610,715,643,,1,
@united_hk,instagram,b18c071b-0570-48b2-b743-990c668c3c5b,c896275b-5103-43b4-be27-ac7832183542,IG Story,IMAGE,17.4.2026 14:38:51,"Manažerský hokej byl v topu!
Modrý tým vyhrál 9:8",https://www.instagram.com/stories/united_hk/3877354832411516110,,717,,,2
@akademiciplzen,instagram,65494228-95bf-4f7b-8e68-d47d7262db66,fb649422-106a-48c3-bbdb-93f666c1e324,IG Story,VIDEO,10.9.2026 6:07:34,@martin_fort23,https://www.instagram.com/stories/akademiciplzen/3982914721471942703,,4659,,,28
@united_hk,instagram,b18c071b-0570-48b2-b743-990c668c3c5b,09f46764-d566-407a-9440-f79f9cfe1e34,IG Story,VIDEO,22.4.2026 17:57:34,Sobota už za chvilku tady 😉,https://www.instagram.com/stories/united_hk/3881078575986176206,,386,,,
@bitva_o_budejce,instagram,f977c0af-061e-4c10-813f-da5818f8a748,19898674-d9a6-4d31-9cbe-28191df87a60,IG Story,VIDEO,12.9.2026 16:04:47,,https://www.instagram.com/stories/bitva_o_budejce/3984664952128199200,,900,,,5
@united_hk,instagram,b18c071b-0570-48b2-b743-990c668c3c5b,d149697a-1b61-44c0-ab4b-f8cdabf1417b,IG Story,IMAGE,9.4.2026 13:04:29,,https://www.instagram.com/stories/united_hk/3871509127864283536,,582,,,
vsefalcons,instagram,709fceba-e311-48e7-9057-f54a587abf4a,e43aef31-934b-4aaf-9602-7ab5c1a424ed,IG Story,VIDEO,12.4.2026 14:13:57,🫵🏼 A ŽE JSTE TO ZROVNA VY máme pro vás na @unihokejfinalfour slevu NA 15 % 🛒,https://www.instagram.com/stories/vsefalcons/3873718384198176644,687,875,,1,14
@unitedhk,facebook,bfe6cc29-a387-41b9-9bca-b077722556af,fc95713a-103b-4544-989a-124818d8c669,FB Story,VIDEO,28.9.2026 20:01:07,,https://facebook.com/stories/122099775710388974/UzpfSVNDOjE1ODY4NTk1MjYyNTU3MTU=/?view_single=1,,,,,
vsefalcons,instagram,709fceba-e311-48e7-9057-f54a587abf4a,81f0274e-15ef-463f-ac6a-70dd55a04c52,IG Story,VIDEO,3.3.2026 19:00:30,,https://www.instagram.com/stories/vsefalcons/3844871584087605125,665,849,,,1
@united_hk,instagram,b18c071b-0570-48b2-b743-990c668c3c5b,b888521b-a029-4081-bd82-2d5bd59cf19d,IG Story,IMAGE,17.4.2026 14:38:50,,https://www.instagram.com/stories/united_hk/3877354823125359207,,702,,,2
@univerzitnihokej,instagram,1e114592-3529-4cfe-9977-2598454053af,c2a535f3-9759-4ce7-bf50-67209e2392c0,IG Story,IMAGE,30.9.2026 19:02:40,čistou přímo z výroby od @b_hockey_czech  holky otestovaly výstroj 🤌🏻,https://www.instagram.com/stories/univerzitnihokej/3997800387310615248,,1048,,,4
@boostrava,instagram,1176ddaf-d366-48a2-9639-3c6694c72c85,f7d95dc3-20c8-4ed0-9929-c26bca9ad4fe,IG Story,VIDEO,28.9.2026 20:19:29,@stratkoss 🏒,https://www.instagram.com/stories/boostrava/3996389530248420243,,335,,,2
@riderspardubice,instagram,4d6a67ab-9313-4f77-a82e-abb18adbca5d,01746781-e343-4ec6-b836-4f326bf53249,IG Post,IMAGE,17.3.2026 8:41:52,"Další venkovní zápas!🤩 Tentokrát v Ostravě!

Venkovní zápas
🗓️ 17.3. v 19:30
📍 v RT Torax Arena 
⚔️ proti @boostrava 

#venkovnízápas#riders",https://www.instagram.com/p/DV-qzl3jDEv/,,2417,26,,2
@bitvaoprahu,instagram,d7c8aa06-74fb-4c6c-a7d2-c2fe1bf6d59c,46f1271d-4e04-40c9-a805-6de4697359fe,IG Story,VIDEO,4.10.2026 17:29:18,,https://www.instagram.com/stories/bitvaoprahu/4000652462071351331,,1473,,,26
@hcnorthwings,facebook,2b08a479-603b-46e4-8a48-2bc0435ccd53,7788bd14-c8be-42ca-8933-ff7f51f6570e,FB Story,VIDEO,6.10.2026 14:52:37,,https://facebook.com/stories/101955925269645/UzpfSVNDOjE4MzU4Mzk1NDQ0OTgxOTQ=/?view_single=1,,,,,
@univerzitnihokej,facebook,01b45180-0b14-4a14-96e8-d0a4bab1fb9f,d8261642-3238-4e7f-95cc-788641f3be35,FB Video,VIDEO,12.3.2026 18:03:14,Za takovou střelou by se nestyděli ani naši hráči! 🤯 @csobcz cash on ice 💸,https://www.facebook.com/reel/3430637717101475/,1330,360,1,,
@united_hk,instagram,b18c071b-0570-48b2-b743-990c668c3c5b,ed4e868f-4ecf-4de4-8a16-fde76e1dc575,IG Story,IMAGE,30.9.2026 14:23:11,,https://www.instagram.com/stories/united_hk/3997659683369510839,,715,,,4
@united_hk,instagram,b18c071b-0570-48b2-b743-990c668c3c5b,f00da499-365f-4614-9bf9-2b755175933d,IG Reel,REEL,25.3.2026 16:14:39,"Založíš účet do konce března?
Pak jsi ve hře o 100 000 Kč. 😏

A to není všechno:

⚡ rychlé a jednoduché založení online
💸 odměna 1 500 Kč za založení účtu
🍻 20 % cashback na drinky na UNIted HK afterparty

Takže jestli účet ještě nemáš… možná je teď ideální čas.

#unitedhk #unihokej #hokej",https://www.instagram.com/reel/DWUE7AyiDw8/,,3432,72,,22
vsefalcons,instagram,709fceba-e311-48e7-9057-f54a587abf4a,5999c21a-d374-4fd7-95ea-8b624ef510b9,IG Story,VIDEO,26.1.2026 17:23:36,@___pajer24 🥶,https://www.instagram.com/stories/vsefalcons/3818731860583292413,,997,,,2
@hcmuni,facebook,d1f9e9f9-7526-42d4-85aa-13f91e89f7cf,66cdfc82-82d6-467e-8754-2b29922361e0,FB Story,VIDEO,12.8.2026 10:38:37,,https://facebook.com/stories/107477761381481/UzpfSVNDOjE3MDQ2MjQ2NTc0Mjk1NjI=/?view_single=1,,,,,
@akademiciplzen,instagram,65494228-95bf-4f7b-8e68-d47d7262db66,6f68a341-d56e-46a4-9f31-e0d181543d40,IG Story,IMAGE,27.8.2026 12:19:34,,https://www.instagram.com/stories/akademiciplzen/3972955089113659896,,1397,,,1
@univerzitnihokej,instagram,1e114592-3529-4cfe-9977-2598454053af,997f7fdd-8b28-4b18-b2ee-ba24d1ce8827,IG Reel,VIDEO,21.3.2026 9:57:53,Zápasy vašima očima nás baví nejvíc 😋,https://www.instagram.com/reel/DWJGo11iHlt/,,17491,515,5,49
@riderspardubice,instagram,4d6a67ab-9313-4f77-a82e-abb18adbca5d,13858d12-3c56-47d8-975c-644760e54140,IG Reel,VIDEO,24.9.2026 10:36:32,"Kluci na sobě makají, tak proto si zaslouží odměnu 🤭",https://www.instagram.com/reel/DdqryLtxggC/,,13261,486,,46
@univerzitnihokej,instagram,1e114592-3529-4cfe-9977-2598454053af,31e2b07f-ec1e-43db-8b72-f3c10419f151,IG Post,IMAGE,9.4.2026 9:45:13,UK Kings se 16.4. vrátí zpět do Edenu 👑 Vstupenky na finalfour.cz 🎟️,https://www.instagram.com/p/DW6AcjyCJxX/,,8622,202,1,10
@218107044725785,facebook,7a942e3e-6c47-4794-9ba7-bbc7b6d40cb3,c852f188-6a9c-4289-b6e6-e1d47fc499da,FB Post,PHOTO,24.3.2026 22:33:26,"Poslední zápas základní části nám nevyšel. To nejdůležitější je ale před námi, a to už za týden v úterý.
👉🏼 PLAY-IN",https://www.facebook.com/122282816036218300/posts/122280481490218300,208,,1,,
@engineersprague,facebook,afd06d1d-7b1c-4f66-8d93-ce4255ab773c,e533a073-3c2e-4f8a-adb5-8a68a1218a80,FB Story,IMAGE,2.3.2026 19:17:51,,,,,,,
@hc_muni,instagram,43cd62c8-609d-4ea6-8ce9-cae5242ede0c,b8ad032e-581f-4c7d-afdf-a54298b743d5,IG Post,IMAGE,28.9.2026 7:44:20,"GAME DAY! 🐻 Vyrážíme na led soupeře a první zápas odehrajeme proti @vste_blackdogsbudweis
Držte nám palce! 💙

#MUNIBears",https://www.instagram.com/p/Dd0rUo1uEdk/,,3475,66,,5
@cvutengineers,instagram,11963a07-7f0f-48e6-9d81-aa63a7ff4a04,d8aae09c-1c87-48a0-8513-2ff39442d6a9,IG Story,VIDEO,30.9.2026 23:19:13,ČVUT  MÁ NEJLEPŠÍ FANOUŠKY 🫶🏻,https://www.instagram.com/stories/cvutengineers/3997929528672147836,,166,,,
vsefalcons,instagram,709fceba-e311-48e7-9057-f54a587abf4a,7c0ebd22-cad6-4af7-99c8-4a82fa28d8ad,IG Post,CAROUSEL_ALBUM,16.1.2026 18:55:52,"Montujeme vztahy s @mosteckamontazni 📢

Našim novým hlavním partnerem se stává Mostecká montážní. 👷🏽‍♂️ Spojili jsme síly, protože týmová práce je klíčem k úspěchu, a díky Vám můžeme dosahovat lepších výsledků na ledě i mimo něj. 🥅

Děkujeme za podporu a těšíme se na to, co společně dokážeme. 🤝🏼",https://www.instagram.com/p/DTlRfEBCKIg/,,4065,100,,6
vsefalcons,instagram,709fceba-e311-48e7-9057-f54a587abf4a,c1fd627e-e8e0-470d-9561-b03f56714201,IG Reel,VIDEO,23.2.2026 7:16:54,"Jak to bylo s tou skrytou imunitou ví jen @vsandholzova 🤷🏼‍♀️ My ale víme jednu jistou věc 👉🏻 zítra tě chceme vidět na zimáku! 😎 Doraz fandit. Bude to stát za to.

Zdravíme, Verčo 👋🏻",https://www.instagram.com/reel/DVF3D-XiH92/,,4493,79,,5
@218107044725785,facebook,7a942e3e-6c47-4794-9ba7-bbc7b6d40cb3,e4e9a4d9-57c3-4102-bc7c-168a93b31db9,FB Video,VIDEO,15.8.2026 15:21:11,Který zvuk zvládli nejlíp? 🙉,https://www.facebook.com/reel/1848696362974399/,660,266,6,,
vsefalcons,instagram,709fceba-e311-48e7-9057-f54a587abf4a,ee9a18a1-2064-425a-8e66-563176196330,IG Story,VIDEO,8.2.2026 8:06:52,‼️ZMĚNA MÍSTNOSTI‼️,https://www.instagram.com/stories/vsefalcons/3827872758168600844,,940,,,
@united_hk,instagram,b18c071b-0570-48b2-b743-990c668c3c5b,23f123cc-89fa-44f0-8d94-f79c33405966,IG Reel,VIDEO,8.3.2026 9:52:22,"🧅 Kaufland Cutting Challenge
Vracíme se ještě k momentům z Východočeského derby univerzit.

Derby není jen o hokeji.

Během přestávky jsme si dali rychlou výzvu – Kaufland Cutting Challenge.

Úkol byl jednoduchý: 45 vteřin. Hokejové rukavice. A co nejvíc najemno nakrájet cibuli.

Jak to dopadlo? Podívej se ve videu.

Díky partnerovi Kaufland za další zábavný moment derby.

🖤🧡❤️

#unitedhk #unihokej #hokej",https://www.instagram.com/reel/DVnnqdpiBER/,,2779,27,,10
@AkademiciPlzen,facebook,d87b94e3-03e8-45d0-b92e-75e9b819545c,3ef822fb-1243-45c8-a404-5e0a961971cf,FB Story,VIDEO,6.10.2026 21:08:34,,https://facebook.com/stories/103234241824606/UzpfSVNDOjE2Njc1NzQxOTQ3NTU5MTk=/?view_single=1,,,,,
@united_hk,instagram,b18c071b-0570-48b2-b743-990c668c3c5b,6e2229ad-f6c3-43cd-9f1f-dac92fe81cc5,IG Story,VIDEO,28.9.2026 21:14:15,"Meet & Greet
Afterparty",https://www.instagram.com/stories/united_hk/3996417058220281898,,535,,,3
@boostrava,instagram,1176ddaf-d366-48a2-9639-3c6694c72c85,935c7283-edfc-44b9-9164-c53749a7dba9,IG Story,IMAGE,24.9.2026 19:44:53,,https://www.instagram.com/stories/boostrava/3993472942010941764,,234,,,1
vsefalcons,instagram,709fceba-e311-48e7-9057-f54a587abf4a,9c2442a4-0b2d-4c4c-b471-e52329df0db9,IG Story,VIDEO,3.1.2026 23:03:21,POSÍLÁME VELKOU GRATULACI DO KANADY! 🥳,https://www.instagram.com/stories/vsefalcons/3802232046454622628,,786,,,1
@riderspardubice,instagram,4d6a67ab-9313-4f77-a82e-abb18adbca5d,9eed7aea-1186-496a-93ce-736fc856e639,IG Reel,VIDEO,24.9.2026 13:12:18,"Ještě jedno malé ohlédnutí za prvním zápasem sezóny 26/27🤩
Byla to opravdu jízda!🤪",https://www.instagram.com/reel/Ddq9kDao0kf/,,3786,146,,5
vsefalcons,instagram,709fceba-e311-48e7-9057-f54a587abf4a,2114fdb1-481e-4550-93aa-7fcf84b663f6,IG Story,VIDEO,5.1.2026 18:51:06,JAK MOC KLUKŮM CHUTNAL DNEŠNÍ TRÉNINK? we back we back we back,https://www.instagram.com/stories/vsefalcons/3803554670543685704,,1510,,,2
@univerzitnihokej,instagram,1e114592-3529-4cfe-9977-2598454053af,5252f105-723d-43cf-9343-ff55f84dee62,IG Story,VIDEO,28.4.2026 16:13:20,❓ CO JSME DĚLALI NA @unihokejfinalfour,https://www.instagram.com/stories/univerzitnihokej/3885374314950225131,,2265,,,3
@engineersprague,facebook,afd06d1d-7b1c-4f66-8d93-ce4255ab773c,af14f385-6434-4883-9fd3-01193e5caff6,FB Story,VIDEO,12.3.2026 19:56:50,,,,,,,
@bitva_o_budejce,instagram,f977c0af-061e-4c10-813f-da5818f8a748,01b03b4d-4d8b-48ff-bdd9-e896482633fb,IG Story,IMAGE,27.9.2026 6:47:38,"3 dny‼️
Pak bude dražší lístek než pivo a klobása👀",https://www.instagram.com/stories/bitva_o_budejce/3995256069404006077,,4028,,,68
@univerzitnihokej,facebook,01b45180-0b14-4a14-96e8-d0a4bab1fb9f,4eb346f3-8a0d-46c3-8509-056d76fa0cfc,FB Post,IMAGE,11.3.2026 9:11:50,Moravské derby je tady! Souboj @boostrava a @hc_muni můžete sledovat dnes od 19:00 na ČT sport 🍿,https://www.facebook.com/1275398168115026/posts/1258606049794238,257,,1,,
@univerzitnihokej,facebook,01b45180-0b14-4a14-96e8-d0a4bab1fb9f,5b656c1b-9a36-4abb-86df-d41aa5df3a34,FB Story,IMAGE,5.10.2026 17:26:07,,https://facebook.com/stories/111014331220088/UzpfSVNDOjExMDUwMzM1MjIyMTgzNDY=/?view_single=1,,,,,
@united_hk,instagram,b18c071b-0570-48b2-b743-990c668c3c5b,e7cbd643-4d6a-48d9-a333-693bf1ad4f13,IG Story,IMAGE,12.8.2026 6:03:22,Gratulujeme Novas!,https://www.instagram.com/stories/united_hk/3961894113898627995,,742,,,1
vsefalcons,instagram,709fceba-e311-48e7-9057-f54a587abf4a,c2740e28-dd81-4ede-a255-8385ea2c05b5,IG Post,IMAGE,15.9.2026 10:13:34,"Každým dnem jsme o něco blíž. Už za týden to všechno začíná.

Lístky najdeš v aplikaci UniLife nebo přes odkaz na profilu 🎟️",https://www.instagram.com/p/DdTdnbcINwc/,,2911,61,,
@riderspardubice,facebook,f99ed6c3-17cc-46f4-a32e-d9b0576ce2df,f320a82f-10fa-4647-b3ca-0cb3d97aeac6,FB Post,IMAGE,13.4.2026 12:29:31,"🚨 JSME V TOP4 A TEĎ TO TEPRVE ZAČÍNÁ!

Poprvé v historii 👉 @unihokejfinalfour 
největší akce sezóny, přímý přenos v TV… a my jsme u toho.

🏒 SEMIFINÁLE
🆚 @ukkingsprague 
📍 Zimní stadion Eden, Praha
🕓 16. dubna | 16:30

Tohle není jen zápas.
👉 tohle jsou 2 dny hokeje, emoce, atmosféra a afterparty

Pojď nás podpořit a být součástí něčeho, co se píše poprvé.",https://www.facebook.com/1592662819534019/posts/1603535451780089,2646,,19,,
@hokejovy_souboj_univerzit,instagram,cb4021a2-14da-41f5-8b43-0502f11720aa,ae99cd92-dd2d-4b44-97ee-e0c2cb9178b1,IG Reel,VIDEO,14.9.2026 11:00:03,"🔥 NEJVĚTŠÍ STUDENTSKÁ AKCE V BRNĚ JE ZPÁTKY! 🔥
Jeden večer, jeden led, dvě univerzity a pořádná dávka rivality 🏒⚡
MUNI × VUT a tentokrát už 7. Hokejový Souboj Univerzit! 🙌
🗓️ 15. 10. 2026
📍 Winning Group Arena
Atmosféra, kterou nezažiješ každý den 👈
Souboj, u kterého prostě musíš být 👈
🎟️ Lístky mizí rychle, tak ať ti ten tvůj nezmizí před očima!
Kdo zaváhá, nefandí 🏒🔥
👉 hsubrno.cz

🤫 Pst!.. Pokud si lístek koupíš v UniLife aplikaci, ve které máš ověřený ČSOB účet, máš lístek s 20% slevou. A to se vyplatí 😏",https://www.instagram.com/reel/DdQ-Ko9MuWL/,,12886,256,,207
@742626308943576,facebook,afcb2720-0a77-4413-95f4-2247bcb8a565,04ce4117-6dd3-4546-aded-7340d0d9c4e6,FB Video,VIDEO,3.10.2026 12:33:52,"📲 UŽ MÁŠ UNILIFE?
Ne? Tak pozor. 👀
U vstupu ji budeš potřebovat.

👉 Stáhni si @unilifecz ještě předtím, než dorazíš do Budvar arény.
Bez aplikace totiž neuvidíš svou vstupenku a u vstupu může vzniknout zbytečný chaos. 😅
A proč ji mít?
🎟️ 20 % sleva na vstupenky na Bitvu s účtem ČSOB
🔥 další studentské slevy a výhody
📱 a hlavně — svoji vstupenku najdeš právě v aplikaci.
Takže nestahuj až ve frontě.
Měj ji připravenou předem a u vstupu jen načteme vstupenku. 🏒
📍 BITVA O BUDĚJCE | 4. 11. 2026",https://www.facebook.com/reel/1632491735096389/,94,10,,,
@united_hk,instagram,b18c071b-0570-48b2-b743-990c668c3c5b,b46dee93-1fb3-49c3-b25d-cbf8751ddd64,IG Story,VIDEO,27.8.2026 13:37:42,🧡 🥅,https://www.instagram.com/stories/united_hk/3972994477400300631,,778,,,1
@hsubrno,facebook,86b4295e-45a1-49a4-a7a5-1a550c3f4bec,2bbbfe3d-85d1-47a1-9167-e01b9cbf86cb,FB Post,IMAGE,15.9.2026 11:50:47,"OVERTIME PARTY je tady! 🤩
Večer rozhodně nekončí hokejem! 🔥
Taková událost se musí pořádně oslavit 💥
Atmosféru ze stadionu přesuneme rovnou do Bobycentra 🍹
🎧 Hlavní DJ: EKG
📍 Bobycentrum, Brno
🔥 Čeká tě pořádný overtime až do ranních hodin!
Tak co, zvládneš oba „souboje“? 👀
👉 hsubrno.cz",https://www.facebook.com/954373716987585/posts/1086221873802768,250,,1,,
@riderspardubice,instagram,4d6a67ab-9313-4f77-a82e-abb18adbca5d,4cdc3365-5bde-48f4-bbee-e6ee10e04be5,IG Story,VIDEO,30.9.2026 18:51:54,3. třetina začala ostře 😮‍💨,https://www.instagram.com/stories/riderspardubice/3997794961382828914,,542,,,
vsefalcons,instagram,709fceba-e311-48e7-9057-f54a587abf4a,d82ff61c-ae66-4118-aca8-88ccb038c858,IG Story,VIDEO,22.9.2026 20:08:57,@lukesovasofie ❤️,https://www.instagram.com/stories/vsefalcons/3992035592849871753,,894,,,
@akademiciplzen,instagram,65494228-95bf-4f7b-8e68-d47d7262db66,fab4f442-8682-4ac0-9d6d-fc76eebbfe60,IG Story,VIDEO,25.8.2026 7:34:30,,https://www.instagram.com/stories/akademiciplzen/3971362055718175530,,1142,,,
@vutcavaliersbrno,instagram,b384bebf-72f3-4f9d-8b2d-3677709f6966,23557c93-b3e7-4ed1-b2ed-fc72e853885e,IG Story,VIDEO,1.4.2026 10:37:05,,https://www.instagram.com/stories/vutcavaliersbrno/3865636702085766229,,661,,,8
@bitvaoprahu,facebook,75e0f41f-82be-4f82-a77b-82ac11135ed2,70f81bef-6424-41b1-99c6-93dd81ce697e,FB Post,IMAGE,12.3.2026 6:01:49,Rise and shine… IT’S BITVA DAY 🥳🤩,https://www.facebook.com/1441262177797849/posts/1419860526604681,170,,1,,
univerzitnihokej,tiktok,01c88cf9-594f-408e-a45a-95114221acae,048f61aa-f8b5-477f-8b79-1a7dc202537a,TT Video,VIDEO,2.10.2026 20:30:36,JE TO TADYYY 🔥 ULLH divize ✌🏻 právě odstartovala,https://www.tiktok.com/@univerzitnihokej/video/7692170586113592598?utm_campaign=tt4d_open_api&utm_source=7348986504397455361,,5286,286,1,9
@unitedhk,facebook,bfe6cc29-a387-41b9-9bca-b077722556af,87cb93d9-dba7-43ec-a450-d2f2e4950e2d,FB Story,VIDEO,22.9.2026 18:21:20,,https://facebook.com/stories/122099775710388974/UzpfSVNDOjE0MjQzNDE3MDYyODkxNzA=/?view_single=1,,,,,
@218107044725785,facebook,7a942e3e-6c47-4794-9ba7-bbc7b6d40cb3,b1c527d8-0817-4735-a785-74b99f04ccf7,FB Post,IMAGE,14.8.2026 14:54:41,"Na cestě do třetí sezóny 🚀

Try out máme za sebou, teď už jen trénovat a vlítnout zpátky do formy 💪🏼",https://www.facebook.com/122282816036218300/posts/122301999950218300,448,,14,,
@218107044725785,facebook,7a942e3e-6c47-4794-9ba7-bbc7b6d40cb3,dfce0c6d-7b69-4f02-9c97-821b7b1f0757,FB Post,PHOTO,24.3.2026 21:06:33,"TEĎ NEBO NIKDY 🫵🏼
Play-in je tady. Poslední zápas doma. Jediná šance postoupit dál.

Buď u toho s námi, protože teď jde o všechno. 🙏🏼

📅 úterý 31. března
🕑 17:00
📍 Ice Arena Kateřinky
🎟️ lístky na profilu",https://www.facebook.com/122282816036218300/posts/122280467912218300,463,,4,,
@united_hk,instagram,b18c071b-0570-48b2-b743-990c668c3c5b,614452bd-422d-420a-923f-235049978929,IG Story,VIDEO,26.8.2026 16:59:09,8 Dunda doručil první a hned za ním i druhý  @daniel_dundaa  @univerzitnihokej,https://www.instagram.com/stories/united_hk/3972371182091008554,,645,,,1
@boostrava,instagram,1176ddaf-d366-48a2-9639-3c6694c72c85,a81fcb81-68a5-4669-aadf-b679f0f1be73,IG Post,IMAGE,24.3.2026 7:20:42,"POSLEDNÍ DOMÁCÍ UTKÁNÍ PŘED PLAY-IN!
Pivka, soutěže na ledě a super podívaná! 
Lístky koupíš na místě nebo přes odkaz v BIU✨
Tak doraž!🏒",https://www.instagram.com/p/DWQiigljP9N/,,1820,32,,6
@riderspardubice,facebook,f99ed6c3-17cc-46f4-a32e-d9b0576ce2df,d55632bb-a0a2-4e19-a0fe-81e1ce4edb4b,FB Video,VIDEO,30.3.2026 19:20:17,"Takže jak funguje to final four? 👀

A v úterý nás čeká Ostrava!",https://www.facebook.com/reel/1497933135387690/,630,322,9,,
vsefalcons,instagram,709fceba-e311-48e7-9057-f54a587abf4a,018970ce-7a83-436e-b3c1-300d998d4c50,IG Story,VIDEO,22.2.2026 14:39:14,,https://www.instagram.com/stories/vsefalcons/3838217096547567740,1150,1487,,,1
@univerzitnihokej,facebook,01b45180-0b14-4a14-96e8-d0a4bab1fb9f,3344069c-f3ab-42f6-be7d-84616ff00f90,FB Post,IMAGE,27.3.2026 18:09:10,"Základní část skončila ⏩️ začíná Play-In 🔥 A jak to bude vypadat? ☝🏻

Čekají nás semifinálové bitvy, vítězové jdou do finále Play-In. A odtud už vede jediná cesta ➡️ @unihokejfinalfour a boj o absolutního šampiona letošní sezóny! 😮‍💨🏆

Jedna šance. Žádná oprava. 👀",https://www.facebook.com/1275398168115026/posts/1271951968459646,1025,,6,,
@akademiciplzen,instagram,65494228-95bf-4f7b-8e68-d47d7262db66,7709cfe5-2970-4091-9d68-d2ffa0e6e829,IG Reel,VIDEO,14.9.2026 19:01:21,"LÍSTKY NA AFTERPARTY BITVY O PLZEŇ 2026 JIŽ V PRODEJI! 🪩🔥

Letos to 21. 10. rozjedeme znovu – hned z Bitvy se přesuneme o pár metrů dál do DEPO2015, kde ve 21:00 odstartuje noc, na kterou jen tak nezapomeneš. ❤️‍🔥

🎧 Připraveni na vás budou hned několik DJs. Kdo? To vám odhalíme již brzy. 🤫

🎟️ A pozor — v aplikaci UniLife po propojení s ČSOB získáš 20% slevu na lístek na samotnou afterparty i na balíček Bitva o Plzeň + afterparty.

Kapacita je omezená, tak si pospěš, ať se vejdeš na parket! 🕺

#akademiciplzen",https://www.instagram.com/reel/DdR1Z6dCHu6/,,22017,297,1,181
vsefalcons,instagram,709fceba-e311-48e7-9057-f54a587abf4a,8dd8df88-67c0-49df-8133-505561c518e7,IG Reel,VIDEO,18.9.2026 7:34:05,"Příští týden startuje semestr a nám v úterý sezóna. Než vypukne, pořádně to odpálíme na pop up party před zimákem 🔥

Hodinu před buly se před zimákem rozjede pop up party plná soutěží a cen (ps. můžete vyhrát například tablet a sluchátka). Dále na vás čeká VR zóna, NHL 27, střelnice a spousta dalších věcí od partnerů, ke všemu bude hrát DJ 🎧

Startujeme v 19:00 ⏰ Vstupenky na zápas kupujte v aplikaci @unilifecz 🎟️",https://www.instagram.com/reel/Dda5p86ICaW/,,6971,203,2,52
@univerzitnihokej,facebook,01b45180-0b14-4a14-96e8-d0a4bab1fb9f,a586d367-ba95-4b1f-9ce2-ac7e17f583c3,FB Video,VIDEO,1.10.2026 13:30:35,Kdo dorazí na další zápas? 🙌🏻,https://www.facebook.com/reel/1591091862559038/,1118,537,2,,
@akademiciplzen,instagram,65494228-95bf-4f7b-8e68-d47d7262db66,d3fadc66-5f63-4fb1-8d4b-4baa2c51995b,IG Story,VIDEO,17.9.2026 20:24:22,"4 PŘÍPRAVNÉ ZÁPASY DOMA
4 VÝHRY! 🤩 VIDÍME SE 29. 9. NA ALUMNI GAME 🫵🏻",https://www.instagram.com/stories/akademiciplzen/3988419410883906157,,634,,,
@cvutengineers,instagram,11963a07-7f0f-48e6-9d81-aa63a7ff4a04,ecbc16ea-5b5c-488e-82d5-d1b9277396e8,IG Story,VIDEO,29.4.2026 7:10:03,🫶🏼,https://www.instagram.com/stories/cvutengineers/3885825980682260459,,2391,,,10
@univerzitnihokej,instagram,1e114592-3529-4cfe-9977-2598454053af,2eb35644-1596-49e2-8514-1a7f78e5e1d0,IG Story,VIDEO,28.9.2026 8:11:55,,https://www.instagram.com/stories/univerzitnihokej/3996023266258474501,,1826,,,3
@united_hk,instagram,b18c071b-0570-48b2-b743-990c668c3c5b,7b434a00-2568-4e79-8670-6f46380dbc43,IG Story,VIDEO,13.9.2026 16:25:36,🥅🥅🥅🥅🥅🥅 6:1 @matousekuba,https://www.instagram.com/stories/united_hk/3985400160905114620,,556,,,7
@hc_muni,instagram,43cd62c8-609d-4ea6-8ce9-cae5242ede0c,ab1963c1-7769-46ce-a214-423d1f26c796,IG Story,VIDEO,13.9.2026 12:14:43,,https://www.instagram.com/stories/hc_muni/3985273871401914042,,881,,,1
@bitva_o_budejce,instagram,f977c0af-061e-4c10-813f-da5818f8a748,dfbaa79e-b2c5-4756-a536-38d1ab37bf50,IG Story,VIDEO,16.9.2026 10:58:12,,https://www.instagram.com/stories/bitva_o_budejce/3987409730620146614,,2683,,,2
@boostrava,instagram,1176ddaf-d366-48a2-9639-3c6694c72c85,cb5faed2-56ba-4d77-8743-950ff1418ef6,IG Story,VIDEO,26.9.2026 18:38:00,STARTUJEMEEEE 🦈,https://www.instagram.com/stories/boostrava/3994888849826017663,,378,,,
@hc_muni,instagram,43cd62c8-609d-4ea6-8ce9-cae5242ede0c,b524f6fc-9570-440e-b202-e28d42835d98,IG Story,VIDEO,29.9.2026 8:07:47,I LETOS PERMICE V PRODEJI 💳 Máš zájem? Piš do DM👇🏻,https://www.instagram.com/stories/munibearsbrno/3996745962982654062,,841,,,3
@hc_muni,instagram,43cd62c8-609d-4ea6-8ce9-cae5242ede0c,d66e9320-50f3-49ed-a417-d89a265fe3e0,IG Post,IMAGE,19.3.2026 11:41:49,"COLD mode ON🔥, tím se řídí náš @_novas_44_ 
8 gólů, 4 asistence, 6 zápasů⚔️
Nejmladší hráč @univerzitnihokej a nejlepší střelec MUNI🏒

#hcmuni",https://www.instagram.com/p/DWEIkVXiE6_/,,4194,109,1,1
@riderspardubice,instagram,4d6a67ab-9313-4f77-a82e-abb18adbca5d,d98baac0-a79a-4368-b336-db38ba98f629,IG Story,IMAGE,26.9.2026 10:09:02,,https://www.instagram.com/stories/riderspardubice/3994632654901316254,,641,,,
@united_hk,instagram,b18c071b-0570-48b2-b743-990c668c3c5b,5cba8888-054c-4e05-834a-ace80db6096d,IG Story,VIDEO,5.10.2026 18:27:08,2.TŘETINA pomozte klukům,https://www.instagram.com/stories/united_hk/4001406366714966486,,660,,,1
@cvutengineers,instagram,11963a07-7f0f-48e6-9d81-aa63a7ff4a04,375e3e3b-50ea-4b38-a451-7e1d33d2a0cf,IG Reel,VIDEO,12.3.2026 18:12:36,"Sorry not sorry 🤷🏼‍♀️🤷🏻‍♂️ 

ČVUT, JDEME SI PRO TO! 🦁

#engprg #bitvaoprahu",https://www.instagram.com/reel/DVyz6SiDLAh/,,23771,477,7,175
@vutcavaliersbrno,instagram,b384bebf-72f3-4f9d-8b2d-3677709f6966,dea311df-c061-497e-a663-5336e0b90d40,IG Story,IMAGE,5.10.2026 17:14:50,,https://www.instagram.com/stories/vutcavaliersbrno/4001369951953885323,,601,,,1
@univerzitnihokej,instagram,1e114592-3529-4cfe-9977-2598454053af,f2cf870a-1d5c-492b-802f-301286fced88,IG Reel,VIDEO,29.7.2026 17:09:18,"Kolej? Menza? Permanentka na desítky let? Zjistili jsme, co všechno by si za výhru mohl dovolit 😄
Mít účet u ČSOB se prostě vyplácí a na další sezónu s nimi chystáme ještě víc benefitů a odměn pro fanoušky ULLH 👀
Díky @csob, generálnímu partnerovi ULLH 🩵",https://www.instagram.com/reel/DbYnYrfoVdj/,,4897,49,,3
vsefalcons,instagram,709fceba-e311-48e7-9057-f54a587abf4a,1f3013f3-6e5d-41bf-a00c-24de4c7f654b,IG Story,VIDEO,17.4.2026 13:14:45,🇧🇷,https://www.instagram.com/stories/vsefalcons/3877312321018169865,939,1021,,,1
@hc_muni,instagram,43cd62c8-609d-4ea6-8ce9-cae5242ede0c,bd9ec13c-d04c-4abc-8684-ea08dcc74c97,IG Story,VIDEO,14.4.2026 8:52:38,🎉,https://www.instagram.com/stories/hc_muni/3875006210126177378,,503,,,
@univerzitnihokej,facebook,01b45180-0b14-4a14-96e8-d0a4bab1fb9f,dcae0d09-85a7-4413-a79c-726c21c28b37,FB Post,IMAGE,8.4.2026 19:29:17,@vsefalcons vítáme vás ve @unihokejfinalfour 👋🏻 Vidíme se 16.4. na Edenu! 🔥,https://www.facebook.com/1275398168115026/posts/1281435227511320,676,,5,,
@engineersprague,facebook,afd06d1d-7b1c-4f66-8d93-ce4255ab773c,441c544e-3581-445f-ad5a-8ff50b19b2bc,FB Story,VIDEO,22.9.2026 18:40:17,,https://facebook.com/stories/136066081670222/UzpfSVNDOjE4NjQ3NTQyMzE1NjQ3MDU=/?view_single=1,,,,,
@akademiciplzen,instagram,65494228-95bf-4f7b-8e68-d47d7262db66,66139a5b-9de7-4ce1-8099-08b5f98fe52e,IG Story,VIDEO,1.4.2026 19:52:39,,https://www.instagram.com/stories/akademiciplzen/3865916320076569805,,839,,,
@akademiciplzen,instagram,65494228-95bf-4f7b-8e68-d47d7262db66,70f4ab60-36e6-412f-88df-dfa8f4b7464c,IG Story,VIDEO,28.8.2026 13:17:21,,https://www.instagram.com/stories/akademiciplzen/3973708944119710747,,692,,,
@riderspardubice,facebook,f99ed6c3-17cc-46f4-a32e-d9b0576ce2df,97c04f67-5fbf-4a65-a704-b57f2afd7056,FB Post,IMAGE,14.3.2026 11:56:06,"👋

Last Dance už 23. března 🔥
Sleva na vstupenky 20 % “kopecky20” a “skryp20”",https://www.facebook.com/1592662819534019/posts/1576133357853632,229,,2,,
@cvutengineers,instagram,11963a07-7f0f-48e6-9d81-aa63a7ff4a04,abc9aa2b-7f65-4aff-b1dc-c97a527e4467,IG Post,IMAGE,20.9.2026 17:42:44,"Sezóna před námi a rozhodně se máme na co těšit.🔥 
Hokeje bude dost, už jen zaplnit tribuny! 
Tak co, kolikrát se letos potkáme?🦁",https://www.instagram.com/p/DdhIZhds12Q/,,15489,231,1,86
@hsubrno,facebook,86b4295e-45a1-49a4-a7a5-1a550c3f4bec,b0f85409-8ecf-45bc-a626-e32d16bfe86a,FB Post,IMAGE,14.9.2026 9:01:09,"🔥 NEJVĚTŠÍ STUDENTSKÁ AKCE V BRNĚ JE ZPÁTKY! 🔥
HOKEJOVÝ SOUBOJ UNIVERZIT posedmé ovládne Brno 🏒💥
🗓️ 15. 10. 2026
📍 Winning Group Arena
Čeká tě večer plný hokeje, emocí, rivality a atmosféry, kterou si nechceš nechat ujít 💫
🎟️ Lístky mizí rychle, tak si ten svůj nenech utéct!
15. října se vidíme na ledě 👈
A pamatuj, kdo nefandí, jako by nebyl 😏🏒
👉 hsubrno.cz

🤫 Pst!.. Pokud si lístek koupíš v UniLife aplikaci, ve které máš ověřený ČSOB účet, máš lístek s 20% slevou 👈 A to se vyplatí 😏",https://www.facebook.com/954373716987585/posts/1085284757229813,239,,,,
@742626308943576,facebook,afcb2720-0a77-4413-95f4-2247bcb8a565,f8da15e5-161a-43d9-bf9d-601d75f0857c,FB Story,VIDEO,30.9.2026 13:03:02,,https://facebook.com/stories/122099013459029080/UzpfSVNDOjExMTM3OTM1MzExNjkyMDA=/?view_single=1,,,,,
@univerzitnihokej,instagram,1e114592-3529-4cfe-9977-2598454053af,0d45ad58-0979-4cbb-a4f3-c87a753999f7,IG Story,VIDEO,8.4.2026 17:09:32,Falcons otevírají zápas 🦅,https://www.instagram.com/stories/univerzitnihokej/3870907706580155760,,939,,,
@united_hk,instagram,b18c071b-0570-48b2-b743-990c668c3c5b,3a92159e-ff50-402d-867f-db5d8193a07a,IG Story,IMAGE,10.8.2026 17:23:34,dnes si to v bráně vyzkoušejí novy kluci,https://www.instagram.com/stories/united_hk/3960786909220894514,,1041,,,4
@boostrava,instagram,1176ddaf-d366-48a2-9639-3c6694c72c85,02dfd94f-c5a9-4cdf-87e6-9f4296f8c745,IG Story,IMAGE,26.9.2026 17:48:18,,https://www.instagram.com/stories/boostrava/3994863814151283173,,429,,,2
@united_hk,instagram,b18c071b-0570-48b2-b743-990c668c3c5b,5919daf5-85b0-4a80-a43c-0691ec2ca423,IG Story,IMAGE,22.9.2026 15:52:06,,https://www.instagram.com/stories/united_hk/3991906236546682963,,645,,,
@univerzitnihokej,instagram,1e114592-3529-4cfe-9977-2598454053af,5bae44ca-8988-4c40-9ed1-5e9fcb735ba0,IG Post,IMAGE,28.3.2026 19:13:46,Poslední semifinálový duel vypukne v Plzni 🔥 Farmers se ve vyřazovací části vrátí zpět na půdu Akademiků 🔙,https://www.instagram.com/p/DWcHT1hiENU/,,8850,191,,18
@riderspardubice,instagram,4d6a67ab-9313-4f77-a82e-abb18adbca5d,8b3295c2-95cc-40d6-be69-6cc60c8d6c9f,IG Story,VIDEO,8.4.2026 18:23:29,"@foxconn_czech 
KRYJE ZÁDA JAKO VŽDY 💪",https://www.instagram.com/stories/riderspardubice/3870944888406228634,,625,,,
@BOhokej,facebook,c9082543-a03b-490f-8f97-66d439acce89,98e76d3b-cc9b-413d-aad4-e98f5ef2db58,FB Post,IMAGE,28.9.2026 6:56:20,"Vyrážíme do Hradce a jedeme zabojovat o 3 body! 🦈

#hockey #match #gameday",https://www.facebook.com/1477974067675582/posts/1642433897896264,150,,1,,
@cvutengineers,instagram,11963a07-7f0f-48e6-9d81-aa63a7ff4a04,a3e14d6c-c2f7-49dc-b61c-50d010ad92a3,IG Story,VIDEO,22.9.2026 19:42:48,DĚKUJEME ALŤÁČKU 🫶🏻,https://www.instagram.com/stories/cvutengineers/3992022380868015060,,1017,,,1