account_name,social_network_id,carl_account_id,carl_post_id,post_type,media_url_type,published,caption,permalink,impressions,views,likes,comments,shares
@univerzitnihokej,facebook,01b45180-0b14-4a14-96e8-d0a4bab1fb9f,1e570be4-bd32-4c49-a864-bc7125b6a534,FB Post,IMAGE,5.3.2026 17:47:49,"Finále univerzitního hokeje se blíží 🔥 1. vlna denních balíčků na FINAL FOUR je v prodeji a nejlevnější lístky pořiďte do 16. 3. ⏳

🎟️ www.finalfour.cz",https://www.facebook.com/1275398168115026/posts/1254542416867268,482,,,,
vsefalcons,instagram,709fceba-e311-48e7-9057-f54a587abf4a,2a6537e8-c902-4578-a90e-5efd1cbb83f8,IG Story,VIDEO,12.3.2026 19:46:31,BRONZ JE NÁŠ 🥉 hoši děkujem,https://www.instagram.com/stories/vsefalcons/3851417791031197428,1243,829,,,
@AkademiciPlzen,facebook,d87b94e3-03e8-45d0-b92e-75e9b819545c,5bbda4a7-91e4-40b8-92df-e3b3d3ca499b,FB Video,VIDEO,28.3.2026 19:29:28,"Beeřík už kluky prohání, aby byli na středu v top formě! ☝🏻
Proženeme takhle ve středu i @czufarmers? 👀🔥

📍 1. 4. | 19:00 | LOGSPEED CZ Aréna
🎟️ Lístky v biu nebo na akademiciplzen.enigoo.cz

#akademiciplzen 💙",https://www.facebook.com/reel/949721307918176/,488,200,4,,
@akademiciplzen,instagram,65494228-95bf-4f7b-8e68-d47d7262db66,6aa407ac-ff89-48fa-bfd3-1c0bb6a5bff1,IG Post,PHOTO,30.3.2026 20:58:35,"🚨 Deadline alert! 🚨

🎓 Na ZČU nezačíná jen studium. Začínají tu i zážitky, kamarádi, studentskej život… a taky univerzitní hokej. 🏒

Jestli chceš být od příštího roku součástí toho všeho, mrkni na termíny přihlášek na bakalářské studium a hlavně je nepropásni. ⏳

Ulož si tenhle post a pošli ho dál někomu, kdo ještě pořád říká, že „je čas“. 👀

** FDU má do 30. dubna přihlášky na navazující magisterské studium, ne bakalářské! 

#akademiciplzen 💙",https://www.instagram.com/p/DWhclTdDGNp/,,14446,149,,35
vsefalcons,instagram,709fceba-e311-48e7-9057-f54a587abf4a,2a96c6c1-38c5-4e86-bda8-284e5da659a6,IG Reel,VIDEO,23.6.2026 8:00:13,"Taky vám už chybí hokej a naši kluci? 🥹🔥

#vsefalcons #icehockey #hockeyboys",https://www.instagram.com/reel/DZ68HRshCcO/,,2486,65,,9
@akademiciplzen,instagram,65494228-95bf-4f7b-8e68-d47d7262db66,37224252-111c-48ca-8beb-083acbdfcf3e,IG Story,VIDEO,1.4.2026 16:57:54,,https://www.instagram.com/stories/akademiciplzen/3865828365261647858,,1476,,,
@univerzitnihokej,instagram,1e114592-3529-4cfe-9977-2598454053af,80495552-2ad6-4f66-8efb-8708a94bf741,IG Post,IMAGE,1.4.2026 19:24:51,Farmers dnes podruhé překvapili Akademiky a v prodloužení si vybojovali postup do finále PLAY-IN! 🚀,https://www.instagram.com/p/DWmbnbHiNNA/,,16275,439,3,113
@218107044725785,facebook,7a942e3e-6c47-4794-9ba7-bbc7b6d40cb3,9ddee282-60a8-444a-8cb3-e804033ca440,FB Video,VIDEO,17.4.2026 8:43:41,"Takhle vypadal včerejší semifinálový zápas 🔥

Bohužel nevyšel podle plánu, ALE dneska si můžeme spravit chuť a zabojovat alespoň o bronz 😏

Budete u toho s námi? Potřebujeme tam slyšet každého z vás! 🦅💙 Vstupenky koupíte na finalfour.cz 🎟️

🎥 @vojta_kepka @richipici",https://www.facebook.com/reel/1669318491163617/,483,130,11,,
@riderspardubice,instagram,4d6a67ab-9313-4f77-a82e-abb18adbca5d,a074ea48-b5de-4e3f-a549-d240f4cbba38,IG Post,IMAGE,5.3.2026 10:58:41,"🐱 V pondělí za námi přijedou @blackdogsbudweis_vste ! 🐕

A my při této příležitosti společně podpoříme KoČIČÍ depozitum Lovčice! 

Jak můžete opuštěným kočičkám pomoci s námi? 
- přineste s sebou na zápas kočičí žrádlo - granule, konzervy, ňaminky 
- přispějte finančním darem - ideálně v hotovosti na místě nebo pomocí QR kódu na kostce.

Zápas pro tlapky vol. 2
🗓️ 9.3. v 19:15
📍 v Enteria Arena
⚔️ proti @blackdogsbudweis_vste 

Minulý semestr jsme pomohli pejskům z @farma_u_veselyho_psa, tak pojďme znovu spojit síly a tentokrát pomoci kočičkám z KoČIČÍ depozitum Lovčice! 

Vstupenky za zapas koupíš přes odkaz v BIU!🎟️🐱
#zápasprotlapkyvol2#riders",https://www.instagram.com/p/DVgAlSYDHzf/,,1943,26,,4
vsefalcons,instagram,709fceba-e311-48e7-9057-f54a587abf4a,a47fe5e0-e0d9-46f9-a02c-e6bdf716c9a7,IG Story,VIDEO,10.2.2026 17:34:02,PAŤOVO POV Z BRAZILKY 🤳🏼 ⚽️ @patrik_nabelek,https://www.instagram.com/stories/vsefalcons/3829607790277099272,735,1047,,1,
@univerzitnihokej,instagram,1e114592-3529-4cfe-9977-2598454053af,bd3f5734-7408-40d8-945d-ee919dac5e91,IG Post,IMAGE,3.3.2026 21:52:29,Falcons se dnes vyspali lépe než včera a posílají Akademiky zpátky do Plzně bez bodů 🚌,https://www.instagram.com/p/DVcCQ3JiJTK/,,3128,80,,2
vsefalcons,instagram,709fceba-e311-48e7-9057-f54a587abf4a,c30f4c70-4bf8-44aa-a3d7-dd2636be6f57,IG Story,VIDEO,17.4.2026 16:04:30,,https://www.instagram.com/stories/vsefalcons/3877397797503031897,872,870,,,
vsefalcons,instagram,709fceba-e311-48e7-9057-f54a587abf4a,08e483a2-eaed-43b6-914c-26250fdecd90,IG Story,VIDEO,12.2.2026 16:52:47,@machycc8,https://www.instagram.com/stories/vsefalcons/3831036566278004564,634,634,,,3
vsefalcons,instagram,709fceba-e311-48e7-9057-f54a587abf4a,9510d934-52f3-447a-b3ec-1186eb078be5,IG Story,VIDEO,12.2.2026 8:56:21,@olympijskyfestival ❤️‍🔥,https://www.instagram.com/stories/vsefalcons/3830797134165719442,812,812,,1,5
vsefalcons,instagram,709fceba-e311-48e7-9057-f54a587abf4a,4bac7148-b3f4-4097-8cea-6ab3e665cbc2,IG Reel,VIDEO,1.4.2026 17:33:24,Pojďte s námi oslavit postup do finále play-in 🥳,https://www.instagram.com/reel/DWmPhrUiDg5/,,5486,130,,7
@riderspardubice,instagram,4d6a67ab-9313-4f77-a82e-abb18adbca5d,63f935ee-a3f3-4c09-a996-4e8c85ae203b,IG Story,VIDEO,28.4.2026 16:29:22,,https://www.instagram.com/stories/riderspardubice/3885382946853268816,,699,,,
vsefalcons,instagram,709fceba-e311-48e7-9057-f54a587abf4a,9cbde8d9-6d9c-4cd7-b184-11b07860b5d7,IG Story,IMAGE,20.1.2026 14:54:57,,https://www.instagram.com/stories/vsefalcons/3814307435314181870,,1594,,,4
@AkademiciPlzen,facebook,d87b94e3-03e8-45d0-b92e-75e9b819545c,caab292c-0c5e-4c31-9e3b-15387b8ba0e6,FB Post,IMAGE,26.3.2026 20:02:00,"Všechno nebo nic.

#akademiciplzen",https://www.facebook.com/1357105236437494/posts/1352739043540780,478,,2,,
@univerzitnihokej,facebook,01b45180-0b14-4a14-96e8-d0a4bab1fb9f,ddf24cc9-7756-4984-bf51-c9de4ba43159,FB Video,VIDEO,28.4.2026 15:55:57,"Slovy našeho táty marketingu: “Děláme si, co chceme” ✌🏻 Co jsme dělali na @unihokejfinalfour můžete vidět na našem YouTube! 🎥",https://www.facebook.com/reel/1895200980984992/,1132,431,5,,
vsefalcons,instagram,709fceba-e311-48e7-9057-f54a587abf4a,57002983-ddc7-47a1-bfe0-66cd7f02a000,IG Story,VIDEO,17.4.2026 14:28:54,,https://www.instagram.com/stories/vsefalcons/3877349572913697810,893,888,,,
@hc_muni,instagram,43cd62c8-609d-4ea6-8ce9-cae5242ede0c,79959166-62a8-4932-92bc-2eabf365d27f,IG Post,IMAGE,19.3.2026 15:53:28,"Kluci do toho včera dali úplně všechno🏒🐻 Jste ready na poslední zápas sezony a pořádné derby?🔥

📸 @zdeny_99 

#hcmuni",https://www.instagram.com/p/DWEl5V3iJ1Z/,,5448,133,,8
@bitvaoprahu,instagram,d7c8aa06-74fb-4c6c-a7d2-c2fe1bf6d59c,d7a31bfb-e350-4c17-97c0-ab8e940598d3,IG Story,VIDEO,13.4.2026 17:20:33,"📆 Bitva o Prahu
ft. @riderspardubice 🤫",https://www.instagram.com/stories/bitvaoprahu/3874537077451019492,,1313,,,1
vsefalcons,instagram,709fceba-e311-48e7-9057-f54a587abf4a,2152eed7-b0d9-4e09-be4c-80ebaef03f05,IG Story,VIDEO,10.2.2026 20:36:45,STAV PO 2. TŘETINĚ  1:5,https://www.instagram.com/stories/vsefalcons/3829699737532507187,628,926,,1,1
@cvutengineers,instagram,11963a07-7f0f-48e6-9d81-aa63a7ff4a04,a1448947-5f98-4ff1-a406-89d462d32f07,IG Story,VIDEO,8.4.2026 6:30:51,"POZOR, STARTUJEME UŽ V 19:30! 🚨",https://www.instagram.com/stories/cvutengineers/3870586196124795767,,1498,,,6
@united_hk,instagram,b18c071b-0570-48b2-b743-990c668c3c5b,b04f0395-91b9-488e-b131-f98c30ded0b2,IG Story,VIDEO,21.4.2026 17:54:15,"Holky si vystřílely voňavou
 výhru 😉",https://www.instagram.com/stories/united_hk/3880351616566074561,,608,,,2
vsefalcons,instagram,709fceba-e311-48e7-9057-f54a587abf4a,b679f51a-e88f-4afb-8064-4843fdc3dce6,IG Story,VIDEO,18.2.2026 8:22:29,😋😋😋,https://www.instagram.com/stories/vsefalcons/3835128679131257218,565,707,,,
@univerzitnihokej,instagram,1e114592-3529-4cfe-9977-2598454053af,ca1e916b-638c-48e0-9431-ddd07861cad6,IG Story,VIDEO,1.4.2026 8:02:53,,https://www.instagram.com/stories/univerzitnihokej/3865559085156425900,,1369,,,1
@hcnorthwings,facebook,2b08a479-603b-46e4-8a48-2bc0435ccd53,0dbe56e6-ea78-4c7e-b78c-acaa9fc180e7,FB Story,VIDEO,11.3.2026 17:34:14,,,,,,,
@bitvaoprahu,facebook,75e0f41f-82be-4f82-a77b-82ac11135ed2,47cdbe3c-af23-41ad-a971-ed5c69ac9501,FB Video,VIDEO,9.3.2026 17:01:24,"I tuhle písničku si společně zazpíváme už ve čtvrtek! 🗣️

Lístky na bitvaoprahu.cz 🎟️",https://www.facebook.com/reel/1254330500221623/,1614,625,4,,
@bitvaoprahu,facebook,75e0f41f-82be-4f82-a77b-82ac11135ed2,408fe097-a0c8-45a0-a7b1-645835c3d617,FB Post,PHOTO,13.3.2026 18:27:49,"📣 Speakeři na @univerzitnihokej >>> 🗣️🗣️

Jsi stejného názoru? 👀 #bitvaoprahu",https://www.facebook.com/1441262177797849/posts/1421083173149083,338,,1,,
@united_hk,instagram,b18c071b-0570-48b2-b743-990c668c3c5b,41c574fc-5e0d-49fd-a747-d04159301d29,IG Post,PHOTO,28.3.2026 11:09:57,"Už jen 3 dny do startu PLAY-IN!

1 zápas. Všechno nebo nic.

Tenhle večer rozhodne.

31.3. Praha.

ALL IN 🖤🧡

#unitedhk #unihokej #hokej",https://www.instagram.com/p/DWbQbEqCKkn/,,3559,51,,6
@riderspardubice,instagram,4d6a67ab-9313-4f77-a82e-abb18adbca5d,531768b6-817d-4313-815e-8d0366ed8de4,IG Post,ALBUM,31.3.2026 6:00:02,"Záda nám “kryje” náš partner @foxconn_czech 👋

Jak myslíte že dopadne dnešní zápas? 🤨",https://www.instagram.com/p/DWibmg2DJbO/,,1846,71,,1
@akademiciplzen,instagram,65494228-95bf-4f7b-8e68-d47d7262db66,f8d66565-4d6c-413c-9c66-775acab4085c,IG Reel,VIDEO,24.3.2026 9:29:37,"Velikonoční PLAY-IN je tady🐰🔥
Říháč už ladí formu… s Dádou v uších. 🍫

‼️ NEJSPÍŠ POSLEDNÍ DOMÁCÍ ZÁPAS
🎁 VELIKONOČNÍ NADÍLKA čeká

Tak buď u toho 🤩
🗓️ 1. 4. | 19:00
📍 LOGSPEED CZ Aréna

#akademiciplzen 💙",https://www.instagram.com/reel/DWQwhAajKCO/,,15528,454,3,67
@univerzitnihokej,instagram,1e114592-3529-4cfe-9977-2598454053af,c86b05e1-135f-4d71-8b19-7707fb2a02aa,IG Reel,REEL,31.3.2026 11:59:35,Rybaření a golf jako školní předměty? 📚 Pusťte si nový díl našeho podcastu s @michael_hrabal na YouTube nebo Spotify 🎧,https://www.instagram.com/reel/DWjDnrhCKfI/,,15325,682,1,73
@univerzitnihokej,instagram,1e114592-3529-4cfe-9977-2598454053af,013fd2e9-76c8-4bc3-a5ff-165c5e1c32ca,IG Post,IMAGE,13.4.2026 12:12:59,"V Budějovicích se rozdávaly vstupenky… 👀
A rovnou dvě na @unihokejfinalfour 🎟️ Odvezly si je @vsefalcons a @riderspardubice 🚨",https://www.instagram.com/p/DXEkiY4CLtw/,,19660,490,2,129
vsefalcons,instagram,709fceba-e311-48e7-9057-f54a587abf4a,3b5c59c5-0f5e-47b7-b891-6d5e1735fc5d,IG Reel,VIDEO,28.1.2026 17:23:56,"Střídačka není to stejný jako stavba. 👷🏽 … nebo jo? Některé hlášky totiž můžeš použít na obou místech. 🦺🏒

Mostecká game už v úterý 3.2., těšíme se na vás! 🫶🏻",https://www.instagram.com/reel/DUEAeXRiO2f/,,6461,108,2,29
@univerzitnihokej,facebook,01b45180-0b14-4a14-96e8-d0a4bab1fb9f,7a3d42db-d862-4a6b-8763-41b5e146d115,FB Post,IMAGE,13.4.2026 8:54:21,"Program na čtvrtek? Máme! 😤

Kings budou v prvním semifinále bojovat proti Riders, později se pak proti sobě postaví pražské celky Engineers a Falcons 🤜🏼🤛🏼",https://www.facebook.com/1275398168115026/posts/1284830077171835,942,,6,,
@cvutengineers,instagram,11963a07-7f0f-48e6-9d81-aa63a7ff4a04,9b43dc83-726c-45b9-b825-350234b4b176,IG Story,VIDEO,6.4.2026 16:03:26,,https://www.instagram.com/stories/cvutengineers/3869424837353822948,,1089,,,4
vsefalcons,instagram,709fceba-e311-48e7-9057-f54a587abf4a,a10069fd-b06c-4f31-a51a-058d3aec9ccf,IG Story,VIDEO,17.3.2026 15:56:11,HAPPY ST. PATRICK’S DAY,https://www.instagram.com/stories/vsefalcons/3854925780119738901,1038,1013,,,1
vsefalcons,instagram,709fceba-e311-48e7-9057-f54a587abf4a,bd616a5f-5062-45da-9548-4a0cdce61b41,IG Story,VIDEO,16.4.2026 19:23:56,@sokoli.hnizd0 💙,https://www.instagram.com/stories/vsefalcons/3876773353289716876,1196,931,,,2
@riderspardubice,instagram,4d6a67ab-9313-4f77-a82e-abb18adbca5d,c4c22ffa-1dff-452d-9033-f5cdd8858769,IG Story,VIDEO,31.3.2026 18:25:37,JDEME DO 2. TŘETINY! 🐎 🐎,https://www.instagram.com/stories/riderspardubice/3865147778116921228,,741,,,
@AkademiciPlzen,facebook,d87b94e3-03e8-45d0-b92e-75e9b819545c,89f9e69e-fdbd-4d8f-8631-fd2406cac6bb,FB Post,IMAGE,4.3.2026 22:56:02,"V případě, že byste zítra nezvládli své povinnosti, we got you! 👊🏼🤭

#akademiciplzen #jarnibitva",https://www.facebook.com/1357105236437494/posts/1334855981995753,2054,,6,,
vsefalcons,instagram,709fceba-e311-48e7-9057-f54a587abf4a,cb911873-2edc-48de-89fd-5b9fdaa17471,IG Story,VIDEO,8.4.2026 16:03:15,🤹‍♂️,https://www.instagram.com/stories/vsefalcons/3870874314283160323,877,766,,,
@vutcavaliersbrno,instagram,b384bebf-72f3-4f9d-8b2d-3677709f6966,e572270a-77a6-4157-bde2-90ac189a23a0,IG Reel,VIDEO,4.4.2026 9:10:15,"Právě nám začíná mezisezónní období, na které se můžeme plně vybavit díky našemu partnerovi @sportega.cz 🏸
Pokud i vy sháníte nové sportovní vybavení, doporučujeme navštívit jejich pobočku📍Křenová 26 Brno
Veškerý sortiment si tam můžete vyzkoušet, abyste měli jistotu, že vám zvolená výbava bude plně vyhovovat😌 Za nás prostě 🔝topka🙌",https://www.instagram.com/reel/DWtEBT-iKQv/,,3113,81,2,27
vsefalcons,instagram,709fceba-e311-48e7-9057-f54a587abf4a,5e5463f2-6ff9-42c6-bdff-e0e627b96142,IG Story,VIDEO,27.1.2026 18:12:36,📽️,https://www.instagram.com/stories/vsefalcons/3819480463618664198,,788,,,
@riderspardubice,facebook,f99ed6c3-17cc-46f4-a32e-d9b0576ce2df,dc6e79c1-b2ce-443c-9b58-68b2771f3966,FB Post,ALBUM,26.3.2026 19:34:42,Kolik Kopců vidíš na obrázku? 🙌🧔🏻🫶,https://www.facebook.com/1592662819534019/posts/1587785083355126,288,,3,,
@univerzitnihokej,facebook,01b45180-0b14-4a14-96e8-d0a4bab1fb9f,dffbe5bd-2451-435b-b7ba-748737d75b5c,FB Post,IMAGE,7.4.2026 10:04:33,"I přes velmi povedenou základní část končí v semifinále play-in také plzeňští Akademici.

Takové momenty ke sportu patří. Díky za nasazení a boj až do konce 👊🏼",https://www.facebook.com/1275398168115026/posts/1280346417620201,602,,2,,
vsefalcons,instagram,709fceba-e311-48e7-9057-f54a587abf4a,0c222b68-01de-4f68-817f-e04413ab9f17,IG Story,VIDEO,16.4.2026 18:17:36,,https://www.instagram.com/stories/vsefalcons/3876739969825958363,1027,821,,,
@univerzitnihokej,instagram,1e114592-3529-4cfe-9977-2598454053af,339ad03a-1c16-48ac-b7bb-0cfd95c36cbd,IG Post,IMAGE,27.3.2026 19:03:40,"Základní část skončila ⏩️ začíná Play-In 🔥 Jak to bude vypadat?☝🏻

Čekají nás semifinálové bitvy, vítězové jdou do finále Play-In. A odtud už vede jediná cesta ➡️ @unihokejfinalfour a boj o absolutního šampiona letošní sezóny! 😮‍💨🏆

Jedna šance. Žádná oprava. 👀",https://www.instagram.com/p/DWZiBYhCLCa/,,28654,566,,98
@riderspardubice,facebook,f99ed6c3-17cc-46f4-a32e-d9b0576ce2df,9aa67466-af77-40e5-b409-0910f12339cd,FB Post,IMAGE,13.4.2026 10:12:28,"Hello, překvápko 🎁❤️‍🔥",https://www.facebook.com/1592662819534019/posts/1603450908455210,4054,,29,,
vsefalcons,instagram,709fceba-e311-48e7-9057-f54a587abf4a,b3909908-5d91-4dd2-baba-63ff938dcc54,IG Reel,VIDEO,29.4.2026 14:16:02,"Konec semestru už je za rohem 😬😭

Tak pojďme společně utéct povinnostem v neděli 10.5. do Stromovky na @wflworldrun 🏃🏽💨 Poběžíme pro ty co nemohou a pomůžeme tak na dobrou věc! 🙌🏼

Připoj se k nám do týmu VŠE Falcons Prague přes odkaz na profilu a vidíme se tam! 😎

#vsefalcons #wingsforlife",https://www.instagram.com/reel/DXt-tSgiBg7/,,32975,2175,,1495
@univerzitnihokej,instagram,1e114592-3529-4cfe-9977-2598454053af,23c029f5-b41c-4004-8a6a-e1c26e6d7189,IG Story,VIDEO,17.4.2026 19:48:37,,https://www.instagram.com/stories/univerzitnihokej/3877510708929783827,,1498,,,1
@riderspardubice,instagram,4d6a67ab-9313-4f77-a82e-abb18adbca5d,466304a7-7ca3-455a-ba2d-9065cd86e544,IG Post,IMAGE,12.4.2026 3:50:07,"Dnes budeme bojovat v lucky loser game o postup do @unihokejfinalfour !🍀

Lucky loser game
🗓️ 12.4.  v 13:15
📍 v Hokejové Centrum Pouzar
⚔️ proti @blackdogsbudweis_vste 

#luckylosergame#riders",https://www.instagram.com/p/DXBGBFSiOmq/,,4142,48,,8
vsefalcons,instagram,709fceba-e311-48e7-9057-f54a587abf4a,759f51bb-8366-422b-9a33-84a73e26e827,IG Story,VIDEO,2.3.2026 19:28:57,2. TŘETINA 👀,https://www.instagram.com/stories/vsefalcons/3844161228298011385,638,824,,,
@united_hk,instagram,b18c071b-0570-48b2-b743-990c668c3c5b,83b2384b-0a48-4393-9f26-c933d05af972,IG Post,IMAGE,18.3.2026 13:27:09,"🏒 Dnes venku v Ústí

Dnes vyrážíme do Ústí nad Labem.
Čeká nás zápas proti @hcnorthwings 

Další venkovní výzva a další body ve hře.

Drž nám palce na dálku.
🖤🧡",https://www.instagram.com/p/DWBwW0wCCl2/,,2723,28,,7
vsefalcons,instagram,709fceba-e311-48e7-9057-f54a587abf4a,9f5fa20e-9c0e-42ed-9135-e23f3974d678,IG Story,VIDEO,17.2.2026 17:50:44,1️⃣ 2️⃣ 3️⃣ FALCONS,https://www.instagram.com/stories/vsefalcons/3834689632499936093,701,924,,,
vsefalcons,instagram,709fceba-e311-48e7-9057-f54a587abf4a,59d7af22-4666-4edd-8736-849ebaf34487,IG Post,IMAGE,20.1.2026 8:00:56,"Nový rok přináší spoustu akcí, na kterých nemůžeš chybět! 🤪

Přepiš si to do kalendáře, ať nezapomeneš, a vidíme se! 👋🏼",https://www.instagram.com/p/DTuZtnoiAQZ/,,14795,78,,60
@cvutengineers,instagram,11963a07-7f0f-48e6-9d81-aa63a7ff4a04,6fba0cd6-26de-4b7b-9ec4-8eeaa060c004,IG Post,IMAGE,16.4.2026 16:33:24,"Engineers v plný parádě 🫡👌🏼.

#srdcelva",https://www.instagram.com/p/DXMwuRvDKSy/,,10708,415,1,41
vsefalcons,instagram,709fceba-e311-48e7-9057-f54a587abf4a,9db9955c-ff3f-4ca6-b144-6470e6e7683c,IG Post,CAROUSEL_ALBUM,13.2.2026 17:22:47,"Těžko na cvičišti, v úterý na bojišti. 👀

Jedeme na ostro a bez vás to nepůjde. Takže kupujte lístek a chceme vás všechny vidět na Kateřinkách! 🎟️",https://www.instagram.com/p/DUtNFvyiNJR/,,4032,86,,8
vsefalcons,instagram,709fceba-e311-48e7-9057-f54a587abf4a,c1e6a7b7-b016-441b-a28c-0d08b7ab88a0,IG Story,VIDEO,28.2.2026 18:00:13,,https://www.instagram.com/stories/vsefalcons/3842667164968963340,697,906,,,
vsefalcons,instagram,709fceba-e311-48e7-9057-f54a587abf4a,1400f851-51f7-4716-9f07-2b460f08588e,IG Story,VIDEO,8.4.2026 19:28:26,,https://www.instagram.com/stories/vsefalcons/3870977565397676803,856,617,,,
vsefalcons,instagram,709fceba-e311-48e7-9057-f54a587abf4a,319bda78-51a1-4d44-bd82-2a64524d71bc,IG Story,VIDEO,16.4.2026 17:33:17,ROZHEJBAT POŘÁDNĚ BOKY,https://www.instagram.com/stories/vsefalcons/3876717683131584333,1092,985,,,9
vsefalcons,instagram,709fceba-e311-48e7-9057-f54a587abf4a,3218033e-c645-4aba-8efe-4a974549ee53,IG Story,VIDEO,17.4.2026 12:45:41,BOYS are in da 🏟️ @alenjurak11,https://www.instagram.com/stories/vsefalcons/3877297694121179087,1305,1597,,,6
@riderspardubice,facebook,f99ed6c3-17cc-46f4-a32e-d9b0576ce2df,58aa08e5-3c66-42d9-9dc6-7751724212cc,FB Post,IMAGE,17.4.2026 7:52:51,"Pardubáci jedeme do Prahyyyy! 🥁
Po druheee! 😂

Sejdeme se před druhou hodinou na Pardubice hl. n. a ve 14:00 vyrazíme směr zimní stadion Eden! 

Však to znáte, stejně jako včera!",https://www.facebook.com/1592662819534019/posts/1607066348093666,1626,,3,,
@vutcavaliersbrno,instagram,b384bebf-72f3-4f9d-8b2d-3677709f6966,99c16a43-aa40-4e6a-8c8a-373350bea72b,IG Story,VIDEO,1.4.2026 19:39:12,,https://www.instagram.com/stories/vutcavaliersbrno/3865909564193425238,,399,,,
vsefalcons,instagram,709fceba-e311-48e7-9057-f54a587abf4a,0ed6dedc-f35f-492c-899b-0aa7a313bd17,IG Story,VIDEO,10.2.2026 7:38:42,GAMEDAY,https://www.instagram.com/stories/vsefalcons/3829308195370192197,695,908,,,
vsefalcons,instagram,709fceba-e311-48e7-9057-f54a587abf4a,019ad4c8-923a-4449-bd2b-78e93420f906,IG Story,VIDEO,24.2.2026 18:59:25,,https://www.instagram.com/stories/vsefalcons/3839797606016933846,695,892,,,
vsefalcons,instagram,709fceba-e311-48e7-9057-f54a587abf4a,2e59ca27-05e6-44c0-a799-284b47ec08c4,IG Story,IMAGE,24.3.2026 21:15:07,"3 6 Daniel
Straka",https://www.instagram.com/stories/vsefalcons/3860159625186281450,750,396,,,
@univerzitnihokej,facebook,01b45180-0b14-4a14-96e8-d0a4bab1fb9f,542d55c2-c986-408c-a51e-949e47a4fe42,FB Video,VIDEO,6.3.2026 19:24:39,"Final Four sem, Final Four tam…
Ale kdo ho vlastně bude hrát? 🤔 Ondra vám hezky ve videu ukáže, jak se týmy dostanou mezi nejlepší čtyřku. 👆🏻
🗓️16.-17. duben | 🏟️ Zimní stadion Eden",https://www.facebook.com/reel/2334795287018670/,1478,411,1,,
@bitvaoprahu,instagram,d7c8aa06-74fb-4c6c-a7d2-c2fe1bf6d59c,f718d9e1-c335-4e18-81b3-d9ddf6d94802,IG Post,IMAGE,12.3.2026 9:45:20,"Tohle si otevři, až po 3 pivu ztratíš kámoše v davu... 👀",https://www.instagram.com/p/DVx6LcWjGRZ/,,9422,230,2,24
@univerzitnihokej,instagram,1e114592-3529-4cfe-9977-2598454053af,2602094e-086d-415e-9ce4-952750f7acc6,IG Story,VIDEO,8.4.2026 16:36:35,🍿,https://www.instagram.com/stories/univerzitnihokej/3870891109215928930,,3973,,,1
@riderspardubice,instagram,4d6a67ab-9313-4f77-a82e-abb18adbca5d,88f4f914-f048-4c7a-871f-158b00f4e3ad,IG Reel,VIDEO,19.4.2026 12:22:58,"I tak to někdy vyjde. 🤷🏼‍♂️ Ale to neznamená, že se nebude podporovat!",https://www.instagram.com/reel/DXUCTwmDNmR/,,26598,830,2,182
vsefalcons,instagram,709fceba-e311-48e7-9057-f54a587abf4a,bb8c7ca4-ba06-4149-86af-63b560c8e3ac,IG Story,IMAGE,24.2.2026 19:30:23,0 0,https://www.instagram.com/stories/vsefalcons/3839813202133711858,666,827,,,
vsefalcons,instagram,709fceba-e311-48e7-9057-f54a587abf4a,cac2f8d3-779c-46e9-b19f-6746a05f50d5,IG Story,VIDEO,8.4.2026 17:12:03,otevírá zápas,https://www.instagram.com/stories/vsefalcons/3870908955803256952,,840,,,1
@riderspardubice,instagram,4d6a67ab-9313-4f77-a82e-abb18adbca5d,67bf8ac3-2c01-4d74-84ea-6458b7f14f75,IG Story,VIDEO,13.4.2026 19:13:03,,https://www.instagram.com/stories/riderspardubice/3874593704430898250,,419,,,
@riderspardubice,instagram,4d6a67ab-9313-4f77-a82e-abb18adbca5d,51c1cdeb-0cb5-4183-9df3-39a03ab77969,IG Story,IMAGE,8.4.2026 17:05:59,@tipsportcz,https://www.instagram.com/stories/riderspardubice/3870905874441332979,,689,,,
@riderspardubice,instagram,4d6a67ab-9313-4f77-a82e-abb18adbca5d,2813bb43-ba07-4b97-8436-e1b080820d8d,IG Story,VIDEO,31.3.2026 20:26:25,BENEŠ,https://www.instagram.com/stories/riderspardubice/3865208557340266722,,790,,,3
@akademiciplzen,instagram,65494228-95bf-4f7b-8e68-d47d7262db66,48091aaa-32f5-4d91-b3b4-9bc7e60fc65c,IG Reel,VIDEO,8.4.2026 13:26:13,"Chceš vyhrát 100 000 Kč? 👀 Založ si účet u ČSOB a jsi ve hře! 💙

A jestli náhodou budeš na @unihokejfinalfour , nezapomeň, že s kartou ČSOB tam na tebe čeká 20% cashback na pivo a drinky! 🍻

Link na založení účtu najdeš u nás ve stories! 

#akademiciplzen",https://www.instagram.com/reel/DW30cNuDB5Q/,,17229,336,2,21
@riderspardubice,instagram,4d6a67ab-9313-4f77-a82e-abb18adbca5d,8d918921-510b-4e47-9809-259a4e7e3534,IG Story,VIDEO,31.3.2026 18:54:32,2:2,https://www.instagram.com/stories/riderspardubice/3865162340446767810,,904,,,2
@riderspardubice,instagram,4d6a67ab-9313-4f77-a82e-abb18adbca5d,94bc0a98-0a68-4084-b297-08a7de6b7278,IG Story,VIDEO,31.3.2026 11:53:05,MÍŘÍME DO OSTRAVY!,https://www.instagram.com/stories/riderspardubice/3864950175941028045,,1019,,,
vsefalcons,instagram,709fceba-e311-48e7-9057-f54a587abf4a,a7cb0e50-fe66-4fb5-9b76-cdc571d41c3a,IG Story,IMAGE,26.1.2026 17:31:44,0 0,https://www.instagram.com/stories/vsefalcons/3818735008165191163,,892,,,
@akademiciplzen,instagram,65494228-95bf-4f7b-8e68-d47d7262db66,ef4693dc-a740-43db-80be-04a32915c961,IG Reel,VIDEO,10.3.2026 14:22:38,"Výhra nad Kings chutnala dobře… ale jak moc? 😏🏆
To zjišťovala @deniskaurbankova přímo po zápase. 🎤

#akademiciplzen",https://www.instagram.com/reel/DVtPyICDDJp/,,13426,293,1,22
@218107044725785,facebook,7a942e3e-6c47-4794-9ba7-bbc7b6d40cb3,f1265eeb-24e0-4d6c-bf96-4733132f66e9,FB Video,VIDEO,9.3.2026 21:36:51,"Zítra. 19:30. Kateřinky.

Lístky na profilu. Dobrou noc.",https://www.facebook.com/reel/858873940501015/,257,83,6,,
@bitvaoprahu,facebook,75e0f41f-82be-4f82-a77b-82ac11135ed2,f8a3aab8-5108-4d88-93ba-123cac1762a2,FB Post,IMAGE,8.3.2026 15:54:58,"Chápete to? Už je to skoro tady 🤯
Lístky na tebe čekají na 🎟️ bitvaoprahu.cz",https://www.facebook.com/1441262177797849/posts/1417242610199806,242,,,,
vsefalcons,instagram,709fceba-e311-48e7-9057-f54a587abf4a,5e419f88-23b6-447a-b0e4-2aaee04a4219,IG Story,VIDEO,10.2.2026 20:22:21,,https://www.instagram.com/stories/vsefalcons/3829692530812297923,627,831,,,
vsefalcons,instagram,709fceba-e311-48e7-9057-f54a587abf4a,24929d01-910d-4f6d-8672-ddbda0736ad6,IG Story,VIDEO,2.3.2026 8:25:05,GAMEDAY,https://www.instagram.com/stories/vsefalcons/3843827008874754955,724,913,,,
@univerzitnihokej,instagram,1e114592-3529-4cfe-9977-2598454053af,2caea03b-6a5b-4a8f-9e3b-6fbeb7ac7968,IG Reel,VIDEO,14.3.2026 15:07:20,Tohle… a přednášky jdou stranou 🥵 Další zastávka: @unihokejfinalfour 🏆🔥,https://www.instagram.com/reel/DV3oGcJiI47/,,18954,777,,48
vsefalcons,instagram,709fceba-e311-48e7-9057-f54a587abf4a,7c11b7eb-c7f1-48fa-b183-85c3d1512153,IG Story,VIDEO,12.4.2026 19:44:12,VŠE vs. ČVUT VŠE vs. ČVUT ONCE AGAIN ONCE AGAIN,https://www.instagram.com/stories/vsefalcons/3873884610513867595,649,455,,,2
@BOhokej,facebook,c9082543-a03b-490f-8f97-66d439acce89,fc1ec838-7c8a-49d7-a8c7-334edaab17b0,FB Video,VIDEO,29.3.2026 18:30:04,"Dany šel dneska na rande. Se sprejem Diamond sleek od @garnier_czsk udělal rozhodně dobrý dojem! 

#garnierfructics #hokej #bocko",https://www.facebook.com/reel/1467239681453082/,707,316,4,,
vsefalcons,instagram,709fceba-e311-48e7-9057-f54a587abf4a,a825ff74-8a74-4121-9b6e-d7c0c928e914,IG Story,IMAGE,7.2.2026 19:51:34,🏒 přidej se zítra k našemu kotli na zápas proti @czufarmers,https://www.instagram.com/stories/vsefalcons/3827502667019086190,,1143,,,2
@univerzitnihokej,instagram,1e114592-3529-4cfe-9977-2598454053af,00eda6ec-00c8-4d71-97f8-869b7e758b70,IG Reel,VIDEO,11.3.2026 19:17:05,"ČSOB CASH ON ICE 🧊🤑
Normálně hledáš drobné po kapsách. Na univerzitním hokeji je najdeš na ledě 🫣",https://www.instagram.com/reel/DVwWQNbCH4M/,,8783,78,,5
@riderspardubice,instagram,4d6a67ab-9313-4f77-a82e-abb18adbca5d,15157026-edde-4eba-b1ea-d29cfea7e1cb,IG Post,IMAGE,3.3.2026 17:00:00,"🌴 Na včerejší Survivor zápase získala výherkyně našeho Survivor kvízu parádní reprák JBL, který do soutěže věnoval náš dlouhodobý partner @enteria_holding!

Děkujeme a výherkyni gratulujeme a přejme spoustu kvalitní hudby! 

A jestli bys chtěl taky něco vyhrát, tak se zastav na zápase 9. 3. - vstupenky koupíš přes odkaz v BIU 🤫",https://www.instagram.com/p/DVbg3yojJsD/,,2960,69,,1
@riderspardubice,facebook,f99ed6c3-17cc-46f4-a32e-d9b0576ce2df,65e4a549-be57-45b4-83a7-6176cf1befcc,FB Post,IMAGE,18.3.2026 18:03:43,"Poslední zápas v dresu Riders pro @dominikkopecky_99 a @daniel.skryp! 🔥

Přijď kluky podpořit a rozloučit se s nimi na zápas proti @united_hk! 

Lastdance
🗓️ 23.3. v 19:45
📍 v Enteria Arena 
⚔️ proti @united_hk 

Odkaz na vstupenky najdeš v BIU!🎟️ (I se slevičkou!🤭)

#lastdance#riders",https://www.facebook.com/1592662819534019/posts/1579854104148224,146,,1,,
@univerzitnihokej,instagram,1e114592-3529-4cfe-9977-2598454053af,9c0421b3-a0ec-4923-a361-bde9952be6af,IG Post,IMAGE,2.4.2026 8:26:24,"Semifinále PLAY-IN je za námi, teď už čeká týmy poslední krok před Final Four v Edenu! 😤 Už příští středu poznáme 3️⃣ postupující. O posledním místě se rozhodne v Lucky Loser zápase. ⚔️

Cesta na Final Four se blíží ke konci a všechno to vyvrcholí 16. a 17. dubna v Edenu! 🔥 Vstupenky na finalfour.cz",https://www.instagram.com/p/DWn12KnF1lm/,,16231,353,,58
@akademiciplzen,instagram,65494228-95bf-4f7b-8e68-d47d7262db66,df0ec47e-f076-4f6e-a87f-b87b944f5ccb,IG Reel,VIDEO,3.3.2026 8:30:42,"5 důvodů, proč přijít na Bitvu už v 17:30! 🕺🏼🪽🍻

#akademiciplzen #jarnibitva",https://www.instagram.com/reel/DVamIULjPR7/,,8784,158,,43
@riderspardubice,instagram,4d6a67ab-9313-4f77-a82e-abb18adbca5d,df62725c-5e7c-4d72-9b1a-13588479d232,IG Story,VIDEO,17.4.2026 20:45:18,,https://www.instagram.com/stories/riderspardubice/3877539115768225309,,746,,,1
@univerzitnihokej,instagram,1e114592-3529-4cfe-9977-2598454053af,0fb63942-2e8e-4c3a-804a-8e89bdd5cdad,IG Story,VIDEO,17.4.2026 14:52:48,,https://www.instagram.com/stories/univerzitnihokej/3877361824534411174,,1801,,,
@vutcavaliersbrno,instagram,b384bebf-72f3-4f9d-8b2d-3677709f6966,8a06882f-83f2-4f73-96f8-3a1852acff7c,IG Post,IMAGE,10.3.2026 16:53:44,"Domácí zápas v SOBOTU ‼️
Kavalíři tento týden nastoupí k dohrávce zápasu proti @vsefalcons na domácímu ledě v sobotu v 17:00 👈
Ideální aktivita na víkend? Přijď nás podpořit a zažij univerzitní hokej 🏒 
Doprava na zápas i z něj je zajištěna 🚌",https://www.instagram.com/p/DVthoTMCIPY/,,1532,28,,1
@bitvaoprahu,facebook,75e0f41f-82be-4f82-a77b-82ac11135ed2,e15c84fd-b625-4005-907b-88eb763282df,FB Video,VIDEO,13.3.2026 16:10:09,"Finálový večer, na který jen tak prostě nezapomeneš? 🟰❤️

Tohle je @bitvaoprahu ! 🔥🔥🔥 #univerzitnihokej",https://www.facebook.com/reel/26317580911195160/,634,103,5,,
vsefalcons,instagram,709fceba-e311-48e7-9057-f54a587abf4a,8c9a3e45-9af1-427b-9984-5c3e26c874ae,IG Post,IMAGE,12.4.2026 19:29:45,"Soupeř, čas i místo jsou jasné. Semifinále @unihokejfinalfour sehrajeme proti @cvutengineers , které dobře známe 👊🏼

Teď vás potřebujeme víc, než kdy jindy. 👉🏼🏆

Vstupenky na finalfour.cz
SLEVOVÝ KÓD: VSEFANS 🤑",https://www.instagram.com/p/DXCxubSCGOs/,,11824,117,,78
vsefalcons,instagram,709fceba-e311-48e7-9057-f54a587abf4a,79bc682d-cc75-44d0-acfd-c819d19c9637,IG Story,VIDEO,3.2.2026 21:09:08,KDE VÁS JE VÍC? 😢 @hcnorthwings,https://www.instagram.com/stories/vsefalcons/3824650739360741770,,768,,,3
@riderspardubice,facebook,f99ed6c3-17cc-46f4-a32e-d9b0576ce2df,b94e5211-51ca-4e31-bc85-d5d7aa5da210,FB Post,IMAGE,20.3.2026 15:48:05,"Hey Erasmus students! 🌍✨

Looking for a unique Czech student experience? Join us for an unforgettable night full of energy, emotions, and true university spirit! 🏒🔥

Come and enjoy a University Hockey Derby – a traditional rivalry between two neighboring cities, Pardubice and Hradec Králové. Expect loud fans, minigames for fans and an incredible atmosphere you don’t want to miss!

📅 March 23
🕢 7:45 PM
📍 Enteria Arena, Pardubice

This game is also special as it’s the last home match of the regular season – and a final farewell to two key players of the Riders team. Let’s give them a proper send-off together ❤️

🎟️ Get your ticket in BIO!",https://www.facebook.com/1592662819534019/posts/1581683907298577,292,,1,,
@bitvaoprahu,instagram,d7c8aa06-74fb-4c6c-a7d2-c2fe1bf6d59c,e93291bc-ca22-46dd-bf87-9db856457225,IG Story,VIDEO,22.4.2026 15:22:18,,https://www.instagram.com/stories/bitvaoprahu/3881000380050216032,,1348,,,1
vsefalcons,instagram,709fceba-e311-48e7-9057-f54a587abf4a,23380f1b-6a4c-4bec-beb2-7fbec9a27b56,IG Story,VIDEO,12.3.2026 18:54:29,,https://www.instagram.com/stories/vsefalcons/3851391540165893094,1906,1452,,,3
vsefalcons,instagram,709fceba-e311-48e7-9057-f54a587abf4a,5d820367-c3d6-4719-bc36-29856f3c42b3,IG Story,VIDEO,13.2.2026 7:55:52,PÁ ČEK TE 🥳 😎,https://www.instagram.com/stories/vsefalcons/3831491130282259375,547,547,,,
@akademici_plzen,tiktok,8f78cb3d-9c53-4c33-9f39-e6526fd8fa1c,35d45030-956c-4bff-ba89-c69873cf186a,TT Video,VIDEO,7.4.2026 14:17:01,"Nechali jsme na ledě všechno. Bojovali jsme do poslední chvíle, ale jediný gól v prodloužení rozhodl o našem konci v letošní sezoně. Děkujeme vám za každou podporu, za každý hlas z tribuny a za to, že jste byli celou sezonu s námi. Bez vás by to nebylo ono. 💙 Slibujeme, že se vrátíme silnější — a doufáme, že znovu s vámi po boku! #akademiciplzen | 🎥 @yzproduction.cz",https://www.tiktok.com/@akademici_plzen/video/7626021163742792982?utm_campaign=tt4d_open_api&utm_source=7348986504397455361,,1275,85,1,1
vsefalcons,instagram,709fceba-e311-48e7-9057-f54a587abf4a,0020ba6a-c85e-4f9e-b3f1-3767295a00a4,IG Story,VIDEO,17.4.2026 18:02:26,,https://www.instagram.com/stories/vsefalcons/3877457168673045741,830,686,,,
@univerzitnihokej,facebook,01b45180-0b14-4a14-96e8-d0a4bab1fb9f,7fb51190-f4bc-40a3-8878-b6627cbee093,FB Post,IMAGE,11.3.2026 21:35:08,ZOTT nejhladovější hráč @pastak22 🥛Otevřel skóre zápasu a teď si otevře zásobu ZOTT HUNGRY 🤤,https://www.facebook.com/1275398168115026/posts/1259018023086374,886,,,,
@riderspardubice,instagram,4d6a67ab-9313-4f77-a82e-abb18adbca5d,8727fcef-aa30-4557-a89f-e3f3b015f467,IG Story,VIDEO,10.4.2026 8:01:00,,https://www.instagram.com/stories/riderspardubice/3872081115679062883,,560,,,
@engineersprague,facebook,afd06d1d-7b1c-4f66-8d93-ce4255ab773c,8da61f8f-d03e-4cf8-8347-f679e0be4e41,FB Story,VIDEO,10.3.2026 21:31:33,,,,,,,
@bitvaoprahu,instagram,d7c8aa06-74fb-4c6c-a7d2-c2fe1bf6d59c,09bbaeba-95f4-4251-a210-6d7523a335a6,IG Reel,VIDEO,12.3.2026 23:12:40,"Inspirovat se je třeba od těch nejlepších. 🤝🏼

Za předání plyšáků od @csobcz našim stříbrným medailistům děkujeme @classictomas z @puk_pak_pivo .

@cvutengineers 🥈| #bitvaoprahu",https://www.instagram.com/reel/DVzV7NZDFfZ/,,46443,657,2,127
@univerzitnihokej,instagram,1e114592-3529-4cfe-9977-2598454053af,f0cde4a5-77db-4900-814f-36eaa0621b16,IG Post,IMAGE,10.4.2026 9:57:20,"LUCKY LOSER = ještě jedna šance probojovat se do @unihokejfinalfour 🏆

V neděli se o všem rozhodne a budeme vědět všechny 4️⃣ týmy! 🔥",https://www.instagram.com/p/DW8moMqiJe2/,,14644,225,2,30
@cvutengineers,instagram,11963a07-7f0f-48e6-9d81-aa63a7ff4a04,5e988766-3cd4-4ce9-8e00-a1d212a0429b,IG Story,VIDEO,8.4.2026 11:20:06,"CO NAJDEŠ V NOVÝ APPCE? Slevu na náš merch🦁, kalendář akcí s nákupem vstupenek 🎟️ (btw nemusíš pak hledat lístky v mailu a máš to v sexy appce) a spoustu výhod od partnerů @univerzitnihokej 🤩 @unilifecz",https://www.instagram.com/stories/cvutengineers/3870731777270923591,,1506,,,9
@riderspardubice,instagram,4d6a67ab-9313-4f77-a82e-abb18adbca5d,ae245096-2ade-4110-9626-d29624615a5a,IG Story,VIDEO,8.4.2026 17:35:24,ŤUKNI SI S KLUKAMA PRO ŠTĚSTÍ!,https://www.instagram.com/stories/riderspardubice/3870929856859261658,,630,,,
@boostrava,instagram,1176ddaf-d366-48a2-9639-3c6694c72c85,1498c8a6-6d7c-439c-af7a-b5ce084fe71b,IG Story,VIDEO,31.3.2026 6:43:29,,https://www.instagram.com/stories/boostrava/3864794345056806505,,845,,,
vsefalcons,instagram,709fceba-e311-48e7-9057-f54a587abf4a,887e3eb7-1b9f-43ee-a507-851e2f6ca320,IG Reel,VIDEO,18.2.2026 8:20:12,Pojďte si s námi vychutnat oslavy včerejší výhry! 🤩,https://www.instagram.com/reel/DU5G8dsCCcF/,,3308,91,,
@riderspardubice,facebook,f99ed6c3-17cc-46f4-a32e-d9b0576ce2df,a137bfb5-f311-47c9-add8-b5338f277bbd,FB Post,IMAGE,4.3.2026 9:01:10,"Venkovní zápas v Brně!🗣️🏒

Venkovní zápas
🗓️ 4.3. v 19:30
📍 ve Sportcentrum Lužánky
⚔️ proti @hc_muni 

#riders#venkovnízápas",https://www.facebook.com/1592662819534019/posts/1567438515389783,138,,,,
@cvutengineers,instagram,11963a07-7f0f-48e6-9d81-aa63a7ff4a04,1e291045-ae97-4928-bf6c-09c51cf32cf6,IG Story,VIDEO,8.4.2026 17:21:10,KISS FOR LUCK,https://www.instagram.com/stories/cvutengineers/3870913520405843763,,984,,,2
@riderspardubice,instagram,4d6a67ab-9313-4f77-a82e-abb18adbca5d,e7c9133d-9622-449d-85f3-ac98ccd93ed5,IG Reel,VIDEO,8.4.2026 6:00:06,"Není maska jako maska! 🔥

Tohle je GARNIER Fructis 3v1 Osvěžující hydratační maska na vlasy. 🥝

10/10 gólmanů doporučuje a označuje ji za svou masku č. 1 🔥

@garnier_czsk 
@univerzitnihokej",https://www.instagram.com/reel/DW3B4fQxCU2/,,7014,151,11,57
@univerzitnihokej,instagram,1e114592-3529-4cfe-9977-2598454053af,62801e7f-965f-4768-a835-661ec69e9d50,IG Story,VIDEO,8.4.2026 18:03:38,0 3,https://www.instagram.com/stories/univerzitnihokej/3870934891265277415,,805,,,
@riderspardubice,instagram,4d6a67ab-9313-4f77-a82e-abb18adbca5d,dd02fb58-e533-44cd-b4fd-535eab3382a5,IG Story,VIDEO,26.4.2026 12:36:10,,https://www.instagram.com/stories/riderspardubice/3883815880639648049,,841,,,
@united_hk,instagram,b18c071b-0570-48b2-b743-990c668c3c5b,0eb333f1-8f09-4868-86d2-9a9ebd557a46,IG Story,VIDEO,25.4.2026 12:59:38,"hlavní je si to udělat  HEZKÝ ⛱️ ☀️ doufám, že si použil spf @ondra_holubec",https://www.instagram.com/stories/united_hk/3883102939875138862,,874,,,
@riderspardubice,instagram,4d6a67ab-9313-4f77-a82e-abb18adbca5d,45ea948c-24c4-42ce-a765-40953c157dd1,IG Post,IMAGE,24.3.2026 2:39:36,Dnes bohužel prohra.,https://www.instagram.com/p/DWQC_QVCDwP/,,4581,37,1,9
@AkademiciPlzen,facebook,d87b94e3-03e8-45d0-b92e-75e9b819545c,b7bb302e-70fb-4c84-9f56-6fa3efde5440,FB Post,IMAGE,1.4.2026 15:03:20,"Hokejem tenhle večer teprve začíná. 🏒 

Ze stadionu se všichni přesouváme na after do No Limitu. Vidíme se tam! 🕺🏼

#akademiciplzen",https://www.facebook.com/1357105236437494/posts/1357476163067068,490,,2,,
@BOhokej,facebook,c9082543-a03b-490f-8f97-66d439acce89,64098848-8865-4f79-9262-02e2b8805994,FB Video,VIDEO,27.3.2026 19:16:45,"Paparazzi už to ví… Tak si to zapiš taky! 👀

31.3. nás čeká play-in a půjde o všechno! 🔥

#savethedate #hockey #hockeygame",https://www.facebook.com/reel/927894796878842/,457,202,1,,
@boostrava,instagram,1176ddaf-d366-48a2-9639-3c6694c72c85,a4aaae1c-31f3-44eb-aecb-915fcf76056d,IG Story,VIDEO,14.4.2026 10:26:45,,https://www.instagram.com/stories/boostrava/3875053583683299510,,509,,,
@bitvaoprahu,facebook,75e0f41f-82be-4f82-a77b-82ac11135ed2,da736b5a-4f7e-4214-8bba-e07fc84d6d8a,FB Post,IMAGE,12.3.2026 22:41:59,Ideální rande 🟰 Bitva o Prahu?! 😍,https://www.facebook.com/1441262177797849/posts/1420433176547416,264,,2,,
@riderspardubice,instagram,4d6a67ab-9313-4f77-a82e-abb18adbca5d,791a78ee-7d5a-4834-9f80-aedbf16446cc,IG Story,VIDEO,12.4.2026 11:31:28,TO JE NÁŠ GOOOLMAN! 😏 @63skorpiz  1:0,https://www.instagram.com/stories/riderspardubice/3873636630049649178,,1309,,,
@BOhokej,facebook,c9082543-a03b-490f-8f97-66d439acce89,b1f94639-7250-4604-ae44-2093ffc28ef3,FB Post,IMAGE,18.3.2026 12:53:05,"Koukni co o výjezdu do Prahy řekl útočník 
Jan Vašenka🎙️",https://www.facebook.com/1477974067675582/posts/1465762575563398,282,,,,
@hcmuni,facebook,d1f9e9f9-7526-42d4-85aa-13f91e89f7cf,b65ee54e-1556-4139-bd9b-80a583b7d4b0,FB Post,ALBUM,26.3.2026 16:23:59,"Poslední zápas ve velkém stylu!🐻🏒 Děkujeme moc všem za podporu a vidíme se příští sezonu 💙

📸 @zdeny_99 

#hcmuni",https://www.facebook.com/1581741777288398/posts/1576851724444070,759,,10,,
@united_hk,instagram,b18c071b-0570-48b2-b743-990c668c3c5b,cc00be00-cac8-488e-9731-85a48c6d2861,IG Story,VIDEO,17.4.2026 20:06:37,,https://www.instagram.com/stories/united_hk/3877519588002903113,,364,,,
@vutcavaliersbrno,instagram,b384bebf-72f3-4f9d-8b2d-3677709f6966,4632f9e2-3d9d-4738-9a83-c43e26368b4e,IG Story,IMAGE,1.4.2026 17:10:53,,https://www.instagram.com/stories/vutcavaliersbrno/3865834903979966532,,493,,,
@univerzitnihokej,instagram,1e114592-3529-4cfe-9977-2598454053af,9cd61a49-6337-424c-8f0a-35538891c7a0,IG Story,VIDEO,17.4.2026 20:16:13,,https://www.instagram.com/stories/univerzitnihokej/3877524598929510658,,1372,,,
@univerzitnihokej,instagram,1e114592-3529-4cfe-9977-2598454053af,53d9389e-f789-41c8-a4d5-43f9cee44452,IG Reel,VIDEO,25.3.2026 13:03:33,"Minulou sezonu si výherkyně odnesla šek na čtvrt milionu od ČSOB. 💙 

Letos hrajeme o 1️⃣0️⃣0️⃣ 0️⃣0️⃣0️⃣ Kč. Kdo je získá tentokrát? 👀

🔗 Založ si účet u ČSOB přes odkaz v našem biu a možná to budeš právě ty. 🫵🏻",https://www.instagram.com/reel/DWTucuHiABR/,,7944,112,,7
@riderspardubice,instagram,4d6a67ab-9313-4f77-a82e-abb18adbca5d,a48c17eb-d1a4-4a70-a94d-ae0b100fdb65,IG Post,IMAGE,8.3.2026 6:00:00,"Krásně MDŽ 💐

Bez vás by to nešlo. 🫶",https://www.instagram.com/p/DVnNVkDjGPp/,,6105,209,,10
@hcnorthwings,facebook,2b08a479-603b-46e4-8a48-2bc0435ccd53,e6edd936-ec58-4fac-a3d1-d30f588982d0,FB Video,VIDEO,4.3.2026 20:46:27,🎤 | Pozápasové ohlasy z 23. kola @univerzitnihokej v podání @czufarmers (Matěj #Pavlovic) #univerzitnihokej,https://www.facebook.com/reel/845585501856973/,242,88,,,
vsefalcons,instagram,709fceba-e311-48e7-9057-f54a587abf4a,76dda5e5-eaa5-49e4-961c-23ef6cd6c83f,IG Post,IMAGE,26.2.2026 8:07:24,"It’s Falcons pub kvíz day! 🍻

Nebylo by možné ho uspořádat bez našich parterů, kterým moc děkujeme za hodnotné ceny 🤝🏼💙

Máte se na co těšit a my se těšíme na vás! 🤩",https://www.instagram.com/p/DVNr3XXiKOT/,,2255,44,,8
vsefalcons,instagram,709fceba-e311-48e7-9057-f54a587abf4a,5036ed9e-4944-4d58-a980-22e6f32b8b35,IG Story,VIDEO,3.3.2026 19:16:04,otevírá skóre,https://www.instagram.com/stories/vsefalcons/3844879456242528033,656,992,,,1
@united_hk,instagram,b18c071b-0570-48b2-b743-990c668c3c5b,76a6f894-0678-433e-8678-bf28da5c31ab,IG Post,IMAGE,8.4.2026 7:09:14,"Náš obránce Ondra Štembera dnes slaví narozeniny.

Všechno nejlepší, Ondro! 🎂
Užij si to.",https://www.instagram.com/p/DW3JyuGCNm3/,,1838,17,,4
@univerzitnihokej,instagram,1e114592-3529-4cfe-9977-2598454053af,c38e853c-b307-496d-a5f3-9ffb41ea7f26,IG Post,IMAGE,13.4.2026 8:54:03,"Program na čtvrtek? Máme! 😤

Kings budou v prvním semifinále bojovat proti Riders, později se pak proti sobě postaví pražské celky Engineers a Falcons 🤜🏼🤛🏼",https://www.instagram.com/p/DXENxVIiDCb/,,3895,99,,21
vsefalcons,instagram,709fceba-e311-48e7-9057-f54a587abf4a,32c84cdc-ecfc-49ed-b147-ea5d303caab6,IG Story,VIDEO,10.3.2026 18:59:32,@grantthorntoncz 👋🏻,https://www.instagram.com/stories/vsefalcons/3849944564048091018,1035,,,,10
vsefalcons,instagram,709fceba-e311-48e7-9057-f54a587abf4a,d11933e3-6c1b-4391-9fe5-849563a5ce2d,IG Story,IMAGE,14.3.2026 18:26:54,4 3,https://www.instagram.com/stories/vsefalcons/3852827205856443576,747,607,,,
vsefalcons,instagram,709fceba-e311-48e7-9057-f54a587abf4a,e2e51b87-6d61-40b8-abbd-ad373d7fdcc4,IG Story,VIDEO,12.3.2026 16:43:07,,https://www.instagram.com/stories/vsefalcons/3851325413834379774,1404,1288,,,
vsefalcons,instagram,709fceba-e311-48e7-9057-f54a587abf4a,0082d435-2b08-406c-98e0-1c2438ce6506,IG Story,VIDEO,31.3.2026 15:31:34,nechť ať kluci navaří,https://www.instagram.com/stories/vsefalcons/3865060189246343464,984,998,,1,
vsefalcons,instagram,709fceba-e311-48e7-9057-f54a587abf4a,0345d053-6906-4314-91f3-732747540112,IG Story,VIDEO,17.4.2026 14:56:58,,https://www.instagram.com/stories/vsefalcons/3877363917961874242,892,891,,2,
vsefalcons,instagram,709fceba-e311-48e7-9057-f54a587abf4a,29aa666c-4f37-4fae-8256-72fe054b09aa,IG Story,VIDEO,13.3.2026 16:21:48,,https://www.instagram.com/stories/vsefalcons/3852039467758561451,851,861,,,42
vsefalcons,instagram,709fceba-e311-48e7-9057-f54a587abf4a,aa9c9353-561a-415e-a0ad-7602e1777045,IG Story,VIDEO,13.3.2026 17:01:30,,https://www.instagram.com/stories/vsefalcons/3852059444423206662,825,699,,,
@univerzitnihokej,facebook,01b45180-0b14-4a14-96e8-d0a4bab1fb9f,e0d33119-c3cc-4788-915e-fbfb5c0bb832,FB Video,VIDEO,26.3.2026 16:45:37,Game on. Hair on point. 💆🏻‍♂️ @garnier_czsk 💚,https://www.facebook.com/reel/942638491469915/,410,86,1,,
@bitvaoprahu,instagram,d7c8aa06-74fb-4c6c-a7d2-c2fe1bf6d59c,1ad7b12b-9530-49ac-9000-51fb31e44308,IG Reel,VIDEO,9.3.2026 18:06:44,"🏆 POHÁR ČTYŘ UNIVERZIT
…o co se vlastně hraje?

Po podzimním semifinále jsou karty rozdaný:
🥉 o bronz: ČZU vs VŠE
👑 o zlato a pohár: UK vs ČVUT

Teď drží každý tým půlku poháru.
Ve čtvrtek se rozhodne, kdo si ho odnese celý a s ním i titul vládce Prahy. 

❓Obhájí UK loňské vítězství? Nebo tentokrát ovládne Prahu ČVUT?

Rozhodne se už ve čtvrtek.
🎟️ bitvaoprahu.cz",https://www.instagram.com/reel/DVrD-FZjCWK/,,17798,166,,19
@hcmuni,facebook,d1f9e9f9-7526-42d4-85aa-13f91e89f7cf,41fb36f3-02a4-40ae-b8d8-1f02eaeaf190,FB Video,VIDEO,27.3.2026 12:15:13,"Před posledním zápasem nás čekalo i těžké loučení. Po několika letech jsme se rozloučili s důležitými postavami v historii HC MUNI.
Své působení u Medvědů završil bývalý vynikající hráč Jiří Čtvrtníček, který poslední čtyři sezony vedl kádr jako hlavní trenér. Loučíme se i s Honzou Sedlákem, který rovněž oblékal dres Masaryčky a následně u týmu působil jako asistent trenéra a sportovní manažer.
Kluci, DĚKUJEME za všechno a přejeme jen to dobré do další životní etapy. A přijďte se na nás někdy podívat, budeme se těšit 💙

#hcmuni",https://www.facebook.com/reel/1271975764438928/,2581,857,12,,
vsefalcons,instagram,709fceba-e311-48e7-9057-f54a587abf4a,4af92a52-3c5b-4b77-b27c-d6830df13f56,IG Story,VIDEO,17.2.2026 9:12:26,"dneska hokej,
zítra 🥳",https://www.instagram.com/stories/vsefalcons/3834428740290012379,760,1027,,,1
@akademiciplzen,instagram,65494228-95bf-4f7b-8e68-d47d7262db66,4cf6bc12-d481-48ac-91f2-94692a2e3f9a,IG Story,VIDEO,17.4.2026 19:47:20,,https://www.instagram.com/stories/akademiciplzen/3877509973316242984,,889,,,
vsefalcons,instagram,709fceba-e311-48e7-9057-f54a587abf4a,6f97eaad-4492-4575-a6d5-9808b2bacdc5,IG Story,VIDEO,18.3.2026 12:04:08,@veolia_cz  NA VELETRHU ŠANCE 🤩,https://www.instagram.com/stories/vsefalcons/3855533667695207054,1256,1392,,,
vsefalcons,instagram,709fceba-e311-48e7-9057-f54a587abf4a,d8b5a0d8-c880-44d6-a4f1-919020571c94,IG Story,VIDEO,10.3.2026 19:06:19,"ČESTNÁ BULY Ing. Brabenec Tomáš, Ph.D. LLM. doc. Ing. Petr Dvořák, Ph.D. 🤝🏻",https://www.instagram.com/stories/vsefalcons/3849948730921380229,1011,985,,,7
@hcmuni,facebook,d1f9e9f9-7526-42d4-85aa-13f91e89f7cf,e2efc2dd-28bc-4caa-b2e2-76f4c238f430,FB Post,IMAGE,5.3.2026 10:24:15,"Včerejší divoká přestřelka ve fotkách🔥🎯 Děkujeme všem za podporu, vidíme se příští týden opět u nás na Lužánkách🐻💙

#hcmuni",https://www.facebook.com/1581741777288398/posts/1557438343052075,678,,3,,
@BOhokej,facebook,c9082543-a03b-490f-8f97-66d439acce89,5d4286c4-b61c-45f8-a591-0144051755cd,FB Post,IMAGE,18.3.2026 11:28:37,"GAME DAY🔥 JEDEME DO PRAHY 
Sleduj živě a nebo doraz na Hvězdu!
@cvutengineers x @boostrava",https://www.facebook.com/1477974067675582/posts/1465711505568505,146,,2,,
vsefalcons,instagram,709fceba-e311-48e7-9057-f54a587abf4a,7d5f292a-7b52-4374-9e9d-ac2eb619f1e7,IG Story,VIDEO,14.3.2026 17:12:53,"JONÁŠ JOBÁNEK nás posílá potřetí
do vedení 😜",https://www.instagram.com/stories/vsefalcons/3852789971920935073,749,713,,,1
vsefalcons,instagram,709fceba-e311-48e7-9057-f54a587abf4a,999d292b-7bda-4b89-bbaa-bacecea78806,IG Story,VIDEO,16.4.2026 17:46:29,MARODI JAKO no.  1 SUPPORT,https://www.instagram.com/stories/vsefalcons/3876724271191969454,1030,987,,,4
@AkademiciPlzen,facebook,d87b94e3-03e8-45d0-b92e-75e9b819545c,d7501d2c-0fe1-4786-9a77-48d6c0c87ee0,FB Video,VIDEO,5.3.2026 20:38:55,"Zařvat si a zatancovat, to prostě k sladké výhře patří! 😝🏆

#akademiciplzen 💙",https://www.facebook.com/reel/1960188794598098/,1083,355,9,,
@218107044725785,facebook,7a942e3e-6c47-4794-9ba7-bbc7b6d40cb3,79acb849-43ce-4508-bc73-dca0f87a1536,FB Video,VIDEO,10.4.2026 18:22:27,"Jsme trochu v nešťastný situaci… neznáme soupeře ani čas semifinále. 😏

Řešení? Jednoduchý.
Kup si denní vstupenku a dej si rovnou 2️⃣ zápasy + double dávku show. 🔥 Nebo si počkej do neděle, kdy už bude jasno. 👀
Vstupenky na finalfour.cz a nezapomeň využít náš kód VSEFANS! 🎟️",https://www.facebook.com/reel/1932520997630657/,455,136,3,,
@univerzitnihokej,instagram,1e114592-3529-4cfe-9977-2598454053af,095c49dc-8773-4175-8112-f4988719632a,IG Post,IMAGE,28.3.2026 19:06:38,V jižních Čechách půjde ve středu o všechno 🥵 Black Dogs vyzvou k souboji brněnské Cavaliers ⚔️,https://www.instagram.com/p/DWcG8-iiL7J/,,7454,172,1,15
vsefalcons,instagram,709fceba-e311-48e7-9057-f54a587abf4a,d7d87c64-8282-465e-8f48-a471603ff45d,IG Story,IMAGE,13.3.2026 16:20:54,,https://www.instagram.com/stories/vsefalcons/3852039008532595197,860,790,,,
@riderspardubice,instagram,4d6a67ab-9313-4f77-a82e-abb18adbca5d,de02193b-876b-42f9-9241-b2dcc22b8038,IG Reel,VIDEO,2.4.2026 6:56:25,"Finále play-in v Praze proti @cvutengineers! ⚡️

Zápas, kde jde o postup do @unihokejfinalfour 🤩",https://www.instagram.com/reel/DWnrYJhjBZ2/,,4613,76,,5
vsefalcons,instagram,709fceba-e311-48e7-9057-f54a587abf4a,0d2cdacf-d39c-4e72-b621-7ebae962cfe4,IG Story,VIDEO,10.2.2026 19:00:03,,https://www.instagram.com/stories/vsefalcons/3829651063305698763,639,892,,,8
@bitvaoprahu,facebook,75e0f41f-82be-4f82-a77b-82ac11135ed2,2dbe5c33-287f-434d-ae21-1cc54551627b,FB Post,IMAGE,12.3.2026 20:30:36,"RUKU NA SRDCE! ❤️‍🔥🔥 Všichni jsme tak trochu blázni. 🤪

📸 @vratapolivka_photo & @novacek_photography",https://www.facebook.com/1441262177797849/posts/1420371573220243,278,,1,,
@cvutengineers,instagram,11963a07-7f0f-48e6-9d81-aa63a7ff4a04,42709450-dae2-4d45-8758-d220a670cfa3,IG Post,IMAGE,17.4.2026 21:48:31,"Teď to bolí. Dali jsme do toho všechno. Do poslední vteřiny.
Tentokrát to na zlato nestačilo.

Díky, že jste v tom jeli s náma celou sezonu. Pro ten pohár se vrátíme. Silnější.

#engprg #srdcelva",https://www.instagram.com/p/DXP5V95DErh/,,6045,226,,6
@riderspardubice,facebook,f99ed6c3-17cc-46f4-a32e-d9b0576ce2df,79347951-ae38-460e-97c5-7ab87fc3d7bb,FB Post,IMAGE,24.3.2026 13:37:14,"Včera jsme se na domácím ledě rozloučili s @dominikkopecky_99 a @daniel.skryp, pro které je toto poslední sezona v dresu Riders ❤️‍🩹

Díky kluci za vše, co jste Riders dali a přejeme vám mnoho úspěchů!",https://www.facebook.com/1592662819534019/posts/1585474470252854,754,,1,,
@univerzitnihokej,facebook,01b45180-0b14-4a14-96e8-d0a4bab1fb9f,8f73dab9-199e-4cd4-b41a-ce82a3c2398e,FB Video,VIDEO,11.3.2026 19:38:51,Kluci v Ostravě se toho taky nebojí👀,https://www.facebook.com/reel/905770902437874/,1745,716,3,,
@cvutengineers,instagram,11963a07-7f0f-48e6-9d81-aa63a7ff4a04,d496f958-5b87-40b5-94e6-96c4ae50e88e,IG Story,VIDEO,2.4.2026 12:07:20,,https://www.instagram.com/stories/cvutengineers/3866406892247759651,,937,,,3
@akademiciplzen,instagram,65494228-95bf-4f7b-8e68-d47d7262db66,c4fd12ba-3ca9-45af-8d78-f1932955aa82,IG Post,PHOTO,29.3.2026 9:16:42,"9 000! 🤯 Jste neskuteční. Obrovské díky, že jste s námi! 🏒💙

#akademiciplzen",https://www.instagram.com/p/DWdoW_QDNqR/,,6507,204,4,5
@akademiciplzen,instagram,65494228-95bf-4f7b-8e68-d47d7262db66,d5b3f90a-4f32-4972-aada-d24b334a1acf,IG Post,IMAGE,20.4.2026 12:52:05,"POV: máš přístup do alba „oblíbené“ v galeriích našich hráčů 👀📸💙 

#akademiciplzen",https://www.instagram.com/p/DXWqk5VjD6H/,,20977,376,2,33
vsefalcons,instagram,709fceba-e311-48e7-9057-f54a587abf4a,2f65e9ad-31bb-40b0-803d-e038e8c0a94b,IG Story,VIDEO,12.4.2026 22:23:11,@ppulda_,https://www.instagram.com/stories/vsefalcons/3873964625343574747,655,112,,,
@univerzitnihokej,instagram,1e114592-3529-4cfe-9977-2598454053af,4b7f8ec1-30dc-4cf6-906c-9f9c2c1606c8,IG Story,IMAGE,8.4.2026 19:51:43,1 1,https://www.instagram.com/stories/univerzitnihokej/3870989310539336318,,660,,,
@akademiciplzen,instagram,65494228-95bf-4f7b-8e68-d47d7262db66,73ec6953-34ba-484b-882b-78df1a9db789,IG Story,IMAGE,18.4.2026 10:02:24,,https://www.instagram.com/stories/akademiciplzen/3877940426221310365,,1031,,,4
vsefalcons,instagram,709fceba-e311-48e7-9057-f54a587abf4a,79020c66-d1e2-401e-b3f6-716df16fc1de,IG Reel,REEL,12.3.2026 8:33:43,"Je to TADY! 🔥
Dneska vás chceme vidět i slyšet. Protože… kdo neskáče, není Falcon! 🦅",https://www.instagram.com/reel/DVxxk2YiK2n/,,7622,203,,21
@univerzitnihokej,instagram,1e114592-3529-4cfe-9977-2598454053af,c6643db8-7ba2-4d1b-b96e-b94a67d4c2d9,IG Story,VIDEO,10.4.2026 14:55:40,,https://www.instagram.com/stories/univerzitnihokej/3872289871901495298,,797,,,
vsefalcons,instagram,709fceba-e311-48e7-9057-f54a587abf4a,23ae774c-4b88-4987-a7b5-41d96f9e42a3,IG Reel,VIDEO,26.3.2026 17:20:17,"Bitva o Prahu >>>

Kdo si chce připomenout elektrizující atmosféru tohoto večera, už tohle úterý na Kateřinkách dáme repete! 🫨

Zápas, ve kterým jde o hodně, a tak tam potřebujeme slyšet každého z vás! 🦅

👉🏼 vstupenky k dostání přes odkaz na profilu",https://www.instagram.com/reel/DWWxJp0iDy9/,,5334,179,,28
@cvutengineers,instagram,11963a07-7f0f-48e6-9d81-aa63a7ff4a04,63a0dfab-02d9-4053-b72c-e7d51a93fce1,IG Story,VIDEO,1.4.2026 12:27:40,🎟️ 🎟️,https://www.instagram.com/stories/cvutengineers/3865692377386323898,,194,,,
@riderspardubice,instagram,4d6a67ab-9313-4f77-a82e-abb18adbca5d,97027ea4-ab03-44cc-ae34-99a165ff6f43,IG Story,VIDEO,19.4.2026 12:23:50,,https://www.instagram.com/stories/riderspardubice/3878736265969722175,,818,,,1
vsefalcons,instagram,709fceba-e311-48e7-9057-f54a587abf4a,9c9ab8d3-cdf9-45b8-84f7-728ad31ac7a0,IG Story,VIDEO,13.3.2026 16:21:04,,https://www.instagram.com/stories/vsefalcons/3852039091521087748,853,779,,,
vsefalcons,instagram,709fceba-e311-48e7-9057-f54a587abf4a,f7ef1189-38eb-4d7f-bc39-be001b94e5dd,IG Story,VIDEO,24.3.2026 18:41:17,STARTING LINE 😮‍💨,https://www.instagram.com/stories/vsefalcons/3860082213241009697,790,728,,,1
@unitedhk,facebook,bfe6cc29-a387-41b9-9bca-b077722556af,16a0f0d8-2b80-4ecc-a8e4-77418834e70a,FB Post,IMAGE,27.4.2026 11:12:25,"S UNIted HK se loučí i náš asistent trenéra Mario Kellner.

Mario byl důležitou součástí realizačního týmu a podílel se na tom, jak tým fungoval na ledě i mimo něj.
Svoji práci dělal poctivě a vždy ve prospěch týmu.

Díky za čas, energii a všechno, co jsi pro UNIted HK udělal.

Přejeme ti hodně štěstí do další životní kapitoly.
🖤🧡",https://www.facebook.com/122180651084388974/posts/122182542464388974,2267,,,,
@vutcavaliersbrno,instagram,b384bebf-72f3-4f9d-8b2d-3677709f6966,5e9f9a10-ccac-42fa-b10b-73c70af9dad1,IG Post,IMAGE,14.4.2026 13:07:23,Ohlédnutí za sezonou🙂‍↕️❤️,https://www.instagram.com/p/DXHPjoYCAzY/,,8224,165,,32
vsefalcons,instagram,709fceba-e311-48e7-9057-f54a587abf4a,7bf40f8e-a6ae-43e3-9c47-111131491b08,IG Story,VIDEO,17.4.2026 14:11:58,S KÝM DNESKA MŮŽEME POČÍTAT?,https://www.instagram.com/stories/vsefalcons/3877341089564746014,885,918,,,2
@akademiciplzen,instagram,65494228-95bf-4f7b-8e68-d47d7262db66,a6793631-7026-4474-843a-4fbb7329b3a2,IG Post,IMAGE,2.4.2026 15:20:40,"Těžko se teď hledají slova. Včerejším zápasem pro nás sezona 25/26 bohužel končí. Obrovské díky vám všem za podporu! 💙🏒 

#akademiciplzen",https://www.instagram.com/p/DWolOd-jIdQ/,,16168,410,1,38
@united_hk,tiktok,7e062517-b9da-416d-b73d-a2c5899a2be6,df14fe93-fae4-48fd-b9d9-9c669f47f9d8,TT Video,VIDEO,10.3.2026 22:07:27,"Světla zhasínají.  Příběh hokejistů začíná. 🏒🎬 🎟️Zapoj se do soutěže: 2x2 lístky na maratón první série Heated Rivalry v kinách CineStar pro tebe a tvého kámoše!  📌Podmínky soutěže: 1) označ, s kým bys seriál chtěl/a vidět  2) dej like na post Ve čtvrtek vylosujeme 2 výherce, kteří si můžou premiéru užít přímo z první rady! #unitedhk #unihokej #hbomax #heatedrivalry",https://www.tiktok.com/@united_hk/video/7615752002194230550?utm_campaign=tt4d_open_api&utm_source=7348986504397455361,,2308,97,1,23
@unitedhk,facebook,bfe6cc29-a387-41b9-9bca-b077722556af,8d814ec5-cf61-41fb-87e4-f9121269ff29,FB Post,IMAGE,8.4.2026 15:11:57,"Děkujeme za sezonu 2025/26

Minulý týden pro nás skončila sezona.
Vypadli jsme v semifinále Play-In a tím se uzavřela naše cesta ročníkem 2025/26.

Nebyl to konec, jaký jsme si přáli. Ale o to víc si vážíme každého, kdo v tom s námi jel celou sezonu.

Chceme poděkovat každému, kdo dorazil do ČPP arény, sledoval nás, fandil, sdílel, psal nebo stál za námi během celé sezony.

Díky, že jste v tom byli s námi.
🖤🧡

#unitedhk #unihokej #hokej",https://www.facebook.com/122180651084388974/posts/122180767850388974,461,,9,,
vsefalcons,instagram,709fceba-e311-48e7-9057-f54a587abf4a,ba4e72da-bb1a-4a33-88a8-6c6ea78812c1,IG Story,VIDEO,12.3.2026 16:01:33,,https://www.instagram.com/stories/vsefalcons/3851304517283392035,1429,1327,,,
@riderspardubice,instagram,4d6a67ab-9313-4f77-a82e-abb18adbca5d,c5266005-b041-4ea9-b8d5-a0e79540ae97,IG Story,IMAGE,31.3.2026 16:29:07,,https://www.instagram.com/stories/riderspardubice/3865089102605714852,,1119,,,1
@akademiciplzen,instagram,65494228-95bf-4f7b-8e68-d47d7262db66,271d12d3-5f1d-4e1b-abac-9945ceaa2b6d,IG Post,IMAGE,26.3.2026 20:01:57,"Všechno nebo nic.

#akademiciplzen",https://www.instagram.com/p/DWXD1u1DMdR/,,3880,148,,1
@cvutengineers,instagram,11963a07-7f0f-48e6-9d81-aa63a7ff4a04,a41f128e-c4a5-4fe6-8a7c-4ac842899563,IG Post,IMAGE,10.3.2026 21:38:36,"2 body jsou naše! Po samostatných nájezdech si odvážíme z Kateřinek cenné body 🔥. Hlavní vrchol týdne nás ale ještě čeká, Bitva o Prahu je za dveřmi. Vidíme se ve čtvrtek ENGPRG 💙.",https://www.instagram.com/p/DVuCB_FjW17/,,4246,100,,5
@cvutengineers,instagram,11963a07-7f0f-48e6-9d81-aa63a7ff4a04,a41f4421-a369-45fa-88af-8f3a3f2bca06,IG Story,VIDEO,8.4.2026 16:03:20,ENGPRG BOYS 🦁 spotted v neskutečným stylu😮‍💨,https://www.instagram.com/stories/cvutengineers/3870874369472126402,,1361,,,10
@engineersprague,facebook,afd06d1d-7b1c-4f66-8d93-ce4255ab773c,a583c5aa-e433-435a-9973-67fd9cedefe1,FB Post,IMAGE,17.4.2026 10:49:02,"Polední rozbruslení za námi, atmosféra byla/je dobrá 🤓

Těšíme se na večer 👀

📸: @ondra_mann 

#srdcelva",https://www.facebook.com/1560924572517692/posts/1574912124452270,1016,,14,,
@riderspardubice,instagram,4d6a67ab-9313-4f77-a82e-abb18adbca5d,d64b202f-9537-400b-bcd9-c4c85ad4747f,IG Story,VIDEO,17.4.2026 15:30:35,2. TŘETINA 🤗 1:2,https://www.instagram.com/stories/riderspardubice/3877380656582101606,,902,,,
@cvutengineers,instagram,11963a07-7f0f-48e6-9d81-aa63a7ff4a04,e0bafd50-2280-4fb7-85d2-e4370a2178ca,IG Story,VIDEO,29.4.2026 7:07:16,VČEREJŠÍ BRUSLENÍ  s #engprg family🥹 👉🏻,https://www.instagram.com/stories/cvutengineers/3885824645576580327,,1991,,,14
vsefalcons,instagram,709fceba-e311-48e7-9057-f54a587abf4a,4e7f68c3-707b-4c6a-8c03-62340ca259ee,IG Post,CAROUSEL_ALBUM,10.2.2026 17:57:39,Game mode: ON 🔥,https://www.instagram.com/p/DUlisc7iNkw/,,13936,278,1,72
vsefalcons,instagram,709fceba-e311-48e7-9057-f54a587abf4a,765a0fda-b56e-4ee6-8bae-024dae0c01d2,IG Story,VIDEO,3.2.2026 19:07:08,ZPÁTKY DOMA 👀,https://www.instagram.com/stories/vsefalcons/3824581235742119658,,935,,,
@akademiciplzen,instagram,65494228-95bf-4f7b-8e68-d47d7262db66,aa4d15d4-25cb-49db-a5f8-f385c3b567dc,IG Story,VIDEO,7.4.2026 12:32:46,ZAFANDI ZÍTRA NAŠIM VOLEJBALISTŮM 👊🏻,https://www.instagram.com/stories/akademiciplzen/3870043576331964602,,1036,,,
@engineersprague,facebook,afd06d1d-7b1c-4f66-8d93-ce4255ab773c,bdf588fd-965d-455f-a861-0e0c0a361ddf,FB Post,IMAGE,4.3.2026 21:45:47,"Dneska zůstaly 3 body doma na Hvězdě ✊🏼
No a příští týden bude nabitej 🫡 be ready!

#engprg #win",https://www.facebook.com/1560924572517692/posts/1537135281563288,383,,5,,
@riderspardubice,instagram,4d6a67ab-9313-4f77-a82e-abb18adbca5d,d04e9b63-df56-4057-b852-8f016941b671,IG Reel,VIDEO,12.4.2026 15:17:00,Tenhle moment nezapomeneme! 🫶,https://www.instagram.com/reel/DXCUotFjOLj/,,10066,373,,11
@akademiciplzen,instagram,65494228-95bf-4f7b-8e68-d47d7262db66,273fe58e-45b7-4d92-bdaa-ff52b8c85535,IG Post,IMAGE,8.3.2026 19:36:55,"Dnes slavíme všechny ženy, které jsou součástí Akademiků, ať už na tribunách, nebo v zákulisí. 💙
Krásný Mezinárodní den žen! 🌷

#mezinarodnidenzen #akademiciplzen | 📸 @vpotocesevodatoci @novotny_studio.cz @novacek_photography",https://www.instagram.com/p/DVoquV0jDQY/,,47744,2525,7,273
vsefalcons,instagram,709fceba-e311-48e7-9057-f54a587abf4a,3a0f1b8a-d7d7-4833-a24b-f775604502cc,IG Post,IMAGE,8.4.2026 22:18:12,"ZAVŘENO! ❌🥅

Matyáš Peyerl vychytal ve finále play-in nulu a proti Black Dogs si připsal rovnou 36 úspěšných zákroků 🧱",https://www.instagram.com/p/DW4x0v0CIcs/,,6322,209,6,17
@cvutengineers,instagram,11963a07-7f0f-48e6-9d81-aa63a7ff4a04,5c02cb0f-e682-450e-b0a0-f9f4c5a1e38c,IG Reel,VIDEO,8.3.2026 11:52:30,"Kluci chtěli těm našim #engprg ženám udělat radost…🥹

Všem vám přejeme krásné MDŽ, bez vás by to nešlo! Buďte pořád tak úžasný! 🩷",https://www.instagram.com/reel/DVn1G2MDFQu/,,16083,540,1,74
@united_hk,instagram,b18c071b-0570-48b2-b743-990c668c3c5b,936ced53-e131-4968-bb60-4e9fc008f695,IG Story,IMAGE,9.4.2026 13:04:30,,https://www.instagram.com/stories/united_hk/3871509131991472381,,521,,,
@riderspardubice,instagram,4d6a67ab-9313-4f77-a82e-abb18adbca5d,b422e6c1-144c-4af7-be40-257b068dd9f9,IG Post,ALBUM,26.3.2026 19:34:36,Kolik Kopců vidíš na obrázku? 🙌🧔🏻🫶,https://www.instagram.com/p/DWXAxFgDH4b/,,7023,246,,11
@riderspardubice,instagram,4d6a67ab-9313-4f77-a82e-abb18adbca5d,e8aaa39b-3fc4-4c60-8214-78f184cb82eb,IG Story,VIDEO,12.4.2026 13:35:05,DOLADIT TAKTIKU🏒,https://www.instagram.com/stories/riderspardubice/3873698917930273287,,1134,,,
@riderspardubice,instagram,4d6a67ab-9313-4f77-a82e-abb18adbca5d,5c986b8f-b5f2-4c8f-9749-c74943d4fbb6,IG Story,VIDEO,31.3.2026 18:45:12,FANDÍ SE JAKO O ZÁVOD 🏁 🏎️ 🔥,https://www.instagram.com/stories/riderspardubice/3865157646466995880,,1043,,,3
vsefalcons,instagram,709fceba-e311-48e7-9057-f54a587abf4a,c7dbc658-2d79-4153-af09-6eac7239cfad,IG Story,VIDEO,26.2.2026 19:11:47,ať vám to líp myslí 🥰  @kfc_cz 🍦 😋 🤤,https://www.instagram.com/stories/vsefalcons/3841253400524636560,1040,1506,,,14
vsefalcons,instagram,709fceba-e311-48e7-9057-f54a587abf4a,fe170338-b184-4ce4-8a42-d33f9e840275,IG Story,VIDEO,14.3.2026 15:33:36,DNEŠNÍ KÁPO @jan_kubata 🧑🏽‍✈️,https://www.instagram.com/stories/vsefalcons/3852740006930602229,820,855,,2,2
@univerzitnihokej,instagram,1e114592-3529-4cfe-9977-2598454053af,63cf91c6-9538-4971-9091-1827395e03d8,IG Story,IMAGE,8.4.2026 18:57:24,1 1,https://www.instagram.com/stories/univerzitnihokej/3870961974649612239,,749,,,
@cvutengineers,instagram,11963a07-7f0f-48e6-9d81-aa63a7ff4a04,a314cb73-6275-49e3-a681-c540a4b204bf,IG Story,IMAGE,8.4.2026 20:38:16,2 1,https://www.instagram.com/stories/cvutengineers/3871012714714034154,,734,,,2
@united_hk,instagram,b18c071b-0570-48b2-b743-990c668c3c5b,2f364b91-a20e-4948-bca1-4b262b999ee4,IG Story,VIDEO,10.4.2026 15:48:43,,https://www.instagram.com/stories/united_hk/3872316519279504348,,413,,,
@univerzitnihokej,instagram,1e114592-3529-4cfe-9977-2598454053af,3b97b04c-65db-4900-849c-1f25b9670deb,IG Post,IMAGE,8.4.2026 19:29:00,@vsefalcons vítáme vás ve @unihokejfinalfour 👋🏻 Vidíme se 16.4. na Edenu! 🔥,https://www.instagram.com/p/DW4edbSCPDI/,,8729,181,,22
@univerzitnihokej,facebook,01b45180-0b14-4a14-96e8-d0a4bab1fb9f,4300e9d2-6bd3-4f17-b0a9-32a8f66b52b6,FB Post,IMAGE,25.3.2026 18:14:31,"ZNÁME PRVNÍ DVOJICI PLAY-IN! 📣
Na pražských Kateřinkách se v úterý utkají @vsefalcons proti @united_hk o postup do finále play-in 🥵",https://www.facebook.com/1275398168115026/posts/1270234815298028,1683,,5,,
@univerzitnihokej,instagram,1e114592-3529-4cfe-9977-2598454053af,a34c2e06-b5c8-408d-a1eb-ac8f3a1f3e5f,IG Post,IMAGE,6.4.2026 8:09:47,"Veselé Velikonoce 🐣 Prokousali jsme se skořápkou a to nejlepší čeká uvnitř 👀
Final Four se blíží… 🔥",https://www.instagram.com/p/DWyHI-ZiHfh/,,3183,112,,2
vsefalcons,instagram,709fceba-e311-48e7-9057-f54a587abf4a,c9cdee1b-acd1-4c96-a709-db29db6fd29d,IG Story,VIDEO,1.6.2026 14:14:55,@vsecz @ctvsvse  PRO DNEŠEK HOTOVO 🫡 💪🏼,https://www.instagram.com/stories/vsefalcons/3909957517836863367,,1176,,,5
vsefalcons,instagram,709fceba-e311-48e7-9057-f54a587abf4a,f13f219c-46cc-472d-a53e-f86637f660e5,IG Reel,VIDEO,11.2.2026 20:36:55,Dlouho očekávaný @strnyjan na micu je tady 🤓,https://www.instagram.com/reel/DUoZr6iCPyh/,,5623,75,1,25
vsefalcons,instagram,709fceba-e311-48e7-9057-f54a587abf4a,83369347-3c59-4d51-9b25-5592f39c4a24,IG Story,VIDEO,20.4.2026 15:54:26,@grantthorntoncz  DĚKUJEME NAŠEMU GENERÁLNÍMU PARTNEROVI ZA SPOLUPRÁCI V LETOŠNÍ SEZONĚ 🙏🏻 Těšíme se na další…,https://www.instagram.com/stories/vsefalcons/3879567049152324743,1089,1110,,,2
@bitvaoprahu,facebook,75e0f41f-82be-4f82-a77b-82ac11135ed2,e82eca97-aed2-4c14-b67e-e13dcb27f491,FB Video,VIDEO,12.3.2026 21:24:52,🇨🇿 Holešovice lit up. 💡💡💡,https://www.facebook.com/reel/1416893500179864/,159,54,1,,
@riderspardubice,instagram,4d6a67ab-9313-4f77-a82e-abb18adbca5d,ca88cbb9-82d2-4780-bdc7-acd9b113aab4,IG Reel,VIDEO,3.4.2026 16:00:08,"Čistá hlava, čistá hra 🔥🥵
@garnier_czsk",https://www.instagram.com/reel/DWrOmMSxJG6/,,6311,179,,24
@akademiciplzen,instagram,65494228-95bf-4f7b-8e68-d47d7262db66,91dd321e-75ef-4efb-9173-9039a7feab47,IG Post,IMAGE,18.3.2026 22:22:49,"3 VÝHRY V ŘADĚ! 👊🏻

Z Brna vezeme výhru 1:4 a držíme si tak 4. místo v tabulce. 🍫 Hráčem zápasu se stává Jíří Beníšek. 👑

Jsme READY na poslední domácí zápas základní části! Přijď nás 25. 3. podpořit a pojďme to společně uzavřít vítězně! 💙

#akademiciplzen",https://www.instagram.com/p/DWCsnLdjAqL/,,20667,284,1,27
@riderspardubice,instagram,4d6a67ab-9313-4f77-a82e-abb18adbca5d,25d7b568-4f83-436d-a644-ea40d36e8281,IG Story,VIDEO,17.4.2026 16:01:21,,https://www.instagram.com/stories/riderspardubice/3877396223598834604,,865,,,
@united_hk,instagram,b18c071b-0570-48b2-b743-990c668c3c5b,3c8fcfe7-ca7c-46e0-b8dc-7daf74903ea1,IG Post,IMAGE,19.4.2026 11:15:31,"Děkujeme společnosti Ventio za podporu v sezoně 2025/26.

Spojení tradice a inovací v oblastech projektování, ekologie, recyklace a developmentu.

Díky, že stojíte za UNIted HK. 🖤🧡",https://www.instagram.com/p/DXT6uIuiB6U/,,811,10,,
@cvutengineers,instagram,11963a07-7f0f-48e6-9d81-aa63a7ff4a04,e9e6220e-b1bf-40d4-96f5-c172573e844e,IG Reel,VIDEO,22.4.2026 18:31:34,"S červenejma vlajkama je stejně větší sranda🤭

#hokejisti #engprg",https://www.instagram.com/reel/DXca-PDDJej/,,290131,11262,302,5159
@riderspardubice,instagram,4d6a67ab-9313-4f77-a82e-abb18adbca5d,8069396a-55d0-4068-8822-00823bddb0b3,IG Story,IMAGE,12.4.2026 12:57:40,2:1,https://www.instagram.com/stories/riderspardubice/3873679997458452315,,1089,,,
@218107044725785,facebook,7a942e3e-6c47-4794-9ba7-bbc7b6d40cb3,8e3d67d4-7451-4130-85d8-ce6cc9db0812,FB Video,VIDEO,17.3.2026 20:17:10,"Garnier Fructis je u nás v šatně cenný zboží 🧴💆‍♂️
Kdo má, nepůjčuje. Kdo nemá, lituje. 😄",https://www.facebook.com/reel/2702593906765097/,428,150,3,,
@cvutengineers,instagram,11963a07-7f0f-48e6-9d81-aa63a7ff4a04,b34a6685-3b70-47b4-96bb-337a1e51fff7,IG Story,VIDEO,5.4.2026 17:39:07,🫵🏻,https://www.instagram.com/stories/cvutengineers/3868748236970537696,,758,,,1
vsefalcons,instagram,709fceba-e311-48e7-9057-f54a587abf4a,9cbcd23a-a266-4edc-9e1b-afc4434118a6,IG Story,VIDEO,10.4.2026 14:52:57,"JDEME SI PRO TITUL, 
BUĎ U TOHO S NÁMI 🦅 🏆 kód:VSEFANS pro -15%",https://www.instagram.com/stories/vsefalcons/3872288505623762728,718,698,,,4
@riderspardubice,instagram,4d6a67ab-9313-4f77-a82e-abb18adbca5d,db9d1bec-19fd-4e0f-b715-696bee10c74c,IG Post,IMAGE,3.3.2026 14:09:47,"🔥👏 Tak tahle včerejší střela do branky během přestávkové soutěže od dámského týmu byla naprosto přesná a holky si vystřílely dvě moderní powerbanky od @enteria_holding!

Gratulujeme holkám a čekáme je na tryoutu 💪
A děkujeme @enteria_holding za krásné ceny! 🧡

A jestli chceš vyhrát něco i ty, stav se na zápase 9. 3. - vstupenky koupíš v BIU 🤫

📸 @radimjoska7",https://www.instagram.com/p/DVbNT-1DPr6/,,6036,111,1,11
vsefalcons,instagram,709fceba-e311-48e7-9057-f54a587abf4a,502f1e49-3eba-42e7-958b-bc466fed4fd3,IG Story,VIDEO,23.5.2026 19:37:11,@_jobas57_,https://www.instagram.com/stories/vsefalcons/3903596747305824748,,519,,,6
@hc_muni,instagram,43cd62c8-609d-4ea6-8ce9-cae5242ede0c,991e0e94-7645-4c18-b21c-88b572d8b4c6,IG Post,IMAGE,18.3.2026 7:40:01,"Derby jak Brno!💙❤️ Poslední zápas základní části bude stát za to 🐻⚔️ Tak si ho nenech ujít a přijď příští středu k nám na Lužánky!

Lístky seženeš u nás v biu 🎟️",https://www.instagram.com/p/DWBIEdLiGQh/,,47156,625,,342
@cvutengineers,instagram,11963a07-7f0f-48e6-9d81-aa63a7ff4a04,99441135-9148-48fe-94ac-dd5a06a7bea5,IG Story,VIDEO,17.4.2026 8:47:43,,https://www.instagram.com/stories/cvutengineers/3877177978308541842,,1803,,,
vsefalcons,instagram,709fceba-e311-48e7-9057-f54a587abf4a,d18104cc-74ca-4065-8866-6e3244f2a434,IG Post,IMAGE,5.1.2026 11:50:07,"Bronzová tečka za skvělým výkonem @unihokejrepre na @vikingcupofc 🥉

Jsme na vás hrdí! ❤️🦅",https://www.instagram.com/p/DTIMBJjCFnU/,,8657,217,,
vsefalcons,instagram,709fceba-e311-48e7-9057-f54a587abf4a,f698d5e6-772a-437c-b15c-7156ab135014,IG Story,VIDEO,24.2.2026 21:40:09,Kryštof Chymo na micu 🎙️,https://www.instagram.com/stories/vsefalcons/3839878593623123215,633,799,,,8
@univerzitnihokej,facebook,01b45180-0b14-4a14-96e8-d0a4bab1fb9f,b7368d90-0d3b-4bfa-b3db-9d2291dfbd50,FB Post,IMAGE,27.3.2026 11:10:33,"@adammisik díky, že sis udělal zastávku na unihokeji v Hradci! 👀

Držíme palce dnes ve Fórum Karlín. 🙌",https://www.facebook.com/1275398168115026/posts/1271672408487602,851,,4,,
@united_hk,instagram,b18c071b-0570-48b2-b743-990c668c3c5b,c409efee-705f-43c2-bbb5-9659b8d40460,IG Story,VIDEO,22.4.2026 18:30:29,,https://www.instagram.com/stories/united_hk/3881095145508601252,,357,,,
vsefalcons,instagram,709fceba-e311-48e7-9057-f54a587abf4a,9993ee7c-5edb-4386-8806-be5c4c2c660f,IG Reel,VIDEO,24.12.2025 12:03:05,"Doufáme, že nejen kluci, ale i vy všichni najdete o Vánocích přesně to, co si přejete. 🎄
Krásné Vánoce a klidné svátky přeje celý tým Falcons 🦅",https://www.instagram.com/reel/DSpTjm8iDdU/,,7222,209,5,28
@univerzitnihokej,instagram,1e114592-3529-4cfe-9977-2598454053af,454c0379-55c1-4718-92fe-60da5c85f877,IG Post,PHOTO,31.3.2026 19:45:24,Falcons si v prodloužení zajistili místo ve finále PLAY-IN 🦅🔥,https://www.instagram.com/p/DWj519JCBTa/,,7652,228,1,9
@bitvaoprahu,facebook,75e0f41f-82be-4f82-a77b-82ac11135ed2,c3bd8cdd-7b32-4061-95c1-05fd15142f4d,FB Post,ALBUM,15.3.2026 20:41:36,Repete kdy? 🥹 Nějak se toho čtvrtečního finále nemůžem nabažit ❤️,https://www.facebook.com/1441262177797849/posts/1422705696320164,342,,2,,
@218107044725785,facebook,7a942e3e-6c47-4794-9ba7-bbc7b6d40cb3,7c91ae95-3e0f-441f-853c-4a657f8e7f2d,FB Post,IMAGE,8.4.2026 7:48:14,"Soupeř, kterého už dobře známe. Finále play-in dnes odehrajeme v Českých Budějovicích.

Fandit můžete na dálku na ČT sport+ 🍿",https://www.facebook.com/122282816036218300/posts/122282920406218300,313,,10,,
vsefalcons,instagram,709fceba-e311-48e7-9057-f54a587abf4a,c8e8fb99-8504-4250-81be-1b71d6d60873,IG Story,IMAGE,17.2.2026 20:21:28,1 3,https://www.instagram.com/stories/vsefalcons/3834765477579101417,616,801,,,
@united_hk,instagram,b18c071b-0570-48b2-b743-990c668c3c5b,d6dcffdb-9e93-4f68-a63c-f4bde2192ffd,IG Story,VIDEO,22.4.2026 18:32:07,,https://www.instagram.com/stories/united_hk/3881095968556862584,,314,,,
@akademiciplzen,instagram,65494228-95bf-4f7b-8e68-d47d7262db66,0d239c73-29bb-439e-89be-a874e4d27ec2,IG Post,PHOTO,29.3.2026 18:16:12,"Play-in je tady! 🤜🏼🤛🏼

Ve středu 1. 4. jdeme na led proti @czufarmers a jde o všechno! Kdo chce ušetřit na lístku, má čas jen do dnešní půlnoci. ⏳

👉🏼 Dnes za 100 Kč, od zítra za 150 Kč.
Lístky najdeš v biu nebo ve stories. Tak vidíme se ve středu na tribuně? 💙

#akademiciplzen",https://www.instagram.com/p/DWelnTdjNZ0/,,5101,44,,15
vsefalcons,instagram,709fceba-e311-48e7-9057-f54a587abf4a,58413a77-0ea5-4fdb-a987-d6926a91733e,IG Story,VIDEO,8.4.2026 9:24:28,,https://www.instagram.com/stories/vsefalcons/3870673579289387978,1349,1653,,1,11
vsefalcons,instagram,709fceba-e311-48e7-9057-f54a587abf4a,6513418d-d390-47ab-acdf-535ee3b1f61d,IG Post,IMAGE,25.2.2026 21:13:52,"PUK PAK PIVO? 🍺
Úterý = Falcons zápas, ale ne jen tak ledajaký 👀 Ve spolupráci s @mosteckamontazni 🛠️ vás čeká speciální program 🥳 jo a přijedou @akademiciplzen 

📅 úterý 3. března
🕑 19:30
📍 Ice Arena Kateřinky
🎟️ lístky na profilu",https://www.instagram.com/p/DVMhEwECKlA/,,8552,101,1,53
@riderspardubice,instagram,4d6a67ab-9313-4f77-a82e-abb18adbca5d,293636e1-5b6c-42cb-84d9-053ac96e18c0,IG Story,VIDEO,15.4.2026 18:40:23,JSME NA MÍSTĚ 📍 RDY NA ZÍTRA?,https://www.instagram.com/stories/riderspardubice/3876026824077875462,,746,,,3
vsefalcons,instagram,709fceba-e311-48e7-9057-f54a587abf4a,5e94339a-9703-4f7c-ac05-5399ffc432ba,IG Reel,VIDEO,29.3.2026 16:13:14,"Tak co, podrží kluci z @united_hk chlapy z @mountfieldhk a budou nabírat síly na novou sezonu společně? 😏

Přijďte to zjistit v úterý v 17:00 na @icearenakaterinky ‼️ Budeme vás potřebovat! 🦅

👉🏼 vstupenky k dostání na profilu 

#vsefalcons #playin",https://www.instagram.com/reel/DWeYCZiiEEA/,,4692,132,2,10
@univerzitnihokej,instagram,1e114592-3529-4cfe-9977-2598454053af,3a01ca50-c061-42e7-a82e-7acadb63d84f,IG Reel,VIDEO,8.4.2026 21:56:07,@vsefalcons si své místo ve FINAL FOUR zajistili! 🎟️ Zajisti si i ty své a kupuj vstupenky na finalfour.cz 🫵🏻🔥,https://www.instagram.com/reel/DW4vKJiiMot/,,10223,217,1,10
@engineersprague,facebook,afd06d1d-7b1c-4f66-8d93-ce4255ab773c,4df01b66-e6b1-4817-bde2-50271bd4d219,FB Post,IMAGE,2.3.2026 10:35:22,"🚨 GAMEDAY | Dnes vyrážíme bojovat do Pardubic!
Přivezeme si zpět do Prahy cenné 3 body? Fandit můžete od 19:00 na TV Tipsport ⚔️. 

#engprg #srdcelva",https://www.facebook.com/1560924572517692/posts/1535010301775786,444,,4,,
@bitvaoprahu,instagram,d7c8aa06-74fb-4c6c-a7d2-c2fe1bf6d59c,b9641acf-defe-445a-8216-e47154b7fafa,IG Post,IMAGE,10.3.2026 13:11:32,"UŽ VE ČTVRTEK…⏳

🎓4 největší pražské univerzity | ČZU • VŠE • UK •ČVUT
🎤Metrostav halftime show | Gufrau • Victor Kal. • MAT213
🏒🔥Show na ledě, i v hledišti 

…to je BITVA O PRAHU 🤩
Budeš s námi u největší sportovní události letního semestru?
🎟️bitvaoprahu.cz",https://www.instagram.com/p/DVtINcwjG5k/,,23467,424,2,21
vsefalcons,instagram,709fceba-e311-48e7-9057-f54a587abf4a,bc4f766d-90b0-4dd0-be6f-ad2717a4754b,IG Story,VIDEO,24.2.2026 18:26:51,BAGO jedno ⚽️,https://www.instagram.com/stories/vsefalcons/3839781225917626596,801,1002,,,
@hcnorthwings,facebook,2b08a479-603b-46e4-8a48-2bc0435ccd53,b8c6bdec-78dd-442a-8413-04a043376650,FB Story,VIDEO,4.3.2026 16:21:36,,,,,,,
@BOhokej,facebook,c9082543-a03b-490f-8f97-66d439acce89,6f56f750-a354-4a10-8571-0f8095784e7f,FB Post,PHOTO,31.3.2026 7:49:18,"🔔 PLAY IN už dnes! 

Jestli ještě nemáš vstupenku na poslední domácí zápas, tak ji najdeš v biu! 

#hockey #lastdance #hockeygame",https://www.facebook.com/1477974067675582/posts/1477209747752014,208,,1,,
vsefalcons,instagram,709fceba-e311-48e7-9057-f54a587abf4a,03373b88-3fb0-4fbd-b655-1d68aaa9b6a4,IG Reel,VIDEO,31.1.2026 20:56:54,"did they win? 🤔 
#vsefalcons #vse #gofalconsgo #univerzitnihokej",https://www.instagram.com/reel/DUMGyF8CKuK/,,412871,12030,213,1025
vsefalcons,instagram,709fceba-e311-48e7-9057-f54a587abf4a,7af7c695-b164-48b2-8be8-9bda8695b8f2,IG Story,VIDEO,16.4.2026 16:15:19,LAST TOUCHES 😋,https://www.instagram.com/stories/vsefalcons/3876678404229573930,1128,1154,,,
@AkademiciPlzen,facebook,d87b94e3-03e8-45d0-b92e-75e9b819545c,9b8239a1-3e2f-496f-b45a-99de2353cb5d,FB Post,IMAGE,2.4.2026 15:18:18,"Těžko se teď hledají slova. Včerejším zápasem pro nás sezona 25/26 bohužel končí. Obrovské díky vám všem za podporu! 💙🏒 

#akademiciplzen",https://www.facebook.com/1357105236437494/posts/1358331332981551,489,,27,,
@riderspardubice,facebook,f99ed6c3-17cc-46f4-a32e-d9b0576ce2df,80705603-f27b-4159-9104-3c3571fcabe1,FB Post,IMAGE,12.3.2026 7:15:13,"V pondělí jsme opět společně pomáhali.

Tentokrát KoČIČÍmu depozitu Lovčice. 😻

Děkujeme!",https://www.facebook.com/1592662819534019/posts/1574217614711873,217,,2,,
@riderspardubice,instagram,4d6a67ab-9313-4f77-a82e-abb18adbca5d,4530facb-cabf-410c-b5f7-a5951edb2aa6,IG Story,VIDEO,13.4.2026 9:48:12,,https://www.instagram.com/stories/riderspardubice/3874309405244450208,,647,,,
@univerzitnihokej,instagram,1e114592-3529-4cfe-9977-2598454053af,96a938c2-aad8-455d-ba4b-8a7ccdb2108a,IG Story,IMAGE,8.4.2026 20:59:16,2 1 po SN,https://www.instagram.com/stories/univerzitnihokej/3871023301363518224,,450,,,
@univerzitnihokej,instagram,1e114592-3529-4cfe-9977-2598454053af,6ad63531-2e7b-451c-974d-ab1260e254a3,IG Story,VIDEO,18.4.2026 10:24:55,,https://www.instagram.com/stories/univerzitnihokej/3877951768046884970,,1279,,,
@AkademiciPlzen,facebook,d87b94e3-03e8-45d0-b92e-75e9b819545c,89a52ae8-a8ca-4a68-9c05-b03480dfac95,FB Video,VIDEO,10.4.2026 17:32:29,"Hra bez gólmana není pro slabé povahy. 🫣

Na posledním tréninku si @_jakubsucha_  vyzkoušel, jaké to je být v bráně – občas na to ale možná zapomněl! 😆

#akademiciplzen 💙",https://www.facebook.com/reel/1197475985636191/,2051,860,6,,
@riderspardubice,instagram,4d6a67ab-9313-4f77-a82e-abb18adbca5d,667cfc35-487f-465e-91ee-3e9b6b4c04cd,IG Post,IMAGE,15.4.2026 9:05:30,"Která sluší víc? 🖤🤍

Originální dresy Riders od @b_hockey_czech pořídíte přímo v Edenu na @unihokejfinalfour! ❤️‍🔥

*do vyprodání zásob",https://www.instagram.com/p/DXJYbWNDA5T/,,26008,460,1,55
@riderspardubice,instagram,4d6a67ab-9313-4f77-a82e-abb18adbca5d,6a82699f-e729-4575-bcdb-c729d3bfa9e7,IG Story,VIDEO,14.4.2026 9:45:43,🎟️,https://www.instagram.com/stories/riderspardubice/3875032930083165722,,586,,,
@AkademiciPlzen,facebook,d87b94e3-03e8-45d0-b92e-75e9b819545c,5297dbcb-9807-4c7a-8eb0-279f1b99c6c2,FB Post,IMAGE,7.3.2026 19:56:43,"O Afterparty Jarní bitvy se bude mluvit ještě hodně dlouho… 🧨🪩
Kdo byl, ví. Kdo nebyl, příště nesmí chybět!

#akademiciplzen | 📸 @vpotocesevodatoci",https://www.facebook.com/1357105236437494/posts/1337043701776981,2315,,8,,
@univerzitnihokej,facebook,01b45180-0b14-4a14-96e8-d0a4bab1fb9f,a776a6be-6278-484a-8680-f0283d0db349,FB Video,VIDEO,16.3.2026 17:31:10,Bez kebabu od Kauflandu by to nebyla ta pravá @bitvaoprahu 🌯🔥,https://www.facebook.com/reel/943740614814433/,1118,234,,,
@akademiciplzen,instagram,65494228-95bf-4f7b-8e68-d47d7262db66,93df4255-e394-480a-8fa7-3a2101e5db84,IG Reel,VIDEO,10.4.2026 17:32:17,"Hra bez gólmana není pro slabé povahy. 🫣

Na posledním tréninku si @_jakubsucha_  vyzkoušel, jaké to je být v bráně – občas na to ale možná zapomněl! 😆

#akademiciplzen 💙",https://www.instagram.com/reel/DW9ZPF4jMa9/,,11802,214,,4
@riderspardubice,facebook,f99ed6c3-17cc-46f4-a32e-d9b0576ce2df,d072c387-58dd-42e5-ac34-72643875538a,FB Video,VIDEO,16.3.2026 10:50:43,"Doražte na Kopcův Last Dance už 23. března do enteria areny! 🔥

Vstupenky koupíš přes odkaz v BIU!",https://www.facebook.com/reel/1279700687423432/,1398,564,13,,
@united_hk,instagram,b18c071b-0570-48b2-b743-990c668c3c5b,a3660637-4122-4d87-8dbe-64ba1a1e6ddc,IG Story,VIDEO,13.4.2026 5:49:06,,https://www.instagram.com/stories/united_hk/3874189080175113006,,768,,,
@akademiciplzen,instagram,65494228-95bf-4f7b-8e68-d47d7262db66,c30f198e-837c-4d7b-a73c-fdb6088c2ec4,IG Story,VIDEO,9.4.2026 12:55:29,TĚŠÍME SE NA VÁS DNES V 18:30 NA LEDĚ! ⛸️,https://www.instagram.com/stories/akademiciplzen/3871504566013719515,,981,,,4
@univerzitnihokej,instagram,1e114592-3529-4cfe-9977-2598454053af,d4a3bd0a-47c6-46b9-b9f7-22b1700f1728,IG Reel,VIDEO,21.4.2026 16:00:02,"Co se stane ve sprchách…
zůstane ve sprchách 😏🚿",https://www.instagram.com/reel/DXZkxiACKub/,,121354,5482,57,3896
@cvutengineers,instagram,11963a07-7f0f-48e6-9d81-aa63a7ff4a04,8bc1bdd3-f95c-4c4f-850d-f8788dce4910,IG Story,VIDEO,31.3.2026 19:10:53,@kfc_cz,https://www.instagram.com/stories/cvutengineers/3865170544933271613,,702,,,
@riderspardubice,instagram,4d6a67ab-9313-4f77-a82e-abb18adbca5d,c64bcc22-4481-40f6-9b1a-872b6fee09d6,IG Post,IMAGE,9.3.2026 9:43:26,"🐱 Dnes za námi přijedou @blackdogsbudweis_vste ! 🐕

A my při této příležitosti společně podpoříme KoČIČÍ depozitum Lovčice! 

Jak můžete opuštěným kočičkám pomoci s námi? 
- přineste s sebou na zápas kočičí žrádlo - granule, konzervy, ňaminky 
- přispějte finančním darem - ideálně v hotovosti na místě nebo pomocí QR kódu na kostce.

Zápas pro tlapky vol. 2
🗓️ 9.3. v 19:15
📍 v Enteria Arena
⚔️ proti @blackdogsbudweis_vste 

Minulý semestr jsme pomohli pejskům z @farma_u_veselyho_psa, tak pojďme znovu spojit síly a tentokrát pomoci kočičkám z KoČIČÍ depozitum Lovčice! 

Vstupenky za zapas koupíš přes odkaz v BIU!🎟️🐱
#zápasprotlapkyvol2#riders",https://www.instagram.com/p/DVqLaaXjIX5/,,3300,27,,2
vsefalcons,instagram,709fceba-e311-48e7-9057-f54a587abf4a,3480fa1b-ba0c-4b2f-b956-80ec61750184,IG Story,VIDEO,25.5.2026 13:13:05,"říkáte si, že jste nás dlouho neviděli? 🔍",https://www.instagram.com/stories/vsefalcons/3904852925776174230,,1228,,,
@riderspardubice,instagram,4d6a67ab-9313-4f77-a82e-abb18adbca5d,6d0146b9-8e24-4011-a2db-b75604a8485e,IG Story,VIDEO,12.4.2026 14:15:27,,https://www.instagram.com/stories/riderspardubice/3873719142461504780,,1479,,,2
@univerzitnihokej,instagram,1e114592-3529-4cfe-9977-2598454053af,5855497f-35d7-4748-a1ab-12999e7067a6,IG Post,IMAGE,2.4.2026 12:08:11,"Ve finále play-in si to rozdají pražští rivalové! 👀 Už ve středu se rozhodne, kdo postoupí do @unihokejfinalfour 😮‍💨",https://www.instagram.com/p/DWoPPlRCItU/,,13062,230,,31
@unitedhk,facebook,bfe6cc29-a387-41b9-9bca-b077722556af,82b91954-abfa-4da8-866c-7463e6325b1d,FB Video,VIDEO,14.3.2026 10:30:21,"Včera jsme to dali na velkém plátně 🎬🏒

Heated Rivalry maraton v CineStaru.
Děkujeme @hbomaxczsk 

#unitedhk #cinestar #heatedrivalry #hbomax",https://www.facebook.com/reel/1586738969108958/,344,78,2,,
vsefalcons,instagram,709fceba-e311-48e7-9057-f54a587abf4a,57db0de4-42cb-47f8-8396-f577c30586e3,IG Story,IMAGE,1.2.2026 17:27:20,🥳,https://www.instagram.com/stories/vsefalcons/3823081419446955523,,849,,,
@univerzitnihokej,facebook,01b45180-0b14-4a14-96e8-d0a4bab1fb9f,badc9ef8-7bb0-4c96-8289-80f94fc158ca,FB Post,IMAGE,9.4.2026 9:10:45,📍Next stop @unihokejfinalfour v Edenu 16.4.🫨 Vstupenky na finalfour.cz 🎟️,https://www.facebook.com/1275398168115026/posts/1281821867472656,578,,2,,
@cvutengineers,instagram,11963a07-7f0f-48e6-9d81-aa63a7ff4a04,0ca96f55-d3d8-4341-94c4-307be26cf2a8,IG Reel,VIDEO,16.4.2026 18:05:19,"Ticho před bouří ⛈️

Za chvíli jdeme na to 🦁

#srdcelva",https://www.instagram.com/reel/DXM62NRDESd/,,4002,152,,2
vsefalcons,instagram,709fceba-e311-48e7-9057-f54a587abf4a,24b6def3-59e9-435a-a5d6-b4a722717f2d,IG Story,VIDEO,3.3.2026 12:22:31,"CO ŘÍKÁTE 
NA RYCHLO SOUTĚŽ 
O LÍSTKY 
NA DNEŠNÍ ZÁPAS? 🤔 😱 🫣 🤩",https://www.instagram.com/stories/vsefalcons/3844671267022607133,731,950,,,
@riderspardubice,facebook,f99ed6c3-17cc-46f4-a32e-d9b0576ce2df,24ec50d5-d1ec-42ac-bd47-6a9cc24b725e,FB Post,IMAGE,16.4.2026 6:00:12,"GAMEDAY 😎

🏒 SEMIFINÁLE
🆚 @ukkingsprague
📍 Zimní stadion Eden, Praha
🕓 16. dubna | 16:30

Včera vybojovalo @hcpce postup do finále. A přesně to nám dává další motivaci bojovat za náš Hockeytown! ❤️‍🔥🐎",https://www.facebook.com/1592662819534019/posts/1605984691535165,397,,9,,
@cvutengineers,instagram,11963a07-7f0f-48e6-9d81-aa63a7ff4a04,7fcf6316-2219-4b3b-84e8-79f37743b7c4,IG Post,IMAGE,17.4.2026 21:51:22,Děkujeme všem se srdcem lva za neskutečnou sezonu. Mělo to všechno! 🦁,https://www.instagram.com/p/DXP5seMDK2y/,,15586,388,5,34
@218107044725785,facebook,7a942e3e-6c47-4794-9ba7-bbc7b6d40cb3,9f78ad9e-ae4b-472b-962b-878b3db92b7e,FB Video,VIDEO,26.5.2026 12:21:24,"Tak uvidíme jak to nakonec letos dopadne 👀

#ms2026",https://www.facebook.com/reel/1695911338388818/,22065,10715,271,,
@univerzitnihokej,instagram,1e114592-3529-4cfe-9977-2598454053af,dbe8b423-8414-43d4-bf03-4819282cc38e,IG Reel,VIDEO,12.3.2026 23:09:13,My nejradši kombinaci obojího 🙂‍↕️,https://www.instagram.com/reel/DVzWIhViKie/,,89640,3412,27,1410
vsefalcons,instagram,709fceba-e311-48e7-9057-f54a587abf4a,040c7995-94de-406a-8081-14f2cce38331,IG Story,VIDEO,19.1.2026 17:36:02,doslova,https://www.instagram.com/stories/vsefalcons/3813663729212994487,,884,,,
vsefalcons,instagram,709fceba-e311-48e7-9057-f54a587abf4a,a1eb202f-ea0c-474b-ae59-4f11a9ec4166,IG Story,VIDEO,3.2.2026 21:09:48,PÁTÁ!,https://www.instagram.com/stories/vsefalcons/3824642956628341028,,1059,,,
@riderspardubice,facebook,f99ed6c3-17cc-46f4-a32e-d9b0576ce2df,f757d752-92ec-4b15-8765-9438045e62b8,FB Post,IMAGE,17.3.2026 8:42:02,"Další venkovní zápas!🤩 Tentokrát v Ostravě!

Venkovní zápas
🗓️ 17.3. v 19:30
📍 v RT Torax Arena 
⚔️ proti @boostrava 

#venkovnízápas#riders",https://www.facebook.com/1592662819534019/posts/1578615740938727,177,,1,,
@hcmuni,facebook,d1f9e9f9-7526-42d4-85aa-13f91e89f7cf,fd701f41-09d2-4d3b-b486-60f77d4d54ae,FB Video,VIDEO,3.4.2026 16:44:20,"Tohle nemůže říct jen tak někdo🚨🔥

#hcmuni",https://www.facebook.com/reel/1518077673023080/,2850,1417,7,,
@univerzitnihokej,facebook,01b45180-0b14-4a14-96e8-d0a4bab1fb9f,2bfd367f-25ae-4ed9-ac66-061382a8781b,FB Post,IMAGE,16.3.2026 10:03:26,"Tento týden bude pro některé týmy oddechový, ale v úterý a čtvrtek se přeci jen můžete těšit na zajímavá utkání 💪🏼",https://www.facebook.com/1275398168115026/posts/1262442089410634,280,,1,,
vsefalcons,instagram,709fceba-e311-48e7-9057-f54a587abf4a,2c97ebd8-fa6f-42ee-b7ae-e68c86e9857c,IG Story,VIDEO,14.7.2026 18:18:48,,https://www.instagram.com/stories/vsefalcons/3941245825174738422,,627,,,
vsefalcons,instagram,709fceba-e311-48e7-9057-f54a587abf4a,7a743e45-8435-49b8-aa51-a17b212996b6,IG Story,VIDEO,16.2.2026 18:41:34,,https://www.instagram.com/stories/vsefalcons/3833990444380357289,989,1199,,,3
vsefalcons,instagram,709fceba-e311-48e7-9057-f54a587abf4a,94ed3309-f5fa-4230-ac1a-06263ffe4011,IG Reel,REEL,17.3.2026 15:52:20,"Happy St. Patrick’s day! 💚

#vsefalcons",https://www.instagram.com/reel/DV_cC2ICCX1/,,364279,14125,94,1003
@univerzitnihokej,instagram,1e114592-3529-4cfe-9977-2598454053af,4891a91d-e576-4ba2-85bd-6eced3dfbfc8,IG Post,IMAGE,19.3.2026 11:51:53,"Osudí se rychle plní 👀 Zbývá posledních 90 míst. 🎱

Založ si účet u ČSOB přes link v našem biu a zajisti si svoje místo ve hře o 100 000 Kč 💰",https://www.instagram.com/p/DWEJm79CGQA/,,4541,34,,3
vsefalcons,instagram,709fceba-e311-48e7-9057-f54a587abf4a,c9713739-f5aa-4e10-919b-932e8489a43a,IG Story,IMAGE,10.3.2026 21:22:41,4 4,https://www.instagram.com/stories/vsefalcons/3850016601143806159,779,511,,,
vsefalcons,instagram,709fceba-e311-48e7-9057-f54a587abf4a,ef6201c3-8d10-4cab-98a4-701eee80675a,IG Story,VIDEO,12.2.2026 19:54:12,BTW TĚCH ÚTERKŮ BUDE VÍC 🛒 👉🏼,https://www.instagram.com/stories/vsefalcons/3831127873205883050,591,788,,,1
vsefalcons,instagram,709fceba-e311-48e7-9057-f54a587abf4a,24c7bf7a-558a-4a4a-84fb-bb940540140d,IG Story,VIDEO,10.3.2026 19:57:28,🎯,https://www.instagram.com/stories/vsefalcons/3849973796249855750,802,,,,4
@univerzitnihokej,facebook,01b45180-0b14-4a14-96e8-d0a4bab1fb9f,73b0c229-ce0e-4c91-94ff-d73df2c9fea3,FB Post,IMAGE,8.3.2026 7:56:40,"Děkujeme všem ženám, které jsou součástí univerzitního hokeje. 🌸 Krásný Mezinárodní den žen! 🥰",https://www.facebook.com/1275398168115026/posts/1256407460014097,1725,,10,,
@univerzitnihokej,facebook,01b45180-0b14-4a14-96e8-d0a4bab1fb9f,8c7487df-b5e0-4394-9ef7-7c65368d3ca1,FB Video,VIDEO,16.3.2026 15:48:34,Když Proud zvedne celou halu 🌊,https://www.facebook.com/reel/1561124485592009/,2350,937,5,,
@riderspardubice,instagram,4d6a67ab-9313-4f77-a82e-abb18adbca5d,b8f0b7c5-6163-4ba6-b7f7-e225c1886b29,IG Story,VIDEO,17.4.2026 15:46:00,,https://www.instagram.com/stories/riderspardubice/3877388396197102858,,927,,,
vsefalcons,instagram,709fceba-e311-48e7-9057-f54a587abf4a,9b8cc0d6-0f0b-47dc-89d5-fee8025354ac,IG Reel,VIDEO,17.1.2026 17:30:39,"Od @ukkingsprague jsme přijali @bosport_hockey výzvu na tuhle peckovou challange! 🏒🥅 

Myslíme si, že kluci (hlavně @haufy16 🫣) předvedli skvělý výkon! 💪🏼 

Dále nominujeme @boostrava a přejeme hodně štěstí! 🍀",https://www.instagram.com/reel/DTnsK4tCIIc/,,4601,112,2,18
@boostrava,instagram,1176ddaf-d366-48a2-9639-3c6694c72c85,d264c438-1fc6-4076-b239-679539ac9576,IG Reel,VIDEO,10.4.2026 12:38:38,"Final Four se blíží! Pokud nechceš chybět u největší akce Univerzitního hokeje, tak doraž do Edenu 16. a 17. dubna! 🔥

Vstupenky najdeš na finalfour.cz 

#finalfour #univerzitnihokej #ullh",https://www.instagram.com/reel/DW84vbzDOun/,,4263,124,1,9
@hc_muni,instagram,43cd62c8-609d-4ea6-8ce9-cae5242ede0c,168bd802-dd75-4446-ae2f-8d93c17f0833,IG Reel,VIDEO,17.3.2026 10:50:26,"Bez tebe to nebude ono! Doraž ve středu na tribuny!! ⚔️🔥
Vidíme se v 19:30 na Lužánkách 📍

Lístky koupíš v biu 🎟️

#hcmuni",https://www.instagram.com/reel/DV-5dIsDH0D/,,5894,173,2,27
@akademiciplzen,instagram,65494228-95bf-4f7b-8e68-d47d7262db66,28a46aa9-7a26-4082-a633-a6024ba6d13a,IG Reel,VIDEO,23.4.2026 8:38:26,"Běžíme pro ty, kteří nemohou! ⚡️

🗓️ 10. května ve 13:00 startuje Wings for Life World Run v Plzni! 

Můžeš se těšit na:
•  unikátní běh, kdy tě dohání catcher car 🏎️
•  hudbu, chill zónu u @pivstro_bolevak a drinky od @redbullcz ☀️⛱️
•  atmosféru, která tě nabije energií! 🔋

100 % tvého startovného jde na výzkum poranění míchy, tak poběž s námi a podpoř dobrou věc!

Registrace na: 
🔗https://www.wingsforlifeworldrun.com/cs

Nezáleží na tom, jestli uběhneš kilometr nebo maraton, v tomhle závodě vítězí každý, kdo se zapojí! 🏅",https://www.instagram.com/reel/DXd7Q0VjFQq/,,8656,192,6,74
@riderspardubice,instagram,4d6a67ab-9313-4f77-a82e-abb18adbca5d,4eff9d91-23e0-4cf3-bbdd-3c52626d0cd7,IG Story,VIDEO,7.4.2026 19:32:37,🔥🔥🔥,https://www.instagram.com/stories/riderspardubice/3870254899318080945,,391,,,
vsefalcons,instagram,709fceba-e311-48e7-9057-f54a587abf4a,9d50a2e1-8ed7-4289-9f5e-c74f1010ea2a,IG Story,VIDEO,19.4.2026 21:47:39,"PĚKNÁ, CO?",https://www.instagram.com/stories/vsefalcons/3879020046370521378,873,195,,,
@univerzitnihokej,facebook,01b45180-0b14-4a14-96e8-d0a4bab1fb9f,c9f523a7-556a-4d3f-8b0d-72f912765ff9,FB Post,IMAGE,9.3.2026 21:25:10,Tomu říkáme začátek týdne! 🫨 prodloužení rozhodlo a Riders doma porážejí Black Dogs 🐎,https://www.facebook.com/1275398168115026/posts/1257565336564976,1132,,4,,
@unitedhk,facebook,bfe6cc29-a387-41b9-9bca-b077722556af,ebc49b4c-6401-4660-9bfd-6c2c2869f6d8,FB Video,VIDEO,10.3.2026 17:42:58,"Světla zhasínají. 
Příběh hokejistů začíná. 🏒🎬

🎟️Zapoj se do soutěže:

2x2 lístky na maratón první série Heated Rivalry v kinách CineStar pro tebe a tvého kámoše! 

📌Podmínky soutěže:
1) označ, s kým bys seriál chtěl/a vidět 
2) dej like na post

Ve čtvrtek vylosujeme 2 výherce, kteří si můžou premiéru užít přímo z první rady!

#unitedhk #unihokej #hbomax #heatedrivalry",https://www.facebook.com/reel/1999762030960449/,406,160,3,,
@univerzitnihokej,facebook,01b45180-0b14-4a14-96e8-d0a4bab1fb9f,0448d73c-650c-493c-9b23-153486ee40f7,FB Video,VIDEO,8.4.2026 21:56:15,@vsefalcons si své místo ve FINAL FOUR zajistili! 🎟️ Zajisti si i ty své a kupuj vstupenky na finalfour.cz 🫵🏻🔥,https://www.facebook.com/reel/1293620809369465/,1508,589,8,,
@akademiciplzen,instagram,65494228-95bf-4f7b-8e68-d47d7262db66,76f734bd-2888-4dd9-8137-346b20fd11cd,IG Post,IMAGE,17.4.2026 19:41:34,"Zdravíme z historicky prvního Final Four! 🧊👋🏻

#akademiciplzen #ullh",https://www.instagram.com/p/DXPrDXbjBBu/,,25607,574,,14
vsefalcons,instagram,709fceba-e311-48e7-9057-f54a587abf4a,a517cbfb-cccd-4a80-a382-6fa31823c87d,IG Post,IMAGE,16.4.2026 8:24:37,"Jdeme psát historii. Dnes se rozhodne, jestli zítra budeme hrát o titul 🏆

Nejdůležitější dva dny sezóny. Pojďte si je užít s námi. Těšíme se na vás ❤️‍🔥",https://www.instagram.com/p/DXL4yV1COD-/,,6724,102,1,22
vsefalcons,instagram,709fceba-e311-48e7-9057-f54a587abf4a,f7640bde-8bb0-4cb6-8a9c-025da14e3924,IG Story,VIDEO,17.4.2026 14:01:40,"ahoj, pajas 👋🏼",https://www.instagram.com/stories/vsefalcons/3877335955577296248,913,953,,,1
@univerzitnihokej,facebook,01b45180-0b14-4a14-96e8-d0a4bab1fb9f,297ef324-eb69-46ae-a9e3-5db5c59695c0,FB Video,VIDEO,4.3.2026 19:04:01,"ZOTT nejhladovější hráč zápasu? @rihastepan 👀🚀

Na ledě byl při chuti, a nebyl sám.
Hlad měla dnes i tribuna, takže ZOTT HUNGRY putuje i mezi fanoušky! 🥛🔥
#zott #zotthungry #zotthungrydrinkthis",https://www.facebook.com/reel/759807096929422/,700,414,2,,
vsefalcons,instagram,709fceba-e311-48e7-9057-f54a587abf4a,527031ad-5e38-4c19-a4b3-ec272a57bfe8,IG Story,VIDEO,17.4.2026 16:19:24,popřejte klukům štěstíčko,https://www.instagram.com/stories/vsefalcons/3877405288529940184,858,843,,1,2
@univerzitnihokej,facebook,01b45180-0b14-4a14-96e8-d0a4bab1fb9f,89046b21-94a8-4923-8ae1-a2a3b6f32501,FB Post,IMAGE,30.3.2026 10:41:30,"Zítra startují semifinálové boje PLAY-IN ⚔️
Žádné odvety, žádné opravy. 😤Jen jedna šance postoupit do finále play-in 🔥",https://www.facebook.com/1275398168115026/posts/1274032434918266,467,,1,,
@univerzitnihokej,instagram,1e114592-3529-4cfe-9977-2598454053af,a5f5722d-9b3e-470e-81cb-4f18438625ab,IG Post,IMAGE,9.4.2026 9:10:33,📍Next stop @unihokejfinalfour v Edenu 16.4.🫨 Vstupenky na finalfour.cz 🎟️,https://www.instagram.com/p/DW58erqiDVJ/,,12235,271,1,21
vsefalcons,instagram,709fceba-e311-48e7-9057-f54a587abf4a,e710a8db-55d0-42b3-a1f6-a5d4248f2dbe,IG Story,VIDEO,24.2.2026 19:48:35,1. TŘETINA je za námi 💨,https://www.instagram.com/stories/vsefalcons/3839822363189843218,662,805,,,
vsefalcons,instagram,709fceba-e311-48e7-9057-f54a587abf4a,bd291b7b-45f2-406d-a061-b00f14f6e647,IG Story,VIDEO,17.2.2026 20:51:46,nový kapitán,https://www.instagram.com/stories/vsefalcons/3834781670344027024,613,901,,,
vsefalcons,instagram,709fceba-e311-48e7-9057-f54a587abf4a,c1c60b31-655f-4c21-a74c-b25eb87b9d28,IG Story,IMAGE,3.3.2026 20:16:46,3 1,https://www.instagram.com/stories/vsefalcons/3844909997788508437,637,836,,,
@AkademiciPlzen,facebook,d87b94e3-03e8-45d0-b92e-75e9b819545c,e73051d6-b893-4476-aed9-9624aeb9fb8f,FB Video,VIDEO,31.3.2026 22:21:19,"KDO SNÍ KYBLÍK RYCHLEJI? 🍗⏱️

Gáža, Říháč, Ženda a Vargy se pustili do limitovanýho KFC plechovýho kyblíku… a šlo fakt o všechno 😭
Kdo ho zvládl nejrychleji?

Teď jsi na řadě ty 👀
Myslíš, že nás překonáš? Tak to zkus a označ nás!

@kfc_cz 

#kfcplechovykyblik #kfc #akademiciplzen",https://www.facebook.com/reel/1484703466513173/,524,164,,,
vsefalcons,instagram,709fceba-e311-48e7-9057-f54a587abf4a,ef8cd3b4-5095-4197-bf6a-d10e98b816b0,IG Story,VIDEO,24.2.2026 21:38:18,Jan Hamršmíd na micu 🎙️,https://www.instagram.com/stories/vsefalcons/3839877638294893462,644,801,,,3
vsefalcons,instagram,709fceba-e311-48e7-9057-f54a587abf4a,3c127886-2573-4610-9360-16455237e898,IG Reel,VIDEO,16.4.2026 16:15:24,Hlásíme přílet na Eden 🦅,https://www.instagram.com/reel/DXMulqsiJXl/,,5000,163,,20
vsefalcons,instagram,709fceba-e311-48e7-9057-f54a587abf4a,a0fb6ada-0cff-41fc-b3a6-330a86ef50d1,IG Post,IMAGE,5.12.2025 19:15:58,"HO HO HO! 🎅🏼 Vánoce jsou za rohem a my pro vás máme tip na dárek pro vaše blízké. 🫂 

Všem z #falconsfamily určitě udělá radost náš merch! 🤩 Fyzicky ho už bohužel nekoupíte, ale máme pro vás ready e-shop, ze kterého když si objednáte do 17. prosince, tak vám balíček stihne dorazit! 📦

Tak šup šup šup na náš e-shop, ať nesháníš dárky třiadvacátého! 🤭",https://www.instagram.com/p/DR5KZdjCPBd/,,8817,52,4,1
univerzitnihokej,tiktok,01c88cf9-594f-408e-a45a-95114221acae,c0d50450-a18b-4ad6-bc1f-9290ccbf02f9,TT Video,VIDEO,17.4.2026 21:08:56,Na závěr se nám to trošku přiostřilo 🤏🏻🥊,https://www.tiktok.com/@univerzitnihokej/video/7629838169197792515?utm_campaign=tt4d_open_api&utm_source=7348986504397455361,,1852,101,,8
@riderspardubice,instagram,4d6a67ab-9313-4f77-a82e-abb18adbca5d,e1348a9c-2bc3-4ccc-b557-1d9541ed25a7,IG Post,IMAGE,20.4.2026 8:29:26,Střípky z Final Four ✨,https://www.instagram.com/p/DXWMhJVDHEG/,,4198,105,,5
@bitvaoprahu,facebook,75e0f41f-82be-4f82-a77b-82ac11135ed2,f00a6641-667f-48ba-9a9f-c1bbcd0e3108,FB Post,IMAGE,11.3.2026 11:02:00,Pochod s vidlema? To jen ČZU míří na zimák! 👨🏻‍🌾🔥,https://www.facebook.com/1441262177797849/posts/1418949613362439,237,,,,
vsefalcons,instagram,709fceba-e311-48e7-9057-f54a587abf4a,0229426b-bc98-4ef4-b7e6-cae666e3d688,IG Reel,VIDEO,26.1.2026 8:16:58,"Už nás zase volají zápasy. 📞
Winter Classic s Black Dogs na Hluboké nad Vltavou ❄️",https://www.instagram.com/reel/DT93rh_iLXC/,,5310,65,,11
@bitvaoprahu,facebook,75e0f41f-82be-4f82-a77b-82ac11135ed2,11909dcb-12fc-4289-b79c-3d8177a10982,FB Video,VIDEO,13.3.2026 6:18:49,"Fantastický finálový večer a strhující podívaná, opět díky vám! 🙏🏼🚀

DĚKUJEME! 💯 #bitvaoprahu | @unihokejfinalfour 🔜",https://www.facebook.com/reel/1997664111173164/,801,339,9,,
@univerzitnihokej,instagram,1e114592-3529-4cfe-9977-2598454053af,4145d368-39d7-40a1-bb59-3d17dd3b9254,IG Story,VIDEO,8.4.2026 17:27:19,FALCONS NAVYŠUJÍ V BUDĚJOVICÍCH 🚀,https://www.instagram.com/stories/univerzitnihokej/3870916651604563429,,868,,,1
@riderspardubice,instagram,4d6a67ab-9313-4f77-a82e-abb18adbca5d,bdcc53a9-d080-443a-b4e7-5f195f3d7e47,IG Story,VIDEO,12.4.2026 12:15:00,@machosta_15 😏👊🏻 2:0,https://www.instagram.com/stories/riderspardubice/3873658926256634044,,1517,,,1
@akademiciplzen,instagram,65494228-95bf-4f7b-8e68-d47d7262db66,cf2d7272-821e-4d3c-b869-fc3e331b8bc6,IG Story,VIDEO,27.4.2026 20:07:31,,https://www.instagram.com/stories/akademiciplzen/3884767870383334526,,603,,,
@riderspardubice,instagram,4d6a67ab-9313-4f77-a82e-abb18adbca5d,54f997d5-db47-4508-9900-1ac483d53f2c,IG Story,VIDEO,1.4.2026 10:37:43,,https://www.instagram.com/stories/riderspardubice/3865637014578423102,,654,,,1
@riderspardubice,instagram,4d6a67ab-9313-4f77-a82e-abb18adbca5d,a3cd9566-50be-458b-b5c7-2cac8bab36a5,IG Post,IMAGE,4.3.2026 8:00:00,"🐱 V pondělí za námi do enteria areny přijedou @blackdogsbudweis_vste! 🐕

A my při této příležitosti společně podpoříme KoČIČÍ depozitum Lovčice! 

Jak můžete opuštěným kočičkám pomoci s námi? 
- přineste s sebou na zápas kočičí žrádlo - granule, konzervy, ňaminky 
- přispějte finančním darem - ideálně v hotovosti na místě nebo pomocí QR kódu na kostce.

Minulý semestr jsme pomohli pejskům z @farma_u_veselyho_psa, tak pojďme znovu spojit síly a tentokrát pomoci kočičkám z KoČIČÍ depozitum Lovčice! 

Vstupenky za zapas koupíš přes odkaz v BIU!",https://www.instagram.com/p/DVdH5NtiMEp/,,2850,43,,20
@hc_muni,instagram,43cd62c8-609d-4ea6-8ce9-cae5242ede0c,da8d66d3-ac54-4e27-b983-42a389e7c9b5,IG Post,IMAGE,2.3.2026 11:06:55,"Blíží se nám MDŽ, a proto jsme si pro naše fanynky připravili malý dáreček ke středečnímu zápasu 💙🐾🐻

Stačí se podívat na tlapku🫶🏻

#hcmuni",https://www.instagram.com/p/DVYTlvSDBu1/,,12284,226,,8
@vutcavaliersbrno,instagram,b384bebf-72f3-4f9d-8b2d-3677709f6966,3c1154e8-0ab1-4421-b223-f8b4f35c3619,IG Post,PHOTO,17.3.2026 11:37:44,"Poslední domácí zápas základní části je za dveřmi 👈 
Zítra proti @akademiciplzen 🔥",https://www.instagram.com/p/DV--8V6iFVw/,,3092,33,1,2
@bitvaoprahu,instagram,d7c8aa06-74fb-4c6c-a7d2-c2fe1bf6d59c,79aca3e8-4bfb-413b-8610-84dc2aea6105,IG Post,IMAGE,12.3.2026 9:17:57,"No a když je dneska to finále, máme tady shodou okolností jeden krásnej milník na začátek 🥹

Oslavíme to večer, těšíme se na vás! 🫶🏼",https://www.instagram.com/p/DVx02azjIST/,,10499,153,1,3
@cvutengineers,instagram,11963a07-7f0f-48e6-9d81-aa63a7ff4a04,06fe0815-f873-4c20-b203-806c074d4c91,IG Post,IMAGE,13.4.2026 14:48:31,"Jsme hladový po další výzvě 🫡

👉🏻 @unihokejfinalfour ENG vs VŠE | 16. 4. | Zimní stadion Eden
Lístky na finalfour.cz",https://www.instagram.com/p/DXE2AjCjE_S/,,6692,192,,6
@united_hk,tiktok,7e062517-b9da-416d-b73d-a2c5899a2be6,4b9e4910-4335-4d9f-81bb-d4c884cd070a,TT Video,VIDEO,15.5.2026 14:57:58,💪 Letní příprava odstartovala!  Kluci jsou zpátky v tréninkovém režimu a první zastávka je jasná: Tesla Gym. Nová sezona se nezačne sama... @Univerzitní hokej 🏒 @teslagymhk ,https://www.tiktok.com/@united_hk/video/7640132933218520342?utm_campaign=tt4d_open_api&utm_source=7348986504397455361,,1622,35,,3
@boostrava,instagram,1176ddaf-d366-48a2-9639-3c6694c72c85,661af16e-13ea-4c77-b095-b4b860ef111a,IG Story,VIDEO,31.3.2026 16:00:49,,https://www.instagram.com/stories/boostrava/3865074863497314220,,829,,,4
@univerzitnihokej,instagram,1e114592-3529-4cfe-9977-2598454053af,857327bc-e384-4a0d-984a-8282ef4f317f,IG Story,VIDEO,8.4.2026 18:39:28,EMOCE po gólu 🔥,https://www.instagram.com/stories/univerzitnihokej/3870952967616636467,,774,,,1
@vutcavaliersbrno,instagram,b384bebf-72f3-4f9d-8b2d-3677709f6966,bb7ec59c-7bf7-408f-8032-ca7b53c9d789,IG Post,ALBUM,28.3.2026 14:28:58,"Jeden zápas, který rozhodne 🏒
Semifinále Play-in už ve středu na ledě @blackdogsbudweis_vste 🔥 
Podpořit nás můžete i přes Tipsport TV 📺",https://www.instagram.com/p/DWbnYRPCLNh/,,3072,74,,
@riderspardubice,instagram,4d6a67ab-9313-4f77-a82e-abb18adbca5d,e871a883-f4c6-4538-91c5-8e748a68ef25,IG Post,IMAGE,12.4.2026 13:02:08,Jsou to nervy! Jak to dnes dopadne? 😬,https://www.instagram.com/p/DXCFXarDPiC/,,7612,182,1,8
vsefalcons,instagram,709fceba-e311-48e7-9057-f54a587abf4a,35afddcb-51ce-49cc-a52e-a8c612974f0e,IG Story,VIDEO,15.1.2026 10:03:47,🕺🏽🪩 dnešek ve znamení tance a hudby,https://www.instagram.com/stories/vsefalcons/3810537005034010762,,1186,,,6
@univerzitnihokej,instagram,1e114592-3529-4cfe-9977-2598454053af,4a8cf3f0-45e7-4e66-999c-e878b13826cd,IG Reel,VIDEO,11.3.2026 20:46:49,V Ostravě kuřata lítali po ledě 🍗🫨,https://www.instagram.com/reel/DVwgfVaiBL-/,,6273,56,,3
vsefalcons,instagram,709fceba-e311-48e7-9057-f54a587abf4a,8a478bab-0df3-4697-af72-7a04e98e7ed7,IG Story,VIDEO,12.2.2026 17:07:04,,https://www.instagram.com/stories/vsefalcons/3831043753922572430,619,619,,,1
@akademiciplzen,instagram,65494228-95bf-4f7b-8e68-d47d7262db66,19065112-bcb7-4b54-900c-a7b7a17ad889,IG Reel,VIDEO,4.3.2026 17:21:12,"JDEME NA TO! 🔥💙 

#akademiciplzen #jarnibitva",https://www.instagram.com/reel/DVeH3mwjK4O/,,8305,219,,9
@hcmuni,facebook,d1f9e9f9-7526-42d4-85aa-13f91e89f7cf,8c71ae60-6c95-442f-a243-7ebdc23e242d,FB Post,PHOTO,27.3.2026 12:18:52,"Sezóna 2025/2026 je za námi!🔥
Obrovský respekt a díky všem, co nás přišli podpořit do hlediště🫶🏻 Byla to neuvěřitelná jízda a bez vás by to nebylo ono!
💙DĚKUJEME💙

#hcmuni",https://www.facebook.com/1581741777288398/posts/1577630361032873,954,,13,,
@riderspardubice,instagram,4d6a67ab-9313-4f77-a82e-abb18adbca5d,e38fbe24-63b5-46d3-a664-475697249ceb,IG Story,VIDEO,8.4.2026 21:19:06,,https://www.instagram.com/stories/riderspardubice/3871033291407393300,,238,,,1
vsefalcons,instagram,709fceba-e311-48e7-9057-f54a587abf4a,830cc4bf-7a3b-4fa6-8476-c7300c159f63,IG Story,VIDEO,16.4.2026 18:23:08,,https://www.instagram.com/stories/vsefalcons/3876742736313358715,1040,833,,,
@boostrava,instagram,1176ddaf-d366-48a2-9639-3c6694c72c85,99c66e4b-3ec4-4316-ac71-3ec7ec04948c,IG Story,VIDEO,10.4.2026 9:06:06,,https://www.instagram.com/stories/boostrava/3872113884551506341,,584,,,1
vsefalcons,instagram,709fceba-e311-48e7-9057-f54a587abf4a,22020aea-5503-4c3a-89dd-2b69de3d50d7,IG Story,VIDEO,22.4.2026 15:17:11,STAVTE SE U NÁS NA STÁNKU 🏒 🦅 📍,https://www.instagram.com/stories/vsefalcons/3880997742462124777,1113,981,,,1
@riderspardubice,facebook,f99ed6c3-17cc-46f4-a32e-d9b0576ce2df,1d274a31-51b7-4eda-8218-5b9633975faa,FB Post,IMAGE,14.4.2026 9:40:34,"Poprvé v historii na 👉 @unihokejfinalfour 

Jedeme do Prahy reprezentovat Riders, Pardubice i naši univerzitu –
a bojovat s pražskými týmy o titul vládce ligy.

🏒 SEMIFINÁLE
🆚 @ukkingsprague
📍 Zimní stadion Eden, Praha
🕓 16. dubna | 16:30

👉 2 dny plný hokeje, atmosféry a afterparty

Ve čtvrtek se rozhodne, jestli půjdeme do finále, nebo o bronz – každopádně v pátek se hraje o medaile.

Pojď do toho s námi a buď u toho.

🎟️ Vstupenky najdeš v BIU.",https://www.facebook.com/1592662819534019/posts/1604317175035250,6250,,82,,
vsefalcons,instagram,709fceba-e311-48e7-9057-f54a587abf4a,441c12c6-f2cf-466d-af38-eba6167d974c,IG Story,VIDEO,16.4.2026 16:30:26,NAKRMIT RYBIČKY PŘED ZÁPASEM 🐠 @kauflandcesko,https://www.instagram.com/stories/vsefalcons/3876685964135382000,,1103,,,1
@hcmuni,facebook,d1f9e9f9-7526-42d4-85aa-13f91e89f7cf,48423614-9aa9-4f2b-8eb9-ff51eff58077,FB Video,VIDEO,9.3.2026 14:46:34,"Pregame bonding 🔥
Tým 🤝 fanoušci 🤝 dobrý jídlo 🍗
Díky našemu partnerovi @kfc_cz za skvělou ochutnávku!
Smažák Zinger si taky dejte, doporučuje 10/10 Medvědů 🐻

#hcmuni #desetfakultjednarodina #kfc",https://www.facebook.com/reel/1675291787222662/,2088,847,5,,
@vutcavaliersbrno,instagram,b384bebf-72f3-4f9d-8b2d-3677709f6966,e3e3626f-c2d4-43a5-8464-9a474309b4aa,IG Reel,VIDEO,12.3.2026 10:32:57,taková naše autobusová klasika,https://www.instagram.com/reel/DVx_N8HiGzp/,,52071,1527,9,78
@univerzitnihokej,facebook,01b45180-0b14-4a14-96e8-d0a4bab1fb9f,8eacd624-9320-4eb4-9429-1865434f8a7e,FB Post,IMAGE,4.3.2026 22:16:05,Největší překvapení večera? Akademici zdolali v prodloužení vůdce tabulky 💪🏼,https://www.facebook.com/1275398168115026/posts/1253941683594008,720,,2,,
@AkademiciPlzen,facebook,d87b94e3-03e8-45d0-b92e-75e9b819545c,a29e75a0-5e55-4f44-966a-430698502e3f,FB Video,VIDEO,25.3.2026 15:16:15,"DNESKA HRAJEME! 🔥
Sestřih gólů z minulého zápasu je jasná připomínka toho, že forma tam je! 👀
Podaří se nám vítězně zvládnout i poslední zápas základní části?

🕖 19:00
📅 25. 3.
📍 LOGSPEED CZ Aréna

Doraz nás podpořit! 💙
#akademiciplzen",https://www.facebook.com/reel/1822592428420425/,445,181,3,,
vsefalcons,instagram,709fceba-e311-48e7-9057-f54a587abf4a,b35c4464-ac98-4346-bc56-0cc16e6f80ab,IG Story,VIDEO,3.3.2026 18:48:00,Postaví  @___pajer24 zeď? @mosteckamontazni by mohla pomoci🤔 🧱🧱🧱🧱 🧱🧱🧱🧱 🧱🧱🧱🧱,https://www.instagram.com/stories/vsefalcons/3844865295676643653,665,868,,,1
@BOhokej,facebook,c9082543-a03b-490f-8f97-66d439acce89,b8780f42-71c8-4545-aa19-3b30fbc0c34a,FB Video,VIDEO,23.3.2026 10:26:18,"Sezona se chýlí ke konci a nás čeká poslední zápas základní části! 

Přijďte před play-in ukázat, že BOčko drží při sobě a jde slyšet! 🔥

#ostrava #hockeygame #boostrava",https://www.facebook.com/reel/1554843379977095/,509,189,1,,
vsefalcons,instagram,709fceba-e311-48e7-9057-f54a587abf4a,f2157b5d-1586-4d01-84c8-1f6b6c50355c,IG Story,VIDEO,9.3.2026 20:41:25,Ale ještě předtím…,https://www.instagram.com/stories/vsefalcons/3849271097363551372,660,,,,
vsefalcons,instagram,709fceba-e311-48e7-9057-f54a587abf4a,2be4b0bf-d32b-4ae6-bea8-c91d59a3c6a5,IG Story,VIDEO,10.3.2026 19:02:44,,https://www.instagram.com/stories/vsefalcons/3849946137272780992,815,,,1,10
@akademiciplzen,instagram,65494228-95bf-4f7b-8e68-d47d7262db66,4a5cba71-5c37-4e04-b6ae-4d5c1431194b,IG Reel,VIDEO,25.3.2026 18:00:07,"Dnes proti @czufarmers nastupuje tahle první lajna. Začínáme! 🔥

#akademiciplzen 

#AKA ⚔️ #CZU",https://www.instagram.com/reel/DWUQ7fajKtp/,,3368,102,,9
@218107044725785,facebook,7a942e3e-6c47-4794-9ba7-bbc7b6d40cb3,f521c235-5b31-47bb-8f20-8302bf0d3449,FB Video,VIDEO,17.4.2026 16:03:56,"🤤🤤🤤

#vsefalcons #finalfour",https://www.facebook.com/reel/2012306806056334/,296,93,5,,
@cvutengineers,instagram,11963a07-7f0f-48e6-9d81-aa63a7ff4a04,fa242357-21a6-41f5-a81b-4b6e5a998498,IG Post,IMAGE,16.4.2026 21:39:03,"Ještě není hotovo 🫡 ZÍTRA NÁS ČEKÁ FINÁLE! 
Jdeme si pro toooo!!!!!",https://www.instagram.com/p/DXNTK9mDNdA/,,13321,329,,35
vsefalcons,instagram,709fceba-e311-48e7-9057-f54a587abf4a,fede0b2c-a8ce-41a3-9f5e-5fcf553cab33,IG Story,IMAGE,8.4.2026 17:48:33,"DOUFÁME, ŽE TAKY FANDÍTE!",https://www.instagram.com/stories/vsefalcons/3870927317249826851,899,889,,,1
@AkademiciPlzen,facebook,d87b94e3-03e8-45d0-b92e-75e9b819545c,c7904446-6d0f-48a3-b11b-252d0dd2cedd,FB Post,IMAGE,3.3.2026 15:58:33,"JARNÍ BITVA UŽ ZÍTRA! 👊🏻

Doraž včas na Proud, Redbull nebo svařák do fanzóny, nalaď hlasivky a pojď z toho udělat večer, na kterej se bude vzpomínat!

🕰️ 17:30 otevření fanzóny
📍 LOGSPEED CZ Aréna
🎟️ Lístky najdeš v biu nebo na plzenskabitva.cz

Tak co, bude nás ještě víc než loni? 🔥
#akademiciplzen",https://www.facebook.com/1357105236437494/posts/1333890502092301,706,,7,,
@riderspardubice,instagram,4d6a67ab-9313-4f77-a82e-abb18adbca5d,18bb2bcd-a92c-4fe3-8af8-a098b6edf93e,IG Story,VIDEO,17.4.2026 15:34:49,TAKTO FANDÍ PARDUBICE!🔥,https://www.instagram.com/stories/riderspardubice/3877382827721630484,,2243,,,3
@218107044725785,facebook,7a942e3e-6c47-4794-9ba7-bbc7b6d40cb3,398b539e-b205-42eb-9e52-1ddecef7235d,FB Post,IMAGE,12.3.2026 15:58:34,"Proti @czufarmers dnes nastupujeme v této sestavě 👆🏼
Pokud tu nejste s námi, sledujte na ČT sport plus 📺",https://www.facebook.com/122282816036218300/posts/122278519406218300,470,,10,,
univerzitnihokej,tiktok,01c88cf9-594f-408e-a45a-95114221acae,4d5d3bd5-84c6-4e65-9158-3e63780d7586,TT Video,VIDEO,16.4.2026 16:27:22,"Tenhle gól byl tak dobrej, že jsme si ho museli pustit i pozpátku. ⏪",https://www.tiktok.com/@univerzitnihokej/video/7629394523562511638?utm_campaign=tt4d_open_api&utm_source=7348986504397455361,,1316,72,,
@218107044725785,facebook,7a942e3e-6c47-4794-9ba7-bbc7b6d40cb3,fa3e1e9e-7ad9-4a14-ac7f-d61a70728629,FB Video,VIDEO,16.4.2026 16:14:03,Hlásíme přílet na Eden 🦅,https://www.facebook.com/reel/1831675394188212/,570,201,8,,
@univerzitnihokej,facebook,01b45180-0b14-4a14-96e8-d0a4bab1fb9f,1cdd9327-55a1-4063-955b-25659c7447a2,FB Video,VIDEO,11.3.2026 20:47:04,V Ostravě kuřata lítali po ledě 🍗🫨,https://www.facebook.com/reel/1468837741426242/,1423,530,1,,
@BOhokej,facebook,c9082543-a03b-490f-8f97-66d439acce89,909ab76b-22a1-4f88-8c64-eda923e4dcbf,FB Post,IMAGE,4.3.2026 14:40:39,"JEDEME DO BRNA⚡️
Koukni co na to říká náš útočník Patrik🎙️",https://www.facebook.com/1477974067675582/posts/1454245123381810,573,,9,,
vsefalcons,instagram,709fceba-e311-48e7-9057-f54a587abf4a,2f4009f1-6cac-4c8b-9f67-1abcf21ded07,IG Story,VIDEO,31.3.2026 15:14:16,🫨,https://www.instagram.com/stories/vsefalcons/3865051466151026946,989,891,,,6
@united_hk,instagram,b18c071b-0570-48b2-b743-990c668c3c5b,3addcd3d-bb9d-4509-a318-a156ff49a6e0,IG Reel,VIDEO,23.3.2026 16:30:59,"KFC kyblík. Kreativita bez limitů🍗🔥
Jídlo, kbelík… a najednou máš půlku studentského vybavení👩‍🎓
Jak ho využiješ ty?👀
#kfc #kfcplechovykyblik #unitedhk #unihokej",https://www.instagram.com/reel/DWO8wxECMMY/,,9583,207,3,35
vsefalcons,instagram,709fceba-e311-48e7-9057-f54a587abf4a,a9d4d071-c3d0-4149-9711-d2b098393fa8,IG Story,VIDEO,31.3.2026 18:38:53,FINÁLE PLAY-IN JOBAS NÁS POSÍLÁ DO ❗️ ❗️,https://www.instagram.com/stories/vsefalcons/3865154479565896834,1032,830,,2,5
@hc_muni,instagram,43cd62c8-609d-4ea6-8ce9-cae5242ede0c,8d5b326c-200e-4f4f-8b83-5abeef7eed05,IG Post,IMAGE,14.3.2026 16:14:42,"Série je zlomena, je to doma! 👊🏻 slavíme vítězství 4:3 v prodloužení 🎉🏒💙🔥

#hcmuni",https://www.instagram.com/p/DV3v-yADMBt/,,5616,152,6,13
@riderspardubice,facebook,f99ed6c3-17cc-46f4-a32e-d9b0576ce2df,917adb46-de7a-4143-bc67-cec8dff350e5,FB Post,IMAGE,18.3.2026 7:28:05,Body jsou domaaa 🥳,https://www.facebook.com/1592662819534019/posts/1579444500855851,512,,8,,
@riderspardubice,facebook,f99ed6c3-17cc-46f4-a32e-d9b0576ce2df,91efc8d2-a9a5-4cbb-b19b-1e5f42951512,FB Post,IMAGE,9.4.2026 14:25:47,"V neděli budeme bojovat v lucky loser game o postup do @unihokejfinalfour !

 Lucky loser game
🗓️ 12.4.  v 13:15
📍 v Hokejové Centrum Pouzar
⚔️ proti @blackdogsbudweis_vste 

#luckylosergame#riders",https://www.facebook.com/1592662819534019/posts/1600259088774392,208,,,,
@hcnorthwings,facebook,2b08a479-603b-46e4-8a48-2bc0435ccd53,4f6bf3e3-b79e-454c-83f6-9f97d1fbb693,FB Post,IMAGE,5.3.2026 17:11:16,"Druhé domácí utkání v řadě, tentokrát proti týmu Akademiků z Plzně. 
Středa 11. března 2026 od 18:00 na ústeckém zimáku 💙💛 Přijďte fandit, vyhrát 🎁 a na dobré 🍻 🌭

Odkaz na online vstupenky v biu.

#myjsmeujep #univerzitnihokej #hcnorthwings #icehockey",https://www.facebook.com/1583651910433365/posts/1559635332835023,367,,3,,
@riderspardubice,instagram,4d6a67ab-9313-4f77-a82e-abb18adbca5d,780b6f82-32a4-43a5-a221-7a3c3c516658,IG Story,VIDEO,10.4.2026 10:15:41,,https://www.instagram.com/stories/riderspardubice/3872148909464536931,,509,,,
@BOhokej,facebook,c9082543-a03b-490f-8f97-66d439acce89,dfe39765-273f-486a-91f6-7b7194a7c66a,FB Video,VIDEO,13.3.2026 17:58:27,"Máme po derby, ale sezóna ještě nekončí! Přijď kluky podpořit na další domácí utkání proti @riderspardubice 
PIVKA ZDARMA🍻",https://www.facebook.com/reel/1496092432233209/,424,194,1,,
@univerzitnihokej,instagram,1e114592-3529-4cfe-9977-2598454053af,5d69d78f-0b7e-476a-9673-a270a086f1a7,IG Story,VIDEO,8.4.2026 19:06:08,KDO SI VYBOJUJE MÍSTO VE FINAL FOUR ❓,https://www.instagram.com/stories/univerzitnihokej/3870966373711146254,,739,,,
@riderspardubice,instagram,4d6a67ab-9313-4f77-a82e-abb18adbca5d,69f819db-196d-4482-8d5c-6b1a0dcfee55,IG Story,VIDEO,12.4.2026 3:51:18,,https://www.instagram.com/stories/riderspardubice/3873404994846212387,,1534,,,
@riderspardubice,instagram,4d6a67ab-9313-4f77-a82e-abb18adbca5d,a416c875-bf42-408f-a955-f101ae736e2a,IG Story,VIDEO,12.4.2026 14:07:49,JSME VE  @unihokejfinalfour !!!!!!!!!,https://www.instagram.com/stories/riderspardubice/3873715445635514722,,1541,,,8
vsefalcons,instagram,709fceba-e311-48e7-9057-f54a587abf4a,fc8a1644-de28-438e-93fd-c8d245725988,IG Story,VIDEO,3.5.2026 8:37:46,falcons taťka dnes slaví,https://www.instagram.com/stories/vsefalcons/3888769307182127803,,821,,,2
@univerzitnihokej,instagram,1e114592-3529-4cfe-9977-2598454053af,9ac861ee-4995-4e1e-80b0-cce6860e8307,IG Story,VIDEO,17.4.2026 20:16:30,,https://www.instagram.com/stories/univerzitnihokej/3877524737601570954,,1294,,,1
@univerzitnihokej,facebook,01b45180-0b14-4a14-96e8-d0a4bab1fb9f,11a23156-2b8d-4cf0-99e4-742ae06891c2,FB Post,IMAGE,13.4.2026 12:13:30,"V Budějovicích se rozdávaly vstupenky… 👀
A rovnou dvě na @unihokejfinalfour 🎟️ Odvezly si je @vsefalcons a @riderspardubice 🚨",https://www.facebook.com/1275398168115026/posts/1284942650493911,9790,,7,,
@bitvaoprahu,instagram,d7c8aa06-74fb-4c6c-a7d2-c2fe1bf6d59c,92471f27-e9fa-4861-868d-f18006e9f36a,IG Reel,VIDEO,12.3.2026 20:09:12,"🤪 HALFTIME SHOW s @gufrau_official ft. @metrostav.cz ! ❤️‍🔥

#bitvaoprahu",https://www.instagram.com/reel/DVzBHMBDgs6/,,16094,733,1,58
vsefalcons,instagram,709fceba-e311-48e7-9057-f54a587abf4a,e4fea64c-efc8-4fcb-a141-60b9057a20fe,IG Post,IMAGE,5.2.2026 9:25:27,"Tentokrát nejsi jen fanoušek. Tentokrát jsi součástí hry.
V úterý se totiž budou od 19:45 na @icearenakaterinky konat dostihy 🏇 

Detaily zveřejníme později. Pořiď si lístek přes odkaz na profilu 🎟️",https://www.instagram.com/p/DUXusE4CPAM/,,2462,61,,4
vsefalcons,instagram,709fceba-e311-48e7-9057-f54a587abf4a,f531c0e9-a212-471d-a061-9f0fe07e59dc,IG Post,IMAGE,29.12.2025 18:42:06,"Jeden opožděnej dárek k Vánocům 🎁

Jste nejlepší. Děkujem ❤️",https://www.instagram.com/p/DS25mb8iDQ5/,,4361,106,,1
vsefalcons,instagram,709fceba-e311-48e7-9057-f54a587abf4a,ca2d2d0b-55b3-4655-aa25-f3a7b950ddd9,IG Post,IMAGE,25.6.2026 14:02:14,"Apple emojis jsou fajn, ale něco jim chybí 🫣 Kdo s námi podepisuje petici pro tuhle novou dávku smajlíků? 📝

#vsefalcons",https://www.instagram.com/p/DaAu9yeuuu9/,,7709,181,,20
@univerzitnihokej,instagram,1e114592-3529-4cfe-9977-2598454053af,20470e9d-53be-47a5-bb03-e6979c3fda27,IG Story,VIDEO,17.4.2026 14:53:09,,https://www.instagram.com/stories/univerzitnihokej/3877362002507118907,,1793,,,4
@bitvaoprahu,facebook,75e0f41f-82be-4f82-a77b-82ac11135ed2,ece30522-7198-46d5-8071-50aea5b1b35d,FB Video,VIDEO,16.3.2026 18:31:12,"Bylo to takový naše malý šťavnatý tajemstvíčko… 🤫🍗

#kfc @kfc_cz",https://www.facebook.com/reel/2128344824686972/,1192,625,10,,
@cvutengineers,instagram,11963a07-7f0f-48e6-9d81-aa63a7ff4a04,730738c3-c8f3-4c9e-a427-cd698b50bdc9,IG Story,IMAGE,9.4.2026 16:48:18,,https://www.instagram.com/stories/cvutengineers/3871621739256244787,,697,,,
@hcnorthwings,facebook,2b08a479-603b-46e4-8a48-2bc0435ccd53,a46ba041-7902-4b40-a5ed-fa5e4d0c1253,FB Post,PHOTO,16.3.2026 8:50:29,"Brankář Lukáš Klika #33 💙💛 se bezprostředně po utkání proti Plzni podrobil operaci 💉 a nyní ho čeká 6 týdnů rekonvalescence 🩺
Přejeme brzké uzdravení a hodně zdraví 🫶",https://www.facebook.com/1583651910433365/posts/1568785378586685,2555,,16,,
@engineersprague,facebook,afd06d1d-7b1c-4f66-8d93-ce4255ab773c,61fd538a-3c3c-48f0-8c75-5afd7087d233,FB Story,VIDEO,2.3.2026 18:03:43,,,,,,,
vsefalcons,instagram,709fceba-e311-48e7-9057-f54a587abf4a,6f329a75-be55-4255-ac97-5e2564a46076,IG Post,IMAGE,31.3.2026 8:41:59,Jdeme do boje ⚔️ DNES JDE O VŠECHNO! 😤,https://www.instagram.com/p/DWitcCEiCyK/,,6300,88,,16
@riderspardubice,facebook,f99ed6c3-17cc-46f4-a32e-d9b0576ce2df,d735da75-afb4-4dc7-bf57-ebdc0330cb6c,FB Post,IMAGE,2.4.2026 6:00:21,"Tahle výhra byla sladká! 🤩

Díky našemu kotli, že jste u toho byli s námi!",https://www.facebook.com/1592662819534019/posts/1593667036100264,427,,19,,
@akademiciplzen,instagram,65494228-95bf-4f7b-8e68-d47d7262db66,1d977ad4-f448-4c9d-aac0-ff8d7b65a97c,IG Story,VIDEO,6.4.2026 20:50:40,@dennymaly,https://www.instagram.com/stories/akademiciplzen/3869569403235102276,,522,,,2
vsefalcons,instagram,709fceba-e311-48e7-9057-f54a587abf4a,18e4f8ee-7656-4ae5-9ab9-60c80ab1f147,IG Story,VIDEO,12.4.2026 15:43:37,,https://www.instagram.com/stories/vsefalcons/3873763519539721914,635,674,,,2
@akademiciplzen,instagram,65494228-95bf-4f7b-8e68-d47d7262db66,c9ec3b3f-e925-48b5-abc2-40aab639847e,IG Story,VIDEO,13.4.2026 10:25:54,POSLEDNÍ TRÉNINK JE ZA NÁMI!,https://www.instagram.com/stories/akademiciplzen/3874328379805961355,,1112,,,
@AkademiciPlzen,facebook,d87b94e3-03e8-45d0-b92e-75e9b819545c,d07ab552-56e1-488b-9c22-90d5f279b54d,FB Video,VIDEO,30.3.2026 16:01:41,"Pokud máš hlad jako @zenisek_ , dej si zotta a buď dobrej! 😎😋

#zott #zotthungry #hungrydrinkthis",https://www.facebook.com/reel/1843219949703506/,1272,458,7,,
@riderspardubice,facebook,f99ed6c3-17cc-46f4-a32e-d9b0576ce2df,20b4b7b2-18bd-4e8e-b06d-ee60a7acf978,FB Post,IMAGE,8.3.2026 6:00:10,"Krásně MDŽ 💐

Bez vás by to nešlo. 🫶",https://www.facebook.com/1592662819534019/posts/1570747668392201,373,,7,,
vsefalcons,instagram,709fceba-e311-48e7-9057-f54a587abf4a,2aea9f0c-9d3e-4c0b-8d1a-71593cfd8164,IG Story,VIDEO,13.4.2026 16:45:12,? ? ?,https://www.instagram.com/stories/vsefalcons/3874519342146691220,755,826,,,2
@united_hk,instagram,b18c071b-0570-48b2-b743-990c668c3c5b,809b17f1-2365-4618-90c7-8bb68c581c73,IG Story,VIDEO,25.4.2026 13:20:09,!BUDEME SE TĚŠIT! BUDEME SE TĚŠIT,https://www.instagram.com/stories/united_hk/3883113222723116965,,820,,,
@univerzitnihokej,instagram,1e114592-3529-4cfe-9977-2598454053af,63866b72-e233-46b4-9232-ee1d0bcf8ba3,IG Story,VIDEO,17.4.2026 8:48:12,,https://www.instagram.com/stories/univerzitnihokej/3877178175776102951,,2288,,,
@boostrava,instagram,1176ddaf-d366-48a2-9639-3c6694c72c85,79c1b251-8165-44b7-a102-cbb1e227f598,IG Story,IMAGE,17.4.2026 19:39:15,,https://www.instagram.com/stories/boostrava/3877505995446682063,,525,,,
@univerzitnihokej,instagram,1e114592-3529-4cfe-9977-2598454053af,9cef53d1-e39a-4271-8269-71d34dfb75bc,IG Story,VIDEO,17.4.2026 14:53:23,,https://www.instagram.com/stories/univerzitnihokej/3877362110191686040,,1779,,,
@bitvaoprahu,facebook,75e0f41f-82be-4f82-a77b-82ac11135ed2,684cfd0f-e3c6-413a-9824-9c41acbc0e31,FB Post,IMAGE,12.3.2026 17:19:52,"Když ten hokej prostě baví. 🥹

@czufarmers ⚔️ @vsefalcons 3️⃣:3️⃣ | #bitvaoprahu",https://www.facebook.com/1441262177797849/posts/1420267766563957,154,,1,,
@riderspardubice,facebook,f99ed6c3-17cc-46f4-a32e-d9b0576ce2df,cb079fef-a418-446f-b289-94e9497d2e9d,FB Post,IMAGE,10.4.2026 12:14:44,"Rvali jsme se do poslední minuty…

Ale v neděli nás čeká ještě jedna šance dostat se do @unihokejfinalfour a my jdeme do toho! 🐎",https://www.facebook.com/1592662819534019/posts/1601006195366348,731,,3,,
@akademiciplzen,instagram,65494228-95bf-4f7b-8e68-d47d7262db66,ace7d183-f812-4e23-aea2-5bc8ecd88b0c,IG Story,VIDEO,31.3.2026 19:33:30,@_rihastepan_ 💪🏻,https://www.instagram.com/stories/akademiciplzen/3865181922410656085,,1187,,,2
@univerzitnihokej,facebook,01b45180-0b14-4a14-96e8-d0a4bab1fb9f,0c879a06-bd55-45f8-8730-d579e80cdfb7,FB Post,IMAGE,28.3.2026 19:07:04,V jižních Čechách půjde ve středu o všechno 🥵 Black Dogs vyzvou k souboji brněnské Cavaliers ⚔️,https://www.facebook.com/1275398168115026/posts/1272788941709282,1037,,,,
@AkademiciPlzen,facebook,d87b94e3-03e8-45d0-b92e-75e9b819545c,5a2f1d87-59e0-43e4-b6f3-1f450b110c27,FB Post,IMAGE,26.3.2026 19:35:10,"ALL IN. 

#akademiciplzen",https://www.facebook.com/1357105236437494/posts/1352721720209179,459,,4,,
@cvutengineers,instagram,11963a07-7f0f-48e6-9d81-aa63a7ff4a04,aaab9cac-feb3-4c14-8ac9-ea9c6425e7c8,IG Story,IMAGE,9.4.2026 16:53:16,"97,62% ÚSP 6 ze 7 nájezdů ✅ ✅",https://www.instagram.com/stories/cvutengineers/3871624247483602277,,680,,,5
vsefalcons,instagram,709fceba-e311-48e7-9057-f54a587abf4a,79ce7e95-f3d8-402e-8274-4a9c6999d9ce,IG Story,VIDEO,1.5.2026 20:56:25,GRATULACE našim basketbalistkám 🥇,https://www.instagram.com/stories/vsefalcons/3887691561894965113,,393,,,1
@univerzitnihokej,facebook,01b45180-0b14-4a14-96e8-d0a4bab1fb9f,00b10aee-9002-4d88-b1e0-06049233aaea,FB Video,VIDEO,11.3.2026 19:17:19,"ČSOB CASH ON ICE 🧊🤑
Normálně hledáš drobné po kapsách. Na univerzitním hokeji je najdeš na ledě 🫣",https://www.facebook.com/reel/996214249597390/,2434,1247,1,,
@univerzitnihokej,instagram,1e114592-3529-4cfe-9977-2598454053af,8db1a2d4-fc0b-43d1-8445-fd14db8bf41d,IG Story,IMAGE,17.4.2026 8:55:28,,https://www.instagram.com/stories/univerzitnihokej/3877181981137142379,,2130,,,
@univerzitnihokej,instagram,1e114592-3529-4cfe-9977-2598454053af,4f8e391c-bfaa-473f-a272-142580ee6844,IG Post,IMAGE,11.3.2026 9:11:40,Moravské derby je tady! Souboj @boostrava a @hc_muni můžete sledovat dnes od 19:00 na ČT sport 🍿,https://www.instagram.com/p/DVvQ9FxiOJ3/,,10150,104,,12
@vutcavaliersbrno,instagram,b384bebf-72f3-4f9d-8b2d-3677709f6966,902bb45e-dad0-423c-b0c1-6284434ed60b,IG Story,IMAGE,1.4.2026 17:56:28,,https://www.instagram.com/stories/vutcavaliersbrno/3865857846361480882,,475,,,
@218107044725785,facebook,7a942e3e-6c47-4794-9ba7-bbc7b6d40cb3,aade16f7-db31-49b3-882e-7edef3654aa7,FB Video,VIDEO,12.3.2026 14:26:05,Jsme na místě 🥵,https://www.facebook.com/reel/1111260461130429/,627,270,12,,
vsefalcons,instagram,709fceba-e311-48e7-9057-f54a587abf4a,3bc37d09-0119-4c9e-8600-d7a8cef5fe6b,IG Story,VIDEO,12.3.2026 15:28:03,,https://www.instagram.com/stories/vsefalcons/3851287659872315003,1476,1299,,,
@united_hk,instagram,b18c071b-0570-48b2-b743-990c668c3c5b,5d0eabb5-bf89-4dce-ad25-a866eb763b83,IG Story,VIDEO,22.4.2026 18:30:44,,https://www.instagram.com/stories/united_hk/3881095258209579012,,356,,,
@vutcavaliersbrno,instagram,b384bebf-72f3-4f9d-8b2d-3677709f6966,cd5b4446-7bec-49a0-b7b1-632caf8aa7a6,IG Reel,VIDEO,6.3.2026 11:59:15,"daly jsme klukům jednorázový foťák na @hokejovy_souboj_univerzit a takto to dopadlo🤩
inspirováno @lifeonfilm",https://www.instagram.com/reel/DVisaahCC7A/,,10275,212,5,15
@univerzitnihokej,instagram,1e114592-3529-4cfe-9977-2598454053af,ded04504-06db-4c01-ae5d-37704d83306c,IG Post,IMAGE,10.3.2026 22:29:19,V Praze to dnes bylo na ostří nože 🔪 Kings jsou zpátky na vítězné vlně a Engineers nechali Falcons bod po nájezdech 🙌🏼,https://www.instagram.com/p/DVuICv7iDM0/,,3539,94,,2
@univerzitnihokej,instagram,1e114592-3529-4cfe-9977-2598454053af,144b638d-d0e9-435d-8af2-8ed5bae94db1,IG Reel,VIDEO,11.3.2026 19:38:38,Kluci v Ostravě se toho taky nebojí👀,https://www.instagram.com/reel/DVwZIhNiLTr/,,11202,209,,61
@riderspardubice,instagram,4d6a67ab-9313-4f77-a82e-abb18adbca5d,325a6843-f3db-4e46-a998-33076aec1fbf,IG Story,VIDEO,8.4.2026 19:23:55,1:1,https://www.instagram.com/stories/riderspardubice/3870976725539189644,,491,,,
@cvutengineers,instagram,11963a07-7f0f-48e6-9d81-aa63a7ff4a04,6d0c1acf-024a-43fb-8cc6-c01161d9b3c6,IG Reel,VIDEO,17.4.2026 16:47:25,"Tak kdo se v tom má vyznat taky… 🤷🏼‍♀️🤷🏼‍♀️

Gear: @b_hockey_czech",https://www.instagram.com/reel/DXPWiMBDAJZ/,,22399,401,2,16
vsefalcons,instagram,709fceba-e311-48e7-9057-f54a587abf4a,17060e2f-9265-4f2d-9ce2-df95480f7128,IG Story,VIDEO,16.4.2026 18:30:16,,https://www.instagram.com/stories/vsefalcons/3876746351803388109,1051,839,,1,
@BOhokej,facebook,c9082543-a03b-490f-8f97-66d439acce89,5cd7bf06-eec9-4d68-be55-823ab0539400,FB Post,ALBUM,26.3.2026 8:17:13,"POSLEDNÍ ZÁPAS základní části máme za sebou!🔥
Teď se chystáme na PLAY-IN, kde už půjde o všechno!
Věříme ve Vaši maximální podporu☘️",https://www.facebook.com/1477974067675582/posts/1472980991508223,409,,2,,
@riderspardubice,facebook,f99ed6c3-17cc-46f4-a32e-d9b0576ce2df,734676a3-e752-4c13-b789-d036d95d3df1,FB Post,IMAGE,15.3.2026 20:00:18,"Po posledním domácím zápase této sezony nás čeká afterparty v @dydybaba! 🤩🪩

Tak doražte na zápas a pak se všichni potkáme v Dýdý!",https://www.facebook.com/1592662819534019/posts/1577299241070377,501,,2,,
vsefalcons,instagram,709fceba-e311-48e7-9057-f54a587abf4a,95a82af2-cda1-4b92-b56e-86564bbe927e,IG Story,VIDEO,12.3.2026 19:40:08,,https://www.instagram.com/stories/vsefalcons/3851414512838698852,1253,912,,,
@riderspardubice,instagram,4d6a67ab-9313-4f77-a82e-abb18adbca5d,a3a48143-39f1-4795-90fb-63dc48e44415,IG Post,IMAGE,9.3.2026 16:31:52,"POZOR POZOR! 😍

Dneska do druhé přestávky sháníme soutěžící, kteří si zahrají o voucher do SKYBOXU od @enteria_holding na poslední zápas sezony! 

Kdo si dnes zahraje o takovýhle luxus?",https://www.instagram.com/p/DVq5l82DBNN/,,4029,59,5,4
@riderspardubice,instagram,4d6a67ab-9313-4f77-a82e-abb18adbca5d,64c803fe-a285-4655-b521-f3c3a30da6c4,IG Story,VIDEO,8.4.2026 7:31:52,,https://www.instagram.com/stories/riderspardubice/3870616904293708860,,869,,,1
vsefalcons,instagram,709fceba-e311-48e7-9057-f54a587abf4a,b9b977e9-fb56-4ebd-bed2-43f288fc0141,IG Story,VIDEO,16.4.2026 10:00:56,ZA PÁR HODIN  JDEME DO BOJE 🦅,https://www.instagram.com/stories/vsefalcons/3876489899180354086,2313,2693,,1,2
@AkademiciPlzen,facebook,d87b94e3-03e8-45d0-b92e-75e9b819545c,e2a660fc-02bf-4688-aad2-646dd5ff0ba7,FB Post,IMAGE,3.3.2026 15:57:04,"JARNÍ BITVA UŽ ZÍTRA! 👊🏻

Doraž včas na Proud, Redbull nebo svařák do fanzóny, nalaď hlasivky a pojď z toho udělat večer, na kterej se bude vzpomínat!

🕰️ 17:30 otevření fanzóny
📍 LOGSPEED CZ Aréna
🎟️ Lístky najdeš v biu nebo na plzenskabitva.cz

Tak co, bude nás ještě víc než loni? 🔥
#akademiciplzen",https://www.facebook.com/1357105236437494/posts/1333889612092390,628,,16,,
@univerzitnihokej,facebook,01b45180-0b14-4a14-96e8-d0a4bab1fb9f,1cd8e3ef-f4e9-4d67-93a1-302a2dfa80e7,FB Post,IMAGE,30.3.2026 16:04:37,Všechny zápasy PLAY-IN sledujte živě na @sport_ct ➕📺 Program zápasů u nás na profilu! 👆🏻,https://www.facebook.com/1275398168115026/posts/1274232244898285,935,,4,,
@univerzitnihokej,instagram,1e114592-3529-4cfe-9977-2598454053af,d0b45844-4645-4c8b-84d9-1d1e509a0f71,IG Story,STORY,31.3.2026 12:06:54,NEBO NA SPOTIFY 🎧 👇🏼,https://www.instagram.com/stories/univerzitnihokej/3864957128746255946,,1111,,,
@riderspardubice,instagram,4d6a67ab-9313-4f77-a82e-abb18adbca5d,e8e6464e-b533-416b-8c3c-173096e43b1b,IG Post,IMAGE,2.3.2026 9:13:38,"Dnes si Riders vezmou do duelu @cvutengineers !🔥 Kdo tento duel zvládne jako vítěz?

Survivor game
🗓️ 2. 3. v 19:00
📍 v Enteria Arena
⚔️ proti @cvutengineers 

Vstupenky zakoupíš v BIU!🎟️🥥
#riders#survivorgame#survivor",https://www.instagram.com/p/DVYGS9aDANA/,,3947,27,,4
@akademiciplzen,instagram,65494228-95bf-4f7b-8e68-d47d7262db66,3429804e-4733-4779-b49b-614374aa6162,IG Story,VIDEO,4.4.2026 19:19:08,📝,https://www.instagram.com/stories/akademiciplzen/3868073783005563756,,1123,,,5
vsefalcons,instagram,709fceba-e311-48e7-9057-f54a587abf4a,4259ce33-c6e2-46a2-86a4-c520312bb824,IG Story,VIDEO,2.3.2026 18:27:41,@tomas_bartonn 🤝 @fanda__david,https://www.instagram.com/stories/vsefalcons/3844130346585566724,655,814,,,4
@univerzitnihokej,instagram,1e114592-3529-4cfe-9977-2598454053af,44401e82-1887-4f4b-b98e-a4c917752cb1,IG Post,ALBUM,31.3.2026 8:49:36,"PRVNÍ DUEL PLAY-IN 😤

Falcons 🆚 UNIted
Jeden zápas. Jedna šance. Kdo postoupí do finále? 👇🏻",https://www.instagram.com/p/DWiu7T5CC3M/,,11385,210,,19
@riderspardubice,instagram,4d6a67ab-9313-4f77-a82e-abb18adbca5d,66d79413-10aa-470a-912a-f41b49fc340b,IG Story,VIDEO,28.4.2026 16:15:45,,https://www.instagram.com/stories/riderspardubice/3885376100683758809,,714,,,
@riderspardubice,instagram,4d6a67ab-9313-4f77-a82e-abb18adbca5d,5b2cbaa6-f5d1-4846-b012-4a6fc75c7619,IG Reel,VIDEO,5.3.2026 19:13:27,"🐱 V pondělí za námi do enteria areny přijedou @blackdogsbudweis_vste! 🐕

A my při této příležitosti společně podpoříme KoČIČÍ depozitum Lovčice! 

Jak můžete opuštěným kočičkám pomoci s námi? 
- přineste s sebou na zápas kočičí žrádlo - granule, konzervy, ňaminky 
- přispějte finančním darem - ideálně v hotovosti na místě nebo pomocí QR kódu na kostce.

Minulý semestr jsme pomohli pejskům z @farma_u_veselyho_psa, tak pojďme znovu spojit síly a tentokrát pomoci kočičkám z KoČIČÍ depozitum Lovčice! 

Vstupenky za zapas koupíš přes odkaz v BIU!",https://www.instagram.com/reel/DVg5lJoDLRh/,,6337,68,,14
@riderspardubice,instagram,4d6a67ab-9313-4f77-a82e-abb18adbca5d,82063097-d118-4de0-a0fc-68048bd3eaf9,IG Reel,VIDEO,16.4.2026 16:30:54,Fanoušci mají jasno! ❤️‍🔥,https://www.instagram.com/reel/DXMwWmcDKvw/,,5495,132,,25
@akademiciplzen,instagram,65494228-95bf-4f7b-8e68-d47d7262db66,d4d68be8-b3a3-4550-83e2-4d6161e1d09a,IG Story,VIDEO,6.4.2026 20:21:56,@jakubvotoupal,https://www.instagram.com/stories/akademiciplzen/3869554939983069245,,778,,,2
@bitvaoprahu,instagram,d7c8aa06-74fb-4c6c-a7d2-c2fe1bf6d59c,0b34c83b-13d5-469f-b7df-29b73517177e,IG Reel,VIDEO,12.3.2026 13:59:08,"Udělej dneska na Bitvě dobrej skutek! ❤️‍🩹

Přímo na hale za sektorem UK a ČZU najdeš zápisová místa do registru dárců kostní dřeně. Tak se tam zastav! 👊🏼",https://www.instagram.com/reel/DVyXBMbDEyA/,,19055,121,2,12
@riderspardubice,facebook,f99ed6c3-17cc-46f4-a32e-d9b0576ce2df,2924dfb4-735b-4a0e-9de5-6bd8e2528451,FB Video,VIDEO,16.4.2026 14:22:51,Jsme v Praze ❤️‍🔥🐎,https://www.facebook.com/reel/1491593522542990/,310,90,1,,
@bitvaoprahu,facebook,75e0f41f-82be-4f82-a77b-82ac11135ed2,c856ad6c-80d6-4e5c-be77-9029a85a5aed,FB Post,IMAGE,12.3.2026 22:36:14,"Tradičně už plný barák! 🏟️🔥

Jste úžasní, vážíme si každého z vás! 🙏🏼 #bitvaoprahu",https://www.facebook.com/1441262177797849/posts/1420430376547696,332,,1,,
@218107044725785,facebook,7a942e3e-6c47-4794-9ba7-bbc7b6d40cb3,5d0dbb52-679b-40eb-922d-9541a3b5deb0,FB Video,VIDEO,12.3.2026 17:23:38,KSN 🤩,https://www.facebook.com/reel/775453088687858/,481,244,7,,
@akademiciplzen,instagram,65494228-95bf-4f7b-8e68-d47d7262db66,6f6c6b0b-e5db-4ef3-a4f4-0bfb4a69f125,IG Story,VIDEO,15.4.2026 13:56:02,"1. STAHUJ APKU ČSOB
2. KLIKNI NA ODKAZ
3. VYHRAJ! 1. STAHUJ APKU ČSOB
2. KLIKNI NA ODKAZ
3. VYHRAJ!",https://www.instagram.com/stories/akademiciplzen/3875883694762520064,,943,,,
@univerzitnihokej,facebook,01b45180-0b14-4a14-96e8-d0a4bab1fb9f,10c138ba-4cdc-40d4-915c-d56133322167,FB Post,ALBUM,31.3.2026 8:49:54,"PRVNÍ DUEL PLAY-IN 😤

Falcons 🆚 UNIted
Jeden zápas. Jedna šance. Kdo postoupí do finále? 👇🏻",https://www.facebook.com/1275398168115026/posts/1274714014850108,281,,2,,
@univerzitnihokej,facebook,01b45180-0b14-4a14-96e8-d0a4bab1fb9f,993b1088-8022-4253-a521-36d8e50f908a,FB Video,VIDEO,2.4.2026 16:22:51,Semifinálové drama v Budějovicích 😤 Cavaliers domácí Black Dogs potrápili až do nájezdů.,https://www.facebook.com/reel/1302653698430910/,2749,1412,8,,
vsefalcons,instagram,709fceba-e311-48e7-9057-f54a587abf4a,adca0a34-86e2-4a62-bb4b-5d3cc5a51cdd,IG Story,VIDEO,10.2.2026 18:49:00,🕺 @jan_kubata  PLAYLIST V POŘÁDKU,https://www.instagram.com/stories/vsefalcons/3829645520767832049,660,852,,,
@united_hk,instagram,b18c071b-0570-48b2-b743-990c668c3c5b,c17aa6d2-3893-4097-afe3-d8e33a8110ef,IG Reel,VIDEO,10.3.2026 17:42:41,"Světla zhasínají. 
Příběh hokejistů začíná. 🏒🎬

🎟️Zapoj se do soutěže:

2x2 lístky na maratón první série Heated Rivalry v kinách CineStar pro tebe a tvého kámoše! 

📌Podmínky soutěže:
1) označ, s kým bys seriál chtěl/a vidět 
2) dej like na post

Ve čtvrtek vylosujeme 2 výherce, kteří si můžou premiéru užít přímo z první rady!

#unitedhk #unihokej #hbomax #heatedrivalry",https://www.instagram.com/reel/DVtlHMiiH0W/,,5574,138,19,42
vsefalcons,instagram,709fceba-e311-48e7-9057-f54a587abf4a,c580611e-7e79-403a-b842-7b32d4701eaf,IG Reel,VIDEO,6.4.2026 16:28:04,"Asi se shodneme, že by kluci měli zůstat u omotávání hokejek 🤦🏽‍♀️

#vsefalcons",https://www.instagram.com/reel/DWy__YpCKTy/,,,158,6,25
@united_hk,tiktok,7e062517-b9da-416d-b73d-a2c5899a2be6,46e67ace-064c-4cf9-a2a3-f1942ea43383,TT Video,VIDEO,20.3.2026 18:47:32,"💋 Kiss Cam z derby Derby není jen o hokeji. Některé momenty patřily i Kiss Cam. A někdy to bylo hodně zajímavé 😄 Výherci si odnesli luxusní večeři pro 2 v hodnotě 1500 Kč. Díky partnerovi Pivovarské domy za tenhle moment, na který se jen tak nezapomíná. Podívej se ve videu. 🖤🧡❤️ @Univerzitní hokej 🏒 ",https://www.tiktok.com/@united_hk/video/7619411347696078102?utm_campaign=tt4d_open_api&utm_source=7348986504397455361,,1420,38,,
@united_hk,instagram,b18c071b-0570-48b2-b743-990c668c3c5b,d53ead82-d720-471b-a185-396b37cdb176,IG Post,PHOTO,26.3.2026 8:56:40,"Náš útočník Štěpán Kyclt dnes slaví narozeniny.

Všechno nejlepší, Štěpáne! 🎂
Užij si to.

🖤🧡

#unitedhk #unihokej #hokej",https://www.instagram.com/p/DWV3vreCBXD/,,2179,29,,
vsefalcons,instagram,709fceba-e311-48e7-9057-f54a587abf4a,5a62c8a7-ad61-4a4c-836a-ddcecaa062f5,IG Story,VIDEO,17.1.2026 17:33:33,,https://www.instagram.com/stories/vsefalcons/3812213031682200506,,604,,,
@bitvaoprahu,instagram,d7c8aa06-74fb-4c6c-a7d2-c2fe1bf6d59c,700fda2a-8c4a-4bad-b7a5-579ac4d010ae,IG Story,VIDEO,10.4.2026 14:50:02,,https://www.instagram.com/stories/bitvaoprahu/3872286990565913677,,1017,,,1
@engineersprague,facebook,afd06d1d-7b1c-4f66-8d93-ce4255ab773c,9f077cc8-785a-4bfe-97d4-5c53f912f251,FB Story,IMAGE,12.3.2026 22:31:19,,,,,,,
@riderspardubice,instagram,4d6a67ab-9313-4f77-a82e-abb18adbca5d,bb162ab4-283c-4ab7-b6bf-692ad818d8b4,IG Post,IMAGE,12.4.2026 13:55:18,Tohle je crazyyy! Všichni jdeme nabíhejme vyprodat vstupenky na @unihokejfinalfour! 🤯🤯,https://www.instagram.com/p/DXCLS7IjAmg/,,21225,435,15,61
vsefalcons,instagram,709fceba-e311-48e7-9057-f54a587abf4a,d6185d60-ed70-4c32-b46a-c63c47a16f39,IG Story,VIDEO,3.3.2026 18:30:13,BAGO time ⚽️,https://www.instagram.com/stories/vsefalcons/3844856355400224833,704,842,,,
@boostrava,instagram,1176ddaf-d366-48a2-9639-3c6694c72c85,fd6efd25-d177-42b5-a768-3ab8ffb8b702,IG Post,IMAGE,16.3.2026 20:04:48,"Nenechte si ujít zápas s Pardubicemi! 🍀

Ke vstupence vás čeká pivko a zelená zdarma! 🍻
Vstupenky najdeš v biu 🎫

#hockey #ostrava #stpatricksday2026",https://www.instagram.com/p/DV9T4ciDOZf/,,4651,26,,21
vsefalcons,instagram,709fceba-e311-48e7-9057-f54a587abf4a,279a7da1-9a56-4008-a5d1-347d71fa2aea,IG Reel,VIDEO,3.3.2026 9:04:55,"Kdo z kluků si zaslouží mic na dnešním zápase? 🤓

📅dneska 📍 @icearenakaterinky ⏰ 19:45",https://www.instagram.com/reel/DVaqMhGCNl2/,,3201,77,,6
vsefalcons,instagram,709fceba-e311-48e7-9057-f54a587abf4a,3689f4b2-65d9-44e1-9b26-3932c6e65d9f,IG Story,VIDEO,14.3.2026 16:29:50,@_jobas57_  NAVYŠUJE,https://www.instagram.com/stories/vsefalcons/3852770179730164820,754,726,,,
vsefalcons,instagram,709fceba-e311-48e7-9057-f54a587abf4a,36ca414f-4348-41d9-aa2c-ca4006d6fdd6,IG Story,VIDEO,11.4.2026 9:35:30,včera jsme něco tvořili @garnier_czsk 🤫,https://www.instagram.com/stories/vsefalcons/3872853463096928927,1202,1345,,1,8
vsefalcons,instagram,709fceba-e311-48e7-9057-f54a587abf4a,79860911-2016-44b4-9091-d0d9a0cba12e,IG Story,VIDEO,12.3.2026 18:07:39,TO LÍTÁÁÁ 🦅,https://www.instagram.com/stories/vsefalcons/3851367988729494897,1332,1027,,,
vsefalcons,instagram,709fceba-e311-48e7-9057-f54a587abf4a,860e8727-66a6-4c82-b95a-c6e0098058d3,IG Story,IMAGE,30.3.2026 9:30:19,,https://www.instagram.com/stories/vsefalcons/3864153540902051335,675,778,,,2
@univerzitnihokej,instagram,1e114592-3529-4cfe-9977-2598454053af,85d6a5b9-e4e4-4204-96d5-112b4c1ed1cd,IG Story,VIDEO,17.4.2026 14:53:03,,https://www.instagram.com/stories/univerzitnihokej/3877361945875610714,,1716,,,
@united_hk,instagram,b18c071b-0570-48b2-b743-990c668c3c5b,c3d376e1-8167-4637-9de8-bebdc3099bf5,IG Post,IMAGE,27.4.2026 11:12:14,"S UNIted HK se loučí i náš asistent trenéra Mario Kellner.

Mario byl důležitou součástí realizačního týmu a podílel se na tom, jak tým fungoval na ledě i mimo něj.
Svoji práci dělal poctivě a vždy ve prospěch týmu.

Díky za čas, energii a všechno, co jsi pro UNIted HK udělal.

Přejeme ti hodně štěstí do další životní kapitoly.
🖤🧡",https://www.instagram.com/p/DXogtEMCFRd/,,4987,110,1,13
vsefalcons,instagram,709fceba-e311-48e7-9057-f54a587abf4a,c81b9e15-1163-4f2d-a639-7b44328fad40,IG Story,VIDEO,3.2.2026 19:06:37,🍿 🛋️ A KDO SE NEZVLÁDL DOSTAVIT,https://www.instagram.com/stories/vsefalcons/3824581006674368086,,1186,,,1
vsefalcons,instagram,709fceba-e311-48e7-9057-f54a587abf4a,349957a3-1109-4c60-b54d-96ea3738b315,IG Story,VIDEO,26.2.2026 20:29:01,VEČEREM PROVÁZÍ NAŠE OBLÍBENÁ DVOJKA @cech.ondrejj 🤝🏼 @alan.david6 🎤,https://www.instagram.com/stories/vsefalcons/3841292270238750590,1432,2150,,,2
vsefalcons,instagram,709fceba-e311-48e7-9057-f54a587abf4a,a1f3c4ec-b1b5-4d82-b637-82fff04080e4,IG Story,VIDEO,13.3.2026 16:17:44,,https://www.instagram.com/stories/vsefalcons/3852037555323721563,972,923,,,
@akademiciplzen,instagram,65494228-95bf-4f7b-8e68-d47d7262db66,c80a4f99-9832-496b-8088-8c8d1b980636,IG Story,VIDEO,24.4.2026 15:41:37,@vpotocesevodatoci,https://www.instagram.com/stories/akademiciplzen/3882459709458646539,,1035,,,2
vsefalcons,instagram,709fceba-e311-48e7-9057-f54a587abf4a,fc7f8e66-30d3-4df1-b529-2a4ac282ca4f,IG Reel,VIDEO,26.5.2026 12:21:10,"Tak uvidíme jak to nakonec letos dopadne 👀

#ms2026",https://www.instagram.com/reel/DYzTfVpoksP/,,89579,2291,82,154
vsefalcons,instagram,709fceba-e311-48e7-9057-f54a587abf4a,305eacef-708a-45ee-86e5-4764cd3bf100,IG Story,VIDEO,17.2.2026 11:54:53,ČECHÝŇO VČERA MĚL VÁŽNEJ CALL,https://www.instagram.com/stories/vsefalcons/3834510556044785897,739,1027,,,2
vsefalcons,instagram,709fceba-e311-48e7-9057-f54a587abf4a,4d4281bd-9735-43a5-9358-d1907413600f,IG Story,VIDEO,14.3.2026 14:46:24,BRAZILKA  před zápasem ⚽️ ⚽️,https://www.instagram.com/stories/vsefalcons/3852716246827581597,894,1005,,,
vsefalcons,instagram,709fceba-e311-48e7-9057-f54a587abf4a,7829fd34-90f6-4532-a3ad-2d6f41917179,IG Post,IMAGE,8.2.2026 8:05:05,"FALCONS PUB KVÍZ IS BAAAACK!

Minule sklidil velký úspěch, a proto jsme se ho rozhodli udělat znovu a mnohem vymazlenější! 🤓

Čeká vás večer plný zábavy, dobrého piva a pořádné dávky vědomostního adrenalinu. 🧠 Vyhrát můžete bombové ceny, kterými nás vybavil Red Bull, Proud nebo Grant Thornton, a vítěz si domu odnese lístky na Bitvu o Prahu ‼️

Do týmu se může přihlásit 4-5 lidí, vstupné je zdarma a bar s top drinky je samozřejmostí. 🥂

26.2. | Akademický klub, Italská budova | 19:00

Registrovat se můžete přes link na profilu. Těšíme se na vás! 💙

#vsefalcons #pubkviz",https://www.instagram.com/p/DUfVN8rCCRx/,,9855,30,,31
@riderspardubice,instagram,4d6a67ab-9313-4f77-a82e-abb18adbca5d,8a2d0f06-bea4-4894-b63e-5132ad6c197a,IG Story,VIDEO,17.4.2026 16:30:58,,https://www.instagram.com/stories/riderspardubice/3877411142662680035,,895,,,
vsefalcons,instagram,709fceba-e311-48e7-9057-f54a587abf4a,bce1e907-6c7d-453e-a9f3-ebdc0ab9c41b,IG Story,VIDEO,3.3.2026 20:39:29,@___pajer24 👏🏻 🙅🏻,https://www.instagram.com/stories/vsefalcons/3844921448188120053,643,837,,,4
@engineersprague,facebook,afd06d1d-7b1c-4f66-8d93-ce4255ab773c,c9b92b6d-f25c-4ebb-a467-082af4018f09,FB Story,IMAGE,10.3.2026 21:13:02,,,,,,,
@cvutengineers,instagram,11963a07-7f0f-48e6-9d81-aa63a7ff4a04,fbff76f9-9501-4165-b75a-c26d240a3f06,IG Post,IMAGE,12.4.2026 14:56:50,"ONE TEAM ONE DREAM 
Čekají nás nejdůležitější zápasy této sezony. Buďte u toho s námi a ukažte, kdo má to pravé #SRDCELVA 🦁.

#engprg",https://www.instagram.com/p/DXCSfhvDBu8/,,6453,228,1,15
@218107044725785,facebook,7a942e3e-6c47-4794-9ba7-bbc7b6d40cb3,260045e7-0272-4d57-907d-7691c327d0a9,FB Post,IMAGE,11.3.2026 17:42:17,"Tak toto? 🥹 JSTE BLÁÁÁZNI ❤️

Vážíme si každýho z vás a už zejtra se všichni vidíme na @bitvaoprahu 🥉",https://www.facebook.com/122282816036218300/posts/122278376702218300,223,,12,,
@riderspardubice,instagram,4d6a67ab-9313-4f77-a82e-abb18adbca5d,4daf729d-c0b9-4ec0-ba13-ccf91865767c,IG Story,VIDEO,12.4.2026 13:03:54,VÝBORNÝ ZÁKROK 👏🏻👏🏻 @63skorpiz  2:1,https://www.instagram.com/stories/riderspardubice/3873683161372985119,,1080,,,
@cvutengineers,instagram,11963a07-7f0f-48e6-9d81-aa63a7ff4a04,aadaa9c7-d279-42bc-a246-a69bdd8b402e,IG Post,IMAGE,4.3.2026 21:45:44,"Dneska zůstaly 3 body doma na Hvězdě ✊🏼
No a příští týden bude nabitej 🫡 be ready!

#engprg #win",https://www.instagram.com/p/DVel7p4DNaU/,,3069,91,,3
vsefalcons,instagram,709fceba-e311-48e7-9057-f54a587abf4a,11082307-f8c7-4078-9337-94288458a534,IG Reel,VIDEO,5.3.2026 9:59:25,"Soutěž pro vás ‼️ 

Kdo z vás do komentářů napíše kolikrát řekl @bulvafilip “vole”, vyhrává dva lístky na úterní zápas 🤩",https://www.instagram.com/reel/DVf5jeiiF-r/,,4422,119,7,38
@riderspardubice,instagram,4d6a67ab-9313-4f77-a82e-abb18adbca5d,926d7b8c-f6f6-46a0-bc1e-15b0373cd484,IG Story,VIDEO,12.4.2026 13:52:44,,https://www.instagram.com/stories/riderspardubice/3873707704695133898,,1208,,,
@boostrava,instagram,1176ddaf-d366-48a2-9639-3c6694c72c85,990e0404-6b5c-40c5-96b4-9820963f4f63,IG Reel,REEL,27.3.2026 19:16:30,"Paparazzi už to ví… Tak si to zapiš taky! 👀

31.3. nás čeká play-in a půjde o všechno! 🔥

#savethedate #hockey #hockeygame",https://www.instagram.com/reel/DWZjMLmDF-G/,,8639,93,,36
vsefalcons,instagram,709fceba-e311-48e7-9057-f54a587abf4a,9efd1783-b5ec-4c66-9185-38fa9386dfb4,IG Story,VIDEO,3.2.2026 17:41:10,dneska tady máme jeden COMEBACK @jan_kubata 🏒 🥹❤️‍🩹,https://www.instagram.com/stories/vsefalcons/3824537963812410912,,1582,,,2
@bitvaoprahu,instagram,d7c8aa06-74fb-4c6c-a7d2-c2fe1bf6d59c,a466e14a-83e9-4cf8-ac56-f83d6879006d,IG Post,IMAGE,11.3.2026 17:37:38,Už zítra je Bitva day! 🫨🫨🥳🥳,https://www.instagram.com/p/DVwLT_NDA-r/,,12024,61,,9
@bitvaoprahu,instagram,d7c8aa06-74fb-4c6c-a7d2-c2fe1bf6d59c,c54e3933-1543-4cf0-a9fe-3c5c63f5156c,IG Post,IMAGE,12.3.2026 22:51:47,"👑 OBHAJOBA KINGS! 🏆🥇

Gratulujeme staronovým vládcům, @ukkingsprague . 🎩",https://www.instagram.com/p/DVzUNHVDPu2/,,112832,3902,7,255
@boostrava,instagram,1176ddaf-d366-48a2-9639-3c6694c72c85,f8b6c6f0-60b9-483d-a19b-b3f1d543ffef,IG Post,IMAGE,4.3.2026 21:15:01,"Vítězíme! 🦈

Další 3 body znamenají již 6. výhru v řadě! 🔥🎉

#win #hockey #žraloci",https://www.instagram.com/p/DVeiKU9jInr/,,1532,41,,1
@riderspardubice,instagram,4d6a67ab-9313-4f77-a82e-abb18adbca5d,467129d9-b840-4f3b-964f-13ae118b6d9f,IG Story,VIDEO,31.3.2026 19:04:38,,https://www.instagram.com/stories/riderspardubice/3865167392058118351,,696,,,
@boostrava,instagram,1176ddaf-d366-48a2-9639-3c6694c72c85,a4f798b7-4d77-40da-b494-5b42c82765c3,IG Post,IMAGE,14.4.2026 10:25:52,"Rádi bychom poděkovali trenérovi Honzovi Dětskému za tři úspěšné roky, které jsme mohli strávit pod jeho vedením.
Děkujeme za jeho přístup, podporu, trpělivost i nasazení, které nám po celou dobu předával.

Odnášíme si spoustu zkušeností i společných vzpomínek, na které budeme rádi vzpomínat.
Věříme, že se naše cesty v budoucnu ještě setkají.

Přejeme mnoho úspěchů do další etapy a ještě jednou VELKÉ DÍKY✨",https://www.instagram.com/p/DXG8v-oDNNJ/,,6768,204,2,44
@218107044725785,facebook,7a942e3e-6c47-4794-9ba7-bbc7b6d40cb3,aae04cec-af63-42e7-a101-0d4ca1b9cd2a,FB Post,IMAGE,12.4.2026 15:00:27,"Takhle vypadal náš poslední zápas proti @cvutengineers ⚔️

A už ve čtvrtek se s nimi utkáme znovu, jenže tento zápas bude znamenat MNOHEM více 🫨 Potřebujeme vás všechny u toho 📢

🎟️ Vstupenky na @unihokejfinalfour seženeš na profilu a můžeš použit kód “VSEFANS” ať fandíš levněji",https://www.facebook.com/122282816036218300/posts/122283645914218300,443,,13,,
vsefalcons,instagram,709fceba-e311-48e7-9057-f54a587abf4a,baa36078-b432-41bf-accd-2cc1dade586b,IG Reel,REEL,11.3.2026 7:21:22,"Natrénováno máme, teď to jen ukázat na ledě 😤 

Přijďte nás zítra podpořit na @bitvaoprahu 💪🏼 Budeme vás potřebovat víc, než kdy jindy! 💙

#vsefalcons #bitvaoprahu",https://www.instagram.com/reel/DVvE071iOkr/,,5946,79,4,21
@riderspardubice,instagram,4d6a67ab-9313-4f77-a82e-abb18adbca5d,da9344bf-b049-438e-9435-e918634b2354,IG Story,VIDEO,12.4.2026 13:20:43,EMOCE SE STUPŇUJÍ! 😬 +NESKUTEČNÝ @63skorpiz  2:2,https://www.instagram.com/stories/riderspardubice/3873691622768915357,,1074,,,
@univerzitnihokej,instagram,1e114592-3529-4cfe-9977-2598454053af,e08b20e6-8659-45f8-a7ff-a8c0b5e68b68,IG Reel,VIDEO,12.3.2026 18:00:19,Takové pohyby se asi naučil na farmě 🤭,https://www.instagram.com/reel/DVyyw1RCNJV/,,8741,172,,29
@akademiciplzen,instagram,65494228-95bf-4f7b-8e68-d47d7262db66,eaf2abd5-1b36-47cd-8f6b-e4cfabd0f600,IG Reel,VIDEO,17.3.2026 13:21:42,"Ví naši fanoušci, co je ofsajd? 👀
A kdo to pak nejvíc rozjel na afterparty? 😏

Na to se diváků na bitvě zeptala @deniskaurbankova 🎤.
Mrkni, jak to dopadlo!

#akademiciplzen #univerzitnihokej",https://www.instagram.com/reel/DV_KLZbDI7B/,,14820,311,2,57
@cvutengineers,instagram,11963a07-7f0f-48e6-9d81-aa63a7ff4a04,678476ab-940f-4180-879f-b25d0c635fcc,IG Story,VIDEO,17.4.2026 19:52:32,🚨🚨🚨 JE TAM!!!!! @bernattomas16,https://www.instagram.com/stories/cvutengineers/3877512537017482629,,1287,,,
@riderspardubice,instagram,4d6a67ab-9313-4f77-a82e-abb18adbca5d,a5e01015-e760-4100-9ccd-cc2be0eb332c,IG Story,VIDEO,12.4.2026 12:27:36,STŘÍDÁNÍ MUSÍ BÝT🏒 2:0,https://www.instagram.com/stories/riderspardubice/3873664877906909193,,1074,,,