account_name,social_network_id,carl_account_id,carl_post_id,post_type,media_url_type,published,caption,permalink,impressions,views,likes,comments,shares
@univerzitnihokej,facebook,01b45180-0b14-4a14-96e8-d0a4bab1fb9f,05019364-db07-425d-88a6-464f5564ad7f,FB Post,IMAGE,1.4.2026 20:00:28,"Semifinále PLAY-IN? Drama až do konce 🤯 

Black Dogs rozhodli až v samostatných nájezdech, v Plzni vyhráli outsideři Farmers. 😮‍💨",https://www.facebook.com/1275398168115026/posts/1275963344725175,494,,1,,
vsefalcons,instagram,709fceba-e311-48e7-9057-f54a587abf4a,465ce256-c403-410c-bef1-e58dd7b252d1,IG Story,VIDEO,16.4.2026 16:47:17,,https://www.instagram.com/stories/vsefalcons/3876694481172978032,1080,1043,,,3
@hc_muni,instagram,43cd62c8-609d-4ea6-8ce9-cae5242ede0c,51b9289e-dbf5-4ab4-9ace-725904cc88d1,IG Story,VIDEO,11.4.2026 21:17:09,"💥 ⏰  ZÍTRA ČEKÁ JIRKU DALŠÍ ZÁPAS! 
 LET’S  GO FOR THAT",https://www.instagram.com/stories/hc_muni/3873206614602209055,,232,,,
vsefalcons,instagram,709fceba-e311-48e7-9057-f54a587abf4a,7981bba6-6f71-4bd3-8015-c44057427d63,IG Story,VIDEO,14.4.2026 13:23:26,"KDO NEMÁ, MŮŽE KOUPIT NA MÍSTĚ 🔥 🛍️",https://www.instagram.com/stories/vsefalcons/3875142513287761993,638,695,,,2
vsefalcons,instagram,709fceba-e311-48e7-9057-f54a587abf4a,7f3a329a-d6b2-40a4-b8ed-a620e062f91a,IG Story,VIDEO,1.4.2026 20:14:24,,https://www.instagram.com/stories/vsefalcons/3865927385757575658,798,454,,,
vsefalcons,instagram,709fceba-e311-48e7-9057-f54a587abf4a,a189804d-b7af-4d48-8dd5-58463394e65e,IG Reel,VIDEO,13.8.2026 17:10:47,"Nový vůdce našeho hnízda! 🦅 David Ohnutek přebírá VŠE Falcons Prague jako nový hlavní trenér. 🔥

Dlouhodobě se specializuje na player development a individuální rozvoj hráčů. Zkušenosti sbíral jako dovednostní trenér Bílých Tygrů Liberec, v Dánsku jako šéftrenér mládeže Herning IK a následně u kategorií U17 a U20 ve Frederikshavnu. 🇨🇿🇩🇰

Do našeho hnízda přináší mezinárodní zkušenosti, důraz na rozvoj hráčů a vítěznou mentalitu. 💪

Vítej v týmu, Davide! 🦅",https://www.instagram.com/reel/Db_PfJCoV3g/,,13607,303,1,54
vsefalcons,instagram,709fceba-e311-48e7-9057-f54a587abf4a,ab0dc9a6-a50f-43c9-b2f9-94d5edd77f40,IG Story,VIDEO,2.3.2026 17:46:07,📍,https://www.instagram.com/stories/vsefalcons/3844109418082390229,686,970,,,1
vsefalcons,instagram,709fceba-e311-48e7-9057-f54a587abf4a,c7338846-6b0e-4699-9481-a6a7ca06b65b,IG Story,VIDEO,26.1.2026 19:00:00,🎯 KÁPO DÁVÁ GÓL,https://www.instagram.com/stories/vsefalcons/3818779430533757124,,112,,,
@unitedhk,facebook,bfe6cc29-a387-41b9-9bca-b077722556af,02a634b8-f24c-4008-ad33-43a4269ed121,FB Video,VIDEO,10.9.2026 15:41:55,"Zažij znovu hokej! OTVÍRÁK SEZÓNY JE TADY!

28. 9. otevíráme novou sezónu proti BO Ostrava. A začínáme už v 17:00 před ČPP arénou.

🎧 Pop-up party před arénou
🏒 Zápas od 19:00
🎁 Soutěže a program během večera
🎉 Nově i afterparty na Náplavce od 22:00

Teď běží 1. vlna vstupenek - nejvýhodnější cena před zápasem.

🎟️ 90 Kč
📱 72 Kč v UniLife s účtem u ČSOB

Na startu sezóny chceme cítit tvoji podporu. Přijď nás podpořit.

unitedhk.cz/otvirak",https://www.facebook.com/reel/1850821355902002/,68,28,,,
@univerzitnihokej,facebook,01b45180-0b14-4a14-96e8-d0a4bab1fb9f,3858a6df-c56f-496f-8fac-4fbd8d31fd7d,FB Video,VIDEO,24.3.2026 15:30:50,Červená mánie a pár vzpomínek na @bitvaoprahu ❤️,https://www.facebook.com/reel/1290574579630629/,1616,742,6,,
@akademiciplzen,instagram,65494228-95bf-4f7b-8e68-d47d7262db66,3cd898df-ad61-4470-ab2e-92eef7db9452,IG Post,IMAGE,3.3.2026 15:57:00,"JARNÍ BITVA UŽ ZÍTRA! 👊🏻

Doraž včas na Proud, Redbull nebo svařák do fanzóny, nalaď hlasivky a pojď z toho udělat večer, na kterej se bude vzpomínat!

🕰️ 17:30 otevření fanzóny
📍 LOGSPEED CZ Aréna
🎟️ Lístky najdeš v biu nebo na plzenskabitva.cz

Tak co, bude nás ještě víc než loni? 🔥
#akademiciplzen",https://www.instagram.com/p/DVbZXwDDE3v/,,7176,119,,19
@united_hk,instagram,b18c071b-0570-48b2-b743-990c668c3c5b,89e9d459-6bae-4d9e-b6ae-128044a0a87e,IG Story,VIDEO,26.4.2026 10:28:27,,https://www.instagram.com/stories/united_hk/3883751574510027606,,886,,,1
@univerzitnihokej,instagram,1e114592-3529-4cfe-9977-2598454053af,97e1b232-5252-4d6a-a2a0-a6aa5f0729f1,IG Story,VIDEO,8.4.2026 7:00:05,,https://www.instagram.com/stories/univerzitnihokej/3870600909063495026,,4726,,,1
@akademiciplzen,instagram,65494228-95bf-4f7b-8e68-d47d7262db66,aaa5f9ef-b842-4336-bf59-d0fc2562ce03,IG Post,IMAGE,13.4.2026 10:22:47,"Poslední trénink plný úsměvů, výměny rolí a dokonce i menší bitky. 👀🥊

Seriózní příprava na další sezónu proběhne někdy příště😁

#akademiciplzen 💙 | 📸 @vpotocesevodatoci",https://www.instagram.com/p/DXEX7PADJDI/,,9891,206,,11
@bitvaoprahu,facebook,75e0f41f-82be-4f82-a77b-82ac11135ed2,2e9828c1-ca1c-4df5-8bbf-7f77df795ccb,FB Post,IMAGE,11.3.2026 11:00:11,Královská rodino... uvidíme se v průvodu? 👀👑,https://www.facebook.com/1441262177797849/posts/1418948903362510,231,,,,
@united_hk,instagram,b18c071b-0570-48b2-b743-990c668c3c5b,3f405b66-8c5f-4ccc-a4a5-da9a2cc7100a,IG Story,VIDEO,10.8.2026 18:21:43,@savvyx12  předseda = muž pro všechno,https://www.instagram.com/stories/united_hk/3960816235046263668,,972,,,4
@hcnorthwings,facebook,2b08a479-603b-46e4-8a48-2bc0435ccd53,48c3ee6d-2958-4e55-a31e-7e53d7f72eed,FB Story,VIDEO,4.3.2026 10:55:27,,,,,,,
vsefalcons,instagram,709fceba-e311-48e7-9057-f54a587abf4a,550d0dd8-6e1e-4e9e-a677-c3022fa5b11d,IG Story,VIDEO,13.3.2026 16:25:02,,https://www.instagram.com/stories/vsefalcons/3852041085493186763,830,776,,,
@AkademiciPlzen,facebook,d87b94e3-03e8-45d0-b92e-75e9b819545c,5b5c2db9-9976-4c20-a394-4bd98b0b246b,FB Post,IMAGE,25.8.2026 7:24:32,"Sezona 2026/2027 je za dveřmi! 👋🏻

Čekají nás přípravné zápasy a tryouty, které odstartují novou sezonu. Přijďte nás podpořit na domácích zápasech se vstupem zdarma nebo se přijďte ukázat na led během tryoutů. 🤜🏻🤛🏻

Těšíme se na vás! 🤩

#akademiciplzen #ullh",https://www.facebook.com/1357105236437494/posts/1481546607326689,834,,2,,
@united_hk,instagram,b18c071b-0570-48b2-b743-990c668c3c5b,9e886c47-01bb-4090-b1df-67c2196149de,IG Reel,VIDEO,12.4.2026 16:04:36,"We listen and we (don’t) judge: Garnier edition💚

#unitedhk #unihokej #hokej",https://www.instagram.com/reel/DXCZ8b_iIoT/,,3398,73,,5
vsefalcons,instagram,709fceba-e311-48e7-9057-f54a587abf4a,bc369f50-73ff-41d8-a012-950ced630c49,IG Reel,VIDEO,10.4.2026 18:22:13,"Jsme trochu v nešťastný situaci… neznáme soupeře ani čas semifinále @unihokejfinalfour 😏

Řešení? Jednoduchý.
Kup si denní vstupenku a dej si rovnou 2️⃣ zápasy + double dávku show. 🔥 Nebo si počkej do neděle, kdy už bude jasno. 👀
Vstupenky na finalfour.cz a nezapomeň využít náš kód VSEFANS! 🎟️",https://www.instagram.com/reel/DW9gBlSiFIH/,,4819,110,5,25
@cvutengineers,instagram,11963a07-7f0f-48e6-9d81-aa63a7ff4a04,c78a3783-75fb-4193-9f77-86adca5e5166,IG Story,VIDEO,17.4.2026 20:01:35,1 2,https://www.instagram.com/stories/cvutengineers/3877517139284636716,,1266,,,
@univerzitnihokej,instagram,1e114592-3529-4cfe-9977-2598454053af,fc668e55-acd3-412e-bcef-3acaa4a4d089,IG Story,VIDEO,12.4.2026 11:52:39,,https://www.instagram.com/stories/univerzitnihokej/3873647270453331497,,1306,,,
vsefalcons,instagram,709fceba-e311-48e7-9057-f54a587abf4a,1f3f8c59-ffe3-40f5-8fd2-6a6ae2e32e2c,IG Post,IMAGE,15.6.2026 16:28:52,"Po dvou sezónách se loučíme s naším hlavním trenérem, Milanem Boříkem. Bóřa, díky za odvedenou práci, za to, co jsi nás naučil, a za vzpomínky, kterých rozhodně není málo. ❤️‍🩹🥉

Přejeme ti hodně štěstí a úspěchů na tvé další cestě ✊🏼
#JednouFalconNavzdyFalcon",https://www.instagram.com/p/DZnP5msCLqf/,,12507,348,9,44
vsefalcons,instagram,709fceba-e311-48e7-9057-f54a587abf4a,5531d935-0f9d-40c1-81f2-2445475eeba8,IG Story,VIDEO,3.3.2026 19:55:30,naše trenérské trio 🧑‍🧒‍🧒,https://www.instagram.com/stories/vsefalcons/3844899283363481074,629,847,,,1
vsefalcons,instagram,709fceba-e311-48e7-9057-f54a587abf4a,8ea39e1a-6fed-4bf0-85a6-5e2466897e7e,IG Story,VIDEO,9.4.2026 7:56:49,"🥳 dobré ráno, tohle nebyl sen",https://www.instagram.com/stories/vsefalcons/3871354244280364303,786,914,,1,
@bitvaoprahu,facebook,75e0f41f-82be-4f82-a77b-82ac11135ed2,bff9f277-80a8-4632-9c70-768fb518a01f,FB Post,IMAGE,10.3.2026 13:11:38,"UŽ VE ČTVRTEK…⏳

🎓4 největší pražské univerzity | ČZU • VŠE • UK •ČVUT
🎤Metrostav halftime show | Gufrau • Victor Kal. • MAT213
🏒🔥Show na ledě, i v hledišti 

…to je BITVA O PRAHU 🤩
Budeš s námi u největší sportovní události letního semestru?
🎟️bitvaoprahu.cz",https://www.facebook.com/1441262177797849/posts/1418610976729636,539,,5,,
@BOhokej,facebook,c9082543-a03b-490f-8f97-66d439acce89,3146f164-76b6-4bfe-a7af-8256eae34cd9,FB Video,VIDEO,28.3.2026 15:11:14,"PLAY-IN JE TADY!🔥 teď jde o všechno! 
Tak vezmi kamarády a přijď podpořit naše kluky a udělat pořádný BORDEL!📣",https://www.facebook.com/reel/2147286609390154/,412,141,5,,
vsefalcons,instagram,709fceba-e311-48e7-9057-f54a587abf4a,3cededd8-594e-4ab0-abc7-36775f11495f,IG Story,VIDEO,24.3.2026 18:07:43,"protáhnout nohy
 po dlouhé cestě 🦿 🥱",https://www.instagram.com/stories/vsefalcons/3860065322292223815,880,891,,,1
vsefalcons,instagram,709fceba-e311-48e7-9057-f54a587abf4a,bad06917-b679-4b45-8a9b-6b8348a90d50,IG Story,VIDEO,3.2.2026 8:51:54,DOMÁCÍ ZÁPAS = MIC’D UP,https://www.instagram.com/stories/vsefalcons/3824271789027805813,,1041,,,8
@VUTCavaliersBrno,facebook,3351b43e-4b71-442b-b2f1-920cd6e57ee5,0020453e-3b86-47f4-9db9-b2f303af5a41,FB Story,VIDEO,6.9.2026 11:30:45,,https://facebook.com/stories/100667195401737/UzpfSVNDOjE2NjE0ODg5MzkxMDk5MDY=/?view_single=1,,,,,
vsefalcons,instagram,709fceba-e311-48e7-9057-f54a587abf4a,2bf068b8-0ba1-4e4d-bbc7-ee7a48f3da36,IG Reel,VIDEO,14.4.2026 7:17:42,"Party moves, které oživí každou afterku🕺🏽

A dokonce i tu, co bude po @unihokejfinalfour 🤪 Ve čtvrtek i v pátek na vás čeká party přímo vedle zimáku 🥂 Tak vem kámoše a prodlužte si večer 🤘🏼

🎟️ Lístky kupujte na finalfour.cz",https://www.instagram.com/reel/DXGfwvTCIhH/,,10954,286,17,27
vsefalcons,instagram,709fceba-e311-48e7-9057-f54a587abf4a,6a2fe3d9-a5f4-4811-8dd6-5704fb06d7f3,IG Story,VIDEO,3.2.2026 18:37:36,dobrý songy na rozbruslení 🎶,https://www.instagram.com/stories/vsefalcons/3824566365978126191,,954,,,
@hcnorthwings,facebook,2b08a479-603b-46e4-8a48-2bc0435ccd53,6b63527a-c435-4f49-a17c-ecc2a472297d,FB Story,VIDEO,11.3.2026 19:48:06,,,,,,,
vsefalcons,instagram,709fceba-e311-48e7-9057-f54a587abf4a,979d21b5-44d4-420e-883d-bed40a087ea7,IG Story,VIDEO,3.2.2026 18:57:15,,https://www.instagram.com/stories/vsefalcons/3824576226610699840,,968,,,3
@akademiciplzen,instagram,65494228-95bf-4f7b-8e68-d47d7262db66,7dcd04ae-6381-4eda-8e3f-2b462297dfd1,IG Post,IMAGE,16.7.2026 12:23:58,"MVP sezóny 🏆

Tomáš Pánek si z letošního Galavečera odnesl ocenění pro nejužitečnějšího hráče sezóny.

Jako asistent kapitána byl jedním z lídrů našeho týmu na ledě i v kabině. Aktuálně dokončil bakalářské studium, s univerzitním výběrem vybojoval bronz na Viking Cupu v Kanadě, reprezentoval nás na US College Tripu a svými výkony si vysloužil také pozvánku na přípravný kemp před Zimními světovými univerzitními hrami 2027.

Jsme hrdí, že součástí našeho týmu je právě takový srdcař! 💙

#akademiciplzen | 🎥 @yzproduction.cz | 📷 @vpotocesevodatoci",https://www.instagram.com/p/Da2ohAtjJ3l/,,20104,357,7,11
vsefalcons,instagram,709fceba-e311-48e7-9057-f54a587abf4a,854b83d5-f366-4015-bb45-a50ff39ff937,IG Story,VIDEO,13.1.2026 18:28:13,,https://www.instagram.com/stories/vsefalcons/3809341331579869525,,1461,,,6
@univerzitnihokej,instagram,1e114592-3529-4cfe-9977-2598454053af,a993a89d-dac0-4a07-a9ad-d6bcac3b8ead,IG Post,IMAGE,9.3.2026 21:25:00,Tomu říkáme začátek týdne! 🫨 prodloužení rozhodlo a Riders doma porážejí Black Dogs 🐎,https://www.instagram.com/p/DVrb43ciKCm/,,4746,97,,19
vsefalcons,instagram,709fceba-e311-48e7-9057-f54a587abf4a,bf12cc16-e3e3-4ddf-aaa9-99e002ed177d,IG Story,VIDEO,10.3.2026 22:52:43,🎤 @cvutengineers,https://www.instagram.com/stories/vsefalcons/3850061957726521880,755,229,,,6
@akademiciplzen,instagram,65494228-95bf-4f7b-8e68-d47d7262db66,6170c3cc-0f82-4b96-b066-034e4a6b58ac,IG Post,IMAGE,3.4.2026 19:42:58,"Gratulujeme @_marcelmarcel a @filip_prikryl k nominaci na reprezentační kemp v Karlových Varech před mistrovstvím světa @ceskyhokej! 🇨🇿🤩

Dva plzeňští odchovanci z @telhcz se před závěrem naší sezóny objevili i na našich trénincích, a my jim teď budeme držet palce na další velké výzvě. 🔥

Kluci, posíláme vám z Plzně hodně štěstí!",https://www.instagram.com/p/DWroFZljIIL/,,23342,720,,27
@united_hk,instagram,b18c071b-0570-48b2-b743-990c668c3c5b,72970911-7abc-4cf6-bf78-85e3add271c0,IG Reel,VIDEO,20.8.2026 11:58:52,"Návštěva z NHL na tréninku UNIted HK. 👀🏒

Jaroslav Chmelař z New York Rangers si s námi střihl jeden z tréninků v ČPP aréně.

Jak to vypadalo, když se na ledě objevil hráč NHL? 🎥

---

Visit from the NHL at UNITed HK training. 👀🏒

Jaroslav Chmelař from the New York Rangers filmed one of the training sessions at the ČPP Arena with us.

What was it like when an NHL player appeared on the ice? 🎥",https://www.instagram.com/reel/DcQpKTtooD6/,,13602,556,2,39
@univerzitnihokej,instagram,1e114592-3529-4cfe-9977-2598454053af,81133015-3bc1-4a3a-b0af-c933915e2e43,IG Reel,VIDEO,8.4.2026 20:08:10,@ukkingsprague si dají příští týden opáčko v Edenu! 🤭,https://www.instagram.com/reel/DW4izVsCLYQ/,,5927,220,,5
@bitvaoprahu,instagram,d7c8aa06-74fb-4c6c-a7d2-c2fe1bf6d59c,2d8955c5-9b11-4ba2-bc3f-3b8e9843abb1,IG Reel,VIDEO,12.3.2026 17:01:23,"TICK, TICK, BOOM! 🚨🎯

Bitva o bronz živě na @sport_ct ➕. 📺 #bitvaoprahu",https://www.instagram.com/reel/DVyr0ZiDGcu/,,12406,215,,4
@hc_muni,instagram,43cd62c8-609d-4ea6-8ce9-cae5242ede0c,6fd5c6d8-e743-41a0-9396-0b2e31ebc4f4,IG Story,VIDEO,29.8.2026 7:14:48,@_novas_44_,https://www.instagram.com/stories/hc_muni/3974251250404356520,,689,,,3
@vutcavaliersbrno,instagram,b384bebf-72f3-4f9d-8b2d-3677709f6966,87e73d4d-faaa-4f78-bb6b-ce396e401f6a,IG Post,IMAGE,31.7.2026 11:20:47,"A co třeba takhle? 👀 @europeancentralbank 
Evropská centrální banka se rozhodla obměnit design bankovek 💶 Obyvatelé EU můžou rozhodnout mezi deseti návrhy, který se jim líbí nejvíce 🇪🇺 Tak jsme si to zkusili taky a za nás by byl parádní tenhle návrh 👈 Co vy na to?",https://www.instagram.com/p/DbdIqvWI4B2/,,3938,97,1,6
@cvutengineers,instagram,11963a07-7f0f-48e6-9d81-aa63a7ff4a04,1aab2506-2be9-46bf-b3a6-ef86a2185368,IG Story,VIDEO,27.8.2026 6:12:43,,https://www.instagram.com/stories/cvutengineers/3972770442066572837,,1940,,,4
vsefalcons,instagram,709fceba-e311-48e7-9057-f54a587abf4a,a1dbaee0-0998-4946-b778-774149aa91e9,IG Story,VIDEO,22.2.2026 15:59:48,KMENOVÝ FOCENÍ behind the scenes 📸 🧌,https://www.instagram.com/stories/vsefalcons/3838257736232749071,728,940,,,1
@riderspardubice,facebook,f99ed6c3-17cc-46f4-a32e-d9b0576ce2df,1f6e461f-5422-4efa-ae11-4dcc69529011,FB Post,IMAGE,13.4.2026 9:45:57,"Jdeme do @unihokejfinalfour, a to si určitě zaslouží vybavit se našim dresem! 😍

Stačí si přes náš odkaz v BIU založit účet u @csobcz , do soukromé zprávy nám napiš “hotovo” a po kontrole čísla účtu ti předáme dres Riders! 

Tohle je šance vybavit na Final Four do Prahy, ukázat, jak fandí Hockeytown a získat výhody účtu u ČSOB! 🤩

*Soutěž platí pouze do rozdání zásob - konec zásob oznámíme v komentáři pod tímto příspěvkem.",https://www.facebook.com/1592662819534019/posts/1603436685123299,136,,,,
@hcnorthwings,facebook,2b08a479-603b-46e4-8a48-2bc0435ccd53,36a0d79e-21c3-47ab-90cd-b1543efa28ef,FB Story,IMAGE,4.3.2026 10:26:46,,,,,,,
@cvutengineers,instagram,11963a07-7f0f-48e6-9d81-aa63a7ff4a04,ad31f77d-e6ac-47bb-b230-10e974ca4bd1,IG Reel,VIDEO,6.4.2026 16:01:15,"Kdo je v šatně šipkový master a kdo umí hrát na saxofon? 🎷 🤔🎯 Aneb, co jdi jde nejlíp oproti ostatním klukům ⬆️.",https://www.instagram.com/reel/DWy8pzpDO6_/,,22471,719,9,106
@218107044725785,facebook,7a942e3e-6c47-4794-9ba7-bbc7b6d40cb3,854192ad-6719-4523-b7b7-ff2305ebc6ce,FB Post,IMAGE,16.8.2026 16:15:05,"🚨 HLEDÁME NOVÝHO PARŤÁKA! 🚨

Budeš s námi na zápasech, akcích i v zákulisí a pomůžeš nám tvořit obsah, který sledují tisíce lidí (klidně mrkni, kolik jsme toho za sezónu vyprodukovali 👀).

Co budeš dělat:
📸 Natáčet a stříhat reelska
🏒 Být na zápasech a klubových akcích
🤝 Spolupracovat s realizačním týmem a partnery

Co z toho budeš mít:
🎁 Klubový merch
🎟️ VIP vstupy na zápasy
👥 Skvělou partu lidí
💼 Pracovní příležitosti od našich partnerů

Chceš se přidat?
Napiš nám na marketing@vsefalcons.cz a pošli nám krátké video (klidně z mobilu), ve kterém nám řekneš kdo jsi, co tě baví a proč by ses k nám hodil/a. Životopis nepotřebujeme, chceme vidět tebe! 🫵🏼",https://www.facebook.com/122282816036218300/posts/122302310768218300,274,,5,,
vsefalcons,instagram,709fceba-e311-48e7-9057-f54a587abf4a,bde269de-e6bf-47e4-9f97-c5e675c2d8d4,IG Post,ALBUM,12.3.2026 15:58:22,"Proti @czufarmers dnes nastupujeme v této sestavě 👆🏼
Pokud tu nejste s námi, sledujte na ČT sport plus 📺",https://www.instagram.com/p/DVyk5IJiMmc/,,8574,92,,17
@unitedhk,facebook,bfe6cc29-a387-41b9-9bca-b077722556af,15613826-c9dd-4613-8436-8fe80d1efab3,FB Post,IMAGE,23.7.2026 11:58:54,"🎂 Dnes slaví narozeniny Šimon Rind.

Šimone, všechno nejlepší, hodně zdraví a povedený vstup do nové sezony.

Užij si to.",https://www.facebook.com/122180651084388974/posts/122189277944388974,168,,1,,
@bitvaoprahu,facebook,75e0f41f-82be-4f82-a77b-82ac11135ed2,4763e435-78db-4695-abdb-5fad1bf3cfe0,FB Post,IMAGE,12.3.2026 20:55:11,"✨ O tohle tady dnes večer jde! Tento skvost z dílny @cvutpraha je opět pohromadě. 🏆✨

📸 @vratapolivka_photo | #bitvaoprahu",https://www.facebook.com/1441262177797849/posts/1420383139885753,250,,1,,
@riderspardubice,facebook,f99ed6c3-17cc-46f4-a32e-d9b0576ce2df,7329bde4-575b-494c-be83-043d52e22094,FB Post,IMAGE,16.4.2026 16:42:18,Co nesmí chybět v pardubickém kotli? 🎷,https://www.facebook.com/1592662819534019/posts/1606435011490133,614,,8,,
vsefalcons,instagram,709fceba-e311-48e7-9057-f54a587abf4a,d27a2bd8-006a-452b-9ce0-48ccc42469a0,IG Post,IMAGE,9.4.2026 13:23:51,"Ten moment, kdy si uvědomíš, že to nebyl jen sen.
PLAY-IN ✅ a teď míříme do @unihokejfinalfour bojovat o titul 🏆

Vstupenky na finalfour.cz 🎟️ Využij náš promo kód na 15% slevu “VSEFANS” 🤑",https://www.instagram.com/p/DW6Zd1mCPwv/,,8527,179,,11
@hcnorthwings,facebook,2b08a479-603b-46e4-8a48-2bc0435ccd53,e0cc826a-b794-4f2e-bb9d-0b43ce7b9233,FB Post,ALBUM,19.3.2026 10:06:25,"Poslední domácí utkání sezóny proti týmu United Hradec Králové. Díky moc všem fanouškům za fandění a podporu 💙💛
Foto by @mistr.31 a @czechsportphoto 

#univerzitnihokej #myjsmeujep #hcnorthwings #icehockey #lasthomedance",https://www.facebook.com/1583651910433365/posts/1571469508318272,907,,7,,
@AkademiciPlzen,facebook,d87b94e3-03e8-45d0-b92e-75e9b819545c,f9fc2df6-0a53-47ee-b70a-daa44dcd2835,FB Post,PHOTO,30.3.2026 20:58:41,"🚨 Deadline alert! 🚨

🎓 Na ZČU nezačíná jen studium. Začínají tu i zážitky, kamarádi, studentskej život… a taky univerzitní hokej. 🏒

Jestli chceš být od příštího roku součástí toho všeho, mrkni na termíny přihlášek na bakalářské studium a hlavně je nepropásni. ⏳

Ulož si tenhle post a pošli ho dál někomu, kdo ještě pořád říká, že „je čas“. 👀

#akademiciplzen 💙",https://www.facebook.com/1357105236437494/posts/1356047273209957,670,,1,,
vsefalcons,instagram,709fceba-e311-48e7-9057-f54a587abf4a,68a94c5d-7dbe-46f5-93a4-69dd1e15d292,IG Story,VIDEO,16.4.2026 18:12:53,GO FALCONS GO,https://www.instagram.com/stories/vsefalcons/3876737515461806124,1044,837,,,1
@riderspardubice,instagram,4d6a67ab-9313-4f77-a82e-abb18adbca5d,e976458c-76df-4de5-b8ef-14ac0d0a6bfd,IG Story,VIDEO,26.8.2026 19:30:22,@krebsik_61 🤯,https://www.instagram.com/stories/riderspardubice/3972447190908002167,,1054,,,2
@akademiciplzen,instagram,65494228-95bf-4f7b-8e68-d47d7262db66,4918bff6-676c-4464-aeef-6b0e7f7fb694,IG Story,VIDEO,31.3.2026 19:57:15,⏳,https://www.instagram.com/stories/akademiciplzen/3865193879356315900,,723,,,5
@218107044725785,facebook,7a942e3e-6c47-4794-9ba7-bbc7b6d40cb3,74e7b85a-af43-4476-ad33-800598ebf81c,,TEXT,14.4.2026 11:23:05,,https://www.facebook.com/122282816036218300/posts/122283920588218300,133,,6,,
@akademiciplzen,instagram,65494228-95bf-4f7b-8e68-d47d7262db66,78712cfb-10c2-497a-be94-5b5a7ca94fb7,IG Post,IMAGE,8.9.2026 6:26:15,"Letos tě už nečeká bitva o místa. Jen bitva na ledě! 🥊

Předprodej startuje už DNES v 10:00, tak nezaspi ty nejvýhodnější vstupenky! 🤑

🚨 NOVINKA! Letos poprvé prodáváme místenky. Vyber si své místo a zajisti ty nejlepší sedadla sobě i svým kámošům.

⏰ Prvních 24 hodin pořídíš vstupenky za zvýhodněnou cenu 150 Kč (120 Kč s Unilife)!

#akademiciplzen | 🎨 @vpotocesevodatoci",https://www.instagram.com/p/DdBCgUBgtbN/,,30758,471,2,795
@cvutengineers,instagram,11963a07-7f0f-48e6-9d81-aa63a7ff4a04,b33bdc94-e3bc-4913-8a06-2ef7312cadd5,IG Story,VIDEO,20.8.2026 16:08:42,@bernattomas16,https://www.instagram.com/stories/cvutengineers/3967996986850579960,,702,,,1
@riderspardubice,instagram,4d6a67ab-9313-4f77-a82e-abb18adbca5d,5749db2d-3d4d-4d49-ada4-158ee2f8d1d3,IG Reel,VIDEO,12.8.2026 7:56:57,"Na tréninku jsme se kluků zeptali na velmi záludnou otázku😝

Správná odpověď zazněla pouze z úst @jakub_gresl který odpověděl kůže👀

Na jakou otázku se kluků máme zeptat příště?",https://www.instagram.com/reel/Db7rULnxPac/,,9377,205,1,58
@riderspardubice,instagram,4d6a67ab-9313-4f77-a82e-abb18adbca5d,74c2b475-84b4-4eb8-bc48-8715df9c7489,IG Post,IMAGE,16.4.2026 15:25:05,"Po první třetině 0:0 👀

📸 @honza.chlad",https://www.instagram.com/p/DXMo5-eDE3q/,,8702,212,,8
@united_hk,instagram,b18c071b-0570-48b2-b743-990c668c3c5b,887dfdf5-a42d-4228-8ca4-a101ac6c1f7a,IG Post,IMAGE,23.3.2026 13:10:55,"🏒 Dnes do Pardubic
Dnes nás čeká poslední zápas základní části.
Vyrážíme do Pardubic na derby.
Play-In máme jistý.
Teď ladíme formu na to nejdůležitější, co přijde.
A derby?
To chceš vyhrát vždycky. 😏
Drž nám palce. 🖤🧡

#unitedhk #unihokej #hokej",https://www.instagram.com/p/DWOmdprCPii/,,4370,51,,8
vsefalcons,instagram,709fceba-e311-48e7-9057-f54a587abf4a,e4ecde5a-9cf2-4f5b-86c2-04dac1e59a67,IG Story,IMAGE,26.1.2026 16:11:27,,https://www.instagram.com/stories/vsefalcons/3818694599032504131,,961,,,1
@unitedhk,facebook,bfe6cc29-a387-41b9-9bca-b077722556af,fa704683-c77b-414f-a161-86088367ff9c,FB Post,IMAGE,5.9.2026 12:05:36,"ZÍTRA HRAJEME.

V neděli nás čeká další přípravné utkání, proti UK Kings.

🏒 UK Kings × UNIted HK
🕠 17:30 rozbruslení
🕠 17:45 začátek utkání

Další test před startem nové sezóny.",https://www.facebook.com/122180651084388974/posts/122192623520388974,88,,1,,
@boostrava,instagram,1176ddaf-d366-48a2-9639-3c6694c72c85,5e23d49e-6859-47f7-9236-93ba4b8e6f03,IG Post,IMAGE,4.3.2026 14:40:34,"JEDEME DO BRNA⚡️
Koukni co na to říká náš útočník Patrik🎙️",https://www.instagram.com/p/DVd1Y6TDKD8/,,2954,66,2,1
@hcnorthwings,facebook,2b08a479-603b-46e4-8a48-2bc0435ccd53,5fe3866a-18e8-4f63-9bcb-675994bdc1ef,FB Post,IMAGE,5.3.2026 13:00:06,"23. kolo a utkání proti ČZU Farmers před skvělou diváckou kulisou pohledem @mistr.31 
Thanks for erasmus students visit 🫶
#univerzitnihokej #myjsmeujep #hcnorthwings #icehockey",https://www.facebook.com/1583651910433365/posts/1559465129518710,1224,,8,,
@hcnorthwings,facebook,2b08a479-603b-46e4-8a48-2bc0435ccd53,bf1be693-3713-4651-a078-9246b9161265,FB Story,VIDEO,31.8.2026 14:05:08,,https://facebook.com/stories/101955925269645/UzpfSVNDOjQ0Mjk1MjgxMTczMzU4OTg=/?view_single=1,,,,,
@218107044725785,facebook,7a942e3e-6c47-4794-9ba7-bbc7b6d40cb3,f79dfdd1-d3cf-4741-98b5-360fe754cbec,FB Post,IMAGE,1.9.2026 18:37:18,"Škola je tu za 3 týdny. To znamená jediný - začíná nová sezóna. 🏒

Semestr, který začneš na tribuně, bude lepší než ten, co začneš doma na gauči. Tak 22. září udělej první krok správně.

Tohle nebude jen obyčejný zápas… co všechno tě čeká se dozvíš už brzy 👀

📅 22. září
🕐 19:00
📍Ice Aréna Kateřinky

🎟️ Vstupenky najdeš už teď přes odkaz v biu

#WelcomeToFalcons",https://www.facebook.com/122282816036218300/posts/122304765740218300,239,,5,,
vsefalcons,instagram,709fceba-e311-48e7-9057-f54a587abf4a,a806326f-e27a-4a25-b4d5-523457f45096,IG Story,VIDEO,15.1.2026 16:03:12,,https://www.instagram.com/stories/vsefalcons/3810717901297029385,,934,,,2
vsefalcons,instagram,709fceba-e311-48e7-9057-f54a587abf4a,bac28d5d-e648-4aa3-bbb9-eff8cd58fa2d,IG Story,VIDEO,31.3.2026 17:38:55,nervy pracujou  poslední vteřiny do konce,https://www.instagram.com/stories/vsefalcons/3865124300952969138,986,829,,,
@BOhokej,facebook,c9082543-a03b-490f-8f97-66d439acce89,d2950208-eceb-4a5a-90ed-232359ba87ec,FB Post,IMAGE,4.3.2026 5:22:36,"🔥GAME DAY🔥 Jedeme do BRNA
@vutcavaliersbrno x @boostrava 
Kdo si odveze 3 body?",https://www.facebook.com/1477974067675582/posts/1453913526748303,277,,1,,
@cvutengineers,instagram,11963a07-7f0f-48e6-9d81-aa63a7ff4a04,db3b51f4-c13e-4503-9c49-9bc1a6df81e4,IG Post,ALBUM,27.3.2026 19:35:43,"Poslední ohlédnutí za základní částí 🦁.

#engprg 
📸 @cermanpavel_",https://www.instagram.com/p/DWZlsLJjIMU/,,4302,223,,4
vsefalcons,instagram,709fceba-e311-48e7-9057-f54a587abf4a,fecc6e53-08fc-4b3c-ae4d-7ded5cb03a8a,IG Reel,VIDEO,10.6.2026 13:14:19,tak jakej? 😎 #vsefalcons #icehockey,https://www.instagram.com/reel/DZaBkJZI8XK/,,3676,61,,6
@united_hk,tiktok,7e062517-b9da-416d-b73d-a2c5899a2be6,34d97895-f550-425e-a965-f7bf4754d091,TT Video,VIDEO,15.4.2026 12:57:33,"❤️ Duben ve znamení pomoci Naši kluci tentokrát nešli bojovat na led, ale pomáhat jinak – zapojili se do akce Daruj krev ve spolupráci s @transfuzni_fnhk . 🩸🏒 Každá kapka se počítá a může někomu zachránit život. 👉 Pokud půjdeš darovat krev během dubna, můžeš se zapojit do tomboly a vyhrát skvělé ceny od sponzorů. Stačí jen po odběru vyplnit formulář, který najdeš v biu na instagramu @ifmsa_cz_hk .  Přidej se taky a udělej něco, co má skutečný smysl.❤️ #unitedhk #unihokej #hokej",https://www.tiktok.com/@united_hk/video/7628969359331036439?utm_campaign=tt4d_open_api&utm_source=7348986504397455361,,793,41,,1
vsefalcons,instagram,709fceba-e311-48e7-9057-f54a587abf4a,4ff39c98-6af4-48c2-917a-9752c3a6c152,IG Story,VIDEO,9.3.2026 20:40:16,,https://www.instagram.com/stories/vsefalcons/3849270448404047007,675,,,,
@AkademiciPlzen,facebook,d87b94e3-03e8-45d0-b92e-75e9b819545c,7e17e837-7457-420b-9f99-1d5a2dfd6be7,FB Video,VIDEO,1.4.2026 11:56:11,"🐣 SOUTĚŽ O DRESY 🏒

Najdi dnes na stadionu schované vajíčko, dones ho moderátorovi a nový dres je tvůj! 👀

V tomhle fitu budeš na všech zápasech za hvězdu. ⭐️
A pozor… tohle není jediná dnešní nadílka 🤫
Doraz na zápas a zjistíš víc.

#akademiciplzen 💙",https://www.facebook.com/reel/907166625465759/,884,237,4,,
@akademiciplzen,instagram,65494228-95bf-4f7b-8e68-d47d7262db66,0a9a204b-d088-4da9-8b93-53d2fc315eec,IG Post,IMAGE,25.8.2026 7:24:21,"Sezona 2026/2027 je za dveřmi! 👋🏻

Čekají nás přípravné zápasy a tryouty, které odstartují novou sezonu. Přijďte nás podpořit na domácích zápasech se vstupem zdarma nebo se přijďte ukázat na led během tryoutů. 🤜🏻🤛🏻

Těšíme se na vás! 🤩

#akademiciplzen #ullh",https://www.instagram.com/p/DcdFobJs6cG/,,10450,146,,15
@hcnorthwings,facebook,2b08a479-603b-46e4-8a48-2bc0435ccd53,0d400c88-1505-42d3-8071-629f40403f67,FB Story,VIDEO,4.3.2026 15:59:22,,,,,,,
@riderspardubice,instagram,4d6a67ab-9313-4f77-a82e-abb18adbca5d,3e338adf-e2fe-413a-b5fc-636a0991d58c,IG Post,IMAGE,14.4.2026 14:16:15,"Pardubáci jedeme do Prahyyyy! 🥁

Sejdeme se před druhou hodinou na Pardubice hl. n. a ve 14:00 vyrazíme směr zimní stadion Eden! 

Na sebe merch nebo červený outfit a do ruky na cestu dostanete @pivoproud 🍻

Těšíte se?!",https://www.instagram.com/p/DXHXcBADLt-/,,10337,142,,14
@akademiciplzen,instagram,65494228-95bf-4f7b-8e68-d47d7262db66,5d313440-399f-454f-a170-52d5ad066abf,IG Reel,VIDEO,27.4.2026 20:04:05,"Zavzpomínali jsme na Jarní bitvu… a přenesli se až do devadesátek! 🎞️
Chybí vám taky ta atmosféra? Nesmutněte, už příští týden oznámíme datum Bitvy o Plzeň! 🔥

#akademiciplzen 💙",https://www.instagram.com/reel/DXpc-c0DPLO/,,12857,342,,31
@united_hk,instagram,b18c071b-0570-48b2-b743-990c668c3c5b,6d53b398-ea01-4603-8543-204f916b4ffd,IG Story,IMAGE,10.8.2026 19:15:22,@simon.flieger 🥅🥅🥅🥅,https://www.instagram.com/stories/united_hk/3960843681153951991,,875,,,1
@univerzitnihokej,facebook,01b45180-0b14-4a14-96e8-d0a4bab1fb9f,4f17020b-0776-444f-9233-317fede2f166,FB Video,VIDEO,26.3.2026 23:31:13,,https://www.facebook.com/reel/1901942360467314/,,,,,
@bitvaoprahu,instagram,d7c8aa06-74fb-4c6c-a7d2-c2fe1bf6d59c,940c7bba-e1fd-4ad0-8646-b471085b1472,IG Reel,VIDEO,10.3.2026 17:20:15,Hokeeeej je dobreeeeej 👉🏼 lístky na bitvaoprahu.cz 🎟️,https://www.instagram.com/reel/DVtkiEKFdIV/,,27337,749,1,188
@218107044725785,facebook,7a942e3e-6c47-4794-9ba7-bbc7b6d40cb3,fd63bdcd-77fe-4187-a3e7-ae5f1696acf0,FB Video,VIDEO,10.3.2026 19:35:31,NESKUTEČNÝ zákrok @hroud1c6 🥵 Navyšujeme skóre na 2:0 💨,https://www.facebook.com/reel/805936839204177/,216,78,6,,
@riderspardubice,facebook,f99ed6c3-17cc-46f4-a32e-d9b0576ce2df,4a751a2a-7147-4775-995b-332ab3fdc504,FB Post,IMAGE,2.3.2026 16:15:59,"Na kterého našeho SURVIVORA se dneska těšíte? 🔥🌴

🎟️ Vstupenky na zápas najdete v BIU!",https://www.facebook.com/1592662819534019/posts/1565971095536525,357,,3,,
@united_hk,instagram,b18c071b-0570-48b2-b743-990c668c3c5b,7c84769a-d7ba-4796-9fc5-34fcc3024744,IG Post,IMAGE,9.4.2026 12:41:40,"Každá sezona přináší i loučení v @univerzitnihokej.

Od další sezony s námi nebudou pokračovat Jakub Kochan, Marek Ladman, Vladimír Mičian, Jiří Šrámek a Tomáš Teuber.

Děkujeme za čas, energii, zápasy, kabinu i všechno, co jste do UNIted HK vložili.
Každý z vás zanechal v našem týmu svoji stopu a byl součástí cesty, kterou jsme za první roky klubu společně prošli.

Díky, chlapi.
🖤🧡

#unitedhk #unihokej #hokej",https://www.instagram.com/p/DW6Uo98iJkZ/,,10803,310,,74
@hcnorthwings,facebook,2b08a479-603b-46e4-8a48-2bc0435ccd53,1025e98e-f42f-44fa-8741-647bff5c06ac,FB Story,VIDEO,4.3.2026 14:44:35,,,,,,,
@akademiciplzen,instagram,65494228-95bf-4f7b-8e68-d47d7262db66,33ad0309-d978-439f-89e2-d789d7bac34b,IG Story,VIDEO,20.8.2026 17:40:28,JDEME NA TO! 💪🏻,https://www.instagram.com/stories/akademiciplzen/3968043194600160468,,1273,,,2
@univerzitnihokej,instagram,1e114592-3529-4cfe-9977-2598454053af,59f82e94-34c1-4213-b29b-de9d84f281dc,IG Story,VIDEO,8.4.2026 7:02:02,,https://www.instagram.com/stories/univerzitnihokej/3870601891696629060,,4430,,,4
@univerzitnihokej,facebook,01b45180-0b14-4a14-96e8-d0a4bab1fb9f,8bec4248-34d1-43b8-b054-95f76a3e3b41,FB Video,VIDEO,12.3.2026 17:02:57,#unihokej partneři baví fans v zóně! 🙌🏻🥰,https://www.facebook.com/reel/940298125166570/,1007,163,3,,
vsefalcons,instagram,709fceba-e311-48e7-9057-f54a587abf4a,d6d2bf56-007a-4ce1-9323-9a702a85f9fd,IG Story,VIDEO,30.1.2026 18:00:44,,https://www.instagram.com/stories/vsefalcons/3821648683133841288,,705,,,
@bitvaoprahu,facebook,75e0f41f-82be-4f82-a77b-82ac11135ed2,9b5cffe6-ee9b-406b-8836-af75f309e38e,FB Post,IMAGE,11.3.2026 7:30:00,"Takhle jsou na tom lístky v sektorech univerzit 👀 Ano vidíš správně, už jich tam moc nezbývá! 

Chyť si ten svůj ještě dnes na bitvaoprahu.cz 🎟️",https://www.facebook.com/1441262177797849/posts/1418959450028122,234,,,,
@hcnorthwings,facebook,2b08a479-603b-46e4-8a48-2bc0435ccd53,05ee54ec-d011-415b-8f1c-30d4a8766e17,FB Story,VIDEO,25.3.2026 19:08:01,,,,,,,
@univerzitnihokej,instagram,1e114592-3529-4cfe-9977-2598454053af,61e1b9c1-5f04-4d21-9bd1-1c929ce7f720,IG Story,VIDEO,1.4.2026 17:02:54,Spustili jsme prodej vstupenek na jednotlivé zápasy Final Four 🎟️,https://www.instagram.com/stories/univerzitnihokej/3865830886499442397,,905,,,6
@hcmuni,facebook,d1f9e9f9-7526-42d4-85aa-13f91e89f7cf,af0b2fa6-6b7c-4cbb-8262-6ab71acd5d90,FB Post,IMAGE,4.3.2026 9:45:36,"GAMEDAY JE TADY!🔥 Už dneska vyzveme sousedy v tabulce @riderspardubice v bitvě o důležité 3 body⚔️
U toho nesmíš chybět!🐻💙

Lístky seženeš na https://hcmuni.enigoo.cz/app/tickets/events/133 🎟️",https://www.facebook.com/1581741777288398/posts/1556580919804484,288,,2,,
@akademiciplzen,instagram,65494228-95bf-4f7b-8e68-d47d7262db66,cb01ee2e-2ac8-464f-8be2-381e92931790,IG Reel,VIDEO,7.3.2026 12:56:42,"Jarní bitva doručila! 🚀 Nevíme jak vy, ale my tu energii vstřebáváme doteď. Absolutní strop, díky moc všem! 💙

edit: @jirikhozman",https://www.instagram.com/reel/DVlXpOJjB6i/,,11019,284,6,31
@united_hk,instagram,b18c071b-0570-48b2-b743-990c668c3c5b,8332911a-3861-4892-bda8-c04e2af05797,IG Story,IMAGE,9.4.2026 13:04:28,,https://www.instagram.com/stories/united_hk/3871509126715045144,,622,,,
@akademiciplzen,instagram,65494228-95bf-4f7b-8e68-d47d7262db66,b00cdb18-6419-443d-b452-9023740cfa2b,IG Post,IMAGE,3.3.2026 12:22:24,"SPĚCHEJ, abys stihnul 3. vlnu lístků! ⏳
Dnes za 250,- , zítra už za 300,- 🥶

Odkaz na vstupenky najdeš v biu nebo na plzenskabitva.cz",https://www.instagram.com/p/DVbAu4eDOBt/,,4262,36,,3
@cvutengineers,instagram,11963a07-7f0f-48e6-9d81-aa63a7ff4a04,004bb497-66ed-40bc-977d-41c94a80158b,IG Post,IMAGE,2.3.2026 10:35:16,"🚨 GAMEDAY | Dnes vyrážíme bojovat do Pardubic!
Přivezeme si zpět do Prahy cenné 3 body? Fandit můžete od 19:00 na TV Tipsport ⚔️. 

#engprg #srdcelva",https://www.instagram.com/p/DVYPpqrDJcM/,,3633,61,,3
@riderspardubice,instagram,4d6a67ab-9313-4f77-a82e-abb18adbca5d,041253e3-ad80-4a50-a0d6-b80adfdbc838,IG Story,VIDEO,8.4.2026 20:00:22,JEN TO PROMĚNIT 🍀 PRODLOUŽENÍ VŘE,https://www.instagram.com/stories/riderspardubice/3870993658330295728,,442,,,
@univerzitnihokej,instagram,1e114592-3529-4cfe-9977-2598454053af,691b57b9-1c7e-4c60-b9c6-3e84554bc14c,IG Post,IMAGE,7.4.2026 8:15:06,"Zítřejší menu 🤤 Poslední krok do @unihokejfinalfour 🚀
3️⃣ týmy projdou. Kdo bude zítra výhercem?👇🏻",https://www.instagram.com/p/DW0siyEiPyP/,,9282,235,1,28
vsefalcons,instagram,709fceba-e311-48e7-9057-f54a587abf4a,671b1719-89f9-4675-a0c3-7e58cabcdfa0,IG Reel,VIDEO,9.3.2026 21:36:36,"Zítra. 19:30. Kateřinky.

Lístky na profilu. Dobrou noc.",https://www.instagram.com/reel/DVrc8WeCDp3/,,4901,86,,7
@hcmuni,facebook,d1f9e9f9-7526-42d4-85aa-13f91e89f7cf,a6da4c83-e91a-4567-a003-f98eecff9636,FB Story,VIDEO,10.8.2026 21:41:38,,https://facebook.com/stories/107477761381481/UzpfSVNDOjIyNTkwNjkxNzQ4MjY2MzA=/?view_single=1,,,,,
@united_hk,instagram,b18c071b-0570-48b2-b743-990c668c3c5b,cbe359a3-3e16-485e-8afd-7ead2c525c5c,IG Story,VIDEO,22.4.2026 18:31:21,,https://www.instagram.com/stories/united_hk/3881095588771042747,,308,,,
@vutcavaliersbrno,instagram,b384bebf-72f3-4f9d-8b2d-3677709f6966,98d1ec08-265c-4db1-9e64-7b83bd8866c0,IG Story,IMAGE,1.4.2026 19:13:23,,https://www.instagram.com/stories/vutcavaliersbrno/3865896565852358961,,547,,,1
@hc_muni,instagram,43cd62c8-609d-4ea6-8ce9-cae5242ede0c,9d468d8d-7c49-4383-a9e8-1c139103fa75,IG Story,VIDEO,29.4.2026 15:49:21,🏃🏼 🏃🏼‍♀️ 🏃🏼‍♂️ 💪🏻 🔥,https://www.instagram.com/stories/hc_muni/3886087493305279838,,503,,,1
vsefalcons,instagram,709fceba-e311-48e7-9057-f54a587abf4a,f5f3680b-1f8e-4713-a518-78b7391ae532,IG Story,VIDEO,12.2.2026 15:42:24,🩵🦅 UŽITO. @___pajer24  @alenjurak11  @one__timer  @vosmajz_97  @stracajunior  @patrik_nabelek  @vopi26  děkujeme za pozvání!,https://www.instagram.com/stories/vsefalcons/3831001141329033851,,4213,,,12
@riderspardubice,instagram,4d6a67ab-9313-4f77-a82e-abb18adbca5d,324420b3-f124-43d9-92ca-fffbef95994d,IG Story,VIDEO,15.4.2026 23:09:11,,https://www.instagram.com/stories/riderspardubice/3876162120782202265,,63,,,
@hcmuni,facebook,d1f9e9f9-7526-42d4-85aa-13f91e89f7cf,38df0f41-d51f-4d12-b500-98c14ba1d8cd,FB Post,IMAGE,16.3.2026 8:42:48,"Ve středu v 19:30 jdeme znovu do boje! 🔥
Přijď nás podpořit na Lužánky a pomoct vytvořit skvělou atmosféru! 🐻💙

Lístky koupíš u nás v biu 🎟️

#hcmuni",https://www.facebook.com/1581741777288398/posts/1566837438778832,289,,6,,
@akademiciplzen,instagram,65494228-95bf-4f7b-8e68-d47d7262db66,9d50faf7-c0e2-482d-b900-a34458ca6dbc,IG Reel,VIDEO,24.3.2026 18:37:41,"I náš nejhladovější hráč @_rihastepan_ má před tréninkem spousty energie na rozdávání! ⚡️

#zott #zotthungry #hungrydrinkthis",https://www.instagram.com/reel/DWRwjeWDLSX/,,9514,153,3,16
@univerzitnihokej,instagram,1e114592-3529-4cfe-9977-2598454053af,c1e17335-048b-4e18-a2a1-cd87b4b9932a,IG Post,IMAGE,24.3.2026 21:56:42,Ostrava uzavírá základní část výhrou za tři body 💥,https://www.instagram.com/p/DWSGH0kCKyv/,,2026,65,,
vsefalcons,instagram,709fceba-e311-48e7-9057-f54a587abf4a,f820250c-d283-47e8-be13-23530b045bf8,IG Story,VIDEO,26.5.2026 12:23:56,,https://www.instagram.com/stories/vsefalcons/3905552888533375957,,731,,,
vsefalcons,instagram,709fceba-e311-48e7-9057-f54a587abf4a,8b3c378d-3ee0-49c9-8b4a-c2c3afd8ddb8,IG Reel,VIDEO,28.3.2026 18:29:21,"Nikdo moc neví, jak ten play-in přesně funguje… 🫣
Ale jedno je jasný 👉🏻 V úterý 31.3. hrajeme poslední domácí zápas a potřebujeme zase plné hnízdo! 🫵🏻🪺",https://www.instagram.com/reel/DWcCl5DCB5w/,,4188,105,1,8
@riderspardubice,instagram,4d6a67ab-9313-4f77-a82e-abb18adbca5d,fb5731ab-3698-43e8-a236-a5bad296a20a,IG Reel,REEL,27.3.2026 13:04:51,"💸 100 000 Kč může být tvých!

Stačí si založit účet u @csob přes náš odkaz v biu a jsi ve hře 👇

👉 automaticky jdeš do slosování o 100 000 Kč
👉 můžeš získat až 1 500 Kč bonus
👉 a spoustu dalších výhod 

A jo… losujeme už brzy ⏳

Takže jestli to chceš stihnout, je ideální čas 👀

🔗 odkaz v biu",https://www.instagram.com/reel/DWY42jnjEdp/,,5078,123,,20
@riderspardubice,instagram,4d6a67ab-9313-4f77-a82e-abb18adbca5d,29b0caec-e983-4819-b811-53709549c7be,IG Story,VIDEO,31.3.2026 19:24:34,STÁLE 2:2,https://www.instagram.com/stories/riderspardubice/3865177439152640873,,691,,,
@AkademiciPlzen,facebook,d87b94e3-03e8-45d0-b92e-75e9b819545c,8f4f479f-bb68-40cc-b89c-13ce25d6ba89,FB Post,IMAGE,4.3.2026 19:47:15,"DNES JE VÁS TU 2106! 🚀💙 Moc děkujeme všem, kdo dnes dorazil, udělali jsme nový rekord návštěvnosti Jarní bitvy! 🔥

🎨 @jirikhozman 
📸 @vpotocesevodatoci / @novacek_photography 

#akademiciplzen #jarnibitva",https://www.facebook.com/1357105236437494/posts/1334775048670513,1568,,22,,
vsefalcons,instagram,709fceba-e311-48e7-9057-f54a587abf4a,d49aec71-279d-4107-ad7c-534c78fb14ae,IG Story,VIDEO,3.2.2026 21:06:12,ta cinkla 🔔,https://www.instagram.com/stories/vsefalcons/3824641144017924850,,896,,,
vsefalcons,instagram,709fceba-e311-48e7-9057-f54a587abf4a,788be1b3-3439-4180-8c6b-4976a776526a,IG Story,VIDEO,26.2.2026 20:12:30,@veolia_cz  KOLO JE ZA NÁMI 🥳,https://www.instagram.com/stories/vsefalcons/3841283960492005483,1151,1740,,,13
vsefalcons,instagram,709fceba-e311-48e7-9057-f54a587abf4a,4ea9ee12-fefc-43eb-a0f4-cda25d769801,IG Story,VIDEO,5.2.2026 17:57:27,,https://www.instagram.com/stories/vsefalcons/3825995979413811158,,884,,,
@hcmuni,facebook,d1f9e9f9-7526-42d4-85aa-13f91e89f7cf,653e24fe-8b5d-44db-ac1c-1eeef47b9690,FB Post,IMAGE,20.3.2026 13:33:55,"Jak už bývá zvykem, na derby s @vutcavaliersbrno je vždycky pořádně veselo💙❤️
Tak si ho nenech ujít i tentokrát a přijď ve středu!⚔️

Lístky seženeš tady https://hcmuni.enigoo.cz/app/tickets/events 🎫",https://www.facebook.com/1581741777288398/posts/1570836191712290,554,,5,,
@engineersprague,facebook,afd06d1d-7b1c-4f66-8d93-ce4255ab773c,68ac892f-12ee-49e6-b54c-276a711384c4,FB Post,IMAGE,2.3.2026 20:11:59,"Také z druhého letošního výletu do města perníků si odvážíme tři body do tabulky ✅

Uz pozítří se budeme snažit přidat další, tentokrát proti UNITED HK 👀",https://www.facebook.com/1560924572517692/posts/1535435601733256,654,,5,,
vsefalcons,instagram,709fceba-e311-48e7-9057-f54a587abf4a,6f39c624-6867-4ac4-b183-04dd800ec25a,IG Post,CAROUSEL_ALBUM,27.2.2026 17:03:09,"Na podzim to bylo jen zahřívací kolo 🔥 Finálový večer @bitvaoprahu se blíží a my vás potřebujeme zpátky na tribuně 12. 3. 📣

A jestli se vám nechce čekat…
Už v úterý hrajeme na Kateřinkách! 🦅",https://www.instagram.com/p/DVRN-MUiE9D/,,12654,246,,19
@218107044725785,facebook,7a942e3e-6c47-4794-9ba7-bbc7b6d40cb3,a1b64919-dac1-4fdc-a837-09f0a1b5c1e0,FB Post,IMAGE,13.4.2026 14:09:25,"Justin i během vystoupení fandí Falcons. Justin je cool. Buď cool jako Justin a fandi ve čtvrtek Falcons 🦅

👉🏼 Vstupenky na @unihokejfinalfour seženeš na profilu a s kódem “VSEFANS” máš slevu 15 % 🤑",https://www.facebook.com/122282816036218300/posts/122283786632218300,323,,2,,
@riderspardubice,facebook,f99ed6c3-17cc-46f4-a32e-d9b0576ce2df,ae29fabe-408b-440c-9be4-67916c37a5f3,FB Video,VIDEO,17.4.2026 9:16:06,"Jak to bude vypadat v Edenu dnes? 🔥

Dnes hrajeme o bronz proti @vsefalcons v 16:30 na zimním stadionu Eden!",https://www.facebook.com/reel/961880913320830/,383,114,2,,
@akademiciplzen,instagram,65494228-95bf-4f7b-8e68-d47d7262db66,919ba84d-0b52-4708-a61c-cb0ed570d61a,IG Post,IMAGE,26.3.2026 20:02:32,"Začíná Play-in. Kdo vyhraje, jde do Final Four. Kdo padne, končí! 

UŽ VE STŘEDU 1. 4. JDEME NA TO!

#akademiciplzen",https://www.instagram.com/p/DWXD6X7DDng/,,4962,128,,11
@hcmuni,facebook,d1f9e9f9-7526-42d4-85aa-13f91e89f7cf,dc58e141-6b8b-4442-9c44-bc4223be917a,FB Post,IMAGE,19.3.2026 15:53:47,"Kluci do toho včera dali úplně všechno🏒🐻 Jste ready na poslední zápas sezony a pořádné derby?🔥 

#hcmuni",https://www.facebook.com/1581741777288398/posts/1569909978471578,508,,6,,
@boostrava,instagram,1176ddaf-d366-48a2-9639-3c6694c72c85,fdb1d2e4-dff0-44b4-96ae-be231ebfd912,IG Story,VIDEO,25.8.2026 22:23:57,,https://www.instagram.com/stories/boostrava/3971809742271830279,,74,,,
@riderspardubice,facebook,f99ed6c3-17cc-46f4-a32e-d9b0576ce2df,1c0b072d-8472-4d39-8cf4-59a7d90f7ecd,FB Video,VIDEO,2.9.2026 22:35:30,"U mikrofonu tentokrát nováček @matyodehnal 🔥

…na konci překvapení v podání @m.sejba 🤌🏻",https://www.facebook.com/reel/1410638707696047/,546,172,6,,
@hcnorthwings,facebook,2b08a479-603b-46e4-8a48-2bc0435ccd53,65c976b5-5c2d-4bc3-8920-05ef6d46081c,FB Story,VIDEO,18.8.2026 17:36:30,,,,,,,
@univerzitnihokej,instagram,1e114592-3529-4cfe-9977-2598454053af,7f20310b-253f-4f01-a162-03d82e582d4d,IG Reel,VIDEO,24.3.2026 15:30:29,Červená mánie a pár vzpomínek na @bitvaoprahu ❤️,https://www.instagram.com/reel/DWRazCOCLCf/,,13320,419,,46
@united_hk,instagram,b18c071b-0570-48b2-b743-990c668c3c5b,70c1f4dd-c506-4f69-8bc5-c2100ef13f8d,IG Story,VIDEO,26.8.2026 17:56:24,🔪🔪🔪 @tomasrezac_  nás posílá do prodloužení,https://www.instagram.com/stories/united_hk/3972399868915768180,,558,,,
@unitedhk,facebook,bfe6cc29-a387-41b9-9bca-b077722556af,e416a2a7-a31c-430a-b998-c513bc5607e1,FB Story,IMAGE,6.9.2026 16:00:02,,https://facebook.com/stories/122099775710388974/UzpfSVNDOjg5MzgzODE0MzU4NTU5Ng==/?view_single=1,,,,,
@unitedhk,facebook,bfe6cc29-a387-41b9-9bca-b077722556af,c6624518-27d7-42d3-96fc-0d29d8653356,FB Post,IMAGE,5.8.2026 15:45:10,"Čekání je u konce. 🏒

První trénink na ledě je za námi.

Další fotky najdeš na unitedhk.cz/fotky",https://www.facebook.com/122180651084388974/posts/122190239798388974,1108,,11,,
vsefalcons,instagram,709fceba-e311-48e7-9057-f54a587abf4a,c1f158de-25cc-40c2-941d-9a859c65af7b,IG Story,VIDEO,11.3.2026 13:59:21,💂‍♀️ A JEŠTĚ JEDNU NOVINKU PRO VÁS MÁME 😏,https://www.instagram.com/stories/vsefalcons/3850518218091793530,953,1087,,,
@AkademiciPlzen,facebook,d87b94e3-03e8-45d0-b92e-75e9b819545c,5bf95658-6569-4924-bad6-c11ad48f4212,FB Post,IMAGE,24.3.2026 20:04:27,"Zítra hrajeme poslední zápas základní části proti @czufarmers !👊🏻

Zetor jsme jim zakázali… 🚜❌
tak jsme sami zvědaví, s čím se zítra objeví. 👀

Doraz nás podpořit a udělejme z toho pořádnej závěr! 🔥

🗓️ 25. 3. | 19:00
📍 LOGSPEED CZ Aréna

#akademiciplzen 💙",https://www.facebook.com/1357105236437494/posts/1350953440386007,505,,2,,
@riderspardubice,instagram,4d6a67ab-9313-4f77-a82e-abb18adbca5d,897ec5db-1999-4e7a-802c-2a95dc4bfacd,IG Story,VIDEO,13.4.2026 9:42:36,,https://www.instagram.com/stories/riderspardubice/3874306579625728533,,657,,,1
@VUTCavaliersBrno,facebook,3351b43e-4b71-442b-b2f1-920cd6e57ee5,20c2245b-54fd-484c-b163-e0c57ce45728,FB Story,VIDEO,30.8.2026 12:35:36,,https://facebook.com/stories/100667195401737/UzpfSVNDOjIyODMwMzE2MDkxNjczNTc=/?view_single=1,,,,,
vsefalcons,instagram,709fceba-e311-48e7-9057-f54a587abf4a,8da31611-0c53-4e64-b50e-39f2b479bc3f,IG Story,VIDEO,3.6.2026 6:55:35,🥵 DOBRÉ RÁNO,https://www.instagram.com/stories/vsefalcons/3911185889430633327,741,607,,,
vsefalcons,instagram,709fceba-e311-48e7-9057-f54a587abf4a,8696d668-b1a3-4b8c-ab29-bbdb15b08a9d,IG Story,IMAGE,22.1.2026 8:19:48,✍🏼 @alan.david6,https://www.instagram.com/stories/vsefalcons/3815558104390100827,,1301,,,2
@univerzitnihokej,facebook,01b45180-0b14-4a14-96e8-d0a4bab1fb9f,b953d3b1-548d-4b3d-84f7-0a888f0f4563,FB Post,IMAGE,7.4.2026 8:15:37,"Zítřejší menu 🤤 Poslední krok do @unihokejfinalfour 🚀
3️⃣ týmy projdou. Kdo bude zítra výhercem?👇🏻",https://www.facebook.com/1275398168115026/posts/1280290217625821,486,,3,,
@bitva_o_budejce,instagram,f977c0af-061e-4c10-813f-da5818f8a748,365b6a86-0797-465d-8e30-4c24bf260a67,IG Story,VIDEO,10.9.2026 6:54:29,"🚨 DEN D JE TADY! 🚨

Dnes je 10. ZÁŘÍ 🔟
a to znamená jediné…

🏆 VELKÉ FINÁLE OSMISMĚRKY!

JSTE READY? 👀🔥",https://www.instagram.com/stories/bitva_o_budejce/3982938333197690845,,372,,,
@bitvaoprahu,facebook,75e0f41f-82be-4f82-a77b-82ac11135ed2,b54ccc77-1ac9-4811-a868-6f61898b177b,FB Post,IMAGE,10.3.2026 16:29:48,"Hlad a hokej prostě nejdou dohromady 🙂‍↔️ Proto pro vás máme pro vás řešení jménem PARTYBOX 🥳

Kromě pořádný party dostanete v 1. třetině finálového utkání 🥇 nadupanej kyblík od @kfc_cz 🍗

V prodeji na bitvaoprahu.cz 🎟️",https://www.facebook.com/1441262177797849/posts/1418729350051132,231,,,,
@bitvaoprahu,facebook,75e0f41f-82be-4f82-a77b-82ac11135ed2,614e8a39-9765-4eb3-bb7f-26a2d9136d5b,FB Video,VIDEO,27.3.2026 17:29:16,"Ty nejlepší momenty se neodehrávají vždycky jenom na ledě. 🤭

Děkujeme @mamashelterprague za to, že s námi už 3 roky baví naše fans. 💋",https://www.facebook.com/reel/1241657174360515/,1795,872,9,,
@bitvaoprahu,facebook,75e0f41f-82be-4f82-a77b-82ac11135ed2,cfc1de2b-2176-4aa4-9e7a-6df163270c8c,FB Post,IMAGE,12.3.2026 22:51:55,"👑 OBHAJOBA KINGS! 🏆🥇

Gratulujeme staronovým vládcům, @ukkingsprague . 🎩",https://www.facebook.com/1441262177797849/posts/1420437706546963,211,,,,
@riderspardubice,instagram,4d6a67ab-9313-4f77-a82e-abb18adbca5d,f205b114-07da-4beb-82a8-2e560a26bfee,IG Story,VIDEO,31.3.2026 14:24:12,,https://www.instagram.com/stories/riderspardubice/3865026242227777812,,1839,,,24
vsefalcons,instagram,709fceba-e311-48e7-9057-f54a587abf4a,2ba5f6be-d20c-44b6-9f74-e3b3fe5c2664,IG Story,IMAGE,8.2.2026 19:32:17,1 3,https://www.instagram.com/stories/vsefalcons/3828217736786904636,,812,,,2
@united_hk,instagram,b18c071b-0570-48b2-b743-990c668c3c5b,979a200b-f549-425b-9409-45769b43cf7a,IG Story,IMAGE,19.4.2026 11:16:05,,https://www.instagram.com/stories/united_hk/3878702303280628247,,610,,,1
vsefalcons,instagram,709fceba-e311-48e7-9057-f54a587abf4a,a9854920-eff6-44b5-96d5-56306bd57469,IG Story,VIDEO,12.3.2026 15:24:57,@sokoli.hnizd0 🪹 FANS NA MÍSTĚ,https://www.instagram.com/stories/vsefalcons/3851286118943726612,1636,1468,,,1
vsefalcons,instagram,709fceba-e311-48e7-9057-f54a587abf4a,48a82c9f-eff3-4036-a3b7-36f9a349853a,IG Reel,VIDEO,3.3.2026 10:12:21,"BACK2️⃣BACK! 🔥
Včerejší zápas hážeme za hlavu. Dneska jedeme znovu. Doma, před váma. 🦅",https://www.instagram.com/reel/DVayFx6iAxU/,,3580,71,,4
@riderspardubice,instagram,4d6a67ab-9313-4f77-a82e-abb18adbca5d,9a10b22b-6327-49ed-8323-7cb7050a0e2e,IG Story,VIDEO,15.4.2026 9:00:01,"MRKNĚTE NA @upce_cz 
HRAJEME O VSTUPENKY!",https://www.instagram.com/stories/riderspardubice/3875734719409437212,,734,,,
@riderspardubice,instagram,4d6a67ab-9313-4f77-a82e-abb18adbca5d,c603c55d-3679-480c-9e4b-a1346543b05e,IG Post,IMAGE,13.8.2026 14:45:28,"Střípky z posledního tréninku, na který nás přišli navštívit dva bývalí hráči 👀",https://www.instagram.com/p/Db--92vkQ2y/,,3766,121,2,19
@riderspardubice,instagram,4d6a67ab-9313-4f77-a82e-abb18adbca5d,8e23135a-1dda-4b27-a3d3-cf4ed3489c5a,IG Reel,REEL,30.3.2026 15:47:06,"Kluci zašli na fanouškovské menu do @kfc_cz , snacky zmizely rychle, ale kyblík v jejich životech zůstane už napořád ♥️

Co teď kyblík asi na kolejích dělá? 👀 
Tipujte do komentářů 👇",https://www.instagram.com/reel/DWg52XbDEHp/,,6350,90,11,14
@united_hk,instagram,b18c071b-0570-48b2-b743-990c668c3c5b,8ee4dae3-4f52-4fa2-aee3-eba40fea5d4c,IG Story,VIDEO,27.8.2026 15:56:07,@kopecky_pepik  taky pan Bakalář GRATULUJEME 🎓 🎊 🎊,https://www.instagram.com/stories/united_hk/3973064139572046399,,512,,,
@united_hk,instagram,b18c071b-0570-48b2-b743-990c668c3c5b,8c9da658-22a4-4f26-a96e-20d9d08c25d9,IG Story,VIDEO,16.4.2026 12:04:02,,https://www.instagram.com/stories/united_hk/3876551936895899881,,543,,,
@univerzitnihokej,instagram,1e114592-3529-4cfe-9977-2598454053af,a7c73549-467f-4752-954a-310236b19387,IG Story,VIDEO,17.4.2026 14:52:53,,https://www.instagram.com/stories/univerzitnihokej/3877361862778081279,,1746,,,
@riderspardubice,instagram,4d6a67ab-9313-4f77-a82e-abb18adbca5d,225f5a21-96dc-495d-8071-45a98346d062,IG Reel,VIDEO,15.4.2026 10:38:10,"Hra končí když padne král♟️🔥

I my už jsme se dali do tréninku @ukkingsprague 💪

Těšíme se na semifinále! 🐎",https://www.instagram.com/reel/DXJi8ldDCR4/,,7492,146,1,15
@hcnorthwings,facebook,2b08a479-603b-46e4-8a48-2bc0435ccd53,4b6483a8-c319-4a89-86ae-d22a0f25b307,FB Story,VIDEO,31.8.2026 14:14:09,,https://facebook.com/stories/101955925269645/UzpfSVNDOjE2MDExODIyOTE0MDc5MDI=/?view_single=1,,,,,
@riderspardubice,instagram,4d6a67ab-9313-4f77-a82e-abb18adbca5d,8ae9b652-86cc-44c8-b30a-5f11fab54883,IG Story,VIDEO,10.4.2026 8:03:32,ZBYLO NÁM JEŠTĚ PÁR DRESŮ NĚKDO VÝBAVIČKU NA LUSKY LOSERS?,https://www.instagram.com/stories/riderspardubice/3872082393566077461,,571,,,8
@cvutengineers,instagram,11963a07-7f0f-48e6-9d81-aa63a7ff4a04,e0a49b29-e023-4362-94ff-3267b33f6d9d,IG Story,VIDEO,17.4.2026 18:10:12,POŠLI KLUKŮM ŠTĚSTÍČKO,https://www.instagram.com/stories/cvutengineers/3877460960181239487,,1283,,,
@218107044725785,facebook,7a942e3e-6c47-4794-9ba7-bbc7b6d40cb3,56f8d922-ae4b-47b1-bf8b-e1e92f7af058,FB Video,VIDEO,8.4.2026 17:38:50,KSN 😋,https://www.facebook.com/reel/5349867398570960/,402,185,5,,
vsefalcons,instagram,709fceba-e311-48e7-9057-f54a587abf4a,f4b46da9-37aa-4874-aaba-d4e185fe3892,IG Story,VIDEO,17.4.2026 15:32:28,@sokoli.hnizd0 🪹 💙,https://www.instagram.com/stories/vsefalcons/3877381675999321324,1007,1073,,,4
@riderspardubice,instagram,4d6a67ab-9313-4f77-a82e-abb18adbca5d,97b5dcbd-73a2-4baf-8505-9ceba92e47de,IG Story,VIDEO,2.9.2026 18:47:37,@prazak_matej 💨,https://www.instagram.com/stories/riderspardubice/3977499107828810774,,1006,,,1
vsefalcons,instagram,709fceba-e311-48e7-9057-f54a587abf4a,f6946839-58dd-4236-bfcd-7fc1a0cb95bb,IG Story,VIDEO,7.6.2026 16:19:46,,https://www.instagram.com/stories/vsefalcons/3914369009575275182,,600,,,3
@riderspardubice,facebook,f99ed6c3-17cc-46f4-a32e-d9b0576ce2df,3222fdc4-5cd6-4489-bdb2-947d98f68691,FB Post,IMAGE,19.3.2026 8:45:21,"Je derby! 🔥

Přijď na poslední domácí zapas semestru opět zažít tradiční rivalitu mezi dvěma sousedícími městy - Pardubice a Hradec Králové! 

Vstupenky koupíš přes odkaz v BIU 👀",https://www.facebook.com/1592662819534019/posts/1580335600766741,308,,3,,
@vutcavaliersbrno,instagram,b384bebf-72f3-4f9d-8b2d-3677709f6966,a4f0b1b6-93c3-4fd9-ba36-1e8888207b7c,IG Story,IMAGE,1.4.2026 14:45:56,"SLEDOVAT NÁS MŮŽETE 
V 18:30",https://www.instagram.com/stories/vutcavaliersbrno/3865761953029317744,,617,,,
@riderspardubice,instagram,4d6a67ab-9313-4f77-a82e-abb18adbca5d,cde6d122-4228-4e98-8249-fa980cc4ce27,IG Story,VIDEO,8.4.2026 20:23:09,@63skorpiz 🍀👏,https://www.instagram.com/stories/riderspardubice/3871005111531678931,,413,,,
vsefalcons,instagram,709fceba-e311-48e7-9057-f54a587abf4a,2e21be99-e818-40a0-bf4d-eadca51ab1f9,IG Story,VIDEO,3.2.2026 20:17:43,kdo neskáče Oooo Oooo NENÍ FALCONS 📣,https://www.instagram.com/stories/vsefalcons/3824616749794885809,,947,,,3
vsefalcons,instagram,709fceba-e311-48e7-9057-f54a587abf4a,5dbc0e33-852d-474f-9f43-094a4593b0a3,IG Story,VIDEO,14.3.2026 16:11:10,ve stylu,https://www.instagram.com/stories/vsefalcons/3852758965998353042,770,874,,1,3
@riderspardubice,instagram,4d6a67ab-9313-4f77-a82e-abb18adbca5d,85584c18-8d8d-4c9a-9009-3da599c455d4,IG Post,IMAGE,23.3.2026 9:23:28,"Založ si účet u @csobcz přes odkaz v BIU a automaticky se zařadíš do soutěže o 100 000 Kč! 🤑

Kromě toho tě čeká spoustu dalších výhod.

Loni výhru od čtvrt milionu vyhrála studentka UPCE, pojede i letos šek do Pardubic? 👀",https://www.instagram.com/p/DWOMLNkjKMv/,,2554,10,,3
@riderspardubice,instagram,4d6a67ab-9313-4f77-a82e-abb18adbca5d,1f640587-3ecc-458c-a301-6b64af75066a,IG Reel,VIDEO,26.4.2026 12:34:37,,https://www.instagram.com/reel/DXmFSDvDMqw/,,5970,122,6,3
@akademiciplzen,instagram,65494228-95bf-4f7b-8e68-d47d7262db66,4e1e73e2-2b7d-40fd-b132-500cf21c607f,IG Reel,VIDEO,7.9.2026 15:05:56,"V kabíně se nám rozmohl nějaký drb… 🤫
Prý se zítra v 10:00 stane něco velkého. Kluci si to šeptají od sprch až na led, ale nikdo to nechce říct nahlas… 👀

Tak dobře. Už to neutajíme.

🎟️ ZÍTRA v 10:00 startuje předprodej těch nejvýhodnějších vstupenek na Bitvu o Plzeň 2026!
Prvních 24 hodin za zvýhodněnou cenu 150 Kč (120 Kč s Unilife).

🚨 Novinka: Letos poprvé prodáváme MÍSTENKY! Vyber si své místo a zajisti sedadla celé partě.

⏰ Zítra v 10:00 buď u toho! 

#akademiciplzen",https://www.instagram.com/reel/Dc_Y3tyiENX/,,23074,454,1,185
vsefalcons,instagram,709fceba-e311-48e7-9057-f54a587abf4a,84131af1-200f-4e5b-88a7-70105b2f25ff,IG Story,VIDEO,20.8.2026 17:31:12,první letošní pěstičky🥹,https://www.instagram.com/stories/vsefalcons/3968038960735229425,,848,,,3
@riderspardubice,instagram,4d6a67ab-9313-4f77-a82e-abb18adbca5d,8ba21ff4-acbf-44a0-a0e9-092138e68506,IG Story,VIDEO,12.4.2026 12:53:44,,https://www.instagram.com/stories/riderspardubice/3873678027066723558,,1094,,,1
vsefalcons,instagram,709fceba-e311-48e7-9057-f54a587abf4a,a492658e-e54d-4bac-a9c7-e6d41d363f30,IG Story,VIDEO,12.4.2026 14:15:37,BUDE ZÁBAVA 🙂‍↕️,https://www.instagram.com/stories/vsefalcons/3873719222966730758,675,814,,,5
@AkademiciPlzen,facebook,d87b94e3-03e8-45d0-b92e-75e9b819545c,a78d377c-4796-480e-9ef7-21ce5b2076a3,FB Post,PHOTO,29.3.2026 9:16:45,"9 000! 🤯 Jste neskuteční. Obrovské díky, že jste s námi! 🏒💙

#akademiciplzen",https://www.facebook.com/1357105236437494/posts/1354842583330426,586,,5,,
@univerzitnihokej,facebook,01b45180-0b14-4a14-96e8-d0a4bab1fb9f,c15fa297-5d69-4611-8c0a-85b388835165,FB Video,VIDEO,14.3.2026 15:07:35,Tohle… a přednášky jdou stranou 🥵 Další zastávka: @unihokejfinalfour 🏆🔥,https://www.facebook.com/reel/1317238213561553/,2129,990,7,,
@cvutengineers,instagram,11963a07-7f0f-48e6-9d81-aa63a7ff4a04,c44bcbfb-d2cd-471b-ac6a-9df52654e890,IG Story,VIDEO,12.4.2026 14:04:09,🔥 ZNÁME SOUPEŘE!,https://www.instagram.com/stories/cvutengineers/3873713452720365493,,1004,,,2
vsefalcons,instagram,709fceba-e311-48e7-9057-f54a587abf4a,ebef5e22-24d9-4b2c-bce9-81938bac05d1,IG Post,IMAGE,9.9.2026 12:19:52,jen tak pro info….,https://www.instagram.com/p/DdEPltgocJx/,,7817,110,3,66
@akademiciplzen,instagram,65494228-95bf-4f7b-8e68-d47d7262db66,16f634b9-f6c4-42f7-a5ba-350d80497618,IG Post,IMAGE,6.9.2026 20:54:16,"PŘEDPRODEJ STARTUJE ZA 2 DNY! 💣

Chyť si svoje místo za tu nejlepší cenu a buď s námi u největší studentské akce roku! 🫵🏻

🚨 NOVINKA: Letos poprvé prodáváme MÍSTENKY! Vyber si své místo na tribuně a zajisti místa i pro partu, se kterou dorazíš fandit.

🗓️ 8. 9. od 10:00
🎟️ Předprodej poběží 24 hodin
💰 150 Kč | 120 Kč s UniLife

Nenechávej to na poslední chvíli – nejlepší místa budou pryč jako první! 🤯🔥 

#akademiciplzen | 🎨 @vpotocesevodatoci",https://www.instagram.com/p/Dc9aameMw_9/,,14639,164,,318
@univerzitnihokej,instagram,1e114592-3529-4cfe-9977-2598454053af,17286675-75e9-482e-b374-4c838b4bd4d9,IG Post,IMAGE,12.3.2026 19:55:05,@kauflandcesko hráči utkání o🥉,https://www.instagram.com/p/DVy_qKViPQx/,,8567,146,,9
@united_hk,instagram,b18c071b-0570-48b2-b743-990c668c3c5b,635cf30b-0481-4733-92dc-15991afc9e28,IG Reel,VIDEO,10.9.2026 15:41:40,"Zažij znovu hokej! OTVÍRÁK SEZÓNY JE TADY!

28. 9. otevíráme novou sezónu proti BO Ostrava. A začínáme už v 17:00 před ČPP arénou.

🎧 Pop-up party před arénou
🏒 Zápas od 19:00
🎁 Soutěže a program během večera
🎉 Nově i afterparty na Náplavce od 22:00

Teď běží 1. vlna vstupenek - nejvýhodnější cena před zápasem.

🎟️ 90 Kč
📱 72 Kč v UniLife s účtem u ČSOB

Na startu sezóny chceme cítit tvoji podporu. Přijď nás podpořit.

unitedhk.cz/otvirak",https://www.instagram.com/reel/DdHLW2BoWZe/,,1986,44,,10
vsefalcons,instagram,709fceba-e311-48e7-9057-f54a587abf4a,a5366ab7-4a9c-4571-89e7-633e7e7b6148,IG Story,VIDEO,26.1.2026 8:31:54,GAMEDAY 📞,https://www.instagram.com/stories/vsefalcons/3818463301974105410,,1301,,,1
@AkademiciPlzen,facebook,d87b94e3-03e8-45d0-b92e-75e9b819545c,145971ae-0ba8-4bf8-819b-43d637502dbe,FB Post,IMAGE,4.3.2026 16:07:47,"Dnešní plán je jasnej. ☝🏻

Prvních 100 příchozích do FANZÓNY dostane Proud zdarma, v 18:20 omrkni rozbruslení a v 19:00 začínáme! 🏒

Po zápase se přesuneme do DEPA2015 na afterparty, kde se můžeš těšit na DJ sety a taneční vystoupení @raptor.crew .🪩

#akademiciplzen 💙",https://www.facebook.com/1357105236437494/posts/1334649602016391,384,,2,,
@engineersprague,facebook,afd06d1d-7b1c-4f66-8d93-ce4255ab773c,467cef02-4c05-4275-ad18-fda46741fb38,FB Story,VIDEO,2.3.2026 18:29:51,,,,,,,
@univerzitnihokej,facebook,01b45180-0b14-4a14-96e8-d0a4bab1fb9f,20ab3801-ba05-42a3-8adc-67fc37707980,FB Video,VIDEO,5.3.2026 19:01:51,"Je hladoveeej🤤🤤

#zott #zotthungry #zotthungrydrinkthis",https://www.facebook.com/reel/1634483551080680/,2635,1234,7,,
vsefalcons,instagram,709fceba-e311-48e7-9057-f54a587abf4a,2cbbb780-21c3-48e0-876e-7be3fc87dc45,IG Story,VIDEO,9.3.2026 22:07:29,,https://www.instagram.com/stories/vsefalcons/3849314421201996098,705,,,,1
@AkademiciPlzen,facebook,d87b94e3-03e8-45d0-b92e-75e9b819545c,9274c429-8cea-4d25-b78d-95f9938c8cc0,FB Post,IMAGE,13.4.2026 10:22:57,"Poslední trénink plný úsměvů, výměny rolí a dokonce i menší bitky. 👀🥊

Seriózní příprava na další sezónu proběhne někdy příště😁

#akademiciplzen 💙 | 📸 @vpotocesevodatoci",https://www.facebook.com/1357105236437494/posts/1366848835463134,995,,8,,
univerzitnihokej,tiktok,01c88cf9-594f-408e-a45a-95114221acae,af73741f-9c3b-4899-acc0-79a7b5e4490e,TT Video,VIDEO,13.4.2026 16:45:30,"VŠE fans, máte už svůj lístek na Final Four? Váš tým vás potřebuje 🦅 finalfour.cz 🎟️",https://www.tiktok.com/@univerzitnihokej/video/7628285923989540118?utm_campaign=tt4d_open_api&utm_source=7348986504397455361,,436,21,1,
@bitvaoprahu,facebook,75e0f41f-82be-4f82-a77b-82ac11135ed2,f291f8bb-4046-4f4b-b2e9-7c85b23cca28,FB Post,IMAGE,12.3.2026 15:46:20,"FIRST GAME COMIN’! ⏳🔜

Bitva o bronz: Kdo dnes urve malé pražské derby? 🔥",https://www.facebook.com/1441262177797849/posts/1420206996570034,144,,,,
@riderspardubice,facebook,f99ed6c3-17cc-46f4-a32e-d9b0576ce2df,1d25e432-7529-4d3c-9ffd-99c16c148699,FB Video,VIDEO,22.3.2026 18:00:50,"Co Kopec studoval než k nám přestoupil? 🤔

Tipujte v komentářích a správnou odpověď se dozvíš zítra na poslední zápase semestru! 

Derby s @united_hk už zítra od 19:45 a vstupenky koupíš přes dokaž v BIU!",https://www.facebook.com/reel/26543046598638677/,464,133,1,,
@riderspardubice,facebook,f99ed6c3-17cc-46f4-a32e-d9b0576ce2df,3c86bbd8-04bb-4498-8619-da84f5b08b34,FB Post,IMAGE,18.3.2026 13:00:18,"A slevička by nebyla? 👀

Odkaz na vstupenky v BIU! 🎟️",https://www.facebook.com/1592662819534019/posts/1579645287502439,153,,1,,
vsefalcons,instagram,709fceba-e311-48e7-9057-f54a587abf4a,bf908121-3447-4463-b1d0-ca05f674141b,IG Reel,VIDEO,19.4.2026 9:16:06,"Tohle je za pokutu, ne? @mila_prehled_22 🤔",https://www.instagram.com/reel/DXTtBZpiAlr/,,9995,227,1,13
@united_hk,instagram,b18c071b-0570-48b2-b743-990c668c3c5b,c499f76a-b1ca-4207-859d-448e99808677,IG Post,IMAGE,18.8.2026 9:04:38,"Na tréninku jsme měli návštěvu. 👀

Česko → Finsko → NCAA → AHL → NHL.

Poznáš podle nápověd, kdo si s námi zatrénoval?

Tipy piš do komentářů. Jméno si zatím necháme pro sebe.",https://www.instagram.com/p/DcLP7KxIKta/,,37513,543,6,6
@hc_muni,instagram,43cd62c8-609d-4ea6-8ce9-cae5242ede0c,04c6836e-13f1-4458-b18d-1fc2b1c10d9a,IG Reel,REEL,27.3.2026 12:14:59,"Před posledním zápasem nás čekalo i těžké loučení. Po několika letech jsme se rozloučili s důležitými postavami v historii HC MUNI.
Své působení u Medvědů završil bývalý vynikající hráč Jiří Čtvrtníček, který poslední čtyři sezony vedl kádr jako hlavní trenér. Loučíme se i s Honzou Sedlákem, který rovněž oblékal dres Masaryčky a následně u týmu působil jako asistent trenéra a sportovní manažer.
Kluci, DĚKUJEME za všechno a přejeme jen to dobré do další životní etapy. A přijďte se na nás někdy podívat, budeme se těšit 💙

#hcmuni",https://www.instagram.com/reel/DWYzHLTjAUG/,,6094,205,3,33
@riderspardubice,instagram,4d6a67ab-9313-4f77-a82e-abb18adbca5d,38be3d96-e690-4a23-898a-7b42fea1b1a5,IG Post,IMAGE,3.8.2026 16:12:24,Momenty z prvního ledu 👀,https://www.instagram.com/p/DblY93iCJHh/,,6341,192,,20
@united_hk,instagram,b18c071b-0570-48b2-b743-990c668c3c5b,aa0b09d0-7de9-406b-8f06-b52179b66c7d,IG Reel,VIDEO,9.3.2026 19:40:31,"🔥 Plná ČPP Aréna, derby Hradec vs. Pardubice a Halftime Show Adama Mišíka.

Východočeské derby univerzit znovu ukázalo, jak vypadá studentský hokej ve velkém stylu v rámci Univerzitní ligy ledního hokeje.
Do arény dorazilo 2 379 fanoušků, kteří vytvořili skvělou atmosféru od prvního buly až do posledních minut.

Na ledě tvrdý souboj UNIted HK a Riders Univerzita Pardubice.
O přestávce velká show – Adam Mišík, který rozpálil celou halu.

🎥 Mrkni na oficiální aftermovie a připomeň si nejlepší momenty z jednoho z největších univerzitních hokejových eventů ve východních Čechách.

🌐 Více info:
www.unitedhk.cz/derby

#unitedhk #unihokej #hokej",https://www.instagram.com/reel/DVrPqGSCEfe/,,6370,97,,18
@cvutengineers,instagram,11963a07-7f0f-48e6-9d81-aa63a7ff4a04,b3b77698-4996-4619-b31c-1ea710c9cb0e,IG Story,VIDEO,27.8.2026 16:45:59,,https://www.instagram.com/stories/cvutengineers/3973089175221847472,,900,,,5
vsefalcons,instagram,709fceba-e311-48e7-9057-f54a587abf4a,d8d532c0-157c-4052-873e-ae1ea28fd7f5,IG Story,VIDEO,9.3.2026 11:07:20,kdo se šprtá v coworku? 😏,https://www.instagram.com/stories/vsefalcons/3848982105934020462,801,,,,
@riderspardubice,facebook,f99ed6c3-17cc-46f4-a32e-d9b0576ce2df,e9b1a7ef-a258-4b45-b560-3ba99fad65b1,FB Post,IMAGE,8.4.2026 7:30:28,"V dnešním zápase se rozhodne, jestli postoupíme do @unihokejfinalfour !🤩🤩 Buď u toho s námi! 

 Finále Play-in
🗓️ 8.4. v 19:30
📍 v ZS Hvězda
⚔️ proti @cvutengineers 

#fináleplayin#riders",https://www.facebook.com/1592662819534019/posts/1598987838901517,248,,1,,
@hcnorthwings,facebook,2b08a479-603b-46e4-8a48-2bc0435ccd53,522f1e3a-cfe4-43fa-b547-1003d36d5e87,FB Story,VIDEO,2.3.2026 19:47:57,,,,,,,
@hcnorthwings,facebook,2b08a479-603b-46e4-8a48-2bc0435ccd53,546ee7f8-9c66-4705-b7fa-2e793b4ae818,FB Story,VIDEO,13.8.2026 16:16:07,,,,,,,
@riderspardubice,instagram,4d6a67ab-9313-4f77-a82e-abb18adbca5d,cf3ed5f9-18ff-4c57-864b-9ba4d23857ab,IG Reel,VIDEO,17.4.2026 15:34:50,"Sorry, můj tým hraje o bronz na @unihokejfinalfour 🙌",https://www.instagram.com/reel/DXPOuc2DK4_/,,6209,217,,10
@AkademiciPlzen,facebook,d87b94e3-03e8-45d0-b92e-75e9b819545c,1adf8bdd-b9d8-4f16-8e8f-5d1d906f5a22,FB Post,IMAGE,8.9.2026 19:42:43,"⏰Času na koupení těch nejlevnějších lístků už moc nezbývá…

🎟️ Vstupenka na Bitvu? Běžně dnes za 150 Kč.
📲 V aplikaci UNILIFE jen za 130 Kč po propojení s účtem ČSOB.

Nejen hokej, ale celý studentský život v jedné aplikaci. 🏒📲

UNILIFE ti přinese:
✅ 20% slevu na vstupenky po propojení s účtem ČSOB
✅ vstupenky bez PDF a hledání v e-mailu
✅ přehled akcí ve tvém městě
✅ výhody a slevy u partnerů

Tak na nic nečekej – v nejlepších sektorech zbývají poslední volná místa! ⚠️

#akademiciplzen",https://www.facebook.com/1357105236437494/posts/1494364942711522,433,,,,
vsefalcons,instagram,709fceba-e311-48e7-9057-f54a587abf4a,b3a463be-6a97-4299-824b-07727dd23196,IG Story,VIDEO,2.3.2026 18:33:11,"PRO
ŠTĚSTÍ",https://www.instagram.com/stories/vsefalcons/3844133446218195059,651,807,,,
vsefalcons,instagram,709fceba-e311-48e7-9057-f54a587abf4a,bdd0a863-5b1d-44cb-a97f-67789dc3bb8b,IG Story,VIDEO,17.2.2026 22:07:32,3 BODÍKY DOMA,https://www.instagram.com/stories/vsefalcons/3834818880363609150,595,755,,,1
@cvutengineers,instagram,11963a07-7f0f-48e6-9d81-aa63a7ff4a04,fbfaf24b-a366-4d33-9dfb-21f10fa322b6,IG Story,VIDEO,15.4.2026 20:32:04,,https://www.instagram.com/stories/cvutengineers/3876083021871102274,,508,,,3
vsefalcons,instagram,709fceba-e311-48e7-9057-f54a587abf4a,1ceba171-0fb4-4b2a-9101-42dfbe0c78c9,IG Story,VIDEO,19.2.2026 18:15:48,HELE NOVÝ VIDEO 👀,https://www.instagram.com/stories/vsefalcons/3836151868074537941,638,819,,,1
@218107044725785,facebook,7a942e3e-6c47-4794-9ba7-bbc7b6d40cb3,94fbf829-74fd-4657-b816-81dca7b0118b,FB Video,VIDEO,3.6.2026 6:32:11,getting hot in here 🥵🧯 #icehockey #boys #vsefalcons #hot #hockeyplayers,https://www.facebook.com/reel/3138457483013119/,1095,389,5,,
@vutcavaliersbrno,instagram,b384bebf-72f3-4f9d-8b2d-3677709f6966,a0a60226-ddde-46a5-b137-c3b6359acbd0,IG Story,VIDEO,4.4.2026 9:17:36,,https://www.instagram.com/stories/vutcavaliersbrno/3867771024091680238,,734,,,
@riderspardubice,instagram,4d6a67ab-9313-4f77-a82e-abb18adbca5d,d93b7e1a-8cce-4eb5-813c-fb3131b72706,IG Post,IMAGE,20.3.2026 7:21:26,"V pondělí pro první příchozí @pivoproud u vstupu zdarma! 🤩

🎟️ Vstupenky na derby proti @united_hk koupíš přes odkaz v BIU!",https://www.instagram.com/p/DWGQF6njJUl/,,3606,46,,7
vsefalcons,instagram,709fceba-e311-48e7-9057-f54a587abf4a,3b0aef42-a07e-46fa-8d77-09ee19aee1ab,IG Story,VIDEO,15.2.2026 11:29:42,🎟️ 👆🏼,https://www.instagram.com/stories/vsefalcons/3833048273342984895,627,627,,,
@riderspardubice,instagram,4d6a67ab-9313-4f77-a82e-abb18adbca5d,5785b9e9-8601-4669-8779-f0c804751b9b,IG Story,VIDEO,12.4.2026 11:24:13,1. GÓL: @stagr20 ! 🗣️ 1:0,https://www.instagram.com/stories/riderspardubice/3873632999275495987,,2606,,,1
vsefalcons,instagram,709fceba-e311-48e7-9057-f54a587abf4a,5b533383-a06a-42a8-9a00-64aaaaf50b25,IG Story,IMAGE,13.3.2026 16:22:12,,https://www.instagram.com/stories/vsefalcons/3852039664446263778,892,939,,,1
@218107044725785,facebook,7a942e3e-6c47-4794-9ba7-bbc7b6d40cb3,c14791b2-421c-4657-b33b-b530f608c68b,FB Post,IMAGE,16.4.2026 20:56:17,"Dnes to nevyšlo podle představ, ale nevzdáváme se a bojujeme dál! 💪🏼

Děkujeme všem za podporu a vidíme se zítra zase v Edenu 🦅 Vstupenky můžete zakoupit na finalfour.cz 🎟️",https://www.facebook.com/122282816036218300/posts/122284392866218300,242,,13,,
@akademiciplzen,instagram,65494228-95bf-4f7b-8e68-d47d7262db66,0ced6148-3ca0-45ac-8860-669730378fca,IG Story,VIDEO,1.4.2026 18:45:43,PŘESTÁVKOVÁ SOUTĚŽ o permanentku na příští sezónu! 🐣,https://www.instagram.com/stories/akademiciplzen/3865882655309170701,,1110,,,14
vsefalcons,instagram,709fceba-e311-48e7-9057-f54a587abf4a,a58c14b7-a913-4384-bffd-40764be58f97,IG Story,VIDEO,24.2.2026 18:37:27,"🎟️ 🎟️ najdi TICKET na zimáku
a získej lístek na příští zápas",https://www.instagram.com/stories/vsefalcons/3839786566801748709,740,915,,,8
vsefalcons,instagram,709fceba-e311-48e7-9057-f54a587abf4a,23061a82-55ac-45ee-8a2d-b5a70fe09553,IG Reel,VIDEO,10.12.2025 11:22:39,"Poslední týden semestru jsme si nemohli zpříjemnit jinak než výhrou nad lídrem tabulky @ukkingsprague 😋 

Pojďte si užít oslavy s námi ⬆️🥳",https://www.instagram.com/reel/DSFL6NNiIkA/,,4922,171,3,8
vsefalcons,instagram,709fceba-e311-48e7-9057-f54a587abf4a,35049bcd-7a69-4b95-81cf-7a22bba96462,IG Post,CAROUSEL_ALBUM,19.2.2026 11:18:36,"Ohlédnutí za úterním zápasem 🦅

Důležitý tři body zůstaly doma a v úterý musíme navázat, budete u toho s námi? 🤩🤝",https://www.instagram.com/p/DU8ALnuCCQz/,,6645,102,,43
@BOhokej,facebook,c9082543-a03b-490f-8f97-66d439acce89,d6766922-45ab-4d19-9e33-c7b9d6b16f9e,FB Video,VIDEO,30.3.2026 13:10:20,"ZÍTRA to vypukne! Boj o postup do dalšího kola! 
Přijďte se sladit do 🟠 barev BOČKA, dostat triko zdarma a pivko k tomu🍺. 
📍RT TORAX ARENA 
⏰ 19:30",https://www.facebook.com/reel/2133159070797605/,431,133,5,,
@AkademiciPlzen,facebook,d87b94e3-03e8-45d0-b92e-75e9b819545c,0297bdd6-ae9e-4723-8a93-682c26e4458b,FB Video,VIDEO,8.3.2026 14:42:20,"ČAU VLOGÍSCI! 👋🏻

Jak vypadá den našich hráčů, když se hraje důležitý zápas? Pověřili jsme Mráwu, který vás provedl bitvou od rána až do rána! 🕺🏻

#akademiciplzen 💙",https://www.facebook.com/reel/2003252677067173/,951,338,3,,
@bitvaoprahu,facebook,75e0f41f-82be-4f82-a77b-82ac11135ed2,69ed7fa3-212a-4651-a175-670f1a847664,FB Post,IMAGE,12.3.2026 10:35:00,"Kdyby ""půjdem s davem"" nestačilo - běžte podle mapičky 🗺️🔍",https://www.facebook.com/1441262177797849/posts/1419981553259245,212,,,,
@riderspardubice,instagram,4d6a67ab-9313-4f77-a82e-abb18adbca5d,947c8e0d-afeb-47fc-84fd-b523e645ab05,IG Story,VIDEO,15.4.2026 7:37:53,,https://www.instagram.com/stories/riderspardubice/3875693365199420626,,1823,,,2
@united_hk,instagram,b18c071b-0570-48b2-b743-990c668c3c5b,d14bcc56-200f-4586-83b3-5b589d68a4df,IG Post,IMAGE,6.9.2026 18:07:35,"Prohráváme 1:4.

Úvod první třetiny jsme nezachytili a loňský ligový mistr UK Kings si vybudovaný náskok ve zbytku zápasu pohlídal.",https://www.instagram.com/p/Dc9JKbHIDns/,,3651,48,,4
@riderspardubice,instagram,4d6a67ab-9313-4f77-a82e-abb18adbca5d,f0739d55-288d-4320-b8f5-c58d7f3beccd,IG Reel,VIDEO,27.8.2026 17:01:05,Takhle vypadala naše včerejší generálka proti @ukkingsprague 🔥,https://www.instagram.com/reel/DcjRZpWoAAz/,,3548,125,,4
@bitvaoprahu,instagram,d7c8aa06-74fb-4c6c-a7d2-c2fe1bf6d59c,355cdc02-cccd-4398-99de-f446e0cab603,IG Post,IMAGE,12.3.2026 20:55:02,"✨ O tohle tady dnes večer jde! Tento skvost z dílny @cvutpraha je opět pohromadě. 🏆✨

📸 @vratapolivka_photo | #bitvaoprahu",https://www.instagram.com/p/DVzG18Hjl9F/,,35238,666,1,11
@univerzitnihokej,facebook,01b45180-0b14-4a14-96e8-d0a4bab1fb9f,590d2cf0-74a2-4add-a453-8f98eda7ff1e,,TEXT,15.3.2026 20:22:53,"Moravské derby, Bitva o Prahu a pár neuvěřitelně těsných duelů! Skvělý týden Univerzitního hokeje 🤪",https://www.facebook.com/1275398168115026/posts/1262024906119019,568,,,,
@univerzitnihokej,instagram,1e114592-3529-4cfe-9977-2598454053af,7611816c-f444-425c-acd0-2bf4fe6a59c1,IG Story,VIDEO,12.4.2026 7:32:44,,https://www.instagram.com/stories/univerzitnihokej/3873516445564957927,,7477,,,4
vsefalcons,instagram,709fceba-e311-48e7-9057-f54a587abf4a,9039b49b-b826-4223-aee2-c9ce28c8a668,IG Story,VIDEO,26.1.2026 17:01:17,,https://www.instagram.com/stories/vsefalcons/3818719654152030190,,1015,,,3
vsefalcons,instagram,709fceba-e311-48e7-9057-f54a587abf4a,c5299549-a74e-4ab4-a58a-f7fb983e3dd6,IG Story,VIDEO,29.3.2026 7:19:02,vstupenky k dostání na profilu,https://www.instagram.com/stories/vsefalcons/3863362689053553989,763,884,,,3
vsefalcons,instagram,709fceba-e311-48e7-9057-f54a587abf4a,c732db2d-99ab-445e-90de-59187e2c6b07,IG Story,IMAGE,17.4.2026 15:16:08,,https://www.instagram.com/stories/vsefalcons/3877373572268462044,885,871,,,
vsefalcons,instagram,709fceba-e311-48e7-9057-f54a587abf4a,96944c74-7b24-46b1-9602-0f939713ed68,IG Reel,VIDEO,8.2.2026 9:54:58,Dnes “vlaštovky” letí na farmu 🌾 Pole necháme jim. Led si bereme my. 🦅💨,https://www.instagram.com/reel/DUfhOOGiG6N/,,5584,65,,9
@univerzitnihokej,facebook,01b45180-0b14-4a14-96e8-d0a4bab1fb9f,0cdb714f-aab1-4167-a9c4-2e1626ba7f50,FB Video,VIDEO,31.3.2026 11:59:47,,https://www.facebook.com/reel/951074087309294/,1423,544,5,,
vsefalcons,instagram,709fceba-e311-48e7-9057-f54a587abf4a,9b45fc48-d857-4a8e-9eb4-5bdd6fa0216c,IG Story,VIDEO,24.3.2026 18:40:31,,https://www.instagram.com/stories/vsefalcons/3860081817483225977,803,697,,,
@VUTCavaliersBrno,facebook,3351b43e-4b71-442b-b2f1-920cd6e57ee5,9fb03740-6353-4eb9-9cad-f482dac3e686,FB Video,VIDEO,18.3.2026 9:57:21,@ada.behal on 🔥,https://www.facebook.com/reel/2160488538087594/,1150,558,4,,
@bitva_o_budejce,instagram,f977c0af-061e-4c10-813f-da5818f8a748,d6522c6a-bb94-480c-8491-4ee5bc12abc1,IG Post,IMAGE,9.9.2026 12:49:15,"🔥 PROGRAM BITVY O BUDĚJCE JE TADY! 🔥

Co vás čeká? 👀
Fanzóna, slavnostní zahájení, halftime show, soutěže, Ceremoniál a pořádná afterparty. 🏒💥

Tak si ulož program, pošli ho kámošům a hlavně — doraz včas!

📅 4. 11. 2026
📍 Budvar aréna
🕓 Fanzóna od 16:30

JU × VŠTE.
Tohle bude zase jízda. 🔥🏒

#BitvaOBudějce #JUxVŠTE #Budějce #Hokej #českébudějovice",https://www.instagram.com/p/DdES__5RIZG/,,2270,101,,34
@vutcavaliersbrno,instagram,b384bebf-72f3-4f9d-8b2d-3677709f6966,7e2bea22-ec52-43b1-b2fb-e474b5dbb773,IG Reel,VIDEO,9.4.2026 11:55:32,"Chceš vyhrát 100 000 Kč? 🤯 Tohle určitě není AI 👀
Založ si účet u ČSOB a zapoj se do hry! 👈

A jestli plánuješ jet na @unihokejfinalfour , s kartou od ČSOB máš cashback 20% na pivo a drinky! 🍹",https://www.instagram.com/reel/DW6POKpCBNH/,,1612,36,,16
@univerzitnihokej,instagram,1e114592-3529-4cfe-9977-2598454053af,603fe154-9a25-4e13-9bb2-a67a529d9ada,IG Post,IMAGE,8.4.2026 8:32:17,"Finále play-in přinese pražské derby 🔥
Všechny výhry na straně UK Kings, ale Farmers ukázali minulý týden, že umí překvapit. 🫡

Na jaké straně Prahy dnes budete stát? 👇🏻",https://www.instagram.com/p/DW3TTdACHOM/,,12453,234,2,19
@engineersprague,facebook,afd06d1d-7b1c-4f66-8d93-ce4255ab773c,766c9969-3d33-46f0-92f2-5390fdcdacba,FB Story,IMAGE,12.3.2026 20:26:50,,,,,,,
@akademiciplzen,instagram,65494228-95bf-4f7b-8e68-d47d7262db66,faa62665-d71f-417a-b668-fbd30116d90c,IG Story,VIDEO,20.8.2026 18:30:42,SLYŠÍME VÁS! 🤩 👂🏻 @akademicifans 🤍,https://www.instagram.com/stories/akademiciplzen/3968068479802447231,,1419,,,1
@cvutengineers,instagram,11963a07-7f0f-48e6-9d81-aa63a7ff4a04,de75acfd-f822-4993-98a3-54adc4aa264a,IG Post,IMAGE,18.3.2026 19:44:57,"100 zápasů v ULLH má za sebou i PAVEL TOMANÍK…👏🏼

Náš brněnskej přistěhovalec, kterej si u nás rychle našel svoje místo 🦁
Pavle, gratulujeme k téhle metě a respekt za všechno, co jsi za sebou nechal - tady i v @hc_muni 💙

Ať se ti daří i dál 🫡",https://www.instagram.com/p/DWCbl2mDJ-z/,,14651,375,5,15
@univerzitnihokej,instagram,1e114592-3529-4cfe-9977-2598454053af,0f5a40d6-f766-4f94-aa97-6895270483f3,IG Story,VIDEO,14.4.2026 11:48:49,PROTOŽE KAPACITY SE PLNÍ 🚨,https://www.instagram.com/stories/univerzitnihokej/3875094890086463246,,850,,,
@univerzitnihokej,instagram,1e114592-3529-4cfe-9977-2598454053af,10f27d35-7798-4e52-9fbd-a6e13a5902cf,IG Story,VIDEO,12.4.2026 12:42:44,,https://www.instagram.com/stories/univerzitnihokej/3873672476920124672,,1268,,,
@riderspardubice,instagram,4d6a67ab-9313-4f77-a82e-abb18adbca5d,6a17add8-6750-45e3-ae70-b7407df2df58,IG Post,IMAGE,9.4.2026 14:25:43,"V neděli budeme bojovat v lucky loser game o postup do @unihokejfinalfour !

 Lucky loser game
🗓️ 12.4.  v 13:15
📍 v Hokejové Centrum Pouzar
⚔️ proti @blackdogsbudweis_vste 

#luckylosergame#riders",https://www.instagram.com/p/DW6gEk2DOSA/,,2489,55,2,8
@united_hk,instagram,b18c071b-0570-48b2-b743-990c668c3c5b,6f9f90b2-3566-420d-975e-aa61ce1a6a65,IG Story,VIDEO,10.8.2026 19:12:54,3:4 SNIŽUJEMEEE!! 💥 @martinbeno23,https://www.instagram.com/stories/united_hk/3960842035325860060,,1411,,,3
@unitedhk,facebook,bfe6cc29-a387-41b9-9bca-b077722556af,73e768bb-c0d4-4b7d-ba28-a993eb768486,FB Story,IMAGE,7.9.2026 15:45:54,,https://facebook.com/stories/122099775710388974/UzpfSVNDOjkyMzY5MTk4MDM0ODY2Mw==/?view_single=1,,,,,
@univerzitnihokej,instagram,1e114592-3529-4cfe-9977-2598454053af,e57cd32b-eb4b-4045-aaaa-0655773d226f,IG Post,IMAGE,7.4.2026 10:03:55,"I přes velmi povedenou základní část končí v semifinále play-in také plzeňští Akademici.

Takové momenty ke sportu patří. Díky za nasazení a boj až do konce 👊🏼",https://www.instagram.com/p/DW04_xjiJYG/,,7366,223,,2
@univerzitnihokej,instagram,1e114592-3529-4cfe-9977-2598454053af,f94bd8dc-9299-4170-8992-5fbe778d6731,IG Story,VIDEO,8.4.2026 19:24:47,5 2,https://www.instagram.com/stories/univerzitnihokej/3870975735263441160,,701,,,1
@VUTCavaliersBrno,facebook,3351b43e-4b71-442b-b2f1-920cd6e57ee5,0cff5d7c-02a0-49de-ac2c-86cbbd98d0e7,FB Video,VIDEO,24.3.2026 15:58:30,🏒 Včerejší trénink s dětmi z @hcmysterykurim ❤️‍🔥,https://www.facebook.com/reel/26217626444598248/,1377,440,7,,
@cvutengineers,instagram,11963a07-7f0f-48e6-9d81-aa63a7ff4a04,68453d10-1a54-4a4b-89d4-5911e254cfee,IG Story,VIDEO,4.4.2026 12:31:43,,https://www.instagram.com/stories/cvutengineers/3867868717543865722,,1213,,,
@riderspardubice,instagram,4d6a67ab-9313-4f77-a82e-abb18adbca5d,9537b7e7-3158-4146-b1b8-6a5c462df890,IG Reel,VIDEO,19.8.2026 12:48:46,Trénink pod lupou 🤓,https://www.instagram.com/reel/DcOOHP6oj1l/,,3495,96,,5
@hcmuni,facebook,d1f9e9f9-7526-42d4-85aa-13f91e89f7cf,5a80478f-0c2b-4af5-a096-6a534280da12,FB Post,IMAGE,2.3.2026 11:06:59,"Blíží se nám MDŽ, a proto jsme si pro naše fanynky připravili malý dáreček ke středečnímu zápasu 💙🐾🐻

Stačí se podívat na tlapku 🫶🏻

#hcmuni",https://www.facebook.com/1581741777288398/posts/1554935846635658,821,,3,,
@bitvaoprahu,instagram,d7c8aa06-74fb-4c6c-a7d2-c2fe1bf6d59c,5c4d8a93-48d7-4079-97d1-6a2a46edbae8,IG Post,IMAGE,11.4.2026 13:17:41,@unihokejfinalfour 2026 is the new Bitva o Prahu 😛,https://www.instagram.com/p/DW_hxklDL9Y/,,17645,648,1,16
@united_hk,instagram,b18c071b-0570-48b2-b743-990c668c3c5b,d461cad4-3672-45cb-96c0-369f40094ce2,IG Post,IMAGE,22.4.2026 8:06:54,"Děkujeme společnosti JCI a.s. za podporu v sezoně 2025/26.

Pojišťovací zprostředkovatel, který pomáhá s výběrem a správou pojištění pro jednotlivce i firmy.

Díky, že stojíte za UNIted HK. 🖤🧡",https://www.instagram.com/p/DXbThRHCO10/,,505,3,,
vsefalcons,instagram,709fceba-e311-48e7-9057-f54a587abf4a,d91b026d-d713-44ff-908e-222ae987a370,IG Story,VIDEO,16.3.2026 18:05:14,@_lukas_novak_92_ chce asi rozjet golmanskou kariéru 🥅 👀,https://www.instagram.com/stories/vsefalcons/3854265895153617934,855,741,,,2
@akademiciplzen,instagram,65494228-95bf-4f7b-8e68-d47d7262db66,da9eca35-f583-4066-af88-098c9e51bbc1,IG Reel,VIDEO,25.3.2026 15:16:02,"DNESKA HRAJEME! 🔥
Sestřih gólů z minulého zápasu je jasná připomínka toho, že forma tam je! 👀
Podaří se nám vítězně zvládnout i poslední zápas základní části?

🕖 19:00
📅 25. 3.
📍 LOGSPEED CZ Aréna

Doraz nás podpořit! 💙
#akademiciplzen",https://www.instagram.com/reel/DWT-G5bjAqB/,,7852,130,,1
vsefalcons,instagram,709fceba-e311-48e7-9057-f54a587abf4a,ebdcd7a3-b69f-4a52-bdda-9b3f70403802,IG Reel,VIDEO,25.3.2026 18:40:22,"Když se říká, že 2026 je nový 2016,
tak mannequin challenge byla vlastně povinnost. 😎

Teď je na řadě další povinnost ➡️
poslední domácí zápas 31. dubna. Buď u toho.",https://www.instagram.com/reel/DWUUTzJCEtd/,,5312,168,3,16
vsefalcons,instagram,709fceba-e311-48e7-9057-f54a587abf4a,ed7fb3ab-6bb5-4e96-a375-6e2eb283a63c,IG Story,VIDEO,9.3.2026 13:44:12,,https://www.instagram.com/stories/vsefalcons/3849061065166462289,766,982,,,1
@riderspardubice,instagram,4d6a67ab-9313-4f77-a82e-abb18adbca5d,59eb894e-68fe-415b-9587-69a7b70573e1,IG Reel,VIDEO,19.3.2026 14:28:02,"Co Muškys Danovi vzkázal? 

To se dozvíte už 23. března v enteria areně!

Zatím tipujte v komentářích! 
Vstupenky koupíš přes odkaz v BIU 🎟️",https://www.instagram.com/reel/DWEb-opjCxn/,,3565,42,4,5
@riderspardubice,instagram,4d6a67ab-9313-4f77-a82e-abb18adbca5d,a92120d6-3979-425b-9826-4e6d1873ccca,IG Reel,VIDEO,22.3.2026 11:44:09,"⭐️ZLATÁ PŘILBA⭐️
Další výhra, tentokrát v Ostravě si říkala o další ocenění v podobě zlaté přilby! Tentokrát dostal přilbu zaslouženě @beny_m15 !🔥",https://www.instagram.com/reel/DWL3gL9DNcI/,,5835,170,,5
vsefalcons,instagram,709fceba-e311-48e7-9057-f54a587abf4a,eea44079-681c-4351-8441-3ee8d6dffb53,IG Story,VIDEO,12.3.2026 17:42:19,,https://www.instagram.com/stories/vsefalcons/3851355215010220678,1373,1209,,,8
@riderspardubice,instagram,4d6a67ab-9313-4f77-a82e-abb18adbca5d,6b03aa2f-75de-42f6-bd94-027e3ce19850,IG Post,IMAGE,23.3.2026 8:03:43,"Poslední zápas v dresu Riders pro @dominikkopecky_99 a @daniel.skryp! 🔥

Přijď kluky podpořit a rozloučit se s nimi v derby proti @united_hk! 

Lastdance
🗓️ 23.3. v 19:45
📍 v Enteria Arena 
⚔️ proti @united_hk 

Odkaz na vstupenky najdeš v BIU!🎟️ (I se slevičkou!🤭)

#lastdance#riders",https://www.instagram.com/p/DWODJyYDAuQ/,,4541,51,,3
@riderspardubice,instagram,4d6a67ab-9313-4f77-a82e-abb18adbca5d,8cf7f537-4335-4d6f-a3ec-820501e689d8,IG Story,VIDEO,8.4.2026 19:11:31,JDEME DO 3. TŘETINY!!,https://www.instagram.com/stories/riderspardubice/3870969104723731061,,534,,,
@bitvaoprahu,facebook,75e0f41f-82be-4f82-a77b-82ac11135ed2,a1f36eb7-69be-4a69-ab93-8a27af0d5bde,FB Post,IMAGE,11.3.2026 19:30:00,Jakej si na after vymyslíš program necháme na tobě...😏 ale hrát ti k tomu bude tenhle našláplej lineup 🕺🪩,https://www.facebook.com/1441262177797849/posts/1419529569971110,194,,,,
@akademiciplzen,instagram,65494228-95bf-4f7b-8e68-d47d7262db66,ba4f58ac-d471-4514-a79b-5e395aacc2d3,IG Post,PHOTO,30.3.2026 9:44:29,"Základní část už je minulostí.
Bereme 4. místo a jdeme do PLAY-IN. 🔥💙

Teď začíná ta nejnapínavější část sezony. Díky všem, co byli celou dobu s námi, a jedeme dál! 💣

#akademiciplzen",https://www.instagram.com/p/DWgQH0WDIZY/,,10572,213,,3
@riderspardubice,instagram,4d6a67ab-9313-4f77-a82e-abb18adbca5d,c6147a26-5272-482e-b03c-67d4bc38a6ee,IG Story,VIDEO,31.3.2026 18:12:08,KUCHTA TERČ,https://www.instagram.com/stories/riderspardubice/3865140966072292526,,769,,,1
@univerzitnihokej,instagram,1e114592-3529-4cfe-9977-2598454053af,ea73c909-7629-4949-a44a-712eebe78879,IG Post,IMAGE,8.4.2026 11:01:32,"Studentský život v kapse 📱 Seznam se s apkou @unilifecz 🚀

Zápasy, eventy ve městě a výhody, který nechceš minout. Tak stahuj aplikaci do svého telefonu! 📲",https://www.instagram.com/p/DW3kYqViPdi/,,13569,137,,17
vsefalcons,instagram,709fceba-e311-48e7-9057-f54a587abf4a,00844a5a-3579-412d-af77-a9e3b484a417,IG Story,VIDEO,24.3.2026 19:26:44,TŘETINA 2. 🫡,https://www.instagram.com/stories/vsefalcons/3860105095836865503,768,643,,,
@riderspardubice,facebook,f99ed6c3-17cc-46f4-a32e-d9b0576ce2df,01d7a89b-1a8a-4b95-91bb-3daa00f408f7,FB Video,VIDEO,15.4.2026 10:38:25,"Hra končí když padne král♟️🔥

I my už jsme se dali do tréninku @ukkingsprague 💪

Těšíme se na semifinále! 🐎",https://www.facebook.com/reel/2390627354742091/,417,147,3,,
vsefalcons,instagram,709fceba-e311-48e7-9057-f54a587abf4a,3d10d590-8f08-493f-a10e-6bd0700d0662,IG Story,VIDEO,8.4.2026 16:08:27,@cech.ondrejj 🔍,https://www.instagram.com/stories/vsefalcons/3870876958162702836,916,867,,,1
vsefalcons,instagram,709fceba-e311-48e7-9057-f54a587abf4a,3ed79312-c856-49ed-911a-4a16fa393da9,IG Story,VIDEO,31.3.2026 15:12:08,,https://www.instagram.com/stories/vsefalcons/3865050397442317789,998,900,,,
vsefalcons,instagram,709fceba-e311-48e7-9057-f54a587abf4a,db798b61-2aeb-4c30-87db-5c174f980860,IG Story,VIDEO,16.2.2026 7:59:47,🤩 MÁME PRO VÁS SLEVIČKUU,https://www.instagram.com/stories/vsefalcons/3833667480363526165,704,849,,,
@boostrava,instagram,1176ddaf-d366-48a2-9639-3c6694c72c85,0d05f092-ebfc-4185-94a5-4534bf9aec42,IG Reel,VIDEO,13.3.2026 17:58:12,"Máme po derby, ale sezóna ještě nekončí! Přijď kluky podpořit na další domácí utkání proti @riderspardubice 
PIVKA ZDARMA🍻",https://www.instagram.com/reel/DV1WuqEDIKU/,,9391,148,,40
@united_hk,instagram,b18c071b-0570-48b2-b743-990c668c3c5b,4f327c25-769b-4bef-adea-9c4d2ba502dc,IG Story,IMAGE,16.4.2026 8:02:50,,https://www.instagram.com/stories/united_hk/3876430704254922092,,646,,,
vsefalcons,instagram,709fceba-e311-48e7-9057-f54a587abf4a,9ba599ca-7ac1-424d-8c94-9f5f0e575803,IG Reel,VIDEO,13.4.2026 17:41:41,"Final four ve zkratce: dva dny, zábava, atmosféra a hlavně BOJ O TITUL ‼️

U toho prostě nesmíš chybět 💪🏼 Vstupenky koupíš na finalfour.cz 🎟️ Kód VSEFANS pro slevičku 🤫 

#vsefalcons #finalfour",https://www.instagram.com/reel/DXFJozECMFv/,,8733,146,1,24
@hcmuni,facebook,d1f9e9f9-7526-42d4-85aa-13f91e89f7cf,9986d581-0ef7-4b08-81c8-7793c07cfe20,FB Post,IMAGE,18.3.2026 21:21:20,"Nechybělo moc, body ale dnes bere soupeř 🏒 Těšíme se na vás za týden!",https://www.facebook.com/1581741777288398/posts/1569229091873000,321,,4,,
@218107044725785,facebook,7a942e3e-6c47-4794-9ba7-bbc7b6d40cb3,16898e7a-040c-4428-b7f9-588ace90178f,FB Post,IMAGE,25.8.2026 19:58:39,Přípravný zápas proti ČZU Farmers Prague nám dnes nevyšel podle představ ❌,https://www.facebook.com/122282816036218300/posts/122303750660218300,254,,,,
@riderspardubice,instagram,4d6a67ab-9313-4f77-a82e-abb18adbca5d,5c9c788a-8d15-4252-b0bb-07d3d72c0cc0,IG Reel,VIDEO,9.3.2026 18:29:21,Kluci vědí jak to chodí! 🍻,https://www.instagram.com/reel/DVrHk4-DGGz/,,16015,353,2,43
@cvutengineers,instagram,11963a07-7f0f-48e6-9d81-aa63a7ff4a04,81846002-b1b3-47f8-907f-48e267ec1440,IG Story,VIDEO,10.4.2026 18:55:22,,https://www.instagram.com/stories/cvutengineers/3872410475866939473,,604,,,3
vsefalcons,instagram,709fceba-e311-48e7-9057-f54a587abf4a,99106a5c-6e39-431b-8eca-d5fb5afb251c,IG Story,VIDEO,26.1.2026 17:45:46,🔜 2. TŘETINA,https://www.instagram.com/stories/vsefalcons/3818742062414096453,,858,,,
vsefalcons,instagram,709fceba-e311-48e7-9057-f54a587abf4a,3bb038f7-0837-4ace-94bc-980481221019,IG Story,VIDEO,8.9.2026 18:11:36,,https://www.instagram.com/stories/vsefalcons/3981829581543357982,,573,,,
@riderspardubice,facebook,f99ed6c3-17cc-46f4-a32e-d9b0576ce2df,165de7da-52c3-481d-a5d1-f27ac28b612f,FB Post,PHOTO,26.3.2026 10:12:45,"Je to tady! Play-in v Ostravě! 🔥

Play-in
🗓️ 31.3. v 19:30
📍 v RT Torax Arena 
⚔️ proti @boostrava 

#playin#riders",https://www.facebook.com/1592662819534019/posts/1587356536731314,185,,3,,
@cvutengineers,instagram,11963a07-7f0f-48e6-9d81-aa63a7ff4a04,9048d126-183b-4147-83a8-45fc70123705,IG Story,IMAGE,17.4.2026 18:07:49,💙,https://www.instagram.com/stories/cvutengineers/3877459975107036933,,1296,,,
vsefalcons,instagram,709fceba-e311-48e7-9057-f54a587abf4a,993a0747-9036-4354-a10d-41a0b71028b9,IG Post,CAROUSEL_ALBUM,26.12.2025 15:01:08,Co by to bylo za vánoční svátky bez fotek u stromečku 🎄 užívejte pohádek a cukroví 🫶🏼,https://www.instagram.com/p/DSux7aWCDGc/,,14181,409,13,90
@akademiciplzen,instagram,65494228-95bf-4f7b-8e68-d47d7262db66,a92d2bf5-a1c8-4c87-ab81-8048eca74832,IG Story,VIDEO,1.4.2026 18:16:39,POJĎME  KLUCI!,https://www.instagram.com/stories/akademiciplzen/3865868018647858159,,1170,,,1
@riderspardubice,instagram,4d6a67ab-9313-4f77-a82e-abb18adbca5d,b4313d16-f300-4b98-bdd6-92c2b27e86e6,IG Post,IMAGE,16.4.2026 6:00:03,"Včera vybojovalo @hcpce postup do finále. A přesně to nám dává další motivaci bojovat za náš Hockeytown! ❤️‍🔥🐎

🏒 SEMIFINÁLE
🆚 @ukkingsprague
📍 Zimní stadion Eden, Praha
🕓 16. dubna | 16:30",https://www.instagram.com/p/DXLoSuOCDwq/,,9789,134,1,8
vsefalcons,instagram,709fceba-e311-48e7-9057-f54a587abf4a,3370cd8a-d2f3-4d04-9376-054c8d1f5ccc,IG Reel,VIDEO,24.4.2026 10:00:34,"WINGS FOR LIFE je už za rohem! 🏃🏽

Kdo neví o co jde, tak je to běh, kde vás “honí” auto a vy musíte uběhnout co nejvíc kilometrů než vás dožene 🥵 A to hlavní! Veškerý výtěžek jde na podporu poranění míchy 🙌🏼 Takže během podpoříte dobrou věc 💙

Tak nenechte Strnyho vysedět důlek, zaregistrujte se, připojte se do našeho týmu “VŠE Falcons Prague” a vidíme se 10.5. ve Stromovce 👋🏼

#vsefalcons #wingsforlife",https://www.instagram.com/reel/DXgpbiaCBsX/,,5794,120,3,69
@akademiciplzen,instagram,65494228-95bf-4f7b-8e68-d47d7262db66,6c345806-e350-4c19-b151-0bf5a5eb33cd,IG Story,VIDEO,31.8.2026 21:27:40,TRENÉŘI TO NEBUDOU MÍT VŮBEC JEDNODUCHÉ 😶‍🌫️,https://www.instagram.com/stories/akademiciplzen/3976130078287086891,,1181,,,2
vsefalcons,instagram,709fceba-e311-48e7-9057-f54a587abf4a,80daa7ae-08f5-40ca-af0f-f4b302ff8b1d,IG Story,VIDEO,9.3.2026 11:08:21,a kdo poctivě chodí na přednášky? 🤓,https://www.instagram.com/stories/vsefalcons/3848982624408712691,787,,,,2
univerzitnihokej,tiktok,01c88cf9-594f-408e-a45a-95114221acae,fed931bb-1291-4959-87ad-80223f6f7b0a,TT Video,VIDEO,17.4.2026 15:33:55,Zaostřili jsme si na srovnávací gól @vsefalcons 🔍,https://www.tiktok.com/@univerzitnihokej/video/7629751819312434454?utm_campaign=tt4d_open_api&utm_source=7348986504397455361,,659,32,,
@riderspardubice,instagram,4d6a67ab-9313-4f77-a82e-abb18adbca5d,272aa57c-f75a-475e-ad1f-35d16c51aa13,IG Story,VIDEO,8.4.2026 17:26:59,CO BY TO BYLO PLAY-IN BEZ NAŠÍ PODPORY!🫂❤️,https://www.instagram.com/stories/riderspardubice/3870916443810615687,,963,,,5
@riderspardubice,instagram,4d6a67ab-9313-4f77-a82e-abb18adbca5d,79b5213b-4720-4380-acc2-ea50a93b8394,IG Story,VIDEO,12.4.2026 9:11:47,JSME NA MÍSTĚ 📍 📍,https://www.instagram.com/stories/riderspardubice/3873566314321457627,,1543,,,1
@riderspardubice,instagram,4d6a67ab-9313-4f77-a82e-abb18adbca5d,9cb4170d-97d7-4761-8f80-df0725ffb7f5,IG Story,IMAGE,1.4.2026 10:38:09,,https://www.instagram.com/stories/riderspardubice/3865637235425313329,,683,,,3
@united_hk,instagram,b18c071b-0570-48b2-b743-990c668c3c5b,b968a8d0-ab62-44b0-badf-883946c8006f,IG Story,VIDEO,26.8.2026 18:11:30,4:5pp tak to dnes bohužel nevyšlo,https://www.instagram.com/stories/united_hk/3972407461461653530,,509,,,2
@BOhokej,facebook,c9082543-a03b-490f-8f97-66d439acce89,28a2eb2c-c01c-4396-a572-b2f6ee95bfab,FB Video,VIDEO,31.3.2026 21:56:14,"Vyraž s @kfc_cz kyblíkem do boje! 🔥

To jak ho využiješ je jen na tobě! 🍗

#kfc #kyblik",https://www.facebook.com/reel/2033819194151460/,447,141,2,,
@riderspardubice,facebook,f99ed6c3-17cc-46f4-a32e-d9b0576ce2df,86d9d3db-5833-44ec-b0b4-c8471eb14915,FB Post,IMAGE,17.4.2026 15:30:30,Druhá třetina před námi! 🏒,https://www.facebook.com/1592662819534019/posts/1607393231394311,227,,4,,
@hc_muni,instagram,43cd62c8-609d-4ea6-8ce9-cae5242ede0c,f8f14682-614a-4afd-aea5-c51f563916a1,IG Post,IMAGE,18.3.2026 9:48:58,"GAMEDAY JE TADY 🔥🔥🔥 doufáme, že se uvidíme v 19:30 na Lužánkách💙👊🏻

Lístky koupíš u nás v biu🎟️

#hcmuni",https://www.instagram.com/p/DWBW-SxCDAv/,,4153,51,,11
@hcnorthwings,facebook,2b08a479-603b-46e4-8a48-2bc0435ccd53,5ed12dfc-68d0-42cf-a6b5-f3a837acdd8a,FB Video,VIDEO,14.4.2026 16:45:56,"Nejlepší “zákrok” sezóny? Tahle maska! ✅🧤

Protože i pod maskou musí @filipblaza vypadat k světu. Společně s @garnier_czsk držíme naše vlasy v top formě!💇🏼‍♂️🏒

#univerzitnihokej #myjsmeujep #hcnorthwings #garnierfructis",https://www.facebook.com/reel/1501497891591631/,1753,667,11,,
vsefalcons,instagram,709fceba-e311-48e7-9057-f54a587abf4a,7a4ae667-232a-44c5-954b-0a0f98721e04,IG Story,VIDEO,14.4.2026 7:33:11,🪩 👈🏼,https://www.instagram.com/stories/vsefalcons/3874966224979391588,616,705,,1,
@riderspardubice,instagram,4d6a67ab-9313-4f77-a82e-abb18adbca5d,88009f3d-28aa-4adc-9caa-b6418f5045c5,IG Reel,VIDEO,31.8.2026 8:27:13,"Zítra se společně vidíme na @seznamovakfes 💚

Vyzkoušet si můžete střelbu na branku, výstroj a také znalosti v kvízu🔥

Těšíme se na Vás!🐎",https://www.instagram.com/reel/DcspmCTxXSP/,,5694,77,,15
vsefalcons,instagram,709fceba-e311-48e7-9057-f54a587abf4a,8edc7c90-3c85-4aa7-bcd1-21c24c6e3277,IG Reel,VIDEO,6.1.2026 19:53:33,první tréninky po vánocích těžkyyyy 😮‍💨😮‍💨,https://www.instagram.com/reel/DTLoBQ7CJTP/,,6013,144,,23
@univerzitnihokej,instagram,1e114592-3529-4cfe-9977-2598454053af,45fd93b0-5475-406b-a9b6-b54fe161791e,IG Post,IMAGE,1.4.2026 10:35:17,"Semifinále play-in dnes večer uzavře duel v plzeňské aréně 🙌🏼

Akademici 🆚 Farmers
Kdo zvítězí a bude o krok blíž k Final Four?",https://www.instagram.com/p/DWlf0UAiGxj/,,9804,121,,21
@univerzitnihokej,facebook,01b45180-0b14-4a14-96e8-d0a4bab1fb9f,354a9c91-fe73-4100-b123-0b0b4223b771,FB Post,IMAGE,18.3.2026 22:10:07,"Dnes bodovaly týmy hostujících, Engineers si pak obhájili druhý bod v prodloužení. ✌🏼",https://www.facebook.com/1275398168115026/posts/1264395289215314,647,,1,,
@riderspardubice,facebook,f99ed6c3-17cc-46f4-a32e-d9b0576ce2df,ea07b9e4-bf6b-4b51-81bf-6cf37b5cb031,FB Video,VIDEO,17.4.2026 15:17:35,"Tak co, povedal to?",https://www.facebook.com/reel/3816400028497235/,1167,362,4,,
@engineersprague,facebook,afd06d1d-7b1c-4f66-8d93-ce4255ab773c,92ff4f18-4b82-4995-a5fc-dc4f73143773,FB Story,IMAGE,4.3.2026 21:15:07,,,,,,,
@riderspardubice,instagram,4d6a67ab-9313-4f77-a82e-abb18adbca5d,986cb793-a31e-4225-acf7-15d9184cce00,IG Story,VIDEO,8.4.2026 17:12:50,NAŠE SLOVENSKÁ STŘELA! @hatapak243 🤩,https://www.instagram.com/stories/riderspardubice/3870909331059540424,,710,,,8
vsefalcons,instagram,709fceba-e311-48e7-9057-f54a587abf4a,f504002d-4a24-4a15-8567-f333b6767f9c,IG Story,IMAGE,17.4.2026 17:11:31,,https://www.instagram.com/stories/vsefalcons/3877431640939324823,866,828,,,1
vsefalcons,instagram,709fceba-e311-48e7-9057-f54a587abf4a,397663d6-c1bd-4513-9b5a-92f1443a17b5,IG Story,VIDEO,8.2.2026 17:16:08,👊🏻 ŤUK ŤUK,https://www.instagram.com/stories/vsefalcons/3828149267466850087,,836,,,
@riderspardubice,instagram,4d6a67ab-9313-4f77-a82e-abb18adbca5d,446442c9-db22-49f2-ae10-6c4d9717cc14,IG Story,VIDEO,12.4.2026 15:14:59,VSTUPENKA NA @unihokejfinalfour MÁ SVÉ MÍSTO V BUSE!,https://www.instagram.com/stories/riderspardubice/3873749107089365607,,1102,,,2
@united_hk,instagram,b18c071b-0570-48b2-b743-990c668c3c5b,df4858f2-3170-4592-91dc-77acff6745bd,IG Story,VIDEO,23.8.2026 11:00:07,@dahasl_elektro on ice,https://www.instagram.com/stories/united_hk/3970016026607260994,,1009,,,4
@engineersprague,facebook,afd06d1d-7b1c-4f66-8d93-ce4255ab773c,16c9135f-8487-4c3d-ae2f-b230d49d7453,FB Story,VIDEO,12.3.2026 21:57:24,,,,,,,
@riderspardubice,instagram,4d6a67ab-9313-4f77-a82e-abb18adbca5d,7321319a-0f32-45ea-a84d-90abc56ded63,IG Story,STORY,31.3.2026 19:49:44,JDEME DO PRODLOUŽENÍ 2:2,https://www.instagram.com/stories/riderspardubice/3865190085499673502,,697,,,
@bitva_o_budejce,instagram,f977c0af-061e-4c10-813f-da5818f8a748,79743d0b-16b6-4019-a231-02e01318a35e,IG Story,VIDEO,10.9.2026 7:56:22,"🚨 PRAVIDLA FINÁLE 🚨

🔎 Najdi všech 10 slov v osmisměrce.

📸 Nestačí poslat pouze seznam nalezených slov! Chceme vidět celou osmisměrku vyškrtanou – všech 10 slov musí být v ní viditelně označeno. ✏️

📩 Hotovou osmisměrku pošli do DM společně se svým jménem.

⏱️ Vyhrává ten, kdo jako první po zveřejnění posledního slova pošle správně vyřešenou osmisměrku. 🏆

⚠️ Podmínkou je také sledovat profil @bitvaobudejce.

Takže si připrav osmisměrku a buď  ready! 👀🔥",https://www.instagram.com/stories/bitva_o_budejce/3982969476106179473,,332,,,1
vsefalcons,instagram,709fceba-e311-48e7-9057-f54a587abf4a,827e5c0d-f094-40de-a5e5-51a8f0998fcb,IG Story,VIDEO,26.1.2026 19:08:24,JDEME DO PRODLOUŽENÍ,https://www.instagram.com/stories/vsefalcons/3818783640507646838,,853,,,
@riderspardubice,instagram,4d6a67ab-9313-4f77-a82e-abb18adbca5d,275cd0d1-0a7c-4925-b6f5-6982398c0100,IG Story,VIDEO,12.4.2026 17:53:41,BENEŠ,https://www.instagram.com/stories/riderspardubice/3873828995259454441,,647,,,
@riderspardubice,instagram,4d6a67ab-9313-4f77-a82e-abb18adbca5d,b8b7b00d-5040-4f1b-be54-e49d49723e62,IG Reel,VIDEO,22.3.2026 18:00:36,"Co Kopec studoval než k nám přestoupil? 🤔

Tipujte v komentářích a správnou odpověď se dozvíš zítra na poslední zápase semestru! 

Derby s @united_hk už zítra od 19:45 a vstupenky koupíš přes dokaž v BIU!",https://www.instagram.com/reel/DWMikBpjMM5/,,4240,78,,5
@univerzitnihokej,facebook,01b45180-0b14-4a14-96e8-d0a4bab1fb9f,ca1628e7-4424-4ba7-9f94-10ea0f893826,FB Post,IMAGE,2.4.2026 8:26:02,"Semifinále PLAY-IN je za námi, teď už čeká týmy poslední krok před Final Four v Edenu! 😤 Už příští středu poznáme 3️⃣ postupující. O posledním místě se rozhodne v Lucky Loser zápase. ⚔️

Cesta na Final Four se blíží ke konci a všechno to vyvrcholí 16. a 17. dubna v Edenu! 🔥 Vstupenky na finalfour.cz",https://www.facebook.com/1275398168115026/posts/1276356448019198,279,,7,,
@united_hk,instagram,b18c071b-0570-48b2-b743-990c668c3c5b,f88d1f97-5365-4d0e-b0c9-3733e1174762,IG Story,VIDEO,26.8.2026 17:01:22,@radimkala  SROVNÁVÁME 💥,https://www.instagram.com/stories/united_hk/3972372157291860712,,805,,,1
@united_hk,instagram,b18c071b-0570-48b2-b743-990c668c3c5b,03f1901b-571a-4934-a189-2996512e991c,IG Post,IMAGE,25.8.2026 17:36:16,"Zítra pokračujeme v přípravě. 🏒

V ČPP aréně nás čeká další přípravný zápas, tentokrát proti juniorům HC Náchod.

🕠 17:30
📍 ČPP aréna
🎟️ Vstup zdarma

Stav se.

#unitedhk #hradeckralove #uhk",https://www.instagram.com/p/DceLvwnI_VJ/,,4516,95,,27
@akademiciplzen,instagram,65494228-95bf-4f7b-8e68-d47d7262db66,6b8a479e-1a6c-41e3-959d-572d08047c84,IG Story,VIDEO,7.4.2026 14:00:49,,https://www.instagram.com/stories/akademiciplzen/3870087892936959946,,985,,,
@univerzitnihokej,instagram,1e114592-3529-4cfe-9977-2598454053af,83d8b678-16a2-4bf7-b6e8-e66b9f58aa9c,IG Story,VIDEO,12.4.2026 11:50:37,,https://www.instagram.com/stories/univerzitnihokej/3873646243234720010,,1391,,,1
@engineersprague,facebook,afd06d1d-7b1c-4f66-8d93-ce4255ab773c,881aa2b8-2109-4572-b6b1-33039f9a7edb,FB Story,VIDEO,10.3.2026 18:39:08,,,,,,,
@univerzitnihokej,facebook,01b45180-0b14-4a14-96e8-d0a4bab1fb9f,c18ab7be-a3bd-4814-b543-9c89dc48f35b,FB Post,IMAGE,9.4.2026 10:26:12,VŠE Falcons přiletí 16.4. taky do Edenu! 🦅 Vstupenky na finalfour.cz 🎟️,https://www.facebook.com/1275398168115026/posts/1281862870801889,537,,4,,
@boostrava,instagram,1176ddaf-d366-48a2-9639-3c6694c72c85,ca36f5b6-2a01-400e-bbea-de39f4686137,IG Story,VIDEO,31.3.2026 16:37:02,JDEME NA TO! 🔥,https://www.instagram.com/stories/boostrava/3865093116303015355,,826,,,1
@riderspardubice,instagram,4d6a67ab-9313-4f77-a82e-abb18adbca5d,1d824c03-3aaf-46b9-af0a-53ea914810aa,IG Story,IMAGE,17.4.2026 13:15:42,ZPÁTKY DO PRAHY!,https://www.instagram.com/stories/riderspardubice/3877312945449625462,,1172,,,
@akademiciplzen,instagram,65494228-95bf-4f7b-8e68-d47d7262db66,43942b65-3bf2-4f60-bf3f-8cba80d9702a,IG Story,VIDEO,17.4.2026 18:50:19,"FINAL FOUR! FINAL FOUR! TOMÁŠ PÁNEK
 TOMÁŠ PÁNEK Jako náš zástupce na zahájení historicky prvního @t_pain_6",https://www.instagram.com/stories/akademiciplzen/3877481098091693376,,1340,,,
@cvutengineers,instagram,11963a07-7f0f-48e6-9d81-aa63a7ff4a04,43a9ae12-a6eb-4d6f-8f81-f19d614f46f3,IG Post,IMAGE,16.4.2026 6:36:45,"FINAL FOUR JE TADY! 🔥
Po roce se v nejdůležitějším bodě sezony opět utkáme s VŠE Falcons. Bude to tvrdý boj a my potřebujeme, abyste u toho byli s námi. Přijďte ukázat, že jsme to právě my, kdo má SRDCE LVA! 🦁

#engprg #srdcelva #finalfour",https://www.instagram.com/p/DXLru5fjFlI/,,9137,127,,18
@AkademiciPlzen,facebook,d87b94e3-03e8-45d0-b92e-75e9b819545c,95a4a4b8-d1e8-41cf-849c-d34410a67b3d,FB Post,IMAGE,26.3.2026 19:39:49,"ALL IN.

#akademiciplzen",https://www.facebook.com/1357105236437494/posts/1352724270208924,299,,1,,
@riderspardubice,facebook,f99ed6c3-17cc-46f4-a32e-d9b0576ce2df,f7ec5c3b-fe1a-47dd-a02f-f5230c846748,FB Video,VIDEO,19.4.2026 12:23:19,"I tak to někdy vyjde. 🤷🏼‍♂️ Ale to neznamená, že se nebude podporovat!",https://www.facebook.com/reel/1293835782877516/,1704,724,3,,
@univerzitnihokej,instagram,1e114592-3529-4cfe-9977-2598454053af,dda1aee9-8a37-4cec-b609-596db92c7527,IG Story,VIDEO,27.4.2026 18:01:39,JAK VYPADALO HISTORICKY PRVNÍ @unihokejfinalfour ? 🤗 👀 🎥,https://www.instagram.com/stories/univerzitnihokej/3884704519539980887,,1325,,,5
@univerzitnihokej,instagram,1e114592-3529-4cfe-9977-2598454053af,e60ad200-f94a-426f-9d3f-0b28170e5e08,IG Post,IMAGE,5.3.2026 17:47:37,"Finále univerzitního hokeje se blíží 🔥 1. vlna denních balíčků na FINAL FOUR je v prodeji a nejlevnější lístky pořiďte do 1. 4. ⏳

🎟️ www.finalfour.cz",https://www.instagram.com/p/DVgv1MvCO5j/,,4019,45,,14
@united_hk,instagram,b18c071b-0570-48b2-b743-990c668c3c5b,1831e4da-7e64-485e-bc69-1d8c6841190f,IG Post,PHOTO,31.3.2026 19:17:48,"Jeden zápas rozhodl všechno.
Bohužel to nevyšlo a sezóna tím pro nás končí.

Mrzí to. Ale díky všem, co byli s námi🧡
#unitedhk #unihokej #hokej",https://www.instagram.com/p/DWj2HWHCGx5/,,3807,155,4,30
@univerzitnihokej,instagram,1e114592-3529-4cfe-9977-2598454053af,9ed23cb7-ca8f-4633-9346-690cf6ecc4ec,IG Post,IMAGE,22.3.2026 17:55:23,"V předposledním týdnu základní části překvapili Riders v Ostravě, BOčko naopak sebralo bod druhým Engineers po prodloužení. 🫨 UNIted, Black Dogs i Akademici přestříleli soupeře z nižších pozic a berou 3 body. 🙏🏼",https://www.instagram.com/p/DWMhQudiF1Q/,,3287,63,,2
@riderspardubice,instagram,4d6a67ab-9313-4f77-a82e-abb18adbca5d,acf1720c-40ae-41f8-b039-9fa8ee252494,IG Reel,VIDEO,5.8.2026 15:40:42,"Pár rychlých otázek na našeho asistenta trenéra👀

🤫Co nám prozradil?",https://www.instagram.com/reel/DbqeuQDIBT6/,,3299,66,1,17
vsefalcons,instagram,709fceba-e311-48e7-9057-f54a587abf4a,6ec65ec8-98c2-450f-a678-db5999d35e9f,IG Story,VIDEO,17.4.2026 14:07:28,,https://www.instagram.com/stories/vsefalcons/3877338858304094887,903,918,,,1
vsefalcons,instagram,709fceba-e311-48e7-9057-f54a587abf4a,0d5e6f73-da29-4675-975f-5f544a70b083,IG Story,VIDEO,10.3.2026 19:25:40,otevírá skóre zápasu 🫨,https://www.instagram.com/stories/vsefalcons/3849957713979664371,,,,,
@AkademiciPlzen,facebook,d87b94e3-03e8-45d0-b92e-75e9b819545c,db38b69c-258b-4f6c-90e3-6df5f6ebaf8d,FB Post,IMAGE,16.7.2026 12:24:22,"MVP sezóny 🏆

Tomáš Pánek si z letošního Galavečera odnesl ocenění pro nejužitečnějšího hráče sezóny.

Jako asistent kapitána byl jedním z lídrů našeho týmu na ledě i v kabině. Aktuálně dokončil bakalářské studium, s univerzitním výběrem vybojoval bronz na Viking Cupu v Kanadě, reprezentoval nás na US College Tripu a svými výkony si vysloužil také pozvánku na přípravný kemp před Zimními světovými univerzitními hrami 2027.

Jsme hrdí, že součástí našeho týmu je právě takový srdcař! 💙

#akademiciplzen | 🎥 @yzproduction.cz | 📷 @vpotocesevodatoci",https://www.facebook.com/1357105236437494/posts/1447462820735068,712,,4,,
@engineersprague,facebook,afd06d1d-7b1c-4f66-8d93-ce4255ab773c,4e761bc8-8f4f-410c-9fcb-0136b5718d6a,FB Post,IMAGE,26.8.2026 16:58:23,"JSME ZPĚT! 🔥 
A začínáme pěkně zostra PRAŽSKÝM DERBY proti UK Kings Prague 
Pojďme společně vytvořit pořádnou atmosféru a oslavit začátek sezony! 

22.9. | 18:45 | ZS HVĚZDA
Lístky v biu na profilu🎟️",https://www.facebook.com/1560924572517692/posts/1698387685438046,605,,2,,
@hcmuni,facebook,d1f9e9f9-7526-42d4-85aa-13f91e89f7cf,400dfd61-5bac-4492-b50c-28a241b45f6a,FB Post,IMAGE,19.3.2026 11:42:01,"COLD mode ON🔥, tím se řídí náš @_novas_44_ 
8 gólů, 4 asistence, 6 zápasů⚔️
Nejmladší hráč @univerzitnihokej a nejlepší střelec MUNI🏒

#hcmuni",https://www.facebook.com/1581741777288398/posts/1569724008490175,3750,,88,,
@AkademiciPlzen,facebook,d87b94e3-03e8-45d0-b92e-75e9b819545c,533a13bb-a8d6-40f2-8f6b-abbeef439d68,FB Post,IMAGE,12.3.2026 11:45:04,"Kup si lístek na zápas a vyhraj lístky do kina! 🍿

Ve středu 1. 4. hrajeme s největší pravděpodobností poslední domácí zápas v téhle sezóně. Jedná se o zápas Play-in (nový formát Play-off). Přijďte udělat pořádný kotel, budeme vás potřebovat! 💙

Všichni, kdo si koupí vstupenku na tento zápas, automaticky zařazujeme do slosování o 2x2 lístky na zítřejší maraton 6 dílů Heated Rivalry v plzeňské Olympii.

Vyhlášení vítězů zítra v 10:30. 😎

Nenech si to utéct, kupuj lístky v komentářích a buď u toho! 🔥

#akademiciplzen",https://www.facebook.com/1357105236437494/posts/1340648051416546,681,,3,,
@cvutengineers,instagram,11963a07-7f0f-48e6-9d81-aa63a7ff4a04,6e5a710c-8a80-49d0-a900-60346fa1169b,IG Story,VIDEO,15.4.2026 6:38:58,,https://www.instagram.com/stories/cvutengineers/3875663740452742934,,1732,,,19
@united_hk,instagram,b18c071b-0570-48b2-b743-990c668c3c5b,7eddae06-53ce-4446-8b8d-688a75afac76,IG Story,VIDEO,23.8.2026 10:52:25,,https://www.instagram.com/stories/united_hk/3970012120661623745,,1010,,,1
vsefalcons,instagram,709fceba-e311-48e7-9057-f54a587abf4a,b77cd506-030d-4bb2-a93e-15b92637b310,IG Story,VIDEO,12.3.2026 15:38:11,VIP servis 💅🏼,https://www.instagram.com/stories/vsefalcons/3851292766194137318,,1428,,,1
@engineersprague,facebook,afd06d1d-7b1c-4f66-8d93-ce4255ab773c,7915d63c-b87c-47b5-a4a0-c226b1e575ec,FB Post,IMAGE,18.4.2026 10:57:58,"Nemáme slov. Tohle ještě nějakou dobu bolet bude. 

📸: @novacek_photography @ondra_mann",https://www.facebook.com/1560924572517692/posts/1575779361032213,1061,,11,,
@AkademiciPlzen,facebook,d87b94e3-03e8-45d0-b92e-75e9b819545c,a2854eff-59f6-460e-96ee-f942cc5feae1,FB Post,PHOTO,30.3.2026 9:44:35,"Základní část už je minulostí.
Bereme 4. místo a jdeme do PLAY-IN. 🔥💙

Teď začíná ta nejnapínavější část sezony. Díky všem, co byli celou dobu s námi, a jedeme dál! 💣

#akademiciplzen",https://www.facebook.com/1357105236437494/posts/1355628446585173,1517,,16,,
@united_hk,instagram,b18c071b-0570-48b2-b743-990c668c3c5b,e396715c-14b9-4267-b57a-b99244c4b790,IG Story,VIDEO,13.4.2026 7:58:47,"trenére! @jakubloucka  Děkujeme za všechno, trenére!",https://www.instagram.com/stories/united_hk/3874254335232209867,,716,,,
@bitvaoprahu,facebook,75e0f41f-82be-4f82-a77b-82ac11135ed2,34419afd-c7ab-4e6a-ba52-723beadf3c7c,FB Video,VIDEO,12.3.2026 17:01:37,"TICK, TICK, BOOM! 🚨🎯

Bitva o bronz živě na @sport_ct ➕. #bitvaoprahu",https://www.facebook.com/reel/1241988201464931/,1088,288,3,,
@cvutengineers,instagram,11963a07-7f0f-48e6-9d81-aa63a7ff4a04,f42837bc-94eb-42a6-b31e-a3ef0d7df5a9,IG Story,VIDEO,7.4.2026 17:27:05,POZOR POZOR! ZÍTRA OPĚT ROZDÁVÁME 150 PROUDŮ,https://www.instagram.com/stories/cvutengineers/3870191708101471025,,1323,,,20
@hc_muni,instagram,43cd62c8-609d-4ea6-8ce9-cae5242ede0c,6f7a5969-0355-46b6-a508-5301318addf7,IG Story,VIDEO,1.4.2026 11:27:47,🤯,https://www.instagram.com/stories/hc_muni/3865662220533266489,,650,,,1
@univerzitnihokej,instagram,1e114592-3529-4cfe-9977-2598454053af,7f480cb1-e51d-4f64-940c-f857b27b4b47,IG Post,IMAGE,26.3.2026 18:55:38,"I když byla letošní sezóna @hcnorthwings plná překážek, bojovali statečně a odnesli si dokonce pohár ze Souboje dobyvatelů 💛

Děkujeme, jsme na vás pyšný a těšíme se zase příští sezónu! 👋🏼",https://www.instagram.com/p/DWW8TuNiIIy/,,13060,396,2,13
@univerzitnihokej,instagram,1e114592-3529-4cfe-9977-2598454053af,303d7d43-5570-4205-9a33-5632c6024821,IG Story,VIDEO,12.4.2026 20:01:45,,https://www.instagram.com/stories/univerzitnihokej/3873893484016968467,,507,,,
@akademiciplzen,instagram,65494228-95bf-4f7b-8e68-d47d7262db66,030521aa-3697-4b87-b62b-362adc44c5ac,IG Story,VIDEO,1.4.2026 18:34:12,,https://www.instagram.com/stories/akademiciplzen/3865876837977302505,,1052,,,
@AkademiciPlzen,facebook,d87b94e3-03e8-45d0-b92e-75e9b819545c,2dda8de2-0812-4141-8868-e6138e608fae,FB Post,IMAGE,3.4.2026 19:43:07,"Gratulujeme Marcelovi Marcelovi a Filipu Přikrylovi k nominaci na reprezentační kemp v Karlových Varech před mistrovstvím světa Český hokej! 🇨🇿🤩

Dva plzeňští odchovanci z Tipsport extraliga se před závěrem naší sezóny objevili i na našich trénincích, a my jim teď budeme držet palce na další velké výzvě. 🔥

Kluci, posíláme vám z Plzně hodně štěstí!",https://www.facebook.com/1357105236437494/posts/1359351999546151,2175,,17,,
@akademiciplzen,instagram,65494228-95bf-4f7b-8e68-d47d7262db66,8598fa4d-322c-49c8-9128-b750c6c2187d,IG Story,VIDEO,27.8.2026 17:27:47,TREFIL SE  ŠIMON KAISER! 17 2 : 0 @kaiser_sim_,https://www.instagram.com/stories/akademiciplzen/3973111400016701335,,1468,,,2
@riderspardubice,instagram,4d6a67ab-9313-4f77-a82e-abb18adbca5d,73a676da-155f-4939-9d46-1066b719176b,IG Story,VIDEO,15.4.2026 18:52:46,VYHLAŠUJEME SOUTĚŽ!  Správná odpověď  byla @enteria_holding  @diana_landova 👏,https://www.instagram.com/stories/riderspardubice/3876033101273254623,,566,,,3
univerzitnihokej,tiktok,01c88cf9-594f-408e-a45a-95114221acae,397a622a-353b-4a34-8644-591521c2ef91,TT Video,VIDEO,21.4.2026 17:04:30,Co se stane ve sprchách… zůstane ve sprchách 😏🚿,https://www.tiktok.com/@univerzitnihokej/video/7631259509243006230?utm_campaign=tt4d_open_api&utm_source=7348986504397455361,,29461,3409,8,1004
@univerzitnihokej,instagram,1e114592-3529-4cfe-9977-2598454053af,8bd7b72f-6668-4144-9a5f-b33d8cf9b472,IG Post,IMAGE,7.3.2026 20:32:25,Black Dogs si při sobotním výletě z Prahy odvážejí 3 body ✅,https://www.instagram.com/p/DVmMR9-iKUN/,,2742,36,,5
vsefalcons,instagram,709fceba-e311-48e7-9057-f54a587abf4a,a981de4b-e875-4e01-850b-c35b7fd690cd,IG Story,VIDEO,6.5.2026 18:24:19,FALCONS NA VÝPRAVĚ @ukkingsprague 🍻,https://www.instagram.com/stories/vsefalcons/3891238864211732128,,1034,,,4
vsefalcons,instagram,709fceba-e311-48e7-9057-f54a587abf4a,cd9f8871-f2cd-42e7-95d0-b727a3197b86,IG Story,IMAGE,2.3.2026 11:17:59,"*takhle happy zítra budeš, protože stihneš proud za free",https://www.instagram.com/stories/vsefalcons/3843914043778178432,618,857,,,7
@univerzitnihokej,facebook,01b45180-0b14-4a14-96e8-d0a4bab1fb9f,40d5237c-c09a-4962-abaa-60418d7ebf60,FB Post,PHOTO,31.3.2026 19:45:53,Falcons si v prodloužení zajistili místo ve finále PLAY-IN 🦅🔥,https://www.facebook.com/1275398168115026/posts/1275101134811396,806,,2,,
@univerzitnihokej,instagram,1e114592-3529-4cfe-9977-2598454053af,6213df19-076c-4863-b022-1c05d7773ce2,IG Post,IMAGE,2.3.2026 12:48:42,"Tomáš Koblížek je důkazem, že hokej, studium a kariéra se nevylučují.

2× univerziáda 🇨🇿, postup s @piratichomutov do Maxa ligy, titul Ing. na VŠE 🎓 A teď nová etapa u Řízení letového provozu ✈️

Tome, díky za reprezentaci univerzitní cesty na nejvyšší úrovni. 👏 Ať se daří na nové životní dráze. 🛫",https://www.instagram.com/p/DVYfPKLiB2N/,,23414,698,4,37
@unitedhk,facebook,bfe6cc29-a387-41b9-9bca-b077722556af,db1441b8-0ea4-4e8d-98bb-4eca362bd0e9,FB Post,IMAGE,14.4.2026 16:28:33,"VYHRAJ VSTUPENKY NA
Beats for Love festival s naším generálním partnerem ČSOB CZ 🎶

Založ si účet skrz odkaz 👉 bit.ly/unihokejcsob
 a prvních 8 z Vás si užije
Beats for Love festival zdarma 🔥",https://www.facebook.com/122180651084388974/posts/122181249428388974,145,,,,
@riderspardubice,facebook,f99ed6c3-17cc-46f4-a32e-d9b0576ce2df,e2effc45-c8ef-4397-b0ad-76b94720223f,FB Video,VIDEO,31.3.2026 21:20:50,"UNO REVERSE CARD 🙌🙌
Letsgoo!",https://www.facebook.com/reel/1720115502692180/,980,424,5,,
vsefalcons,instagram,709fceba-e311-48e7-9057-f54a587abf4a,1d296190-1816-4fff-96bd-e020017b9f3f,IG Story,VIDEO,8.2.2026 9:57:13,GAMEDAY *vlaštovky už letí 🦅,https://www.instagram.com/stories/vsefalcons/3827928322613506948,,1003,,,1
vsefalcons,instagram,709fceba-e311-48e7-9057-f54a587abf4a,6eb5ac79-0008-4a2c-a79b-672f3dfce902,IG Reel,VIDEO,5.9.2026 7:27:33,Prošli kluci touhle zkouškou? 🧐,https://www.instagram.com/reel/Dc5a-3GIlW6/,,11485,158,2,16
@univerzitnihokej,instagram,1e114592-3529-4cfe-9977-2598454053af,86c1ba41-6341-4625-b889-715b22913280,IG Story,VIDEO,8.4.2026 17:38:05,2 0,https://www.instagram.com/stories/univerzitnihokej/3870922033911605847,,871,,,2
@riderspardubice,instagram,4d6a67ab-9313-4f77-a82e-abb18adbca5d,996789e2-8450-41d8-8856-fac5b0418645,IG Story,VIDEO,2.9.2026 18:01:33,🍀,https://www.instagram.com/stories/riderspardubice/3977475909267559274,,825,,,2
@VUTCavaliersBrno,facebook,3351b43e-4b71-442b-b2f1-920cd6e57ee5,c2a13ff9-5fe6-4331-8eeb-edda8b2b58c2,FB Video,VIDEO,24.8.2026 12:19:17,sestřih z víkendového tryoutu 🏒,https://www.facebook.com/reel/1060651923328578/,509,187,5,,
@riderspardubice,facebook,f99ed6c3-17cc-46f4-a32e-d9b0576ce2df,c62eac3c-7b47-40d2-8e0b-85560f90d751,FB Post,IMAGE,11.3.2026 10:30:03,"Emoce vyhraného zápasu 🔥🤩

A 23. března nás čeká Last Dance! Poslední domácí zápas sezony a zároveň poslední zápas v dresu Riders pro @dominikkopecky_99 a @daniel.skryp!",https://www.facebook.com/1592662819534019/posts/1573377881462513,568,,9,,
@vutcavaliersbrno,instagram,b384bebf-72f3-4f9d-8b2d-3677709f6966,e4430ecb-bf69-42c1-a641-6c5ff29bf447,IG Story,VIDEO,14.4.2026 8:57:39,,https://www.instagram.com/stories/vutcavaliersbrno/3875008739744973184,,534,,,
vsefalcons,instagram,709fceba-e311-48e7-9057-f54a587abf4a,fcabcabe-018f-4a72-8d6c-51fee5802eba,IG Story,VIDEO,12.3.2026 17:04:51,TAK TOHLE MILUJEME,https://www.instagram.com/stories/vsefalcons/3851336384011310461,1505,1176,,,
vsefalcons,instagram,709fceba-e311-48e7-9057-f54a587abf4a,0c2b32d8-2762-4e11-9470-630d10a484fd,IG Story,VIDEO,17.2.2026 17:10:51,,https://www.instagram.com/stories/vsefalcons/3834669533495856225,762,1039,,,
vsefalcons,instagram,709fceba-e311-48e7-9057-f54a587abf4a,0e5404bb-0594-4b52-a464-6a79d7c412a7,IG Story,VIDEO,13.3.2026 17:01:09,,https://www.instagram.com/stories/vsefalcons/3852059276240025494,831,727,,,2
@united_hk,instagram,b18c071b-0570-48b2-b743-990c668c3c5b,a1913fed-389a-46c2-908e-562954fac771,IG Post,IMAGE,31.8.2026 16:43:02,"Za 4 týdny jsme zpátky doma.

Nová sezóna. První domácí zápas. A večer, kterým to celé rozjedeme.

📅 28. 9. 2026
🏒 UNIted HK × BO Ostrava
📍 ČPP aréna

17:00 Pop-up party
18:45 Slavnostní zahájení

OTVÍRÁK sezóny 2026/27.

Více na unitedhk.cz/otvirak",https://www.instagram.com/p/DctiuHwoOOp/,,12457,173,,63
vsefalcons,instagram,709fceba-e311-48e7-9057-f54a587abf4a,a651faf2-1875-4cad-b19c-ef1bd0348ffa,IG Story,VIDEO,2.3.2026 11:16:55,A TO SE VYPLATÍ!,https://www.instagram.com/stories/vsefalcons/3843913477706528444,636,846,,,
vsefalcons,instagram,709fceba-e311-48e7-9057-f54a587abf4a,617ca837-547a-4f1d-83c6-d2f1bb06d92e,IG Story,VIDEO,20.8.2026 18:32:51,☄️ @dkoty_22,https://www.instagram.com/stories/vsefalcons/3968069574020623790,,904,,,1
@univerzitnihokej,instagram,1e114592-3529-4cfe-9977-2598454053af,61931731-c3f0-43a1-9f20-844f507995a9,IG Post,IMAGE,4.3.2026 22:15:52,Největší překvapení večera? Akademici zdolali v prodloužení vůdce tabulky 💪🏼,https://www.instagram.com/p/DVepvBwCEF_/,,4199,101,,2
@cvutengineers,instagram,11963a07-7f0f-48e6-9d81-aa63a7ff4a04,e2d13fda-ce39-4d85-9a4f-f029a8293d3b,IG Story,VIDEO,17.4.2026 17:47:12,TI NEJLEPŠÍ  @engineerskotel 🦁 🦁,https://www.instagram.com/stories/cvutengineers/3877449080712767875,,1800,,,8
@univerzitnihokej,facebook,01b45180-0b14-4a14-96e8-d0a4bab1fb9f,f9435518-0df9-4d41-9a6d-439d6ac31d4a,FB Post,IMAGE,12.4.2026 13:59:10,"FINAL FOUR JE KOMPLETNÍ! ✅

Tahle čtyřka bude už ve čtvrtek a pátek bojovat o titul 🏆

Jak bude vypadat program čtvrtečních semifinále?
🕐 16:30 | @ukkingsprague vs. @riderspardubice 
🕐 20:15 | @cvutengineers vs. @vsefalcons 

Nejlevnější lístky najdeš právě teď na finalfour.cz 🎟️",https://www.facebook.com/1275398168115026/posts/1284247317230111,2197,,35,,
vsefalcons,instagram,709fceba-e311-48e7-9057-f54a587abf4a,365e2231-2741-46c7-89b0-bc6821c56612,IG Story,VIDEO,6.2.2026 7:33:09,,https://www.instagram.com/stories/vsefalcons/3826406230067781464,,782,,,1
@cvutengineers,instagram,11963a07-7f0f-48e6-9d81-aa63a7ff4a04,49c68987-7c6c-4d9f-ae17-4b892f532bdd,IG Post,IMAGE,12.3.2026 22:38:09,"Dneska to nedopadlo podle našich představ… Vy jste při nás ale i tak stáli, a za to vám DĚKUJEME. 💙

Vrátíme se silnější 🫡",https://www.instagram.com/p/DVzSBOKDANN/,,13272,274,,9
@riderspardubice,instagram,4d6a67ab-9313-4f77-a82e-abb18adbca5d,cbe45dd3-ef28-45b6-b701-29d6dad65fab,IG Story,VIDEO,26.8.2026 20:22:37,@prazak_matej 🔥,https://www.instagram.com/stories/riderspardubice/3972473484110562610,,456,,,9
@united_hk,instagram,b18c071b-0570-48b2-b743-990c668c3c5b,d521d9cd-8a05-449c-a304-d6377149af8a,IG Story,IMAGE,17.4.2026 14:38:49,Vedení bylo otestovat Eden!,https://www.instagram.com/stories/united_hk/3877354814971586767,,707,,,2
@cvutengineers,instagram,11963a07-7f0f-48e6-9d81-aa63a7ff4a04,09e690dc-e66c-4223-95b4-43043571684e,IG Story,VIDEO,2.4.2026 7:41:12,,https://www.instagram.com/stories/cvutengineers/3866272944599373173,,62,,,
@akademiciplzen,instagram,65494228-95bf-4f7b-8e68-d47d7262db66,3cf4a746-5165-4982-8f77-93998bf592a8,IG Post,IMAGE,16.3.2026 14:12:53,"Speciální návštěva na Jarní bitvě! 👀

Hráči fotbalového týmu ZČU dorazili ukázat pohár za své první vítězství v Univerzitní fotbalové lize. 🏆

Ještě jednou gratulujeme, kluci! 👏🏻🤩

📸 @vpotocesevodatoci",https://www.instagram.com/p/DV8sABsDA9-/,,20732,510,,45
@unitedhk,facebook,bfe6cc29-a387-41b9-9bca-b077722556af,6adc3e96-1c1c-43e8-b63c-3bc32ed5bedd,FB Post,IMAGE,15.3.2026 11:34:23,"Náš útočník Radek Bíman dnes slaví narozeniny.

Všechno nejlepší, Radku! 🎂
Užij si to.

🖤🧡",https://www.facebook.com/122180651084388974/posts/122178797006388974,148,,1,,
@akademiciplzen,instagram,65494228-95bf-4f7b-8e68-d47d7262db66,bb301825-2fa8-4855-96e2-d37d0ac1b212,IG Reel,REEL,30.3.2026 16:01:20,"Pokud máš hlad jako @zenisek_ , dej si Zott a buď dobrej! 😎😋

#zott #zotthungry #hungrydrinkthis",https://www.instagram.com/reel/DWg7S1EjDeP/,,15989,333,,29
vsefalcons,instagram,709fceba-e311-48e7-9057-f54a587abf4a,e40298bc-e958-4778-8b52-15863763cd88,IG Story,VIDEO,8.2.2026 18:41:37,@___pajer24  MATYÁŠ PEYERL 🧱,https://www.instagram.com/stories/vsefalcons/3828192273981009659,,817,,,4
@univerzitnihokej,instagram,1e114592-3529-4cfe-9977-2598454053af,0ca4f01e-2338-423e-902f-f17e874cf3b8,IG Post,IMAGE,4.3.2026 14:34:52,"S účtem u ČSOB dostaneš z afterparty Jarní bitvy v Plzni zpět 2️⃣0️⃣% z útraty.

Stačí si založit účet u @csobcz přes odkaz v našem biu.
Afterparty může bolet, účet už o něco míň. 😏",https://www.instagram.com/p/DVd0-lSCPC4/,,6310,71,,44
vsefalcons,instagram,709fceba-e311-48e7-9057-f54a587abf4a,20a5b209-1b35-4618-a6b1-b24a446f69eb,IG Story,VIDEO,7.5.2026 15:04:33,GRATULACE @vse_futsal,https://www.instagram.com/stories/vsefalcons/3891863105328161661,,577,,,
@univerzitnihokej,instagram,1e114592-3529-4cfe-9977-2598454053af,a8c7aec4-5feb-4429-beae-2acd67f0ae2e,IG Post,IMAGE,17.3.2026 21:29:20,Riders dnes přehráli BOčko a vezou si do Pardubic cenné 3 body! 💪🏼,https://www.instagram.com/p/DWACg1GiN5S/,,3547,79,,5
vsefalcons,instagram,709fceba-e311-48e7-9057-f54a587abf4a,ad40632c-1b02-46ec-9cae-335268de4be2,IG Story,IMAGE,8.4.2026 17:15:35,0 1 Theimer,https://www.instagram.com/stories/vsefalcons/3870910724994298890,897,820,,,
@unitedhk,facebook,bfe6cc29-a387-41b9-9bca-b077722556af,bb932298-63cf-40de-80b3-edd983b10514,FB Post,IMAGE,15.8.2026 8:29:00,"Jsme tady. 👋

Dva dny, jedno místo a pořádná porce triatlonu.

📍 Náměstí 5. května
📅 Sobota – Den Labe
📅 Neděle – IRONMAN

Stav se za námi ke stánku UNIted HK a Univerzity Hradec Králové.",https://www.facebook.com/122180651084388974/posts/122190982172388974,178,,1,,
vsefalcons,instagram,709fceba-e311-48e7-9057-f54a587abf4a,c1994604-111f-4829-be33-ed5de2fb0b84,IG Reel,REEL,11.3.2026 13:06:22,"Zítřejší afterparty může bolet… 😏 A kluci ti prozradí jejich taktiku! 
Založ si účet u ČSOB přes odkaz v našem biu a po afterparty získej 20 % cashback. 🤑",https://www.instagram.com/reel/DVvr1AbCBU7/,,11352,205,8,40
@akademiciplzen,instagram,65494228-95bf-4f7b-8e68-d47d7262db66,fa9b246d-8dde-4001-82d6-852ea21a3960,IG Story,VIDEO,1.4.2026 18:49:40,👊🏼 JDEME BOJOVAT!,https://www.instagram.com/stories/akademiciplzen/3865884631019301121,,1161,,,
@united_hk,instagram,b18c071b-0570-48b2-b743-990c668c3c5b,0818c815-b1b7-4c9d-808b-62099b38cb36,IG Story,VIDEO,25.4.2026 10:24:53,Jsme ready!,https://www.instagram.com/stories/united_hk/3883024934066767895,,1164,,,5
@univerzitnihokej,instagram,1e114592-3529-4cfe-9977-2598454053af,411f0360-1e6a-4542-9dc9-c9120fa59110,IG Post,IMAGE,13.3.2026 16:51:25,UK Kings Prague ovládli tabulku a 1. místo jim už nikdo nevezme! 👑 Na Bitvě o Prahu po výhře převzali pohár ČAUS. 🏆,https://www.instagram.com/p/DV1POzjiGzA/,,27449,604,,20
@vutcavaliersbrno,instagram,b384bebf-72f3-4f9d-8b2d-3677709f6966,54524079-b0b2-40b1-95e2-8ce6cb43a2f2,IG Story,VIDEO,1.4.2026 10:37:13,,https://www.instagram.com/stories/vutcavaliersbrno/3865636771425988532,,677,,,3
@univerzitnihokej,facebook,01b45180-0b14-4a14-96e8-d0a4bab1fb9f,b4dcc853-0646-4952-99a1-95ce9213d873,FB Post,IMAGE,25.3.2026 22:40:09,"Na závěr základní části nechyběly nájezdy, prodloužení ani gólový koncert 🎻 Farmers urvali 2 body v Plzni, brněnské derby patří MUNI a Engineers navařili desítku 🚨
…a teď už směr play-in 🔜",https://www.facebook.com/1275398168115026/posts/1270372391950937,837,,2,,
vsefalcons,instagram,709fceba-e311-48e7-9057-f54a587abf4a,bec0a73e-1747-436e-b0ab-986ae7308ae1,IG Reel,VIDEO,10.9.2026 15:52:40,"my jsme ready! skoro 😮‍💨
Buď ready taky, pořiď si lístky před odkaz na profilu 🫵🏼",https://www.instagram.com/reel/DdHMwVyoHHi/,,2255,102,,7
vsefalcons,instagram,709fceba-e311-48e7-9057-f54a587abf4a,d51ce113-41e8-41b8-aa0a-8ca15014f494,IG Story,VIDEO,11.1.2026 17:52:06,👀,https://www.instagram.com/stories/vsefalcons/3807873595964163216,,707,,,4
@VUTCavaliersBrno,facebook,3351b43e-4b71-442b-b2f1-920cd6e57ee5,0be3c3c7-c347-4e29-9e33-85755e463a87,FB Video,VIDEO,26.8.2026 15:15:07,Kdo z kluků byl nejblíž?,https://www.facebook.com/reel/1710751410624468/,655,283,4,,
@riderspardubice,instagram,4d6a67ab-9313-4f77-a82e-abb18adbca5d,2ec3238d-958d-4d68-8378-33c340b6858a,IG Reel,VIDEO,9.3.2026 19:43:43,Krásné výroční přeje celý tým Riders 💍🫶,https://www.instagram.com/reel/DVrQGitDIUA/,,12272,328,,11
@riderspardubice,instagram,4d6a67ab-9313-4f77-a82e-abb18adbca5d,830ed40f-ba1d-4416-910f-9ba7582f83ce,IG Story,VIDEO,5.4.2026 8:29:52,"DRESY MIZÍ, ALE STÁLE SE MŮŽEŠ ZAPOJIT!",https://www.instagram.com/stories/riderspardubice/3868471765563615435,,557,,,
@akademiciplzen,instagram,65494228-95bf-4f7b-8e68-d47d7262db66,784e3c9e-0b1e-49cf-abd6-099ab0b67748,IG Post,IMAGE,5.9.2026 19:19:01,"Jedno město. Dvě školy. Jen jeden vítěz. 

13. ročník BITVY O PLZEŇ je tady! 🔥

Na ledě nás čeká další kapitola toho největšího studentského derby. ⚔️ 

Roky rivality. Tisíce fanoušků. Atmosféra, na kterou se nezapomíná. 🤫

Opět tě čeká nezapomenutelná HALFTIME SHOW přímo na ledě a po závěrečné siréně si tenhle večer společně užijeme na legendární Afterparty. 🍻

Teď zbývá jediná otázka…

Překonáme loňský rekord počtu fanoušků? 👀

Spuštění nejlevnějšího předprodeje pouze na 24 hodin už brzy... 🤫⏳

#akademiciplzen | 🎨 @hikky.design",https://www.instagram.com/p/Dc6rg4wMzlo/,,56435,1066,16,1160
vsefalcons,instagram,709fceba-e311-48e7-9057-f54a587abf4a,cb33f7f5-cc25-4756-868e-d49efdb8f005,IG Story,VIDEO,26.1.2026 15:45:26,,https://www.instagram.com/stories/vsefalcons/3818681510455196813,,1066,,,5
vsefalcons,instagram,709fceba-e311-48e7-9057-f54a587abf4a,df2442c1-6e4b-46d9-bc35-8848f1670fd5,IG Story,VIDEO,3.3.2026 15:14:46,GRATULUJEME! @vita_sejto_novotny,https://www.instagram.com/stories/vsefalcons/3844757985625151448,712,1088,,,3
@vutcavaliersbrno,instagram,b384bebf-72f3-4f9d-8b2d-3677709f6966,99d14e0f-2455-4fc5-9724-c90ac60a499b,IG Story,IMAGE,1.4.2026 18:41:51,,https://www.instagram.com/stories/vutcavaliersbrno/3865880688096494288,,449,,,
@riderspardubice,instagram,4d6a67ab-9313-4f77-a82e-abb18adbca5d,fb89d37b-8d95-49f3-b9ee-940a543f2df5,IG Story,IMAGE,12.4.2026 14:29:01,,https://www.instagram.com/stories/riderspardubice/3873725967449769792,,1267,,,2
@218107044725785,facebook,7a942e3e-6c47-4794-9ba7-bbc7b6d40cb3,1cb2b179-1009-4085-9fc5-389976cd48e1,FB Video,VIDEO,19.3.2026 18:14:03,"Týden od bitvy utekl jako voda, tak si pojďme dát aspoň malý flashback v podobě rozcvičky 💪🏼",https://www.facebook.com/reel/1437991481298431/,559,283,4,,
@bitvaoprahu,instagram,d7c8aa06-74fb-4c6c-a7d2-c2fe1bf6d59c,2d7560f9-85a2-4843-a212-fd7c3248894b,IG Reel,VIDEO,12.3.2026 16:19:18,"ZAČÍNÁME! 🔥

Hala se nám pomalu zaplňuje! 🥁 Malé pražské univerzitní derby sleduj živě na @sport_ct ➕. 📺

#bitvaoprahu | @czufarmers ⚔️ @vsefalcons",https://www.instagram.com/reel/DVynHHWDKEJ/,,14976,467,,15
@univerzitnihokej,instagram,1e114592-3529-4cfe-9977-2598454053af,c507cee9-09cb-41c0-b48e-3556699ee057,IG Post,IMAGE,6.3.2026 16:38:26,"Letos s naším generálním partnerem @csobcz hrajeme o 1️⃣0️⃣0️⃣ 0️⃣0️⃣0️⃣Kč 💰

Stačí si založit účet u ČSOB přes link v našem biu a automaticky se zařadíš do osudí. 🎱 Momentálně v něm čeká posledních 150 míst! 👀",https://www.instagram.com/p/DVjMtWeiBBk/,,9942,60,,18
vsefalcons,instagram,709fceba-e311-48e7-9057-f54a587abf4a,cb855485-11d8-4b8a-b29a-77474cf7f847,IG Story,VIDEO,11.3.2026 18:45:09,,https://www.instagram.com/stories/vsefalcons/3850662059826537144,1169,610,,,1
@cvutengineers,instagram,11963a07-7f0f-48e6-9d81-aa63a7ff4a04,ea490d9f-57d2-49b4-a492-c87be67d16c1,IG Story,VIDEO,8.4.2026 18:28:06,🥅 BAUER přestávková soutěž @b_hockey_czech,https://www.instagram.com/stories/cvutengineers/3870947224717156408,,961,,,7
@univerzitnihokej,instagram,1e114592-3529-4cfe-9977-2598454053af,229c222f-e4f1-4f70-ba59-7e6e0e08fde4,IG Post,IMAGE,8.4.2026 19:37:32,"@ukkingsprague také vás vítáme v @unihokejfinalfour 👋🏻 Vidíme se 16. 4. na Edenu 🏟️

Vstupenky na finalfour.cz 🎟️",https://www.instagram.com/p/DW4fb52CL8Q/,,8626,141,1,16
@akademiciplzen,instagram,65494228-95bf-4f7b-8e68-d47d7262db66,31a16df5-4017-4d14-98f0-8a072cf1b811,IG Story,VIDEO,7.4.2026 21:24:41,"KAPITÁN V BRÁNĚ :
BRANKÁŘI DALI GÓL:
TRENÉŘI NA LEDĚ: ✅ ✅ ✅ @_jakubsucha_ @zenisek_ @lokajda2 @",https://www.instagram.com/stories/akademiciplzen/3870311327957040179,,300,,,2
@univerzitnihokej,facebook,01b45180-0b14-4a14-96e8-d0a4bab1fb9f,3f1e855b-dd7d-4fc8-abc1-ae45db7e8466,FB Post,IMAGE,23.3.2026 19:25:00,"Play-in klepe na dveře, takže si ho pojďme vysvětlit! 👆🏻⏰

Týmy na 3.–10. místě jdou do semifinále play-in, vítězové postupují do finále play-in. Týmy na 1.–2. místě vstupují až do finále play-in, kde se hraje o přímý postup. 👀

Dva lépe postavené týmy z poražených ve finále play-in dostanou ještě druhou šanci v lucky loser zápase o poslední místo. 🍀

4️⃣ nejlepší týmy se pak utkají v @unihokejfinalfour 16.–17. dubna v pražském Edenu.🗓️",https://www.facebook.com/1275398168115026/posts/1268617698793073,2296,,5,,
@univerzitnihokej,facebook,01b45180-0b14-4a14-96e8-d0a4bab1fb9f,f834dc7f-bb24-4748-a0c3-6192c77a51d2,FB Post,ALBUM,31.3.2026 20:18:12,Stejný výsledek. Stejný scénář. Oba postupy do finále play-in vybojovali @vsefalcons i @riderspardubice v prodloužení. 🤯,https://www.facebook.com/1275398168115026/posts/1275118091476367,549,,1,,
@engineersprague,facebook,afd06d1d-7b1c-4f66-8d93-ce4255ab773c,0b55bd4f-9aac-41cb-ba4f-c7431b9e72ed,FB Post,IMAGE,16.4.2026 7:27:23,"FINAL FOUR JE TADY! 🔥
Po roce se v nejdůležitějším bodě sezony opět utkáme s VŠE Falcons. Bude to tvrdý boj a my potřebujeme, abyste u toho byli s námi. Přijďte ukázat, že jsme to právě my, kdo má SRDCE LVA! 🦁",https://www.facebook.com/1560924572517692/posts/1573917174551765,1121,,12,,
@united_hk,instagram,b18c071b-0570-48b2-b743-990c668c3c5b,1176721c-109d-46b7-b8ba-eef146387b34,IG Story,VIDEO,28.8.2026 14:15:06,,https://www.instagram.com/stories/united_hk/3973738049661610417,,692,,,1
vsefalcons,instagram,709fceba-e311-48e7-9057-f54a587abf4a,37d22478-62a1-4e1e-9caf-855e09416e12,IG Story,VIDEO,14.3.2026 16:01:53,,https://www.instagram.com/stories/vsefalcons/3852754216049715562,763,842,,,1
@AkademiciPlzen,facebook,d87b94e3-03e8-45d0-b92e-75e9b819545c,4732cdb1-434a-4a3e-b050-3435e7fe21a8,FB Post,IMAGE,17.8.2026 8:55:37,"Jdeš studovat do Plzně a chceš si odnést ty nejlepší sportovní i kolektivní zážitky? 🏒⚔️

Ať už jsi z Lékařská fakulta v Plzni Univerzity Karlovy nebo Západočeská univerzita v Plzni, hledáme nové posily do týmu ZČU Akademici Plzeň, které chtějí ukázat, co v nich je, a jít do toho naplno. Reprezentuj svou školu, poměř síly s hráči z univerzit z celého Česka a zažij jedinečnou atmosféru univerzitního hokeje! 🎓🔥

🏒 POSLEDNÍ ŠANCE DOSTAT SE DO TÝMU!

📅 31. 8. & 1. 9.
📍 LOGSPEED CZ Aréna, Plzeň
🕒 Čas bude upřesněn

Chceš být u toho? Přihlas se na TRYOUTový dvojzápas a zabojuj o místo v týmu! 💪

📩 Přihlášky: beer@akademiciplzen.com

Vidíme se na ledě. 🫵🏻

#akademiciplzen",https://www.facebook.com/1357105236437494/posts/1474680444679972,1057,,2,,
@boostrava,instagram,1176ddaf-d366-48a2-9639-3c6694c72c85,c2f208e6-a629-422e-88e4-3570d0785d9a,IG Story,VIDEO,31.3.2026 19:15:54,,https://www.instagram.com/stories/boostrava/3865173049419259550,,628,,,6
@bitvaoprahu,instagram,d7c8aa06-74fb-4c6c-a7d2-c2fe1bf6d59c,156036a0-ea74-4dff-8273-f1378a1aebc0,IG Post,IMAGE,12.3.2026 22:36:05,"Tradičně už plný barák! 🏟️🥹

Jste úžasní, vážíme si každého z vás! 🙏🏼 #bitvaoprahu",https://www.instagram.com/p/DVzSaIEjMLP/,,76696,1876,5,233
vsefalcons,instagram,709fceba-e311-48e7-9057-f54a587abf4a,1d4f40c5-aff4-4998-9c90-9cedafd12803,IG Story,VIDEO,16.4.2026 16:37:44,BRAZILKA pro fancy footwork 🙂‍↔️,https://www.instagram.com/stories/vsefalcons/3876689655735271864,1114,1081,,1,2
@boostrava,instagram,1176ddaf-d366-48a2-9639-3c6694c72c85,34f941cd-1217-43ac-9286-8b63b01b915c,IG Post,ALBUM,26.3.2026 8:17:06,"POSLEDNÍ ZÁPAS základní části máme za sebou!🔥
Teď se chystáme na PLAY-IN, kde už půjde o všechno!
Věříme ve Vaši maximální podporu☘️",https://www.instagram.com/p/DWVzO9XjLtI/,,3969,115,,30
@univerzitnihokej,facebook,01b45180-0b14-4a14-96e8-d0a4bab1fb9f,461fce09-3555-4835-9bd1-13081c93940d,FB Post,IMAGE,6.3.2026 16:38:37,"Letos s naším generálním partnerem @csobcz hrajeme o 1️⃣0️⃣0️⃣ 0️⃣0️⃣0️⃣Kč 💰

Stačí si založit účet u ČSOB přes link v našem biu a automaticky se zařadíš do osudí. 🎱 Momentálně v něm čeká posledních 150 míst! 👀",https://www.facebook.com/1275398168115026/posts/1255243316797178,527,,,,
@riderspardubice,instagram,4d6a67ab-9313-4f77-a82e-abb18adbca5d,c1d79c6e-281f-483c-b14c-e427bdb978ae,IG Story,VIDEO,12.4.2026 12:54:33,TEĎ JDE O VŠECHNO!,https://www.instagram.com/stories/riderspardubice/3873678514050614431,,1116,,,3
vsefalcons,instagram,709fceba-e311-48e7-9057-f54a587abf4a,19f54c0c-7d88-41bb-96d6-0f28235f5a00,IG Story,VIDEO,18.1.2026 19:36:25,,https://www.instagram.com/stories/vsefalcons/3812999630548386070,,946,,,1
@riderspardubice,instagram,4d6a67ab-9313-4f77-a82e-abb18adbca5d,4957d23f-2073-4d7b-8a9f-9a87592ba521,IG Story,VIDEO,17.4.2026 16:21:35,,https://www.instagram.com/stories/riderspardubice/3877406303786417855,,901,,,3
@riderspardubice,instagram,4d6a67ab-9313-4f77-a82e-abb18adbca5d,6b0fafcf-8a29-4753-a21b-16b5bc86ec33,IG Post,IMAGE,17.4.2026 18:29:37,"Děkujeme 🫶

Dneska to necinklo, ale rvali jsme se a nenechali jsme to nikomu zadarmo.

Dokázali jsme se po nepříliš ideálním začátku sezóny zvednout a dotáhnout to mezi 4 nejlepší týmy ligy a zahrát si na historicky prvním @unihokejfinalfour v Edenu. 

A to už nám nikdy nikdo nevezme. 

Děkujeme všem, kteří nám fandili a speciálně těm, kteří při nás stáli od začátku sezony nebo dokonce těm kteří při nás stojí od začátku Riders samotných. Vážíme si toho.",https://www.instagram.com/p/DXPh5OrjC0t/,,9869,311,4,18
@riderspardubice,instagram,4d6a67ab-9313-4f77-a82e-abb18adbca5d,6b3ed051-8d46-475f-98b2-1dca285c7b7b,IG Post,IMAGE,14.4.2026 16:38:45,"Název jakeho stavebniho holdingu nese pardubicka hokejova arena? 🧡

Označ holding do komentáře a my ze správných odpovědí zítra večer vylosujeme výherce dvou vstupenek na @unihokejfinalfour! 🙌",https://www.instagram.com/p/DXHnUPKDFnH/,,2501,59,41,4
@univerzitnihokej,facebook,01b45180-0b14-4a14-96e8-d0a4bab1fb9f,ac5bd6c3-74eb-4bb1-9481-e0cadad5001b,FB Post,IMAGE,19.3.2026 19:19:26,Swipuj doleva 👈🏼👀,https://www.facebook.com/1275398168115026/posts/1265087909146052,636,,1,,
vsefalcons,instagram,709fceba-e311-48e7-9057-f54a587abf4a,e1b8f76c-e0ed-42b7-bf88-a4fc15f33c67,IG Story,VIDEO,10.2.2026 21:07:12,JEŠTĚ NEKONČÍME,https://www.instagram.com/stories/vsefalcons/3829715095094095898,623,864,,,1
@univerzitnihokej,instagram,1e114592-3529-4cfe-9977-2598454053af,ec526ac2-d481-4603-ad2e-0c41a18d6fbd,IG Story,VIDEO,8.4.2026 20:47:08,POSTOUPIL TVŮJ TÝM? 🚀,https://www.instagram.com/stories/univerzitnihokej/3871017181295174064,,506,,,5
@riderspardubice,facebook,f99ed6c3-17cc-46f4-a32e-d9b0576ce2df,f0ce4129-99d0-4266-8f0c-8c9243bf84d0,FB Video,VIDEO,31.3.2026 20:35:33,"Tohle je naše cesta na které nás nyní čeká zápas ve finále play-in, který rozhodne, jestli se potkáme v Praze na @unihokejfinalfour‼️🤩🤩🤩🤩🤩",https://www.facebook.com/reel/1424337925571735/,633,155,8,,
univerzitnihokej,tiktok,01c88cf9-594f-408e-a45a-95114221acae,1a5f82de-9b99-4708-85c5-f4aedee5c7a1,TT Video,VIDEO,16.4.2026 20:01:56,"Branka zpátky na místě, kalhoty padají pořád... 😔",https://www.tiktok.com/@univerzitnihokej/video/7629449812110282006?utm_campaign=tt4d_open_api&utm_source=7348986504397455361,,1541,79,,5
vsefalcons,instagram,709fceba-e311-48e7-9057-f54a587abf4a,6b371df9-2837-4bcd-b90d-7c964efb90ef,IG Reel,VIDEO,22.2.2026 15:53:13,"Kmenový focení máme za sebou 🧌
Co z tohohle nakonec vzešlo se dozvíte brzy…",https://www.instagram.com/reel/DVELznwjMDm/,,7489,195,1,80
@cvutengineers,instagram,11963a07-7f0f-48e6-9d81-aa63a7ff4a04,b4990250-bfbc-475c-ab24-5a7c738ab9ab,IG Story,VIDEO,17.4.2026 18:15:47,ONE TEAM ONE DREAM,https://www.instagram.com/stories/cvutengineers/3877463891664221189,,2258,,,5
@218107044725785,facebook,7a942e3e-6c47-4794-9ba7-bbc7b6d40cb3,502cbcd5-3d80-4f1c-8c67-6af8974f3dec,FB Video,VIDEO,19.4.2026 11:35:56,Pojďte si s náma pro medaile 😍,https://www.facebook.com/reel/934561096111778/,1866,827,35,,
@engineersprague,facebook,afd06d1d-7b1c-4f66-8d93-ce4255ab773c,66359e2e-42ae-466a-ab9a-9c3ac13b5b92,FB Post,IMAGE,8.8.2026 11:32:29,"Chceš se stát součástí týmu Engineers Prague? Přijď k nám na tryout ukázat, co v tobě je! 🦁

📅 15. srpna |📍 ZS Hvězda, Praha | ⏰ Sraz 18:00

Pokud jsi to ještě neudělal, tak své hokejové CV 
pošli na:
📩 janasek@engineersprague.cz

Těšíme se na tebe!",https://www.facebook.com/1560924572517692/posts/1680913687185446,589,,2,,
@akademiciplzen,instagram,65494228-95bf-4f7b-8e68-d47d7262db66,acda1bfd-5565-4367-81a6-6ddebc86990b,IG Story,VIDEO,9.4.2026 20:52:50,"📅 NÁM TO SICE NEVYŠLO,
ALE PLÁN NA PŘÍŠTÍ TÝDEN JE JASNÝ!",https://www.instagram.com/stories/akademiciplzen/3871744823422353510,,335,,,
@unitedhk,facebook,bfe6cc29-a387-41b9-9bca-b077722556af,dd89a4c6-3bb9-4de7-adda-ac34c9654e4b,FB Video,VIDEO,2.9.2026 16:52:14,"Hokej je zpátky. Nová sezóna startuje! 

Souboje, góly, led a Otvírák - první domácí zápas nové sezóny.

Buď u toho s námi! 

29. září.
UNIted HK × BO Ostrava.
ČPP aréna.

🎟️ Prodej spouštíme 7. 9.

unitedhk.cz/otvirak",https://www.facebook.com/reel/2060837271215139/,339,127,5,,
@cvutengineers,instagram,11963a07-7f0f-48e6-9d81-aa63a7ff4a04,efcdfb29-3f18-4c9b-9072-fd2090d2cbfc,IG Story,VIDEO,17.4.2026 16:24:36,@maldiny.l  @tomanikpavel  @bernattomas16  @filip.stanek6,https://www.instagram.com/stories/cvutengineers/3877407938726082934,,1776,,,3
@united_hk,instagram,b18c071b-0570-48b2-b743-990c668c3c5b,22198a1c-3035-4878-a55d-56c9aeaa7f84,IG Reel,VIDEO,11.4.2026 14:40:20,"Wings for Life World Run – poběžíme pro ty, kteří nemohou! 🏃‍♀️

Přidej se k nám na charitativní běh Wings for Life a pomoz dobré věci 💙 

Ať už se přidáš k týmu UNITED nebo RIDERS, tvůj výkon se rozhodně bude počítat!⚡️

Celý výtěžek totiž putuje na výzkum poranění míchy🪽

Kdy? 10.5. ve 13:00
Kde? Šimkovy sady HK

Bližší informace najdeš na odkaze v biu👆🏻

#unitedhk #unihokej #hokej",https://www.instagram.com/reel/DW_rd5ACDu9/,,8133,181,1,27
@cvutengineers,instagram,11963a07-7f0f-48e6-9d81-aa63a7ff4a04,5700fc7f-9f41-4fe5-b702-b63b1fbfb66b,IG Story,VIDEO,15.4.2026 19:13:26,"JAK MOC SE TĚŠÍTE? DOUFÁME, ŽE STEJNĚ JAKO PAVEL",https://www.instagram.com/stories/cvutengineers/3876043456196158355,,1088,,,3
@BOhokej,facebook,c9082543-a03b-490f-8f97-66d439acce89,cd49a2ae-53fa-4f0a-8d2c-63786b734c2a,FB Post,IMAGE,31.7.2026 12:28:43,"🏒 Jsi student VŠB-TUO nebo OSU a hraješ hokej?🐺

Máš chuť posunout svůj hokej na další úroveň a stát se součástí skvělé party? Přidej se k univerzitnímu týmu BO Ostrava a zažij atmosféru Univerzitní ligy ledního hokeje.

Co tě čeká?
🔥 Tréninky na ledě i suchá příprava
🏟️ Zázemí RT TORAX Arény
🏒 26 zápasů základní části + PLAY IN
⚔️ Derby, výjezdy a boj o FINAL FOUR

A co za to?
✅ Skvělý kolektiv
✅ Možnost brigády u partnerů
✅ Pomoc se školou a stipendii
✅ Výstroj, servis, týmové oblečení i fitko
✅ A hlavně spousta nezapomenutelných zážitků

📩 Máš zájem?? Napiš nám do zpráv nebo na lukashajek4@gmail.com a staň se součástí BO Ostrava!

#BOOstrava #UniverzitniLiga #ULLH #Hokej #ostrava 🧡🖤",https://www.facebook.com/1477974067675582/posts/1587320573407597,397,,3,,
@boostrava,instagram,1176ddaf-d366-48a2-9639-3c6694c72c85,ee608781-b76d-4c5f-8680-194ef1f9662d,IG Reel,VIDEO,11.8.2026 17:43:11,We are back🔥,https://www.instagram.com/reel/Db6Jim2sBJp/,,3548,80,,13
@akademiciplzen,instagram,65494228-95bf-4f7b-8e68-d47d7262db66,2eea1f7f-313b-46a5-8985-00a7cf833695,IG Post,IMAGE,3.3.2026 15:58:28,"JARNÍ BITVA UŽ ZÍTRA! 👊🏻

Doraž včas na Proud, Redbull nebo svařák do fanzóny, nalaď hlasivky a pojď z toho udělat večer, na kterej se bude vzpomínat!

🕰️ 17:30 otevření fanzóny
📍 LOGSPEED CZ Aréna
🎟️ Lístky najdeš v biu nebo na plzenskabitva.cz

Tak co, bude nás ještě víc než loni? 🔥
#akademiciplzen",https://www.instagram.com/p/DVbZqK0jFJl/,,3427,72,,1
@218107044725785,facebook,7a942e3e-6c47-4794-9ba7-bbc7b6d40cb3,7670b11f-eaee-488a-8c9a-f19b4ce4e409,FB Video,VIDEO,9.4.2026 11:47:18,"Tři nebo tisíc je docela rozdíl, ale jak se říká, proti gustu žádný dišputát 🤓 

#vsefalcons",https://www.facebook.com/reel/1640543716984193/,585,228,1,,
@univerzitnihokej,instagram,1e114592-3529-4cfe-9977-2598454053af,7b125fd3-94e1-4a42-9954-48dc1955f76d,IG Story,VIDEO,31.3.2026 11:45:11,🚨 👀,https://www.instagram.com/stories/univerzitnihokej/3864946200160009485,,1294,,,1
vsefalcons,instagram,709fceba-e311-48e7-9057-f54a587abf4a,1da9c380-af24-4db9-856a-8c5b4b0e8a12,IG Story,VIDEO,28.1.2026 20:26:25,A  MŮŽEŠ PŘIJÍT NA TENHLE 🫵🏼,https://www.instagram.com/stories/vsefalcons/3820272451334968628,,913,,,
@AkademiciPlzen,facebook,d87b94e3-03e8-45d0-b92e-75e9b819545c,a5961c8a-5880-4dcc-944f-3c414ec2406d,FB Video,VIDEO,24.3.2026 9:29:56,"Velikonoční PLAY-IN je tady🐰🔥
Říháč už ladí formu… s Dádou v uších. 🍫

‼️ NEJSPÍŠ POSLEDNÍ DOMÁCÍ ZÁPAS
🎁 VELIKONOČNÍ NADÍLKA čeká

Tak buď u toho 🤩
🗓️ 1. 4. | 19:00
📍 LOGSPEED CZ Aréna

#akademiciplzen 💙",https://www.facebook.com/reel/1464045335199912/,466,189,,,
@engineersprague,facebook,afd06d1d-7b1c-4f66-8d93-ce4255ab773c,b1913cfa-f607-4e17-ae94-af91c0a9394e,FB Story,IMAGE,10.3.2026 20:26:43,,,,,,,
@bitvaoprahu,instagram,d7c8aa06-74fb-4c6c-a7d2-c2fe1bf6d59c,482566e0-807d-4788-b71d-9e494854423c,IG Post,IMAGE,11.3.2026 11:00:30,Královská rodino... uvidíme se v průvodu? 👀👑,https://www.instagram.com/p/DVvd_ROl-3K/,,13567,168,2,155
vsefalcons,instagram,709fceba-e311-48e7-9057-f54a587abf4a,5c275ff1-b479-4e7d-b87e-2ff486c6668e,IG Reel,REEL,19.3.2026 18:13:47,"Týden od bitvy utekl jako voda, tak si pojďme dát aspoň malý flashback v podobě rozcvičky 💪🏼",https://www.instagram.com/reel/DWE1peXiPuC/,,41050,2009,3,91
@hcnorthwings,facebook,2b08a479-603b-46e4-8a48-2bc0435ccd53,d4a7018a-be1c-42ce-bd35-0555d3c48900,FB Story,VIDEO,18.8.2026 17:38:00,,,,,,,
vsefalcons,instagram,709fceba-e311-48e7-9057-f54a587abf4a,6093d745-d598-4e85-8185-074412846bfc,IG Story,VIDEO,20.1.2026 8:02:51,✏️🗓️,https://www.instagram.com/stories/vsefalcons/3814099997730296533,,969,,,
@univerzitnihokej,instagram,1e114592-3529-4cfe-9977-2598454053af,3c59baca-14d7-48f6-8260-a968727b42d3,IG Reel,VIDEO,12.3.2026 16:38:42,"Pražští kluci už okoukali, jak se to v Brně dělá 💋",https://www.instagram.com/reel/DVypbHNCP2-/,,112357,5501,28,1288
@cvutengineers,instagram,11963a07-7f0f-48e6-9d81-aa63a7ff4a04,e05b568b-4a2d-4f4f-ac70-57a758e1f55d,IG Post,IMAGE,5.8.2026 14:13:59,"První trénink je za námi. 🏒 Po pauze jsme rádi, že jsme zase spolu. Teď už jen poctivě makat.💪",https://www.instagram.com/p/DbqVAWnjKMx/,,7775,216,,12
vsefalcons,instagram,709fceba-e311-48e7-9057-f54a587abf4a,0b587369-29b0-4da0-8760-fb7e42f37333,IG Story,VIDEO,8.4.2026 19:28:26,,https://www.instagram.com/stories/vsefalcons/3870977564508484911,801,642,,,
@riderspardubice,instagram,4d6a67ab-9313-4f77-a82e-abb18adbca5d,10989638-c9d7-4d31-9d31-e62b275174d6,IG Reel,VIDEO,17.4.2026 14:35:08,Začíná tu být horko 😮‍💨🔥,https://www.instagram.com/reel/DXPH5SojDiT/,,2375,88,,1
@cvutengineers,instagram,11963a07-7f0f-48e6-9d81-aa63a7ff4a04,315e8c8e-0338-4b59-8878-682cc55cf556,IG Story,VIDEO,17.4.2026 18:07:38,FOCUS,https://www.instagram.com/stories/cvutengineers/3877459667823924035,,1301,,,
@vutcavaliersbrno,instagram,b384bebf-72f3-4f9d-8b2d-3677709f6966,4df5f4fe-2480-42eb-9fb0-b7df872eff05,IG Story,VIDEO,16.4.2026 10:05:40,,https://www.instagram.com/stories/vutcavaliersbrno/3876492523858346068,,492,,,
@hc_muni,instagram,43cd62c8-609d-4ea6-8ce9-cae5242ede0c,4ec1b46c-f5f8-442a-8643-60237d7b5008,IG Story,VIDEO,30.8.2026 21:21:10,PRVNÍ VÝHRA ✅,https://www.instagram.com/stories/hc_muni/3975402211328809448,,176,,,
@univerzitnihokej,facebook,01b45180-0b14-4a14-96e8-d0a4bab1fb9f,c5c0cc4f-49f0-4455-a4e4-dc1264355cb9,FB Video,VIDEO,19.4.2026 18:17:24,"Výměna studia za stadion, aby audiokniha HR měla tu pravou atmosféru 🎧🔥",https://www.facebook.com/reel/937981889080105/,2104,978,3,,
@united_hk,instagram,b18c071b-0570-48b2-b743-990c668c3c5b,eebc5c57-305c-475c-b846-e66d915f0567,IG Story,VIDEO,14.4.2026 16:31:41,,https://www.instagram.com/stories/united_hk/3875237101469978902,,415,,,
@cvutengineers,instagram,11963a07-7f0f-48e6-9d81-aa63a7ff4a04,3615eb32-45ee-4554-bedf-fee02cb8a16e,IG Reel,VIDEO,9.9.2026 14:14:55,"První zápas sezony chceme odstartovat pořádně. 🔥
Přijď zaplnit tribuny a vytvořit atmosféru, která nás požene celý zápas! 🏒📣

22. 9. | 18:45 | ZS HVĚZDA
🎟️ Lístky v BIU na profilu",https://www.instagram.com/reel/DdEcnaYMwMi/,,5770,139,,22
@hc_muni,instagram,43cd62c8-609d-4ea6-8ce9-cae5242ede0c,cd72531d-2e3b-414d-8f71-393e6b1ae4f0,IG Reel,VIDEO,9.3.2026 14:46:26,"Pregame bonding 🔥
Tým 🤝 fanoušci 🤝 dobrý jídlo 🍗
Díky našemu partnerovi @kfc_cz za skvělou ochutnávku!
Smažák Zinger si taky dejte, doporučuje 10/10 Medvědů 🐻

#hcmuni #desetfakultjednarodina #kfc",https://www.instagram.com/reel/DVquObAjITY/,,19143,262,1,45
@vutcavaliersbrno,instagram,b384bebf-72f3-4f9d-8b2d-3677709f6966,d3409bd9-e2c2-47eb-8b92-77bd0c5ec598,IG Story,VIDEO,22.8.2026 12:22:51,,https://www.instagram.com/stories/vutcavaliersbrno/3969333050101792727,,777,,,
@hcmuni,facebook,d1f9e9f9-7526-42d4-85aa-13f91e89f7cf,3e9ed8a1-54c3-44ef-a907-e0368d95789f,FB Video,VIDEO,13.4.2026 14:22:50,"Sezóna 2025/26 už je sice pryč🏒 tyhle momenty si ale budeme všichni pamatovat ještě hodně dlouho 🐻💙

#hcmuni",https://www.facebook.com/reel/1691460521864539/,655,229,4,,
@riderspardubice,facebook,f99ed6c3-17cc-46f4-a32e-d9b0576ce2df,56ecbf40-731a-4669-8e53-c6e71809d42d,FB Post,IMAGE,20.4.2026 8:29:35,Střípky z Final Four ✨,https://www.facebook.com/1592662819534019/posts/1609736671159967,598,,8,,
vsefalcons,instagram,709fceba-e311-48e7-9057-f54a587abf4a,f46f3d84-59a3-4f93-86d9-29276812975f,IG Story,VIDEO,17.4.2026 16:38:03,NERVY NA STŘÍDAČCE PRACUJOU 😮‍💨,https://www.instagram.com/stories/vsefalcons/3877414667840940682,,854,,,
@engineersprague,facebook,afd06d1d-7b1c-4f66-8d93-ce4255ab773c,74f0b72a-b91a-46b5-81d3-f57b23da5f79,FB Video,VIDEO,9.9.2026 14:15:25,"První zápas sezony chceme odstartovat pořádně. 🔥
Přijď zaplnit tribuny a vytvořit atmosféru, která nás požene celý zápas! 🏒📣

22. 9. | 18:45 | ZS HVĚZDA
🎟️ Lístky v BIU na profilu",https://www.facebook.com/reel/28292276753773424/,507,144,6,,
vsefalcons,instagram,709fceba-e311-48e7-9057-f54a587abf4a,a4550320-7bdf-4769-9083-935ab2d0ad11,IG Reel,VIDEO,17.4.2026 8:43:25,"Takhle vypadal včerejší semifinálový zápas 🔥

Bohužel nevyšel podle plánu, ALE dneska si můžeme spravit chuť a zabojovat alespoň o bronz 😏

Budete u toho s námi? Potřebujeme tam slyšet každého z vás! 🦅💙 Vstupenky koupíte na finalfour.cz 🎟️

🎥 @vojta_kepka @richipici",https://www.instagram.com/reel/DXOfLrPiF3l/,,4847,119,,6
vsefalcons,instagram,709fceba-e311-48e7-9057-f54a587abf4a,304373e7-6275-4836-b81d-a9da67735ab0,IG Story,VIDEO,26.1.2026 15:38:56,VÝHLED PŘI BRAZILCE DOCELA V POHODĚ 🏰,https://www.instagram.com/stories/vsefalcons/3818678226659083610,,1063,,,1
@univerzitnihokej,instagram,1e114592-3529-4cfe-9977-2598454053af,356a128e-ddc6-4cc2-b756-3c7de2d39f49,IG Post,IMAGE,9.4.2026 14:16:45,"Určitě se ptáte, jak to teď bude vypadat v @unihokejfinalfour 👀

Rozhodne se až v neděli v Lucky Loser zápase, kde se utkají Black Dogs a Riders. Podle toho, kdo vyhraje, se nastaví dvojice pro Final Four:

👉 Pokud vyhrají Riders:
UK Kings vs. Riders
ČVUT Engineers vs. VŠE Falcons

👉 Pokud vyhrají Black Dogs:
UK Kings vs. VŠE Falcons
ČVUT Engineers vs. Black Dogs

Jasno bude v neděli. Do té doby podržíme nejlevnější vstupenky. 🎟️",https://www.instagram.com/p/DW6fhU0iMm7/,,13793,275,9,131
@engineersprague,facebook,afd06d1d-7b1c-4f66-8d93-ce4255ab773c,a8601519-0d04-442b-8962-d2818ec49324,FB Story,VIDEO,12.3.2026 21:02:02,,,,,,,
@engineersprague,facebook,afd06d1d-7b1c-4f66-8d93-ce4255ab773c,bc1633f0-7227-4f68-a79e-d55b0db80dfd,FB Post,PHOTO,10.3.2026 7:18:10,"🚨 GAMEDAY | Vyrážíme na led Falcons a cíl je jasný: přivézt body domů. Na hřišti do toho dáme všechno, vy nám pomozte vytvořit tu správnou atmosféru v hledišti!

🔥 Zápas startuje v 20:00 v pražských Kateřinkách, těšíme se ✌🏻😜.",https://www.facebook.com/1560924572517692/posts/1541461127797370,414,,4,,
@akademiciplzen,instagram,65494228-95bf-4f7b-8e68-d47d7262db66,17bcd99a-2358-4f03-81b0-8c5ac2a7588c,IG Post,IMAGE,4.3.2026 20:54:35,"TAK TENHLE ZÁPAS MĚL VŠECHNO! 🏆 
Po napínavém prodloužení je výhra doma! 🔥

#akademiciplzen #jarnibitva",https://www.instagram.com/p/DVefszMDK7G/,,8153,331,,9
@riderspardubice,instagram,4d6a67ab-9313-4f77-a82e-abb18adbca5d,8286c5f4-0d1c-44be-b3c0-5f779bee76af,IG Reel,VIDEO,14.4.2026 6:00:09,"🚨 JSME V TOP4 A TEĎ TO TEPRVE ZAČÍNÁ!

Poprvé v historii 👉 @unihokejfinalfour 
největší akce sezóny, přímý přenos v TV… a my jsme u toho.

🏒 SEMIFINÁLE
🆚 @ukkingsprague 
📍 Zimní stadion Eden, Praha
🕓 16. dubna | 16:30

Tohle není jen zápas.
👉 tohle jsou 2 dny hokeje, emoce, atmosféra a afterparty

Bude nás čekat v pátek boj o zlato nebo bronz! Každopádně v pátek si udělejte místo v kalendáři, bude se bojovat o medaileeee. 

Pojď nás podpořit a být součástí něčeho, co se píše poprvé.

🎟️ Vstupenky koupíš přes odkaz v BIU!",https://www.instagram.com/reel/DXGewGxxnTx/,,15251,386,,36
vsefalcons,instagram,709fceba-e311-48e7-9057-f54a587abf4a,a28ab8b3-92f0-4e95-bfbb-e899cbce1d70,IG Story,VIDEO,15.1.2026 9:15:42,🎩 @_klobrc,https://www.instagram.com/stories/vsefalcons/3810512793464480479,,1369,,,3
@univerzitnihokej,instagram,1e114592-3529-4cfe-9977-2598454053af,fd66b1f4-1cc8-47c0-9a3f-2b400ff4166b,IG Reel,VIDEO,4.3.2026 21:00:53,"BAUER Gear Up Challenge 🧤
Stopky běží. Kdo se oblékne nejrychleji?",https://www.instagram.com/reel/DVeg2PcCKSq/,,13677,224,1,19
@riderspardubice,instagram,4d6a67ab-9313-4f77-a82e-abb18adbca5d,3de0b4a5-1644-446f-9095-55dc149685b7,IG Post,IMAGE,9.3.2026 12:30:00,"Ready na dnešní zápas? 😎

Vstupenky koupíte přes odkaz v BIU!",https://www.instagram.com/p/DVqewFpjKS3/,,2112,60,,
@akademiciplzen,instagram,65494228-95bf-4f7b-8e68-d47d7262db66,a7a12354-680d-480d-860a-4e935b82f9ee,IG Story,VIDEO,20.8.2026 17:49:01,VEDEME! DANIEL KŘEPEL VEDEME! PRVNÍ GÓL DÁVÁ @daniel_krepel  DANIEL KŘEPEL 💣,https://www.instagram.com/stories/akademiciplzen/3968047514179621603,,1377,,,5
@riderspardubice,facebook,f99ed6c3-17cc-46f4-a32e-d9b0576ce2df,eae87052-a110-4f43-8a4a-bc0a868f2b2f,FB Post,IMAGE,2.4.2026 12:28:12,"V příštím zápase se rozhodne, jestli postoupíme do @unihokejfinalfour !🤩🤩 Buď u toho s námi!

 Finále Play-in
🗓️ 8.4. v 19:30
📍 v ZS Hvězda
⚔️ proti @cvutengineers 

#fináleplayin#riders",https://www.facebook.com/1592662819534019/posts/1593915079408793,102,,3,,
@univerzitnihokej,instagram,1e114592-3529-4cfe-9977-2598454053af,335867d8-fca8-47c9-a490-6df35565b08e,IG Story,VIDEO,17.4.2026 20:16:48,,https://www.instagram.com/stories/univerzitnihokej/3877524891532549859,,1307,,,
@akademiciplzen,instagram,65494228-95bf-4f7b-8e68-d47d7262db66,24a6cf64-0cf1-4d73-ba94-ea81119a6f23,IG Story,VIDEO,28.8.2026 13:08:29,WIN WIN 👊🏻 🫵🏻 @kaiser_sim_,https://www.instagram.com/stories/akademiciplzen/3973704481959080886,,1196,,,1
@riderspardubice,instagram,4d6a67ab-9313-4f77-a82e-abb18adbca5d,35f14344-df32-4fe0-ae81-6a5c987977d1,IG Post,IMAGE,26.3.2026 8:31:20,"Čeká nás PLAY-IIIIN! 💣

V pondělí jsme uzavřeli základní část a jdeme do play-in! Kdo se za námi staví v Ostravě!

🙌 A pojďme se taky ještě rychle vysvětlit, jak funguje play-in: 

👉 Týmy na 3.–10. místě nastoupí do semifinále play-in, odkud vítězové postupují do finále play-in. Týmy na 1.–2. místě jdou rovnou do finále play-in, kde se bojuje o přímý postup. 👀 Vše se hraje na jeden zápas.

👉 Dva lépe nasazené týmy, které prohrají ve finále play-in, dostanou ještě jednu šanci v tzv. lucky loser zápase o poslední postupové místo.

👉 4 nejlepší týmy se následně utkají na @unihokejfinalfour 16.–17. dubna v pražském Edenu.",https://www.instagram.com/p/DWV0lxEDFCN/,,5561,111,,11
@univerzitnihokej,facebook,01b45180-0b14-4a14-96e8-d0a4bab1fb9f,b52a8d1c-b465-438d-89fd-26490c39d5ab,FB Post,IMAGE,12.4.2026 15:30:57,"Posledni dílek do skládačky @unihokejfinalfour 🧩Bojovat o titul a Pohár Jana Palacha dorazí do Prahy @riderspardubice 🐴

Vidíme se 16. a 17. dubna na Edenu 🏟️
🎟️ finalfour.cz",https://www.facebook.com/1275398168115026/posts/1284308340557342,980,,5,,
@bitvaoprahu,instagram,d7c8aa06-74fb-4c6c-a7d2-c2fe1bf6d59c,ce6b4635-11b5-4c58-bcaf-c8dada6f21bf,IG Post,IMAGE,8.3.2026 15:54:52,"Chápete to? Už je to skoro tady 🤯
Lístky na tebe čekají na 🎟️ bitvaoprahu.cz",https://www.instagram.com/p/DVoQ6qHjK5f/,,7193,98,,12
@hcnorthwings,facebook,2b08a479-603b-46e4-8a48-2bc0435ccd53,056b72d1-a402-45ec-882a-9bd4ac9a87fe,FB Post,IMAGE,8.9.2026 18:30:45,"🚨🆕️ NOVÁ APLIKACE JE TADY 🆕️🚨

 🔹️
UniLife

Univerzitní hokejová liga pohromadě 🔹️ zápasy, vstupenky, akce, události, párty, slevy, soutěže no prostě jeden kompletní UniLife📱

⬇️ Stahujte z Google Play nebo App Store 

#UniLife #hcnorthwings #univerzitnihokej",https://www.facebook.com/1583651910433365/posts/1738815081583713,838,,3,,
@riderspardubice,instagram,4d6a67ab-9313-4f77-a82e-abb18adbca5d,ff940abc-2dc1-4abe-b9c1-8bb8beaa22b7,IG Story,VIDEO,15.4.2026 23:00:57,,https://www.instagram.com/stories/riderspardubice/3876158031319068840,,60,,,
@univerzitnihokej,instagram,1e114592-3529-4cfe-9977-2598454053af,013ed9d1-06e1-440b-9a5b-6e7eddfd860b,IG Post,IMAGE,18.3.2026 10:34:41,"❤️‍🔥 Jarní část TOP utkání za námi, @unihokejfinalfour🔜",https://www.instagram.com/p/DWBcnklCHyv/,,6305,209,,7
@BOhokej,facebook,c9082543-a03b-490f-8f97-66d439acce89,1e534840-5b35-4ca9-a0d5-d86929046860,FB Post,IMAGE,18.3.2026 21:42:43,"Z Prahy si odvážíme bod! 🔥

#hockey #boostrava",https://www.facebook.com/1477974067675582/posts/1466075785532077,444,,2,,
@AkademiciPlzen,facebook,d87b94e3-03e8-45d0-b92e-75e9b819545c,5b44f53f-7de3-4b4e-b2c8-20fd5daf3f07,FB Video,VIDEO,17.3.2026 18:30:28,"Pravidla jsou pravidla. 🤷🏻‍♂️ Co si ale vzít musíte, je pořádná forma na fandění! 

Vidíme se 25. 3. doma proti @czufarmers 🏒🔥

#akademiciplzen",https://www.facebook.com/reel/1251415393624839/,496,219,1,,