account_name,social_network_id,carl_account_id,carl_post_id,post_type,media_url_type,published,caption,permalink,impressions,views,likes,comments,shares
@united_hk,instagram,b18c071b-0570-48b2-b743-990c668c3c5b,262201f4-e1bf-4896-baa8-d21296e42f0c,IG Story,IMAGE,23.8.2026 16:30:03,"Last shift
today",https://www.instagram.com/stories/united_hk/3970182063694313092,,527,,,5
vsefalcons,instagram,709fceba-e311-48e7-9057-f54a587abf4a,411b8110-0834-4210-8d8e-a38edbfb5fa4,IG Story,VIDEO,8.4.2026 15:16:00,📍 ☀️ JSME NA MÍSTĚ,https://www.instagram.com/stories/vsefalcons/3870850537100996688,1043,1123,,,4
@riderspardubice,facebook,f99ed6c3-17cc-46f4-a32e-d9b0576ce2df,44aea99d-ebd3-4b69-be9b-d54582395054,FB Post,IMAGE,12.4.2026 13:55:35,Tohle je crazyyy! Všichni jdeme nabíhejme vyprodat vstupenky na @unihokejfinalfour! 🤯🤯,https://www.facebook.com/1592662819534019/posts/1602747611858873,3734,,54,,
vsefalcons,instagram,709fceba-e311-48e7-9057-f54a587abf4a,5b3f2163-30c6-4f01-983d-c001787e6b7d,IG Story,VIDEO,17.2.2026 17:10:54,"OKOUKNOUT TAKTIKU
PŘED ZÁPASEM @ceskyhokej 👀",https://www.instagram.com/stories/vsefalcons/3834669598901803156,69143,75548,,,2
@univerzitnihokej,instagram,1e114592-3529-4cfe-9977-2598454053af,a077c161-e0d0-413d-8367-1d7298982044,IG Story,VIDEO,8.4.2026 17:06:21,,https://www.instagram.com/stories/univerzitnihokej/3870906059393076355,,957,,,
@riderspardubice,instagram,4d6a67ab-9313-4f77-a82e-abb18adbca5d,a9f74985-18ab-450e-bfdb-546da035f9b0,IG Post,IMAGE,12.4.2026 15:49:09,JSME VE @unihokejfinalfour !!!!!,https://www.instagram.com/p/DXCYbnXjLGf/,,3226,112,,11
@hc_muni,instagram,43cd62c8-609d-4ea6-8ce9-cae5242ede0c,eec6d92b-403b-42c0-84a6-5e635a278e6f,IG Reel,VIDEO,13.4.2026 14:22:42,"Sezóna 2025/26 už je sice pryč🏒 tyhle momenty si ale budeme všichni pamatovat ještě hodně dlouho 🐻💙

#hcmuni",https://www.instagram.com/reel/DXEzTz6jM7q/,,3234,88,,13
@hc_muni,instagram,43cd62c8-609d-4ea6-8ce9-cae5242ede0c,42afb632-decb-4a19-9c64-1b0c5e65a270,IG Post,PHOTO,25.3.2026 12:27:17,"🔥 GAME DAY IS HERE🔥
Poslední brněnské derby téhle sezóny je tady, tak si ho pojďme společně pořádně užít a udělat randál! 🐻🥁

Lístky koupíte v biu 🎟️
#hcmuni",https://www.instagram.com/p/DWTq96ECGJG/,,8053,112,,11
vsefalcons,instagram,709fceba-e311-48e7-9057-f54a587abf4a,4344f4fe-4ee4-4efc-8f2a-5637e90f5e8c,IG Reel,REEL,16.3.2026 18:18:36,"Tipovačka s Tipsportem 🔥

Jakého favorita v Extralize máš ty? ✒️⤵️",https://www.instagram.com/reel/DV9HwUSCFmk/,,13908,283,12,38
vsefalcons,instagram,709fceba-e311-48e7-9057-f54a587abf4a,45a794a0-2daf-417d-8a4f-190eaa8e5455,IG Reel,REEL,14.3.2026 10:16:14,Třetí zápas v jednom týdnu a dnes se vyrazíme po D1 do Brna 👋🏻,https://www.instagram.com/reel/DV3HQ_JiClI/,,5279,147,,15
vsefalcons,instagram,709fceba-e311-48e7-9057-f54a587abf4a,4ee6a605-d928-4696-b920-0be9b4d518d3,IG Story,VIDEO,2.1.2026 21:30:51,@mcpraha3 🤝🏼 @vsefalcons,https://www.instagram.com/stories/vsefalcons/3801460708018268615,,967,,,
@cvutengineers,instagram,11963a07-7f0f-48e6-9d81-aa63a7ff4a04,59e8b03d-476c-4c0c-aefe-f7c901af0333,IG Reel,VIDEO,20.8.2026 16:20:04,Long time no otázky s klukama. Chyběli jsme vám? 🥹,https://www.instagram.com/reel/DcRK3pZMM2a/,,52403,1204,2,48
@akademiciplzen,instagram,65494228-95bf-4f7b-8e68-d47d7262db66,a54a6a2d-7720-41de-98b7-8c44a9e5d2ed,IG Story,VIDEO,1.4.2026 12:44:24,,https://www.instagram.com/stories/akademiciplzen/3865700782058524323,,1650,,,2
@univerzitnihokej,facebook,01b45180-0b14-4a14-96e8-d0a4bab1fb9f,d19593b3-8c95-4d8f-8ec7-df00e16d88fa,FB Post,IMAGE,22.3.2026 17:55:39,"V předposledním týdnu základní části překvapili Riders v Ostravě, BOčko naopak sebralo bod druhým Engineers po prodloužení. 🫨 UNIted, Black Dogs i Akademici přestříleli soupeře z nižších pozic a berou 3 body. 🙏🏼",https://www.facebook.com/1275398168115026/posts/1267724078882435,990,,,,
@vutcavaliersbrno,instagram,b384bebf-72f3-4f9d-8b2d-3677709f6966,6154b0b0-4e92-4237-80f0-d50d956130ba,IG Story,IMAGE,23.9.2026 20:02:54,"🚨4:0
⏰9:38
@grulda14",https://www.instagram.com/stories/vutcavaliersbrno/3992757236140561141,,81,,,
vsefalcons,instagram,709fceba-e311-48e7-9057-f54a587abf4a,728483d5-0ed8-41c1-8c53-6669bc9ef9e8,IG Story,VIDEO,8.4.2026 12:55:19,VZHŮRU DO ⚔️,https://www.instagram.com/stories/vsefalcons/3870779724205152987,1129,1420,,,12
@united_hk,instagram,b18c071b-0570-48b2-b743-990c668c3c5b,b1cb7b84-7248-4ba7-9d01-fe40a91f6c8e,IG Post,IMAGE,28.9.2026 11:05:22,"DNES OTEVÍRÁME SEZÓNU. 🏒

📍 ČPP aréna

🕔 17:00 - pop-up party před arénou
🚪 18:15 - otevíráme vstupy
🎤 18:45 - slavnostní zahájení
🏒 19:00 - UNIted HK × BO Ostrava
🎧 22:00 - Meet & Greet Afterparty na Náplavce

🎟️ Dnes 140 Kč

Lístky: unitedhk.cz/otvirak",https://www.instagram.com/p/Dd1CK6noFQb/,,7816,49,1,262
vsefalcons,instagram,709fceba-e311-48e7-9057-f54a587abf4a,734806f1-cd0a-488f-b2c5-704c376416f0,IG Story,VIDEO,26.1.2026 16:44:35,POŠLETE KLUKŮM ŠTĚSTÍ DO PRVNÍHO LETOŠNÍHO ZÁPASU 💙 💙,https://www.instagram.com/stories/vsefalcons/3818711276851862756,,891,,,1
@united_hk,instagram,b18c071b-0570-48b2-b743-990c668c3c5b,80cbc23a-8eb4-4d52-bf7b-dc1fe5263245,IG Story,VIDEO,25.8.2026 17:05:03,"joo, i golmánci schvalují @amitydrinks.cz  @mara.sinkora",https://www.instagram.com/stories/united_hk/3971649267730787303,,909,,,2
@united_hk,instagram,b18c071b-0570-48b2-b743-990c668c3c5b,9ffee0a2-745a-4df8-9259-b8ce35459a81,IG Reel,REEL,29.3.2026 15:56:27,"Koupíš Garnier…
a zapomeneš, že první krok = mít vlasy. 😭🏒

#unitedhk #unihokej #uhk #hradeckralove",https://www.instagram.com/reel/DWeV9poiLDE/,,4928,94,,66
@218107044725785,facebook,7a942e3e-6c47-4794-9ba7-bbc7b6d40cb3,bd249c7a-d9ad-4cee-9620-e883572eccfb,FB Video,VIDEO,23.6.2026 8:00:23,"Taky vám už chybí hokej a naši kluci? 🥹🔥

#vsefalcons #icehockey #hockeyboys",https://www.facebook.com/reel/1373545411498259/,403,89,3,,
vsefalcons,instagram,709fceba-e311-48e7-9057-f54a587abf4a,c0d6ac89-e458-46c4-9acf-81d7f59a5a94,IG Story,VIDEO,20.9.2026 18:07:50,JE TO VENKU,https://www.instagram.com/stories/vsefalcons/3990524994173588502,,3418,,,8
@akademiciplzen,instagram,65494228-95bf-4f7b-8e68-d47d7262db66,c41e9459-c44e-47c4-9682-8d745fab7e48,IG Story,VIDEO,9.9.2026 17:59:54,,https://www.instagram.com/stories/akademiciplzen/3982548468462932912,,1255,,,
vsefalcons,instagram,709fceba-e311-48e7-9057-f54a587abf4a,ff915d63-1ff6-4a39-ba5d-cf9e82ef5f01,IG Reel,VIDEO,11.4.2026 14:42:25,"Kluci už se fešákujou, aby jim to ve čtvrtek na @unihokejfinalfour slušelo 😮‍💨 a kdo jinej by jim v tom měl pomoci než @garnier_czsk 💅💚

Vstupenky koupíš na finalfour.cz",https://www.instagram.com/reel/DW_rXReiCDZ/,,9619,289,3,80
@unitedhk,facebook,bfe6cc29-a387-41b9-9bca-b077722556af,12c393da-4109-4aae-8a9f-85c613860431,FB Story,IMAGE,6.9.2026 17:27:51,,https://facebook.com/stories/122099775710388974/UzpfSVNDOjIxMzQ4MjgxNDM3NjM2NTI=/?view_single=1,,,,,
@unitedhk,facebook,bfe6cc29-a387-41b9-9bca-b077722556af,66e5ba40-e146-4da6-81ec-5cddb4c598ce,FB Story,IMAGE,14.9.2026 17:01:56,,https://facebook.com/stories/122099775710388974/UzpfSVNDOjE2MjYzNjM2NTU2ODQ3NTQ=/?view_single=1,,,,,
@united_hk,instagram,b18c071b-0570-48b2-b743-990c668c3c5b,6ec5f204-c8fb-4522-96d0-d0063a2a69eb,IG Post,IMAGE,16.4.2026 8:01:10,"Děkujeme společnosti Dahasl za podporu v sezoně 2025/26.

Dodavatel slaboproudých technologií a bezpečnostních systémů.

Díky, že stojíte za UNIted HK. 🖤🧡

#unitedhk #unihokej #hokej",https://www.instagram.com/p/DXL2CQhiG-C/,,2377,53,,1
@unitedhk,facebook,bfe6cc29-a387-41b9-9bca-b077722556af,7d37eb8a-249e-496b-a6ed-92b78db4e0ef,FB Story,VIDEO,7.9.2026 8:08:48,,https://facebook.com/stories/122099775710388974/UzpfSVNDOjM5MTU1OTM1NjE5MTEwMDI=/?view_single=1,,,,,
@engineersprague,facebook,afd06d1d-7b1c-4f66-8d93-ce4255ab773c,8e7e3f11-e407-4bc1-938d-2cb749126e01,FB Post,PHOTO,12.3.2026 23:17:46,Dali jsme do toho všechno a teď koukáme dopředu! 🫡,https://www.facebook.com/1560924572517692/posts/1543726257570857,322,,3,,
@riderspardubice,instagram,4d6a67ab-9313-4f77-a82e-abb18adbca5d,bbbacb5d-b449-4238-8579-852aa49087b4,IG Story,VIDEO,12.4.2026 18:03:18,,https://www.instagram.com/stories/riderspardubice/3873833822349723957,,870,,,6
@univerzitnihokej,instagram,1e114592-3529-4cfe-9977-2598454053af,d68c5bf9-1d77-410a-b158-ae899ee31d7d,IG Story,VIDEO,12.4.2026 17:08:15,"To budeš zítra ty s ušetřenými kačkama, když koupíš lístky v první vlně 👀",https://www.instagram.com/stories/univerzitnihokej/3873806129054648180,,842,,,1
@cvutengineers,instagram,11963a07-7f0f-48e6-9d81-aa63a7ff4a04,0ae862b6-119c-4020-afa1-2a52579150d6,IG Story,VIDEO,3.10.2026 17:03:24,,https://www.instagram.com/stories/cvutengineers/3999914681908885699,,976,,,
vsefalcons,instagram,709fceba-e311-48e7-9057-f54a587abf4a,5baa3878-45ce-4daa-a4de-4dd62ef9a081,IG Story,VIDEO,11.2.2026 20:44:00,ŽE PUB KVÍZ SE BLÍŽÍ A VOLNÁ MÍSTA UBÝVAJÍ 🫣,https://www.instagram.com/stories/vsefalcons/3830428163096754691,735,735,,,4
@BOhokej,facebook,c9082543-a03b-490f-8f97-66d439acce89,7d42508b-3917-4872-b7f3-fcfd10a1f607,FB Story,VIDEO,10.9.2026 20:09:25,,https://facebook.com/stories/100133738792962/UzpfSVNDOjEwOTU2NTE5NjMxMTEzMzE=/?view_single=1,,,,,
@VUTCavaliersBrno,facebook,3351b43e-4b71-442b-b2f1-920cd6e57ee5,8d98cbeb-b8eb-47e4-a19c-7b1a13fc4722,FB Video,VIDEO,25.3.2026 21:21:43,"Děkujeme za podporu v průběhu celé základní části❤️ Tím to ale nekončí, příští týden hrajeme první zápas play-in proti @blackdogsbudweis_vste 🏒",https://www.facebook.com/reel/934068499262505/,583,184,2,,
@riderspardubice,instagram,4d6a67ab-9313-4f77-a82e-abb18adbca5d,8e6dded5-6739-4932-9bf7-c1b9ddc1800d,IG Post,IMAGE,19.3.2026 8:45:07,"Je derby! 🔥

Přijď na poslední domácí zapas semestru opět zažít tradiční rivalitu mezi dvěma sousedícími městy - Pardubice a Hradec Králové! 

Vstupenky koupíš přes odkaz v BIU 👀",https://www.instagram.com/p/DWD0jV9jCEz/,,13943,110,,47
@univerzitnihokej,instagram,1e114592-3529-4cfe-9977-2598454053af,d3bd6cf5-1b86-466e-ac75-97763acf1378,IG Post,IMAGE,2.3.2026 9:30:34,"@ukkingsprague mají ve vedoucí pozici výrazný bodový náskok, ale hned za nimi to vypadá ještě na pořádný boj o umístění 🔥 máme se na co těšit! 🙂‍↕️",https://www.instagram.com/p/DVYIj-IiGKZ/,,13906,266,,30
@riderspardubice,instagram,4d6a67ab-9313-4f77-a82e-abb18adbca5d,1e061cb7-13a3-4702-8150-08257d10e7dd,IG Post,IMAGE,16.4.2026 16:42:07,Co nesmí chybět v pardubickém kotli? 🎷,https://www.instagram.com/p/DXMxuM3jCZJ/,,4886,117,,2
@cvutengineers,instagram,11963a07-7f0f-48e6-9d81-aa63a7ff4a04,41f6b99c-2ad3-471f-94ed-2d8409b0fc66,IG Reel,VIDEO,3.10.2026 17:02:38,100% lipsync. O tom žádná 😆,https://www.instagram.com/reel/DeCjD5_M2Ib/,,89385,2242,3,447
@AkademiciPlzen,facebook,d87b94e3-03e8-45d0-b92e-75e9b819545c,e6f569e5-71d7-495c-ba83-5d4f843458dd,FB Post,IMAGE,27.3.2026 14:57:34,"BOJ O VŠECHNO.
Semifinále, ve kterém každá chyba rozhodne o postupu. Budeme to my, nebo @czufarmers ?

Buď u toho. Tohle bude drama. 🫵🏻
🗓️ 1. 4. | 19:00
📍 LOGSPEED CZ Aréna, Plzeň

#akademiciplzen",https://www.facebook.com/1357105236437494/posts/1353386986809319,656,,5,,
@hcmuni,facebook,d1f9e9f9-7526-42d4-85aa-13f91e89f7cf,fb2846bb-b331-4fed-a48f-95dac7de5786,FB Story,IMAGE,28.9.2026 13:20:40,,https://facebook.com/stories/107477761381481/UzpfSVNDOjE4MDM2NzMxOTcyOTg3ODM=/?view_single=1,,,,,
@VUTCavaliersBrno,facebook,3351b43e-4b71-442b-b2f1-920cd6e57ee5,15eda645-79e4-4fa3-bd1d-f684779cf70b,FB Story,VIDEO,6.9.2026 11:35:24,,https://facebook.com/stories/100667195401737/UzpfSVNDOjE3Mjk2Nzc4MjQ5NTc1OTU=/?view_single=1,,,,,
@riderspardubice,instagram,4d6a67ab-9313-4f77-a82e-abb18adbca5d,28770c0c-9d11-4900-bd7f-2731ae7f0b03,IG Story,VIDEO,2.4.2026 12:30:00,,https://www.instagram.com/stories/riderspardubice/3866418305267727795,,538,,,
@akademiciplzen,instagram,65494228-95bf-4f7b-8e68-d47d7262db66,3486ca62-2b5c-441b-850c-5ce9083cc3a8,IG Story,VIDEO,26.9.2026 21:25:45,🤍,https://www.instagram.com/stories/akademiciplzen/3994974112317238375,,413,,,1
vsefalcons,instagram,709fceba-e311-48e7-9057-f54a587abf4a,6067ab7a-5ae0-465b-9ce3-de0719f2c97e,IG Post,IMAGE,1.1.2026 10:08:45,Díky že jste s námi byli v uplynulém roce a přejeme krásný vstup do toho nového ✨ vidíme se brzy!,https://www.instagram.com/p/DS9tPJQCI-o/,,2880,84,,
@riderspardubice,instagram,4d6a67ab-9313-4f77-a82e-abb18adbca5d,673254a8-e974-4590-8384-db09f30b9999,IG Story,VIDEO,12.4.2026 10:49:01,LUCKY LOSER  ROZBRUSLENÍ 🍀 👎🏼,https://www.instagram.com/stories/riderspardubice/3873615270590047185,,2678,,,1
@riderspardubice,facebook,f99ed6c3-17cc-46f4-a32e-d9b0576ce2df,8f06c526-25f3-4a57-9f03-977df73ce6a5,FB Video,VIDEO,17.4.2026 14:35:27,Začíná tu být horko 😮‍💨🔥,https://www.facebook.com/reel/876442445408828/,504,155,1,,
@unitedhk,facebook,bfe6cc29-a387-41b9-9bca-b077722556af,d2ab3019-96df-4554-9cbe-90bf81c7dd85,FB Story,VIDEO,10.8.2026 17:38:15,,https://facebook.com/stories/122099775710388974/UzpfSVNDOjE2MTkyMTUyNzMxNTUxNTQ=/?view_single=1,,,,,
@bitvaoprahu,facebook,75e0f41f-82be-4f82-a77b-82ac11135ed2,e759b5c6-2cb0-4402-979d-af3ef6e22ca0,FB Video,VIDEO,12.3.2026 21:52:53,"URAGÁN JMÉNEM UK! 🤯🔥

Poslední dějství finálové bitvy živě na @sport_ct ➕.

@ukkingsprague ⚔️ @cvutengineers o 🥇! #bitvaoprahu",https://www.facebook.com/reel/969725712373468/,130,28,,,
@univerzitnihokej,facebook,01b45180-0b14-4a14-96e8-d0a4bab1fb9f,1ec811b6-80c0-4439-b19d-8a25f2ca1ae6,FB Post,IMAGE,21.9.2026 20:29:16,"První výhry sezony si připisují Riders a Ostrava 👀

Riders byli pro Black Dogs osudní už v play-in minulé sezony, a ani tentokrát jim nedali šanci. Ostrava to dnes měla o něco napínavější, rozhodli až v nájezdech. 🫡",https://www.facebook.com/1275398168115026/posts/1421252443529597,499,,,,
@cvutengineers,instagram,11963a07-7f0f-48e6-9d81-aa63a7ff4a04,41821131-cd65-4748-bbc4-2eb3e855608d,IG Story,VIDEO,17.4.2026 19:19:22,,https://www.instagram.com/stories/cvutengineers/3877495867259535049,,1477,,,1
@united_hk,instagram,b18c071b-0570-48b2-b743-990c668c3c5b,76e4862e-907d-4b08-8c3b-16da0cd31dab,IG Post,IMAGE,13.9.2026 18:03:25,"Přípravné období zakončujeme vítězstvím 🏒

Opole United Hockey Club porážíme 8:4! 

Na start sezóny jsme se naladili přesně tak, jak jsme chtěli.

22.9. první zápas venku a 28.9. první zápas doma - Otvírák sezóny.

Těšíme se na tebe!",https://www.instagram.com/p/DdPKQWjoIRy/,,5355,110,2,5
@akademiciplzen,instagram,65494228-95bf-4f7b-8e68-d47d7262db66,bf306e73-b886-49a5-8e9f-9ebcef25a027,IG Reel,VIDEO,15.9.2026 10:12:49,"MEDIA DAY 2026 📸

Nafoceno máme, natočeno máme! 🤩

Makalo se až do nočních hodin, ale věříme, že výsledek bude stát za to. 💪🏻 Něco zůstává při starém, něco jsme zase posunuli o kus dál. 🔝

A změn se dočká i náš tým – letos na ledě uvidíte až 12 nových tváří. 👀 Brzy vám je všechny představíme. Stay tuned! 💙

Děkujeme @yzproduction.cz | @jankubicek.cz | @vpotocesevodatoci za skvělou práci! 👏🏻

#akademiciplzen",https://www.instagram.com/reel/DdTaH-kCT7f/,,12219,380,,48
vsefalcons,instagram,709fceba-e311-48e7-9057-f54a587abf4a,ca1dc892-6231-4d60-bb73-248cd678e8b2,IG Story,VIDEO,26.1.2026 16:04:41,TA PLESKLA 💥 @michal.danniel,https://www.instagram.com/stories/vsefalcons/3818691170113446960,,1037,,,1
@akademiciplzen,instagram,65494228-95bf-4f7b-8e68-d47d7262db66,d4255e61-207d-42a3-9fd7-54f93f678abf,IG Story,VIDEO,29.9.2026 18:28:05,@kaiser_sim_,https://www.instagram.com/stories/akademiciplzen/3997058196853361170,,1484,,,3
@cvutengineers,instagram,11963a07-7f0f-48e6-9d81-aa63a7ff4a04,f190d27b-a3be-4eef-96ce-845454656e1b,IG Reel,VIDEO,8.4.2026 21:54:35,My právě teď: 🥳🤩😭🥹😍😮‍💨🦁💙,https://www.instagram.com/reel/DW4u-t9DIHJ/,,12767,302,1,16
@univerzitnihokej,instagram,1e114592-3529-4cfe-9977-2598454053af,13e45ea2-2825-428f-b04e-5e52ac2629b0,IG Story,VIDEO,2.10.2026 18:23:49,,https://www.instagram.com/stories/univerzitnihokej/3999230349527854412,,1625,,,
vsefalcons,instagram,709fceba-e311-48e7-9057-f54a587abf4a,40ee2725-9c8a-42be-bbb2-5f07958327dc,IG Story,VIDEO,14.3.2026 13:51:25,MADE IT TO 👍🏼,https://www.instagram.com/stories/vsefalcons/3852688582540573035,932,1185,,,1
@riderspardubice,facebook,f99ed6c3-17cc-46f4-a32e-d9b0576ce2df,72e503c9-9064-4448-a419-6770c2b535e2,FB Video,VIDEO,19.8.2026 12:48:58,Trénink pod lupou 🤓,https://www.facebook.com/reel/925905457235327/,816,330,1,,
@univerzitnihokej,facebook,01b45180-0b14-4a14-96e8-d0a4bab1fb9f,877170c6-6c8e-4fae-a7be-7f2db49de039,,IMAGE,16.4.2026 23:38:30,"První den Final Four? Ten stál za to! 😍 Připomeňte si, jak vypadaly semifinálové duely.",https://www.facebook.com/1275398168115026/posts/1287746510213525,835,,2,,
vsefalcons,instagram,709fceba-e311-48e7-9057-f54a587abf4a,bda34bda-aa4a-4da5-a9a7-11c3ec440b7c,IG Story,VIDEO,19.4.2026 11:43:47,,https://www.instagram.com/stories/vsefalcons/3878715953844356822,873,1079,,1,1
@cvutengineers,instagram,11963a07-7f0f-48e6-9d81-aa63a7ff4a04,e6d9e3bf-1a56-4ed2-82d5-b996ce3608a7,IG Story,VIDEO,8.4.2026 19:11:33,,https://www.instagram.com/stories/cvutengineers/3870969065766703907,,881,,,
@vutcavaliersbrno,instagram,b384bebf-72f3-4f9d-8b2d-3677709f6966,e725f78a-95ae-4948-ad7e-984a42bfcc27,IG Reel,VIDEO,17.8.2026 11:17:16,TRYOUT už je za dveřmi🔥 takhle jsme se na něj připravovali během volného tréninku!🤩,https://www.instagram.com/reel/DcI57_WI8wH/,,4978,130,,33
@vutcavaliersbrno,instagram,b384bebf-72f3-4f9d-8b2d-3677709f6966,078497aa-7057-4c3e-acca-b7f619e4aba6,IG Reel,REEL,27.3.2026 11:54:57,"Kudrnaté vlasy potřebují víc než jen vodu💧

S novým Flexi Hold Gelem od @garnier_czsk máš definici a hydrataci vyřešenou během vteřiny. Pevná fixace, co drží, ať se na ledě děje cokoliv.

Čistá hlava, čistá hra✌️",https://www.instagram.com/reel/DWYw3IQCN6v/,,3014,83,3,31
vsefalcons,instagram,709fceba-e311-48e7-9057-f54a587abf4a,42bf80a0-a5db-4598-86c3-f65fa38c9b66,IG Story,VIDEO,16.4.2026 17:43:17,KDO VYSTŘÍDÁ DNES ALENA V BRÁNĚ? 🤔,https://www.instagram.com/stories/vsefalcons/3876722685761833775,1030,904,,,1
@unitedhk,facebook,bfe6cc29-a387-41b9-9bca-b077722556af,87e80017-caaf-4b43-8de5-beadc7ef6e0e,FB Story,IMAGE,12.8.2026 6:03:45,,https://facebook.com/stories/122099775710388974/UzpfSVNDOjg3MzAxMDA2NTY4MTU5MQ==/?view_single=1,,,,,
@riderspardubice,instagram,4d6a67ab-9313-4f77-a82e-abb18adbca5d,8d01d60b-7352-4645-994f-0523f150c3d3,IG Reel,VIDEO,9.9.2026 8:56:06,"Včerejší psí festival se náramně vydařil. 😍

Děkujeme @farma_u_veselyho_psa za pozvání a za to, že dál pomáháte potřebným. 🐶

Pokud i vy chcete podpořit @farma_u_veselyho_psa , neváhejte sledovat jejich profil a každou neděli si třeba můžete přijít vyvenčit pejsky. 😍",https://www.instagram.com/reel/DdD4RGkR9z0/,,3235,66,1,4
vsefalcons,instagram,709fceba-e311-48e7-9057-f54a587abf4a,9b78a8b0-a09f-402f-8f4b-e599b05ed39c,IG Story,VIDEO,26.2.2026 18:25:56,#FalconsFamily ❤️‍🔥 jedna velká,https://www.instagram.com/stories/vsefalcons/3841230329654824723,1064,1707,,,8
@unitedhk,facebook,bfe6cc29-a387-41b9-9bca-b077722556af,bce2ad27-072e-4f64-89c5-c49224f292d0,FB Post,PHOTO,24.3.2026 13:21:39,"💥Za týden jdeme do PLAY-IN.
31.3. Zápas o VŠE s VŠE Falcons v Praze!

1 zápas. Žádná druhá šance.

👉 Jak to funguje?
Vyhraješ = zůstáváš ve hře o Final Four.
Prohraješ = konec sezóny.

ALL IN

#unitedhk #unihokej #hokej",https://www.facebook.com/122180651084388974/posts/122179563188388974,325,,2,,
@akademiciplzen,instagram,65494228-95bf-4f7b-8e68-d47d7262db66,c44fa429-3069-4531-9719-b32df4a78fb2,IG Story,VIDEO,29.9.2026 19:52:17,@blaha_8,https://www.instagram.com/stories/akademiciplzen/3997100565397813693,,1025,,,6
vsefalcons,instagram,709fceba-e311-48e7-9057-f54a587abf4a,dabaf543-aad0-48bd-ac1f-ebd8caff493f,IG Story,VIDEO,1.10.2026 10:33:51,tohle se neokouká 🫶🏼 🫶🏼,https://www.instagram.com/stories/vsefalcons/3998269135502451480,,1417,,,2
vsefalcons,instagram,709fceba-e311-48e7-9057-f54a587abf4a,156a77da-2958-4abf-8b52-d80b9e93b675,IG Story,IMAGE,14.3.2026 17:25:04,2 3 Jobánek,https://www.instagram.com/stories/vsefalcons/3852796084313698624,751,677,,,
@cvutengineers,instagram,11963a07-7f0f-48e6-9d81-aa63a7ff4a04,5455f048-bbd5-460a-9a28-59e8e3aa854f,IG Post,IMAGE,1.4.2026 10:20:35,"Pojďme si shrnout, jak jsme na tom byli v základní části ⬆️.

Kdo bude náš soupeř pro play-in? To zjistíme už dnes večer! 🔍 Napiš nám do komentářů, koho tipuješ, a vletíme na to společně už 8. 4.! 🦁🔥

#engprg",https://www.instagram.com/p/DWleIjejEc5/,,4838,176,2,18
vsefalcons,instagram,709fceba-e311-48e7-9057-f54a587abf4a,5b1c2184-c306-4ff5-b517-d3d3923a0332,IG Story,VIDEO,8.2.2026 17:44:36,jdeme do vedení,https://www.instagram.com/stories/vsefalcons/3828163575152152944,,965,,,1
@akademiciplzen,instagram,65494228-95bf-4f7b-8e68-d47d7262db66,ca6b233a-f391-4deb-aec9-d924522e5f58,IG Reel,VIDEO,28.9.2026 9:21:44,"Nejen hokej, ale celý studentský život v jedné aplikaci. 🏒📲

S UniLife máš na jednom místě vstupenky, studentské akce ve městě, výhody a slevy u partnerů i přehled toho, co se právě děje. 👀

A jak to funguje? Mrkni na video! 👆

🏒 Vstupenky na hokej koupíš přímo v aplikaci a nemusíš pak hledat PDF v e-mailu.
🎉 Studentské akce najdeš přehledně na jednom místě.
🎁 Výhody a slevy můžeš využívat přímo přes aplikaci.
💳 ČSOB klienti si po ověření účtu mohou odemknout exkluzivní výhody — třeba 20% slevu na naše vstupenky.

A co z toho máš už zítra? 👀

Stáhni si UniLife, kup si přes ni vstupenku na Alumni Game, využij 20% slevu a pokud dorazíš mezi prvními 100 fanoušky, Proud máš od nás zdarma! 🍻🏒

👉 UniLife najdeš v App Store i Google Play.

#akademiciplzen 💙",https://www.instagram.com/reel/Dd02Yv0iyFT/,,5038,112,1,8
@riderspardubice,instagram,4d6a67ab-9313-4f77-a82e-abb18adbca5d,e1215bbf-2633-43eb-8bf1-d56629cc915a,IG Story,IMAGE,8.4.2026 17:04:32,,https://www.instagram.com/stories/riderspardubice/3870905139859302046,,792,,,2
@univerzitnihokej,facebook,01b45180-0b14-4a14-96e8-d0a4bab1fb9f,f388c0d6-e1bf-4069-aebc-3bfd94f9693a,FB Video,VIDEO,2.10.2026 22:15:54,Tohle doma rodičům neukazujte 🔞,https://www.facebook.com/reel/2109849926312451/,866,444,3,,
@united_hk,tiktok,7e062517-b9da-416d-b73d-a2c5899a2be6,1f488c03-b6c6-4a83-bffc-04c3194e7d5f,TT Video,VIDEO,8.3.2026 18:19:24,"🏒 BAUER Gear Up Challenge Ještě jeden návrat k momentům z Východočeského derby univerzit. Během přestávky jsme dali fanouškům výzvu – BAUER Gear Up Challenge. Úkol byl jasný: 45 vteřin. A obléknout si co nejvíc hokejové výstroje. Helma, chrániče, rukavice… Kdo to zvládl nejrychleji? Podívej se ve videu. Díky partnerovi BAUER za skvělý moment derby. 🖤🧡❤️ #unitedhk #unihokej #hokej",https://www.tiktok.com/@united_hk/video/7614951072406261014?utm_campaign=tt4d_open_api&utm_source=7348986504397455361,,1057,27,,
@riderspardubice,instagram,4d6a67ab-9313-4f77-a82e-abb18adbca5d,25673bf3-3c88-401b-8aac-c2b72039ef9a,IG Story,VIDEO,21.9.2026 17:33:05,😍,https://www.instagram.com/stories/riderspardubice/3991232805589829069,,984,,,
vsefalcons,instagram,709fceba-e311-48e7-9057-f54a587abf4a,62097748-4eaa-4027-bef1-735912804a5d,IG Story,VIDEO,8.1.2026 14:42:04,AŽ SI BUDETE CHTÍT DÁT PAUZU OD UČENÍ 🇨🇦 🤓,https://www.instagram.com/stories/vsefalcons/3805603621618889402,,1171,,,1
vsefalcons,instagram,709fceba-e311-48e7-9057-f54a587abf4a,6397b20c-4161-42b7-a4dc-6d59314ab5ba,IG Reel,VIDEO,17.8.2026 16:11:46,"Nezaujatý mic’up by @jirkafibigr a @alenjurak11 🎙️

Kluci na tryoutu zahodili dresy a vyzkoušeli si roli rozhodčích. Že by jim to dvakrát šlo, se říct nedá, takže se těšíme, až budou zase zpátky ve hře 🤓

PS. @stracajunior kdo je ta Eliška? 🧐",https://www.instagram.com/reel/DcJaqyfuvlG/,,7031,168,,23
@unitedhk,facebook,bfe6cc29-a387-41b9-9bca-b077722556af,abc37cd3-9023-40e3-8e73-a619dcd083a2,FB Post,IMAGE,31.8.2026 16:43:20,"Za 4 týdny jsme zpátky doma.

Nová sezóna. První domácí zápas. A večer, kterým to celé rozjedeme.

📅 28. 9. 2026
🏒 UNIted HK × BO Ostrava
📍 ČPP aréna

17:00 Pop-up party
18:45 Slavnostní zahájení

OTVÍRÁK sezóny 2026/27.

Více na unitedhk.cz/otvirak",https://www.facebook.com/122180651084388974/posts/122192273426388974,547,,1,,
@akademiciplzen,instagram,65494228-95bf-4f7b-8e68-d47d7262db66,c3ae8362-c678-4f1a-bd53-59b4e3c0df7f,IG Reel,VIDEO,9.3.2026 18:17:25,"Generální manažer a trenér @beerik09 v rozhovoru pro @sport_ct o tom, jak se @univerzitnihokej za poslední roky posunul. 🚀🚀🚀

#akademiciplzen",https://www.instagram.com/reel/DVrGA-iDKUl/,,12752,308,5,8
@bitvaoprahu,instagram,d7c8aa06-74fb-4c6c-a7d2-c2fe1bf6d59c,e9b5d670-bebb-4e7c-a2c7-fa0e1177ba06,IG Reel,REEL,25.3.2026 18:41:08,"Hokejem u nás večer nikdy nekončí 🙂‍↔️ jestli máš vzpomínky v mlze, je čas si tuhle party připomenout 🪩",https://www.instagram.com/reel/DWUUI3Rjpy4/,,11987,341,1,99
@unitedhk,facebook,bfe6cc29-a387-41b9-9bca-b077722556af,2d03deb9-041f-4376-aa2d-406757149ee6,FB Story,IMAGE,17.9.2026 15:28:57,,https://facebook.com/stories/122099775710388974/UzpfSVNDOjE0MjEwOTAyODY2MTE0MTc=/?view_single=1,,,,,
@boostrava,instagram,1176ddaf-d366-48a2-9639-3c6694c72c85,47a99ca0-e962-437c-8b88-96d2d6a32f01,IG Story,VIDEO,21.9.2026 17:37:36,Let’s gooooo ‼️,https://www.instagram.com/stories/boostrava/3991234600936184902,,560,,,2
@univerzitnihokej,instagram,1e114592-3529-4cfe-9977-2598454053af,5474ddb8-35a8-4178-8753-fb3c861119a2,IG Post,IMAGE,24.9.2026 10:40:44,"David Routa v tom měl jasno a jako lídr statistik z minulé sezóny ukazuje, že hodlá pokračovat přesně tam, kde skončil.! V zápase ENG vs UKP nastřílel hned 4 góly ⚡️

#unihokej #hattrick",https://www.instagram.com/p/DdqsWJpCFeS/,,24785,643,3,29
@unitedhk,facebook,bfe6cc29-a387-41b9-9bca-b077722556af,54f51d36-cfd9-414b-97d7-14ebfffe905b,FB Post,IMAGE,29.9.2026 15:12:59,"3 000 lidí na jednom místě. 👀

Díky, že sledujete UNIted HK, sdílíte naše zápasy, chodíte do arény a jste u toho s námi.

Rosteme dál. Na ledě i mimo něj. 🖤🧡

#allforunited",https://www.facebook.com/122180651084388974/posts/122194697300388974,86,,,,
vsefalcons,instagram,709fceba-e311-48e7-9057-f54a587abf4a,79b3fbc6-aeec-4ee2-9eae-4a142cd5a425,IG Post,IMAGE,30.9.2026 15:08:15,"Co dodat? 🥹

Bez vás bychom byli jen tým. S vámi jsme rodina. Díky Falcons 🫶🏼",https://www.instagram.com/p/Dd6nBTBILY4/,,5488,174,4,4
@riderspardubice,instagram,4d6a67ab-9313-4f77-a82e-abb18adbca5d,bcd641f6-2657-4e5d-b168-e173fb018a42,IG Post,PHOTO,31.3.2026 10:01:01,"Dnes důležitý zápas v Ostravě- PLAY-IN!👊🏻🔥

Play-in
🗓️ 31.3. v 19:30
📍 v RT Torax Arena 
⚔️ proti @boostrava 

#playin#riders",https://www.instagram.com/p/DWi25-ZDJ-Q/,,2969,40,,2
vsefalcons,instagram,709fceba-e311-48e7-9057-f54a587abf4a,d26853ed-8bd8-4232-974b-0ca436e7b228,IG Story,VIDEO,9.3.2026 17:45:42,"Bude to zítra 
HEATED nebo RIVALRY? 🤫",https://www.instagram.com/stories/vsefalcons/3849182632110247279,,690,,,13
@riderspardubice,instagram,4d6a67ab-9313-4f77-a82e-abb18adbca5d,1dd024ec-d9fe-437f-be4e-49ba74a75c0e,IG Post,IMAGE,18.3.2026 13:00:00,"A slevička by nebyla? 👀

Odkaz na vstupenky v BIU! 🎟️",https://www.instagram.com/p/DWBtT5PjM4F/,,5213,33,1,16
@univerzitnihokej,facebook,01b45180-0b14-4a14-96e8-d0a4bab1fb9f,1f4be4ff-e462-42e6-bd94-fb53173a43ce,FB Post,IMAGE,22.9.2026 18:07:24,"Historicky největší expanze ULLH - představujeme DIVIZI 2 🔥 Inspirací byl americký model univerzit, a tak jsme založili development divizi.

Vítejte UTB Redbricks @vspj_dukla_jihlava ŠAVŠ hockey | Škoda Auto Vysoká škola VŠCHT Alchemists 👋🏻",https://www.facebook.com/1275398168115026/posts/1422034740118034,20513,,126,,
@boostrava,instagram,1176ddaf-d366-48a2-9639-3c6694c72c85,4c2d55cc-d6a6-412c-b853-cbb59520295d,IG Story,VIDEO,1.4.2026 18:47:22,DĚKUJEME,https://www.instagram.com/stories/boostrava/3865883502936107672,,436,,,
@unitedhk,facebook,bfe6cc29-a387-41b9-9bca-b077722556af,82a04f3b-94cd-4d3f-8f7d-6bfb99a55127,FB Post,IMAGE,19.4.2026 11:15:43,"Děkujeme společnosti Ventio za podporu v sezoně 2025/26.

Spojení tradice a inovací v oblastech projektování, ekologie, recyklace a developmentu.

Díky, že stojíte za UNIted HK. 🖤🧡",https://www.facebook.com/122180651084388974/posts/122181801038388974,237,,3,,
@hc_muni,instagram,43cd62c8-609d-4ea6-8ce9-cae5242ede0c,bb4b8c37-35a5-445f-aa23-caf806a6c8ae,IG Story,VIDEO,28.9.2026 17:49:03,STARTUJEME STARTUJEME,https://www.instagram.com/stories/munibearsbrno/3996313762327866895,,646,,,1
vsefalcons,instagram,709fceba-e311-48e7-9057-f54a587abf4a,bfb49c44-6a7a-47b0-bf4a-113c8039beca,IG Story,VIDEO,17.2.2026 19:07:05,POŠLETE KLUKŮM,https://www.instagram.com/stories/vsefalcons/3834728140807626678,632,799,,,
vsefalcons,instagram,709fceba-e311-48e7-9057-f54a587abf4a,ca1fa57e-d609-45e7-8a10-7e452d3ec673,IG Story,VIDEO,26.1.2026 18:44:06,@bulvafilip  MAJITEL KASY 🥅,https://www.instagram.com/stories/vsefalcons/3818771450308358914,,1099,,,1
@united_hk,instagram,b18c071b-0570-48b2-b743-990c668c3c5b,e5381a88-86aa-4bc1-a675-aa85e2dfb5bb,IG Story,IMAGE,14.9.2026 16:55:29,,https://www.instagram.com/stories/united_hk/3986139977831674392,,440,,,
vsefalcons,instagram,709fceba-e311-48e7-9057-f54a587abf4a,1498919b-eb6b-494c-a49b-b8c4988ddd8b,IG Story,IMAGE,16.4.2026 20:51:40,,https://www.instagram.com/stories/vsefalcons/3876817690128059871,1135,540,,,2
vsefalcons,instagram,709fceba-e311-48e7-9057-f54a587abf4a,2c1dc848-2a46-4958-a26a-28994f8897b1,IG Post,IMAGE,2.9.2026 13:13:41,"S radostí oznamujeme, že máme nového hlavního partnera! 🥳

4fin Better together se specializuje na špičkové finanční a majetkové poradenství, aby naplňoval svou misi “aby se lidem lépe žilo”. Jejich filozofie spolupráce a společného růstu přesně sedí k tomu, čím jsme jako tým.

Vítáme 4fin do rodiny Falcons a těšíme se na společnou nadcházející sezónu! 🦅💙

Děkujeme moc za podporu.
Better together 🤝🏼",https://www.instagram.com/p/DcyUXJdCH2T/,,7143,137,,27
univerzitnihokej,tiktok,01c88cf9-594f-408e-a45a-95114221acae,b139efb4-ee35-4724-8ec8-f4b49c15604d,TT Video,VIDEO,17.4.2026 14:57:14,Tenhle nástup do zápasu se úplně nepovedl. 😅🕺,https://www.tiktok.com/@univerzitnihokej/video/7629742375371296022?utm_campaign=tt4d_open_api&utm_source=7348986504397455361,,23727,1158,3,174
@218107044725785,facebook,7a942e3e-6c47-4794-9ba7-bbc7b6d40cb3,356eecc1-1883-4d1b-9262-f8a8b76ea108,FB Video,VIDEO,10.3.2026 6:53:53,Dneska bude na Kateřinkách horko! 🤭,https://www.facebook.com/reel/1654373585581509/,185,63,5,,
@AkademiciPlzen,facebook,d87b94e3-03e8-45d0-b92e-75e9b819545c,9f82c1ed-0bc7-4129-9d98-4e37bcdf7882,FB Story,VIDEO,29.9.2026 19:52:41,,https://facebook.com/stories/103234241824606/UzpfSVNDOjE1NjM2NzQ2MzE2MzczMDM=/?view_single=1,,,,,
@218107044725785,facebook,7a942e3e-6c47-4794-9ba7-bbc7b6d40cb3,f618593c-a6fa-4804-9f4b-a7dc91a257b9,FB Video,VIDEO,24.4.2026 10:00:48,"WINGS FOR LIFE je už za rohem! 🏃🏽

Kdo neví o co jde, tak je to běh, kde vás “honí” auto a vy musíte uběhnout co nejvíc kilometrů než vás dožene 🥵 A to hlavní! Veškerý výtěžek jde na podporu poranění míchy 🙌🏼 Takže během podpoříte dobrou věc 💙

Tak nenechte Strnyho vysedět důlek, zaregistrujte se, připojte se do našeho týmu “VŠE Falcons Prague” a vidíme se 10.5. ve Stromovce 👋🏼

#vsefalcons #wingsforlife",https://www.facebook.com/reel/2038881760319252/,482,192,4,,
vsefalcons,instagram,709fceba-e311-48e7-9057-f54a587abf4a,f90b55df-2ced-4341-b857-d56fa067c953,IG Story,VIDEO,3.2.2026 20:11:49,😮‍💨 OTO DNES HATTRICK?,https://www.instagram.com/stories/vsefalcons/3824613791904620811,,1122,,,2
@univerzitnihokej,instagram,1e114592-3529-4cfe-9977-2598454053af,6b7a04f9-dde0-4168-93ed-2ecc61eb5430,IG Post,IMAGE,5.4.2026 12:46:23,"UNIted tento týden uzavřeli svou sezónu v semifinále play-in, když jejich cestu do Final Four ukončilo prodloužení proti Falcons.

Respekt za tuhle jízdu a za všechno, co jste letos nechali na ledě 🧡",https://www.instagram.com/p/DWwCABEiFNw/,,12656,357,1,10
@218107044725785,facebook,7a942e3e-6c47-4794-9ba7-bbc7b6d40cb3,a225326f-0935-4658-9a8a-0d52b6ccd9e9,FB Video,VIDEO,25.9.2026 9:00:23,"Představujeme tvůj univerzitní život v kapse: @unilifecz 📲

Od letošní sezony chodíš na naše zápasy jen se vstupenkou v aplikaci. Stáhni si ji a nenech si ujít žádný zápas! 🎟️

🇬🇧 Meet your university life in your pocket: @unilifecz 📲

Starting this season, tickets to ULLH games are available only in the app. Download it and don’t miss a single game! 🎟️",https://www.facebook.com/reel/1556511279562836/,731,441,3,,
@vutcavaliersbrno,instagram,b384bebf-72f3-4f9d-8b2d-3677709f6966,c92f2c86-58cd-4821-ab75-50e1076a2147,IG Story,IMAGE,15.9.2026 9:35:25,Zahájení semestru na FP🤩 @fp_vut,https://www.instagram.com/stories/vutcavaliersbrno/3986643205274968453,,2999,,,13
@bitva_o_budejce,instagram,f977c0af-061e-4c10-813f-da5818f8a748,d22077f8-abca-4a3e-97a7-d197089f5a2c,IG Post,IMAGE,15.9.2026 11:59:11,"⏳ 50 DNÍ DO BITVY! 🏒🔥
Už jen 50 dní. A zase se potkáme v Budvar aréně. 👀
JU × VŠTE
📅 4. 11. 2026
📍 Budvar aréna
Hokej, rivalita, emoce, show a hlavně pořádná atmosféra. 🥶
Tak kdo už má lístek? 🎟️
Jestli ho ještě nemáš, tak je nejvyšší čas to napravit. 😏
Budějce, pomalu se připravujte. Tohle bude jízda. 🔥 🎟️ Lístky najdeš přes odkaz v BIO.",https://www.instagram.com/p/DdTpv6oM-s3/,,2020,42,,4
vsefalcons,instagram,709fceba-e311-48e7-9057-f54a587abf4a,008f6f53-a7e6-4eeb-93fc-b56eb01414a0,IG Story,VIDEO,9.2.2026 14:30:53,,https://www.instagram.com/stories/vsefalcons/3828791002656186366,,928,,,1
@hc_muni,instagram,43cd62c8-609d-4ea6-8ce9-cae5242ede0c,04d64fc3-ff2f-47b9-9b89-eadc32c80afd,IG Reel,VIDEO,16.3.2026 11:52:57,"KDYŽ TO VEZMEŠ DO VLASTNÍCH RUKOU! 🤯🔥
@_novas_44_ v sobotním zápase naprosto ovládl led a vstřelil HATTRICK🚨🚨🚨

#hcmuni",https://www.instagram.com/reel/DV8b8DcjOF7/,,8910,254,4,13
vsefalcons,instagram,709fceba-e311-48e7-9057-f54a587abf4a,0bd43fa5-d10b-4839-b6ae-bb32cdbe226b,IG Story,VIDEO,17.4.2026 15:08:39,,https://www.instagram.com/stories/vsefalcons/3877369273845066532,1288,1281,,,2
@riderspardubice,instagram,4d6a67ab-9313-4f77-a82e-abb18adbca5d,534b1813-ece2-478e-a331-64af5ac4d9fe,IG Post,IMAGE,27.8.2026 10:18:16,"Vítězíme! 🔥

Tento přípravný zápas nám chutnal.😝

Díky všem, kteří nás přišli podpořit. Jedeme dál! ❤️",https://www.instagram.com/p/Dcii4Leo0eq/,,6170,193,3,12
@AkademiciPlzen,facebook,d87b94e3-03e8-45d0-b92e-75e9b819545c,79cbd9dc-f84c-41f8-a884-1e323d275ce1,FB Post,IMAGE,28.9.2026 20:22:56,"ZÍTRA SE ROZLOUČÍME S AKADEMIKY Z LOŇSKÉ SEZÓNY. 💙🫶🏻

Ještě před úvodním buly ALUMNI GAME nás čeká speciální moment. Na ledě se společně rozloučíme s hráči, kteří v loňské sezóně oblékali dres Akademiků a letos už v naší sestavě pokračovat nebudou.

Přijďte jim s námi poděkovat za jejich působení v Akademicích. 🫶🏻

A pak už společně odpálíme novou sezónu zápasem proti VUT Cavaliers Brno ! 💥

Budou vás čekat nové tváře na ledě, stánek s NOVÝM MERCHEM a spousta důvodů, proč být zítra večer na zimáku:

🎟️ Prvních 100 fanoušků dostane Proud zdarma!
🎁 Ve soutěži můžeš vyhrát 3× vstupenku na Bitvu o Plzeň + Afterparty a Red Bull. 🪽

🗓️ 29. 9. | 19:15
📍 LOGSPEED CZ Aréna

Zítra večer se vidíme! 🫵🏻

#akademiciplzen | 🎨 Hikky | grafický designér",https://www.facebook.com/1357105236437494/posts/1512593294222020,1582,,12,,
vsefalcons,instagram,709fceba-e311-48e7-9057-f54a587abf4a,efd59f98-e1e0-45c1-a4c8-c8efad485874,IG Story,VIDEO,16.4.2026 20:10:38,TEĎ POTŘEBUJEME VEŠKEROU VAŠI PODPORU,https://www.instagram.com/stories/vsefalcons/3876796864452410757,1080,661,,,
@unitedhk,facebook,bfe6cc29-a387-41b9-9bca-b077722556af,393955a8-24fc-4b49-adf8-64b57f696631,FB Story,IMAGE,10.8.2026 17:23:47,,https://facebook.com/stories/122099775710388974/UzpfSVNDOjE1NDYyMzMwMjY1MDk2MDU=/?view_single=1,,,,,
@cvutengineers,instagram,11963a07-7f0f-48e6-9d81-aa63a7ff4a04,3b402082-60a6-4ed2-bb4a-4d22d63b8881,IG Story,VIDEO,22.9.2026 19:53:20,NA MAJKU @david_routa 🎙️,https://www.instagram.com/stories/cvutengineers/3992027709471219793,,990,,,2
univerzitnihokej,tiktok,01c88cf9-594f-408e-a45a-95114221acae,72fd3d0c-0636-41b3-ab01-e55106431d2a,TT Video,VIDEO,13.4.2026 16:50:03,Fanoušci UK Final Four volá 📞 Máte už svůj lístek? 🎟️ 🗓️ 16.-17.4. | 🏟️ Zimní stadion Eden,https://www.tiktok.com/@univerzitnihokej/video/7628287106791574806?utm_campaign=tt4d_open_api&utm_source=7348986504397455361,,530,22,,
@cvutengineers,instagram,11963a07-7f0f-48e6-9d81-aa63a7ff4a04,9239ebbb-44ee-417a-a8f8-1249a84af9df,IG Story,IMAGE,22.9.2026 19:14:50,4 3,https://www.instagram.com/stories/cvutengineers/3992008268111318082,,1522,,,19
@akademiciplzen,instagram,65494228-95bf-4f7b-8e68-d47d7262db66,ab080025-a2b5-4d49-860e-5da880c809e9,IG Story,VIDEO,26.9.2026 20:19:48,@_rihastepan_,https://www.instagram.com/stories/akademiciplzen/3994940073451455930,,709,,,
vsefalcons,instagram,709fceba-e311-48e7-9057-f54a587abf4a,f55d4281-9bfa-4d9c-bbe7-a4295a33089b,IG Post,ALBUM,11.3.2026 18:43:30,"HOT NEWS 🔥

Už bylo trochu na čase obměnit naši Falcons collection, so here we go 🙂‍↕️

🌸 Holčičí crewneck s nápisem, se kterým souzní snad každá slečna 
🤘🏼Unisex crewneck, kterej bude slušet úplně všem 
🧢 Kšiltovka, která outfit posune ještě o level vejš 

Tohle všechno bude k dostání už zítra na bitvě v naší fanzóně a už brzy i na našem e-shopu 🛍️

Co na merch říkáte? 🤩",https://www.instagram.com/p/DVwS_vLCDNH/,,23705,350,11,215
@riderspardubice,instagram,4d6a67ab-9313-4f77-a82e-abb18adbca5d,fb95fe47-01ed-4cd3-a80c-7d5d78697d66,IG Story,VIDEO,23.9.2026 6:58:09,,https://www.instagram.com/stories/riderspardubice/3992362256981061929,,591,,,
@cvutengineers,instagram,11963a07-7f0f-48e6-9d81-aa63a7ff4a04,65768bdc-6a1f-4ac3-ac25-6fbe27422444,IG Story,VIDEO,22.9.2026 18:17:41,#17,https://www.instagram.com/stories/cvutengineers/3991979511767661358,,1379,,,6
@BOhokej,facebook,c9082543-a03b-490f-8f97-66d439acce89,a5a5900c-e1b8-46f4-bdcd-8cdd747507e9,FB Story,VIDEO,26.9.2026 21:47:51,,https://facebook.com/stories/100133738792962/UzpfSVNDOjEwNDI1NTY5NzU0MjczOTk=/?view_single=1,,,,,
@hc_muni,instagram,43cd62c8-609d-4ea6-8ce9-cae5242ede0c,b6740ae2-3326-4cc4-b966-cd5b8ce32219,IG Story,VIDEO,28.9.2026 17:40:54,,https://www.instagram.com/stories/munibearsbrno/3996309678216613055,,723,,,1
@hc_muni,instagram,43cd62c8-609d-4ea6-8ce9-cae5242ede0c,e7070c4b-3168-49b1-81f8-237d483a99a1,IG Story,VIDEO,3.4.2026 16:44:36,,https://www.instagram.com/stories/hc_muni/3867271300645655733,,614,,,1
@riderspardubice,instagram,4d6a67ab-9313-4f77-a82e-abb18adbca5d,e7cd143d-5c3f-4cf7-9974-59f907f49504,IG Story,VIDEO,30.9.2026 16:34:29,📍,https://www.instagram.com/stories/riderspardubice/3997725780868162858,,704,,,2
@riderspardubice,instagram,4d6a67ab-9313-4f77-a82e-abb18adbca5d,fd39cd24-ca7c-4ca4-9680-c5251dd38bad,IG Reel,VIDEO,27.4.2026 10:50:27,"Tahle jízda je u konce! Děkujeme všem za neskutečnou podporu. 🐎 Tato sezóna byla naprosto unikátní – zažili jsme historicky první Final Four a Riders u toho nesměli chybět!

P.S.: Jak teď máme bez těch hezkých hokejistů jako žít? Ptám se pro kamarádku... 🙋‍♀️",https://www.instagram.com/reel/DXoeIlfDJm8/,,9269,445,1,306
@univerzitnihokej,facebook,01b45180-0b14-4a14-96e8-d0a4bab1fb9f,0866581c-c448-4f59-bc0a-bd768a07331b,FB Post,IMAGE,9.3.2026 9:03:25,"Moravské derby, finále Bitvy o Prahu a mnoho dalšího! Na co se tento týden těšíte nejvíc? 🤓",https://www.facebook.com/1275398168115026/posts/1257172219937621,548,,1,,
vsefalcons,instagram,709fceba-e311-48e7-9057-f54a587abf4a,1d5ae1f6-8b48-4742-aba5-31c79da04390,IG Story,VIDEO,12.3.2026 15:21:03,MERCH? MÁME! k dostání ve fanzóně 👕 🧢,https://www.instagram.com/stories/vsefalcons/3851284630049701070,1516,1355,,,1
@cvutengineers,instagram,11963a07-7f0f-48e6-9d81-aa63a7ff4a04,61c05623-bb7e-49ef-854e-66281a569aaa,IG Story,VIDEO,8.4.2026 18:07:28,STŘÍPKY 1. TŘETINY,https://www.instagram.com/stories/cvutengineers/3870936819269651447,,911,,,
@hcnorthwings,facebook,2b08a479-603b-46e4-8a48-2bc0435ccd53,d3dfe659-91ed-4802-90c1-24a6445ba88e,FB Story,VIDEO,23.9.2026 18:20:02,,https://facebook.com/stories/101955925269645/UzpfSVNDOjE0NDMwNzU1ODEwMjgyMDI=/?view_single=1,,,,,
@riderspardubice,instagram,4d6a67ab-9313-4f77-a82e-abb18adbca5d,e5c403f5-9a43-4f46-9817-dcf7eb42dd44,IG Story,VIDEO,31.3.2026 21:31:58,,https://www.instagram.com/stories/riderspardubice/3865241533553636732,,417,,,
@cvutengineers,instagram,11963a07-7f0f-48e6-9d81-aa63a7ff4a04,2a582ae6-58ca-437b-9a65-41eeded60c3e,IG Post,IMAGE,16.4.2026 18:14:50,LET’S GO ENGINEERS 🔥🍀,https://www.instagram.com/p/DXM8O-_jIqD/,,2089,67,,1
@engineersprague,facebook,afd06d1d-7b1c-4f66-8d93-ce4255ab773c,57e0c6fd-8c84-4d09-afe2-fb3d29fea83d,FB Video,VIDEO,23.9.2026 18:14:26,Tenhle moment si dáme ještě jednou. 😮‍💨🔥 9 sekund od srovnání a Routis s Matějdou vrací vedení zpátky na naši stranu.,https://www.facebook.com/reel/1356368366297931/,3084,1427,19,,
vsefalcons,instagram,709fceba-e311-48e7-9057-f54a587abf4a,89ddf88b-7eb0-469b-90cb-ab8679d1a80b,IG Story,VIDEO,24.2.2026 18:37:09,Kočka  a myš 😼,https://www.instagram.com/stories/vsefalcons/3839787335131128962,730,875,,,
@univerzitnihokej,instagram,1e114592-3529-4cfe-9977-2598454053af,90e3dfc9-47ad-4d95-8eda-523cba8f62a6,IG Post,IMAGE,2.10.2026 21:07:47,Ve Zlíně se dneska bude slavit 🎉,https://www.instagram.com/p/DeAad3IES5X/,,6171,216,,13
vsefalcons,instagram,709fceba-e311-48e7-9057-f54a587abf4a,ebf27a2e-5956-4b20-bc75-76fc36f67a8d,IG Story,VIDEO,21.9.2026 13:43:47,,https://www.instagram.com/stories/vsefalcons/3991116866067664728,,748,,,9
@akademiciplzen,instagram,65494228-95bf-4f7b-8e68-d47d7262db66,667fd1ea-49e9-479a-a305-8043c2ad4113,IG Story,IMAGE,29.9.2026 18:06:11,,https://www.instagram.com/stories/akademiciplzen/3997047146582385391,,1171,,,
@riderspardubice,instagram,4d6a67ab-9313-4f77-a82e-abb18adbca5d,967d032a-2975-457f-8e8b-b90075c3d67e,IG Story,IMAGE,17.4.2026 13:31:33,,https://www.instagram.com/stories/riderspardubice/3877320926488692535,,1150,,,1
@218107044725785,facebook,7a942e3e-6c47-4794-9ba7-bbc7b6d40cb3,c5f4d740-8163-43d3-81ec-c6bb0b1f248c,FB Story,VIDEO,22.9.2026 21:31:17,,https://facebook.com/stories/122096877530218300/UzpfSVNDOjIwOTMwNzU3NTEyOTM4ODU=/?view_single=1,,,,,
@218107044725785,facebook,7a942e3e-6c47-4794-9ba7-bbc7b6d40cb3,0afc31d1-a85a-4c17-830c-b1125cc00eed,FB Story,IMAGE,30.9.2026 20:03:52,,https://facebook.com/stories/122096877530218300/UzpfSVNDOjE1MDc5NzUxMTc4MjgyMTc=/?view_single=1,,,,,
@vutcavaliersbrno,instagram,b384bebf-72f3-4f9d-8b2d-3677709f6966,54b45529-81b4-4595-b23c-dacb2b843072,IG Story,VIDEO,23.8.2026 12:22:35,"pokračujeme 
KONTROLOVANOU HROU 🏒 🥅",https://www.instagram.com/stories/vutcavaliersbrno/3970057542901992074,,629,,,6
@bitvaoprahu,instagram,d7c8aa06-74fb-4c6c-a7d2-c2fe1bf6d59c,73437f3b-c293-42ab-a892-2a0e89128154,IG Post,IMAGE,12.3.2026 17:19:42,"Když ten hokej prostě baví. 🥹

@czufarmers ⚔️ @vsefalcons 3️⃣:3️⃣ | #bitvaoprahu",https://www.instagram.com/p/DVyuM3MDFMx/,,21752,506,,20
vsefalcons,instagram,709fceba-e311-48e7-9057-f54a587abf4a,8e8d9a0c-e998-400d-90d6-79c5d6c0e8ec,IG Story,VIDEO,18.9.2026 18:45:29,PODRTŽENO SROVNÁNO 2:2 @vavros8,https://www.instagram.com/stories/vsefalcons/3989094434351880338,,744,,,
@riderspardubice,instagram,4d6a67ab-9313-4f77-a82e-abb18adbca5d,b5416d27-e94c-4473-8ab6-0ae0f9187447,IG Story,VIDEO,26.8.2026 18:52:19,,https://www.instagram.com/stories/riderspardubice/3972427993108823367,,831,,,
@vutcavaliersbrno,instagram,b384bebf-72f3-4f9d-8b2d-3677709f6966,c63212df-9692-4b8d-a46a-b9d3ce1c7c25,IG Reel,VIDEO,28.9.2026 9:26:07,Znají kluci svoje vlastní výkony z minulé sezóny?,https://www.instagram.com/reel/Dd024kzI48y/,,4209,110,2,9
@vutcavaliersbrno,instagram,b384bebf-72f3-4f9d-8b2d-3677709f6966,1d86f9ec-1124-4b29-9792-a8b7b9013c93,IG Story,VIDEO,23.9.2026 15:04:14,,https://www.instagram.com/stories/vutcavaliersbrno/3992606917159080942,,986,,,2
vsefalcons,instagram,709fceba-e311-48e7-9057-f54a587abf4a,cb93c3d7-97b2-448c-bb00-502c9811b22a,IG Story,VIDEO,14.3.2026 17:05:55,@patrik_nabelek  sebral spotlight @mila_prehled_22 🧑‍🧒‍🧒,https://www.instagram.com/stories/vsefalcons/3852786479240102978,1045,1060,,,2
@univerzitnihokej,instagram,1e114592-3529-4cfe-9977-2598454053af,0a52d5c7-34e7-42f7-9283-2aeed639fd64,IG Reel,VIDEO,22.9.2026 18:33:23,"Jedna divize už byla málo!  4️⃣ univerzity, 4️⃣ nové týmy - TOHLE JE ULLH DIVIZE 2️⃣🔥",https://www.instagram.com/reel/DdmYnOVopaP/,,31851,1124,6,89
@united_hk,instagram,b18c071b-0570-48b2-b743-990c668c3c5b,43edbb9b-2a53-4ac4-817f-445aaca3710e,IG Story,IMAGE,12.9.2026 12:15:37,,https://www.instagram.com/stories/united_hk/3984549518910888707,,525,,,
@univerzitnihokej,facebook,01b45180-0b14-4a14-96e8-d0a4bab1fb9f,8c48cd32-157f-4248-b429-6af633359f10,FB Post,PHOTO,31.3.2026 11:11:26,Oficiálně vypínáme základní část a zapínáme PLAY-IN MODE 😤,https://www.facebook.com/1275398168115026/posts/1274788088176034,1320,,3,,
@hokejovy_souboj_univerzit,instagram,cb4021a2-14da-41f5-8b43-0502f11720aa,a2d2ef28-d775-4fce-8918-dea692d919b0,IG Reel,VIDEO,28.9.2026 16:01:34,"🔥 Všichni přece víme, kde je ta největší sranda a nejlepší atmosféra 🔥
📣 V KOTLI!
Zpívání, fandění, skákání, řvaní a hlavně parta lidí, co si ten hokej chce užít naplno 🏒🔥
Takže jestli ještě nemáš lístek, nečekej, až ti ho někdo vyfoukne před nosem 😂
👉 hsubrno.cz",https://www.instagram.com/reel/Dd1kHljM-87/,,3366,45,,3
@engineersprague,facebook,afd06d1d-7b1c-4f66-8d93-ce4255ab773c,b4524416-4352-45cc-ac28-bb1da871fac9,FB Story,VIDEO,12.3.2026 18:47:29,,,,,,,
vsefalcons,instagram,709fceba-e311-48e7-9057-f54a587abf4a,bdbdef9b-691c-4ea7-8cd4-625723f2feff,IG Reel,VIDEO,18.1.2026 19:35:04,"Naše academic weapons se nám svěřili s jejich nejtěžší zkoušku semestru. 🤓 Kluci, budeme držet palce! ✊🏼",https://www.instagram.com/reel/DTqfibbCAeL/,,6247,130,,13
@hc_muni,instagram,43cd62c8-609d-4ea6-8ce9-cae5242ede0c,0543e210-2ad0-4d35-bcf3-409a861c557f,IG Post,IMAGE,27.9.2026 8:45:49,"WE ARE BACK, BABY! 🔥 
Čekání skončilo, zítra jdeme na věc‼️ Nová sezóna 2026/27 nám oficiálně startuje a ty u toho nesmíš chybět! 🐻💙

#MUNIBears #desetfakultjednarodina",https://www.instagram.com/p/DdyL8LjOaI6/,,7666,198,1,15
@cvutengineers,instagram,11963a07-7f0f-48e6-9d81-aa63a7ff4a04,3ce02596-b5d6-4995-aa37-2126c6ce966c,IG Story,VIDEO,30.9.2026 19:00:44,ALE VÝHRA JE NAŠE! BYLO TO TĚŽKÝ,https://www.instagram.com/stories/cvutengineers/3997799409794181728,,1106,,,1
@univerzitnihokej,facebook,01b45180-0b14-4a14-96e8-d0a4bab1fb9f,89e86f2d-d545-477b-9c31-afb84fb0b8f2,FB Post,IMAGE,9.3.2026 15:40:07,"Minulou sezonu si výherkyně odnesla šek na čtvrt milionu od ČSOB 💙 Letos hrajeme o 1️⃣0️⃣0️⃣ 0️⃣0️⃣0️⃣ Kč. Kdo je získá tentokrát? 👀

🔗 Založ si účet u ČSOB přes odkaz v našem biu a možná to budeš právě ty. 🫵🏻",https://www.facebook.com/1275398168115026/posts/1257384276583082,667,,,,
univerzitnihokej,tiktok,01c88cf9-594f-408e-a45a-95114221acae,926e49b5-2a8f-42de-81be-b5104625f9f2,TT Video,VIDEO,16.4.2026 15:58:54,"GÓL, který přepsal dějiny! ✍️ Sleduj první trefu @UK KINGS PRAGUE FINAL4 ULLH 👀",https://www.tiktok.com/@univerzitnihokej/video/7629387186881711382?utm_campaign=tt4d_open_api&utm_source=7348986504397455361,,2380,93,1,7
@boostrava,instagram,1176ddaf-d366-48a2-9639-3c6694c72c85,a0ea7962-de0d-4053-8c7e-b0a560595a4e,IG Story,VIDEO,31.3.2026 18:28:20,,https://www.instagram.com/stories/boostrava/3865149113742679427,,639,,,
vsefalcons,instagram,709fceba-e311-48e7-9057-f54a587abf4a,0a0056b1-7204-4088-b1fc-5f763c8b451f,IG Story,VIDEO,13.5.2026 7:14:11,JE TU NOVÝ VŠEBOREC!!! PRO VŠECHNY STUDENTY VŠE JE DNES NEJLEPŠÍ DEN SEMESTRU 📚 🤓,https://www.instagram.com/stories/vsefalcons/3895975013341745091,898,301,,1,
@vutcavaliersbrno,instagram,b384bebf-72f3-4f9d-8b2d-3677709f6966,67d878ef-4978-42d2-b489-eeebd93ed5aa,IG Story,IMAGE,13.9.2026 17:20:54,🥅🥅 2:1 @samuelliko,https://www.instagram.com/stories/vutcavaliersbrno/3985427985221550533,,664,,,1
@univerzitnihokej,facebook,01b45180-0b14-4a14-96e8-d0a4bab1fb9f,b9d42f2b-5b78-4c68-8109-c8c9d1c0307a,FB Post,IMAGE,4.3.2026 21:31:56,"Největší hlad na ledě dnes měl @_rihastepan_ 👀🔥

Odměna za výkon?
ZOTT HUNGRY pro dnešního nejhladovějšího hráče. 🥛 #zott #zotthungry #zotthungrydrinkthis",https://www.facebook.com/1275398168115026/posts/1253922393595937,507,,2,,
vsefalcons,instagram,709fceba-e311-48e7-9057-f54a587abf4a,e1be1b8a-8911-4573-bd18-66efc52070f2,IG Post,IMAGE,31.12.2025 10:30:56,"Za každým zápasem, každou akcí a každým naším krokem stojí lidé a značky, kteří v nás věří.

Děkujeme všem partnerům, že jsou s námi na stejné cestě a pomáhají nám posouvat projekt dál, nejen v roce 2025.
Bez vás by to nešlo. Opravdu. 🦅

#jsmevtomspolu",https://www.instagram.com/p/DS7K-yfiBAs/,,6706,59,,5
@united_hk,instagram,b18c071b-0570-48b2-b743-990c668c3c5b,04c47f4d-0c02-432c-a6b0-14ff5d635f66,IG Story,IMAGE,29.9.2026 14:39:38,,https://www.instagram.com/stories/united_hk/3996943199607746251,,36,,,
@unitedhk,facebook,bfe6cc29-a387-41b9-9bca-b077722556af,18fa0446-f8a8-4b99-83f8-cc4915114f8e,FB Story,IMAGE,6.9.2026 16:00:06,,https://facebook.com/stories/122099775710388974/UzpfSVNDOjkwOTU4NDQ1ODU0MDA0NA==/?view_single=1,,,,,
@riderspardubice,facebook,f99ed6c3-17cc-46f4-a32e-d9b0576ce2df,45420f3f-80a3-42bc-a9d4-0f06734f1559,FB Video,VIDEO,12.4.2026 15:05:35,@unihokejfinalfour těšíme se😎,https://www.facebook.com/reel/2086877262171188/,323,118,2,,
@united_hk,instagram,b18c071b-0570-48b2-b743-990c668c3c5b,5ba61a17-59d4-4aeb-8c45-34ed25db71eb,IG Story,VIDEO,28.9.2026 17:32:06,@andrewgalaxy_music  o zábavu se postará i na After Party! 🪩 🪩,https://www.instagram.com/stories/united_hk/3996305245247918539,,989,,,4
@cvutengineers,instagram,11963a07-7f0f-48e6-9d81-aa63a7ff4a04,7f5a90ad-6dd4-4f9c-b22a-f42457971c4c,IG Post,IMAGE,13.3.2026 13:42:49,"Bitvu jsme prohráli, ale válka je ještě před náma 🫡

Sezona se blíží do finále a my jdeme dokončit co jsme začali! 

#engprg #srdcelva

📸: @ondra_mann",https://www.instagram.com/p/DV06LI9DB9p/,,12842,502,,25
@bitvaoprahu,facebook,75e0f41f-82be-4f82-a77b-82ac11135ed2,fd2d76f0-87b3-4a85-8068-0ee169cfa57a,FB Post,IMAGE,4.10.2026 17:29:15,ZÍTRA V 18:00 VŠICHNI NA ZNAČKÁCH 🫡,https://www.facebook.com/1441262177797849/posts/1599664205290978,44,,,,
@engineersprague,facebook,afd06d1d-7b1c-4f66-8d93-ce4255ab773c,9694e5d4-de95-401e-8c1f-23c0c25ed8b5,FB Story,VIDEO,2.3.2026 20:12:53,,,,,,,
@hc_muni,instagram,43cd62c8-609d-4ea6-8ce9-cae5242ede0c,50b9518a-cd24-4cf8-aa3a-b29bbdeb1eae,IG Story,VIDEO,28.9.2026 19:27:39,NEJLEPŠÍ FANOUŠCI V LIZE OPĚT NA ZNAČKÁCH  @hc_muni_ultras 📣,https://www.instagram.com/stories/munibearsbrno/3996363425034731279,,575,,,1
@bitva_o_budejce,instagram,f977c0af-061e-4c10-813f-da5818f8a748,64cb3f68-7f55-41ca-a4f6-60f13fb09113,IG Story,VIDEO,21.9.2026 11:34:47,"LOŇSKÁ AFTERKA: 👀🔥
LETOS: 🤫😈

Víc zatím neřekneme.",https://www.instagram.com/stories/bitva_o_budejce/3991052021498921505,,723,,,2
@riderspardubice,instagram,4d6a67ab-9313-4f77-a82e-abb18adbca5d,aca35efc-3d29-4237-bdba-6357145b9e51,IG Story,VIDEO,17.4.2026 14:36:17,1. TŘETINA ZAPOČATA 👊🏻 0:0,https://www.instagram.com/stories/riderspardubice/3877353322017726622,,965,,,
vsefalcons,instagram,709fceba-e311-48e7-9057-f54a587abf4a,485765b4-331e-40a8-9146-98e12b05140a,IG Reel,REEL,12.3.2026 17:23:24,KSN 🤩,https://www.instagram.com/reel/DVytejBCPnk/,,6472,233,3,12
vsefalcons,instagram,709fceba-e311-48e7-9057-f54a587abf4a,783800be-6581-4b42-9901-e2c2311b1284,IG Reel,VIDEO,19.2.2026 18:11:05,"Kdo by podle vás vypadl jako první nebo naopak vyhrál? 🤔
Survivor themed zápas už v úterý, tak přijďte fandit! 🫨 Vstupenky sežene na profilu! 🎟️",https://www.instagram.com/reel/DU8vIAbCJs5/,,8011,114,2,36
@akademiciplzen,instagram,65494228-95bf-4f7b-8e68-d47d7262db66,8c87af2f-1547-480e-9d44-1e5302c4a405,IG Story,VIDEO,1.4.2026 18:47:54,,https://www.instagram.com/stories/akademiciplzen/3865883744142138345,,1123,,,12
vsefalcons,instagram,709fceba-e311-48e7-9057-f54a587abf4a,c455330e-4777-4c41-833b-149b00b1d3f5,IG Story,VIDEO,12.3.2026 16:36:42,SROVNÁVÁ 3:3,https://www.instagram.com/stories/vsefalcons/3851322215308504364,1414,1279,,,
@unitedhk,facebook,bfe6cc29-a387-41b9-9bca-b077722556af,f0cff6d5-bc43-4826-a343-8b473d8f2d20,FB Story,IMAGE,10.8.2026 19:56:14,,https://facebook.com/stories/122099775710388974/UzpfSVNDOjE1MzM2NDg0MDc5NjI3NDQ=/?view_single=1,,,,,
@cvutengineers,instagram,11963a07-7f0f-48e6-9d81-aa63a7ff4a04,8aad5eab-3920-4048-b88e-2121353cf82c,IG Story,VIDEO,17.4.2026 18:01:37,ZLOMENÁÁÁÁ 🏒 🥲,https://www.instagram.com/stories/cvutengineers/3877456601670270669,,1406,,,2
@cvutengineers,instagram,11963a07-7f0f-48e6-9d81-aa63a7ff4a04,dcadbb6c-f277-4b43-a91d-2dbc7a77916f,IG Post,IMAGE,22.9.2026 7:13:26,"🚨 GAMEDAY | Jdeme do boje 🔥! 

A rovnou proti našemu největšímu rivalovi 👑. Jste ready?! Protože do toho jdeme naplno hned od začátku 🔥.

📍ZS Hvězda 
⏰ 18:45 
🎟️ POZOR! Lístků už je jenom pár, ber ty svoje co nejrychleji. 

#engprg #srdcelva",https://www.instagram.com/p/DdlJjd-MSGU/,,8374,178,,10
@united_hk,instagram,b18c071b-0570-48b2-b743-990c668c3c5b,32444b99-ed70-4fe7-a3ed-963c4ee5d51e,IG Story,VIDEO,18.9.2026 12:03:41,,https://www.instagram.com/stories/united_hk/3988892184400626859,,466,,,1
@hcnorthwings,facebook,2b08a479-603b-46e4-8a48-2bc0435ccd53,97fc230b-9529-4676-946a-7d4ff3408b87,FB Story,VIDEO,18.3.2026 16:34:14,,,,,,,
@hcnorthwings,facebook,2b08a479-603b-46e4-8a48-2bc0435ccd53,f45c988a-32e4-44eb-b9ce-3a968ae9ef7c,FB Story,VIDEO,16.9.2026 18:06:33,,https://facebook.com/stories/101955925269645/UzpfSVNDOjE5MzgzMTUyNTY4NDI2MzQ=/?view_single=1,,,,,
univerzitnihokej,tiktok,01c88cf9-594f-408e-a45a-95114221acae,a79b8ddc-e129-406f-92fd-650f80d74155,TT Video,VIDEO,2.10.2026 20:32:02,@utbzlin slaví první výhru ❤️‍🔥❤️‍🔥,https://www.tiktok.com/@univerzitnihokej/video/7692170958752206102?utm_campaign=tt4d_open_api&utm_source=7348986504397455361,,4003,268,,26
@united_hk,instagram,b18c071b-0570-48b2-b743-990c668c3c5b,5f4dc117-8827-42ec-bc34-23a5a8ec1d81,IG Post,IMAGE,5.8.2026 15:44:21,"Čekání je u konce. 🏒

První trénink na ledě je za námi.

Další fotky najdeš na unitedhk.cz/fotky

📸 @jendazadrazil",https://www.instagram.com/p/DbqfWLziAtc/,,14966,264,2,57
@riderspardubice,instagram,4d6a67ab-9313-4f77-a82e-abb18adbca5d,680e9bfc-6d7e-4ea5-933d-280d1f4fbb92,IG Reel,VIDEO,20.9.2026 15:56:31,"Po kampusu jsme schovali 5 obálek, ve kterých se vždy nachází 2 lístky na zítřejší zápas s @vste_blackdogsbudweis 🔥

Kdo dřív najde, ten zítra jde na zápas za free👀

A pokud ještě lístky nemáš, koupíš je přes aplikaci UniLife → odkaz v bio.🎟️",https://www.instagram.com/reel/Ddg8-NuoD8z/,,5629,78,2,36
@cvutengineers,instagram,11963a07-7f0f-48e6-9d81-aa63a7ff4a04,7f01104a-bf81-4592-9dcb-2622ab45c735,IG Story,IMAGE,17.4.2026 21:56:49,1 4,https://www.instagram.com/stories/cvutengineers/3877575232492187430,,964,,,2
@riderspardubice,instagram,4d6a67ab-9313-4f77-a82e-abb18adbca5d,e0d9aa1d-8854-4c15-909e-9181d3576cce,IG Story,VIDEO,21.9.2026 19:21:17,,https://www.instagram.com/stories/riderspardubice/3991286741118077436,,2475,,,29
@hcmuni,facebook,d1f9e9f9-7526-42d4-85aa-13f91e89f7cf,0a90a080-9724-4019-815c-ff1f08f7d188,FB Story,VIDEO,29.9.2026 16:49:28,,https://facebook.com/stories/107477761381481/UzpfSVNDOjE4NjA0MzA3MzgyODY4MDk=/?view_single=1,,,,,
@riderspardubice,instagram,4d6a67ab-9313-4f77-a82e-abb18adbca5d,4312d69c-89d0-4830-be8d-1a62a3070e3b,IG Story,VIDEO,1.4.2026 13:31:09,Děkujeme za podporu!,https://www.instagram.com/stories/riderspardubice/3865724309562220349,,640,,,
vsefalcons,instagram,709fceba-e311-48e7-9057-f54a587abf4a,f4742b69-9d07-40f8-99eb-45c29cb88d18,IG Reel,VIDEO,22.9.2026 20:03:04,@lukesovasofie u nás budeš mít vždycky zlatou vstupenku 🫶🏼,https://www.instagram.com/reel/DdmilnBor0H/,,119492,5154,55,286
@unitedhk,facebook,bfe6cc29-a387-41b9-9bca-b077722556af,31bfce71-c7a7-483e-83d4-7156737311e0,FB Story,VIDEO,28.9.2026 20:13:03,,https://facebook.com/stories/122099775710388974/UzpfSVNDOjEwOTc5NzAzNTI4Mzg4MzM=/?view_single=1,,,,,
@vutcavaliersbrno,instagram,b384bebf-72f3-4f9d-8b2d-3677709f6966,89714f44-a8e1-4203-bb55-d90ba9643fa2,IG Story,VIDEO,21.9.2026 16:33:18,venkovní rozcvička i za nepříznivého počasí,https://www.instagram.com/stories/vutcavaliersbrno/3991202246125185028,,719,,,
@akademiciplzen,instagram,65494228-95bf-4f7b-8e68-d47d7262db66,dd031fde-e994-4ea6-b29d-6ca7f701d1e4,IG Story,VIDEO,10.4.2026 12:56:32,@_adamsobotka,https://www.instagram.com/stories/akademiciplzen/3872229862568363046,,1025,,,2
@cvutengineers,instagram,11963a07-7f0f-48e6-9d81-aa63a7ff4a04,0fde5f3d-ddb8-49f8-8034-48c754852102,IG Story,VIDEO,20.8.2026 16:21:48,,https://www.instagram.com/stories/cvutengineers/3968003871288855357,,675,,,
@vutcavaliersbrno,instagram,b384bebf-72f3-4f9d-8b2d-3677709f6966,e5ca9a80-5a92-4d16-89b7-a963cbe95d1b,IG Story,VIDEO,23.8.2026 10:34:24,@tombrokes,https://www.instagram.com/stories/vutcavaliersbrno/3970003060579161955,,668,,,1
@boostrava,instagram,1176ddaf-d366-48a2-9639-3c6694c72c85,691c32dd-d57f-4094-9f26-968282b9fcd1,IG Post,IMAGE,28.9.2026 6:49:44,"Dneska vyrážíme do Hradce Králové! Podívejte se, co na to říká náš kapitán Daniel Svozil. 🔥

#gameday",https://www.instagram.com/p/Dd0k1FasPlP/,,2524,47,,3
@riderspardubice,instagram,4d6a67ab-9313-4f77-a82e-abb18adbca5d,77b25558-d499-4ec7-8a69-c618b4afd544,IG Story,VIDEO,19.9.2026 14:09:28,,https://www.instagram.com/stories/riderspardubice/3989680249268345590,,577,,,3
@akademiciplzen,instagram,65494228-95bf-4f7b-8e68-d47d7262db66,78a10236-addb-4edb-b1a0-79d3f3b00354,IG Post,IMAGE,6.3.2026 19:48:07,"Jarní bitva už je minulostí! 💥 

Slavnostní buly nám vhodil maskot Olympiády dětí a mládeže, která se uskuteční 24.-28. 1. 2027 u nás v Plzeňském kraji! 🏆

#akademiciplzen 💙 | 📸 @vpotocesevodatoci @novotny_studio.cz",https://www.instagram.com/p/DVjiamNjNgW/,,9154,184,,4
@VUTCavaliersBrno,facebook,3351b43e-4b71-442b-b2f1-920cd6e57ee5,80080187-93b0-449f-bf58-4fee927a8fb0,FB Story,IMAGE,23.9.2026 18:24:41,,https://facebook.com/stories/100667195401737/UzpfSVNDOjE2MDI1MzIzNjgwMTkwOTk=/?view_single=1,,,,,
@united_hk,instagram,b18c071b-0570-48b2-b743-990c668c3c5b,6cf57c7c-930a-4378-abac-cabeff1c34b7,IG Story,VIDEO,4.10.2026 19:57:58,,https://www.instagram.com/stories/united_hk/4000727309568483969,,308,,,
@united_hk,instagram,b18c071b-0570-48b2-b743-990c668c3c5b,a22e2681-ce3c-42fd-871d-482f3027b5f8,IG Reel,VIDEO,8.3.2026 18:15:08,"🏒 BAUER Gear Up Challenge
Ještě jeden návrat k momentům z Východočeského derby univerzit.

Během přestávky jsme dali fanouškům výzvu – BAUER Gear Up Challenge.

Úkol byl jasný: 45 vteřin. A obléknout si co nejvíc hokejové výstroje. Helma, chrániče, rukavice…

Kdo to zvládl nejrychleji? Podívej se ve videu.

Díky partnerovi BAUER za skvělý moment derby.

🖤🧡❤️

#unitedhk #unihokej #hokej",https://www.instagram.com/reel/DVohP-1CKBZ/,,3047,43,,
@akademiciplzen,instagram,65494228-95bf-4f7b-8e68-d47d7262db66,b3008776-bff9-49bb-96bf-4dbff097eead,IG Story,VIDEO,29.9.2026 22:16:17,,https://www.instagram.com/stories/akademiciplzen/3997173024766989474,,137,,,
@boostrava,instagram,1176ddaf-d366-48a2-9639-3c6694c72c85,38f3866f-f717-4183-862f-e61e199ef05e,IG Story,VIDEO,17.9.2026 9:31:18,,https://www.instagram.com/stories/boostrava/3988090683868896442,,631,,,
@univerzitnihokej,instagram,1e114592-3529-4cfe-9977-2598454053af,86a09db5-7d72-429d-9a9a-acec10aa24a7,IG Story,IMAGE,30.9.2026 17:03:42,ČZU JE READY!! ČZU JE READY,https://www.instagram.com/stories/univerzitnihokej/3997740485107568501,,1059,,,1
@univerzitnihokej,instagram,1e114592-3529-4cfe-9977-2598454053af,d1fb7151-0f90-4e6b-8b72-77a5bc670566,IG Story,VIDEO,9.4.2026 15:59:36,🎟️,https://www.instagram.com/stories/univerzitnihokej/3871597235460907124,,874,,,
@united_hk,tiktok,7e062517-b9da-416d-b73d-a2c5899a2be6,d52d238c-09ac-4a1a-a0b2-9c592746ff04,TT Video,VIDEO,8.3.2026 10:09:27,🧅 Kaufland Cutting Challenge Vracíme se ještě k momentům z Východočeského derby univerzit. Derby není jen o hokeji. Během přestávky jsme si dali rychlou výzvu – Kaufland Cutting Challenge. Úkol byl jednoduchý: 45 vteřin. Hokejové rukavice. A co nejvíc najemno nakrájet cibuli. Jak to dopadlo? Podívej se ve videu. Díky partnerovi Kaufland za další zábavný moment derby. 🖤🧡❤️ #unitedhk #unihokej #hokej,https://www.tiktok.com/@united_hk/video/7614824806646566166?utm_campaign=tt4d_open_api&utm_source=7348986504397455361,,1040,24,,
@VUTCavaliersBrno,facebook,3351b43e-4b71-442b-b2f1-920cd6e57ee5,44f9296c-e20d-4a6a-acab-67e880c73e04,FB Story,IMAGE,2.10.2026 1:38:04,,https://facebook.com/stories/100667195401737/UzpfSVNDOjE0ODUxODU2MTAxMDg0MDg=/?view_single=1,,,,,
@unitedhk,facebook,bfe6cc29-a387-41b9-9bca-b077722556af,d84c69d4-2f25-4524-a430-098851087f25,FB Post,IMAGE,22.9.2026 15:59:40,"Pro sezónu 2026/27 je jasno. 🏒

Kapitánskou trojici UNIted HK tvoří:

C - Matěj Havlíček
A - Josef Kopecký
A - Vojtěch Záliš

Kluci, ať se daří vést tým správným směrem.",https://www.facebook.com/122180651084388974/posts/122194063826388974,155,,,,
@bitvaoprahu,facebook,75e0f41f-82be-4f82-a77b-82ac11135ed2,b354d0f5-0883-4dfe-8ab8-3ead6d7483af,FB Post,IMAGE,10.3.2026 13:57:54,"Kdo už se taky nemůže dočkat, ruku do komentářů! 🖐🏼
Nenech si to ujít ❤️ lístky na bitvaoprahu.cz",https://www.facebook.com/1441262177797849/posts/1418640410060026,213,,,,
@hc_muni,instagram,43cd62c8-609d-4ea6-8ce9-cae5242ede0c,c813843d-9290-46e1-95bc-129f1971f947,IG Story,VIDEO,10.8.2026 21:40:55,,https://www.instagram.com/stories/hc_muni/3960916462839689618,,954,,,8
@united_hk,instagram,b18c071b-0570-48b2-b743-990c668c3c5b,85d95b77-eac7-445c-856a-de6312f3d6c1,IG Story,IMAGE,29.4.2026 19:00:43,,https://www.instagram.com/stories/united_hk/3886183914901350760,,414,,,
@VUTCavaliersBrno,facebook,3351b43e-4b71-442b-b2f1-920cd6e57ee5,9f0375c0-f751-4a63-92eb-41ba351946fc,FB Story,IMAGE,2.10.2026 1:37:51,,https://facebook.com/stories/100667195401737/UzpfSVNDOjE1OTQyNTQzNTIxNzgyOTM=/?view_single=1,,,,,
@742626308943576,facebook,afcb2720-0a77-4413-95f4-2247bcb8a565,a91b7104-99d0-48dd-8fb1-aacdac6b2930,FB Post,IMAGE,9.9.2026 12:45:26,"🔥 PROGRAM BITVY O BUDĚJCE JE TADY! 🔥
Co vás čeká? 👀
Fanzóna, slavnostní zahájení, halftime show, soutěže, Ceremoniál a pořádná afterparty. 🏒💥

Tak si ulož program, pošli ho kámošům a hlavně — doraz včas!

📅 4. 11. 2026
📍 Budvar aréna
🕓 Fanzóna od 16:30

JU × VŠTE.
Tohle bude zase jízda. 🔥🏒

#BitvaOBudějce #JUxVŠTE #Budějce #Hokej #ČeskéBudějovice Bitva2026 Derby",https://www.facebook.com/122132173953029080/posts/122145077577029080,44,,3,,
@united_hk,instagram,b18c071b-0570-48b2-b743-990c668c3c5b,b6c27dca-e2cf-431e-b9e2-5b62c2eed664,IG Story,IMAGE,10.8.2026 17:18:39,Vitej v @univerzitnihokej @savs_raccoons,https://www.instagram.com/stories/united_hk/3960784444042298772,,1056,,,2
@742626308943576,facebook,afcb2720-0a77-4413-95f4-2247bcb8a565,ec595ec5-0c36-4ceb-92d2-a98639e72bb8,FB Story,VIDEO,30.9.2026 19:11:59,,https://facebook.com/stories/122099013459029080/UzpfSVNDOjEwNzcwMDUyODUzMTE0ODk=/?view_single=1,,,,,
@akademiciplzen,instagram,65494228-95bf-4f7b-8e68-d47d7262db66,e08b1de2-af95-488f-9d53-64deeecb0440,IG Story,VIDEO,2.4.2026 9:34:24,,https://www.instagram.com/stories/akademiciplzen/3866329927935360274,,1707,,,1
@riderspardubice,instagram,4d6a67ab-9313-4f77-a82e-abb18adbca5d,5591b966-6ef5-4554-96a3-ad7fb1f82f63,IG Story,VIDEO,21.9.2026 18:58:10,,https://www.instagram.com/stories/riderspardubice/3991275097906324287,,863,,,1
@akademiciplzen,instagram,65494228-95bf-4f7b-8e68-d47d7262db66,f41577c8-042c-47ac-ad74-f5e00318e3a5,IG Story,VIDEO,29.9.2026 20:07:39,KONCOVKA DO PRÁZDNÝ! 🥅,https://www.instagram.com/stories/akademiciplzen/3997108316656147575,,785,,,
@cvutengineers,instagram,11963a07-7f0f-48e6-9d81-aa63a7ff4a04,fc91c1e7-4439-4aa8-8aab-5ab40b561542,IG Story,VIDEO,4.4.2026 12:35:00,😜 😜,https://www.instagram.com/stories/cvutengineers/3867870418468400266,,1089,,,1
@cvutengineers,instagram,11963a07-7f0f-48e6-9d81-aa63a7ff4a04,41e591b1-c894-42c5-9bf8-07a6a3907f77,IG Post,IMAGE,4.3.2026 8:33:50,"🚨 GAMEDAY | Dnes hrajeme doma!
V tradičních 20:00 vyzvedneme na našem ledě @united_hk 🔥. Jak tento duel dopadne? Přijď se podívat na Hvězdu a pořádně nám zafandit! Těšíme se 👋🏻. 

#engprg",https://www.instagram.com/p/DVdLZ0MDEBd/,,4828,65,,10
@vutcavaliersbrno,instagram,b384bebf-72f3-4f9d-8b2d-3677709f6966,c4e70649-39dc-43e3-9a5a-9a6e9d765668,IG Story,IMAGE,16.9.2026 15:42:30,štafetové týmy VUT Cavaliers🏃🏻,https://www.instagram.com/stories/vutcavaliersbrno/3987552748511095860,,767,,,12
@218107044725785,facebook,7a942e3e-6c47-4794-9ba7-bbc7b6d40cb3,ce9b1bb1-3366-4692-837c-32d79dd08bf6,FB Story,IMAGE,22.9.2026 21:32:28,,https://facebook.com/stories/122096877530218300/UzpfSVNDOjEwNzMxNDEwNzg5MTk2OTc=/?view_single=1,,,,,
vsefalcons,instagram,709fceba-e311-48e7-9057-f54a587abf4a,cbf98c75-ebc0-40c0-bfcb-489213c45a0c,IG Story,VIDEO,20.8.2026 16:44:59,pořádně rozehřát po pauze 🔥,https://www.instagram.com/stories/vsefalcons/3968015307041674534,,1062,,,2
@bitva_o_budejce,instagram,f977c0af-061e-4c10-813f-da5818f8a748,025dc020-ac5f-420b-b51c-8f26b9b87e65,IG Story,VIDEO,1.10.2026 9:27:03,"TIK TAK… ⏰👀
50 % lístků na afterparty je pryč! 🔥
A jestli nechceš zůstat před Metropolem… 😂
Druhá nejlevnější vlna je právě tady. 🎟️

Takže šup pro lístek! 🏃‍♀️💨",https://www.instagram.com/stories/bitva_o_budejce/3998235410337180463,,774,,,2
@unitedhk,facebook,bfe6cc29-a387-41b9-9bca-b077722556af,78d6974f-6b85-4755-8d24-bcf670b7d756,FB Story,VIDEO,6.9.2026 15:50:42,,https://facebook.com/stories/122099775710388974/UzpfSVNDOjE5NjY1MzAzMDczNTI1OTA=/?view_single=1,,,,,
@hc_muni,instagram,43cd62c8-609d-4ea6-8ce9-cae5242ede0c,d141e68f-0a2e-4c8f-b04b-ed0dacce9590,IG Story,IMAGE,26.9.2026 15:52:47,,https://www.instagram.com/stories/munibearsbrno/3994805679982249426,,579,,,4
@cvutengineers,instagram,11963a07-7f0f-48e6-9d81-aa63a7ff4a04,6af861ba-30be-4aaa-b520-21f80e7c8aba,IG Story,VIDEO,25.9.2026 11:19:25,DALŠÍ ZÁPAS SE BLÍŽÍ,https://www.instagram.com/stories/cvutengineers/3993943307683929556,,1334,,,8
@vutcavaliersbrno,instagram,b384bebf-72f3-4f9d-8b2d-3677709f6966,de05e787-ded3-4ad0-b4b5-29e2403aab88,IG Story,VIDEO,23.8.2026 8:19:46,skupina A na ledě!,https://www.instagram.com/stories/vutcavaliersbrno/3969935336301692661,,808,,,8
vsefalcons,instagram,709fceba-e311-48e7-9057-f54a587abf4a,2e36a47c-2493-494c-aa7d-d55c3673aee5,IG Story,VIDEO,12.3.2026 17:40:07,"no není to krásný 🥹 se vrátil z erasmu, jen aby dal gól na bitvě",https://www.instagram.com/stories/vsefalcons/3851356604121743894,1697,1513,,1,3
@BOhokej,facebook,c9082543-a03b-490f-8f97-66d439acce89,8747a0ec-b063-49be-92f2-12e08c999c4a,FB Video,VIDEO,20.3.2026 20:43:42,"Je to tady! 🔥

Sezona se blíží ke svému konci a nás tak čeká poslední domácí utkání základní části! 

Nenechte si to ujít a doražte do RT TORAX ARENY! 🏒

#hockey #lastdance #boostrava",https://www.facebook.com/reel/2407389409726406/,310,107,,,
@riderspardubice,instagram,4d6a67ab-9313-4f77-a82e-abb18adbca5d,3b50a0e6-5b31-4876-aa8b-d77644026cd1,IG Story,VIDEO,1.10.2026 7:08:00,,https://www.instagram.com/stories/riderspardubice/3998165419684903594,,783,,,2
@vutcavaliersbrno,instagram,b384bebf-72f3-4f9d-8b2d-3677709f6966,9dbb67c9-ab5c-4ee0-b0c2-7a823dce49d0,IG Story,IMAGE,23.9.2026 20:10:04,"🚨7:4
⏰15:10
@riciorsech",https://www.instagram.com/stories/vutcavaliersbrno/3992760843017898529,,495,,,
@united_hk,instagram,b18c071b-0570-48b2-b743-990c668c3c5b,12bec523-368f-4d6d-af08-9c91b63700c7,IG Story,VIDEO,28.9.2026 20:11:22,@univerzitnihokej,https://www.instagram.com/stories/united_hk/3996385560104599179,,622,,,2
@univerzitnihokej,instagram,1e114592-3529-4cfe-9977-2598454053af,a2323d03-95e7-47db-90a0-51ec4dc5b985,IG Post,IMAGE,3.3.2026 16:47:01,"Základní část končí za 22 dní. ⏳ Body se ještě sbírají, tabulka se může zamotat… ale program Final Four už je jasný. ☝🏻🔥

16. 4. – semifinálový den (2 zápasy)
17. 4. – utkání o bronz & finále 🏆

Dva dny. Čtyři týmy. Jeden titul. 
Vstupenky na finalfour.cz 🎟️",https://www.instagram.com/p/DVbfTfjCHOB/,,8308,136,,35
@hc_muni,instagram,43cd62c8-609d-4ea6-8ce9-cae5242ede0c,f20430b7-9f39-4446-903b-3af2129531b4,IG Story,VIDEO,13.9.2026 12:12:18,,https://www.instagram.com/stories/hc_muni/3985272630877749629,,903,,,2
@hc_muni,instagram,43cd62c8-609d-4ea6-8ce9-cae5242ede0c,add8f53f-00bd-421a-863e-1d1de5bccba2,IG Story,VIDEO,13.9.2026 13:16:22,,https://www.instagram.com/stories/hc_muni/3985304890159034354,,713,,,1
@vutcavaliersbrno,instagram,b384bebf-72f3-4f9d-8b2d-3677709f6966,bd56a5ef-8253-4a05-9edb-f326609f0afd,IG Story,VIDEO,30.9.2026 14:33:21,,https://www.instagram.com/stories/vutcavaliersbrno/3997664802717054829,,435,,,3
@univerzitnihokej,instagram,1e114592-3529-4cfe-9977-2598454053af,6635d6b8-e662-4798-9c50-8d395ac5dc76,IG Story,VIDEO,2.10.2026 19:31:47,❤️‍🔥❤️‍🔥,https://www.instagram.com/stories/univerzitnihokej/3999264554857072370,,1241,,,1
@hc_muni,instagram,43cd62c8-609d-4ea6-8ce9-cae5242ede0c,d0a17401-b5af-4a6b-8696-6c9f792cdc53,IG Story,IMAGE,1.10.2026 10:28:43,Nebo si to usnadni 🤩 👈🏻 🐻  a kup si lístek rovnou přes  appku 💙 UNILIFE UNILIFE s ČSOB máš slevu 20 % na lístky,https://www.instagram.com/stories/munibearsbrno/3998266443852970518,,690,,,
@akademiciplzen,instagram,65494228-95bf-4f7b-8e68-d47d7262db66,fcfd4c80-f5ad-431a-8ccd-67d4cf8a6914,IG Story,VIDEO,20.8.2026 19:32:41,ALEŠ HOFRAJTR @ales_hofi  SVŮJ PRVNÍ GÓL DÁVÁ TAKÉ 5 : 1,https://www.instagram.com/stories/akademiciplzen/3968100129768770996,,1087,,,2
@hc_muni,instagram,43cd62c8-609d-4ea6-8ce9-cae5242ede0c,35f2be9f-c466-4e65-b71e-6ecebc841a14,IG Story,VIDEO,29.9.2026 6:26:33,,https://www.instagram.com/stories/munibearsbrno/3996695006114924140,,5613,,,25
vsefalcons,instagram,709fceba-e311-48e7-9057-f54a587abf4a,40711d91-fb48-4c3a-99c2-f7474cc3783e,IG Story,VIDEO,25.5.2026 13:19:09,"děkujeme
@vsecz & @ctvsvse 
za prostory 🙏🏼 MY UŽ V TICHOSTI ZVEDÁME
V NAŠÍ ŠKOLNÍ POSILOVNĚ 🏋️‍♂️ 💪🏼",https://www.instagram.com/stories/vsefalcons/3904855899562862087,,3689,,,10
@derbyuniverzit,instagram,be83cfc5-0fa6-4f25-987e-ef890dd591ee,0a69af78-7349-41c2-8454-3ed112e14e13,IG Story,IMAGE,30.9.2026 16:10:48,,https://www.instagram.com/stories/derbyuniverzit/3997713840673419989,,194,,,
vsefalcons,instagram,709fceba-e311-48e7-9057-f54a587abf4a,afba0535-ad36-4e88-9c31-2078703de806,IG Story,VIDEO,5.9.2026 7:38:18,🧐,https://www.instagram.com/stories/vsefalcons/3979336565083651651,,947,,,1
@hcnorthwings,facebook,2b08a479-603b-46e4-8a48-2bc0435ccd53,dbaf30dc-bcae-458f-aefd-c5d3f993f9d5,FB Story,IMAGE,11.3.2026 19:57:09,,,,,,,
@boostrava,instagram,1176ddaf-d366-48a2-9639-3c6694c72c85,f6604887-b06f-425b-9bd1-d2c4e17aacad,IG Reel,VIDEO,18.4.2026 10:52:43,HISTORICKY PRVNÍ FINAL FOUR🔥,https://www.instagram.com/reel/DXRTQeOjJQl/,,2685,70,1,1
@BOhokej,facebook,c9082543-a03b-490f-8f97-66d439acce89,842cc177-aa42-417b-8a45-1849fc198261,FB Post,IMAGE,24.9.2026 12:52:16,"Včera slavil narozeniny Maki! 🦈

Všechno nejlepší, Pavle 🎉",https://www.facebook.com/1477974067675582/posts/1638488108290843,147,,1,,
@hsubrno,facebook,86b4295e-45a1-49a4-a7a5-1a550c3f4bec,85d0471d-2dfe-4cb1-8f24-73729295b1d2,FB Post,IMAGE,25.9.2026 16:46:14,"Atmosféra tak strhující… že budeš celej strhanej 🫪
No… trapnější než tenhle vtip by bylo jen nepřijít 😅
Tak neotálej, lístky najdeš na hsubrno.cz 👈",https://www.facebook.com/954373716987585/posts/1094863419605280,209,,,,
vsefalcons,instagram,709fceba-e311-48e7-9057-f54a587abf4a,24c7bf7a-558a-4a4a-84fb-bb940540140d,IG Story,VIDEO,10.3.2026 19:57:28,🎯,https://www.instagram.com/stories/vsefalcons/3849973796249855750,802,,,,4
@bitva_o_budejce,instagram,f977c0af-061e-4c10-813f-da5818f8a748,6dd727f8-e1de-4f40-b366-927be8149c02,IG Post,IMAGE,18.9.2026 7:00:11,"PRVNÍ JMÉNA AFTERPARTY JSOU VENKU. 🔥
@djmelvincoxx × @saxofrancis 
Dva interpreti. Jeden společný set. Jedna noc, která nekončí posledním hvizdem. 🥵
Po zápase JU × VŠTE se přesouváme na AfterParty a tihle dva budou u toho. 🎧🎷
📍 4. 11. 2026 | České Budějovice
🏒 Bitva o Budějce
🎉 AfterParty
A tohle je teprve začátek. 👀
🎟️ Vstupenky najdeš v BIO.",https://www.instagram.com/p/DdZ3zv7suGb/,,8954,98,,30
@univerzitnihokej,facebook,01b45180-0b14-4a14-96e8-d0a4bab1fb9f,73b0c229-ce0e-4c91-94ff-d73df2c9fea3,FB Post,IMAGE,8.3.2026 7:56:40,"Děkujeme všem ženám, které jsou součástí univerzitního hokeje. 🌸 Krásný Mezinárodní den žen! 🥰",https://www.facebook.com/1275398168115026/posts/1256407460014097,1725,,10,,
@univerzitnihokej,facebook,01b45180-0b14-4a14-96e8-d0a4bab1fb9f,8c7487df-b5e0-4394-9ef7-7c65368d3ca1,FB Video,VIDEO,16.3.2026 15:48:34,Když Proud zvedne celou halu 🌊,https://www.facebook.com/reel/1561124485592009/,2350,937,5,,
@cvutengineers,instagram,11963a07-7f0f-48e6-9d81-aa63a7ff4a04,9b0f9565-3930-4108-a3aa-c713152e0e33,IG Reel,VIDEO,22.8.2026 18:57:53,"Někteří naši kluci mají schopnosti, o kterých jsme dosud nevěděli 🧙🏻‍♂️",https://www.instagram.com/reel/DcWmo_zsgoV/,,12424,235,,21
@riderspardubice,instagram,4d6a67ab-9313-4f77-a82e-abb18adbca5d,b8f0b7c5-6163-4ba6-b7f7-e225c1886b29,IG Story,VIDEO,17.4.2026 15:46:00,,https://www.instagram.com/stories/riderspardubice/3877388396197102858,,927,,,
@riderspardubice,instagram,4d6a67ab-9313-4f77-a82e-abb18adbca5d,c4061649-8460-4d8a-bfad-4a602750a4cb,IG Reel,VIDEO,18.8.2026 11:19:28,A jaky víkend jste měli vy?😄,https://www.instagram.com/reel/DcLfB33oxEY/,,6981,221,2,40
vsefalcons,instagram,709fceba-e311-48e7-9057-f54a587abf4a,040c7995-94de-406a-8081-14f2cce38331,IG Story,VIDEO,19.1.2026 17:36:02,doslova,https://www.instagram.com/stories/vsefalcons/3813663729212994487,,884,,,
@riderspardubice,instagram,4d6a67ab-9313-4f77-a82e-abb18adbca5d,0b8dc634-da4c-4829-9a9d-9f33e98e3862,IG Post,IMAGE,2.9.2026 20:39:15,Z dnešního druhého přípravného zápasu si odvážíme výhru!🔥,https://www.instagram.com/p/DczHOUDRGSY/,,4666,172,1,10
vsefalcons,instagram,709fceba-e311-48e7-9057-f54a587abf4a,18e4f8ee-7656-4ae5-9ab9-60c80ab1f147,IG Story,VIDEO,12.4.2026 15:43:37,,https://www.instagram.com/stories/vsefalcons/3873763519539721914,635,674,,,2
vsefalcons,instagram,709fceba-e311-48e7-9057-f54a587abf4a,2aea9f0c-9d3e-4c0b-8d1a-71593cfd8164,IG Story,VIDEO,13.4.2026 16:45:12,? ? ?,https://www.instagram.com/stories/vsefalcons/3874519342146691220,755,826,,,2
vsefalcons,instagram,709fceba-e311-48e7-9057-f54a587abf4a,2f4009f1-6cac-4c8b-9f67-1abcf21ded07,IG Story,VIDEO,31.3.2026 15:14:16,🫨,https://www.instagram.com/stories/vsefalcons/3865051466151026946,989,891,,,6
@akademiciplzen,instagram,65494228-95bf-4f7b-8e68-d47d7262db66,4a5cba71-5c37-4e04-b6ae-4d5c1431194b,IG Reel,VIDEO,25.3.2026 18:00:07,"Dnes proti @czufarmers nastupuje tahle první lajna. Začínáme! 🔥

#akademiciplzen 

#AKA ⚔️ #CZU",https://www.instagram.com/reel/DWUQ7fajKtp/,,3368,102,,9
@riderspardubice,instagram,4d6a67ab-9313-4f77-a82e-abb18adbca5d,5b2337ec-92d6-44cb-9e0f-4e1884039a5e,IG Reel,VIDEO,15.9.2026 16:47:28,"RIDERS MEDIA DAY 2026

Včerejší den patřil focení a natáčení. A výsledek?
Už v pondělí na prvním zápase se můžete těšit!🤩",https://www.instagram.com/reel/DdUKzeYIM7X/,,6795,244,1,20
@bitva_o_budejce,instagram,f977c0af-061e-4c10-813f-da5818f8a748,5fe240ca-bc8c-408a-8f0b-7d8b77615776,IG Story,VIDEO,12.9.2026 17:32:50,,https://www.instagram.com/stories/bitva_o_budejce/3984709171760916898,,736,,,11
@bitvaoprahu,facebook,75e0f41f-82be-4f82-a77b-82ac11135ed2,684cfd0f-e3c6-413a-9824-9c41acbc0e31,FB Post,IMAGE,12.3.2026 17:19:52,"Když ten hokej prostě baví. 🥹

@czufarmers ⚔️ @vsefalcons 3️⃣:3️⃣ | #bitvaoprahu",https://www.facebook.com/1441262177797849/posts/1420267766563957,154,,1,,
@hcnorthwings,facebook,2b08a479-603b-46e4-8a48-2bc0435ccd53,9b0eb056-1d4d-45fd-ac76-c65fce800a6a,FB Story,VIDEO,18.8.2026 17:09:05,,,,,,,
@hc_muni,instagram,43cd62c8-609d-4ea6-8ce9-cae5242ede0c,aa1d784a-cdfb-4943-807c-9d2efe9f71ac,IG Post,IMAGE,29.9.2026 6:25:06,"Přijďte s námi odstartovat sezonu a naladit se na HSU! 🔥

Dneska od 18:00 se potkáme na Plzeňském dvoře na Šumavské. 

Čeká nás POP UP PARTY- drinky, kámoši, hokej a pořádná studentská atmosféra.

Na místě můžete získat lístky na domácí zápasy MUNI Bears a připravené bude i občerstvení od našich partnerů – Proud, Red Bull a Kaufland.

Tak dorazte. 29. 9. od 18:00, Plzeňský dvůr 💙",https://www.instagram.com/p/Dd3Gk_2OB0R/,,4284,42,,468
@riderspardubice,facebook,f99ed6c3-17cc-46f4-a32e-d9b0576ce2df,cb079fef-a418-446f-b289-94e9497d2e9d,FB Post,IMAGE,10.4.2026 12:14:44,"Rvali jsme se do poslední minuty…

Ale v neděli nás čeká ještě jedna šance dostat se do @unihokejfinalfour a my jdeme do toho! 🐎",https://www.facebook.com/1592662819534019/posts/1601006195366348,731,,3,,
@riderspardubice,instagram,4d6a67ab-9313-4f77-a82e-abb18adbca5d,e1348a9c-2bc3-4ccc-b557-1d9541ed25a7,IG Post,IMAGE,20.4.2026 8:29:26,Střípky z Final Four ✨,https://www.instagram.com/p/DXWMhJVDHEG/,,4198,105,,5
@riderspardubice,instagram,4d6a67ab-9313-4f77-a82e-abb18adbca5d,05500a6f-bd04-41d7-bba2-50bd166ecdef,IG Story,VIDEO,15.9.2026 9:46:33,,https://www.instagram.com/stories/riderspardubice/3986648812236144968,,147,,,
@cvutengineers,instagram,11963a07-7f0f-48e6-9d81-aa63a7ff4a04,06fe0815-f873-4c20-b203-806c074d4c91,IG Post,IMAGE,13.4.2026 14:48:31,"Jsme hladový po další výzvě 🫡

👉🏻 @unihokejfinalfour ENG vs VŠE | 16. 4. | Zimní stadion Eden
Lístky na finalfour.cz",https://www.instagram.com/p/DXE2AjCjE_S/,,6692,192,,6
@univerzitnihokej,instagram,1e114592-3529-4cfe-9977-2598454053af,07bff387-4227-4936-9b96-f040ba8638e7,IG Story,IMAGE,22.9.2026 14:02:15,NOVÁ SEZÓNA STARTUJE!!,https://www.instagram.com/stories/univerzitnihokej/3991850979200375889,,1670,,,10
@boostrava,instagram,1176ddaf-d366-48a2-9639-3c6694c72c85,17539576-7e0b-4603-bd3c-31e094d01d60,IG Post,IMAGE,17.8.2026 15:27:42,"🛡️ Nová zeď do obrany!
David Stratil míří z 2. ligy do BOČKA🔥🫵🏻
Věříme, že svou bojovností, nasazením a prací na ledě bude důležitou součástí našeho týmu.😎 
Díky za důvěru Stráťo, ať se daří✨",https://www.instagram.com/p/DcJVjaNMuy1/,,19153,286,2,27
@united_hk,tiktok,7e062517-b9da-416d-b73d-a2c5899a2be6,4b9e4910-4335-4d9f-81bb-d4c884cd070a,TT Video,VIDEO,15.5.2026 14:57:58,💪 Letní příprava odstartovala!  Kluci jsou zpátky v tréninkovém režimu a první zastávka je jasná: Tesla Gym. Nová sezona se nezačne sama... @Univerzitní hokej 🏒 @teslagymhk ,https://www.tiktok.com/@united_hk/video/7640132933218520342?utm_campaign=tt4d_open_api&utm_source=7348986504397455361,,1622,35,,3
@boostrava,instagram,1176ddaf-d366-48a2-9639-3c6694c72c85,661af16e-13ea-4c77-b095-b4b860ef111a,IG Story,VIDEO,31.3.2026 16:00:49,,https://www.instagram.com/stories/boostrava/3865074863497314220,,829,,,4
@univerzitnihokej,instagram,1e114592-3529-4cfe-9977-2598454053af,857327bc-e384-4a0d-984a-8282ef4f317f,IG Story,VIDEO,8.4.2026 18:39:28,EMOCE po gólu 🔥,https://www.instagram.com/stories/univerzitnihokej/3870952967616636467,,774,,,1
@vutcavaliersbrno,instagram,b384bebf-72f3-4f9d-8b2d-3677709f6966,bb7ec59c-7bf7-408f-8032-ca7b53c9d789,IG Post,ALBUM,28.3.2026 14:28:58,"Jeden zápas, který rozhodne 🏒
Semifinále Play-in už ve středu na ledě @blackdogsbudweis_vste 🔥 
Podpořit nás můžete i přes Tipsport TV 📺",https://www.instagram.com/p/DWbnYRPCLNh/,,3072,74,,
@riderspardubice,instagram,4d6a67ab-9313-4f77-a82e-abb18adbca5d,e871a883-f4c6-4538-91c5-8e748a68ef25,IG Post,IMAGE,12.4.2026 13:02:08,Jsou to nervy! Jak to dnes dopadne? 😬,https://www.instagram.com/p/DXCFXarDPiC/,,7612,182,1,8
@univerzitnihokej,instagram,1e114592-3529-4cfe-9977-2598454053af,f174af6b-8a2d-4745-9ca0-04a4f03d73ef,IG Story,VIDEO,30.9.2026 7:32:14,,https://www.instagram.com/stories/univerzitnihokej/3997452850342438552,,2072,,,6
@riderspardubice,instagram,4d6a67ab-9313-4f77-a82e-abb18adbca5d,4a76ac52-9860-4873-b502-aabd86dfadd3,IG Story,VIDEO,2.9.2026 18:07:55,@krebsik_61 🔥,https://www.instagram.com/stories/riderspardubice/3977479141591208561,,1041,,,11
vsefalcons,instagram,709fceba-e311-48e7-9057-f54a587abf4a,9b8cc0d6-0f0b-47dc-89d5-fee8025354ac,IG Reel,VIDEO,17.1.2026 17:30:39,"Od @ukkingsprague jsme přijali @bosport_hockey výzvu na tuhle peckovou challange! 🏒🥅 

Myslíme si, že kluci (hlavně @haufy16 🫣) předvedli skvělý výkon! 💪🏼 

Dále nominujeme @boostrava a přejeme hodně štěstí! 🍀",https://www.instagram.com/reel/DTnsK4tCIIc/,,4601,112,2,18
@AkademiciPlzen,facebook,d87b94e3-03e8-45d0-b92e-75e9b819545c,b155b143-01fd-461a-9f35-a95c8f4b00e3,FB Story,VIDEO,29.9.2026 18:28:38,,https://facebook.com/stories/103234241824606/UzpfSVNDOjEwNzkyODk0NDE1NTE1MDM=/?view_single=1,,,,,
@boostrava,instagram,1176ddaf-d366-48a2-9639-3c6694c72c85,d264c438-1fc6-4076-b239-679539ac9576,IG Reel,VIDEO,10.4.2026 12:38:38,"Final Four se blíží! Pokud nechceš chybět u největší akce Univerzitního hokeje, tak doraž do Edenu 16. a 17. dubna! 🔥

Vstupenky najdeš na finalfour.cz 

#finalfour #univerzitnihokej #ullh",https://www.instagram.com/reel/DW84vbzDOun/,,4263,124,1,9
@univerzitnihokej,instagram,1e114592-3529-4cfe-9977-2598454053af,1f945bdc-7d77-4536-82e7-1e045a450fe3,IG Post,IMAGE,26.9.2026 20:53:58,"Druhý zápas týdne pro Ostravu končí prohrou. Akademiky tak čeká dlouhá cesta domů, na oslavu úvodní výhry ale bude času dost 🚌",https://www.instagram.com/p/Ddw7ZJjRxlB/,,4197,104,,
vsefalcons,instagram,709fceba-e311-48e7-9057-f54a587abf4a,3c127886-2573-4610-9360-16455237e898,IG Reel,VIDEO,16.4.2026 16:15:24,Hlásíme přílet na Eden 🦅,https://www.instagram.com/reel/DXMulqsiJXl/,,5000,163,,20
@united_hk,instagram,b18c071b-0570-48b2-b743-990c668c3c5b,810bdf96-2dc3-4b8f-a14b-98c801520865,IG Post,IMAGE,21.8.2026 11:56:54,"Z NCAA až do NHL. A při návštěvě Česka taky na trénink UNIted HK. 🏒

Jaroslav Chmelař z New York Rangers se s námi podělil o zkušenosti z univerzitního hokeje v USA, porovnal NCAA s českým prostředím a popsal, proč podle něj dává univerzitní hokej hráčům další šanci pokračovat.

Došlo i na Jaromíra Jágra a jednu konkrétní radu ke hře jeden na jednoho.

V carouselu najdeš pár úryvků. Celý rozhovor je na univerzitnihokej.cz.",https://www.instagram.com/p/DcTSCRyiJZN/,,9527,207,,7
vsefalcons,instagram,709fceba-e311-48e7-9057-f54a587abf4a,a0fb6ada-0cff-41fc-b3a6-330a86ef50d1,IG Post,IMAGE,5.12.2025 19:15:58,"HO HO HO! 🎅🏼 Vánoce jsou za rohem a my pro vás máme tip na dárek pro vaše blízké. 🫂 

Všem z #falconsfamily určitě udělá radost náš merch! 🤩 Fyzicky ho už bohužel nekoupíte, ale máme pro vás ready e-shop, ze kterého když si objednáte do 17. prosince, tak vám balíček stihne dorazit! 📦

Tak šup šup šup na náš e-shop, ať nesháníš dárky třiadvacátého! 🤭",https://www.instagram.com/p/DR5KZdjCPBd/,,8817,52,4,1
univerzitnihokej,tiktok,01c88cf9-594f-408e-a45a-95114221acae,c0d50450-a18b-4ad6-bc1f-9290ccbf02f9,TT Video,VIDEO,17.4.2026 21:08:56,Na závěr se nám to trošku přiostřilo 🤏🏻🥊,https://www.tiktok.com/@univerzitnihokej/video/7629838169197792515?utm_campaign=tt4d_open_api&utm_source=7348986504397455361,,1852,101,,8
@univerzitnihokej,instagram,1e114592-3529-4cfe-9977-2598454053af,dbd5a1dc-c437-4b6b-917e-1d6737be1dbd,IG Reel,VIDEO,22.9.2026 13:54:35,"Jste připraveni? 😮‍💨

1️⃣6️⃣:0️⃣0️⃣ na našem YouTube! 🎥",https://www.instagram.com/reel/Ddl4u9roVLb/,,7207,182,1,7
@bitvaoprahu,facebook,75e0f41f-82be-4f82-a77b-82ac11135ed2,f00a6641-667f-48ba-9a9f-c1bbcd0e3108,FB Post,IMAGE,11.3.2026 11:02:00,Pochod s vidlema? To jen ČZU míří na zimák! 👨🏻‍🌾🔥,https://www.facebook.com/1441262177797849/posts/1418949613362439,237,,,,
vsefalcons,instagram,709fceba-e311-48e7-9057-f54a587abf4a,1dbbebce-102a-4453-8fd1-29122000e1fc,IG Reel,VIDEO,25.9.2026 9:00:01,"Představujeme tvůj univerzitní život v kapse: @unilifecz 📲

Od letošní sezony chodíš na naše zápasy jen se vstupenkou v aplikaci. Stáhni si ji a nenech si ujít žádný zápas! 🎟️

🇬🇧 Meet your university life in your pocket: @unilifecz 📲

Starting this season, tickets to our games are available only in the app. Download it and don’t miss a single game! 🎟️",https://www.instagram.com/reel/DdtERB-oAI5/,,10752,212,,19
@univerzitnihokej,facebook,01b45180-0b14-4a14-96e8-d0a4bab1fb9f,2bfd367f-25ae-4ed9-ac66-061382a8781b,FB Post,IMAGE,16.3.2026 10:03:26,"Tento týden bude pro některé týmy oddechový, ale v úterý a čtvrtek se přeci jen můžete těšit na zajímavá utkání 💪🏼",https://www.facebook.com/1275398168115026/posts/1262442089410634,280,,1,,
@boostrava,instagram,1176ddaf-d366-48a2-9639-3c6694c72c85,6ae2b828-4a3a-4d12-8c9d-5d72621ad43b,IG Post,IMAGE,31.7.2026 12:28:30,"🏒 Jsi student VŠB-TUO nebo OSU a hraješ hokej?🐺

Máš chuť posunout svůj hokej na další úroveň a stát se součástí skvělé party? Přidej se k univerzitnímu týmu BO Ostrava a zažij atmosféru Univerzitní ligy ledního hokeje.

Co tě čeká?
🔥 Tréninky na ledě i suchá příprava
🏟️ Zázemí RT TORAX Arény
🏒 26 zápasů základní části + PLAY IN
⚔️ Derby, výjezdy a boj o FINAL FOUR

A co za to?
✅ Skvělý kolektiv
✅ Možnost brigády u partnerů
✅ Pomoc se školou a stipendii
✅ Výstroj, servis, týmové oblečení i fitko
✅ A hlavně spousta nezapomenutelných zážitků

📩 Máš zájem?? Napiš nám do zpráv nebo na lukashajek4@gmail.com a staň se součástí BO Ostrava!

#BOOstrava #UniverzitniLiga #ULLH #Hokej #ostrava 🧡🖤",https://www.instagram.com/p/DbdQ9YSjNUo/,,13647,140,,42
vsefalcons,instagram,709fceba-e311-48e7-9057-f54a587abf4a,830cc4bf-7a3b-4fa6-8476-c7300c159f63,IG Story,VIDEO,16.4.2026 18:23:08,,https://www.instagram.com/stories/vsefalcons/3876742736313358715,1040,833,,,
@hokejovy_souboj_univerzit,instagram,cb4021a2-14da-41f5-8b43-0502f11720aa,9f814c0c-128c-4106-8e4b-c1ae83faa690,IG Post,IMAGE,23.9.2026 12:20:08,"LEVĚJŠÍ UŽ TO NEBUDE 👀
Máme pro tebe jednoduchý tip, jak ušetřit 🤑
S účtem u ČSOB propojeným do aplikace UniLife, ušetříš na každé vstupence 20% 🎟️🔥",https://www.instagram.com/p/DdoSyKpMlm5/,,7460,60,,28
@cvutengineers,instagram,11963a07-7f0f-48e6-9d81-aa63a7ff4a04,c38bf8c0-46f5-4ade-a90c-b113d0ce4f27,IG Story,IMAGE,27.9.2026 19:28:34,NEXT UP: ČZU 🏒,https://www.instagram.com/stories/cvutengineers/3995639065260857715,,517,,,
vsefalcons,instagram,709fceba-e311-48e7-9057-f54a587abf4a,ca2d2d0b-55b3-4655-aa25-f3a7b950ddd9,IG Post,IMAGE,25.6.2026 14:02:14,"Apple emojis jsou fajn, ale něco jim chybí 🫣 Kdo s námi podepisuje petici pro tuhle novou dávku smajlíků? 📝

#vsefalcons",https://www.instagram.com/p/DaAu9yeuuu9/,,7725,181,,20
@hokejovy_souboj_univerzit,instagram,cb4021a2-14da-41f5-8b43-0502f11720aa,f6c44cd5-2846-4945-9efb-1587a2f7345e,IG Story,IMAGE,26.9.2026 15:49:48,,https://www.instagram.com/stories/hokejovy_souboj_univerzit/3994804169848160813,,1232,,,13
@akademiciplzen,instagram,65494228-95bf-4f7b-8e68-d47d7262db66,1595ff01-772e-478d-b34e-13992fc42fb7,IG Story,IMAGE,29.9.2026 22:14:42,,https://www.instagram.com/stories/akademiciplzen/3997172222967631145,,151,,,
vsefalcons,instagram,709fceba-e311-48e7-9057-f54a587abf4a,2c97ebd8-fa6f-42ee-b7ae-e68c86e9857c,IG Story,VIDEO,14.7.2026 18:18:48,,https://www.instagram.com/stories/vsefalcons/3941245825174738422,,627,,,
@boostrava,instagram,1176ddaf-d366-48a2-9639-3c6694c72c85,6cbb1944-64d2-41fc-9f88-61598e5ca75f,IG Post,IMAGE,16.9.2026 12:06:58,"Zítra nás čeká poslední přípravný zápas před ostrým startem sezony 🏒

Ve čtvrtek 17. září nastoupíme proti Studénce! 🔥

#hockeymatch #ostrava #university",https://www.instagram.com/p/DdWPgMtMz5y/,,4004,77,,15
vsefalcons,instagram,709fceba-e311-48e7-9057-f54a587abf4a,7a743e45-8435-49b8-aa51-a17b212996b6,IG Story,VIDEO,16.2.2026 18:41:34,,https://www.instagram.com/stories/vsefalcons/3833990444380357289,989,1199,,,3
@riderspardubice,instagram,4d6a67ab-9313-4f77-a82e-abb18adbca5d,80c320cd-988d-4a15-b839-2838c8374dd1,IG Story,VIDEO,14.9.2026 16:43:15,RIDERS MEDIA DAY,https://www.instagram.com/stories/riderspardubice/3986133794393966506,,1200,,,11
vsefalcons,instagram,709fceba-e311-48e7-9057-f54a587abf4a,94ed3309-f5fa-4230-ac1a-06263ffe4011,IG Reel,REEL,17.3.2026 15:52:20,"Happy St. Patrick’s day! 💚

#vsefalcons",https://www.instagram.com/reel/DV_cC2ICCX1/,,364279,14125,94,1003
@riderspardubice,instagram,4d6a67ab-9313-4f77-a82e-abb18adbca5d,e9931343-e7a6-429c-b3df-a208b444b8c2,IG Story,IMAGE,21.9.2026 18:34:04,@boukal_honza  @b_hockey_czech,https://www.instagram.com/stories/riderspardubice/3991262971312950999,,857,,,
@akademiciplzen,instagram,65494228-95bf-4f7b-8e68-d47d7262db66,12c937c5-45e4-4b7c-91e4-1694140296f9,IG Story,VIDEO,31.8.2026 21:22:07,TRYOUT TRYOUT nových hráčů 🤛🏻 🤜🏻 den první @snekondra,https://www.instagram.com/stories/akademiciplzen/3976127288395453399,,1245,,,
@bitva_o_budejce,instagram,f977c0af-061e-4c10-813f-da5818f8a748,1350bf99-68b8-46ea-b8df-90f1fdd5e4a3,IG Reel,VIDEO,1.10.2026 6:30:06,"🎟️ DRUHÁ VLNA JE TADY‼️
První vlna? Pryč.
Nejlevnější lístky? Pryč. 💀
Čekáš, jestli to ještě zlevní?
Nezlevní. 😂

Tak nečekej na zázrak a vem lístek.
🏒 4. 11. | BITVA O BUDĚJCE

#BitvaOBudejce #Budejce #CeskeBudejovice #Hokej #StudentskyHokej",https://www.instagram.com/reel/Dd8RU4IBlZ6/,,7916,172,,54
@riderspardubice,facebook,f99ed6c3-17cc-46f4-a32e-d9b0576ce2df,20b4b7b2-18bd-4e8e-b06d-ee60a7acf978,FB Post,IMAGE,8.3.2026 6:00:10,"Krásně MDŽ 💐

Bez vás by to nešlo. 🫶",https://www.facebook.com/1592662819534019/posts/1570747668392201,373,,7,,
vsefalcons,instagram,709fceba-e311-48e7-9057-f54a587abf4a,22020aea-5503-4c3a-89dd-2b69de3d50d7,IG Story,VIDEO,22.4.2026 15:17:11,STAVTE SE U NÁS NA STÁNKU 🏒 🦅 📍,https://www.instagram.com/stories/vsefalcons/3880997742462124777,1113,981,,,1
@vutcavaliersbrno,instagram,b384bebf-72f3-4f9d-8b2d-3677709f6966,3c1154e8-0ab1-4421-b223-f8b4f35c3619,IG Post,PHOTO,17.3.2026 11:37:44,"Poslední domácí zápas základní části je za dveřmi 👈 
Zítra proti @akademiciplzen 🔥",https://www.instagram.com/p/DV--8V6iFVw/,,3092,33,1,2
univerzitnihokej,tiktok,01c88cf9-594f-408e-a45a-95114221acae,4d5d3bd5-84c6-4e65-9158-3e63780d7586,TT Video,VIDEO,16.4.2026 16:27:22,"Tenhle gól byl tak dobrej, že jsme si ho museli pustit i pozpátku. ⏪",https://www.tiktok.com/@univerzitnihokej/video/7629394523562511638?utm_campaign=tt4d_open_api&utm_source=7348986504397455361,,1316,72,,
@boostrava,instagram,1176ddaf-d366-48a2-9639-3c6694c72c85,79c1b251-8165-44b7-a102-cbb1e227f598,IG Story,IMAGE,17.4.2026 19:39:15,,https://www.instagram.com/stories/boostrava/3877505995446682063,,525,,,
@engineersprague,facebook,afd06d1d-7b1c-4f66-8d93-ce4255ab773c,85fac54f-9eba-4f0d-a618-1455a6c21f0e,FB Story,VIDEO,22.9.2026 17:56:52,,https://facebook.com/stories/136066081670222/UzpfSVNDOjE5OTY0Nzk0MTEwNjc1NTY=/?view_single=1,,,,,
@vutcavaliersbrno,instagram,b384bebf-72f3-4f9d-8b2d-3677709f6966,8fccafde-fa43-43c9-aadd-d32a79f6cf3a,IG Reel,VIDEO,6.9.2026 18:38:38,"Se začátkem sezóny přišly i přípravné zápasy, dnes s @hc_muni 🏒",https://www.instagram.com/reel/Dc9Mc3pIkrP/,,4416,102,3,18
@univerzitnihokej,instagram,1e114592-3529-4cfe-9977-2598454053af,9cef53d1-e39a-4271-8269-71d34dfb75bc,IG Story,VIDEO,17.4.2026 14:53:23,,https://www.instagram.com/stories/univerzitnihokej/3877362110191686040,,1779,,,
@united_hk,instagram,b18c071b-0570-48b2-b743-990c668c3c5b,fac92303-34bc-4ad7-9f9e-d0b07ee41929,IG Reel,VIDEO,2.10.2026 8:05:29,"Pivo tentokrát bez piva. 😄

S Lékárnami IPC jsme na Otvíráku rozjeli vitamínovou „pivní“ štafetu. Rychlost, kelímky a vitamíny místo půllitrů.

Díky Lékárnám IPC za podporu UNIted HK a za to, že do toho s námi šly trochu jinak. 🖤🧡

#allforunited",https://www.instagram.com/reel/Dd_AzVPoqfo/,,2093,37,1,2
@218107044725785,facebook,7a942e3e-6c47-4794-9ba7-bbc7b6d40cb3,0d92e245-cf3e-496d-9592-9924b9b54541,FB Post,IMAGE,22.9.2026 22:18:01,"Je to doma! První zápas sezóny proti UNIted HK vítězíme v prodloužení 💪🏻

Děkujeme, byli jste BOŽÍ! 🫵🏼🩵",https://www.facebook.com/122282816036218300/posts/122307849134218300,143,,5,,
@riderspardubice,instagram,4d6a67ab-9313-4f77-a82e-abb18adbca5d,0e9208c9-d49f-4103-86b0-03530b29810c,IG Reel,VIDEO,21.9.2026 6:30:09,"Pardubice, jste ready na univerzitní hokej?🤔

Přijďte nás dnes podpořit do enteria areny 👉 začátek utkání 19:30 🔴 odkaz na lístky najdete v bio 🫡",https://www.instagram.com/reel/Ddigv0UIylP/,,6025,146,,28
@riderspardubice,instagram,4d6a67ab-9313-4f77-a82e-abb18adbca5d,41f35088-eb70-450a-85ee-c69978a8019b,IG Post,IMAGE,28.9.2026 9:06:45,"Derby už je za rohem a my potřebujeme slyšet každý hlas v aréně!🔥 

Patříš do sektoru fanoušků Riders, nebo Hradce? 👀 

🎟️ V aplikaci UniLife si vyber správný sektor a kup si vstupenky na DERBY za nejlepší cenu ještě dnes!",https://www.instagram.com/p/Dd00aX-R4Jw/,,5435,124,,23
@united_hk,instagram,b18c071b-0570-48b2-b743-990c668c3c5b,4719016e-db46-474c-9f66-97dc2375a85f,IG Story,VIDEO,27.8.2026 15:32:56,MAKÁME MAKÁME 🏰,https://www.instagram.com/stories/united_hk/3973052413849911454,,549,,,1
@akademiciplzen,instagram,65494228-95bf-4f7b-8e68-d47d7262db66,4f05e5af-84df-494b-8875-8e6298e8ee10,IG Post,IMAGE,1.10.2026 7:00:01,"POV: jsi v naší galerii po úterním zápase. 😎📸

Z Alumni Game bereme proti VUT Cavaliers Brno 3 body! 

Výrazný podíl na vítězství měl také Matyáš Bajgar, který v brance předvedl skvělý výkon a z 38 střel soupeře zlikvidoval hned 35. 🧤👏🏻

Mrkni, jaká atmosféra panovala nejen na ledě, ale i na tribunách! ⚡️

Díky za podporu našemu kotli @akademicifans i všem ostatním fanouškům, kteří nás přišli podpořit. 🫶🏻👏🏻

A příští týden? Dva zápasy ve dvou dnech. 👀
V úterý nás čeká nálet na @vsefalcons a ve středu se vidíme doma proti našim rivalům @ukkingsprague od 19:00! 🏒

#akademiciplzen 💙",https://www.instagram.com/p/Dd8Uq6DAgKg/,,9603,215,,15
vsefalcons,instagram,709fceba-e311-48e7-9057-f54a587abf4a,57db0de4-42cb-47f8-8396-f577c30586e3,IG Story,IMAGE,1.2.2026 17:27:20,🥳,https://www.instagram.com/stories/vsefalcons/3823081419446955523,,849,,,
@united_hk,instagram,b18c071b-0570-48b2-b743-990c668c3c5b,6c181e3e-e677-4942-9398-68b75410a8a7,IG Post,IMAGE,26.9.2026 13:04:47,"Ještě před domácím startem sezóny se naše rodina partnerů znovu rozrůstá. 🖤🧡

Pro sezónu 2026/27 vítáme další čtyři partnery:
- Bizztreat
- Starbucks Hradec Králové
- Burdych.
- Hotel Grand Hradec Králové

Máme radost, že do nové sezóny jdeme s dalšími značkami a firmami, které chtějí být součástí UNIted HK.

Díky za důvěru a vítejte u nás.",https://www.instagram.com/p/DdwGa9cCO3l/,,3890,67,3,12
@univerzitnihokej,facebook,01b45180-0b14-4a14-96e8-d0a4bab1fb9f,badc9ef8-7bb0-4c96-8289-80f94fc158ca,FB Post,IMAGE,9.4.2026 9:10:45,📍Next stop @unihokejfinalfour v Edenu 16.4.🫨 Vstupenky na finalfour.cz 🎟️,https://www.facebook.com/1275398168115026/posts/1281821867472656,578,,2,,
@engineersprague,facebook,afd06d1d-7b1c-4f66-8d93-ce4255ab773c,f50b90a9-aaac-495b-8df8-b0f535edf990,FB Video,VIDEO,16.9.2026 17:51:18,"Let’s goooo! Zápas se blíží. ⭐️
My už jsme víc než ready. A co vy? 👀🏒
22. 9. se konečně vidíme na Hvězdě! 🦁
🎟️ Lístky v BIU",https://www.facebook.com/reel/2518640285278998/,657,174,5,,
vsefalcons,instagram,709fceba-e311-48e7-9057-f54a587abf4a,441c12c6-f2cf-466d-af38-eba6167d974c,IG Story,VIDEO,16.4.2026 16:30:26,NAKRMIT RYBIČKY PŘED ZÁPASEM 🐠 @kauflandcesko,https://www.instagram.com/stories/vsefalcons/3876685964135382000,,1103,,,1
@akademiciplzen,instagram,65494228-95bf-4f7b-8e68-d47d7262db66,9886f786-5954-4acf-a78d-21ebc635045d,IG Story,VIDEO,24.8.2026 19:53:55,RADŠI PŘED SEZÓNOU NACVIČUJEME AUTOGRAMY 😎 🖊️,https://www.instagram.com/stories/akademiciplzen/3971009459681817369,,826,,,1
vsefalcons,instagram,709fceba-e311-48e7-9057-f54a587abf4a,9d50a2e1-8ed7-4289-9f5e-c74f1010ea2a,IG Story,VIDEO,19.4.2026 21:47:39,"PĚKNÁ, CO?",https://www.instagram.com/stories/vsefalcons/3879020046370521378,873,195,,,
@cvutengineers,instagram,11963a07-7f0f-48e6-9d81-aa63a7ff4a04,aaab9cac-feb3-4c14-8ac9-ea9c6425e7c8,IG Story,IMAGE,9.4.2026 16:53:16,"97,62% ÚSP 6 ze 7 nájezdů ✅ ✅",https://www.instagram.com/stories/cvutengineers/3871624247483602277,,680,,,5
@akademiciplzen,instagram,65494228-95bf-4f7b-8e68-d47d7262db66,cf2d7272-821e-4d3c-b869-fc3e331b8bc6,IG Story,VIDEO,27.4.2026 20:07:31,,https://www.instagram.com/stories/akademiciplzen/3884767870383334526,,603,,,
@hc_muni,instagram,43cd62c8-609d-4ea6-8ce9-cae5242ede0c,da8d66d3-ac54-4e27-b983-42a389e7c9b5,IG Post,IMAGE,2.3.2026 11:06:55,"Blíží se nám MDŽ, a proto jsme si pro naše fanynky připravili malý dáreček ke středečnímu zápasu 💙🐾🐻

Stačí se podívat na tlapku🫶🏻

#hcmuni",https://www.instagram.com/p/DVYTlvSDBu1/,,12284,226,,8
vsefalcons,instagram,709fceba-e311-48e7-9057-f54a587abf4a,ef6201c3-8d10-4cab-98a4-701eee80675a,IG Story,VIDEO,12.2.2026 19:54:12,BTW TĚCH ÚTERKŮ BUDE VÍC 🛒 👉🏼,https://www.instagram.com/stories/vsefalcons/3831127873205883050,591,788,,,1
vsefalcons,instagram,709fceba-e311-48e7-9057-f54a587abf4a,1a4d111b-0245-4488-9005-f1a25e9bdd34,IG Post,IMAGE,20.8.2026 20:45:01,První přípravný zápas pro nás končí prohrou 😐,https://www.instagram.com/p/DcRpfC5oyhu/,,3862,67,,3
@univerzitnihokej,facebook,01b45180-0b14-4a14-96e8-d0a4bab1fb9f,297ef324-eb69-46ae-a9e3-5db5c59695c0,FB Video,VIDEO,4.3.2026 19:04:01,"ZOTT nejhladovější hráč zápasu? @rihastepan 👀🚀

Na ledě byl při chuti, a nebyl sám.
Hlad měla dnes i tribuna, takže ZOTT HUNGRY putuje i mezi fanoušky! 🥛🔥
#zott #zotthungry #zotthungrydrinkthis",https://www.facebook.com/reel/759807096929422/,700,414,2,,
vsefalcons,instagram,709fceba-e311-48e7-9057-f54a587abf4a,527031ad-5e38-4c19-a4b3-ec272a57bfe8,IG Story,VIDEO,17.4.2026 16:19:24,popřejte klukům štěstíčko,https://www.instagram.com/stories/vsefalcons/3877405288529940184,858,843,,1,2
@univerzitnihokej,facebook,01b45180-0b14-4a14-96e8-d0a4bab1fb9f,89046b21-94a8-4923-8ae1-a2a3b6f32501,FB Post,IMAGE,30.3.2026 10:41:30,"Zítra startují semifinálové boje PLAY-IN ⚔️
Žádné odvety, žádné opravy. 😤Jen jedna šance postoupit do finále play-in 🔥",https://www.facebook.com/1275398168115026/posts/1274032434918266,467,,1,,
@hcnorthwings,facebook,2b08a479-603b-46e4-8a48-2bc0435ccd53,8f9b3465-45f5-4e44-918b-be37c69c9450,FB Story,IMAGE,23.9.2026 13:03:16,,https://facebook.com/stories/101955925269645/UzpfSVNDOjE3NTYxMDI4OTU3MTQ0NzE=/?view_single=1,,,,,
@univerzitnihokej,instagram,1e114592-3529-4cfe-9977-2598454053af,a5f5722d-9b3e-470e-81cb-4f18438625ab,IG Post,IMAGE,9.4.2026 9:10:33,📍Next stop @unihokejfinalfour v Edenu 16.4.🫨 Vstupenky na finalfour.cz 🎟️,https://www.instagram.com/p/DW58erqiDVJ/,,12235,271,1,21
@vutcavaliersbrno,instagram,b384bebf-72f3-4f9d-8b2d-3677709f6966,c0b4e220-1aef-46cb-a82e-2577dc3f6114,IG Story,VIDEO,14.9.2026 11:04:12,,https://www.instagram.com/stories/vutcavaliersbrno/3985963118366329357,,781,,,2
vsefalcons,instagram,709fceba-e311-48e7-9057-f54a587abf4a,e710a8db-55d0-42b3-a1f6-a5d4248f2dbe,IG Story,VIDEO,24.2.2026 19:48:35,1. TŘETINA je za námi 💨,https://www.instagram.com/stories/vsefalcons/3839822363189843218,662,805,,,
@cvutengineers,instagram,11963a07-7f0f-48e6-9d81-aa63a7ff4a04,0ca96f55-d3d8-4341-94c4-307be26cf2a8,IG Reel,VIDEO,16.4.2026 18:05:19,"Ticho před bouří ⛈️

Za chvíli jdeme na to 🦁

#srdcelva",https://www.instagram.com/reel/DXM62NRDESd/,,4002,152,,2
@riderspardubice,instagram,4d6a67ab-9313-4f77-a82e-abb18adbca5d,1b525ebb-2b5d-4ef6-a221-2c7aa081b5cb,IG Story,VIDEO,21.9.2026 18:06:01,,https://www.instagram.com/stories/riderspardubice/3991248852770486767,,956,,,1
vsefalcons,instagram,709fceba-e311-48e7-9057-f54a587abf4a,79ce7e95-f3d8-402e-8274-4a9c6999d9ce,IG Story,VIDEO,1.5.2026 20:56:25,GRATULACE našim basketbalistkám 🥇,https://www.instagram.com/stories/vsefalcons/3887691561894965113,,393,,,1
@cvutengineers,instagram,11963a07-7f0f-48e6-9d81-aa63a7ff4a04,7fcf6316-2219-4b3b-84e8-79f37743b7c4,IG Post,IMAGE,17.4.2026 21:51:22,Děkujeme všem se srdcem lva za neskutečnou sezonu. Mělo to všechno! 🦁,https://www.instagram.com/p/DXP5seMDK2y/,,15586,388,5,34
@218107044725785,facebook,7a942e3e-6c47-4794-9ba7-bbc7b6d40cb3,f521c235-5b31-47bb-8f20-8302bf0d3449,FB Video,VIDEO,17.4.2026 16:03:56,"🤤🤤🤤

#vsefalcons #finalfour",https://www.facebook.com/reel/2012306806056334/,296,93,5,,
@united_hk,instagram,b18c071b-0570-48b2-b743-990c668c3c5b,168872a0-eb07-4191-a3a4-ba54040ac9c6,IG Story,VIDEO,28.9.2026 15:33:51,přijďte si k nám vyrobit bannery 🧡 ať můžete pořádně fandit 🧡 @studentskaunie_uhk 🎨👨‍🎨,https://www.instagram.com/stories/united_hk/3996245718402121850,,1097,,,
@vutcavaliersbrno,instagram,b384bebf-72f3-4f9d-8b2d-3677709f6966,9924e05e-2101-4c9f-9ab8-3adc0e68857e,IG Story,IMAGE,13.9.2026 18:09:35,❤️‍🔥 z posledního připravného zápasu bereme VÝHRU !!!,https://www.instagram.com/stories/vutcavaliersbrno/3985452483564032853,,473,,,2
@742626308943576,facebook,afcb2720-0a77-4413-95f4-2247bcb8a565,99f40374-c768-48bd-ad04-66b3e0b07c83,FB Video,VIDEO,12.9.2026 16:00:20,"🚨 JE TO TADY‼️
První vlna vstupenek na Bitvu o Budějce je právě v prodeji. 🎟️🔥

JU × VŠTE
🏒 4. 11. 2026

Kdo jde do toho s námi? 👀",https://www.facebook.com/reel/1591129955814663/,308,145,1,,
@cvutengineers,instagram,11963a07-7f0f-48e6-9d81-aa63a7ff4a04,b829f477-2a80-4b2b-a268-dd913a6fc7cc,IG Story,VIDEO,2.10.2026 7:26:36,PÁTEČNÍ RANO NA LEDĚ ☕️,https://www.instagram.com/stories/cvutengineers/3998899570767330612,,2057,,,3
@riderspardubice,instagram,4d6a67ab-9313-4f77-a82e-abb18adbca5d,bdcc53a9-d080-443a-b4e7-5f195f3d7e47,IG Story,VIDEO,12.4.2026 12:15:00,@machosta_15 😏👊🏻 2:0,https://www.instagram.com/stories/riderspardubice/3873658926256634044,,1517,,,1
@akademiciplzen,instagram,65494228-95bf-4f7b-8e68-d47d7262db66,c6d6358f-4975-4d66-9213-07316002a395,IG Post,IMAGE,28.9.2026 20:22:38,"ZÍTRA SE ROZLOUČÍME S AKADEMIKY Z LOŇSKÉ SEZÓNY. 💙🫶🏻

Ještě před úvodním buly ALUMNI GAME nás čeká speciální moment. Na ledě se společně rozloučíme s hráči, kteří v loňské sezóně oblékali dres Akademiků a letos už v naší sestavě pokračovat nebudou.

Přijďte jim s námi poděkovat za jejich působení v Akademicích. 🫶🏻

A pak už společně odpálíme novou sezónu zápasem proti @vutcavaliersbrno ! 💥

Budou vás čekat nové tváře na ledě, stánek s NOVÝM MERCHEM a spousta důvodů, proč být zítra večer na zimáku:

🎟️ Prvních 100 fanoušků dostane Proud zdarma!
🎁 Ve soutěži můžeš vyhrát 3× vstupenku na Bitvu o Plzeň + Afterparty a Red Bull. 🪽

🗓️ 29. 9. | 19:15
📍 LOGSPEED CZ Aréna

Zítra večer se vidíme! 🫵🏻

#akademiciplzen | 🎨 @hikky.design",https://www.instagram.com/p/Dd2AxrSMsJd/,,19705,313,12,39
@boostrava,instagram,1176ddaf-d366-48a2-9639-3c6694c72c85,552845d5-4725-40b2-a8ff-ebb3c9626ef5,IG Story,VIDEO,21.9.2026 20:15:58,"ALE JE TO TAAAM 🦈 @nwk_31 
@_maki_16 
@rybnikar.ondrej 🥅 🏒 🏒 TO BYLY NERVY 🫣",https://www.instagram.com/stories/boostrava/3991316245680772020,,543,,,2
@bitvaoprahu,instagram,d7c8aa06-74fb-4c6c-a7d2-c2fe1bf6d59c,79aca3e8-4bfb-413b-8610-84dc2aea6105,IG Post,IMAGE,12.3.2026 9:17:57,"No a když je dneska to finále, máme tady shodou okolností jeden krásnej milník na začátek 🥹

Oslavíme to večer, těšíme se na vás! 🫶🏼",https://www.instagram.com/p/DVx02azjIST/,,10499,153,1,3
vsefalcons,instagram,709fceba-e311-48e7-9057-f54a587abf4a,c1c60b31-655f-4c21-a74c-b25eb87b9d28,IG Story,IMAGE,3.3.2026 20:16:46,3 1,https://www.instagram.com/stories/vsefalcons/3844909997788508437,637,836,,,
@riderspardubice,facebook,f99ed6c3-17cc-46f4-a32e-d9b0576ce2df,1d274a31-51b7-4eda-8218-5b9633975faa,FB Post,IMAGE,14.4.2026 9:40:34,"Poprvé v historii na 👉 @unihokejfinalfour 

Jedeme do Prahy reprezentovat Riders, Pardubice i naši univerzitu –
a bojovat s pražskými týmy o titul vládce ligy.

🏒 SEMIFINÁLE
🆚 @ukkingsprague
📍 Zimní stadion Eden, Praha
🕓 16. dubna | 16:30

👉 2 dny plný hokeje, atmosféry a afterparty

Ve čtvrtek se rozhodne, jestli půjdeme do finále, nebo o bronz – každopádně v pátek se hraje o medaile.

Pojď do toho s námi a buď u toho.

🎟️ Vstupenky najdeš v BIU.",https://www.facebook.com/1592662819534019/posts/1604317175035250,6250,,82,,
@hcmuni,facebook,d1f9e9f9-7526-42d4-85aa-13f91e89f7cf,48423614-9aa9-4f2b-8eb9-ff51eff58077,FB Video,VIDEO,9.3.2026 14:46:34,"Pregame bonding 🔥
Tým 🤝 fanoušci 🤝 dobrý jídlo 🍗
Díky našemu partnerovi @kfc_cz za skvělou ochutnávku!
Smažák Zinger si taky dejte, doporučuje 10/10 Medvědů 🐻

#hcmuni #desetfakultjednarodina #kfc",https://www.facebook.com/reel/1675291787222662/,2088,847,5,,
@vutcavaliersbrno,instagram,b384bebf-72f3-4f9d-8b2d-3677709f6966,e3e3626f-c2d4-43a5-8464-9a474309b4aa,IG Reel,VIDEO,12.3.2026 10:32:57,taková naše autobusová klasika,https://www.instagram.com/reel/DVx_N8HiGzp/,,52071,1527,9,78
@hcnorthwings,facebook,2b08a479-603b-46e4-8a48-2bc0435ccd53,f773dc86-31de-49f6-a181-33fa6c76336e,FB Story,VIDEO,13.8.2026 18:14:40,,,,,,,
vsefalcons,instagram,709fceba-e311-48e7-9057-f54a587abf4a,24b6def3-59e9-435a-a5d6-b4a722717f2d,IG Story,VIDEO,3.3.2026 12:22:31,"CO ŘÍKÁTE 
NA RYCHLO SOUTĚŽ 
O LÍSTKY 
NA DNEŠNÍ ZÁPAS? 🤔 😱 🫣 🤩",https://www.instagram.com/stories/vsefalcons/3844671267022607133,731,950,,,
@riderspardubice,facebook,f99ed6c3-17cc-46f4-a32e-d9b0576ce2df,24ec50d5-d1ec-42ac-bd47-6a9cc24b725e,FB Post,IMAGE,16.4.2026 6:00:12,"GAMEDAY 😎

🏒 SEMIFINÁLE
🆚 @ukkingsprague
📍 Zimní stadion Eden, Praha
🕓 16. dubna | 16:30

Včera vybojovalo @hcpce postup do finále. A přesně to nám dává další motivaci bojovat za náš Hockeytown! ❤️‍🔥🐎",https://www.facebook.com/1592662819534019/posts/1605984691535165,397,,9,,
@univerzitnihokej,instagram,1e114592-3529-4cfe-9977-2598454053af,5928fe9b-e780-4f4e-9b5e-406bfecd45b7,IG Post,IMAGE,2.10.2026 10:09:50,Dnes startuje ULLH divize ✌🏻 a my přinášíme pro fanoušky program na měsíc říjen! Sledujte dnes @bitvaozlin na unihokej.tv nebo TV @tipsportcz 👀,https://www.instagram.com/p/Dd_PK4dCL1g/,,14805,317,1,31
@akademiciplzen,instagram,65494228-95bf-4f7b-8e68-d47d7262db66,93f753f9-c8ba-4cc7-b5fe-b75407ebc3d2,IG Story,IMAGE,22.9.2026 15:02:34,OČEKÁVÁNÍ: @dominikhoudek3,https://www.instagram.com/stories/akademiciplzen/3991881337329059436,,1224,,,4
@218107044725785,facebook,7a942e3e-6c47-4794-9ba7-bbc7b6d40cb3,9f78ad9e-ae4b-472b-962b-878b3db92b7e,FB Video,VIDEO,26.5.2026 12:21:24,"Tak uvidíme jak to nakonec letos dopadne 👀

#ms2026",https://www.facebook.com/reel/1695911338388818/,22065,10715,271,,
@univerzitnihokej,instagram,1e114592-3529-4cfe-9977-2598454053af,dbe8b423-8414-43d4-bf03-4819282cc38e,IG Reel,VIDEO,12.3.2026 23:09:13,My nejradši kombinaci obojího 🙂‍↕️,https://www.instagram.com/reel/DVzWIhViKie/,,89640,3412,27,1410
@vutcavaliersbrno,instagram,b384bebf-72f3-4f9d-8b2d-3677709f6966,2cf32183-291c-48f8-bab5-64467b210487,IG Story,IMAGE,29.9.2026 7:38:06,,https://www.instagram.com/stories/vutcavaliersbrno/3996731018787842843,,869,,,1
@vutcavaliersbrno,instagram,b384bebf-72f3-4f9d-8b2d-3677709f6966,5c0bbb32-03e9-46c4-926b-5f5cde7acd4f,IG Story,IMAGE,23.9.2026 18:41:47,,https://www.instagram.com/stories/vutcavaliersbrno/3992716523677503016,,574,,,
vsefalcons,instagram,709fceba-e311-48e7-9057-f54a587abf4a,a1eb202f-ea0c-474b-ae59-4f11a9ec4166,IG Story,VIDEO,3.2.2026 21:09:48,PÁTÁ!,https://www.instagram.com/stories/vsefalcons/3824642956628341028,,1059,,,
@engineersprague,facebook,afd06d1d-7b1c-4f66-8d93-ce4255ab773c,a4913ee5-ac1c-4013-b8af-d7907f7c99d1,FB Post,IMAGE,22.9.2026 7:13:52,"🚨 GAMEDAY | Jdeme do boje 🔥! 

A rovnou proti našemu největšímu rivalovi 👑. Jste ready?! Protože do toho jdeme naplno hned od začátku 🔥.

📍ZS Hvězda 
⏰ 18:45 
🎟️ POZOR! Lístků už je jenom pár, ber ty svoje co nejrychleji. 

#engprg #srdcelva",https://www.facebook.com/1560924572517692/posts/1723603136249834,317,,4,,
@218107044725785,facebook,7a942e3e-6c47-4794-9ba7-bbc7b6d40cb3,ab63bc15-57df-4cf5-a355-196a2b0321a5,FB Post,IMAGE,22.9.2026 9:04:39,"Přikládáme mapku venkovní pop-up zóny, ve které to bude dnes jedna velká party 🗺️

Dostanete se k nám autobusem z metra C (Opatov) ⭕️",https://www.facebook.com/122282816036218300/posts/122307731132218300,129,,,,
@engineersprague,facebook,afd06d1d-7b1c-4f66-8d93-ce4255ab773c,ee538ebf-4cd9-487f-8f83-29ed1164824f,FB Story,VIDEO,30.9.2026 16:08:24,,https://facebook.com/stories/136066081670222/UzpfSVNDOjE3MjAyODE0MjU3NDIxODE=/?view_single=1,,,,,
@riderspardubice,facebook,f99ed6c3-17cc-46f4-a32e-d9b0576ce2df,f757d752-92ec-4b15-8765-9438045e62b8,FB Post,IMAGE,17.3.2026 8:42:02,"Další venkovní zápas!🤩 Tentokrát v Ostravě!

Venkovní zápas
🗓️ 17.3. v 19:30
📍 v RT Torax Arena 
⚔️ proti @boostrava 

#venkovnízápas#riders",https://www.facebook.com/1592662819534019/posts/1578615740938727,177,,1,,
@hcmuni,facebook,d1f9e9f9-7526-42d4-85aa-13f91e89f7cf,fd701f41-09d2-4d3b-b486-60f77d4d54ae,FB Video,VIDEO,3.4.2026 16:44:20,"Tohle nemůže říct jen tak někdo🚨🔥

#hcmuni",https://www.facebook.com/reel/1518077673023080/,2850,1417,7,,
@united_hk,instagram,b18c071b-0570-48b2-b743-990c668c3c5b,809b17f1-2365-4618-90c7-8bb68c581c73,IG Story,VIDEO,25.4.2026 13:20:09,!BUDEME SE TĚŠIT! BUDEME SE TĚŠIT,https://www.instagram.com/stories/united_hk/3883113222723116965,,820,,,
vsefalcons,instagram,709fceba-e311-48e7-9057-f54a587abf4a,a3d5b3fb-67bd-4324-af75-9f9b03829375,IG Story,VIDEO,15.9.2026 18:32:02,JDEME NA TO 🏒,https://www.instagram.com/stories/vsefalcons/3986913323542661399,,869,,,
@riderspardubice,instagram,4d6a67ab-9313-4f77-a82e-abb18adbca5d,a416c875-bf42-408f-a955-f101ae736e2a,IG Story,VIDEO,12.4.2026 14:07:49,JSME VE  @unihokejfinalfour !!!!!!!!!,https://www.instagram.com/stories/riderspardubice/3873715445635514722,,1541,,,8
@bitvaoprahu,facebook,75e0f41f-82be-4f82-a77b-82ac11135ed2,11909dcb-12fc-4289-b79c-3d8177a10982,FB Video,VIDEO,13.3.2026 6:18:49,"Fantastický finálový večer a strhující podívaná, opět díky vám! 🙏🏼🚀

DĚKUJEME! 💯 #bitvaoprahu | @unihokejfinalfour 🔜",https://www.facebook.com/reel/1997664111173164/,801,339,9,,
@univerzitnihokej,instagram,1e114592-3529-4cfe-9977-2598454053af,3932be73-c403-4818-a2c1-9cd32c97ec02,IG Reel,VIDEO,1.10.2026 13:30:13,Kdo dorazí na další zápas? 🙌🏻,https://www.instagram.com/reel/Dd9BLh8ouJm/,,10840,324,2,35
@univerzitnihokej,instagram,1e114592-3529-4cfe-9977-2598454053af,4145d368-39d7-40a1-bb59-3d17dd3b9254,IG Story,VIDEO,8.4.2026 17:27:19,FALCONS NAVYŠUJÍ V BUDĚJOVICÍCH 🚀,https://www.instagram.com/stories/univerzitnihokej/3870916651604563429,,868,,,1
@univerzitnihokej,facebook,01b45180-0b14-4a14-96e8-d0a4bab1fb9f,c9f523a7-556a-4d3f-8b0d-72f912765ff9,FB Post,IMAGE,9.3.2026 21:25:10,Tomu říkáme začátek týdne! 🫨 prodloužení rozhodlo a Riders doma porážejí Black Dogs 🐎,https://www.facebook.com/1275398168115026/posts/1257565336564976,1132,,4,,
@univerzitnihokej,facebook,01b45180-0b14-4a14-96e8-d0a4bab1fb9f,0448d73c-650c-493c-9b23-153486ee40f7,FB Video,VIDEO,8.4.2026 21:56:15,@vsefalcons si své místo ve FINAL FOUR zajistili! 🎟️ Zajisti si i ty své a kupuj vstupenky na finalfour.cz 🫵🏻🔥,https://www.facebook.com/reel/1293620809369465/,1508,589,8,,
@BOhokej,facebook,c9082543-a03b-490f-8f97-66d439acce89,50dd8401-6a21-44af-8696-9bc7f06bbed5,FB Video,VIDEO,11.8.2026 17:43:25,We are back🔥,https://www.facebook.com/reel/1401782152152546/,1076,342,5,,
@boostrava,instagram,1176ddaf-d366-48a2-9639-3c6694c72c85,570a7447-949c-4b82-ba8d-571c76f193ff,IG Story,VIDEO,17.9.2026 18:10:11,TAKTIKA NA DNEŠEK JE JASNÁ 😆,https://www.instagram.com/stories/boostrava/3988351875124309264,,455,,,1
@akademiciplzen,instagram,65494228-95bf-4f7b-8e68-d47d7262db66,76f734bd-2888-4dd9-8137-346b20fd11cd,IG Post,IMAGE,17.4.2026 19:41:34,"Zdravíme z historicky prvního Final Four! 🧊👋🏻

#akademiciplzen #ullh",https://www.instagram.com/p/DXPrDXbjBBu/,,25607,574,,14
vsefalcons,instagram,709fceba-e311-48e7-9057-f54a587abf4a,a517cbfb-cccd-4a80-a382-6fa31823c87d,IG Post,IMAGE,16.4.2026 8:24:37,"Jdeme psát historii. Dnes se rozhodne, jestli zítra budeme hrát o titul 🏆

Nejdůležitější dva dny sezóny. Pojďte si je užít s námi. Těšíme se na vás ❤️‍🔥",https://www.instagram.com/p/DXL4yV1COD-/,,6724,102,1,22
vsefalcons,instagram,709fceba-e311-48e7-9057-f54a587abf4a,f7640bde-8bb0-4cb6-8a9c-025da14e3924,IG Story,VIDEO,17.4.2026 14:01:40,"ahoj, pajas 👋🏼",https://www.instagram.com/stories/vsefalcons/3877335955577296248,913,953,,,1
@univerzitnihokej,instagram,1e114592-3529-4cfe-9977-2598454053af,4891a91d-e576-4ba2-85bd-6eced3dfbfc8,IG Post,IMAGE,19.3.2026 11:51:53,"Osudí se rychle plní 👀 Zbývá posledních 90 míst. 🎱

Založ si účet u ČSOB přes link v našem biu a zajisti si svoje místo ve hře o 100 000 Kč 💰",https://www.instagram.com/p/DWEJm79CGQA/,,4541,34,,3
@united_hk,instagram,b18c071b-0570-48b2-b743-990c668c3c5b,534377fe-60ce-4a38-a042-aab5409a4ac6,IG Post,IMAGE,29.9.2026 11:21:58,"Gradient tam není náhodou.

V nové vizuální identitě spojuje přesně to, na čem UNIted HK stojí - různé školy, různé lidi a jednu společnou energii.

Černá dává vizuálu hloubku. Oranžová přináší pohyb, emoci a Hradec.

Dohromady z toho vzniká styl, který chceme držet napříč celým klubem.

ALL FOR UNITED.

#allforunited",https://www.instagram.com/p/Dd3pCmBiDoV/,,8061,145,1,1
@cvutengineers,instagram,11963a07-7f0f-48e6-9d81-aa63a7ff4a04,9e36454f-1d44-4c80-b7a4-d27e521f7dc4,IG Story,VIDEO,1.10.2026 14:25:33,,https://www.instagram.com/stories/cvutengineers/3998385694455934260,,1429,,,
@AkademiciPlzen,facebook,d87b94e3-03e8-45d0-b92e-75e9b819545c,e73051d6-b893-4476-aed9-9624aeb9fb8f,FB Video,VIDEO,31.3.2026 22:21:19,"KDO SNÍ KYBLÍK RYCHLEJI? 🍗⏱️

Gáža, Říháč, Ženda a Vargy se pustili do limitovanýho KFC plechovýho kyblíku… a šlo fakt o všechno 😭
Kdo ho zvládl nejrychleji?

Teď jsi na řadě ty 👀
Myslíš, že nás překonáš? Tak to zkus a označ nás!

@kfc_cz 

#kfcplechovykyblik #kfc #akademiciplzen",https://www.facebook.com/reel/1484703466513173/,524,164,,,
@vutcavaliersbrno,instagram,b384bebf-72f3-4f9d-8b2d-3677709f6966,ea6c530f-4d3f-45ef-8231-560879b9bb47,IG Story,VIDEO,21.9.2026 19:49:30,trestné střílení které nám dorovnalo skóre🏒,https://www.instagram.com/stories/vutcavaliersbrno/3991301077558942183,,439,,,6
@AkademiciPlzen,facebook,d87b94e3-03e8-45d0-b92e-75e9b819545c,bda04dde-0390-4ca2-a4fb-bc367ecf7dcb,FB Story,VIDEO,26.9.2026 20:20:15,,https://facebook.com/stories/103234241824606/UzpfSVNDOjEwODY0MTY1NTcxMDI0NDc=/?view_single=1,,,,,
vsefalcons,instagram,709fceba-e311-48e7-9057-f54a587abf4a,c9713739-f5aa-4e10-919b-932e8489a43a,IG Story,IMAGE,10.3.2026 21:22:41,4 4,https://www.instagram.com/stories/vsefalcons/3850016601143806159,779,511,,,
@vutcavaliersbrno,instagram,b384bebf-72f3-4f9d-8b2d-3677709f6966,db2c6611-f4aa-4c92-894c-aef569143319,IG Story,VIDEO,23.8.2026 7:21:51,Druhý den TRYOUTu začínáme skupinou B 🔥,https://www.instagram.com/stories/vutcavaliersbrno/3969906181015090140,,879,,,7
@vutcavaliersbrno,instagram,b384bebf-72f3-4f9d-8b2d-3677709f6966,ee3d6f62-3730-4733-9582-bfbdd481ec06,IG Story,VIDEO,23.9.2026 18:43:47,dotahujeme!! 🔥 @grulda14,https://www.instagram.com/stories/vutcavaliersbrno/3992717834546884187,,795,,,1
@univerzitnihokej,facebook,01b45180-0b14-4a14-96e8-d0a4bab1fb9f,0c879a06-bd55-45f8-8730-d579e80cdfb7,FB Post,IMAGE,28.3.2026 19:07:04,V jižních Čechách půjde ve středu o všechno 🥵 Black Dogs vyzvou k souboji brněnské Cavaliers ⚔️,https://www.facebook.com/1275398168115026/posts/1272788941709282,1037,,,,
vsefalcons,instagram,709fceba-e311-48e7-9057-f54a587abf4a,1228034d-e6d6-47ee-b566-1c03018b9325,IG Post,IMAGE,15.9.2026 20:50:19,Přípravák proti @savs_raccoons pro nás končí výhrou 🙌🏼,https://www.instagram.com/p/DdUmxu_I-Ve/,,3698,103,1,11
@unitedhk,facebook,bfe6cc29-a387-41b9-9bca-b077722556af,4922b98c-eecf-403f-b26d-65bd3e2ce1f3,FB Video,VIDEO,27.8.2026 13:32:05,"Označ parťáka, se kterým budeš tuhle sezónu chodit na zápasy🏒💬

#unitedhk #unihokej #hradeckralove #uhk",https://www.facebook.com/reel/1784626549232886/,248,83,,,
@hcnorthwings,facebook,2b08a479-603b-46e4-8a48-2bc0435ccd53,492b5d86-18d1-4788-9df0-13938d652633,FB Story,VIDEO,9.9.2026 17:44:44,,https://facebook.com/stories/101955925269645/UzpfSVNDOjE3NTAwMDI5Mjk1Njc0MTU=/?view_single=1,,,,,
vsefalcons,instagram,709fceba-e311-48e7-9057-f54a587abf4a,0229426b-bc98-4ef4-b7e6-cae666e3d688,IG Reel,VIDEO,26.1.2026 8:16:58,"Už nás zase volají zápasy. 📞
Winter Classic s Black Dogs na Hluboké nad Vltavou ❄️",https://www.instagram.com/reel/DT93rh_iLXC/,,5310,65,,11
@akademiciplzen,instagram,65494228-95bf-4f7b-8e68-d47d7262db66,19065112-bcb7-4b54-900c-a7b7a17ad889,IG Reel,VIDEO,4.3.2026 17:21:12,"JDEME NA TO! 🔥💙 

#akademiciplzen #jarnibitva",https://www.instagram.com/reel/DVeH3mwjK4O/,,8305,219,,9
@united_hk,instagram,b18c071b-0570-48b2-b743-990c668c3c5b,397a3ea1-5be0-4ac6-9645-12fdb40f2182,IG Story,VIDEO,13.9.2026 16:24:02,🥅🥅🥅🥅🥅 5:1 dnes s bojovní náladou!,https://www.instagram.com/stories/united_hk/3985399370790493892,,544,,,2
@riderspardubice,instagram,4d6a67ab-9313-4f77-a82e-abb18adbca5d,4eff9d91-23e0-4cf3-bbdd-3c52626d0cd7,IG Story,VIDEO,7.4.2026 19:32:37,🔥🔥🔥,https://www.instagram.com/stories/riderspardubice/3870254899318080945,,391,,,
@hcmuni,facebook,d1f9e9f9-7526-42d4-85aa-13f91e89f7cf,8c71ae60-6c95-442f-a243-7ebdc23e242d,FB Post,PHOTO,27.3.2026 12:18:52,"Sezóna 2025/2026 je za námi!🔥
Obrovský respekt a díky všem, co nás přišli podpořit do hlediště🫶🏻 Byla to neuvěřitelná jízda a bez vás by to nebylo ono!
💙DĚKUJEME💙

#hcmuni",https://www.facebook.com/1581741777288398/posts/1577630361032873,954,,13,,
@cvutengineers,instagram,11963a07-7f0f-48e6-9d81-aa63a7ff4a04,8e1492aa-7457-4174-a078-b021998d0f8c,IG Story,IMAGE,24.9.2026 16:26:57,,https://www.instagram.com/stories/cvutengineers/3993373322515345375,,939,,,
@akademiciplzen,instagram,65494228-95bf-4f7b-8e68-d47d7262db66,d942da07-83a9-48bf-aa46-4de99776b7ca,IG Story,IMAGE,29.9.2026 17:06:56,@dejv_hynek,https://www.instagram.com/stories/akademiciplzen/3997017330189207334,,1508,,,4
@riderspardubice,instagram,4d6a67ab-9313-4f77-a82e-abb18adbca5d,e38fbe24-63b5-46d3-a664-475697249ceb,IG Story,VIDEO,8.4.2026 21:19:06,,https://www.instagram.com/stories/riderspardubice/3871033291407393300,,238,,,1
@akademiciplzen,instagram,65494228-95bf-4f7b-8e68-d47d7262db66,ecb0c74a-8e4f-4489-8560-4bbbeee9dffb,IG Story,VIDEO,26.9.2026 21:50:53,STŘELEC DVOU GÓLŮ TOMÁŠ PÁNEK NA POZÁPASOVÉM ROZHOVORU: 🎤 @t_pain_6,https://www.instagram.com/stories/akademiciplzen/3994985942812983598,,302,,,
vsefalcons,instagram,709fceba-e311-48e7-9057-f54a587abf4a,35afddcb-51ce-49cc-a52e-a8c612974f0e,IG Story,VIDEO,15.1.2026 10:03:47,🕺🏽🪩 dnešek ve znamení tance a hudby,https://www.instagram.com/stories/vsefalcons/3810537005034010762,,1186,,,6
@univerzitnihokej,instagram,1e114592-3529-4cfe-9977-2598454053af,4a8cf3f0-45e7-4e66-999c-e878b13826cd,IG Reel,VIDEO,11.3.2026 20:46:49,V Ostravě kuřata lítali po ledě 🍗🫨,https://www.instagram.com/reel/DVwgfVaiBL-/,,6273,56,,3
@riderspardubice,instagram,4d6a67ab-9313-4f77-a82e-abb18adbca5d,54f997d5-db47-4508-9900-1ac483d53f2c,IG Story,VIDEO,1.4.2026 10:37:43,,https://www.instagram.com/stories/riderspardubice/3865637014578423102,,654,,,1
@united_hk,instagram,b18c071b-0570-48b2-b743-990c668c3c5b,8464ba1c-af79-4e34-b57b-65803cf64112,IG Post,IMAGE,13.8.2026 13:19:24,"O víkendu nás zase najdeš na IRONMANU. 🏊‍♂️🚴‍♂️🏃‍♂️

Už potřetí budeme společně s Univerzitou Hradec Králové součástí hradeckého víkendu ve znamení triatlonu.

📍 Náměstí 5. května
📅 Sobota – Den Labe
📅 Neděle – hlavní závod @ironmanczechrepublic

Stav se za námi a užij si atmosféru jednoho z největších sportovních víkendů v Hradci.",https://www.instagram.com/p/Db-1HMDth08/,,3409,33,,2
vsefalcons,instagram,709fceba-e311-48e7-9057-f54a587abf4a,8a478bab-0df3-4697-af72-7a04e98e7ed7,IG Story,VIDEO,12.2.2026 17:07:04,,https://www.instagram.com/stories/vsefalcons/3831043753922572430,619,619,,,1
@hc_muni,instagram,43cd62c8-609d-4ea6-8ce9-cae5242ede0c,168bd802-dd75-4446-ae2f-8d93c17f0833,IG Reel,VIDEO,17.3.2026 10:50:26,"Bez tebe to nebude ono! Doraž ve středu na tribuny!! ⚔️🔥
Vidíme se v 19:30 na Lužánkách 📍

Lístky koupíš v biu 🎟️

#hcmuni",https://www.instagram.com/reel/DV-5dIsDH0D/,,5894,173,2,27
@univerzitnihokej,instagram,1e114592-3529-4cfe-9977-2598454053af,6ac14119-5f27-4029-bf82-64b6fd40407f,IG Story,VIDEO,29.9.2026 8:43:05,,https://www.instagram.com/stories/univerzitnihokej/3996763731085805357,,1611,,,1
@riderspardubice,facebook,f99ed6c3-17cc-46f4-a32e-d9b0576ce2df,94ff7c94-fa38-473d-942a-a991644a7dc8,FB Video,VIDEO,4.10.2026 7:43:47,Naše sourozenecké duo @__h.e.b.a.__ a @tomas_hebek si střihlo yoga challenge.🤪,https://www.facebook.com/reel/1567239238419254/,371,133,2,,
@boostrava,instagram,1176ddaf-d366-48a2-9639-3c6694c72c85,99c66e4b-3ec4-4316-ac71-3ec7ec04948c,IG Story,VIDEO,10.4.2026 9:06:06,,https://www.instagram.com/stories/boostrava/3872113884551506341,,584,,,1
@hc_muni,instagram,43cd62c8-609d-4ea6-8ce9-cae5242ede0c,e3f12720-12ba-4b49-ac15-72165ad85e57,IG Story,IMAGE,28.9.2026 19:50:36,,https://www.instagram.com/stories/munibearsbrno/3996374917908595580,,456,,,
@bitvaoprahu,instagram,d7c8aa06-74fb-4c6c-a7d2-c2fe1bf6d59c,92471f27-e9fa-4861-868d-f18006e9f36a,IG Reel,VIDEO,12.3.2026 20:09:12,"🤪 HALFTIME SHOW s @gufrau_official ft. @metrostav.cz ! ❤️‍🔥

#bitvaoprahu",https://www.instagram.com/reel/DVzBHMBDgs6/,,16094,733,1,58
@derbyuniverzit,instagram,be83cfc5-0fa6-4f25-987e-ef890dd591ee,9bd21b42-05e0-4a33-900c-fc4a39f92bea,IG Story,IMAGE,28.9.2026 9:11:12,,https://www.instagram.com/stories/derbyuniverzit/3996053102993119387,,324,,,
@hc_muni,instagram,43cd62c8-609d-4ea6-8ce9-cae5242ede0c,2108259c-ae9b-4f30-b3ef-a2f047693bcd,IG Post,IMAGE,29.9.2026 8:01:55,"12 domácích zápasů🎟️=1 000 Kč 💸
Zajisti si permici a buď našim šestým hráčem! My na ledě vypustíme duši, ty na tribuně hlasivky📣 Jdeme si pro to společně! 🐻💙 

V případě zájmu nám napis do DM

#MUNIBears #desetfakultjednarodina",https://www.instagram.com/p/Dd3R36WOx_U/,,5317,71,,5
@akademiciplzen,instagram,65494228-95bf-4f7b-8e68-d47d7262db66,28a46aa9-7a26-4082-a633-a6024ba6d13a,IG Reel,VIDEO,23.4.2026 8:38:26,"Běžíme pro ty, kteří nemohou! ⚡️

🗓️ 10. května ve 13:00 startuje Wings for Life World Run v Plzni! 

Můžeš se těšit na:
•  unikátní běh, kdy tě dohání catcher car 🏎️
•  hudbu, chill zónu u @pivstro_bolevak a drinky od @redbullcz ☀️⛱️
•  atmosféru, která tě nabije energií! 🔋

100 % tvého startovného jde na výzkum poranění míchy, tak poběž s námi a podpoř dobrou věc!

Registrace na: 
🔗https://www.wingsforlifeworldrun.com/cs

Nezáleží na tom, jestli uběhneš kilometr nebo maraton, v tomhle závodě vítězí každý, kdo se zapojí! 🏅",https://www.instagram.com/reel/DXd7Q0VjFQq/,,8656,192,6,74
@riderspardubice,instagram,4d6a67ab-9313-4f77-a82e-abb18adbca5d,e13cff5e-8038-4e1d-a914-2093ba234c23,IG Story,VIDEO,1.9.2026 14:59:56,@seznamovakfes,https://www.instagram.com/stories/riderspardubice/3976659679471764539,,564,,,
@unitedhk,facebook,bfe6cc29-a387-41b9-9bca-b077722556af,ebc49b4c-6401-4660-9bfd-6c2c2869f6d8,FB Video,VIDEO,10.3.2026 17:42:58,"Světla zhasínají. 
Příběh hokejistů začíná. 🏒🎬

🎟️Zapoj se do soutěže:

2x2 lístky na maratón první série Heated Rivalry v kinách CineStar pro tebe a tvého kámoše! 

📌Podmínky soutěže:
1) označ, s kým bys seriál chtěl/a vidět 
2) dej like na post

Ve čtvrtek vylosujeme 2 výherce, kteří si můžou premiéru užít přímo z první rady!

#unitedhk #unihokej #hbomax #heatedrivalry",https://www.facebook.com/reel/1999762030960449/,406,160,3,,
@unitedhk,facebook,bfe6cc29-a387-41b9-9bca-b077722556af,edee44ee-a27b-430a-b2ef-243c706a98af,FB Post,IMAGE,1.10.2026 9:06:43,"ŘÍJEN BUDE NABITÝ! 🏒

Čeká nás pět zápasů, z toho dva doma - jeden v ČPP aréně a další v Malé hale. A na konci měsíce vyrážíme do Pardubic na Východočeské derby!

📅 5. 10. | ČVUT Engineers | DOMA
📅 7. 10. | VUT Cavaliers | VENKU
📅 12. 10. | UK Kings | DOMA
📅 21. 10. | UJEP North Wings | VENKU
🔥 26. 10. | UPCE Riders | DERBY V PARDUBICÍCH

🎟️ Vstupenky na domácí zápasy: unitedhk.cz/zapasy
🚌 Výjezd na derby: unitedhk.cz/vyjezd

Kde se uvidíme? 👀

#allforunited",https://www.facebook.com/122180651084388974/posts/122194854806388974,122,,2,,
@vutcavaliersbrno,instagram,b384bebf-72f3-4f9d-8b2d-3677709f6966,f6a79150-50d9-4c52-bb64-125cfa7dc3f1,IG Story,VIDEO,16.9.2026 15:57:04,🥇🥈,https://www.instagram.com/stories/vutcavaliersbrno/3987560086410669256,,583,,,6
@akademiciplzen,instagram,65494228-95bf-4f7b-8e68-d47d7262db66,64765231-86df-4189-9ffd-8aedad0c0cf1,IG Post,IMAGE,11.9.2026 11:30:56,"VÝHRA 4:1! 🔥

I ze třetího zápasu odcházíme vítězně! Tentokrát jsme si poradili s loňskými vítězi Univerzitní ligy @ukkingsprague 👑

Poslední přípravný zápas doma odehrajeme 17. 9. proti @blackdogsbudweis_vste . Tak si přijď užít poslední domácí test a pořádně se s námi naladit na novou sezónu, než to všechno vypukne! 🫵🏻🤪

⚡️ Trefil se: Folda, 2× Říha, M. Matoušek

#akademiciplzen💙 | 📸 @vpotocesevodatoci",https://www.instagram.com/p/DdJTwbtAiAc/,,10176,186,,2
@riderspardubice,facebook,f99ed6c3-17cc-46f4-a32e-d9b0576ce2df,6be939c1-e71f-427e-928e-0aabdcff7e90,FB Video,VIDEO,24.9.2026 10:36:56,"Kluci na sobě makají, tak proto si zaslouží odměnu 🤭",https://www.facebook.com/reel/2111208139497441/,1092,581,5,,
@united_hk,instagram,b18c071b-0570-48b2-b743-990c668c3c5b,a6875d0d-4102-4dc4-8d3b-b008738f59fe,IG Story,VIDEO,28.9.2026 17:29:59,@lekarnyipc  s dodržujem pitný režim NABOMBENÁ PIVNÍ ŠTAFETA 🍋🍊,https://www.instagram.com/stories/united_hk/3996304178728706049,,1026,,,12
vsefalcons,instagram,709fceba-e311-48e7-9057-f54a587abf4a,bd291b7b-45f2-406d-a061-b00f14f6e647,IG Story,VIDEO,17.2.2026 20:51:46,nový kapitán,https://www.instagram.com/stories/vsefalcons/3834781670344027024,613,901,,,
vsefalcons,instagram,709fceba-e311-48e7-9057-f54a587abf4a,ef8cd3b4-5095-4197-bf6a-d10e98b816b0,IG Story,VIDEO,24.2.2026 21:38:18,Jan Hamršmíd na micu 🎙️,https://www.instagram.com/stories/vsefalcons/3839877638294893462,644,801,,,3
vsefalcons,instagram,709fceba-e311-48e7-9057-f54a587abf4a,b35c4464-ac98-4346-bc56-0cc16e6f80ab,IG Story,VIDEO,3.3.2026 18:48:00,Postaví  @___pajer24 zeď? @mosteckamontazni by mohla pomoci🤔 🧱🧱🧱🧱 🧱🧱🧱🧱 🧱🧱🧱🧱,https://www.instagram.com/stories/vsefalcons/3844865295676643653,665,868,,,1
@vutcavaliersbrno,instagram,b384bebf-72f3-4f9d-8b2d-3677709f6966,ec20e5c3-65d0-4563-bf5f-83485b5a74d2,IG Story,IMAGE,29.9.2026 19:01:52,"🚨2:2
⏰1:09
@jerabekdmnk",https://www.instagram.com/stories/vutcavaliersbrno/3997075173485356781,,96,,,
@AkademiciPlzen,facebook,d87b94e3-03e8-45d0-b92e-75e9b819545c,42412d1f-aa68-493a-9af9-c88df7344560,FB Post,IMAGE,13.9.2026 12:37:20,"Padel, but make it cinematic. 🎾📸

#akademiciplzen | 📸 káťa 🥵",https://www.facebook.com/1357105236437494/posts/1498434685637881,1374,,7,,
@engineersprague,facebook,afd06d1d-7b1c-4f66-8d93-ce4255ab773c,61fd538a-3c3c-48f0-8c75-5afd7087d233,FB Story,VIDEO,2.3.2026 18:03:43,,,,,,,
@AkademiciPlzen,facebook,d87b94e3-03e8-45d0-b92e-75e9b819545c,d07ab552-56e1-488b-9c22-90d5f279b54d,FB Video,VIDEO,30.3.2026 16:01:41,"Pokud máš hlad jako @zenisek_ , dej si zotta a buď dobrej! 😎😋

#zott #zotthungry #hungrydrinkthis",https://www.facebook.com/reel/1843219949703506/,1272,458,7,,
@united_hk,instagram,b18c071b-0570-48b2-b743-990c668c3c5b,d7ced842-8503-425f-8c78-2aab00e11cac,IG Story,VIDEO,17.9.2026 15:25:16,,https://www.instagram.com/stories/united_hk/3988268855436262721,,568,,,1
@BOhokej,facebook,c9082543-a03b-490f-8f97-66d439acce89,dfe39765-273f-486a-91f6-7b7194a7c66a,FB Video,VIDEO,13.3.2026 17:58:27,"Máme po derby, ale sezóna ještě nekončí! Přijď kluky podpořit na další domácí utkání proti @riderspardubice 
PIVKA ZDARMA🍻",https://www.facebook.com/reel/1496092432233209/,424,194,1,,
@cvutengineers,instagram,11963a07-7f0f-48e6-9d81-aa63a7ff4a04,45c34958-7a25-4f75-a265-b4497e948048,IG Story,VIDEO,22.9.2026 16:20:11,ALL EYES ON FERY 👀,https://www.instagram.com/stories/cvutengineers/3991923008637526969,,1439,,,
@riderspardubice,instagram,4d6a67ab-9313-4f77-a82e-abb18adbca5d,a3cd9566-50be-458b-b5c7-2cac8bab36a5,IG Post,IMAGE,4.3.2026 8:00:00,"🐱 V pondělí za námi do enteria areny přijedou @blackdogsbudweis_vste! 🐕

A my při této příležitosti společně podpoříme KoČIČÍ depozitum Lovčice! 

Jak můžete opuštěným kočičkám pomoci s námi? 
- přineste s sebou na zápas kočičí žrádlo - granule, konzervy, ňaminky 
- přispějte finančním darem - ideálně v hotovosti na místě nebo pomocí QR kódu na kostce.

Minulý semestr jsme pomohli pejskům z @farma_u_veselyho_psa, tak pojďme znovu spojit síly a tentokrát pomoci kočičkám z KoČIČÍ depozitum Lovčice! 

Vstupenky za zapas koupíš přes odkaz v BIU!",https://www.instagram.com/p/DVdH5NtiMEp/,,2850,43,,20
@univerzitnihokej,facebook,01b45180-0b14-4a14-96e8-d0a4bab1fb9f,00b10aee-9002-4d88-b1e0-06049233aaea,FB Video,VIDEO,11.3.2026 19:17:19,"ČSOB CASH ON ICE 🧊🤑
Normálně hledáš drobné po kapsách. Na univerzitním hokeji je najdeš na ledě 🫣",https://www.facebook.com/reel/996214249597390/,2434,1247,1,,
@bitva_o_budejce,instagram,f977c0af-061e-4c10-813f-da5818f8a748,1ab9c7e5-6d29-4d6e-8f94-08bc06bec4b3,IG Story,VIDEO,1.10.2026 13:50:47,"ZA 10 MINUT SE TO DOZVÍŠ. 👀
⏱️ 10
⏱️ 9
⏱️ 8…",https://www.instagram.com/stories/bitva_o_budejce/3998368146930798059,,610,,,1
vsefalcons,instagram,709fceba-e311-48e7-9057-f54a587abf4a,5aee5a2c-a39c-4dde-83ee-a443839e37d8,IG Story,VIDEO,22.9.2026 17:51:32,,https://www.instagram.com/stories/vsefalcons/3991966340553945325,,1187,,,3
@univerzitnihokej,instagram,1e114592-3529-4cfe-9977-2598454053af,63866b72-e233-46b4-9232-ee1d0bcf8ba3,IG Story,VIDEO,17.4.2026 8:48:12,,https://www.instagram.com/stories/univerzitnihokej/3877178175776102951,,2288,,,
@cvutengineers,instagram,11963a07-7f0f-48e6-9d81-aa63a7ff4a04,b1f9d81f-b881-4e08-9f21-e38771f500bd,IG Story,VIDEO,22.9.2026 14:51:00,"ABY SES DOSTAL K LÍSTKŮM, STAHUJ APPKU UNILIFE  REGISTRUJ SE MAILEM NA KTERÝ JSI LÍSTKY KUPOVAL A JE TO!",https://www.instagram.com/stories/cvutengineers/3991875476930751464,,1582,,,
vsefalcons,instagram,709fceba-e311-48e7-9057-f54a587abf4a,2be4b0bf-d32b-4ae6-bea8-c91d59a3c6a5,IG Story,VIDEO,10.3.2026 19:02:44,,https://www.instagram.com/stories/vsefalcons/3849946137272780992,815,,,1,10
vsefalcons,instagram,709fceba-e311-48e7-9057-f54a587abf4a,f2157b5d-1586-4d01-84c8-1f6b6c50355c,IG Story,VIDEO,9.3.2026 20:41:25,Ale ještě předtím…,https://www.instagram.com/stories/vsefalcons/3849271097363551372,660,,,,
@cvutengineers,instagram,11963a07-7f0f-48e6-9d81-aa63a7ff4a04,fa242357-21a6-41f5-a81b-4b6e5a998498,IG Post,IMAGE,16.4.2026 21:39:03,"Ještě není hotovo 🫡 ZÍTRA NÁS ČEKÁ FINÁLE! 
Jdeme si pro toooo!!!!!",https://www.instagram.com/p/DXNTK9mDNdA/,,13321,329,,35
vsefalcons,instagram,709fceba-e311-48e7-9057-f54a587abf4a,fede0b2c-a8ce-41a3-9f5e-5fcf553cab33,IG Story,IMAGE,8.4.2026 17:48:33,"DOUFÁME, ŽE TAKY FANDÍTE!",https://www.instagram.com/stories/vsefalcons/3870927317249826851,899,889,,,1
@cvutengineers,instagram,11963a07-7f0f-48e6-9d81-aa63a7ff4a04,0e4720d8-93fe-4a26-9d6c-19c9e84009b1,IG Post,IMAGE,30.9.2026 19:38:11,"Byl to boj, ale vezeme si domů tři body. 👋🏻

#engprg #srdcelva",https://www.instagram.com/p/Dd7GdTksSRR/,,10126,427,4,30
@hc_muni,instagram,43cd62c8-609d-4ea6-8ce9-cae5242ede0c,ce8a7d5f-95ef-4073-aea4-3eea58187efa,IG Story,VIDEO,27.9.2026 18:53:10,Nebo přímo v aplikaci 🐻 👉🏻 🎟️ UNILIFE s ČSOB sleva 20 % na lístky 🤯,https://www.instagram.com/stories/munibearsbrno/3995621240224011568,,438,,,
@engineersprague,facebook,afd06d1d-7b1c-4f66-8d93-ce4255ab773c,4e2cc772-db9f-4e74-ada4-6605dacdcbae,FB Post,IMAGE,24.9.2026 16:25:54,"8 000! 🥹💙
Děkujeme, že nás sledujete, fandíte a jste u toho s námi! 🦁",https://www.facebook.com/1560924572517692/posts/1726022536007894,268,,9,,
@AkademiciPlzen,facebook,d87b94e3-03e8-45d0-b92e-75e9b819545c,c7904446-6d0f-48a3-b11b-252d0dd2cedd,FB Post,IMAGE,3.3.2026 15:58:33,"JARNÍ BITVA UŽ ZÍTRA! 👊🏻

Doraž včas na Proud, Redbull nebo svařák do fanzóny, nalaď hlasivky a pojď z toho udělat večer, na kterej se bude vzpomínat!

🕰️ 17:30 otevření fanzóny
📍 LOGSPEED CZ Aréna
🎟️ Lístky najdeš v biu nebo na plzenskabitva.cz

Tak co, bude nás ještě víc než loni? 🔥
#akademiciplzen",https://www.facebook.com/1357105236437494/posts/1333890502092301,706,,7,,
@akademiciplzen,instagram,65494228-95bf-4f7b-8e68-d47d7262db66,c9ec3b3f-e925-48b5-abc2-40aab639847e,IG Story,VIDEO,13.4.2026 10:25:54,POSLEDNÍ TRÉNINK JE ZA NÁMI!,https://www.instagram.com/stories/akademiciplzen/3874328379805961355,,1112,,,
@boostrava,instagram,1176ddaf-d366-48a2-9639-3c6694c72c85,bd057c50-dd22-417e-8637-c8886b05fdfb,IG Story,VIDEO,21.9.2026 18:44:25,SPONZOR POŘADU  @sobol_petr  @garnier_czsk 🫣 1:1,https://www.instagram.com/stories/boostrava/3991268213459277879,,525,,,1
@univerzitnihokej,facebook,01b45180-0b14-4a14-96e8-d0a4bab1fb9f,8eacd624-9320-4eb4-9429-1865434f8a7e,FB Post,IMAGE,4.3.2026 22:16:05,Největší překvapení večera? Akademici zdolali v prodloužení vůdce tabulky 💪🏼,https://www.facebook.com/1275398168115026/posts/1253941683594008,720,,2,,
@AkademiciPlzen,facebook,d87b94e3-03e8-45d0-b92e-75e9b819545c,a29e75a0-5e55-4f44-966a-430698502e3f,FB Video,VIDEO,25.3.2026 15:16:15,"DNESKA HRAJEME! 🔥
Sestřih gólů z minulého zápasu je jasná připomínka toho, že forma tam je! 👀
Podaří se nám vítězně zvládnout i poslední zápas základní části?

🕖 19:00
📅 25. 3.
📍 LOGSPEED CZ Aréna

Doraz nás podpořit! 💙
#akademiciplzen",https://www.facebook.com/reel/1822592428420425/,445,181,3,,
@united_hk,instagram,b18c071b-0570-48b2-b743-990c668c3c5b,a6224522-e388-4621-aa5d-3d084820d78e,IG Story,IMAGE,13.9.2026 17:09:53,🥅🥅🥅🥅🥅🥅🥅🥅 8:4,https://www.instagram.com/stories/united_hk/3985422436367101996,,509,,,1
@BOhokej,facebook,c9082543-a03b-490f-8f97-66d439acce89,b8780f42-71c8-4545-aa19-3b30fbc0c34a,FB Video,VIDEO,23.3.2026 10:26:18,"Sezona se chýlí ke konci a nás čeká poslední zápas základní části! 

Přijďte před play-in ukázat, že BOčko drží při sobě a jde slyšet! 🔥

#ostrava #hockeygame #boostrava",https://www.facebook.com/reel/1554843379977095/,509,189,1,,
@riderspardubice,instagram,4d6a67ab-9313-4f77-a82e-abb18adbca5d,d5510b03-a035-4c6e-8123-ed03c30beabc,IG Story,VIDEO,16.9.2026 9:34:35,@biolifeplazmacentrum  Partner utkání,https://www.instagram.com/stories/riderspardubice/3987367632634448300,,1174,,,1
@derbyuniverzit,instagram,be83cfc5-0fa6-4f25-987e-ef890dd591ee,5488f602-d278-4f50-b5bd-e42adefaa48c,IG Story,IMAGE,30.9.2026 16:10:55,,https://www.instagram.com/stories/derbyuniverzit/3997713908143011443,,181,,,
@univerzitnihokej,facebook,01b45180-0b14-4a14-96e8-d0a4bab1fb9f,11a23156-2b8d-4cf0-99e4-742ae06891c2,FB Post,IMAGE,13.4.2026 12:13:30,"V Budějovicích se rozdávaly vstupenky… 👀
A rovnou dvě na @unihokejfinalfour 🎟️ Odvezly si je @vsefalcons a @riderspardubice 🚨",https://www.facebook.com/1275398168115026/posts/1284942650493911,9790,,7,,
@akademiciplzen,instagram,65494228-95bf-4f7b-8e68-d47d7262db66,e3a9acd4-e952-44c2-b210-ee294f7e223c,IG Story,VIDEO,30.8.2026 20:50:26,ZÍTRA! ⚔️,https://www.instagram.com/stories/akademiciplzen/3975386540083549909,,345,,,1
@riderspardubice,instagram,4d6a67ab-9313-4f77-a82e-abb18adbca5d,efe1b4b4-2618-491e-928a-4644c5de41a4,IG Post,IMAGE,19.8.2026 14:57:12,"JE TO TADY!🔥
Představujeme vám trenérské trio. Martin Šejba jako hlavní trenér a jeho asistenti Radek Velinský a bývalý hráč Honza Helikar😎
Děkujeme, že s námi pokračujete a těšíme se na pořádnou jízdu!🐎",https://www.instagram.com/p/DcOdFFOCPop/,,10825,208,1,13
@hc_muni,instagram,43cd62c8-609d-4ea6-8ce9-cae5242ede0c,8d5b326c-200e-4f4f-8b83-5abeef7eed05,IG Post,IMAGE,14.3.2026 16:14:42,"Série je zlomena, je to doma! 👊🏻 slavíme vítězství 4:3 v prodloužení 🎉🏒💙🔥

#hcmuni",https://www.instagram.com/p/DV3v-yADMBt/,,5616,152,6,13
@cvutengineers,instagram,11963a07-7f0f-48e6-9d81-aa63a7ff4a04,4e875a33-847d-4511-a53f-723f3ddaf599,IG Post,IMAGE,28.7.2026 9:59:49,"Naše obranné řady posiluje Matyáš Slavíček z BK Havlíčkův Brod, který bude nově studovat na Fakultě stavební ČVUT. No a my se těšíme až ho uvidíme na ledě!

Matyáši, vítej v #engprg 🦁",https://www.instagram.com/p/DbVRUruszcQ/,,10274,247,1,22
@hcnorthwings,facebook,2b08a479-603b-46e4-8a48-2bc0435ccd53,4f6bf3e3-b79e-454c-83f6-9f97d1fbb693,FB Post,IMAGE,5.3.2026 17:11:16,"Druhé domácí utkání v řadě, tentokrát proti týmu Akademiků z Plzně. 
Středa 11. března 2026 od 18:00 na ústeckém zimáku 💙💛 Přijďte fandit, vyhrát 🎁 a na dobré 🍻 🌭

Odkaz na online vstupenky v biu.

#myjsmeujep #univerzitnihokej #hcnorthwings #icehockey",https://www.facebook.com/1583651910433365/posts/1559635332835023,367,,3,,
@unitedhk,facebook,bfe6cc29-a387-41b9-9bca-b077722556af,6d60df77-afe6-4d67-a8d5-50d69351a6b6,FB Story,IMAGE,26.8.2026 16:11:42,,https://facebook.com/stories/122099775710388974/UzpfSVNDOjE1OTExOTgyNDI0NzM3ODE=/?view_single=1,,,,,
@riderspardubice,instagram,4d6a67ab-9313-4f77-a82e-abb18adbca5d,780b6f82-32a4-43a5-a221-7a3c3c516658,IG Story,VIDEO,10.4.2026 10:15:41,,https://www.instagram.com/stories/riderspardubice/3872148909464536931,,509,,,
@univerzitnihokej,instagram,1e114592-3529-4cfe-9977-2598454053af,9ac861ee-4995-4e1e-80b0-cce6860e8307,IG Story,VIDEO,17.4.2026 20:16:30,,https://www.instagram.com/stories/univerzitnihokej/3877524737601570954,,1294,,,1
@akademiciplzen,instagram,65494228-95bf-4f7b-8e68-d47d7262db66,3450e0c2-4abf-4c28-b227-bc0741d446fa,IG Story,IMAGE,29.9.2026 22:12:24,,https://www.instagram.com/stories/akademiciplzen/3997171103541433186,,163,,,
vsefalcons,instagram,709fceba-e311-48e7-9057-f54a587abf4a,e4fea64c-efc8-4fcb-a141-60b9057a20fe,IG Post,IMAGE,5.2.2026 9:25:27,"Tentokrát nejsi jen fanoušek. Tentokrát jsi součástí hry.
V úterý se totiž budou od 19:45 na @icearenakaterinky konat dostihy 🏇 

Detaily zveřejníme později. Pořiď si lístek přes odkaz na profilu 🎟️",https://www.instagram.com/p/DUXusE4CPAM/,,2462,61,,4
@united_hk,instagram,b18c071b-0570-48b2-b743-990c668c3c5b,3addcd3d-bb9d-4509-a318-a156ff49a6e0,IG Reel,VIDEO,23.3.2026 16:30:59,"KFC kyblík. Kreativita bez limitů🍗🔥
Jídlo, kbelík… a najednou máš půlku studentského vybavení👩‍🎓
Jak ho využiješ ty?👀
#kfc #kfcplechovykyblik #unitedhk #unihokej",https://www.instagram.com/reel/DWO8wxECMMY/,,9583,207,3,35
@united_hk,tiktok,7e062517-b9da-416d-b73d-a2c5899a2be6,74670db2-bb03-44a7-96ac-a154fffe1cee,TT Video,VIDEO,4.10.2026 14:52:45,"Takový byl Otvírák sezóny 2026/27. 🏒🔥 Pop-up před arénou, plná ČPP aréna, hokej, soutěže, choreo, partneři a afterparty. Jeden den, který jsme si chtěli ještě jednou připomenout. Díky všem, kteří byli u toho s námi. Tohle je naše aftermovie z Otvíráku. #allforunited ",https://www.tiktok.com/@united_hk/video/7692825688923114775?utm_campaign=tt4d_open_api&utm_source=7348986504397455361,,280,16,,1
vsefalcons,instagram,709fceba-e311-48e7-9057-f54a587abf4a,a9d4d071-c3d0-4149-9711-d2b098393fa8,IG Story,VIDEO,31.3.2026 18:38:53,FINÁLE PLAY-IN JOBAS NÁS POSÍLÁ DO ❗️ ❗️,https://www.instagram.com/stories/vsefalcons/3865154479565896834,1032,830,,2,5
@engineersprague,facebook,afd06d1d-7b1c-4f66-8d93-ce4255ab773c,c8ece493-26f9-4607-adca-f128449c3cc8,FB Post,IMAGE,28.7.2026 9:57:46,"Tomáš Lorenz rozšiřuje defenzivní řady Engineers. Obránce z HC Slavia Praha bude nově studovat na ČVUT MÚVS. Za sebou má zkušenosti z Extraligy juniorů a my se těšíme, co předvede v našem dresu!

Tomáši, vítej v #engprg 🦁",https://www.facebook.com/1560924572517692/posts/1670173544926127,1417,,33,,
@united_hk,instagram,b18c071b-0570-48b2-b743-990c668c3c5b,90168655-7651-4fa1-97c1-fb637fcf3ed5,IG Story,VIDEO,28.8.2026 20:26:07,Vítěz @b_hockey_czech Stickhandling challenge,https://www.instagram.com/stories/united_hk/3973924797289115478,,317,,,1
@218107044725785,facebook,7a942e3e-6c47-4794-9ba7-bbc7b6d40cb3,fa3e1e9e-7ad9-4a14-ac7f-d61a70728629,FB Video,VIDEO,16.4.2026 16:14:03,Hlásíme přílet na Eden 🦅,https://www.facebook.com/reel/1831675394188212/,570,201,8,,
@united_hk,instagram,b18c071b-0570-48b2-b743-990c668c3c5b,03e9d6b4-c79a-4239-a011-a45b565d0b73,IG Story,IMAGE,28.9.2026 17:01:43,,https://www.instagram.com/stories/united_hk/3996289923398454795,,1144,,,5
@hc_muni,instagram,43cd62c8-609d-4ea6-8ce9-cae5242ede0c,6616ab9f-a4c7-4855-8255-f85bb4cc6e04,IG Story,IMAGE,1.10.2026 10:11:36,"👉🏻 🎟️ na první domácí zápas sezóny?!! Jak je možné, že ještě nemáš lístek 🤨",https://www.instagram.com/stories/munibearsbrno/3998257823820060129,,1110,,,2
@218107044725785,facebook,7a942e3e-6c47-4794-9ba7-bbc7b6d40cb3,f8ab8f94-4d38-4221-b964-7f0eaf978d54,FB Video,VIDEO,20.9.2026 16:33:55,"Reality check… zítra ráno už to zase začíná. 🫡 Ale alepsoň pozitivní zpráva, začíná nám zároveň sezóna. 

Takže v úterý na značkách na Kateřinkách. 🦅",https://www.facebook.com/reel/3638211593014890/,82430,37077,213,,
@AkademiciPlzen,facebook,d87b94e3-03e8-45d0-b92e-75e9b819545c,cd24fabf-c88e-4754-abc4-1106f2aee7d3,FB Video,VIDEO,15.9.2026 10:13:08,"MEDIA DAY 2026 📸

Nafoceno máme, natočeno máme! 🤩

Makalo se až do nočních hodin, ale věříme, že výsledek bude stát za to. 💪🏻 Něco zůstává při starém, něco jsme zase posunuli o kus dál. 🔝

A změn se dočká i náš tým – letos na ledě uvidíte až 12 nových tváří. 👀 Brzy vám je všechny představíme. Stay tuned! 💙

Děkujeme @yzproduction.cz | @jankubicek.cz | @vpotocesevodatoci za skvělou práci! 👏🏻

#akademiciplzen",https://www.facebook.com/reel/1551283916315595/,1463,576,7,,
@cvutengineers,instagram,11963a07-7f0f-48e6-9d81-aa63a7ff4a04,f47137ab-f5e2-4adc-a819-4440f732ee74,IG Story,VIDEO,15.9.2026 10:50:23,,https://www.instagram.com/stories/cvutengineers/3986680939413290843,,1068,,,1
@riderspardubice,instagram,4d6a67ab-9313-4f77-a82e-abb18adbca5d,18bb2bcd-a92c-4fe3-8af8-a098b6edf93e,IG Story,VIDEO,17.4.2026 15:34:49,TAKTO FANDÍ PARDUBICE!🔥,https://www.instagram.com/stories/riderspardubice/3877382827721630484,,2243,,,3
@218107044725785,facebook,7a942e3e-6c47-4794-9ba7-bbc7b6d40cb3,398b539e-b205-42eb-9e52-1ddecef7235d,FB Post,IMAGE,12.3.2026 15:58:34,"Proti @czufarmers dnes nastupujeme v této sestavě 👆🏼
Pokud tu nejste s námi, sledujte na ČT sport plus 📺",https://www.facebook.com/122282816036218300/posts/122278519406218300,470,,10,,
@united_hk,instagram,b18c071b-0570-48b2-b743-990c668c3c5b,ecf87bbf-df8f-4473-89e5-36f2bb8abced,IG Story,VIDEO,4.10.2026 7:20:16,,https://www.instagram.com/stories/united_hk/4000345938727583353,,821,,,
@riderspardubice,facebook,f99ed6c3-17cc-46f4-a32e-d9b0576ce2df,917adb46-de7a-4143-bc67-cec8dff350e5,FB Post,IMAGE,18.3.2026 7:28:05,Body jsou domaaa 🥳,https://www.facebook.com/1592662819534019/posts/1579444500855851,512,,8,,
@riderspardubice,facebook,f99ed6c3-17cc-46f4-a32e-d9b0576ce2df,91efc8d2-a9a5-4cbb-b19b-1e5f42951512,FB Post,IMAGE,9.4.2026 14:25:47,"V neděli budeme bojovat v lucky loser game o postup do @unihokejfinalfour !

 Lucky loser game
🗓️ 12.4.  v 13:15
📍 v Hokejové Centrum Pouzar
⚔️ proti @blackdogsbudweis_vste 

#luckylosergame#riders",https://www.facebook.com/1592662819534019/posts/1600259088774392,208,,,,
@vutcavaliersbrno,instagram,b384bebf-72f3-4f9d-8b2d-3677709f6966,ada33139-4f0a-42ee-ac77-eae73d4a159a,IG Post,IMAGE,4.9.2026 16:24:04,"Za mlhou tak hustou, že by se dala krájet… 

…se nám pomalu rýsují obrysy prvního domácího zápasu! 👀🔥

Už za 19 dní se vidíme v Kuřimi! 🏠🏒

📍 Kuřim 
🕢 19:45
🚌 Doprava zajištěna autobusem
🎟️ Lístky už teď v aplikaci UniLife

Tak kup lístek, nalaď hlasivky a přijď nás podpořit … 23. září se blíží! 👀🔥",https://www.instagram.com/p/Dc3zvUUiJcH/,,8792,130,,10
@univerzitnihokej,instagram,1e114592-3529-4cfe-9977-2598454053af,5d69d78f-0b7e-476a-9673-a270a086f1a7,IG Story,VIDEO,8.4.2026 19:06:08,KDO SI VYBOJUJE MÍSTO VE FINAL FOUR ❓,https://www.instagram.com/stories/univerzitnihokej/3870966373711146254,,739,,,
@riderspardubice,instagram,4d6a67ab-9313-4f77-a82e-abb18adbca5d,69f819db-196d-4482-8d5c-6b1a0dcfee55,IG Story,VIDEO,12.4.2026 3:51:18,,https://www.instagram.com/stories/riderspardubice/3873404994846212387,,1534,,,
@742626308943576,facebook,afcb2720-0a77-4413-95f4-2247bcb8a565,ebcc6f59-c7c8-4ebc-9025-99c54dc506ff,FB Post,IMAGE,1.10.2026 14:00:08,"AFTERPARTY MÁ SVÉHO KRÁLE. 👑
RYTMUS dorazí 4. 11. do Metropolu a postará se o hlavní show večera. 🔥
Teď už víš, proč jsme říkali, že tohle bude velké. 👀

🎤 RYTMUS × AFTERPARTY
📍 Metropol | 4. 11.

🎟️ Lístky mizí, tak ať u toho nechybíš.",https://www.facebook.com/122132173953029080/posts/122147069781029080,418,,,,
vsefalcons,instagram,709fceba-e311-48e7-9057-f54a587abf4a,fc8a1644-de28-438e-93fd-c8d245725988,IG Story,VIDEO,3.5.2026 8:37:46,falcons taťka dnes slaví,https://www.instagram.com/stories/vsefalcons/3888769307182127803,,821,,,2
@univerzitnihokej,facebook,01b45180-0b14-4a14-96e8-d0a4bab1fb9f,1cdd9327-55a1-4063-955b-25659c7447a2,FB Video,VIDEO,11.3.2026 20:47:04,V Ostravě kuřata lítali po ledě 🍗🫨,https://www.facebook.com/reel/1468837741426242/,1423,530,1,,
@BOhokej,facebook,c9082543-a03b-490f-8f97-66d439acce89,909ab76b-22a1-4f88-8c64-eda923e4dcbf,FB Post,IMAGE,4.3.2026 14:40:39,"JEDEME DO BRNA⚡️
Koukni co na to říká náš útočník Patrik🎙️",https://www.facebook.com/1477974067675582/posts/1454245123381810,573,,9,,
@riderspardubice,instagram,4d6a67ab-9313-4f77-a82e-abb18adbca5d,d64b0d94-401c-4de8-bb81-088a0492b0c2,IG Story,VIDEO,2.9.2026 19:27:27,,https://www.instagram.com/stories/riderspardubice/3977519105506885587,,712,,,7
@cvutengineers,instagram,11963a07-7f0f-48e6-9d81-aa63a7ff4a04,730738c3-c8f3-4c9e-a427-cd698b50bdc9,IG Story,IMAGE,9.4.2026 16:48:18,,https://www.instagram.com/stories/cvutengineers/3871621739256244787,,697,,,
@hcnorthwings,facebook,2b08a479-603b-46e4-8a48-2bc0435ccd53,a46ba041-7902-4b40-a5ed-fa5e4d0c1253,FB Post,PHOTO,16.3.2026 8:50:29,"Brankář Lukáš Klika #33 💙💛 se bezprostředně po utkání proti Plzni podrobil operaci 💉 a nyní ho čeká 6 týdnů rekonvalescence 🩺
Přejeme brzké uzdravení a hodně zdraví 🫶",https://www.facebook.com/1583651910433365/posts/1568785378586685,2555,,16,,
@742626308943576,facebook,afcb2720-0a77-4413-95f4-2247bcb8a565,bbcc1ac5-39fb-4911-b90c-7c0bd6bf3def,FB Post,IMAGE,29.9.2026 6:55:48,"🚨 UŽ JEN 1 DEN!
První vlna vstupenek končí zítra 30.9. 👀
Chceš lístek nebo celý balíček? Kup ho ještě dnes.
A s účtem ČSOB přes aplikaci UniLife máš 20 % slevu na všechny vstupenky a balíčky. 👀 I na VIP‼️

🏒 4. 11. 2026 | Budvar aréna
Bitva o Budějce",https://www.facebook.com/122132173953029080/posts/122146819485029080,17,,,,