account_name,social_network_id,carl_account_id,carl_post_id,post_type,media_url_type,published,caption,permalink,impressions,views,likes,comments,shares
@vutcavaliersbrno,instagram,b384bebf-72f3-4f9d-8b2d-3677709f6966,078497aa-7057-4c3e-acca-b7f619e4aba6,IG Reel,REEL,27.3.2026 11:54:57,"Kudrnaté vlasy potřebují víc než jen vodu💧

S novým Flexi Hold Gelem od @garnier_czsk máš definici a hydrataci vyřešenou během vteřiny. Pevná fixace, co drží, ať se na ledě děje cokoliv.

Čistá hlava, čistá hra✌️",https://www.instagram.com/reel/DWYw3IQCN6v/,,3014,83,3,31
vsefalcons,instagram,709fceba-e311-48e7-9057-f54a587abf4a,42bf80a0-a5db-4598-86c3-f65fa38c9b66,IG Story,VIDEO,16.4.2026 17:43:17,KDO VYSTŘÍDÁ DNES ALENA V BRÁNĚ? 🤔,https://www.instagram.com/stories/vsefalcons/3876722685761833775,1030,904,,,1
@engineersprague,facebook,afd06d1d-7b1c-4f66-8d93-ce4255ab773c,8e7e3f11-e407-4bc1-938d-2cb749126e01,FB Post,PHOTO,12.3.2026 23:17:46,Dali jsme do toho všechno a teď koukáme dopředu! 🫡,https://www.facebook.com/1560924572517692/posts/1543726257570857,322,,3,,
vsefalcons,instagram,709fceba-e311-48e7-9057-f54a587abf4a,9b78a8b0-a09f-402f-8f4b-e599b05ed39c,IG Story,VIDEO,26.2.2026 18:25:56,#FalconsFamily ❤️‍🔥 jedna velká,https://www.instagram.com/stories/vsefalcons/3841230329654824723,1064,1707,,,8
@unitedhk,facebook,bfe6cc29-a387-41b9-9bca-b077722556af,bce2ad27-072e-4f64-89c5-c49224f292d0,FB Post,PHOTO,24.3.2026 13:21:39,"💥Za týden jdeme do PLAY-IN.
31.3. Zápas o VŠE s VŠE Falcons v Praze!

1 zápas. Žádná druhá šance.

👉 Jak to funguje?
Vyhraješ = zůstáváš ve hře o Final Four.
Prohraješ = konec sezóny.

ALL IN

#unitedhk #unihokej #hokej",https://www.facebook.com/122180651084388974/posts/122179563188388974,325,,2,,
vsefalcons,instagram,709fceba-e311-48e7-9057-f54a587abf4a,40ee2725-9c8a-42be-bbb2-5f07958327dc,IG Story,VIDEO,14.3.2026 13:51:25,MADE IT TO 👍🏼,https://www.instagram.com/stories/vsefalcons/3852688582540573035,932,1185,,,1
@hc_muni,instagram,43cd62c8-609d-4ea6-8ce9-cae5242ede0c,42afb632-decb-4a19-9c64-1b0c5e65a270,IG Post,PHOTO,25.3.2026 12:27:17,"🔥 GAME DAY IS HERE🔥
Poslední brněnské derby téhle sezóny je tady, tak si ho pojďme společně pořádně užít a udělat randál! 🐻🥁

Lístky koupíte v biu 🎟️
#hcmuni",https://www.instagram.com/p/DWTq96ECGJG/,,8053,112,,11
@united_hk,instagram,b18c071b-0570-48b2-b743-990c668c3c5b,6ec5f204-c8fb-4522-96d0-d0063a2a69eb,IG Post,IMAGE,16.4.2026 8:01:10,"Děkujeme společnosti Dahasl za podporu v sezoně 2025/26.

Dodavatel slaboproudých technologií a bezpečnostních systémů.

Díky, že stojíte za UNIted HK. 🖤🧡

#unitedhk #unihokej #hokej",https://www.instagram.com/p/DXL2CQhiG-C/,,2377,53,,1
@univerzitnihokej,facebook,01b45180-0b14-4a14-96e8-d0a4bab1fb9f,877170c6-6c8e-4fae-a7be-7f2db49de039,,IMAGE,16.4.2026 23:38:30,"První den Final Four? Ten stál za to! 😍 Připomeňte si, jak vypadaly semifinálové duely.",https://www.facebook.com/1275398168115026/posts/1287746510213525,835,,2,,
vsefalcons,instagram,709fceba-e311-48e7-9057-f54a587abf4a,bda34bda-aa4a-4da5-a9a7-11c3ec440b7c,IG Story,VIDEO,19.4.2026 11:43:47,,https://www.instagram.com/stories/vsefalcons/3878715953844356822,873,1079,,1,1
@cvutengineers,instagram,11963a07-7f0f-48e6-9d81-aa63a7ff4a04,e6d9e3bf-1a56-4ed2-82d5-b996ce3608a7,IG Story,VIDEO,8.4.2026 19:11:33,,https://www.instagram.com/stories/cvutengineers/3870969065766703907,,881,,,
@cvutengineers,instagram,11963a07-7f0f-48e6-9d81-aa63a7ff4a04,41821131-cd65-4748-bbc4-2eb3e855608d,IG Story,VIDEO,17.4.2026 19:19:22,,https://www.instagram.com/stories/cvutengineers/3877495867259535049,,1477,,,1
vsefalcons,instagram,709fceba-e311-48e7-9057-f54a587abf4a,ca1dc892-6231-4d60-bb73-248cd678e8b2,IG Story,VIDEO,26.1.2026 16:04:41,TA PLESKLA 💥 @michal.danniel,https://www.instagram.com/stories/vsefalcons/3818691170113446960,,1037,,,1
@cvutengineers,instagram,11963a07-7f0f-48e6-9d81-aa63a7ff4a04,f190d27b-a3be-4eef-96ce-845454656e1b,IG Reel,VIDEO,8.4.2026 21:54:35,My právě teď: 🥳🤩😭🥹😍😮‍💨🦁💙,https://www.instagram.com/reel/DW4u-t9DIHJ/,,12767,302,1,16
@riderspardubice,facebook,f99ed6c3-17cc-46f4-a32e-d9b0576ce2df,8f06c526-25f3-4a57-9f03-977df73ce6a5,FB Video,VIDEO,17.4.2026 14:35:27,Začíná tu být horko 😮‍💨🔥,https://www.facebook.com/reel/876442445408828/,504,155,1,,
@united_hk,instagram,b18c071b-0570-48b2-b743-990c668c3c5b,9ffee0a2-745a-4df8-9259-b8ce35459a81,IG Reel,REEL,29.3.2026 15:56:27,"Koupíš Garnier…
a zapomeneš, že první krok = mít vlasy. 😭🏒

#unitedhk #unihokej #uhk #hradeckralove",https://www.instagram.com/reel/DWeV9poiLDE/,,4928,94,,66
vsefalcons,instagram,709fceba-e311-48e7-9057-f54a587abf4a,bfb49c44-6a7a-47b0-bf4a-113c8039beca,IG Story,VIDEO,17.2.2026 19:07:05,POŠLETE KLUKŮM,https://www.instagram.com/stories/vsefalcons/3834728140807626678,632,799,,,
vsefalcons,instagram,709fceba-e311-48e7-9057-f54a587abf4a,c455330e-4777-4c41-833b-149b00b1d3f5,IG Story,VIDEO,12.3.2026 16:36:42,SROVNÁVÁ 3:3,https://www.instagram.com/stories/vsefalcons/3851322215308504364,1414,1279,,,
vsefalcons,instagram,709fceba-e311-48e7-9057-f54a587abf4a,ca1fa57e-d609-45e7-8a10-7e452d3ec673,IG Story,VIDEO,26.1.2026 18:44:06,@bulvafilip  MAJITEL KASY 🥅,https://www.instagram.com/stories/vsefalcons/3818771450308358914,,1099,,,1
vsefalcons,instagram,709fceba-e311-48e7-9057-f54a587abf4a,bdbdef9b-691c-4ea7-8cd4-625723f2feff,IG Reel,VIDEO,18.1.2026 19:35:04,"Naše academic weapons se nám svěřili s jejich nejtěžší zkoušku semestru. 🤓 Kluci, budeme držet palce! ✊🏼",https://www.instagram.com/reel/DTqfibbCAeL/,,6247,130,,13
vsefalcons,instagram,709fceba-e311-48e7-9057-f54a587abf4a,d26853ed-8bd8-4232-974b-0ca436e7b228,IG Story,VIDEO,9.3.2026 17:45:42,"Bude to zítra 
HEATED nebo RIVALRY? 🤫",https://www.instagram.com/stories/vsefalcons/3849182632110247279,,690,,,13
@akademiciplzen,instagram,65494228-95bf-4f7b-8e68-d47d7262db66,dd031fde-e994-4ea6-b29d-6ca7f701d1e4,IG Story,VIDEO,10.4.2026 12:56:32,@_adamsobotka,https://www.instagram.com/stories/akademiciplzen/3872229862568363046,,1025,,,2
@riderspardubice,instagram,4d6a67ab-9313-4f77-a82e-abb18adbca5d,fd39cd24-ca7c-4ca4-9680-c5251dd38bad,IG Reel,VIDEO,27.4.2026 10:50:27,"Tahle jízda je u konce! Děkujeme všem za neskutečnou podporu. 🐎 Tato sezóna byla naprosto unikátní – zažili jsme historicky první Final Four a Riders u toho nesměli chybět!

P.S.: Jak teď máme bez těch hezkých hokejistů jako žít? Ptám se pro kamarádku... 🙋‍♀️",https://www.instagram.com/reel/DXoeIlfDJm8/,,9269,445,1,306
@cvutengineers,instagram,11963a07-7f0f-48e6-9d81-aa63a7ff4a04,fc91c1e7-4439-4aa8-8aab-5ab40b561542,IG Story,VIDEO,4.4.2026 12:35:00,😜 😜,https://www.instagram.com/stories/cvutengineers/3867870418468400266,,1089,,,1
@riderspardubice,instagram,4d6a67ab-9313-4f77-a82e-abb18adbca5d,1e061cb7-13a3-4702-8150-08257d10e7dd,IG Post,IMAGE,16.4.2026 16:42:07,Co nesmí chybět v pardubickém kotli? 🎷,https://www.instagram.com/p/DXMxuM3jCZJ/,,4886,117,,2
@AkademiciPlzen,facebook,d87b94e3-03e8-45d0-b92e-75e9b819545c,e6f569e5-71d7-495c-ba83-5d4f843458dd,FB Post,IMAGE,27.3.2026 14:57:34,"BOJ O VŠECHNO.
Semifinále, ve kterém každá chyba rozhodne o postupu. Budeme to my, nebo @czufarmers ?

Buď u toho. Tohle bude drama. 🫵🏻
🗓️ 1. 4. | 19:00
📍 LOGSPEED CZ Aréna, Plzeň

#akademiciplzen",https://www.facebook.com/1357105236437494/posts/1353386986809319,656,,5,,
@cvutengineers,instagram,11963a07-7f0f-48e6-9d81-aa63a7ff4a04,2a582ae6-58ca-437b-9a65-41eeded60c3e,IG Post,IMAGE,16.4.2026 18:14:50,LET’S GO ENGINEERS 🔥🍀,https://www.instagram.com/p/DXM8O-_jIqD/,,2089,67,,1
univerzitnihokej,tiktok,01c88cf9-594f-408e-a45a-95114221acae,72fd3d0c-0636-41b3-ab01-e55106431d2a,TT Video,VIDEO,13.4.2026 16:50:03,Fanoušci UK Final Four volá 📞 Máte už svůj lístek? 🎟️ 🗓️ 16.-17.4. | 🏟️ Zimní stadion Eden,https://www.tiktok.com/@univerzitnihokej/video/7628287106791574806?utm_campaign=tt4d_open_api&utm_source=7348986504397455361,,530,22,,
@riderspardubice,instagram,4d6a67ab-9313-4f77-a82e-abb18adbca5d,1dd024ec-d9fe-437f-be4e-49ba74a75c0e,IG Post,IMAGE,18.3.2026 13:00:00,"A slevička by nebyla? 👀

Odkaz na vstupenky v BIU! 🎟️",https://www.instagram.com/p/DWBtT5PjM4F/,,5213,33,1,16
@boostrava,instagram,1176ddaf-d366-48a2-9639-3c6694c72c85,4c2d55cc-d6a6-412c-b853-cbb59520295d,IG Story,VIDEO,1.4.2026 18:47:22,DĚKUJEME,https://www.instagram.com/stories/boostrava/3865883502936107672,,436,,,
@unitedhk,facebook,bfe6cc29-a387-41b9-9bca-b077722556af,82a04f3b-94cd-4d3f-8f7d-6bfb99a55127,FB Post,IMAGE,19.4.2026 11:15:43,"Děkujeme společnosti Ventio za podporu v sezoně 2025/26.

Spojení tradice a inovací v oblastech projektování, ekologie, recyklace a developmentu.

Díky, že stojíte za UNIted HK. 🖤🧡",https://www.facebook.com/122180651084388974/posts/122181801038388974,237,,3,,
vsefalcons,instagram,709fceba-e311-48e7-9057-f54a587abf4a,0bd43fa5-d10b-4839-b6ae-bb32cdbe226b,IG Story,VIDEO,17.4.2026 15:08:39,,https://www.instagram.com/stories/vsefalcons/3877369273845066532,1288,1281,,,2
vsefalcons,instagram,709fceba-e311-48e7-9057-f54a587abf4a,783800be-6581-4b42-9901-e2c2311b1284,IG Reel,VIDEO,19.2.2026 18:11:05,"Kdo by podle vás vypadl jako první nebo naopak vyhrál? 🤔
Survivor themed zápas už v úterý, tak přijďte fandit! 🫨 Vstupenky sežene na profilu! 🎟️",https://www.instagram.com/reel/DU8vIAbCJs5/,,8011,114,2,36
@riderspardubice,instagram,4d6a67ab-9313-4f77-a82e-abb18adbca5d,967d032a-2975-457f-8e8b-b90075c3d67e,IG Story,IMAGE,17.4.2026 13:31:33,,https://www.instagram.com/stories/riderspardubice/3877320926488692535,,1150,,,1
vsefalcons,instagram,709fceba-e311-48e7-9057-f54a587abf4a,2e36a47c-2493-494c-aa7d-d55c3673aee5,IG Story,VIDEO,12.3.2026 17:40:07,"no není to krásný 🥹 se vrátil z erasmu, jen aby dal gól na bitvě",https://www.instagram.com/stories/vsefalcons/3851356604121743894,1697,1513,,1,3
vsefalcons,instagram,709fceba-e311-48e7-9057-f54a587abf4a,734806f1-cd0a-488f-b2c5-704c376416f0,IG Story,VIDEO,26.1.2026 16:44:35,POŠLETE KLUKŮM ŠTĚSTÍ DO PRVNÍHO LETOŠNÍHO ZÁPASU 💙 💙,https://www.instagram.com/stories/vsefalcons/3818711276851862756,,891,,,1
@united_hk,instagram,b18c071b-0570-48b2-b743-990c668c3c5b,a22e2681-ce3c-42fd-871d-482f3027b5f8,IG Reel,VIDEO,8.3.2026 18:15:08,"🏒 BAUER Gear Up Challenge
Ještě jeden návrat k momentům z Východočeského derby univerzit.

Během přestávky jsme dali fanouškům výzvu – BAUER Gear Up Challenge.

Úkol byl jasný: 45 vteřin. A obléknout si co nejvíc hokejové výstroje. Helma, chrániče, rukavice…

Kdo to zvládl nejrychleji? Podívej se ve videu.

Díky partnerovi BAUER za skvělý moment derby.

🖤🧡❤️

#unitedhk #unihokej #hokej",https://www.instagram.com/reel/DVohP-1CKBZ/,,3047,43,,
@cvutengineers,instagram,11963a07-7f0f-48e6-9d81-aa63a7ff4a04,5455f048-bbd5-460a-9a28-59e8e3aa854f,IG Post,IMAGE,1.4.2026 10:20:35,"Pojďme si shrnout, jak jsme na tom byli v základní části ⬆️.

Kdo bude náš soupeř pro play-in? To zjistíme už dnes večer! 🔍 Napiš nám do komentářů, koho tipuješ, a vletíme na to společně už 8. 4.! 🦁🔥

#engprg",https://www.instagram.com/p/DWleIjejEc5/,,4838,176,2,18
@univerzitnihokej,facebook,01b45180-0b14-4a14-96e8-d0a4bab1fb9f,8c48cd32-157f-4248-b429-6af633359f10,FB Post,PHOTO,31.3.2026 11:11:26,Oficiálně vypínáme základní část a zapínáme PLAY-IN MODE 😤,https://www.facebook.com/1275398168115026/posts/1274788088176034,1320,,3,,
@univerzitnihokej,facebook,01b45180-0b14-4a14-96e8-d0a4bab1fb9f,b9d42f2b-5b78-4c68-8109-c8c9d1c0307a,FB Post,IMAGE,4.3.2026 21:31:56,"Největší hlad na ledě dnes měl @_rihastepan_ 👀🔥

Odměna za výkon?
ZOTT HUNGRY pro dnešního nejhladovějšího hráče. 🥛 #zott #zotthungry #zotthungrydrinkthis",https://www.facebook.com/1275398168115026/posts/1253922393595937,507,,2,,
vsefalcons,instagram,709fceba-e311-48e7-9057-f54a587abf4a,cb93c3d7-97b2-448c-bb00-502c9811b22a,IG Story,VIDEO,14.3.2026 17:05:55,@patrik_nabelek  sebral spotlight @mila_prehled_22 🧑‍🧒‍🧒,https://www.instagram.com/stories/vsefalcons/3852786479240102978,1045,1060,,,2
vsefalcons,instagram,709fceba-e311-48e7-9057-f54a587abf4a,411b8110-0834-4210-8d8e-a38edbfb5fa4,IG Story,VIDEO,8.4.2026 15:16:00,📍 ☀️ JSME NA MÍSTĚ,https://www.instagram.com/stories/vsefalcons/3870850537100996688,1043,1123,,,4
@riderspardubice,facebook,f99ed6c3-17cc-46f4-a32e-d9b0576ce2df,44aea99d-ebd3-4b69-be9b-d54582395054,FB Post,IMAGE,12.4.2026 13:55:35,Tohle je crazyyy! Všichni jdeme nabíhejme vyprodat vstupenky na @unihokejfinalfour! 🤯🤯,https://www.facebook.com/1592662819534019/posts/1602747611858873,3734,,54,,
vsefalcons,instagram,709fceba-e311-48e7-9057-f54a587abf4a,5b3f2163-30c6-4f01-983d-c001787e6b7d,IG Story,VIDEO,17.2.2026 17:10:54,"OKOUKNOUT TAKTIKU
PŘED ZÁPASEM @ceskyhokej 👀",https://www.instagram.com/stories/vsefalcons/3834669598901803156,69143,75548,,,2
@univerzitnihokej,instagram,1e114592-3529-4cfe-9977-2598454053af,a077c161-e0d0-413d-8367-1d7298982044,IG Story,VIDEO,8.4.2026 17:06:21,,https://www.instagram.com/stories/univerzitnihokej/3870906059393076355,,957,,,
@riderspardubice,instagram,4d6a67ab-9313-4f77-a82e-abb18adbca5d,a9f74985-18ab-450e-bfdb-546da035f9b0,IG Post,IMAGE,12.4.2026 15:49:09,JSME VE @unihokejfinalfour !!!!!,https://www.instagram.com/p/DXCYbnXjLGf/,,3226,112,,11
@hc_muni,instagram,43cd62c8-609d-4ea6-8ce9-cae5242ede0c,eec6d92b-403b-42c0-84a6-5e635a278e6f,IG Reel,VIDEO,13.4.2026 14:22:42,"Sezóna 2025/26 už je sice pryč🏒 tyhle momenty si ale budeme všichni pamatovat ještě hodně dlouho 🐻💙

#hcmuni",https://www.instagram.com/reel/DXEzTz6jM7q/,,3234,88,,13
@218107044725785,facebook,7a942e3e-6c47-4794-9ba7-bbc7b6d40cb3,bd249c7a-d9ad-4cee-9620-e883572eccfb,FB Video,VIDEO,23.6.2026 8:00:23,"Taky vám už chybí hokej a naši kluci? 🥹🔥

#vsefalcons #icehockey #hockeyboys",https://www.facebook.com/reel/1373545411498259/,403,89,3,,
vsefalcons,instagram,709fceba-e311-48e7-9057-f54a587abf4a,ff915d63-1ff6-4a39-ba5d-cf9e82ef5f01,IG Reel,VIDEO,11.4.2026 14:42:25,"Kluci už se fešákujou, aby jim to ve čtvrtek na @unihokejfinalfour slušelo 😮‍💨 a kdo jinej by jim v tom měl pomoci než @garnier_czsk 💅💚

Vstupenky koupíš na finalfour.cz",https://www.instagram.com/reel/DW_rXReiCDZ/,,9619,289,3,80
@218107044725785,facebook,7a942e3e-6c47-4794-9ba7-bbc7b6d40cb3,356eecc1-1883-4d1b-9262-f8a8b76ea108,FB Video,VIDEO,10.3.2026 6:53:53,Dneska bude na Kateřinkách horko! 🤭,https://www.facebook.com/reel/1654373585581509/,185,63,5,,
@218107044725785,facebook,7a942e3e-6c47-4794-9ba7-bbc7b6d40cb3,f618593c-a6fa-4804-9f4b-a7dc91a257b9,FB Video,VIDEO,24.4.2026 10:00:48,"WINGS FOR LIFE je už za rohem! 🏃🏽

Kdo neví o co jde, tak je to běh, kde vás “honí” auto a vy musíte uběhnout co nejvíc kilometrů než vás dožene 🥵 A to hlavní! Veškerý výtěžek jde na podporu poranění míchy 🙌🏼 Takže během podpoříte dobrou věc 💙

Tak nenechte Strnyho vysedět důlek, zaregistrujte se, připojte se do našeho týmu “VŠE Falcons Prague” a vidíme se 10.5. ve Stromovce 👋🏼

#vsefalcons #wingsforlife",https://www.facebook.com/reel/2038881760319252/,482,192,4,,
vsefalcons,instagram,709fceba-e311-48e7-9057-f54a587abf4a,f90b55df-2ced-4341-b857-d56fa067c953,IG Story,VIDEO,3.2.2026 20:11:49,😮‍💨 OTO DNES HATTRICK?,https://www.instagram.com/stories/vsefalcons/3824613791904620811,,1122,,,2
@riderspardubice,instagram,4d6a67ab-9313-4f77-a82e-abb18adbca5d,28770c0c-9d11-4900-bd7f-2731ae7f0b03,IG Story,VIDEO,2.4.2026 12:30:00,,https://www.instagram.com/stories/riderspardubice/3866418305267727795,,538,,,
vsefalcons,instagram,709fceba-e311-48e7-9057-f54a587abf4a,6067ab7a-5ae0-465b-9ce3-de0719f2c97e,IG Post,IMAGE,1.1.2026 10:08:45,Díky že jste s námi byli v uplynulém roce a přejeme krásný vstup do toho nového ✨ vidíme se brzy!,https://www.instagram.com/p/DS9tPJQCI-o/,,2880,84,,
@riderspardubice,instagram,4d6a67ab-9313-4f77-a82e-abb18adbca5d,673254a8-e974-4590-8384-db09f30b9999,IG Story,VIDEO,12.4.2026 10:49:01,LUCKY LOSER  ROZBRUSLENÍ 🍀 👎🏼,https://www.instagram.com/stories/riderspardubice/3873615270590047185,,2678,,,1
@bitvaoprahu,facebook,75e0f41f-82be-4f82-a77b-82ac11135ed2,e759b5c6-2cb0-4402-979d-af3ef6e22ca0,FB Video,VIDEO,12.3.2026 21:52:53,"URAGÁN JMÉNEM UK! 🤯🔥

Poslední dějství finálové bitvy živě na @sport_ct ➕.

@ukkingsprague ⚔️ @cvutengineers o 🥇! #bitvaoprahu",https://www.facebook.com/reel/969725712373468/,130,28,,,
vsefalcons,instagram,709fceba-e311-48e7-9057-f54a587abf4a,1498919b-eb6b-494c-a49b-b8c4988ddd8b,IG Story,IMAGE,16.4.2026 20:51:40,,https://www.instagram.com/stories/vsefalcons/3876817690128059871,1135,540,,,2
univerzitnihokej,tiktok,01c88cf9-594f-408e-a45a-95114221acae,b139efb4-ee35-4724-8ec8-f4b49c15604d,TT Video,VIDEO,17.4.2026 14:57:14,Tenhle nástup do zápasu se úplně nepovedl. 😅🕺,https://www.tiktok.com/@univerzitnihokej/video/7629742375371296022?utm_campaign=tt4d_open_api&utm_source=7348986504397455361,,23727,1158,3,174
vsefalcons,instagram,709fceba-e311-48e7-9057-f54a587abf4a,728483d5-0ed8-41c1-8c53-6669bc9ef9e8,IG Story,VIDEO,8.4.2026 12:55:19,VZHŮRU DO ⚔️,https://www.instagram.com/stories/vsefalcons/3870779724205152987,1129,1420,,,12
@univerzitnihokej,instagram,1e114592-3529-4cfe-9977-2598454053af,6b7a04f9-dde0-4168-93ed-2ecc61eb5430,IG Post,IMAGE,5.4.2026 12:46:23,"UNIted tento týden uzavřeli svou sezónu v semifinále play-in, když jejich cestu do Final Four ukončilo prodloužení proti Falcons.

Respekt za tuhle jízdu a za všechno, co jste letos nechali na ledě 🧡",https://www.instagram.com/p/DWwCABEiFNw/,,12656,357,1,10
@akademiciplzen,instagram,65494228-95bf-4f7b-8e68-d47d7262db66,a54a6a2d-7720-41de-98b7-8c44a9e5d2ed,IG Story,VIDEO,1.4.2026 12:44:24,,https://www.instagram.com/stories/akademiciplzen/3865700782058524323,,1650,,,2
vsefalcons,instagram,709fceba-e311-48e7-9057-f54a587abf4a,89ddf88b-7eb0-469b-90cb-ab8679d1a80b,IG Story,VIDEO,24.2.2026 18:37:09,Kočka  a myš 😼,https://www.instagram.com/stories/vsefalcons/3839787335131128962,730,875,,,
@univerzitnihokej,facebook,01b45180-0b14-4a14-96e8-d0a4bab1fb9f,89e86f2d-d545-477b-9c31-afb84fb0b8f2,FB Post,IMAGE,9.3.2026 15:40:07,"Minulou sezonu si výherkyně odnesla šek na čtvrt milionu od ČSOB 💙 Letos hrajeme o 1️⃣0️⃣0️⃣ 0️⃣0️⃣0️⃣ Kč. Kdo je získá tentokrát? 👀

🔗 Založ si účet u ČSOB přes odkaz v našem biu a možná to budeš právě ty. 🫵🏻",https://www.facebook.com/1275398168115026/posts/1257384276583082,667,,,,
univerzitnihokej,tiktok,01c88cf9-594f-408e-a45a-95114221acae,926e49b5-2a8f-42de-81be-b5104625f9f2,TT Video,VIDEO,16.4.2026 15:58:54,"GÓL, který přepsal dějiny! ✍️ Sleduj první trefu @UK KINGS PRAGUE FINAL4 ULLH 👀",https://www.tiktok.com/@univerzitnihokej/video/7629387186881711382?utm_campaign=tt4d_open_api&utm_source=7348986504397455361,,2380,93,1,7
@boostrava,instagram,1176ddaf-d366-48a2-9639-3c6694c72c85,a0ea7962-de0d-4053-8c7e-b0a560595a4e,IG Story,VIDEO,31.3.2026 18:28:20,,https://www.instagram.com/stories/boostrava/3865149113742679427,,639,,,
vsefalcons,instagram,709fceba-e311-48e7-9057-f54a587abf4a,1d5ae1f6-8b48-4742-aba5-31c79da04390,IG Story,VIDEO,12.3.2026 15:21:03,MERCH? MÁME! k dostání ve fanzóně 👕 🧢,https://www.instagram.com/stories/vsefalcons/3851284630049701070,1516,1355,,,1
@BOhokej,facebook,c9082543-a03b-490f-8f97-66d439acce89,8747a0ec-b063-49be-92f2-12e08c999c4a,FB Video,VIDEO,20.3.2026 20:43:42,"Je to tady! 🔥

Sezona se blíží ke svému konci a nás tak čeká poslední domácí utkání základní části! 

Nenechte si to ujít a doražte do RT TORAX ARENY! 🏒

#hockey #lastdance #boostrava",https://www.facebook.com/reel/2407389409726406/,310,107,,,
@riderspardubice,instagram,4d6a67ab-9313-4f77-a82e-abb18adbca5d,bcd641f6-2657-4e5d-b168-e173fb018a42,IG Post,PHOTO,31.3.2026 10:01:01,"Dnes důležitý zápas v Ostravě- PLAY-IN!👊🏻🔥

Play-in
🗓️ 31.3. v 19:30
📍 v RT Torax Arena 
⚔️ proti @boostrava 

#playin#riders",https://www.instagram.com/p/DWi25-ZDJ-Q/,,2969,40,,2
vsefalcons,instagram,709fceba-e311-48e7-9057-f54a587abf4a,156a77da-2958-4abf-8b52-d80b9e93b675,IG Story,IMAGE,14.3.2026 17:25:04,2 3 Jobánek,https://www.instagram.com/stories/vsefalcons/3852796084313698624,751,677,,,
vsefalcons,instagram,709fceba-e311-48e7-9057-f54a587abf4a,5b1c2184-c306-4ff5-b517-d3d3923a0332,IG Story,VIDEO,8.2.2026 17:44:36,jdeme do vedení,https://www.instagram.com/stories/vsefalcons/3828163575152152944,,965,,,1
@riderspardubice,instagram,4d6a67ab-9313-4f77-a82e-abb18adbca5d,e1215bbf-2633-43eb-8bf1-d56629cc915a,IG Story,IMAGE,8.4.2026 17:04:32,,https://www.instagram.com/stories/riderspardubice/3870905139859302046,,792,,,2
vsefalcons,instagram,709fceba-e311-48e7-9057-f54a587abf4a,45a794a0-2daf-417d-8a4f-190eaa8e5455,IG Reel,REEL,14.3.2026 10:16:14,Třetí zápas v jednom týdnu a dnes se vyrazíme po D1 do Brna 👋🏻,https://www.instagram.com/reel/DV3HQ_JiClI/,,5279,147,,15
vsefalcons,instagram,709fceba-e311-48e7-9057-f54a587abf4a,5baa3878-45ce-4daa-a4de-4dd62ef9a081,IG Story,VIDEO,11.2.2026 20:44:00,ŽE PUB KVÍZ SE BLÍŽÍ A VOLNÁ MÍSTA UBÝVAJÍ 🫣,https://www.instagram.com/stories/vsefalcons/3830428163096754691,735,735,,,4
@VUTCavaliersBrno,facebook,3351b43e-4b71-442b-b2f1-920cd6e57ee5,8d98cbeb-b8eb-47e4-a19c-7b1a13fc4722,FB Video,VIDEO,25.3.2026 21:21:43,"Děkujeme za podporu v průběhu celé základní části❤️ Tím to ale nekončí, příští týden hrajeme první zápas play-in proti @blackdogsbudweis_vste 🏒",https://www.facebook.com/reel/934068499262505/,583,184,2,,
@riderspardubice,instagram,4d6a67ab-9313-4f77-a82e-abb18adbca5d,8e6dded5-6739-4932-9bf7-c1b9ddc1800d,IG Post,IMAGE,19.3.2026 8:45:07,"Je derby! 🔥

Přijď na poslední domácí zapas semestru opět zažít tradiční rivalitu mezi dvěma sousedícími městy - Pardubice a Hradec Králové! 

Vstupenky koupíš přes odkaz v BIU 👀",https://www.instagram.com/p/DWD0jV9jCEz/,,13943,110,,47
@univerzitnihokej,instagram,1e114592-3529-4cfe-9977-2598454053af,d3bd6cf5-1b86-466e-ac75-97763acf1378,IG Post,IMAGE,2.3.2026 9:30:34,"@ukkingsprague mají ve vedoucí pozici výrazný bodový náskok, ale hned za nimi to vypadá ještě na pořádný boj o umístění 🔥 máme se na co těšit! 🙂‍↕️",https://www.instagram.com/p/DVYIj-IiGKZ/,,13906,266,,30
@bitvaoprahu,instagram,d7c8aa06-74fb-4c6c-a7d2-c2fe1bf6d59c,73437f3b-c293-42ab-a892-2a0e89128154,IG Post,IMAGE,12.3.2026 17:19:42,"Když ten hokej prostě baví. 🥹

@czufarmers ⚔️ @vsefalcons 3️⃣:3️⃣ | #bitvaoprahu",https://www.instagram.com/p/DVyuM3MDFMx/,,21752,506,,20
@akademiciplzen,instagram,65494228-95bf-4f7b-8e68-d47d7262db66,c3ae8362-c678-4f1a-bd53-59b4e3c0df7f,IG Reel,VIDEO,9.3.2026 18:17:25,"Generální manažer a trenér @beerik09 v rozhovoru pro @sport_ct o tom, jak se @univerzitnihokej za poslední roky posunul. 🚀🚀🚀

#akademiciplzen",https://www.instagram.com/reel/DVrGA-iDKUl/,,12752,308,5,8
vsefalcons,instagram,709fceba-e311-48e7-9057-f54a587abf4a,f55d4281-9bfa-4d9c-bbe7-a4295a33089b,IG Post,ALBUM,11.3.2026 18:43:30,"HOT NEWS 🔥

Už bylo trochu na čase obměnit naši Falcons collection, so here we go 🙂‍↕️

🌸 Holčičí crewneck s nápisem, se kterým souzní snad každá slečna 
🤘🏼Unisex crewneck, kterej bude slušet úplně všem 
🧢 Kšiltovka, která outfit posune ještě o level vejš 

Tohle všechno bude k dostání už zítra na bitvě v naší fanzóně a už brzy i na našem e-shopu 🛍️

Co na merch říkáte? 🤩",https://www.instagram.com/p/DVwS_vLCDNH/,,23705,350,11,215
vsefalcons,instagram,709fceba-e311-48e7-9057-f54a587abf4a,485765b4-331e-40a8-9146-98e12b05140a,IG Reel,REEL,12.3.2026 17:23:24,KSN 🤩,https://www.instagram.com/reel/DVytejBCPnk/,,6472,233,3,12
@akademiciplzen,instagram,65494228-95bf-4f7b-8e68-d47d7262db66,8c87af2f-1547-480e-9d44-1e5302c4a405,IG Story,VIDEO,1.4.2026 18:47:54,,https://www.instagram.com/stories/akademiciplzen/3865883744142138345,,1123,,,12
@bitvaoprahu,instagram,d7c8aa06-74fb-4c6c-a7d2-c2fe1bf6d59c,e9b5d670-bebb-4e7c-a2c7-fa0e1177ba06,IG Reel,REEL,25.3.2026 18:41:08,"Hokejem u nás večer nikdy nekončí 🙂‍↔️ jestli máš vzpomínky v mlze, je čas si tuhle party připomenout 🪩",https://www.instagram.com/reel/DWUUI3Rjpy4/,,11987,341,1,99
vsefalcons,instagram,709fceba-e311-48e7-9057-f54a587abf4a,4344f4fe-4ee4-4efc-8f2a-5637e90f5e8c,IG Reel,REEL,16.3.2026 18:18:36,"Tipovačka s Tipsportem 🔥

Jakého favorita v Extralize máš ty? ✒️⤵️",https://www.instagram.com/reel/DV9HwUSCFmk/,,13908,283,12,38
@united_hk,tiktok,7e062517-b9da-416d-b73d-a2c5899a2be6,d52d238c-09ac-4a1a-a0b2-9c592746ff04,TT Video,VIDEO,8.3.2026 10:09:27,🧅 Kaufland Cutting Challenge Vracíme se ještě k momentům z Východočeského derby univerzit. Derby není jen o hokeji. Během přestávky jsme si dali rychlou výzvu – Kaufland Cutting Challenge. Úkol byl jednoduchý: 45 vteřin. Hokejové rukavice. A co nejvíc najemno nakrájet cibuli. Jak to dopadlo? Podívej se ve videu. Díky partnerovi Kaufland za další zábavný moment derby. 🖤🧡❤️ #unitedhk #unihokej #hokej,https://www.tiktok.com/@united_hk/video/7614824806646566166?utm_campaign=tt4d_open_api&utm_source=7348986504397455361,,1040,24,,
@riderspardubice,instagram,4d6a67ab-9313-4f77-a82e-abb18adbca5d,bbbacb5d-b449-4238-8579-852aa49087b4,IG Story,VIDEO,12.4.2026 18:03:18,,https://www.instagram.com/stories/riderspardubice/3873833822349723957,,870,,,6
@univerzitnihokej,instagram,1e114592-3529-4cfe-9977-2598454053af,d68c5bf9-1d77-410a-b158-ae899ee31d7d,IG Story,VIDEO,12.4.2026 17:08:15,"To budeš zítra ty s ušetřenými kačkama, když koupíš lístky v první vlně 👀",https://www.instagram.com/stories/univerzitnihokej/3873806129054648180,,842,,,1
@riderspardubice,facebook,f99ed6c3-17cc-46f4-a32e-d9b0576ce2df,45420f3f-80a3-42bc-a9d4-0f06734f1559,FB Video,VIDEO,12.4.2026 15:05:35,@unihokejfinalfour těšíme se😎,https://www.facebook.com/reel/2086877262171188/,323,118,2,,
@cvutengineers,instagram,11963a07-7f0f-48e6-9d81-aa63a7ff4a04,7f5a90ad-6dd4-4f9c-b22a-f42457971c4c,IG Post,IMAGE,13.3.2026 13:42:49,"Bitvu jsme prohráli, ale válka je ještě před náma 🫡

Sezona se blíží do finále a my jdeme dokončit co jsme začali! 

#engprg #srdcelva

📸: @ondra_mann",https://www.instagram.com/p/DV06LI9DB9p/,,12842,502,,25
@hc_muni,instagram,43cd62c8-609d-4ea6-8ce9-cae5242ede0c,04d64fc3-ff2f-47b9-9b89-eadc32c80afd,IG Reel,VIDEO,16.3.2026 11:52:57,"KDYŽ TO VEZMEŠ DO VLASTNÍCH RUKOU! 🤯🔥
@_novas_44_ v sobotním zápase naprosto ovládl led a vstřelil HATTRICK🚨🚨🚨

#hcmuni",https://www.instagram.com/reel/DV8b8DcjOF7/,,8910,254,4,13
@engineersprague,facebook,afd06d1d-7b1c-4f66-8d93-ce4255ab773c,b4524416-4352-45cc-ac28-bb1da871fac9,FB Story,VIDEO,12.3.2026 18:47:29,,,,,,,
vsefalcons,instagram,709fceba-e311-48e7-9057-f54a587abf4a,008f6f53-a7e6-4eeb-93fc-b56eb01414a0,IG Story,VIDEO,9.2.2026 14:30:53,,https://www.instagram.com/stories/vsefalcons/3828791002656186366,,928,,,1
vsefalcons,instagram,709fceba-e311-48e7-9057-f54a587abf4a,efd59f98-e1e0-45c1-a4c8-c8efad485874,IG Story,VIDEO,16.4.2026 20:10:38,TEĎ POTŘEBUJEME VEŠKEROU VAŠI PODPORU,https://www.instagram.com/stories/vsefalcons/3876796864452410757,1080,661,,,
vsefalcons,instagram,709fceba-e311-48e7-9057-f54a587abf4a,4ee6a605-d928-4696-b920-0be9b4d518d3,IG Story,VIDEO,2.1.2026 21:30:51,@mcpraha3 🤝🏼 @vsefalcons,https://www.instagram.com/stories/vsefalcons/3801460708018268615,,967,,,
@hc_muni,instagram,43cd62c8-609d-4ea6-8ce9-cae5242ede0c,e7070c4b-3168-49b1-81f8-237d483a99a1,IG Story,VIDEO,3.4.2026 16:44:36,,https://www.instagram.com/stories/hc_muni/3867271300645655733,,614,,,1
@riderspardubice,instagram,4d6a67ab-9313-4f77-a82e-abb18adbca5d,aca35efc-3d29-4237-bdba-6357145b9e51,IG Story,VIDEO,17.4.2026 14:36:17,1. TŘETINA ZAPOČATA 👊🏻 0:0,https://www.instagram.com/stories/riderspardubice/3877353322017726622,,965,,,
@cvutengineers,instagram,11963a07-7f0f-48e6-9d81-aa63a7ff4a04,41e591b1-c894-42c5-9bf8-07a6a3907f77,IG Post,IMAGE,4.3.2026 8:33:50,"🚨 GAMEDAY | Dnes hrajeme doma!
V tradičních 20:00 vyzvedneme na našem ledě @united_hk 🔥. Jak tento duel dopadne? Přijď se podívat na Hvězdu a pořádně nám zafandit! Těšíme se 👋🏻. 

#engprg",https://www.instagram.com/p/DVdLZ0MDEBd/,,4828,65,,10
vsefalcons,instagram,709fceba-e311-48e7-9057-f54a587abf4a,0a0056b1-7204-4088-b1fc-5f763c8b451f,IG Story,VIDEO,13.5.2026 7:14:11,JE TU NOVÝ VŠEBOREC!!! PRO VŠECHNY STUDENTY VŠE JE DNES NEJLEPŠÍ DEN SEMESTRU 📚 🤓,https://www.instagram.com/stories/vsefalcons/3895975013341745091,898,301,,1,
@cvutengineers,instagram,11963a07-7f0f-48e6-9d81-aa63a7ff4a04,61c05623-bb7e-49ef-854e-66281a569aaa,IG Story,VIDEO,8.4.2026 18:07:28,STŘÍPKY 1. TŘETINY,https://www.instagram.com/stories/cvutengineers/3870936819269651447,,911,,,
vsefalcons,instagram,709fceba-e311-48e7-9057-f54a587abf4a,e1be1b8a-8911-4573-bd18-66efc52070f2,IG Post,IMAGE,31.12.2025 10:30:56,"Za každým zápasem, každou akcí a každým naším krokem stojí lidé a značky, kteří v nás věří.

Děkujeme všem partnerům, že jsou s námi na stejné cestě a pomáhají nám posouvat projekt dál, nejen v roce 2025.
Bez vás by to nešlo. Opravdu. 🦅

#jsmevtomspolu",https://www.instagram.com/p/DS7K-yfiBAs/,,6706,59,,5
@univerzitnihokej,facebook,01b45180-0b14-4a14-96e8-d0a4bab1fb9f,d19593b3-8c95-4d8f-8ec7-df00e16d88fa,FB Post,IMAGE,22.3.2026 17:55:39,"V předposledním týdnu základní části překvapili Riders v Ostravě, BOčko naopak sebralo bod druhým Engineers po prodloužení. 🫨 UNIted, Black Dogs i Akademici přestříleli soupeře z nižších pozic a berou 3 body. 🙏🏼",https://www.facebook.com/1275398168115026/posts/1267724078882435,990,,,,
@univerzitnihokej,facebook,01b45180-0b14-4a14-96e8-d0a4bab1fb9f,0866581c-c448-4f59-bc0a-bd768a07331b,FB Post,IMAGE,9.3.2026 9:03:25,"Moravské derby, finále Bitvy o Prahu a mnoho dalšího! Na co se tento týden těšíte nejvíc? 🤓",https://www.facebook.com/1275398168115026/posts/1257172219937621,548,,1,,
@riderspardubice,instagram,4d6a67ab-9313-4f77-a82e-abb18adbca5d,e5c403f5-9a43-4f46-9817-dcf7eb42dd44,IG Story,VIDEO,31.3.2026 21:31:58,,https://www.instagram.com/stories/riderspardubice/3865241533553636732,,417,,,
@united_hk,tiktok,7e062517-b9da-416d-b73d-a2c5899a2be6,1f488c03-b6c6-4a83-bffc-04c3194e7d5f,TT Video,VIDEO,8.3.2026 18:19:24,"🏒 BAUER Gear Up Challenge Ještě jeden návrat k momentům z Východočeského derby univerzit. Během přestávky jsme dali fanouškům výzvu – BAUER Gear Up Challenge. Úkol byl jasný: 45 vteřin. A obléknout si co nejvíc hokejové výstroje. Helma, chrániče, rukavice… Kdo to zvládl nejrychleji? Podívej se ve videu. Díky partnerovi BAUER za skvělý moment derby. 🖤🧡❤️ #unitedhk #unihokej #hokej",https://www.tiktok.com/@united_hk/video/7614951072406261014?utm_campaign=tt4d_open_api&utm_source=7348986504397455361,,1057,27,,
vsefalcons,instagram,709fceba-e311-48e7-9057-f54a587abf4a,62097748-4eaa-4027-bef1-735912804a5d,IG Story,VIDEO,8.1.2026 14:42:04,AŽ SI BUDETE CHTÍT DÁT PAUZU OD UČENÍ 🇨🇦 🤓,https://www.instagram.com/stories/vsefalcons/3805603621618889402,,1171,,,1
@cvutengineers,instagram,11963a07-7f0f-48e6-9d81-aa63a7ff4a04,8aad5eab-3920-4048-b88e-2121353cf82c,IG Story,VIDEO,17.4.2026 18:01:37,ZLOMENÁÁÁÁ 🏒 🥲,https://www.instagram.com/stories/cvutengineers/3877456601670270669,,1406,,,2
@engineersprague,facebook,afd06d1d-7b1c-4f66-8d93-ce4255ab773c,9694e5d4-de95-401e-8c1f-23c0c25ed8b5,FB Story,VIDEO,2.3.2026 20:12:53,,,,,,,
@univerzitnihokej,instagram,1e114592-3529-4cfe-9977-2598454053af,d1fb7151-0f90-4e6b-8b72-77a5bc670566,IG Story,VIDEO,9.4.2026 15:59:36,🎟️,https://www.instagram.com/stories/univerzitnihokej/3871597235460907124,,874,,,
@riderspardubice,instagram,4d6a67ab-9313-4f77-a82e-abb18adbca5d,4312d69c-89d0-4830-be8d-1a62a3070e3b,IG Story,VIDEO,1.4.2026 13:31:09,Děkujeme za podporu!,https://www.instagram.com/stories/riderspardubice/3865724309562220349,,640,,,
@united_hk,instagram,b18c071b-0570-48b2-b743-990c668c3c5b,85d95b77-eac7-445c-856a-de6312f3d6c1,IG Story,IMAGE,29.4.2026 19:00:43,,https://www.instagram.com/stories/united_hk/3886183914901350760,,414,,,
@hcnorthwings,facebook,2b08a479-603b-46e4-8a48-2bc0435ccd53,97fc230b-9529-4676-946a-7d4ff3408b87,FB Story,VIDEO,18.3.2026 16:34:14,,,,,,,
@akademiciplzen,instagram,65494228-95bf-4f7b-8e68-d47d7262db66,78a10236-addb-4edb-b1a0-79d3f3b00354,IG Post,IMAGE,6.3.2026 19:48:07,"Jarní bitva už je minulostí! 💥 

Slavnostní buly nám vhodil maskot Olympiády dětí a mládeže, která se uskuteční 24.-28. 1. 2027 u nás v Plzeňském kraji! 🏆

#akademiciplzen 💙 | 📸 @vpotocesevodatoci @novotny_studio.cz",https://www.instagram.com/p/DVjiamNjNgW/,,9154,184,,4
@bitvaoprahu,facebook,75e0f41f-82be-4f82-a77b-82ac11135ed2,b354d0f5-0883-4dfe-8ab8-3ead6d7483af,FB Post,IMAGE,10.3.2026 13:57:54,"Kdo už se taky nemůže dočkat, ruku do komentářů! 🖐🏼
Nenech si to ujít ❤️ lístky na bitvaoprahu.cz",https://www.facebook.com/1441262177797849/posts/1418640410060026,213,,,,
@cvutengineers,instagram,11963a07-7f0f-48e6-9d81-aa63a7ff4a04,7f01104a-bf81-4592-9dcb-2622ab45c735,IG Story,IMAGE,17.4.2026 21:56:49,1 4,https://www.instagram.com/stories/cvutengineers/3877575232492187430,,964,,,2
@akademiciplzen,instagram,65494228-95bf-4f7b-8e68-d47d7262db66,e08b1de2-af95-488f-9d53-64deeecb0440,IG Story,VIDEO,2.4.2026 9:34:24,,https://www.instagram.com/stories/akademiciplzen/3866329927935360274,,1707,,,1
@univerzitnihokej,instagram,1e114592-3529-4cfe-9977-2598454053af,a2323d03-95e7-47db-90a0-51ec4dc5b985,IG Post,IMAGE,3.3.2026 16:47:01,"Základní část končí za 22 dní. ⏳ Body se ještě sbírají, tabulka se může zamotat… ale program Final Four už je jasný. ☝🏻🔥

16. 4. – semifinálový den (2 zápasy)
17. 4. – utkání o bronz & finále 🏆

Dva dny. Čtyři týmy. Jeden titul. 
Vstupenky na finalfour.cz 🎟️",https://www.instagram.com/p/DVbfTfjCHOB/,,8308,136,,35
vsefalcons,instagram,709fceba-e311-48e7-9057-f54a587abf4a,40711d91-fb48-4c3a-99c2-f7474cc3783e,IG Story,VIDEO,25.5.2026 13:19:09,"děkujeme
@vsecz & @ctvsvse 
za prostory 🙏🏼 MY UŽ V TICHOSTI ZVEDÁME
V NAŠÍ ŠKOLNÍ POSILOVNĚ 🏋️‍♂️ 💪🏼",https://www.instagram.com/stories/vsefalcons/3904855899562862087,,3689,,,10
@hcnorthwings,facebook,2b08a479-603b-46e4-8a48-2bc0435ccd53,dbaf30dc-bcae-458f-aefd-c5d3f993f9d5,FB Story,IMAGE,11.3.2026 19:57:09,,,,,,,
@boostrava,instagram,1176ddaf-d366-48a2-9639-3c6694c72c85,f6604887-b06f-425b-9bd1-d2c4e17aacad,IG Reel,VIDEO,18.4.2026 10:52:43,HISTORICKY PRVNÍ FINAL FOUR🔥,https://www.instagram.com/reel/DXRTQeOjJQl/,,2685,70,1,1
@univerzitnihokej,instagram,1e114592-3529-4cfe-9977-2598454053af,013fd2e9-76c8-4bc3-a5ff-165c5e1c32ca,IG Post,IMAGE,13.4.2026 12:12:59,"V Budějovicích se rozdávaly vstupenky… 👀
A rovnou dvě na @unihokejfinalfour 🎟️ Odvezly si je @vsefalcons a @riderspardubice 🚨",https://www.instagram.com/p/DXEkiY4CLtw/,,19660,490,2,129
vsefalcons,instagram,709fceba-e311-48e7-9057-f54a587abf4a,3b5c59c5-0f5e-47b7-b891-6d5e1735fc5d,IG Reel,VIDEO,28.1.2026 17:23:56,"Střídačka není to stejný jako stavba. 👷🏽 … nebo jo? Některé hlášky totiž můžeš použít na obou místech. 🦺🏒

Mostecká game už v úterý 3.2., těšíme se na vás! 🫶🏻",https://www.instagram.com/reel/DUEAeXRiO2f/,,6461,108,2,29
@univerzitnihokej,facebook,01b45180-0b14-4a14-96e8-d0a4bab1fb9f,7a3d42db-d862-4a6b-8763-41b5e146d115,FB Post,IMAGE,13.4.2026 8:54:21,"Program na čtvrtek? Máme! 😤

Kings budou v prvním semifinále bojovat proti Riders, později se pak proti sobě postaví pražské celky Engineers a Falcons 🤜🏼🤛🏼",https://www.facebook.com/1275398168115026/posts/1284830077171835,942,,6,,
@cvutengineers,instagram,11963a07-7f0f-48e6-9d81-aa63a7ff4a04,9b43dc83-726c-45b9-b825-350234b4b176,IG Story,VIDEO,6.4.2026 16:03:26,,https://www.instagram.com/stories/cvutengineers/3869424837353822948,,1089,,,4
vsefalcons,instagram,709fceba-e311-48e7-9057-f54a587abf4a,a10069fd-b06c-4f31-a51a-058d3aec9ccf,IG Story,VIDEO,17.3.2026 15:56:11,HAPPY ST. PATRICK’S DAY,https://www.instagram.com/stories/vsefalcons/3854925780119738901,1038,1013,,,1
@united_hk,instagram,b18c071b-0570-48b2-b743-990c668c3c5b,b04f0395-91b9-488e-b131-f98c30ded0b2,IG Story,VIDEO,21.4.2026 17:54:15,"Holky si vystřílely voňavou
 výhru 😉",https://www.instagram.com/stories/united_hk/3880351616566074561,,608,,,2
vsefalcons,instagram,709fceba-e311-48e7-9057-f54a587abf4a,bd616a5f-5062-45da-9548-4a0cdce61b41,IG Story,VIDEO,16.4.2026 19:23:56,@sokoli.hnizd0 💙,https://www.instagram.com/stories/vsefalcons/3876773353289716876,1196,931,,,2
@riderspardubice,instagram,4d6a67ab-9313-4f77-a82e-abb18adbca5d,c4c22ffa-1dff-452d-9033-f5cdd8858769,IG Story,VIDEO,31.3.2026 18:25:37,JDEME DO 2. TŘETINY! 🐎 🐎,https://www.instagram.com/stories/riderspardubice/3865147778116921228,,741,,,
@univerzitnihokej,facebook,01b45180-0b14-4a14-96e8-d0a4bab1fb9f,1e570be4-bd32-4c49-a864-bc7125b6a534,FB Post,IMAGE,5.3.2026 17:47:49,"Finále univerzitního hokeje se blíží 🔥 1. vlna denních balíčků na FINAL FOUR je v prodeji a nejlevnější lístky pořiďte do 16. 3. ⏳

🎟️ www.finalfour.cz",https://www.facebook.com/1275398168115026/posts/1254542416867268,482,,,,
vsefalcons,instagram,709fceba-e311-48e7-9057-f54a587abf4a,2a6537e8-c902-4578-a90e-5efd1cbb83f8,IG Story,VIDEO,12.3.2026 19:46:31,BRONZ JE NÁŠ 🥉 hoši děkujem,https://www.instagram.com/stories/vsefalcons/3851417791031197428,1243,829,,,
@AkademiciPlzen,facebook,d87b94e3-03e8-45d0-b92e-75e9b819545c,5bbda4a7-91e4-40b8-92df-e3b3d3ca499b,FB Video,VIDEO,28.3.2026 19:29:28,"Beeřík už kluky prohání, aby byli na středu v top formě! ☝🏻
Proženeme takhle ve středu i @czufarmers? 👀🔥

📍 1. 4. | 19:00 | LOGSPEED CZ Aréna
🎟️ Lístky v biu nebo na akademiciplzen.enigoo.cz

#akademiciplzen 💙",https://www.facebook.com/reel/949721307918176/,488,200,4,,
@akademiciplzen,instagram,65494228-95bf-4f7b-8e68-d47d7262db66,6aa407ac-ff89-48fa-bfd3-1c0bb6a5bff1,IG Post,PHOTO,30.3.2026 20:58:35,"🚨 Deadline alert! 🚨

🎓 Na ZČU nezačíná jen studium. Začínají tu i zážitky, kamarádi, studentskej život… a taky univerzitní hokej. 🏒

Jestli chceš být od příštího roku součástí toho všeho, mrkni na termíny přihlášek na bakalářské studium a hlavně je nepropásni. ⏳

Ulož si tenhle post a pošli ho dál někomu, kdo ještě pořád říká, že „je čas“. 👀

** FDU má do 30. dubna přihlášky na navazující magisterské studium, ne bakalářské! 

#akademiciplzen 💙",https://www.instagram.com/p/DWhclTdDGNp/,,14446,149,,35
vsefalcons,instagram,709fceba-e311-48e7-9057-f54a587abf4a,2a96c6c1-38c5-4e86-bda8-284e5da659a6,IG Reel,VIDEO,23.6.2026 8:00:13,"Taky vám už chybí hokej a naši kluci? 🥹🔥

#vsefalcons #icehockey #hockeyboys",https://www.instagram.com/reel/DZ68HRshCcO/,,2486,65,,9
@riderspardubice,instagram,4d6a67ab-9313-4f77-a82e-abb18adbca5d,67bf8ac3-2c01-4d74-84ea-6458b7f14f75,IG Story,VIDEO,13.4.2026 19:13:03,,https://www.instagram.com/stories/riderspardubice/3874593704430898250,,419,,,
@united_hk,instagram,b18c071b-0570-48b2-b743-990c668c3c5b,83b2384b-0a48-4393-9f26-c933d05af972,IG Post,IMAGE,18.3.2026 13:27:09,"🏒 Dnes venku v Ústí

Dnes vyrážíme do Ústí nad Labem.
Čeká nás zápas proti @hcnorthwings 

Další venkovní výzva a další body ve hře.

Drž nám palce na dálku.
🖤🧡",https://www.instagram.com/p/DWBwW0wCCl2/,,2723,28,,7
vsefalcons,instagram,709fceba-e311-48e7-9057-f54a587abf4a,9db9955c-ff3f-4ca6-b144-6470e6e7683c,IG Post,CAROUSEL_ALBUM,13.2.2026 17:22:47,"Těžko na cvičišti, v úterý na bojišti. 👀

Jedeme na ostro a bez vás to nepůjde. Takže kupujte lístek a chceme vás všechny vidět na Kateřinkách! 🎟️",https://www.instagram.com/p/DUtNFvyiNJR/,,4032,86,,8
@bitvaoprahu,facebook,75e0f41f-82be-4f82-a77b-82ac11135ed2,47cdbe3c-af23-41ad-a971-ed5c69ac9501,FB Video,VIDEO,9.3.2026 17:01:24,"I tuhle písničku si společně zazpíváme už ve čtvrtek! 🗣️

Lístky na bitvaoprahu.cz 🎟️",https://www.facebook.com/reel/1254330500221623/,1614,625,4,,
@univerzitnihokej,instagram,1e114592-3529-4cfe-9977-2598454053af,9c0421b3-a0ec-4923-a361-bde9952be6af,IG Post,IMAGE,2.4.2026 8:26:24,"Semifinále PLAY-IN je za námi, teď už čeká týmy poslední krok před Final Four v Edenu! 😤 Už příští středu poznáme 3️⃣ postupující. O posledním místě se rozhodne v Lucky Loser zápase. ⚔️

Cesta na Final Four se blíží ke konci a všechno to vyvrcholí 16. a 17. dubna v Edenu! 🔥 Vstupenky na finalfour.cz",https://www.instagram.com/p/DWn12KnF1lm/,,16231,353,,58
@218107044725785,facebook,7a942e3e-6c47-4794-9ba7-bbc7b6d40cb3,9ddee282-60a8-444a-8cb3-e804033ca440,FB Video,VIDEO,17.4.2026 8:43:41,"Takhle vypadal včerejší semifinálový zápas 🔥

Bohužel nevyšel podle plánu, ALE dneska si můžeme spravit chuť a zabojovat alespoň o bronz 😏

Budete u toho s námi? Potřebujeme tam slyšet každého z vás! 🦅💙 Vstupenky koupíte na finalfour.cz 🎟️

🎥 @vojta_kepka @richipici",https://www.facebook.com/reel/1669318491163617/,483,130,11,,
vsefalcons,instagram,709fceba-e311-48e7-9057-f54a587abf4a,cb911873-2edc-48de-89fd-5b9fdaa17471,IG Story,VIDEO,8.4.2026 16:03:15,🤹‍♂️,https://www.instagram.com/stories/vsefalcons/3870874314283160323,877,766,,,
@bitvaoprahu,instagram,d7c8aa06-74fb-4c6c-a7d2-c2fe1bf6d59c,f718d9e1-c335-4e18-81b3-d9ddf6d94802,IG Post,IMAGE,12.3.2026 9:45:20,"Tohle si otevři, až po 3 pivu ztratíš kámoše v davu... 👀",https://www.instagram.com/p/DVx6LcWjGRZ/,,9422,230,2,24
vsefalcons,instagram,709fceba-e311-48e7-9057-f54a587abf4a,319bda78-51a1-4d44-bd82-2a64524d71bc,IG Story,VIDEO,16.4.2026 17:33:17,ROZHEJBAT POŘÁDNĚ BOKY,https://www.instagram.com/stories/vsefalcons/3876717683131584333,1092,985,,,9
@akademici_plzen,tiktok,8f78cb3d-9c53-4c33-9f39-e6526fd8fa1c,35d45030-956c-4bff-ba89-c69873cf186a,TT Video,VIDEO,7.4.2026 14:17:01,"Nechali jsme na ledě všechno. Bojovali jsme do poslední chvíle, ale jediný gól v prodloužení rozhodl o našem konci v letošní sezoně. Děkujeme vám za každou podporu, za každý hlas z tribuny a za to, že jste byli celou sezonu s námi. Bez vás by to nebylo ono. 💙 Slibujeme, že se vrátíme silnější — a doufáme, že znovu s vámi po boku! #akademiciplzen | 🎥 @yzproduction.cz",https://www.tiktok.com/@akademici_plzen/video/7626021163742792982?utm_campaign=tt4d_open_api&utm_source=7348986504397455361,,1275,85,1,1
vsefalcons,instagram,709fceba-e311-48e7-9057-f54a587abf4a,5e419f88-23b6-447a-b0e4-2aaee04a4219,IG Story,VIDEO,10.2.2026 20:22:21,,https://www.instagram.com/stories/vsefalcons/3829692530812297923,627,831,,,
vsefalcons,instagram,709fceba-e311-48e7-9057-f54a587abf4a,887e3eb7-1b9f-43ee-a507-851e2f6ca320,IG Reel,VIDEO,18.2.2026 8:20:12,Pojďte si s námi vychutnat oslavy včerejší výhry! 🤩,https://www.instagram.com/reel/DU5G8dsCCcF/,,3308,91,,
@bitvaoprahu,instagram,d7c8aa06-74fb-4c6c-a7d2-c2fe1bf6d59c,e93291bc-ca22-46dd-bf87-9db856457225,IG Story,VIDEO,22.4.2026 15:22:18,,https://www.instagram.com/stories/bitvaoprahu/3881000380050216032,,1348,,,1
@univerzitnihokej,instagram,1e114592-3529-4cfe-9977-2598454053af,62801e7f-965f-4768-a835-661ec69e9d50,IG Story,VIDEO,8.4.2026 18:03:38,0 3,https://www.instagram.com/stories/univerzitnihokej/3870934891265277415,,805,,,
@riderspardubice,instagram,4d6a67ab-9313-4f77-a82e-abb18adbca5d,dd02fb58-e533-44cd-b4fd-535eab3382a5,IG Story,VIDEO,26.4.2026 12:36:10,,https://www.instagram.com/stories/riderspardubice/3883815880639648049,,841,,,
vsefalcons,instagram,709fceba-e311-48e7-9057-f54a587abf4a,9f5fa20e-9c0e-42ed-9135-e23f3974d678,IG Story,VIDEO,17.2.2026 17:50:44,1️⃣ 2️⃣ 3️⃣ FALCONS,https://www.instagram.com/stories/vsefalcons/3834689632499936093,701,924,,,
@cvutengineers,instagram,11963a07-7f0f-48e6-9d81-aa63a7ff4a04,a1448947-5f98-4ff1-a406-89d462d32f07,IG Story,VIDEO,8.4.2026 6:30:51,"POZOR, STARTUJEME UŽ V 19:30! 🚨",https://www.instagram.com/stories/cvutengineers/3870586196124795767,,1498,,,6
vsefalcons,instagram,709fceba-e311-48e7-9057-f54a587abf4a,4bac7148-b3f4-4097-8cea-6ab3e665cbc2,IG Reel,VIDEO,1.4.2026 17:33:24,Pojďte s námi oslavit postup do finále play-in 🥳,https://www.instagram.com/reel/DWmPhrUiDg5/,,5486,130,,7
@riderspardubice,instagram,4d6a67ab-9313-4f77-a82e-abb18adbca5d,63f935ee-a3f3-4c09-a996-4e8c85ae203b,IG Story,VIDEO,28.4.2026 16:29:22,,https://www.instagram.com/stories/riderspardubice/3885382946853268816,,699,,,
vsefalcons,instagram,709fceba-e311-48e7-9057-f54a587abf4a,9cbde8d9-6d9c-4cd7-b184-11b07860b5d7,IG Story,IMAGE,20.1.2026 14:54:57,,https://www.instagram.com/stories/vsefalcons/3814307435314181870,,1594,,,4
@AkademiciPlzen,facebook,d87b94e3-03e8-45d0-b92e-75e9b819545c,caab292c-0c5e-4c31-9e3b-15387b8ba0e6,FB Post,IMAGE,26.3.2026 20:02:00,"Všechno nebo nic.

#akademiciplzen",https://www.facebook.com/1357105236437494/posts/1352739043540780,478,,2,,
@univerzitnihokej,facebook,01b45180-0b14-4a14-96e8-d0a4bab1fb9f,ddf24cc9-7756-4984-bf51-c9de4ba43159,FB Video,VIDEO,28.4.2026 15:55:57,"Slovy našeho táty marketingu: “Děláme si, co chceme” ✌🏻 Co jsme dělali na @unihokejfinalfour můžete vidět na našem YouTube! 🎥",https://www.facebook.com/reel/1895200980984992/,1132,431,5,,
vsefalcons,instagram,709fceba-e311-48e7-9057-f54a587abf4a,0c222b68-01de-4f68-817f-e04413ab9f17,IG Story,VIDEO,16.4.2026 18:17:36,,https://www.instagram.com/stories/vsefalcons/3876739969825958363,1027,821,,,
@united_hk,instagram,b18c071b-0570-48b2-b743-990c668c3c5b,0eb333f1-8f09-4868-86d2-9a9ebd557a46,IG Story,VIDEO,25.4.2026 12:59:38,"hlavní je si to udělat  HEZKÝ ⛱️ ☀️ doufám, že si použil spf @ondra_holubec",https://www.instagram.com/stories/united_hk/3883102939875138862,,874,,,
@riderspardubice,instagram,4d6a67ab-9313-4f77-a82e-abb18adbca5d,45ea948c-24c4-42ce-a765-40953c157dd1,IG Post,IMAGE,24.3.2026 2:39:36,Dnes bohužel prohra.,https://www.instagram.com/p/DWQC_QVCDwP/,,4581,37,1,9
vsefalcons,instagram,709fceba-e311-48e7-9057-f54a587abf4a,9510d934-52f3-447a-b3ec-1186eb078be5,IG Story,VIDEO,12.2.2026 8:56:21,@olympijskyfestival ❤️‍🔥,https://www.instagram.com/stories/vsefalcons/3830797134165719442,812,812,,1,5
@riderspardubice,instagram,4d6a67ab-9313-4f77-a82e-abb18adbca5d,a074ea48-b5de-4e3f-a549-d240f4cbba38,IG Post,IMAGE,5.3.2026 10:58:41,"🐱 V pondělí za námi přijedou @blackdogsbudweis_vste ! 🐕

A my při této příležitosti společně podpoříme KoČIČÍ depozitum Lovčice! 

Jak můžete opuštěným kočičkám pomoci s námi? 
- přineste s sebou na zápas kočičí žrádlo - granule, konzervy, ňaminky 
- přispějte finančním darem - ideálně v hotovosti na místě nebo pomocí QR kódu na kostce.

Zápas pro tlapky vol. 2
🗓️ 9.3. v 19:15
📍 v Enteria Arena
⚔️ proti @blackdogsbudweis_vste 

Minulý semestr jsme pomohli pejskům z @farma_u_veselyho_psa, tak pojďme znovu spojit síly a tentokrát pomoci kočičkám z KoČIČÍ depozitum Lovčice! 

Vstupenky za zapas koupíš přes odkaz v BIU!🎟️🐱
#zápasprotlapkyvol2#riders",https://www.instagram.com/p/DVgAlSYDHzf/,,1943,26,,4
vsefalcons,instagram,709fceba-e311-48e7-9057-f54a587abf4a,a47fe5e0-e0d9-46f9-a02c-e6bdf716c9a7,IG Story,VIDEO,10.2.2026 17:34:02,PAŤOVO POV Z BRAZILKY 🤳🏼 ⚽️ @patrik_nabelek,https://www.instagram.com/stories/vsefalcons/3829607790277099272,735,1047,,1,
@univerzitnihokej,instagram,1e114592-3529-4cfe-9977-2598454053af,c86b05e1-135f-4d71-8b19-7707fb2a02aa,IG Reel,REEL,31.3.2026 11:59:35,Rybaření a golf jako školní předměty? 📚 Pusťte si nový díl našeho podcastu s @michael_hrabal na YouTube nebo Spotify 🎧,https://www.instagram.com/reel/DWjDnrhCKfI/,,15325,682,1,73
@riderspardubice,instagram,4d6a67ab-9313-4f77-a82e-abb18adbca5d,15157026-edde-4eba-b1ea-d29cfea7e1cb,IG Post,IMAGE,3.3.2026 17:00:00,"🌴 Na včerejší Survivor zápase získala výherkyně našeho Survivor kvízu parádní reprák JBL, který do soutěže věnoval náš dlouhodobý partner @enteria_holding!

Děkujeme a výherkyni gratulujeme a přejme spoustu kvalitní hudby! 

A jestli bys chtěl taky něco vyhrát, tak se zastav na zápase 9. 3. - vstupenky koupíš přes odkaz v BIU 🤫",https://www.instagram.com/p/DVbg3yojJsD/,,2960,69,,1
vsefalcons,instagram,709fceba-e311-48e7-9057-f54a587abf4a,23380f1b-6a4c-4bec-beb2-7fbec9a27b56,IG Story,VIDEO,12.3.2026 18:54:29,,https://www.instagram.com/stories/vsefalcons/3851391540165893094,1906,1452,,,3
@vutcavaliersbrno,instagram,b384bebf-72f3-4f9d-8b2d-3677709f6966,8a06882f-83f2-4f73-96f8-3a1852acff7c,IG Post,IMAGE,10.3.2026 16:53:44,"Domácí zápas v SOBOTU ‼️
Kavalíři tento týden nastoupí k dohrávce zápasu proti @vsefalcons na domácímu ledě v sobotu v 17:00 👈
Ideální aktivita na víkend? Přijď nás podpořit a zažij univerzitní hokej 🏒 
Doprava na zápas i z něj je zajištěna 🚌",https://www.instagram.com/p/DVthoTMCIPY/,,1532,28,,1
vsefalcons,instagram,709fceba-e311-48e7-9057-f54a587abf4a,b3909908-5d91-4dd2-baba-63ff938dcc54,IG Reel,VIDEO,29.4.2026 14:16:02,"Konec semestru už je za rohem 😬😭

Tak pojďme společně utéct povinnostem v neděli 10.5. do Stromovky na @wflworldrun 🏃🏽💨 Poběžíme pro ty co nemohou a pomůžeme tak na dobrou věc! 🙌🏼

Připoj se k nám do týmu VŠE Falcons Prague přes odkaz na profilu a vidíme se tam! 😎

#vsefalcons #wingsforlife",https://www.instagram.com/reel/DXt-tSgiBg7/,,32975,2175,,1495
@univerzitnihokej,instagram,1e114592-3529-4cfe-9977-2598454053af,bd3f5734-7408-40d8-945d-ee919dac5e91,IG Post,IMAGE,3.3.2026 21:52:29,Falcons se dnes vyspali lépe než včera a posílají Akademiky zpátky do Plzně bez bodů 🚌,https://www.instagram.com/p/DVcCQ3JiJTK/,,3128,80,,2
@boostrava,instagram,1176ddaf-d366-48a2-9639-3c6694c72c85,1498c8a6-6d7c-439c-af7a-b5ce084fe71b,IG Story,VIDEO,31.3.2026 6:43:29,,https://www.instagram.com/stories/boostrava/3864794345056806505,,845,,,
@engineersprague,facebook,afd06d1d-7b1c-4f66-8d93-ce4255ab773c,8da61f8f-d03e-4cf8-8347-f679e0be4e41,FB Story,VIDEO,10.3.2026 21:31:33,,,,,,,
@riderspardubice,facebook,f99ed6c3-17cc-46f4-a32e-d9b0576ce2df,a137bfb5-f311-47c9-add8-b5338f277bbd,FB Post,IMAGE,4.3.2026 9:01:10,"Venkovní zápas v Brně!🗣️🏒

Venkovní zápas
🗓️ 4.3. v 19:30
📍 ve Sportcentrum Lužánky
⚔️ proti @hc_muni 

#riders#venkovnízápas",https://www.facebook.com/1592662819534019/posts/1567438515389783,138,,,,
@akademiciplzen,instagram,65494228-95bf-4f7b-8e68-d47d7262db66,df0ec47e-f076-4f6e-a87f-b87b944f5ccb,IG Reel,VIDEO,3.3.2026 8:30:42,"5 důvodů, proč přijít na Bitvu už v 17:30! 🕺🏼🪽🍻

#akademiciplzen #jarnibitva",https://www.instagram.com/reel/DVamIULjPR7/,,8784,158,,43
@univerzitnihokej,instagram,1e114592-3529-4cfe-9977-2598454053af,2602094e-086d-415e-9ce4-952750f7acc6,IG Story,VIDEO,8.4.2026 16:36:35,🍿,https://www.instagram.com/stories/univerzitnihokej/3870891109215928930,,3973,,,1
@riderspardubice,instagram,4d6a67ab-9313-4f77-a82e-abb18adbca5d,531768b6-817d-4313-815e-8d0366ed8de4,IG Post,ALBUM,31.3.2026 6:00:02,"Záda nám “kryje” náš partner @foxconn_czech 👋

Jak myslíte že dopadne dnešní zápas? 🤨",https://www.instagram.com/p/DWibmg2DJbO/,,1846,71,,1
@riderspardubice,instagram,4d6a67ab-9313-4f77-a82e-abb18adbca5d,88f4f914-f048-4c7a-871f-158b00f4e3ad,IG Reel,VIDEO,19.4.2026 12:22:58,"I tak to někdy vyjde. 🤷🏼‍♂️ Ale to neznamená, že se nebude podporovat!",https://www.instagram.com/reel/DXUCTwmDNmR/,,26598,830,2,182
vsefalcons,instagram,709fceba-e311-48e7-9057-f54a587abf4a,bb8c7ca4-ba06-4149-86af-63b560c8e3ac,IG Story,IMAGE,24.2.2026 19:30:23,0 0,https://www.instagram.com/stories/vsefalcons/3839813202133711858,666,827,,,
vsefalcons,instagram,709fceba-e311-48e7-9057-f54a587abf4a,cac2f8d3-779c-46e9-b19f-6746a05f50d5,IG Story,VIDEO,8.4.2026 17:12:03,otevírá zápas,https://www.instagram.com/stories/vsefalcons/3870908955803256952,,840,,,1
@univerzitnihokej,instagram,1e114592-3529-4cfe-9977-2598454053af,0fb63942-2e8e-4c3a-804a-8e89bdd5cdad,IG Story,VIDEO,17.4.2026 14:52:48,,https://www.instagram.com/stories/univerzitnihokej/3877361824534411174,,1801,,,
@bitvaoprahu,facebook,75e0f41f-82be-4f82-a77b-82ac11135ed2,f8a3aab8-5108-4d88-93ba-123cac1762a2,FB Post,IMAGE,8.3.2026 15:54:58,"Chápete to? Už je to skoro tady 🤯
Lístky na tebe čekají na 🎟️ bitvaoprahu.cz",https://www.facebook.com/1441262177797849/posts/1417242610199806,242,,,,
vsefalcons,instagram,709fceba-e311-48e7-9057-f54a587abf4a,019ad4c8-923a-4449-bd2b-78e93420f906,IG Story,VIDEO,24.2.2026 18:59:25,,https://www.instagram.com/stories/vsefalcons/3839797606016933846,695,892,,,
@riderspardubice,instagram,4d6a67ab-9313-4f77-a82e-abb18adbca5d,791a78ee-7d5a-4834-9f80-aedbf16446cc,IG Story,VIDEO,12.4.2026 11:31:28,TO JE NÁŠ GOOOLMAN! 😏 @63skorpiz  1:0,https://www.instagram.com/stories/riderspardubice/3873636630049649178,,1309,,,
vsefalcons,instagram,709fceba-e311-48e7-9057-f54a587abf4a,59d7af22-4666-4edd-8736-849ebaf34487,IG Post,IMAGE,20.1.2026 8:00:56,"Nový rok přináší spoustu akcí, na kterých nemůžeš chybět! 🤪

Přepiš si to do kalendáře, ať nezapomeneš, a vidíme se! 👋🏼",https://www.instagram.com/p/DTuZtnoiAQZ/,,14795,78,,60
vsefalcons,instagram,709fceba-e311-48e7-9057-f54a587abf4a,a825ff74-8a74-4121-9b6e-d7c0c928e914,IG Story,IMAGE,7.2.2026 19:51:34,🏒 přidej se zítra k našemu kotli na zápas proti @czufarmers,https://www.instagram.com/stories/vsefalcons/3827502667019086190,,1143,,,2
vsefalcons,instagram,709fceba-e311-48e7-9057-f54a587abf4a,2152eed7-b0d9-4e09-be4c-80ebaef03f05,IG Story,VIDEO,10.2.2026 20:36:45,STAV PO 2. TŘETINĚ  1:5,https://www.instagram.com/stories/vsefalcons/3829699737532507187,628,926,,1,1
vsefalcons,instagram,709fceba-e311-48e7-9057-f54a587abf4a,b679f51a-e88f-4afb-8064-4843fdc3dce6,IG Story,VIDEO,18.2.2026 8:22:29,😋😋😋,https://www.instagram.com/stories/vsefalcons/3835128679131257218,565,707,,,
@univerzitnihokej,instagram,1e114592-3529-4cfe-9977-2598454053af,ca1e916b-638c-48e0-9431-ddd07861cad6,IG Story,VIDEO,1.4.2026 8:02:53,,https://www.instagram.com/stories/univerzitnihokej/3865559085156425900,,1369,,,1
@hcnorthwings,facebook,2b08a479-603b-46e4-8a48-2bc0435ccd53,0dbe56e6-ea78-4c7e-b78c-acaa9fc180e7,FB Story,VIDEO,11.3.2026 17:34:14,,,,,,,
vsefalcons,instagram,709fceba-e311-48e7-9057-f54a587abf4a,08e483a2-eaed-43b6-914c-26250fdecd90,IG Story,VIDEO,12.2.2026 16:52:47,@machycc8,https://www.instagram.com/stories/vsefalcons/3831036566278004564,634,634,,,3
@univerzitnihokej,instagram,1e114592-3529-4cfe-9977-2598454053af,80495552-2ad6-4f66-8efb-8708a94bf741,IG Post,IMAGE,1.4.2026 19:24:51,Farmers dnes podruhé překvapili Akademiky a v prodloužení si vybojovali postup do finále PLAY-IN! 🚀,https://www.instagram.com/p/DWmbnbHiNNA/,,16275,439,3,113
@riderspardubice,instagram,4d6a67ab-9313-4f77-a82e-abb18adbca5d,466304a7-7ca3-455a-ba2d-9065cd86e544,IG Post,IMAGE,12.4.2026 3:50:07,"Dnes budeme bojovat v lucky loser game o postup do @unihokejfinalfour !🍀

Lucky loser game
🗓️ 12.4.  v 13:15
📍 v Hokejové Centrum Pouzar
⚔️ proti @blackdogsbudweis_vste 

#luckylosergame#riders",https://www.instagram.com/p/DXBGBFSiOmq/,,4142,48,,8
vsefalcons,instagram,709fceba-e311-48e7-9057-f54a587abf4a,57002983-ddc7-47a1-bfe0-66cd7f02a000,IG Story,VIDEO,17.4.2026 14:28:54,,https://www.instagram.com/stories/vsefalcons/3877349572913697810,893,888,,,
vsefalcons,instagram,709fceba-e311-48e7-9057-f54a587abf4a,c30f4c70-4bf8-44aa-a3d7-dd2636be6f57,IG Story,VIDEO,17.4.2026 16:04:30,,https://www.instagram.com/stories/vsefalcons/3877397797503031897,872,870,,,
@akademiciplzen,instagram,65494228-95bf-4f7b-8e68-d47d7262db66,37224252-111c-48ca-8beb-083acbdfcf3e,IG Story,VIDEO,1.4.2026 16:57:54,,https://www.instagram.com/stories/akademiciplzen/3865828365261647858,,1476,,,
vsefalcons,instagram,709fceba-e311-48e7-9057-f54a587abf4a,0ed6dedc-f35f-492c-899b-0aa7a313bd17,IG Story,VIDEO,10.2.2026 7:38:42,GAMEDAY,https://www.instagram.com/stories/vsefalcons/3829308195370192197,695,908,,,
vsefalcons,instagram,709fceba-e311-48e7-9057-f54a587abf4a,1400f851-51f7-4716-9f07-2b460f08588e,IG Story,VIDEO,8.4.2026 19:28:26,,https://www.instagram.com/stories/vsefalcons/3870977565397676803,856,617,,,
@cvutengineers,instagram,11963a07-7f0f-48e6-9d81-aa63a7ff4a04,1e2a2046-f005-4761-a79f-699fddbe9eac,IG Story,VIDEO,31.3.2026 6:59:48,MÁME TADY JEDEN REKORD,https://www.instagram.com/stories/cvutengineers/3864802557361455032,,1135,,,1
@hc_muni,instagram,43cd62c8-609d-4ea6-8ce9-cae5242ede0c,79959166-62a8-4932-92bc-2eabf365d27f,IG Post,IMAGE,19.3.2026 15:53:28,"Kluci do toho včera dali úplně všechno🏒🐻 Jste ready na poslední zápas sezony a pořádné derby?🔥

📸 @zdeny_99 

#hcmuni",https://www.instagram.com/p/DWEl5V3iJ1Z/,,5448,133,,8
@riderspardubice,instagram,4d6a67ab-9313-4f77-a82e-abb18adbca5d,51c1cdeb-0cb5-4183-9df3-39a03ab77969,IG Story,IMAGE,8.4.2026 17:05:59,@tipsportcz,https://www.instagram.com/stories/riderspardubice/3870905874441332979,,689,,,
@AkademiciPlzen,facebook,d87b94e3-03e8-45d0-b92e-75e9b819545c,b7bb302e-70fb-4c84-9f56-6fa3efde5440,FB Post,IMAGE,1.4.2026 15:03:20,"Hokejem tenhle večer teprve začíná. 🏒 

Ze stadionu se všichni přesouváme na after do No Limitu. Vidíme se tam! 🕺🏼

#akademiciplzen",https://www.facebook.com/1357105236437494/posts/1357476163067068,490,,2,,
@univerzitnihokej,facebook,01b45180-0b14-4a14-96e8-d0a4bab1fb9f,dffbe5bd-2451-435b-b7ba-748737d75b5c,FB Post,IMAGE,7.4.2026 10:04:33,"I přes velmi povedenou základní část končí v semifinále play-in také plzeňští Akademici.

Takové momenty ke sportu patří. Díky za nasazení a boj až do konce 👊🏼",https://www.facebook.com/1275398168115026/posts/1280346417620201,602,,2,,
@bitvaoprahu,facebook,75e0f41f-82be-4f82-a77b-82ac11135ed2,408fe097-a0c8-45a0-a7b1-645835c3d617,FB Post,PHOTO,13.3.2026 18:27:49,"📣 Speakeři na @univerzitnihokej >>> 🗣️🗣️

Jsi stejného názoru? 👀 #bitvaoprahu",https://www.facebook.com/1441262177797849/posts/1421083173149083,338,,1,,
@united_hk,instagram,b18c071b-0570-48b2-b743-990c668c3c5b,41c574fc-5e0d-49fd-a747-d04159301d29,IG Post,PHOTO,28.3.2026 11:09:57,"Už jen 3 dny do startu PLAY-IN!

1 zápas. Všechno nebo nic.

Tenhle večer rozhodne.

31.3. Praha.

ALL IN 🖤🧡

#unitedhk #unihokej #hokej",https://www.instagram.com/p/DWbQbEqCKkn/,,3559,51,,6
@akademiciplzen,instagram,65494228-95bf-4f7b-8e68-d47d7262db66,f8d66565-4d6c-413c-9c66-775acab4085c,IG Reel,VIDEO,24.3.2026 9:29:37,"Velikonoční PLAY-IN je tady🐰🔥
Říháč už ladí formu… s Dádou v uších. 🍫

‼️ NEJSPÍŠ POSLEDNÍ DOMÁCÍ ZÁPAS
🎁 VELIKONOČNÍ NADÍLKA čeká

Tak buď u toho 🤩
🗓️ 1. 4. | 19:00
📍 LOGSPEED CZ Aréna

#akademiciplzen 💙",https://www.instagram.com/reel/DWQwhAajKCO/,,15528,454,3,67
vsefalcons,instagram,709fceba-e311-48e7-9057-f54a587abf4a,79bc682d-cc75-44d0-acfd-c819d19c9637,IG Story,VIDEO,3.2.2026 21:09:08,KDE VÁS JE VÍC? 😢 @hcnorthwings,https://www.instagram.com/stories/vsefalcons/3824650739360741770,,768,,,3
@riderspardubice,instagram,4d6a67ab-9313-4f77-a82e-abb18adbca5d,ae245096-2ade-4110-9626-d29624615a5a,IG Story,VIDEO,8.4.2026 17:35:24,ŤUKNI SI S KLUKAMA PRO ŠTĚSTÍ!,https://www.instagram.com/stories/riderspardubice/3870929856859261658,,630,,,
@riderspardubice,instagram,4d6a67ab-9313-4f77-a82e-abb18adbca5d,e7c9133d-9622-449d-85f3-ac98ccd93ed5,IG Reel,VIDEO,8.4.2026 6:00:06,"Není maska jako maska! 🔥

Tohle je GARNIER Fructis 3v1 Osvěžující hydratační maska na vlasy. 🥝

10/10 gólmanů doporučuje a označuje ji za svou masku č. 1 🔥

@garnier_czsk 
@univerzitnihokej",https://www.instagram.com/reel/DW3B4fQxCU2/,,7014,151,11,57
@cvutengineers,instagram,11963a07-7f0f-48e6-9d81-aa63a7ff4a04,5e988766-3cd4-4ce9-8e00-a1d212a0429b,IG Story,VIDEO,8.4.2026 11:20:06,"CO NAJDEŠ V NOVÝ APPCE? Slevu na náš merch🦁, kalendář akcí s nákupem vstupenek 🎟️ (btw nemusíš pak hledat lístky v mailu a máš to v sexy appce) a spoustu výhod od partnerů @univerzitnihokej 🤩 @unilifecz",https://www.instagram.com/stories/cvutengineers/3870731777270923591,,1506,,,9
vsefalcons,instagram,709fceba-e311-48e7-9057-f54a587abf4a,c1e6a7b7-b016-441b-a28c-0d08b7ab88a0,IG Story,VIDEO,28.2.2026 18:00:13,,https://www.instagram.com/stories/vsefalcons/3842667164968963340,697,906,,,
@univerzitnihokej,instagram,1e114592-3529-4cfe-9977-2598454053af,339ad03a-1c16-48ac-b7bb-0cfd95c36cbd,IG Post,IMAGE,27.3.2026 19:03:40,"Základní část skončila ⏩️ začíná Play-In 🔥 Jak to bude vypadat?☝🏻

Čekají nás semifinálové bitvy, vítězové jdou do finále Play-In. A odtud už vede jediná cesta ➡️ @unihokejfinalfour a boj o absolutního šampiona letošní sezóny! 😮‍💨🏆

Jedna šance. Žádná oprava. 👀",https://www.instagram.com/p/DWZiBYhCLCa/,,28654,566,,98
@cvutengineers,instagram,11963a07-7f0f-48e6-9d81-aa63a7ff4a04,6fba0cd6-26de-4b7b-9ec4-8eeaa060c004,IG Post,IMAGE,16.4.2026 16:33:24,"Engineers v plný parádě 🫡👌🏼.

#srdcelva",https://www.instagram.com/p/DXMwuRvDKSy/,,10708,415,1,41
vsefalcons,instagram,709fceba-e311-48e7-9057-f54a587abf4a,759f51bb-8366-422b-9a33-84a73e26e827,IG Story,VIDEO,2.3.2026 19:28:57,2. TŘETINA 👀,https://www.instagram.com/stories/vsefalcons/3844161228298011385,638,824,,,
@vutcavaliersbrno,instagram,b384bebf-72f3-4f9d-8b2d-3677709f6966,e572270a-77a6-4157-bde2-90ac189a23a0,IG Reel,VIDEO,4.4.2026 9:10:15,"Právě nám začíná mezisezónní období, na které se můžeme plně vybavit díky našemu partnerovi @sportega.cz 🏸
Pokud i vy sháníte nové sportovní vybavení, doporučujeme navštívit jejich pobočku📍Křenová 26 Brno
Veškerý sortiment si tam můžete vyzkoušet, abyste měli jistotu, že vám zvolená výbava bude plně vyhovovat😌 Za nás prostě 🔝topka🙌",https://www.instagram.com/reel/DWtEBT-iKQv/,,3113,81,2,27
vsefalcons,instagram,709fceba-e311-48e7-9057-f54a587abf4a,2e59ca27-05e6-44c0-a799-284b47ec08c4,IG Story,IMAGE,24.3.2026 21:15:07,"3 6 Daniel
Straka",https://www.instagram.com/stories/vsefalcons/3860159625186281450,750,396,,,
@univerzitnihokej,facebook,01b45180-0b14-4a14-96e8-d0a4bab1fb9f,542d55c2-c986-408c-a51e-949e47a4fe42,FB Video,VIDEO,6.3.2026 19:24:39,"Final Four sem, Final Four tam…
Ale kdo ho vlastně bude hrát? 🤔 Ondra vám hezky ve videu ukáže, jak se týmy dostanou mezi nejlepší čtyřku. 👆🏻
🗓️16.-17. duben | 🏟️ Zimní stadion Eden",https://www.facebook.com/reel/2334795287018670/,1478,411,1,,
@bitvaoprahu,instagram,d7c8aa06-74fb-4c6c-a7d2-c2fe1bf6d59c,09bbaeba-95f4-4251-a210-6d7523a335a6,IG Reel,VIDEO,12.3.2026 23:12:40,"Inspirovat se je třeba od těch nejlepších. 🤝🏼

Za předání plyšáků od @csobcz našim stříbrným medailistům děkujeme @classictomas z @puk_pak_pivo .

@cvutengineers 🥈| #bitvaoprahu",https://www.instagram.com/reel/DVzV7NZDFfZ/,,46443,657,2,127
@univerzitnihokej,instagram,1e114592-3529-4cfe-9977-2598454053af,2caea03b-6a5b-4a8f-9e3b-6fbeb7ac7968,IG Reel,VIDEO,14.3.2026 15:07:20,Tohle… a přednášky jdou stranou 🥵 Další zastávka: @unihokejfinalfour 🏆🔥,https://www.instagram.com/reel/DV3oGcJiI47/,,18954,777,,48
vsefalcons,instagram,709fceba-e311-48e7-9057-f54a587abf4a,5d820367-c3d6-4719-bc36-29856f3c42b3,IG Story,VIDEO,13.2.2026 7:55:52,PÁ ČEK TE 🥳 😎,https://www.instagram.com/stories/vsefalcons/3831491130282259375,547,547,,,
@univerzitnihokej,instagram,1e114592-3529-4cfe-9977-2598454053af,f0cde4a5-77db-4900-814f-36eaa0621b16,IG Post,IMAGE,10.4.2026 9:57:20,"LUCKY LOSER = ještě jedna šance probojovat se do @unihokejfinalfour 🏆

V neděli se o všem rozhodne a budeme vědět všechny 4️⃣ týmy! 🔥",https://www.instagram.com/p/DW8moMqiJe2/,,14644,225,2,30
vsefalcons,instagram,709fceba-e311-48e7-9057-f54a587abf4a,5e5463f2-6ff9-42c6-bdff-e0e627b96142,IG Story,VIDEO,27.1.2026 18:12:36,📽️,https://www.instagram.com/stories/vsefalcons/3819480463618664198,,788,,,
@riderspardubice,facebook,f99ed6c3-17cc-46f4-a32e-d9b0576ce2df,dc6e79c1-b2ce-443c-9b58-68b2771f3966,FB Post,ALBUM,26.3.2026 19:34:42,Kolik Kopců vidíš na obrázku? 🙌🧔🏻🫶,https://www.facebook.com/1592662819534019/posts/1587785083355126,288,,3,,
vsefalcons,instagram,709fceba-e311-48e7-9057-f54a587abf4a,3218033e-c645-4aba-8efe-4a974549ee53,IG Story,VIDEO,17.4.2026 12:45:41,BOYS are in da 🏟️ @alenjurak11,https://www.instagram.com/stories/vsefalcons/3877297694121179087,1305,1597,,,6
vsefalcons,instagram,709fceba-e311-48e7-9057-f54a587abf4a,8c9a3e45-9af1-427b-9984-5c3e26c874ae,IG Post,IMAGE,12.4.2026 19:29:45,"Soupeř, čas i místo jsou jasné. Semifinále @unihokejfinalfour sehrajeme proti @cvutengineers , které dobře známe 👊🏼

Teď vás potřebujeme víc, než kdy jindy. 👉🏼🏆

Vstupenky na finalfour.cz
SLEVOVÝ KÓD: VSEFANS 🤑",https://www.instagram.com/p/DXCxubSCGOs/,,11824,117,,78
@riderspardubice,facebook,f99ed6c3-17cc-46f4-a32e-d9b0576ce2df,9aa67466-af77-40e5-b409-0910f12339cd,FB Post,IMAGE,13.4.2026 10:12:28,"Hello, překvápko 🎁❤️‍🔥",https://www.facebook.com/1592662819534019/posts/1603450908455210,4054,,29,,
@bitvaoprahu,instagram,d7c8aa06-74fb-4c6c-a7d2-c2fe1bf6d59c,d7a31bfb-e350-4c17-97c0-ab8e940598d3,IG Story,VIDEO,13.4.2026 17:20:33,"📆 Bitva o Prahu
ft. @riderspardubice 🤫",https://www.instagram.com/stories/bitvaoprahu/3874537077451019492,,1313,,,1
@BOhokej,facebook,c9082543-a03b-490f-8f97-66d439acce89,fc1ec838-7c8a-49d7-a8c7-334edaab17b0,FB Video,VIDEO,29.3.2026 18:30:04,"Dany šel dneska na rande. Se sprejem Diamond sleek od @garnier_czsk udělal rozhodně dobrý dojem! 

#garnierfructics #hokej #bocko",https://www.facebook.com/reel/1467239681453082/,707,316,4,,
@AkademiciPlzen,facebook,d87b94e3-03e8-45d0-b92e-75e9b819545c,89f9e69e-fdbd-4d8f-8631-fd2406cac6bb,FB Post,IMAGE,4.3.2026 22:56:02,"V případě, že byste zítra nezvládli své povinnosti, we got you! 👊🏼🤭

#akademiciplzen #jarnibitva",https://www.facebook.com/1357105236437494/posts/1334855981995753,2054,,6,,
@BOhokej,facebook,c9082543-a03b-490f-8f97-66d439acce89,b1f94639-7250-4604-ae44-2093ffc28ef3,FB Post,IMAGE,18.3.2026 12:53:05,"Koukni co o výjezdu do Prahy řekl útočník 
Jan Vašenka🎙️",https://www.facebook.com/1477974067675582/posts/1465762575563398,282,,,,
vsefalcons,instagram,709fceba-e311-48e7-9057-f54a587abf4a,0020ba6a-c85e-4f9e-b3f1-3767295a00a4,IG Story,VIDEO,17.4.2026 18:02:26,,https://www.instagram.com/stories/vsefalcons/3877457168673045741,830,686,,,
@bitvaoprahu,facebook,75e0f41f-82be-4f82-a77b-82ac11135ed2,da736b5a-4f7e-4214-8bba-e07fc84d6d8a,FB Post,IMAGE,12.3.2026 22:41:59,Ideální rande 🟰 Bitva o Prahu?! 😍,https://www.facebook.com/1441262177797849/posts/1420433176547416,264,,2,,
@univerzitnihokej,instagram,1e114592-3529-4cfe-9977-2598454053af,23c029f5-b41c-4004-8a6a-e1c26e6d7189,IG Story,VIDEO,17.4.2026 19:48:37,,https://www.instagram.com/stories/univerzitnihokej/3877510708929783827,,1498,,,1
@riderspardubice,instagram,4d6a67ab-9313-4f77-a82e-abb18adbca5d,8727fcef-aa30-4557-a89f-e3f3b015f467,IG Story,VIDEO,10.4.2026 8:01:00,,https://www.instagram.com/stories/riderspardubice/3872081115679062883,,560,,,
@univerzitnihokej,instagram,1e114592-3529-4cfe-9977-2598454053af,9cd61a49-6337-424c-8f0a-35538891c7a0,IG Story,VIDEO,17.4.2026 20:16:13,,https://www.instagram.com/stories/univerzitnihokej/3877524598929510658,,1372,,,
@cvutengineers,instagram,11963a07-7f0f-48e6-9d81-aa63a7ff4a04,1e291045-ae97-4928-bf6c-09c51cf32cf6,IG Story,VIDEO,8.4.2026 17:21:10,KISS FOR LUCK,https://www.instagram.com/stories/cvutengineers/3870913520405843763,,984,,,2
@vutcavaliersbrno,instagram,b384bebf-72f3-4f9d-8b2d-3677709f6966,4632f9e2-3d9d-4738-9a83-c43e26368b4e,IG Story,IMAGE,1.4.2026 17:10:53,,https://www.instagram.com/stories/vutcavaliersbrno/3865834903979966532,,493,,,
@hcmuni,facebook,d1f9e9f9-7526-42d4-85aa-13f91e89f7cf,b65ee54e-1556-4139-bd9b-80a583b7d4b0,FB Post,ALBUM,26.3.2026 16:23:59,"Poslední zápas ve velkém stylu!🐻🏒 Děkujeme moc všem za podporu a vidíme se příští sezonu 💙

📸 @zdeny_99 

#hcmuni",https://www.facebook.com/1581741777288398/posts/1576851724444070,759,,10,,
@riderspardubice,facebook,f99ed6c3-17cc-46f4-a32e-d9b0576ce2df,b94e5211-51ca-4e31-bc85-d5d7aa5da210,FB Post,IMAGE,20.3.2026 15:48:05,"Hey Erasmus students! 🌍✨

Looking for a unique Czech student experience? Join us for an unforgettable night full of energy, emotions, and true university spirit! 🏒🔥

Come and enjoy a University Hockey Derby – a traditional rivalry between two neighboring cities, Pardubice and Hradec Králové. Expect loud fans, minigames for fans and an incredible atmosphere you don’t want to miss!

📅 March 23
🕢 7:45 PM
📍 Enteria Arena, Pardubice

This game is also special as it’s the last home match of the regular season – and a final farewell to two key players of the Riders team. Let’s give them a proper send-off together ❤️

🎟️ Get your ticket in BIO!",https://www.facebook.com/1592662819534019/posts/1581683907298577,292,,1,,
@univerzitnihokej,facebook,01b45180-0b14-4a14-96e8-d0a4bab1fb9f,7fb51190-f4bc-40a3-8878-b6627cbee093,FB Post,IMAGE,11.3.2026 21:35:08,ZOTT nejhladovější hráč @pastak22 🥛Otevřel skóre zápasu a teď si otevře zásobu ZOTT HUNGRY 🤤,https://www.facebook.com/1275398168115026/posts/1259018023086374,886,,,,
@riderspardubice,facebook,f99ed6c3-17cc-46f4-a32e-d9b0576ce2df,58aa08e5-3c66-42d9-9dc6-7751724212cc,FB Post,IMAGE,17.4.2026 7:52:51,"Pardubáci jedeme do Prahyyyy! 🥁
Po druheee! 😂

Sejdeme se před druhou hodinou na Pardubice hl. n. a ve 14:00 vyrazíme směr zimní stadion Eden! 

Však to znáte, stejně jako včera!",https://www.facebook.com/1592662819534019/posts/1607066348093666,1626,,3,,
@vutcavaliersbrno,instagram,b384bebf-72f3-4f9d-8b2d-3677709f6966,99c16a43-aa40-4e6a-8c8a-373350bea72b,IG Story,VIDEO,1.4.2026 19:39:12,,https://www.instagram.com/stories/vutcavaliersbrno/3865909564193425238,,399,,,
vsefalcons,instagram,709fceba-e311-48e7-9057-f54a587abf4a,24929d01-910d-4f6d-8672-ddbda0736ad6,IG Story,VIDEO,2.3.2026 8:25:05,GAMEDAY,https://www.instagram.com/stories/vsefalcons/3843827008874754955,724,913,,,
vsefalcons,instagram,709fceba-e311-48e7-9057-f54a587abf4a,7c11b7eb-c7f1-48fa-b183-85c3d1512153,IG Story,VIDEO,12.4.2026 19:44:12,VŠE vs. ČVUT VŠE vs. ČVUT ONCE AGAIN ONCE AGAIN,https://www.instagram.com/stories/vsefalcons/3873884610513867595,649,455,,,2
@akademiciplzen,instagram,65494228-95bf-4f7b-8e68-d47d7262db66,ef4693dc-a740-43db-80be-04a32915c961,IG Reel,VIDEO,10.3.2026 14:22:38,"Výhra nad Kings chutnala dobře… ale jak moc? 😏🏆
To zjišťovala @deniskaurbankova přímo po zápase. 🎤

#akademiciplzen",https://www.instagram.com/reel/DVtPyICDDJp/,,13426,293,1,22
@univerzitnihokej,instagram,1e114592-3529-4cfe-9977-2598454053af,00eda6ec-00c8-4d71-97f8-869b7e758b70,IG Reel,VIDEO,11.3.2026 19:17:05,"ČSOB CASH ON ICE 🧊🤑
Normálně hledáš drobné po kapsách. Na univerzitním hokeji je najdeš na ledě 🫣",https://www.instagram.com/reel/DVwWQNbCH4M/,,8783,78,,5
@riderspardubice,instagram,4d6a67ab-9313-4f77-a82e-abb18adbca5d,2813bb43-ba07-4b97-8436-e1b080820d8d,IG Story,VIDEO,31.3.2026 20:26:25,BENEŠ,https://www.instagram.com/stories/riderspardubice/3865208557340266722,,790,,,3
@akademiciplzen,instagram,65494228-95bf-4f7b-8e68-d47d7262db66,48091aaa-32f5-4d91-b3b4-9bc7e60fc65c,IG Reel,VIDEO,8.4.2026 13:26:13,"Chceš vyhrát 100 000 Kč? 👀 Založ si účet u ČSOB a jsi ve hře! 💙

A jestli náhodou budeš na @unihokejfinalfour , nezapomeň, že s kartou ČSOB tam na tebe čeká 20% cashback na pivo a drinky! 🍻

Link na založení účtu najdeš u nás ve stories! 

#akademiciplzen",https://www.instagram.com/reel/DW30cNuDB5Q/,,17229,336,2,21
@riderspardubice,instagram,4d6a67ab-9313-4f77-a82e-abb18adbca5d,8d918921-510b-4e47-9809-259a4e7e3534,IG Story,VIDEO,31.3.2026 18:54:32,2:2,https://www.instagram.com/stories/riderspardubice/3865162340446767810,,904,,,2
@riderspardubice,instagram,4d6a67ab-9313-4f77-a82e-abb18adbca5d,94bc0a98-0a68-4084-b297-08a7de6b7278,IG Story,VIDEO,31.3.2026 11:53:05,MÍŘÍME DO OSTRAVY!,https://www.instagram.com/stories/riderspardubice/3864950175941028045,,1019,,,
vsefalcons,instagram,709fceba-e311-48e7-9057-f54a587abf4a,a7cb0e50-fe66-4fb5-9b76-cdc571d41c3a,IG Story,IMAGE,26.1.2026 17:31:44,0 0,https://www.instagram.com/stories/vsefalcons/3818735008165191163,,892,,,
@218107044725785,facebook,7a942e3e-6c47-4794-9ba7-bbc7b6d40cb3,f1265eeb-24e0-4d6c-bf96-4733132f66e9,FB Video,VIDEO,9.3.2026 21:36:51,"Zítra. 19:30. Kateřinky.

Lístky na profilu. Dobrou noc.",https://www.facebook.com/reel/858873940501015/,257,83,6,,
@bitvaoprahu,facebook,75e0f41f-82be-4f82-a77b-82ac11135ed2,e15c84fd-b625-4005-907b-88eb763282df,FB Video,VIDEO,13.3.2026 16:10:09,"Finálový večer, na který jen tak prostě nezapomeneš? 🟰❤️

Tohle je @bitvaoprahu ! 🔥🔥🔥 #univerzitnihokej",https://www.facebook.com/reel/26317580911195160/,634,103,5,,
@riderspardubice,facebook,f99ed6c3-17cc-46f4-a32e-d9b0576ce2df,65e4a549-be57-45b4-83a7-6176cf1befcc,FB Post,IMAGE,18.3.2026 18:03:43,"Poslední zápas v dresu Riders pro @dominikkopecky_99 a @daniel.skryp! 🔥

Přijď kluky podpořit a rozloučit se s nimi na zápas proti @united_hk! 

Lastdance
🗓️ 23.3. v 19:45
📍 v Enteria Arena 
⚔️ proti @united_hk 

Odkaz na vstupenky najdeš v BIU!🎟️ (I se slevičkou!🤭)

#lastdance#riders",https://www.facebook.com/1592662819534019/posts/1579854104148224,146,,1,,
@riderspardubice,instagram,4d6a67ab-9313-4f77-a82e-abb18adbca5d,df62725c-5e7c-4d72-9b1a-13588479d232,IG Story,VIDEO,17.4.2026 20:45:18,,https://www.instagram.com/stories/riderspardubice/3877539115768225309,,746,,,1
@BOhokej,facebook,c9082543-a03b-490f-8f97-66d439acce89,64098848-8865-4f79-9262-02e2b8805994,FB Video,VIDEO,27.3.2026 19:16:45,"Paparazzi už to ví… Tak si to zapiš taky! 👀

31.3. nás čeká play-in a půjde o všechno! 🔥

#savethedate #hockey #hockeygame",https://www.facebook.com/reel/927894796878842/,457,202,1,,
@boostrava,instagram,1176ddaf-d366-48a2-9639-3c6694c72c85,a4aaae1c-31f3-44eb-aecb-915fcf76056d,IG Story,VIDEO,14.4.2026 10:26:45,,https://www.instagram.com/stories/boostrava/3875053583683299510,,509,,,
@united_hk,instagram,b18c071b-0570-48b2-b743-990c668c3c5b,cc00be00-cac8-488e-9731-85a48c6d2861,IG Story,VIDEO,17.4.2026 20:06:37,,https://www.instagram.com/stories/united_hk/3877519588002903113,,364,,,
@univerzitnihokej,facebook,01b45180-0b14-4a14-96e8-d0a4bab1fb9f,0cdb714f-aab1-4167-a9c4-2e1626ba7f50,FB Video,VIDEO,31.3.2026 11:59:47,,https://www.facebook.com/reel/951074087309294/,1423,544,5,,
vsefalcons,instagram,709fceba-e311-48e7-9057-f54a587abf4a,9b45fc48-d857-4a8e-9eb4-5bdd6fa0216c,IG Story,VIDEO,24.3.2026 18:40:31,,https://www.instagram.com/stories/vsefalcons/3860081817483225977,803,697,,,
@VUTCavaliersBrno,facebook,3351b43e-4b71-442b-b2f1-920cd6e57ee5,9fb03740-6353-4eb9-9cad-f482dac3e686,FB Video,VIDEO,18.3.2026 9:57:21,@ada.behal on 🔥,https://www.facebook.com/reel/2160488538087594/,1150,558,4,,
@riderspardubice,instagram,4d6a67ab-9313-4f77-a82e-abb18adbca5d,1d824c03-3aaf-46b9-af0a-53ea914810aa,IG Story,IMAGE,17.4.2026 13:15:42,ZPÁTKY DO PRAHY!,https://www.instagram.com/stories/riderspardubice/3877312945449625462,,1172,,,
@riderspardubice,instagram,4d6a67ab-9313-4f77-a82e-abb18adbca5d,272aa57c-f75a-475e-ad1f-35d16c51aa13,IG Story,VIDEO,8.4.2026 17:26:59,CO BY TO BYLO PLAY-IN BEZ NAŠÍ PODPORY!🫂❤️,https://www.instagram.com/stories/riderspardubice/3870916443810615687,,963,,,5
@univerzitnihokej,instagram,1e114592-3529-4cfe-9977-2598454053af,f94bd8dc-9299-4170-8992-5fbe778d6731,IG Story,VIDEO,8.4.2026 19:24:47,5 2,https://www.instagram.com/stories/univerzitnihokej/3870975735263441160,,701,,,1
univerzitnihokej,tiktok,01c88cf9-594f-408e-a45a-95114221acae,fed931bb-1291-4959-87ad-80223f6f7b0a,TT Video,VIDEO,17.4.2026 15:33:55,Zaostřili jsme si na srovnávací gól @vsefalcons 🔍,https://www.tiktok.com/@univerzitnihokej/video/7629751819312434454?utm_campaign=tt4d_open_api&utm_source=7348986504397455361,,659,32,,
vsefalcons,instagram,709fceba-e311-48e7-9057-f54a587abf4a,b3a463be-6a97-4299-824b-07727dd23196,IG Story,VIDEO,2.3.2026 18:33:11,"PRO
ŠTĚSTÍ",https://www.instagram.com/stories/vsefalcons/3844133446218195059,651,807,,,
vsefalcons,instagram,709fceba-e311-48e7-9057-f54a587abf4a,bdd0a863-5b1d-44cb-a97f-67789dc3bb8b,IG Story,VIDEO,17.2.2026 22:07:32,3 BODÍKY DOMA,https://www.instagram.com/stories/vsefalcons/3834818880363609150,595,755,,,1
vsefalcons,instagram,709fceba-e311-48e7-9057-f54a587abf4a,bf908121-3447-4463-b1d0-ca05f674141b,IG Reel,VIDEO,19.4.2026 9:16:06,"Tohle je za pokutu, ne? @mila_prehled_22 🤔",https://www.instagram.com/reel/DXTtBZpiAlr/,,9995,227,1,13
@cvutengineers,instagram,11963a07-7f0f-48e6-9d81-aa63a7ff4a04,fbfaf24b-a366-4d33-9dfb-21f10fa322b6,IG Story,VIDEO,15.4.2026 20:32:04,,https://www.instagram.com/stories/cvutengineers/3876083021871102274,,508,,,3
@VUTCavaliersBrno,facebook,3351b43e-4b71-442b-b2f1-920cd6e57ee5,0cff5d7c-02a0-49de-ac2c-86cbbd98d0e7,FB Video,VIDEO,24.3.2026 15:58:30,🏒 Včerejší trénink s dětmi z @hcmysterykurim ❤️‍🔥,https://www.facebook.com/reel/26217626444598248/,1377,440,7,,
@cvutengineers,instagram,11963a07-7f0f-48e6-9d81-aa63a7ff4a04,68453d10-1a54-4a4b-89d4-5911e254cfee,IG Story,VIDEO,4.4.2026 12:31:43,,https://www.instagram.com/stories/cvutengineers/3867868717543865722,,1213,,,
@riderspardubice,instagram,4d6a67ab-9313-4f77-a82e-abb18adbca5d,cf3ed5f9-18ff-4c57-864b-9ba4d23857ab,IG Reel,VIDEO,17.4.2026 15:34:50,"Sorry, můj tým hraje o bronz na @unihokejfinalfour 🙌",https://www.instagram.com/reel/DXPOuc2DK4_/,,6209,217,,10
@riderspardubice,facebook,f99ed6c3-17cc-46f4-a32e-d9b0576ce2df,1d25e432-7529-4d3c-9ffd-99c16c148699,FB Video,VIDEO,22.3.2026 18:00:50,"Co Kopec studoval než k nám přestoupil? 🤔

Tipujte v komentářích a správnou odpověď se dozvíš zítra na poslední zápase semestru! 

Derby s @united_hk už zítra od 19:45 a vstupenky koupíš přes dokaž v BIU!",https://www.facebook.com/reel/26543046598638677/,464,133,1,,
@riderspardubice,instagram,4d6a67ab-9313-4f77-a82e-abb18adbca5d,5c9c788a-8d15-4252-b0bb-07d3d72c0cc0,IG Reel,VIDEO,9.3.2026 18:29:21,Kluci vědí jak to chodí! 🍻,https://www.instagram.com/reel/DVrHk4-DGGz/,,16015,353,2,43
vsefalcons,instagram,709fceba-e311-48e7-9057-f54a587abf4a,993a0747-9036-4354-a10d-41a0b71028b9,IG Post,CAROUSEL_ALBUM,26.12.2025 15:01:08,Co by to bylo za vánoční svátky bez fotek u stromečku 🎄 užívejte pohádek a cukroví 🫶🏼,https://www.instagram.com/p/DSux7aWCDGc/,,14181,409,13,90
@univerzitnihokej,instagram,1e114592-3529-4cfe-9977-2598454053af,ea73c909-7629-4949-a44a-712eebe78879,IG Post,IMAGE,8.4.2026 11:01:32,"Studentský život v kapse 📱 Seznam se s apkou @unilifecz 🚀

Zápasy, eventy ve městě a výhody, který nechceš minout. Tak stahuj aplikaci do svého telefonu! 📲",https://www.instagram.com/p/DW3kYqViPdi/,,13569,137,,17
vsefalcons,instagram,709fceba-e311-48e7-9057-f54a587abf4a,ebdcd7a3-b69f-4a52-bdda-9b3f70403802,IG Reel,VIDEO,25.3.2026 18:40:22,"Když se říká, že 2026 je nový 2016,
tak mannequin challenge byla vlastně povinnost. 😎

Teď je na řadě další povinnost ➡️
poslední domácí zápas 31. dubna. Buď u toho.",https://www.instagram.com/reel/DWUUTzJCEtd/,,5312,168,3,16
vsefalcons,instagram,709fceba-e311-48e7-9057-f54a587abf4a,3b0aef42-a07e-46fa-8d77-09ee19aee1ab,IG Story,VIDEO,15.2.2026 11:29:42,🎟️ 👆🏼,https://www.instagram.com/stories/vsefalcons/3833048273342984895,627,627,,,
vsefalcons,instagram,709fceba-e311-48e7-9057-f54a587abf4a,5b533383-a06a-42a8-9a00-64aaaaf50b25,IG Story,IMAGE,13.3.2026 16:22:12,,https://www.instagram.com/stories/vsefalcons/3852039664446263778,892,939,,,1
@bitvaoprahu,instagram,d7c8aa06-74fb-4c6c-a7d2-c2fe1bf6d59c,5c4d8a93-48d7-4079-97d1-6a2a46edbae8,IG Post,IMAGE,11.4.2026 13:17:41,@unihokejfinalfour 2026 is the new Bitva o Prahu 😛,https://www.instagram.com/p/DW_hxklDL9Y/,,17645,648,1,16
@riderspardubice,instagram,4d6a67ab-9313-4f77-a82e-abb18adbca5d,6a17add8-6750-45e3-ae70-b7407df2df58,IG Post,IMAGE,9.4.2026 14:25:43,"V neděli budeme bojovat v lucky loser game o postup do @unihokejfinalfour !

 Lucky loser game
🗓️ 12.4.  v 13:15
📍 v Hokejové Centrum Pouzar
⚔️ proti @blackdogsbudweis_vste 

#luckylosergame#riders",https://www.instagram.com/p/DW6gEk2DOSA/,,2489,55,2,8
@vutcavaliersbrno,instagram,b384bebf-72f3-4f9d-8b2d-3677709f6966,7e2bea22-ec52-43b1-b2fb-e474b5dbb773,IG Reel,VIDEO,9.4.2026 11:55:32,"Chceš vyhrát 100 000 Kč? 🤯 Tohle určitě není AI 👀
Založ si účet u ČSOB a zapoj se do hry! 👈

A jestli plánuješ jet na @unihokejfinalfour , s kartou od ČSOB máš cashback 20% na pivo a drinky! 🍹",https://www.instagram.com/reel/DW6POKpCBNH/,,1612,36,,16
vsefalcons,instagram,709fceba-e311-48e7-9057-f54a587abf4a,827e5c0d-f094-40de-a5e5-51a8f0998fcb,IG Story,VIDEO,26.1.2026 19:08:24,JDEME DO PRODLOUŽENÍ,https://www.instagram.com/stories/vsefalcons/3818783640507646838,,853,,,
@univerzitnihokej,instagram,1e114592-3529-4cfe-9977-2598454053af,9ed23cb7-ca8f-4633-9346-690cf6ecc4ec,IG Post,IMAGE,22.3.2026 17:55:23,"V předposledním týdnu základní části překvapili Riders v Ostravě, BOčko naopak sebralo bod druhým Engineers po prodloužení. 🫨 UNIted, Black Dogs i Akademici přestříleli soupeře z nižších pozic a berou 3 body. 🙏🏼",https://www.instagram.com/p/DWMhQudiF1Q/,,3287,63,,2
@united_hk,instagram,b18c071b-0570-48b2-b743-990c668c3c5b,d461cad4-3672-45cb-96c0-369f40094ce2,IG Post,IMAGE,22.4.2026 8:06:54,"Děkujeme společnosti JCI a.s. za podporu v sezoně 2025/26.

Pojišťovací zprostředkovatel, který pomáhá s výběrem a správou pojištění pro jednotlivce i firmy.

Díky, že stojíte za UNIted HK. 🖤🧡",https://www.instagram.com/p/DXbThRHCO10/,,505,3,,
vsefalcons,instagram,709fceba-e311-48e7-9057-f54a587abf4a,3ed79312-c856-49ed-911a-4a16fa393da9,IG Story,VIDEO,31.3.2026 15:12:08,,https://www.instagram.com/stories/vsefalcons/3865050397442317789,998,900,,,
@AkademiciPlzen,facebook,d87b94e3-03e8-45d0-b92e-75e9b819545c,9274c429-8cea-4d25-b78d-95f9938c8cc0,FB Post,IMAGE,13.4.2026 10:22:57,"Poslední trénink plný úsměvů, výměny rolí a dokonce i menší bitky. 👀🥊

Seriózní příprava na další sezónu proběhne někdy příště😁

#akademiciplzen 💙 | 📸 @vpotocesevodatoci",https://www.facebook.com/1357105236437494/posts/1366848835463134,995,,8,,
vsefalcons,instagram,709fceba-e311-48e7-9057-f54a587abf4a,9039b49b-b826-4223-aee2-c9ce28c8a668,IG Story,VIDEO,26.1.2026 17:01:17,,https://www.instagram.com/stories/vsefalcons/3818719654152030190,,1015,,,3
vsefalcons,instagram,709fceba-e311-48e7-9057-f54a587abf4a,0d5e6f73-da29-4675-975f-5f544a70b083,IG Story,VIDEO,10.3.2026 19:25:40,otevírá skóre zápasu 🫨,https://www.instagram.com/stories/vsefalcons/3849957713979664371,,,,,
@riderspardubice,instagram,4d6a67ab-9313-4f77-a82e-abb18adbca5d,446442c9-db22-49f2-ae10-6c4d9717cc14,IG Story,VIDEO,12.4.2026 15:14:59,VSTUPENKA NA @unihokejfinalfour MÁ SVÉ MÍSTO V BUSE!,https://www.instagram.com/stories/riderspardubice/3873749107089365607,,1102,,,2
vsefalcons,instagram,709fceba-e311-48e7-9057-f54a587abf4a,d91b026d-d713-44ff-908e-222ae987a370,IG Story,VIDEO,16.3.2026 18:05:14,@_lukas_novak_92_ chce asi rozjet golmanskou kariéru 🥅 👀,https://www.instagram.com/stories/vsefalcons/3854265895153617934,855,741,,,2
@AkademiciPlzen,facebook,d87b94e3-03e8-45d0-b92e-75e9b819545c,db38b69c-258b-4f6c-90e3-6df5f6ebaf8d,FB Post,IMAGE,16.7.2026 12:24:22,"MVP sezóny 🏆

Tomáš Pánek si z letošního Galavečera odnesl ocenění pro nejužitečnějšího hráče sezóny.

Jako asistent kapitána byl jedním z lídrů našeho týmu na ledě i v kabině. Aktuálně dokončil bakalářské studium, s univerzitním výběrem vybojoval bronz na Viking Cupu v Kanadě, reprezentoval nás na US College Tripu a svými výkony si vysloužil také pozvánku na přípravný kemp před Zimními světovými univerzitními hrami 2027.

Jsme hrdí, že součástí našeho týmu je právě takový srdcař! 💙

#akademiciplzen | 🎥 @yzproduction.cz | 📷 @vpotocesevodatoci",https://www.facebook.com/1357105236437494/posts/1447462820735068,683,,4,,
@BOhokej,facebook,c9082543-a03b-490f-8f97-66d439acce89,28a2eb2c-c01c-4396-a572-b2f6ee95bfab,FB Video,VIDEO,31.3.2026 21:56:14,"Vyraž s @kfc_cz kyblíkem do boje! 🔥

To jak ho využiješ je jen na tobě! 🍗

#kfc #kyblik",https://www.facebook.com/reel/2033819194151460/,447,141,2,,
@riderspardubice,facebook,f99ed6c3-17cc-46f4-a32e-d9b0576ce2df,86d9d3db-5833-44ec-b0b4-c8471eb14915,FB Post,IMAGE,17.4.2026 15:30:30,Druhá třetina před námi! 🏒,https://www.facebook.com/1592662819534019/posts/1607393231394311,227,,4,,
vsefalcons,instagram,709fceba-e311-48e7-9057-f54a587abf4a,d8d532c0-157c-4052-873e-ae1ea28fd7f5,IG Story,VIDEO,9.3.2026 11:07:20,kdo se šprtá v coworku? 😏,https://www.instagram.com/stories/vsefalcons/3848982105934020462,801,,,,
@bitvaoprahu,facebook,75e0f41f-82be-4f82-a77b-82ac11135ed2,f291f8bb-4046-4f4b-b2e9-7c85b23cca28,FB Post,IMAGE,12.3.2026 15:46:20,"FIRST GAME COMIN’! ⏳🔜

Bitva o bronz: Kdo dnes urve malé pražské derby? 🔥",https://www.facebook.com/1441262177797849/posts/1420206996570034,144,,,,
@hcmuni,facebook,d1f9e9f9-7526-42d4-85aa-13f91e89f7cf,400dfd61-5bac-4492-b50c-28a241b45f6a,FB Post,IMAGE,19.3.2026 11:42:01,"COLD mode ON🔥, tím se řídí náš @_novas_44_ 
8 gólů, 4 asistence, 6 zápasů⚔️
Nejmladší hráč @univerzitnihokej a nejlepší střelec MUNI🏒

#hcmuni",https://www.facebook.com/1581741777288398/posts/1569724008490175,3750,,88,,
@AkademiciPlzen,facebook,d87b94e3-03e8-45d0-b92e-75e9b819545c,533a13bb-a8d6-40f2-8f6b-abbeef439d68,FB Post,IMAGE,12.3.2026 11:45:04,"Kup si lístek na zápas a vyhraj lístky do kina! 🍿

Ve středu 1. 4. hrajeme s největší pravděpodobností poslední domácí zápas v téhle sezóně. Jedná se o zápas Play-in (nový formát Play-off). Přijďte udělat pořádný kotel, budeme vás potřebovat! 💙

Všichni, kdo si koupí vstupenku na tento zápas, automaticky zařazujeme do slosování o 2x2 lístky na zítřejší maraton 6 dílů Heated Rivalry v plzeňské Olympii.

Vyhlášení vítězů zítra v 10:30. 😎

Nenech si to utéct, kupuj lístky v komentářích a buď u toho! 🔥

#akademiciplzen",https://www.facebook.com/1357105236437494/posts/1340648051416546,681,,3,,
@cvutengineers,instagram,11963a07-7f0f-48e6-9d81-aa63a7ff4a04,6e5a710c-8a80-49d0-a900-60346fa1169b,IG Story,VIDEO,15.4.2026 6:38:58,,https://www.instagram.com/stories/cvutengineers/3875663740452742934,,1732,,,19
vsefalcons,instagram,709fceba-e311-48e7-9057-f54a587abf4a,b77cd506-030d-4bb2-a93e-15b92637b310,IG Story,VIDEO,12.3.2026 15:38:11,VIP servis 💅🏼,https://www.instagram.com/stories/vsefalcons/3851292766194137318,,1428,,,1
vsefalcons,instagram,709fceba-e311-48e7-9057-f54a587abf4a,f504002d-4a24-4a15-8567-f333b6767f9c,IG Story,IMAGE,17.4.2026 17:11:31,,https://www.instagram.com/stories/vsefalcons/3877431640939324823,866,828,,,1
@riderspardubice,instagram,4d6a67ab-9313-4f77-a82e-abb18adbca5d,1f640587-3ecc-458c-a301-6b64af75066a,IG Reel,VIDEO,26.4.2026 12:34:37,,https://www.instagram.com/reel/DXmFSDvDMqw/,,5970,122,6,3
@engineersprague,facebook,afd06d1d-7b1c-4f66-8d93-ce4255ab773c,881aa2b8-2109-4572-b6b1-33039f9a7edb,FB Story,VIDEO,10.3.2026 18:39:08,,,,,,,
@riderspardubice,instagram,4d6a67ab-9313-4f77-a82e-abb18adbca5d,8ba21ff4-acbf-44a0-a0e9-092138e68506,IG Story,VIDEO,12.4.2026 12:53:44,,https://www.instagram.com/stories/riderspardubice/3873678027066723558,,1094,,,1
@univerzitnihokej,facebook,01b45180-0b14-4a14-96e8-d0a4bab1fb9f,c18ab7be-a3bd-4814-b543-9c89dc48f35b,FB Post,IMAGE,9.4.2026 10:26:12,VŠE Falcons přiletí 16.4. taky do Edenu! 🦅 Vstupenky na finalfour.cz 🎟️,https://www.facebook.com/1275398168115026/posts/1281862870801889,537,,4,,
@boostrava,instagram,1176ddaf-d366-48a2-9639-3c6694c72c85,ca36f5b6-2a01-400e-bbea-de39f4686137,IG Story,VIDEO,31.3.2026 16:37:02,JDEME NA TO! 🔥,https://www.instagram.com/stories/boostrava/3865093116303015355,,826,,,1
@riderspardubice,facebook,f99ed6c3-17cc-46f4-a32e-d9b0576ce2df,ea07b9e4-bf6b-4b51-81bf-6cf37b5cb031,FB Video,VIDEO,17.4.2026 15:17:35,"Tak co, povedal to?",https://www.facebook.com/reel/3816400028497235/,1167,362,4,,
vsefalcons,instagram,709fceba-e311-48e7-9057-f54a587abf4a,2cbbb780-21c3-48e0-876e-7be3fc87dc45,IG Story,VIDEO,9.3.2026 22:07:29,,https://www.instagram.com/stories/vsefalcons/3849314421201996098,705,,,,1
@riderspardubice,instagram,4d6a67ab-9313-4f77-a82e-abb18adbca5d,5785b9e9-8601-4669-8779-f0c804751b9b,IG Story,VIDEO,12.4.2026 11:24:13,1. GÓL: @stagr20 ! 🗣️ 1:0,https://www.instagram.com/stories/riderspardubice/3873632999275495987,,2606,,,1
@riderspardubice,instagram,4d6a67ab-9313-4f77-a82e-abb18adbca5d,59eb894e-68fe-415b-9587-69a7b70573e1,IG Reel,VIDEO,19.3.2026 14:28:02,"Co Muškys Danovi vzkázal? 

To se dozvíte už 23. března v enteria areně!

Zatím tipujte v komentářích! 
Vstupenky koupíš přes odkaz v BIU 🎟️",https://www.instagram.com/reel/DWEb-opjCxn/,,3565,42,4,5
@univerzitnihokej,instagram,1e114592-3529-4cfe-9977-2598454053af,e60ad200-f94a-426f-9d3f-0b28170e5e08,IG Post,IMAGE,5.3.2026 17:47:37,"Finále univerzitního hokeje se blíží 🔥 1. vlna denních balíčků na FINAL FOUR je v prodeji a nejlevnější lístky pořiďte do 1. 4. ⏳

🎟️ www.finalfour.cz",https://www.instagram.com/p/DVgv1MvCO5j/,,4019,45,,14
vsefalcons,instagram,709fceba-e311-48e7-9057-f54a587abf4a,8edc7c90-3c85-4aa7-bcd1-21c24c6e3277,IG Reel,VIDEO,6.1.2026 19:53:33,první tréninky po vánocích těžkyyyy 😮‍💨😮‍💨,https://www.instagram.com/reel/DTLoBQ7CJTP/,,6013,144,,23
vsefalcons,instagram,709fceba-e311-48e7-9057-f54a587abf4a,db798b61-2aeb-4c30-87db-5c174f980860,IG Story,VIDEO,16.2.2026 7:59:47,🤩 MÁME PRO VÁS SLEVIČKUU,https://www.instagram.com/stories/vsefalcons/3833667480363526165,704,849,,,
@univerzitnihokej,instagram,1e114592-3529-4cfe-9977-2598454053af,45fd93b0-5475-406b-a9b6-b54fe161791e,IG Post,IMAGE,1.4.2026 10:35:17,"Semifinále play-in dnes večer uzavře duel v plzeňské aréně 🙌🏼

Akademici 🆚 Farmers
Kdo zvítězí a bude o krok blíž k Final Four?",https://www.instagram.com/p/DWlf0UAiGxj/,,9804,121,,21
vsefalcons,instagram,709fceba-e311-48e7-9057-f54a587abf4a,6ec65ec8-98c2-450f-a678-db5999d35e9f,IG Story,VIDEO,17.4.2026 14:07:28,,https://www.instagram.com/stories/vsefalcons/3877338858304094887,903,918,,,1
@univerzitnihokej,instagram,1e114592-3529-4cfe-9977-2598454053af,83d8b678-16a2-4bf7-b6e8-e66b9f58aa9c,IG Story,VIDEO,12.4.2026 11:50:37,,https://www.instagram.com/stories/univerzitnihokej/3873646243234720010,,1391,,,1
univerzitnihokej,tiktok,01c88cf9-594f-408e-a45a-95114221acae,af73741f-9c3b-4899-acc0-79a7b5e4490e,TT Video,VIDEO,13.4.2026 16:45:30,"VŠE fans, máte už svůj lístek na Final Four? Váš tým vás potřebuje 🦅 finalfour.cz 🎟️",https://www.tiktok.com/@univerzitnihokej/video/7628285923989540118?utm_campaign=tt4d_open_api&utm_source=7348986504397455361,,436,21,1,
@218107044725785,facebook,7a942e3e-6c47-4794-9ba7-bbc7b6d40cb3,c14791b2-421c-4657-b33b-b530f608c68b,FB Post,IMAGE,16.4.2026 20:56:17,"Dnes to nevyšlo podle představ, ale nevzdáváme se a bojujeme dál! 💪🏼

Děkujeme všem za podporu a vidíme se zítra zase v Edenu 🦅 Vstupenky můžete zakoupit na finalfour.cz 🎟️",https://www.facebook.com/122282816036218300/posts/122284392866218300,242,,13,,
@univerzitnihokej,instagram,1e114592-3529-4cfe-9977-2598454053af,dda1aee9-8a37-4cec-b609-596db92c7527,IG Story,VIDEO,27.4.2026 18:01:39,JAK VYPADALO HISTORICKY PRVNÍ @unihokejfinalfour ? 🤗 👀 🎥,https://www.instagram.com/stories/univerzitnihokej/3884704519539980887,,1325,,,5
@univerzitnihokej,facebook,01b45180-0b14-4a14-96e8-d0a4bab1fb9f,20ab3801-ba05-42a3-8adc-67fc37707980,FB Video,VIDEO,5.3.2026 19:01:51,"Je hladoveeej🤤🤤

#zott #zotthungry #zotthungrydrinkthis",https://www.facebook.com/reel/1634483551080680/,2635,1234,7,,
@riderspardubice,instagram,4d6a67ab-9313-4f77-a82e-abb18adbca5d,275cd0d1-0a7c-4925-b6f5-6982398c0100,IG Story,VIDEO,12.4.2026 17:53:41,BENEŠ,https://www.instagram.com/stories/riderspardubice/3873828995259454441,,647,,,
@riderspardubice,instagram,4d6a67ab-9313-4f77-a82e-abb18adbca5d,6b03aa2f-75de-42f6-bd94-027e3ce19850,IG Post,IMAGE,23.3.2026 8:03:43,"Poslední zápas v dresu Riders pro @dominikkopecky_99 a @daniel.skryp! 🔥

Přijď kluky podpořit a rozloučit se s nimi v derby proti @united_hk! 

Lastdance
🗓️ 23.3. v 19:45
📍 v Enteria Arena 
⚔️ proti @united_hk 

Odkaz na vstupenky najdeš v BIU!🎟️ (I se slevičkou!🤭)

#lastdance#riders",https://www.instagram.com/p/DWODJyYDAuQ/,,4541,51,,3
@riderspardubice,instagram,4d6a67ab-9313-4f77-a82e-abb18adbca5d,7321319a-0f32-45ea-a84d-90abc56ded63,IG Story,STORY,31.3.2026 19:49:44,JDEME DO PRODLOUŽENÍ 2:2,https://www.instagram.com/stories/riderspardubice/3865190085499673502,,697,,,
vsefalcons,instagram,709fceba-e311-48e7-9057-f54a587abf4a,a58c14b7-a913-4384-bffd-40764be58f97,IG Story,VIDEO,24.2.2026 18:37:27,"🎟️ 🎟️ najdi TICKET na zimáku
a získej lístek na příští zápas",https://www.instagram.com/stories/vsefalcons/3839786566801748709,740,915,,,8
@riderspardubice,instagram,4d6a67ab-9313-4f77-a82e-abb18adbca5d,b8b7b00d-5040-4f1b-be54-e49d49723e62,IG Reel,VIDEO,22.3.2026 18:00:36,"Co Kopec studoval než k nám přestoupil? 🤔

Tipujte v komentářích a správnou odpověď se dozvíš zítra na poslední zápase semestru! 

Derby s @united_hk už zítra od 19:45 a vstupenky koupíš přes dokaž v BIU!",https://www.instagram.com/reel/DWMikBpjMM5/,,4240,78,,5
@univerzitnihokej,facebook,01b45180-0b14-4a14-96e8-d0a4bab1fb9f,ca1628e7-4424-4ba7-9f94-10ea0f893826,FB Post,IMAGE,2.4.2026 8:26:02,"Semifinále PLAY-IN je za námi, teď už čeká týmy poslední krok před Final Four v Edenu! 😤 Už příští středu poznáme 3️⃣ postupující. O posledním místě se rozhodne v Lucky Loser zápase. ⚔️

Cesta na Final Four se blíží ke konci a všechno to vyvrcholí 16. a 17. dubna v Edenu! 🔥 Vstupenky na finalfour.cz",https://www.facebook.com/1275398168115026/posts/1276356448019198,279,,7,,
@univerzitnihokej,instagram,1e114592-3529-4cfe-9977-2598454053af,e57cd32b-eb4b-4045-aaaa-0655773d226f,IG Post,IMAGE,7.4.2026 10:03:55,"I přes velmi povedenou základní část končí v semifinále play-in také plzeňští Akademici.

Takové momenty ke sportu patří. Díky za nasazení a boj až do konce 👊🏼",https://www.instagram.com/p/DW04_xjiJYG/,,7366,223,,2
@engineersprague,facebook,afd06d1d-7b1c-4f66-8d93-ce4255ab773c,16c9135f-8487-4c3d-ae2f-b230d49d7453,FB Story,VIDEO,12.3.2026 21:57:24,,,,,,,
@AkademiciPlzen,facebook,d87b94e3-03e8-45d0-b92e-75e9b819545c,145971ae-0ba8-4bf8-819b-43d637502dbe,FB Post,IMAGE,4.3.2026 16:07:47,"Dnešní plán je jasnej. ☝🏻

Prvních 100 příchozích do FANZÓNY dostane Proud zdarma, v 18:20 omrkni rozbruslení a v 19:00 začínáme! 🏒

Po zápase se přesuneme do DEPA2015 na afterparty, kde se můžeš těšit na DJ sety a taneční vystoupení @raptor.crew .🪩

#akademiciplzen 💙",https://www.facebook.com/1357105236437494/posts/1334649602016391,384,,2,,
@engineersprague,facebook,afd06d1d-7b1c-4f66-8d93-ce4255ab773c,467cef02-4c05-4275-ad18-fda46741fb38,FB Story,VIDEO,2.3.2026 18:29:51,,,,,,,
@univerzitnihokej,instagram,1e114592-3529-4cfe-9977-2598454053af,603fe154-9a25-4e13-9bb2-a67a529d9ada,IG Post,IMAGE,8.4.2026 8:32:17,"Finále play-in přinese pražské derby 🔥
Všechny výhry na straně UK Kings, ale Farmers ukázali minulý týden, že umí překvapit. 🫡

Na jaké straně Prahy dnes budete stát? 👇🏻",https://www.instagram.com/p/DW3TTdACHOM/,,12453,234,2,19
@riderspardubice,instagram,4d6a67ab-9313-4f77-a82e-abb18adbca5d,8cf7f537-4335-4d6f-a3ec-820501e689d8,IG Story,VIDEO,8.4.2026 19:11:31,JDEME DO 3. TŘETINY!!,https://www.instagram.com/stories/riderspardubice/3870969104723731061,,534,,,
vsefalcons,instagram,709fceba-e311-48e7-9057-f54a587abf4a,eea44079-681c-4351-8441-3ee8d6dffb53,IG Story,VIDEO,12.3.2026 17:42:19,,https://www.instagram.com/stories/vsefalcons/3851355215010220678,1373,1209,,,8
vsefalcons,instagram,709fceba-e311-48e7-9057-f54a587abf4a,2e21be99-e818-40a0-bf4d-eadca51ab1f9,IG Story,VIDEO,3.2.2026 20:17:43,kdo neskáče Oooo Oooo NENÍ FALCONS 📣,https://www.instagram.com/stories/vsefalcons/3824616749794885809,,947,,,3
vsefalcons,instagram,709fceba-e311-48e7-9057-f54a587abf4a,5dbc0e33-852d-474f-9f43-094a4593b0a3,IG Story,VIDEO,14.3.2026 16:11:10,ve stylu,https://www.instagram.com/stories/vsefalcons/3852758965998353042,770,874,,1,3
@riderspardubice,instagram,4d6a67ab-9313-4f77-a82e-abb18adbca5d,85584c18-8d8d-4c9a-9009-3da599c455d4,IG Post,IMAGE,23.3.2026 9:23:28,"Založ si účet u @csobcz přes odkaz v BIU a automaticky se zařadíš do soutěže o 100 000 Kč! 🤑

Kromě toho tě čeká spoustu dalších výhod.

Loni výhru od čtvrt milionu vyhrála studentka UPCE, pojede i letos šek do Pardubic? 👀",https://www.instagram.com/p/DWOMLNkjKMv/,,2554,10,,3
vsefalcons,instagram,709fceba-e311-48e7-9057-f54a587abf4a,397663d6-c1bd-4513-9b5a-92f1443a17b5,IG Story,VIDEO,8.2.2026 17:16:08,👊🏻 ŤUK ŤUK,https://www.instagram.com/stories/vsefalcons/3828149267466850087,,836,,,
vsefalcons,instagram,709fceba-e311-48e7-9057-f54a587abf4a,a5366ab7-4a9c-4571-89e7-633e7e7b6148,IG Story,VIDEO,26.1.2026 8:31:54,GAMEDAY 📞,https://www.instagram.com/stories/vsefalcons/3818463301974105410,,1301,,,1
@BOhokej,facebook,c9082543-a03b-490f-8f97-66d439acce89,d6766922-45ab-4d19-9e33-c7b9d6b16f9e,FB Video,VIDEO,30.3.2026 13:10:20,"ZÍTRA to vypukne! Boj o postup do dalšího kola! 
Přijďte se sladit do 🟠 barev BOČKA, dostat triko zdarma a pivko k tomu🍺. 
📍RT TORAX ARENA 
⏰ 19:30",https://www.facebook.com/reel/2133159070797605/,431,133,5,,
@bitvaoprahu,instagram,d7c8aa06-74fb-4c6c-a7d2-c2fe1bf6d59c,355cdc02-cccd-4398-99de-f446e0cab603,IG Post,IMAGE,12.3.2026 20:55:02,"✨ O tohle tady dnes večer jde! Tento skvost z dílny @cvutpraha je opět pohromadě. 🏆✨

📸 @vratapolivka_photo | #bitvaoprahu",https://www.instagram.com/p/DVzG18Hjl9F/,,35238,666,1,11
@univerzitnihokej,facebook,01b45180-0b14-4a14-96e8-d0a4bab1fb9f,590d2cf0-74a2-4add-a453-8f98eda7ff1e,,TEXT,15.3.2026 20:22:53,"Moravské derby, Bitva o Prahu a pár neuvěřitelně těsných duelů! Skvělý týden Univerzitního hokeje 🤪",https://www.facebook.com/1275398168115026/posts/1262024906119019,568,,,,
@univerzitnihokej,instagram,1e114592-3529-4cfe-9977-2598454053af,7611816c-f444-425c-acd0-2bf4fe6a59c1,IG Story,VIDEO,12.4.2026 7:32:44,,https://www.instagram.com/stories/univerzitnihokej/3873516445564957927,,7477,,,4
vsefalcons,instagram,709fceba-e311-48e7-9057-f54a587abf4a,c5299549-a74e-4ab4-a58a-f7fb983e3dd6,IG Story,VIDEO,29.3.2026 7:19:02,vstupenky k dostání na profilu,https://www.instagram.com/stories/vsefalcons/3863362689053553989,763,884,,,3
vsefalcons,instagram,709fceba-e311-48e7-9057-f54a587abf4a,c732db2d-99ab-445e-90de-59187e2c6b07,IG Story,IMAGE,17.4.2026 15:16:08,,https://www.instagram.com/stories/vsefalcons/3877373572268462044,885,871,,,
@akademiciplzen,instagram,65494228-95bf-4f7b-8e68-d47d7262db66,0ced6148-3ca0-45ac-8860-669730378fca,IG Story,VIDEO,1.4.2026 18:45:43,PŘESTÁVKOVÁ SOUTĚŽ o permanentku na příští sezónu! 🐣,https://www.instagram.com/stories/akademiciplzen/3865882655309170701,,1110,,,14
@AkademiciPlzen,facebook,d87b94e3-03e8-45d0-b92e-75e9b819545c,0297bdd6-ae9e-4723-8a93-682c26e4458b,FB Video,VIDEO,8.3.2026 14:42:20,"ČAU VLOGÍSCI! 👋🏻

Jak vypadá den našich hráčů, když se hraje důležitý zápas? Pověřili jsme Mráwu, který vás provedl bitvou od rána až do rána! 🕺🏻

#akademiciplzen 💙",https://www.facebook.com/reel/2003252677067173/,951,338,3,,
@bitvaoprahu,facebook,75e0f41f-82be-4f82-a77b-82ac11135ed2,69ed7fa3-212a-4651-a175-670f1a847664,FB Post,IMAGE,12.3.2026 10:35:00,"Kdyby ""půjdem s davem"" nestačilo - běžte podle mapičky 🗺️🔍",https://www.facebook.com/1441262177797849/posts/1419981553259245,212,,,,
@riderspardubice,instagram,4d6a67ab-9313-4f77-a82e-abb18adbca5d,947c8e0d-afeb-47fc-84fd-b523e645ab05,IG Story,VIDEO,15.4.2026 7:37:53,,https://www.instagram.com/stories/riderspardubice/3875693365199420626,,1823,,,2
vsefalcons,instagram,709fceba-e311-48e7-9057-f54a587abf4a,23061a82-55ac-45ee-8a2d-b5a70fe09553,IG Reel,VIDEO,10.12.2025 11:22:39,"Poslední týden semestru jsme si nemohli zpříjemnit jinak než výhrou nad lídrem tabulky @ukkingsprague 😋 

Pojďte si užít oslavy s námi ⬆️🥳",https://www.instagram.com/reel/DSFL6NNiIkA/,,4922,171,3,8
@riderspardubice,instagram,4d6a67ab-9313-4f77-a82e-abb18adbca5d,c6147a26-5272-482e-b03c-67d4bc38a6ee,IG Story,VIDEO,31.3.2026 18:12:08,KUCHTA TERČ,https://www.instagram.com/stories/riderspardubice/3865140966072292526,,769,,,1
@hc_muni,instagram,43cd62c8-609d-4ea6-8ce9-cae5242ede0c,04c6836e-13f1-4458-b18d-1fc2b1c10d9a,IG Reel,REEL,27.3.2026 12:14:59,"Před posledním zápasem nás čekalo i těžké loučení. Po několika letech jsme se rozloučili s důležitými postavami v historii HC MUNI.
Své působení u Medvědů završil bývalý vynikající hráč Jiří Čtvrtníček, který poslední čtyři sezony vedl kádr jako hlavní trenér. Loučíme se i s Honzou Sedlákem, který rovněž oblékal dres Masaryčky a následně u týmu působil jako asistent trenéra a sportovní manažer.
Kluci, DĚKUJEME za všechno a přejeme jen to dobré do další životní etapy. A přijďte se na nás někdy podívat, budeme se těšit 💙

#hcmuni",https://www.instagram.com/reel/DWYzHLTjAUG/,,6094,205,3,33
@united_hk,instagram,b18c071b-0570-48b2-b743-990c668c3c5b,aa0b09d0-7de9-406b-8f06-b52179b66c7d,IG Reel,VIDEO,9.3.2026 19:40:31,"🔥 Plná ČPP Aréna, derby Hradec vs. Pardubice a Halftime Show Adama Mišíka.

Východočeské derby univerzit znovu ukázalo, jak vypadá studentský hokej ve velkém stylu v rámci Univerzitní ligy ledního hokeje.
Do arény dorazilo 2 379 fanoušků, kteří vytvořili skvělou atmosféru od prvního buly až do posledních minut.

Na ledě tvrdý souboj UNIted HK a Riders Univerzita Pardubice.
O přestávce velká show – Adam Mišík, který rozpálil celou halu.

🎥 Mrkni na oficiální aftermovie a připomeň si nejlepší momenty z jednoho z největších univerzitních hokejových eventů ve východních Čechách.

🌐 Více info:
www.unitedhk.cz/derby

#unitedhk #unihokej #hokej",https://www.instagram.com/reel/DVrPqGSCEfe/,,6370,97,,18
@riderspardubice,facebook,f99ed6c3-17cc-46f4-a32e-d9b0576ce2df,e9b1a7ef-a258-4b45-b560-3ba99fad65b1,FB Post,IMAGE,8.4.2026 7:30:28,"V dnešním zápase se rozhodne, jestli postoupíme do @unihokejfinalfour !🤩🤩 Buď u toho s námi! 

 Finále Play-in
🗓️ 8.4. v 19:30
📍 v ZS Hvězda
⚔️ proti @cvutengineers 

#fináleplayin#riders",https://www.facebook.com/1592662819534019/posts/1598987838901517,248,,1,,
@hcnorthwings,facebook,2b08a479-603b-46e4-8a48-2bc0435ccd53,522f1e3a-cfe4-43fa-b547-1003d36d5e87,FB Story,VIDEO,2.3.2026 19:47:57,,,,,,,
vsefalcons,instagram,709fceba-e311-48e7-9057-f54a587abf4a,1ceba171-0fb4-4b2a-9101-42dfbe0c78c9,IG Story,VIDEO,19.2.2026 18:15:48,HELE NOVÝ VIDEO 👀,https://www.instagram.com/stories/vsefalcons/3836151868074537941,638,819,,,1
vsefalcons,instagram,709fceba-e311-48e7-9057-f54a587abf4a,00844a5a-3579-412d-af77-a9e3b484a417,IG Story,VIDEO,24.3.2026 19:26:44,TŘETINA 2. 🫡,https://www.instagram.com/stories/vsefalcons/3860105095836865503,768,643,,,
@riderspardubice,facebook,f99ed6c3-17cc-46f4-a32e-d9b0576ce2df,165de7da-52c3-481d-a5d1-f27ac28b612f,FB Post,PHOTO,26.3.2026 10:12:45,"Je to tady! Play-in v Ostravě! 🔥

Play-in
🗓️ 31.3. v 19:30
📍 v RT Torax Arena 
⚔️ proti @boostrava 

#playin#riders",https://www.facebook.com/1592662819534019/posts/1587356536731314,185,,3,,
vsefalcons,instagram,709fceba-e311-48e7-9057-f54a587abf4a,99106a5c-6e39-431b-8eca-d5fb5afb251c,IG Story,VIDEO,26.1.2026 17:45:46,🔜 2. TŘETINA,https://www.instagram.com/stories/vsefalcons/3818742062414096453,,858,,,
@hc_muni,instagram,43cd62c8-609d-4ea6-8ce9-cae5242ede0c,f8f14682-614a-4afd-aea5-c51f563916a1,IG Post,IMAGE,18.3.2026 9:48:58,"GAMEDAY JE TADY 🔥🔥🔥 doufáme, že se uvidíme v 19:30 na Lužánkách💙👊🏻

Lístky koupíš u nás v biu🎟️

#hcmuni",https://www.instagram.com/p/DWBW-SxCDAv/,,4153,51,,11
@riderspardubice,facebook,f99ed6c3-17cc-46f4-a32e-d9b0576ce2df,3c86bbd8-04bb-4498-8619-da84f5b08b34,FB Post,IMAGE,18.3.2026 13:00:18,"A slevička by nebyla? 👀

Odkaz na vstupenky v BIU! 🎟️",https://www.facebook.com/1592662819534019/posts/1579645287502439,153,,1,,
@akademiciplzen,instagram,65494228-95bf-4f7b-8e68-d47d7262db66,43942b65-3bf2-4f60-bf3f-8cba80d9702a,IG Story,VIDEO,17.4.2026 18:50:19,"FINAL FOUR! FINAL FOUR! TOMÁŠ PÁNEK
 TOMÁŠ PÁNEK Jako náš zástupce na zahájení historicky prvního @t_pain_6",https://www.instagram.com/stories/akademiciplzen/3877481098091693376,,1340,,,
@cvutengineers,instagram,11963a07-7f0f-48e6-9d81-aa63a7ff4a04,43a9ae12-a6eb-4d6f-8f81-f19d614f46f3,IG Post,IMAGE,16.4.2026 6:36:45,"FINAL FOUR JE TADY! 🔥
Po roce se v nejdůležitějším bodě sezony opět utkáme s VŠE Falcons. Bude to tvrdý boj a my potřebujeme, abyste u toho byli s námi. Přijďte ukázat, že jsme to právě my, kdo má SRDCE LVA! 🦁

#engprg #srdcelva #finalfour",https://www.instagram.com/p/DXLru5fjFlI/,,9137,127,,18
@engineersprague,facebook,afd06d1d-7b1c-4f66-8d93-ce4255ab773c,766c9969-3d33-46f0-92f2-5390fdcdacba,FB Story,IMAGE,12.3.2026 20:26:50,,,,,,,
@AkademiciPlzen,facebook,d87b94e3-03e8-45d0-b92e-75e9b819545c,95a4a4b8-d1e8-41cf-849c-d34410a67b3d,FB Post,IMAGE,26.3.2026 19:39:49,"ALL IN.

#akademiciplzen",https://www.facebook.com/1357105236437494/posts/1352724270208924,299,,1,,
@akademiciplzen,instagram,65494228-95bf-4f7b-8e68-d47d7262db66,ba4f58ac-d471-4514-a79b-5e395aacc2d3,IG Post,PHOTO,30.3.2026 9:44:29,"Základní část už je minulostí.
Bereme 4. místo a jdeme do PLAY-IN. 🔥💙

Teď začíná ta nejnapínavější část sezony. Díky všem, co byli celou dobu s námi, a jedeme dál! 💣

#akademiciplzen",https://www.instagram.com/p/DWgQH0WDIZY/,,10572,213,,3
@riderspardubice,facebook,f99ed6c3-17cc-46f4-a32e-d9b0576ce2df,f7ec5c3b-fe1a-47dd-a02f-f5230c846748,FB Video,VIDEO,19.4.2026 12:23:19,"I tak to někdy vyjde. 🤷🏼‍♂️ Ale to neznamená, že se nebude podporovat!",https://www.facebook.com/reel/1293835782877516/,1704,724,3,,
vsefalcons,instagram,709fceba-e311-48e7-9057-f54a587abf4a,a492658e-e54d-4bac-a9c7-e6d41d363f30,IG Story,VIDEO,12.4.2026 14:15:37,BUDE ZÁBAVA 🙂‍↕️,https://www.instagram.com/stories/vsefalcons/3873719222966730758,675,814,,,5
@AkademiciPlzen,facebook,d87b94e3-03e8-45d0-b92e-75e9b819545c,a78d377c-4796-480e-9ef7-21ce5b2076a3,FB Post,PHOTO,29.3.2026 9:16:45,"9 000! 🤯 Jste neskuteční. Obrovské díky, že jste s námi! 🏒💙

#akademiciplzen",https://www.facebook.com/1357105236437494/posts/1354842583330426,586,,5,,
@univerzitnihokej,facebook,01b45180-0b14-4a14-96e8-d0a4bab1fb9f,c15fa297-5d69-4611-8c0a-85b388835165,FB Video,VIDEO,14.3.2026 15:07:35,Tohle… a přednášky jdou stranou 🥵 Další zastávka: @unihokejfinalfour 🏆🔥,https://www.facebook.com/reel/1317238213561553/,2129,990,7,,
@cvutengineers,instagram,11963a07-7f0f-48e6-9d81-aa63a7ff4a04,c44bcbfb-d2cd-471b-ac6a-9df52654e890,IG Story,VIDEO,12.4.2026 14:04:09,🔥 ZNÁME SOUPEŘE!,https://www.instagram.com/stories/cvutengineers/3873713452720365493,,1004,,,2
@united_hk,instagram,b18c071b-0570-48b2-b743-990c668c3c5b,1831e4da-7e64-485e-bc69-1d8c6841190f,IG Post,PHOTO,31.3.2026 19:17:48,"Jeden zápas rozhodl všechno.
Bohužel to nevyšlo a sezóna tím pro nás končí.

Mrzí to. Ale díky všem, co byli s námi🧡
#unitedhk #unihokej #hokej",https://www.instagram.com/p/DWj2HWHCGx5/,,3807,155,4,30
@engineersprague,facebook,afd06d1d-7b1c-4f66-8d93-ce4255ab773c,7915d63c-b87c-47b5-a4a0-c226b1e575ec,FB Post,IMAGE,18.4.2026 10:57:58,"Nemáme slov. Tohle ještě nějakou dobu bolet bude. 

📸: @novacek_photography @ondra_mann",https://www.facebook.com/1560924572517692/posts/1575779361032213,1061,,11,,
@AkademiciPlzen,facebook,d87b94e3-03e8-45d0-b92e-75e9b819545c,a2854eff-59f6-460e-96ee-f942cc5feae1,FB Post,PHOTO,30.3.2026 9:44:35,"Základní část už je minulostí.
Bereme 4. místo a jdeme do PLAY-IN. 🔥💙

Teď začíná ta nejnapínavější část sezony. Díky všem, co byli celou dobu s námi, a jedeme dál! 💣

#akademiciplzen",https://www.facebook.com/1357105236437494/posts/1355628446585173,1517,,16,,
vsefalcons,instagram,709fceba-e311-48e7-9057-f54a587abf4a,96944c74-7b24-46b1-9602-0f939713ed68,IG Reel,VIDEO,8.2.2026 9:54:58,Dnes “vlaštovky” letí na farmu 🌾 Pole necháme jim. Led si bereme my. 🦅💨,https://www.instagram.com/reel/DUfhOOGiG6N/,,5584,65,,9
@cvutengineers,instagram,11963a07-7f0f-48e6-9d81-aa63a7ff4a04,de75acfd-f822-4993-98a3-54adc4aa264a,IG Post,IMAGE,18.3.2026 19:44:57,"100 zápasů v ULLH má za sebou i PAVEL TOMANÍK…👏🏼

Náš brněnskej přistěhovalec, kterej si u nás rychle našel svoje místo 🦁
Pavle, gratulujeme k téhle metě a respekt za všechno, co jsi za sebou nechal - tady i v @hc_muni 💙

Ať se ti daří i dál 🫡",https://www.instagram.com/p/DWCbl2mDJ-z/,,14651,375,5,15
vsefalcons,instagram,709fceba-e311-48e7-9057-f54a587abf4a,3370cd8a-d2f3-4d04-9376-054c8d1f5ccc,IG Reel,VIDEO,24.4.2026 10:00:34,"WINGS FOR LIFE je už za rohem! 🏃🏽

Kdo neví o co jde, tak je to běh, kde vás “honí” auto a vy musíte uběhnout co nejvíc kilometrů než vás dožene 🥵 A to hlavní! Veškerý výtěžek jde na podporu poranění míchy 🙌🏼 Takže během podpoříte dobrou věc 💙

Tak nenechte Strnyho vysedět důlek, zaregistrujte se, připojte se do našeho týmu “VŠE Falcons Prague” a vidíme se 10.5. ve Stromovce 👋🏼

#vsefalcons #wingsforlife",https://www.instagram.com/reel/DXgpbiaCBsX/,,5794,120,3,69
vsefalcons,instagram,709fceba-e311-48e7-9057-f54a587abf4a,80daa7ae-08f5-40ca-af0f-f4b302ff8b1d,IG Story,VIDEO,9.3.2026 11:08:21,a kdo poctivě chodí na přednášky? 🤓,https://www.instagram.com/stories/vsefalcons/3848982624408712691,787,,,,2
@hcmuni,facebook,d1f9e9f9-7526-42d4-85aa-13f91e89f7cf,9986d581-0ef7-4b08-81c8-7793c07cfe20,FB Post,IMAGE,18.3.2026 21:21:20,"Nechybělo moc, body ale dnes bere soupeř 🏒 Těšíme se na vás za týden!",https://www.facebook.com/1581741777288398/posts/1569229091873000,321,,4,,
vsefalcons,instagram,709fceba-e311-48e7-9057-f54a587abf4a,35049bcd-7a69-4b95-81cf-7a22bba96462,IG Post,CAROUSEL_ALBUM,19.2.2026 11:18:36,"Ohlédnutí za úterním zápasem 🦅

Důležitý tři body zůstaly doma a v úterý musíme navázat, budete u toho s námi? 🤩🤝",https://www.instagram.com/p/DU8ALnuCCQz/,,6645,102,,43
@vutcavaliersbrno,instagram,b384bebf-72f3-4f9d-8b2d-3677709f6966,a0a60226-ddde-46a5-b137-c3b6359acbd0,IG Story,VIDEO,4.4.2026 9:17:36,,https://www.instagram.com/stories/vutcavaliersbrno/3867771024091680238,,734,,,
@hcmuni,facebook,d1f9e9f9-7526-42d4-85aa-13f91e89f7cf,5a80478f-0c2b-4af5-a096-6a534280da12,FB Post,IMAGE,2.3.2026 11:06:59,"Blíží se nám MDŽ, a proto jsme si pro naše fanynky připravili malý dáreček ke středečnímu zápasu 💙🐾🐻

Stačí se podívat na tlapku 🫶🏻

#hcmuni",https://www.facebook.com/1581741777288398/posts/1554935846635658,821,,3,,
@akademiciplzen,instagram,65494228-95bf-4f7b-8e68-d47d7262db66,da9eca35-f583-4066-af88-098c9e51bbc1,IG Reel,VIDEO,25.3.2026 15:16:02,"DNESKA HRAJEME! 🔥
Sestřih gólů z minulého zápasu je jasná připomínka toho, že forma tam je! 👀
Podaří se nám vítězně zvládnout i poslední zápas základní části?

🕖 19:00
📅 25. 3.
📍 LOGSPEED CZ Aréna

Doraz nás podpořit! 💙
#akademiciplzen",https://www.instagram.com/reel/DWT-G5bjAqB/,,7852,130,,1
vsefalcons,instagram,709fceba-e311-48e7-9057-f54a587abf4a,ed7fb3ab-6bb5-4e96-a375-6e2eb283a63c,IG Story,VIDEO,9.3.2026 13:44:12,,https://www.instagram.com/stories/vsefalcons/3849061065166462289,766,982,,,1
@riderspardubice,facebook,f99ed6c3-17cc-46f4-a32e-d9b0576ce2df,01d7a89b-1a8a-4b95-91bb-3daa00f408f7,FB Video,VIDEO,15.4.2026 10:38:25,"Hra končí když padne král♟️🔥

I my už jsme se dali do tréninku @ukkingsprague 💪

Těšíme se na semifinále! 🐎",https://www.facebook.com/reel/2390627354742091/,417,147,3,,
vsefalcons,instagram,709fceba-e311-48e7-9057-f54a587abf4a,9ba599ca-7ac1-424d-8c94-9f5f0e575803,IG Reel,VIDEO,13.4.2026 17:41:41,"Final four ve zkratce: dva dny, zábava, atmosféra a hlavně BOJ O TITUL ‼️

U toho prostě nesmíš chybět 💪🏼 Vstupenky koupíš na finalfour.cz 🎟️ Kód VSEFANS pro slevičku 🤫 

#vsefalcons #finalfour",https://www.instagram.com/reel/DXFJozECMFv/,,8733,146,1,24
@218107044725785,facebook,7a942e3e-6c47-4794-9ba7-bbc7b6d40cb3,94fbf829-74fd-4657-b816-81dca7b0118b,FB Video,VIDEO,3.6.2026 6:32:11,getting hot in here 🥵🧯 #icehockey #boys #vsefalcons #hot #hockeyplayers,https://www.facebook.com/reel/3138457483013119/,1095,389,5,,
@riderspardubice,instagram,4d6a67ab-9313-4f77-a82e-abb18adbca5d,d93b7e1a-8cce-4eb5-813c-fb3131b72706,IG Post,IMAGE,20.3.2026 7:21:26,"V pondělí pro první příchozí @pivoproud u vstupu zdarma! 🤩

🎟️ Vstupenky na derby proti @united_hk koupíš přes odkaz v BIU!",https://www.instagram.com/p/DWGQF6njJUl/,,3606,46,,7
@univerzitnihokej,instagram,1e114592-3529-4cfe-9977-2598454053af,17286675-75e9-482e-b374-4c838b4bd4d9,IG Post,IMAGE,12.3.2026 19:55:05,@kauflandcesko hráči utkání o🥉,https://www.instagram.com/p/DVy_qKViPQx/,,8567,146,,9
@akademiciplzen,instagram,65494228-95bf-4f7b-8e68-d47d7262db66,6b8a479e-1a6c-41e3-959d-572d08047c84,IG Story,VIDEO,7.4.2026 14:00:49,,https://www.instagram.com/stories/akademiciplzen/3870087892936959946,,985,,,
@univerzitnihokej,instagram,1e114592-3529-4cfe-9977-2598454053af,0f5a40d6-f766-4f94-aa97-6895270483f3,IG Story,VIDEO,14.4.2026 11:48:49,PROTOŽE KAPACITY SE PLNÍ 🚨,https://www.instagram.com/stories/univerzitnihokej/3875094890086463246,,850,,,
@univerzitnihokej,instagram,1e114592-3529-4cfe-9977-2598454053af,10f27d35-7798-4e52-9fbd-a6e13a5902cf,IG Story,VIDEO,12.4.2026 12:42:44,,https://www.instagram.com/stories/univerzitnihokej/3873672476920124672,,1268,,,
@riderspardubice,instagram,4d6a67ab-9313-4f77-a82e-abb18adbca5d,a92120d6-3979-425b-9826-4e6d1873ccca,IG Reel,VIDEO,22.3.2026 11:44:09,"⭐️ZLATÁ PŘILBA⭐️
Další výhra, tentokrát v Ostravě si říkala o další ocenění v podobě zlaté přilby! Tentokrát dostal přilbu zaslouženě @beny_m15 !🔥",https://www.instagram.com/reel/DWL3gL9DNcI/,,5835,170,,5
@cvutengineers,instagram,11963a07-7f0f-48e6-9d81-aa63a7ff4a04,9048d126-183b-4147-83a8-45fc70123705,IG Story,IMAGE,17.4.2026 18:07:49,💙,https://www.instagram.com/stories/cvutengineers/3877459975107036933,,1296,,,
@akademiciplzen,instagram,65494228-95bf-4f7b-8e68-d47d7262db66,a92d2bf5-a1c8-4c87-ab81-8048eca74832,IG Story,VIDEO,1.4.2026 18:16:39,POJĎME  KLUCI!,https://www.instagram.com/stories/akademiciplzen/3865868018647858159,,1170,,,1
@riderspardubice,instagram,4d6a67ab-9313-4f77-a82e-abb18adbca5d,b4313d16-f300-4b98-bdd6-92c2b27e86e6,IG Post,IMAGE,16.4.2026 6:00:03,"Včera vybojovalo @hcpce postup do finále. A přesně to nám dává další motivaci bojovat za náš Hockeytown! ❤️‍🔥🐎

🏒 SEMIFINÁLE
🆚 @ukkingsprague
📍 Zimní stadion Eden, Praha
🕓 16. dubna | 16:30",https://www.instagram.com/p/DXLoSuOCDwq/,,9789,134,1,8
@univerzitnihokej,facebook,01b45180-0b14-4a14-96e8-d0a4bab1fb9f,354a9c91-fe73-4100-b123-0b0b4223b771,FB Post,IMAGE,18.3.2026 22:10:07,"Dnes bodovaly týmy hostujících, Engineers si pak obhájili druhý bod v prodloužení. ✌🏼",https://www.facebook.com/1275398168115026/posts/1264395289215314,647,,1,,
@cvutengineers,instagram,11963a07-7f0f-48e6-9d81-aa63a7ff4a04,81846002-b1b3-47f8-907f-48e267ec1440,IG Story,VIDEO,10.4.2026 18:55:22,,https://www.instagram.com/stories/cvutengineers/3872410475866939473,,604,,,3
@boostrava,instagram,1176ddaf-d366-48a2-9639-3c6694c72c85,0d05f092-ebfc-4185-94a5-4534bf9aec42,IG Reel,VIDEO,13.3.2026 17:58:12,"Máme po derby, ale sezóna ještě nekončí! Přijď kluky podpořit na další domácí utkání proti @riderspardubice 
PIVKA ZDARMA🍻",https://www.instagram.com/reel/DV1WuqEDIKU/,,9391,148,,40
@united_hk,instagram,b18c071b-0570-48b2-b743-990c668c3c5b,4f327c25-769b-4bef-adea-9c4d2ba502dc,IG Story,IMAGE,16.4.2026 8:02:50,,https://www.instagram.com/stories/united_hk/3876430704254922092,,646,,,
vsefalcons,instagram,709fceba-e311-48e7-9057-f54a587abf4a,3d10d590-8f08-493f-a10e-6bd0700d0662,IG Story,VIDEO,8.4.2026 16:08:27,@cech.ondrejj 🔍,https://www.instagram.com/stories/vsefalcons/3870876958162702836,916,867,,,1
@riderspardubice,instagram,4d6a67ab-9313-4f77-a82e-abb18adbca5d,79b5213b-4720-4380-acc2-ea50a93b8394,IG Story,VIDEO,12.4.2026 9:11:47,JSME NA MÍSTĚ 📍 📍,https://www.instagram.com/stories/riderspardubice/3873566314321457627,,1543,,,1
@riderspardubice,instagram,4d6a67ab-9313-4f77-a82e-abb18adbca5d,9cb4170d-97d7-4761-8f80-df0725ffb7f5,IG Story,IMAGE,1.4.2026 10:38:09,,https://www.instagram.com/stories/riderspardubice/3865637235425313329,,683,,,3
@bitvaoprahu,facebook,75e0f41f-82be-4f82-a77b-82ac11135ed2,a1f36eb7-69be-4a69-ab93-8a27af0d5bde,FB Post,IMAGE,11.3.2026 19:30:00,Jakej si na after vymyslíš program necháme na tobě...😏 ale hrát ti k tomu bude tenhle našláplej lineup 🕺🪩,https://www.facebook.com/1441262177797849/posts/1419529569971110,194,,,,
@hcnorthwings,facebook,2b08a479-603b-46e4-8a48-2bc0435ccd53,5ed12dfc-68d0-42cf-a6b5-f3a837acdd8a,FB Video,VIDEO,14.4.2026 16:45:56,"Nejlepší “zákrok” sezóny? Tahle maska! ✅🧤

Protože i pod maskou musí @filipblaza vypadat k světu. Společně s @garnier_czsk držíme naše vlasy v top formě!💇🏼‍♂️🏒

#univerzitnihokej #myjsmeujep #hcnorthwings #garnierfructis",https://www.facebook.com/reel/1501497891591631/,1753,667,11,,
vsefalcons,instagram,709fceba-e311-48e7-9057-f54a587abf4a,7a4ae667-232a-44c5-954b-0a0f98721e04,IG Story,VIDEO,14.4.2026 7:33:11,🪩 👈🏼,https://www.instagram.com/stories/vsefalcons/3874966224979391588,616,705,,1,
@engineersprague,facebook,afd06d1d-7b1c-4f66-8d93-ce4255ab773c,92ff4f18-4b82-4995-a5fc-dc4f73143773,FB Story,IMAGE,4.3.2026 21:15:07,,,,,,,
@riderspardubice,instagram,4d6a67ab-9313-4f77-a82e-abb18adbca5d,986cb793-a31e-4225-acf7-15d9184cce00,IG Story,VIDEO,8.4.2026 17:12:50,NAŠE SLOVENSKÁ STŘELA! @hatapak243 🤩,https://www.instagram.com/stories/riderspardubice/3870909331059540424,,710,,,8
@united_hk,instagram,b18c071b-0570-48b2-b743-990c668c3c5b,e396715c-14b9-4267-b57a-b99244c4b790,IG Story,VIDEO,13.4.2026 7:58:47,"trenére! @jakubloucka  Děkujeme za všechno, trenére!",https://www.instagram.com/stories/united_hk/3874254335232209867,,716,,,
@cvutengineers,instagram,11963a07-7f0f-48e6-9d81-aa63a7ff4a04,f42837bc-94eb-42a6-b31e-a3ef0d7df5a9,IG Story,VIDEO,7.4.2026 17:27:05,POZOR POZOR! ZÍTRA OPĚT ROZDÁVÁME 150 PROUDŮ,https://www.instagram.com/stories/cvutengineers/3870191708101471025,,1323,,,20
@hc_muni,instagram,43cd62c8-609d-4ea6-8ce9-cae5242ede0c,6f7a5969-0355-46b6-a508-5301318addf7,IG Story,VIDEO,1.4.2026 11:27:47,🤯,https://www.instagram.com/stories/hc_muni/3865662220533266489,,650,,,1
@univerzitnihokej,instagram,1e114592-3529-4cfe-9977-2598454053af,7f480cb1-e51d-4f64-940c-f857b27b4b47,IG Post,IMAGE,26.3.2026 18:55:38,"I když byla letošní sezóna @hcnorthwings plná překážek, bojovali statečně a odnesli si dokonce pohár ze Souboje dobyvatelů 💛

Děkujeme, jsme na vás pyšný a těšíme se zase příští sezónu! 👋🏼",https://www.instagram.com/p/DWW8TuNiIIy/,,13060,396,2,13
@bitvaoprahu,facebook,75e0f41f-82be-4f82-a77b-82ac11135ed2,34419afd-c7ab-4e6a-ba52-723beadf3c7c,FB Video,VIDEO,12.3.2026 17:01:37,"TICK, TICK, BOOM! 🚨🎯

Bitva o bronz živě na @sport_ct ➕. #bitvaoprahu",https://www.facebook.com/reel/1241988201464931/,1088,288,3,,
@univerzitnihokej,instagram,1e114592-3529-4cfe-9977-2598454053af,303d7d43-5570-4205-9a33-5632c6024821,IG Story,VIDEO,12.4.2026 20:01:45,,https://www.instagram.com/stories/univerzitnihokej/3873893484016968467,,507,,,
@akademiciplzen,instagram,65494228-95bf-4f7b-8e68-d47d7262db66,030521aa-3697-4b87-b62b-362adc44c5ac,IG Story,VIDEO,1.4.2026 18:34:12,,https://www.instagram.com/stories/akademiciplzen/3865876837977302505,,1052,,,
@riderspardubice,instagram,4d6a67ab-9313-4f77-a82e-abb18adbca5d,73a676da-155f-4939-9d46-1066b719176b,IG Story,VIDEO,15.4.2026 18:52:46,VYHLAŠUJEME SOUTĚŽ!  Správná odpověď  byla @enteria_holding  @diana_landova 👏,https://www.instagram.com/stories/riderspardubice/3876033101273254623,,566,,,3
@AkademiciPlzen,facebook,d87b94e3-03e8-45d0-b92e-75e9b819545c,2dda8de2-0812-4141-8868-e6138e608fae,FB Post,IMAGE,3.4.2026 19:43:07,"Gratulujeme Marcelovi Marcelovi a Filipu Přikrylovi k nominaci na reprezentační kemp v Karlových Varech před mistrovstvím světa Český hokej! 🇨🇿🤩

Dva plzeňští odchovanci z Tipsport extraliga se před závěrem naší sezóny objevili i na našich trénincích, a my jim teď budeme držet palce na další velké výzvě. 🔥

Kluci, posíláme vám z Plzně hodně štěstí!",https://www.facebook.com/1357105236437494/posts/1359351999546151,2175,,17,,
@univerzitnihokej,instagram,1e114592-3529-4cfe-9977-2598454053af,97e1b232-5252-4d6a-a2a0-a6aa5f0729f1,IG Story,VIDEO,8.4.2026 7:00:05,,https://www.instagram.com/stories/univerzitnihokej/3870600909063495026,,4726,,,1
vsefalcons,instagram,709fceba-e311-48e7-9057-f54a587abf4a,a806326f-e27a-4a25-b4d5-523457f45096,IG Story,VIDEO,15.1.2026 16:03:12,,https://www.instagram.com/stories/vsefalcons/3810717901297029385,,934,,,2
vsefalcons,instagram,709fceba-e311-48e7-9057-f54a587abf4a,bac28d5d-e648-4aa3-bbb9-eff8cd58fa2d,IG Story,VIDEO,31.3.2026 17:38:55,nervy pracujou  poslední vteřiny do konce,https://www.instagram.com/stories/vsefalcons/3865124300952969138,986,829,,,
@BOhokej,facebook,c9082543-a03b-490f-8f97-66d439acce89,d2950208-eceb-4a5a-90ed-232359ba87ec,FB Post,IMAGE,4.3.2026 5:22:36,"🔥GAME DAY🔥 Jedeme do BRNA
@vutcavaliersbrno x @boostrava 
Kdo si odveze 3 body?",https://www.facebook.com/1477974067675582/posts/1453913526748303,277,,1,,
@cvutengineers,instagram,11963a07-7f0f-48e6-9d81-aa63a7ff4a04,db3b51f4-c13e-4503-9c49-9bc1a6df81e4,IG Post,ALBUM,27.3.2026 19:35:43,"Poslední ohlédnutí za základní částí 🦁.

#engprg 
📸 @cermanpavel_",https://www.instagram.com/p/DWZlsLJjIMU/,,4302,223,,4
vsefalcons,instagram,709fceba-e311-48e7-9057-f54a587abf4a,fecc6e53-08fc-4b3c-ae4d-7ded5cb03a8a,IG Reel,VIDEO,10.6.2026 13:14:19,tak jakej? 😎 #vsefalcons #icehockey,https://www.instagram.com/reel/DZaBkJZI8XK/,,3676,61,,6
vsefalcons,instagram,709fceba-e311-48e7-9057-f54a587abf4a,2ba5f6be-d20c-44b6-9f74-e3b3fe5c2664,IG Story,IMAGE,8.2.2026 19:32:17,1 3,https://www.instagram.com/stories/vsefalcons/3828217736786904636,,812,,,2
@boostrava,instagram,1176ddaf-d366-48a2-9639-3c6694c72c85,5e23d49e-6859-47f7-9236-93ba4b8e6f03,IG Post,IMAGE,4.3.2026 14:40:34,"JEDEME DO BRNA⚡️
Koukni co na to říká náš útočník Patrik🎙️",https://www.instagram.com/p/DVd1Y6TDKD8/,,2954,66,2,1
vsefalcons,instagram,709fceba-e311-48e7-9057-f54a587abf4a,6a2fe3d9-a5f4-4811-8dd6-5704fb06d7f3,IG Story,VIDEO,3.2.2026 18:37:36,dobrý songy na rozbruslení 🎶,https://www.instagram.com/stories/vsefalcons/3824566365978126191,,954,,,
@hcnorthwings,facebook,2b08a479-603b-46e4-8a48-2bc0435ccd53,6b63527a-c435-4f49-a17c-ecc2a472297d,FB Story,VIDEO,11.3.2026 19:48:06,,,,,,,
@united_hk,instagram,b18c071b-0570-48b2-b743-990c668c3c5b,979a200b-f549-425b-9409-45769b43cf7a,IG Story,IMAGE,19.4.2026 11:16:05,,https://www.instagram.com/stories/united_hk/3878702303280628247,,610,,,1
vsefalcons,instagram,709fceba-e311-48e7-9057-f54a587abf4a,a9854920-eff6-44b5-96d5-56306bd57469,IG Story,VIDEO,12.3.2026 15:24:57,@sokoli.hnizd0 🪹 FANS NA MÍSTĚ,https://www.instagram.com/stories/vsefalcons/3851286118943726612,1636,1468,,,1
@bitvaoprahu,facebook,75e0f41f-82be-4f82-a77b-82ac11135ed2,cfc1de2b-2176-4aa4-9e7a-6df163270c8c,FB Post,IMAGE,12.3.2026 22:51:55,"👑 OBHAJOBA KINGS! 🏆🥇

Gratulujeme staronovým vládcům, @ukkingsprague . 🎩",https://www.facebook.com/1441262177797849/posts/1420437706546963,211,,,,
vsefalcons,instagram,709fceba-e311-48e7-9057-f54a587abf4a,e4ecde5a-9cf2-4f5b-86c2-04dac1e59a67,IG Story,IMAGE,26.1.2026 16:11:27,,https://www.instagram.com/stories/vsefalcons/3818694599032504131,,961,,,1
@bitvaoprahu,instagram,d7c8aa06-74fb-4c6c-a7d2-c2fe1bf6d59c,2d8955c5-9b11-4ba2-bc3f-3b8e9843abb1,IG Reel,VIDEO,12.3.2026 17:01:23,"TICK, TICK, BOOM! 🚨🎯

Bitva o bronz živě na @sport_ct ➕. 📺 #bitvaoprahu",https://www.instagram.com/reel/DVyr0ZiDGcu/,,12406,215,,4
@univerzitnihokej,instagram,1e114592-3529-4cfe-9977-2598454053af,fc668e55-acd3-412e-bcef-3acaa4a4d089,IG Story,VIDEO,12.4.2026 11:52:39,,https://www.instagram.com/stories/univerzitnihokej/3873647270453331497,,1306,,,
@hcnorthwings,facebook,2b08a479-603b-46e4-8a48-2bc0435ccd53,48c3ee6d-2958-4e55-a31e-7e53d7f72eed,FB Story,VIDEO,4.3.2026 10:55:27,,,,,,,
@univerzitnihokej,facebook,01b45180-0b14-4a14-96e8-d0a4bab1fb9f,4f17020b-0776-444f-9233-317fede2f166,FB Video,VIDEO,26.3.2026 23:31:13,,https://www.facebook.com/reel/1901942360467314/,,,,,
@univerzitnihokej,instagram,1e114592-3529-4cfe-9977-2598454053af,81133015-3bc1-4a3a-b0af-c933915e2e43,IG Reel,VIDEO,8.4.2026 20:08:10,@ukkingsprague si dají příští týden opáčko v Edenu! 🤭,https://www.instagram.com/reel/DW4izVsCLYQ/,,5927,220,,5
@bitvaoprahu,instagram,d7c8aa06-74fb-4c6c-a7d2-c2fe1bf6d59c,940c7bba-e1fd-4ad0-8646-b471085b1472,IG Reel,VIDEO,10.3.2026 17:20:15,Hokeeeej je dobreeeeej 👉🏼 lístky na bitvaoprahu.cz 🎟️,https://www.instagram.com/reel/DVtkiEKFdIV/,,27337,749,1,188
vsefalcons,instagram,709fceba-e311-48e7-9057-f54a587abf4a,c7338846-6b0e-4699-9481-a6a7ca06b65b,IG Story,VIDEO,26.1.2026 19:00:00,🎯 KÁPO DÁVÁ GÓL,https://www.instagram.com/stories/vsefalcons/3818779430533757124,,112,,,
@218107044725785,facebook,7a942e3e-6c47-4794-9ba7-bbc7b6d40cb3,fd63bdcd-77fe-4187-a3e7-ae5f1696acf0,FB Video,VIDEO,10.3.2026 19:35:31,NESKUTEČNÝ zákrok @hroud1c6 🥵 Navyšujeme skóre na 2:0 💨,https://www.facebook.com/reel/805936839204177/,216,78,6,,
@united_hk,tiktok,7e062517-b9da-416d-b73d-a2c5899a2be6,34d97895-f550-425e-a965-f7bf4754d091,TT Video,VIDEO,15.4.2026 12:57:33,"❤️ Duben ve znamení pomoci Naši kluci tentokrát nešli bojovat na led, ale pomáhat jinak – zapojili se do akce Daruj krev ve spolupráci s @transfuzni_fnhk . 🩸🏒 Každá kapka se počítá a může někomu zachránit život. 👉 Pokud půjdeš darovat krev během dubna, můžeš se zapojit do tomboly a vyhrát skvělé ceny od sponzorů. Stačí jen po odběru vyplnit formulář, který najdeš v biu na instagramu @ifmsa_cz_hk .  Přidej se taky a udělej něco, co má skutečný smysl.❤️ #unitedhk #unihokej #hokej",https://www.tiktok.com/@united_hk/video/7628969359331036439?utm_campaign=tt4d_open_api&utm_source=7348986504397455361,,793,41,,1
@riderspardubice,instagram,4d6a67ab-9313-4f77-a82e-abb18adbca5d,3e338adf-e2fe-413a-b5fc-636a0991d58c,IG Post,IMAGE,14.4.2026 14:16:15,"Pardubáci jedeme do Prahyyyy! 🥁

Sejdeme se před druhou hodinou na Pardubice hl. n. a ve 14:00 vyrazíme směr zimní stadion Eden! 

Na sebe merch nebo červený outfit a do ruky na cestu dostanete @pivoproud 🍻

Těšíte se?!",https://www.instagram.com/p/DXHXcBADLt-/,,10337,142,,14
@univerzitnihokej,instagram,1e114592-3529-4cfe-9977-2598454053af,c1e17335-048b-4e18-a2a1-cd87b4b9932a,IG Post,IMAGE,24.3.2026 21:56:42,Ostrava uzavírá základní část výhrou za tři body 💥,https://www.instagram.com/p/DWSGH0kCKyv/,,2026,65,,
vsefalcons,instagram,709fceba-e311-48e7-9057-f54a587abf4a,2bf068b8-0ba1-4e4d-bbc7-ee7a48f3da36,IG Reel,VIDEO,14.4.2026 7:17:42,"Party moves, které oživí každou afterku🕺🏽

A dokonce i tu, co bude po @unihokejfinalfour 🤪 Ve čtvrtek i v pátek na vás čeká party přímo vedle zimáku 🥂 Tak vem kámoše a prodlužte si večer 🤘🏼

🎟️ Lístky kupujte na finalfour.cz",https://www.instagram.com/reel/DXGfwvTCIhH/,,10954,286,17,27
@riderspardubice,instagram,4d6a67ab-9313-4f77-a82e-abb18adbca5d,324420b3-f124-43d9-92ca-fffbef95994d,IG Story,VIDEO,15.4.2026 23:09:11,,https://www.instagram.com/stories/riderspardubice/3876162120782202265,,63,,,
@riderspardubice,instagram,4d6a67ab-9313-4f77-a82e-abb18adbca5d,041253e3-ad80-4a50-a0d6-b80adfdbc838,IG Story,VIDEO,8.4.2026 20:00:22,JEN TO PROMĚNIT 🍀 PRODLOUŽENÍ VŘE,https://www.instagram.com/stories/riderspardubice/3870993658330295728,,442,,,
vsefalcons,instagram,709fceba-e311-48e7-9057-f54a587abf4a,6f39c624-6867-4ac4-b183-04dd800ec25a,IG Post,CAROUSEL_ALBUM,27.2.2026 17:03:09,"Na podzim to bylo jen zahřívací kolo 🔥 Finálový večer @bitvaoprahu se blíží a my vás potřebujeme zpátky na tribuně 12. 3. 📣

A jestli se vám nechce čekat…
Už v úterý hrajeme na Kateřinkách! 🦅",https://www.instagram.com/p/DVRN-MUiE9D/,,12654,246,,19
@riderspardubice,instagram,4d6a67ab-9313-4f77-a82e-abb18adbca5d,897ec5db-1999-4e7a-802c-2a95dc4bfacd,IG Story,VIDEO,13.4.2026 9:42:36,,https://www.instagram.com/stories/riderspardubice/3874306579625728533,,657,,,1
@akademiciplzen,instagram,65494228-95bf-4f7b-8e68-d47d7262db66,919ba84d-0b52-4708-a61c-cb0ed570d61a,IG Post,IMAGE,26.3.2026 20:02:32,"Začíná Play-in. Kdo vyhraje, jde do Final Four. Kdo padne, končí! 

UŽ VE STŘEDU 1. 4. JDEME NA TO!

#akademiciplzen",https://www.instagram.com/p/DWXD6X7DDng/,,4962,128,,11
@univerzitnihokej,instagram,1e114592-3529-4cfe-9977-2598454053af,a7c73549-467f-4752-954a-310236b19387,IG Story,VIDEO,17.4.2026 14:52:53,,https://www.instagram.com/stories/univerzitnihokej/3877361862778081279,,1746,,,
@AkademiciPlzen,facebook,d87b94e3-03e8-45d0-b92e-75e9b819545c,5bf95658-6569-4924-bad6-c11ad48f4212,FB Post,IMAGE,24.3.2026 20:04:27,"Zítra hrajeme poslední zápas základní části proti @czufarmers !👊🏻

Zetor jsme jim zakázali… 🚜❌
tak jsme sami zvědaví, s čím se zítra objeví. 👀

Doraz nás podpořit a udělejme z toho pořádnej závěr! 🔥

🗓️ 25. 3. | 19:00
📍 LOGSPEED CZ Aréna

#akademiciplzen 💙",https://www.facebook.com/1357105236437494/posts/1350953440386007,505,,2,,
@218107044725785,facebook,7a942e3e-6c47-4794-9ba7-bbc7b6d40cb3,74e7b85a-af43-4476-ad33-800598ebf81c,,TEXT,14.4.2026 11:23:05,,https://www.facebook.com/122282816036218300/posts/122283920588218300,133,,6,,
@united_hk,instagram,b18c071b-0570-48b2-b743-990c668c3c5b,89e9d459-6bae-4d9e-b6ae-128044a0a87e,IG Story,VIDEO,26.4.2026 10:28:27,,https://www.instagram.com/stories/united_hk/3883751574510027606,,886,,,1
@akademiciplzen,instagram,65494228-95bf-4f7b-8e68-d47d7262db66,3cd898df-ad61-4470-ab2e-92eef7db9452,IG Post,IMAGE,3.3.2026 15:57:00,"JARNÍ BITVA UŽ ZÍTRA! 👊🏻

Doraž včas na Proud, Redbull nebo svařák do fanzóny, nalaď hlasivky a pojď z toho udělat večer, na kterej se bude vzpomínat!

🕰️ 17:30 otevření fanzóny
📍 LOGSPEED CZ Aréna
🎟️ Lístky najdeš v biu nebo na plzenskabitva.cz

Tak co, bude nás ještě víc než loni? 🔥
#akademiciplzen",https://www.instagram.com/p/DVbZXwDDE3v/,,7176,119,,19
vsefalcons,instagram,709fceba-e311-48e7-9057-f54a587abf4a,4ff39c98-6af4-48c2-917a-9752c3a6c152,IG Story,VIDEO,9.3.2026 20:40:16,,https://www.instagram.com/stories/vsefalcons/3849270448404047007,675,,,,
@AkademiciPlzen,facebook,d87b94e3-03e8-45d0-b92e-75e9b819545c,7e17e837-7457-420b-9f99-1d5a2dfd6be7,FB Video,VIDEO,1.4.2026 11:56:11,"🐣 SOUTĚŽ O DRESY 🏒

Najdi dnes na stadionu schované vajíčko, dones ho moderátorovi a nový dres je tvůj! 👀

V tomhle fitu budeš na všech zápasech za hvězdu. ⭐️
A pozor… tohle není jediná dnešní nadílka 🤫
Doraz na zápas a zjistíš víc.

#akademiciplzen 💙",https://www.facebook.com/reel/907166625465759/,884,237,4,,
@akademiciplzen,instagram,65494228-95bf-4f7b-8e68-d47d7262db66,aaa5f9ef-b842-4336-bf59-d0fc2562ce03,IG Post,IMAGE,13.4.2026 10:22:47,"Poslední trénink plný úsměvů, výměny rolí a dokonce i menší bitky. 👀🥊

Seriózní příprava na další sezónu proběhne někdy příště😁

#akademiciplzen 💙 | 📸 @vpotocesevodatoci",https://www.instagram.com/p/DXEX7PADJDI/,,9891,206,,11
@hcnorthwings,facebook,2b08a479-603b-46e4-8a48-2bc0435ccd53,1025e98e-f42f-44fa-8741-647bff5c06ac,FB Story,VIDEO,4.3.2026 14:44:35,,,,,,,
@univerzitnihokej,facebook,01b45180-0b14-4a14-96e8-d0a4bab1fb9f,8bec4248-34d1-43b8-b054-95f76a3e3b41,FB Video,VIDEO,12.3.2026 17:02:57,#unihokej partneři baví fans v zóně! 🙌🏻🥰,https://www.facebook.com/reel/940298125166570/,1007,163,3,,
@united_hk,instagram,b18c071b-0570-48b2-b743-990c668c3c5b,8c9da658-22a4-4f26-a96e-20d9d08c25d9,IG Story,VIDEO,16.4.2026 12:04:02,,https://www.instagram.com/stories/united_hk/3876551936895899881,,543,,,
@hc_muni,instagram,43cd62c8-609d-4ea6-8ce9-cae5242ede0c,9d468d8d-7c49-4383-a9e8-1c139103fa75,IG Story,VIDEO,29.4.2026 15:49:21,🏃🏼 🏃🏼‍♀️ 🏃🏼‍♂️ 💪🏻 🔥,https://www.instagram.com/stories/hc_muni/3886087493305279838,,503,,,1
vsefalcons,instagram,709fceba-e311-48e7-9057-f54a587abf4a,bde269de-e6bf-47e4-9f97-c5e675c2d8d4,IG Post,ALBUM,12.3.2026 15:58:22,"Proti @czufarmers dnes nastupujeme v této sestavě 👆🏼
Pokud tu nejste s námi, sledujte na ČT sport plus 📺",https://www.instagram.com/p/DVyk5IJiMmc/,,8574,92,,17
@unitedhk,facebook,bfe6cc29-a387-41b9-9bca-b077722556af,c6624518-27d7-42d3-96fc-0d29d8653356,FB Post,IMAGE,5.8.2026 15:45:10,"Čekání je u konce. 🏒

První trénink na ledě je za námi.

Další fotky najdeš na unitedhk.cz/fotky",https://www.facebook.com/122180651084388974/posts/122190239798388974,972,,11,,
vsefalcons,instagram,709fceba-e311-48e7-9057-f54a587abf4a,788be1b3-3439-4180-8c6b-4976a776526a,IG Story,VIDEO,26.2.2026 20:12:30,@veolia_cz  KOLO JE ZA NÁMI 🥳,https://www.instagram.com/stories/vsefalcons/3841283960492005483,1151,1740,,,13
vsefalcons,instagram,709fceba-e311-48e7-9057-f54a587abf4a,bf12cc16-e3e3-4ddf-aaa9-99e002ed177d,IG Story,VIDEO,10.3.2026 22:52:43,🎤 @cvutengineers,https://www.instagram.com/stories/vsefalcons/3850061957726521880,755,229,,,6
vsefalcons,instagram,709fceba-e311-48e7-9057-f54a587abf4a,f5f3680b-1f8e-4713-a518-78b7391ae532,IG Story,VIDEO,12.2.2026 15:42:24,🩵🦅 UŽITO. @___pajer24  @alenjurak11  @one__timer  @vosmajz_97  @stracajunior  @patrik_nabelek  @vopi26  děkujeme za pozvání!,https://www.instagram.com/stories/vsefalcons/3831001141329033851,,4213,,,12
@hcnorthwings,facebook,2b08a479-603b-46e4-8a48-2bc0435ccd53,0d400c88-1505-42d3-8071-629f40403f67,FB Story,VIDEO,4.3.2026 15:59:22,,,,,,,
@akademiciplzen,instagram,65494228-95bf-4f7b-8e68-d47d7262db66,5d313440-399f-454f-a170-52d5ad066abf,IG Reel,VIDEO,27.4.2026 20:04:05,"Zavzpomínali jsme na Jarní bitvu… a přenesli se až do devadesátek! 🎞️
Chybí vám taky ta atmosféra? Nesmutněte, už příští týden oznámíme datum Bitvy o Plzeň! 🔥

#akademiciplzen 💙",https://www.instagram.com/reel/DXpc-c0DPLO/,,12857,342,,31
@bitvaoprahu,facebook,75e0f41f-82be-4f82-a77b-82ac11135ed2,614e8a39-9765-4eb3-bb7f-26a2d9136d5b,FB Video,VIDEO,27.3.2026 17:29:16,"Ty nejlepší momenty se neodehrávají vždycky jenom na ledě. 🤭

Děkujeme @mamashelterprague za to, že s námi už 3 roky baví naše fans. 💋",https://www.facebook.com/reel/1241657174360515/,1795,872,9,,
@riderspardubice,instagram,4d6a67ab-9313-4f77-a82e-abb18adbca5d,8ae9b652-86cc-44c8-b30a-5f11fab54883,IG Story,VIDEO,10.4.2026 8:03:32,ZBYLO NÁM JEŠTĚ PÁR DRESŮ NĚKDO VÝBAVIČKU NA LUSKY LOSERS?,https://www.instagram.com/stories/riderspardubice/3872082393566077461,,571,,,8
vsefalcons,instagram,709fceba-e311-48e7-9057-f54a587abf4a,c1f158de-25cc-40c2-941d-9a859c65af7b,IG Story,VIDEO,11.3.2026 13:59:21,💂‍♀️ A JEŠTĚ JEDNU NOVINKU PRO VÁS MÁME 😏,https://www.instagram.com/stories/vsefalcons/3850518218091793530,953,1087,,,
vsefalcons,instagram,709fceba-e311-48e7-9057-f54a587abf4a,8696d668-b1a3-4b8c-ab29-bbdb15b08a9d,IG Story,IMAGE,22.1.2026 8:19:48,✍🏼 @alan.david6,https://www.instagram.com/stories/vsefalcons/3815558104390100827,,1301,,,2
vsefalcons,instagram,709fceba-e311-48e7-9057-f54a587abf4a,a1dbaee0-0998-4946-b778-774149aa91e9,IG Story,VIDEO,22.2.2026 15:59:48,KMENOVÝ FOCENÍ behind the scenes 📸 🧌,https://www.instagram.com/stories/vsefalcons/3838257736232749071,728,940,,,1
@univerzitnihokej,facebook,01b45180-0b14-4a14-96e8-d0a4bab1fb9f,b953d3b1-548d-4b3d-84f7-0a888f0f4563,FB Post,IMAGE,7.4.2026 8:15:37,"Zítřejší menu 🤤 Poslední krok do @unihokejfinalfour 🚀
3️⃣ týmy projdou. Kdo bude zítra výhercem?👇🏻",https://www.facebook.com/1275398168115026/posts/1280290217625821,486,,3,,
@akademiciplzen,instagram,65494228-95bf-4f7b-8e68-d47d7262db66,cb01ee2e-2ac8-464f-8be2-381e92931790,IG Reel,VIDEO,7.3.2026 12:56:42,"Jarní bitva doručila! 🚀 Nevíme jak vy, ale my tu energii vstřebáváme doteď. Absolutní strop, díky moc všem! 💙

edit: @jirikhozman",https://www.instagram.com/reel/DVlXpOJjB6i/,,11019,284,6,31
@riderspardubice,instagram,4d6a67ab-9313-4f77-a82e-abb18adbca5d,74c2b475-84b4-4eb8-bc48-8715df9c7489,IG Post,IMAGE,16.4.2026 15:25:05,"Po první třetině 0:0 👀

📸 @honza.chlad",https://www.instagram.com/p/DXMo5-eDE3q/,,8702,212,,8
@218107044725785,facebook,7a942e3e-6c47-4794-9ba7-bbc7b6d40cb3,a1b64919-dac1-4fdc-a837-09f0a1b5c1e0,FB Post,IMAGE,13.4.2026 14:09:25,"Justin i během vystoupení fandí Falcons. Justin je cool. Buď cool jako Justin a fandi ve čtvrtek Falcons 🦅

👉🏼 Vstupenky na @unihokejfinalfour seženeš na profilu a s kódem “VSEFANS” máš slevu 15 % 🤑",https://www.facebook.com/122282816036218300/posts/122283786632218300,323,,2,,
@hcmuni,facebook,d1f9e9f9-7526-42d4-85aa-13f91e89f7cf,af0b2fa6-6b7c-4cbb-8262-6ab71acd5d90,FB Post,IMAGE,4.3.2026 9:45:36,"GAMEDAY JE TADY!🔥 Už dneska vyzveme sousedy v tabulce @riderspardubice v bitvě o důležité 3 body⚔️
U toho nesmíš chybět!🐻💙

Lístky seženeš na https://hcmuni.enigoo.cz/app/tickets/events/133 🎟️",https://www.facebook.com/1581741777288398/posts/1556580919804484,288,,2,,
@riderspardubice,instagram,4d6a67ab-9313-4f77-a82e-abb18adbca5d,225f5a21-96dc-495d-8071-45a98346d062,IG Reel,VIDEO,15.4.2026 10:38:10,"Hra končí když padne král♟️🔥

I my už jsme se dali do tréninku @ukkingsprague 💪

Těšíme se na semifinále! 🐎",https://www.instagram.com/reel/DXJi8ldDCR4/,,7492,146,1,15
@univerzitnihokej,instagram,1e114592-3529-4cfe-9977-2598454053af,59f82e94-34c1-4213-b29b-de9d84f281dc,IG Story,VIDEO,8.4.2026 7:02:02,,https://www.instagram.com/stories/univerzitnihokej/3870601891696629060,,4430,,,4
vsefalcons,instagram,709fceba-e311-48e7-9057-f54a587abf4a,8ea39e1a-6fed-4bf0-85a6-5e2466897e7e,IG Story,VIDEO,9.4.2026 7:56:49,"🥳 dobré ráno, tohle nebyl sen",https://www.instagram.com/stories/vsefalcons/3871354244280364303,786,914,,1,
@hcnorthwings,facebook,2b08a479-603b-46e4-8a48-2bc0435ccd53,05ee54ec-d011-415b-8f1c-30d4a8766e17,FB Story,VIDEO,25.3.2026 19:08:01,,,,,,,
@akademiciplzen,instagram,65494228-95bf-4f7b-8e68-d47d7262db66,6170c3cc-0f82-4b96-b066-034e4a6b58ac,IG Post,IMAGE,3.4.2026 19:42:58,"Gratulujeme @_marcelmarcel a @filip_prikryl k nominaci na reprezentační kemp v Karlových Varech před mistrovstvím světa @ceskyhokej! 🇨🇿🤩

Dva plzeňští odchovanci z @telhcz se před závěrem naší sezóny objevili i na našich trénincích, a my jim teď budeme držet palce na další velké výzvě. 🔥

Kluci, posíláme vám z Plzně hodně štěstí!",https://www.instagram.com/p/DWroFZljIIL/,,23342,720,,27
@univerzitnihokej,instagram,1e114592-3529-4cfe-9977-2598454053af,7f20310b-253f-4f01-a162-03d82e582d4d,IG Reel,VIDEO,24.3.2026 15:30:29,Červená mánie a pár vzpomínek na @bitvaoprahu ❤️,https://www.instagram.com/reel/DWRazCOCLCf/,,13320,419,,46
@riderspardubice,instagram,4d6a67ab-9313-4f77-a82e-abb18adbca5d,8e23135a-1dda-4b27-a3d3-cf4ed3489c5a,IG Reel,REEL,30.3.2026 15:47:06,"Kluci zašli na fanouškovské menu do @kfc_cz , snacky zmizely rychle, ale kyblík v jejich životech zůstane už napořád ♥️

Co teď kyblík asi na kolejích dělá? 👀 
Tipujte do komentářů 👇",https://www.instagram.com/reel/DWg52XbDEHp/,,6350,90,11,14
@riderspardubice,facebook,f99ed6c3-17cc-46f4-a32e-d9b0576ce2df,1f6e461f-5422-4efa-ae11-4dcc69529011,FB Post,IMAGE,13.4.2026 9:45:57,"Jdeme do @unihokejfinalfour, a to si určitě zaslouží vybavit se našim dresem! 😍

Stačí si přes náš odkaz v BIU založit účet u @csobcz , do soukromé zprávy nám napiš “hotovo” a po kontrole čísla účtu ti předáme dres Riders! 

Tohle je šance vybavit na Final Four do Prahy, ukázat, jak fandí Hockeytown a získat výhody účtu u ČSOB! 🤩

*Soutěž platí pouze do rozdání zásob - konec zásob oznámíme v komentáři pod tímto příspěvkem.",https://www.facebook.com/1592662819534019/posts/1603436685123299,136,,,,
@hcnorthwings,facebook,2b08a479-603b-46e4-8a48-2bc0435ccd53,36a0d79e-21c3-47ab-90cd-b1543efa28ef,FB Story,IMAGE,4.3.2026 10:26:46,,,,,,,
vsefalcons,instagram,709fceba-e311-48e7-9057-f54a587abf4a,1f3f8c59-ffe3-40f5-8fd2-6a6ae2e32e2c,IG Post,IMAGE,15.6.2026 16:28:52,"Po dvou sezónách se loučíme s naším hlavním trenérem, Milanem Boříkem. Bóřa, díky za odvedenou práci, za to, co jsi nás naučil, a za vzpomínky, kterých rozhodně není málo. ❤️‍🩹🥉

Přejeme ti hodně štěstí a úspěchů na tvé další cestě ✊🏼
#JednouFalconNavzdyFalcon",https://www.instagram.com/p/DZnP5msCLqf/,,12507,348,9,44
vsefalcons,instagram,709fceba-e311-48e7-9057-f54a587abf4a,5531d935-0f9d-40c1-81f2-2445475eeba8,IG Story,VIDEO,3.3.2026 19:55:30,naše trenérské trio 🧑‍🧒‍🧒,https://www.instagram.com/stories/vsefalcons/3844899283363481074,629,847,,,1
vsefalcons,instagram,709fceba-e311-48e7-9057-f54a587abf4a,7981bba6-6f71-4bd3-8015-c44057427d63,IG Story,VIDEO,14.4.2026 13:23:26,"KDO NEMÁ, MŮŽE KOUPIT NA MÍSTĚ 🔥 🛍️",https://www.instagram.com/stories/vsefalcons/3875142513287761993,638,695,,,2
@bitvaoprahu,facebook,75e0f41f-82be-4f82-a77b-82ac11135ed2,bff9f277-80a8-4632-9c70-768fb518a01f,FB Post,IMAGE,10.3.2026 13:11:38,"UŽ VE ČTVRTEK…⏳

🎓4 největší pražské univerzity | ČZU • VŠE • UK •ČVUT
🎤Metrostav halftime show | Gufrau • Victor Kal. • MAT213
🏒🔥Show na ledě, i v hledišti 

…to je BITVA O PRAHU 🤩
Budeš s námi u největší sportovní události letního semestru?
🎟️bitvaoprahu.cz",https://www.facebook.com/1441262177797849/posts/1418610976729636,539,,5,,
vsefalcons,instagram,709fceba-e311-48e7-9057-f54a587abf4a,4ea9ee12-fefc-43eb-a0f4-cda25d769801,IG Story,VIDEO,5.2.2026 17:57:27,,https://www.instagram.com/stories/vsefalcons/3825995979413811158,,884,,,
vsefalcons,instagram,709fceba-e311-48e7-9057-f54a587abf4a,8da31611-0c53-4e64-b50e-39f2b479bc3f,IG Story,VIDEO,3.6.2026 6:55:35,🥵 DOBRÉ RÁNO,https://www.instagram.com/stories/vsefalcons/3911185889430633327,741,607,,,
@univerzitnihokej,facebook,01b45180-0b14-4a14-96e8-d0a4bab1fb9f,05019364-db07-425d-88a6-464f5564ad7f,FB Post,IMAGE,1.4.2026 20:00:28,"Semifinále PLAY-IN? Drama až do konce 🤯 

Black Dogs rozhodli až v samostatných nájezdech, v Plzni vyhráli outsideři Farmers. 😮‍💨",https://www.facebook.com/1275398168115026/posts/1275963344725175,494,,1,,
vsefalcons,instagram,709fceba-e311-48e7-9057-f54a587abf4a,465ce256-c403-410c-bef1-e58dd7b252d1,IG Story,VIDEO,16.4.2026 16:47:17,,https://www.instagram.com/stories/vsefalcons/3876694481172978032,1080,1043,,,3
@hc_muni,instagram,43cd62c8-609d-4ea6-8ce9-cae5242ede0c,51b9289e-dbf5-4ab4-9ace-725904cc88d1,IG Story,VIDEO,11.4.2026 21:17:09,"💥 ⏰  ZÍTRA ČEKÁ JIRKU DALŠÍ ZÁPAS! 
 LET’S  GO FOR THAT",https://www.instagram.com/stories/hc_muni/3873206614602209055,,232,,,
vsefalcons,instagram,709fceba-e311-48e7-9057-f54a587abf4a,7f3a329a-d6b2-40a4-b8ed-a620e062f91a,IG Story,VIDEO,1.4.2026 20:14:24,,https://www.instagram.com/stories/vsefalcons/3865927385757575658,798,454,,,
vsefalcons,instagram,709fceba-e311-48e7-9057-f54a587abf4a,ab0dc9a6-a50f-43c9-b2f9-94d5edd77f40,IG Story,VIDEO,2.3.2026 17:46:07,📍,https://www.instagram.com/stories/vsefalcons/3844109418082390229,686,970,,,1
@united_hk,instagram,b18c071b-0570-48b2-b743-990c668c3c5b,7c84769a-d7ba-4796-9fc5-34fcc3024744,IG Post,IMAGE,9.4.2026 12:41:40,"Každá sezona přináší i loučení v @univerzitnihokej.

Od další sezony s námi nebudou pokračovat Jakub Kochan, Marek Ladman, Vladimír Mičian, Jiří Šrámek a Tomáš Teuber.

Děkujeme za čas, energii, zápasy, kabinu i všechno, co jste do UNIted HK vložili.
Každý z vás zanechal v našem týmu svoji stopu a byl součástí cesty, kterou jsme za první roky klubu společně prošli.

Díky, chlapi.
🖤🧡

#unitedhk #unihokej #hokej",https://www.instagram.com/p/DW6Uo98iJkZ/,,10803,310,,74
@united_hk,instagram,b18c071b-0570-48b2-b743-990c668c3c5b,887dfdf5-a42d-4228-8ca4-a101ac6c1f7a,IG Post,IMAGE,23.3.2026 13:10:55,"🏒 Dnes do Pardubic
Dnes nás čeká poslední zápas základní části.
Vyrážíme do Pardubic na derby.
Play-In máme jistý.
Teď ladíme formu na to nejdůležitější, co přijde.
A derby?
To chceš vyhrát vždycky. 😏
Drž nám palce. 🖤🧡

#unitedhk #unihokej #hokej",https://www.instagram.com/p/DWOmdprCPii/,,4370,51,,8
@univerzitnihokej,instagram,1e114592-3529-4cfe-9977-2598454053af,a993a89d-dac0-4a07-a9ad-d6bcac3b8ead,IG Post,IMAGE,9.3.2026 21:25:00,Tomu říkáme začátek týdne! 🫨 prodloužení rozhodlo a Riders doma porážejí Black Dogs 🐎,https://www.instagram.com/p/DVrb43ciKCm/,,4746,97,,19
vsefalcons,instagram,709fceba-e311-48e7-9057-f54a587abf4a,68a94c5d-7dbe-46f5-93a4-69dd1e15d292,IG Story,VIDEO,16.4.2026 18:12:53,GO FALCONS GO,https://www.instagram.com/stories/vsefalcons/3876737515461806124,1044,837,,,1
@united_hk,instagram,b18c071b-0570-48b2-b743-990c668c3c5b,9e886c47-01bb-4090-b1df-67c2196149de,IG Reel,VIDEO,12.4.2026 16:04:36,"We listen and we (don’t) judge: Garnier edition💚

#unitedhk #unihokej #hokej",https://www.instagram.com/reel/DXCZ8b_iIoT/,,3398,73,,5
vsefalcons,instagram,709fceba-e311-48e7-9057-f54a587abf4a,bc369f50-73ff-41d8-a012-950ced630c49,IG Reel,VIDEO,10.4.2026 18:22:13,"Jsme trochu v nešťastný situaci… neznáme soupeře ani čas semifinále @unihokejfinalfour 😏

Řešení? Jednoduchý.
Kup si denní vstupenku a dej si rovnou 2️⃣ zápasy + double dávku show. 🔥 Nebo si počkej do neděle, kdy už bude jasno. 👀
Vstupenky na finalfour.cz a nezapomeň využít náš kód VSEFANS! 🎟️",https://www.instagram.com/reel/DW9gBlSiFIH/,,4819,110,5,25
@AkademiciPlzen,facebook,d87b94e3-03e8-45d0-b92e-75e9b819545c,f9fc2df6-0a53-47ee-b70a-daa44dcd2835,FB Post,PHOTO,30.3.2026 20:58:41,"🚨 Deadline alert! 🚨

🎓 Na ZČU nezačíná jen studium. Začínají tu i zážitky, kamarádi, studentskej život… a taky univerzitní hokej. 🏒

Jestli chceš být od příštího roku součástí toho všeho, mrkni na termíny přihlášek na bakalářské studium a hlavně je nepropásni. ⏳

Ulož si tenhle post a pošli ho dál někomu, kdo ještě pořád říká, že „je čas“. 👀

#akademiciplzen 💙",https://www.facebook.com/1357105236437494/posts/1356047273209957,670,,1,,
vsefalcons,instagram,709fceba-e311-48e7-9057-f54a587abf4a,8b3c378d-3ee0-49c9-8b4a-c2c3afd8ddb8,IG Reel,VIDEO,28.3.2026 18:29:21,"Nikdo moc neví, jak ten play-in přesně funguje… 🫣
Ale jedno je jasný 👉🏻 V úterý 31.3. hrajeme poslední domácí zápas a potřebujeme zase plné hnízdo! 🫵🏻🪺",https://www.instagram.com/reel/DWcCl5DCB5w/,,4188,105,1,8
vsefalcons,instagram,709fceba-e311-48e7-9057-f54a587abf4a,854b83d5-f366-4015-bb45-a50ff39ff937,IG Story,VIDEO,13.1.2026 18:28:13,,https://www.instagram.com/stories/vsefalcons/3809341331579869525,,1461,,,6
@akademiciplzen,instagram,65494228-95bf-4f7b-8e68-d47d7262db66,4918bff6-676c-4464-aeef-6b0e7f7fb694,IG Story,VIDEO,31.3.2026 19:57:15,⏳,https://www.instagram.com/stories/akademiciplzen/3865193879356315900,,723,,,5