account_name,social_network_id,carl_account_id,carl_post_id,post_type,media_url_type,published,caption,permalink,impressions,views,likes,comments,shares
@univerzitnihokej,instagram,1e114592-3529-4cfe-9977-2598454053af,144b638d-d0e9-435d-8af2-8ed5bae94db1,IG Reel,VIDEO,11.3.2026 19:38:38,Kluci v Ostravě se toho taky nebojí👀,https://www.instagram.com/reel/DVwZIhNiLTr/,,11202,209,,61
@riderspardubice,instagram,4d6a67ab-9313-4f77-a82e-abb18adbca5d,325a6843-f3db-4e46-a998-33076aec1fbf,IG Story,VIDEO,8.4.2026 19:23:55,1:1,https://www.instagram.com/stories/riderspardubice/3870976725539189644,,491,,,
@cvutengineers,instagram,11963a07-7f0f-48e6-9d81-aa63a7ff4a04,6d0c1acf-024a-43fb-8cc6-c01161d9b3c6,IG Reel,VIDEO,17.4.2026 16:47:25,"Tak kdo se v tom má vyznat taky… 🤷🏼‍♀️🤷🏼‍♀️

Gear: @b_hockey_czech",https://www.instagram.com/reel/DXPWiMBDAJZ/,,22399,401,2,16
@univerzitnihokej,facebook,01b45180-0b14-4a14-96e8-d0a4bab1fb9f,10c138ba-4cdc-40d4-915c-d56133322167,FB Post,ALBUM,31.3.2026 8:49:54,"PRVNÍ DUEL PLAY-IN 😤

Falcons 🆚 UNIted
Jeden zápas. Jedna šance. Kdo postoupí do finále? 👇🏻",https://www.facebook.com/1275398168115026/posts/1274714014850108,281,,2,,
@univerzitnihokej,instagram,1e114592-3529-4cfe-9977-2598454053af,4f8e391c-bfaa-473f-a272-142580ee6844,IG Post,IMAGE,11.3.2026 9:11:40,Moravské derby je tady! Souboj @boostrava a @hc_muni můžete sledovat dnes od 19:00 na ČT sport 🍿,https://www.instagram.com/p/DVvQ9FxiOJ3/,,10150,104,,12
@akademiciplzen,instagram,65494228-95bf-4f7b-8e68-d47d7262db66,8bece514-23fc-4dff-baa4-4a5c544a3fb1,IG Story,VIDEO,27.8.2026 17:45:20,DNESKA JSOU TRESTNÝ LAVICE ZAHŘÁTÝ 🥵 🥊,https://www.instagram.com/stories/akademiciplzen/3973119069402226309,,922,,,1
@univerzitnihokej,facebook,01b45180-0b14-4a14-96e8-d0a4bab1fb9f,993b1088-8022-4253-a521-36d8e50f908a,FB Video,VIDEO,2.4.2026 16:22:51,Semifinálové drama v Budějovicích 😤 Cavaliers domácí Black Dogs potrápili až do nájezdů.,https://www.facebook.com/reel/1302653698430910/,2749,1412,8,,
vsefalcons,instagram,709fceba-e311-48e7-9057-f54a587abf4a,adca0a34-86e2-4a62-bb4b-5d3cc5a51cdd,IG Story,VIDEO,10.2.2026 18:49:00,🕺 @jan_kubata  PLAYLIST V POŘÁDKU,https://www.instagram.com/stories/vsefalcons/3829645520767832049,660,852,,,
@united_hk,instagram,b18c071b-0570-48b2-b743-990c668c3c5b,c17aa6d2-3893-4097-afe3-d8e33a8110ef,IG Reel,VIDEO,10.3.2026 17:42:41,"Světla zhasínají. 
Příběh hokejistů začíná. 🏒🎬

🎟️Zapoj se do soutěže:

2x2 lístky na maratón první série Heated Rivalry v kinách CineStar pro tebe a tvého kámoše! 

📌Podmínky soutěže:
1) označ, s kým bys seriál chtěl/a vidět 
2) dej like na post

Ve čtvrtek vylosujeme 2 výherce, kteří si můžou premiéru užít přímo z první rady!

#unitedhk #unihokej #hbomax #heatedrivalry",https://www.instagram.com/reel/DVtlHMiiH0W/,,5574,138,19,42
vsefalcons,instagram,709fceba-e311-48e7-9057-f54a587abf4a,c580611e-7e79-403a-b842-7b32d4701eaf,IG Reel,VIDEO,6.4.2026 16:28:04,"Asi se shodneme, že by kluci měli zůstat u omotávání hokejek 🤦🏽‍♀️

#vsefalcons",https://www.instagram.com/reel/DWy__YpCKTy/,,,158,6,25
@vutcavaliersbrno,instagram,b384bebf-72f3-4f9d-8b2d-3677709f6966,cd5b4446-7bec-49a0-b7b1-632caf8aa7a6,IG Reel,VIDEO,6.3.2026 11:59:15,"daly jsme klukům jednorázový foťák na @hokejovy_souboj_univerzit a takto to dopadlo🤩
inspirováno @lifeonfilm",https://www.instagram.com/reel/DVisaahCC7A/,,10275,212,5,15
@univerzitnihokej,instagram,1e114592-3529-4cfe-9977-2598454053af,ded04504-06db-4c01-ae5d-37704d83306c,IG Post,IMAGE,10.3.2026 22:29:19,V Praze to dnes bylo na ostří nože 🔪 Kings jsou zpátky na vítězné vlně a Engineers nechali Falcons bod po nájezdech 🙌🏼,https://www.instagram.com/p/DVuICv7iDM0/,,3539,94,,2
vsefalcons,instagram,709fceba-e311-48e7-9057-f54a587abf4a,279a7da1-9a56-4008-a5d1-347d71fa2aea,IG Reel,VIDEO,3.3.2026 9:04:55,"Kdo z kluků si zaslouží mic na dnešním zápase? 🤓

📅dneska 📍 @icearenakaterinky ⏰ 19:45",https://www.instagram.com/reel/DVaqMhGCNl2/,,3201,77,,6
vsefalcons,instagram,709fceba-e311-48e7-9057-f54a587abf4a,349957a3-1109-4c60-b54d-96ea3738b315,IG Story,VIDEO,26.2.2026 20:29:01,VEČEREM PROVÁZÍ NAŠE OBLÍBENÁ DVOJKA @cech.ondrejj 🤝🏼 @alan.david6 🎤,https://www.instagram.com/stories/vsefalcons/3841292270238750590,1432,2150,,,2
@unitedhk,facebook,bfe6cc29-a387-41b9-9bca-b077722556af,5d2ba16f-9e11-4c0a-88d4-3d90b648d5ad,FB Video,VIDEO,25.3.2026 16:15:02,"Založíš účet do konce března?
Pak jsi ve hře o 100 000 Kč. 😏

A to není všechno:

⚡ rychlé a jednoduché založení online
💸 odměna 1 500 Kč za založení účtu
🍻 20 % cashback na drinky na UNIted HK afterparty

Takže jestli účet ještě nemáš… možná je teď ideální čas.

#unitedhk #unihokej #hokej",https://www.facebook.com/reel/27101900679411991/,354,104,1,,
vsefalcons,instagram,709fceba-e311-48e7-9057-f54a587abf4a,7829fd34-90f6-4532-a3ad-2d6f41917179,IG Post,IMAGE,8.2.2026 8:05:05,"FALCONS PUB KVÍZ IS BAAAACK!

Minule sklidil velký úspěch, a proto jsme se ho rozhodli udělat znovu a mnohem vymazlenější! 🤓

Čeká vás večer plný zábavy, dobrého piva a pořádné dávky vědomostního adrenalinu. 🧠 Vyhrát můžete bombové ceny, kterými nás vybavil Red Bull, Proud nebo Grant Thornton, a vítěz si domu odnese lístky na Bitvu o Prahu ‼️

Do týmu se může přihlásit 4-5 lidí, vstupné je zdarma a bar s top drinky je samozřejmostí. 🥂

26.2. | Akademický klub, Italská budova | 19:00

Registrovat se můžete přes link na profilu. Těšíme se na vás! 💙

#vsefalcons #pubkviz",https://www.instagram.com/p/DUfVN8rCCRx/,,9855,30,,31
vsefalcons,instagram,709fceba-e311-48e7-9057-f54a587abf4a,b815cf33-46d3-47ae-abd5-e6bea0eaa05a,IG Story,VIDEO,31.3.2026 15:30:23,,https://www.instagram.com/stories/vsefalcons/3865059549900230502,999,986,,1,3
@bitvaoprahu,instagram,d7c8aa06-74fb-4c6c-a7d2-c2fe1bf6d59c,0b34c83b-13d5-469f-b7df-29b73517177e,IG Reel,VIDEO,12.3.2026 13:59:08,"Udělej dneska na Bitvě dobrej skutek! ❤️‍🩹

Přímo na hale za sektorem UK a ČZU najdeš zápisová místa do registru dárců kostní dřeně. Tak se tam zastav! 👊🏼",https://www.instagram.com/reel/DVyXBMbDEyA/,,19055,121,2,12
vsefalcons,instagram,709fceba-e311-48e7-9057-f54a587abf4a,d8278dbd-e50b-4ba3-a0b7-d78ef17313ae,IG Reel,VIDEO,4.2.2026 10:25:36,"Sent this to the Super Bowl halftime show casting.
@badbunnypr hasn’t replied yet, but we’re staying ready. 💃🏻🕺🏻

#superbowl #badbunny",https://www.instagram.com/reel/DUVQ8iTiDBv/,,14626,382,1,121
@riderspardubice,instagram,4d6a67ab-9313-4f77-a82e-abb18adbca5d,e8e6464e-b533-416b-8c3c-173096e43b1b,IG Post,IMAGE,2.3.2026 9:13:38,"Dnes si Riders vezmou do duelu @cvutengineers !🔥 Kdo tento duel zvládne jako vítěz?

Survivor game
🗓️ 2. 3. v 19:00
📍 v Enteria Arena
⚔️ proti @cvutengineers 

Vstupenky zakoupíš v BIU!🎟️🥥
#riders#survivorgame#survivor",https://www.instagram.com/p/DVYGS9aDANA/,,3947,27,,4
vsefalcons,instagram,709fceba-e311-48e7-9057-f54a587abf4a,3689f4b2-65d9-44e1-9b26-3932c6e65d9f,IG Story,VIDEO,14.3.2026 16:29:50,@_jobas57_  NAVYŠUJE,https://www.instagram.com/stories/vsefalcons/3852770179730164820,754,726,,,
@hcmuni,facebook,d1f9e9f9-7526-42d4-85aa-13f91e89f7cf,38e0bd53-7258-4269-ac28-ecf56bfe485e,FB Story,VIDEO,25.8.2026 9:07:49,,https://facebook.com/stories/107477761381481/UzpfSVNDOjI2MTg4NzA5MzE4OTQzNjc=/?view_single=1,,,,,
vsefalcons,instagram,709fceba-e311-48e7-9057-f54a587abf4a,3bc37d09-0119-4c9e-8600-d7a8cef5fe6b,IG Story,VIDEO,12.3.2026 15:28:03,,https://www.instagram.com/stories/vsefalcons/3851287659872315003,1476,1299,,,
@united_hk,tiktok,7e062517-b9da-416d-b73d-a2c5899a2be6,57c137a4-8119-47b5-9efe-ca615e39824d,TT Video,VIDEO,9.3.2026 19:52:07,"🔥 Plná ČPP Aréna, derby Hradec vs. Pardubice a Halftime Show Adama Mišíka. Východočeské derby univerzit znovu ukázalo, jak vypadá studentský hokej ve velkém stylu v rámci Univerzitní ligy ledního hokeje. Do arény dorazilo 2 379 fanoušků, kteří vytvořili skvělou atmosféru od prvního buly až do posledních minut. Na ledě tvrdý souboj UNIted HK a Riders Univerzita Pardubice. O přestávce velká show – Adam Mišík, který rozpálil celou halu. 🎥 Mrkni na oficiální aftermovie a připomeň si nejlepší momenty z jednoho z největších univerzitních hokejových eventů ve východních Čechách. 🌐 Více info: www.unitedhk.cz/derby #unitedhk #unihokej #hokej",https://www.tiktok.com/@united_hk/video/7615346051091860759?utm_campaign=tt4d_open_api&utm_source=7348986504397455361,,771,43,1,1
@hc_muni,instagram,43cd62c8-609d-4ea6-8ce9-cae5242ede0c,76a27517-7f8f-4710-a2b6-489d5a85562d,IG Story,VIDEO,12.8.2026 8:54:04,,https://www.instagram.com/stories/hc_muni/3961980068717035330,,1933,,,14
@riderspardubice,instagram,4d6a67ab-9313-4f77-a82e-abb18adbca5d,cc10efc7-46b6-4ee8-8660-3c013a675d4b,IG Post,IMAGE,17.4.2026 11:56:55,"Napiš do komentáře svého nejoblíbenějšího hráče a my vylosujeme dva z vás, kteří vyhrají vstupenky na dnešní FF! 🥉",https://www.instagram.com/p/DXO1kgNjMfo/,,1212,32,2,2
@cvutengineers,instagram,11963a07-7f0f-48e6-9d81-aa63a7ff4a04,4a192c65-1522-4bfe-8bf2-0ca267818136,IG Post,IMAGE,1.8.2026 7:38:45,"Máme tady jeden comeback! 🦁
Na střídačku se vrací legenda Engineers Petr Ujfaluši. Tentokrát v roli asistenta trenéra. 🫡

Ujfi, vítej zpátky doma! Máme radost, že jsi zase součástí #engprg a těšíme se na společnou sezonu. 🔥",https://www.instagram.com/p/DbfUKoDsccM/,,7518,182,5,14
@vutcavaliersbrno,instagram,b384bebf-72f3-4f9d-8b2d-3677709f6966,902bb45e-dad0-423c-b0c1-6284434ed60b,IG Story,IMAGE,1.4.2026 17:56:28,,https://www.instagram.com/stories/vutcavaliersbrno/3865857846361480882,,475,,,
@218107044725785,facebook,7a942e3e-6c47-4794-9ba7-bbc7b6d40cb3,aade16f7-db31-49b3-882e-7edef3654aa7,FB Video,VIDEO,12.3.2026 14:26:05,Jsme na místě 🥵,https://www.facebook.com/reel/1111260461130429/,627,270,12,,
@riderspardubice,instagram,4d6a67ab-9313-4f77-a82e-abb18adbca5d,64c803fe-a285-4655-b521-f3c3a30da6c4,IG Story,VIDEO,8.4.2026 7:31:52,,https://www.instagram.com/stories/riderspardubice/3870616904293708860,,869,,,1
@boostrava,instagram,1176ddaf-d366-48a2-9639-3c6694c72c85,9286ff92-1474-4dc3-9f23-90dbe988b288,IG Reel,VIDEO,18.8.2026 17:49:41,"Vítejte u nás doma! 🏒 
Nahlédněte s námi do naší kabiny, která září v klubových barvách. Přesně tady se teď celá smečka poctivě chystá na novou sezónu. 🐺🔥 Jsme ready! 💪

#boostrava #vlcismecka #univerzitnihokej",https://www.instagram.com/reel/DcMLOxGsGgt/,,9583,151,2,10
vsefalcons,instagram,709fceba-e311-48e7-9057-f54a587abf4a,b9b977e9-fb56-4ebd-bed2-43f288fc0141,IG Story,VIDEO,16.4.2026 10:00:56,ZA PÁR HODIN  JDEME DO BOJE 🦅,https://www.instagram.com/stories/vsefalcons/3876489899180354086,2313,2693,,1,2
@AkademiciPlzen,facebook,d87b94e3-03e8-45d0-b92e-75e9b819545c,e2a660fc-02bf-4688-aad2-646dd5ff0ba7,FB Post,IMAGE,3.3.2026 15:57:04,"JARNÍ BITVA UŽ ZÍTRA! 👊🏻

Doraž včas na Proud, Redbull nebo svařák do fanzóny, nalaď hlasivky a pojď z toho udělat večer, na kterej se bude vzpomínat!

🕰️ 17:30 otevření fanzóny
📍 LOGSPEED CZ Aréna
🎟️ Lístky najdeš v biu nebo na plzenskabitva.cz

Tak co, bude nás ještě víc než loni? 🔥
#akademiciplzen",https://www.facebook.com/1357105236437494/posts/1333889612092390,628,,16,,
@united_hk,instagram,b18c071b-0570-48b2-b743-990c668c3c5b,5d0eabb5-bf89-4dce-ad25-a866eb763b83,IG Story,VIDEO,22.4.2026 18:30:44,,https://www.instagram.com/stories/united_hk/3881095258209579012,,356,,,
@vutcavaliersbrno,instagram,b384bebf-72f3-4f9d-8b2d-3677709f6966,af410c58-db4b-42ac-869b-361504893de3,IG Story,IMAGE,23.8.2026 9:06:22,pit stop lunch break,https://www.instagram.com/stories/vutcavaliersbrno/3969958748128264045,,736,,,
@riderspardubice,instagram,4d6a67ab-9313-4f77-a82e-abb18adbca5d,85c07faa-8f76-4101-b044-be7eb05a4aa4,IG Story,VIDEO,4.4.2026 22:25:15,,https://www.instagram.com/stories/riderspardubice/3868167456921766740,,111,,,
@riderspardubice,facebook,f99ed6c3-17cc-46f4-a32e-d9b0576ce2df,b61029eb-d02f-46a5-a72e-7fdc9ed30525,FB Video,VIDEO,18.8.2026 11:19:36,A jaky víkend jste měli vy?😄,https://www.facebook.com/reel/1794889218518078/,925,421,1,,
@hc_muni,instagram,43cd62c8-609d-4ea6-8ce9-cae5242ede0c,c0eac1a3-f240-4e06-bd78-3c20b9fcf825,IG Story,IMAGE,11.8.2026 11:42:22,ICE ON DAY 2 🔥 TRY OUT,https://www.instagram.com/stories/hc_muni/3961339967125224377,,1363,,,5
@univerzitnihokej,facebook,01b45180-0b14-4a14-96e8-d0a4bab1fb9f,d9863777-ac4b-4cc8-98fe-401be4e2a4cd,FB Post,IMAGE,18.3.2026 10:35:20,"❤️‍🔥 Jarní část TOP utkání za námi, @unihokejfinalfour🔜",https://www.facebook.com/1275398168115026/posts/1264018495919660,1046,,3,,
@riderspardubice,instagram,4d6a67ab-9313-4f77-a82e-abb18adbca5d,5b2cbaa6-f5d1-4846-b012-4a6fc75c7619,IG Reel,VIDEO,5.3.2026 19:13:27,"🐱 V pondělí za námi do enteria areny přijedou @blackdogsbudweis_vste! 🐕

A my při této příležitosti společně podpoříme KoČIČÍ depozitum Lovčice! 

Jak můžete opuštěným kočičkám pomoci s námi? 
- přineste s sebou na zápas kočičí žrádlo - granule, konzervy, ňaminky 
- přispějte finančním darem - ideálně v hotovosti na místě nebo pomocí QR kódu na kostce.

Minulý semestr jsme pomohli pejskům z @farma_u_veselyho_psa, tak pojďme znovu spojit síly a tentokrát pomoci kočičkám z KoČIČÍ depozitum Lovčice! 

Vstupenky za zapas koupíš přes odkaz v BIU!",https://www.instagram.com/reel/DVg5lJoDLRh/,,6337,68,,14
@riderspardubice,instagram,4d6a67ab-9313-4f77-a82e-abb18adbca5d,82063097-d118-4de0-a0fc-68048bd3eaf9,IG Reel,VIDEO,16.4.2026 16:30:54,Fanoušci mají jasno! ❤️‍🔥,https://www.instagram.com/reel/DXMwWmcDKvw/,,5495,132,,25
@riderspardubice,instagram,4d6a67ab-9313-4f77-a82e-abb18adbca5d,a3a48143-39f1-4795-90fb-63dc48e44415,IG Post,IMAGE,9.3.2026 16:31:52,"POZOR POZOR! 😍

Dneska do druhé přestávky sháníme soutěžící, kteří si zahrají o voucher do SKYBOXU od @enteria_holding na poslední zápas sezony! 

Kdo si dnes zahraje o takovýhle luxus?",https://www.instagram.com/p/DVq5l82DBNN/,,4029,59,5,4
@akademiciplzen,instagram,65494228-95bf-4f7b-8e68-d47d7262db66,d4d68be8-b3a3-4550-83e2-4d6161e1d09a,IG Story,VIDEO,6.4.2026 20:21:56,@jakubvotoupal,https://www.instagram.com/stories/akademiciplzen/3869554939983069245,,778,,,2
@riderspardubice,instagram,4d6a67ab-9313-4f77-a82e-abb18adbca5d,d5e50270-936b-4834-be8e-6ccc7c912051,IG Story,VIDEO,2.9.2026 17:52:10,ROZBRUSLENÍ 😎,https://www.instagram.com/stories/riderspardubice/3977471183645941658,,833,,,1
@univerzitnihokej,facebook,01b45180-0b14-4a14-96e8-d0a4bab1fb9f,1cd8e3ef-f4e9-4d67-93a1-302a2dfa80e7,FB Post,IMAGE,30.3.2026 16:04:37,Všechny zápasy PLAY-IN sledujte živě na @sport_ct ➕📺 Program zápasů u nás na profilu! 👆🏻,https://www.facebook.com/1275398168115026/posts/1274232244898285,935,,4,,
vsefalcons,instagram,709fceba-e311-48e7-9057-f54a587abf4a,95a82af2-cda1-4b92-b56e-86564bbe927e,IG Story,VIDEO,12.3.2026 19:40:08,,https://www.instagram.com/stories/vsefalcons/3851414512838698852,1253,912,,,
@univerzitnihokej,instagram,1e114592-3529-4cfe-9977-2598454053af,d0b45844-4645-4c8b-84d9-1d1e509a0f71,IG Story,STORY,31.3.2026 12:06:54,NEBO NA SPOTIFY 🎧 👇🏼,https://www.instagram.com/stories/univerzitnihokej/3864957128746255946,,1111,,,
@riderspardubice,instagram,4d6a67ab-9313-4f77-a82e-abb18adbca5d,66d79413-10aa-470a-912a-f41b49fc340b,IG Story,VIDEO,28.4.2026 16:15:45,,https://www.instagram.com/stories/riderspardubice/3885376100683758809,,714,,,
@univerzitnihokej,instagram,1e114592-3529-4cfe-9977-2598454053af,85d6a5b9-e4e4-4204-96d5-112b4c1ed1cd,IG Story,VIDEO,17.4.2026 14:53:03,,https://www.instagram.com/stories/univerzitnihokej/3877361945875610714,,1716,,,
@united_hk,instagram,b18c071b-0570-48b2-b743-990c668c3c5b,c3d376e1-8167-4637-9de8-bebdc3099bf5,IG Post,IMAGE,27.4.2026 11:12:14,"S UNIted HK se loučí i náš asistent trenéra Mario Kellner.

Mario byl důležitou součástí realizačního týmu a podílel se na tom, jak tým fungoval na ledě i mimo něj.
Svoji práci dělal poctivě a vždy ve prospěch týmu.

Díky za čas, energii a všechno, co jsi pro UNIted HK udělal.

Přejeme ti hodně štěstí do další životní kapitoly.
🖤🧡",https://www.instagram.com/p/DXogtEMCFRd/,,4987,110,1,13
vsefalcons,instagram,709fceba-e311-48e7-9057-f54a587abf4a,c81b9e15-1163-4f2d-a639-7b44328fad40,IG Story,VIDEO,3.2.2026 19:06:37,🍿 🛋️ A KDO SE NEZVLÁDL DOSTAVIT,https://www.instagram.com/stories/vsefalcons/3824581006674368086,,1186,,,1
vsefalcons,instagram,709fceba-e311-48e7-9057-f54a587abf4a,11082307-f8c7-4078-9337-94288458a534,IG Reel,VIDEO,5.3.2026 9:59:25,"Soutěž pro vás ‼️ 

Kdo z vás do komentářů napíše kolikrát řekl @bulvafilip “vole”, vyhrává dva lístky na úterní zápas 🤩",https://www.instagram.com/reel/DVf5jeiiF-r/,,4422,119,7,38
@riderspardubice,instagram,4d6a67ab-9313-4f77-a82e-abb18adbca5d,926d7b8c-f6f6-46a0-bc1e-15b0373cd484,IG Story,VIDEO,12.4.2026 13:52:44,,https://www.instagram.com/stories/riderspardubice/3873707704695133898,,1208,,,
@boostrava,instagram,1176ddaf-d366-48a2-9639-3c6694c72c85,990e0404-6b5c-40c5-96b4-9820963f4f63,IG Reel,REEL,27.3.2026 19:16:30,"Paparazzi už to ví… Tak si to zapiš taky! 👀

31.3. nás čeká play-in a půjde o všechno! 🔥

#savethedate #hockey #hockeygame",https://www.instagram.com/reel/DWZjMLmDF-G/,,8639,93,,36
vsefalcons,instagram,709fceba-e311-48e7-9057-f54a587abf4a,9efd1783-b5ec-4c66-9185-38fa9386dfb4,IG Story,VIDEO,3.2.2026 17:41:10,dneska tady máme jeden COMEBACK @jan_kubata 🏒 🥹❤️‍🩹,https://www.instagram.com/stories/vsefalcons/3824537963812410912,,1582,,,2
@bitvaoprahu,instagram,d7c8aa06-74fb-4c6c-a7d2-c2fe1bf6d59c,a466e14a-83e9-4cf8-ac56-f83d6879006d,IG Post,IMAGE,11.3.2026 17:37:38,Už zítra je Bitva day! 🫨🫨🥳🥳,https://www.instagram.com/p/DVwLT_NDA-r/,,12024,61,,9
@bitvaoprahu,instagram,d7c8aa06-74fb-4c6c-a7d2-c2fe1bf6d59c,c54e3933-1543-4cf0-a9fe-3c5c63f5156c,IG Post,IMAGE,12.3.2026 22:51:47,"👑 OBHAJOBA KINGS! 🏆🥇

Gratulujeme staronovým vládcům, @ukkingsprague . 🎩",https://www.instagram.com/p/DVzUNHVDPu2/,,112832,3902,7,255
@boostrava,instagram,1176ddaf-d366-48a2-9639-3c6694c72c85,f8b6c6f0-60b9-483d-a19b-b3f1d543ffef,IG Post,IMAGE,4.3.2026 21:15:01,"Vítězíme! 🦈

Další 3 body znamenají již 6. výhru v řadě! 🔥🎉

#win #hockey #žraloci",https://www.instagram.com/p/DVeiKU9jInr/,,1532,41,,1
vsefalcons,instagram,709fceba-e311-48e7-9057-f54a587abf4a,5a62c8a7-ad61-4a4c-836a-ddcecaa062f5,IG Story,VIDEO,17.1.2026 17:33:33,,https://www.instagram.com/stories/vsefalcons/3812213031682200506,,604,,,
@bitvaoprahu,instagram,d7c8aa06-74fb-4c6c-a7d2-c2fe1bf6d59c,700fda2a-8c4a-4bad-b7a5-579ac4d010ae,IG Story,VIDEO,10.4.2026 14:50:02,,https://www.instagram.com/stories/bitvaoprahu/3872286990565913677,,1017,,,1
@unitedhk,facebook,bfe6cc29-a387-41b9-9bca-b077722556af,16505034-e4a5-4368-8098-9a15f3a8b4fa,FB Post,IMAGE,3.9.2026 9:52:03,"🎂 Dnes slaví narozeniny náš útočník Daniel Dunda.

Všechno nejlepší, Dandý! Hlavně hodně zdraví a ať ti nová sezóna sedne.",https://www.facebook.com/122180651084388974/posts/122192459390388974,84,,3,,
vsefalcons,instagram,709fceba-e311-48e7-9057-f54a587abf4a,36ca414f-4348-41d9-aa2c-ca4006d6fdd6,IG Story,VIDEO,11.4.2026 9:35:30,včera jsme něco tvořili @garnier_czsk 🤫,https://www.instagram.com/stories/vsefalcons/3872853463096928927,1202,1345,,1,8
vsefalcons,instagram,709fceba-e311-48e7-9057-f54a587abf4a,79860911-2016-44b4-9091-d0d9a0cba12e,IG Story,VIDEO,12.3.2026 18:07:39,TO LÍTÁÁÁ 🦅,https://www.instagram.com/stories/vsefalcons/3851367988729494897,1332,1027,,,
vsefalcons,instagram,709fceba-e311-48e7-9057-f54a587abf4a,860e8727-66a6-4c82-b95a-c6e0098058d3,IG Story,IMAGE,30.3.2026 9:30:19,,https://www.instagram.com/stories/vsefalcons/3864153540902051335,675,778,,,2
vsefalcons,instagram,709fceba-e311-48e7-9057-f54a587abf4a,17060e2f-9265-4f2d-9ce2-df95480f7128,IG Story,VIDEO,16.4.2026 18:30:16,,https://www.instagram.com/stories/vsefalcons/3876746351803388109,1051,839,,1,
@united_hk,tiktok,7e062517-b9da-416d-b73d-a2c5899a2be6,46e67ace-064c-4cf9-a2a3-f1942ea43383,TT Video,VIDEO,20.3.2026 18:47:32,"💋 Kiss Cam z derby Derby není jen o hokeji. Některé momenty patřily i Kiss Cam. A někdy to bylo hodně zajímavé 😄 Výherci si odnesli luxusní večeři pro 2 v hodnotě 1500 Kč. Díky partnerovi Pivovarské domy za tenhle moment, na který se jen tak nezapomíná. Podívej se ve videu. 🖤🧡❤️ @Univerzitní hokej 🏒 ",https://www.tiktok.com/@united_hk/video/7619411347696078102?utm_campaign=tt4d_open_api&utm_source=7348986504397455361,,1420,38,,
vsefalcons,instagram,709fceba-e311-48e7-9057-f54a587abf4a,4d4281bd-9735-43a5-9358-d1907413600f,IG Story,VIDEO,14.3.2026 14:46:24,BRAZILKA  před zápasem ⚽️ ⚽️,https://www.instagram.com/stories/vsefalcons/3852716246827581597,894,1005,,,
@riderspardubice,instagram,4d6a67ab-9313-4f77-a82e-abb18adbca5d,8a2d0f06-bea4-4894-b63e-5132ad6c197a,IG Story,VIDEO,17.4.2026 16:30:58,,https://www.instagram.com/stories/riderspardubice/3877411142662680035,,895,,,
vsefalcons,instagram,709fceba-e311-48e7-9057-f54a587abf4a,bce1e907-6c7d-453e-a9f3-ebdc0ab9c41b,IG Story,VIDEO,3.3.2026 20:39:29,@___pajer24 👏🏻 🙅🏻,https://www.instagram.com/stories/vsefalcons/3844921448188120053,643,837,,,4
@engineersprague,facebook,afd06d1d-7b1c-4f66-8d93-ce4255ab773c,c9b92b6d-f25c-4ebb-a467-082af4018f09,FB Story,IMAGE,10.3.2026 21:13:02,,,,,,,
@hcnorthwings,facebook,2b08a479-603b-46e4-8a48-2bc0435ccd53,d0f714f4-e0f3-47ac-97ad-4fe9d2fd399c,FB Story,VIDEO,18.8.2026 18:30:27,,,,,,,
@cvutengineers,instagram,11963a07-7f0f-48e6-9d81-aa63a7ff4a04,fbff76f9-9501-4165-b75a-c26d240a3f06,IG Post,IMAGE,12.4.2026 14:56:50,"ONE TEAM ONE DREAM 
Čekají nás nejdůležitější zápasy této sezony. Buďte u toho s námi a ukažte, kdo má to pravé #SRDCELVA 🦁.

#engprg",https://www.instagram.com/p/DXCSfhvDBu8/,,6453,228,1,15
vsefalcons,instagram,709fceba-e311-48e7-9057-f54a587abf4a,a1f3c4ec-b1b5-4d82-b637-82fff04080e4,IG Story,VIDEO,13.3.2026 16:17:44,,https://www.instagram.com/stories/vsefalcons/3852037555323721563,972,923,,,
@akademiciplzen,instagram,65494228-95bf-4f7b-8e68-d47d7262db66,c80a4f99-9832-496b-8088-8c8d1b980636,IG Story,VIDEO,24.4.2026 15:41:37,@vpotocesevodatoci,https://www.instagram.com/stories/akademiciplzen/3882459709458646539,,1035,,,2
vsefalcons,instagram,709fceba-e311-48e7-9057-f54a587abf4a,fc7f8e66-30d3-4df1-b529-2a4ac282ca4f,IG Reel,VIDEO,26.5.2026 12:21:10,"Tak uvidíme jak to nakonec letos dopadne 👀

#ms2026",https://www.instagram.com/reel/DYzTfVpoksP/,,89579,2291,82,154
@engineersprague,facebook,afd06d1d-7b1c-4f66-8d93-ce4255ab773c,9f077cc8-785a-4bfe-97d4-5c53f912f251,FB Story,IMAGE,12.3.2026 22:31:19,,,,,,,
@riderspardubice,instagram,4d6a67ab-9313-4f77-a82e-abb18adbca5d,bb162ab4-283c-4ab7-b6bf-692ad818d8b4,IG Post,IMAGE,12.4.2026 13:55:18,Tohle je crazyyy! Všichni jdeme nabíhejme vyprodat vstupenky na @unihokejfinalfour! 🤯🤯,https://www.instagram.com/p/DXCLS7IjAmg/,,21225,435,15,61
vsefalcons,instagram,709fceba-e311-48e7-9057-f54a587abf4a,d6185d60-ed70-4c32-b46a-c63c47a16f39,IG Story,VIDEO,3.3.2026 18:30:13,BAGO time ⚽️,https://www.instagram.com/stories/vsefalcons/3844856355400224833,704,842,,,
@boostrava,instagram,1176ddaf-d366-48a2-9639-3c6694c72c85,fd6efd25-d177-42b5-a768-3ab8ffb8b702,IG Post,IMAGE,16.3.2026 20:04:48,"Nenechte si ujít zápas s Pardubicemi! 🍀

Ke vstupence vás čeká pivko a zelená zdarma! 🍻
Vstupenky najdeš v biu 🎫

#hockey #ostrava #stpatricksday2026",https://www.instagram.com/p/DV9T4ciDOZf/,,4651,26,,21
@BOhokej,facebook,c9082543-a03b-490f-8f97-66d439acce89,5cd7bf06-eec9-4d68-be55-823ab0539400,FB Post,ALBUM,26.3.2026 8:17:13,"POSLEDNÍ ZÁPAS základní části máme za sebou!🔥
Teď se chystáme na PLAY-IN, kde už půjde o všechno!
Věříme ve Vaši maximální podporu☘️",https://www.facebook.com/1477974067675582/posts/1472980991508223,409,,2,,
@riderspardubice,facebook,f99ed6c3-17cc-46f4-a32e-d9b0576ce2df,734676a3-e752-4c13-b789-d036d95d3df1,FB Post,IMAGE,15.3.2026 20:00:18,"Po posledním domácím zápase této sezony nás čeká afterparty v @dydybaba! 🤩🪩

Tak doražte na zápas a pak se všichni potkáme v Dýdý!",https://www.facebook.com/1592662819534019/posts/1577299241070377,501,,2,,
@united_hk,instagram,b18c071b-0570-48b2-b743-990c668c3c5b,9ad56060-5b45-4e6c-836b-facb15e71205,IG Story,VIDEO,28.8.2026 20:20:24,,https://www.instagram.com/stories/united_hk/3973921899536728159,,332,,,1
@218107044725785,facebook,7a942e3e-6c47-4794-9ba7-bbc7b6d40cb3,260045e7-0272-4d57-907d-7691c327d0a9,FB Post,IMAGE,11.3.2026 17:42:17,"Tak toto? 🥹 JSTE BLÁÁÁZNI ❤️

Vážíme si každýho z vás a už zejtra se všichni vidíme na @bitvaoprahu 🥉",https://www.facebook.com/122282816036218300/posts/122278376702218300,223,,12,,
@riderspardubice,instagram,4d6a67ab-9313-4f77-a82e-abb18adbca5d,4daf729d-c0b9-4ec0-ba13-ccf91865767c,IG Story,VIDEO,12.4.2026 13:03:54,VÝBORNÝ ZÁKROK 👏🏻👏🏻 @63skorpiz  2:1,https://www.instagram.com/stories/riderspardubice/3873683161372985119,,1080,,,
@cvutengineers,instagram,11963a07-7f0f-48e6-9d81-aa63a7ff4a04,aadaa9c7-d279-42bc-a246-a69bdd8b402e,IG Post,IMAGE,4.3.2026 21:45:44,"Dneska zůstaly 3 body doma na Hvězdě ✊🏼
No a příští týden bude nabitej 🫡 be ready!

#engprg #win",https://www.instagram.com/p/DVel7p4DNaU/,,3069,91,,3
@univerzitnihokej,facebook,01b45180-0b14-4a14-96e8-d0a4bab1fb9f,00bc087c-286c-4127-9431-ad5802f272e2,FB Post,IMAGE,1.4.2026 19:25:15,"O největší drama se postarali Black Dogs, kteří porážejí Cavaliers až na samostatné nájezdy 😮‍💨",https://www.facebook.com/1275398168115026/posts/1275944821393694,878,,7,,
@hcnorthwings,facebook,2b08a479-603b-46e4-8a48-2bc0435ccd53,33efd8d5-98db-4a39-9a75-09d05236cc26,FB Story,VIDEO,1.4.2026 14:45:32,,,,,,,
@bitvaoprahu,instagram,d7c8aa06-74fb-4c6c-a7d2-c2fe1bf6d59c,f282a2a5-123a-49b8-afcf-401e8d629222,IG Post,IMAGE,11.3.2026 19:30:17,Jakej si na after vymyslíš program necháme na tobě...😏 ale hrát ti k tomu bude tenhle našláplej lineup 🕺🪩,https://www.instagram.com/p/DVwYU_7FxSq/,,19500,136,1,82
@akademiciplzen,instagram,65494228-95bf-4f7b-8e68-d47d7262db66,71e75276-d5a6-4eb5-93fd-a7007a1bee9d,IG Story,VIDEO,27.8.2026 16:55:57,ZAČÍNÁME! 💥 ZAČÍNÁME! v bráně dnes Albert Schacherl 🥅 🏒 @albert_schacherl,https://www.instagram.com/stories/akademiciplzen/3973094229593091576,,1003,,,4
@united_hk,instagram,b18c071b-0570-48b2-b743-990c668c3c5b,d53ead82-d720-471b-a185-396b37cdb176,IG Post,PHOTO,26.3.2026 8:56:40,"Náš útočník Štěpán Kyclt dnes slaví narozeniny.

Všechno nejlepší, Štěpáne! 🎂
Užij si to.

🖤🧡

#unitedhk #unihokej #hokej",https://www.instagram.com/p/DWV3vreCBXD/,,2179,29,,
@vutcavaliersbrno,instagram,b384bebf-72f3-4f9d-8b2d-3677709f6966,a5f58703-c56e-4300-9268-ae5267b631d1,IG Story,VIDEO,30.8.2026 12:34:56,MAKÁME DÁL 🏒,https://www.instagram.com/stories/vutcavaliersbrno/3975137223615449653,,930,,,2
vsefalcons,instagram,709fceba-e311-48e7-9057-f54a587abf4a,da5cbc89-af62-42b6-a729-b5fa74a92a0c,IG Story,VIDEO,26.1.2026 15:20:29,JSME NA MÍSTĚ ❄️ ❄️,https://www.instagram.com/stories/vsefalcons/3818668926897268778,,1178,,,1
vsefalcons,instagram,709fceba-e311-48e7-9057-f54a587abf4a,305eacef-708a-45ee-86e5-4764cd3bf100,IG Story,VIDEO,17.2.2026 11:54:53,ČECHÝŇO VČERA MĚL VÁŽNEJ CALL,https://www.instagram.com/stories/vsefalcons/3834510556044785897,739,1027,,,2
@riderspardubice,facebook,f99ed6c3-17cc-46f4-a32e-d9b0576ce2df,2924dfb4-735b-4a0e-9de5-6bd8e2528451,FB Video,VIDEO,16.4.2026 14:22:51,Jsme v Praze ❤️‍🔥🐎,https://www.facebook.com/reel/1491593522542990/,310,90,1,,
@bitvaoprahu,facebook,75e0f41f-82be-4f82-a77b-82ac11135ed2,c856ad6c-80d6-4e5c-be77-9029a85a5aed,FB Post,IMAGE,12.3.2026 22:36:14,"Tradičně už plný barák! 🏟️🔥

Jste úžasní, vážíme si každého z vás! 🙏🏼 #bitvaoprahu",https://www.facebook.com/1441262177797849/posts/1420430376547696,332,,1,,
@riderspardubice,facebook,f99ed6c3-17cc-46f4-a32e-d9b0576ce2df,a08c8d66-2784-4d0a-a6d3-5cd475f2ccce,FB Post,IMAGE,11.3.2026 13:15:11,"🔥🏒 Kup si vstupenku na poslední domácí zápas semestru a automaticky se zařadíš do slosování o dvě vstupenky na páteční maraton Heated Rivalry v Pardubicích! 

Slosování ve čtvrtek večer 😎

@hbomaxczsk",https://www.facebook.com/1592662819534019/posts/1573488191451482,189,,1,,
@univerzitnihokej,facebook,01b45180-0b14-4a14-96e8-d0a4bab1fb9f,c8147af7-475a-448b-9153-f8e646d41300,FB Post,IMAGE,10.4.2026 14:12:18,Směr cesty 16. a 17.4. je jasnej! ➡️ @unihokejfinalfour 📍Zimní stadion Eden,https://www.facebook.com/1275398168115026/posts/1282743127380530,1082,,8,,
@akademiciplzen,instagram,65494228-95bf-4f7b-8e68-d47d7262db66,3429804e-4733-4779-b49b-614374aa6162,IG Story,VIDEO,4.4.2026 19:19:08,📝,https://www.instagram.com/stories/akademiciplzen/3868073783005563756,,1123,,,5
vsefalcons,instagram,709fceba-e311-48e7-9057-f54a587abf4a,4259ce33-c6e2-46a2-86a4-c520312bb824,IG Story,VIDEO,2.3.2026 18:27:41,@tomas_bartonn 🤝 @fanda__david,https://www.instagram.com/stories/vsefalcons/3844130346585566724,655,814,,,4
@univerzitnihokej,instagram,1e114592-3529-4cfe-9977-2598454053af,44401e82-1887-4f4b-b98e-a4c917752cb1,IG Post,ALBUM,31.3.2026 8:49:36,"PRVNÍ DUEL PLAY-IN 😤

Falcons 🆚 UNIted
Jeden zápas. Jedna šance. Kdo postoupí do finále? 👇🏻",https://www.instagram.com/p/DWiu7T5CC3M/,,11385,210,,19
@218107044725785,facebook,7a942e3e-6c47-4794-9ba7-bbc7b6d40cb3,5d0dbb52-679b-40eb-922d-9541a3b5deb0,FB Video,VIDEO,12.3.2026 17:23:38,KSN 🤩,https://www.facebook.com/reel/775453088687858/,481,244,7,,
@akademiciplzen,instagram,65494228-95bf-4f7b-8e68-d47d7262db66,6f6c6b0b-e5db-4ef3-a4f4-0bfb4a69f125,IG Story,VIDEO,15.4.2026 13:56:02,"1. STAHUJ APKU ČSOB
2. KLIKNI NA ODKAZ
3. VYHRAJ! 1. STAHUJ APKU ČSOB
2. KLIKNI NA ODKAZ
3. VYHRAJ!",https://www.instagram.com/stories/akademiciplzen/3875883694762520064,,943,,,
@unitedhk,facebook,bfe6cc29-a387-41b9-9bca-b077722556af,1bce7069-0ddc-42d5-bcd0-c97dea291d9a,FB Story,IMAGE,28.8.2026 12:38:38,,https://facebook.com/stories/122099775710388974/UzpfSVNDOjE3OTA2NDg3MDIzNzY2MTA=/?view_single=1,,,,,
@riderspardubice,instagram,4d6a67ab-9313-4f77-a82e-abb18adbca5d,245788ee-5bda-4bb7-8fd8-2485fa6374cc,IG Story,VIDEO,12.4.2026 13:03:00,KOTEL KOTLUJE!  DÍKY!,https://www.instagram.com/stories/riderspardubice/3873682672434555821,,1105,,,
@united_hk,instagram,b18c071b-0570-48b2-b743-990c668c3c5b,5610be79-8149-4a0b-a553-3ba9ccad0e2a,IG Story,IMAGE,14.4.2026 10:20:11,,https://www.instagram.com/stories/united_hk/3875050295139023162,,731,,,
vsefalcons,instagram,709fceba-e311-48e7-9057-f54a587abf4a,a62119b7-8db1-4e10-a7ca-41eece621c5b,IG Story,VIDEO,13.2.2026 7:53:15,FRAJEREM SE STANEŠ POUZE JEDNÍM ZPŮSOBEM 🙂‍↕️,https://www.instagram.com/stories/vsefalcons/3831489780714612914,551,551,,,
@riderspardubice,instagram,4d6a67ab-9313-4f77-a82e-abb18adbca5d,17b4d444-5e6a-4bd1-9bd4-4f6f462f70d6,IG Post,IMAGE,17.4.2026 15:30:19,Druhá třetina před námi! 🏒,https://www.instagram.com/p/DXPOTNRjFgB/,,2912,66,,2
@univerzitnihokej,instagram,1e114592-3529-4cfe-9977-2598454053af,9c0c11b5-d23c-43a7-a2b0-514469a87b40,IG Story,VIDEO,18.4.2026 10:25:24,,https://www.instagram.com/stories/univerzitnihokej/3877952009991115457,,1217,,,1
vsefalcons,instagram,709fceba-e311-48e7-9057-f54a587abf4a,d2871e67-3608-45a0-9c2d-7ddc1f6a6f84,IG Story,VIDEO,10.3.2026 23:32:22,,https://www.instagram.com/stories/vsefalcons/3850081853306881917,759,,,,
@riderspardubice,instagram,4d6a67ab-9313-4f77-a82e-abb18adbca5d,467129d9-b840-4f3b-964f-13ae118b6d9f,IG Story,VIDEO,31.3.2026 19:04:38,,https://www.instagram.com/stories/riderspardubice/3865167392058118351,,696,,,
@engineersprague,facebook,afd06d1d-7b1c-4f66-8d93-ce4255ab773c,57c9b902-3d7c-4603-a954-dc8fe86fa61d,FB Post,IMAGE,22.7.2026 9:54:52,"Nejen že jsou vtipný, hezký a šikovný… jsou i chytrý! 🤓

Gratulujeme všem ke studijním úspěchům. Ať už vás po létě čeká navazující studium, nebo nová životní etapa, přejeme hodně štěstí. 💙🦁

#engprg",https://www.facebook.com/1560924572517692/posts/1664641452146003,4525,,33,,
@boostrava,instagram,1176ddaf-d366-48a2-9639-3c6694c72c85,a4f798b7-4d77-40da-b494-5b42c82765c3,IG Post,IMAGE,14.4.2026 10:25:52,"Rádi bychom poděkovali trenérovi Honzovi Dětskému za tři úspěšné roky, které jsme mohli strávit pod jeho vedením.
Děkujeme za jeho přístup, podporu, trpělivost i nasazení, které nám po celou dobu předával.

Odnášíme si spoustu zkušeností i společných vzpomínek, na které budeme rádi vzpomínat.
Věříme, že se naše cesty v budoucnu ještě setkají.

Přejeme mnoho úspěchů do další etapy a ještě jednou VELKÉ DÍKY✨",https://www.instagram.com/p/DXG8v-oDNNJ/,,6768,204,2,44
@218107044725785,facebook,7a942e3e-6c47-4794-9ba7-bbc7b6d40cb3,aae04cec-af63-42e7-a101-0d4ca1b9cd2a,FB Post,IMAGE,12.4.2026 15:00:27,"Takhle vypadal náš poslední zápas proti @cvutengineers ⚔️

A už ve čtvrtek se s nimi utkáme znovu, jenže tento zápas bude znamenat MNOHEM více 🫨 Potřebujeme vás všechny u toho 📢

🎟️ Vstupenky na @unihokejfinalfour seženeš na profilu a můžeš použit kód “VSEFANS” ať fandíš levněji",https://www.facebook.com/122282816036218300/posts/122283645914218300,443,,13,,
vsefalcons,instagram,709fceba-e311-48e7-9057-f54a587abf4a,baa36078-b432-41bf-accd-2cc1dade586b,IG Reel,REEL,11.3.2026 7:21:22,"Natrénováno máme, teď to jen ukázat na ledě 😤 

Přijďte nás zítra podpořit na @bitvaoprahu 💪🏼 Budeme vás potřebovat víc, než kdy jindy! 💙

#vsefalcons #bitvaoprahu",https://www.instagram.com/reel/DVvE071iOkr/,,5946,79,4,21
@riderspardubice,instagram,4d6a67ab-9313-4f77-a82e-abb18adbca5d,da9344bf-b049-438e-9435-e918634b2354,IG Story,VIDEO,12.4.2026 13:20:43,EMOCE SE STUPŇUJÍ! 😬 +NESKUTEČNÝ @63skorpiz  2:2,https://www.instagram.com/stories/riderspardubice/3873691622768915357,,1074,,,
@univerzitnihokej,instagram,1e114592-3529-4cfe-9977-2598454053af,e08b20e6-8659-45f8-a7ff-a8c0b5e68b68,IG Reel,VIDEO,12.3.2026 18:00:19,Takové pohyby se asi naučil na farmě 🤭,https://www.instagram.com/reel/DVyyw1RCNJV/,,8741,172,,29
@akademiciplzen,instagram,65494228-95bf-4f7b-8e68-d47d7262db66,eaf2abd5-1b36-47cd-8f6b-e4cfabd0f600,IG Reel,VIDEO,17.3.2026 13:21:42,"Ví naši fanoušci, co je ofsajd? 👀
A kdo to pak nejvíc rozjel na afterparty? 😏

Na to se diváků na bitvě zeptala @deniskaurbankova 🎤.
Mrkni, jak to dopadlo!

#akademiciplzen #univerzitnihokej",https://www.instagram.com/reel/DV_KLZbDI7B/,,14820,311,2,57
@cvutengineers,instagram,11963a07-7f0f-48e6-9d81-aa63a7ff4a04,678476ab-940f-4180-879f-b25d0c635fcc,IG Story,VIDEO,17.4.2026 19:52:32,🚨🚨🚨 JE TAM!!!!! @bernattomas16,https://www.instagram.com/stories/cvutengineers/3877512537017482629,,1287,,,
@riderspardubice,instagram,4d6a67ab-9313-4f77-a82e-abb18adbca5d,a5e01015-e760-4100-9ccd-cc2be0eb332c,IG Story,VIDEO,12.4.2026 12:27:36,STŘÍDÁNÍ MUSÍ BÝT🏒 2:0,https://www.instagram.com/stories/riderspardubice/3873664877906909193,,1074,,,
@riderspardubice,facebook,f99ed6c3-17cc-46f4-a32e-d9b0576ce2df,b5ecb15e-28ab-45da-b64f-1a293a3fdc1d,FB Post,PHOTO,31.3.2026 10:01:19,"Dnes důležitý zápas v Ostravě- PLAY-IN!👊🏻🔥

Play-in
🗓️ 31.3. v 19:30
📍 v RT Torax Arena 
⚔️ proti @boostrava 

#playin#riders",https://www.facebook.com/1592662819534019/posts/1591934322940202,303,,6,,
@univerzitnihokej,facebook,01b45180-0b14-4a14-96e8-d0a4bab1fb9f,c778b4ad-8976-4d9a-a910-c207839cfc18,FB Post,PHOTO,30.3.2026 18:04:05,Jan Zoufal o univerzitním hokeji v Česku i zahraničí! 🇨🇿🌍 Celý článek na webu hokej.cz 👨🏻‍💻,https://www.facebook.com/1275398168115026/posts/1274304248224418,1706,,16,,
@AkademiciPlzen,facebook,d87b94e3-03e8-45d0-b92e-75e9b819545c,ebfae5c4-1d9c-46c8-931d-11d508be788c,FB Video,VIDEO,27.4.2026 20:04:18,"Zavzpomínali jsme na Jarní bitvu… a přenesli se až do devadesátek! 🎞️
Chybí vám taky ta atmosféra? Nesmutněte, už příští týden oznámíme datum Bitvy o Plzeň! 🔥

#akademiciplzen 💙",https://www.facebook.com/reel/1651183299271454/,746,335,2,,
@AkademiciPlzen,facebook,d87b94e3-03e8-45d0-b92e-75e9b819545c,f77b18e1-d255-466a-831a-65dfd827cdf4,FB Video,VIDEO,3.3.2026 8:30:54,"5 důvodů, proč přijít na Bitvu už v 17:30! 🕺🏼🪽🍻

#akademiciplzen #jarnibitva",https://www.facebook.com/reel/26197849436570204/,1383,513,9,,
@united_hk,instagram,b18c071b-0570-48b2-b743-990c668c3c5b,18b16fbe-2922-4c71-8c65-c69a214f04ad,IG Post,IMAGE,17.8.2026 9:55:24,"🎂 Dnes slaví 30. narozeniny náš hlavní trenér Aleš Steklík.

Aleši, všechno nejlepší, hlavně hodně zdraví a povedený vstup do první sezony v Hradci Králové. 

Třicítka je jen číslo. 😄",https://www.instagram.com/p/DcIw8VEop3v/,,3374,53,,3
@cvutengineers,instagram,11963a07-7f0f-48e6-9d81-aa63a7ff4a04,ebf4153d-8b38-48ce-a850-47668696d8e8,IG Story,VIDEO,8.4.2026 18:06:30,MÁME ZA SEBOU NEPROMĚNĚNOU 5 MINUTOUVOU PŘESILOVKU 😮‍💨,https://www.instagram.com/stories/cvutengineers/3870936358080776110,,957,,,
@boostrava,instagram,1176ddaf-d366-48a2-9639-3c6694c72c85,253e2fe8-2cb8-43a6-acb2-0ddac80c930c,IG Story,VIDEO,20.8.2026 20:06:35,@nwk_31 🔥 😎 🥅,https://www.instagram.com/stories/boostrava/3968116747500537056,,366,,,1
@riderspardubice,facebook,f99ed6c3-17cc-46f4-a32e-d9b0576ce2df,7ef2d11e-63fc-4b4c-b12a-52955ecc9d84,FB Post,IMAGE,3.3.2026 10:35:24,"Hlásíme důležitý zápas, bude se hrát o postup do play-off!🚨🗣️

Venkovní zápas
🗓️ 4.3. v 19:30
📍 ve Sportcentrum Lužánky
⚔️ proti @hc_muni 

#riders#venkovnízápas",https://www.facebook.com/1592662819534019/posts/1566621892138112,148,,1,,
@bitvaoprahu,facebook,75e0f41f-82be-4f82-a77b-82ac11135ed2,e56c2718-de3f-4bd6-ae87-f01c2060ba2a,FB Post,IMAGE,12.3.2026 9:45:02,"Tohle si otevři, až po 3 pivu ztratíš kámoše v davu... 👀",https://www.facebook.com/1441262177797849/posts/1419974623259938,183,,1,,
vsefalcons,instagram,709fceba-e311-48e7-9057-f54a587abf4a,2378a6d1-6ec2-4bf6-aaf7-dc35834afa8f,IG Story,VIDEO,8.1.2026 7:31:18,@_jobas57_ 🎩,https://www.instagram.com/stories/vsefalcons/3805386811434892077,,1541,,,3
@univerzitnihokej,facebook,01b45180-0b14-4a14-96e8-d0a4bab1fb9f,0d09a2b7-d1b7-43dd-a402-f8b4928d95f1,FB Post,IMAGE,8.4.2026 19:37:47,"@ukkingsprague také vás vítáme v @unihokejfinalfour 👋🏻 Vidíme se 16. 4. na Edenu 🏟️

Vstupenky na finalfour.cz 🎟️",https://www.facebook.com/1275398168115026/posts/1281439667510876,404,,3,,
@united_hk,instagram,b18c071b-0570-48b2-b743-990c668c3c5b,0e0e3ed4-b6fd-4510-8f3e-9605afb248b8,IG Story,VIDEO,11.4.2026 14:43:37,Poběž s námi 🏃🏼,https://www.instagram.com/stories/united_hk/3873008702231979592,,546,,,
vsefalcons,instagram,709fceba-e311-48e7-9057-f54a587abf4a,25e65f9b-b439-46c1-9dff-8afd59347a10,IG Story,VIDEO,24.2.2026 22:16:09,,https://www.instagram.com/stories/vsefalcons/3839896628618609325,614,831,,,
@univerzitnihokej,instagram,1e114592-3529-4cfe-9977-2598454053af,cce4c84b-23b5-4fe3-ad5e-062c1a77fff2,IG Story,VIDEO,17.4.2026 16:33:14,,https://www.instagram.com/stories/univerzitnihokej/3877412362844166122,,1638,,,
@hcmuni,facebook,d1f9e9f9-7526-42d4-85aa-13f91e89f7cf,7c80baa1-cf38-4efd-a813-a097a77dfcac,FB Post,IMAGE,9.3.2026 9:30:32,"Nemáš plány na víkend? Tak vyraž na hokej 🏒 Další domácí zápas proti @czufarmers 🔥Trochu netradičně v sobotu!🐻💙 
A pozor jen za 50,-

Lístky koupíš tady https://hcmuni.enigoo.cz/app/tickets/events 🎟️",https://www.facebook.com/1581741777288398/posts/1560793032716606,301,,2,,
@united_hk,instagram,b18c071b-0570-48b2-b743-990c668c3c5b,89b640b2-7931-433f-81fb-bc4f2665bf8b,IG Story,VIDEO,26.8.2026 16:30:40,PO PRVNÍ TŘETINĚ DODEJTE KLUKŮM SÍLU,https://www.instagram.com/stories/united_hk/3972356699570347425,,657,,,
@hcnorthwings,facebook,2b08a479-603b-46e4-8a48-2bc0435ccd53,d618d39b-85a2-4071-95c2-525f1979e898,FB Story,VIDEO,13.8.2026 16:04:29,,,,,,,
@riderspardubice,instagram,4d6a67ab-9313-4f77-a82e-abb18adbca5d,00550237-8e73-4484-a9c5-a298514ecb94,IG Story,VIDEO,14.4.2026 14:37:25,,https://www.instagram.com/stories/riderspardubice/3875179741276061523,,482,,,1
vsefalcons,instagram,709fceba-e311-48e7-9057-f54a587abf4a,7880d0bd-2d00-4e7a-945d-9537e177c05d,IG Story,VIDEO,1.6.2026 14:03:26,PONDĚLNÍ MAKAČKA 😮‍💨 🥵,https://www.instagram.com/stories/vsefalcons/3909951699900988541,,1029,,,
@riderspardubice,facebook,f99ed6c3-17cc-46f4-a32e-d9b0576ce2df,374868b1-cdb3-4418-b990-c641f7fef2e2,FB Video,VIDEO,1.4.2026 16:08:29,"Pokračujeme, nekončíme!🫡",https://www.facebook.com/reel/1617754682604559/,610,169,12,,
@akademiciplzen,instagram,65494228-95bf-4f7b-8e68-d47d7262db66,8f993dda-3a15-4e1a-8fbd-1cb5dcd48a55,IG Story,VIDEO,1.4.2026 16:39:24,,https://www.instagram.com/stories/akademiciplzen/3865819056582705340,,1503,,,
@cvutengineers,instagram,11963a07-7f0f-48e6-9d81-aa63a7ff4a04,a110e345-3ac2-4fc8-aa4e-45cf493e78e2,IG Story,IMAGE,9.4.2026 16:47:04,Alky byl včera jakože…,https://www.instagram.com/stories/cvutengineers/3871621120311218164,,711,,,
@engineersprague,facebook,afd06d1d-7b1c-4f66-8d93-ce4255ab773c,e59802bc-aa2b-41b0-a932-a6184bd8d7cb,FB Story,VIDEO,10.3.2026 21:37:10,,,,,,,
@engineersprague,facebook,afd06d1d-7b1c-4f66-8d93-ce4255ab773c,687d6eb1-de46-49de-9ff0-ce5be354020e,FB Post,IMAGE,9.4.2026 13:25:53,"Tahle výhra byla sladká 🤤 

@unihokejfinalfour 🔜

📸: @ondra_mann",https://www.facebook.com/1560924572517692/posts/1568134618463354,1263,,10,,
@akademiciplzen,instagram,65494228-95bf-4f7b-8e68-d47d7262db66,ba39c344-f719-43bf-8780-baf73de4d2d2,IG Story,VIDEO,31.3.2026 19:37:52,,https://www.instagram.com/stories/akademiciplzen/3865184106477059956,,832,,,1
@hcnorthwings,facebook,2b08a479-603b-46e4-8a48-2bc0435ccd53,d0c997dd-ca81-4d2c-a909-c392f486aa5c,FB Story,VIDEO,13.8.2026 16:13:44,,,,,,,
@hcnorthwings,facebook,2b08a479-603b-46e4-8a48-2bc0435ccd53,0cc62fb0-6afd-4df7-8e5c-77c67964586f,FB Video,VIDEO,12.3.2026 10:15:10,🎥 | Přinášíme sestřih branek 24. kola @univerzitnihokej ve kterém studenti @ujepul - HC North Wings podlehli celku @akademiciplzen na domácím ledě 🏒 #univerzitnihokej,https://www.facebook.com/reel/1524737392830859/,363,106,,,
@bitvaoprahu,instagram,d7c8aa06-74fb-4c6c-a7d2-c2fe1bf6d59c,5e9a722e-b395-4cbe-92fd-6bc74bbf51fd,IG Story,VIDEO,13.4.2026 17:27:13,"🔥 prostě všechno tak,
jak to máme nejradši",https://www.instagram.com/stories/bitvaoprahu/3874540476053593610,,811,,,
@218107044725785,facebook,7a942e3e-6c47-4794-9ba7-bbc7b6d40cb3,6eaec223-e132-48eb-854d-c80f3f0e63dd,FB Video,VIDEO,20.3.2026 17:31:13,@hamrbrmbrm13 na micu nebo spíš všichni ostatní na micu? 🤔,https://www.facebook.com/reel/1467057604928346/,332,115,2,,
vsefalcons,instagram,709fceba-e311-48e7-9057-f54a587abf4a,da4b2528-29ae-4dfe-8fe6-3ae78cfef33a,IG Post,PHOTO,11.3.2026 17:42:08,"Tak toto? 🥹 JSTE BLÁÁÁZNI ❤️

Vážíme si každýho z vás a už zejtra se všichni vidíme na @bitvaoprahu 🥉",https://www.instagram.com/p/DVwL-PoCKDT/,,3495,108,,3
vsefalcons,instagram,709fceba-e311-48e7-9057-f54a587abf4a,1502c61b-04d0-4447-b2db-19fcca432761,IG Reel,VIDEO,19.4.2026 11:35:35,Pojďte si s náma pro medaile 😍,https://www.instagram.com/reel/DXT88ebiP2w/,,7381,247,,9
@cvutengineers,instagram,11963a07-7f0f-48e6-9d81-aa63a7ff4a04,e8a985c3-9ddc-4c6f-8b23-4c82011acbf3,IG Story,VIDEO,17.4.2026 22:00:12,DĚKUJEME 🦁 lepší fanoušky bychom těžko hledali🥹,https://www.instagram.com/stories/cvutengineers/3877576718802533556,,981,,,
@akademiciplzen,instagram,65494228-95bf-4f7b-8e68-d47d7262db66,f1137f76-d7da-42d5-92a4-12abb25833dc,IG Story,VIDEO,9.4.2026 9:55:50,CHCEŠ MÍT PŘEHLED O STUDENTSKÝCH AKCÍCH? STAHUJ NOVOU APLIKACI! 📱,https://www.instagram.com/stories/akademiciplzen/3871414145057031917,,1167,,,1
@boostrava,instagram,1176ddaf-d366-48a2-9639-3c6694c72c85,ced6d5c4-c013-40c7-a474-87275db67c32,IG Story,VIDEO,26.8.2026 16:11:31,,https://www.instagram.com/stories/boostrava/3972347057134154490,,2570,,,23
@bitvaoprahu,facebook,75e0f41f-82be-4f82-a77b-82ac11135ed2,be9a4d85-657e-46d1-a1a6-416285469b02,FB Post,IMAGE,11.3.2026 18:43:07,"Program zítřejšího večera, aby ti niiiiiic neuteklo! 🫡🥳

Lístky ještě pořád můžeš koupit 👉🏻 bitvaoprahu.cz🎟️",https://www.facebook.com/1441262177797849/posts/1419525453304855,231,,,,
@riderspardubice,instagram,4d6a67ab-9313-4f77-a82e-abb18adbca5d,e8250866-8220-4ff9-ae8a-a9c8a868c7be,IG Story,VIDEO,12.4.2026 13:09:25,ZAPNI ZVUK A POSLECHNI SI ATMOSFÉRU LUCKY LOSER ZÁPASU 💆🏼‍♀️ 💆🏼,https://www.instagram.com/stories/riderspardubice/3873687083013693006,,1081,,,
@univerzitnihokej,instagram,1e114592-3529-4cfe-9977-2598454053af,9cf65ff1-5cb6-447e-837f-86fec5490a60,IG Story,VIDEO,10.4.2026 10:28:43,BUDEME PSÁT HISTORII UNIHOKEJE V ČESKU 🏆 🫵🏻,https://www.instagram.com/stories/univerzitnihokej/3872155537588679951,,1442,,,1
@united_hk,instagram,b18c071b-0570-48b2-b743-990c668c3c5b,955537b0-f94d-4c56-80b2-4d76cd43754e,IG Story,IMAGE,10.8.2026 19:37:53,💥 🤙 🏰 VÍŤEZSTVÍ!!,https://www.instagram.com/stories/united_hk/3960854571362304365,,1024,,,4
vsefalcons,instagram,709fceba-e311-48e7-9057-f54a587abf4a,8228c78d-66fd-402c-93b0-cc67d4543a79,IG Reel,VIDEO,9.12.2025 20:20:19,FRIENDLY REMINDER!🔔 Poslední možnost získat bodíky na cviku 🥶,https://www.instagram.com/reel/DSDkvvpiL5u/,,15170,377,,20
@bitvaoprahu,facebook,75e0f41f-82be-4f82-a77b-82ac11135ed2,e2871a0a-0451-4d66-abd7-df7fac2815d0,FB Post,IMAGE,10.3.2026 6:00:07,"S účtem u ČSOB dostaneš z afterparty Bitvy o Prahu 20% zpět z útraty 🤑

Stačí si založit účet u @csobcz přes odkaz v biu @univerzitnihokej 
Afterparty může bolet, účet už o něco míň 🫡",https://www.facebook.com/1441262177797849/posts/1418087006782033,217,,,,
@riderspardubice,instagram,4d6a67ab-9313-4f77-a82e-abb18adbca5d,ba1aafee-6065-4e7d-bad6-6d8eabb5c113,IG Story,VIDEO,26.8.2026 8:54:21,😍😍,https://www.instagram.com/stories/riderspardubice/3972127028535201536,,1298,,,1
@univerzitnihokej,instagram,1e114592-3529-4cfe-9977-2598454053af,017c8ae8-ae1c-43ff-844c-455d4ca99016,IG Post,PHOTO,30.3.2026 18:03:46,Jan Zoufal o univerzitním hokeji v Česku i zahraničí! 🇨🇿🌍 Celý článek na webu hokej.cz 👨🏻‍💻,https://www.instagram.com/p/DWhIbbCCE1c/,,8457,199,,8
vsefalcons,instagram,709fceba-e311-48e7-9057-f54a587abf4a,176564c3-1ada-43cd-b55e-88c0d1651322,IG Story,VIDEO,3.3.2026 18:01:51,jsme doma 🦅 🏟️ @redbullcz 🔋,https://www.instagram.com/stories/vsefalcons/3844842160768201840,725,1044,,,11
@united_hk,tiktok,7e062517-b9da-416d-b73d-a2c5899a2be6,24416f89-54a1-4994-876a-0751f1913c80,TT Video,VIDEO,12.4.2026 16:10:49,We listen and we (don’t) judge: Garnier edition💚 #unitedhk #unihokej #hokej,https://www.tiktok.com/@united_hk/video/7627905909041253654?utm_campaign=tt4d_open_api&utm_source=7348986504397455361,,1292,58,,5
@boostrava,instagram,1176ddaf-d366-48a2-9639-3c6694c72c85,3cf9f1a5-a7fb-4f35-9dac-6fc33fabdd3a,IG Reel,REEL,30.3.2026 13:10:10,"ZÍTRA to vypukne! Boj o postup do dalšího kola! 
Přijďte se sladit do 🟠 barev BOČKA, dostat triko zdarma a pivko k tomu🍺. 
📍RT TORAX ARENA 
⏰ 19:30",https://www.instagram.com/reel/DWgnLFmDBow/,,4757,58,4,39
@riderspardubice,instagram,4d6a67ab-9313-4f77-a82e-abb18adbca5d,508e0cc5-c2d7-4b68-8c33-3fceef8af3f3,IG Story,VIDEO,31.3.2026 17:34:45,JDEME NA TO!!,https://www.instagram.com/stories/riderspardubice/3865122151263381423,,822,,,
@riderspardubice,instagram,4d6a67ab-9313-4f77-a82e-abb18adbca5d,609262bb-06ee-497f-bc63-aea0ff500b81,IG Post,IMAGE,29.8.2026 12:18:35,"Gratulujeme našim dalším úspěšným absolventům k titulu!😍🎓

Inženýrským titulem se pyšní náš bývalý obránce týmu Dominik Kopecký a naše bývalá redaktorka článků Denča Veselá🤩

Do klubu bakalářů se přidává také náš útočník Adam Novotný a Matyáš Sodomka🔥

Všem absolventům ještě jednou gratulujeme a přejeme hodně štěstí v jejich další cestě, ať už na ledě nebo mimo něj!❤️🐎",https://www.instagram.com/p/Dcn64IQCPsa/,,8335,201,,12
vsefalcons,instagram,709fceba-e311-48e7-9057-f54a587abf4a,67c647d0-4ace-41be-8f61-293e5dc23f3a,IG Story,VIDEO,17.4.2026 12:07:19,VÍTĚZ!!!! vstupenku pošleme do dms,https://www.instagram.com/stories/vsefalcons/3877278363136065417,1000,1213,,1,
vsefalcons,instagram,709fceba-e311-48e7-9057-f54a587abf4a,932b1030-029c-4963-9f02-0306a030eb6f,IG Post,CAROUSEL_ALBUM,1.2.2026 17:23:30,"už za 2️⃣ dny se vidíme zpátky na @icearenakaterinky 🤩 
lístky sežene přes odkaz na profilu 🎟️",https://www.instagram.com/p/DUOTohKiFj1/,,8223,82,,15
vsefalcons,instagram,709fceba-e311-48e7-9057-f54a587abf4a,94e4dae1-c064-46a2-a738-fa7a73e77307,IG Reel,VIDEO,6.2.2026 17:29:14,"Nebuď jak Stráča a nepropásni úterní match proti @riderspardubice 😜 

Zápas v duchu dostihů a sázek se už blíží, tak kupuj lístky přes odkaz na profilu 🛍️

#vsefalcons",https://www.instagram.com/reel/DUbL0KECMfd/,,11207,206,3,21
@BOhokej,facebook,c9082543-a03b-490f-8f97-66d439acce89,eb4e80d4-07b7-403a-a66b-54bc2025fba5,FB Story,VIDEO,20.8.2026 18:32:36,,https://facebook.com/stories/100133738792962/UzpfSVNDOjE5MDc4MDc4NzM5NTgxODg=/?view_single=1,,,,,
@akademiciplzen,instagram,65494228-95bf-4f7b-8e68-d47d7262db66,fbd665af-ee66-4aed-b19b-f6d5bde62566,IG Reel,VIDEO,15.3.2026 19:22:53,"Balance is the key! @kaiser_sim_ 🚴🍰

#akademiciplzen 💙",https://www.instagram.com/reel/DV6qXy8jbBY/,,23162,572,,48
vsefalcons,instagram,709fceba-e311-48e7-9057-f54a587abf4a,2487b4f0-bf4a-4ba9-b632-a462b968a064,IG Post,CAROUSEL_ALBUM,29.1.2026 18:04:36,"Fanoušciiii, jste pořád tady? 🤩

V úterý hrajeme po dlouhé době doma a potřebujeme vás tam! 💙 Přijďte se odměnit za zkouškový a užít si trochu hokejíčku. 🏒

Lístky seženete přes odkaz na profilu! 🎟️

PS. kdo nepřijde fandit je bábovka 😝",https://www.instagram.com/p/DUGp84miOc3/,,13796,176,1,37
@cvutengineers,instagram,11963a07-7f0f-48e6-9d81-aa63a7ff4a04,83083dae-29f4-4697-a5a0-837a48232c38,IG Story,VIDEO,22.8.2026 18:12:05,"🚨 2.TŘETINA 
ZAČÍNÁ",https://www.instagram.com/stories/cvutengineers/3969508668470986768,,747,,,4
vsefalcons,instagram,709fceba-e311-48e7-9057-f54a587abf4a,891e8290-8c0f-4ee3-bc88-34c6f9702eb8,IG Story,VIDEO,14.3.2026 15:35:56,🤸🏽 @one__timer,https://www.instagram.com/stories/vsefalcons/3852741835605187435,805,864,,,1
vsefalcons,instagram,709fceba-e311-48e7-9057-f54a587abf4a,d4d62ea1-9e63-4d25-b395-4956a2cb74cf,IG Story,VIDEO,3.2.2026 19:28:40,OTEVÍRÁ SKÓRE 🎯,https://www.instagram.com/stories/vsefalcons/3824592079720868456,,1342,,,2
vsefalcons,instagram,709fceba-e311-48e7-9057-f54a587abf4a,d87bdf8a-0591-4253-8bec-9f447c752c9a,IG Story,VIDEO,3.3.2026 18:03:11,🦘,https://www.instagram.com/stories/vsefalcons/3844842753960223330,702,899,,,
@cvutengineers,instagram,11963a07-7f0f-48e6-9d81-aa63a7ff4a04,f1573fac-523d-4c47-91d1-3990dc040f98,IG Post,IMAGE,19.3.2026 8:06:05,"Už příští středu nás čeká poslední zápas základní
části. A nebude jen tak ledajaký.

Čeká nás LAST DANCE GAME pro hráče, kteří se s Engineers loučí 💙🦁

V posledních zápasech sezóny uvidíte v našem dresu naposledy Kubu DOHNALA, dvojčata NAJMANOVI, Pepu HYNKA a Vencu
SVACHA 🥹

Doražte jim vzdát respekt za všechno, co pro Engineers odmakali. Nechali tu kus sebe 🫡",https://www.instagram.com/p/DWDwKw0DDeb/,,15003,311,3,32
@hc_muni,instagram,43cd62c8-609d-4ea6-8ce9-cae5242ede0c,08bdfcaa-f8a9-4b9c-b12a-7b8e9425fa54,IG Post,IMAGE,1.4.2026 11:24:37,"Nedosažitelné se stalo skutečností! Sami tomu nemůžeme uvěřit🤯
Míříme na Final Four, které se odehraje 16.–17. dubna v Praha Edenu🏒
🎟️ Lístky na zápasy koupíš v biu 👉🏻 @unihokejfinalfour 

A teď vážně... samozřejmě si z vás jen děláme legraci! Dnes je 1. dubna, takže krásný duben všem! 🐻🫶🏻

#hcmuni #finalfour #firstapril",https://www.instagram.com/p/DWllHE3CD1q/,,6152,217,2,49
@unitedhk,facebook,bfe6cc29-a387-41b9-9bca-b077722556af,5ac68a1d-290a-4483-83ae-0ac58617c1f3,FB Post,PHOTO,30.3.2026 17:50:34,"Zítra začíná PLAY-IN.

1 zápas, kdy se hraje o všechno. Když vyhrajeme, postupujeme dál do dalších bojů o místo na Final Four.

Přijedeš nás podpořit?

Jedeme ALL IN. 🖤🧡

#unitedhk #unihokej #uhk #hradeckralove",https://www.facebook.com/122180651084388974/posts/122180019656388974,196,,3,,
@united_hk,instagram,b18c071b-0570-48b2-b743-990c668c3c5b,750aa2f8-530e-45fe-9a67-d27608e61d1e,IG Reel,VIDEO,22.7.2026 11:09:12,"Tak kolik bylo stupňů?👀

#unitedhk #unihokej #hradeckralove #uhk",https://www.instagram.com/reel/DbF8pCMoYnj/,,9048,149,3,34
@akademiciplzen,instagram,65494228-95bf-4f7b-8e68-d47d7262db66,e8b9a671-ab97-42ff-bebc-4de33e26f825,IG Story,VIDEO,11.8.2026 21:41:59,DRUHÝ TÝDEN DŘINY DRUHÝ TÝDEN DŘINY odstartován 🔥 @fkralicek_8 @gazicek_,https://www.instagram.com/stories/akademiciplzen/3961641764821674153,,315,,,4
@AkademiciPlzen,facebook,d87b94e3-03e8-45d0-b92e-75e9b819545c,0ac0d7d9-5530-4b8e-8166-4b0cc00d588c,FB Post,IMAGE,4.3.2026 21:32:13,"2 TĚŽCE VYBOJOVANÉ BODY JSOU DOMA! ⚡️ Poroučíme se, jdeme slavit. 🤭

👑 MVP zápasu: @honza_sibra 

#akademiciplzen #jarnibitva",https://www.facebook.com/1357105236437494/posts/1334820881999263,7241,,68,,
@univerzitnihokej,instagram,1e114592-3529-4cfe-9977-2598454053af,323958a4-f8aa-429a-b3bd-e7f46679f1af,IG Reel,VIDEO,30.3.2026 8:43:03,Zítra startuje PLAY-IN ➡️ boj o postup do @unihokejfinalfour ⚔️,https://www.instagram.com/reel/DWgIse7CCXw/,,12774,124,,20
vsefalcons,instagram,709fceba-e311-48e7-9057-f54a587abf4a,7d6c6a98-bd01-45e2-8c4d-9648d48fbf8d,IG Story,VIDEO,9.2.2026 19:47:07,,https://www.instagram.com/stories/vsefalcons/3828949978857391350,,843,,,4
vsefalcons,instagram,709fceba-e311-48e7-9057-f54a587abf4a,c9d1ea64-59ed-4669-9493-213095bef9f3,IG Story,IMAGE,27.4.2026 11:53:21,"Chceme tvůj zážitek
ze zápasů posunout dál. 📌 👇🏼 🔥 Řekni svůj názor
v krátkém dotazníku",https://www.instagram.com/stories/vsefalcons/3884519257786607982,1201,1528,,,3
@riderspardubice,instagram,4d6a67ab-9313-4f77-a82e-abb18adbca5d,f28287d5-5dfd-43f2-881c-d66a71690638,IG Story,VIDEO,17.4.2026 14:01:39,FINAL FOUR ROZBRUSLENÍ 🧊 ❄️,https://www.instagram.com/stories/riderspardubice/3877335892612671332,,1003,,,
vsefalcons,instagram,709fceba-e311-48e7-9057-f54a587abf4a,1b2a5887-55b7-46d9-b29b-20390ece37e0,IG Story,VIDEO,26.2.2026 21:05:24,ZDRAVÍME TAKY IMPOSTERY 😁👋🏼 @cvutengineers 👀 @united_hk x,https://www.instagram.com/stories/vsefalcons/3841310620880789941,978,1303,,,5
vsefalcons,instagram,709fceba-e311-48e7-9057-f54a587abf4a,29f34021-09df-46dd-a1d2-ac96faaaf022,IG Story,VIDEO,5.2.2026 20:28:26,SE POMALU BLÍŽÍ,https://www.instagram.com/stories/vsefalcons/3826071676442428125,,798,,,5
vsefalcons,instagram,709fceba-e311-48e7-9057-f54a587abf4a,374ea3ae-648f-4c49-b808-886a5d6c18c8,IG Reel,VIDEO,27.3.2026 17:51:01,"Písnička, ke které zná každý správný text 🙂‍↔️ 

Tak si pojďme všichni společně vyřvat hlasivky 31.3. na @icearenakaterinky 📢 Budeme vás potřebovat! 🦅💙

#playin #vsefalcons",https://www.instagram.com/reel/DWZZd65iDWI/,,3616,81,1,4
@univerzitnihokej,facebook,01b45180-0b14-4a14-96e8-d0a4bab1fb9f,4c391e1b-ac13-4154-8f0e-98b06410f7c0,FB Video,VIDEO,9.4.2026 17:22:36,@ukkingsprague si daji 16.4. opáčko v Edenu na @unihokejfinalfour 🎟️ Tentokrat už budou bojovat o titul a pohár Jana Palacha! 🏆 Vstupenky na finalfour.cz,https://www.facebook.com/reel/1257018939879046/,1880,955,10,,
@riderspardubice,facebook,f99ed6c3-17cc-46f4-a32e-d9b0576ce2df,5c28aa2d-14bd-4aa9-9448-1a8eccb904ab,FB Post,IMAGE,3.3.2026 17:00:08,"🌴 Na včerejší Survivor zápase získala výherkyně našeho Survivor kvízu parádní reprák JBL, který do soutěže věnoval náš dlouhodobý partner @enteria_holding!

Děkujeme a výherkyni gratulujeme a přejme spoustu kvalitní hudby! 

A jestli bys chtěl taky něco vyhrát, tak se zastav na zápase 9. 3. - vstupenky koupíš přes odkaz v BIU 🤫",https://www.facebook.com/1592662819534019/posts/1566881118778856,271,,2,,
vsefalcons,instagram,709fceba-e311-48e7-9057-f54a587abf4a,64a0e7e1-62f0-4f2f-aafb-7c1d8cc2a8c9,IG Story,VIDEO,24.3.2026 18:46:56,DNEŠNÍ POVINNOST 🍿,https://www.instagram.com/stories/vsefalcons/3860085044673036937,785,777,,,2
@vutcavaliersbrno,instagram,b384bebf-72f3-4f9d-8b2d-3677709f6966,ef48ba1a-10db-4669-a0d3-131cf474c15e,IG Story,VIDEO,31.3.2026 7:18:46,@vutvbrne @vutfp,https://www.instagram.com/stories/vutcavaliersbrno/3864812112967158957,,3768,,,3
univerzitnihokej,tiktok,01c88cf9-594f-408e-a45a-95114221acae,4b27bfeb-3038-486a-a85e-7cb457843b11,TT Video,VIDEO,20.4.2026 15:44:58,"Tohle bylo historicky první Final Four ULLH 🔥 2️⃣ dny, 4️⃣ zápasy a neskutečná atmosféra! 🤩 Děkujeme všem, kteří i u toho byli s námi na tribunách, na ledě i v zákulisí 🙏🏻@ČVUT Engineers Prague 🦁 @UK KINGS PRAGUE @vsefalcons @riderspardubice ",https://www.tiktok.com/@univerzitnihokej/video/7630867918569475350?utm_campaign=tt4d_open_api&utm_source=7348986504397455361,,1402,78,1,5
vsefalcons,instagram,709fceba-e311-48e7-9057-f54a587abf4a,617f8346-6b7c-4cbb-b94d-e80785a8f977,IG Story,VIDEO,24.3.2026 18:36:51,,https://www.instagram.com/stories/vsefalcons/3860079986300463963,829,744,,,
@riderspardubice,facebook,f99ed6c3-17cc-46f4-a32e-d9b0576ce2df,a232d863-9518-4625-a83b-4ec9276cfc01,FB Post,IMAGE,10.3.2026 7:42:29,"Vstupenky na Last dance Dominika Kopeckého a Daniela Skrypa nyní jen za 50,- 😎",https://www.facebook.com/1592662819534019/posts/1572442228222745,238,,1,,
@bitvaoprahu,instagram,d7c8aa06-74fb-4c6c-a7d2-c2fe1bf6d59c,bf7312fb-a79a-48bc-a501-89673c1c9ca6,IG Post,IMAGE,11.3.2026 7:30:33,"Takhle jsou na tom lístky v sektorech univerzit 👀 Ano vidíš správně, už jich tam moc nezbývá! 

Chyť si ten svůj ještě dnes na bitvaoprahu.cz 🎟️",https://www.instagram.com/p/DVvF9vnlyHW/,,26648,184,7,50
vsefalcons,instagram,709fceba-e311-48e7-9057-f54a587abf4a,e5d31e02-07ba-4bdf-94ba-b77cdef4c30e,IG Story,VIDEO,9.3.2026 17:45:18,TRÉNINK MODE ON 💪🏼,https://www.instagram.com/stories/vsefalcons/3849182392573552989,,698,,,
@riderspardubice,instagram,4d6a67ab-9313-4f77-a82e-abb18adbca5d,94d51986-373a-4e68-a5c9-a7c61e232e01,IG Story,VIDEO,31.3.2026 18:40:49,2:2 ✨ ✨,https://www.instagram.com/stories/riderspardubice/3865155428141515010,,725,,,
@univerzitnihokej,instagram,1e114592-3529-4cfe-9977-2598454053af,b65e6c99-ce8c-41c2-8bf2-e3a4b6b12a10,IG Reel,VIDEO,8.4.2026 19:25:27,"FALCONS postupují jako první do @unihokejfinalfour 🦅

Fanoušci Eden čeká 🏟️ 16.-17. dubna ➡️ lístky na finalfour.cz 🎟️",https://www.instagram.com/reel/DW4d0ATCNfZ/,,9725,344,,21
@univerzitnihokej,instagram,1e114592-3529-4cfe-9977-2598454053af,0a163bbc-e871-42cc-8871-9bee3556b79f,IG Post,IMAGE,19.3.2026 19:19:07,Swipuj doleva 👈🏼👀,https://www.instagram.com/p/DWE9blqiCs1/,,26235,534,1,8
@riderspardubice,facebook,f99ed6c3-17cc-46f4-a32e-d9b0576ce2df,24f0ff06-5edc-49cc-8917-e9f34b5594de,FB Post,IMAGE,17.4.2026 7:39:37,Nejlepší hráč zápasu a střelec gólu @spinkov23! 🔥🥅,https://www.facebook.com/1592662819534019/posts/1607059084761059,633,,4,,
@riderspardubice,instagram,4d6a67ab-9313-4f77-a82e-abb18adbca5d,67fddbd6-e0cf-4cf8-9f89-03399dc88fc2,IG Story,VIDEO,8.4.2026 21:06:05,,https://www.instagram.com/stories/riderspardubice/3871026725861992219,,113,,,
@akademiciplzen,instagram,65494228-95bf-4f7b-8e68-d47d7262db66,82871f5d-479b-4e66-979e-0a19d8019e99,IG Post,IMAGE,4.3.2026 21:32:08,"2 TĚŽCE VYBOJOVANÉ BODY JSOU DOMA! ⚡️ Poroučíme se, jdeme slavit. 🤭

👑 MVP zápasu: @honza_sibra 

#akademiciplzen #jarnibitva",https://www.instagram.com/p/DVekYj7DNfB/,,33377,602,,25
@cvutengineers,instagram,11963a07-7f0f-48e6-9d81-aa63a7ff4a04,adcdc0b3-28f8-4f98-ad56-ac0e73e15ea6,IG Post,ALBUM,31.3.2026 6:57:42,"To je on! Engineerskej démon 🔥!

David Routa díky svým 54 bodům v základní části překonal rekord ULLH. Celkem vstřelil 19 gólů a získal 35 asistencí. 
GRATULUJEME 🫶🏻.

#engprg",https://www.instagram.com/p/DWiiHw5jCee/,,11251,431,8,22
@engineersprague,facebook,afd06d1d-7b1c-4f66-8d93-ce4255ab773c,cc050743-e6e3-4815-ac52-fc2d1a92a140,FB Story,VIDEO,12.3.2026 22:38:23,,,,,,,
@riderspardubice,instagram,4d6a67ab-9313-4f77-a82e-abb18adbca5d,ebaa471a-891b-45dc-a047-54b120397403,IG Post,IMAGE,8.4.2026 22:20:16,Dnes to bohužel nevyšlo. Máme ještě jednu šanci v Lucky loser game🍀,https://www.instagram.com/p/DW4x-egDHK0/,,3143,58,,2
vsefalcons,instagram,709fceba-e311-48e7-9057-f54a587abf4a,00933b10-c6a5-4ae9-a700-2f9e705446d2,IG Story,VIDEO,12.3.2026 17:25:44,🫨 PÁTÁ @_jobas57_,https://www.instagram.com/stories/vsefalcons/3851347000809805794,1752,1587,,,1
@hcnorthwings,facebook,2b08a479-603b-46e4-8a48-2bc0435ccd53,345e3b27-3c7b-4db3-a7f6-1be0dccb3819,FB Story,VIDEO,18.3.2026 17:55:31,,,,,,,
@cvutengineers,instagram,11963a07-7f0f-48e6-9d81-aa63a7ff4a04,76e4a374-2ee8-472a-b2dd-4f0b386e0214,IG Post,IMAGE,12.3.2026 19:24:20,"Do finále Bitvy o Prahu nalétneme v této sestavě!
Teď je ten správný čas ukázat SRDCE LVA 💙. 
Jedeme v tom spolu 🦁!",https://www.instagram.com/p/DVy8dq_DJUt/,,6259,154,,19
@united_hk,instagram,b18c071b-0570-48b2-b743-990c668c3c5b,bff3aafa-0688-4c5b-996a-5a15b8b9c77a,IG Post,IMAGE,8.4.2026 15:11:36,"Děkujeme za sezonu 2025/26

Minulý týden pro nás skončila sezona.
Vypadli jsme v semifinále Play-In a tím se uzavřela naše cesta ročníkem 2025/26.

Nebyl to konec, jaký jsme si přáli. Ale o to víc si vážíme každého, kdo v tom s námi jel celou sezonu.

Chceme poděkovat každému, kdo dorazil do ČPP arény, sledoval nás, fandil, sdílel, psal nebo stál za námi během celé sezony.

Díky, že jste v tom byli s námi.
🖤🧡

#unitedhk #unihokej #hokej",https://www.instagram.com/p/DW4A_ycCNKY/,,4524,152,2,10
univerzitnihokej,tiktok,01c88cf9-594f-408e-a45a-95114221acae,cea0cb67-d543-4f6f-874e-03e91079dc81,TT Video,VIDEO,17.4.2026 20:31:34,@ČVUT Engineers Prague 🦁 snižuje na jedna dva! 🚀,https://www.tiktok.com/@univerzitnihokej/video/7629828533359054102?utm_campaign=tt4d_open_api&utm_source=7348986504397455361,,1149,76,,1
vsefalcons,instagram,709fceba-e311-48e7-9057-f54a587abf4a,80152847-b598-4e6a-ab17-0698ee4fff97,IG Reel,VIDEO,3.6.2026 13:24:02,off campus actually exist 🤤🤤🤤 #offcampus #garretgraham #deandilaurentis #icehockey,https://www.instagram.com/reel/DZIA-2WoB_O/,,20914,752,5,368
@engineersprague,facebook,afd06d1d-7b1c-4f66-8d93-ce4255ab773c,8b8b3ea1-d7d3-4f94-8fcc-558681c7d781,FB Post,IMAGE,6.8.2026 12:24:51,"Naše kabina je zase o něco hezčí. 🏒

Díky všem, kdo se na tom podíleli. Teď už jen naplnit zdi dalšími vzpomínkami. 🦁💙",https://www.facebook.com/1560924572517692/posts/1679056164037865,618,,12,,
@akademiciplzen,instagram,65494228-95bf-4f7b-8e68-d47d7262db66,8c9652e1-8377-4c47-a359-72ea116a6bcf,IG Post,IMAGE,26.3.2026 20:02:55,"ALL IN.

#akademiciplzen",https://www.instagram.com/p/DWXD-lvDN-b/,,2554,78,,
vsefalcons,instagram,709fceba-e311-48e7-9057-f54a587abf4a,aa4f9eb2-caca-4a58-9a82-44de5c42bd24,IG Story,VIDEO,17.2.2026 19:28:13,NEJLEPŠÍ @sokoli.hnizd0 💙 💙,https://www.instagram.com/stories/vsefalcons/3834743002141056347,681,857,,,2
vsefalcons,instagram,709fceba-e311-48e7-9057-f54a587abf4a,cf163135-8813-4c01-8e96-bd255473f772,IG Post,ALBUM,13.3.2026 18:20:43,"Včera to byl samej úsměv 🫶🏼 největší poděkování patří vám, že jste v tom s námi a ženete nás dopředu 🩵 

Teď už zapínáme pásy a letíme dááál 🦅

📸 @martincacha @vratapolivka_photo",https://www.instagram.com/p/DV1Z-mtiDpu/,,17526,400,,39
vsefalcons,instagram,709fceba-e311-48e7-9057-f54a587abf4a,d41a31a3-724a-4069-88f0-11618f08ddd4,IG Story,VIDEO,24.2.2026 21:14:09,🪄,https://www.instagram.com/stories/vsefalcons/3839865447206392193,1081,1464,,,2
@univerzitnihokej,instagram,1e114592-3529-4cfe-9977-2598454053af,dcb7db2f-5e79-4d6a-89e5-63b6c6b858af,IG Reel,VIDEO,2.4.2026 16:22:39,Semifinálové drama v Budějovicích 😤 Cavaliers domácí Black Dogs potrápili až do nájezdů.,https://www.instagram.com/reel/DWosEj8iCuh/,,8859,215,,4
@riderspardubice,facebook,f99ed6c3-17cc-46f4-a32e-d9b0576ce2df,e52d6b8a-2558-48bb-86d7-6ce2fe15e6d7,FB Video,VIDEO,9.3.2026 19:43:52,Krásné výroční přeje celý tým Riders 💍🫶,https://www.facebook.com/reel/1372441614651436/,185,76,2,,
@bitvaoprahu,instagram,d7c8aa06-74fb-4c6c-a7d2-c2fe1bf6d59c,3a33fdab-582c-46db-ba37-ef8512317b32,IG Reel,VIDEO,12.3.2026 17:37:24,"📣 GÓL POHLEDEM SPEAKERA 👁️

@czufarmers 🚨| #CZU ⚔️ #VSE | #bitvaoprahu",https://www.instagram.com/reel/DVyv-gvDBvD/,,10750,266,2,1
@riderspardubice,instagram,4d6a67ab-9313-4f77-a82e-abb18adbca5d,3faaa463-b02d-4370-8504-86e582304b9b,IG Story,VIDEO,17.4.2026 14:11:22,BONBÓNY ZA PUK PRO HRÁČE OD NEJMLADŠÍHO FANOUŠKA🥹🫶🏻,https://www.instagram.com/stories/riderspardubice/3877340874304919452,,1045,,,3
@AkademiciPlzen,facebook,d87b94e3-03e8-45d0-b92e-75e9b819545c,cb0b0de2-33e6-4a7b-bd62-8f08055884b1,FB Video,VIDEO,4.3.2026 20:07:24,"Neboj, neprozradíme mu co z toho chceš. 🤫😏

#akademiciplzen",https://www.facebook.com/reel/2784655471877583/,1434,576,4,,
@cvutengineers,instagram,11963a07-7f0f-48e6-9d81-aa63a7ff4a04,76bd5e68-6dcd-46eb-941d-439be79d6063,IG Post,IMAGE,8.4.2026 21:07:34,Byly to nervy ALE JSME TAM! 🥳🥳🥳,https://www.instagram.com/p/DW4pljjjNnA/,,3064,121,,6
@hc_muni,instagram,43cd62c8-609d-4ea6-8ce9-cae5242ede0c,79662019-e598-47ef-b2b7-e7a2566357c5,IG Post,PHOTO,27.3.2026 12:18:48,"Sezóna 2025/2026 je za námi!🔥
Obrovský respekt a díky všem, co nás přišli podpořit do hlediště🫶🏻 Byla to neuvěřitelná jízda a bez vás by to nebylo ono!
💙DĚKUJEME💙

#hcmuni",https://www.instagram.com/p/DWYzYASjKud/,,5125,179,,10
@cvutengineers,instagram,11963a07-7f0f-48e6-9d81-aa63a7ff4a04,9f4032ff-570c-43d0-ab1a-7214e821bd53,IG Reel,REEL,25.3.2026 22:01:38,"Sice nemaj funkční ruce a nohy ale to Engineerský srdíčko zůstává 🥹💙🦁 

@tomas_sima @22_luky_22",https://www.instagram.com/reel/DWUsZvhDL8T/,,15931,421,,16
@united_hk,instagram,b18c071b-0570-48b2-b743-990c668c3c5b,de236a8b-7085-44f8-8bc4-5dc4467f4fae,IG Story,IMAGE,23.4.2026 8:05:47,,https://www.instagram.com/stories/united_hk/3881505633023339452,,410,,,
vsefalcons,instagram,709fceba-e311-48e7-9057-f54a587abf4a,54854192-32b3-456b-8094-496a640cbfcf,IG Story,IMAGE,8.2.2026 18:38:43,1 3,https://www.instagram.com/stories/vsefalcons/3828190774232136750,,815,,,
@bitvaoprahu,facebook,75e0f41f-82be-4f82-a77b-82ac11135ed2,7a09e0ec-d9bf-4901-926f-973ce239a237,FB Post,IMAGE,12.3.2026 6:05:59,Rise and shine… IT’S BITVA DAY 🥳🤩,https://www.facebook.com/1441262177797849/posts/1419862759937791,162,,,,
@218107044725785,facebook,7a942e3e-6c47-4794-9ba7-bbc7b6d40cb3,7a99b7b2-da4d-4108-a789-65c9c8155cd9,FB Video,VIDEO,18.4.2026 14:48:10,"Tohle se jen tak neokouká 🥹 

🎥 @vojta_kepka 

#vsefalcons #finalfour",https://www.facebook.com/reel/973289335661642/,840,296,19,,
@univerzitnihokej,instagram,1e114592-3529-4cfe-9977-2598454053af,096bd75c-90a7-4b66-82a9-aba25500b939,IG Post,IMAGE,28.3.2026 18:38:28,Další semifinále play-in se v úterý odehraje v Ostravě 👉🏼 o postup si to rozdají BOčko s Riders 🫡,https://www.instagram.com/p/DWcDjASCBx3/,,10187,137,,31
@engineersprague,facebook,afd06d1d-7b1c-4f66-8d93-ce4255ab773c,17d932ce-436a-4453-82e2-32aade64f80b,FB Story,IMAGE,1.8.2026 7:48:32,,,,,,,
vsefalcons,instagram,709fceba-e311-48e7-9057-f54a587abf4a,446e2fc1-1270-4c69-96de-a0012ce83432,IG Story,VIDEO,28.1.2026 20:25:11,TÝMOVÝ TRÉNINK NA FALCONS PUBKVÍZ 🍻 🤓,https://www.instagram.com/stories/vsefalcons/3820271830955475793,,1054,,,5
@engineersprague,facebook,afd06d1d-7b1c-4f66-8d93-ce4255ab773c,6138d4a1-90c9-4dc7-b2eb-e34043292e6d,FB Post,IMAGE,5.8.2026 14:14:15,"První trénink je za námi. 🏒 Po pauze jsme rádi, že jsme zase spolu. Teď už jen poctivě makat.💪",https://www.facebook.com/1560924572517692/posts/1678152157461599,679,,5,,
@cvutengineers,instagram,11963a07-7f0f-48e6-9d81-aa63a7ff4a04,70231d98-33fc-49f9-b765-433b5aec5634,IG Story,VIDEO,9.4.2026 14:19:35,📸,https://www.instagram.com/stories/cvutengineers/3871546896129197113,,785,,,
@hc_muni,instagram,43cd62c8-609d-4ea6-8ce9-cae5242ede0c,d78a64e7-448c-4eb1-a96d-d61e0dd26635,IG Post,IMAGE,14.3.2026 9:02:02,"Sobota je tady a s ní další GAMEDAY🔥 Přijďte nás podpořit už ve 13:45!🐻💙 Tentokrát jen za 50Kč

Lístky koupíte u nás v biu🎟️",https://www.instagram.com/p/DV2-WYkjJdv/,,3488,47,,4
@akademiciplzen,instagram,65494228-95bf-4f7b-8e68-d47d7262db66,fbcea44e-5cd9-446b-a1f8-c4edd528ae6b,IG Story,VIDEO,1.4.2026 17:47:31,"DRESY UŽ ZNAJÍ SVÉ MAJITELE, GRATULUJEME! 🤩",https://www.instagram.com/stories/akademiciplzen/3865853344372012385,,1243,,,1
@engineersprague,facebook,afd06d1d-7b1c-4f66-8d93-ce4255ab773c,72305b33-7ee1-4982-b923-e7ce5c7af270,FB Post,IMAGE,2.3.2026 20:44:34,"Poprosíme hodit čepičku do komentářů pro Šachlíka, který se dneska v Pardubicích blýskl hattrickem 🧢😮‍💨",https://www.facebook.com/1560924572517692/posts/1535453795064770,611,,7,,
@riderspardubice,facebook,f99ed6c3-17cc-46f4-a32e-d9b0576ce2df,faf78d0e-fa5e-4477-bea6-e8ebc45784dc,FB Post,IMAGE,15.4.2026 9:05:50,"Která sluší víc? 🖤🤍

Originální dresy Riders od @b_hockey_czech pořídíte přímo v Edenu na @unihokejfinalfour! ❤️‍🔥

*do vyprodání zásob",https://www.facebook.com/1592662819534019/posts/1605174311616203,499,,1,,
vsefalcons,instagram,709fceba-e311-48e7-9057-f54a587abf4a,2ce75e34-0089-486a-8337-f89db6a310d1,IG Post,IMAGE,5.3.2026 21:55:05,"Poslední zkouška ohněm před @bitvaoprahu 👊🏼
My jsme je vyřadili loni ve čtvrtfinále, oni nás porazili na podzimní Bitvě. Čeká tě dávka pořádný rivality, tak nás doraž podpořit! 🔥

📅 úterý 10. března
🕑 19:30
📍 Ice Arena Kateřinky
🎟️ lístky koupíš na profilu",https://www.instagram.com/p/DVhMJqgCEU_/,,12858,185,2,105
@riderspardubice,instagram,4d6a67ab-9313-4f77-a82e-abb18adbca5d,5ed1a1eb-886e-4154-bacf-07282e868e93,IG Story,VIDEO,1.9.2026 9:42:53,🔥🔥,https://www.instagram.com/stories/riderspardubice/3976500100927190702,,757,,,
@univerzitnihokej,facebook,01b45180-0b14-4a14-96e8-d0a4bab1fb9f,af9658e5-2b9d-4c2d-a35b-642858d657b9,FB Post,IMAGE,26.3.2026 18:56:16,"I když byla letošní sezóna @hcnorthwings plná překážek, bojovali statečně a odnesli si dokonce pohár ze Souboje dobavytelů 💛

Děkujeme, jsme na vás pyšný a těšíme se zase příští sezónu! 👋🏼",https://www.facebook.com/1275398168115026/posts/1271140548540788,1719,,19,,
@engineersprague,facebook,afd06d1d-7b1c-4f66-8d93-ce4255ab773c,cf10ed15-91cd-4f09-b591-2e2ba64f0958,FB Post,IMAGE,1.8.2026 7:38:59,"Máme tady jeden comeback! 🦁
Na střídačku se vrací legenda Engineers Petr Ujfaluši. Tentokrát v roli asistenta trenéra. 🫡

Ujfi, vítej zpátky doma! Máme radost, že jsi zase součástí #engprg a těšíme se na společnou sezonu. 🔥",https://www.facebook.com/1560924572517692/posts/1673988601211288,1090,,19,,
@218107044725785,facebook,7a942e3e-6c47-4794-9ba7-bbc7b6d40cb3,dcea7030-06ac-4e57-8d6f-51882e876de6,FB Post,ALBUM,29.3.2026 11:38:09,"EMOCE, které chceme zažít v úterý znova 👀 
Jeden zápas. Jedna šance.

A vy u toho prostě musíte být.
🎟️ Vstupenky najdete na našem profilu.",https://www.facebook.com/122282816036218300/posts/122281264010218300,369,,8,,
@riderspardubice,instagram,4d6a67ab-9313-4f77-a82e-abb18adbca5d,fa03bbd2-a4be-49bd-a2b4-f105f266f2cc,IG Story,VIDEO,2.9.2026 7:56:07,,https://www.instagram.com/stories/riderspardubice/3977171147682816289,,1022,,,
@united_hk,instagram,b18c071b-0570-48b2-b743-990c668c3c5b,fefee7b1-e97b-43f2-90d7-41386cb6b8c0,IG Reel,VIDEO,18.7.2026 14:54:39,"Na našem stánku jsme dnes přivítali jednu z legend českého hokeje, Josefa Marhu. Děkujeme za návštěvu! 🏒

#unitedhk #josefmarha #unihokej #hradeckralove #uhk",https://www.instagram.com/reel/Da8DLxio2kT/,,9077,192,,3
@univerzitnihokej,facebook,01b45180-0b14-4a14-96e8-d0a4bab1fb9f,049b7297-93e6-473a-9f67-0f2795bba5d2,FB Video,VIDEO,11.3.2026 22:01:15,"Fuuu…byly to nervy, ale domácí BOčko to nakonec urvalo! 🫨",https://www.facebook.com/reel/1047961168398800/,2070,1253,3,,
@hc_muni,instagram,43cd62c8-609d-4ea6-8ce9-cae5242ede0c,59973700-6b17-4726-851b-1e7fc5b19b19,IG Reel,VIDEO,15.3.2026 17:00:42,"POV: Jsi maskot, ale žiješ lepší život než půlka týmu 🔥 Zero stres, full vibes, protože na led nemusím a slávu mám i tak 🐻✌🏻

#hcmuni",https://www.instagram.com/reel/DV6ZtXsCAV-/,,7084,206,4,36
@bitvaoprahu,facebook,75e0f41f-82be-4f82-a77b-82ac11135ed2,5b34d4c2-d5c8-457b-9760-307528cf1de8,FB Post,IMAGE,12.3.2026 9:35:00,"Venkovní FANZÓNA bude dnes otevřená už od 16:00 ⏰

Naši partneři si tu pro tebe připravili spoustu zábavy, která tě naladí na to mejdlo, co na tebe čeká vevnitř 🔥

A taky stánek s merchem všech týmů! Kde můžeš ještě na poslední chvíli doladit outfit 😮‍💨",https://www.facebook.com/1441262177797849/posts/1419539573303443,199,,,,
univerzitnihokej,tiktok,01c88cf9-594f-408e-a45a-95114221acae,04a82652-0d19-4ddc-8c8b-5f55a2829ed2,TT Video,VIDEO,10.4.2026 15:56:34,@vsefalcons postupují do FINAL FOUR🦅👀 🗓️16.-17.4. | 📍Zimní stadion Eden 🎟️ finalfour.cz,https://www.tiktok.com/@univerzitnihokej/video/7627160065631407382?utm_campaign=tt4d_open_api&utm_source=7348986504397455361,,858,44,1,1
@boostrava,instagram,1176ddaf-d366-48a2-9639-3c6694c72c85,2d5abb20-d38f-4ec1-8fbb-8765d1e90def,IG Story,VIDEO,21.8.2026 12:33:24,,https://www.instagram.com/stories/boostrava/3968613416310713493,,422,,,
@riderspardubice,instagram,4d6a67ab-9313-4f77-a82e-abb18adbca5d,62a945d8-ac75-4d9a-9b40-018672ef44ab,IG Post,IMAGE,13.4.2026 12:29:22,"🚨 JSME V TOP4 A TEĎ TO TEPRVE ZAČÍNÁ!

Poprvé v historii 👉 @unihokejfinalfour 
největší akce sezóny, přímý přenos v TV… a my jsme u toho.

🏒 SEMIFINÁLE
🆚 @ukkingsprague 
📍 Zimní stadion Eden, Praha
🕓 16. dubna | 16:30

Tohle není jen zápas.
👉 tohle jsou 2 dny hokeje, emoce, atmosféra a afterparty

Bude nás čekat v pátek boj o zlato nebo bronz! Každopádně v pátek si udělejte místo v kalendáři, bude se bojovat o medaileeee. 

Pojď nás podpořit a být součástí něčeho, co se píše poprvé.

🎟️ Vstupenky koupíš přes odkaz v BIU!",https://www.instagram.com/p/DXEmOgKDAWr/,,10828,127,1,15
@riderspardubice,instagram,4d6a67ab-9313-4f77-a82e-abb18adbca5d,89829347-453a-49d2-bc00-1cd9814c5dc9,IG Story,VIDEO,14.4.2026 9:59:51,,https://www.instagram.com/stories/riderspardubice/3875040037280940767,,499,,,
vsefalcons,instagram,709fceba-e311-48e7-9057-f54a587abf4a,9d208de1-a59c-405d-a094-d95e4ff645a5,IG Story,VIDEO,13.3.2026 16:19:53,,https://www.instagram.com/stories/vsefalcons/3852038496861043897,901,848,,,
@united_hk,instagram,b18c071b-0570-48b2-b743-990c668c3c5b,c45e05a5-0e6b-4501-9523-a9b9368b83ee,IG Story,VIDEO,26.8.2026 14:35:12,🏰 za hodinu hrajeme!,https://www.instagram.com/stories/united_hk/3972298577489198082,,670,,,
@univerzitnihokej,facebook,01b45180-0b14-4a14-96e8-d0a4bab1fb9f,110e0518-a5ab-4e6c-9fa6-5f7903802a74,FB Post,IMAGE,5.4.2026 15:37:20,"V semifinále play-in se letošní sezóna uzavřela i pro BOčko. Vyrovnaný duel s Riders dospěl až do prodloužení, které rozhodlo o konečném výsledku.

Ostravo, díky za energii a nasazení, které jste letos ukázali 💪🏼",https://www.facebook.com/1275398168115026/posts/1279026797752163,677,,2,,
@cvutengineers,instagram,11963a07-7f0f-48e6-9d81-aa63a7ff4a04,5dfc5663-8d4a-4148-86cd-5bf1a64c65b2,IG Post,IMAGE,26.8.2026 16:58:03,"JSME ZPĚT! 🔥 
A začínáme pěkně zostra PRAŽSKÝM DERBY proti @ukkingsprague 
Pojďme společně vytvořit pořádnou atmosféru a oslavit začátek sezony! 

22.9. | 18:45 | ZS HVĚZDA
Lístky v biu na profilu🎟️",https://www.instagram.com/p/DcgsaTQMSLJ/,,15758,432,,166
@riderspardubice,instagram,4d6a67ab-9313-4f77-a82e-abb18adbca5d,73d66054-9a93-409d-b6af-6b4062d6b785,IG Post,IMAGE,2.4.2026 12:28:01,"V příštím zápase se rozhodne, jestli postoupíme do @unihokejfinalfour !🤩🤩 Buď u toho s námi!

 Finále Play-in
🗓️ 8.4. v 19:30
📍 v ZS Hvězda
⚔️ proti @cvutengineers 

#fináleplayin#riders",https://www.instagram.com/p/DWoRHuejOVY/,,3713,43,,4
@boostrava,instagram,1176ddaf-d366-48a2-9639-3c6694c72c85,c0f28943-5304-4b5b-a80a-6501bac50ba4,IG Story,VIDEO,20.8.2026 16:34:20,,https://www.instagram.com/stories/boostrava/3968009900240152812,,700,,,7
@cvutengineers,instagram,11963a07-7f0f-48e6-9d81-aa63a7ff4a04,f3920ed5-3beb-4a1d-9f92-5a146dc85deb,IG Post,IMAGE,18.3.2026 7:06:57,"🚨 GAMEDAY | Základní část pomalu vrcholí, napětí stoupá a nervy rostou. Jak to dnes celé dopadne? Přijď nás podpořit na Hvězdu, začínáme ve 20:00. 
Budeme vás potřebovat! 🦁

#engprg",https://www.instagram.com/p/DWBEVKrjJ7G/,,4596,76,,5
vsefalcons,instagram,709fceba-e311-48e7-9057-f54a587abf4a,3f9bdb7b-4def-4594-9dcf-658229a2d091,IG Story,VIDEO,10.2.2026 18:50:52,,https://www.instagram.com/stories/vsefalcons/3829646440712957910,621,810,,,
@hcnorthwings,facebook,2b08a479-603b-46e4-8a48-2bc0435ccd53,686391ff-913d-4185-8701-854326c15174,FB Story,VIDEO,4.3.2026 16:05:24,,,,,,,
@riderspardubice,instagram,4d6a67ab-9313-4f77-a82e-abb18adbca5d,98e14639-0014-4a91-a823-94dd5dd6a167,IG Post,IMAGE,17.4.2026 7:39:26,Nejlepší hráč zápasu a střelec gólu @spinkov23! 🔥🥅,https://www.instagram.com/p/DXOYaVvDCrG/,,2584,84,,6
@riderspardubice,instagram,4d6a67ab-9313-4f77-a82e-abb18adbca5d,be8767a0-76d5-4003-80e0-c2d5464f29c0,IG Story,VIDEO,1.4.2026 14:51:24,,https://www.instagram.com/stories/riderspardubice/3865764702009995513,,547,,,
@unitedhk,facebook,bfe6cc29-a387-41b9-9bca-b077722556af,a2850a6f-8f32-423f-a8a9-e6c3abad91cb,FB Post,PHOTO,26.3.2026 8:56:50,"Náš útočník Štěpán Kyclt dnes slaví narozeniny.

Všechno nejlepší, Štěpáne! 🎂
Užij si to.

🖤🧡

#unitedhk #unihokej #hokej",https://www.facebook.com/122180651084388974/posts/122179687910388974,205,,1,,
@riderspardubice,facebook,f99ed6c3-17cc-46f4-a32e-d9b0576ce2df,a423def5-9abb-4697-bc96-a5eba52f02cb,FB Video,VIDEO,17.4.2026 14:54:52,Goalie 🥅❤️‍🔥,https://www.facebook.com/reel/1632986334446651/,551,165,2,,
@hcnorthwings,facebook,2b08a479-603b-46e4-8a48-2bc0435ccd53,acf7fd88-d799-44a0-9de9-f15790c12132,FB Post,IMAGE,11.8.2026 12:02:28,"Dočkali se 🏒 💙 💛
Po letní pauze naši hráči konečně obuli brusle ⛸️ a vyrazili polykat první (kilo)metry na ledě ústeckého zimáku 🥅 
V rámci tryoutu se v pondělí hlásila první 20 hráčů, kteří budou bojovat o své místo v týmu 🪽 v nadcházejícím ročníku univerzitní hokejové ligy, která startuje 21. září 2026 📆
Držíme palce a těšíme se na všechny naše fanoušky 🫶
Díky moc Milan Stránský za návštěvu a první ledové 📸",https://www.facebook.com/1583651910433365/posts/1709873021144586,2287,,20,,
@unitedhk,facebook,bfe6cc29-a387-41b9-9bca-b077722556af,ec4369a4-e491-4bea-99de-a3fd601439a0,FB Post,IMAGE,28.7.2026 12:07:31,"Necelý týden do prvního tréninku na ledě. Ještě naposledy se ale vracíme do Tesla Gymu.

V archivu jsme našli moment, kdy náš marketingový ředitel Michal Ševčík očividně předává Matějovi Voděrackému svoje dlouholeté zkušenosti se silovým tréninkem.

Co mu podle vás právě říká? 👇

Nejlepší hlášky doplníme přímo do fotky a zveřejníme ve Stories.",https://www.facebook.com/122180651084388974/posts/122189626280388974,413,,4,,
@united_hk,instagram,b18c071b-0570-48b2-b743-990c668c3c5b,034e9254-fcbc-459a-be7a-ca1bd1cde006,IG Post,IMAGE,18.3.2026 19:38:14,"🏒 Výhra z Ústí

Vyhráváme 5:3.
Důležité body bereme z venku a ladíme formu na Play-In!

Jedeme dál.
🖤🧡",https://www.instagram.com/p/DWCa0tKiLj8/,,3330,93,,5
@univerzitnihokej,instagram,1e114592-3529-4cfe-9977-2598454053af,34fbb979-329a-448e-af55-b42b834b5b96,IG Post,IMAGE,11.3.2026 21:53:10,Akademici si dnes ugrilovali křídla 🍗 domácí BOčko po dlouhých nájezdech obhájilo Moravské derby 😮‍💨,https://www.instagram.com/p/DVwos12CJzI/,,3718,84,1,3
@boostrava,instagram,1176ddaf-d366-48a2-9639-3c6694c72c85,9a5ab108-9bc5-4035-981a-5568730f251f,IG Story,VIDEO,11.8.2026 17:44:30,We are back🔥,https://www.instagram.com/stories/boostrava/3961522274746298065,,427,,,1
@bitvaoprahu,facebook,75e0f41f-82be-4f82-a77b-82ac11135ed2,143caa38-b355-4b77-9da5-8c6b1ef59f54,FB Post,IMAGE,11.3.2026 17:37:43,Už zítra je Bitva day! 🫨🫨🥳🥳,https://www.facebook.com/1441262177797849/posts/1419490613308339,202,,,,
vsefalcons,instagram,709fceba-e311-48e7-9057-f54a587abf4a,6efa4ee4-ee00-4dc0-a97c-96920b2e0c64,IG Story,VIDEO,17.2.2026 22:40:45,@united_hk 🎤,https://www.instagram.com/stories/vsefalcons/3834837780425905551,594,713,,,
@bitvaoprahu,facebook,75e0f41f-82be-4f82-a77b-82ac11135ed2,c9d0787c-26f9-44e4-ba0d-7cb941755dda,FB Video,VIDEO,12.3.2026 20:36:49,"❤️‍🔥 HALFTIME SHOW v podání @gufrau_official , pohledem @klucisdronem . 🦅👁️",https://www.facebook.com/reel/1196276612579569/,190,61,,,
@akademiciplzen,instagram,65494228-95bf-4f7b-8e68-d47d7262db66,cdd87884-a0d9-4fb8-ae19-5baad7a9377c,IG Post,IMAGE,12.3.2026 11:44:58,"Kup si lístek na zápas a vyhraj lístky do kina! 🍿

Ve středu 1. 4. hrajeme s největší pravděpodobností poslední domácí zápas v téhle sezóně. Jedná se o zápas Play-in (nový formát Play-off). Přijďte udělat pořádný kotel, budeme vás potřebovat! 💙

Všechny, kdo si koupí vstupenku na tento zápas, automaticky zařazujeme do slosování o 2x2 lístky na zítřejší maraton 6 dílů Heated Rivalry v plzeňské Olympii.

Vyhlášení výherců zítra v 10:30. 😎

Nenech si to utéct, kupuj lístky v biu a buď u toho! 🔥

#akademiciplzen",https://www.instagram.com/p/DVyGvwTjCwT/,,10670,156,,83
univerzitnihokej,tiktok,01c88cf9-594f-408e-a45a-95114221acae,29e0c88c-1761-4740-98bd-a51663833fec,TT Video,VIDEO,16.4.2026 17:57:21,Nic roztomilejšího už dneska neuvidíte 🥹,https://www.tiktok.com/@univerzitnihokej/video/7629417714058022166?utm_campaign=tt4d_open_api&utm_source=7348986504397455361,,21120,713,1,29
@univerzitnihokej,facebook,01b45180-0b14-4a14-96e8-d0a4bab1fb9f,9c3be662-92c4-4146-910a-b000bb6f6aa5,FB Post,IMAGE,14.4.2026 8:43:37,"Vyhraj vstupenky na Beats for Love s našim generálním partnerem ČSOB🎧

Stačí si založit účet přes odkaz v našem biu ☝🏻
Přesměruje tě do aplikace, kde máš během pár minut hotovo ✅

Pro 8️⃣ nejrychlejších máme celodenní vstupenky na @beats.for.love.festival ⚡️🎟️
O dalších 6 se bude soutěžit na @unihokejfinalfour 👀",https://www.facebook.com/1275398168115026/posts/1285591943762315,370,,,,
@univerzitnihokej,instagram,1e114592-3529-4cfe-9977-2598454053af,23d7aa9e-534f-4efc-8f57-e54b3950c7b5,IG Story,VIDEO,18.4.2026 10:25:02,,https://www.instagram.com/stories/univerzitnihokej/3877951828327403665,,1225,,,2
@bitvaoprahu,facebook,75e0f41f-82be-4f82-a77b-82ac11135ed2,131b1de9-5702-47a1-8cfe-119ae8bcec64,FB Video,VIDEO,25.3.2026 18:41:18,"Hokejem u nás večer nikdy nekončí 🙂‍↔️ jestli máš vzpomínky v mlze, je čas si tuhle připomenout 🪩",https://www.facebook.com/reel/2991798127693774/,112,40,3,,
@univerzitnihokej,facebook,01b45180-0b14-4a14-96e8-d0a4bab1fb9f,2d22c60f-ab4b-416f-b9ac-58f46bbc165f,FB Post,IMAGE,13.4.2026 18:45:23,"Vyhraj vstupenky na Beats for Love s našim generálním partnerem ČSOB🎧

Stačí si založit účet přes odkaz v našem biu ☝🏻
Přesměruje tě do aplikace, kde máš během pár minut hotovo ✅

Pro 8️⃣ nejrychlejších máme celodenní vstupenky na @beats.for.love.festival ⚡️🎟️
O dalších 6 se bude soutěžit na @unihokejfinalfour 👀",https://www.facebook.com/1275398168115026/posts/1285196090468567,433,,,,
vsefalcons,instagram,709fceba-e311-48e7-9057-f54a587abf4a,c585703e-a72f-4bc3-add0-265a5c0289e0,IG Story,VIDEO,24.3.2026 18:39:38,👣 👣 👣 👣 👣 👣 👣 👣,https://www.instagram.com/stories/vsefalcons/3860081388011683094,814,663,,,
vsefalcons,instagram,709fceba-e311-48e7-9057-f54a587abf4a,eae2af15-0559-4357-8291-5a9d7d474ba6,IG Story,VIDEO,31.3.2026 16:46:59,srovnává 🎯,https://www.instagram.com/stories/vsefalcons/3865098126155638357,989,942,,,
@riderspardubice,facebook,f99ed6c3-17cc-46f4-a32e-d9b0576ce2df,ce59a804-e57a-4e42-91bb-f087e4a7abd3,FB Video,VIDEO,17.4.2026 16:18:52,"Chvilku pro sebe 🫂
@63skorpiz & @radek_bednar_",https://www.facebook.com/reel/2141182876423032/,317,129,6,,
@riderspardubice,instagram,4d6a67ab-9313-4f77-a82e-abb18adbca5d,062beec0-36e7-461e-9efe-422be55a3c74,IG Reel,VIDEO,16.4.2026 14:34:22,"Rdy na zápas! 🔥
#zapardubice",https://www.instagram.com/reel/DXMjARwDOVd/,,5009,125,1,2
@riderspardubice,instagram,4d6a67ab-9313-4f77-a82e-abb18adbca5d,68f729d3-ef17-4874-9c6d-80074702c100,IG Reel,VIDEO,17.4.2026 15:43:51,Padne dneska bronz? To je oč tu běží! 🤯,https://www.instagram.com/reel/DXPPxIaDDbC/,,7357,123,,12
vsefalcons,instagram,709fceba-e311-48e7-9057-f54a587abf4a,6ba07bcc-c15b-451d-b00b-76f16f99b19f,IG Story,VIDEO,2.1.2026 21:29:08,🖋️,https://www.instagram.com/stories/vsefalcons/3801459857606320641,,922,,,
@bitvaoprahu,instagram,d7c8aa06-74fb-4c6c-a7d2-c2fe1bf6d59c,948d58ee-badc-45d4-85ab-4b134b08e227,IG Post,IMAGE,11.3.2026 6:00:27,"3. VLNA prodeje vstupenek končí už dnes o půlnoci 🫨
V den akce už to bude faaakt drahý! 💸 Tak buďte rozumný a kupte si lístek ještě dnes. 

🎟️ bitvaoprahu.cz",https://www.instagram.com/p/DVu7pXqFyag/,,7767,27,2,7
vsefalcons,instagram,709fceba-e311-48e7-9057-f54a587abf4a,05c04939-7e7a-47b6-ae6a-b59cce726655,IG Story,VIDEO,19.1.2026 16:05:25,TAKY UŽ SE NEMŮŽETE DOČKAT?,https://www.instagram.com/stories/vsefalcons/3813618104085793046,,874,,,
vsefalcons,instagram,709fceba-e311-48e7-9057-f54a587abf4a,2e560bb1-3e39-4d94-ae36-47612b6ef41f,IG Reel,VIDEO,4.3.2026 16:02:10,Náš hlavní partner @mosteckamontazni včera v hlavní roli! 🚀,https://www.instagram.com/reel/DVd-ywACEP4/,,2172,58,,8
vsefalcons,instagram,709fceba-e311-48e7-9057-f54a587abf4a,33efe274-31ff-4892-9937-86e31e6ad5c4,IG Story,VIDEO,2.2.2026 18:34:18,,https://www.instagram.com/stories/vsefalcons/3823839916426320483,,1092,,,1
@bitvaoprahu,instagram,d7c8aa06-74fb-4c6c-a7d2-c2fe1bf6d59c,b93df7ab-eaef-481c-b188-f3eec60168a6,IG Reel,VIDEO,12.3.2026 20:36:36,"❤️‍🔥 METROSTAV HALFTIME SHOW v podání @gufrau_official, @matteo_il_ceco, @_victorkal_ & @frantaprachar pohledem @klucisdronem . 🦅👁️",https://www.instagram.com/reel/DVzEToCjiJS/,,32788,615,2,75
@riderspardubice,facebook,f99ed6c3-17cc-46f4-a32e-d9b0576ce2df,1fd2ec29-c7d0-44e3-a3b5-f00976026dec,FB Video,VIDEO,5.3.2026 19:13:43,"🐱 V pondělí za námi do enteria areny přijedou @blackdogsbudweis_vste! 🐕

A my při této příležitosti společně podpoříme KoČIČÍ depozitum Lovčice! 

Jak můžete opuštěným kočičkám pomoci s námi? 
- přineste s sebou na zápas kočičí žrádlo - granule, konzervy, ňaminky 
- přispějte finančním darem - ideálně v hotovosti na místě nebo pomocí QR kódu na kostce.

Minulý semestr jsme pomohli pejskům z @farma_u_veselyho_psa, tak pojďme znovu spojit síly a tentokrát pomoci kočičkám z KoČIČÍ depozitum Lovčice! 

Vstupenky za zapas koupíš přes odkaz v BIU!",https://www.facebook.com/reel/1478371013624033/,784,228,11,,
@univerzitnihokej,instagram,1e114592-3529-4cfe-9977-2598454053af,94cd3ed1-ceb8-4876-aa68-288c1e19ebfe,IG Post,IMAGE,4.3.2026 21:31:47,"Největší hlad na ledě dnes měl @_rihastepan_ 👀🔥

Odměna za výkon?
ZOTT HUNGRY pro dnešního nejhladovějšího hráče. 🥛 #zott #zotthungry #zotthungrydrinkthis",https://www.instagram.com/p/DVeksIVCJa5/,,5977,107,,5
@united_hk,instagram,b18c071b-0570-48b2-b743-990c668c3c5b,cecc2c09-950b-49c5-b5b4-c3bea50d2d2a,IG Reel,VIDEO,2.9.2026 16:52:00,"Hokej je zpátky. Nová sezóna startuje! 

Souboje, góly, led a Otvírák - první domácí zápas nové sezóny.

Buď u toho s námi! 

29. září.
UNIted HK × BO Ostrava.
ČPP aréna.

🎟️ Prodej spouštíme 7. 9.

unitedhk.cz/otvirak",https://www.instagram.com/reel/DcysmqFoXjg/,,3437,106,2,21
@unitedhk,facebook,bfe6cc29-a387-41b9-9bca-b077722556af,068e05ac-0358-495f-a1de-6a4075cbf7db,FB Video,VIDEO,20.3.2026 17:22:01,"💋 Pivovarské domy Kiss Cam z derby

Derby není jen o hokeji.

Některé momenty patřily i Kiss Cam.
A někdy to bylo hodně zajímavé 😄

Výherci si odnesli luxusní večeři pro 2 v hodnotě 1500 Kč.

Díky partnerovi @pivovarskedomy za tenhle moment, na který se jen tak nezapomíná.

Podívej se ve videu.

🖤🧡❤️",https://www.facebook.com/reel/767399139530752/,1632,262,4,,
@218107044725785,facebook,7a942e3e-6c47-4794-9ba7-bbc7b6d40cb3,c1358534-6398-41de-b4c3-dde1063e2117,FB Post,IMAGE,8.4.2026 22:18:28,"ZAVŘENO! ❌🥅

Matyáš Peyerl vychytal ve finále play-in nulu a proti Black Dogs si připsal rovnou 36 úspěšných zákroků 🧱",https://www.facebook.com/122282816036218300/posts/122283091394218300,1391,,76,,
@AkademiciPlzen,facebook,d87b94e3-03e8-45d0-b92e-75e9b819545c,a79c7d4e-bb89-4666-b607-e4e4a015a65c,FB Video,VIDEO,8.8.2026 10:20:48,"Odkdy jsou naši kluci tak sebekritický? 🥲

Vyzpovídali jsme je po prvním tréninku… a takovou upřímnost jsme ani nečekali. 🤯
Trochu to bolí, ale klid — pomalu a jistě jsme zpátky, přehání.☝🏻😁

#akademiciplzen #univerzitnihokej",https://www.facebook.com/reel/1046479214890841/,969,416,6,,
vsefalcons,instagram,709fceba-e311-48e7-9057-f54a587abf4a,dd950184-4e3c-4770-979c-9f62a416c9ba,IG Story,VIDEO,7.5.2026 12:20:44,👉🏼 👈🏼,https://www.instagram.com/stories/vsefalcons/3891780579494520851,,2694,,,11
@univerzitnihokej,instagram,1e114592-3529-4cfe-9977-2598454053af,52549de8-f6cc-4c5f-a6b0-debeec5f58c1,IG Story,VIDEO,8.4.2026 18:27:07,KINGS AGAIN,https://www.instagram.com/stories/univerzitnihokej/3870946753839146823,,784,,,
@riderspardubice,instagram,4d6a67ab-9313-4f77-a82e-abb18adbca5d,a35e2cc4-6454-48af-ac86-2a2a4ac27fa6,IG Story,VIDEO,11.4.2026 20:54:50,,https://www.instagram.com/stories/riderspardubice/3873195382331434076,,259,,,
@univerzitnihokej,instagram,1e114592-3529-4cfe-9977-2598454053af,f99337fb-f5be-4dcb-93c6-6eafa3edc3a4,IG Post,IMAGE,11.3.2026 11:20:09,Brno nebo Ostrava. Kdo dnes ovládne Moravské derby? 🫨,https://www.instagram.com/p/DVvfsetCLbH/,,5236,131,2,6
@akademiciplzen,instagram,65494228-95bf-4f7b-8e68-d47d7262db66,1101ab28-bbfb-4520-b8fd-7872610524bb,IG Story,VIDEO,9.4.2026 20:42:18,"🤩 FOTOREPORT 
Z DNEŠNÍHO BRUSLENÍ",https://www.instagram.com/stories/akademiciplzen/3871739515455206697,,444,,,1
vsefalcons,instagram,709fceba-e311-48e7-9057-f54a587abf4a,d6ea65cb-89ee-4c08-8fcd-56436cbca2b6,IG Story,VIDEO,6.2.2026 17:30:45,,https://www.instagram.com/stories/vsefalcons/3826707064886426143,,748,,,
@cvutengineers,instagram,11963a07-7f0f-48e6-9d81-aa63a7ff4a04,11781d3d-7613-4ca2-94cb-b7bcc2950535,IG Story,IMAGE,22.8.2026 19:24:44,3 0,https://www.instagram.com/stories/cvutengineers/3969545196541222980,,846,,,6
@boostrava,instagram,1176ddaf-d366-48a2-9639-3c6694c72c85,8053ada1-28a0-463d-86df-8d36717ff621,IG Story,VIDEO,31.3.2026 18:43:59,HAVLOS SROVNAL  @adam.havel  2:2 🦈,https://www.instagram.com/stories/boostrava/3865157024929870569,,618,,,1
vsefalcons,instagram,709fceba-e311-48e7-9057-f54a587abf4a,9a39b0ae-721d-4e73-85d3-74015e4497ef,IG Story,VIDEO,8.4.2026 17:43:18,MRZÁCI DNES ASPOŇ PODPORUJÍ 🤕 📢,https://www.instagram.com/stories/vsefalcons/3870924710716434922,903,832,,1,3
@218107044725785,facebook,7a942e3e-6c47-4794-9ba7-bbc7b6d40cb3,e5b2eb21-1a56-4b4f-8aec-370a145e8110,FB Post,IMAGE,4.8.2026 14:52:12,Ulovili jsme pár momentek z letních prázdnin 🏖️  Poslední dny odpočinku a v pondělí 10.8. naskakujeme zpátky na led hledat nové Falcons tváře! 🦼🦅,https://www.facebook.com/122282816036218300/posts/122300527280218300,468,,12,,
@akademiciplzen,instagram,65494228-95bf-4f7b-8e68-d47d7262db66,11dda7c3-9167-442f-8670-472f4fa43086,IG Story,VIDEO,1.9.2026 22:07:30,,https://www.instagram.com/stories/akademiciplzen/3976874884353277519,,142,,,
@riderspardubice,instagram,4d6a67ab-9313-4f77-a82e-abb18adbca5d,6b5c66c4-3628-4868-a211-6a19026cef6a,IG Reel,VIDEO,16.3.2026 10:50:28,"Doražte na Kopcův Last Dance už 23. března do enteria areny! 🔥

Vstupenky koupíš přes odkaz v BIU!",https://www.instagram.com/reel/DV8UrXyjI_n/,,7826,166,2,15
@univerzitnihokej,instagram,1e114592-3529-4cfe-9977-2598454053af,c8f7cbac-5c1d-4b30-a53a-376f835ed7c9,IG Post,PHOTO,31.3.2026 11:10:59,Oficiálně vypínáme základní část a zapínáme PLAY-IN MODE 😤,https://www.instagram.com/p/DWi-14niFUJ/,,5167,87,1,2
@boostrava,instagram,1176ddaf-d366-48a2-9639-3c6694c72c85,6fc2bccf-edc1-404d-9ecf-62041b1507f3,IG Story,VIDEO,31.3.2026 9:11:44,CELÝ ČLÁNEK,https://www.instagram.com/stories/boostrava/3864868978049176857,,841,,,
@akademiciplzen,instagram,65494228-95bf-4f7b-8e68-d47d7262db66,a5a7377a-78d5-434c-b7d3-b062b31f134c,IG Story,VIDEO,20.8.2026 20:35:34,,https://www.instagram.com/stories/akademiciplzen/3968131303186638355,,520,,,12
@boostrava,instagram,1176ddaf-d366-48a2-9639-3c6694c72c85,bf0f2bf3-4065-4c39-ab1b-eca6ccb1dba4,IG Story,VIDEO,20.8.2026 18:28:31,,https://www.instagram.com/stories/boostrava/3968067436184119361,,478,,,8
@united_hk,instagram,b18c071b-0570-48b2-b743-990c668c3c5b,cf93d152-a3db-4495-a2de-d9f08d0357c1,IG Story,VIDEO,11.4.2026 8:24:17,,https://www.instagram.com/stories/united_hk/3872817319479083660,,640,,,
@boostrava,instagram,1176ddaf-d366-48a2-9639-3c6694c72c85,bd7cb543-4a87-4d42-b2bc-efc998a6fbfd,IG Post,IMAGE,20.8.2026 18:25:21,"Dneska jsme chtěli pořádně prověřit nové tváře. 🦈🔥 A byla to bitva až do konce! Skóre se drželo dlouho na dostřel, soupeř ale v závěru pojistil výhru gólem do prázdné branky. 

#hockey #boostrava",https://www.instagram.com/p/DcRZb3cM-7y/,,3950,102,2,7
@cvutengineers,instagram,11963a07-7f0f-48e6-9d81-aa63a7ff4a04,eace6375-550f-4a70-85fd-efb202f09c44,IG Story,VIDEO,9.4.2026 14:28:29,"POKUD NA SEZENÍ, SEKTORY D a E SE NACHÁZÍ ZA NAŠÍ STŘÍDAČKOU  JESTLI CHCEŠ NA FINAL FOUR FANDIT S TÍM NEJLEPŠÍM KOTLEM, TAK POŘIZUJ LÍSTKY NA STÁNÍ @engineerskotel",https://www.instagram.com/stories/cvutengineers/3871551372986726515,,843,,,28
@univerzitnihokej,facebook,01b45180-0b14-4a14-96e8-d0a4bab1fb9f,efca520f-7317-44fd-803f-56d0ca717bc6,FB Video,VIDEO,26.3.2026 23:31:13,,https://www.facebook.com/reel/1280278980706660/,,,,,
@united_hk,instagram,b18c071b-0570-48b2-b743-990c668c3c5b,fef3cfcb-3308-4b78-bae1-890f7349b839,IG Post,IMAGE,28.7.2026 12:07:10,"Necelý týden do prvního tréninku na ledě. Ještě naposledy se ale vracíme do Tesla Gymu.

V archivu jsme našli moment, kdy náš marketingový ředitel Michal Ševčík očividně předává Matějovi Voděrackému svoje dlouholeté zkušenosti se silovým tréninkem.

Co mu podle vás právě říká? 👇

Nejlepší hlášky doplníme přímo do fotky a zveřejníme ve Stories.",https://www.instagram.com/p/DbVgH7Eoiow/,,5014,57,5,7
@univerzitnihokej,facebook,01b45180-0b14-4a14-96e8-d0a4bab1fb9f,a4b1686c-27ab-4f0e-80aa-f445c51cc518,FB Post,IMAGE,9.4.2026 9:45:22,UK Kings se 16.4. vrátí zpět do Edenu 👑 Vstupenky na finalfour.cz 🎟️,https://www.facebook.com/1275398168115026/posts/1281841337470709,506,,2,,
@VUTCavaliersBrno,facebook,3351b43e-4b71-442b-b2f1-920cd6e57ee5,67e8b244-42ab-496c-adc0-13be72bdc807,FB Video,VIDEO,4.3.2026 20:34:11,"Spolupráce, kterou ocení nejen přítelkyně, ale taky spoluhráči v kabině 🛁 Čistá hlava, čistá hra 🧼 @garnier_czsk",https://www.facebook.com/reel/1465494908518879/,1541,704,4,,
vsefalcons,instagram,709fceba-e311-48e7-9057-f54a587abf4a,129f0a94-eda6-49dc-88b0-e45a78e9edd7,IG Post,IMAGE,3.3.2026 22:04:38,"Horská dráha 🎢 po včerejší prohře jsme si zlepšili náladu a porážíme Plzeň 👀

Příští týden ale přijde to nejdůležitější - @cvutengineers a pak @bitvaoprahu 😮‍💨 Get ready!",https://www.instagram.com/p/DVcDp45CC3o/,,3064,78,,10
@united_hk,instagram,b18c071b-0570-48b2-b743-990c668c3c5b,614e6970-3f4e-47a0-a3a0-279b0cafdc53,IG Story,VIDEO,24.8.2026 18:06:58,,https://www.instagram.com/stories/united_hk/3970955623944224101,,435,,,
@unitedhk,facebook,bfe6cc29-a387-41b9-9bca-b077722556af,b95b9c34-70fc-426e-84a3-e9722be13816,FB Story,VIDEO,23.8.2026 13:30:08,,https://facebook.com/stories/122099775710388974/UzpfSVNDOjIzMDQzMzA3MDM3MjUzMTM=/?view_single=1,,,,,
vsefalcons,instagram,709fceba-e311-48e7-9057-f54a587abf4a,5bc48de0-f328-4df5-8f6c-a63ab59d57c9,IG Story,VIDEO,16.4.2026 16:41:36,další případ,https://www.instagram.com/stories/vsefalcons/3876691640630932156,1099,1058,,,1
@univerzitnihokej,facebook,01b45180-0b14-4a14-96e8-d0a4bab1fb9f,df08914a-51ea-4015-94dd-f02445d5d05d,FB Post,IMAGE,12.3.2026 21:52:41,Tak tuto výhru ti bude závidět celkej kotel! 🍗,https://www.facebook.com/1275398168115026/posts/1259803803007796,480,,1,,
@univerzitnihokej,facebook,01b45180-0b14-4a14-96e8-d0a4bab1fb9f,3b1e10da-119c-443e-be3d-a74fd5e42a17,FB Post,IMAGE,10.3.2026 22:29:31,V Praze to dnes bylo na ostří nože 🔪 Kings jsou zpátky na vítězné vlně a Engineers nechali Falcons bod po nájezdech 🙌🏼,https://www.facebook.com/1275398168115026/posts/1258313036490206,573,,1,,
@united_hk,instagram,b18c071b-0570-48b2-b743-990c668c3c5b,42ec3373-997e-443f-bd8f-baff45508256,IG Story,IMAGE,10.8.2026 13:29:28,,https://www.instagram.com/stories/united_hk/3960669093434506488,,1020,,,2
@riderspardubice,instagram,4d6a67ab-9313-4f77-a82e-abb18adbca5d,6970ec01-7aca-4ed7-ac03-c7b6e0c01bfd,IG Story,IMAGE,9.4.2026 14:27:11,,https://www.instagram.com/stories/riderspardubice/3871550720822757784,,582,,,1
@AkademiciPlzen,facebook,d87b94e3-03e8-45d0-b92e-75e9b819545c,aa2ce2ec-4adb-4911-aafb-8a9013c8feaf,FB Post,IMAGE,26.3.2026 19:34:37,"Začíná Play-in. Kdo vyhraje, jde do Final Four. Kdo padne, končí! 

UŽ VE STĚEDU 1. 4. JDEME NA TO! 

#akademiciplzen",https://www.facebook.com/1357105236437494/posts/1352721390209212,281,,3,,
@akademiciplzen,instagram,65494228-95bf-4f7b-8e68-d47d7262db66,5e26d4df-d899-4de8-9cf0-23f0af1ba14d,IG Story,VIDEO,1.4.2026 17:01:58,🔥 UP WARMIN’,https://www.instagram.com/stories/akademiciplzen/3865830427416353185,,1358,,,
@hcnorthwings,facebook,2b08a479-603b-46e4-8a48-2bc0435ccd53,75efc629-b5d3-420b-919b-c9632497c0e4,FB Post,ALBUM,26.3.2026 19:16:01,"Fakt náročná sezóna, ale nepo*rali jsme se z toho a makali do posledního zápasu 💙💛",https://www.facebook.com/1583651910433365/posts/1578715724260317,473,,11,,
vsefalcons,instagram,709fceba-e311-48e7-9057-f54a587abf4a,a1f14db2-a108-4715-a5cb-19e69d08f4fb,IG Story,VIDEO,12.4.2026 13:47:35,‼️ ‼️ @cvutengineers 👋🏼,https://www.instagram.com/stories/vsefalcons/3873705133443936694,767,948,,,19
@univerzitnihokej,facebook,01b45180-0b14-4a14-96e8-d0a4bab1fb9f,addeb847-a79f-423a-8a71-16e0711257a0,FB Video,VIDEO,12.3.2026 18:00:31,Takové pohyby se asi naučil na farmě 🤭,https://www.facebook.com/reel/26107273248881170/,2072,834,7,,
@riderspardubice,instagram,4d6a67ab-9313-4f77-a82e-abb18adbca5d,e00c5671-f1f2-4a24-8efb-afdb5c13f0e6,IG Story,VIDEO,2.4.2026 12:18:01,"O POSTUP DO @unihokejfinalfour HRAJEME V PRAZE, TAK DORAŽ A VYBAV SE DRESEM!",https://www.instagram.com/stories/riderspardubice/3866412277331426831,,1179,,,2
@cvutengineers,instagram,11963a07-7f0f-48e6-9d81-aa63a7ff4a04,147a52e3-1b2a-4755-8548-10126989e151,IG Post,IMAGE,18.3.2026 21:46:12,Hupsík dupsík 😬,https://www.instagram.com/p/DWCpcu0DGSt/,,6630,188,6,9
@univerzitnihokej,facebook,01b45180-0b14-4a14-96e8-d0a4bab1fb9f,e7f6f107-2112-4dd9-9a12-89418433c1bc,FB Post,IMAGE,13.3.2026 16:51:35,UK Kings Prague ovládli tabulku a 1. místo jim už nikdo nevezme! 👑 Na Bitvě o Prahu po výhře převzali pohár ČAUS. 🏆,https://www.facebook.com/1275398168115026/posts/1260391656282344,1774,,8,,
@218107044725785,facebook,7a942e3e-6c47-4794-9ba7-bbc7b6d40cb3,75fb1500-eef0-4865-9bf7-334a3e8eef44,FB Video,VIDEO,16.4.2026 18:29:43,@michal.danniel otevírat skóre semifinále @unihokejfinalfour 🔥🔥🔥,https://www.facebook.com/reel/1446286533350604/,372,127,4,,
@united_hk,instagram,b18c071b-0570-48b2-b743-990c668c3c5b,39690c82-27ef-419f-8041-81f0c1cbc881,IG Story,VIDEO,8.4.2026 7:10:32,,https://www.instagram.com/stories/united_hk/3870606025032221041,,599,,,
@boostrava,instagram,1176ddaf-d366-48a2-9639-3c6694c72c85,60a1b0c1-6bf4-45b0-8f39-2debc55fdf16,IG Story,VIDEO,19.8.2026 19:25:12,@ostravskederby,https://www.instagram.com/stories/boostrava/3967371134559356986,,842,,,1
@united_hk,instagram,b18c071b-0570-48b2-b743-990c668c3c5b,e396f13d-cd92-462f-a084-3d3bf5a78ad0,IG Story,VIDEO,10.8.2026 17:37:18,pošlete klukům štěstíčko,https://www.instagram.com/stories/united_hk/3960793863777993538,,1031,,,3
vsefalcons,instagram,709fceba-e311-48e7-9057-f54a587abf4a,893eac0d-4dfb-43b0-9be0-ae39a224c7f2,IG Reel,VIDEO,17.4.2026 14:56:40,"all eyes on @cech.ondrejj & @drabek_adam 🤩

#vsefalcons #finalfour",https://www.instagram.com/reel/DXPKUgsiPzy/,,13184,403,7,45
@cvutengineers,instagram,11963a07-7f0f-48e6-9d81-aa63a7ff4a04,998815ae-d413-4d78-971f-f701025e282a,IG Story,VIDEO,10.4.2026 10:53:43,@ondra_mann,https://www.instagram.com/stories/cvutengineers/3872168054860066135,,1266,,,2
@AkademiciPlzen,facebook,d87b94e3-03e8-45d0-b92e-75e9b819545c,a69a8892-29c5-4d5a-a08c-ca26566ae9e8,FB Video,VIDEO,2.8.2026 20:46:03,"Na posledním tréninku jsme kluky vyzpovídali ohledně budoucnosti. 👶 

Položili jsme jim jednoduchou otázku: „Komu z kabiny bys nesvěřil svoje dítě?“ 

Na odpovědi se skoro všichni shodli… Filipe, máš pro nás nějaké vysvětlení? 😅

Zítra nás čeká první trénink na ledě v nové sezóně. Uvidíme se zítra! 🫢🏒

#akademiciplzen #univerzitnihokej #unihockey",https://www.facebook.com/reel/2163743887816450/,3548,1795,13,,
@boostrava,instagram,1176ddaf-d366-48a2-9639-3c6694c72c85,b1c6efc0-cdb5-4642-b540-5e28459608e3,IG Reel,VIDEO,23.3.2026 10:26:06,"Sezona se chýlí ke konci a nás čeká poslední zápas základní části! 

Přijďte před play-in ukázat, že BOčko drží při sobě a jde slyšet! 🔥

#ostrava #hockeygame #boostrava",https://www.instagram.com/reel/DWOTiviDJwb/,,3236,48,,19
vsefalcons,instagram,709fceba-e311-48e7-9057-f54a587abf4a,0a02c193-4c00-4982-84ad-3165e04a2afa,IG Story,VIDEO,8.6.2026 13:49:07,DĚKUJEME ZA PROSTORY @vsecz @ctvsvse 🙏🏼 (kluci to tu milují),https://www.instagram.com/stories/vsefalcons/3915017950167843793,,1454,,,2
@riderspardubice,instagram,4d6a67ab-9313-4f77-a82e-abb18adbca5d,95cd9788-afe6-4bb1-b5ec-876ace2f68ac,IG Story,VIDEO,12.4.2026 14:37:40,,https://www.instagram.com/stories/riderspardubice/3873730316271902818,,1131,,,7
@riderspardubice,instagram,4d6a67ab-9313-4f77-a82e-abb18adbca5d,a69a4520-ddcb-480d-aede-d2b46e1e9aa3,IG Post,IMAGE,2.3.2026 21:20:57,Dnešní duel s @cvutengineers bohužel nevyšel.😭,https://www.instagram.com/p/DVZZxoZDLQz/,,2655,32,2,4
@united_hk,instagram,b18c071b-0570-48b2-b743-990c668c3c5b,d99f5d9b-6390-485f-826b-d639b43fcfa3,IG Story,IMAGE,10.8.2026 19:18:20,5:4 @vlach_andrej  takhle se to OTÁČÍÍÍ!!! 🥅🥅🥅🥅🥅,https://www.instagram.com/stories/united_hk/3960844804212446361,,1091,,,7
@riderspardubice,facebook,f99ed6c3-17cc-46f4-a32e-d9b0576ce2df,52a7e4e4-5450-47df-a979-334dc0c6009b,FB Post,IMAGE,20.3.2026 7:21:34,"V pondělí pro první příchozí @pivoproud u vstupu zdarma! 🤩

🎟️ Vstupenky na derby proti @united_hk koupíš přes odkaz v BIU!",https://www.facebook.com/1592662819534019/posts/1581270447339923,154,,,,
vsefalcons,instagram,709fceba-e311-48e7-9057-f54a587abf4a,1327d06d-fe43-4f66-95a9-71126b51da0c,IG Post,IMAGE,17.4.2026 9:22:00,Znovu a lépe. Dnes vyrážíme do boje o 3. místo 👊🏼,https://www.instagram.com/p/DXOkJgOCPOc/,,1606,65,,1
vsefalcons,instagram,709fceba-e311-48e7-9057-f54a587abf4a,320e7bf3-3186-4e48-8ffb-ceaeca51197a,IG Story,VIDEO,11.2.2026 20:38:12,,https://www.instagram.com/stories/vsefalcons/3830425327285892897,776,1016,,,1
@united_hk,instagram,b18c071b-0570-48b2-b743-990c668c3c5b,4a0fc557-a1d9-4c79-86ee-4f6df82ff072,IG Story,IMAGE,24.4.2026 8:38:09,,https://www.instagram.com/stories/united_hk/3882246695354386524,,401,,,
vsefalcons,instagram,709fceba-e311-48e7-9057-f54a587abf4a,90ad9646-8826-48d8-8b3a-e8df326e5726,IG Story,IMAGE,24.2.2026 21:36:04,"2 4 Jurak
Daniel",https://www.instagram.com/stories/vsefalcons/3839876449872398097,646,797,,,1
@united_hk,instagram,b18c071b-0570-48b2-b743-990c668c3c5b,a988781a-9157-4e6e-be6e-4dffc0a86711,IG Post,IMAGE,13.4.2026 7:53:02,"Každá éra jednou končí.
Od nové sezony s námi nebude pokračovat trenér Jakub Loučka.

Kuba byl s námi u zrodu UNIted HK a má velký podíl na tom, kam jsme klub za dva roky posunuli.
Pomohl nastavit týmové DNA, řád a systém, ze kterých se můžeme dál odrazit.

Život před Kubu postavil nové výzvy, kterým se teď bude věnovat naplno — stejně jako se naplno věnoval UNIted HK.

Kubo, díky za čas a energii, kterou jsi do UNIted HK vložil.
Držíme ti palce a přejeme, ať se ti daří v osobním i pracovním životě.

🖤🧡

#unitedhk #unihokej #hokej",https://www.instagram.com/p/DXEGuxNCJci/,,7119,172,2,18
@univerzitnihokej,instagram,1e114592-3529-4cfe-9977-2598454053af,0326f6ed-bd55-4d3f-ad11-92c3d31cde1e,IG Post,IMAGE,18.4.2026 19:16:07,Šampioni si navíc odnáší šek od našeho partnera @b_hockey_czech 🙌🏻,https://www.instagram.com/p/DXSM7zWCH2t/,,13560,230,,4
@riderspardubice,instagram,4d6a67ab-9313-4f77-a82e-abb18adbca5d,2100002f-0ac8-41f4-a152-c71ee64b4d46,IG Story,VIDEO,31.3.2026 10:02:10,,https://www.instagram.com/stories/riderspardubice/3864894349603769218,,1041,,,1
vsefalcons,instagram,709fceba-e311-48e7-9057-f54a587abf4a,2f567511-7b0a-4a3c-89ea-64e293bdae7e,IG Story,VIDEO,14.3.2026 15:52:40,"🫣 @hamrbrmbrm13  ROZHEJBÁVÁ KYČLE
NA 3. ZÁPAS TENTO TÝDEN 🦿",https://www.instagram.com/stories/vsefalcons/3852749593020766673,1050,1040,,,4
vsefalcons,instagram,709fceba-e311-48e7-9057-f54a587abf4a,cf05e645-ebbb-4f0f-bd0e-c2f7ec959c50,IG Story,VIDEO,3.3.2026 19:02:55,👊🏼 👊🏼 JDEME NA NĚ!,https://www.instagram.com/stories/vsefalcons/3844872854483510491,620,864,,,
@BOhokej,facebook,c9082543-a03b-490f-8f97-66d439acce89,27afef6e-63b0-4ba2-8ae3-ab0142ed255c,FB Story,VIDEO,1.9.2026 8:30:40,,https://facebook.com/stories/100133738792962/UzpfSVNDOjE3OTI1MTU0NjIyODczMDk=/?view_single=1,,,,,
vsefalcons,instagram,709fceba-e311-48e7-9057-f54a587abf4a,8a932d4c-45b3-4877-b5c1-c457c7af45df,IG Story,VIDEO,31.3.2026 15:10:33,🎤,https://www.instagram.com/stories/vsefalcons/3865049588788926206,1012,897,,,
@cvutengineers,instagram,11963a07-7f0f-48e6-9d81-aa63a7ff4a04,cdbc17e9-c4cf-4a39-8d67-45ab06d6df50,IG Story,VIDEO,8.4.2026 21:16:19,,https://www.instagram.com/stories/cvutengineers/3871031861879534365,,498,,,1
@riderspardubice,instagram,4d6a67ab-9313-4f77-a82e-abb18adbca5d,ee5c47df-8db2-4967-aedb-5995803aa694,IG Reel,VIDEO,17.4.2026 15:17:22,"Tak co, povedal to?",https://www.instagram.com/reel/DXPMwa0jPQH/,,5423,123,,6
vsefalcons,instagram,709fceba-e311-48e7-9057-f54a587abf4a,8fc66dfa-7677-4c66-bdcd-1c420552e7f8,IG Post,IMAGE,24.2.2026 22:08:43,"Podruhé @ukkingsprague porazit se nám bohužel nepovedlo, ale teď už se soustředíme zase na další týden. 💆🏻‍♂️",https://www.instagram.com/p/DVKB9yGiPkm/,,2191,35,,3
@hcnorthwings,facebook,2b08a479-603b-46e4-8a48-2bc0435ccd53,b52274c8-cf74-4403-95e9-7a91e4e7e8c0,FB Video,VIDEO,16.7.2026 17:17:47,"Pojď se podívat na náš první trénink na ledě!🏒
Jak řekl @wernys_16 : „TĚŽKÝ”😮‍💨
A teď už bez výmluv!👀
Skáčeme do toho po hlavě.🔥💙

#univerzitnihokej #myjsmeujep #ceskyhokej #hokej #icehockey",https://www.facebook.com/reel/1578317157217791/,4226,2167,36,,
vsefalcons,instagram,709fceba-e311-48e7-9057-f54a587abf4a,d4d44e02-5c2e-46b0-ac9f-225d08f354c8,IG Story,VIDEO,12.2.2026 19:51:51,ANOTHER ÚTERÝ jupiiii,https://www.instagram.com/stories/vsefalcons/3831126690881909182,855,1053,,,4
vsefalcons,instagram,709fceba-e311-48e7-9057-f54a587abf4a,d832dc34-faed-4225-98fc-89b597f9f9fa,IG Story,VIDEO,8.2.2026 17:11:18,,https://www.instagram.com/stories/vsefalcons/3828146806895168539,,852,,,1
@vutcavaliersbrno,instagram,b384bebf-72f3-4f9d-8b2d-3677709f6966,e9c9e47b-a877-47af-8e59-39a85dae5785,IG Reel,REEL,31.3.2026 20:59:07,"Základní část je za námi 👈 
A tak jsme si dali s @kfc_cz a jejich fanouškovským menu malé opáčko 🤓
Komu se dařilo nejlépe? @_totti_71 @m_.cernak @vojtechkleofas 🏒",https://www.instagram.com/reel/DWkCNt8iFtt/,,3659,84,4,16
@engineersprague,facebook,afd06d1d-7b1c-4f66-8d93-ce4255ab773c,3b055f0d-5d46-404e-82d4-74d4e4e0458f,FB Post,IMAGE,28.7.2026 10:00:04,"Naše obranné řady posiluje Matyáš Slavíček z BK Havlíčkův Brod, který bude nově studovat na Fakultě stavební ČVUT. No a my se těšíme až ho uvidíme na ledě!

Matyáši, vítej v #engprg 🦁",https://www.facebook.com/1560924572517692/posts/1670175174925964,332,,1,,
@AkademiciPlzen,facebook,d87b94e3-03e8-45d0-b92e-75e9b819545c,72fb9a3e-84bb-4e37-af33-2249ef6f5e7d,FB Post,IMAGE,8.3.2026 19:37:03,"Dnes slavíme všechny ženy, které jsou součástí Akademiků, ať už na tribunách, nebo v zákulisí. 💙
Krásný Mezinárodní den žen! 🌷

#mezinarodnidenzen #akademiciplzen | 📸 @vpotocesevodatoci @novotny_studio.cz @novacek_photography",https://www.facebook.com/1357105236437494/posts/1337810231700328,1358,,10,,
@vutcavaliersbrno,instagram,b384bebf-72f3-4f9d-8b2d-3677709f6966,75643617-254d-4969-9432-9eaa4ac0a99b,IG Post,IMAGE,1.4.2026 10:36:28,"Jeden pokus! 👈 Zápas, který rozhodne 🔥
V 18:30 vyjedeme na led @blackdogsbudweis_vste, kde  zabojujeme o účast ve finále Play-in @unihokejfinalfour 🏒
Držte nám palce ❤️",https://www.instagram.com/p/DWlfkrnCDnk/,,2440,39,,4
@cvutengineers,instagram,11963a07-7f0f-48e6-9d81-aa63a7ff4a04,acfa171d-51d9-4d65-81ee-b945146bbdc1,IG Story,IMAGE,8.4.2026 20:07:42,1 1,https://www.instagram.com/stories/cvutengineers/3870997327716868263,,694,,,
@BOhokej,facebook,c9082543-a03b-490f-8f97-66d439acce89,c95e9cb0-b9c9-42ec-b50f-9271b590a36a,FB Video,VIDEO,15.4.2026 16:35:14,Přejeme to VŠEM! Ať vyhraje ten nejlepší✨ a my se na vás těšíme v příští sezóně!😜 Máte se na co těšit 🦈,https://www.facebook.com/reel/950869750898066/,343,138,2,,
vsefalcons,instagram,709fceba-e311-48e7-9057-f54a587abf4a,e6173f59-5522-4a9e-a233-7f5906541086,IG Story,VIDEO,24.2.2026 22:16:03,,https://www.instagram.com/stories/vsefalcons/3839896579142612349,620,918,,,
@boostrava,instagram,1176ddaf-d366-48a2-9639-3c6694c72c85,15bedbc3-3475-4f00-bf38-15c993272494,IG Post,IMAGE,20.8.2026 8:22:19,"PRVNÍ přátelák letošní sezóny je TU!🔥
ĎÁBLOVÉ NOVÝ JIČÍN👹 X BO OSTRAVA🦈
⏰18:00 | 📍Zimní stadion Nový Jičín",https://www.instagram.com/p/DcQT6LxMmVc/,,4509,61,,14
@akademiciplzen,instagram,65494228-95bf-4f7b-8e68-d47d7262db66,41720ecc-05ac-40e3-b0b6-fb7ede6ab3de,IG Reel,VIDEO,4.3.2026 20:06:46,"Neboj, neprozradíme mu co z toho chceš. 🤫😏

#akademiciplzen",https://www.instagram.com/reel/DVeas2TjAVF/,,17478,271,,68
@bitvaoprahu,instagram,d7c8aa06-74fb-4c6c-a7d2-c2fe1bf6d59c,b5ae4c61-f164-4d25-9b4f-46f748e6c9c8,IG Story,VIDEO,10.4.2026 14:48:19,,https://www.instagram.com/stories/bitvaoprahu/3872286134600766741,,1159,,,
@boostrava,instagram,1176ddaf-d366-48a2-9639-3c6694c72c85,fea21f51-ffa6-4610-82ec-a5d887e9add3,IG Post,PHOTO,31.3.2026 7:49:15,"🔔 PLAY IN už dnes! 

Jestli ještě nemáš vstupenku na poslední domácí zápas, tak ji najdeš v biu! 

#hockey #lastdance #hockeygame",https://www.instagram.com/p/DWindqRDMB3/,,3262,44,,11
@AkademiciPlzen,facebook,d87b94e3-03e8-45d0-b92e-75e9b819545c,24447ebc-b808-4aec-a410-d66bcc9573c3,FB Post,ALBUM,30.3.2026 10:50:31,"PLAY-IN MODE ON! 🔥

Ta nejnapínavější část sezony právě začíná. Emoce pojedou na maximum a ve středu chceme přesně takovou atmosféru, jakou umíte vytvořit jen vy. 🫵🏻

📍 1. 4. | 19:00 | LOGSPEED CZ Aréna
🎟️ Lístky najdeš v biu nebo na webu

#akademiciplzen 💙",https://www.facebook.com/1357105236437494/posts/1355663873248297,1086,,1,,
vsefalcons,instagram,709fceba-e311-48e7-9057-f54a587abf4a,2c50de4c-4b5d-4f15-b2ed-818be2648395,IG Story,VIDEO,15.2.2026 17:02:20,• • • zvládnout pondělí ve škole  přežít úterý ve škole,https://www.instagram.com/stories/vsefalcons/3833215699758138481,637,637,,,
@cvutengineers,instagram,11963a07-7f0f-48e6-9d81-aa63a7ff4a04,565917cd-bc37-4464-afeb-5cfaf0903e04,IG Story,VIDEO,13.4.2026 11:57:19,slevový kód na lupeny: “ENGFANS” 📌,https://www.instagram.com/stories/cvutengineers/3874374384425382657,,852,,,
@VUTCavaliersBrno,facebook,3351b43e-4b71-442b-b2f1-920cd6e57ee5,cb659734-6d41-4c52-b7f8-45a54f254484,FB Video,VIDEO,16.3.2026 8:21:47,Hattrick @jerabekdmnk ze sobotního utkání proti VŠE Falcons Prague 👈,https://www.facebook.com/reel/1807934017277147/,2474,1308,8,,
vsefalcons,instagram,709fceba-e311-48e7-9057-f54a587abf4a,d6c771e4-b6af-4f0c-b877-268fb31ce6d7,IG Story,VIDEO,3.3.2026 18:35:22,🌪️,https://www.instagram.com/stories/vsefalcons/3844858963158409778,684,811,,,
@cvutengineers,instagram,11963a07-7f0f-48e6-9d81-aa63a7ff4a04,59cdd92f-4a0c-40eb-847a-c4412ac22796,IG Story,VIDEO,22.8.2026 17:50:28,HONZA KADLEC STŘEŽÍ BRÁNU 🥅,https://www.instagram.com/stories/cvutengineers/3969497787246849205,,922,,,4
vsefalcons,instagram,709fceba-e311-48e7-9057-f54a587abf4a,68f9fd70-d945-47fe-988a-a32999e73949,IG Story,IMAGE,24.2.2026 21:28:31,4 2,https://www.instagram.com/stories/vsefalcons/3839872653356175865,,,,,
vsefalcons,instagram,709fceba-e311-48e7-9057-f54a587abf4a,719f379c-4f38-4d1a-9572-9881e8dc242d,IG Story,VIDEO,23.2.2026 15:44:00,,https://www.instagram.com/stories/vsefalcons/3838974472539898808,718,916,,,
@hc_muni,instagram,43cd62c8-609d-4ea6-8ce9-cae5242ede0c,86310fc3-cf28-467e-a67e-463c43794fa2,IG Story,VIDEO,25.8.2026 15:54:17,WE ARE SO BACK ⚡️,https://www.instagram.com/stories/hc_muni/3971613630222349904,,1172,,,7
vsefalcons,instagram,709fceba-e311-48e7-9057-f54a587abf4a,35a6926b-939d-48cc-a8ea-6c695cbbd1b4,IG Story,VIDEO,9.3.2026 11:06:38,@grantthorntoncz 🤝,https://www.instagram.com/stories/vsefalcons/3848981759752951441,1040,,,,1
@engineersprague,facebook,afd06d1d-7b1c-4f66-8d93-ce4255ab773c,b6ac7d54-8eec-499e-ba20-7f5c5a9e5c26,FB Story,IMAGE,27.8.2026 18:16:53,,https://facebook.com/stories/136066081670222/UzpfSVNDOjE4MTY3Mzk4NDk1MTI5MTk=/?view_single=1,,,,,
@BOhokej,facebook,c9082543-a03b-490f-8f97-66d439acce89,d1952e66-a9c7-4db9-940b-baba68c55b65,FB Video,VIDEO,31.3.2026 16:04:24,"19:30🔥RT TORAX ARENA PORUBA 
@boostrava x @riderspardubice",https://www.facebook.com/reel/3412130952288163/,587,223,5,,
@boostrava,instagram,1176ddaf-d366-48a2-9639-3c6694c72c85,d8c88cf7-40b0-42e7-9315-72267b3f33ec,IG Story,VIDEO,31.3.2026 17:12:33,ROZBRUSLENÍ 🏒,https://www.instagram.com/stories/boostrava/3865110999338893622,,673,,,
@cvutengineers,instagram,11963a07-7f0f-48e6-9d81-aa63a7ff4a04,1f806382-5eb5-4bad-b811-49986dea3ad5,IG Post,IMAGE,17.4.2026 22:52:09,"Nahoru dolu. Pořád spolu. 🫡

📸: @novacek_photography",https://www.instagram.com/p/DXP_0KgDGUr/,,13908,362,2,39
vsefalcons,instagram,709fceba-e311-48e7-9057-f54a587abf4a,25c2c758-2eba-452e-9e37-fe5d51ef4e5c,IG Story,VIDEO,9.3.2026 16:19:42,SOUTĚŽ O LÍSTKY NA ZÍTŘEJŠÍ ZÁPAS POD VIDEEM 🚨,https://www.instagram.com/stories/vsefalcons/3849140937003935116,724,,,,
@unitedhk,facebook,bfe6cc29-a387-41b9-9bca-b077722556af,3edcdca5-d46e-4acd-9ff7-3a24dfbc8e31,FB Story,IMAGE,28.8.2026 13:35:34,,https://facebook.com/stories/122099775710388974/UzpfSVNDOjk0OTg5MjYxNDgxMTI2Ng==/?view_single=1,,,,,
@vutcavaliersbrno,instagram,b384bebf-72f3-4f9d-8b2d-3677709f6966,500fb947-ac68-4898-968b-2a00b4770391,IG Post,IMAGE,14.4.2026 8:56:14,"VYHRAJ VSTUPENKY NA @beats.for.love.festival s naším generálním partnerem @csobcz 🎶 

Založ si účet skrz odkaz v našem biu a prvních 8 z Vás si užije @beats.for.love.festival zdarma 🔥",https://www.instagram.com/p/DXGyhjuCMCx/,,1477,9,,
@boostrava,instagram,1176ddaf-d366-48a2-9639-3c6694c72c85,73768296-6e7e-448d-8e84-cb54bc89700f,IG Reel,REEL,29.3.2026 18:29:49,"Dany šel dneska na rande. Se sprejem Diamond sleek od @garnier_czsk udělal rozhodně dobrý dojem! 

#garnierfructics #hokej #bocko",https://www.instagram.com/reel/DWenYD9jJX6/,,5660,104,3,41
@riderspardubice,instagram,4d6a67ab-9313-4f77-a82e-abb18adbca5d,83794f83-ae65-432f-ac1c-de5b8a48f899,IG Story,VIDEO,9.4.2026 8:30:53,MYSLÍME NA TEBE! @_novasek 🫂 ❤️,https://www.instagram.com/stories/riderspardubice/3871371434518124086,,1641,,,8
@riderspardubice,instagram,4d6a67ab-9313-4f77-a82e-abb18adbca5d,87419a2c-d77c-430a-917f-8cee32f54f24,IG Story,VIDEO,8.4.2026 18:34:06,1. GÓL !!! 🚨 ✨ @spinkov23  1:0,https://www.instagram.com/stories/riderspardubice/3870952333278750065,,601,,,
@riderspardubice,instagram,4d6a67ab-9313-4f77-a82e-abb18adbca5d,97101e68-3848-4b53-8351-5b3ff3bd8477,IG Post,IMAGE,25.8.2026 9:32:52,"🚨UŽ JSME SE DOČKALI!
Zítra nás čeká první přípravný zápas proti vládcům ULLH @ukkingsprague 🔥

📅KDY: 26.8. v 19:30
📍KDE: Enteria arena

VSTUP ZDARMA PŘES VRÁTNICI",https://www.instagram.com/p/DcdUe4vxZg-/,,6319,119,,24
vsefalcons,instagram,709fceba-e311-48e7-9057-f54a587abf4a,35b7e8c2-15c2-4f9f-bbbe-7af5039496bf,IG Story,IMAGE,2.3.2026 11:20:04,,https://www.instagram.com/stories/vsefalcons/3843915092379343905,603,857,,,8
@riderspardubice,facebook,f99ed6c3-17cc-46f4-a32e-d9b0576ce2df,41b8b715-8690-4287-a218-6f62f9f90acc,FB Post,IMAGE,12.4.2026 13:02:20,Jsou to nervy! Jak to dnes dopadne? 😬,https://www.facebook.com/1592662819534019/posts/1602711565195811,434,,3,,
vsefalcons,instagram,709fceba-e311-48e7-9057-f54a587abf4a,7dcb71bd-d1c1-4e82-b4b4-abc9b25be769,IG Reel,VIDEO,7.12.2025 19:49:46,"FRIENDLY REMINDER 🚨
Ty nejslušivější dárky seženete na našem e-shopu. 💻

A do 17. prosince zaručujeme doručení do Vánoc! 🎅🏼🛷

#vsefalcons",https://www.instagram.com/reel/DR-XvpOiEge/,,4249,63,,6
@akademiciplzen,instagram,65494228-95bf-4f7b-8e68-d47d7262db66,ec80a59a-0a4e-48bc-9e29-732d2442d1b4,IG Reel,REEL,31.3.2026 22:21:04,"KDO SNÍ KYBLÍK RYCHLEJI? 🍗⏱️

Gáža, Říháč, Ženda a Vargy se pustili do limitovanýho KFC plechovýho kyblíku… a šlo fakt o všechno 😭
Kdo ho zvládl nejrychleji?

Teď jsi na řadě ty 👀
Myslíš, že nás překonáš? Tak to zkus a označ nás!

@kfc_cz 

#kfcplechovykyblik #kfc #akademiciplzen",https://www.instagram.com/reel/DWkLiq-jA65/,,8052,202,4,27
@univerzitnihokej,instagram,1e114592-3529-4cfe-9977-2598454053af,f85829d6-b8c7-4c0e-8918-ed935f944632,IG Story,VIDEO,8.4.2026 21:02:20,@cvutengineers  POSTUPUJÍ DO FINAL FOUR 🦁 🥳,https://www.instagram.com/stories/univerzitnihokej/3871024844053718137,,465,,,
@AkademiciPlzen,facebook,d87b94e3-03e8-45d0-b92e-75e9b819545c,a010598f-625b-4365-b5a7-7d4d02d3293e,FB Post,IMAGE,5.4.2026 11:41:37,"Společně pro dobrou věc! 🤝🏼 

Výtěžek z únorového utkání, do kterého jsme šli bok po boku s @hcplzen , už je ve správných rukou. 🫂

Celou částku jsme předali Dětské klinice @fnplzen , kde poslouží k nákupu potřebných pomůcek pro hendikepované děti. 🧸💙

Obrovské díky patří všem fanouškům, kteří v tom byli s námi a pomohli - bez vás by to nešlo! 🫶🏼 Za nemocnici dar převzali pan ředitel V. Šimánek, přednosta kliniky J. Sýkora, vrchní sestra M. Sedláčková a herní specialistka L. Romová.",https://www.facebook.com/1357105236437494/posts/1360696309411720,18655,,129,,
vsefalcons,instagram,709fceba-e311-48e7-9057-f54a587abf4a,e490d3b5-97f5-49b1-b1cd-ec625840ae59,IG Story,VIDEO,8.4.2026 16:22:26,POKECAT JEŠTĚ PŘED ZÁPASEM 🤭,https://www.instagram.com/stories/vsefalcons/3870883981633821576,912,830,,,
vsefalcons,instagram,709fceba-e311-48e7-9057-f54a587abf4a,f8406e20-ef5c-4fc6-aebc-c21ce76bac50,IG Story,VIDEO,17.4.2026 14:28:54,,https://www.instagram.com/stories/vsefalcons/3877349660985714322,873,865,,,1
vsefalcons,instagram,709fceba-e311-48e7-9057-f54a587abf4a,3f0c323d-d506-4e7b-a796-5f014d9ba3ea,IG Reel,VIDEO,27.1.2026 18:11:09,"winter classic 2026 ❄️🩵 

#vsefalcons",https://www.instagram.com/reel/DUBg6jOCC4Y/,,7045,256,,11
@riderspardubice,instagram,4d6a67ab-9313-4f77-a82e-abb18adbca5d,6d37909e-0f9d-487f-b2a8-97a4013eafa8,IG Post,IMAGE,14.3.2026 11:55:58,"👋

Last Dance už 23. března 🔥
Sleva na vstupenky 20 % “kopecky20” a “skryp20”",https://www.instagram.com/p/DV3SaWQDBqU/,,5169,82,1,1
@engineersprague,facebook,afd06d1d-7b1c-4f66-8d93-ce4255ab773c,ab57aa09-d5e4-4ff8-8d04-206b9b9fb045,FB Story,IMAGE,10.3.2026 21:36:54,,,,,,,
@AkademiciPlzen,facebook,d87b94e3-03e8-45d0-b92e-75e9b819545c,aef42a7a-0887-48fc-8b36-37c3542ffc57,FB Post,IMAGE,24.7.2026 15:39:24,"🧭 Najít iPhone: AKA Edition 🌍

Kam se Akademici rozutekli dobít baterky na novou sezónu? 👀🔋Přesně kvůli tomu jsme nakoukli do jejich galerií!

#akademiciplzen #vacation #roadtrip 

Trenérská dvojice @soucek_87 & Dominik Beer vyrazila jen kousek od sebe – jeden na Kapverdy, druhý na Madeiru. 🇨🇻🇵🇹

Tomáš Pánek oslavil bakaláře na Maltě a Jiří Beníšek navštívil Gibraltar. 🐒

Martin Fořt & @_jakubsucha_ vycestovali společně do Českého Krumlova. 🚣🏻 

Nejmladší z naší brankářské trojice @albert_schacherl vycestoval až do Indonésie, a @kaiser_sim_ k naopak k sousedům do Polska. 🇮🇩🇵🇱

Lukáš Folda nám posílá pozdrav z Chorvatska 🇭🇷 a Michal Matoušek z Budapešti. 🇭🇺

@j.cermak_ se vydal na roadtrip až do Spojených Států a fotku cvaknul u Rocky Mountains. 🇺🇸⛰️",https://www.facebook.com/1357105236437494/posts/1454044266743590,1217,,6,,
@riderspardubice,instagram,4d6a67ab-9313-4f77-a82e-abb18adbca5d,4233c561-3f8a-4d67-a0b4-df5f88f9e9c8,IG Reel,VIDEO,1.4.2026 16:08:07,"Pokračujeme, nekončíme!🫡",https://www.instagram.com/reel/DWmFzTYjLd1/,,4658,156,,3
vsefalcons,instagram,709fceba-e311-48e7-9057-f54a587abf4a,57fa9b79-6e44-40ab-a6b0-5a12ab984cc4,IG Story,VIDEO,17.4.2026 17:52:46,,https://www.instagram.com/stories/vsefalcons/3877452394883999286,1027,922,,1,2
@unitedhk,facebook,bfe6cc29-a387-41b9-9bca-b077722556af,c71a035c-e28b-4c51-81ca-3821bebd9c71,FB Post,IMAGE,26.8.2026 18:34:12,"Příprava pokračuje těsnou prohrou.

S juniory HC Náchod prohráváme 4:5 po prodloužení.

Herně jsme měli velkou část zápasu navrch a dostávali se do šancí, tentokrát nám ale chyběla lepší efektivita v zakončení.

Víme, na čem dál pracovat 😉",https://www.facebook.com/122180651084388974/posts/122191901378388974,175,,,,
@cvutengineers,instagram,11963a07-7f0f-48e6-9d81-aa63a7ff4a04,05a10412-6675-4a17-8fcf-ce606748e00b,IG Post,IMAGE,12.3.2026 18:37:33,"VŠICHNI ZA JEDNOHO 🦁 JEDEN ZA VŠECHNY

📸: @novacek_photography",https://www.instagram.com/p/DVy3HClDC1u/,,17879,485,1,56
@cvutengineers,instagram,11963a07-7f0f-48e6-9d81-aa63a7ff4a04,5c80f5b3-7405-40cd-a818-4a3514ef93b5,IG Story,VIDEO,17.4.2026 8:35:47,POZNEJ HRÁČE A LÍSTEK MŮŽE BÝT TVŮJ,https://www.instagram.com/stories/cvutengineers/3877171958718952736,,1778,,,3
@akademiciplzen,instagram,65494228-95bf-4f7b-8e68-d47d7262db66,70b83c0c-72dd-47de-8908-36f1368099dc,IG Post,IMAGE,23.8.2026 10:41:53,"Vítězný vstup do přípravy! 💙🔥

Ve čtvrtek jsme na tréninkové hale odehráli první přípravný zápas proti VŠE Falcons Prague, který skončil naším vítězstvím 5:2! 💪🏻

Děkujeme Falcons za skvělý zápas a možnost otestovat naše nové posily týmu. 🤝🏻

💣 Trefil se Daniel Křepel, David Hynek, Aleš Kosnar, Václav Šmíd & Aleš Hofrajtr

Jen tak dál, kluci! 🔥🤌🏻

#akademiciplzen 💙",https://www.instagram.com/p/DcYTCjfjDmX/,,12634,252,,34
@univerzitnihokej,instagram,1e114592-3529-4cfe-9977-2598454053af,917a08ab-64f1-4491-ab3b-60bef30f68eb,IG Story,VIDEO,18.4.2026 10:27:00,,https://www.instagram.com/stories/univerzitnihokej/3877952512561021464,,1180,,,1
vsefalcons,instagram,709fceba-e311-48e7-9057-f54a587abf4a,43eda5f3-7c26-4c1d-b52a-795c3618caff,IG Story,VIDEO,10.2.2026 20:51:10,a dalšíííííííííííííí,https://www.instagram.com/stories/vsefalcons/3829707126872747713,617,861,,,
@akademiciplzen,instagram,65494228-95bf-4f7b-8e68-d47d7262db66,8658da99-3781-466f-bd76-960f8ae5bfa5,IG Post,IMAGE,22.3.2026 12:31:59,"MIMO LED #5 – @honza_sibra 🧊

Dlouho jsme vám nikoho nepředstavili… takže dneska je na řadě autor vítězného gólu z Jarní bitvy – Šíbr! 🚨

Kromě studia na Fakultě ekonomické ti rád doporučí ty nejlepší alba v jejich vinyl shopu. A když ho tam nenajdeš? Pravděpodobně je na hřišti nebo někde na svahu. 🏔️

Dobře načepovanou Plzní rozhodně nepohrdne – a skoro jistě ho uvidíš i s jeho čtyřnohým parťákem. 🐕‍🦺

#akademiciplzen 💙",https://www.instagram.com/p/DWL9OTYjNxH/,,8771,201,,5
vsefalcons,instagram,709fceba-e311-48e7-9057-f54a587abf4a,fffa32a1-758b-4307-92ed-b58e8826a7ac,IG Story,VIDEO,18.2.2026 9:15:38,🎟️,https://www.instagram.com/stories/vsefalcons/3835155120283759146,582,738,,,3
vsefalcons,instagram,709fceba-e311-48e7-9057-f54a587abf4a,2604efa7-4095-4385-8ebb-70d6b72436f9,IG Post,IMAGE,24.3.2026 21:06:16,"TEĎ NEBO NIKDY 🫵🏼
Play-in je tady. Poslední zápas doma. Jediná šance postoupit dál.

Buď u toho s námi, protože teď jde o všechno. 🙏🏼

📅 úterý 31. března
🕑 17:00
📍 Ice Arena Kateřinky
🎟️ lístky na profilu",https://www.instagram.com/p/DWR_ryFiD_I/,,14912,134,6,109
@riderspardubice,instagram,4d6a67ab-9313-4f77-a82e-abb18adbca5d,83420e68-dbab-449f-8741-6f0163969fb1,IG Reel,REEL,31.3.2026 21:20:37,"UNO REVERSE CARD 🙌🙌
Letsgoo!",https://www.instagram.com/reel/DWkEsjFDFuf/,,20171,599,1,128
vsefalcons,instagram,709fceba-e311-48e7-9057-f54a587abf4a,a796e3ad-ab21-4a1c-9a2a-264eb313c85c,IG Story,VIDEO,6.3.2026 19:03:33,,https://www.instagram.com/stories/vsefalcons/3847047443192013864,,760,,,
vsefalcons,instagram,709fceba-e311-48e7-9057-f54a587abf4a,e9ef0e14-19d5-42b3-98ed-397ed6a62aec,IG Story,VIDEO,12.3.2026 15:31:25,@patrik_nabelek 🪄,https://www.instagram.com/stories/vsefalcons/3851289364848496525,1472,1290,,,4
vsefalcons,instagram,709fceba-e311-48e7-9057-f54a587abf4a,49c66f21-d2f5-4963-b69b-4b14f78653b4,IG Story,VIDEO,11.3.2026 7:12:53,🤫 🤫 NĚCO JSME SI PRO VÁS NA ZÍTŘEJŠÍ BITVU PŘIPRAVILI,https://www.instagram.com/stories/vsefalcons/3850313635520355233,772,981,,1,4
@vutcavaliersbrno,instagram,b384bebf-72f3-4f9d-8b2d-3677709f6966,743a3d24-cd72-46b2-a809-3c815a679bb7,IG Reel,REEL,17.3.2026 11:40:23,Únik @riciorsech v prodloužení a bod navíc zůstává doma 🙌,https://www.instagram.com/reel/DV-_QlZiAMh/,,6371,121,,8
@riderspardubice,instagram,4d6a67ab-9313-4f77-a82e-abb18adbca5d,cd738aaa-2217-4b36-8e77-63823b248d74,IG Post,IMAGE,11.3.2026 13:15:04,"🔥🏒 Kup si vstupenku na poslední domácí zápas semestru a automaticky se zařadíš do slosování o dvě vstupenky na páteční maraton Heated Rivalry v Pardubicích! 

Slosování ve čtvrtek večer 😎

@hbomaxczsk",https://www.instagram.com/p/DVvtMJcDPy4/,,3250,39,,16
vsefalcons,instagram,709fceba-e311-48e7-9057-f54a587abf4a,ecc1e6fb-abef-4c1b-967c-c3ecf30fe065,IG Story,VIDEO,16.4.2026 17:39:29,@jan_kubata  LADÍ FORMU 🅰️,https://www.instagram.com/stories/vsefalcons/3876720772840475075,1060,874,,,
@univerzitnihokej,instagram,1e114592-3529-4cfe-9977-2598454053af,257a2584-f21a-449f-99ac-378a0fd2e672,IG Post,IMAGE,30.3.2026 10:41:13,"Zítra startují semifinálové boje PLAY-IN ⚔️
Žádné odvety, žádné opravy. 😤Jen jedna šance postoupit do finále play-in 🔥",https://www.instagram.com/p/DWgW6AOCElp/,,11069,201,,23
@boostrava,instagram,1176ddaf-d366-48a2-9639-3c6694c72c85,5b6a43b2-7161-4223-87b7-7c568ed7e1b2,IG Reel,REEL,28.3.2026 15:10:57,"PLAY-IN JE TADY!🔥 teď jde o všechno! 
Tak vezmi kamarády a přijď podpořit naše kluky a udělat pořádný BORDEL!📣",https://www.instagram.com/reel/DWbrcrOjKMe/,,9017,83,1,32
@akademiciplzen,instagram,65494228-95bf-4f7b-8e68-d47d7262db66,9ed3bfe2-40c8-4c22-bd45-6288ecedc9ae,IG Reel,VIDEO,4.3.2026 22:39:38,"pure RADOST without trending audio 😏🤩🕺🏼😛🥸😻✨

(zkus napočítat, kolikrát někdo @honza_sibra shodil helmu)

#akademiciplzen 💙",https://www.instagram.com/reel/DVer-6-jIGM/,,13423,471,2,3
vsefalcons,instagram,709fceba-e311-48e7-9057-f54a587abf4a,d45039aa-a69e-48a9-afa1-257509d1398c,IG Story,VIDEO,3.3.2026 9:07:21,REMINDER dneska bude pivko za free 🚨,https://www.instagram.com/stories/vsefalcons/3844573034535468737,669,888,,,1
@bitvaoprahu,instagram,d7c8aa06-74fb-4c6c-a7d2-c2fe1bf6d59c,65d06844-4a99-419f-8407-4d3fe629beb8,IG Post,IMAGE,12.3.2026 20:30:26,"RUKU NA SRDCE! ❤️‍🔥🔥 Každý z nás je tak trochu blázen. 🤪

📸 @vratapolivka_photo & @novacek_photography",https://www.instagram.com/p/DVzEBw0Dq-g/,,22661,952,,71
@riderspardubice,instagram,4d6a67ab-9313-4f77-a82e-abb18adbca5d,72982398-571c-40cf-bac2-807f7f14b938,IG Story,VIDEO,5.4.2026 19:52:52,KDO SE CHYSTÁ VYRAZIT ZA NÁMI? 🔥,https://www.instagram.com/stories/riderspardubice/3868815540651917331,,327,,,
@hcnorthwings,facebook,2b08a479-603b-46e4-8a48-2bc0435ccd53,7c45df9e-4222-44c8-a6b6-1b3fe41fbedd,FB Story,VIDEO,4.3.2026 16:36:17,,,,,,,
@hc_muni,instagram,43cd62c8-609d-4ea6-8ce9-cae5242ede0c,fa8142d3-f071-48d3-8002-dbf667d68220,IG Reel,VIDEO,3.4.2026 16:44:08,"Tohle nemůže říct jen tak někdo🚨🔥

#hcmuni",https://www.instagram.com/reel/DWrTSlHDHJu/,,12591,337,1,20
@cvutengineers,instagram,11963a07-7f0f-48e6-9d81-aa63a7ff4a04,1c691dd4-b6cf-4b02-8c56-103735adc6be,IG Post,IMAGE,8.4.2026 6:29:47,"🚨 GAMEDAY | Finále Play-in je tady!

V 19:30 přivítáme na domácím ledě Riders. Teď jde o všechno. Buď u toho a vytvoř nám pořádný modrý peklo!

📍 Kdy: Dnes v 19:30
🏟️ Kde: Zimní stadion Hvězda
🎟️ Vstupenky: Odkaz najdeš v biu!
#srdcelva  #engprg",https://www.instagram.com/p/DW3Dm5qDD_I/,,8015,107,3,19
@akademiciplzen,instagram,65494228-95bf-4f7b-8e68-d47d7262db66,7e886a30-b55a-471d-80d3-f09370338a54,IG Post,IMAGE,6.8.2026 7:21:05,"První ledy jsou za námi a my jsme do nové sezóny vlítli rovnou naplno. 🚨🏎️

Připojila se k nám spousta nových a nadějných tváří. Už teď se nemůžeme dočkat, co všechno předvedou… ale to si ještě chvíli necháme pro sebe. 🤫

Tohle je teprve začátek. 🚀

📸 @vpotocesevodatoci |  #akademiciplzen #collegehockey",https://www.instagram.com/p/DbsKjErDFB3/,,17837,264,,45
@riderspardubice,instagram,4d6a67ab-9313-4f77-a82e-abb18adbca5d,e89c46de-2598-4835-a63a-063b501e9a07,IG Story,VIDEO,31.3.2026 17:55:26,🦅🦅,https://www.instagram.com/stories/riderspardubice/3865132567305699364,,796,,,
vsefalcons,instagram,709fceba-e311-48e7-9057-f54a587abf4a,f7ea2c2f-3111-4f0b-aec1-5eff8c8858e7,IG Post,IMAGE,29.3.2026 11:37:48,"EMOCE, které chceme zažít v úterý znova 👀 
Jeden zápas. Jedna šance.

A vy u toho prostě musíte být.
🎟️ Vstupenky najdete na našem profilu.",https://www.instagram.com/p/DWd4ljICM1u/,,10330,169,8,7
vsefalcons,instagram,709fceba-e311-48e7-9057-f54a587abf4a,fcabc550-f68f-4687-a5e1-8905d8f30d19,IG Reel,REEL,10.3.2026 19:35:19,NESKUTEČNÝ gól @hroud1c6 🥵 Navyšujeme skóre na 2:0 💨,https://www.instagram.com/reel/DVtzwAwiA_q/,,6332,89,,2
@cvutengineers,instagram,11963a07-7f0f-48e6-9d81-aa63a7ff4a04,2354d4d2-5f35-45d5-836f-6774cd755b7a,IG Story,IMAGE,10.4.2026 12:57:53,KÓD: ENGFANS VYUŽIJ SLEVU @poloprut.photo,https://www.instagram.com/stories/cvutengineers/3872230545812153387,,1783,,,14
@akademiciplzen,instagram,65494228-95bf-4f7b-8e68-d47d7262db66,aa560f42-1495-483a-a365-ad9ce2556c96,IG Post,IMAGE,24.7.2026 15:39:08,"🧭 Najít iPhone: AKA Edition 🌍

Kam se Akademici rozutekli dobít baterky na novou sezónu? 👀🔋Přesně kvůli tomu jsme nakoukli do jejich galerií!

#akademiciplzen #vacation #roadtrip 

Trenérská dvojice @soucek_87 & @beerik09 vyrazila jen kousek od sebe – jeden na Kapverdy, druhý na Madeiru. 🇨🇻🇵🇹

@t_pain_6 oslavil bakaláře na Maltě a @benisek_jiri navštívil Gibraltar. 🐒

@martin_fort23 & @_jakubsucha_ vycestovali společně do Českého Krumlova. 🚣🏻 

Nejmladší z naší brankářské trojice @albert_schacherl vycestoval až do Indonésie, a @kaiser_sim_ k naopak k sousedům do Polska. 🇮🇩🇵🇱

@lukas.folda072 nám posílá pozdrav z Chorvatska 🇭🇷 a @ten_kluk_bez_ucha z Budapešti. 🇭🇺

@j.cermak_ se vydal na roadtrip až do Spojených Států a fotku cvaknul u Rocky Mountains. 🇺🇸⛰️",https://www.instagram.com/p/DbLlNeOjM4v/,,25197,354,,35
vsefalcons,instagram,709fceba-e311-48e7-9057-f54a587abf4a,06c1915e-d4fc-4db3-843e-313c8e44015d,IG Reel,REEL,22.3.2026 19:45:07,"Kluci už jsou na naše otázky asi tak zvyklí, že už nepoznají rage bait od normálu 🤭",https://www.instagram.com/reel/DWMugQDiH0L/,,5102,125,,32
@218107044725785,facebook,7a942e3e-6c47-4794-9ba7-bbc7b6d40cb3,06b408c7-bf00-427d-893c-0b2db8e6dfcc,FB Video,VIDEO,16.4.2026 16:15:31,Hlásíme přílet na Eden 🦅,https://www.facebook.com/reel/977570835227274/,452,142,4,,
@riderspardubice,facebook,f99ed6c3-17cc-46f4-a32e-d9b0576ce2df,289af7e2-b9ec-4444-b055-2e3c71c7be9b,FB Video,VIDEO,16.4.2026 16:31:01,Fanoušci mají jasno! ❤️‍🔥,https://www.facebook.com/reel/1065088070027302/,5908,2795,34,,
vsefalcons,instagram,709fceba-e311-48e7-9057-f54a587abf4a,8d89878d-b19e-464e-9537-7cffaaba570b,IG Reel,REEL,17.3.2026 8:59:54,"KSN v podání @vosmajz_97 🤩

#vsefalcons",https://www.instagram.com/reel/DV-s1-YiGeh/,,6019,104,4,11
vsefalcons,instagram,709fceba-e311-48e7-9057-f54a587abf4a,9040ac42-f394-4a8b-80cd-d42f07408d32,IG Reel,VIDEO,31.3.2026 13:49:03,"Boys are in da haus! 😤 

#vsefalcons #playin",https://www.instagram.com/reel/DWjQjY5iEqp/,,4982,138,,23
vsefalcons,instagram,709fceba-e311-48e7-9057-f54a587abf4a,c5e0444a-aa08-418c-864b-38c898eb1d20,IG Story,VIDEO,26.2.2026 8:21:42,"📍Akademický klub, Italská budova JAK SE DOSTAT NA DNEŠNÍ PUB KVÍZ? 🗺️ díky @_klobrc není šance, že byste zabloudili 🚶🏽‍➡️",https://www.instagram.com/stories/vsefalcons/3840926217591645732,1513,2085,,,20
vsefalcons,instagram,709fceba-e311-48e7-9057-f54a587abf4a,175115dc-fba3-4143-9b8b-a54f6e9c0498,IG Story,VIDEO,24.2.2026 9:34:06,,https://www.instagram.com/stories/vsefalcons/3839513698595531730,976,1224,,,7
@riderspardubice,instagram,4d6a67ab-9313-4f77-a82e-abb18adbca5d,28323171-5476-4617-aa40-758171d8457b,IG Story,VIDEO,15.4.2026 9:07:44,,https://www.instagram.com/stories/riderspardubice/3875738586918459617,,744,,,
@univerzitnihokej,instagram,1e114592-3529-4cfe-9977-2598454053af,7c668450-ff6e-4b6e-a709-9dea60c451e9,IG Story,VIDEO,5.4.2026 16:11:59,👀 🎟️,https://www.instagram.com/stories/univerzitnihokej/3868704396687237572,,1043,,,1
vsefalcons,instagram,709fceba-e311-48e7-9057-f54a587abf4a,85ba0890-f14d-4c2d-894c-10582259810f,IG Story,IMAGE,2.1.2026 17:10:47,,https://www.instagram.com/stories/vsefalcons/3801329872014951451,,1085,,,
@BOhokej,facebook,c9082543-a03b-490f-8f97-66d439acce89,e4e569fd-5cb9-4aad-a3d3-d4a46184e10e,FB Post,PHOTO,31.3.2026 21:15:30,"Sezona pro nás prvním zápasem play-in skončila ☹️

Děkujeme všem za uplynulou sezonu 🔥

#hockey #playin #lastdance",https://www.facebook.com/1477974067675582/posts/1477706211035701,288,,2,,
@riderspardubice,facebook,f99ed6c3-17cc-46f4-a32e-d9b0576ce2df,fb5cf00d-761d-4c7c-8a0d-d2fc9e3a180d,FB Post,IMAGE,16.3.2026 17:28:09,"Na zápase tě bude čekat tohle ikonické duo moderátorů! 🔥🔥

Kdo se těší? 

Vstupenky koupíš přes odkaz v BIU! 🔗",https://www.facebook.com/1592662819534019/posts/1578100634323571,256,,2,,
@akademiciplzen,instagram,65494228-95bf-4f7b-8e68-d47d7262db66,16ed2922-1536-478d-9d6a-eeaf2a4d7766,IG Post,IMAGE,17.8.2026 8:55:31,"Jdeš studovat do Plzně a chceš si odnést ty nejlepší sportovní i kolektivní zážitky? 🏒⚔️

Ať už jsi z @lfp_unikarlova nebo @zcuplzen, hledáme nové posily do týmu @akademiciplzen, které chtějí ukázat, co v nich je, a jít do toho naplno. Reprezentuj svou školu, poměř síly s hráči z univerzit z celého Česka a zažij jedinečnou atmosféru univerzitního hokeje! 🎓🔥

🏒 POSLEDNÍ ŠANCE DOSTAT SE DO TÝMU!

📅 31. 8. sraz 18:00
🕕  1. 9. sraz 17:45
📍 LOGSPEED CZ Aréna, Plzeň

Chceš být u toho? Přihlas se na TRYOUTový dvojzápas a zabojuj o místo v týmu! 💪

📩 Přihlášky: beer@akademiciplzen.com

Vidíme se na ledě. 🫵🏻

#akademiciplzen",https://www.instagram.com/p/DcIqAD4NuK2/,,19037,251,,22
@united_hk,instagram,b18c071b-0570-48b2-b743-990c668c3c5b,1792310f-5dad-4daf-9798-6e6027f689c5,IG Reel,VIDEO,27.4.2026 12:30:58,"V sobotu jsme byli součástí Hradeckého Majálesu a byla to jízda!🏒🔥
Na našem stánku jste si mohli vyzkoušet střelbu na branku - a že tam padalo gólů💥
Bylo super vidět vás všechny a nasát tu skvělou atmosféru🙏

Děkujeme, že jste se u nás zastavili a už teď se těšíme na další akci, kde se zase potkáme!🧡

#unitedhk #unihokej #hokej #majales",https://www.instagram.com/reel/DXonzcHiMQ0/,,2967,81,,10
@engineersprague,facebook,afd06d1d-7b1c-4f66-8d93-ce4255ab773c,1ce0e4d5-ff9d-4d23-aebb-0aa5e7cc0ba9,FB Story,IMAGE,22.8.2026 19:24:53,,https://facebook.com/stories/136066081670222/UzpfSVNDOjMxODEzODQ2ODIwNjUyOTQ=/?view_single=1,,,,,
@united_hk,instagram,b18c071b-0570-48b2-b743-990c668c3c5b,4483b54a-c2a0-47b3-88f8-4fc2f3c87247,IG Story,VIDEO,2.9.2026 17:53:45,,https://www.instagram.com/stories/united_hk/3977471962645067336,,955,,,4
@engineersprague,facebook,afd06d1d-7b1c-4f66-8d93-ce4255ab773c,6ef31289-ad3c-4a10-bb4f-d02433734a26,FB Story,VIDEO,2.3.2026 18:12:05,,,,,,,
vsefalcons,instagram,709fceba-e311-48e7-9057-f54a587abf4a,8385d798-0c0d-49cd-a7ba-69769da5a330,IG Story,VIDEO,8.4.2026 15:30:30,@michal.danniel  ŘEKL JEDNOU NĚCO ROZUMNÝHO,https://www.instagram.com/stories/vsefalcons/3870857837991710418,980,996,,,1
vsefalcons,instagram,709fceba-e311-48e7-9057-f54a587abf4a,9ab782be-822b-4da9-a146-e6601b21b373,IG Story,VIDEO,14.3.2026 15:39:28,yapping>>>rozbruslení,https://www.instagram.com/stories/vsefalcons/3852742964141366339,793,767,,,1
@riderspardubice,instagram,4d6a67ab-9313-4f77-a82e-abb18adbca5d,6783205c-08e5-4a6b-9dbb-c5f05640f763,IG Post,IMAGE,18.3.2026 7:27:50,Body jsou domaaa 🥳,https://www.instagram.com/p/DWBHPJKjNxf/,,2889,97,,1
@unitedhk,facebook,bfe6cc29-a387-41b9-9bca-b077722556af,7fc474f9-a3b4-430d-b980-a6b15016b9b8,FB Post,IMAGE,22.3.2026 10:22:40,"Náš kapitán Matěj Havlíček dnes slaví narozeniny.

Díky za vedení týmu a práci na ledě i mimo něj.
Užij si to, kapitáne! 🎂

🖤🧡",https://www.facebook.com/122180651084388974/posts/122179319558388974,339,,5,,
@univerzitnihokej,instagram,1e114592-3529-4cfe-9977-2598454053af,eb480c48-b60b-4bf8-a731-ffe9204db238,IG Post,IMAGE,4.3.2026 8:44:14,"Dnes jedeme za vámi do západních Čech! 😍
Otázka je jednoduchá: komu budete fandit? 🫨",https://www.instagram.com/p/DVdM2WdiJHB/,,11268,211,1,15
@bitvaoprahu,facebook,75e0f41f-82be-4f82-a77b-82ac11135ed2,130ad19b-f371-4c5e-8ad4-e2a2b48c68e9,FB Post,IMAGE,12.3.2026 9:18:01,"No a když je dneska to finále, máme tady shodou okolností jeden krásnej milník na začátek 🥹

Oslavíme to večer, těšíme se na vás! 🫶🏼",https://www.facebook.com/1441262177797849/posts/1419966009927466,176,,2,,
@akademiciplzen,instagram,65494228-95bf-4f7b-8e68-d47d7262db66,8651db51-0f68-4179-aa54-eca1e93e9e8a,IG Reel,VIDEO,8.8.2026 10:20:34,"Odkdy jsou naši kluci tak sebekritický? 🥲

Vyzpovídali jsme je po prvním tréninku… a takovou upřímnost jsme ani nečekali. 🤯
Trochu to bolí, ale klid — pomalu a jistě jsme zpátky, přehání.☝🏻😁

#akademiciplzen #univerzitnihokej",https://www.instagram.com/reel/DbxoRQGsE_Y/,,9973,239,5,7
@vutcavaliersbrno,instagram,b384bebf-72f3-4f9d-8b2d-3677709f6966,8d5b9d3b-db13-4423-94f1-f3b0da4f46ef,IG Post,IMAGE,16.3.2026 9:39:53,"🏒 Sobotní vítězný zápas proti @vsefalcons
📸: @miraslovacek",https://www.instagram.com/p/DV8MwjZCOeL/,,3355,114,,3
@riderspardubice,facebook,f99ed6c3-17cc-46f4-a32e-d9b0576ce2df,a445f0a2-2198-4804-b2bc-60157941e18b,FB Video,VIDEO,15.8.2026 15:29:24,Sezóna se neodvratně blíží a my budeme ready🔥,https://www.facebook.com/reel/1570290384591569/,486,192,5,,
@hc_muni,instagram,43cd62c8-609d-4ea6-8ce9-cae5242ede0c,e6290f97-1094-462e-ae59-da1e9b92e5c2,IG Post,IMAGE,18.3.2026 21:21:15,"Nechybělo moc, body ale dnes bere soupeř 🏒 Těšíme se na vás za týden!",https://www.instagram.com/p/DWCmVu7gKki/,,2745,47,,11
vsefalcons,instagram,709fceba-e311-48e7-9057-f54a587abf4a,f4b30f6b-571d-45d2-b27e-798f7f96d6e0,IG Post,CAROUSEL_ALBUM,21.2.2026 19:12:06,"Kdyby kluci šli do Survivoru… 🏝️🔥 Myslíte, že by přežili? 👀
Přijďte zjistit, jak obstojí v úterý na ledě proti @ukkingsprague 😤",https://www.instagram.com/p/DVB_9XljH_0/,,9034,224,2,42
vsefalcons,instagram,709fceba-e311-48e7-9057-f54a587abf4a,116c4129-7833-4ace-9bb2-3733e5c741ab,IG Story,IMAGE,17.2.2026 21:20:05,"4 3 Fibigr
Daniel 2x",https://www.instagram.com/stories/vsefalcons/3834794971555711868,604,793,,,
vsefalcons,instagram,709fceba-e311-48e7-9057-f54a587abf4a,b4d01d38-6a59-48f9-9053-25b2f96174bd,IG Story,VIDEO,12.3.2026 14:34:04,@fn0026 😤,https://www.instagram.com/stories/vsefalcons/3851260471705926872,1572,1588,,,1
vsefalcons,instagram,709fceba-e311-48e7-9057-f54a587abf4a,508480ad-17cd-4e89-9e29-cffdb13b6cab,IG Story,VIDEO,16.4.2026 16:02:22,,https://www.instagram.com/stories/vsefalcons/3876672056938989864,1174,1208,,,
vsefalcons,instagram,709fceba-e311-48e7-9057-f54a587abf4a,5ec19552-74bb-4d7a-9721-c3efc157849f,IG Story,VIDEO,29.4.2026 10:09:29,,https://www.instagram.com/stories/vsefalcons/3885916380432173672,657,738,,,11
@218107044725785,facebook,7a942e3e-6c47-4794-9ba7-bbc7b6d40cb3,6d97a867-2ed2-4fa7-a562-8787c244c195,FB Post,IMAGE,13.7.2026 17:30:52,"☎️ TRYOUT CALLING 🦅

Další sezona se blíží a my hledáme novou krev. 🔥
Hledáme hráče, kteří chtějí růst, makat a reprezentovat @vsecz 🦅

Myslíš, že na to máš? 👀
📩 Pošli svoje CV a staň se Falconem: hokej@vsefalcons.cz

📅 10. 8.
⏰ 12:00–13:00 a 15:30–17:00
📍 Ice Aréna Kateřinky",https://www.facebook.com/122282816036218300/posts/122297437046218300,295,,6,,
@AkademiciPlzen,facebook,d87b94e3-03e8-45d0-b92e-75e9b819545c,79de5877-2989-4d99-b7c6-1e368515e937,FB Post,IMAGE,9.4.2026 20:36:55,"BRUSLENÍ S AKADEMIKY ⛸️

Dneska jsme si to s vámi užili na maximum. 💙Děkujeme, že jste dorazili! 

#akademiciplzen | 📸 @vpotocesevodatoci",https://www.facebook.com/1357105236437494/posts/1364125992402085,3089,,16,,
vsefalcons,instagram,709fceba-e311-48e7-9057-f54a587abf4a,6360bf25-9abb-41bd-bbeb-69ebdd8d591b,IG Story,VIDEO,21.8.2026 18:18:32,,https://www.instagram.com/stories/vsefalcons/3968787108202035694,,519,,,
vsefalcons,instagram,709fceba-e311-48e7-9057-f54a587abf4a,1aa9f0df-6d83-447b-8691-9ff60e6cf4f6,IG Story,VIDEO,13.3.2026 16:21:12,,https://www.instagram.com/stories/vsefalcons/3852039165072432012,850,788,,,1
@univerzitnihokej,instagram,1e114592-3529-4cfe-9977-2598454053af,098a05ec-d8ba-420f-bb99-d322ef195ac5,IG Story,VIDEO,12.4.2026 11:50:51,,https://www.instagram.com/stories/univerzitnihokej/3873646360390051582,,1316,,,
@univerzitnihokej,instagram,1e114592-3529-4cfe-9977-2598454053af,c13f6e97-7b4e-4a19-851a-32635252a969,IG Post,IMAGE,27.3.2026 11:09:58,"@adammisik díky, že sis udělal zastávku na unihokeji v Hradci! 👀

Držíme palce dnes ve Fórum Karlín. 🙌",https://www.instagram.com/p/DWYrz5CCAJL/,,28508,1259,1,26
@akademiciplzen,instagram,65494228-95bf-4f7b-8e68-d47d7262db66,e9a47a57-aaa5-4b56-8bea-2f0f81f62ec1,IG Story,VIDEO,24.8.2026 19:57:30,6 DNÍ zbývá do tryoutu!,https://www.instagram.com/stories/akademiciplzen/3971011239358510660,,721,,,
@vutcavaliersbrno,instagram,b384bebf-72f3-4f9d-8b2d-3677709f6966,0c9998ad-a5ea-425e-aaa0-49a529c45831,IG Story,VIDEO,13.4.2026 7:33:47,"FINÁLE  @univerzitnihokej 
SE BLÍŽÍ!",https://www.instagram.com/stories/vutcavaliersbrno/3874241754216031718,,526,,,
@akademiciplzen,instagram,65494228-95bf-4f7b-8e68-d47d7262db66,8e93c39e-3137-4015-ad09-84a3cf177e82,IG Story,VIDEO,23.8.2026 10:58:45,PO VÝHŘE SE ŠLO ZASLOUŽENĚ DO PANTOFLÍ 🩴 🩴 😆,https://www.instagram.com/stories/akademiciplzen/3970015317669448147,,936,,,16
@riderspardubice,facebook,f99ed6c3-17cc-46f4-a32e-d9b0576ce2df,3d8cedf9-7b1d-4187-bfc7-8a427f12a9a2,FB Post,IMAGE,12.4.2026 3:50:30,"Dnes budeme bojovat v lucky loser game o postup do @unihokejfinalfour !🍀

Lucky loser game
🗓️ 12.4.  v 13:15
📍 v Hokejové Centrum Pouzar
⚔️ proti @blackdogsbudweis_vste 

#luckylosergame#riders",https://www.facebook.com/1592662819534019/posts/1602383061895328,243,,1,,
vsefalcons,instagram,709fceba-e311-48e7-9057-f54a587abf4a,f7e435a3-404c-46a2-a7ce-70b1093c25a7,IG Story,VIDEO,17.2.2026 22:14:11,když otočíš zápas 5 minut před koncem 🤟🏼,https://www.instagram.com/stories/vsefalcons/3834822208409627429,596,721,,,
@AkademiciPlzen,facebook,d87b94e3-03e8-45d0-b92e-75e9b819545c,45312ea9-3982-46a8-8862-848ca0dcfdae,FB Post,IMAGE,18.3.2026 10:56:30,"GAMEDAY 🔥
Dnes vyrážíme na poslední venkovní zápas základní části — čeká nás výjezd do Brna za @vutcavaliersbrno ! 🚌

Udržíme 4. místo v tabulce? 👀
Buď u toho s námi a sleduj zápas online od 19:45 na Tipsportu! 🎥

#akademiciplzen | 📸 @vpotocesevodatoci @novotny_studio.cz",https://www.facebook.com/1357105236437494/posts/1345436444271040,498,,4,,
vsefalcons,instagram,709fceba-e311-48e7-9057-f54a587abf4a,99e0c05b-6633-4c62-8cf6-35bc2f133ac1,IG Story,VIDEO,2.3.2026 13:32:20,@grantthorntoncz 🤝🏼 NB C 📍,https://www.instagram.com/stories/vsefalcons/3843981634156663302,868,1174,,,1
vsefalcons,instagram,709fceba-e311-48e7-9057-f54a587abf4a,2442060f-5a03-413a-92a3-1c485497bf0f,IG Story,IMAGE,31.3.2026 17:45:25,2 2 Fibigr,https://www.instagram.com/stories/vsefalcons/3865127507112502339,993,924,,,
@unitedhk,facebook,bfe6cc29-a387-41b9-9bca-b077722556af,e15fbf33-5548-49e9-8f07-b240e2dbe6af,FB Post,IMAGE,11.4.2026 18:49:10,"Po dvou sezonách se s UNIted HK loučí i naše fyzioterapeutka Tereza Macholdová.

Terka se během svého působení stala důležitou součástí realizačního týmu a její odborný dohled několikrát pomohl nejen hráčům, ale občas i vedení. No jo… už nejsme nejmladší. 🙂

UNIted HK reprezentovala i na Viking Cupu v Kanadě jako součást výběru Univerzitní ligy ledního hokeje.

Teď ji čekají nové životní výzvy spojené s dokončením studia na Lékařské fakultě UK a návratem do rodného města.

Terko, děkujeme za vše, co jsi pro UNIted HK udělala, a přejeme ti hodně štěstí do další životní kapitoly.

🖤🧡

#unitedhk #unihokej #hokej",https://www.facebook.com/122180651084388974/posts/122181018062388974,5124,,20,,
@akademiciplzen,instagram,65494228-95bf-4f7b-8e68-d47d7262db66,4c5d6a3e-babd-4421-b254-a04b8de4eb2e,IG Post,IMAGE,27.3.2026 14:57:29,"BOJ O VŠECHNO.
Semifinále, ve kterém každá chyba rozhodne o postupu. Budeme to my, nebo @czufarmers ?

Buď u toho. Tohle bude drama. 🫵🏻
🗓️ 1. 4. | 19:00
📍 LOGSPEED CZ Aréna, Plzeň

#akademiciplzen",https://www.instagram.com/p/DWZFWstDFLN/,,13813,198,,33
@BOhokej,facebook,c9082543-a03b-490f-8f97-66d439acce89,974ef36a-3cd4-405e-b7dc-3caf25df67f0,FB Video,VIDEO,18.4.2026 10:52:51,HISTORICKY PRVNÍ FINAL FOUR🔥,https://www.facebook.com/reel/944078988407111/,870,313,5,,
@univerzitnihokej,facebook,01b45180-0b14-4a14-96e8-d0a4bab1fb9f,bf7dfaed-4613-4dd8-8702-f349df7b5348,FB Post,IMAGE,13.3.2026 15:12:31,2️⃣ poháry a ještě zásoba ZOTT HUNGRY! 😱 @adam_janousek střelec prvního gólu finálového zápasu @bitvaoprahu 👀👏🏻 #zott #zotthungry #zotthungrydrinkthis,https://www.facebook.com/1275398168115026/posts/1260332302954946,910,,4,,
@univerzitnihokej,facebook,01b45180-0b14-4a14-96e8-d0a4bab1fb9f,a11794b2-2cf1-4c99-81af-e82d141063be,FB Post,IMAGE,1.4.2026 10:24:23,"Semifinále play-in pokračuje! 👇🏼

Black Dogs 🆚 Cavaliers
Vstupenka do finále je jen jedna. Kdo ji získá?",https://www.facebook.com/1275398168115026/posts/1275568848097958,306,,,,
@AkademiciPlzen,facebook,d87b94e3-03e8-45d0-b92e-75e9b819545c,eeadeb19-fd8b-4b6c-b0fe-d12f34c44dc9,FB Post,IMAGE,22.3.2026 12:32:15,"MIMO LED #5 – @honza_sibra 🧊

Dlouho jsme vám nikoho nepředstavili… takže dneska je na řadě autor vítězného gólu z Jarní bitvy – Šíbr! 🚨

Kromě studia na Fakultě ekonomické ti rád doporučí ty nejlepší alba v jejich vinyl shopu. A když ho tam nenajdeš? Pravděpodobně je na hřišti nebo někde na svahu. 🏔️

Dobře načepovanou Plzní rozhodně nepohrdne – a skoro jistě ho uvidíš i s jeho čtyřnohým parťákem. 🐕‍🦺

#akademiciplzen 💙",https://www.facebook.com/1357105236437494/posts/1348953423919342,265,,2,,
vsefalcons,instagram,709fceba-e311-48e7-9057-f54a587abf4a,9c6f6a9d-f7f3-4439-818c-a2a48736cf49,IG Story,VIDEO,20.8.2026 17:26:07,první zkouška nováčků 👀 🧐,https://www.instagram.com/stories/vsefalcons/3968035967277259624,,892,,,1
@riderspardubice,instagram,4d6a67ab-9313-4f77-a82e-abb18adbca5d,06d5113d-7e35-4065-a711-9c644d651464,IG Post,IMAGE,16.4.2026 20:52:53,"🏒 BOJ O BRONZ!

🆚 @vsefalcons 
📍 Zimní stadion Eden, Praha
🕓 17. dubna | 16:30

Pojď nás podpořit a být součástí něčeho, co se píše poprvé.

🎟️ Vstupenky koupíš přes odkaz v BIU!",https://www.instagram.com/p/DXNOKcjDLKL/,,5826,89,1,14
@AkademiciPlzen,facebook,d87b94e3-03e8-45d0-b92e-75e9b819545c,2e79203c-d454-4cc4-86e6-157cbffb60ff,FB Video,VIDEO,10.3.2026 14:22:53,"Výhra nad Kings chutnala dobře… ale jak moc? 😏🏆
To zjišťovala @deniskaurbankova přímo po zápase. 🎤

#akademiciplzen",https://www.facebook.com/reel/1628120041661843/,575,190,2,,
vsefalcons,instagram,709fceba-e311-48e7-9057-f54a587abf4a,fb46a807-0728-4671-bd2a-7b742b0c4159,IG Story,VIDEO,21.3.2026 7:17:02,@pepa_havel25,https://www.instagram.com/stories/vsefalcons/3857563482250027782,-1,907,,-1,
@bitvaoprahu,facebook,75e0f41f-82be-4f82-a77b-82ac11135ed2,8713b6fb-83b3-4bbc-9d8f-bf6f526ddd2f,FB Video,VIDEO,13.3.2026 20:01:26,"Vítej zpátky doma, @metodej_jilek ! 👑👏🏼

#bitvaoprahu",https://www.facebook.com/reel/1683733209495800/,40951,22394,866,,