account_name,social_network_id,carl_account_id,carl_post_id,post_type,media_url_type,published,caption,permalink,impressions,views,likes,comments,shares
@hc_muni,instagram,43cd62c8-609d-4ea6-8ce9-cae5242ede0c,08bdfcaa-f8a9-4b9c-b12a-7b8e9425fa54,IG Post,IMAGE,1.4.2026 11:24:37,"Nedosažitelné se stalo skutečností! Sami tomu nemůžeme uvěřit🤯
Míříme na Final Four, které se odehraje 16.–17. dubna v Praha Edenu🏒
🎟️ Lístky na zápasy koupíš v biu 👉🏻 @unihokejfinalfour 

A teď vážně... samozřejmě si z vás jen děláme legraci! Dnes je 1. dubna, takže krásný duben všem! 🐻🫶🏻

#hcmuni #finalfour #firstapril",https://www.instagram.com/p/DWllHE3CD1q/,,6152,217,2,49
vsefalcons,instagram,709fceba-e311-48e7-9057-f54a587abf4a,1b2a5887-55b7-46d9-b29b-20390ece37e0,IG Story,VIDEO,26.2.2026 21:05:24,ZDRAVÍME TAKY IMPOSTERY 😁👋🏼 @cvutengineers 👀 @united_hk x,https://www.instagram.com/stories/vsefalcons/3841310620880789941,978,1303,,,5
vsefalcons,instagram,709fceba-e311-48e7-9057-f54a587abf4a,2ce75e34-0089-486a-8337-f89db6a310d1,IG Post,IMAGE,5.3.2026 21:55:05,"Poslední zkouška ohněm před @bitvaoprahu 👊🏼
My jsme je vyřadili loni ve čtvrtfinále, oni nás porazili na podzimní Bitvě. Čeká tě dávka pořádný rivality, tak nás doraž podpořit! 🔥

📅 úterý 10. března
🕑 19:30
📍 Ice Arena Kateřinky
🎟️ lístky koupíš na profilu",https://www.instagram.com/p/DVhMJqgCEU_/,,12858,185,2,105
@riderspardubice,instagram,4d6a67ab-9313-4f77-a82e-abb18adbca5d,5ed1a1eb-886e-4154-bacf-07282e868e93,IG Story,VIDEO,1.9.2026 9:42:53,🔥🔥,https://www.instagram.com/stories/riderspardubice/3976500100927190702,,757,,,
@univerzitnihokej,facebook,01b45180-0b14-4a14-96e8-d0a4bab1fb9f,af9658e5-2b9d-4c2d-a35b-642858d657b9,FB Post,IMAGE,26.3.2026 18:56:16,"I když byla letošní sezóna @hcnorthwings plná překážek, bojovali statečně a odnesli si dokonce pohár ze Souboje dobavytelů 💛

Děkujeme, jsme na vás pyšný a těšíme se zase příští sezónu! 👋🏼",https://www.facebook.com/1275398168115026/posts/1271140548540788,1719,,19,,
@engineersprague,facebook,afd06d1d-7b1c-4f66-8d93-ce4255ab773c,cf10ed15-91cd-4f09-b591-2e2ba64f0958,FB Post,IMAGE,1.8.2026 7:38:59,"Máme tady jeden comeback! 🦁
Na střídačku se vrací legenda Engineers Petr Ujfaluši. Tentokrát v roli asistenta trenéra. 🫡

Ujfi, vítej zpátky doma! Máme radost, že jsi zase součástí #engprg a těšíme se na společnou sezonu. 🔥",https://www.facebook.com/1560924572517692/posts/1673988601211288,1090,,19,,
@218107044725785,facebook,7a942e3e-6c47-4794-9ba7-bbc7b6d40cb3,dcea7030-06ac-4e57-8d6f-51882e876de6,FB Post,ALBUM,29.3.2026 11:38:09,"EMOCE, které chceme zažít v úterý znova 👀 
Jeden zápas. Jedna šance.

A vy u toho prostě musíte být.
🎟️ Vstupenky najdete na našem profilu.",https://www.facebook.com/122282816036218300/posts/122281264010218300,369,,8,,
@riderspardubice,instagram,4d6a67ab-9313-4f77-a82e-abb18adbca5d,fa03bbd2-a4be-49bd-a2b4-f105f266f2cc,IG Story,VIDEO,2.9.2026 7:56:07,,https://www.instagram.com/stories/riderspardubice/3977171147682816289,,1022,,,
@united_hk,instagram,b18c071b-0570-48b2-b743-990c668c3c5b,fefee7b1-e97b-43f2-90d7-41386cb6b8c0,IG Reel,VIDEO,18.7.2026 14:54:39,"Na našem stánku jsme dnes přivítali jednu z legend českého hokeje, Josefa Marhu. Děkujeme za návštěvu! 🏒

#unitedhk #josefmarha #unihokej #hradeckralove #uhk",https://www.instagram.com/reel/Da8DLxio2kT/,,9077,192,,3
vsefalcons,instagram,709fceba-e311-48e7-9057-f54a587abf4a,29f34021-09df-46dd-a1d2-ac96faaaf022,IG Story,VIDEO,5.2.2026 20:28:26,SE POMALU BLÍŽÍ,https://www.instagram.com/stories/vsefalcons/3826071676442428125,,798,,,5
@unitedhk,facebook,bfe6cc29-a387-41b9-9bca-b077722556af,a2850a6f-8f32-423f-a8a9-e6c3abad91cb,FB Post,PHOTO,26.3.2026 8:56:50,"Náš útočník Štěpán Kyclt dnes slaví narozeniny.

Všechno nejlepší, Štěpáne! 🎂
Užij si to.

🖤🧡

#unitedhk #unihokej #hokej",https://www.facebook.com/122180651084388974/posts/122179687910388974,205,,1,,
@riderspardubice,facebook,f99ed6c3-17cc-46f4-a32e-d9b0576ce2df,a423def5-9abb-4697-bc96-a5eba52f02cb,FB Video,VIDEO,17.4.2026 14:54:52,Goalie 🥅❤️‍🔥,https://www.facebook.com/reel/1632986334446651/,551,165,2,,
@hcnorthwings,facebook,2b08a479-603b-46e4-8a48-2bc0435ccd53,acf7fd88-d799-44a0-9de9-f15790c12132,FB Post,IMAGE,11.8.2026 12:02:28,"Dočkali se 🏒 💙 💛
Po letní pauze naši hráči konečně obuli brusle ⛸️ a vyrazili polykat první (kilo)metry na ledě ústeckého zimáku 🥅 
V rámci tryoutu se v pondělí hlásila první 20 hráčů, kteří budou bojovat o své místo v týmu 🪽 v nadcházejícím ročníku univerzitní hokejové ligy, která startuje 21. září 2026 📆
Držíme palce a těšíme se na všechny naše fanoušky 🫶
Díky moc Milan Stránský za návštěvu a první ledové 📸",https://www.facebook.com/1583651910433365/posts/1709873021144586,2295,,20,,
@unitedhk,facebook,bfe6cc29-a387-41b9-9bca-b077722556af,ec4369a4-e491-4bea-99de-a3fd601439a0,FB Post,IMAGE,28.7.2026 12:07:31,"Necelý týden do prvního tréninku na ledě. Ještě naposledy se ale vracíme do Tesla Gymu.

V archivu jsme našli moment, kdy náš marketingový ředitel Michal Ševčík očividně předává Matějovi Voděrackému svoje dlouholeté zkušenosti se silovým tréninkem.

Co mu podle vás právě říká? 👇

Nejlepší hlášky doplníme přímo do fotky a zveřejníme ve Stories.",https://www.facebook.com/122180651084388974/posts/122189626280388974,413,,4,,
@riderspardubice,facebook,f99ed6c3-17cc-46f4-a32e-d9b0576ce2df,faf78d0e-fa5e-4477-bea6-e8ebc45784dc,FB Post,IMAGE,15.4.2026 9:05:50,"Která sluší víc? 🖤🤍

Originální dresy Riders od @b_hockey_czech pořídíte přímo v Edenu na @unihokejfinalfour! ❤️‍🔥

*do vyprodání zásob",https://www.facebook.com/1592662819534019/posts/1605174311616203,499,,1,,
@bitvaoprahu,instagram,d7c8aa06-74fb-4c6c-a7d2-c2fe1bf6d59c,3a33fdab-582c-46db-ba37-ef8512317b32,IG Reel,VIDEO,12.3.2026 17:37:24,"📣 GÓL POHLEDEM SPEAKERA 👁️

@czufarmers 🚨| #CZU ⚔️ #VSE | #bitvaoprahu",https://www.instagram.com/reel/DVyv-gvDBvD/,,10750,266,2,1
@riderspardubice,instagram,4d6a67ab-9313-4f77-a82e-abb18adbca5d,3faaa463-b02d-4370-8504-86e582304b9b,IG Story,VIDEO,17.4.2026 14:11:22,BONBÓNY ZA PUK PRO HRÁČE OD NEJMLADŠÍHO FANOUŠKA🥹🫶🏻,https://www.instagram.com/stories/riderspardubice/3877340874304919452,,1045,,,3
@univerzitnihokej,facebook,01b45180-0b14-4a14-96e8-d0a4bab1fb9f,4c391e1b-ac13-4154-8f0e-98b06410f7c0,FB Video,VIDEO,9.4.2026 17:22:36,@ukkingsprague si daji 16.4. opáčko v Edenu na @unihokejfinalfour 🎟️ Tentokrat už budou bojovat o titul a pohár Jana Palacha! 🏆 Vstupenky na finalfour.cz,https://www.facebook.com/reel/1257018939879046/,1880,955,10,,
@AkademiciPlzen,facebook,d87b94e3-03e8-45d0-b92e-75e9b819545c,cb0b0de2-33e6-4a7b-bd62-8f08055884b1,FB Video,VIDEO,4.3.2026 20:07:24,"Neboj, neprozradíme mu co z toho chceš. 🤫😏

#akademiciplzen",https://www.facebook.com/reel/2784655471877583/,1434,576,4,,
vsefalcons,instagram,709fceba-e311-48e7-9057-f54a587abf4a,00933b10-c6a5-4ae9-a700-2f9e705446d2,IG Story,VIDEO,12.3.2026 17:25:44,🫨 PÁTÁ @_jobas57_,https://www.instagram.com/stories/vsefalcons/3851347000809805794,1752,1587,,,1
@hcnorthwings,facebook,2b08a479-603b-46e4-8a48-2bc0435ccd53,345e3b27-3c7b-4db3-a7f6-1be0dccb3819,FB Story,VIDEO,18.3.2026 17:55:31,,,,,,,
@cvutengineers,instagram,11963a07-7f0f-48e6-9d81-aa63a7ff4a04,76e4a374-2ee8-472a-b2dd-4f0b386e0214,IG Post,IMAGE,12.3.2026 19:24:20,"Do finále Bitvy o Prahu nalétneme v této sestavě!
Teď je ten správný čas ukázat SRDCE LVA 💙. 
Jedeme v tom spolu 🦁!",https://www.instagram.com/p/DVy8dq_DJUt/,,6259,154,,19
@united_hk,instagram,b18c071b-0570-48b2-b743-990c668c3c5b,bff3aafa-0688-4c5b-996a-5a15b8b9c77a,IG Post,IMAGE,8.4.2026 15:11:36,"Děkujeme za sezonu 2025/26

Minulý týden pro nás skončila sezona.
Vypadli jsme v semifinále Play-In a tím se uzavřela naše cesta ročníkem 2025/26.

Nebyl to konec, jaký jsme si přáli. Ale o to víc si vážíme každého, kdo v tom s námi jel celou sezonu.

Chceme poděkovat každému, kdo dorazil do ČPP arény, sledoval nás, fandil, sdílel, psal nebo stál za námi během celé sezony.

Díky, že jste v tom byli s námi.
🖤🧡

#unitedhk #unihokej #hokej",https://www.instagram.com/p/DW4A_ycCNKY/,,4524,152,2,10
univerzitnihokej,tiktok,01c88cf9-594f-408e-a45a-95114221acae,cea0cb67-d543-4f6f-874e-03e91079dc81,TT Video,VIDEO,17.4.2026 20:31:34,@ČVUT Engineers Prague 🦁 snižuje na jedna dva! 🚀,https://www.tiktok.com/@univerzitnihokej/video/7629828533359054102?utm_campaign=tt4d_open_api&utm_source=7348986504397455361,,1149,76,,1
vsefalcons,instagram,709fceba-e311-48e7-9057-f54a587abf4a,e5d31e02-07ba-4bdf-94ba-b77cdef4c30e,IG Story,VIDEO,9.3.2026 17:45:18,TRÉNINK MODE ON 💪🏼,https://www.instagram.com/stories/vsefalcons/3849182392573552989,,698,,,
@engineersprague,facebook,afd06d1d-7b1c-4f66-8d93-ce4255ab773c,72305b33-7ee1-4982-b923-e7ce5c7af270,FB Post,IMAGE,2.3.2026 20:44:34,"Poprosíme hodit čepičku do komentářů pro Šachlíka, který se dneska v Pardubicích blýskl hattrickem 🧢😮‍💨",https://www.facebook.com/1560924572517692/posts/1535453795064770,611,,7,,
@united_hk,instagram,b18c071b-0570-48b2-b743-990c668c3c5b,750aa2f8-530e-45fe-9a67-d27608e61d1e,IG Reel,VIDEO,22.7.2026 11:09:12,"Tak kolik bylo stupňů?👀

#unitedhk #unihokej #hradeckralove #uhk",https://www.instagram.com/reel/DbF8pCMoYnj/,,9048,149,3,34
@riderspardubice,instagram,4d6a67ab-9313-4f77-a82e-abb18adbca5d,94d51986-373a-4e68-a5c9-a7c61e232e01,IG Story,VIDEO,31.3.2026 18:40:49,2:2 ✨ ✨,https://www.instagram.com/stories/riderspardubice/3865155428141515010,,725,,,
@univerzitnihokej,instagram,1e114592-3529-4cfe-9977-2598454053af,b65e6c99-ce8c-41c2-8bf2-e3a4b6b12a10,IG Reel,VIDEO,8.4.2026 19:25:27,"FALCONS postupují jako první do @unihokejfinalfour 🦅

Fanoušci Eden čeká 🏟️ 16.-17. dubna ➡️ lístky na finalfour.cz 🎟️",https://www.instagram.com/reel/DW4d0ATCNfZ/,,9725,344,,21
@univerzitnihokej,instagram,1e114592-3529-4cfe-9977-2598454053af,017c8ae8-ae1c-43ff-844c-455d4ca99016,IG Post,PHOTO,30.3.2026 18:03:46,Jan Zoufal o univerzitním hokeji v Česku i zahraničí! 🇨🇿🌍 Celý článek na webu hokej.cz 👨🏻‍💻,https://www.instagram.com/p/DWhIbbCCE1c/,,8457,199,,8
vsefalcons,instagram,709fceba-e311-48e7-9057-f54a587abf4a,176564c3-1ada-43cd-b55e-88c0d1651322,IG Story,VIDEO,3.3.2026 18:01:51,jsme doma 🦅 🏟️ @redbullcz 🔋,https://www.instagram.com/stories/vsefalcons/3844842160768201840,725,1044,,,11
@united_hk,tiktok,7e062517-b9da-416d-b73d-a2c5899a2be6,24416f89-54a1-4994-876a-0751f1913c80,TT Video,VIDEO,12.4.2026 16:10:49,We listen and we (don’t) judge: Garnier edition💚 #unitedhk #unihokej #hokej,https://www.tiktok.com/@united_hk/video/7627905909041253654?utm_campaign=tt4d_open_api&utm_source=7348986504397455361,,1292,58,,5
@boostrava,instagram,1176ddaf-d366-48a2-9639-3c6694c72c85,3cf9f1a5-a7fb-4f35-9dac-6fc33fabdd3a,IG Reel,REEL,30.3.2026 13:10:10,"ZÍTRA to vypukne! Boj o postup do dalšího kola! 
Přijďte se sladit do 🟠 barev BOČKA, dostat triko zdarma a pivko k tomu🍺. 
📍RT TORAX ARENA 
⏰ 19:30",https://www.instagram.com/reel/DWgnLFmDBow/,,4757,58,4,39
@riderspardubice,instagram,4d6a67ab-9313-4f77-a82e-abb18adbca5d,508e0cc5-c2d7-4b68-8c33-3fceef8af3f3,IG Story,VIDEO,31.3.2026 17:34:45,JDEME NA TO!!,https://www.instagram.com/stories/riderspardubice/3865122151263381423,,822,,,
@riderspardubice,instagram,4d6a67ab-9313-4f77-a82e-abb18adbca5d,609262bb-06ee-497f-bc63-aea0ff500b81,IG Post,IMAGE,29.8.2026 12:18:35,"Gratulujeme našim dalším úspěšným absolventům k titulu!😍🎓

Inženýrským titulem se pyšní náš bývalý obránce týmu Dominik Kopecký a naše bývalá redaktorka článků Denča Veselá🤩

Do klubu bakalářů se přidává také náš útočník Adam Novotný a Matyáš Sodomka🔥

Všem absolventům ještě jednou gratulujeme a přejeme hodně štěstí v jejich další cestě, ať už na ledě nebo mimo něj!❤️🐎",https://www.instagram.com/p/Dcn64IQCPsa/,,8335,201,,12
vsefalcons,instagram,709fceba-e311-48e7-9057-f54a587abf4a,67c647d0-4ace-41be-8f61-293e5dc23f3a,IG Story,VIDEO,17.4.2026 12:07:19,VÍTĚZ!!!! vstupenku pošleme do dms,https://www.instagram.com/stories/vsefalcons/3877278363136065417,1000,1213,,1,
vsefalcons,instagram,709fceba-e311-48e7-9057-f54a587abf4a,932b1030-029c-4963-9f02-0306a030eb6f,IG Post,CAROUSEL_ALBUM,1.2.2026 17:23:30,"už za 2️⃣ dny se vidíme zpátky na @icearenakaterinky 🤩 
lístky sežene přes odkaz na profilu 🎟️",https://www.instagram.com/p/DUOTohKiFj1/,,8223,82,,15
vsefalcons,instagram,709fceba-e311-48e7-9057-f54a587abf4a,94e4dae1-c064-46a2-a738-fa7a73e77307,IG Reel,VIDEO,6.2.2026 17:29:14,"Nebuď jak Stráča a nepropásni úterní match proti @riderspardubice 😜 

Zápas v duchu dostihů a sázek se už blíží, tak kupuj lístky přes odkaz na profilu 🛍️

#vsefalcons",https://www.instagram.com/reel/DUbL0KECMfd/,,11207,206,3,21
@BOhokej,facebook,c9082543-a03b-490f-8f97-66d439acce89,eb4e80d4-07b7-403a-a66b-54bc2025fba5,FB Story,VIDEO,20.8.2026 18:32:36,,https://facebook.com/stories/100133738792962/UzpfSVNDOjE5MDc4MDc4NzM5NTgxODg=/?view_single=1,,,,,
@akademiciplzen,instagram,65494228-95bf-4f7b-8e68-d47d7262db66,fbd665af-ee66-4aed-b19b-f6d5bde62566,IG Reel,VIDEO,15.3.2026 19:22:53,"Balance is the key! @kaiser_sim_ 🚴🍰

#akademiciplzen 💙",https://www.instagram.com/reel/DV6qXy8jbBY/,,23162,572,,48
@univerzitnihokej,facebook,01b45180-0b14-4a14-96e8-d0a4bab1fb9f,049b7297-93e6-473a-9f67-0f2795bba5d2,FB Video,VIDEO,11.3.2026 22:01:15,"Fuuu…byly to nervy, ale domácí BOčko to nakonec urvalo! 🫨",https://www.facebook.com/reel/1047961168398800/,2070,1253,3,,
@univerzitnihokej,instagram,1e114592-3529-4cfe-9977-2598454053af,096bd75c-90a7-4b66-82a9-aba25500b939,IG Post,IMAGE,28.3.2026 18:38:28,Další semifinále play-in se v úterý odehraje v Ostravě 👉🏼 o postup si to rozdají BOčko s Riders 🫡,https://www.instagram.com/p/DWcDjASCBx3/,,10187,137,,31
@hc_muni,instagram,43cd62c8-609d-4ea6-8ce9-cae5242ede0c,59973700-6b17-4726-851b-1e7fc5b19b19,IG Reel,VIDEO,15.3.2026 17:00:42,"POV: Jsi maskot, ale žiješ lepší život než půlka týmu 🔥 Zero stres, full vibes, protože na led nemusím a slávu mám i tak 🐻✌🏻

#hcmuni",https://www.instagram.com/reel/DV6ZtXsCAV-/,,7084,206,4,36
@bitvaoprahu,facebook,75e0f41f-82be-4f82-a77b-82ac11135ed2,5b34d4c2-d5c8-457b-9760-307528cf1de8,FB Post,IMAGE,12.3.2026 9:35:00,"Venkovní FANZÓNA bude dnes otevřená už od 16:00 ⏰

Naši partneři si tu pro tebe připravili spoustu zábavy, která tě naladí na to mejdlo, co na tebe čeká vevnitř 🔥

A taky stánek s merchem všech týmů! Kde můžeš ještě na poslední chvíli doladit outfit 😮‍💨",https://www.facebook.com/1441262177797849/posts/1419539573303443,199,,,,
vsefalcons,instagram,709fceba-e311-48e7-9057-f54a587abf4a,2487b4f0-bf4a-4ba9-b632-a462b968a064,IG Post,CAROUSEL_ALBUM,29.1.2026 18:04:36,"Fanoušciiii, jste pořád tady? 🤩

V úterý hrajeme po dlouhé době doma a potřebujeme vás tam! 💙 Přijďte se odměnit za zkouškový a užít si trochu hokejíčku. 🏒

Lístky seženete přes odkaz na profilu! 🎟️

PS. kdo nepřijde fandit je bábovka 😝",https://www.instagram.com/p/DUGp84miOc3/,,13796,176,1,37
univerzitnihokej,tiktok,01c88cf9-594f-408e-a45a-95114221acae,4b27bfeb-3038-486a-a85e-7cb457843b11,TT Video,VIDEO,20.4.2026 15:44:58,"Tohle bylo historicky první Final Four ULLH 🔥 2️⃣ dny, 4️⃣ zápasy a neskutečná atmosféra! 🤩 Děkujeme všem, kteří i u toho byli s námi na tribunách, na ledě i v zákulisí 🙏🏻@ČVUT Engineers Prague 🦁 @UK KINGS PRAGUE @vsefalcons @riderspardubice ",https://www.tiktok.com/@univerzitnihokej/video/7630867918569475350?utm_campaign=tt4d_open_api&utm_source=7348986504397455361,,1402,78,1,5
vsefalcons,instagram,709fceba-e311-48e7-9057-f54a587abf4a,617f8346-6b7c-4cbb-b94d-e80785a8f977,IG Story,VIDEO,24.3.2026 18:36:51,,https://www.instagram.com/stories/vsefalcons/3860079986300463963,829,744,,,
@riderspardubice,facebook,f99ed6c3-17cc-46f4-a32e-d9b0576ce2df,a232d863-9518-4625-a83b-4ec9276cfc01,FB Post,IMAGE,10.3.2026 7:42:29,"Vstupenky na Last dance Dominika Kopeckého a Daniela Skrypa nyní jen za 50,- 😎",https://www.facebook.com/1592662819534019/posts/1572442228222745,238,,1,,
@bitvaoprahu,instagram,d7c8aa06-74fb-4c6c-a7d2-c2fe1bf6d59c,bf7312fb-a79a-48bc-a501-89673c1c9ca6,IG Post,IMAGE,11.3.2026 7:30:33,"Takhle jsou na tom lístky v sektorech univerzit 👀 Ano vidíš správně, už jich tam moc nezbývá! 

Chyť si ten svůj ještě dnes na bitvaoprahu.cz 🎟️",https://www.instagram.com/p/DVvF9vnlyHW/,,26648,184,7,50
@univerzitnihokej,instagram,1e114592-3529-4cfe-9977-2598454053af,323958a4-f8aa-429a-b3bd-e7f46679f1af,IG Reel,VIDEO,30.3.2026 8:43:03,Zítra startuje PLAY-IN ➡️ boj o postup do @unihokejfinalfour ⚔️,https://www.instagram.com/reel/DWgIse7CCXw/,,12774,124,,20
vsefalcons,instagram,709fceba-e311-48e7-9057-f54a587abf4a,80152847-b598-4e6a-ab17-0698ee4fff97,IG Reel,VIDEO,3.6.2026 13:24:02,off campus actually exist 🤤🤤🤤 #offcampus #garretgraham #deandilaurentis #icehockey,https://www.instagram.com/reel/DZIA-2WoB_O/,,20914,752,5,368
@engineersprague,facebook,afd06d1d-7b1c-4f66-8d93-ce4255ab773c,8b8b3ea1-d7d3-4f94-8fcc-558681c7d781,FB Post,IMAGE,6.8.2026 12:24:51,"Naše kabina je zase o něco hezčí. 🏒

Díky všem, kdo se na tom podíleli. Teď už jen naplnit zdi dalšími vzpomínkami. 🦁💙",https://www.facebook.com/1560924572517692/posts/1679056164037865,628,,12,,
@akademiciplzen,instagram,65494228-95bf-4f7b-8e68-d47d7262db66,8c9652e1-8377-4c47-a359-72ea116a6bcf,IG Post,IMAGE,26.3.2026 20:02:55,"ALL IN.

#akademiciplzen",https://www.instagram.com/p/DWXD-lvDN-b/,,2554,78,,
vsefalcons,instagram,709fceba-e311-48e7-9057-f54a587abf4a,aa4f9eb2-caca-4a58-9a82-44de5c42bd24,IG Story,VIDEO,17.2.2026 19:28:13,NEJLEPŠÍ @sokoli.hnizd0 💙 💙,https://www.instagram.com/stories/vsefalcons/3834743002141056347,681,857,,,2
vsefalcons,instagram,709fceba-e311-48e7-9057-f54a587abf4a,cf163135-8813-4c01-8e96-bd255473f772,IG Post,ALBUM,13.3.2026 18:20:43,"Včera to byl samej úsměv 🫶🏼 největší poděkování patří vám, že jste v tom s námi a ženete nás dopředu 🩵 

Teď už zapínáme pásy a letíme dááál 🦅

📸 @martincacha @vratapolivka_photo",https://www.instagram.com/p/DV1Z-mtiDpu/,,17526,400,,39
vsefalcons,instagram,709fceba-e311-48e7-9057-f54a587abf4a,d41a31a3-724a-4069-88f0-11618f08ddd4,IG Story,VIDEO,24.2.2026 21:14:09,🪄,https://www.instagram.com/stories/vsefalcons/3839865447206392193,1081,1464,,,2
@univerzitnihokej,instagram,1e114592-3529-4cfe-9977-2598454053af,dcb7db2f-5e79-4d6a-89e5-63b6c6b858af,IG Reel,VIDEO,2.4.2026 16:22:39,Semifinálové drama v Budějovicích 😤 Cavaliers domácí Black Dogs potrápili až do nájezdů.,https://www.instagram.com/reel/DWosEj8iCuh/,,8859,215,,4
@riderspardubice,facebook,f99ed6c3-17cc-46f4-a32e-d9b0576ce2df,e52d6b8a-2558-48bb-86d7-6ce2fe15e6d7,FB Video,VIDEO,9.3.2026 19:43:52,Krásné výroční přeje celý tým Riders 💍🫶,https://www.facebook.com/reel/1372441614651436/,185,76,2,,
@univerzitnihokej,instagram,1e114592-3529-4cfe-9977-2598454053af,0a163bbc-e871-42cc-8871-9bee3556b79f,IG Post,IMAGE,19.3.2026 19:19:07,Swipuj doleva 👈🏼👀,https://www.instagram.com/p/DWE9blqiCs1/,,26235,534,1,8
@riderspardubice,facebook,f99ed6c3-17cc-46f4-a32e-d9b0576ce2df,24f0ff06-5edc-49cc-8917-e9f34b5594de,FB Post,IMAGE,17.4.2026 7:39:37,Nejlepší hráč zápasu a střelec gólu @spinkov23! 🔥🥅,https://www.facebook.com/1592662819534019/posts/1607059084761059,633,,4,,
@riderspardubice,instagram,4d6a67ab-9313-4f77-a82e-abb18adbca5d,67fddbd6-e0cf-4cf8-9f89-03399dc88fc2,IG Story,VIDEO,8.4.2026 21:06:05,,https://www.instagram.com/stories/riderspardubice/3871026725861992219,,113,,,
@akademiciplzen,instagram,65494228-95bf-4f7b-8e68-d47d7262db66,82871f5d-479b-4e66-979e-0a19d8019e99,IG Post,IMAGE,4.3.2026 21:32:08,"2 TĚŽCE VYBOJOVANÉ BODY JSOU DOMA! ⚡️ Poroučíme se, jdeme slavit. 🤭

👑 MVP zápasu: @honza_sibra 

#akademiciplzen #jarnibitva",https://www.instagram.com/p/DVekYj7DNfB/,,33377,602,,25
@cvutengineers,instagram,11963a07-7f0f-48e6-9d81-aa63a7ff4a04,adcdc0b3-28f8-4f98-ad56-ac0e73e15ea6,IG Post,ALBUM,31.3.2026 6:57:42,"To je on! Engineerskej démon 🔥!

David Routa díky svým 54 bodům v základní části překonal rekord ULLH. Celkem vstřelil 19 gólů a získal 35 asistencí. 
GRATULUJEME 🫶🏻.

#engprg",https://www.instagram.com/p/DWiiHw5jCee/,,11251,431,8,22
@engineersprague,facebook,afd06d1d-7b1c-4f66-8d93-ce4255ab773c,cc050743-e6e3-4815-ac52-fc2d1a92a140,FB Story,VIDEO,12.3.2026 22:38:23,,,,,,,
@riderspardubice,instagram,4d6a67ab-9313-4f77-a82e-abb18adbca5d,ebaa471a-891b-45dc-a047-54b120397403,IG Post,IMAGE,8.4.2026 22:20:16,Dnes to bohužel nevyšlo. Máme ještě jednu šanci v Lucky loser game🍀,https://www.instagram.com/p/DW4x-egDHK0/,,3143,58,,2
@riderspardubice,instagram,4d6a67ab-9313-4f77-a82e-abb18adbca5d,f28287d5-5dfd-43f2-881c-d66a71690638,IG Story,VIDEO,17.4.2026 14:01:39,FINAL FOUR ROZBRUSLENÍ 🧊 ❄️,https://www.instagram.com/stories/riderspardubice/3877335892612671332,,1003,,,
@univerzitnihokej,instagram,1e114592-3529-4cfe-9977-2598454053af,34fbb979-329a-448e-af55-b42b834b5b96,IG Post,IMAGE,11.3.2026 21:53:10,Akademici si dnes ugrilovali křídla 🍗 domácí BOčko po dlouhých nájezdech obhájilo Moravské derby 😮‍💨,https://www.instagram.com/p/DVwos12CJzI/,,3718,84,1,3
vsefalcons,instagram,709fceba-e311-48e7-9057-f54a587abf4a,54854192-32b3-456b-8094-496a640cbfcf,IG Story,IMAGE,8.2.2026 18:38:43,1 3,https://www.instagram.com/stories/vsefalcons/3828190774232136750,,815,,,
@AkademiciPlzen,facebook,d87b94e3-03e8-45d0-b92e-75e9b819545c,a79c7d4e-bb89-4666-b607-e4e4a015a65c,FB Video,VIDEO,8.8.2026 10:20:48,"Odkdy jsou naši kluci tak sebekritický? 🥲

Vyzpovídali jsme je po prvním tréninku… a takovou upřímnost jsme ani nečekali. 🤯
Trochu to bolí, ale klid — pomalu a jistě jsme zpátky, přehání.☝🏻😁

#akademiciplzen #univerzitnihokej",https://www.facebook.com/reel/1046479214890841/,972,417,6,,
@cvutengineers,instagram,11963a07-7f0f-48e6-9d81-aa63a7ff4a04,83083dae-29f4-4697-a5a0-837a48232c38,IG Story,VIDEO,22.8.2026 18:12:05,"🚨 2.TŘETINA 
ZAČÍNÁ",https://www.instagram.com/stories/cvutengineers/3969508668470986768,,747,,,4
vsefalcons,instagram,709fceba-e311-48e7-9057-f54a587abf4a,891e8290-8c0f-4ee3-bc88-34c6f9702eb8,IG Story,VIDEO,14.3.2026 15:35:56,🤸🏽 @one__timer,https://www.instagram.com/stories/vsefalcons/3852741835605187435,805,864,,,1
vsefalcons,instagram,709fceba-e311-48e7-9057-f54a587abf4a,d4d62ea1-9e63-4d25-b395-4956a2cb74cf,IG Story,VIDEO,3.2.2026 19:28:40,OTEVÍRÁ SKÓRE 🎯,https://www.instagram.com/stories/vsefalcons/3824592079720868456,,1342,,,2
vsefalcons,instagram,709fceba-e311-48e7-9057-f54a587abf4a,d87bdf8a-0591-4253-8bec-9f447c752c9a,IG Story,VIDEO,3.3.2026 18:03:11,🦘,https://www.instagram.com/stories/vsefalcons/3844842753960223330,702,899,,,
@cvutengineers,instagram,11963a07-7f0f-48e6-9d81-aa63a7ff4a04,f1573fac-523d-4c47-91d1-3990dc040f98,IG Post,IMAGE,19.3.2026 8:06:05,"Už příští středu nás čeká poslední zápas základní
části. A nebude jen tak ledajaký.

Čeká nás LAST DANCE GAME pro hráče, kteří se s Engineers loučí 💙🦁

V posledních zápasech sezóny uvidíte v našem dresu naposledy Kubu DOHNALA, dvojčata NAJMANOVI, Pepu HYNKA a Vencu
SVACHA 🥹

Doražte jim vzdát respekt za všechno, co pro Engineers odmakali. Nechali tu kus sebe 🫡",https://www.instagram.com/p/DWDwKw0DDeb/,,15003,311,3,32
@AkademiciPlzen,facebook,d87b94e3-03e8-45d0-b92e-75e9b819545c,0ac0d7d9-5530-4b8e-8166-4b0cc00d588c,FB Post,IMAGE,4.3.2026 21:32:13,"2 TĚŽCE VYBOJOVANÉ BODY JSOU DOMA! ⚡️ Poroučíme se, jdeme slavit. 🤭

👑 MVP zápasu: @honza_sibra 

#akademiciplzen #jarnibitva",https://www.facebook.com/1357105236437494/posts/1334820881999263,7241,,68,,
vsefalcons,instagram,709fceba-e311-48e7-9057-f54a587abf4a,7d6c6a98-bd01-45e2-8c4d-9648d48fbf8d,IG Story,VIDEO,9.2.2026 19:47:07,,https://www.instagram.com/stories/vsefalcons/3828949978857391350,,843,,,4
vsefalcons,instagram,709fceba-e311-48e7-9057-f54a587abf4a,c9d1ea64-59ed-4669-9493-213095bef9f3,IG Story,IMAGE,27.4.2026 11:53:21,"Chceme tvůj zážitek
ze zápasů posunout dál. 📌 👇🏼 🔥 Řekni svůj názor
v krátkém dotazníku",https://www.instagram.com/stories/vsefalcons/3884519257786607982,1201,1528,,,3
@bitvaoprahu,facebook,75e0f41f-82be-4f82-a77b-82ac11135ed2,143caa38-b355-4b77-9da5-8c6b1ef59f54,FB Post,IMAGE,11.3.2026 17:37:43,Už zítra je Bitva day! 🫨🫨🥳🥳,https://www.facebook.com/1441262177797849/posts/1419490613308339,202,,,,
vsefalcons,instagram,709fceba-e311-48e7-9057-f54a587abf4a,6efa4ee4-ee00-4dc0-a97c-96920b2e0c64,IG Story,VIDEO,17.2.2026 22:40:45,@united_hk 🎤,https://www.instagram.com/stories/vsefalcons/3834837780425905551,594,713,,,
@bitvaoprahu,facebook,75e0f41f-82be-4f82-a77b-82ac11135ed2,c9d0787c-26f9-44e4-ba0d-7cb941755dda,FB Video,VIDEO,12.3.2026 20:36:49,"❤️‍🔥 HALFTIME SHOW v podání @gufrau_official , pohledem @klucisdronem . 🦅👁️",https://www.facebook.com/reel/1196276612579569/,190,61,,,
@akademiciplzen,instagram,65494228-95bf-4f7b-8e68-d47d7262db66,cdd87884-a0d9-4fb8-ae19-5baad7a9377c,IG Post,IMAGE,12.3.2026 11:44:58,"Kup si lístek na zápas a vyhraj lístky do kina! 🍿

Ve středu 1. 4. hrajeme s největší pravděpodobností poslední domácí zápas v téhle sezóně. Jedná se o zápas Play-in (nový formát Play-off). Přijďte udělat pořádný kotel, budeme vás potřebovat! 💙

Všechny, kdo si koupí vstupenku na tento zápas, automaticky zařazujeme do slosování o 2x2 lístky na zítřejší maraton 6 dílů Heated Rivalry v plzeňské Olympii.

Vyhlášení výherců zítra v 10:30. 😎

Nenech si to utéct, kupuj lístky v biu a buď u toho! 🔥

#akademiciplzen",https://www.instagram.com/p/DVyGvwTjCwT/,,10670,156,,83
univerzitnihokej,tiktok,01c88cf9-594f-408e-a45a-95114221acae,29e0c88c-1761-4740-98bd-a51663833fec,TT Video,VIDEO,16.4.2026 17:57:21,Nic roztomilejšího už dneska neuvidíte 🥹,https://www.tiktok.com/@univerzitnihokej/video/7629417714058022166?utm_campaign=tt4d_open_api&utm_source=7348986504397455361,,21120,713,1,29
@riderspardubice,instagram,4d6a67ab-9313-4f77-a82e-abb18adbca5d,62a945d8-ac75-4d9a-9b40-018672ef44ab,IG Post,IMAGE,13.4.2026 12:29:22,"🚨 JSME V TOP4 A TEĎ TO TEPRVE ZAČÍNÁ!

Poprvé v historii 👉 @unihokejfinalfour 
největší akce sezóny, přímý přenos v TV… a my jsme u toho.

🏒 SEMIFINÁLE
🆚 @ukkingsprague 
📍 Zimní stadion Eden, Praha
🕓 16. dubna | 16:30

Tohle není jen zápas.
👉 tohle jsou 2 dny hokeje, emoce, atmosféra a afterparty

Bude nás čekat v pátek boj o zlato nebo bronz! Každopádně v pátek si udělejte místo v kalendáři, bude se bojovat o medaileeee. 

Pojď nás podpořit a být součástí něčeho, co se píše poprvé.

🎟️ Vstupenky koupíš přes odkaz v BIU!",https://www.instagram.com/p/DXEmOgKDAWr/,,10828,127,1,15
@univerzitnihokej,facebook,01b45180-0b14-4a14-96e8-d0a4bab1fb9f,9c3be662-92c4-4146-910a-b000bb6f6aa5,FB Post,IMAGE,14.4.2026 8:43:37,"Vyhraj vstupenky na Beats for Love s našim generálním partnerem ČSOB🎧

Stačí si založit účet přes odkaz v našem biu ☝🏻
Přesměruje tě do aplikace, kde máš během pár minut hotovo ✅

Pro 8️⃣ nejrychlejších máme celodenní vstupenky na @beats.for.love.festival ⚡️🎟️
O dalších 6 se bude soutěžit na @unihokejfinalfour 👀",https://www.facebook.com/1275398168115026/posts/1285591943762315,370,,,,
@cvutengineers,instagram,11963a07-7f0f-48e6-9d81-aa63a7ff4a04,11781d3d-7613-4ca2-94cb-b7bcc2950535,IG Story,IMAGE,22.8.2026 19:24:44,3 0,https://www.instagram.com/stories/cvutengineers/3969545196541222980,,846,,,6
@boostrava,instagram,1176ddaf-d366-48a2-9639-3c6694c72c85,8053ada1-28a0-463d-86df-8d36717ff621,IG Story,VIDEO,31.3.2026 18:43:59,HAVLOS SROVNAL  @adam.havel  2:2 🦈,https://www.instagram.com/stories/boostrava/3865157024929870569,,618,,,1
vsefalcons,instagram,709fceba-e311-48e7-9057-f54a587abf4a,9a39b0ae-721d-4e73-85d3-74015e4497ef,IG Story,VIDEO,8.4.2026 17:43:18,MRZÁCI DNES ASPOŇ PODPORUJÍ 🤕 📢,https://www.instagram.com/stories/vsefalcons/3870924710716434922,903,832,,1,3
@218107044725785,facebook,7a942e3e-6c47-4794-9ba7-bbc7b6d40cb3,e5b2eb21-1a56-4b4f-8aec-370a145e8110,FB Post,IMAGE,4.8.2026 14:52:12,Ulovili jsme pár momentek z letních prázdnin 🏖️  Poslední dny odpočinku a v pondělí 10.8. naskakujeme zpátky na led hledat nové Falcons tváře! 🦼🦅,https://www.facebook.com/122282816036218300/posts/122300527280218300,468,,12,,
@akademiciplzen,instagram,65494228-95bf-4f7b-8e68-d47d7262db66,1101ab28-bbfb-4520-b8fd-7872610524bb,IG Story,VIDEO,9.4.2026 20:42:18,"🤩 FOTOREPORT 
Z DNEŠNÍHO BRUSLENÍ",https://www.instagram.com/stories/akademiciplzen/3871739515455206697,,444,,,1
vsefalcons,instagram,709fceba-e311-48e7-9057-f54a587abf4a,d6ea65cb-89ee-4c08-8fcd-56436cbca2b6,IG Story,VIDEO,6.2.2026 17:30:45,,https://www.instagram.com/stories/vsefalcons/3826707064886426143,,748,,,
univerzitnihokej,tiktok,01c88cf9-594f-408e-a45a-95114221acae,04a82652-0d19-4ddc-8c8b-5f55a2829ed2,TT Video,VIDEO,10.4.2026 15:56:34,@vsefalcons postupují do FINAL FOUR🦅👀 🗓️16.-17.4. | 📍Zimní stadion Eden 🎟️ finalfour.cz,https://www.tiktok.com/@univerzitnihokej/video/7627160065631407382?utm_campaign=tt4d_open_api&utm_source=7348986504397455361,,858,44,1,1
@riderspardubice,facebook,f99ed6c3-17cc-46f4-a32e-d9b0576ce2df,ce59a804-e57a-4e42-91bb-f087e4a7abd3,FB Video,VIDEO,17.4.2026 16:18:52,"Chvilku pro sebe 🫂
@63skorpiz & @radek_bednar_",https://www.facebook.com/reel/2141182876423032/,317,129,6,,
@univerzitnihokej,instagram,1e114592-3529-4cfe-9977-2598454053af,23d7aa9e-534f-4efc-8f57-e54b3950c7b5,IG Story,VIDEO,18.4.2026 10:25:02,,https://www.instagram.com/stories/univerzitnihokej/3877951828327403665,,1225,,,2
@united_hk,instagram,b18c071b-0570-48b2-b743-990c668c3c5b,034e9254-fcbc-459a-be7a-ca1bd1cde006,IG Post,IMAGE,18.3.2026 19:38:14,"🏒 Výhra z Ústí

Vyhráváme 5:3.
Důležité body bereme z venku a ladíme formu na Play-In!

Jedeme dál.
🖤🧡",https://www.instagram.com/p/DWCa0tKiLj8/,,3330,93,,5
@riderspardubice,instagram,4d6a67ab-9313-4f77-a82e-abb18adbca5d,6b5c66c4-3628-4868-a211-6a19026cef6a,IG Reel,VIDEO,16.3.2026 10:50:28,"Doražte na Kopcův Last Dance už 23. března do enteria areny! 🔥

Vstupenky koupíš přes odkaz v BIU!",https://www.instagram.com/reel/DV8UrXyjI_n/,,7826,166,2,15
@univerzitnihokej,instagram,1e114592-3529-4cfe-9977-2598454053af,c8f7cbac-5c1d-4b30-a53a-376f835ed7c9,IG Post,PHOTO,31.3.2026 11:10:59,Oficiálně vypínáme základní část a zapínáme PLAY-IN MODE 😤,https://www.instagram.com/p/DWi-14niFUJ/,,5167,87,1,2
vsefalcons,instagram,709fceba-e311-48e7-9057-f54a587abf4a,05c04939-7e7a-47b6-ae6a-b59cce726655,IG Story,VIDEO,19.1.2026 16:05:25,TAKY UŽ SE NEMŮŽETE DOČKAT?,https://www.instagram.com/stories/vsefalcons/3813618104085793046,,874,,,
@akademiciplzen,instagram,65494228-95bf-4f7b-8e68-d47d7262db66,11dda7c3-9167-442f-8670-472f4fa43086,IG Story,VIDEO,1.9.2026 22:07:30,,https://www.instagram.com/stories/akademiciplzen/3976874884353277519,,142,,,
@hc_muni,instagram,43cd62c8-609d-4ea6-8ce9-cae5242ede0c,d78a64e7-448c-4eb1-a96d-d61e0dd26635,IG Post,IMAGE,14.3.2026 9:02:02,"Sobota je tady a s ní další GAMEDAY🔥 Přijďte nás podpořit už ve 13:45!🐻💙 Tentokrát jen za 50Kč

Lístky koupíte u nás v biu🎟️",https://www.instagram.com/p/DV2-WYkjJdv/,,3488,47,,4
@cvutengineers,instagram,11963a07-7f0f-48e6-9d81-aa63a7ff4a04,70231d98-33fc-49f9-b765-433b5aec5634,IG Story,VIDEO,9.4.2026 14:19:35,📸,https://www.instagram.com/stories/cvutengineers/3871546896129197113,,785,,,
@cvutengineers,instagram,11963a07-7f0f-48e6-9d81-aa63a7ff4a04,76bd5e68-6dcd-46eb-941d-439be79d6063,IG Post,IMAGE,8.4.2026 21:07:34,Byly to nervy ALE JSME TAM! 🥳🥳🥳,https://www.instagram.com/p/DW4pljjjNnA/,,3064,121,,6
@bitvaoprahu,instagram,d7c8aa06-74fb-4c6c-a7d2-c2fe1bf6d59c,948d58ee-badc-45d4-85ab-4b134b08e227,IG Post,IMAGE,11.3.2026 6:00:27,"3. VLNA prodeje vstupenek končí už dnes o půlnoci 🫨
V den akce už to bude faaakt drahý! 💸 Tak buďte rozumný a kupte si lístek ještě dnes. 

🎟️ bitvaoprahu.cz",https://www.instagram.com/p/DVu7pXqFyag/,,7767,27,2,7
vsefalcons,instagram,709fceba-e311-48e7-9057-f54a587abf4a,c585703e-a72f-4bc3-add0-265a5c0289e0,IG Story,VIDEO,24.3.2026 18:39:38,👣 👣 👣 👣 👣 👣 👣 👣,https://www.instagram.com/stories/vsefalcons/3860081388011683094,814,663,,,
vsefalcons,instagram,709fceba-e311-48e7-9057-f54a587abf4a,3f9bdb7b-4def-4594-9dcf-658229a2d091,IG Story,VIDEO,10.2.2026 18:50:52,,https://www.instagram.com/stories/vsefalcons/3829646440712957910,621,810,,,
@hcnorthwings,facebook,2b08a479-603b-46e4-8a48-2bc0435ccd53,686391ff-913d-4185-8701-854326c15174,FB Story,VIDEO,4.3.2026 16:05:24,,,,,,,
@riderspardubice,instagram,4d6a67ab-9313-4f77-a82e-abb18adbca5d,98e14639-0014-4a91-a823-94dd5dd6a167,IG Post,IMAGE,17.4.2026 7:39:26,Nejlepší hráč zápasu a střelec gólu @spinkov23! 🔥🥅,https://www.instagram.com/p/DXOYaVvDCrG/,,2584,84,,6
@riderspardubice,instagram,4d6a67ab-9313-4f77-a82e-abb18adbca5d,be8767a0-76d5-4003-80e0-c2d5464f29c0,IG Story,VIDEO,1.4.2026 14:51:24,,https://www.instagram.com/stories/riderspardubice/3865764702009995513,,547,,,
@hc_muni,instagram,43cd62c8-609d-4ea6-8ce9-cae5242ede0c,79662019-e598-47ef-b2b7-e7a2566357c5,IG Post,PHOTO,27.3.2026 12:18:48,"Sezóna 2025/2026 je za námi!🔥
Obrovský respekt a díky všem, co nás přišli podpořit do hlediště🫶🏻 Byla to neuvěřitelná jízda a bez vás by to nebylo ono!
💙DĚKUJEME💙

#hcmuni",https://www.instagram.com/p/DWYzYASjKud/,,5125,179,,10
@riderspardubice,instagram,4d6a67ab-9313-4f77-a82e-abb18adbca5d,a35e2cc4-6454-48af-ac86-2a2a4ac27fa6,IG Story,VIDEO,11.4.2026 20:54:50,,https://www.instagram.com/stories/riderspardubice/3873195382331434076,,259,,,
@united_hk,instagram,b18c071b-0570-48b2-b743-990c668c3c5b,c45e05a5-0e6b-4501-9523-a9b9368b83ee,IG Story,VIDEO,26.8.2026 14:35:12,🏰 za hodinu hrajeme!,https://www.instagram.com/stories/united_hk/3972298577489198082,,670,,,
@univerzitnihokej,instagram,1e114592-3529-4cfe-9977-2598454053af,f99337fb-f5be-4dcb-93c6-6eafa3edc3a4,IG Post,IMAGE,11.3.2026 11:20:09,Brno nebo Ostrava. Kdo dnes ovládne Moravské derby? 🫨,https://www.instagram.com/p/DVvfsetCLbH/,,5236,131,2,6
@bitvaoprahu,facebook,75e0f41f-82be-4f82-a77b-82ac11135ed2,131b1de9-5702-47a1-8cfe-119ae8bcec64,FB Video,VIDEO,25.3.2026 18:41:18,"Hokejem u nás večer nikdy nekončí 🙂‍↔️ jestli máš vzpomínky v mlze, je čas si tuhle připomenout 🪩",https://www.facebook.com/reel/2991798127693774/,112,40,3,,
@univerzitnihokej,facebook,01b45180-0b14-4a14-96e8-d0a4bab1fb9f,2d22c60f-ab4b-416f-b9ac-58f46bbc165f,FB Post,IMAGE,13.4.2026 18:45:23,"Vyhraj vstupenky na Beats for Love s našim generálním partnerem ČSOB🎧

Stačí si založit účet přes odkaz v našem biu ☝🏻
Přesměruje tě do aplikace, kde máš během pár minut hotovo ✅

Pro 8️⃣ nejrychlejších máme celodenní vstupenky na @beats.for.love.festival ⚡️🎟️
O dalších 6 se bude soutěžit na @unihokejfinalfour 👀",https://www.facebook.com/1275398168115026/posts/1285196090468567,433,,,,
@boostrava,instagram,1176ddaf-d366-48a2-9639-3c6694c72c85,2d5abb20-d38f-4ec1-8fbb-8765d1e90def,IG Story,VIDEO,21.8.2026 12:33:24,,https://www.instagram.com/stories/boostrava/3968613416310713493,,422,,,
@218107044725785,facebook,7a942e3e-6c47-4794-9ba7-bbc7b6d40cb3,6c2f830c-2516-46bf-918a-7dd2a03fc280,FB Video,VIDEO,5.9.2026 7:27:41,Prošli kluci touhle zkouškou? 🧐,https://www.facebook.com/reel/3606374356179183/,8072,3892,18,,
vsefalcons,instagram,709fceba-e311-48e7-9057-f54a587abf4a,eae2af15-0559-4357-8291-5a9d7d474ba6,IG Story,VIDEO,31.3.2026 16:46:59,srovnává 🎯,https://www.instagram.com/stories/vsefalcons/3865098126155638357,989,942,,,
@cvutengineers,instagram,11963a07-7f0f-48e6-9d81-aa63a7ff4a04,9f4032ff-570c-43d0-ab1a-7214e821bd53,IG Reel,REEL,25.3.2026 22:01:38,"Sice nemaj funkční ruce a nohy ale to Engineerský srdíčko zůstává 🥹💙🦁 

@tomas_sima @22_luky_22",https://www.instagram.com/reel/DWUsZvhDL8T/,,15931,421,,16
@boostrava,instagram,1176ddaf-d366-48a2-9639-3c6694c72c85,bd7cb543-4a87-4d42-b2bc-efc998a6fbfd,IG Post,IMAGE,20.8.2026 18:25:21,"Dneska jsme chtěli pořádně prověřit nové tváře. 🦈🔥 A byla to bitva až do konce! Skóre se drželo dlouho na dostřel, soupeř ale v závěru pojistil výhru gólem do prázdné branky. 

#hockey #boostrava",https://www.instagram.com/p/DcRZb3cM-7y/,,3950,102,2,7
@cvutengineers,instagram,11963a07-7f0f-48e6-9d81-aa63a7ff4a04,eace6375-550f-4a70-85fd-efb202f09c44,IG Story,VIDEO,9.4.2026 14:28:29,"POKUD NA SEZENÍ, SEKTORY D a E SE NACHÁZÍ ZA NAŠÍ STŘÍDAČKOU  JESTLI CHCEŠ NA FINAL FOUR FANDIT S TÍM NEJLEPŠÍM KOTLEM, TAK POŘIZUJ LÍSTKY NA STÁNÍ @engineerskotel",https://www.instagram.com/stories/cvutengineers/3871551372986726515,,843,,,28
@univerzitnihokej,facebook,01b45180-0b14-4a14-96e8-d0a4bab1fb9f,efca520f-7317-44fd-803f-56d0ca717bc6,FB Video,VIDEO,26.3.2026 23:31:13,,https://www.facebook.com/reel/1280278980706660/,,,,,
@united_hk,instagram,b18c071b-0570-48b2-b743-990c668c3c5b,fef3cfcb-3308-4b78-bae1-890f7349b839,IG Post,IMAGE,28.7.2026 12:07:10,"Necelý týden do prvního tréninku na ledě. Ještě naposledy se ale vracíme do Tesla Gymu.

V archivu jsme našli moment, kdy náš marketingový ředitel Michal Ševčík očividně předává Matějovi Voděrackému svoje dlouholeté zkušenosti se silovým tréninkem.

Co mu podle vás právě říká? 👇

Nejlepší hlášky doplníme přímo do fotky a zveřejníme ve Stories.",https://www.instagram.com/p/DbVgH7Eoiow/,,5014,57,5,7
vsefalcons,instagram,709fceba-e311-48e7-9057-f54a587abf4a,6ba07bcc-c15b-451d-b00b-76f16f99b19f,IG Story,VIDEO,2.1.2026 21:29:08,🖋️,https://www.instagram.com/stories/vsefalcons/3801459857606320641,,922,,,
@boostrava,instagram,1176ddaf-d366-48a2-9639-3c6694c72c85,6fc2bccf-edc1-404d-9ecf-62041b1507f3,IG Story,VIDEO,31.3.2026 9:11:44,CELÝ ČLÁNEK,https://www.instagram.com/stories/boostrava/3864868978049176857,,841,,,
@akademiciplzen,instagram,65494228-95bf-4f7b-8e68-d47d7262db66,a5a7377a-78d5-434c-b7d3-b062b31f134c,IG Story,VIDEO,20.8.2026 20:35:34,,https://www.instagram.com/stories/akademiciplzen/3968131303186638355,,520,,,12
@boostrava,instagram,1176ddaf-d366-48a2-9639-3c6694c72c85,bf0f2bf3-4065-4c39-ab1b-eca6ccb1dba4,IG Story,VIDEO,20.8.2026 18:28:31,,https://www.instagram.com/stories/boostrava/3968067436184119361,,478,,,8
@united_hk,instagram,b18c071b-0570-48b2-b743-990c668c3c5b,cf93d152-a3db-4495-a2de-d9f08d0357c1,IG Story,VIDEO,11.4.2026 8:24:17,,https://www.instagram.com/stories/united_hk/3872817319479083660,,640,,,
@AkademiciPlzen,facebook,d87b94e3-03e8-45d0-b92e-75e9b819545c,75f25ae6-054b-404a-beb8-67e18ec701b0,FB Post,IMAGE,5.9.2026 19:19:15,"Jedno město. Dvě školy. Jen jeden vítěz. 

13. ročník BITVY O PLZEŇ je tady! 🔥

Na ledě nás čeká další kapitola toho největšího studentského derby. ⚔️ 

Roky rivality. Tisíce fanoušků. Atmosféra, na kterou se nezapomíná. 🤫

Opět tě čeká nezapomenutelná HALFTIME SHOW přímo na ledě a po závěrečné siréně si tenhle večer společně užijeme na legendární Afterparty. 🍻

Teď zbývá jediná otázka…

Překonáme loňský rekord počtu fanoušků? 👀

Spuštění nejlevnějšího předprodeje pouze na 24 hodin už brzy... 🤫⏳",https://www.facebook.com/1357105236437494/posts/1491673749647308,1827,,19,,
vsefalcons,instagram,709fceba-e311-48e7-9057-f54a587abf4a,2e560bb1-3e39-4d94-ae36-47612b6ef41f,IG Reel,VIDEO,4.3.2026 16:02:10,Náš hlavní partner @mosteckamontazni včera v hlavní roli! 🚀,https://www.instagram.com/reel/DVd-ywACEP4/,,2172,58,,8
@cvutengineers,instagram,11963a07-7f0f-48e6-9d81-aa63a7ff4a04,5dfc5663-8d4a-4148-86cd-5bf1a64c65b2,IG Post,IMAGE,26.8.2026 16:58:03,"JSME ZPĚT! 🔥 
A začínáme pěkně zostra PRAŽSKÝM DERBY proti @ukkingsprague 
Pojďme společně vytvořit pořádnou atmosféru a oslavit začátek sezony! 

22.9. | 18:45 | ZS HVĚZDA
Lístky v biu na profilu🎟️",https://www.instagram.com/p/DcgsaTQMSLJ/,,15758,432,,166
vsefalcons,instagram,709fceba-e311-48e7-9057-f54a587abf4a,64a0e7e1-62f0-4f2f-aafb-7c1d8cc2a8c9,IG Story,VIDEO,24.3.2026 18:46:56,DNEŠNÍ POVINNOST 🍿,https://www.instagram.com/stories/vsefalcons/3860085044673036937,785,777,,,2
@univerzitnihokej,facebook,01b45180-0b14-4a14-96e8-d0a4bab1fb9f,a4b1686c-27ab-4f0e-80aa-f445c51cc518,FB Post,IMAGE,9.4.2026 9:45:22,UK Kings se 16.4. vrátí zpět do Edenu 👑 Vstupenky na finalfour.cz 🎟️,https://www.facebook.com/1275398168115026/posts/1281841337470709,506,,2,,
@VUTCavaliersBrno,facebook,3351b43e-4b71-442b-b2f1-920cd6e57ee5,67e8b244-42ab-496c-adc0-13be72bdc807,FB Video,VIDEO,4.3.2026 20:34:11,"Spolupráce, kterou ocení nejen přítelkyně, ale taky spoluhráči v kabině 🛁 Čistá hlava, čistá hra 🧼 @garnier_czsk",https://www.facebook.com/reel/1465494908518879/,1541,704,4,,
vsefalcons,instagram,709fceba-e311-48e7-9057-f54a587abf4a,129f0a94-eda6-49dc-88b0-e45a78e9edd7,IG Post,IMAGE,3.3.2026 22:04:38,"Horská dráha 🎢 po včerejší prohře jsme si zlepšili náladu a porážíme Plzeň 👀

Příští týden ale přijde to nejdůležitější - @cvutengineers a pak @bitvaoprahu 😮‍💨 Get ready!",https://www.instagram.com/p/DVcDp45CC3o/,,3064,78,,10
@united_hk,instagram,b18c071b-0570-48b2-b743-990c668c3c5b,614e6970-3f4e-47a0-a3a0-279b0cafdc53,IG Story,VIDEO,24.8.2026 18:06:58,,https://www.instagram.com/stories/united_hk/3970955623944224101,,435,,,
@unitedhk,facebook,bfe6cc29-a387-41b9-9bca-b077722556af,b95b9c34-70fc-426e-84a3-e9722be13816,FB Story,VIDEO,23.8.2026 13:30:08,,https://facebook.com/stories/122099775710388974/UzpfSVNDOjIzMDQzMzA3MDM3MjUzMTM=/?view_single=1,,,,,
vsefalcons,instagram,709fceba-e311-48e7-9057-f54a587abf4a,446e2fc1-1270-4c69-96de-a0012ce83432,IG Story,VIDEO,28.1.2026 20:25:11,TÝMOVÝ TRÉNINK NA FALCONS PUBKVÍZ 🍻 🤓,https://www.instagram.com/stories/vsefalcons/3820271830955475793,,1054,,,5
@univerzitnihokej,instagram,1e114592-3529-4cfe-9977-2598454053af,52549de8-f6cc-4c5f-a6b0-debeec5f58c1,IG Story,VIDEO,8.4.2026 18:27:07,KINGS AGAIN,https://www.instagram.com/stories/univerzitnihokej/3870946753839146823,,784,,,
@united_hk,instagram,b18c071b-0570-48b2-b743-990c668c3c5b,cecc2c09-950b-49c5-b5b4-c3bea50d2d2a,IG Reel,VIDEO,2.9.2026 16:52:00,"Hokej je zpátky. Nová sezóna startuje! 

Souboje, góly, led a Otvírák - první domácí zápas nové sezóny.

Buď u toho s námi! 

29. září.
UNIted HK × BO Ostrava.
ČPP aréna.

🎟️ Prodej spouštíme 7. 9.

unitedhk.cz/otvirak",https://www.instagram.com/reel/DcysmqFoXjg/,,3437,106,2,21
@boostrava,instagram,1176ddaf-d366-48a2-9639-3c6694c72c85,9a5ab108-9bc5-4035-981a-5568730f251f,IG Story,VIDEO,11.8.2026 17:44:30,We are back🔥,https://www.instagram.com/stories/boostrava/3961522274746298065,,427,,,1
@riderspardubice,instagram,4d6a67ab-9313-4f77-a82e-abb18adbca5d,6970ec01-7aca-4ed7-ac03-c7b6e0c01bfd,IG Story,IMAGE,9.4.2026 14:27:11,,https://www.instagram.com/stories/riderspardubice/3871550720822757784,,582,,,1
@AkademiciPlzen,facebook,d87b94e3-03e8-45d0-b92e-75e9b819545c,aa2ce2ec-4adb-4911-aafb-8a9013c8feaf,FB Post,IMAGE,26.3.2026 19:34:37,"Začíná Play-in. Kdo vyhraje, jde do Final Four. Kdo padne, končí! 

UŽ VE STĚEDU 1. 4. JDEME NA TO! 

#akademiciplzen",https://www.facebook.com/1357105236437494/posts/1352721390209212,281,,3,,
vsefalcons,instagram,709fceba-e311-48e7-9057-f54a587abf4a,374ea3ae-648f-4c49-b808-886a5d6c18c8,IG Reel,VIDEO,27.3.2026 17:51:01,"Písnička, ke které zná každý správný text 🙂‍↔️ 

Tak si pojďme všichni společně vyřvat hlasivky 31.3. na @icearenakaterinky 📢 Budeme vás potřebovat! 🦅💙

#playin #vsefalcons",https://www.instagram.com/reel/DWZZd65iDWI/,,3616,81,1,4
vsefalcons,instagram,709fceba-e311-48e7-9057-f54a587abf4a,5bc48de0-f328-4df5-8f6c-a63ab59d57c9,IG Story,VIDEO,16.4.2026 16:41:36,další případ,https://www.instagram.com/stories/vsefalcons/3876691640630932156,1099,1058,,,1
@riderspardubice,instagram,4d6a67ab-9313-4f77-a82e-abb18adbca5d,89829347-453a-49d2-bc00-1cd9814c5dc9,IG Story,VIDEO,14.4.2026 9:59:51,,https://www.instagram.com/stories/riderspardubice/3875040037280940767,,499,,,
@bitvaoprahu,instagram,d7c8aa06-74fb-4c6c-a7d2-c2fe1bf6d59c,b93df7ab-eaef-481c-b188-f3eec60168a6,IG Reel,VIDEO,12.3.2026 20:36:36,"❤️‍🔥 METROSTAV HALFTIME SHOW v podání @gufrau_official, @matteo_il_ceco, @_victorkal_ & @frantaprachar pohledem @klucisdronem . 🦅👁️",https://www.instagram.com/reel/DVzEToCjiJS/,,32788,615,2,75
@univerzitnihokej,facebook,01b45180-0b14-4a14-96e8-d0a4bab1fb9f,df08914a-51ea-4015-94dd-f02445d5d05d,FB Post,IMAGE,12.3.2026 21:52:41,Tak tuto výhru ti bude závidět celkej kotel! 🍗,https://www.facebook.com/1275398168115026/posts/1259803803007796,480,,1,,
@unitedhk,facebook,bfe6cc29-a387-41b9-9bca-b077722556af,068e05ac-0358-495f-a1de-6a4075cbf7db,FB Video,VIDEO,20.3.2026 17:22:01,"💋 Pivovarské domy Kiss Cam z derby

Derby není jen o hokeji.

Některé momenty patřily i Kiss Cam.
A někdy to bylo hodně zajímavé 😄

Výherci si odnesli luxusní večeři pro 2 v hodnotě 1500 Kč.

Díky partnerovi @pivovarskedomy za tenhle moment, na který se jen tak nezapomíná.

Podívej se ve videu.

🖤🧡❤️",https://www.facebook.com/reel/767399139530752/,1632,262,4,,
vsefalcons,instagram,709fceba-e311-48e7-9057-f54a587abf4a,9d208de1-a59c-405d-a094-d95e4ff645a5,IG Story,VIDEO,13.3.2026 16:19:53,,https://www.instagram.com/stories/vsefalcons/3852038496861043897,901,848,,,
@united_hk,instagram,b18c071b-0570-48b2-b743-990c668c3c5b,42ec3373-997e-443f-bd8f-baff45508256,IG Story,IMAGE,10.8.2026 13:29:28,,https://www.instagram.com/stories/united_hk/3960669093434506488,,1020,,,2
@cvutengineers,instagram,11963a07-7f0f-48e6-9d81-aa63a7ff4a04,f3920ed5-3beb-4a1d-9f92-5a146dc85deb,IG Post,IMAGE,18.3.2026 7:06:57,"🚨 GAMEDAY | Základní část pomalu vrcholí, napětí stoupá a nervy rostou. Jak to dnes celé dopadne? Přijď nás podpořit na Hvězdu, začínáme ve 20:00. 
Budeme vás potřebovat! 🦁

#engprg",https://www.instagram.com/p/DWBEVKrjJ7G/,,4596,76,,5
vsefalcons,instagram,709fceba-e311-48e7-9057-f54a587abf4a,dd950184-4e3c-4770-979c-9f62a416c9ba,IG Story,VIDEO,7.5.2026 12:20:44,👉🏼 👈🏼,https://www.instagram.com/stories/vsefalcons/3891780579494520851,,2694,,,11
@univerzitnihokej,facebook,01b45180-0b14-4a14-96e8-d0a4bab1fb9f,3b1e10da-119c-443e-be3d-a74fd5e42a17,FB Post,IMAGE,10.3.2026 22:29:31,V Praze to dnes bylo na ostří nože 🔪 Kings jsou zpátky na vítězné vlně a Engineers nechali Falcons bod po nájezdech 🙌🏼,https://www.facebook.com/1275398168115026/posts/1258313036490206,573,,1,,
@akademiciplzen,instagram,65494228-95bf-4f7b-8e68-d47d7262db66,5e26d4df-d899-4de8-9cf0-23f0af1ba14d,IG Story,VIDEO,1.4.2026 17:01:58,🔥 UP WARMIN’,https://www.instagram.com/stories/akademiciplzen/3865830427416353185,,1358,,,
@hcnorthwings,facebook,2b08a479-603b-46e4-8a48-2bc0435ccd53,75efc629-b5d3-420b-919b-c9632497c0e4,FB Post,ALBUM,26.3.2026 19:16:01,"Fakt náročná sezóna, ale nepo*rali jsme se z toho a makali do posledního zápasu 💙💛",https://www.facebook.com/1583651910433365/posts/1578715724260317,473,,11,,
@engineersprague,facebook,afd06d1d-7b1c-4f66-8d93-ce4255ab773c,17d932ce-436a-4453-82e2-32aade64f80b,FB Story,IMAGE,1.8.2026 7:48:32,,,,,,,
@engineersprague,facebook,afd06d1d-7b1c-4f66-8d93-ce4255ab773c,6138d4a1-90c9-4dc7-b2eb-e34043292e6d,FB Post,IMAGE,5.8.2026 14:14:15,"První trénink je za námi. 🏒 Po pauze jsme rádi, že jsme zase spolu. Teď už jen poctivě makat.💪",https://www.facebook.com/1560924572517692/posts/1678152157461599,679,,5,,
@akademiciplzen,instagram,65494228-95bf-4f7b-8e68-d47d7262db66,fbcea44e-5cd9-446b-a1f8-c4edd528ae6b,IG Story,VIDEO,1.4.2026 17:47:31,"DRESY UŽ ZNAJÍ SVÉ MAJITELE, GRATULUJEME! 🤩",https://www.instagram.com/stories/akademiciplzen/3865853344372012385,,1243,,,1
@unitedhk,facebook,bfe6cc29-a387-41b9-9bca-b077722556af,5ac68a1d-290a-4483-83ae-0ac58617c1f3,FB Post,PHOTO,30.3.2026 17:50:34,"Zítra začíná PLAY-IN.

1 zápas, kdy se hraje o všechno. Když vyhrajeme, postupujeme dál do dalších bojů o místo na Final Four.

Přijedeš nás podpořit?

Jedeme ALL IN. 🖤🧡

#unitedhk #unihokej #uhk #hradeckralove",https://www.facebook.com/122180651084388974/posts/122180019656388974,196,,3,,
@akademiciplzen,instagram,65494228-95bf-4f7b-8e68-d47d7262db66,e8b9a671-ab97-42ff-bebc-4de33e26f825,IG Story,VIDEO,11.8.2026 21:41:59,DRUHÝ TÝDEN DŘINY DRUHÝ TÝDEN DŘINY odstartován 🔥 @fkralicek_8 @gazicek_,https://www.instagram.com/stories/akademiciplzen/3961641764821674153,,315,,,4
vsefalcons,instagram,709fceba-e311-48e7-9057-f54a587abf4a,a1f14db2-a108-4715-a5cb-19e69d08f4fb,IG Story,VIDEO,12.4.2026 13:47:35,‼️ ‼️ @cvutengineers 👋🏼,https://www.instagram.com/stories/vsefalcons/3873705133443936694,767,948,,,19
@univerzitnihokej,facebook,01b45180-0b14-4a14-96e8-d0a4bab1fb9f,addeb847-a79f-423a-8a71-16e0711257a0,FB Video,VIDEO,12.3.2026 18:00:31,Takové pohyby se asi naučil na farmě 🤭,https://www.facebook.com/reel/26107273248881170/,2072,834,7,,
@riderspardubice,instagram,4d6a67ab-9313-4f77-a82e-abb18adbca5d,062beec0-36e7-461e-9efe-422be55a3c74,IG Reel,VIDEO,16.4.2026 14:34:22,"Rdy na zápas! 🔥
#zapardubice",https://www.instagram.com/reel/DXMjARwDOVd/,,5009,125,1,2
@riderspardubice,facebook,f99ed6c3-17cc-46f4-a32e-d9b0576ce2df,5c28aa2d-14bd-4aa9-9448-1a8eccb904ab,FB Post,IMAGE,3.3.2026 17:00:08,"🌴 Na včerejší Survivor zápase získala výherkyně našeho Survivor kvízu parádní reprák JBL, který do soutěže věnoval náš dlouhodobý partner @enteria_holding!

Děkujeme a výherkyni gratulujeme a přejme spoustu kvalitní hudby! 

A jestli bys chtěl taky něco vyhrát, tak se zastav na zápase 9. 3. - vstupenky koupíš přes odkaz v BIU 🤫",https://www.facebook.com/1592662819534019/posts/1566881118778856,271,,2,,
@riderspardubice,instagram,4d6a67ab-9313-4f77-a82e-abb18adbca5d,68f729d3-ef17-4874-9c6d-80074702c100,IG Reel,VIDEO,17.4.2026 15:43:51,Padne dneska bronz? To je oč tu běží! 🤯,https://www.instagram.com/reel/DXPPxIaDDbC/,,7357,123,,12
@bitvaoprahu,facebook,75e0f41f-82be-4f82-a77b-82ac11135ed2,7a09e0ec-d9bf-4901-926f-973ce239a237,FB Post,IMAGE,12.3.2026 6:05:59,Rise and shine… IT’S BITVA DAY 🥳🤩,https://www.facebook.com/1441262177797849/posts/1419862759937791,162,,,,
@riderspardubice,facebook,f99ed6c3-17cc-46f4-a32e-d9b0576ce2df,1fd2ec29-c7d0-44e3-a3b5-f00976026dec,FB Video,VIDEO,5.3.2026 19:13:43,"🐱 V pondělí za námi do enteria areny přijedou @blackdogsbudweis_vste! 🐕

A my při této příležitosti společně podpoříme KoČIČÍ depozitum Lovčice! 

Jak můžete opuštěným kočičkám pomoci s námi? 
- přineste s sebou na zápas kočičí žrádlo - granule, konzervy, ňaminky 
- přispějte finančním darem - ideálně v hotovosti na místě nebo pomocí QR kódu na kostce.

Minulý semestr jsme pomohli pejskům z @farma_u_veselyho_psa, tak pojďme znovu spojit síly a tentokrát pomoci kočičkám z KoČIČÍ depozitum Lovčice! 

Vstupenky za zapas koupíš přes odkaz v BIU!",https://www.facebook.com/reel/1478371013624033/,784,228,11,,
@univerzitnihokej,instagram,1e114592-3529-4cfe-9977-2598454053af,94cd3ed1-ceb8-4876-aa68-288c1e19ebfe,IG Post,IMAGE,4.3.2026 21:31:47,"Největší hlad na ledě dnes měl @_rihastepan_ 👀🔥

Odměna za výkon?
ZOTT HUNGRY pro dnešního nejhladovějšího hráče. 🥛 #zott #zotthungry #zotthungrydrinkthis",https://www.instagram.com/p/DVeksIVCJa5/,,5977,107,,5
@vutcavaliersbrno,instagram,b384bebf-72f3-4f9d-8b2d-3677709f6966,ef48ba1a-10db-4669-a0d3-131cf474c15e,IG Story,VIDEO,31.3.2026 7:18:46,@vutvbrne @vutfp,https://www.instagram.com/stories/vutcavaliersbrno/3864812112967158957,,3768,,,3
@218107044725785,facebook,7a942e3e-6c47-4794-9ba7-bbc7b6d40cb3,c1358534-6398-41de-b4c3-dde1063e2117,FB Post,IMAGE,8.4.2026 22:18:28,"ZAVŘENO! ❌🥅

Matyáš Peyerl vychytal ve finále play-in nulu a proti Black Dogs si připsal rovnou 36 úspěšných zákroků 🧱",https://www.facebook.com/122282816036218300/posts/122283091394218300,1391,,76,,
@united_hk,instagram,b18c071b-0570-48b2-b743-990c668c3c5b,de236a8b-7085-44f8-8bc4-5dc4467f4fae,IG Story,IMAGE,23.4.2026 8:05:47,,https://www.instagram.com/stories/united_hk/3881505633023339452,,410,,,
@218107044725785,facebook,7a942e3e-6c47-4794-9ba7-bbc7b6d40cb3,7a99b7b2-da4d-4108-a789-65c9c8155cd9,FB Video,VIDEO,18.4.2026 14:48:10,"Tohle se jen tak neokouká 🥹 

🎥 @vojta_kepka 

#vsefalcons #finalfour",https://www.facebook.com/reel/973289335661642/,840,296,19,,
@univerzitnihokej,facebook,01b45180-0b14-4a14-96e8-d0a4bab1fb9f,110e0518-a5ab-4e6c-9fa6-5f7903802a74,FB Post,IMAGE,5.4.2026 15:37:20,"V semifinále play-in se letošní sezóna uzavřela i pro BOčko. Vyrovnaný duel s Riders dospěl až do prodloužení, které rozhodlo o konečném výsledku.

Ostravo, díky za energii a nasazení, které jste letos ukázali 💪🏼",https://www.facebook.com/1275398168115026/posts/1279026797752163,677,,2,,
@riderspardubice,instagram,4d6a67ab-9313-4f77-a82e-abb18adbca5d,73d66054-9a93-409d-b6af-6b4062d6b785,IG Post,IMAGE,2.4.2026 12:28:01,"V příštím zápase se rozhodne, jestli postoupíme do @unihokejfinalfour !🤩🤩 Buď u toho s námi!

 Finále Play-in
🗓️ 8.4. v 19:30
📍 v ZS Hvězda
⚔️ proti @cvutengineers 

#fináleplayin#riders",https://www.instagram.com/p/DWoRHuejOVY/,,3713,43,,4
@boostrava,instagram,1176ddaf-d366-48a2-9639-3c6694c72c85,c0f28943-5304-4b5b-a80a-6501bac50ba4,IG Story,VIDEO,20.8.2026 16:34:20,,https://www.instagram.com/stories/boostrava/3968009900240152812,,700,,,7
vsefalcons,instagram,709fceba-e311-48e7-9057-f54a587abf4a,33efe274-31ff-4892-9937-86e31e6ad5c4,IG Story,VIDEO,2.2.2026 18:34:18,,https://www.instagram.com/stories/vsefalcons/3823839916426320483,,1092,,,1
@riderspardubice,instagram,4d6a67ab-9313-4f77-a82e-abb18adbca5d,e00c5671-f1f2-4a24-8efb-afdb5c13f0e6,IG Story,VIDEO,2.4.2026 12:18:01,"O POSTUP DO @unihokejfinalfour HRAJEME V PRAZE, TAK DORAŽ A VYBAV SE DRESEM!",https://www.instagram.com/stories/riderspardubice/3866412277331426831,,1179,,,2
@cvutengineers,instagram,11963a07-7f0f-48e6-9d81-aa63a7ff4a04,147a52e3-1b2a-4755-8548-10126989e151,IG Post,IMAGE,18.3.2026 21:46:12,Hupsík dupsík 😬,https://www.instagram.com/p/DWCpcu0DGSt/,,6630,188,6,9
@univerzitnihokej,facebook,01b45180-0b14-4a14-96e8-d0a4bab1fb9f,e7f6f107-2112-4dd9-9a12-89418433c1bc,FB Post,IMAGE,13.3.2026 16:51:35,UK Kings Prague ovládli tabulku a 1. místo jim už nikdo nevezme! 👑 Na Bitvě o Prahu po výhře převzali pohár ČAUS. 🏆,https://www.facebook.com/1275398168115026/posts/1260391656282344,1774,,8,,
@218107044725785,facebook,7a942e3e-6c47-4794-9ba7-bbc7b6d40cb3,75fb1500-eef0-4865-9bf7-334a3e8eef44,FB Video,VIDEO,16.4.2026 18:29:43,@michal.danniel otevírat skóre semifinále @unihokejfinalfour 🔥🔥🔥,https://www.facebook.com/reel/1446286533350604/,372,127,4,,
@united_hk,instagram,b18c071b-0570-48b2-b743-990c668c3c5b,e396f13d-cd92-462f-a084-3d3bf5a78ad0,IG Story,VIDEO,10.8.2026 17:37:18,pošlete klukům štěstíčko,https://www.instagram.com/stories/united_hk/3960793863777993538,,1031,,,3
@boostrava,instagram,1176ddaf-d366-48a2-9639-3c6694c72c85,b1c6efc0-cdb5-4642-b540-5e28459608e3,IG Reel,VIDEO,23.3.2026 10:26:06,"Sezona se chýlí ke konci a nás čeká poslední zápas základní části! 

Přijďte před play-in ukázat, že BOčko drží při sobě a jde slyšet! 🔥

#ostrava #hockeygame #boostrava",https://www.instagram.com/reel/DWOTiviDJwb/,,3236,48,,19
@united_hk,instagram,b18c071b-0570-48b2-b743-990c668c3c5b,39690c82-27ef-419f-8041-81f0c1cbc881,IG Story,VIDEO,8.4.2026 7:10:32,,https://www.instagram.com/stories/united_hk/3870606025032221041,,599,,,
@boostrava,instagram,1176ddaf-d366-48a2-9639-3c6694c72c85,60a1b0c1-6bf4-45b0-8f39-2debc55fdf16,IG Story,VIDEO,19.8.2026 19:25:12,@ostravskederby,https://www.instagram.com/stories/boostrava/3967371134559356986,,842,,,1
vsefalcons,instagram,709fceba-e311-48e7-9057-f54a587abf4a,0a02c193-4c00-4982-84ad-3165e04a2afa,IG Story,VIDEO,8.6.2026 13:49:07,DĚKUJEME ZA PROSTORY @vsecz @ctvsvse 🙏🏼 (kluci to tu milují),https://www.instagram.com/stories/vsefalcons/3915017950167843793,,1454,,,2
@riderspardubice,instagram,4d6a67ab-9313-4f77-a82e-abb18adbca5d,95cd9788-afe6-4bb1-b5ec-876ace2f68ac,IG Story,VIDEO,12.4.2026 14:37:40,,https://www.instagram.com/stories/riderspardubice/3873730316271902818,,1131,,,7
@riderspardubice,instagram,4d6a67ab-9313-4f77-a82e-abb18adbca5d,a69a4520-ddcb-480d-aede-d2b46e1e9aa3,IG Post,IMAGE,2.3.2026 21:20:57,Dnešní duel s @cvutengineers bohužel nevyšel.😭,https://www.instagram.com/p/DVZZxoZDLQz/,,2655,32,2,4
@united_hk,instagram,b18c071b-0570-48b2-b743-990c668c3c5b,d99f5d9b-6390-485f-826b-d639b43fcfa3,IG Story,IMAGE,10.8.2026 19:18:20,5:4 @vlach_andrej  takhle se to OTÁČÍÍÍ!!! 🥅🥅🥅🥅🥅,https://www.instagram.com/stories/united_hk/3960844804212446361,,1091,,,7
@riderspardubice,facebook,f99ed6c3-17cc-46f4-a32e-d9b0576ce2df,52a7e4e4-5450-47df-a979-334dc0c6009b,FB Post,IMAGE,20.3.2026 7:21:34,"V pondělí pro první příchozí @pivoproud u vstupu zdarma! 🤩

🎟️ Vstupenky na derby proti @united_hk koupíš přes odkaz v BIU!",https://www.facebook.com/1592662819534019/posts/1581270447339923,154,,,,
@AkademiciPlzen,facebook,d87b94e3-03e8-45d0-b92e-75e9b819545c,a69a8892-29c5-4d5a-a08c-ca26566ae9e8,FB Video,VIDEO,2.8.2026 20:46:03,"Na posledním tréninku jsme kluky vyzpovídali ohledně budoucnosti. 👶 

Položili jsme jim jednoduchou otázku: „Komu z kabiny bys nesvěřil svoje dítě?“ 

Na odpovědi se skoro všichni shodli… Filipe, máš pro nás nějaké vysvětlení? 😅

Zítra nás čeká první trénink na ledě v nové sezóně. Uvidíme se zítra! 🫢🏒

#akademiciplzen #univerzitnihokej #unihockey",https://www.facebook.com/reel/2163743887816450/,3548,1795,13,,
vsefalcons,instagram,709fceba-e311-48e7-9057-f54a587abf4a,893eac0d-4dfb-43b0-9be0-ae39a224c7f2,IG Reel,VIDEO,17.4.2026 14:56:40,"all eyes on @cech.ondrejj & @drabek_adam 🤩

#vsefalcons #finalfour",https://www.instagram.com/reel/DXPKUgsiPzy/,,13184,403,7,45
@cvutengineers,instagram,11963a07-7f0f-48e6-9d81-aa63a7ff4a04,998815ae-d413-4d78-971f-f701025e282a,IG Story,VIDEO,10.4.2026 10:53:43,@ondra_mann,https://www.instagram.com/stories/cvutengineers/3872168054860066135,,1266,,,2
@riderspardubice,instagram,4d6a67ab-9313-4f77-a82e-abb18adbca5d,775bfdfa-3346-4eb6-8f03-7ff44dc6a711,IG Post,IMAGE,4.3.2026 21:00:54,Důležitý zápas VYHRÁN! Další 3 body jsou v Pardubicích!💪🏼🥳,https://www.instagram.com/p/DVeg6pPDAQU/,,5872,94,,13
@unitedhk,facebook,bfe6cc29-a387-41b9-9bca-b077722556af,ccd02db8-ef6b-4bdb-80bb-c5897f22333b,FB Post,IMAGE,10.8.2026 13:21:34,"MATCH DAY. 🏒

Dnes nás čeká první přátelský zápas nové sezony.

V ČPP aréně se potkáme se ŠAVŠ Raccoons, univerzitní tým z Mladé Boleslavi.

🕡 18:30
📍 ČPP aréna
🎟️ Vstup zdarma

Vidíme se na zimáku.",https://www.facebook.com/122180651084388974/posts/122190607436388974,280,,2,,
@hcnorthwings,facebook,2b08a479-603b-46e4-8a48-2bc0435ccd53,f0013a63-b978-40fa-9c2e-e8b458d1fe98,FB Story,VIDEO,18.3.2026 17:57:04,,,,,,,
vsefalcons,instagram,709fceba-e311-48e7-9057-f54a587abf4a,fd5f24be-3603-4df4-b2b2-71b3958f3047,IG Story,IMAGE,10.2.2026 22:25:48,,https://www.instagram.com/stories/vsefalcons/3829754620528835598,612,812,,,1
@hc_muni,instagram,43cd62c8-609d-4ea6-8ce9-cae5242ede0c,682aab9f-32fa-4b20-b018-e910071afc27,IG Story,VIDEO,10.4.2026 15:38:28,,https://www.instagram.com/stories/hc_muni/3872311373153972214,,837,,,3
@united_hk,instagram,b18c071b-0570-48b2-b743-990c668c3c5b,76c9d0cc-ba92-483b-95ac-fa047d839e81,IG Post,IMAGE,23.4.2026 8:05:42,"Děkujeme MarketingPPC za podporu v sezoně 2025/26.

Digitální agentura, která pomáhá firmám růst díky chytrým online kampaním a práci s daty.

Díky, že stojíte za UNIted HK. 🖤🧡",https://www.instagram.com/p/DXd4LadiOLI/,,826,8,,1
@univerzitnihokej,instagram,1e114592-3529-4cfe-9977-2598454053af,c70cf485-a1b3-4073-a93e-a6a3fc339bce,IG Story,VIDEO,31.3.2026 12:38:30,,https://www.instagram.com/stories/univerzitnihokej/3864973034989814711,,10702,,,1
@univerzitnihokej,facebook,01b45180-0b14-4a14-96e8-d0a4bab1fb9f,ea76c99b-3306-4c5a-a17f-4c957967d497,FB Post,PHOTO,31.3.2026 6:18:08,Cesta do @unihokejfinalfour startuje dnes! 🔥 Kdo se probojuje do Edenu a získá Pohár Jana Palacha? 🏆,https://www.facebook.com/1275398168115026/posts/1274640951524081,730,,9,,
@univerzitnihokej,instagram,1e114592-3529-4cfe-9977-2598454053af,2647bc0b-c8a2-4cd0-8932-1477ebbe1105,IG Post,IMAGE,10.4.2026 14:11:57,Směr cesty 16. a 17.4. je jasnej! ➡️ @unihokejfinalfour 📍Zimní stadion Eden,https://www.instagram.com/p/DW9DxBKCLfC/,,15024,344,,3
vsefalcons,instagram,709fceba-e311-48e7-9057-f54a587abf4a,4c19965d-6a9d-49a3-b399-73cd360d387d,IG Reel,VIDEO,9.12.2025 19:41:14,Jdeme do vedení na konci 1️⃣ třetiny! Druhý gól za Falcons si připisuje @_suchos88_ 🔥,https://www.instagram.com/reel/DSDgU6vCHW2/,,8145,177,1,6
vsefalcons,instagram,709fceba-e311-48e7-9057-f54a587abf4a,67798d0e-1443-4c76-ae2f-e0a374c34052,IG Story,VIDEO,14.4.2026 13:22:58,OUTFIT NA POV: 🫵🏼 @unihokejfinalfour,https://www.instagram.com/stories/vsefalcons/3875142278767465660,671,706,,,1
vsefalcons,instagram,709fceba-e311-48e7-9057-f54a587abf4a,81ae8f0c-1ca2-400e-869d-0a26a09129d7,IG Story,VIDEO,8.4.2026 16:27:16,,https://www.instagram.com/stories/vsefalcons/3870886386110871559,909,882,,,2
vsefalcons,instagram,709fceba-e311-48e7-9057-f54a587abf4a,2bd091eb-8b72-4969-8534-c17ae8aec4f1,IG Story,VIDEO,12.3.2026 14:27:56,GETTIN’ READY 🏒,https://www.instagram.com/stories/vsefalcons/3851257388003240839,1608,1698,,,1
@218107044725785,facebook,7a942e3e-6c47-4794-9ba7-bbc7b6d40cb3,c3a25d95-7ff5-4110-afc9-834ad16c835c,FB Post,IMAGE,14.3.2026 19:05:27,Těžký týden zakončujeme bodem z Brna.,https://www.facebook.com/122282816036218300/posts/122278835144218300,265,,4,,
vsefalcons,instagram,709fceba-e311-48e7-9057-f54a587abf4a,0c2e803b-9a31-40c7-9649-c1a43276ee83,IG Post,CAROUSEL_ALBUM,7.2.2026 20:38:07,"Ohlédnutí za úterním zápasem 📸

Další zápas už v úterý 10. 2. od 19:45 proti Riders.
Přijďte nás podpořit a užít si hokej ještě před startem školy 🚀💙
📷 @martincacha",https://www.instagram.com/p/DUeGrMJCPut/,,5939,123,,5
@hcmuni,facebook,d1f9e9f9-7526-42d4-85aa-13f91e89f7cf,5fb75942-8e31-4554-8112-bd821e01c134,FB Post,IMAGE,4.3.2026 21:24:45,"Pátá sice odbila, ani tak to ale nestačilo ⚔️",https://www.facebook.com/1581741777288398/posts/1557031689759407,403,,2,,
vsefalcons,instagram,709fceba-e311-48e7-9057-f54a587abf4a,768ea0e6-ab98-4225-89c8-dd687928fea4,IG Story,VIDEO,24.3.2026 20:11:30,"NEVZDÁVÁME
SE 💪🏼",https://www.instagram.com/stories/vsefalcons/3860127641319788047,756,559,,,
@unitedhk,facebook,bfe6cc29-a387-41b9-9bca-b077722556af,b1629c37-6d96-4215-b955-2277c23bd234,FB Video,VIDEO,16.8.2026 8:05:56,"Návštěva až z @mountfieldhk 🏒🥅🦁

#ironmanczechrepublic #mountfieldhk #unitedhk",https://www.facebook.com/reel/2022131085081984/,312,92,7,,
@riderspardubice,instagram,4d6a67ab-9313-4f77-a82e-abb18adbca5d,e6a3efda-0ebb-4045-91cf-fabf7f5792b8,IG Story,IMAGE,8.4.2026 22:21:57,,https://www.instagram.com/stories/riderspardubice/3871064900730937291,,105,,,
@riderspardubice,instagram,4d6a67ab-9313-4f77-a82e-abb18adbca5d,acbe6333-b916-46be-9489-b6100bb877fc,IG Story,VIDEO,17.4.2026 21:48:20,,https://www.instagram.com/stories/riderspardubice/3877570844293902339,,508,,,
@univerzitnihokej,instagram,1e114592-3529-4cfe-9977-2598454053af,f4a63ad1-5f56-4962-9ae3-5d87711051c0,IG Story,VIDEO,10.4.2026 10:26:33,,https://www.instagram.com/stories/univerzitnihokej/3872154383945328631,,1272,,,6
@united_hk,instagram,b18c071b-0570-48b2-b743-990c668c3c5b,bc2849d4-66b7-4424-815b-2daecf69632c,IG Story,VIDEO,22.4.2026 17:56:30,Sobota už se blíží!,https://www.instagram.com/stories/united_hk/3881078043418590309,,374,,,
@riderspardubice,instagram,4d6a67ab-9313-4f77-a82e-abb18adbca5d,2e325bea-eb59-4a39-9e14-f4117bede240,IG Story,VIDEO,13.4.2026 10:13:26,,https://www.instagram.com/stories/riderspardubice/3874322102090530306,,651,,,
@engineersprague,facebook,afd06d1d-7b1c-4f66-8d93-ce4255ab773c,69c20ac4-cd68-4c81-b2eb-350e3bbbc292,FB Story,VIDEO,2.3.2026 20:12:46,,,,,,,
@hcnorthwings,facebook,2b08a479-603b-46e4-8a48-2bc0435ccd53,a6966b33-6226-4d01-a18f-a1675066441b,FB Video,VIDEO,12.3.2026 4:58:54,🎤 | Pozápasové ohlasy z 24.kola @univerzitnihokej v podání @akademiciplzen (Kamil #Hajšman) #univerzitnihokej,https://www.facebook.com/reel/983824994148395/,481,133,3,,
@AkademiciPlzen,facebook,d87b94e3-03e8-45d0-b92e-75e9b819545c,fd34b6bb-17ad-40e3-bccb-62bdbad2e149,FB Post,IMAGE,4.3.2026 17:56:20,"Rozbruslení za námi, POJĎME! 💙

#akademiciplzen #jarnibitva",https://www.facebook.com/1357105236437494/posts/1334713738676644,554,,7,,
@akademiciplzen,instagram,65494228-95bf-4f7b-8e68-d47d7262db66,12852192-17c5-464a-acfa-192a49ff6333,IG Post,IMAGE,1.4.2026 15:03:14,"Hokejem tenhle večer teprve začíná. 🏒 

Ze stadionu se všichni přesouváme na after do No Limitu. Vidíme se tam! 🕺🏼

#akademiciplzen",https://www.instagram.com/p/DWl99syjP-e/,,12247,154,2,102
@univerzitnihokej,facebook,01b45180-0b14-4a14-96e8-d0a4bab1fb9f,1b06fec3-686e-4bd9-b89d-1f3986ca43da,FB Post,IMAGE,27.3.2026 19:04:12,"Základní část skončila ⏩️ začíná Play-In 🔥

Čekají nás semifinálové bitvy, vítězové jdou do finále Play-In. A odtud už vede jediná cesta ➡️ @unihokejfinalfour a boj o absolutního šampiona letošní sezóny! 😮‍💨🏆

Jedna šance. Žádná oprava. 👀",https://www.facebook.com/1275398168115026/posts/1271984115123098,741,,2,,
vsefalcons,instagram,709fceba-e311-48e7-9057-f54a587abf4a,71b182f6-ea03-4dcf-93d6-ffb6c3c30b05,IG Story,VIDEO,3.2.2026 18:46:04,POPŘEJ KUBAŤÁKOVI ŠTĚSTÍ DO PRVNÍHO ZÁPASU PO ZRANĚNÍ,https://www.instagram.com/stories/vsefalcons/3824570615319809186,,909,,,
@riderspardubice,facebook,f99ed6c3-17cc-46f4-a32e-d9b0576ce2df,846d2279-7f42-4444-9be4-976c28281e93,FB Post,IMAGE,4.3.2026 8:00:10,"🐱 V pondělí za námi do enteria areny přijedou @blackdogsbudweis_vste! 🐕

A my při této příležitosti společně podpoříme KoČIČÍ depozitum Lovčice! 

Jak můžete opuštěným kočičkám pomoci s námi? 
- přineste s sebou na zápas očičí žrádlo - granule, konzervy, ňaminky 
- přispějte finančním darem - ideálně v hotovosti na místě nebo pomocí QR kódu na kostce.

Minulý semestr jsme pomohli pejskům z @farma_u_veselyho_psa, tak pojďme znovu spojit síly a tentokrát pomoci kočičkám z KoČIČÍ depozitum Lovčice! 

Vstupenky za zapas koupíš přes odkaz v BIU!",https://www.facebook.com/1592662819534019/posts/1567407572059544,1404,,11,,
vsefalcons,instagram,709fceba-e311-48e7-9057-f54a587abf4a,16cc5f01-ff70-4658-a3aa-ededbb8ebb55,IG Story,VIDEO,3.3.2026 19:54:10,nic hezčího dnes neuvidíš,https://www.instagram.com/stories/vsefalcons/3844902190402043114,579,758,,,
@unitedhk,facebook,bfe6cc29-a387-41b9-9bca-b077722556af,300e18bd-63d2-422b-9cd4-58ef2a65b16d,FB Post,IMAGE,16.7.2026 17:21:15,"V sobotu 18. července budeme u toho. 🚲

UNIted HK najdete na akci Den s cyklisty na Smetanově nábřeží před restaurací Náplavka v Hradci Králové.

Od 10:00 do 17:00 se za námi můžete zastavit u stánku, pokecat o univerzitním hokeji a zároveň podpořit charitativní akci, jejíž výtěžek půjde na Nadační fond seko onkologie, spolek Dlouhá cesta a handicapovaného sportovce.

Na místě bude program pro děti i dospělé, cyklojízda směr Kuks, dražba dresů a sportovních předmětů, doprovodný program a další aktivity.

Vstup na akci je zdarma.

Stavte se za námi na Náplavce. Rádi vás uvidíme.",https://www.facebook.com/122180651084388974/posts/122188802582388974,479,,2,,
vsefalcons,instagram,709fceba-e311-48e7-9057-f54a587abf4a,81f3fee6-5390-408c-8678-5b2f9bade1bb,IG Reel,VIDEO,15.8.2026 15:20:55,Který zvuk zvládli nejlíp? 🙉,https://www.instagram.com/reel/DcEMe5yKD0B/,,6956,163,4,21
@riderspardubice,facebook,f99ed6c3-17cc-46f4-a32e-d9b0576ce2df,bbc46856-4f8d-421a-82d8-7554f98a2225,FB Post,IMAGE,12.3.2026 15:39:22,"Poslední zápas v dresu Riders pro @dominikkopecky_99 🔥

Přijď udělat Dominikovi do enteria areny nezapomenutelnou atmosféru a rozloučit se s ním na zápas proti @united_hk! 

🎟️ Vstupenky ve slevě s kódem KOPECKY20 👀",https://www.facebook.com/1592662819534019/posts/1574561141344187,506,,10,,
@univerzitnihokej,instagram,1e114592-3529-4cfe-9977-2598454053af,cb5aceec-cd17-438f-aa0f-cb13713a8bbc,IG Post,IMAGE,5.4.2026 15:36:49,"V semifinále play-in se letošní sezóna uzavřela i pro BOčko. Vyrovnaný duel s Riders dospěl až do prodloužení, které rozhodlo o konečném výsledku.

Ostravo, díky za energii a nasazení, které jste letos ukázali 💪🏼",https://www.instagram.com/p/DWwVgNFCJMn/,,5167,150,,6
@hcnorthwings,facebook,2b08a479-603b-46e4-8a48-2bc0435ccd53,fa578c65-ef72-42f6-9333-19219902e276,FB Video,VIDEO,3.9.2026 16:04:14,"Pár majitelů domů nám tu sice zůstalo, ale pár volných pokojů tu ještě je. A upřímně… kdo by s námi nechtěl bydlet?🤓

Tak se k nám přidej!🔥

#univerzitnihokej #myjsmeujep #hcnorthwings #hokej",https://www.facebook.com/reel/1060613286609790/,1005,406,3,,
vsefalcons,instagram,709fceba-e311-48e7-9057-f54a587abf4a,239485ed-97a4-4011-9392-986ac0952eb6,IG Story,IMAGE,26.1.2026 18:30:59,"2 2 Nábělek 
Ramert",https://www.instagram.com/stories/vsefalcons/3818764827653326001,,847,,,
@AkademiciPlzen,facebook,d87b94e3-03e8-45d0-b92e-75e9b819545c,7cc381b4-9248-4257-acfc-437ac4288f8d,FB Video,VIDEO,17.3.2026 13:21:53,"Ví naši fanoušci, co je ofsajd? 👀
A kdo to pak nejvíc rozjel na afterparty? 😏

Na to se diváků na bitvě zeptala @deniskaurbankova 🎤.
Mrkni, jak to dopadlo!

#akademiciplzen #univerzitnihokej",https://www.facebook.com/reel/1257454349247715/,697,306,4,,
vsefalcons,instagram,709fceba-e311-48e7-9057-f54a587abf4a,5f395105-1446-4d26-8765-47808d4c7416,IG Reel,VIDEO,16.2.2026 7:58:23,"Kluci jsou na zítřejší olympijský zápas víc než ready, tak buď i ty 🫵🏼 

Napiš do komentářů “SLEVA” a my ti do DMs pošleme kódík na slevičku na zítřejší zápas 🤪 

Těšíme se na vás 💙",https://www.instagram.com/reel/DUz6jqACHkh/,,6693,68,1,7
vsefalcons,instagram,709fceba-e311-48e7-9057-f54a587abf4a,98700605-7bdb-4bbf-8b6c-34913d56f585,IG Post,IMAGE,11.1.2026 17:48:55,"FALCONS PUB KVÍZ IS BAAAACK!

Minule sklidil velký úspěch, a proto jsme se ho rozhodli udělat znovu a mnohem vymazlenější! 🤓

Čeká vás večer plný zábavy, dobrého piva a pořádné dávky vědomostního adrenalinu. 🧠 Vyhrát můžete bombové ceny, kterými nás vybavil Red Bull, Proud nebo Grant Thornton, a vítěz si domu odnese lístky na Bitvu o Prahu ‼️

Do týmu se může přihlásit 4-5 lidí, vstupné je zdarma a bar s top drinky je samozřejmostí. 🥂

26.2. | Quattro Modulare, Italská budova | 19:00

Registrovat se můžete přes link na profilu. Těšíme se na vás! 💙

#vsefalcons #pubkviz",https://www.instagram.com/p/DTYR2S8iM0B/,,15303,96,,123
@AkademiciPlzen,facebook,d87b94e3-03e8-45d0-b92e-75e9b819545c,a25e60d7-f27c-48c5-a842-e90737aa6d6b,FB Video,VIDEO,24.3.2026 18:37:53,"I náš nejhladovější hráč @_rihastepan_ má před tréninkem spousty energie na rozdávání! ⚡️

#zott #zotthungry #hungrydrinkthis",https://www.facebook.com/reel/1418928949507166/,461,113,2,,
vsefalcons,instagram,709fceba-e311-48e7-9057-f54a587abf4a,d546a648-b5a3-4f41-9aab-cacb822986d7,IG Story,VIDEO,31.3.2026 17:43:47,JDEME DO VEDENÍ! 2 minuty před koncem,https://www.instagram.com/stories/vsefalcons/3865126718658860442,983,850,,1,
vsefalcons,instagram,709fceba-e311-48e7-9057-f54a587abf4a,eafe844c-4821-4b29-a305-c77838779afb,IG Story,VIDEO,13.2.2026 7:26:08,🖐🏼,https://www.instagram.com/stories/vsefalcons/3831476128489953096,555,692,,,2
@riderspardubice,instagram,4d6a67ab-9313-4f77-a82e-abb18adbca5d,0181021b-421b-4fe5-ac9d-0187747f5f40,IG Story,VIDEO,4.4.2026 13:01:23,,https://www.instagram.com/stories/riderspardubice/3867883651950455030,,728,,,
@hc_muni,instagram,43cd62c8-609d-4ea6-8ce9-cae5242ede0c,0de23c1c-b02a-4d04-bfac-60c0b3c63a6c,IG Story,VIDEO,15.4.2026 18:57:20,DĚKUJEME VŠEM💙,https://www.instagram.com/stories/hc_muni/3876035424682958257,,366,,,
@cvutengineers,instagram,11963a07-7f0f-48e6-9d81-aa63a7ff4a04,b7832d1d-0583-42a0-9376-0e5247799b5a,IG Reel,VIDEO,17.4.2026 18:16:07,"💙🦁DRŽÍME VŠECHNY PALCE!!!!!

Pošli lva pro štěstí do komentářů! ⤵️",https://www.instagram.com/reel/DXPhBhFDNEK/,,11346,253,,14
vsefalcons,instagram,709fceba-e311-48e7-9057-f54a587abf4a,062858fe-1e53-4779-bf34-bd85faa19dfb,IG Reel,VIDEO,9.12.2025 21:50:18,Nejprve vyrovnal 2️⃣1️⃣ vteřin do konce… pak rozhodl. @michal.danniel 🔥,https://www.instagram.com/reel/DSDuxieiAyW/,,10507,317,2,7
@riderspardubice,facebook,f99ed6c3-17cc-46f4-a32e-d9b0576ce2df,df7ef1f4-cfa4-4840-ab3a-4e0fbe322a52,FB Video,VIDEO,3.4.2026 16:00:24,"Čistá hlava, čistá hra 🔥🥵
@garnier_czsk",https://www.facebook.com/reel/1903017330349491/,684,215,4,,
@VUTCavaliersBrno,facebook,3351b43e-4b71-442b-b2f1-920cd6e57ee5,17390d28-c922-4b51-9eb3-f742bab5345a,FB Video,VIDEO,4.4.2026 9:10:25,"Právě nám začíná mezisezónní období, na které se můžeme plně vybavit díky našemu partnerovi @sportega.cz 🏸
Pokud i vy sháníte nové sportovní vybavení, doporučujeme navštívit jejich pobočku📍Křenová 26 Brno
Veškerý sortiment si tam můžete vyzkoušet, abyste měli jistotu, že vám zvolená výbava bude plně vyhovovat😌 Za nás prostě 🔝topka🙌",https://www.facebook.com/reel/962230096270154/,385,134,2,,
@univerzitnihokej,instagram,1e114592-3529-4cfe-9977-2598454053af,a39196f1-91d1-4b46-8baf-db3233a56f13,IG Reel,VIDEO,12.3.2026 19:04:24,Kdo dneska vyhraje finále @bitvaoprahu ?👀,https://www.instagram.com/reel/DVy6ArAiBtD/,,30031,500,1,215
@akademiciplzen,instagram,65494228-95bf-4f7b-8e68-d47d7262db66,ca13c94c-cfe0-4c70-a60f-b4bae8255e8e,IG Story,VIDEO,20.8.2026 19:55:01,HOŘÍ! 🥳 ODNÁŠÍME SI PRVNÍ VÝHRU 5 : 2 👉🏻,https://www.instagram.com/stories/akademiciplzen/3968130065246256701,,702,,,1
@riderspardubice,instagram,4d6a67ab-9313-4f77-a82e-abb18adbca5d,62d2f4b1-d2ef-4da1-b975-09b61665271b,IG Story,VIDEO,17.4.2026 16:39:19,🤏,https://www.instagram.com/stories/riderspardubice/3877415332789150266,,881,,,
@united_hk,instagram,b18c071b-0570-48b2-b743-990c668c3c5b,bc884781-f499-47a8-90aa-14feb8a1f47a,IG Post,PHOTO,31.3.2026 7:51:49,"🔥 Dnes začíná bitva o Final Four.

PLAY-IN.

Jeden zápas, který rozhodne všechno.

Vyhraješ a zůstáváš ve hře.
Prohraješ a sezóna končí.

Dnes jdeme ALL IN.

Drž nám palce.🖤🧡

#unitedhk #unihokej #uhk #hradeckralove",https://www.instagram.com/p/DWioLE7CPCb/,,7331,99,,11
vsefalcons,instagram,709fceba-e311-48e7-9057-f54a587abf4a,bd711ab0-dd5c-4add-bc4a-03904e73d707,IG Story,IMAGE,30.3.2026 9:28:29,"“zítra nejdu na hokej, o nic nejde”
doslova já:",https://www.instagram.com/stories/vsefalcons/3864152663579480034,691,823,,,7
@cvutengineers,instagram,11963a07-7f0f-48e6-9d81-aa63a7ff4a04,f192ba36-e88d-4396-beef-08c87a30502a,IG Post,PHOTO,25.3.2026 7:41:04,"GAMEDAY | Poslední zápas základní části je tady! 🔥

Dnešní večer bude speciální ✨. Na ledě se naposledy v rámci základní části představí několik hráčů, kteří se po sezoně rozloučí s Engineers 🥺. Přijď jim vyjádřit respekt 🫶🏻 a podpořit nás. 

⏰ 20:00
📍 Zimní stadion Hvězda 
🎟️ Odkaz v biu",https://www.instagram.com/p/DWTJVQtjIwf/,,4978,113,,14
@univerzitnihokej,instagram,1e114592-3529-4cfe-9977-2598454053af,0983c683-556c-4511-8dfc-21b1c8d83ba6,IG Story,VIDEO,12.4.2026 11:51:13,,https://www.instagram.com/stories/univerzitnihokej/3873646544889054856,,1330,,,
vsefalcons,instagram,709fceba-e311-48e7-9057-f54a587abf4a,2d0961f8-0eed-4f62-a517-c00c73c5148c,IG Story,VIDEO,12.2.2026 13:15:36,OSMIFINÁLE ✅ 🤝🏼 @czufarmers,https://www.instagram.com/stories/vsefalcons/3830927284811389134,708,708,,,2
@hc_muni,instagram,43cd62c8-609d-4ea6-8ce9-cae5242ede0c,3f75e464-787b-4ea7-891e-91f57f62ffd4,IG Post,PHOTO,25.3.2026 21:34:10,"Konec dobrý, všechno dobré 🐻💙 Rozloučení se sezonou jak má být 

#hcmuni",https://www.instagram.com/p/DWUpEv-Dqln/,,5400,262,2,36
vsefalcons,instagram,709fceba-e311-48e7-9057-f54a587abf4a,a4da78ca-9d77-4f36-a4b2-68ff4ec542ca,IG Post,CAROUSEL_ALBUM,8.3.2026 13:52:57,"Holky, tenhle je pro vás 😘

S váma je ten hokej o něco hezčí 🌷 děkujeme, že vás máme!",https://www.instagram.com/p/DVoDXAxiCqY/,,5499,189,4,14
vsefalcons,instagram,709fceba-e311-48e7-9057-f54a587abf4a,f41715ed-415c-4299-a3b1-394fc40bc89f,IG Story,VIDEO,17.4.2026 13:14:15,,https://www.instagram.com/stories/vsefalcons/3877312075785573464,953,1068,,,
@riderspardubice,instagram,4d6a67ab-9313-4f77-a82e-abb18adbca5d,5878312d-7dd3-4b59-ac0c-cc4815a224fd,IG Reel,VIDEO,5.8.2026 7:51:46,"Je nám jasný, že vás zajímá, jak se kluci připravovali na letošní sezonu🤔 
Tak tady máte přehled😎",https://www.instagram.com/reel/DbppBkaxST6/,,6650,164,,34
@univerzitnihokej,instagram,1e114592-3529-4cfe-9977-2598454053af,70cfec7a-3638-43d7-9799-73f9c35e2c3d,IG Post,IMAGE,12.4.2026 8:24:54,"Šanci na poslední volné místo ve Final Four dnes dostávají Black Dogs a Riders 🙌🏼
Kdo z nich ji využije a doplní tak finálovou čtyřku? 🥵",https://www.instagram.com/p/DXBlo5_iLmO/,,3810,76,,13
vsefalcons,instagram,709fceba-e311-48e7-9057-f54a587abf4a,0315b82b-7b80-4374-9c16-9bdda3d78071,IG Story,VIDEO,8.2.2026 17:47:10,"LUKÁŠ
NOVÁK 93",https://www.instagram.com/stories/vsefalcons/3828164864699319733,,1287,,,1
univerzitnihokej,tiktok,01c88cf9-594f-408e-a45a-95114221acae,e5160e91-eb87-4539-81e6-fb11cfd366d5,TT Video,VIDEO,10.4.2026 15:26:06,"Pražáci, jste ready? 👀🔥 Dvě Bitvy o Prahu nestačily… tak si dáme ještě jedno opáčko. Ale tentokrát o titul celé ligy! 🏆 Ať fandíš UK, ČVUT nebo VŠE – tvůj tým tě potřebuje. 🗓️ 16.-17. dubna | 📍Zimní stadion Eden 🎟️ finalfour.cz",https://www.tiktok.com/@univerzitnihokej/video/7627152206835404035?utm_campaign=tt4d_open_api&utm_source=7348986504397455361,,1049,76,,1
vsefalcons,instagram,709fceba-e311-48e7-9057-f54a587abf4a,274d68ef-d025-4d15-9d75-e66acb64cf85,IG Story,VIDEO,22.4.2026 13:12:27,FINAL FOUR jdeme opět do ⚽️,https://www.instagram.com/stories/vsefalcons/3880934909162350363,1129,1141,,,41
@united_hk,instagram,b18c071b-0570-48b2-b743-990c668c3c5b,3e8365bf-0dff-4cf0-bb7e-0b67bc9a475c,IG Story,IMAGE,9.4.2026 13:03:11,,https://www.instagram.com/stories/united_hk/3871508452270975321,,624,,,
@united_hk,instagram,b18c071b-0570-48b2-b743-990c668c3c5b,54be7439-b54c-414b-8e5b-9e15eda5090f,IG Post,IMAGE,11.4.2026 18:49:00,"Po dvou sezonách se s UNIted HK loučí i naše fyzioterapeutka Tereza Macholdová.

Terka se během svého působení stala důležitou součástí realizačního týmu a její odborný dohled několikrát pomohl nejen hráčům, ale občas i vedení. No jo… už nejsme nejmladší. 🙂

UNIted HK reprezentovala i na Viking Cupu v Kanadě jako součást výběru Univerzitní ligy ledního hokeje.

Teď ji čekají nové životní výzvy spojené s dokončením studia na Lékařské fakultě UK a návratem do rodného města.

Terko, děkujeme za vše, co jsi pro UNIted HK udělala, a přejeme ti hodně štěstí do další životní kapitoly.

🖤🧡

#unitedhk #unihokej #hokej",https://www.instagram.com/p/DXAILUeiDBV/,,11535,193,4,25
@riderspardubice,instagram,4d6a67ab-9313-4f77-a82e-abb18adbca5d,5703aa0f-30f6-4017-a84d-7780134cde01,IG Story,VIDEO,26.8.2026 18:41:35,@stagr20 💨,https://www.instagram.com/stories/riderspardubice/3972422644096112050,,1190,,,1
@univerzitnihokej,facebook,01b45180-0b14-4a14-96e8-d0a4bab1fb9f,8da04b00-1406-4ab5-86b0-40cb3ab5b6f2,FB Post,IMAGE,8.4.2026 21:46:26,"Co zápas, to kino! 🍿 Známe tři účastníky historicky prvního Final Four 🥵

Falcons ovládli výlet v Budějcích, Kings si vyzkoušeli Eden nanečisto a Engineers urvali výhru po dramatických samostatných nájezdech 🔥",https://www.facebook.com/1275398168115026/posts/1281496504171859,794,,7,,
@218107044725785,facebook,7a942e3e-6c47-4794-9ba7-bbc7b6d40cb3,b100f46d-fd8a-4362-a872-4fdbde305c1f,FB Video,VIDEO,14.4.2026 7:17:56,"Party moves, které oživí každou afterku🕺🏽

A dokonce i tu, co bude po @unihokejfinalfour 🤪 Ve čtvrtek i v pátek na vás čeká party přímo vedle zimáku 🥂 Tak vem kámoše a prodlužte si večer 🤘🏼

🎟️ Lístky kupujte na finalfour.cz",https://www.facebook.com/reel/851836427931147/,580,285,10,,
@riderspardubice,instagram,4d6a67ab-9313-4f77-a82e-abb18adbca5d,d32bcfc7-c068-4a6f-9788-a4cb1d8241e7,IG Story,VIDEO,8.4.2026 19:03:01,"KOMERČNÍ 
PŘESTÁVKA 👀 @garnier_czsk",https://www.instagram.com/stories/riderspardubice/3870964847807153276,,559,,,1
@VUTCavaliersBrno,facebook,3351b43e-4b71-442b-b2f1-920cd6e57ee5,4919669b-2ccc-4d81-9c12-971cfcf37d79,FB Video,VIDEO,21.3.2026 12:20:53,Fanoušci mají vždycky pravdu!,https://www.facebook.com/reel/1632695977923963/,1368,725,3,,
@boostrava,instagram,1176ddaf-d366-48a2-9639-3c6694c72c85,6f168423-c70e-4c62-915c-52aed185e8ba,IG Post,IMAGE,4.3.2026 5:22:33,"🔥GAME DAY🔥 Jedeme do BRNA
@vutcavaliersbrno x @boostrava 
Kdo si odnese 3 body?",https://www.instagram.com/p/DVc1ev9jP2j/,,1881,25,,2
@hcmuni,facebook,d1f9e9f9-7526-42d4-85aa-13f91e89f7cf,c45c08bd-fcdc-40c9-82d7-bf6910476b15,FB Post,PHOTO,25.3.2026 12:27:27,"🔥 GAME DAY IS HERE🔥
Poslední brněnské derby téhle sezóny je tady, tak si ho pojďme společně pořádně užít a udělat randál! 🐻🥁

Lístky koupíte👇🏻

https://hcmuni.enigoo.cz/app/tickets/events/136

#hcmuni",https://www.facebook.com/1581741777288398/posts/1575676091228300,267,,4,,
vsefalcons,instagram,709fceba-e311-48e7-9057-f54a587abf4a,4cf05b5d-ebc3-4daa-a966-3c216e0b049a,IG Story,VIDEO,8.6.2026 13:44:57,MONDAY DRILL 🥵,https://www.instagram.com/stories/vsefalcons/3915015850474142488,,1018,,,11
vsefalcons,instagram,709fceba-e311-48e7-9057-f54a587abf4a,6ea49123-5037-4c51-88e5-8eef0e1b1db3,IG Story,VIDEO,13.2.2026 13:35:58,🤹🏻‍♂️ @hamrbrmbrm13,https://www.instagram.com/stories/vsefalcons/3831662305474037144,904,904,,,4
vsefalcons,instagram,709fceba-e311-48e7-9057-f54a587abf4a,f86708a7-3fa9-4f83-a923-53d47904c8a0,IG Story,VIDEO,9.3.2026 11:01:35,MÁME TU DNES NĚKOHO NA ŽIŽKOVĚ? 🤔,https://www.instagram.com/stories/vsefalcons/3848979201252677441,868,,,,1
@bitvaoprahu,facebook,75e0f41f-82be-4f82-a77b-82ac11135ed2,58ad3b11-1520-43c8-953c-6db445a48169,FB Post,IMAGE,12.3.2026 19:07:56,"Druhý bronz a vedle toho důležité tři body v boji o @unihokejfinalfour ! 🆕🔜

Gratulujeme @vsecz 🤍 a přejeme hodně štěstí v nadcházejícím play off. 🔥 #bitvaoprahu & @deloittecz",https://www.facebook.com/1441262177797849/posts/1420329453224455,173,,1,,
vsefalcons,instagram,709fceba-e311-48e7-9057-f54a587abf4a,79fe8708-7192-40d7-b11f-097aca5a1b03,IG Reel,VIDEO,9.12.2025 7:58:59,It's timeee…dnes nás čeká vánoční zápas proti @ukkingsprague 😮‍💨 Přijďte nás podpořit a užít si vánoční atmosféru na Hvězdu! 🎄⭐️,https://www.instagram.com/reel/DSCP85bCEzR/,,5567,93,,5
@akademici_plzen,tiktok,8f78cb3d-9c53-4c33-9f39-e6526fd8fa1c,84a66fd0-3cb5-4775-b170-26bd3e8a3c15,TT Video,VIDEO,30.3.2026 16:06:48,"Pokud máš hlad jako Ženda, dej si Zott a buď dobrej! 😎😋 #zott #zotthungry #hungrydrinkthis",https://www.tiktok.com/@akademici_plzen/video/7623080773108698390?utm_campaign=tt4d_open_api&utm_source=7348986504397455361,,1765,100,,13
@vutcavaliersbrno,instagram,b384bebf-72f3-4f9d-8b2d-3677709f6966,771ec6f1-b011-4352-b435-e5361fe95472,IG Post,IMAGE,4.3.2026 10:31:20,"GAMEDAY 🔥
V boji o důležité tři body dnes vyzveme @boostrava 👈 
Přijď nás podpořit 🏒
🚌 Doprava zajištěna",https://www.instagram.com/p/DVdY6HSiM9u/,,1106,17,,
vsefalcons,instagram,709fceba-e311-48e7-9057-f54a587abf4a,1905fa18-a872-46f7-8062-029c955cc139,IG Story,VIDEO,31.3.2026 14:19:45,TRADIČNÍ BRAZILKA ⚽️,https://www.instagram.com/stories/vsefalcons/3865024052398186634,1102,1066,,,1
@univerzitnihokej,instagram,1e114592-3529-4cfe-9977-2598454053af,585c0050-8dbf-4aab-a689-144e30b70afa,IG Post,IMAGE,9.4.2026 10:26:01,VŠE Falcons přiletí 16.4. taky do Edenu! 🦅 Vstupenky na finalfour.cz 🎟️,https://www.instagram.com/p/DW6FHYnCNh7/,,8915,177,1,16
@vutcavaliersbrno,instagram,b384bebf-72f3-4f9d-8b2d-3677709f6966,91377ccf-b319-4528-968d-f57d82a573fe,IG Story,VIDEO,30.8.2026 14:26:46,,https://www.instagram.com/stories/vutcavaliersbrno/3975193465717264339,,747,,,1
@218107044725785,facebook,7a942e3e-6c47-4794-9ba7-bbc7b6d40cb3,4916c3e5-6887-4e0b-b129-07ef2783eed9,FB Post,IMAGE,13.3.2026 18:21:10,"Včera to byl samej úsměv 🫶🏼 největší poděkování patří vám, že jste v tom s námi a ženete nás dopředu 🩵 

Teď už zapínáme pásy a letíme dááál 🦅",https://www.facebook.com/122282816036218300/posts/122278687778218300,570,,20,,
vsefalcons,instagram,709fceba-e311-48e7-9057-f54a587abf4a,26db095c-61c3-419b-aa80-6ff45e66a2fb,IG Story,IMAGE,13.3.2026 16:21:36,,https://www.instagram.com/stories/vsefalcons/3852039360728300298,,823,,,
vsefalcons,instagram,709fceba-e311-48e7-9057-f54a587abf4a,428d2565-d69d-4057-89e8-0641587006a8,IG Story,VIDEO,20.4.2026 16:33:30,VOUSY DOLE A HNED TO JSOU ZAS FEŠÁCI 🫦 🤩,https://www.instagram.com/stories/vsefalcons/3879586670987193178,889,916,,1,4
@riderspardubice,instagram,4d6a67ab-9313-4f77-a82e-abb18adbca5d,feec72b1-03c4-480c-8ae3-b7ca7879052b,IG Story,VIDEO,17.4.2026 13:16:25,PŘED ZÁPASEM SE ODEHRÁL MANAŽERSKÝ HOKEJ 🔥 🏒,https://www.instagram.com/stories/riderspardubice/3877313173284213240,,1133,,,
vsefalcons,instagram,709fceba-e311-48e7-9057-f54a587abf4a,86b69f1c-72a3-43cc-b554-26bafc8b0311,IG Story,VIDEO,3.3.2026 18:37:17,PARTNEREM DNEŠNÍHO UTKÁNÍ JE  @mosteckamontazni 👷🏽‍♂️ 🦺,https://www.instagram.com/stories/vsefalcons/3844860152646206821,779,960,,,1
@univerzitnihokej,instagram,1e114592-3529-4cfe-9977-2598454053af,649f0547-3d64-4f4f-a906-c89892c88bd5,IG Story,VIDEO,8.4.2026 8:52:58,NĚCO DNESKA SPUSTÍME 🤫 @unilifecz,https://www.instagram.com/stories/univerzitnihokej/3870657724476341103,,1600,,,1
@boostrava,instagram,1176ddaf-d366-48a2-9639-3c6694c72c85,3226f12c-549c-4082-8ac0-813a6e0db689,IG Story,VIDEO,20.8.2026 16:07:44,1. TŘETINA NOVÝ JIČÍN  BO OSTRAVA,https://www.instagram.com/stories/boostrava/3967996529679825992,,662,,,2
@hcmuni,facebook,d1f9e9f9-7526-42d4-85aa-13f91e89f7cf,bbd654f4-8c92-4026-8112-35ec4f753857,FB Post,PHOTO,23.3.2026 8:09:52,"Hokej na ledě možná skončil, ale na parketu to teprve začíná! 🏒🔥 Nenech si ujít AFTERPARTY v @maisonclublounge 
Doraž a pojďme společně sezónu zakončit v tom největším stylu!💙

💥 A vstup? Jen za „kilečko“ (100kč)! Lístky bereš rovnou na místě, žádnej stres📍

Na suchu taky nezůstaneš!!! 🥂🍹
Velké panáky za 20kč
Speciální drinky za 120kč

#hcmuni",https://www.facebook.com/1581741777288398/posts/1573577611438148,496,,2,,
@riderspardubice,instagram,4d6a67ab-9313-4f77-a82e-abb18adbca5d,10733b4b-d158-47cd-8f21-3a72a49e2114,IG Reel,VIDEO,17.4.2026 16:18:38,"Chvilku pro sebe 🫂
@63skorpiz & @radek_bednar_",https://www.instagram.com/reel/DXPTkIuDCJx/,,6947,237,,16
@cvutengineers,instagram,11963a07-7f0f-48e6-9d81-aa63a7ff4a04,18e6316a-2694-458a-a018-99e47ad0b56f,IG Story,VIDEO,12.4.2026 14:04:05,"Ve Final Four se potkáme 
s @vsefalcons 🤩",https://www.instagram.com/stories/cvutengineers/3873713443694209126,,894,,,7
vsefalcons,instagram,709fceba-e311-48e7-9057-f54a587abf4a,2d19371b-a079-4d77-bb6d-34793ffc456f,IG Reel,VIDEO,24.2.2026 9:31:41,"Survivor mode: ON 🥊

Druhý díl @survivorcs_official již dnes na Kateřinkách od 19:45! 🏝️",https://www.instagram.com/reel/DVIrWaziD9R/,,3797,49,,3
@riderspardubice,facebook,f99ed6c3-17cc-46f4-a32e-d9b0576ce2df,6da5cdb8-0e75-4291-a365-340a280540ac,FB Video,VIDEO,5.9.2026 10:01:41,"Pokud máš 8.9. čas, tak přijď na 5. ročník benefičního festivalu pro @farma_u_veselyho_psa a podpoř dobrou věc!🐶

U nás si můžeš zastřílet na branku a pokecat s našimi hráči!🔥 

Budeme se těšit!❤️",https://www.facebook.com/reel/923640543665456/,375,100,2,,
vsefalcons,instagram,709fceba-e311-48e7-9057-f54a587abf4a,84af9be2-0f49-4d86-b007-5e17d6dd086d,IG Story,VIDEO,12.2.2026 19:56:28,TĚŠÍME SE NA TEBE! 💙,https://www.instagram.com/stories/vsefalcons/3831129012949237539,574,746,,1,2
vsefalcons,instagram,709fceba-e311-48e7-9057-f54a587abf4a,e9b859c2-eb66-4f35-8dce-36e886c19236,IG Story,VIDEO,12.3.2026 18:22:33,,https://www.instagram.com/stories/vsefalcons/3851375522974551225,1329,1008,,,
@univerzitnihokej,facebook,01b45180-0b14-4a14-96e8-d0a4bab1fb9f,84f962d5-9561-45e8-afcb-d516a66b2984,FB Post,IMAGE,12.3.2026 21:07:06,Tak který tým si odnesl víc peněz? 💰,https://www.facebook.com/1275398168115026/posts/1259782893009887,449,,,,
@united_hk,instagram,b18c071b-0570-48b2-b743-990c668c3c5b,3103bf73-1b0b-4344-8d27-069fa20eb6ee,IG Story,VIDEO,12.8.2026 14:32:52,,https://www.instagram.com/stories/united_hk/3962150555203710031,,484,,,
vsefalcons,instagram,709fceba-e311-48e7-9057-f54a587abf4a,705a5d2e-a543-457c-bcdd-543cc44a4712,IG Story,VIDEO,8.4.2026 18:40:19,4:0,https://www.instagram.com/stories/vsefalcons/3870953415685755219,959,790,,,3
@akademiciplzen,instagram,65494228-95bf-4f7b-8e68-d47d7262db66,11a6b6eb-eda2-4a4d-8917-b01865e331c2,IG Reel,VIDEO,1.4.2026 11:55:58,"🐣 SOUTĚŽ O DRESY 🏒

Najdi dnes na stadionu schované vajíčko, dones ho moderátorovi a nový dres je tvůj! 👀

V tomhle fitu budeš na všech zápasech za hvězdu. ⭐️
A pozor… tohle není jediná dnešní nadílka 🤫
Doraz na zápas a zjistíš víc.

#akademiciplzen 💙",https://www.instagram.com/reel/DWloHNUDKSm/,,12312,256,2,65
@akademiciplzen,instagram,65494228-95bf-4f7b-8e68-d47d7262db66,78b28e26-7b8e-474a-8357-b1a1099b0596,IG Story,VIDEO,20.8.2026 17:57:52,2 0 : ZVYŠUJE @dejv_hynek  DAVID HYNEK 🌶️,https://www.instagram.com/stories/akademiciplzen/3968051975593678400,,1511,,,8
vsefalcons,instagram,709fceba-e311-48e7-9057-f54a587abf4a,e79a1740-3f8e-4657-80f0-931153a33455,IG Story,IMAGE,12.3.2026 18:53:42,"9 4 Lev
Fibigr",https://www.instagram.com/stories/vsefalcons/3851391140658444690,1317,1021,,,4
@univerzitnihokej,instagram,1e114592-3529-4cfe-9977-2598454053af,6dbe13bf-ad4b-4a53-bc01-001cc1f5d979,IG Story,VIDEO,8.4.2026 17:48:53,UTKÁNÍ ODSTARTOVALO UŽ I NA,https://www.instagram.com/stories/univerzitnihokej/3870927480886423230,,841,,,1
vsefalcons,instagram,709fceba-e311-48e7-9057-f54a587abf4a,deca305e-0b44-4d93-968d-c849801c6def,IG Post,IMAGE,4.8.2026 14:51:47,Ulovili jsme pár momentek z letních prázdnin 🏖️ Poslední dny odpočinku a v pondělí 10.8. naskakujeme zpátky na led hledat nové Falcons tváře! 🦅,https://www.instagram.com/p/Dbn0iRjCFYp/,,4979,113,1,47
@univerzitnihokej,instagram,1e114592-3529-4cfe-9977-2598454053af,1ab5d12f-2c0e-4948-b3b8-085090ba1695,IG Reel,VIDEO,9.4.2026 17:22:19,@ukkingsprague si daji 16.4. opáčko v Edenu na @unihokejfinalfour 🎟️ Tentokrat už budou bojovat o titul a pohár Jana Palacha! 🏆 Vstupenky na finalfour.cz,https://www.instagram.com/reel/DW60AUuCBbG/,,10045,178,1,16
@akademiciplzen,instagram,65494228-95bf-4f7b-8e68-d47d7262db66,667593c0-e08f-4a0b-b17b-e9635b63a3ac,IG Story,VIDEO,10.4.2026 17:17:24,STŘÍPKY ze včerejšího bruslení 🏒,https://www.instagram.com/stories/akademiciplzen/3872361242195452947,,854,,,
vsefalcons,instagram,709fceba-e311-48e7-9057-f54a587abf4a,a80fbb0f-9be1-437d-925f-efe187194e12,IG Story,VIDEO,7.2.2026 21:12:15,PŘÍŠTÍ ZÁPAS UŽ V ÚTERÝ 🎟️ 🦅,https://www.instagram.com/stories/vsefalcons/3827543282444416976,,992,,,
@hcnorthwings,facebook,2b08a479-603b-46e4-8a48-2bc0435ccd53,c6a73e81-44e4-427d-a428-bb04372ee173,FB Video,VIDEO,4.3.2026 20:48:53,🎤 | Pozápasové ohlasy z 23. kola @univerzitnihokej v podání @hcnorthwings (Oldřich #Vojíř) #univerzitnihokej,https://www.facebook.com/reel/942427535409296/,755,301,2,,
@akademiciplzen,instagram,65494228-95bf-4f7b-8e68-d47d7262db66,5857362a-395b-4150-ad7d-13a199e3a7ea,IG Story,VIDEO,6.4.2026 21:19:25,☀️ 🤝🏻 AKADEMICI SUMMER CITY FEST MY BUDEME U TOHO! a ty?,https://www.instagram.com/stories/akademiciplzen/3869583871302185763,,361,,,
vsefalcons,instagram,709fceba-e311-48e7-9057-f54a587abf4a,5eb69b9e-73e8-4bde-94fc-fcad3ac02273,IG Story,VIDEO,17.2.2026 22:45:33,@michal.danniel 🎤,https://www.instagram.com/stories/vsefalcons/3834838069413464803,1007,1316,,,3
vsefalcons,instagram,709fceba-e311-48e7-9057-f54a587abf4a,81cd3151-da86-45b7-827e-161d4bc8b5ea,IG Reel,VIDEO,8.6.2026 14:17:14,they counting down the days until summer training ends 💀 #icehockey #vsefalcons #,https://www.instagram.com/reel/DZU_CzRI38q/,,1446,35,,2
@bitva_o_budejce,instagram,f977c0af-061e-4c10-813f-da5818f8a748,be5fea1b-3333-4e7d-8688-6326386a8931,IG Story,VIDEO,1.9.2026 12:32:03,,https://www.instagram.com/stories/bitva_o_budejce/3976585245482598081,,4487,,,34
@218107044725785,facebook,7a942e3e-6c47-4794-9ba7-bbc7b6d40cb3,ee46d7d0-8301-4f26-b637-c813e8ddedc1,FB Post,IMAGE,8.4.2026 18:45:30,"Sen, který jsme měli od začátku sezóny. A teď ho žijem, tady a teď, s váma ❤️

Falcons, vidíme se za týden v Edenu! @unihokejfinalfour 🥹",https://www.facebook.com/122282816036218300/posts/122283039152218300,1565,,22,,
vsefalcons,instagram,709fceba-e311-48e7-9057-f54a587abf4a,77a1690f-ba0d-4cf7-b0b0-e5a31d0bc59b,IG Story,IMAGE,20.1.2026 14:04:50,,https://www.instagram.com/stories/vsefalcons/3814282210920923140,,1265,,,8
@riderspardubice,instagram,4d6a67ab-9313-4f77-a82e-abb18adbca5d,987e4f2f-cca1-4694-890c-0da6aa54b44a,IG Story,VIDEO,2.4.2026 7:57:21,"ROZHÝBEJME UNIVERZITU 
V PLNÉM PROUDU!",https://www.instagram.com/stories/riderspardubice/3866281110959607889,,649,,,
@cvutengineers,instagram,11963a07-7f0f-48e6-9d81-aa63a7ff4a04,b45b2a37-b1fd-44b0-b93b-4c93925b233f,IG Story,VIDEO,3.4.2026 6:31:32,NÁS DĚLÍ OD FINAL FOUR JEDEN JEDINEJ ZÁPAS…,https://www.instagram.com/stories/cvutengineers/3866962660663527435,,1012,,,5
@bitvaoprahu,instagram,d7c8aa06-74fb-4c6c-a7d2-c2fe1bf6d59c,cd68c94c-f940-4d5e-bfd4-8c603327da43,IG Reel,VIDEO,12.3.2026 21:52:41,"URAGÁN JMÉNEM UK! 🤯🔥

#UKP ⚔️ #ENG | @k.chymo 🚨| #bitvaoprahu",https://www.instagram.com/reel/DVzMzrTjH0E/,,29063,621,5,25
vsefalcons,instagram,709fceba-e311-48e7-9057-f54a587abf4a,cfd136aa-d061-40b5-817d-6bb06a839def,IG Post,IMAGE,8.4.2026 18:45:14,"Sen, který jsme měli od začátku sezóny. A teď ho žijem, tady s váma ❤️

Falcons, vidíme se za týden v Edenu! @unihokejfinalfour 🥹",https://www.instagram.com/p/DW4Zc22iO1A/,,19081,416,10,64
@BOhokej,facebook,c9082543-a03b-490f-8f97-66d439acce89,3d263700-29a7-45ea-b7ab-9618ca3e10b2,FB Story,VIDEO,4.9.2026 7:09:18,,https://facebook.com/stories/100133738792962/UzpfSVNDOjEwOTkyODQ3MDk2Mzc1NzA=/?view_single=1,,,,,
@riderspardubice,instagram,4d6a67ab-9313-4f77-a82e-abb18adbca5d,7c5d6d4d-a807-487c-a259-cc51c57c968d,IG Reel,VIDEO,17.4.2026 14:54:39,Goalie 🥅❤️‍🔥,https://www.instagram.com/reel/DXPKK0JDCGF/,,6576,184,2,48
@cvutengineers,instagram,11963a07-7f0f-48e6-9d81-aa63a7ff4a04,e3d7e762-afb0-4f34-99f6-c5cd54939f33,IG Post,ALBUM,25.3.2026 19:26:26,"Do svého 1️⃣0️⃣0️⃣ zápasu dnes nastoupil také KUBA DOHNAL 👏🏼

Díky za všechny sezony, které jsi odehrál s naším znakem na hrudi. Zanechal si tu mnohem víc, než jen skvělé výkony na ledě. 

Přejeme ti jen to nejlepší. 🙏🏻
Jednou Engineer, navždy Engineer! 🦁",https://www.instagram.com/p/DWUbCaoDNkN/,,10573,348,2,7
@univerzitnihokej,facebook,01b45180-0b14-4a14-96e8-d0a4bab1fb9f,e85e3cce-f887-4735-8ade-78245a4370cd,FB Video,VIDEO,18.3.2026 17:36:11,"K hokeji to pivo prostě patří. 😎
A na unihokeji? Jedině @pivoproud 🍻",https://www.facebook.com/reel/1762766331349489/,456,75,,,
@218107044725785,facebook,7a942e3e-6c47-4794-9ba7-bbc7b6d40cb3,fe548f08-f6fb-4fb7-a08b-606e477cf85b,FB Video,VIDEO,17.4.2026 14:56:54,"all eyes on @cech.ondrejj & @drabek_adam 🤩

#vsefalcons #finalfour",https://www.facebook.com/reel/1117489860564163/,1050,344,14,,
@univerzitnihokej,facebook,01b45180-0b14-4a14-96e8-d0a4bab1fb9f,04c3caac-5f7e-4117-b503-dd8ebdaf93ee,FB Post,IMAGE,3.3.2026 21:52:38,Falcons se dnes vyspali lépe než včera a posílají Akademiky zpátky do Plzně bez bodů 🚌,https://www.facebook.com/1275398168115026/posts/1253206820334161,718,,4,,
@akademiciplzen,instagram,65494228-95bf-4f7b-8e68-d47d7262db66,be63d96b-b45c-4623-9102-3ddb05195531,IG Story,VIDEO,27.8.2026 18:27:43,JDEME DO FINÁLE! 👊🏻,https://www.instagram.com/stories/akademiciplzen/3973141185958830198,,821,,,
@united_hk,instagram,b18c071b-0570-48b2-b743-990c668c3c5b,052be284-1043-42ce-a98f-fd3bffb02244,IG Story,IMAGE,21.8.2026 11:59:52,,https://www.instagram.com/stories/united_hk/3968596523417266069,,512,,,
vsefalcons,instagram,709fceba-e311-48e7-9057-f54a587abf4a,dada7c29-8cc3-4f7e-b282-44be6844a5ae,IG Story,VIDEO,6.3.2026 16:41:37,,https://www.instagram.com/stories/vsefalcons/3846976008717129191,,863,,,3
@vutcavaliersbrno,instagram,b384bebf-72f3-4f9d-8b2d-3677709f6966,a8ae2573-45a7-4ee9-9043-bcdec4aaa6e7,IG Story,VIDEO,24.8.2026 12:20:49,,https://www.instagram.com/stories/vutcavaliersbrno/3970781392413415320,,629,,,1
@univerzitnihokej,instagram,1e114592-3529-4cfe-9977-2598454053af,be1c6d54-dbd5-4234-ac12-44f5a31be403,IG Story,VIDEO,15.4.2026 7:56:19,,https://www.instagram.com/stories/univerzitnihokej/3875702644752826411,,1420,,,43
vsefalcons,instagram,709fceba-e311-48e7-9057-f54a587abf4a,378e4355-6feb-48d7-b951-4da93c440f44,IG Story,IMAGE,14.3.2026 16:39:41,"2 2 Vosmík
Jobánek",https://www.instagram.com/stories/vsefalcons/3852773238459912020,757,719,,,
@riderspardubice,instagram,4d6a67ab-9313-4f77-a82e-abb18adbca5d,a2cbe3c2-a313-4d62-817e-6e8c28e105ee,IG Story,VIDEO,12.4.2026 14:55:00,,https://www.instagram.com/stories/riderspardubice/3873739046631810718,,1018,,,1
@akademiciplzen,instagram,65494228-95bf-4f7b-8e68-d47d7262db66,7cc9db3e-8be2-4ba8-a473-f0edb56ba1bf,IG Story,VIDEO,7.4.2026 11:41:37,BRUSLENÍ S AKADEMIKY SE BLÍŽÍ! ⛸️ @akademicifans,https://www.instagram.com/stories/akademiciplzen/3870017832549643955,,1127,,,5
@hcnorthwings,facebook,2b08a479-603b-46e4-8a48-2bc0435ccd53,459798c8-2d13-4aa4-a239-0e76985116e6,FB Story,VIDEO,4.3.2026 11:04:07,,,,,,,
@hcnorthwings,facebook,2b08a479-603b-46e4-8a48-2bc0435ccd53,9311e997-1264-4dd4-90df-de7b51bbc08f,FB Post,IMAGE,1.9.2026 17:26:31,"⚠️ UNIVERZITNÍ HOKEJ SE VRACÍ ⚠️

Léto rychle uteče, děcka se vrací do školních lavic, a to je vždy 🚨 pro Vás, že se vrací univerzitní HOKÉÉÉJ 🏒
21. září 2026 startuje liga a náš jízdní řád na září je následující:

🗓 středa 23/09/2026 venku s VUT CAVALIERS BRNO 

🗓 středa 30/09/2026 doma proti RIDERS UNIVERZITA PARDUBICE 

⚠️⚠️ Jooo, a taky UJEP slaví 35 let od svého vzniku, takže první domácí zápas bude speciální 💛💙

Sledujte nás, ať víte na co se těšit 🎁

#myjsmeujep #univerzitnihokej #hcnorthwings #icehockey",https://www.facebook.com/1583651910433365/posts/1731681675630387,1179,,7,,
@AkademiciPlzen,facebook,d87b94e3-03e8-45d0-b92e-75e9b819545c,cb3e00d8-a472-44c4-8d0d-4d746e4243a2,FB Post,IMAGE,26.3.2026 19:33:26,"Všechno nebo nic. 

#akademiciplzen",https://www.facebook.com/1357105236437494/posts/1352720673542617,317,,1,,
@riderspardubice,instagram,4d6a67ab-9313-4f77-a82e-abb18adbca5d,32ad6c6e-f9c7-4d59-b31f-976856047381,IG Story,VIDEO,2.4.2026 8:47:27,@foxconn_czech 👋,https://www.instagram.com/stories/riderspardubice/3866306292797454042,,611,,,
@univerzitnihokej,facebook,01b45180-0b14-4a14-96e8-d0a4bab1fb9f,511a3e43-b926-4f21-ba76-ae862060be70,FB Post,IMAGE,23.3.2026 21:45:50,"Black Dogs vystrčili růžky a seřezali krále tabulky 🫣 východní Čechy patří Hradci, připisují si 4. výhru proti Riders 💪🏼",https://www.facebook.com/1275398168115026/posts/1268692002118976,576,,3,,
@boostrava,instagram,1176ddaf-d366-48a2-9639-3c6694c72c85,bc7e2cf6-13c4-4dca-bb59-1b0739723f56,IG Story,VIDEO,20.8.2026 16:51:40,1:0 NASTUPUJEM DO 2.TŘETINY,https://www.instagram.com/stories/boostrava/3968018632370061756,,683,,,4
@cvutengineers,instagram,11963a07-7f0f-48e6-9d81-aa63a7ff4a04,39dc87ee-175f-414a-8195-725973dfb34f,IG Story,VIDEO,15.4.2026 17:11:44,📍 ENGINEERS HLÁSÍ PŘÍJEZD 🦁,https://www.instagram.com/stories/cvutengineers/3875982217797450174,,1205,,,5
@united_hk,instagram,b18c071b-0570-48b2-b743-990c668c3c5b,a74c4b69-e5fd-4625-80cb-54794294ae21,IG Story,VIDEO,13.4.2026 17:51:52,,https://www.instagram.com/stories/united_hk/3874552665648695075,,433,,,
@akademiciplzen,instagram,65494228-95bf-4f7b-8e68-d47d7262db66,e4d278c6-1e02-418b-97a9-87033630efc4,IG Story,VIDEO,1.4.2026 18:49:29,POŠLI ALBIMU ČTYŘLÍSTEK PRO ŠTĚSTÍ!,https://www.instagram.com/stories/akademiciplzen/3865884572642993566,,1135,,,
@riderspardubice,instagram,4d6a67ab-9313-4f77-a82e-abb18adbca5d,69fb7e24-95ac-444b-af51-7da981b1a78b,IG Story,VIDEO,31.3.2026 20:37:22,NYNÍ NÁS NA NAŠÍ CESTĚ DO FINAL FOUR ČEKÁ ZÁPAS VE FINÁLE PLAY-IN!,https://www.instagram.com/stories/riderspardubice/3865214057741840236,,617,,,
@riderspardubice,instagram,4d6a67ab-9313-4f77-a82e-abb18adbca5d,bb324ab6-6b6d-4d64-9eeb-210d8760f95e,IG Story,VIDEO,8.4.2026 19:27:25,1:1,https://www.instagram.com/stories/riderspardubice/3870977113059325267,,492,,,1
@akademici_plzen,tiktok,8f78cb3d-9c53-4c33-9f39-e6526fd8fa1c,28e9a08c-a018-4a73-85bb-2ea2e598f8c9,TT Video,VIDEO,9.3.2026 18:55:54,"Generální manažer a trenér @Dominik Beer v rozhovoru pro @ČT sport o tom, jak se @Univerzitní hokej 🏒 za poslední roky posunul. 🚀🚀🚀 #akademiciplzen",https://www.tiktok.com/@akademici_plzen/video/7615331568395062550?utm_campaign=tt4d_open_api&utm_source=7348986504397455361,,2454,110,,2
@riderspardubice,instagram,4d6a67ab-9313-4f77-a82e-abb18adbca5d,ba0b5211-6254-4387-9b25-5b5711bd557f,IG Story,VIDEO,12.4.2026 11:17:44,NÁŠ KOTLÍK NEZKLAMAL!,https://www.instagram.com/stories/riderspardubice/3873630573558559377,,1485,,,3
@univerzitnihokej,instagram,1e114592-3529-4cfe-9977-2598454053af,48f5fcf1-054c-484a-a513-119699ae1e3d,IG Story,IMAGE,17.4.2026 20:16:33,,https://www.instagram.com/stories/univerzitnihokej/3877524782114675731,,1269,,,
@univerzitnihokej,facebook,01b45180-0b14-4a14-96e8-d0a4bab1fb9f,dc3cf947-e852-4a7c-96b9-ea5a2d3436df,FB Video,VIDEO,5.3.2026 15:49:32,NEUVĚŘITELNÝ ZÁVĚR ZÁPASU 🫨 @akademiciplzen zvládli vstřelit rovnou dvě branky během jednoho prodloužení 👀,https://www.facebook.com/reel/2513070415806056/,96943,56735,471,,
@riderspardubice,facebook,f99ed6c3-17cc-46f4-a32e-d9b0576ce2df,f96e04de-2bef-467c-86b0-d00411e14408,FB Post,IMAGE,16.4.2026 8:20:06,"GAMEDAY 😎

🏒 SEMIFINÁLE
🆚 @ukkingsprague
📍 Zimní stadion Eden, Praha
🕓 16. dubna | 16:30

🎟️ Vstupenky koupíš přes odkaz v BIU!",https://www.facebook.com/1592662819534019/posts/1606075618192739,191,,2,,
vsefalcons,instagram,709fceba-e311-48e7-9057-f54a587abf4a,2f260989-01e3-450c-81ca-85d544f24608,IG Story,VIDEO,17.3.2026 9:01:10,,https://www.instagram.com/stories/vsefalcons/3854716794661566960,987,1228,,,
@hc_muni,instagram,43cd62c8-609d-4ea6-8ce9-cae5242ede0c,3162ce63-3b47-44c4-be1b-a1549e28f634,IG Story,VIDEO,11.4.2026 21:18:56,,https://www.instagram.com/stories/hc_muni/3873207587546518660,,209,,,
vsefalcons,instagram,709fceba-e311-48e7-9057-f54a587abf4a,3ebde160-fba7-4103-a2c5-35c92b45bad5,IG Story,VIDEO,28.3.2026 19:27:26,PLAY-IN MODE trénujeme i v sobotu 🫡 🔥,https://www.instagram.com/stories/vsefalcons/3863004569320044403,819,646,,,3
vsefalcons,instagram,709fceba-e311-48e7-9057-f54a587abf4a,819d4d1f-a82b-432d-8463-ea5437ffd55c,IG Story,VIDEO,31.3.2026 15:05:00,🤖 🦾 🦿,https://www.instagram.com/stories/vsefalcons/3865046788109541709,1040,944,,,2
@riderspardubice,instagram,4d6a67ab-9313-4f77-a82e-abb18adbca5d,ea36792d-74ce-490e-9f88-4a43a2894d9c,IG Story,IMAGE,17.4.2026 21:47:26,,https://www.instagram.com/stories/riderspardubice/3877570507734577739,,495,,,
@hc_muni,instagram,43cd62c8-609d-4ea6-8ce9-cae5242ede0c,f1da025a-6148-4da8-a042-5cb0cf659bdc,IG Post,IMAGE,16.3.2026 8:42:43,"Ve středu v 19:30 jdeme znovu do boje! 🔥
Přijď nás podpořit na Lužánky a pomoct vytvořit skvělou atmosféru! 🐻💙

Lístky koupíš u nás v biu 🎟️

#hcmuni",https://www.instagram.com/p/DV8Fk60jIdL/,,3606,48,,2
vsefalcons,instagram,709fceba-e311-48e7-9057-f54a587abf4a,30f9b115-6274-4fdf-ba03-f06599b83c95,IG Story,VIDEO,20.1.2026 17:53:19,❓ ❓ ❓,https://www.instagram.com/stories/vsefalcons/3814397205021227342,,1067,,,1
@united_hk,instagram,b18c071b-0570-48b2-b743-990c668c3c5b,3c614286-9e1c-42e8-af54-5331650daedc,IG Story,VIDEO,15.4.2026 12:53:52,,https://www.instagram.com/stories/united_hk/3875852413181657502,,510,,,3
@AkademiciPlzen,facebook,d87b94e3-03e8-45d0-b92e-75e9b819545c,69b00d4a-1e60-4653-8d20-147055644160,FB Video,VIDEO,7.9.2026 15:06:12,"V kabíně se nám rozmohl nějaký drb… 🤫
Prý se zítra v 10:00 stane něco velkého. Kluci si to šeptají od sprch až na led, ale nikdo to nechce říct nahlas… 👀

Tak dobře. Už to neutajíme.

🎟️ ZÍTRA v 10:00 startuje předprodej těch nejvýhodnějších vstupenek na Bitvu o Plzeň 2026!
Prvních 24 hodin za zvýhodněnou cenu 150 Kč (120 Kč s Unilife).

🚨 Novinka: Letos poprvé prodáváme MÍSTENKY! Vyber si své místo a zajisti sedadla celé partě.

⏰ Zítra v 10:00 buď u toho! 

#akademiciplzen",https://www.facebook.com/reel/1776633279917640/,440,248,6,,
@cvutengineers,instagram,11963a07-7f0f-48e6-9d81-aa63a7ff4a04,cc138d55-aad9-4238-b17c-5c882db1b01d,IG Post,IMAGE,8.8.2026 11:32:18,"Chceš se stát součástí týmu Engineers Prague? Přijď k nám na tryout ukázat, co v tobě je! 🦁

📅 15. srpna |📍 ZS Hvězda, Praha | ⏰ Sraz 18:00

Pokud jsi to ještě neudělal, tak své hokejové CV 
pošli na:
📩 janasek@engineersprague.cz

Těšíme se na tebe!",https://www.instagram.com/p/DbxwyaFsGBr/,,6403,102,,28
@riderspardubice,facebook,f99ed6c3-17cc-46f4-a32e-d9b0576ce2df,d7de6c70-ca9d-4ecd-bffc-bb72762a9323,FB Post,IMAGE,10.3.2026 19:51:35,"Další venkovní zápas!🤩

Venkovní zápas
🗓️ 17.3. v 19:30
📍 v RT Torax Arena 
⚔️ proti @boostrava 

#venkovnízápas#riders",https://www.facebook.com/1592662819534019/posts/1572927184840916,157,,1,,
@riderspardubice,instagram,4d6a67ab-9313-4f77-a82e-abb18adbca5d,266996db-60b5-4d2e-b508-557dc0afca57,IG Post,IMAGE,8.8.2026 11:09:35,"Už zítra se vidíme na @sportovni_park_pardubice 📍. Budeme tu od 8 až do 17h, takže neváhejte dorazit! 

Vidíme se!🐎",https://www.instagram.com/p/DbxuKyzIQps/,,3022,64,,9
@riderspardubice,facebook,f99ed6c3-17cc-46f4-a32e-d9b0576ce2df,4b3a33e3-f831-4d8e-a3b0-73fe3b21cec7,FB Video,VIDEO,16.4.2026 14:34:43,,https://www.facebook.com/reel/952393037372708/,775,245,10,,
@bitvaoprahu,instagram,d7c8aa06-74fb-4c6c-a7d2-c2fe1bf6d59c,73db16a7-1d4e-43d8-8332-afbbcfb48753,IG Post,IMAGE,9.3.2026 8:36:10,"Jídlo a pití zdarma po celou dobu akce, ten nejlepší výhled a afterparty jako bonus? 🫨 To všechno může být ve čtvrtek tvoje, stačí se zapojit do soutěže!

PODMÍNKY:
1) označ do komentáře kámoše, kterýho chceš jako svýho VIP parťáka 🤝🏼
2) sleduj profil @bitvaoprahu 👈🏼

Soutěž probíhá do středy 10:00. Hodně štěstí! 🍀",https://www.instagram.com/p/DVqBtpxjKsE/,,21866,366,332,44
@cvutengineers,instagram,11963a07-7f0f-48e6-9d81-aa63a7ff4a04,1e62bda2-1261-416c-b4e5-3c761a0b52f1,IG Post,IMAGE,5.3.2026 19:28:41,"Kdo nepřišel, o hodně přišel 🤓 S Hradcem to bylo drama až do konce, ale o to líp to vítězství chutná 🤤

📸: @ondra_mann

#srdcelva #engprg",https://www.instagram.com/p/DVg7Zb4jJXd/,,6744,163,,3
@akademiciplzen,instagram,65494228-95bf-4f7b-8e68-d47d7262db66,29680abc-02bc-4122-a7b3-9cfa7cfbde67,IG Story,VIDEO,1.4.2026 19:13:53,GOOOOOOL! vyrovnáno!,https://www.instagram.com/stories/akademiciplzen/3865896822913113973,,1066,,,
vsefalcons,instagram,709fceba-e311-48e7-9057-f54a587abf4a,2fa8d8b8-d319-43e6-b190-c382bdec876f,IG Reel,VIDEO,8.1.2026 16:10:11,akorát že vůbec 😶‍🌫️,https://www.instagram.com/reel/DTQYFjfCG8D/,,20511,258,5,43
@akademiciplzen,instagram,65494228-95bf-4f7b-8e68-d47d7262db66,3a86626c-df6a-40d5-b631-72a4f66d5b78,IG Story,VIDEO,1.4.2026 16:47:14,,https://www.instagram.com/stories/akademiciplzen/3865823002340643151,,,,,
@univerzitnihokej,instagram,1e114592-3529-4cfe-9977-2598454053af,5b400470-5cf0-4fd4-af32-da017a9d3623,IG Story,VIDEO,8.4.2026 18:46:38,A KOMU FANDÍŠ TY? 🤔,https://www.instagram.com/stories/univerzitnihokej/3870956541616630210,,757,,,
@univerzitnihokej,instagram,1e114592-3529-4cfe-9977-2598454053af,ce947262-6d1b-42f1-a0a9-00b993c40f64,IG Story,VIDEO,8.4.2026 18:27:52,4 2,https://www.instagram.com/stories/univerzitnihokej/3870947087286297048,,745,,,
@hcnorthwings,facebook,2b08a479-603b-46e4-8a48-2bc0435ccd53,ea3abd1e-ad8b-4f07-b5f6-4f4249fd24da,FB Story,VIDEO,31.8.2026 14:02:02,,https://facebook.com/stories/101955925269645/UzpfSVNDOjMzMTEzMTg3MzIzOTI2ODc=/?view_single=1,,,,,
vsefalcons,instagram,709fceba-e311-48e7-9057-f54a587abf4a,ff0026c9-4816-471d-b724-44ff38a67f78,IG Story,VIDEO,13.3.2026 16:20:29,,https://www.instagram.com/stories/vsefalcons/3852038805368879881,878,839,,,2
@akademiciplzen,instagram,65494228-95bf-4f7b-8e68-d47d7262db66,08d836be-8680-4b7f-b19e-4a41e349b84f,IG Story,VIDEO,7.4.2026 17:44:02,VIDÍTE TO TAKY? 😯 @beerik09 🤝🏻 @tomas_ceperko,https://www.instagram.com/stories/akademiciplzen/3870200345054164727,,2285,,,3
@riderspardubice,instagram,4d6a67ab-9313-4f77-a82e-abb18adbca5d,57b174e1-a173-4b05-89e2-d8ac8f073d0a,IG Post,IMAGE,1.9.2026 9:42:12,"Druhý přípravný zápas nás čeká s VŠPJ Dukla Knights v Jihlavě!🔥

📅KDY: 2.9. v 20:00
📍KDE: Horácká arena Jihlava",https://www.instagram.com/p/DcvXBE6Ry_q/,,6029,133,,43
univerzitnihokej,tiktok,01c88cf9-594f-408e-a45a-95114221acae,836c53cb-6d87-4078-801a-3b9ed7a21f82,TT Video,VIDEO,16.4.2026 15:03:29,Příchod ve velkém stylu! 🔥,https://www.tiktok.com/@univerzitnihokej/video/7629372902089002242?utm_campaign=tt4d_open_api&utm_source=7348986504397455361,,753,73,1,
vsefalcons,instagram,709fceba-e311-48e7-9057-f54a587abf4a,8f5c480d-1f4b-419d-9a28-7eeecd7d1f11,IG Story,VIDEO,3.3.2026 23:29:15,"Jakub
HROUDA 🎙️",https://www.instagram.com/stories/vsefalcons/3845006955433741157,948,948,,2,5
@unitedhk,facebook,bfe6cc29-a387-41b9-9bca-b077722556af,c4e5703f-1dea-4fd1-b111-562877d10675,FB Post,PHOTO,31.3.2026 7:51:58,"🔥 Dnes začíná bitva o Final Four.

PLAY-IN.

Jeden zápas, který rozhodne všechno.

Vyhraješ a zůstáváš ve hře.
Prohraješ a sezóna končí.

Dnes jdeme ALL IN.

Drž nám palce.🖤🧡

#unitedhk #unihokej #uhk #hradeckralove",https://www.facebook.com/122180651084388974/posts/122180091506388974,273,,5,,
@boostrava,instagram,1176ddaf-d366-48a2-9639-3c6694c72c85,137a0935-0e25-4415-9054-ca6d4af8d1d8,IG Story,VIDEO,25.8.2026 9:30:00,,https://www.instagram.com/stories/boostrava/3971420188519976175,,703,,,33
@univerzitnihokej,instagram,1e114592-3529-4cfe-9977-2598454053af,3fa5a6e2-557d-49dd-8719-19d244398281,IG Post,IMAGE,8.3.2026 17:25:28,"Fuha, to byl týden 😮‍💨 Pro některé týmy obzvlášť ziskový, Engineers a Black Dogs si připsali rovnou 6 bodů. 🙌🏼",https://www.instagram.com/p/DVobrh1iOvT/,,3051,69,,2
vsefalcons,instagram,709fceba-e311-48e7-9057-f54a587abf4a,6a1e3d67-f60e-42a4-8dce-6ced95c3d9a7,IG Story,VIDEO,2.3.2026 18:40:36,,https://www.instagram.com/stories/vsefalcons/3844136789179115115,644,828,,,1
@riderspardubice,facebook,f99ed6c3-17cc-46f4-a32e-d9b0576ce2df,94f8c557-06a0-4401-8493-90e29638a8f5,FB Post,IMAGE,17.3.2026 21:47:52,Dnes povedený zápas v Ostravě! Odvážíme si do Pardubic 3 body!💪🏼,https://www.facebook.com/1592662819534019/posts/1579141367552831,137,,4,,
@united_hk,instagram,b18c071b-0570-48b2-b743-990c668c3c5b,992c2768-e9b7-430c-ae99-b9ba2d1c8b9f,IG Story,VIDEO,23.8.2026 16:28:33,,https://www.instagram.com/stories/united_hk/3970181315068218385,,498,,,
vsefalcons,instagram,709fceba-e311-48e7-9057-f54a587abf4a,d18dd584-e724-4bb2-b6af-1bada6d026da,IG Reel,VIDEO,17.2.2026 7:33:17,"GAMEDAY 🚨
První den ve škole? Splněno.
Teď si zasloužíš odměnu. 🔥

Doraz na hokej a vypni hlavu. Odkaz na lístky v biu👆🏻",https://www.instagram.com/reel/DU2cebACNOT/,,4428,66,,5
@bitvaoprahu,instagram,d7c8aa06-74fb-4c6c-a7d2-c2fe1bf6d59c,deee6b77-1b95-4265-83f3-ce6c907b711d,IG Reel,VIDEO,12.3.2026 17:51:32,"🚨 POD VÍKO A PÁTÁ ODBYLA! 🖐🏼

Falcons odskakují do vedení! ➡️ Živě na @sport_ct ➕.",https://www.instagram.com/reel/DVyxK8yDMsV/,,16392,278,,15
vsefalcons,instagram,709fceba-e311-48e7-9057-f54a587abf4a,06d62636-c6f5-4471-8df9-d3f481001659,IG Story,VIDEO,17.2.2026 19:49:43,1. TŘETINA,https://www.instagram.com/stories/vsefalcons/3834749490217671686,619,754,,,
vsefalcons,instagram,709fceba-e311-48e7-9057-f54a587abf4a,788582a2-c948-40d2-af6a-b245ebbe3555,IG Story,VIDEO,21.4.2026 18:25:21,ZÍTRA SE VIDÍME NA JAROVĚ! 👋🏼,https://www.instagram.com/stories/vsefalcons/3880367777160668977,858,656,,,3
@bitvaoprahu,instagram,d7c8aa06-74fb-4c6c-a7d2-c2fe1bf6d59c,1ebe5ec8-4763-4fc9-a740-a4d7fdb67403,IG Post,IMAGE,11.3.2026 11:02:17,Pochod s vidlema? To jen ČZU míří na zimák! 👨🏻‍🌾🔥,https://www.instagram.com/p/DVveMXgF07q/,,8598,65,,71
@riderspardubice,instagram,4d6a67ab-9313-4f77-a82e-abb18adbca5d,5e5963f6-2181-432f-8b2a-c1e4be126ec8,IG Post,IMAGE,9.3.2026 22:29:31,"Dnes se zadařilo!🥳 Sice po prodloužení, ale 2 další body jsou doma!",https://www.instagram.com/p/DVrjEv1jG_5/,,2906,62,,3
@riderspardubice,facebook,f99ed6c3-17cc-46f4-a32e-d9b0576ce2df,83ecb542-deb6-4fe0-8106-73fc76c069d4,FB Post,IMAGE,23.3.2026 8:03:51,"Poslední zápas v dresu Riders pro @dominikkopecky_99 a @daniel.skryp! 🔥

Přijď kluky podpořit a rozloučit se s nimi v derby proti @united_hk! 

Lastdance
🗓️ 23.3. v 19:45
📍 v Enteria Arena 
⚔️ proti @united_hk 

Odkaz na vstupenky najdeš v BIU!🎟️ (I se slevičkou!🤭)

#lastdance#riders",https://www.facebook.com/1592662819534019/posts/1584254290374872,150,,,,
vsefalcons,instagram,709fceba-e311-48e7-9057-f54a587abf4a,9d83798a-ffb5-4a6e-b056-5a655ba8e02b,IG Story,VIDEO,10.2.2026 18:45:18,kápo na hanbě,https://www.instagram.com/stories/vsefalcons/3829643659260250601,663,846,,,
@riderspardubice,instagram,4d6a67ab-9313-4f77-a82e-abb18adbca5d,9fecef2d-9134-4539-804a-32658dde6ca7,IG Post,IMAGE,15.3.2026 16:51:40,"V pondělí 23. března se uvidíme v letošní sezoně naposledy na domácím ledě! 👋🤩

Vstupenky koupíš přes odkaz v BIU! 🎟️",https://www.instagram.com/p/DV6ZYD4jIE2/,,2608,73,,7
@univerzitnihokej,facebook,01b45180-0b14-4a14-96e8-d0a4bab1fb9f,e8f246bc-f0b1-4ba2-884a-beb511bd23eb,FB Video,VIDEO,12.3.2026 19:04:36,Kdo dneska vyhraje finále @bitvaoprahu ?👀,https://www.facebook.com/reel/1185019127040639/,295,113,,,
@bitvaoprahu,instagram,d7c8aa06-74fb-4c6c-a7d2-c2fe1bf6d59c,f94754f8-474f-4f8d-b6e3-ef001a5db666,IG Post,IMAGE,12.3.2026 9:00:52,"Nevíš co na sebe? 😔 Teď už jo! Obleč se do barev tvojí univerzity ať všichni ví, komu fandíš 🫡

Tak co, bude to červená❤️, modrá💙, zelená💚 nebo bílá🤍? 

Finálový večer Bitva o Prahu 🏒
Poslední lístky 👉🏼 bitvaoprahu.cz🎟️",https://www.instagram.com/p/DVx1FYgDEKM/,,11141,251,,74
@unitedhk,facebook,bfe6cc29-a387-41b9-9bca-b077722556af,41c46f53-3707-4987-bf92-8e7dba334fe8,FB Story,VIDEO,23.8.2026 11:00:42,,https://facebook.com/stories/122099775710388974/UzpfSVNDOjE0NzM0NTMyNTEyOTQ5MzE=/?view_single=1,,,,,
@cvutengineers,instagram,11963a07-7f0f-48e6-9d81-aa63a7ff4a04,d073f8b2-8845-4f6c-acbb-a04bf341fc81,IG Post,IMAGE,16.4.2026 21:23:04,"1/2 To nejdůležitější nás ještě čeká ✨

17.4. 
Zimní stadion Eden 
ENG vs. UK
Finále ULLH",https://www.instagram.com/p/DXNRunBDJKx/,,2141,104,,1
vsefalcons,instagram,709fceba-e311-48e7-9057-f54a587abf4a,db98ecc2-763b-48df-a9df-9ef80fdc450b,IG Story,VIDEO,3.2.2026 19:50:57,@hcnorthwings 🌬️ severní vítr do prahy dovezl sníh,https://www.instagram.com/stories/vsefalcons/3824603280693554983,,1778,,,2
@cvutengineers,instagram,11963a07-7f0f-48e6-9d81-aa63a7ff4a04,f3cd427e-eff1-4251-9fce-6e95f412d686,IG Post,IMAGE,1.4.2026 19:57:32,"Jdeme na Riders! 🐎
Soupeře pro play-in už známe, teď jde opravdu o všechno. 
Buďte u toho s námi 🔥. Let’s go ENGINEERS🦁.

#engprg #srdcelva",https://www.instagram.com/p/DWmebd7DAFL/,,10495,176,,49
@riderspardubice,facebook,f99ed6c3-17cc-46f4-a32e-d9b0576ce2df,f91c3366-6857-49b9-a933-a40c8ee38317,FB Video,VIDEO,6.4.2026 19:22:09,"V úterý @hcpce, ve středu my! 🏒
Hockeytown 🔥",https://www.facebook.com/reel/1253702206965614/,911,329,4,,
@vutcavaliersbrno,instagram,b384bebf-72f3-4f9d-8b2d-3677709f6966,3e77b39f-9639-471f-a095-de1a4751fb57,IG Reel,VIDEO,16.3.2026 8:21:35,Hattrick @jerabekdmnk ze sobotního utkání proti VŠE Falcons Prague 👈,https://www.instagram.com/reel/DV8DtTtCO_j/,,5968,138,1,13
@riderspardubice,instagram,4d6a67ab-9313-4f77-a82e-abb18adbca5d,563e1b8f-5be4-436c-a674-e9c38a84d587,IG Story,VIDEO,14.4.2026 6:31:11,,https://www.instagram.com/stories/riderspardubice/3874935015415249706,,652,,,
@univerzitnihokej,instagram,1e114592-3529-4cfe-9977-2598454053af,e325fbba-ad2f-4c87-a06b-7424ad82654f,IG Post,IMAGE,15.3.2026 18:56:21,"Další dva TOP zápasy máme za sebou a dokonce už známe vítěze letošní základní části 💪🏼 play-in a @unihokejfinalfour se pomalu blíží, jste ready? 😎",https://www.instagram.com/p/DV6nA36CNyu/,,4321,93,,3
@hcnorthwings,facebook,2b08a479-603b-46e4-8a48-2bc0435ccd53,49ced60f-c3a3-4f80-8c65-39d071c70d44,FB Story,VIDEO,4.3.2026 16:14:09,,,,,,,
vsefalcons,instagram,709fceba-e311-48e7-9057-f54a587abf4a,5e30b30b-7b1f-4df5-85e8-10b2db2a1a7d,IG Story,IMAGE,3.2.2026 19:34:54,1 0  Hamršmíd,https://www.instagram.com/stories/vsefalcons/3824595180183887805,,917,,,
vsefalcons,instagram,709fceba-e311-48e7-9057-f54a587abf4a,6e051317-ba77-4913-af9b-ed464f7730a7,IG Story,VIDEO,15.4.2026 8:57:58,JEŠTĚ NEVÍŠ CO SI VZÍT ZÍTRA NA SEBE? TOHLE POŘÍDÍŠ I NA MÍSTĚ 🤩,https://www.instagram.com/stories/vsefalcons/3875733668258157170,749,837,,,4
@vutcavaliersbrno,instagram,b384bebf-72f3-4f9d-8b2d-3677709f6966,6edab800-dfd5-4751-bc20-3c41f7c50f36,IG Post,IMAGE,5.3.2026 10:44:54,"Fotoreport ze včerejšího utkání proti @boostrava 🏒👊🏽

📸 @vladisek

#unihokej #vutbrno #vutcavaliersbrno #boostrava",https://www.instagram.com/p/DVf_dDsiOe5/,,3173,92,1,5
vsefalcons,instagram,709fceba-e311-48e7-9057-f54a587abf4a,9e999e2f-a864-4905-aefb-9ab289256e4e,IG Story,IMAGE,10.3.2026 23:31:01,🩵,https://www.instagram.com/stories/vsefalcons/3850081195421923792,765,152,,,
@riderspardubice,instagram,4d6a67ab-9313-4f77-a82e-abb18adbca5d,c04c7b9a-df8d-4757-9052-2ab281704990,IG Story,VIDEO,17.4.2026 14:56:42,,https://www.instagram.com/stories/riderspardubice/3877363600335891876,,941,,,
@engineersprague,facebook,afd06d1d-7b1c-4f66-8d93-ce4255ab773c,d46420ef-d7f2-46be-b565-d26a9c0816a7,FB Story,VIDEO,12.3.2026 20:47:38,,,,,,,
vsefalcons,instagram,709fceba-e311-48e7-9057-f54a587abf4a,321e97ff-e663-43aa-8d83-e6791b19be95,IG Story,VIDEO,24.3.2026 16:16:13,BUSTED Na cestách jedině do @kfc_cz 👀 🕵🏻‍♂️,https://www.instagram.com/stories/vsefalcons/3860009210507489737,978,1153,,,5
@riderspardubice,instagram,4d6a67ab-9313-4f77-a82e-abb18adbca5d,43e0e04a-abd1-4c49-b552-1e4fc0bb1b7f,IG Story,VIDEO,31.3.2026 20:57:30,,https://www.instagram.com/stories/riderspardubice/3865224192019192282,,524,,,
vsefalcons,instagram,709fceba-e311-48e7-9057-f54a587abf4a,773a90b2-71e4-461c-a65b-3f51fc6df318,IG Story,IMAGE,30.3.2026 9:28:31,my až zítra budeme slavit výhru,https://www.instagram.com/stories/vsefalcons/3864152671280229884,,,,,
vsefalcons,instagram,709fceba-e311-48e7-9057-f54a587abf4a,ac869b8e-349f-4b4b-9f94-6eb4fb2addcd,IG Story,VIDEO,13.3.2026 17:13:05,,https://www.instagram.com/stories/vsefalcons/3852065279840898521,818,669,,,
@univerzitnihokej,instagram,1e114592-3529-4cfe-9977-2598454053af,aecc2f1f-16bb-4b3c-93d8-694996f614e0,IG Reel,VIDEO,16.3.2026 17:30:58,Bez kebabu od Kauflandu by to nebyla ta pravá @bitvaoprahu 🌯🔥,https://www.instagram.com/reel/DV9CPAjiLwQ/,,7788,120,,12
@bitvaoprahu,instagram,d7c8aa06-74fb-4c6c-a7d2-c2fe1bf6d59c,bdc2be10-5a9d-442f-8184-6eae5478d113,IG Reel,VIDEO,9.3.2026 17:02:01,"I tuhle písničku si společně zazpíváme už ve čtvrtek! 🗣️

Lístky na bitvaoprahu.cz 🎟️",https://www.instagram.com/reel/DVq9pqkiF3-/,,75572,2474,11,478
@bitvaoprahu,facebook,75e0f41f-82be-4f82-a77b-82ac11135ed2,d5b7880e-961d-4629-b8fa-887bba3398c4,FB Post,IMAGE,12.3.2026 18:41:34,"🥉BRONZ PRO VŠE A TŘI BODY! ✅

Gratulujeme k obhajobě 3. místa , @vsefalcons ! 🎩👏🏼",https://www.facebook.com/1441262177797849/posts/1420314896559244,170,,2,,
@riderspardubice,facebook,f99ed6c3-17cc-46f4-a32e-d9b0576ce2df,7fe47f77-8ae0-4492-bd0f-f4d3bff7b07e,FB Video,VIDEO,12.4.2026 15:17:18,Tenhle moment nezapomeneme! 🫶,https://www.facebook.com/reel/962669956136599/,5110,2993,47,,
@akademiciplzen,instagram,65494228-95bf-4f7b-8e68-d47d7262db66,ac16e7b2-74bd-410e-ad2c-df108a4ce210,IG Story,VIDEO,27.8.2026 18:38:20,4 : 2 ZVYŠUJEMEEE!! JAKUB ŠUCHA trefil se @_jakubsucha_,https://www.instagram.com/stories/akademiciplzen/3973145747868402099,,1060,,,1
vsefalcons,instagram,709fceba-e311-48e7-9057-f54a587abf4a,ea6aa820-c9a4-4148-8e6b-ba7c7164a90f,IG Story,VIDEO,3.2.2026 20:59:02,LUKÁŠ NOVÁK 💥,https://www.instagram.com/stories/vsefalcons/3824637567048408862,,1417,,,2
@riderspardubice,facebook,f99ed6c3-17cc-46f4-a32e-d9b0576ce2df,0f83188f-6436-4f0b-bb77-87be7f95a00c,FB Post,IMAGE,17.4.2026 11:57:08,"Napiš do komentáře svého nejoblíbenějšího hráče a my vylosujeme dva z vás, kteří vyhrají vstupenky na dnešní FF! 🥉",https://www.facebook.com/1592662819534019/posts/1607223468077954,241,,2,,
vsefalcons,instagram,709fceba-e311-48e7-9057-f54a587abf4a,19b7c9be-75de-4623-aedd-2306da71df05,IG Reel,VIDEO,3.2.2026 22:25:01,zlepšení nálady po minulém týdnu 🎉,https://www.instagram.com/reel/DUT_oC-iCEn/,,3568,104,,1
vsefalcons,instagram,709fceba-e311-48e7-9057-f54a587abf4a,7fce158a-8e00-4b76-a3c6-dbe57f478393,IG Story,VIDEO,15.2.2026 10:59:33,,https://www.instagram.com/stories/vsefalcons/3833033105900842111,681,681,,,
@univerzitnihokej,facebook,01b45180-0b14-4a14-96e8-d0a4bab1fb9f,ee82b4bc-039f-40ab-add7-1f4fc0881c5c,FB Post,IMAGE,8.4.2026 11:02:11,"Studentský život v kapse 📱 Seznam se s apkou @unilifecz 🚀

Zápasy, eventy ve městě a výhody, který nechceš minout. Tak stahuj aplikaci do svého telefonu! 📲",https://www.facebook.com/1275398168115026/posts/1281129584208551,306,,1,,
@vutcavaliersbrno,instagram,b384bebf-72f3-4f9d-8b2d-3677709f6966,4bce0514-46a7-49e4-9978-16df139e5a12,IG Story,VIDEO,1.4.2026 16:45:47,V Budějovicích domáci prostředí ☺️,https://www.instagram.com/stories/vutcavaliersbrno/3865822273965926213,,555,,,
@bitvaoprahu,facebook,75e0f41f-82be-4f82-a77b-82ac11135ed2,527172df-c449-4880-beb2-aa72743bbb75,FB Post,IMAGE,11.3.2026 11:00:11,VŠE Falcons fans... JSTE READY?! 🦅,https://www.facebook.com/1441262177797849/posts/1418948013362599,206,,,,
@univerzitnihokej,instagram,1e114592-3529-4cfe-9977-2598454053af,b4116232-477a-4f35-843c-0fbb501d7c0c,IG Reel,VIDEO,18.3.2026 17:35:52,"K hokeji to pivo prostě patří. 😎
A na unihokeji? Jedině @pivoproud 🍻",https://www.instagram.com/reel/DWCMTiyCHkJ/,,5133,61,1,
@AkademiciPlzen,facebook,d87b94e3-03e8-45d0-b92e-75e9b819545c,dc87a36f-1f4d-4978-ba4c-f676b3016703,FB Video,VIDEO,28.3.2026 12:30:03,"Tak co, užili jste si Jarní bitvu? 👀🔥
Protože to nejdůležitější teprve přichází…

Už 1. 4. nás čeká poslední domácí zápas sezony, kterým zároveň odstartujeme vyřazovací část soutěže. Buď u toho s námi a vytvořme doma vítěznou atmosféru! 💙

🎟️ Lístky najdeš v odkaze v biu nebo na
akademiciplzen.enigoo.cz

#akademiciplzen | 🎥 @yzproduction.cz",https://www.facebook.com/reel/2212279562641168/,431,185,2,,
@univerzitnihokej,instagram,1e114592-3529-4cfe-9977-2598454053af,7d987f16-f322-495a-8224-3947ab8d9b95,IG Post,IMAGE,12.3.2026 10:55:34,Pražský den D je tady! Kdo dnes urve bronz na @bitvaoprahu ? 🫨,https://www.instagram.com/p/DVyB-skCIvi/,,11474,160,1,42
@vutcavaliersbrno,instagram,b384bebf-72f3-4f9d-8b2d-3677709f6966,8dafab58-22bc-4740-9448-d7a936fe8dba,IG Reel,REEL,25.3.2026 21:21:28,"Děkujeme za podporu v průběhu celé základní části❤️ Tím to ale nekončí, příští týden hrajeme první zápas play-in proti @blackdogsbudweis_vste 🏒",https://www.instagram.com/reel/DWUn_7SCN2L/,,3014,52,,2
@vutcavaliersbrno,instagram,b384bebf-72f3-4f9d-8b2d-3677709f6966,a5da2428-1869-403c-afc8-ef13bdab2596,IG Post,PHOTO,26.3.2026 9:54:28,"VRCHOL SEZONY JE TADY 🔥 
Do Play-in postupujeme z 10. místa a příští týden se utkáme s @blackdogsbudweis_vste, kteří se po základní části umístili na 3. místě 👈
Jeden zápas, který vše rozhodne 🏒",https://www.instagram.com/p/DWV4ko0CLW4/,,3609,88,,6
vsefalcons,instagram,709fceba-e311-48e7-9057-f54a587abf4a,bfa858b8-bd45-428b-b321-304b0598c4eb,IG Reel,VIDEO,3.3.2026 19:15:13,Tenhle gól byl doslova perfektní a nádhernej 🤤🤤,https://www.instagram.com/reel/DVbwJP4CGlR/,,5119,92,,1
@bitvaoprahu,instagram,d7c8aa06-74fb-4c6c-a7d2-c2fe1bf6d59c,c7d4361a-f932-49a3-945b-93a992e1a307,IG Post,PHOTO,13.3.2026 18:27:44,"📣 Speakeři na @univerzitnihokej >>> 🗣️🗣️

Jsi stejného názoru? 👀 #bitvaoprahu",https://www.instagram.com/p/DV1algxjPob/,,51341,1423,6,428
@united_hk,instagram,b18c071b-0570-48b2-b743-990c668c3c5b,eba0731d-2ac7-4f43-af0f-8b5c1ab3f751,IG Story,VIDEO,9.4.2026 18:31:57,,https://www.instagram.com/stories/united_hk/3871673732720799833,,363,,,
@engineersprague,facebook,afd06d1d-7b1c-4f66-8d93-ce4255ab773c,f761712d-508b-4872-98de-dd0cd0ab85e7,FB Story,IMAGE,22.8.2026 18:39:32,,https://facebook.com/stories/136066081670222/UzpfSVNDOjQ3NDcxNDY4Mzg5NDI5MTI=/?view_single=1,,,,,
vsefalcons,instagram,709fceba-e311-48e7-9057-f54a587abf4a,5ddd5d90-070f-48ff-9c29-2edcd91cd034,IG Story,VIDEO,10.3.2026 18:39:15,@fn0026 🔍,https://www.instagram.com/stories/vsefalcons/3849934344802584456,1237,,,,1
vsefalcons,instagram,709fceba-e311-48e7-9057-f54a587abf4a,213178ab-98b3-42c4-8ca2-9f273dc4c96a,IG Story,VIDEO,31.3.2026 7:50:40,BOREC NA KONEC aneb,https://www.instagram.com/stories/vsefalcons/3864828272018218904,1073,1359,,5,7
vsefalcons,instagram,709fceba-e311-48e7-9057-f54a587abf4a,2ba1374f-5240-4d57-bb4c-701ffa035c19,IG Story,VIDEO,15.4.2026 8:59:20,A TAKHLE HAPPY BUDEŠ! 🤪,https://www.instagram.com/stories/vsefalcons/3875734361752782510,728,849,,1,4
vsefalcons,instagram,709fceba-e311-48e7-9057-f54a587abf4a,3957588d-b38d-4e75-b18c-49b492c7e657,IG Story,VIDEO,3.2.2026 19:10:39,dnes to bude čistá hra powered by @garnier_czsk 💆🏻‍♂️,https://www.instagram.com/stories/vsefalcons/3824582985094041331,,2380,,,1
@univerzitnihokej,instagram,1e114592-3529-4cfe-9977-2598454053af,4633d5e0-aca9-44f4-9c4d-7bb233eb28bb,IG Story,VIDEO,11.4.2026 15:21:45,,https://www.instagram.com/stories/univerzitnihokej/3873027736000302210,,805,,,2
vsefalcons,instagram,709fceba-e311-48e7-9057-f54a587abf4a,7e70b5f5-f4bf-44c1-913e-5f78a794f1d9,IG Story,VIDEO,10.3.2026 20:54:21,🥵 JE TO DRAMA,https://www.instagram.com/stories/vsefalcons/3850002309774335715,793,,,,
@riderspardubice,instagram,4d6a67ab-9313-4f77-a82e-abb18adbca5d,8a707224-cab6-4d53-b7a4-ad8721b8667b,IG Reel,VIDEO,4.3.2026 13:53:55,"Přestávka v režii @enteria_holding ! 🚀 Led patří fanouškům a jejich přesné mušce. Děkujeme za spolupráci!
#přestávkovásoutěž#enteriaholding",https://www.instagram.com/reel/DVdwFKKjK4H/,,4433,83,,17
@bitvaoprahu,facebook,75e0f41f-82be-4f82-a77b-82ac11135ed2,bce84f88-a636-4985-82f3-bb6cd8bc5c62,FB Video,VIDEO,10.3.2026 17:18:00,Hokeeeej je dobreeeeej 👉🏼 lístky na bitvaoprahu.cz 🎟️,https://www.facebook.com/reel/1256738979117088/,1044,471,3,,
@riderspardubice,instagram,4d6a67ab-9313-4f77-a82e-abb18adbca5d,1fd2d4f4-961d-4227-ab88-70b728d2c482,IG Post,IMAGE,10.8.2026 7:19:47,"Riders na dovolené - podívejte se, kde naši hráči trávili léto✈️

Dostyho dovolenkovou destinací se stala Francie🇫🇷

Štágr vyrazil s taťkou objevovat Mallorcu🤩

Lukáš Hebek tentokrát načerpal energii v Turecku🔥

Tomáš Hebek navštívil Španělsko😎

Daniel Burda s nováčkem Michalem Borovičkou vyrazili za sluncem a odpočinkem do Girony🤭

Terčík posílá pozdrav z Rock For People🤘🏼

Beny s přítelkyní si užili krásnou dovolenou😍",https://www.instagram.com/p/Db2dlAQiFdz/,,7019,174,,34
@univerzitnihokej,facebook,01b45180-0b14-4a14-96e8-d0a4bab1fb9f,52191f7f-0d8f-4711-9a2d-54441f897249,FB Video,VIDEO,4.3.2026 19:27:40,"KFC CHICKEN DETECTIVE 🕵🏻‍♂️🔍
Fanouškovské menu na vás čeká v restauracích KFC🍗",https://www.facebook.com/reel/1609044147094083/,2103,1197,3,,
vsefalcons,instagram,709fceba-e311-48e7-9057-f54a587abf4a,919ccaf0-6adb-44e0-b929-9d4830e04019,IG Story,VIDEO,8.4.2026 17:25:38,nezahálel a rázem přidává další,https://www.instagram.com/stories/vsefalcons/3870915827516054369,896,826,,,3
@united_hk,instagram,b18c071b-0570-48b2-b743-990c668c3c5b,ebe7c071-15bd-471c-8ab5-b43a086ad5db,IG Post,IMAGE,9.3.2026 16:48:00,"🎂 Narozeniny – Jirka Šrámek

Náš hráč Jirka Šrámek dnes slaví narozeniny.

Všechno nejlepší, Jirko! 🎂
Užij si to.

🖤🧡",https://www.instagram.com/p/DVq8L_3CKtK/,,2039,38,,2
@riderspardubice,instagram,4d6a67ab-9313-4f77-a82e-abb18adbca5d,b2989d6d-db96-434c-9ef3-fcc9342eccef,IG Reel,REEL,31.3.2026 20:35:21,"Tohle je naše cesta na které nás nyní čeká zápas ve finále play-in, který rozhodne, jestli se potkáme v Praze na @unihokejfinalfour‼️🤩🤩🤩🤩🤩",https://www.instagram.com/reel/DWj_it1DGlf/,,7918,125,1,10
vsefalcons,instagram,709fceba-e311-48e7-9057-f54a587abf4a,16158a66-d82c-4521-b50f-a9a7f0c879e6,IG Story,IMAGE,13.3.2026 16:53:02,,https://www.instagram.com/stories/vsefalcons/3852055182590925042,852,872,,,5
@cvutengineers,instagram,11963a07-7f0f-48e6-9d81-aa63a7ff4a04,188aead6-72ad-4b90-a635-5b2463d74a5b,IG Story,VIDEO,17.4.2026 18:25:33,GAME ON 🔥,https://www.instagram.com/stories/cvutengineers/3877468639146561181,,1348,,,
@united_hk,instagram,b18c071b-0570-48b2-b743-990c668c3c5b,dd5e9b31-c1f6-4179-8c0d-81144dc112a5,IG Story,IMAGE,9.4.2026 13:04:31,,https://www.instagram.com/stories/united_hk/3871509132335421384,,517,,,1
@bitvaoprahu,facebook,75e0f41f-82be-4f82-a77b-82ac11135ed2,fdd21ef5-f76b-4e37-b99f-89b5193a49b0,FB Video,VIDEO,12.3.2026 17:51:48,"🚨 POD VÍKO A PÁTÁ ODBYLA! 🖐🏼

Falcons odskakují do vedení! ➡️ Živě na @sport_ct ➕.",https://www.facebook.com/reel/1475194137284777/,1227,563,4,,
vsefalcons,instagram,709fceba-e311-48e7-9057-f54a587abf4a,6783c27c-a7f1-4149-8122-499ce770d319,IG Story,VIDEO,12.3.2026 16:13:09,🎯,https://www.instagram.com/stories/vsefalcons/3851310381255927730,1423,1304,,,
@riderspardubice,instagram,4d6a67ab-9313-4f77-a82e-abb18adbca5d,e5689652-dd5c-482a-8adc-7f5f83a0c62c,IG Story,IMAGE,8.4.2026 15:52:24,JSME NA MÍSTĚ⭐️,https://www.instagram.com/stories/riderspardubice/3870868834223920451,,812,,,1
vsefalcons,instagram,709fceba-e311-48e7-9057-f54a587abf4a,a1d1491a-4720-46ba-80d2-c72c66ad7485,IG Story,VIDEO,3.3.2026 12:22:44,"KDO SI SPRÁVNĚ TIPNE, KOLIK GÓLŮ SKÓROVAL @michal.danniel 
ZA POSLEDNÍCH 5 ZÁPASŮ 2 lupeny jsou jeho",https://www.instagram.com/stories/vsefalcons/3844671378096167993,1104,1533,,,4
@cvutengineers,instagram,11963a07-7f0f-48e6-9d81-aa63a7ff4a04,a9bad2e0-d2c1-4695-a744-c55c1c10f018,IG Reel,VIDEO,4.4.2026 12:29:53,"Kdo si s tím podle vás poradil nejlíp? 🤸🏻🦁

#engprg",https://www.instagram.com/reel/DWtbDP3jMPC/,,82822,1396,,67
vsefalcons,instagram,709fceba-e311-48e7-9057-f54a587abf4a,c3c4cf4f-be64-46d4-a44f-61c80c210ad8,IG Story,VIDEO,20.8.2026 15:17:44,📍 první přátelák,https://www.instagram.com/stories/vsefalcons/3967971378091026172,,1236,,,8
@vutcavaliersbrno,instagram,b384bebf-72f3-4f9d-8b2d-3677709f6966,0d56fcd6-2351-4100-8ac7-325705943fee,IG Post,IMAGE,1.4.2026 19:38:18,"Z celého kavalírského srdce děkujeme všem fanouškům za podporu v letošní sezoně ❤️
Dnešním dnem pro nás sezona sice skončila, ale určitě není na místě věšet hlavy 👈 přinesla i spoustu krásných momentů 🏒 Přece jen… jsme v ní dvojnásobní vládci Brna 😏 🏆
Těšíme se na Vás zase v září 🙌",https://www.instagram.com/p/DWmd6MPiDmq/,,8663,389,4,16
@akademiciplzen,instagram,65494228-95bf-4f7b-8e68-d47d7262db66,fe13fa30-e749-4e56-9004-8bbf5c3b3dcd,IG Story,VIDEO,1.4.2026 19:51:05,,https://www.instagram.com/stories/akademiciplzen/3865915534164642703,,931,,,
@univerzitnihokej,instagram,1e114592-3529-4cfe-9977-2598454053af,4cf0d6ba-8d83-4501-91d1-57666038e83a,IG Post,ALBUM,31.3.2026 10:02:27,"Dnešní druhý duel PLAY-IN👀

Ostrava 🆚 Riders 
Jeden zápas, který o všem rozhodne! Kdo postoupí do finále? 👇🏻",https://www.instagram.com/p/DWi3Q6RiONi/,,8539,142,,10
@boostrava,instagram,1176ddaf-d366-48a2-9639-3c6694c72c85,5fcd9875-7632-4ce5-875f-86cd4f242ad2,IG Story,VIDEO,20.8.2026 15:12:47,GETTING READY 👀 🔥,https://www.instagram.com/stories/boostrava/3967968877606633629,,722,,,8
@united_hk,instagram,b18c071b-0570-48b2-b743-990c668c3c5b,e4568d0f-26d0-46c0-9b3f-89e1aee1296f,IG Story,IMAGE,27.4.2026 11:12:52,,https://www.instagram.com/stories/united_hk/3884498878938545974,,739,,,1
@boostrava,instagram,1176ddaf-d366-48a2-9639-3c6694c72c85,648e6137-ccd3-4e74-9b17-2808576caf5f,IG Reel,REEL,31.3.2026 21:55:59,"Vyraž s @kfc_cz kyblíkem do boje! 🔥

To jak ho využiješ je jen na tobě! 🍗

#kfc #kyblik",https://www.instagram.com/reel/DWkIwO5DOdt/,,6496,216,1,21
@engineersprague,facebook,afd06d1d-7b1c-4f66-8d93-ce4255ab773c,6dd34abf-9a51-405e-b762-8c272669eba1,FB Story,VIDEO,4.3.2026 21:56:31,,,,,,,
@riderspardubice,facebook,f99ed6c3-17cc-46f4-a32e-d9b0576ce2df,31d281dd-83b8-4906-ab2e-1d02ca0e428c,FB Video,VIDEO,30.3.2026 15:47:23,"Kluci zašli na fanouškovské menu do @kfc_cz , snacky zmizely rychle, ale kyblík v jejich životech zůstane už napořád ♥️

Co teď kyblík asi na kolejích dělá? 👀 
Tipujte do komentářů 👇",https://www.facebook.com/reel/1994233238179595/,598,172,5,,
vsefalcons,instagram,709fceba-e311-48e7-9057-f54a587abf4a,e18e2cab-b7d2-4c86-b07c-92b872d4e020,IG Reel,VIDEO,23.3.2026 20:13:17,Čas běží kluci…⏱️ 10 vteřinová challenge 👀,https://www.instagram.com/reel/DWPWnwTCGNM/,,5782,212,4,21
@akademiciplzen,instagram,65494228-95bf-4f7b-8e68-d47d7262db66,81df8de5-4c0d-4c02-98b8-955786847f0d,IG Post,IMAGE,7.3.2026 19:56:36,"O Afterparty Jarní bitvy se bude mluvit ještě hodně dlouho… 🧨🪩
Kdo byl, ví. Kdo nebyl, příště nesmí chybět!

#akademiciplzen | 📸 @vpotocesevodatoci",https://www.instagram.com/p/DVmILlTDOFW/,,22812,478,,87
@akademiciplzen,instagram,65494228-95bf-4f7b-8e68-d47d7262db66,07530062-4f48-479e-b8b6-8e596744ca67,IG Story,VIDEO,20.8.2026 17:01:09,🔥 POŘÁDNĚ SE PŘED ZÁPASEM ZAHŘÁT 🤌🏻 🔥,https://www.instagram.com/stories/akademiciplzen/3968023391839754392,,1417,,,
vsefalcons,instagram,709fceba-e311-48e7-9057-f54a587abf4a,35ff69ba-39df-4725-94bb-56d06224a9ce,IG Post,IMAGE,11.2.2026 8:15:39,"Nový semestr je za dveřmi a s ním i série našich domácích zápasů, na které si teď můžeš pořídit balíček s pořádnou slevičkou 🥳
Čeká tě spoustu zábavných aktivit, soutěží a vypjatých utkání, protože konec základní části se blíží 🥶

Balíček pořídíš přes odkaz na profilu.
Akce platí do 17. února.",https://www.instagram.com/p/DUnDHigCI8i/,,8956,72,,33
@univerzitnihokej,facebook,01b45180-0b14-4a14-96e8-d0a4bab1fb9f,c98254a4-7b4b-4583-99e0-2d219713878a,FB Video,VIDEO,30.3.2026 8:43:14,Zítra startuje PLAY-IN ➡️ boj o postup do @unihokejfinalfour ⚔️,https://www.facebook.com/reel/1235890805250434/,1135,230,4,,
@boostrava,instagram,1176ddaf-d366-48a2-9639-3c6694c72c85,5ba96b0e-ca4b-4acd-90ad-f17ab95a9264,IG Story,VIDEO,31.3.2026 21:27:23,,https://www.instagram.com/stories/boostrava/3865239323356724518,,745,,,1
@riderspardubice,instagram,4d6a67ab-9313-4f77-a82e-abb18adbca5d,739d9237-0171-4c6e-832c-5a6938fde79f,IG Story,VIDEO,8.4.2026 20:06:48,,https://www.instagram.com/stories/riderspardubice/3870996890360320229,,551,,,4
@cvutengineers,instagram,11963a07-7f0f-48e6-9d81-aa63a7ff4a04,dc1a446c-74a4-4684-b271-31a5a779fce8,IG Story,IMAGE,8.4.2026 18:08:33,0 0,https://www.instagram.com/stories/cvutengineers/3870937361165328368,,931,,,
@riderspardubice,facebook,f99ed6c3-17cc-46f4-a32e-d9b0576ce2df,3bb0d4b1-ccbe-4b7e-8466-409781582157,FB Post,IMAGE,16.4.2026 17:13:40,"Tohle byl souboj na ostří nože, přestože jsme na konci zápasu tlačili, tak konečné skóre je ve prospěch @ukkingsprague a my se zítra budeme rvát o bronz! 🥉",https://www.facebook.com/1592662819534019/posts/1606458034821164,873,,13,,
vsefalcons,instagram,709fceba-e311-48e7-9057-f54a587abf4a,ced26e83-ac64-4298-9d7a-66e53d1b782e,IG Story,VIDEO,3.2.2026 8:57:05,,https://www.instagram.com/stories/vsefalcons/3824274149649193887,,997,,,
vsefalcons,instagram,709fceba-e311-48e7-9057-f54a587abf4a,2a9ff7ec-4ff4-43ac-9e80-d07da2c2dad3,IG Story,VIDEO,12.3.2026 16:24:51,KOTEL JEDE BOMBY 🥁,https://www.instagram.com/stories/vsefalcons/3851316915302093863,1387,1291,,,7
@engineersprague,facebook,afd06d1d-7b1c-4f66-8d93-ce4255ab773c,d38d2bd3-8f96-4589-9e69-5f21ea9eda5b,FB Story,IMAGE,12.3.2026 21:31:24,,,,,,,
vsefalcons,instagram,709fceba-e311-48e7-9057-f54a587abf4a,74c547eb-2c9a-483a-a314-c46a6b46bda0,IG Story,VIDEO,10.3.2026 22:47:35,,https://www.instagram.com/stories/vsefalcons/3850059347015513216,764,251,,,1
@univerzitnihokej,instagram,1e114592-3529-4cfe-9977-2598454053af,050a51df-b637-47c1-8fd0-283276a38840,IG Reel,VIDEO,6.3.2026 19:24:30,"Final Four sem, Final Four tam…
Ale kdo ho vlastně bude hrát? 🤔 Ondra vám hezky ve videu ukáže, jak se týmy dostanou mezi nejlepší čtyřku. 👆🏻
🗓️16.-17. duben | 🏟️ Zimní stadion Eden",https://www.instagram.com/reel/DVjfY8OiCYM/,,16131,364,2,106
vsefalcons,instagram,709fceba-e311-48e7-9057-f54a587abf4a,47e5c520-6562-4acf-932a-75a7c2d34a78,IG Story,VIDEO,6.3.2026 19:00:44,,https://www.instagram.com/stories/vsefalcons/3847046026020577272,,751,,,2
@boostrava,instagram,1176ddaf-d366-48a2-9639-3c6694c72c85,9177abc9-9bf9-4bce-95f5-ff1d5e215e16,IG Story,VIDEO,1.9.2026 14:34:18,,https://www.instagram.com/stories/boostrava/3976646777256065476,,511,,,2
vsefalcons,instagram,709fceba-e311-48e7-9057-f54a587abf4a,0faae83d-61f1-4285-8683-2ca8d8d7a538,IG Story,VIDEO,14.1.2026 9:06:23,@fanda_david,https://www.instagram.com/stories/vsefalcons/3809783330875419633,,841,,,14
@riderspardubice,instagram,4d6a67ab-9313-4f77-a82e-abb18adbca5d,6793a4f7-0d6c-474c-b7b6-28d844b8de99,IG Story,VIDEO,6.4.2026 7:35:55,,https://www.instagram.com/stories/riderspardubice/3869169395826427687,,843,,,1
@akademiciplzen,instagram,65494228-95bf-4f7b-8e68-d47d7262db66,91ed32c2-2fa9-4841-a54f-329450204095,IG Story,VIDEO,18.4.2026 10:13:28,,https://www.instagram.com/stories/akademiciplzen/3877942044987797631,,978,,,
univerzitnihokej,tiktok,01c88cf9-594f-408e-a45a-95114221acae,f3170b8d-18be-46e8-9387-e443c6f9bfd0,TT Video,VIDEO,19.4.2026 10:39:40,Jsou fanoušci @ČVUT Engineers Prague 🦁 opravdu ti nejlepší? 🦁,https://www.tiktok.com/@univerzitnihokej/video/7630418174386703638?utm_campaign=tt4d_open_api&utm_source=7348986504397455361,,3830,131,,5
@bitvaoprahu,facebook,75e0f41f-82be-4f82-a77b-82ac11135ed2,22f96e28-8a7d-4386-973d-ce6a5c04b7d7,FB Post,IMAGE,11.3.2026 11:02:00,Tenhle pochod bude doslova MODRÝ PEKLO! 👹,https://www.facebook.com/1441262177797849/posts/1418950366695697,231,,,,
@boostrava,instagram,1176ddaf-d366-48a2-9639-3c6694c72c85,9dda479a-56fc-4e81-8b4f-025a3074e81b,IG Story,VIDEO,20.8.2026 17:38:09,🔥 @rybnikar.ondrej 🐟 SROVNÁVÁME!,https://www.instagram.com/stories/boostrava/3968042036963876320,,779,,,4
vsefalcons,instagram,709fceba-e311-48e7-9057-f54a587abf4a,e4bfd9cf-797c-4948-92ec-32b4618bda66,IG Story,VIDEO,8.4.2026 16:02:22,,https://www.instagram.com/stories/vsefalcons/3870873881481369434,930,852,,,
vsefalcons,instagram,709fceba-e311-48e7-9057-f54a587abf4a,b14944b7-2557-4099-986a-aa0335437e73,IG Story,VIDEO,18.2.2026 7:55:16,,https://www.instagram.com/stories/vsefalcons/3835114677101698029,574,738,,,
@akademiciplzen,instagram,65494228-95bf-4f7b-8e68-d47d7262db66,229370ec-e989-4c1e-9ebf-4887c40cff24,IG Story,VIDEO,20.8.2026 19:42:19,PŘIHOŘÍVÁ… 🥊,https://www.instagram.com/stories/akademiciplzen/3968104556546258349,,945,,,32
vsefalcons,instagram,709fceba-e311-48e7-9057-f54a587abf4a,6d17a8ce-8dd6-4e07-b9a7-d447b5ca2d96,IG Post,CAROUSEL_ALBUM,23.2.2026 15:42:45,"Survivor game už zítra! 🔥

Pokud ještě nemáš lístky, tak je ideální čas to změnit, jinak přijdeš o hodně 😏 Tak šup šup na profil a vidíme se zítra 👋🏼",https://www.instagram.com/p/DVGxlyliDCW/,,5463,120,,17
@akademiciplzen,instagram,65494228-95bf-4f7b-8e68-d47d7262db66,a10e8a64-9d5d-4ef0-a762-ac1c5db1ac11,IG Story,IMAGE,9.4.2026 9:57:13,,https://www.instagram.com/stories/akademiciplzen/3871414839868688528,,1134,,,
@riderspardubice,facebook,f99ed6c3-17cc-46f4-a32e-d9b0576ce2df,a0e51f0f-6a8b-420b-82ed-453d42bd36a7,FB Post,IMAGE,24.3.2026 2:39:44,Dnes bohužel prohra.,https://www.facebook.com/1592662819534019/posts/1585033786963589,187,,,,
@united_hk,instagram,b18c071b-0570-48b2-b743-990c668c3c5b,2a7c57ed-bfb0-4df2-9f80-aa42f713782f,IG Story,VIDEO,21.4.2026 11:44:53,,https://www.instagram.com/stories/united_hk/3880166178266030427,,849,,,3
@AkademiciPlzen,facebook,d87b94e3-03e8-45d0-b92e-75e9b819545c,99ae9bc3-928c-4c25-b4ea-10e0adf35895,FB Post,IMAGE,20.4.2026 12:52:11,"POV: máš přístup do alba „oblíbené“ v galeriích našich hráčů 👀📸💙 

#akademiciplzen",https://www.facebook.com/1357105236437494/posts/1372565521558132,957,,7,,
@cvutengineers,instagram,11963a07-7f0f-48e6-9d81-aa63a7ff4a04,f4a16f7c-a17a-4a92-b109-e3f4d923496e,IG Story,VIDEO,17.4.2026 22:55:53,,https://www.instagram.com/stories/cvutengineers/3877604809767685897,,970,,,
@hcnorthwings,facebook,2b08a479-603b-46e4-8a48-2bc0435ccd53,36059bd6-d46c-44bb-8c72-1dba6c731e9a,FB Story,VIDEO,2.3.2026 18:32:52,,,,,,,
@riderspardubice,instagram,4d6a67ab-9313-4f77-a82e-abb18adbca5d,b403fd7b-620a-4d9b-bea9-469cf0682bc2,IG Story,VIDEO,17.4.2026 15:07:32,NOVOTNÝ,https://www.instagram.com/stories/riderspardubice/3877369151623030646,,923,,,
@univerzitnihokej,facebook,01b45180-0b14-4a14-96e8-d0a4bab1fb9f,c1fdb243-8ca7-41d9-b7de-2652358e270d,FB Post,IMAGE,28.3.2026 19:14:06,Poslední semifinálový duel vypukne v Plzni 🔥 Farmers se ve vyřazovací části vrátí zpět na půdu Akademiků 🔙,https://www.facebook.com/1275398168115026/posts/1272792498375593,1320,,1,,
@riderspardubice,instagram,4d6a67ab-9313-4f77-a82e-abb18adbca5d,85c5fcd7-9480-48c8-900b-30b12fb6fc83,IG Story,VIDEO,2.9.2026 19:02:18,@danmatys_ 🔥,https://www.instagram.com/stories/riderspardubice/3977506468404474989,,1121,,,1
@cvutengineers,instagram,11963a07-7f0f-48e6-9d81-aa63a7ff4a04,c5e91a7c-4388-4830-bdeb-878e6219d8f8,IG Story,VIDEO,8.4.2026 17:15:23,GAME MODE ON,https://www.instagram.com/stories/cvutengineers/3870910610531952809,,995,,,
@riderspardubice,instagram,4d6a67ab-9313-4f77-a82e-abb18adbca5d,318e81d8-4942-4c25-8c95-0f2188f41453,IG Story,VIDEO,1.4.2026 16:09:23,,https://www.instagram.com/stories/riderspardubice/3865804005641578206,,498,,,
@bitvaoprahu,instagram,d7c8aa06-74fb-4c6c-a7d2-c2fe1bf6d59c,d07d94af-34ad-486e-ab68-1e6129151b3b,IG Post,IMAGE,12.3.2026 22:41:53,Ideální rande 🟰 Bitva o Prahu?! 😍,https://www.instagram.com/p/DVzSja6DEtI/,,9723,127,,1
@bitvaoprahu,facebook,75e0f41f-82be-4f82-a77b-82ac11135ed2,5d2de9ab-7185-47db-8787-971c05771592,FB Post,IMAGE,10.4.2026 13:38:05,"Bitva o Prahu v Edenu?! 🫨

Už příští týden se odehraje Final Four, kde čtyři nejlepší týmy budou bojovat o titul mistra 🏆 a rovnou tři z nich dobře znáte 😏

Ať už jsi fanoušek Falcons, Kings nebo Engineers, pojď podpořit svůj tým na nejdůležitější akci sezóny 🔥

Lístky v prodeji na finalfour.cz 🎟️",https://www.facebook.com/1441262177797849/posts/1443789917545075,252,,4,,
@vutcavaliersbrno,instagram,b384bebf-72f3-4f9d-8b2d-3677709f6966,a01e8f84-7455-49c7-857e-97c4495c5923,IG Story,VIDEO,31.3.2026 21:02:24,,https://www.instagram.com/stories/vutcavaliersbrno/3865226655702771549,,283,,,
@AkademiciPlzen,facebook,d87b94e3-03e8-45d0-b92e-75e9b819545c,a618d825-fbba-4fcd-b859-5966186a6214,FB Post,IMAGE,6.3.2026 19:48:29,"Jarní bitva už je minulostí! 💥 

Slavnostní buly nám vhodil maskot Olympiády dětí a mládeže, která se uskuteční 24.-28. 1. 2027 u nás v Plzeňském kraji! 🏆

#akademiciplzen 💙 | 📸 @vpotocesevodatoci @novotny_studio.cz",https://www.facebook.com/1357105236437494/posts/1336284845186200,416,,4,,
@BOhokej,facebook,c9082543-a03b-490f-8f97-66d439acce89,ca2d2e42-3929-4877-92cc-895b3f4803ad,FB Video,VIDEO,1.4.2026 16:36:37,"DĚKUJEME fanouškům a @bo_kotel za neskutečnou podporu v letošní sezóně. Vážíme si Vaši podpory a doufáme, že za námi budete stát i nadále. 
Vaši ŽRALOCI🦈❤️‍🩹",https://www.facebook.com/reel/919382640988644/,583,192,5,,
@united_hk,instagram,b18c071b-0570-48b2-b743-990c668c3c5b,4d9fc720-ffef-4dc6-9c4b-7103eae627c1,IG Story,IMAGE,25.8.2026 16:57:09,@amitydrinks.cz  TRÉNINKOVÁ  SÍLA 🍵 💪,https://www.instagram.com/stories/united_hk/3971645248112928152,,663,,,1
@riderspardubice,facebook,f99ed6c3-17cc-46f4-a32e-d9b0576ce2df,1a63d390-d636-4bb5-b6c1-9f4e2d7e3712,FB Post,IMAGE,15.4.2026 6:00:11,"Jedeme do Prahy reprezentovat na @unihokejfinalfour Riders, Pardubice i naši @upce_cz a bojovat s pražskými týmy o titul vládce ligy. ♥️

🏒 SEMIFINÁLE
🆚 @ukkingsprague
📍 Zimní stadion Eden, Praha
🕓 16. dubna | 16:30

👉 2 dny plný hokeje, atmosféry a afterparty

Ve čtvrtek se rozhodne, jestli půjdeme do finále, nebo o bronz – každopádně v pátek se hraje o medaile.

Pojď do toho s námi a buď u toho.

🎟️ Vstupenky najdeš v BIU.",https://www.facebook.com/1592662819534019/posts/1605059924960975,911,,16,,
@univerzitnihokej,facebook,01b45180-0b14-4a14-96e8-d0a4bab1fb9f,6835f1b4-37c2-4e57-9038-9c75844a9163,FB Video,VIDEO,20.7.2026 14:38:26,"Celou sezónu putoval šek na 100 000 Kč za svým výhercem. Cesta nakonec skončila v Brně 🚗 

Důkaz, že mít účet u ČSOB se opravdu vyplácí 💳
Na další sezónu chystáme s @csobcz další benefity a odměny pro fanoušky ULLH. 🚨",https://www.facebook.com/reel/27438805042437981/,1374,452,3,,
@riderspardubice,instagram,4d6a67ab-9313-4f77-a82e-abb18adbca5d,72ca2875-a567-403b-a644-dca889883246,IG Story,VIDEO,8.4.2026 6:58:23,DNES VYRÁŽÍME DO PRAHY!,https://www.instagram.com/stories/riderspardubice/3870600055212493169,,891,,,