account_name,social_network_id,carl_account_id,carl_post_id,post_type,media_url_type,published,caption,permalink,impressions,views,likes,comments,shares
vsefalcons,instagram,709fceba-e311-48e7-9057-f54a587abf4a,04673c5a-1337-4e44-b1d6-05b637cc6c9c,IG Story,VIDEO,12.3.2026 16:16:57,SROVNÁVÁME 👀,https://www.instagram.com/stories/vsefalcons/3851312263516951836,1408,1320,,,
@univerzitnihokej,instagram,1e114592-3529-4cfe-9977-2598454053af,99f33367-2a6c-492e-9c63-12ec4cdc28e6,IG Post,IMAGE,12.3.2026 21:06:50,Tak který tým si odnesl víc peněz? 💰,https://www.instagram.com/p/DVzIMVBiN0J/,,11548,240,,54
@akademiciplzen,instagram,65494228-95bf-4f7b-8e68-d47d7262db66,bb731746-71ce-49be-85af-477cdb8c3808,IG Story,IMAGE,2.4.2026 0:43:12,,https://www.instagram.com/stories/akademiciplzen/3866062570775539944,,2058,,,2
@bitvaoprahu,instagram,d7c8aa06-74fb-4c6c-a7d2-c2fe1bf6d59c,c5b8da47-46da-4888-aaa4-9eadfdfc5f07,IG Story,VIDEO,10.4.2026 14:56:24,S KÓDEM BITVA15 UŠETŘÍŠ 🤑 🎟️ 🎟️,https://www.instagram.com/stories/bitvaoprahu/3872290199804088521,,850,,,3
@univerzitnihokej,instagram,1e114592-3529-4cfe-9977-2598454053af,2db1584a-caa6-431f-95f4-0687441041af,IG Post,IMAGE,6.3.2026 8:57:44,@zlatak30 se inspiroval v NCAA. 🫨 Tohle jsme nedávno viděli u @michael_hrabal v UMass.,https://www.instagram.com/p/DViX-_GiI_2/,,26008,556,1,19
@united_hk,instagram,b18c071b-0570-48b2-b743-990c668c3c5b,40f64ffc-450a-4955-9c10-46a8e7715f4a,IG Reel,VIDEO,14.3.2026 10:30:02,"Včera jsme to dali na velkém plátně 🎬🏒

Heated Rivalry maraton v CineStaru.
Děkujeme @hbomaxczsk 

#unitedhk #cinestar #heatedrivalry #hbomax",https://www.instagram.com/reel/DV3IdJICKlD/,,78567,6345,44,2348
vsefalcons,instagram,709fceba-e311-48e7-9057-f54a587abf4a,58715e38-133e-4f92-ab41-40648660ec73,IG Story,IMAGE,22.1.2026 8:17:14,,https://www.instagram.com/stories/vsefalcons/3815556816210295056,,1086,,,
vsefalcons,instagram,709fceba-e311-48e7-9057-f54a587abf4a,69303f8b-4cf9-4c85-b7a4-6f9b4846eab4,IG Post,IMAGE,25.1.2026 17:56:18,"Zkouškové je (skoro) za námi, je čas vrátit se na zimák! 🤓 V prvním domácím zápase tohoto roku se utkáme s @hcnorthwings 🦅 

Hlavním partnerem zápasu je @mosteckamontazni 🤝🏽 

Už nám chybíte, tak se za námi zastavte! 🥹💙",https://www.instagram.com/p/DT8V0obiKQL/,,6168,63,,28
@univerzitnihokej,instagram,1e114592-3529-4cfe-9977-2598454053af,b6500821-e8c9-4534-8740-3e4bfcfa6e80,IG Post,IMAGE,23.3.2026 21:45:40,"Black Dogs vystrčili růžky a seřezali krále tabulky 🫣 východní Čechy patří Hradci, připisují si 4. výhru proti Riders 💪🏼",https://www.instagram.com/p/DWPhYejDC76/,,8810,182,,42
@univerzitnihokej,instagram,1e114592-3529-4cfe-9977-2598454053af,da6a9cc2-b138-4afc-b8b3-f1c2912aa0ba,IG Reel,VIDEO,22.4.2026 15:02:35,Zapsat se takové legendě do paměti je pro nás obrovská čest 💙  Děkujeme za krásná slova @helenavondrackovacz 🙏🏻 Celý díl na herohero.co/cestmir 🎥,https://www.instagram.com/reel/DXcCJo7CJ58/,,85904,2589,16,300
@riderspardubice,facebook,f99ed6c3-17cc-46f4-a32e-d9b0576ce2df,f9931061-d7ad-40a6-9552-30065b15750d,FB Post,IMAGE,9.3.2026 22:24:20,"Poslední zápas v dresu Riders pro @dominikkopecky_99 a @daniel.skryp! 🔥

Přijď kluky podpořit a rozloučit se s nimi na zápas proti @united_hk! 

Prvních 50 vstupenek za 50 Kč už teď přes odkaz v BIU!",https://www.facebook.com/1592662819534019/posts/1572162808250687,901,,8,,
@akademiciplzen,instagram,65494228-95bf-4f7b-8e68-d47d7262db66,fcd809b5-ea07-4d99-bb86-3de5fd07916e,IG Reel,VIDEO,21.3.2026 17:16:10,"Šampóny od @garnier_czsk dělají po tréninku ve sprchách vyloženě zázraky. 🤯✨

#garnierfructis #cistahlava #cistahra #ad",https://www.instagram.com/reel/DWJ37CuDHm0/,,10618,260,1,68
vsefalcons,instagram,709fceba-e311-48e7-9057-f54a587abf4a,32c3e9b2-9390-42f7-9b1f-f7fd22c5e354,IG Story,VIDEO,10.2.2026 19:18:21,"Proč nejsi jinde
aspoň o pár cenťásků 🤏🏻",https://www.instagram.com/stories/vsefalcons/3829660293760859840,627,952,,,1
@cvutengineers,instagram,11963a07-7f0f-48e6-9d81-aa63a7ff4a04,d0876eb8-b16a-4b8e-b399-e0ba1dd5ba16,IG Post,IMAGE,17.4.2026 8:42:20,"Ještě něco málo ze včerejší vítězný radosti 🥳
Dneska je cíl jasnej!

20:15 | ZIMNÍ STADION EDEN | UK vs ENG 
Chceme tě tam vidět! 🫵🏼

📸: @ondra_mann",https://www.instagram.com/p/DXOfnBwDLcj/,,8634,278,1,11
@riderspardubice,instagram,4d6a67ab-9313-4f77-a82e-abb18adbca5d,ba61b1fa-0779-4ee6-86cc-fc06a80247fc,IG Story,IMAGE,17.4.2026 13:34:34,@tipsport_cz,https://www.instagram.com/stories/riderspardubice/3877322442461199422,,1107,,,
@univerzitnihokej,instagram,1e114592-3529-4cfe-9977-2598454053af,eee3bf4f-6451-4e75-a837-6cf244051737,IG Reel,VIDEO,12.3.2026 18:03:03,Za takovou střelou by se nestyděli ani naši hráči! 🤯 @csobcz cash on ice 💸,https://www.instagram.com/reel/DVyzCcBCNu2/,,7746,106,,12
@cvutengineers,instagram,11963a07-7f0f-48e6-9d81-aa63a7ff4a04,ff94c2e0-a07e-4fe1-bfd5-3363796914b4,IG Reel,VIDEO,17.4.2026 6:48:23,"🚨 FINÁLE FINAL FOUR JE TADY!

 Na tento moment jsme dlouho čekali. Teď je čas jít do boje o titul mistra ULLH. Na ledě necháme všechno. 🙏🏻

Dnes od 20:15 ukážeme, v kom bije skutečné srdce lva. 🦁",https://www.instagram.com/reel/DXOSBGhDImv/,,8383,124,,16
@engineersprague,facebook,afd06d1d-7b1c-4f66-8d93-ce4255ab773c,4495d929-8dfa-442d-9b1a-485da6c75484,FB Story,VIDEO,4.3.2026 19:17:37,,,,,,,
@hcnorthwings,facebook,2b08a479-603b-46e4-8a48-2bc0435ccd53,af26b591-496b-4dd4-bdca-671f27e110f8,FB Story,VIDEO,4.3.2026 16:16:37,,,,,,,
vsefalcons,instagram,709fceba-e311-48e7-9057-f54a587abf4a,b5314a42-3b47-4c55-91dd-7a4fbdf998ad,IG Story,VIDEO,26.2.2026 20:55:05,za občerstvení děkujeme @kauflandcesko 🍿,https://www.instagram.com/stories/vsefalcons/3841305406261983803,983,1317,,,50
vsefalcons,instagram,709fceba-e311-48e7-9057-f54a587abf4a,bd636c4e-b803-4fad-894d-37333cb86254,IG Story,VIDEO,2.2.2026 17:15:52,"nedočkavec 6 minut
před tréninkem 🥹",https://www.instagram.com/stories/vsefalcons/3823800453092372016,,1223,,,2
vsefalcons,instagram,709fceba-e311-48e7-9057-f54a587abf4a,f3e6fbe7-e6b2-45aa-8ceb-8161a6480c7a,IG Post,IMAGE,8.2.2026 21:00:44,"@bitvaoprahu nanečisto pro nás skončila vítězně, ta pravá nás ale teprve čeká 🔥

Nejlevnější lístky můžeš koupit do pátku na bitvaoprahu.cz 🎟️",https://www.instagram.com/p/DUgtJbOiLid/,,2270,100,1,1
@akademiciplzen,instagram,65494228-95bf-4f7b-8e68-d47d7262db66,6118e644-4cda-433a-9bec-479d1f14b472,IG Post,ALBUM,30.3.2026 10:50:22,"PLAY-IN MODE ON! 🔥

Ta nejnapínavější část sezony právě začíná. Emoce pojedou na maximum a ve středu chceme přesně takovou atmosféru, jakou umíte vytvořit jen vy. 🫵🏻

📍 1. 4. | 19:00 | LOGSPEED CZ Aréna
🎟️ Lístky najdeš v biu nebo na webu

#akademiciplzen 💙",https://www.instagram.com/p/DWgX9BcjKsj/,,26121,770,3,72
vsefalcons,instagram,709fceba-e311-48e7-9057-f54a587abf4a,840002d2-5254-4d90-a181-644b97fb395e,IG Story,VIDEO,28.3.2026 19:24:32,"🫵🏻 POTŘEBUJEME TĚ
V ÚTERÝ NA TRIBUNĚ!",https://www.instagram.com/stories/vsefalcons/3863003085895371860,865,677,,,2
@riderspardubice,instagram,4d6a67ab-9313-4f77-a82e-abb18adbca5d,898ac601-c3d6-4bb2-9576-87dadb5cc8b1,IG Story,VIDEO,13.4.2026 12:35:00,🎟️,https://www.instagram.com/stories/riderspardubice/3874393356143168181,,568,,,
vsefalcons,instagram,709fceba-e311-48e7-9057-f54a587abf4a,ed604f20-e3e3-4f6b-8757-5c6c49539951,IG Story,VIDEO,8.3.2026 14:05:11,😘 🫶🏼,https://www.instagram.com/stories/vsefalcons/3848346822850937707,660,819,,,
@cvutengineers,instagram,11963a07-7f0f-48e6-9d81-aa63a7ff4a04,f8970262-4f31-45fc-baed-355b55db4f3d,IG Story,VIDEO,1.4.2026 8:40:02,🔥 🔥,https://www.instagram.com/stories/cvutengineers/3865577783280049146,,76,,,
vsefalcons,instagram,709fceba-e311-48e7-9057-f54a587abf4a,3f67c19e-9fd0-4d0a-b87e-c6aa47cf00cb,IG Story,IMAGE,31.12.2025 11:13:13,🦅,https://www.instagram.com/stories/vsefalcons/3799700340442953410,,831,,,
vsefalcons,instagram,709fceba-e311-48e7-9057-f54a587abf4a,7685c8fe-230f-42bb-98ed-f61fa9d8f5d8,IG Story,VIDEO,26.1.2026 18:37:38,3. TŘETINA začíná,https://www.instagram.com/stories/vsefalcons/3818768175420954767,,852,,,
vsefalcons,instagram,709fceba-e311-48e7-9057-f54a587abf4a,7e36fb4d-30db-4fd4-87b0-dc994f13d342,IG Story,VIDEO,11.3.2026 18:44:33,JE TO VENKU!,https://www.instagram.com/stories/vsefalcons/3850661758843238298,1224,656,,,
vsefalcons,instagram,709fceba-e311-48e7-9057-f54a587abf4a,87e5256f-8a42-4d46-8997-a0d61c666116,IG Story,IMAGE,8.2.2026 17:51:06,"1 3 David
Drábek
Novák",https://www.instagram.com/stories/vsefalcons/3828166811108006272,,851,,,1
@riderspardubice,instagram,4d6a67ab-9313-4f77-a82e-abb18adbca5d,b431c85c-1566-411c-8277-8a6e18ae6994,IG Post,IMAGE,10.3.2026 7:42:24,"Vstupenky na Last dance Dominika Kopeckého a Daniela Skrypa nyní jen za 50,- 😎",https://www.instagram.com/p/DVsia6qDCV4/,,2119,37,,7
vsefalcons,instagram,709fceba-e311-48e7-9057-f54a587abf4a,b79ed296-d813-43be-955e-cbfeefd6e878,IG Story,VIDEO,14.3.2026 15:42:54,KDO BUDE DNEŠNÍ JEDNIČKA ? ?,https://www.instagram.com/stories/vsefalcons/3852744688277130276,770,755,,1,
@bitvaoprahu,instagram,d7c8aa06-74fb-4c6c-a7d2-c2fe1bf6d59c,e97f5792-db0b-4f2c-afa4-1922187b0fb4,IG Post,IMAGE,12.3.2026 21:10:13,"🇨🇿 Dvojnásobný medailista z olympijských her v Miláně je mezi námi! 🤩🙏🏼

Tím není nikdo jiný než Metoděj Jílek! 🎩 #bitvaoprahu",https://www.instagram.com/p/DVzIlMODutd/,,213461,10746,1,330
@univerzitnihokej,facebook,01b45180-0b14-4a14-96e8-d0a4bab1fb9f,12fe15d6-3e54-4b4d-b632-839a16f34875,FB Video,VIDEO,12.3.2026 22:11:27,"Myslíte si, že by byl @metodej_jilek dobrej v hokeji? 👇🏻👀",https://www.facebook.com/reel/956471700139737/,507,217,3,,
@univerzitnihokej,instagram,1e114592-3529-4cfe-9977-2598454053af,578b5b5c-c19b-48bb-9bff-2d3234f6e035,IG Post,IMAGE,8.4.2026 21:45:54,"Co zápas, to kino! 🍿 Známe tři účastníky historicky prvního Final Four 🥵

Falcons ovládli výlet v Budějcích, Kings si vyzkoušeli Eden nanečisto a Engineers urvali výhru po dramatických samostatných nájezdech 🔥",https://www.instagram.com/p/DW4uIJVCOqS/,,5889,262,,9
@cvutengineers,instagram,11963a07-7f0f-48e6-9d81-aa63a7ff4a04,6c8ce250-dc5f-48e6-836e-5ff566365a9a,IG Story,VIDEO,8.4.2026 18:41:29,,https://www.instagram.com/stories/cvutengineers/3870953940578002604,,1743,,,2
@bitvaoprahu,instagram,d7c8aa06-74fb-4c6c-a7d2-c2fe1bf6d59c,306c41d5-83c5-4c23-af22-2e3edf05e639,IG Post,IMAGE,13.3.2026 12:52:35,"🏆🏆 Královské ráno! Žijete všichni? 😀

📸 @vratapolivka_photo , @matyasklapa , @radekkasik1",https://www.instagram.com/p/DV00bUIjCKI/,,26264,807,,176
@univerzitnihokej,instagram,1e114592-3529-4cfe-9977-2598454053af,4947b9fb-87ff-4156-af7c-6d408a228b4a,IG Story,VIDEO,12.4.2026 15:12:45,OD ZÍTRA SE ZDRAŽUJÍ VSTUPENKY MŮJ TÝM POSTOUPIL DO @unihokejfinalfour 🚨 🥳 🙌🏻 🤯,https://www.instagram.com/stories/univerzitnihokej/3873747978158609299,,1438,,,1
@boostrava,instagram,1176ddaf-d366-48a2-9639-3c6694c72c85,8899a1ac-fb83-499a-ab96-4d975cf9ac5c,IG Post,IMAGE,4.3.2026 21:20:01,"Naši vítězové! 🦈

#hockey #winners",https://www.instagram.com/p/DVei045jOtf/,,10533,196,1,23
@riderspardubice,instagram,4d6a67ab-9313-4f77-a82e-abb18adbca5d,9ab2f050-1550-4f31-acff-2e7057fe7ab6,IG Story,VIDEO,3.4.2026 7:48:04,,https://www.instagram.com/stories/riderspardubice/3867001180732009455,,599,,,1
@univerzitnihokej,instagram,1e114592-3529-4cfe-9977-2598454053af,9d728274-d513-4b55-b324-b8e0ef70b910,IG Reel,VIDEO,12.3.2026 22:11:15,"Myslíte si, že by byl @metodej_jilek dobrej v hokeji? 👇🏻👀",https://www.instagram.com/reel/DVzOyuUCEFR/,,57618,2571,3,212
@cvutengineers,instagram,11963a07-7f0f-48e6-9d81-aa63a7ff4a04,b1f7c56d-e369-4481-96cd-da3d54ebaae5,IG Post,IMAGE,17.4.2026 10:48:49,"Polední rozbruslení za námi, atmosféra byla/je dobrá 🤓

Těšíme se na večer 👀

📸: @ondra_mann 

#srdcelva",https://www.instagram.com/p/DXOuFZBDCh9/,,5092,123,,8
@akademiciplzen,instagram,65494228-95bf-4f7b-8e68-d47d7262db66,daa2564e-fae2-44b8-bdae-34e4652de34e,IG Story,VIDEO,1.4.2026 15:10:56,,https://www.instagram.com/stories/akademiciplzen/3865774527955633902,,1658,,,14
vsefalcons,instagram,709fceba-e311-48e7-9057-f54a587abf4a,ebd9dacd-6e94-481d-8766-25feffc06816,IG Reel,VIDEO,14.7.2026 18:06:45,"Někteří ptáci potřebují občas trochu času, než najdou své hnízdo. 🪺 Z Black Dogs k nám od nové sezóny přilétá student naší univerzity, Jan Vavřík 🤝🏼

Vavřa, vítej doma!",https://www.instagram.com/reel/DayF3BKotIZ/,,11714,289,6,54
@hcnorthwings,facebook,2b08a479-603b-46e4-8a48-2bc0435ccd53,1468da8f-7a52-4905-9b87-802f5bbead96,FB Video,VIDEO,5.3.2026 7:59:03,🎥 | Přinášíme sestřih branek 23. kola @univerzitnihokej ve kterém studenti @ujepul - HC North Wings podlehli celku @czufarmers na domácím ledě v poměru 1:5🏒 #univerzitnihokej,https://www.facebook.com/reel/1246404513627047/,324,84,3,,
vsefalcons,instagram,709fceba-e311-48e7-9057-f54a587abf4a,7bc14117-e49f-423d-bc98-32b29dce29f6,IG Story,VIDEO,15.1.2026 9:49:44,👯,https://www.instagram.com/stories/vsefalcons/3810529931139015612,,1685,,,2
vsefalcons,instagram,709fceba-e311-48e7-9057-f54a587abf4a,7bc2947f-fd0f-41c4-9d19-ef2369605088,IG Story,VIDEO,3.3.2026 19:25:04,KDO TU DNES NENÍ 📺 🛋️,https://www.instagram.com/stories/vsefalcons/3844883981854584101,646,812,,,
@cvutengineers,instagram,11963a07-7f0f-48e6-9d81-aa63a7ff4a04,c58fc56a-5788-4764-9123-3a25b5d91a16,IG Post,IMAGE,18.3.2026 19:29:46,"100 zápasů. Jedno jméno… Matouš Najman 👏🏼

Další legenda Engineers, která zanechala stopu, na kterou se nezapomíná. Matouši, díky za všechno! 💙

Přejeme ti spoustů úspěchů… a ať tě nikdy neopustí srdce lva 🦁",https://www.instagram.com/p/DWCZ2vJjMpG/,,10166,344,,9
vsefalcons,instagram,709fceba-e311-48e7-9057-f54a587abf4a,0381b3c5-769b-417b-80f1-b07fa3696ab5,IG Story,VIDEO,8.3.2026 7:34:06,@strnyjan,https://www.instagram.com/stories/vsefalcons/3848149991445547052,,965,,,2
vsefalcons,instagram,709fceba-e311-48e7-9057-f54a587abf4a,0b00ed68-22e0-45f0-8417-144e16ddf84f,IG Story,VIDEO,11.1.2026 17:56:00,👆🏼 REGISTROVAT SE MŮŽETE,https://www.instagram.com/stories/vsefalcons/3807875553261277639,,697,,,1
vsefalcons,instagram,709fceba-e311-48e7-9057-f54a587abf4a,24a9c569-4820-4246-8b32-ed2c6b5fd0be,IG Story,VIDEO,10.2.2026 10:36:44,,https://www.instagram.com/stories/vsefalcons/3829397735841734659,687,1014,,,6
@hc_muni,instagram,43cd62c8-609d-4ea6-8ce9-cae5242ede0c,2d43c833-502c-4ffe-b71b-cfba11f92b7a,IG Reel,REEL,25.3.2026 17:07:59,"Nojo, o @kfc_cz by se kluci i poprali🍗🐻 Jak úspěšní jste v našem kvízu byli vy? 

PS: žádné kuře nepřišlo vniveč 🫶🏻

#kfcplechovykyblik #kfc",https://www.instagram.com/reel/DWUKPdoDM2o/,,6068,104,,8
vsefalcons,instagram,709fceba-e311-48e7-9057-f54a587abf4a,54535825-d695-4183-9bb2-064f5699b1da,IG Story,VIDEO,10.2.2026 20:47:43,🚀,https://www.instagram.com/stories/vsefalcons/3829705462220589594,,977,,,
@hcmuni,facebook,d1f9e9f9-7526-42d4-85aa-13f91e89f7cf,07f96ee5-98b6-4817-89cc-e32d6a8f4caf,FB Video,VIDEO,6.3.2026 18:11:46,"Mrkněte na první gól @filas_vasek v @univerzitnihokej !!!🔥🏒💙

#hcmuni",https://www.facebook.com/reel/2098455937670864/,2437,1296,14,,
@bitvaoprahu,instagram,d7c8aa06-74fb-4c6c-a7d2-c2fe1bf6d59c,d2e7c461-ebeb-4a65-afe5-3777022061d4,IG Post,IMAGE,12.3.2026 15:46:14,"FIRST GAME COMIN’! ⏳🔜

Bitva o bronz: Kdo dnes urve malé pražské derby? 🔥",https://www.instagram.com/p/DVyjgSGjCYr/,,20817,187,1,11
vsefalcons,instagram,709fceba-e311-48e7-9057-f54a587abf4a,8f328d1a-ab3b-4f6a-9375-1aca4468f424,IG Story,VIDEO,11.7.2026 19:00:37,,https://www.instagram.com/stories/vsefalcons/3939092489113749311,,633,,,2
@univerzitnihokej,facebook,01b45180-0b14-4a14-96e8-d0a4bab1fb9f,37f4a432-d424-4c8a-aa98-973bd06d88bf,FB Video,VIDEO,11.3.2026 18:32:26,MORAVSKÉ DERBY ⚔️ Sledujte živě na @ctsport 📺,https://www.facebook.com/reel/920877407214740/,1503,502,5,,
@AkademiciPlzen,facebook,d87b94e3-03e8-45d0-b92e-75e9b819545c,06974fdb-b7b9-4e89-8350-3ce39f25af32,FB Post,IMAGE,18.3.2026 22:22:55,"3 VÝHRY V ŘADĚ! 👊🏻

Z Brna vezeme výhru 1:4 a držíme si tak 4. místo v tabulce. 🍫 Hráčem zápasu se stává Jíří Beníšek. 👑

Jsme READY na poslední domácí zápas základní části! Přijď nás 25. 3. podpořit a pojďme to společně uzavřít vítězně! 💙

#akademiciplzen",https://www.facebook.com/1357105236437494/posts/1345811964233488,6675,,57,,
vsefalcons,instagram,709fceba-e311-48e7-9057-f54a587abf4a,2c088016-988e-4817-ab16-d55c0773b309,IG Story,VIDEO,9.4.2026 7:57:55,už za týden míříme do Edenu 🔜,https://www.instagram.com/stories/vsefalcons/3871354877611931778,752,832,,,1
@univerzitnihokej,instagram,1e114592-3529-4cfe-9977-2598454053af,58bf8637-7be8-4d01-bd65-c8fc495e8415,IG Post,IMAGE,12.3.2026 21:52:31,Tak tuto výhru ti bude závidět celkej kotel! 🍗,https://www.instagram.com/p/DVzNPXLCPM0/,,3866,68,,10
@hcnorthwings,facebook,2b08a479-603b-46e4-8a48-2bc0435ccd53,690c3418-d9e6-4426-aa30-67b31623e739,FB Video,VIDEO,19.3.2026 8:08:02,🎤 | Pozápasové ohlasy z 25. kola @univerzitnihokej v podání kapitána @hcnorthwings (Adam #Šubrt) #univerzitnihokej,https://www.facebook.com/reel/953961007139831/,531,240,3,,
vsefalcons,instagram,709fceba-e311-48e7-9057-f54a587abf4a,99394075-4aa0-400c-b168-c379b9611ddf,IG Story,VIDEO,8.2.2026 17:43:02,SROVNÁVÁ 🎯,https://www.instagram.com/stories/vsefalcons/3828162771406042706,,1376,,,1
@univerzitnihokej,instagram,1e114592-3529-4cfe-9977-2598454053af,a1c579bc-53a9-4461-be17-ceb514d2b640,IG Post,IMAGE,25.3.2026 22:39:50,"Na závěr základní části nechyběly nájezdy, prodloužení ani gólový koncert 🎻 Farmers urvali 2 body v Plzni, brněnské derby patří MUNI a Engineers navařili desítku 🚨
…a teď už směr play-in 🔜",https://www.instagram.com/p/DWUxK7tCAjc/,,5375,132,,8
@univerzitnihokej,facebook,01b45180-0b14-4a14-96e8-d0a4bab1fb9f,b79a1970-8f55-4f15-b882-a3db2322c6be,FB Post,IMAGE,2.3.2026 8:16:51,"Program na tento týden? Opravdu nabitý 🔋
Kromě mnoho zajímavých utkání se ve středu podíváme na TOP zápas do 📍Plzně",https://www.facebook.com/1275398168115026/posts/1251978200457023,343,,2,,
@united_hk,instagram,b18c071b-0570-48b2-b743-990c668c3c5b,526238c9-6d73-4079-aae8-829e5ea46176,IG Story,VIDEO,22.4.2026 18:31:12,,https://www.instagram.com/stories/united_hk/3881095492662773263,,331,,,
@riderspardubice,instagram,4d6a67ab-9313-4f77-a82e-abb18adbca5d,12b87318-ea0a-4920-901b-c804856eba44,IG Post,IMAGE,10.3.2026 19:51:31,"Další venkovní zápas!🤩

Venkovní zápas
🗓️ 17.3. v 19:30
📍 v RT Torax Arena 
⚔️ proti @boostrava 

#venkovnízápas#riders",https://www.instagram.com/p/DVt1vuekXcM/,,2425,34,,4
vsefalcons,instagram,709fceba-e311-48e7-9057-f54a587abf4a,5718cd43-4628-48d3-9358-942592bc3e65,IG Story,VIDEO,24.4.2026 7:52:14,,https://www.instagram.com/stories/vsefalcons/3882223451838632451,723,822,,,5
@hcmuni,facebook,d1f9e9f9-7526-42d4-85aa-13f91e89f7cf,6b4c878d-a278-4ed4-8c81-a23f95bd3aa6,FB Video,VIDEO,17.3.2026 10:50:41,"Bez tebe to nebude ono! Doraz ve středu na tribuny!! ⚔️🔥
Vidíme se v 19:30 na Lužánkách 📍

Lístky koupíš v biu 🎟️

#hcmuni",https://www.facebook.com/reel/940613421851062/,1885,568,6,,
vsefalcons,instagram,709fceba-e311-48e7-9057-f54a587abf4a,8374a384-2299-4c9d-8ee2-833003a34902,IG Reel,REEL,12.3.2026 14:25:56,Jsme na místě 🥵,https://www.instagram.com/reel/DVyaBXjiBG4/,,6574,198,1,31
@united_hk,instagram,b18c071b-0570-48b2-b743-990c668c3c5b,9d36361e-0e51-461b-9e4c-208b90241c9c,IG Post,PHOTO,24.3.2026 13:21:26,"💥Za týden jdeme do PLAY-IN.
31.3. Zápas o VŠE s VŠE Falcons v Praze!

1 zápas. Žádná druhá šance.

👉 Jak to funguje?
Vyhraješ = zůstáváš ve hře o Final Four.
Prohraješ = konec sezóny.

ALL IN

#unitedhk #unihokej #hokej",https://www.instagram.com/p/DWRMQJYCMlQ/,,7663,119,1,46
vsefalcons,instagram,709fceba-e311-48e7-9057-f54a587abf4a,0ab7914a-883e-4699-81d4-965d73d6a831,IG Story,VIDEO,3.2.2026 18:35:51,@vosmajz_97  cam 📽️,https://www.instagram.com/stories/vsefalcons/3824567260086278633,,1441,,,1
@AkademiciPlzen,facebook,d87b94e3-03e8-45d0-b92e-75e9b819545c,2f5b71ad-3efd-400b-94cd-1990fcc4098f,FB Video,VIDEO,25.3.2026 18:00:29,"Dnes do první linie proti @czufarmers nastupuje tahle sestava! Jen do nich, kluci. ✨

#akademiciplzen 

#AKA vs #CZU",https://www.facebook.com/reel/1424756915471003/,1057,448,13,,
vsefalcons,instagram,709fceba-e311-48e7-9057-f54a587abf4a,5196cbd8-4978-4f54-bf5a-fc73d71f2bf6,IG Story,VIDEO,14.3.2026 15:53:09,DOBRÝ PLAYLIST  must have 💯,https://www.instagram.com/stories/vsefalcons/3852749864450922233,766,779,,,
vsefalcons,instagram,709fceba-e311-48e7-9057-f54a587abf4a,64dc7188-25ca-47bd-8daa-391efca4d90f,IG Story,VIDEO,15.1.2026 11:13:23,@mcpraha3 🤝🏼 @vsecz,https://www.instagram.com/stories/vsefalcons/3810572080916245445,,4009,,,1
@akademici_plzen,tiktok,8f78cb3d-9c53-4c33-9f39-e6526fd8fa1c,077f365c-4b37-4d23-902f-d5b4f50feae2,TT Video,VIDEO,27.4.2026 21:32:11,"Zavzpomínali jsme na Jarní bitvu… a přenesli se až do devadesátek! 🎞️ Chybí vám taky ta atmosféra? Nesmutněte, už příští týden oznámíme datum Bitvy o Plzeň! 🔥 #akademiciplzen 💙 #hockey #universitystudent #gameday ",https://www.tiktok.com/@akademici_plzen/video/7633554991655046422?utm_campaign=tt4d_open_api&utm_source=7348986504397455361,,1348,67,,3
@cvutengineers,instagram,11963a07-7f0f-48e6-9d81-aa63a7ff4a04,6e9d44b1-93a6-4b23-bb0a-e80fe580c543,IG Post,ALBUM,24.3.2026 18:08:58,"Zejtra vítězný repete? 🤞🏼

ENG vs NWU | 25. 3. | 20:00",https://www.instagram.com/p/DWRtYKBjOT0/,,9321,189,,2
@univerzitnihokej,instagram,1e114592-3529-4cfe-9977-2598454053af,79b64d06-5634-4595-a134-0a1e84c4a933,IG Story,VIDEO,17.4.2026 14:53:30,,https://www.instagram.com/stories/univerzitnihokej/3877362175832490597,,1669,,,2
@akademiciplzen,instagram,65494228-95bf-4f7b-8e68-d47d7262db66,9ed60cb4-ec4e-4c2a-926b-134232695a2b,IG Story,VIDEO,8.4.2026 13:28:24,,https://www.instagram.com/stories/akademiciplzen/3870796406890204498,,1591,,,
@engineersprague,facebook,afd06d1d-7b1c-4f66-8d93-ce4255ab773c,f4305a72-a822-46ed-8d9a-6ac584a9199c,FB Post,IMAGE,4.3.2026 8:33:55,"🚨 GAMEDAY | Dnes hrajeme doma!
V tradičních 20:00 vyzvedneme na našem ledě @united_hk 🔥. Jak tento duel dopadne? Přijď se podívat na Hvězdu a pořádně nám zafandit! Těšíme se 👋🏻. 

#engprg",https://www.facebook.com/1560924572517692/posts/1536634661613350,279,,4,,
@hcnorthwings,facebook,2b08a479-603b-46e4-8a48-2bc0435ccd53,49e49deb-b90c-44ec-b516-7db9ae8dac36,FB Story,VIDEO,2.3.2026 18:54:18,,,,,,,
vsefalcons,instagram,709fceba-e311-48e7-9057-f54a587abf4a,7abd9cf7-8324-4664-acb1-6d56c9763d20,IG Story,VIDEO,3.2.2026 18:40:40,SÝÝÝÝR 📸 🧀,https://www.instagram.com/stories/vsefalcons/3824567894458012045,,913,,,
@univerzitnihokej,instagram,1e114592-3529-4cfe-9977-2598454053af,d78e60da-84db-4c63-80df-52682767867b,IG Story,VIDEO,1.4.2026 4:03:19,,https://www.instagram.com/stories/univerzitnihokej/3865438512690531392,,1460,,,3
@univerzitnihokej,instagram,1e114592-3529-4cfe-9977-2598454053af,9f92cc7f-f513-4b84-8ff7-d23b1c5af9f1,IG Post,IMAGE,9.3.2026 9:03:12,"Moravské derby, finále Bitvy o Prahu a mnoho dalšího! Na co se tento týden těšíte nejvíc? 🤓",https://www.instagram.com/p/DVqG_syiFoc/,,6902,177,,17
vsefalcons,instagram,709fceba-e311-48e7-9057-f54a587abf4a,4db65391-8f96-40cb-8da3-06b4182756da,IG Story,IMAGE,30.3.2026 9:28:28,"my, když si zítra na zápase vyřvete hlasivky společně s @sokoli.hnizd0",https://www.instagram.com/stories/vsefalcons/3864152671598956842,821,986,,,4
vsefalcons,instagram,709fceba-e311-48e7-9057-f54a587abf4a,95ce45ab-ebe3-4e39-8d83-8aa595cb2609,IG Reel,VIDEO,17.4.2026 16:03:35,"🤤🤤🤤

#vsefalcons #finalfour",https://www.instagram.com/reel/DXPR-yeDNvR/,,5629,92,1,2
vsefalcons,instagram,709fceba-e311-48e7-9057-f54a587abf4a,bc12a9a9-5148-42b7-81aa-3ae135f300a1,IG Story,VIDEO,14.3.2026 15:32:19,ROZBRUSLENÍ,https://www.instagram.com/stories/vsefalcons/3852739357526521963,849,849,,,
@riderspardubice,facebook,f99ed6c3-17cc-46f4-a32e-d9b0576ce2df,d314ef03-649d-4e16-8717-16d0540d3112,FB Video,VIDEO,26.4.2026 12:34:50,,https://www.facebook.com/reel/2036444483604619/,1077,461,6,,
@engineersprague,facebook,afd06d1d-7b1c-4f66-8d93-ce4255ab773c,088f4c63-a0eb-4252-87e6-2e2f32680d8b,,TEXT,9.3.2026 19:26:47,"POJĎTE S NÁMI NA BITVU🦁
#engprg",https://www.facebook.com/1560924572517692/posts/1541090904501059,248,,,,
vsefalcons,instagram,709fceba-e311-48e7-9057-f54a587abf4a,16acfc41-cd6e-4905-a8d8-88c565ac3836,IG Story,VIDEO,8.2.2026 17:49:06,"🥁 KOTEL
READY @sokoli.hnizd0",https://www.instagram.com/stories/vsefalcons/3828165944480922697,,926,,,2
vsefalcons,instagram,709fceba-e311-48e7-9057-f54a587abf4a,7aa2b7cb-9d01-4878-9982-09fd6509452f,IG Post,IMAGE,17.2.2026 22:03:59,"Takový otočky my můžem 🙂‍↔️
@michal.danniel zajistil první výhru proti @united_hk 💪🏼

Tohle je ale teprve začátek - máme před sebou další důležité zápasy, tak stay tuned a vidíme se zase za týden! 🦅",https://www.instagram.com/p/DU3_y6AiDVG/,,1932,78,,3
@akademiciplzen,instagram,65494228-95bf-4f7b-8e68-d47d7262db66,feec603f-f38a-4711-bcd5-0dedd1813d5c,IG Post,IMAGE,3.3.2026 15:54:50,"JARNÍ BITVA UŽ ZÍTRA! 👊🏻

Doraž včas na Proud, Redbull nebo svařák do fanzóny, nalaď hlasivky a pojď z toho udělat večer, na kterej se bude vzpomínat!

🕰️ 17:30 otevření fanzóny
📍 LOGSPEED CZ Aréna
🎟️ Lístky najdeš v biu nebo na plzenskabitva.cz

Tak co, bude nás ještě víc než loni? 🔥
#akademiciplzen",https://www.instagram.com/p/DVbXwrhDPGt/,,2675,59,,1
vsefalcons,instagram,709fceba-e311-48e7-9057-f54a587abf4a,6810566c-d823-4ba5-81de-1110733dadaf,IG Story,VIDEO,12.3.2026 14:41:45,BRAZILKA  musí být,https://www.instagram.com/stories/vsefalcons/3851264353517475511,1554,1540,,,1
@riderspardubice,facebook,f99ed6c3-17cc-46f4-a32e-d9b0576ce2df,6e4e4825-8a65-4b5d-8be2-ced43b96280d,FB Post,IMAGE,17.4.2026 18:29:50,"Děkujeme 🫶

Dneska to necinklo, ale rvali jsme se a nenechali jsme to nikomu zadarmo.

Dokázali jsme se po nepříliš ideálním začátku sezóny zvednout a dotáhnout to mezi 4 nejlepší týmy ligy a zahrát si na historicky prvním @unihokejfinalfour v Edenu. 

A to už nám nikdy nikdo nevezme. 

Děkujeme všem, kteří nám fandili a speciálně těm, kteří při nás stáli od začátku sezony nebo dokonce těm kteří při nás stojí od začátku Riders samotných. Vážíme si toho.",https://www.facebook.com/1592662819534019/posts/1607527561380878,2144,,54,,
vsefalcons,instagram,709fceba-e311-48e7-9057-f54a587abf4a,281264d4-72fd-4852-b714-f710795a590a,IG Story,VIDEO,18.1.2026 11:03:52,@ramert.16,https://www.instagram.com/stories/vsefalcons/3812741551500096165,,820,,,5
@united_hk,instagram,b18c071b-0570-48b2-b743-990c668c3c5b,89156323-2cd8-4dd7-85a7-a06adfc7c9c7,IG Post,IMAGE,15.3.2026 11:34:04,"Náš útočník Radek Bíman dnes slaví narozeniny.

Všechno nejlepší, Radku! 🎂
Užij si to.

🖤🧡",https://www.instagram.com/p/DV51BE2iDlx/,,2882,64,1,5
vsefalcons,instagram,709fceba-e311-48e7-9057-f54a587abf4a,b97d525e-5888-46f1-b813-99fc2dd7a0a7,IG Story,VIDEO,13.2.2026 13:52:49,,https://www.instagram.com/stories/vsefalcons/3831670806724278456,883,1059,,,5
@united_hk,instagram,b18c071b-0570-48b2-b743-990c668c3c5b,f51784dc-2ba0-42fe-8848-d0a9da16fe8b,IG Story,IMAGE,22.4.2026 8:07:00,,https://www.instagram.com/stories/united_hk/3880781448647060631,,849,,,
@united_hk,instagram,b18c071b-0570-48b2-b743-990c668c3c5b,d80ca8d3-451f-45f2-902c-d587c4ca82e6,IG Story,VIDEO,25.4.2026 12:21:18,"KDY? TRY - OUT 
 🎯",https://www.instagram.com/stories/united_hk/3883083523930214274,,943,,,
vsefalcons,instagram,709fceba-e311-48e7-9057-f54a587abf4a,f956e795-bd2a-4769-8307-2e2819e36870,IG Story,VIDEO,12.2.2026 13:07:20,POV: jsi s námi na střídačce,https://www.instagram.com/stories/vsefalcons/3830923135956818094,728,958,,,4
vsefalcons,instagram,709fceba-e311-48e7-9057-f54a587abf4a,197ab564-7377-41c3-9383-2fab05b41a87,IG Reel,VIDEO,17.2.2026 21:16:41,"CTRL C + CTRL V

Michal Daniel otočil zápas 5 minut před koncem, během 40 vteřin 😮‍💨",https://www.instagram.com/reel/DU36s85CBlp/,,10585,199,,5
vsefalcons,instagram,709fceba-e311-48e7-9057-f54a587abf4a,510ba4b3-b6c4-4c03-9622-06f7d9ec42ac,IG Story,VIDEO,31.5.2026 10:10:18,,https://www.instagram.com/stories/vsefalcons/3909109634166197652,,741,,,4
@bitvaoprahu,facebook,75e0f41f-82be-4f82-a77b-82ac11135ed2,576a5d72-0427-43ce-9ef9-3d59e7eefd57,FB Post,IMAGE,12.3.2026 9:00:08,"Nevíš co na sebe? 😔 Teď už jo! Obleč se do barev tvojí univerzity ať všichni ví, komu fandíš 🫡

Tak co, bude to červená❤️, modrá💙, zelená💚 nebo bílá🤍? 

Finálový večer Bitva o Prahu 🏒
Poslední lístky 👉🏼 bitvaoprahu.cz🎟️",https://www.facebook.com/1441262177797849/posts/1419535129970554,167,,,,
@riderspardubice,instagram,4d6a67ab-9313-4f77-a82e-abb18adbca5d,93b6d551-caa1-4c2b-ac60-6caba80f750b,IG Post,IMAGE,24.3.2026 13:37:00,"Včera jsme se na domácím ledě rozloučili s @dominikkopecky_99 a @daniel.skryp, pro které je toto poslední sezona v dresu Riders ❤️‍🩹

Díky kluci za vše, co jste Riders dali a přejeme vám mnoho úspěchů!",https://www.instagram.com/p/DWRODeZjKVa/,,14791,316,3,25
@bitvaoprahu,instagram,d7c8aa06-74fb-4c6c-a7d2-c2fe1bf6d59c,bfca4101-5837-4b18-956c-9b6ee27adf78,IG Story,VIDEO,13.4.2026 17:12:54,🫵🏼,https://www.instagram.com/stories/bitvaoprahu/3874533227625208510,,965,,,
@hc_muni,instagram,43cd62c8-609d-4ea6-8ce9-cae5242ede0c,530841b7-a171-42fb-96a3-4e9a6d363d79,IG Post,IMAGE,10.4.2026 14:43:21,"Stehlík&Bros zahrají pro dobrou věc 🎶 💙 
Podpořte spolu se zakladatelem HC MUNI @stehla81 malého Honzíka, který od narození bojuje se vzácným genetickým onemocněním 🥹 Každý příspěvek mu pomůže na cestě k potřebným terapiím či pomůckám. Přispět můžete skrze QR kód ve stories. 
Předem moc děkujeme 🧸

#desetfakultjednarodina",https://www.instagram.com/p/DW9HXEIjBUY/,,3629,46,,10
@cvutengineers,instagram,11963a07-7f0f-48e6-9d81-aa63a7ff4a04,9090ab2a-7dc7-46aa-ae14-4df0d351ae54,IG Story,VIDEO,12.4.2026 6:28:41,1. VLNA NEJLEVNĚJŠÍCH LÍSTKŮ KONČÍ UŽ DNES  VYUŽIJ KÓD ENGFANS,https://www.instagram.com/stories/cvutengineers/3873484208304032151,,1145,,,7
@univerzitnihokej,facebook,01b45180-0b14-4a14-96e8-d0a4bab1fb9f,9d5baab9-c755-44c6-ae4c-438f25039b5a,FB Video,VIDEO,12.3.2026 21:13:07,"Sice prohrávají, ale slavit umí…🔥",https://www.facebook.com/reel/822241420134224/,205,79,1,,
@218107044725785,facebook,7a942e3e-6c47-4794-9ba7-bbc7b6d40cb3,b07ca80f-abac-4b9d-8186-42aceeb3e40b,FB Post,IMAGE,21.4.2026 18:39:25,"Druhá sezóna, podruhé v TOP 4 a letos rovnou s medailema na krku🥉

Byla to horská dráha a velký počet zranění nám nic neulehčoval. Sice jsme nedoletěli až na samotný vrchol, ale to, co jsme během té cesty vytvořili, má pro nás mnohem větší hodnotu.

Děkujeme všem, kteří byli součástí - fanouškům z našeho hnízda za podporu, partnerům za důvěru a všem ostatním, kteří za námi stáli - ať už na ledě nebo mimo něj. 🩵 Loučíme se a už se těšíme, co přinese příští sezóna… protože my letíme dál Vzhůru k výškám 👆🏼

Go Falcons! 🦅",https://www.facebook.com/122282816036218300/posts/122285181680218300,1620,,37,,
@univerzitnihokej,instagram,1e114592-3529-4cfe-9977-2598454053af,ed225584-3d92-4b2c-8362-876f4e0136d4,IG Reel,VIDEO,5.3.2026 19:01:38,"Je hladoveeej🤤🤤

#zott #zotthungry #zotthungrydrinkthis",https://www.instagram.com/reel/DVg37IdCCB2/,,9321,216,6,43
vsefalcons,instagram,709fceba-e311-48e7-9057-f54a587abf4a,17ac2476-ca0f-42e6-ae59-c0a71444e87a,IG Story,VIDEO,15.4.2026 5:46:57,@viznertom,https://www.instagram.com/stories/vsefalcons/3875637527747233410,723,849,,2,3
@univerzitnihokej,instagram,1e114592-3529-4cfe-9977-2598454053af,2aa5811f-2b1c-4961-8531-6bbf60b38cba,IG Story,VIDEO,8.4.2026 17:13:00,0 1,https://www.instagram.com/stories/univerzitnihokej/3870909398688226612,,884,,,
univerzitnihokej,tiktok,01c88cf9-594f-408e-a45a-95114221acae,96ae7fb3-d1d4-4b64-935d-e31cd19b925a,TT Video,VIDEO,19.4.2026 18:24:33,"Výměna studia za stadion, aby audiokniha HR měla tu pravou atmosféru 🎧🔥",https://www.tiktok.com/@univerzitnihokej/video/7630537975536880918?utm_campaign=tt4d_open_api&utm_source=7348986504397455361,,31674,2448,18,822
vsefalcons,instagram,709fceba-e311-48e7-9057-f54a587abf4a,15a00091-9aab-4134-a436-e13d5f9c39cd,IG Post,IMAGE,23.6.2026 18:51:08,"Letošní sezónu jsme oficiálně uzavřeli na slavnostním galavečeru ⭐️

Zavzpomínali jsme na to nejlepší z ledu i mimo něj, ocenili nejúspěšnější hráče a rozloučili se s těmi, kteří nás opouští. Kromě hokeje šlo ale hlavně o to být spolu, utužit vztahy a připomenout si, že Falcons jsou víc než jen tým. 🤝🏼",https://www.instagram.com/p/DZ8GippiHpX/,,7701,195,2,36
@hcnorthwings,facebook,2b08a479-603b-46e4-8a48-2bc0435ccd53,598605a1-6d0f-467e-a579-b92412b8dd1b,FB Post,IMAGE,19.4.2026 16:59:42,"SEZÓNA 2025/2026 OFF 
Univerzitní liga již zná vítěze letošní sezóny 👑 a tím pro nás ofiko končí tento ročník 🔚
Díky všem 🫶 kteří se na něm podíleli a velké díky patří samotným hráčům, že to nevzdali a bojovali až do posledního kola 💛💙
Vidíme se v sezóně 2026/2027 🏒
#univerzitnihokej #myjsmeujep #hcnorthwings #icehockey",https://www.facebook.com/1583651910433365/posts/1600085498790006,2706,,22,,
@cvutengineers,instagram,11963a07-7f0f-48e6-9d81-aa63a7ff4a04,6f3c126d-bc95-4fb0-b22e-bdb9e344f20b,IG Story,VIDEO,8.4.2026 17:40:32,VÍTEJTE V MODRYM PEKLE 😈,https://www.instagram.com/stories/cvutengineers/3870923303108229836,,1011,,,1
vsefalcons,instagram,709fceba-e311-48e7-9057-f54a587abf4a,61a3e84c-e757-4625-80b0-3d82d98026c4,IG Post,IMAGE,6.7.2026 8:00:03,"GraduATE! 🤓

S koncem akademického roku tu máme jednu příjemnou povinnost a to pogratulovat těm, kteří v uplynulých dnech úspěšně zvládli státnice 📚

Patří vám obrovské uznání, že jste dokázali skloubit náročnou sezónu s plněním akademických povinností a došli si pro zasloužené tituly 🏆

V týmu máme opět o něco více vysokoškolsky vzdělaných hlav, kterým přejeme mnoho úspěchů v další kapitole studia i kariéry! 🎓",https://www.instagram.com/p/DacacIEDlAB/,,24431,460,8,88
@united_hk,instagram,b18c071b-0570-48b2-b743-990c668c3c5b,8560af6f-4bd3-47a9-9f60-7f6583d24749,IG Story,VIDEO,22.4.2026 18:32:19,,https://www.instagram.com/stories/united_hk/3881096052451362688,,320,,,
@riderspardubice,instagram,4d6a67ab-9313-4f77-a82e-abb18adbca5d,bf0f61d1-d9ac-4182-b6b2-6dc119e50ee6,IG Story,IMAGE,12.4.2026 11:00:21,,https://www.instagram.com/stories/riderspardubice/3873620936088120486,,1430,,,
@univerzitnihokej,facebook,01b45180-0b14-4a14-96e8-d0a4bab1fb9f,48165b2c-7bfc-4a20-8624-aff47bda68eb,FB Post,IMAGE,18.4.2026 19:16:28,Šampioni si navíc odnáší šek od našeho partnera @b_hockey_czech 🙌🏻,https://www.facebook.com/1275398168115026/posts/1289214493400060,1467,,14,,
@riderspardubice,instagram,4d6a67ab-9313-4f77-a82e-abb18adbca5d,9e96651b-4f7c-439f-92e7-7dcc9112aab6,IG Story,VIDEO,12.4.2026 13:58:02,🎟️,https://www.instagram.com/stories/riderspardubice/3873710367465825468,,1223,,,1
@riderspardubice,facebook,f99ed6c3-17cc-46f4-a32e-d9b0576ce2df,b1d0eca8-8461-4a30-9c0d-ce74f133b327,FB Video,VIDEO,27.4.2026 10:50:50,"Tahle jízda je u konce! Děkujeme všem za neskutečnou podporu. 🐎 Tato sezóna byla naprosto unikátní – zažili jsme historicky první Final Four a Riders u toho nesměli chybět!

P.S.: Jak teď máme bez těch hezkých hokejistů jako žít? Ptám se pro kamarádku... 🙋‍♀️",https://www.facebook.com/reel/1398184518993354/,246,110,3,,
@akademiciplzen,instagram,65494228-95bf-4f7b-8e68-d47d7262db66,ceeea672-9aa5-4fb0-84f6-36510015ae9b,IG Story,VIDEO,1.4.2026 17:40:46,,https://www.instagram.com/stories/akademiciplzen/3865849939108876522,,1234,,,
@bitvaoprahu,facebook,75e0f41f-82be-4f82-a77b-82ac11135ed2,e808efa3-9166-4e3f-aaa9-37d33ebbaeb5,FB Video,VIDEO,12.3.2026 18:20:02,"FALCONS JSOU BLÍZKO! 🦅🥉

Finálový večer @bitvaoprahu můžete sledovat živě na @sport_ct ➕. 📺",https://www.facebook.com/reel/1479012263830385/,137,33,,,
@hcnorthwings,facebook,2b08a479-603b-46e4-8a48-2bc0435ccd53,d5c697ae-316a-4fae-b0fe-37faf2600aff,FB Story,VIDEO,4.3.2026 13:42:45,,,,,,,
@univerzitnihokej,facebook,01b45180-0b14-4a14-96e8-d0a4bab1fb9f,f6519fb6-d45f-48d1-aae0-9ea3aec1a5d7,FB Post,IMAGE,4.3.2026 14:35:04,"S účtem u ČSOB dostaneš z afterparty Jarní bitvy v Plzni zpět 2️⃣0️⃣% z útraty.

Stačí si založit účet u @csobcz přes odkaz v našem biu.
Afterparty může bolet, účet už o něco míň. 😏",https://www.facebook.com/1275398168115026/posts/1253700486951461,235,,,,
@univerzitnihokej,facebook,01b45180-0b14-4a14-96e8-d0a4bab1fb9f,04d75656-60f8-4a84-8bb1-f5c409b0fda0,FB Video,VIDEO,12.3.2026 16:38:52,"Pražští kluci už okoukali, jak se to v Brně dělá 💋",https://www.facebook.com/reel/1117565137163537/,1769,648,9,,
@unitedhk,facebook,bfe6cc29-a387-41b9-9bca-b077722556af,f0594217-1ef2-4b00-87a7-e754f860b20b,FB Post,IMAGE,9.4.2026 12:41:55,"Každá sezona přináší i loučení v Univerzitní hokej.

Od další sezony s námi nebudou pokračovat Jakub Kochan, Marek Ladman, Vladimír Mičian, Jiří Šrámek a Tomáš Teuber.

Děkujeme za čas, energii, zápasy, kabinu i všechno, co jste do UNIted HK vložili.
Každý z vás zanechal v našem týmu svoji stopu a byl součástí cesty, kterou jsme za první roky klubu společně prošli.

Díky, chlapi.
🖤🧡

#unitedhk #unihokej #hokej",https://www.facebook.com/122180651084388974/posts/122180838314388974,1123,,9,,
@AkademiciPlzen,facebook,d87b94e3-03e8-45d0-b92e-75e9b819545c,2beb683f-6d23-4a17-8155-2f03bba745b4,FB Video,VIDEO,10.3.2026 14:17:13,,https://www.facebook.com/reel/898057106377257/,915,378,13,,
@cvutengineers,instagram,11963a07-7f0f-48e6-9d81-aa63a7ff4a04,57a363f2-ac36-40fc-b6c2-e9a3f9133c6f,IG Post,PHOTO,26.3.2026 11:50:15,"JE TO TADY 🫨
Včerejší výhrou jsme potvrdili naše umístění a teď nás čeká jeden zásadní zápas FINÁLE PLAY-IN, kde budeme bojovat o místo ve FINAL FOUR ⚔️

Soupeře zatím neznáme, ale ať to bude kdokoliv, dáme do toho všechno 🦁

Budeme vás potřebovat, protože teď… jde o všechno.
8. 4. | ZS Hvězda | 20:00
🎟️ Lupeny na enigoo.cz",https://www.instagram.com/p/DWWJRIqjGix/,,10284,186,2,77
@univerzitnihokej,facebook,01b45180-0b14-4a14-96e8-d0a4bab1fb9f,6ce2c0a4-b7a4-41e4-b8a4-080aca5c40e8,FB Post,IMAGE,17.3.2026 21:29:44,Riders dnes přehráli BOčko a vezou si do Pardubic cenné 3 body! 💪🏼,https://www.facebook.com/1275398168115026/posts/1263652705956239,456,,2,,
@riderspardubice,facebook,f99ed6c3-17cc-46f4-a32e-d9b0576ce2df,c0c6c039-25b3-477d-897f-0af547d70604,FB Post,PHOTO,31.3.2026 21:26:29,Postupujeme do finále Play-in!!!!!!,https://www.facebook.com/1592662819534019/posts/1592385799561721,682,,17,,
@riderspardubice,instagram,4d6a67ab-9313-4f77-a82e-abb18adbca5d,b91b56bb-e679-4e40-8698-c86e05e900f7,IG Story,IMAGE,17.4.2026 20:45:55,,https://www.instagram.com/stories/riderspardubice/3877539546766561999,,570,,,
@riderspardubice,facebook,f99ed6c3-17cc-46f4-a32e-d9b0576ce2df,4ebd2af8-52c9-498e-8e7b-40124a6deca3,FB Post,IMAGE,14.3.2026 17:01:12,"V dresu Riders 23. března uvidíme naposledy na ledě i @daniel.skryp 👏

Přijďte se s nim rozloučit a vytvořit mu na posledním domácím zápase nezapomenutelnou atmosféru! 🔥

Vstupenky koupíte přes odkaz v BIU s kódem “skryp20” dokonce s 20% slevou! 🎟️",https://www.facebook.com/1592662819534019/posts/1576340554499579,175,,,,
@univerzitnihokej,instagram,1e114592-3529-4cfe-9977-2598454053af,0439dc24-dae2-4fc4-bf2f-4d28ba22658e,IG Story,VIDEO,15.4.2026 18:43:17,👀 CHYSTÁME,https://www.instagram.com/stories/univerzitnihokej/3876028044552983420,,942,,,1
@bitvaoprahu,facebook,75e0f41f-82be-4f82-a77b-82ac11135ed2,801a1395-2928-4711-95b0-16b96cec65c4,FB Video,VIDEO,12.3.2026 23:12:53,"Inspirovat se je třeba od těch nejlepších. 👀

Za předání plyšáků od @csobcz 🩵 našim stříbrným medailistům děkujeme @classictomas z @puk_pak_pivo . 🤝🏼 #bitvaoprahu",https://www.facebook.com/reel/937052182189705/,199,44,2,,
@riderspardubice,instagram,4d6a67ab-9313-4f77-a82e-abb18adbca5d,47e0bb3b-b9cf-4cfb-bd57-5923ced1fe84,IG Story,VIDEO,8.4.2026 18:11:42,,https://www.instagram.com/stories/riderspardubice/3870938954640165019,,624,,,
@AkademiciPlzen,facebook,d87b94e3-03e8-45d0-b92e-75e9b819545c,5eaece43-dfb7-4bb7-9e7c-f1277e7bc8c5,FB Video,VIDEO,15.4.2026 13:44:18,"Kuba VS. Mája ⚔️

Porovnali jsme síly dvou přeborníků na ledě – hokejisty a krasobruslařky! 🧊

Disciplíny nám nadiktovaly nápoje Zott (a že to nebyla žádná sranda 😄), takže po výkonu přišla i zasloužená odměna.

Kdo tenhle battle ovládl? 👀👇🏻

#zott #zotthungry #hungrydrinkthis",https://www.facebook.com/reel/1909790429679691/,1988,793,16,,
@cvutengineers,instagram,11963a07-7f0f-48e6-9d81-aa63a7ff4a04,b9551a96-7809-4f40-80dc-68117df2c943,IG Story,VIDEO,8.4.2026 18:58:06,1 1,https://www.instagram.com/stories/cvutengineers/3870962295379917240,,889,,,2
@united_hk,instagram,b18c071b-0570-48b2-b743-990c668c3c5b,2746d1b7-e01e-499d-84bf-b21633d39227,IG Story,VIDEO,25.4.2026 14:27:08,návštěva až ze Slovenska 🇸🇰,https://www.instagram.com/stories/united_hk/3883146817454008943,,748,,,1
@univerzitnihokej,instagram,1e114592-3529-4cfe-9977-2598454053af,56aeebbe-45e7-4701-9009-b5441f5504b6,IG Story,VIDEO,31.3.2026 21:17:11,,https://www.instagram.com/stories/univerzitnihokej/3865234095257169854,,514,,,
@riderspardubice,instagram,4d6a67ab-9313-4f77-a82e-abb18adbca5d,4e8e17e2-a2b0-4ec4-89b9-919a58f0f3f1,IG Story,VIDEO,17.4.2026 17:12:56,STOLÍN,https://www.instagram.com/stories/riderspardubice/3877432241563685278,,846,,,2
@riderspardubice,instagram,4d6a67ab-9313-4f77-a82e-abb18adbca5d,ecedb62d-0325-48bf-baee-cba43c57453c,IG Post,IMAGE,13.3.2026 17:04:42,"Soutěž o voucher pro tři osoby do SKYBOXu od @enteria_holding 🤩🥂

Označ v komentářích dva kamarády, se kterými bys zašel na Last Dance a příští týden ve čtvrtek vyslovujeme dva výherce voucherů, kteří si užijí poslední zápas semestru s jedinečným výhledem! 👏🥳

*podmínkou účasti je zveřejnění jednoho stories ze skyboxu během zápasu na vaše sociální sítě s označením účtu @riderspardubice a @enteria_holding",https://www.instagram.com/p/DV1Q46kDCbV/,,4575,70,68,32
@bitvaoprahu,instagram,d7c8aa06-74fb-4c6c-a7d2-c2fe1bf6d59c,63bdf197-bbd6-4941-9d2e-09e6a7cd00cc,IG Post,IMAGE,10.4.2026 13:37:54,"Bitva o Prahu v Edenu?! 🫨

Už příští týden se odehraje Final Four, kde čtyři nejlepší týmy budou bojovat o titul mistra 🏆 a rovnou tři z nich dobře znáte 😏

Ať už jsi fanoušek Falcons, Kings nebo Engineers, pojď podpořit svůj tým na nejdůležitější akci sezóny 🔥

Lístky v prodeji na finalfour.cz 🎟️",https://www.instagram.com/p/DW8_3tVDH-d/,,20220,315,2,54
vsefalcons,instagram,709fceba-e311-48e7-9057-f54a587abf4a,a33c7331-c28e-4a88-9671-a94aca721c9b,IG Story,VIDEO,24.3.2026 19:56:59,"Líp bychom to
neřekli Hroudis… 🫣",https://www.instagram.com/stories/vsefalcons/3860120335706231820,779,639,,,3
@univerzitnihokej,facebook,01b45180-0b14-4a14-96e8-d0a4bab1fb9f,fc4ed8ef-fe88-40db-ac78-71bfe0f8d806,FB Video,VIDEO,25.3.2026 13:03:49,"Minulou sezonu si výherkyně odnesla šek na čtvrt milionu od ČSOB. 💙 Letos hrajeme o 1️⃣0️⃣0️⃣ 0️⃣0️⃣0️⃣ Kč.

Kdo je získá tentokrát? 👀

🔗 Založ si účet u ČSOB přes odkaz v našem biu a možná to budeš právě ty. 🫵🏻",https://www.facebook.com/reel/1454315606492034/,1590,662,1,,
@univerzitnihokej,facebook,01b45180-0b14-4a14-96e8-d0a4bab1fb9f,e1e4c68b-86b7-4103-9503-89030db1eca7,FB Post,IMAGE,12.4.2026 13:46:12,"RIDERS JSOU VE FINAL FOUR! 🐴

Vyhrávají lucky loser zápas a doplňuji pražskou trojci v boji o titul! 🏆
🗓️16-17. duben | 🏟️ Zimní stadion Eden",https://www.facebook.com/1275398168115026/posts/1284238980564278,1000,,7,,
@univerzitnihokej,facebook,01b45180-0b14-4a14-96e8-d0a4bab1fb9f,b8486c0b-516c-46b0-8ed6-6e92fa4d9d1d,FB Post,IMAGE,8.4.2026 7:40:40,"Po páté v letošní sezoně se střetnou Black Dogs s Falcons 😮‍💨 Tentokrát jde o všechno, protože vítěz postupuje do @unihokejfinalfour 🎟️

Komu budete dneska fandit? 👇🏻",https://www.facebook.com/1275398168115026/posts/1281024404219069,314,,,,
@riderspardubice,instagram,4d6a67ab-9313-4f77-a82e-abb18adbca5d,368b81ca-40cd-48ad-984e-77ee99aa5a18,IG Story,VIDEO,12.4.2026 15:07:36,,https://www.instagram.com/stories/riderspardubice/3873745385332427791,,980,,,13
@riderspardubice,instagram,4d6a67ab-9313-4f77-a82e-abb18adbca5d,7be1c5fa-113d-4d62-a9ba-3f16c58f7301,IG Story,VIDEO,17.4.2026 16:00:18,1:3,https://www.instagram.com/stories/riderspardubice/3877395616288754834,,880,,,
@hcmuni,facebook,d1f9e9f9-7526-42d4-85aa-13f91e89f7cf,11b2bbbf-29fb-49b2-8a5c-b4f1937f608c,FB Video,VIDEO,16.3.2026 11:53:10,"KDYŽ TO VEZMEŠ DO VLASTNÍCH RUKOU! 🤯🔥
@_novas_44_ v sobotním zápase naprosto ovládl led a vstřelil HATTRICK🚨🚨🚨

#hcmuni",https://www.facebook.com/reel/1566548107768577/,2571,1079,45,,
@akademiciplzen,instagram,65494228-95bf-4f7b-8e68-d47d7262db66,14a54476-00dc-4fdf-a9ec-c99971a1cbd5,IG Post,IMAGE,4.3.2026 11:28:09,"Co na dnešní utkání říká kapitán týmu Jakub Šucha? 🎤

Buďte u důležitého utkání s námi a pomozte nám vyhrát! 
Otevíráme FANZÓNU už v 17:30. 🤹
Poslední lístky najdeš v biu a na plzenskabitva.cz, nebo nás sleduj v 18:50 na ČT sport! 📺

#akademiciplzen 💙",https://www.instagram.com/p/DVdfHJejO5I/,,5438,96,,
@univerzitnihokej,instagram,1e114592-3529-4cfe-9977-2598454053af,ab0b4f2a-528f-428c-9807-3680402dbc92,IG Story,VIDEO,17.4.2026 16:33:32,,https://www.instagram.com/stories/univerzitnihokej/3877412522848445882,,1574,,,
@univerzitnihokej,instagram,1e114592-3529-4cfe-9977-2598454053af,c1337c12-8eae-486d-8e49-f878cf36a9c2,IG Post,IMAGE,8.4.2026 9:21:36,"V Praze dnes proběhne i poslední finálový zápas play-in. Engineers se na Hvězdě postaví pardubickým Riders. ⚔️

Statistiky mluví jasně, ale v play-in se může stát cokoliv. Kdo si vybojuje vytoužené místo ve Final Four? 🏒",https://www.instagram.com/p/DW3Y8wPCMyB/,,6897,179,,17
vsefalcons,instagram,709fceba-e311-48e7-9057-f54a587abf4a,cac2f858-b28b-4393-ac9e-2558115d2879,IG Story,VIDEO,3.2.2026 8:53:45,@martin_lev17,https://www.instagram.com/stories/vsefalcons/3824272471239700128,,952,,,1
@univerzitnihokej,instagram,1e114592-3529-4cfe-9977-2598454053af,2e4449b4-3a77-4160-a0f2-be298e8d7226,IG Reel,VIDEO,4.3.2026 19:03:48,"ZOTT nejhladovější hráč zápasu? @rihastepan 👀🚀

Na ledě byl při chuti, a nebyl sám.
Hlad měla dnes i tribuna, takže ZOTT HUNGRY putuje i mezi fanoušky! 🥛🔥
#zott #zotthungry #zotthungrydrinkthis",https://www.instagram.com/reel/DVeTU61iCVX/,,9643,211,1,13
@BOhokej,facebook,c9082543-a03b-490f-8f97-66d439acce89,5f539d50-d295-4fbf-aac1-2f2445ea0e37,FB Video,VIDEO,10.4.2026 12:38:49,"Final Four se blíží! Pokud nechceš chybět u největší akce Univerzitního hokeje, tak doraž do Edenu 16. a 17. dubna! 🔥

#finalfour #univerzitnihokej #ullh",https://www.facebook.com/reel/1785207762896678/,506,198,,,
@univerzitnihokej,instagram,1e114592-3529-4cfe-9977-2598454053af,21b85ae6-0b5b-47cb-8d9c-93139d8ffce2,IG Post,IMAGE,16.3.2026 10:02:56,"Tento týden bude pro některé týmy oddechový, ale v úterý a středu se přeci jen můžete těšit na zajímavá utkání 💪🏼",https://www.instagram.com/p/DV8PZYUCDpe/,,3904,73,,8
@hc_muni,instagram,43cd62c8-609d-4ea6-8ce9-cae5242ede0c,2801bcbe-f5c5-4acb-b4ca-bd666fe3028b,IG Story,VIDEO,13.4.2026 14:24:45,🤩,https://www.instagram.com/stories/hc_muni/3874448733740230388,,522,,,
@akademiciplzen,instagram,65494228-95bf-4f7b-8e68-d47d7262db66,60f152f1-9389-497f-85b8-366cb18ccdf4,IG Story,VIDEO,2.4.2026 15:21:58,,https://www.instagram.com/stories/akademiciplzen/3866504861257094738,,1302,,,
@univerzitnihokej,instagram,1e114592-3529-4cfe-9977-2598454053af,8f37e368-ee52-42b9-99b0-b578555f0733,IG Post,IMAGE,1.4.2026 19:24:47,"O největší drama se postarali Black Dogs, kteří porážejí Cavaliers až na samostatné nájezdy 😮‍💨",https://www.instagram.com/p/DWmcChYCLHE/,,5802,156,,16
vsefalcons,instagram,709fceba-e311-48e7-9057-f54a587abf4a,d2b34e33-3022-4ffd-b3e7-251e859e5ce8,IG Story,VIDEO,10.2.2026 18:39:28,PLAYLIST SCHVALUJE @_lukas_novak_92_ 🎤,https://www.instagram.com/stories/vsefalcons/3829640718063280315,,984,,,1
@hc_muni,instagram,43cd62c8-609d-4ea6-8ce9-cae5242ede0c,ed18e31f-b4e2-4367-ae28-bf4ca7c37920,IG Post,IMAGE,16.3.2026 15:00:24,"Sobotní jízda ve snímcích ⚔️🔥 Jak jste si užili víkendový zápas vy? 🐻💙 

📸 @vavra_photo 

#hcnuni",https://www.instagram.com/p/DV8xb_7iFSa/,,8649,172,1,13
@218107044725785,facebook,7a942e3e-6c47-4794-9ba7-bbc7b6d40cb3,f6d92047-3923-4432-9ff3-c3cd66b6f7fb,FB Post,IMAGE,16.4.2026 8:24:46,"Jdeme psát historii. Dnes se rozhodne, jestli zítra budeme hrát o titul 🏆

Nejdůležitější dva dny sezóny. Pojďte si je užít s námi. Těšíme se na vás ❤️‍🔥",https://www.facebook.com/122282816036218300/posts/122284289828218300,511,,16,,
univerzitnihokej,tiktok,01c88cf9-594f-408e-a45a-95114221acae,f12879fd-c3a5-40ec-94f9-f01d3f363144,TT Video,VIDEO,16.4.2026 20:55:49,Diamantový meč v ruce = parádní gól v přesilovce! 🗡️,https://www.tiktok.com/@univerzitnihokej/video/7629463703049473302?utm_campaign=tt4d_open_api&utm_source=7348986504397455361,,1396,52,1,1
vsefalcons,instagram,709fceba-e311-48e7-9057-f54a587abf4a,0422afb9-d641-4dd8-a86a-72c3b5d9cebb,IG Story,VIDEO,10.2.2026 19:44:37,STAV PO 1. TŘETINĚ 0:2,https://www.instagram.com/stories/vsefalcons/3829673501573831244,618,895,,,
@hcnorthwings,facebook,2b08a479-603b-46e4-8a48-2bc0435ccd53,80f7dc34-3d7d-4e02-80bf-a568770069a3,FB Story,IMAGE,18.3.2026 17:28:14,,,,,,,
vsefalcons,instagram,709fceba-e311-48e7-9057-f54a587abf4a,8b730fe0-4f52-4106-baa3-5af2c3dd906a,IG Story,VIDEO,10.2.2026 19:06:46,,https://www.instagram.com/stories/vsefalcons/3829654598667736188,634,904,,,
@boostrava,instagram,1176ddaf-d366-48a2-9639-3c6694c72c85,36bf30c9-b8cd-4e7d-9166-c84b73aedc91,IG Post,IMAGE,24.3.2026 22:16:56,"Základní část zakončujeme vítězně! 🧨

Dosáhli jsme hranice 50 bodů a pokračujeme do PLAY-IN! 🦈

#hockey #ullh #winners",https://www.instagram.com/p/DWSJaGoDP6V/,,1468,51,,4
@218107044725785,facebook,7a942e3e-6c47-4794-9ba7-bbc7b6d40cb3,a7579f3b-3c3c-4229-bcd7-fec298957d0e,FB Post,IMAGE,10.3.2026 22:21:34,"Absolutní kino 😶‍🌫️ v zápase jsme šli několikrát do vedení, ale soupeř dorovnával a v nájezdech byl úspěšnější 💔

Teď už se na vás těšíme ve čtvrtek na @bitvaoprahu 🫵🏼",https://www.facebook.com/122282816036218300/posts/122278260872218300,331,,3,,
vsefalcons,instagram,709fceba-e311-48e7-9057-f54a587abf4a,d06b7f04-8050-47e2-b030-6d49585a8196,IG Story,VIDEO,18.2.2026 7:55:56,,https://www.instagram.com/stories/vsefalcons/3835115013073815945,558,769,,,2
vsefalcons,instagram,709fceba-e311-48e7-9057-f54a587abf4a,d2dd69b8-666e-4fb4-b9e6-60f7033096de,IG Story,VIDEO,22.4.2026 8:20:56,BRUSLE JSME UŽ POVĚSILI NA HŘEBÍK ⚽️ 🤓 TEĎ JE FOOTBALL TIME! přijďte kluky dnes podpořit na Jarov,https://www.instagram.com/stories/vsefalcons/3880788336323355568,996,1470,,1,2
@cvutengineers,instagram,11963a07-7f0f-48e6-9d81-aa63a7ff4a04,e2831f85-e17d-45a2-b188-11b25c14d215,IG Story,VIDEO,18.4.2026 11:01:59,💔,https://www.instagram.com/stories/cvutengineers/3877970224419241249,,1240,,,1
vsefalcons,instagram,709fceba-e311-48e7-9057-f54a587abf4a,3ac094f1-9ec7-45db-b563-a968dde79639,IG Story,VIDEO,19.3.2026 18:13:11,,https://www.instagram.com/stories/vsefalcons/3856444242679835562,922,709,,,
@akademiciplzen,instagram,65494228-95bf-4f7b-8e68-d47d7262db66,35cb4809-7ad6-42c1-8263-2de040e9dd4e,IG Reel,VIDEO,17.3.2026 18:30:05,"Pravidla jsou pravidla. 🤷🏻‍♂️ Co si ale vzít musíte, je pořádná forma na fandění! 

Vidíme se 25. 3. doma proti @czufarmers 🏒🔥

#akademiciplzen",https://www.instagram.com/reel/DV_thb2DBr7/,,18069,452,4,89
@hc_muni,instagram,43cd62c8-609d-4ea6-8ce9-cae5242ede0c,36407e0c-767d-43d9-baa8-8fec2b332aed,IG Reel,VIDEO,15.4.2026 15:51:00,"DÍKY VÁM máme úžasných 42 200Kč pro Honzíka ❤️ Peníze využije na jeho rehabilitace a důležité pomůcky

Kdo by chtěl ještě přispět, odkaz na transparentní účet najdete u nás v biu👆🏻",https://www.instagram.com/reel/DXKGaiwjM2y/,,3806,94,,8
vsefalcons,instagram,709fceba-e311-48e7-9057-f54a587abf4a,45c2d0d5-e1c1-47b6-ab77-a427dbdda696,IG Story,VIDEO,16.4.2026 17:50:38,šlápnem na to!,https://www.instagram.com/stories/vsefalcons/3876726387545516346,1036,911,,2,
vsefalcons,instagram,709fceba-e311-48e7-9057-f54a587abf4a,a6a01959-159d-46c7-8de7-0ba6cd5a735d,IG Post,IMAGE,7.12.2025 10:44:11,"VÁNOČNÍ GIVEAWAY 🎁
Už v úterý odehrajeme vánoční zápas proti @ukkingsprague na Hvězdě, a tak pro tebe máme malý dárek v podobě vstupenek! 😏

PRAVIDLA SOUTĚŽE:
1️⃣ Napiš do komentářů, kolik vidíš na obrázku puků na ledě 🏒
2️⃣ Označ parťáka, s kterým bys chtěl/a dorazit 🤝🏼

V pondělí v 18:00 vylosujeme 5 komentářů, hodně štěstí 🍀",https://www.instagram.com/p/DR9Za4iiH8D/,,8261,80,24,29
@riderspardubice,instagram,4d6a67ab-9313-4f77-a82e-abb18adbca5d,cf39beb8-189f-4ada-bdf6-b034442711f7,IG Story,VIDEO,1.4.2026 10:37:48,,https://www.instagram.com/stories/riderspardubice/3865637053811930942,,668,,,1
@riderspardubice,instagram,4d6a67ab-9313-4f77-a82e-abb18adbca5d,4d2d54b3-8d5d-469d-ab8c-528a7f73b95f,IG Post,IMAGE,15.3.2026 20:00:00,"Po posledním domácím zápase této sezony nás čeká afterparty v @dydybaba! 🤩🪩

Tak doražte na zápas a pak se všichni potkáme v Dýdý!",https://www.instagram.com/p/DV6vAhJjOV0/,,5287,96,2,53
@univerzitnihokej,facebook,01b45180-0b14-4a14-96e8-d0a4bab1fb9f,5066068d-2b10-4f52-8fda-ff2051b973c3,FB Video,VIDEO,21.4.2026 16:00:19,"Co se stane ve sprchách…
zůstane ve sprchách 😏🚿",https://www.facebook.com/reel/2073754913555967/,1911,780,3,,
@riderspardubice,facebook,f99ed6c3-17cc-46f4-a32e-d9b0576ce2df,a1193b29-33bb-41b7-b0a9-77be3781ba7d,FB Post,IMAGE,9.3.2026 12:30:10,"Ready na dnešní zápas? 😎

Vstupenky koupíte přes odkaz v BIU!",https://www.facebook.com/1592662819534019/posts/1571787951621506,203,,3,,
@cvutengineers,instagram,11963a07-7f0f-48e6-9d81-aa63a7ff4a04,d7b87b53-c092-430c-8f18-3fac5e9f1e44,IG Story,VIDEO,8.4.2026 19:36:09,NAPĚTÍ BY SE DALO KRÁJET 🔪,https://www.instagram.com/stories/cvutengineers/3870981481686668153,,806,,,
vsefalcons,instagram,709fceba-e311-48e7-9057-f54a587abf4a,e87c48d3-e87c-4056-94af-6acb766cf5ee,IG Story,VIDEO,8.4.2026 15:28:27,POV ⚽️ ⚽️ ⚽️,https://www.instagram.com/stories/vsefalcons/3870856804389376849,994,982,,,1
@riderspardubice,instagram,4d6a67ab-9313-4f77-a82e-abb18adbca5d,fe2dd3f0-df5c-433c-a924-f54146b0a093,IG Post,IMAGE,8.4.2026 7:30:15,"V dnešním zápase se rozhodne, jestli postoupíme do @unihokejfinalfour !🤩🤩 Buď u toho s námi! 

 Finále Play-in
🗓️ 8.4. v 19:30
📍 v ZS Hvězda
⚔️ proti @cvutengineers 

#fináleplayin#riders",https://www.instagram.com/p/DW3MFuQjJ_z/,,2942,42,,6
@univerzitnihokej,facebook,01b45180-0b14-4a14-96e8-d0a4bab1fb9f,62aed694-6901-4763-a583-0f4688081bdd,,IMAGE,12.4.2026 21:10:32,Známe účastníky Final Four! 🤩 Které týmy zůstaly v boji o Pohár Jana Palacha a jak vypadaly zápasy o vstupenky do Edenu? 👇🏼,https://www.facebook.com/1275398168115026/posts/1284498583871651,780,,4,,
@AkademiciPlzen,facebook,d87b94e3-03e8-45d0-b92e-75e9b819545c,7331a79d-b11d-412c-92f3-a55d464c36db,FB Post,IMAGE,2.4.2026 15:20:45,"Těžko se teď hledají slova. Včerejším zápasem pro nás sezona 25/26 bohužel končí. Obrovské díky vám všem za podporu! 💙🏒 

#akademiciplzen",https://www.facebook.com/1357105236437494/posts/1358332869648064,372,,35,,
@riderspardubice,instagram,4d6a67ab-9313-4f77-a82e-abb18adbca5d,83b0b6a9-cce7-400a-a262-ba15a1c6a0dd,IG Reel,VIDEO,17.4.2026 9:15:53,"Jak to bude vypadat v Edenu dnes? 🔥

Dnes hrajeme o bronz proti @vsefalcons v 16:30 na zimním stadionu Eden!",https://www.instagram.com/reel/DXOjVZzjH1s/,,2770,88,,2
vsefalcons,instagram,709fceba-e311-48e7-9057-f54a587abf4a,bda85bf2-863e-4326-a2ba-3a1eedd3f5de,IG Story,VIDEO,31.3.2026 14:26:01,,https://www.instagram.com/stories/vsefalcons/3865027162927588038,1061,1006,,,1
vsefalcons,instagram,709fceba-e311-48e7-9057-f54a587abf4a,e687085a-aae5-4154-979e-bfd4cc45805e,IG Story,VIDEO,2.3.2026 18:37:08,🙌🏻 let’s go,https://www.instagram.com/stories/vsefalcons/3844135105149281875,645,799,,,
@bitvaoprahu,instagram,d7c8aa06-74fb-4c6c-a7d2-c2fe1bf6d59c,1e933561-0630-4ab6-a16e-19aff49fe560,IG Reel,REEL,16.3.2026 18:31:00,"Bylo to takový naše malý šťavnatý tajemstvíčko… 🤫🍗

#kfc @kfc_cz",https://www.instagram.com/reel/DV9JTHZjJsW/,,31607,890,13,566
@univerzitnihokej,facebook,01b45180-0b14-4a14-96e8-d0a4bab1fb9f,246cdac8-3cff-4d8b-9f50-a038f7c894b0,FB Video,VIDEO,26.3.2026 23:31:13,,https://www.facebook.com/reel/1463467071853769/,,,,,
vsefalcons,instagram,709fceba-e311-48e7-9057-f54a587abf4a,77b79029-d805-4e32-9a4b-dfe12b3b3f55,IG Post,IMAGE,13.7.2026 17:30:42,"☎️ TRYOUT CALLING 🦅 Další sezona se blíží a my hledáme novou krev. 🔥 Hledáme hráče, kteří chtějí růst, makat a reprezentovat @vsecz 🦅

Myslíš, že na to máš? 👀
📩 Pošli svoje CV a staň se Falconem: hokej@vsefalcons.cz

📅 10. 8.
⏰ 12:00–13:00 a 15:30–17:00
📍 Ice Aréna Kateřinky",https://www.instagram.com/p/DavchdxIfMV/,,10677,93,,22
@218107044725785,facebook,7a942e3e-6c47-4794-9ba7-bbc7b6d40cb3,d4307537-0f04-4297-b77a-97a19d8fd534,FB Video,VIDEO,17.3.2026 15:52:29,"Happy St. Patrick’s day! 💚

#vsefalcons",https://www.facebook.com/reel/859642987101558/,581,293,6,,
vsefalcons,instagram,709fceba-e311-48e7-9057-f54a587abf4a,e284202b-437d-49e2-9b99-b37cf79ee37d,IG Post,IMAGE,31.3.2026 19:28:36,"První krok je za námi, ale cesta do Final Four ještě nekončí 🥵

Buď u toho s námi ✊🏼🦅",https://www.instagram.com/p/DWj3m1yiHQN/,,9204,194,,29
@akademiciplzen,instagram,65494228-95bf-4f7b-8e68-d47d7262db66,926855b3-b476-407e-b442-de9e318b5b70,IG Story,VIDEO,20.4.2026 12:57:37,"Jaké fotky mají kluci z letošní sezóny v albu „oblíbené“? 👀📸 👈🏻 Mrkni, co vybrali!",https://www.instagram.com/stories/akademiciplzen/3879478076774349196,,1090,,,
@vutcavaliersbrno,instagram,b384bebf-72f3-4f9d-8b2d-3677709f6966,e0013876-dcea-441a-97eb-2f14be39eb14,IG Post,IMAGE,14.3.2026 18:35:45,Tři srovnávací branky @jerabekdmnk + gól v prodloužení @riciorsech = důležité dva body do tabulky 🔥🔥🔥,https://www.instagram.com/p/DV4AWWJCDan/,,2834,89,2,5
@hc_muni,instagram,43cd62c8-609d-4ea6-8ce9-cae5242ede0c,f8a34b99-4eb5-42f0-9b85-36b7eb186a70,IG Reel,REEL,30.3.2026 12:21:09,"Špatné kudrliny = špatný den, špatný trénink... prostě katastrofa😩
Ještěže mám v kabině Flexi Hold gel od @garnier_czsk , který udělá dokonalé vlny a tenhle řetězec katastrof hned přeruší. Flexi Hold gel kudrliny okamžitě hydratuje, definuje a fixuje jejich tvar🔥🤯

#cistahlavacistahra #garnierczsk #garnierfructis #hcmuni",https://www.instagram.com/reel/DWgiRvvDIAo/,,7609,181,,36
@univerzitnihokej,facebook,01b45180-0b14-4a14-96e8-d0a4bab1fb9f,42fcd857-9573-4e1b-ae1c-21562b20d83f,FB Video,VIDEO,30.3.2026 12:09:45,"Uvidíme tady traktory, koně nebo snad plzeňský pivo? Kreativitě se meze nekladou 🫰🏼",https://www.facebook.com/reel/958005910007693/,1315,586,,,
vsefalcons,instagram,709fceba-e311-48e7-9057-f54a587abf4a,abaa6f67-654b-409a-a37d-cc6a135bf11c,IG Story,VIDEO,13.3.2026 16:19:00,,https://www.instagram.com/stories/vsefalcons/3852038051618920622,952,908,,,1
vsefalcons,instagram,709fceba-e311-48e7-9057-f54a587abf4a,0aa1ae49-be7a-48d7-b56f-9c49703dcfda,IG Story,IMAGE,1.4.2026 6:19:02,budeme rádi za sdílení 🙏🏼,https://www.instagram.com/stories/vsefalcons/3865506819615503417,1023,1557,,2,
@bitvaoprahu,instagram,d7c8aa06-74fb-4c6c-a7d2-c2fe1bf6d59c,9c79a192-b238-4672-9820-38a50a0350b3,IG Post,IMAGE,12.3.2026 10:35:17,"Kdyby ""půjdem s davem"" nestačilo - běžte podle mapičky 🗺️🔍",https://www.instagram.com/p/DVx_5kQjLJb/,,6409,97,,23
@riderspardubice,instagram,4d6a67ab-9313-4f77-a82e-abb18adbca5d,b2d4eef4-328b-4156-b99c-10ed9a675a99,IG Story,VIDEO,15.4.2026 18:38:27,,https://www.instagram.com/stories/riderspardubice/3876025857240497164,,725,,,8
vsefalcons,instagram,709fceba-e311-48e7-9057-f54a587abf4a,ce9c2fe3-b4b6-4dec-ba92-f778d29f25ba,IG Post,PHOTO,10.3.2026 22:21:20,"Absolutní kino 😶‍🌫️ v zápase jsme šli několikrát do vedení, ale soupeř dorovnával a v nájezdech byl úspěšnější 💔

Teď už se na vás těšíme ve čtvrtek na @bitvaoprahu 🫵🏼",https://www.instagram.com/p/DVuHIRYiEOE/,,2950,61,,4
vsefalcons,instagram,709fceba-e311-48e7-9057-f54a587abf4a,d537e7ec-306a-4ddd-82f0-ce5aa03f530d,IG Story,VIDEO,13.1.2026 17:32:47,💪🏼 ÚTERÝ jak má být,https://www.instagram.com/stories/vsefalcons/3809313435171697426,,1203,,,1
@engineersprague,facebook,afd06d1d-7b1c-4f66-8d93-ce4255ab773c,db4b503a-86e8-40cf-95cc-a24bcc35a04b,FB Story,VIDEO,4.3.2026 20:25:59,,,,,,,
vsefalcons,instagram,709fceba-e311-48e7-9057-f54a587abf4a,e84e26fb-33c4-46e5-ba11-6cea051c2970,IG Story,VIDEO,12.3.2026 15:33:13,@one__timer 🤔,https://www.instagram.com/stories/vsefalcons/3851290258663030053,1472,1442,,,1
@riderspardubice,instagram,4d6a67ab-9313-4f77-a82e-abb18adbca5d,f49c9139-af7b-4d90-9d0e-ac1e493a8fd5,IG Post,IMAGE,3.3.2026 10:35:20,"Hlásíme důležitý zápas, bude se hrát o postup do play-off!🚨🗣️

Venkovní zápas
🗓️ 4.3. v 19:30
📍 ve Sportcentrum Lužánky
⚔️ proti @hc_muni 

#riders#venkovnízápas",https://www.instagram.com/p/DVa0b8GDOA7/,,1898,34,,1
@AkademiciPlzen,facebook,d87b94e3-03e8-45d0-b92e-75e9b819545c,1da1ea6b-3331-40b7-b5c4-d7cf82bbd224,FB Post,IMAGE,18.3.2026 11:00:05,"GAMEDAY 🔥
Dnes vyrážíme na poslední venkovní zápas základní části — čeká nás výjezd do Brna za @vutcavaliersbrno ! 🚌

Udržíme 4. místo v tabulce? 👀
Buď u toho s námi a sleduj zápas online od 19:45 na Tipsportu! 🎥

#akademiciplzen | 📸 @vpotocesevodatoci @novotny_studio.cz",https://www.facebook.com/1357105236437494/posts/1345438324270852,789,,5,,
vsefalcons,instagram,709fceba-e311-48e7-9057-f54a587abf4a,3d8c33ff-daef-494a-bcb0-e7aa38e3f7f8,IG Story,VIDEO,24.2.2026 19:01:17,,https://www.instagram.com/stories/vsefalcons/3839798601677589649,685,895,,,
vsefalcons,instagram,709fceba-e311-48e7-9057-f54a587abf4a,ced36a7e-cbc5-4caf-ad1b-483df3db8bc7,IG Post,IMAGE,13.2.2026 7:51:09,"Buď frajer a přijď v úterý fandit! 😎

📅 17.2. 🕐 19:45 📍 @icearenakaterinky 
👊🏼 @united_hk",https://www.instagram.com/p/DUsLVHpCHP1/,,4994,59,,2
@riderspardubice,instagram,4d6a67ab-9313-4f77-a82e-abb18adbca5d,cf902630-ab1f-45fd-bf19-6d1c49fafe97,IG Reel,VIDEO,18.3.2026 18:25:30,"Tak co, objeví se Skrypák jako nový bombshell v Love Islandu?😂 A obarví si Kopejda hlavu před play-in?

Přijď 23.3. do Enteria Areny podpořit kluky a hlavně @daniel.skryp a @dominikkopecky_99 ! Je to jejich poslední zápas za Riders!🔥

Lastdance
🗓️ 23.3. v 19:45
📍 v Enteria Arena 
⚔️ proti @united_hk 

Odkaz na vstupenky najdeš v BIU!🎟️ (I se slevičkou!🤭)

#lastdance#riders",https://www.instagram.com/reel/DWCR67pDNpa/,,8824,220,2,42
@cvutengineers,instagram,11963a07-7f0f-48e6-9d81-aa63a7ff4a04,99300927-9a89-49d8-8542-fcfd96aac5f4,IG Post,IMAGE,22.3.2026 18:37:19,"Ke konci sezóny se nám nějak rozrostla marodka🤕

Tyhle kluky už do konce sezóny na ledě nejspíš neuvidíte… ale jako support na zápasech nechybí. Ruce a nohy jim teď možná nefungujou ale pořád maj srdce lva 🦁

Btw jestli máte někdo nějakou kouzelnou uzdravovací hůlku tak napište do dm. Využijem 🪄

Kluci posíláme sílu ať se všechno zahojí a vratíte se silnější!✊🏼",https://www.instagram.com/p/DWMnCBijEjS/,,10356,261,,32
@BOhokej,facebook,c9082543-a03b-490f-8f97-66d439acce89,0b2844f6-3a89-4959-bc0c-b7f1da677039,FB Video,VIDEO,26.3.2026 20:23:14,"Nejhladovější @pastak22 🧨

#zott #zotthungry #zotthungrydrinkthis",https://www.facebook.com/reel/3866984930105177/,552,210,2,,
@riderspardubice,instagram,4d6a67ab-9313-4f77-a82e-abb18adbca5d,5d53524e-4552-4bdf-a15a-cb4e7760d850,IG Story,VIDEO,31.3.2026 17:49:24,@matejterc  NÁS DOSTÁVÁ DO VEDENÍ! 🗣️ 2:1,https://www.instagram.com/stories/riderspardubice/3865129527139930526,,884,,,5
vsefalcons,instagram,709fceba-e311-48e7-9057-f54a587abf4a,d71c157d-1acf-43f9-aa94-7df0f430ab67,IG Story,IMAGE,3.3.2026 19:29:37,"3 1 Theimer
Daniel
Vosmík",https://www.instagram.com/stories/vsefalcons/3844886264378087117,635,818,,,
@united_hk,tiktok,7e062517-b9da-416d-b73d-a2c5899a2be6,6c1431c4-34db-46b5-9e77-0eee8802970b,TT Video,VIDEO,25.3.2026 16:16:38,Založíš účet do konce března? Pak jsi ve hře o 100 000 Kč. 😏 A to není všechno: ⚡ rychlé a jednoduché založení online 💸 odměna 1 500 Kč za založení účtu 🍻 20 % cashback na drinky na UNIted HK afterparty Takže jestli účet ještě nemáš… možná je teď ideální čas. #unitedhk #unihokej #hokej @Univerzitní hokej 🏒 @ČSOB_CZ ,https://www.tiktok.com/@united_hk/video/7621227874628013334?utm_campaign=tt4d_open_api&utm_source=7348986504397455361,,932,42,,3
@riderspardubice,instagram,4d6a67ab-9313-4f77-a82e-abb18adbca5d,c80518e0-ba7f-4098-8c79-9c2cfe471494,IG Story,VIDEO,15.4.2026 18:56:07,@enteria_holding,https://www.instagram.com/stories/riderspardubice/3876034727069398712,,490,,,2
@akademici_plzen,tiktok,8f78cb3d-9c53-4c33-9f39-e6526fd8fa1c,ca21a31e-27b7-492a-ac69-e507a4be3d68,TT Video,VIDEO,10.4.2026 13:06:05,Hra bez gólmana není pro slabé povahy. 🫣 #akademiciplzen #hockey #collegehockey #goalkeeper #goalies ,https://www.tiktok.com/@akademici_plzen/video/7627116131353922838?utm_campaign=tt4d_open_api&utm_source=7348986504397455361,,1198,99,,1
@univerzitnihokej,facebook,01b45180-0b14-4a14-96e8-d0a4bab1fb9f,80c4e608-6d2b-411a-900b-26c390e59ff3,FB Post,IMAGE,12.3.2026 12:06:29,Stanou se vládcem Prahy znovu @ukkingsprague nebo tentokrát zvítězí @cvutengineers ? 💪🏼,https://www.facebook.com/1275398168115026/posts/1259460993042077,549,,,,
vsefalcons,instagram,709fceba-e311-48e7-9057-f54a587abf4a,9cc4c187-6cd2-459d-873d-cc84706bb03e,IG Story,IMAGE,31.3.2026 16:04:47,0 0,https://www.instagram.com/stories/vsefalcons/3865076860161919307,975,966,,,
@hc_muni,instagram,43cd62c8-609d-4ea6-8ce9-cae5242ede0c,0f7c7e41-5f03-45e4-adb1-842ca8447d3c,IG Post,IMAGE,4.3.2026 21:24:37,"Pátá sice odbila, ani tak to ale nestačilo ⚔️",https://www.instagram.com/p/DVej3p-iAip/,,3139,54,,7
vsefalcons,instagram,709fceba-e311-48e7-9057-f54a587abf4a,58057dd6-44ec-46c8-b43b-74fa247c0254,IG Story,IMAGE,2.3.2026 19:59:38,3 1,https://www.instagram.com/stories/vsefalcons/3844176590221636358,635,830,,,
@bitvaoprahu,facebook,75e0f41f-82be-4f82-a77b-82ac11135ed2,e7d48912-6065-408f-82b5-89683f606821,FB Video,VIDEO,12.3.2026 17:37:36,📣 GÓL POHLEDEM SPEAKERA 👁️,https://www.facebook.com/reel/1200742478544086/,831,396,4,,
@hcmuni,facebook,d1f9e9f9-7526-42d4-85aa-13f91e89f7cf,81077261-cc7d-4031-8421-a4acafac010f,FB Video,VIDEO,8.3.2026 11:32:52,"Náš starting grid je připraven!!!🐻🚨💙Tak kdo to letos vyhraje?🏁🏎️
Napiš do komentáře! 💬

#hcmuni",https://www.facebook.com/reel/1431711068597106/,2346,483,8,,
@akademiciplzen,instagram,65494228-95bf-4f7b-8e68-d47d7262db66,08913132-cead-45c9-9bb4-6ad0e5ee106f,IG Reel,REEL,28.3.2026 19:29:15,"Beeřík už kluky prohání, aby byli na středu v top formě! ☝🏻
Proženeme takhle ve středu i @czufarmers? 👀🔥

📍 1. 4. | 19:00 | LOGSPEED CZ Aréna
🎟️ Lístky v biu nebo na akademiciplzen.enigoo.cz

#akademiciplzen 💙",https://www.instagram.com/reel/DWcISOUDC0t/,,7558,117,,23
vsefalcons,instagram,709fceba-e311-48e7-9057-f54a587abf4a,8b2f3ab9-8170-4482-a417-48fb2d6ac0d5,IG Story,VIDEO,6.3.2026 19:16:05,PŘED NÁMI 🥵 TĚĚŽKEJ TÝDEN,https://www.instagram.com/stories/vsefalcons/3847053781607448072,,912,,,1
vsefalcons,instagram,709fceba-e311-48e7-9057-f54a587abf4a,b9970df7-ad76-4f2b-88fe-8b6fef980e0a,IG Story,VIDEO,26.1.2026 17:56:46,,https://www.instagram.com/stories/vsefalcons/3818747617081874315,,877,,,2
@riderspardubice,instagram,4d6a67ab-9313-4f77-a82e-abb18adbca5d,d73fd257-7782-409d-ae90-f2ca60f932f7,IG Story,VIDEO,12.4.2026 11:20:42,HRA ZAČÍNÁ OSTŘE🔥 0:0,https://www.instagram.com/stories/riderspardubice/3873631985831024268,,1271,,,
@univerzitnihokej,instagram,1e114592-3529-4cfe-9977-2598454053af,9363cf2c-e78c-4d94-a040-0544b55e93d8,IG Story,VIDEO,18.4.2026 10:26:33,,https://www.instagram.com/stories/univerzitnihokej/3877952665997037303,,1135,,,
@united_hk,instagram,b18c071b-0570-48b2-b743-990c668c3c5b,71564465-1c2e-47ff-9959-7d5256384116,IG Story,VIDEO,18.4.2026 18:42:57,,https://www.instagram.com/stories/united_hk/3878202422447349034,,349,,,
vsefalcons,instagram,709fceba-e311-48e7-9057-f54a587abf4a,f14890e3-85d1-48e6-8eb6-65a3b1ff5369,IG Story,VIDEO,1.5.2026 9:14:31,,https://www.instagram.com/stories/vsefalcons/3887338296657314120,,698,,,
@riderspardubice,instagram,4d6a67ab-9313-4f77-a82e-abb18adbca5d,fc0dea19-ecb0-4147-82f8-53aff33ae66c,IG Story,VIDEO,1.4.2026 18:45:21,,https://www.instagram.com/stories/riderspardubice/3865882446038618043,,439,,,1
vsefalcons,instagram,709fceba-e311-48e7-9057-f54a587abf4a,5005ea98-2138-4709-9471-862de72a26ee,IG Story,IMAGE,10.3.2026 19:41:33,"2 0 Fibigr
Hrouda",https://www.instagram.com/stories/vsefalcons/3849965701981322724,804,801,,,1
vsefalcons,instagram,709fceba-e311-48e7-9057-f54a587abf4a,64635736-b8a7-427a-be0d-3961c8e30b93,IG Post,IMAGE,26.1.2026 19:40:43,"Výhra byla blízko, ale nakonec si z pohádkové Hluboké odvážíme pouze bod 👆🏼",https://www.instagram.com/p/DT_GkRuiAAS/,,2111,43,,2
@AkademiciPlzen,facebook,d87b94e3-03e8-45d0-b92e-75e9b819545c,d34e8dcd-ec63-48c6-aacc-a10b2a2cb828,FB Video,VIDEO,2.3.2026 14:46:07,"UŽ JEN 2 DNY! ⏳ Neříkejte nám, že ještě nemáte lístek. 🤫 Poslední šance to napravit je PRÁVĚ TEĎ! 

Nechceme slyšet žádné výmluvy, chceme vás slyšet na tribunách! 😉💙 

🎟️ Lístky v biu.

#akademiciplzen #jarnibitva",https://www.facebook.com/reel/980556995145884/,450,127,2,,
vsefalcons,instagram,709fceba-e311-48e7-9057-f54a587abf4a,8d248b4a-b7bc-4225-a251-dc290db06355,IG Story,IMAGE,13.3.2026 16:20:10,,https://www.instagram.com/stories/vsefalcons/3852038645758861694,886,817,,,2
@218107044725785,facebook,7a942e3e-6c47-4794-9ba7-bbc7b6d40cb3,b39c4b3a-52f3-4c76-bf6e-f1e0071b92f7,FB Post,IMAGE,9.4.2026 13:24:04,"Ten moment, kdy si uvědomíš, že to nebyl jen sen.
PLAY-IN ✅ a teď míříme do @unihokejfinalfour bojovat o titul 🏆

Vstupenky na finalfour.cz 🎟️ Využij náš promo kód na 15% slevu “VSEFANS” 🤑",https://www.facebook.com/122282816036218300/posts/122283188738218300,736,,24,,
@akademiciplzen,instagram,65494228-95bf-4f7b-8e68-d47d7262db66,bbd16902-d900-4e7b-8e9d-65d25f76fcc9,IG Post,IMAGE,9.4.2026 20:36:47,"BRUSLENÍ S AKADEMIKY ⛸️

Dneska jsme si to s vámi užili na maximum. 💙Děkujeme, že jste dorazili! 

#akademiciplzen | 📸 @vpotocesevodatoci",https://www.instagram.com/p/DW7LA1LDGLV/,,14628,343,2,39
@akademiciplzen,instagram,65494228-95bf-4f7b-8e68-d47d7262db66,f736ec29-a5dd-40b3-88e3-d7a490091065,IG Post,IMAGE,6.3.2026 15:09:56,"Podrž tečky, potáhni doprava a uvidíš parádní střelu @v_reitspies10 🔥🎯

📸 @_.hrubytomas._ 

#akademiciplzen #jarnibitva",https://www.instagram.com/p/DVjClGiDNcx/,,7715,177,4,10
@univerzitnihokej,instagram,1e114592-3529-4cfe-9977-2598454053af,bbaf04df-cf0a-49b3-888c-bed2639cc7f8,IG Story,VIDEO,8.4.2026 18:37:15,"RIDERS OTEVÍRAJÍ 
SKÓRE ZÁPASU 0:1 🚨",https://www.instagram.com/stories/univerzitnihokej/3870951827923578332,,760,,,
@cvutengineers,instagram,11963a07-7f0f-48e6-9d81-aa63a7ff4a04,2993079f-e97d-498a-bc64-d85b20313976,IG Story,VIDEO,15.4.2026 18:10:35,FIRST  TOUCHES 🧊 🧊,https://www.instagram.com/stories/cvutengineers/3876011833501193101,,1044,,,4
@riderspardubice,facebook,f99ed6c3-17cc-46f4-a32e-d9b0576ce2df,6c837029-93e4-4151-aa98-b33b526deeb2,FB Video,VIDEO,19.3.2026 14:28:16,"Co Muškys Danovi vzkázal? 

To se dozvíte už 23. března v enteria areně!
Vstupenky koupíš přes odkaz v BIU 🎟️",https://www.facebook.com/reel/1523901149079444/,357,82,,,
@boostrava,instagram,1176ddaf-d366-48a2-9639-3c6694c72c85,71c966f0-e2cb-46a3-b373-d5d199e0fc9c,IG Post,IMAGE,18.3.2026 12:53:01,"Koukni co o výjezdu do Prahy řekl útočník 
Jan Vašenka🎙️",https://www.instagram.com/p/DWBsFcOjHq0/,,1963,24,,
@united_hk,instagram,b18c071b-0570-48b2-b743-990c668c3c5b,a9825d49-70be-467f-a881-66f4ad58af67,IG Story,VIDEO,21.4.2026 14:20:13,Díky našim partnerům 😉,https://www.instagram.com/stories/united_hk/3880244395517694523,,622,,,
@united_hk,instagram,b18c071b-0570-48b2-b743-990c668c3c5b,1f36719b-450f-44c4-a874-aad257edaf1b,IG Story,VIDEO,25.4.2026 15:21:20,RADOST S NIMA PRACOVAT,https://www.instagram.com/stories/united_hk/3883174274080972491,,676,,,2
@univerzitnihokej,facebook,01b45180-0b14-4a14-96e8-d0a4bab1fb9f,360add7d-3b55-4118-9a2c-3ac26cca703e,FB Post,IMAGE,2.4.2026 15:44:11,"Engineers už znají svého soupeře, na domácí půdě vyzvou Riders 🐴
Ve středu se rozhodne, kdo půjde do @unihokejfinalfour 👀",https://www.facebook.com/1275398168115026/posts/1276636007991242,136,,2,,
@vutcavaliersbrno,instagram,b384bebf-72f3-4f9d-8b2d-3677709f6966,a3fae808-dfff-436b-b2e2-a399d003461a,IG Reel,VIDEO,4.3.2026 20:33:58,"Spolupráce, kterou ocení nejen přítelkyně, ale taky spoluhráči v kabině 🛁 Čistá hlava, čistá hra 🧼 @garnier_czsk",https://www.instagram.com/reel/DVedw8miJsn/,,4924,88,,20
@riderspardubice,instagram,4d6a67ab-9313-4f77-a82e-abb18adbca5d,ed089515-b370-49fb-9568-e702035baa35,IG Story,VIDEO,17.4.2026 12:52:55,POSLEDNÍ PŘEDZÁPASOVÉ BAGO V TÉTO SEZÓNĚ🔥 ⚽️,https://www.instagram.com/stories/riderspardubice/3877301291634699117,,1249,,,6
@univerzitnihokej,instagram,1e114592-3529-4cfe-9977-2598454053af,0e5eb2a6-59c8-42fa-9aeb-47728d30ffe5,IG Story,VIDEO,8.4.2026 18:55:57,0 4,https://www.instagram.com/stories/univerzitnihokej/3870961217074379060,,735,,,1
vsefalcons,instagram,709fceba-e311-48e7-9057-f54a587abf4a,5294d037-f680-4ca2-a6c3-2c0c27ad3186,IG Reel,VIDEO,15.1.2026 16:02:22,🗒️to do list: získat si děti ✔️,https://www.instagram.com/reel/DTiYxPgiObb/,,4860,71,,41
@cvutengineers,instagram,11963a07-7f0f-48e6-9d81-aa63a7ff4a04,bb85b8de-5960-4c55-839a-9e905b950835,IG Story,VIDEO,1.4.2026 18:59:45,ZA CHVÍLI SE DOZVÍME SOUPEŘE 🎫,https://www.instagram.com/stories/cvutengineers/3865889706739543459,,987,,,6
@boostrava,instagram,1176ddaf-d366-48a2-9639-3c6694c72c85,f5ced92d-0bb6-4b00-a2c6-66c58ae999d2,IG Post,IMAGE,17.4.2026 8:02:24,"Sezónu 25/26 máme za sebou🔥
Velké poděkování patří našemu generálnímu partnerovi @vitkovice.steel a všem ostatním za podporu, důvěru a spolupráci. Vážíme si toho, že jste součástí naší cesty! 
DĚKUJEME🧡",https://www.instagram.com/p/DXObCd2jCgS/,,3633,104,,4
vsefalcons,instagram,709fceba-e311-48e7-9057-f54a587abf4a,05c11520-2fc0-4a67-b8a5-1b234cb6c7a2,IG Post,CAROUSEL_ALBUM,2.3.2026 11:14:01,"Dobrej hokej a pivko k tomu? 😏

Už zítra prvních sto z vás dostane plechovku Proudu zadáčo! 🍻 Tak vem kámoše a doraž podpořit naše kluky v důležitém zápase 💙

Vstupenky k dostání na profilu 🎟️",https://www.instagram.com/p/DVYUZwpiAWi/,,5927,53,,17
@univerzitnihokej,instagram,1e114592-3529-4cfe-9977-2598454053af,a5206d77-fb52-4253-a843-d91991ec4cb6,IG Reel,VIDEO,12.3.2026 15:20:36,My jsme ready 👀 a co vy?,https://www.instagram.com/reel/DVygcboCMie/,,7205,149,,8
@boostrava,instagram,1176ddaf-d366-48a2-9639-3c6694c72c85,5200a953-395c-49ea-ab4c-8faa41412a00,IG Reel,REEL,26.3.2026 20:22:54,"Nejhladovější @pastak22 🧨

#zott #zotthungry #zotthungrydrinkthis",https://www.instagram.com/reel/DWXGINljM9e/,,2162,42,,3
@unitedhk,facebook,bfe6cc29-a387-41b9-9bca-b077722556af,87573d60-6ea2-42da-a5e2-aba4611bbe81,FB Post,IMAGE,23.4.2026 8:05:52,"Děkujeme MarketingPPC za podporu v sezoně 2025/26.

Digitální agentura, která pomáhá firmám růst díky chytrým online kampaním a práci s daty.

Díky, že stojíte za UNIted HK. 🖤🧡",https://www.facebook.com/122180651084388974/posts/122182204358388974,110,,,,
@boostrava,instagram,1176ddaf-d366-48a2-9639-3c6694c72c85,cb1102b0-f8f0-4bc3-890d-9932028b3d82,IG Reel,REEL,31.3.2026 16:04:10,"19:30🔥RT TORAX ARENA PORUBA 
@boostrava x @riderspardubice",https://www.instagram.com/reel/DWjgeemDFsx/,,9994,238,,97
@bitvaoprahu,facebook,75e0f41f-82be-4f82-a77b-82ac11135ed2,07e9ba7e-71be-4916-8c5b-a1c307efcf29,FB Post,IMAGE,13.3.2026 12:52:47,"🏆🏆 Královské ráno! Žijete všichni? 😀

📸 @vratapolivka_photo , @matyasklapa , @radekkasik1",https://www.facebook.com/1441262177797849/posts/1420877723169628,358,,2,,
@united_hk,instagram,b18c071b-0570-48b2-b743-990c668c3c5b,8e1cbb43-5084-4dac-86c0-5f9b63bd4d76,IG Story,IMAGE,24.4.2026 8:38:07,,https://www.instagram.com/stories/united_hk/3882246694037393970,,444,,,
vsefalcons,instagram,709fceba-e311-48e7-9057-f54a587abf4a,15cba61f-a2bc-4968-b063-34056e5d80da,IG Post,IMAGE,1.4.2026 6:15:28,"Ranní trénink nedopadl úplně podle našich představ 🤕

Někdo si vybral nejhorší možné načasování a přes noc nám byla vyloupena šatna s veškerou výstrojí. Budeme rádi když příspěvek sdílíte, ať se to dostane mezi nejvíc lidí. 

Děkujeme, tým VŠE Falcons 🦅",https://www.instagram.com/p/DWlEYDwCDA6/,,12519,219,2,201
@BOhokej,facebook,c9082543-a03b-490f-8f97-66d439acce89,1e0bc462-4e0b-4af3-920c-6eaef3c6c4ad,FB Post,IMAGE,16.3.2026 20:04:53,"Nenechte si ujít zápas s Pardubicemi! 🍀

Ke vstupence vás čeká pivko a zelená zdarma! 🍻
Vstupenky najdeš v biu 🎫

#hockey #ostrava #stpatricksday2026",https://www.facebook.com/1477974067675582/posts/1464348045704851,233,,,,
@AkademiciPlzen,facebook,d87b94e3-03e8-45d0-b92e-75e9b819545c,2fca534f-ac77-4942-bbab-a76906c94ec7,FB Post,IMAGE,3.3.2026 12:22:28,"SPĚCHEJ, abys stihnul 3. vlnu lístků! ⏳
Dnes za 250,- , zítra už za 300,- 🥶

Odkaz na vstupenky najdeš v biu nebo na plzenskabitva.cz",https://www.facebook.com/1357105236437494/posts/1333747992106552,331,,,,
@engineersprague,facebook,afd06d1d-7b1c-4f66-8d93-ce4255ab773c,94502aec-b05f-490b-8f8a-74103ef105dd,FB Story,IMAGE,4.3.2026 20:40:06,,,,,,,
@akademiciplzen,instagram,65494228-95bf-4f7b-8e68-d47d7262db66,e427f591-a07e-498d-86fb-ee6be87ed2c0,IG Reel,VIDEO,3.3.2026 20:09:24,"Chceš se napít za free na after? 🍹 Zítra máš ideální šanci!

— Doraž zítra v 17:30 do fanzóny, 
— ohákni se do modrobílého,
— dones ten největší transparent, co zvládneš vyrobit! 🏒

Doraž udělat kotel, vidíme se tam! 💙

#akademiciplzen #jarnibitva",https://www.instagram.com/reel/DVb2FaNjGHn/,,11000,148,,37
vsefalcons,instagram,709fceba-e311-48e7-9057-f54a587abf4a,2f5bdc45-1acf-4701-9ec7-66a973cf13cb,IG Story,VIDEO,13.3.2026 16:19:44,,https://www.instagram.com/stories/vsefalcons/3852038424047974241,911,915,,,1
@univerzitnihokej,instagram,1e114592-3529-4cfe-9977-2598454053af,85d7089b-a30e-4e95-8588-e36d20501c49,IG Story,VIDEO,17.4.2026 8:48:58,,https://www.instagram.com/stories/univerzitnihokej/3877178542651889102,,2150,,,
@akademiciplzen,instagram,65494228-95bf-4f7b-8e68-d47d7262db66,47d90576-8103-4d7d-9174-4b855dc255f0,IG Story,VIDEO,31.3.2026 11:43:43,,https://www.instagram.com/stories/akademiciplzen/3864945456166377445,,1369,,,
vsefalcons,instagram,709fceba-e311-48e7-9057-f54a587abf4a,9ffc17a3-9740-4933-b75e-85c7e01f8727,IG Story,VIDEO,3.3.2026 18:44:20,@_lukas_novak_92_ 🤹🏽,https://www.instagram.com/stories/vsefalcons/3844863469946416385,973,1346,,,2
@VUTCavaliersBrno,facebook,3351b43e-4b71-442b-b2f1-920cd6e57ee5,f782c4db-dd54-4be3-95d9-b93047fa5184,FB Video,VIDEO,31.3.2026 20:59:25,"Základní část je za námi 👈 
A tak jsme si dali s @kfc_cz a jejich fanouškovským menu malé opáčko 🤓
Komu se dařilo nejlépe? @_totti_71 @m_.cernak @vojtechkleofas 🏒",https://www.facebook.com/reel/1646384553212439/,516,172,5,,
@united_hk,instagram,b18c071b-0570-48b2-b743-990c668c3c5b,5314c2a0-526c-43b5-8f84-3df8af3c2fb1,IG Story,VIDEO,28.4.2026 6:29:40,,https://www.instagram.com/stories/united_hk/3885079689983190557,,625,,,
@unitedhk,facebook,bfe6cc29-a387-41b9-9bca-b077722556af,c3a71ad5-1c2a-429c-9e3e-f124b0d0ba65,FB Video,VIDEO,17.3.2026 18:29:56,"🍕 Pizza Panda na derby

Trička ve vzduchu.
Vouchery pro fanoušky.
A zase o něco lepší atmosféra v hale.

Díky partnerovi Pizza Panda, který podpořil Východočeské derby univerzit a postaral se o tenhle moment přímo v hledišti.

Mrkni na video.

🖤🧡❤️",https://www.facebook.com/reel/2145050326257329/,1180,372,4,,
@cvutengineers,instagram,11963a07-7f0f-48e6-9d81-aa63a7ff4a04,762e767c-034c-4f8f-ad60-f788983a090d,IG Story,VIDEO,12.4.2026 14:59:06,👀,https://www.instagram.com/stories/cvutengineers/3873741111496043337,,911,,,
@218107044725785,facebook,7a942e3e-6c47-4794-9ba7-bbc7b6d40cb3,4a30ccb9-a9fd-4006-911d-25e1f28872fc,FB Post,PHOTO,31.3.2026 8:42:12,Jdeme do boje ⚔️ DNES JDE O VŠECHNO! 😤,https://www.facebook.com/122282816036218300/posts/122281593890218300,382,,10,,
@engineersprague,facebook,afd06d1d-7b1c-4f66-8d93-ce4255ab773c,e226e9c8-b0eb-4efb-b000-55de2348ffb6,FB Story,VIDEO,4.3.2026 21:57:09,,,,,,,
@VUTCavaliersBrno,facebook,3351b43e-4b71-442b-b2f1-920cd6e57ee5,03990bea-5451-400f-afec-7e5f7946a7ea,FB Video,VIDEO,17.3.2026 11:40:31,Únik @riciorsech v prodloužení a bod navíc zůstává doma 🙌,https://www.facebook.com/reel/825713333124540/,1993,931,6,,
@bitvaoprahu,instagram,d7c8aa06-74fb-4c6c-a7d2-c2fe1bf6d59c,43085ce7-166a-4f39-a656-c4cd5033afd2,IG Story,VIDEO,10.4.2026 14:50:35,,https://www.instagram.com/stories/bitvaoprahu/3872287265737416311,,949,,,1
@AkademiciPlzen,facebook,d87b94e3-03e8-45d0-b92e-75e9b819545c,7b73b012-83ab-4d9c-ab19-de4b72f5ec54,FB Post,IMAGE,6.3.2026 15:10:04,"Podrž tečky, potáhni doprava a uvidíš parádní střelu @v_reitspies10 🔥🎯

#akademiciplzen #jarnibitva",https://www.facebook.com/1357105236437494/posts/1336119718536046,973,,4,,
@univerzitnihokej,facebook,01b45180-0b14-4a14-96e8-d0a4bab1fb9f,42feec42-7bb2-4dfe-aa40-5fd1c65494bc,FB Post,IMAGE,6.4.2026 17:36:51,"Sezónu VUT letos ukončily až samostatné nájezdy proti Black Dogs v semifinále play-in.

Dvakrát ovládli brněnský Hokejový souboj univerzit a zanechali za sebou silnou stopu. Právě tyhle momenty zůstávají! 🫂",https://www.facebook.com/1275398168115026/posts/1279863977668445,968,,4,,
@hcnorthwings,facebook,2b08a479-603b-46e4-8a48-2bc0435ccd53,f248d753-5fb2-4f68-923d-e1aff3c5cd38,FB Story,VIDEO,4.3.2026 8:35:48,,,,,,,
@bitvaoprahu,instagram,d7c8aa06-74fb-4c6c-a7d2-c2fe1bf6d59c,028629a4-0130-4869-b5d2-4b4533c2a3ae,IG Story,VIDEO,10.4.2026 14:52:29,📍,https://www.instagram.com/stories/bitvaoprahu/3872288221753529075,,868,,,
vsefalcons,instagram,709fceba-e311-48e7-9057-f54a587abf4a,b1d9cd5a-1801-468f-a7e6-fb70abaac2ac,IG Story,VIDEO,3.3.2026 21:29:20,HRÁČI ZAPÁSU @mosteckamontazni 🚀,https://www.instagram.com/stories/vsefalcons/3844946532642634747,922,1225,,,8
vsefalcons,instagram,709fceba-e311-48e7-9057-f54a587abf4a,bfc14dfa-22da-44a0-a929-7d5b49a3cbc6,IG Story,VIDEO,10.2.2026 23:25:02,"RADEK
BEDNÁŘ 🎙️ @riderspardubice",https://www.instagram.com/stories/vsefalcons/3829784482018807271,1256,1256,,1,9
vsefalcons,instagram,709fceba-e311-48e7-9057-f54a587abf4a,1f0055a0-3993-4850-ae10-e42a4bf416ea,IG Story,VIDEO,15.2.2026 11:40:16,do úterý můžeš využít naši výhodnou nabídku 🙂‍↕️,https://www.instagram.com/stories/vsefalcons/3833053591485587723,606,606,,,
@cvutengineers,instagram,11963a07-7f0f-48e6-9d81-aa63a7ff4a04,926227ac-fdcd-4f6a-a991-d4e31f83aec1,IG Story,VIDEO,17.4.2026 13:04:12,@engineerskotel  CO JE VÍC?🥹,https://www.instagram.com/stories/cvutengineers/3877306890023910913,,1958,,,2
@riderspardubice,facebook,f99ed6c3-17cc-46f4-a32e-d9b0576ce2df,efe586de-8674-4da9-9748-472844412d48,FB Post,IMAGE,14.4.2026 16:38:57,"Název jakeho stavebniho holdingu nese pardubicka hokejova arena? 🧡

Označ holding do komentáře a my ze správných odpovědí zítra večer vylosujeme výherce dvou vstupenek na @unihokejfinalfour! 🙌",https://www.facebook.com/1592662819534019/posts/1604601128340188,486,,1,,
@bitvaoprahu,facebook,75e0f41f-82be-4f82-a77b-82ac11135ed2,27361ceb-e827-45c6-b843-f53a15a44a2a,FB Video,VIDEO,12.3.2026 20:09:25,❤️‍🔥 HALFTIME SHOW s @gufrau_official ft. @metrostav.cz 🤪,https://www.facebook.com/reel/1484832016321018/,162,43,3,,
@AkademiciPlzen,facebook,d87b94e3-03e8-45d0-b92e-75e9b819545c,06b0311a-1c8e-4331-b255-07c67ceb2812,FB Video,VIDEO,23.4.2026 8:38:42,"Běžíme pro ty, kteří nemohou! ⚡️

🗓️ 10. května ve 13:00 startuje Wings for Life World Run v Plzni! 

Můžeš se těšit na:
•  unikátní běh, kdy tě dohání catcher car 🏎️
•  hudbu, chill zónu u @pivstro_bolevak a drinky od @redbullcz ☀️⛱️
•  atmosféru, která tě nabije energií! 🔋

100 % tvého startovného jde na výzkum poranění míchy, tak poběž s námi a podpoř dobrou věc!

Registrace na: 
🔗https://www.wingsforlifeworldrun.com/cs

Nezáleží na tom, jestli uběhneš kilometr nebo maraton, v tomhle závodě vítězí každý, kdo se zapojí! 🏅",https://www.facebook.com/reel/1486747466430554/,1560,556,7,,
@akademiciplzen,instagram,65494228-95bf-4f7b-8e68-d47d7262db66,0a75bd19-675c-4ee4-8a75-42c9718bca35,IG Story,VIDEO,1.4.2026 18:08:15,UŽ VÁS SLYŠÍME 😍 UŽ VÁS SLYŠÍME,https://www.instagram.com/stories/akademiciplzen/3865863811836438513,,1177,,,1
@riderspardubice,facebook,f99ed6c3-17cc-46f4-a32e-d9b0576ce2df,ea40eb5e-d777-43ae-baa5-f52d9402f096,FB Video,VIDEO,12.4.2026 18:01:29,Rozhodující gól od @beny_m15 🥅🏒,https://www.facebook.com/reel/911495135226880/,2777,1286,25,,
vsefalcons,instagram,709fceba-e311-48e7-9057-f54a587abf4a,93a78dc3-8142-493f-8840-9b10e8b1ee8c,IG Post,IMAGE,12.2.2026 15:33:19,"Nový semestr, nový vítr do plachet. ⛵️
První akce semestru, olympiáda, krasobruslařské vystoupení, soutěž a nakonec pořádná afterparty. 🥳 To všechno tě čeká už v úterý od 19:45.

Lístek koupíš u nás na profilu, těšíme se na vás. 🎟️",https://www.instagram.com/p/DUqaCLeiCqQ/,,10514,61,,25
@riderspardubice,instagram,4d6a67ab-9313-4f77-a82e-abb18adbca5d,5c448cfc-6a4d-4d5a-9ef6-44b4d282c7c3,IG Story,VIDEO,9.4.2026 8:21:05,VIDÍME SE NA  LUCKY LOSER GAME 🍀,https://www.instagram.com/stories/riderspardubice/3871366515337757226,,882,,,3
vsefalcons,instagram,709fceba-e311-48e7-9057-f54a587abf4a,fd933044-1f38-43ee-ba93-6314a0ed7eb9,IG Story,VIDEO,12.3.2026 15:17:34,POCHOD DORAZIL 🔥 🔥,https://www.instagram.com/stories/vsefalcons/3851282387296605632,1527,1376,,,
@univerzitnihokej,instagram,1e114592-3529-4cfe-9977-2598454053af,5f8cdbf7-7cb8-4f58-ab40-a89962631455,IG Story,VIDEO,17.4.2026 16:34:16,🥹,https://www.instagram.com/stories/univerzitnihokej/3877412764129990089,,1672,,,2
@riderspardubice,instagram,4d6a67ab-9313-4f77-a82e-abb18adbca5d,7e5c90ed-00b9-47ed-9a94-a465f6b4dfe5,IG Story,VIDEO,6.4.2026 19:27:16,"V ÚTERÝ @hcpce, VE STŘEDU MY!
HOCKEYTOWN 🔥",https://www.instagram.com/stories/riderspardubice/3869527459272685197,,382,,,
@vutcavaliersbrno,instagram,b384bebf-72f3-4f9d-8b2d-3677709f6966,d23e5ea1-b4b2-4e85-a295-ddb644f74037,IG Story,VIDEO,14.4.2026 13:17:58,zeptali jsme se hráčů na jejich oblíbenou fotku sezony🔥,https://www.instagram.com/stories/vutcavaliersbrno/3875139756967378337,,499,,,
@cvutengineers,instagram,11963a07-7f0f-48e6-9d81-aa63a7ff4a04,ceb30738-6d9a-4032-bc33-92ab16a8ac6f,IG Story,VIDEO,8.4.2026 17:12:11,👀 👀,https://www.instagram.com/stories/cvutengineers/3870909020202877815,,1031,,,1
vsefalcons,instagram,709fceba-e311-48e7-9057-f54a587abf4a,2bd091eb-8b72-4969-8534-c17ae8aec4f1,IG Story,VIDEO,12.3.2026 14:27:56,GETTIN’ READY 🏒,https://www.instagram.com/stories/vsefalcons/3851257388003240839,1608,1698,,,1
@218107044725785,facebook,7a942e3e-6c47-4794-9ba7-bbc7b6d40cb3,c3a25d95-7ff5-4110-afc9-834ad16c835c,FB Post,IMAGE,14.3.2026 19:05:27,Těžký týden zakončujeme bodem z Brna.,https://www.facebook.com/122282816036218300/posts/122278835144218300,265,,4,,
@riderspardubice,instagram,4d6a67ab-9313-4f77-a82e-abb18adbca5d,0181021b-421b-4fe5-ac9d-0187747f5f40,IG Story,VIDEO,4.4.2026 13:01:23,,https://www.instagram.com/stories/riderspardubice/3867883651950455030,,728,,,
@hc_muni,instagram,43cd62c8-609d-4ea6-8ce9-cae5242ede0c,0de23c1c-b02a-4d04-bfac-60c0b3c63a6c,IG Story,VIDEO,15.4.2026 18:57:20,DĚKUJEME VŠEM💙,https://www.instagram.com/stories/hc_muni/3876035424682958257,,366,,,
vsefalcons,instagram,709fceba-e311-48e7-9057-f54a587abf4a,16cc5f01-ff70-4658-a3aa-ededbb8ebb55,IG Story,VIDEO,3.3.2026 19:54:10,nic hezčího dnes neuvidíš,https://www.instagram.com/stories/vsefalcons/3844902190402043114,579,758,,,
@cvutengineers,instagram,11963a07-7f0f-48e6-9d81-aa63a7ff4a04,b7832d1d-0583-42a0-9376-0e5247799b5a,IG Reel,VIDEO,17.4.2026 18:16:07,"💙🦁DRŽÍME VŠECHNY PALCE!!!!!

Pošli lva pro štěstí do komentářů! ⤵️",https://www.instagram.com/reel/DXPhBhFDNEK/,,11346,253,,14
vsefalcons,instagram,709fceba-e311-48e7-9057-f54a587abf4a,1905fa18-a872-46f7-8062-029c955cc139,IG Story,VIDEO,31.3.2026 14:19:45,TRADIČNÍ BRAZILKA ⚽️,https://www.instagram.com/stories/vsefalcons/3865024052398186634,1102,1066,,,1
vsefalcons,instagram,709fceba-e311-48e7-9057-f54a587abf4a,239485ed-97a4-4011-9392-986ac0952eb6,IG Story,IMAGE,26.1.2026 18:30:59,"2 2 Nábělek 
Ramert",https://www.instagram.com/stories/vsefalcons/3818764827653326001,,847,,,
@akademiciplzen,instagram,65494228-95bf-4f7b-8e68-d47d7262db66,667593c0-e08f-4a0b-b17b-e9635b63a3ac,IG Story,VIDEO,10.4.2026 17:17:24,STŘÍPKY ze včerejšího bruslení 🏒,https://www.instagram.com/stories/akademiciplzen/3872361242195452947,,854,,,
@bitvaoprahu,instagram,d7c8aa06-74fb-4c6c-a7d2-c2fe1bf6d59c,cd68c94c-f940-4d5e-bfd4-8c603327da43,IG Reel,VIDEO,12.3.2026 21:52:41,"URAGÁN JMÉNEM UK! 🤯🔥

#UKP ⚔️ #ENG | @k.chymo 🚨| #bitvaoprahu",https://www.instagram.com/reel/DVzMzrTjH0E/,,29063,621,5,25
vsefalcons,instagram,709fceba-e311-48e7-9057-f54a587abf4a,dada7c29-8cc3-4f7e-b282-44be6844a5ae,IG Story,VIDEO,6.3.2026 16:41:37,,https://www.instagram.com/stories/vsefalcons/3846976008717129191,,863,,,3
vsefalcons,instagram,709fceba-e311-48e7-9057-f54a587abf4a,e79a1740-3f8e-4657-80f0-931153a33455,IG Story,IMAGE,12.3.2026 18:53:42,"9 4 Lev
Fibigr",https://www.instagram.com/stories/vsefalcons/3851391140658444690,1317,1021,,,4
vsefalcons,instagram,709fceba-e311-48e7-9057-f54a587abf4a,0c2e803b-9a31-40c7-9649-c1a43276ee83,IG Post,CAROUSEL_ALBUM,7.2.2026 20:38:07,"Ohlédnutí za úterním zápasem 📸

Další zápas už v úterý 10. 2. od 19:45 proti Riders.
Přijďte nás podpořit a užít si hokej ještě před startem školy 🚀💙
📷 @martincacha",https://www.instagram.com/p/DUeGrMJCPut/,,5939,123,,5
@akademiciplzen,instagram,65494228-95bf-4f7b-8e68-d47d7262db66,12852192-17c5-464a-acfa-192a49ff6333,IG Post,IMAGE,1.4.2026 15:03:14,"Hokejem tenhle večer teprve začíná. 🏒 

Ze stadionu se všichni přesouváme na after do No Limitu. Vidíme se tam! 🕺🏼

#akademiciplzen",https://www.instagram.com/p/DWl99syjP-e/,,12247,154,2,102
@univerzitnihokej,facebook,01b45180-0b14-4a14-96e8-d0a4bab1fb9f,1b06fec3-686e-4bd9-b89d-1f3986ca43da,FB Post,IMAGE,27.3.2026 19:04:12,"Základní část skončila ⏩️ začíná Play-In 🔥

Čekají nás semifinálové bitvy, vítězové jdou do finále Play-In. A odtud už vede jediná cesta ➡️ @unihokejfinalfour a boj o absolutního šampiona letošní sezóny! 😮‍💨🏆

Jedna šance. Žádná oprava. 👀",https://www.facebook.com/1275398168115026/posts/1271984115123098,741,,2,,
vsefalcons,instagram,709fceba-e311-48e7-9057-f54a587abf4a,71b182f6-ea03-4dcf-93d6-ffb6c3c30b05,IG Story,VIDEO,3.2.2026 18:46:04,POPŘEJ KUBAŤÁKOVI ŠTĚSTÍ DO PRVNÍHO ZÁPASU PO ZRANĚNÍ,https://www.instagram.com/stories/vsefalcons/3824570615319809186,,909,,,
@riderspardubice,facebook,f99ed6c3-17cc-46f4-a32e-d9b0576ce2df,846d2279-7f42-4444-9be4-976c28281e93,FB Post,IMAGE,4.3.2026 8:00:10,"🐱 V pondělí za námi do enteria areny přijedou @blackdogsbudweis_vste! 🐕

A my při této příležitosti společně podpoříme KoČIČÍ depozitum Lovčice! 

Jak můžete opuštěným kočičkám pomoci s námi? 
- přineste s sebou na zápas očičí žrádlo - granule, konzervy, ňaminky 
- přispějte finančním darem - ideálně v hotovosti na místě nebo pomocí QR kódu na kostce.

Minulý semestr jsme pomohli pejskům z @farma_u_veselyho_psa, tak pojďme znovu spojit síly a tentokrát pomoci kočičkám z KoČIČÍ depozitum Lovčice! 

Vstupenky za zapas koupíš přes odkaz v BIU!",https://www.facebook.com/1592662819534019/posts/1567407572059544,1404,,11,,
@riderspardubice,instagram,4d6a67ab-9313-4f77-a82e-abb18adbca5d,acbe6333-b916-46be-9489-b6100bb877fc,IG Story,VIDEO,17.4.2026 21:48:20,,https://www.instagram.com/stories/riderspardubice/3877570844293902339,,508,,,
@univerzitnihokej,instagram,1e114592-3529-4cfe-9977-2598454053af,f4a63ad1-5f56-4962-9ae3-5d87711051c0,IG Story,VIDEO,10.4.2026 10:26:33,,https://www.instagram.com/stories/univerzitnihokej/3872154383945328631,,1272,,,6
@univerzitnihokej,facebook,01b45180-0b14-4a14-96e8-d0a4bab1fb9f,511a3e43-b926-4f21-ba76-ae862060be70,FB Post,IMAGE,23.3.2026 21:45:50,"Black Dogs vystrčili růžky a seřezali krále tabulky 🫣 východní Čechy patří Hradci, připisují si 4. výhru proti Riders 💪🏼",https://www.facebook.com/1275398168115026/posts/1268692002118976,576,,3,,
vsefalcons,instagram,709fceba-e311-48e7-9057-f54a587abf4a,86b69f1c-72a3-43cc-b554-26bafc8b0311,IG Story,VIDEO,3.3.2026 18:37:17,PARTNEREM DNEŠNÍHO UTKÁNÍ JE  @mosteckamontazni 👷🏽‍♂️ 🦺,https://www.instagram.com/stories/vsefalcons/3844860152646206821,779,960,,,1
@218107044725785,facebook,7a942e3e-6c47-4794-9ba7-bbc7b6d40cb3,b100f46d-fd8a-4362-a872-4fdbde305c1f,FB Video,VIDEO,14.4.2026 7:17:56,"Party moves, které oživí každou afterku🕺🏽

A dokonce i tu, co bude po @unihokejfinalfour 🤪 Ve čtvrtek i v pátek na vás čeká party přímo vedle zimáku 🥂 Tak vem kámoše a prodlužte si večer 🤘🏼

🎟️ Lístky kupujte na finalfour.cz",https://www.facebook.com/reel/851836427931147/,580,285,10,,
@riderspardubice,instagram,4d6a67ab-9313-4f77-a82e-abb18adbca5d,10733b4b-d158-47cd-8f21-3a72a49e2114,IG Reel,VIDEO,17.4.2026 16:18:38,"Chvilku pro sebe 🫂
@63skorpiz & @radek_bednar_",https://www.instagram.com/reel/DXPTkIuDCJx/,,6947,237,,16
vsefalcons,instagram,709fceba-e311-48e7-9057-f54a587abf4a,378e4355-6feb-48d7-b951-4da93c440f44,IG Story,IMAGE,14.3.2026 16:39:41,"2 2 Vosmík
Jobánek",https://www.instagram.com/stories/vsefalcons/3852773238459912020,757,719,,,
@united_hk,instagram,b18c071b-0570-48b2-b743-990c668c3c5b,3e8365bf-0dff-4cf0-bb7e-0b67bc9a475c,IG Story,IMAGE,9.4.2026 13:03:11,,https://www.instagram.com/stories/united_hk/3871508452270975321,,624,,,
@univerzitnihokej,instagram,1e114592-3529-4cfe-9977-2598454053af,585c0050-8dbf-4aab-a689-144e30b70afa,IG Post,IMAGE,9.4.2026 10:26:01,VŠE Falcons přiletí 16.4. taky do Edenu! 🦅 Vstupenky na finalfour.cz 🎟️,https://www.instagram.com/p/DW6FHYnCNh7/,,8915,177,1,16
vsefalcons,instagram,709fceba-e311-48e7-9057-f54a587abf4a,67798d0e-1443-4c76-ae2f-e0a374c34052,IG Story,VIDEO,14.4.2026 13:22:58,OUTFIT NA POV: 🫵🏼 @unihokejfinalfour,https://www.instagram.com/stories/vsefalcons/3875142278767465660,671,706,,,1
vsefalcons,instagram,709fceba-e311-48e7-9057-f54a587abf4a,81cd3151-da86-45b7-827e-161d4bc8b5ea,IG Reel,VIDEO,8.6.2026 14:17:14,they counting down the days until summer training ends 💀 #icehockey #vsefalcons #,https://www.instagram.com/reel/DZU_CzRI38q/,,1446,35,,2
@riderspardubice,instagram,4d6a67ab-9313-4f77-a82e-abb18adbca5d,a2cbe3c2-a313-4d62-817e-6e8c28e105ee,IG Story,VIDEO,12.4.2026 14:55:00,,https://www.instagram.com/stories/riderspardubice/3873739046631810718,,1018,,,1
@AkademiciPlzen,facebook,d87b94e3-03e8-45d0-b92e-75e9b819545c,7cc381b4-9248-4257-acfc-437ac4288f8d,FB Video,VIDEO,17.3.2026 13:21:53,"Ví naši fanoušci, co je ofsajd? 👀
A kdo to pak nejvíc rozjel na afterparty? 😏

Na to se diváků na bitvě zeptala @deniskaurbankova 🎤.
Mrkni, jak to dopadlo!

#akademiciplzen #univerzitnihokej",https://www.facebook.com/reel/1257454349247715/,697,306,4,,
vsefalcons,instagram,709fceba-e311-48e7-9057-f54a587abf4a,0315b82b-7b80-4374-9c16-9bdda3d78071,IG Story,VIDEO,8.2.2026 17:47:10,"LUKÁŠ
NOVÁK 93",https://www.instagram.com/stories/vsefalcons/3828164864699319733,,1287,,,1
@univerzitnihokej,instagram,1e114592-3529-4cfe-9977-2598454053af,2647bc0b-c8a2-4cd0-8932-1477ebbe1105,IG Post,IMAGE,10.4.2026 14:11:57,Směr cesty 16. a 17.4. je jasnej! ➡️ @unihokejfinalfour 📍Zimní stadion Eden,https://www.instagram.com/p/DW9DxBKCLfC/,,15024,344,,3
@united_hk,instagram,b18c071b-0570-48b2-b743-990c668c3c5b,54be7439-b54c-414b-8e5b-9e15eda5090f,IG Post,IMAGE,11.4.2026 18:49:00,"Po dvou sezonách se s UNIted HK loučí i naše fyzioterapeutka Tereza Macholdová.

Terka se během svého působení stala důležitou součástí realizačního týmu a její odborný dohled několikrát pomohl nejen hráčům, ale občas i vedení. No jo… už nejsme nejmladší. 🙂

UNIted HK reprezentovala i na Viking Cupu v Kanadě jako součást výběru Univerzitní ligy ledního hokeje.

Teď ji čekají nové životní výzvy spojené s dokončením studia na Lékařské fakultě UK a návratem do rodného města.

Terko, děkujeme za vše, co jsi pro UNIted HK udělala, a přejeme ti hodně štěstí do další životní kapitoly.

🖤🧡

#unitedhk #unihokej #hokej",https://www.instagram.com/p/DXAILUeiDBV/,,11535,193,4,25
@vutcavaliersbrno,instagram,b384bebf-72f3-4f9d-8b2d-3677709f6966,771ec6f1-b011-4352-b435-e5361fe95472,IG Post,IMAGE,4.3.2026 10:31:20,"GAMEDAY 🔥
V boji o důležité tři body dnes vyzveme @boostrava 👈 
Přijď nás podpořit 🏒
🚌 Doprava zajištěna",https://www.instagram.com/p/DVdY6HSiM9u/,,1106,17,,
vsefalcons,instagram,709fceba-e311-48e7-9057-f54a587abf4a,77a1690f-ba0d-4cf7-b0b0-e5a31d0bc59b,IG Story,IMAGE,20.1.2026 14:04:50,,https://www.instagram.com/stories/vsefalcons/3814282210920923140,,1265,,,8
@riderspardubice,instagram,4d6a67ab-9313-4f77-a82e-abb18adbca5d,7c5d6d4d-a807-487c-a259-cc51c57c968d,IG Reel,VIDEO,17.4.2026 14:54:39,Goalie 🥅❤️‍🔥,https://www.instagram.com/reel/DXPKK0JDCGF/,,6576,184,2,48
@akademici_plzen,tiktok,8f78cb3d-9c53-4c33-9f39-e6526fd8fa1c,84a66fd0-3cb5-4775-b170-26bd3e8a3c15,TT Video,VIDEO,30.3.2026 16:06:48,"Pokud máš hlad jako Ženda, dej si Zott a buď dobrej! 😎😋 #zott #zotthungry #hungrydrinkthis",https://www.tiktok.com/@akademici_plzen/video/7623080773108698390?utm_campaign=tt4d_open_api&utm_source=7348986504397455361,,1765,100,,13
@cvutengineers,instagram,11963a07-7f0f-48e6-9d81-aa63a7ff4a04,e3d7e762-afb0-4f34-99f6-c5cd54939f33,IG Post,ALBUM,25.3.2026 19:26:26,"Do svého 1️⃣0️⃣0️⃣ zápasu dnes nastoupil také KUBA DOHNAL 👏🏼

Díky za všechny sezony, které jsi odehrál s naším znakem na hrudi. Zanechal si tu mnohem víc, než jen skvělé výkony na ledě. 

Přejeme ti jen to nejlepší. 🙏🏻
Jednou Engineer, navždy Engineer! 🦁",https://www.instagram.com/p/DWUbCaoDNkN/,,10573,348,2,7
@univerzitnihokej,facebook,01b45180-0b14-4a14-96e8-d0a4bab1fb9f,e85e3cce-f887-4735-8ade-78245a4370cd,FB Video,VIDEO,18.3.2026 17:36:11,"K hokeji to pivo prostě patří. 😎
A na unihokeji? Jedině @pivoproud 🍻",https://www.facebook.com/reel/1762766331349489/,456,75,,,
@218107044725785,facebook,7a942e3e-6c47-4794-9ba7-bbc7b6d40cb3,fe548f08-f6fb-4fb7-a08b-606e477cf85b,FB Video,VIDEO,17.4.2026 14:56:54,"all eyes on @cech.ondrejj & @drabek_adam 🤩

#vsefalcons #finalfour",https://www.facebook.com/reel/1117489860564163/,1050,344,14,,
@united_hk,instagram,b18c071b-0570-48b2-b743-990c668c3c5b,bc2849d4-66b7-4424-815b-2daecf69632c,IG Story,VIDEO,22.4.2026 17:56:30,Sobota už se blíží!,https://www.instagram.com/stories/united_hk/3881078043418590309,,374,,,
@riderspardubice,instagram,4d6a67ab-9313-4f77-a82e-abb18adbca5d,775bfdfa-3346-4eb6-8f03-7ff44dc6a711,IG Post,IMAGE,4.3.2026 21:00:54,Důležitý zápas VYHRÁN! Další 3 body jsou v Pardubicích!💪🏼🥳,https://www.instagram.com/p/DVeg6pPDAQU/,,5872,94,,13
@hcnorthwings,facebook,2b08a479-603b-46e4-8a48-2bc0435ccd53,f0013a63-b978-40fa-9c2e-e8b458d1fe98,FB Story,VIDEO,18.3.2026 17:57:04,,,,,,,
vsefalcons,instagram,709fceba-e311-48e7-9057-f54a587abf4a,fd5f24be-3603-4df4-b2b2-71b3958f3047,IG Story,IMAGE,10.2.2026 22:25:48,,https://www.instagram.com/stories/vsefalcons/3829754620528835598,612,812,,,1
@univerzitnihokej,facebook,01b45180-0b14-4a14-96e8-d0a4bab1fb9f,04c3caac-5f7e-4117-b503-dd8ebdaf93ee,FB Post,IMAGE,3.3.2026 21:52:38,Falcons se dnes vyspali lépe než včera a posílají Akademiky zpátky do Plzně bez bodů 🚌,https://www.facebook.com/1275398168115026/posts/1253206820334161,718,,4,,
@univerzitnihokej,instagram,1e114592-3529-4cfe-9977-2598454053af,be1c6d54-dbd5-4234-ac12-44f5a31be403,IG Story,VIDEO,15.4.2026 7:56:19,,https://www.instagram.com/stories/univerzitnihokej/3875702644752826411,,1420,,,43
vsefalcons,instagram,709fceba-e311-48e7-9057-f54a587abf4a,cfd136aa-d061-40b5-817d-6bb06a839def,IG Post,IMAGE,8.4.2026 18:45:14,"Sen, který jsme měli od začátku sezóny. A teď ho žijem, tady s váma ❤️

Falcons, vidíme se za týden v Edenu! @unihokejfinalfour 🥹",https://www.instagram.com/p/DW4Zc22iO1A/,,19081,416,10,64
@cvutengineers,instagram,11963a07-7f0f-48e6-9d81-aa63a7ff4a04,f192ba36-e88d-4396-beef-08c87a30502a,IG Post,PHOTO,25.3.2026 7:41:04,"GAMEDAY | Poslední zápas základní části je tady! 🔥

Dnešní večer bude speciální ✨. Na ledě se naposledy v rámci základní části představí několik hráčů, kteří se po sezoně rozloučí s Engineers 🥺. Přijď jim vyjádřit respekt 🫶🏻 a podpořit nás. 

⏰ 20:00
📍 Zimní stadion Hvězda 
🎟️ Odkaz v biu",https://www.instagram.com/p/DWTJVQtjIwf/,,4978,113,,14
@VUTCavaliersBrno,facebook,3351b43e-4b71-442b-b2f1-920cd6e57ee5,17390d28-c922-4b51-9eb3-f742bab5345a,FB Video,VIDEO,4.4.2026 9:10:25,"Právě nám začíná mezisezónní období, na které se můžeme plně vybavit díky našemu partnerovi @sportega.cz 🏸
Pokud i vy sháníte nové sportovní vybavení, doporučujeme navštívit jejich pobočku📍Křenová 26 Brno
Veškerý sortiment si tam můžete vyzkoušet, abyste měli jistotu, že vám zvolená výbava bude plně vyhovovat😌 Za nás prostě 🔝topka🙌",https://www.facebook.com/reel/962230096270154/,385,134,2,,
@VUTCavaliersBrno,facebook,3351b43e-4b71-442b-b2f1-920cd6e57ee5,4919669b-2ccc-4d81-9c12-971cfcf37d79,FB Video,VIDEO,21.3.2026 12:20:53,Fanoušci mají vždycky pravdu!,https://www.facebook.com/reel/1632695977923963/,1368,725,3,,
vsefalcons,instagram,709fceba-e311-48e7-9057-f54a587abf4a,5eb69b9e-73e8-4bde-94fc-fcad3ac02273,IG Story,VIDEO,17.2.2026 22:45:33,@michal.danniel 🎤,https://www.instagram.com/stories/vsefalcons/3834838069413464803,1007,1316,,,3
@univerzitnihokej,instagram,1e114592-3529-4cfe-9977-2598454053af,cb5aceec-cd17-438f-aa0f-cb13713a8bbc,IG Post,IMAGE,5.4.2026 15:36:49,"V semifinále play-in se letošní sezóna uzavřela i pro BOčko. Vyrovnaný duel s Riders dospěl až do prodloužení, které rozhodlo o konečném výsledku.

Ostravo, díky za energii a nasazení, které jste letos ukázali 💪🏼",https://www.instagram.com/p/DWwVgNFCJMn/,,5167,150,,6
vsefalcons,instagram,709fceba-e311-48e7-9057-f54a587abf4a,4c19965d-6a9d-49a3-b399-73cd360d387d,IG Reel,VIDEO,9.12.2025 19:41:14,Jdeme do vedení na konci 1️⃣ třetiny! Druhý gól za Falcons si připisuje @_suchos88_ 🔥,https://www.instagram.com/reel/DSDgU6vCHW2/,,8145,177,1,6
vsefalcons,instagram,709fceba-e311-48e7-9057-f54a587abf4a,81ae8f0c-1ca2-400e-869d-0a26a09129d7,IG Story,VIDEO,8.4.2026 16:27:16,,https://www.instagram.com/stories/vsefalcons/3870886386110871559,909,882,,,2
vsefalcons,instagram,709fceba-e311-48e7-9057-f54a587abf4a,26db095c-61c3-419b-aa80-6ff45e66a2fb,IG Story,IMAGE,13.3.2026 16:21:36,,https://www.instagram.com/stories/vsefalcons/3852039360728300298,,823,,,
vsefalcons,instagram,709fceba-e311-48e7-9057-f54a587abf4a,98700605-7bdb-4bbf-8b6c-34913d56f585,IG Post,IMAGE,11.1.2026 17:48:55,"FALCONS PUB KVÍZ IS BAAAACK!

Minule sklidil velký úspěch, a proto jsme se ho rozhodli udělat znovu a mnohem vymazlenější! 🤓

Čeká vás večer plný zábavy, dobrého piva a pořádné dávky vědomostního adrenalinu. 🧠 Vyhrát můžete bombové ceny, kterými nás vybavil Red Bull, Proud nebo Grant Thornton, a vítěz si domu odnese lístky na Bitvu o Prahu ‼️

Do týmu se může přihlásit 4-5 lidí, vstupné je zdarma a bar s top drinky je samozřejmostí. 🥂

26.2. | Quattro Modulare, Italská budova | 19:00

Registrovat se můžete přes link na profilu. Těšíme se na vás! 💙

#vsefalcons #pubkviz",https://www.instagram.com/p/DTYR2S8iM0B/,,15303,96,,123
vsefalcons,instagram,709fceba-e311-48e7-9057-f54a587abf4a,bd711ab0-dd5c-4add-bc4a-03904e73d707,IG Story,IMAGE,30.3.2026 9:28:29,"“zítra nejdu na hokej, o nic nejde”
doslova já:",https://www.instagram.com/stories/vsefalcons/3864152663579480034,691,823,,,7
@univerzitnihokej,instagram,1e114592-3529-4cfe-9977-2598454053af,a39196f1-91d1-4b46-8baf-db3233a56f13,IG Reel,VIDEO,12.3.2026 19:04:24,Kdo dneska vyhraje finále @bitvaoprahu ?👀,https://www.instagram.com/reel/DVy6ArAiBtD/,,30031,500,1,215
vsefalcons,instagram,709fceba-e311-48e7-9057-f54a587abf4a,a80fbb0f-9be1-437d-925f-efe187194e12,IG Story,VIDEO,7.2.2026 21:12:15,PŘÍŠTÍ ZÁPAS UŽ V ÚTERÝ 🎟️ 🦅,https://www.instagram.com/stories/vsefalcons/3827543282444416976,,992,,,
@hcnorthwings,facebook,2b08a479-603b-46e4-8a48-2bc0435ccd53,c6a73e81-44e4-427d-a428-bb04372ee173,FB Video,VIDEO,4.3.2026 20:48:53,🎤 | Pozápasové ohlasy z 23. kola @univerzitnihokej v podání @hcnorthwings (Oldřich #Vojíř) #univerzitnihokej,https://www.facebook.com/reel/942427535409296/,755,301,2,,
@akademiciplzen,instagram,65494228-95bf-4f7b-8e68-d47d7262db66,7cc9db3e-8be2-4ba8-a473-f0edb56ba1bf,IG Story,VIDEO,7.4.2026 11:41:37,BRUSLENÍ S AKADEMIKY SE BLÍŽÍ! ⛸️ @akademicifans,https://www.instagram.com/stories/akademiciplzen/3870017832549643955,,1127,,,5
vsefalcons,instagram,709fceba-e311-48e7-9057-f54a587abf4a,062858fe-1e53-4779-bf34-bd85faa19dfb,IG Reel,VIDEO,9.12.2025 21:50:18,Nejprve vyrovnal 2️⃣1️⃣ vteřin do konce… pak rozhodl. @michal.danniel 🔥,https://www.instagram.com/reel/DSDuxieiAyW/,,10507,317,2,7
@riderspardubice,facebook,f99ed6c3-17cc-46f4-a32e-d9b0576ce2df,df7ef1f4-cfa4-4840-ab3a-4e0fbe322a52,FB Video,VIDEO,3.4.2026 16:00:24,"Čistá hlava, čistá hra 🔥🥵
@garnier_czsk",https://www.facebook.com/reel/1903017330349491/,684,215,4,,
vsefalcons,instagram,709fceba-e311-48e7-9057-f54a587abf4a,eafe844c-4821-4b29-a305-c77838779afb,IG Story,VIDEO,13.2.2026 7:26:08,🖐🏼,https://www.instagram.com/stories/vsefalcons/3831476128489953096,555,692,,,2
@riderspardubice,instagram,4d6a67ab-9313-4f77-a82e-abb18adbca5d,62d2f4b1-d2ef-4da1-b975-09b61665271b,IG Story,VIDEO,17.4.2026 16:39:19,🤏,https://www.instagram.com/stories/riderspardubice/3877415332789150266,,881,,,
@united_hk,instagram,b18c071b-0570-48b2-b743-990c668c3c5b,bc884781-f499-47a8-90aa-14feb8a1f47a,IG Post,PHOTO,31.3.2026 7:51:49,"🔥 Dnes začíná bitva o Final Four.

PLAY-IN.

Jeden zápas, který rozhodne všechno.

Vyhraješ a zůstáváš ve hře.
Prohraješ a sezóna končí.

Dnes jdeme ALL IN.

Drž nám palce.🖤🧡

#unitedhk #unihokej #uhk #hradeckralove",https://www.instagram.com/p/DWioLE7CPCb/,,7331,99,,11
@hc_muni,instagram,43cd62c8-609d-4ea6-8ce9-cae5242ede0c,3f75e464-787b-4ea7-891e-91f57f62ffd4,IG Post,PHOTO,25.3.2026 21:34:10,"Konec dobrý, všechno dobré 🐻💙 Rozloučení se sezonou jak má být 

#hcmuni",https://www.instagram.com/p/DWUpEv-Dqln/,,5400,262,2,36
@hcmuni,facebook,d1f9e9f9-7526-42d4-85aa-13f91e89f7cf,c45c08bd-fcdc-40c9-82d7-bf6910476b15,FB Post,PHOTO,25.3.2026 12:27:27,"🔥 GAME DAY IS HERE🔥
Poslední brněnské derby téhle sezóny je tady, tak si ho pojďme společně pořádně užít a udělat randál! 🐻🥁

Lístky koupíte👇🏻

https://hcmuni.enigoo.cz/app/tickets/events/136

#hcmuni",https://www.facebook.com/1581741777288398/posts/1575676091228300,267,,4,,
vsefalcons,instagram,709fceba-e311-48e7-9057-f54a587abf4a,e9b859c2-eb66-4f35-8dce-36e886c19236,IG Story,VIDEO,12.3.2026 18:22:33,,https://www.instagram.com/stories/vsefalcons/3851375522974551225,1329,1008,,,
@hc_muni,instagram,43cd62c8-609d-4ea6-8ce9-cae5242ede0c,682aab9f-32fa-4b20-b018-e910071afc27,IG Story,VIDEO,10.4.2026 15:38:28,,https://www.instagram.com/stories/hc_muni/3872311373153972214,,837,,,3
@united_hk,instagram,b18c071b-0570-48b2-b743-990c668c3c5b,76c9d0cc-ba92-483b-95ac-fa047d839e81,IG Post,IMAGE,23.4.2026 8:05:42,"Děkujeme MarketingPPC za podporu v sezoně 2025/26.

Digitální agentura, která pomáhá firmám růst díky chytrým online kampaním a práci s daty.

Díky, že stojíte za UNIted HK. 🖤🧡",https://www.instagram.com/p/DXd4LadiOLI/,,826,8,,1
@univerzitnihokej,instagram,1e114592-3529-4cfe-9977-2598454053af,c70cf485-a1b3-4073-a93e-a6a3fc339bce,IG Story,VIDEO,31.3.2026 12:38:30,,https://www.instagram.com/stories/univerzitnihokej/3864973034989814711,,10702,,,1
@univerzitnihokej,facebook,01b45180-0b14-4a14-96e8-d0a4bab1fb9f,ea76c99b-3306-4c5a-a17f-4c957967d497,FB Post,PHOTO,31.3.2026 6:18:08,Cesta do @unihokejfinalfour startuje dnes! 🔥 Kdo se probojuje do Edenu a získá Pohár Jana Palacha? 🏆,https://www.facebook.com/1275398168115026/posts/1274640951524081,730,,9,,
vsefalcons,instagram,709fceba-e311-48e7-9057-f54a587abf4a,2d19371b-a079-4d77-bb6d-34793ffc456f,IG Reel,VIDEO,24.2.2026 9:31:41,"Survivor mode: ON 🥊

Druhý díl @survivorcs_official již dnes na Kateřinkách od 19:45! 🏝️",https://www.instagram.com/reel/DVIrWaziD9R/,,3797,49,,3
@riderspardubice,instagram,4d6a67ab-9313-4f77-a82e-abb18adbca5d,32ad6c6e-f9c7-4d59-b31f-976856047381,IG Story,VIDEO,2.4.2026 8:47:27,@foxconn_czech 👋,https://www.instagram.com/stories/riderspardubice/3866306292797454042,,611,,,
@riderspardubice,instagram,4d6a67ab-9313-4f77-a82e-abb18adbca5d,2e325bea-eb59-4a39-9e14-f4117bede240,IG Story,VIDEO,13.4.2026 10:13:26,,https://www.instagram.com/stories/riderspardubice/3874322102090530306,,651,,,
@engineersprague,facebook,afd06d1d-7b1c-4f66-8d93-ce4255ab773c,69c20ac4-cd68-4c81-b2eb-350e3bbbc292,FB Story,VIDEO,2.3.2026 20:12:46,,,,,,,
@hcnorthwings,facebook,2b08a479-603b-46e4-8a48-2bc0435ccd53,a6966b33-6226-4d01-a18f-a1675066441b,FB Video,VIDEO,12.3.2026 4:58:54,🎤 | Pozápasové ohlasy z 24.kola @univerzitnihokej v podání @akademiciplzen (Kamil #Hajšman) #univerzitnihokej,https://www.facebook.com/reel/983824994148395/,481,133,3,,
@AkademiciPlzen,facebook,d87b94e3-03e8-45d0-b92e-75e9b819545c,fd34b6bb-17ad-40e3-bccb-62bdbad2e149,FB Post,IMAGE,4.3.2026 17:56:20,"Rozbruslení za námi, POJĎME! 💙

#akademiciplzen #jarnibitva",https://www.facebook.com/1357105236437494/posts/1334713738676644,554,,7,,
@riderspardubice,facebook,f99ed6c3-17cc-46f4-a32e-d9b0576ce2df,bbc46856-4f8d-421a-82d8-7554f98a2225,FB Post,IMAGE,12.3.2026 15:39:22,"Poslední zápas v dresu Riders pro @dominikkopecky_99 🔥

Přijď udělat Dominikovi do enteria areny nezapomenutelnou atmosféru a rozloučit se s ním na zápas proti @united_hk! 

🎟️ Vstupenky ve slevě s kódem KOPECKY20 👀",https://www.facebook.com/1592662819534019/posts/1574561141344187,506,,10,,
vsefalcons,instagram,709fceba-e311-48e7-9057-f54a587abf4a,4cf05b5d-ebc3-4daa-a966-3c216e0b049a,IG Story,VIDEO,8.6.2026 13:44:57,MONDAY DRILL 🥵,https://www.instagram.com/stories/vsefalcons/3915015850474142488,,1018,,,11
vsefalcons,instagram,709fceba-e311-48e7-9057-f54a587abf4a,6ea49123-5037-4c51-88e5-8eef0e1b1db3,IG Story,VIDEO,13.2.2026 13:35:58,🤹🏻‍♂️ @hamrbrmbrm13,https://www.instagram.com/stories/vsefalcons/3831662305474037144,904,904,,,4
vsefalcons,instagram,709fceba-e311-48e7-9057-f54a587abf4a,f86708a7-3fa9-4f83-a923-53d47904c8a0,IG Story,VIDEO,9.3.2026 11:01:35,MÁME TU DNES NĚKOHO NA ŽIŽKOVĚ? 🤔,https://www.instagram.com/stories/vsefalcons/3848979201252677441,868,,,,1
univerzitnihokej,tiktok,01c88cf9-594f-408e-a45a-95114221acae,e5160e91-eb87-4539-81e6-fb11cfd366d5,TT Video,VIDEO,10.4.2026 15:26:06,"Pražáci, jste ready? 👀🔥 Dvě Bitvy o Prahu nestačily… tak si dáme ještě jedno opáčko. Ale tentokrát o titul celé ligy! 🏆 Ať fandíš UK, ČVUT nebo VŠE – tvůj tým tě potřebuje. 🗓️ 16.-17. dubna | 📍Zimní stadion Eden 🎟️ finalfour.cz",https://www.tiktok.com/@univerzitnihokej/video/7627152206835404035?utm_campaign=tt4d_open_api&utm_source=7348986504397455361,,1049,76,,1
@hcmuni,facebook,d1f9e9f9-7526-42d4-85aa-13f91e89f7cf,5fb75942-8e31-4554-8112-bd821e01c134,FB Post,IMAGE,4.3.2026 21:24:45,"Pátá sice odbila, ani tak to ale nestačilo ⚔️",https://www.facebook.com/1581741777288398/posts/1557031689759407,403,,2,,
vsefalcons,instagram,709fceba-e311-48e7-9057-f54a587abf4a,768ea0e6-ab98-4225-89c8-dd687928fea4,IG Story,VIDEO,24.3.2026 20:11:30,"NEVZDÁVÁME
SE 💪🏼",https://www.instagram.com/stories/vsefalcons/3860127641319788047,756,559,,,
@riderspardubice,instagram,4d6a67ab-9313-4f77-a82e-abb18adbca5d,e6a3efda-0ebb-4045-91cf-fabf7f5792b8,IG Story,IMAGE,8.4.2026 22:21:57,,https://www.instagram.com/stories/riderspardubice/3871064900730937291,,105,,,
vsefalcons,instagram,709fceba-e311-48e7-9057-f54a587abf4a,428d2565-d69d-4057-89e8-0641587006a8,IG Story,VIDEO,20.4.2026 16:33:30,VOUSY DOLE A HNED TO JSOU ZAS FEŠÁCI 🫦 🤩,https://www.instagram.com/stories/vsefalcons/3879586670987193178,889,916,,1,4
@hcmuni,facebook,d1f9e9f9-7526-42d4-85aa-13f91e89f7cf,bbd654f4-8c92-4026-8112-35ec4f753857,FB Post,PHOTO,23.3.2026 8:09:52,"Hokej na ledě možná skončil, ale na parketu to teprve začíná! 🏒🔥 Nenech si ujít AFTERPARTY v @maisonclublounge 
Doraž a pojďme společně sezónu zakončit v tom největším stylu!💙

💥 A vstup? Jen za „kilečko“ (100kč)! Lístky bereš rovnou na místě, žádnej stres📍

Na suchu taky nezůstaneš!!! 🥂🍹
Velké panáky za 20kč
Speciální drinky za 120kč

#hcmuni",https://www.facebook.com/1581741777288398/posts/1573577611438148,496,,2,,
vsefalcons,instagram,709fceba-e311-48e7-9057-f54a587abf4a,deca305e-0b44-4d93-968d-c849801c6def,IG Post,IMAGE,4.8.2026 14:51:47,Ulovili jsme pár momentek z letních prázdnin 🏖️ Poslední dny odpočinku a v pondělí 10.8. naskakujeme zpátky na led hledat nové Falcons tváře! 🦅,https://www.instagram.com/p/Dbn0iRjCFYp/,,3675,105,1,45
@218107044725785,facebook,7a942e3e-6c47-4794-9ba7-bbc7b6d40cb3,ee46d7d0-8301-4f26-b637-c813e8ddedc1,FB Post,IMAGE,8.4.2026 18:45:30,"Sen, který jsme měli od začátku sezóny. A teď ho žijem, tady a teď, s váma ❤️

Falcons, vidíme se za týden v Edenu! @unihokejfinalfour 🥹",https://www.facebook.com/122282816036218300/posts/122283039152218300,1565,,22,,
@bitvaoprahu,facebook,75e0f41f-82be-4f82-a77b-82ac11135ed2,58ad3b11-1520-43c8-953c-6db445a48169,FB Post,IMAGE,12.3.2026 19:07:56,"Druhý bronz a vedle toho důležité tři body v boji o @unihokejfinalfour ! 🆕🔜

Gratulujeme @vsecz 🤍 a přejeme hodně štěstí v nadcházejícím play off. 🔥 #bitvaoprahu & @deloittecz",https://www.facebook.com/1441262177797849/posts/1420329453224455,173,,1,,
vsefalcons,instagram,709fceba-e311-48e7-9057-f54a587abf4a,79fe8708-7192-40d7-b11f-097aca5a1b03,IG Reel,VIDEO,9.12.2025 7:58:59,It's timeee…dnes nás čeká vánoční zápas proti @ukkingsprague 😮‍💨 Přijďte nás podpořit a užít si vánoční atmosféru na Hvězdu! 🎄⭐️,https://www.instagram.com/reel/DSCP85bCEzR/,,5567,93,,5
@univerzitnihokej,instagram,1e114592-3529-4cfe-9977-2598454053af,70cfec7a-3638-43d7-9799-73f9c35e2c3d,IG Post,IMAGE,12.4.2026 8:24:54,"Šanci na poslední volné místo ve Final Four dnes dostávají Black Dogs a Riders 🙌🏼
Kdo z nich ji využije a doplní tak finálovou čtyřku? 🥵",https://www.instagram.com/p/DXBlo5_iLmO/,,3810,76,,13
vsefalcons,instagram,709fceba-e311-48e7-9057-f54a587abf4a,5f395105-1446-4d26-8765-47808d4c7416,IG Reel,VIDEO,16.2.2026 7:58:23,"Kluci jsou na zítřejší olympijský zápas víc než ready, tak buď i ty 🫵🏼 

Napiš do komentářů “SLEVA” a my ti do DMs pošleme kódík na slevičku na zítřejší zápas 🤪 

Těšíme se na vás 💙",https://www.instagram.com/reel/DUz6jqACHkh/,,6693,68,1,7
@AkademiciPlzen,facebook,d87b94e3-03e8-45d0-b92e-75e9b819545c,a25e60d7-f27c-48c5-a842-e90737aa6d6b,FB Video,VIDEO,24.3.2026 18:37:53,"I náš nejhladovější hráč @_rihastepan_ má před tréninkem spousty energie na rozdávání! ⚡️

#zott #zotthungry #hungrydrinkthis",https://www.facebook.com/reel/1418928949507166/,461,113,2,,
vsefalcons,instagram,709fceba-e311-48e7-9057-f54a587abf4a,d546a648-b5a3-4f41-9aab-cacb822986d7,IG Story,VIDEO,31.3.2026 17:43:47,JDEME DO VEDENÍ! 2 minuty před koncem,https://www.instagram.com/stories/vsefalcons/3865126718658860442,983,850,,1,
vsefalcons,instagram,709fceba-e311-48e7-9057-f54a587abf4a,a4da78ca-9d77-4f36-a4b2-68ff4ec542ca,IG Post,CAROUSEL_ALBUM,8.3.2026 13:52:57,"Holky, tenhle je pro vás 😘

S váma je ten hokej o něco hezčí 🌷 děkujeme, že vás máme!",https://www.instagram.com/p/DVoDXAxiCqY/,,5499,189,4,14
vsefalcons,instagram,709fceba-e311-48e7-9057-f54a587abf4a,f41715ed-415c-4299-a3b1-394fc40bc89f,IG Story,VIDEO,17.4.2026 13:14:15,,https://www.instagram.com/stories/vsefalcons/3877312075785573464,953,1068,,,
vsefalcons,instagram,709fceba-e311-48e7-9057-f54a587abf4a,274d68ef-d025-4d15-9d75-e66acb64cf85,IG Story,VIDEO,22.4.2026 13:12:27,FINAL FOUR jdeme opět do ⚽️,https://www.instagram.com/stories/vsefalcons/3880934909162350363,1129,1141,,,41
@univerzitnihokej,instagram,1e114592-3529-4cfe-9977-2598454053af,0983c683-556c-4511-8dfc-21b1c8d83ba6,IG Story,VIDEO,12.4.2026 11:51:13,,https://www.instagram.com/stories/univerzitnihokej/3873646544889054856,,1330,,,
vsefalcons,instagram,709fceba-e311-48e7-9057-f54a587abf4a,2d0961f8-0eed-4f62-a517-c00c73c5148c,IG Story,VIDEO,12.2.2026 13:15:36,OSMIFINÁLE ✅ 🤝🏼 @czufarmers,https://www.instagram.com/stories/vsefalcons/3830927284811389134,708,708,,,2
@univerzitnihokej,facebook,01b45180-0b14-4a14-96e8-d0a4bab1fb9f,8da04b00-1406-4ab5-86b0-40cb3ab5b6f2,FB Post,IMAGE,8.4.2026 21:46:26,"Co zápas, to kino! 🍿 Známe tři účastníky historicky prvního Final Four 🥵

Falcons ovládli výlet v Budějcích, Kings si vyzkoušeli Eden nanečisto a Engineers urvali výhru po dramatických samostatných nájezdech 🔥",https://www.facebook.com/1275398168115026/posts/1281496504171859,794,,7,,
@riderspardubice,instagram,4d6a67ab-9313-4f77-a82e-abb18adbca5d,d32bcfc7-c068-4a6f-9788-a4cb1d8241e7,IG Story,VIDEO,8.4.2026 19:03:01,"KOMERČNÍ 
PŘESTÁVKA 👀 @garnier_czsk",https://www.instagram.com/stories/riderspardubice/3870964847807153276,,559,,,1
@boostrava,instagram,1176ddaf-d366-48a2-9639-3c6694c72c85,6f168423-c70e-4c62-915c-52aed185e8ba,IG Post,IMAGE,4.3.2026 5:22:33,"🔥GAME DAY🔥 Jedeme do BRNA
@vutcavaliersbrno x @boostrava 
Kdo si odnese 3 body?",https://www.instagram.com/p/DVc1ev9jP2j/,,1881,25,,2
@univerzitnihokej,instagram,1e114592-3529-4cfe-9977-2598454053af,6dbe13bf-ad4b-4a53-bc01-001cc1f5d979,IG Story,VIDEO,8.4.2026 17:48:53,UTKÁNÍ ODSTARTOVALO UŽ I NA,https://www.instagram.com/stories/univerzitnihokej/3870927480886423230,,841,,,1
@218107044725785,facebook,7a942e3e-6c47-4794-9ba7-bbc7b6d40cb3,4916c3e5-6887-4e0b-b129-07ef2783eed9,FB Post,IMAGE,13.3.2026 18:21:10,"Včera to byl samej úsměv 🫶🏼 největší poděkování patří vám, že jste v tom s námi a ženete nás dopředu 🩵 

Teď už zapínáme pásy a letíme dááál 🦅",https://www.facebook.com/122282816036218300/posts/122278687778218300,570,,20,,
vsefalcons,instagram,709fceba-e311-48e7-9057-f54a587abf4a,84af9be2-0f49-4d86-b007-5e17d6dd086d,IG Story,VIDEO,12.2.2026 19:56:28,TĚŠÍME SE NA TEBE! 💙,https://www.instagram.com/stories/vsefalcons/3831129012949237539,574,746,,1,2
vsefalcons,instagram,709fceba-e311-48e7-9057-f54a587abf4a,705a5d2e-a543-457c-bcdd-543cc44a4712,IG Story,VIDEO,8.4.2026 18:40:19,4:0,https://www.instagram.com/stories/vsefalcons/3870953415685755219,959,790,,,3
@riderspardubice,instagram,4d6a67ab-9313-4f77-a82e-abb18adbca5d,feec72b1-03c4-480c-8ae3-b7ca7879052b,IG Story,VIDEO,17.4.2026 13:16:25,PŘED ZÁPASEM SE ODEHRÁL MANAŽERSKÝ HOKEJ 🔥 🏒,https://www.instagram.com/stories/riderspardubice/3877313173284213240,,1133,,,
@univerzitnihokej,facebook,01b45180-0b14-4a14-96e8-d0a4bab1fb9f,84f962d5-9561-45e8-afcb-d516a66b2984,FB Post,IMAGE,12.3.2026 21:07:06,Tak který tým si odnesl víc peněz? 💰,https://www.facebook.com/1275398168115026/posts/1259782893009887,449,,,,
@akademiciplzen,instagram,65494228-95bf-4f7b-8e68-d47d7262db66,11a6b6eb-eda2-4a4d-8917-b01865e331c2,IG Reel,VIDEO,1.4.2026 11:55:58,"🐣 SOUTĚŽ O DRESY 🏒

Najdi dnes na stadionu schované vajíčko, dones ho moderátorovi a nový dres je tvůj! 👀

V tomhle fitu budeš na všech zápasech za hvězdu. ⭐️
A pozor… tohle není jediná dnešní nadílka 🤫
Doraz na zápas a zjistíš víc.

#akademiciplzen 💙",https://www.instagram.com/reel/DWloHNUDKSm/,,12312,256,2,65
@cvutengineers,instagram,11963a07-7f0f-48e6-9d81-aa63a7ff4a04,18e6316a-2694-458a-a018-99e47ad0b56f,IG Story,VIDEO,12.4.2026 14:04:05,"Ve Final Four se potkáme 
s @vsefalcons 🤩",https://www.instagram.com/stories/cvutengineers/3873713443694209126,,894,,,7
@univerzitnihokej,instagram,1e114592-3529-4cfe-9977-2598454053af,649f0547-3d64-4f4f-a906-c89892c88bd5,IG Story,VIDEO,8.4.2026 8:52:58,NĚCO DNESKA SPUSTÍME 🤫 @unilifecz,https://www.instagram.com/stories/univerzitnihokej/3870657724476341103,,1600,,,1
@univerzitnihokej,instagram,1e114592-3529-4cfe-9977-2598454053af,1ab5d12f-2c0e-4948-b3b8-085090ba1695,IG Reel,VIDEO,9.4.2026 17:22:19,@ukkingsprague si daji 16.4. opáčko v Edenu na @unihokejfinalfour 🎟️ Tentokrat už budou bojovat o titul a pohár Jana Palacha! 🏆 Vstupenky na finalfour.cz,https://www.instagram.com/reel/DW60AUuCBbG/,,10045,178,1,16
@akademiciplzen,instagram,65494228-95bf-4f7b-8e68-d47d7262db66,5857362a-395b-4150-ad7d-13a199e3a7ea,IG Story,VIDEO,6.4.2026 21:19:25,☀️ 🤝🏻 AKADEMICI SUMMER CITY FEST MY BUDEME U TOHO! a ty?,https://www.instagram.com/stories/akademiciplzen/3869583871302185763,,361,,,
@riderspardubice,instagram,4d6a67ab-9313-4f77-a82e-abb18adbca5d,987e4f2f-cca1-4694-890c-0da6aa54b44a,IG Story,VIDEO,2.4.2026 7:57:21,"ROZHÝBEJME UNIVERZITU 
V PLNÉM PROUDU!",https://www.instagram.com/stories/riderspardubice/3866281110959607889,,649,,,
@cvutengineers,instagram,11963a07-7f0f-48e6-9d81-aa63a7ff4a04,b45b2a37-b1fd-44b0-b93b-4c93925b233f,IG Story,VIDEO,3.4.2026 6:31:32,NÁS DĚLÍ OD FINAL FOUR JEDEN JEDINEJ ZÁPAS…,https://www.instagram.com/stories/cvutengineers/3866962660663527435,,1012,,,5
@cvutengineers,instagram,11963a07-7f0f-48e6-9d81-aa63a7ff4a04,39dc87ee-175f-414a-8195-725973dfb34f,IG Story,VIDEO,15.4.2026 17:11:44,📍 ENGINEERS HLÁSÍ PŘÍJEZD 🦁,https://www.instagram.com/stories/cvutengineers/3875982217797450174,,1205,,,5
@united_hk,instagram,b18c071b-0570-48b2-b743-990c668c3c5b,a74c4b69-e5fd-4625-80cb-54794294ae21,IG Story,VIDEO,13.4.2026 17:51:52,,https://www.instagram.com/stories/united_hk/3874552665648695075,,433,,,
@akademiciplzen,instagram,65494228-95bf-4f7b-8e68-d47d7262db66,e4d278c6-1e02-418b-97a9-87033630efc4,IG Story,VIDEO,1.4.2026 18:49:29,POŠLI ALBIMU ČTYŘLÍSTEK PRO ŠTĚSTÍ!,https://www.instagram.com/stories/akademiciplzen/3865884572642993566,,1135,,,
@hcnorthwings,facebook,2b08a479-603b-46e4-8a48-2bc0435ccd53,459798c8-2d13-4aa4-a239-0e76985116e6,FB Story,VIDEO,4.3.2026 11:04:07,,,,,,,
@AkademiciPlzen,facebook,d87b94e3-03e8-45d0-b92e-75e9b819545c,cb3e00d8-a472-44c4-8d0d-4d746e4243a2,FB Post,IMAGE,26.3.2026 19:33:26,"Všechno nebo nic. 

#akademiciplzen",https://www.facebook.com/1357105236437494/posts/1352720673542617,317,,1,,
@riderspardubice,instagram,4d6a67ab-9313-4f77-a82e-abb18adbca5d,69fb7e24-95ac-444b-af51-7da981b1a78b,IG Story,VIDEO,31.3.2026 20:37:22,NYNÍ NÁS NA NAŠÍ CESTĚ DO FINAL FOUR ČEKÁ ZÁPAS VE FINÁLE PLAY-IN!,https://www.instagram.com/stories/riderspardubice/3865214057741840236,,617,,,
@riderspardubice,instagram,4d6a67ab-9313-4f77-a82e-abb18adbca5d,bb324ab6-6b6d-4d64-9eeb-210d8760f95e,IG Story,VIDEO,8.4.2026 19:27:25,1:1,https://www.instagram.com/stories/riderspardubice/3870977113059325267,,492,,,1
@akademici_plzen,tiktok,8f78cb3d-9c53-4c33-9f39-e6526fd8fa1c,28e9a08c-a018-4a73-85bb-2ea2e598f8c9,TT Video,VIDEO,9.3.2026 18:55:54,"Generální manažer a trenér @Dominik Beer v rozhovoru pro @ČT sport o tom, jak se @Univerzitní hokej 🏒 za poslední roky posunul. 🚀🚀🚀 #akademiciplzen",https://www.tiktok.com/@akademici_plzen/video/7615331568395062550?utm_campaign=tt4d_open_api&utm_source=7348986504397455361,,2454,110,,2
@univerzitnihokej,instagram,1e114592-3529-4cfe-9977-2598454053af,48f5fcf1-054c-484a-a513-119699ae1e3d,IG Story,IMAGE,17.4.2026 20:16:33,,https://www.instagram.com/stories/univerzitnihokej/3877524782114675731,,1269,,,
@univerzitnihokej,facebook,01b45180-0b14-4a14-96e8-d0a4bab1fb9f,dc3cf947-e852-4a7c-96b9-ea5a2d3436df,FB Video,VIDEO,5.3.2026 15:49:32,NEUVĚŘITELNÝ ZÁVĚR ZÁPASU 🫨 @akademiciplzen zvládli vstřelit rovnou dvě branky během jednoho prodloužení 👀,https://www.facebook.com/reel/2513070415806056/,96943,56735,471,,
@riderspardubice,facebook,f99ed6c3-17cc-46f4-a32e-d9b0576ce2df,f96e04de-2bef-467c-86b0-d00411e14408,FB Post,IMAGE,16.4.2026 8:20:06,"GAMEDAY 😎

🏒 SEMIFINÁLE
🆚 @ukkingsprague
📍 Zimní stadion Eden, Praha
🕓 16. dubna | 16:30

🎟️ Vstupenky koupíš přes odkaz v BIU!",https://www.facebook.com/1592662819534019/posts/1606075618192739,191,,2,,
@riderspardubice,instagram,4d6a67ab-9313-4f77-a82e-abb18adbca5d,ba0b5211-6254-4387-9b25-5b5711bd557f,IG Story,VIDEO,12.4.2026 11:17:44,NÁŠ KOTLÍK NEZKLAMAL!,https://www.instagram.com/stories/riderspardubice/3873630573558559377,,1485,,,3
@218107044725785,facebook,7a942e3e-6c47-4794-9ba7-bbc7b6d40cb3,1944a132-93d8-4d9d-8250-505757b940d3,FB Post,IMAGE,12.3.2026 10:38:53,"Jste připravení? 🫨 Kdybyste náhodou nevěděli, co před @bitvaoprahu stihnout, tak jsme vám to sepsali 👆🏻
Teď je to na vás. Tribuna musí být slyšet až na led. 🤍",https://www.facebook.com/122282816036218300/posts/122278481702218300,280,,8,,
@hc_muni,instagram,43cd62c8-609d-4ea6-8ce9-cae5242ede0c,75e577ca-4245-4381-a610-c56a9f22de25,IG Post,PHOTO,21.3.2026 14:50:57,"🚨 LAST CALL! 🚨 Náš led! Naše pravidla! Poslední zápas sezóny a navíc derby s @vutcavaliersbrno 🔥🥶🐻

19:30 na Lužánkách 📍

Lístky koupíš u nás v biu 🎟️
#hcmuni",https://www.instagram.com/p/DWJnXW_jFPA/,,6077,86,,6
@cvutengineers,instagram,11963a07-7f0f-48e6-9d81-aa63a7ff4a04,cce55898-830b-4792-a0e2-e516aea9fabf,IG Reel,VIDEO,12.3.2026 20:21:34,😮‍💨,https://www.instagram.com/reel/DVzC5CWDN9D/,,8123,327,,4
vsefalcons,instagram,709fceba-e311-48e7-9057-f54a587abf4a,f532af0a-4885-455e-b24a-0288659bf2f9,IG Story,VIDEO,28.1.2026 17:45:58,@hamrbrmbrm13,https://www.instagram.com/stories/vsefalcons/3820191695581509776,,1300,,,5
@univerzitnihokej,facebook,01b45180-0b14-4a14-96e8-d0a4bab1fb9f,189d7a65-909b-47fc-aec0-fe5321b641b1,FB Post,IMAGE,15.3.2026 18:56:40,"Další dva TOP zápasy máme za sebou a dokonce už známe vítěze letošní základní části 💪🏼 play-in a @unihokejfinalfour se pomalu blíží, jste ready? 😎",https://www.facebook.com/1275398168115026/posts/1261975222790654,795,,1,,
@united_hk,instagram,b18c071b-0570-48b2-b743-990c668c3c5b,1c149d1b-6c74-4f60-9eec-6fe7987b42a2,IG Reel,REEL,26.3.2026 16:58:25,"PLAY-IN se blíží. Začíná bitva o Final Four!
1 zápas.
Všechno nebo nic.

Vyhraješ → jedeš dál.
Prohraješ → konec sezóny.

ALL IN.

#unitedhk #unihokej #hokej",https://www.instagram.com/reel/DWWuyxWiHza/,,3243,108,,8
vsefalcons,instagram,709fceba-e311-48e7-9057-f54a587abf4a,1eadbc0a-37e3-430a-872b-4fb02993933c,IG Story,IMAGE,16.4.2026 18:58:20,,https://www.instagram.com/stories/vsefalcons/3876760643575524899,1074,794,,,2
@univerzitnihokej,instagram,1e114592-3529-4cfe-9977-2598454053af,203028c9-1a65-4a99-8cea-24b43ae5436f,IG Post,IMAGE,12.3.2026 12:06:18,Stanou se vládcem Prahy znovu @ukkingsprague nebo tentokrát zvítězí @cvutengineers ? 💪🏼,https://www.instagram.com/p/DVyKQXmiGaq/,,12120,281,4,97
@engineersprague,facebook,afd06d1d-7b1c-4f66-8d93-ce4255ab773c,208c2620-ce03-48c3-a53c-911c5fd859d7,,TEXT,25.3.2026 9:32:44,"Od rozpačitého startu až po stříbrné emoce Bitvy o Prahu. Přečtěte si rekapitulaci o tom, jak se tým semknul, kdo ovládá kanadské bodování ligy a s jakými výzvami budeme vstupovat do nadcházejícího play-in. Konec základní části již dnes od 20:00 na Hvězdě! 🦁",https://www.facebook.com/1560924572517692/posts/1554807436462739,723,,7,,
@univerzitnihokej,instagram,1e114592-3529-4cfe-9977-2598454053af,3a9b1c20-cbb1-4c82-b2fd-d71cb935d5be,IG Post,ALBUM,31.3.2026 20:17:54,Stejný výsledek. Stejný scénář. Oba postupy do finále play-in vybojovali @vsefalcons i @riderspardubice v prodloužení. 🤯,https://www.instagram.com/p/DWj9slpiMmV/,,4743,188,,17
@univerzitnihokej,instagram,1e114592-3529-4cfe-9977-2598454053af,4aa58fa0-e90c-454d-8c8b-782c9979a999,IG Reel,VIDEO,16.3.2026 15:48:22,Když Proud zvedne celou halu 🌊,https://www.instagram.com/reel/DV82vajiFuV/,,5039,190,,5
@cvutengineers,instagram,11963a07-7f0f-48e6-9d81-aa63a7ff4a04,b8852752-e909-4ba9-a291-6e563b61f8e3,IG Post,IMAGE,9.4.2026 16:42:07,"Úspěšnost 97,62 % a k tomu 6 ze 7 nájezdů 😮‍💨 Tohle byla Alťákova show 🧱 

#engprg",https://www.instagram.com/p/DW6wKDYDKPH/,,39711,1134,1,44
vsefalcons,instagram,709fceba-e311-48e7-9057-f54a587abf4a,3051ed00-6881-4dad-a69c-e173f54aa0d9,IG Story,VIDEO,15.4.2026 9:39:09,📌 🏝️,https://www.instagram.com/stories/vsefalcons/3875754415617781831,735,853,,1,1
vsefalcons,instagram,709fceba-e311-48e7-9057-f54a587abf4a,ce76ebbe-95cf-4355-8e5f-dbbe4fd6ef77,IG Story,VIDEO,17.2.2026 19:07:12,,https://www.instagram.com/stories/vsefalcons/3834728091952363467,633,836,,,2
@united_hk,instagram,b18c071b-0570-48b2-b743-990c668c3c5b,21f0ff16-a2b3-4c00-b531-fbc4e5e40b12,IG Story,IMAGE,17.4.2026 8:25:38,,https://www.instagram.com/stories/united_hk/3877166958563067773,,638,,,
@univerzitnihokej,instagram,1e114592-3529-4cfe-9977-2598454053af,390f44ff-7326-4956-acef-d215bf6d6ce5,IG Reel,VIDEO,4.3.2026 19:26:38,"KFC CHICKEN DETECTIVE 🕵🏻‍♂️🔍
Fanouškovské menu na vás čeká v restauracích KFC🍗",https://www.instagram.com/reel/DVeWCDQiDu0/,,11626,244,3,12
@riderspardubice,facebook,f99ed6c3-17cc-46f4-a32e-d9b0576ce2df,47282e5d-58d2-41dd-9e18-e9c87fffc90d,FB Video,VIDEO,9.3.2026 18:29:44,Kluci vědí jak to chodí! 🍻,https://www.facebook.com/reel/1346839960796925/,7071,4218,30,,
univerzitnihokej,tiktok,01c88cf9-594f-408e-a45a-95114221acae,621e3ccd-b7f0-479d-bb0f-9778f8ff978b,TT Video,VIDEO,14.4.2026 5:49:42,Engineers fans kotel volá 🦁 Kdo bude nejvíc slyšet? 📣 🎟️ finalfour.cz,https://www.tiktok.com/@univerzitnihokej/video/7628487971053817110?utm_campaign=tt4d_open_api&utm_source=7348986504397455361,,655,28,,
vsefalcons,instagram,709fceba-e311-48e7-9057-f54a587abf4a,aadd2c42-15f1-47db-b101-bf822a2c9a3b,IG Story,VIDEO,13.3.2026 16:17:13,DÁME SI TEĎ VAŠE POV 😎,https://www.instagram.com/stories/vsefalcons/3852037209327156910,1004,934,,,
@bitvaoprahu,facebook,75e0f41f-82be-4f82-a77b-82ac11135ed2,f1a0434f-ace8-497b-b5c1-4e5761647ee7,FB Video,VIDEO,12.3.2026 16:19:32,"ZAČÍNÁME! 🔥

Hala se nám začíná plnit! 🥁 Malé pražské univerzitní derby sleduj živě na @sport_ct ➕. 📺

#bitvaoprahu | @czufarmers ⚔️ @vsefalcons",https://www.facebook.com/reel/1470697467995613/,3523,1193,6,,
@riderspardubice,instagram,4d6a67ab-9313-4f77-a82e-abb18adbca5d,9c046086-b4d2-4ff6-8656-d269aad913d9,IG Story,VIDEO,17.4.2026 14:56:20,,https://www.instagram.com/stories/riderspardubice/3877363465086330680,,918,,,
vsefalcons,instagram,709fceba-e311-48e7-9057-f54a587abf4a,8659ad2c-046c-4fcd-a503-d5ff1962711c,IG Story,VIDEO,12.3.2026 13:06:26,PRO JAKOU SI DNES PŘIJDEŠ?,https://www.instagram.com/stories/vsefalcons/3851216358944029556,1652,1855,,,9
univerzitnihokej,tiktok,01c88cf9-594f-408e-a45a-95114221acae,8b07d8c0-88bf-4a22-a773-8fa4b78bdad9,TT Video,VIDEO,16.4.2026 18:05:59,Shrek is... elitní centr první lajny?,https://www.tiktok.com/@univerzitnihokej/video/7629419942508514582?utm_campaign=tt4d_open_api&utm_source=7348986504397455361,,1107,67,,2
vsefalcons,instagram,709fceba-e311-48e7-9057-f54a587abf4a,a7a9ed41-8b4b-42e3-a94d-7dcbc1138e91,IG Story,VIDEO,23.6.2026 19:20:31,,https://www.instagram.com/stories/vsefalcons/3926056542050764729,,714,,,1
@univerzitnihokej,facebook,01b45180-0b14-4a14-96e8-d0a4bab1fb9f,be38632a-1693-460a-99dc-bf1e7c677db7,FB Video,VIDEO,4.3.2026 21:01:04,"BAUER Gear Up Challenge 🧤
Stopky běží. Kdo se oblékne nejrychleji?",https://www.facebook.com/reel/1478326090392034/,1824,740,2,,
vsefalcons,instagram,709fceba-e311-48e7-9057-f54a587abf4a,4261173e-17dd-4f9b-873f-bbcb15dceef5,IG Story,VIDEO,10.3.2026 22:47:26,🎤 @jan_kubata,https://www.instagram.com/stories/vsefalcons/3850059319828025219,1257,306,,,
@united_hk,instagram,b18c071b-0570-48b2-b743-990c668c3c5b,3e730605-d7ad-4e51-ac24-94b3928a65b1,IG Post,IMAGE,14.4.2026 16:28:22,"VYHRAJ VSTUPENKY NA
@beats.for.love.festival s naším generálním partnerem @csobcz 🎶

Založ si účet skrz odkaz 👉 bit.ly/unihokejcsob
 a prvních 8 z Vás si užije
@beats.for.love.festival zdarma 🔥",https://www.instagram.com/p/DXHmjMSiGRs/,,1594,8,,
@vutcavaliersbrno,instagram,b384bebf-72f3-4f9d-8b2d-3677709f6966,bc31bd09-562b-447d-bbf6-5b780527babf,IG Post,IMAGE,9.3.2026 14:58:32,Díky @b_hockey_czech🏒 nám to sluší na ledě i mimo něj❤️‍🔥,https://www.instagram.com/p/DVqvqPEiLSf/,,6655,107,,4
vsefalcons,instagram,709fceba-e311-48e7-9057-f54a587abf4a,d012a71a-7019-49fd-86a7-479c42ceff7c,IG Story,VIDEO,3.2.2026 19:46:04,1. třetina,https://www.instagram.com/stories/vsefalcons/3824600799896970862,,873,,,
@univerzitnihokej,instagram,1e114592-3529-4cfe-9977-2598454053af,d2b52cd4-7ec0-46f8-87d2-8bd1d9c40b79,IG Post,IMAGE,2.4.2026 15:43:57,"Engineers už znají svého soupeře, na domácí půdě vyzvou Riders 🐴
Ve středu se rozhodne, kdo půjde do @unihokejfinalfour 👀",https://www.instagram.com/p/DWon72uiFuD/,,4262,134,1,2
vsefalcons,instagram,709fceba-e311-48e7-9057-f54a587abf4a,d9a7ff5f-9b80-4470-aa20-b764540c41bd,IG Story,VIDEO,12.3.2026 16:43:25,,https://www.instagram.com/stories/vsefalcons/3851325569183000388,1399,1242,,,
vsefalcons,instagram,709fceba-e311-48e7-9057-f54a587abf4a,eb68f222-ae67-414c-9d62-f178c05c6f0b,IG Story,VIDEO,3.3.2026 19:16:49,"2 den, 2 gól",https://www.instagram.com/stories/vsefalcons/3844879852411343441,654,1003,,,
vsefalcons,instagram,709fceba-e311-48e7-9057-f54a587abf4a,ff009ed7-9516-43e5-b631-4665ef5e8659,IG Reel,VIDEO,6.4.2026 21:53:37,"they should stick to wrapping their sticks 🫣

#vsefalcons #icehockey",https://www.instagram.com/reel/DWzlQLyiDj_/,,,27,,2
@united_hk,tiktok,7e062517-b9da-416d-b73d-a2c5899a2be6,112e893d-854a-453f-8306-891f6c61671c,TT Video,VIDEO,29.3.2026 15:59:23,"Koupíš Garnier… a zapomeneš, že první krok = mít vlasy. 😭🏒 #unitedhk #unihokej #uhk #hradeckralove @Univerzitní hokej 🏒 @garnier_czsk ",https://www.tiktok.com/@united_hk/video/7622707768436264214?utm_campaign=tt4d_open_api&utm_source=7348986504397455361,,2554,111,2,16
@united_hk,instagram,b18c071b-0570-48b2-b743-990c668c3c5b,1deac005-6914-4c7e-b6ff-3a45601b53f9,IG Story,VIDEO,15.4.2026 18:56:38,,https://www.instagram.com/stories/united_hk/3876034994405684780,,388,,,
vsefalcons,instagram,709fceba-e311-48e7-9057-f54a587abf4a,5dc586cb-7de2-431c-a950-bf6489cc66a4,IG Story,VIDEO,10.3.2026 18:07:36,👀,https://www.instagram.com/stories/vsefalcons/3849918398293653099,914,,,1,1
vsefalcons,instagram,709fceba-e311-48e7-9057-f54a587abf4a,8f844c1a-d692-4702-b640-0cdb5543914f,IG Story,VIDEO,26.1.2026 15:31:59,,https://www.instagram.com/stories/vsefalcons/3818674708720136527,,1095,,,5
vsefalcons,instagram,709fceba-e311-48e7-9057-f54a587abf4a,cf6e1b52-4908-4067-9b9b-0fc4ee07b454,IG Story,VIDEO,16.3.2026 11:49:23,,https://www.instagram.com/stories/vsefalcons/3854076685108923815,816,1010,,1,42
vsefalcons,instagram,709fceba-e311-48e7-9057-f54a587abf4a,1068aaaa-54fe-4112-a74e-6dfcb0d31ec0,IG Story,VIDEO,9.2.2026 19:46:41,,https://www.instagram.com/stories/vsefalcons/3828949780861080987,,1332,,,13
vsefalcons,instagram,709fceba-e311-48e7-9057-f54a587abf4a,40c7f6b4-6437-4adb-984d-09377c76a7a3,IG Story,VIDEO,22.7.2026 15:20:52,HELE TEN BRO JE OD NÁS 😏 @cech.ondrejj 🎮,https://www.instagram.com/stories/vsefalcons/3946954408974290678,,1501,,,5
@hc_muni,instagram,43cd62c8-609d-4ea6-8ce9-cae5242ede0c,612d0d73-10dc-4dcb-8d17-a280c037ca86,IG Post,IMAGE,12.3.2026 12:43:04,"Bojovali jsme až do konce, ale nájezdy jsou loterie 
Hlavy nahoře – jdeme dál! 🔥💪🏻

Vidíme se v sobotu na Lužánkách!!! 💙

#hcmuni",https://www.instagram.com/p/DVyOJJDjF4l/,,3476,85,,4
@akademiciplzen,instagram,65494228-95bf-4f7b-8e68-d47d7262db66,13bf01ec-b680-4864-b9e6-7937897de267,IG Story,VIDEO,1.4.2026 17:17:27,@lukas.folda072,https://www.instagram.com/stories/akademiciplzen/3865838221490180362,,1337,,,
@riderspardubice,instagram,4d6a67ab-9313-4f77-a82e-abb18adbca5d,70be2c50-46d3-437c-bc15-5944e15eae3f,IG Post,IMAGE,11.3.2026 10:29:56,"Emoce vyhraného zápasu 🔥🤩

A 23. března nás čeká Last Dance! Poslední domácí zápas sezony a zároveň poslední zápas v dresu Riders pro @dominikkopecky_99 a @daniel.skryp!

📸 @radimjoska7",https://www.instagram.com/p/DVvagrnjJQ2/,,6772,165,2,11
@united_hk,instagram,b18c071b-0570-48b2-b743-990c668c3c5b,c8e519af-1e73-479a-ae6c-952798c3c263,IG Story,IMAGE,18.4.2026 9:15:34,,https://www.instagram.com/stories/united_hk/3877916865842400864,,597,,,
vsefalcons,instagram,709fceba-e311-48e7-9057-f54a587abf4a,09c236b9-7f8d-42d2-a029-46849397a960,IG Reel,VIDEO,6.12.2025 8:53:53,"A jak se vy vyrovnáváte s mediálním tlakem? 🧐 Dejte Hroudičovi nějaké tipy. ⬇️

#vsefalcons",https://www.instagram.com/reel/DR6n3CpiCzh/,,5094,108,4,15
@riderspardubice,instagram,4d6a67ab-9313-4f77-a82e-abb18adbca5d,3ccc17ff-3f20-4aac-9886-034b7886567b,IG Story,VIDEO,17.4.2026 16:46:38,1:3,https://www.instagram.com/stories/riderspardubice/3877418995825826900,,870,,,
@univerzitnihokej,instagram,1e114592-3529-4cfe-9977-2598454053af,9a6804c7-6785-40b3-b9be-ea3cb937cc54,IG Reel,VIDEO,22.4.2026 7:13:15,Matěj Sýkora si prošel univerzitním hokejem v @akademiciplzen 👀 Den před Final Four pískal extraligové utkání. Co říkal na atmosféru @unihokejfinalfour? 🙌🏻,https://www.instagram.com/reel/DXbMdDViFjT/,,19252,636,3,75
@univerzitnihokej,instagram,1e114592-3529-4cfe-9977-2598454053af,b51977b1-ddd9-450a-bc55-ab3485aafa88,IG Story,VIDEO,17.4.2026 20:16:24,,https://www.instagram.com/stories/univerzitnihokej/3877524689526470759,,1348,,,
@218107044725785,facebook,7a942e3e-6c47-4794-9ba7-bbc7b6d40cb3,b611e8fd-0449-42ec-a241-7a12976185c0,,TEXT,28.5.2026 12:26:44,"Za každým zápasem VŠE Falcons stojí hodiny práce v zákulisí. Abychom netrávili zbytečný čas nad administrativou a doklady, sjednocujeme procesy s celou ligou a přecházíme na cloudové účetnictví Evala.
Pro náš klub to znamená jedno prostředí pro sběr dokladů i komunikaci. Žádné zdlouhavé dohledávání, ale rychlost a efektivita.
Získaný čas obratem investujeme do rozvoje našeho týmu a přípravy další sezóny. Partnerství, které posouvá univerzitní hokej zase o krok dál! Celý článek čtěte zde:

https://www.evala.cz/blog/jak-univerzitni-hokej-digitalizuje-ucetnictvi-a-zjednodusuje-praci-s-doklady?fbclid=IwY2xjawSFEVRleHRuA2FlbQIxMQBzcnRjBmFwcF9pZBAyMjIwMzkxNzg4MjAwODkyAAEeaqUumDzYk8_jK8P6ueooBnHTICP1hzbo1FYWT34kkF2iU3XsxqKNmUfcrLs_aem_8BBZthXxwiYL5K-8TsnaRA",https://www.facebook.com/122282816036218300/posts/122290582418218300,361,,2,,
vsefalcons,instagram,709fceba-e311-48e7-9057-f54a587abf4a,0a517492-5eed-496f-abe2-2ac3d6bf0f44,IG Story,VIDEO,24.3.2026 18:28:11,Nálada v Ostravě 👌🏻,https://www.instagram.com/stories/vsefalcons/3860075640473039423,861,851,,,10
@riderspardubice,facebook,f99ed6c3-17cc-46f4-a32e-d9b0576ce2df,1cda4020-bef1-46a7-87d5-3a3b6150b46b,FB Post,IMAGE,15.3.2026 16:51:51,"V pondělí 23. března se uvidíme v letošní sezoně naposledy na domácím ledě! 👋🤩

Vstupenky koupíš přes odkaz v BIU!  🎟️",https://www.facebook.com/1592662819534019/posts/1577183921081909,371,,9,,
vsefalcons,instagram,709fceba-e311-48e7-9057-f54a587abf4a,2c8d01c6-e076-4aa2-a32d-428c7f574116,IG Story,VIDEO,10.2.2026 23:21:41,"🎙️ David
Straka",https://www.instagram.com/stories/vsefalcons/3829783796417843112,599,599,,,
vsefalcons,instagram,709fceba-e311-48e7-9057-f54a587abf4a,9df480e6-5f33-433c-943a-b46cc5a086df,IG Story,IMAGE,26.1.2026 19:08:30,"4 4 Theimer
Suchan",https://www.instagram.com/stories/vsefalcons/3818783708388278396,,957,,,
@hcmuni,facebook,d1f9e9f9-7526-42d4-85aa-13f91e89f7cf,af314db5-732c-4226-bfdd-a948a881571a,FB Post,IMAGE,12.3.2026 12:43:09,"Bojovali jsme až do konce, ale nájezdy jsou loterie 
Hlavy nahoře – jdeme dál! 🔥💪🏻

Vidíme se v sobotu na Lužánkách!!! 💙

#hcmuni",https://www.facebook.com/1581741777288398/posts/1563473925781850,407,,5,,
vsefalcons,instagram,709fceba-e311-48e7-9057-f54a587abf4a,f1b7a10f-bbe1-4856-bed6-f8d89d686594,IG Reel,VIDEO,8.4.2026 19:28:15,"FINAL F*CKING FOUR ‼️‼️‼️ 

Vidíme se příští týden v Edenu 👀 Lístky už teď k dostání na profilu 🎟️

#vsefalcons #univerzitnihokej",https://www.instagram.com/reel/DW4eRVZCB_C/,,16632,451,1,24
@BOhokej,facebook,c9082543-a03b-490f-8f97-66d439acce89,b169d528-065b-47cc-89bf-1d8404add3b7,FB Post,IMAGE,4.3.2026 21:20:06,"Naši vítězové! 🦈

#hockey #winners",https://www.facebook.com/1477974067675582/posts/1454480773358245,2602,,29,,
@united_hk,instagram,b18c071b-0570-48b2-b743-990c668c3c5b,e801d1e2-c282-46dc-af1b-e356712d6178,IG Story,VIDEO,25.4.2026 11:55:37,@garnier_czsk  DĚKUJEME 🌞 DĚKUJEME ZA DÁREČKY ZA DÁREČKY 🌞,https://www.instagram.com/stories/united_hk/3883070683244716573,,1072,,,2
@univerzitnihokej,instagram,1e114592-3529-4cfe-9977-2598454053af,edc8363e-147f-4d71-8f77-4883aeab63f4,IG Post,IMAGE,1.4.2026 10:24:05,"Semifinále play-in pokračuje! 👇🏼

Black Dogs 🆚 Cavaliers
Vstupenka do finále je jen jedna. Kdo ji získá?",https://www.instagram.com/p/DWleiNgiIoQ/,,9851,155,,20
vsefalcons,instagram,709fceba-e311-48e7-9057-f54a587abf4a,4465e354-11fe-4650-967d-2a388887db2e,IG Story,VIDEO,17.3.2026 18:46:39,Co to máš na sobě předsedo? 🥶 🫣,https://www.instagram.com/stories/vsefalcons/3855011490134802755,1043,829,,4,8
@riderspardubice,instagram,4d6a67ab-9313-4f77-a82e-abb18adbca5d,aa0f55de-99b9-4c58-8e16-4d31ea4d8fab,IG Post,IMAGE,16.4.2026 17:13:36,"Tohle byl souboj na ostří nože, přestože jsme na konci zápasu tlačili, tak konečné skóre je ve prospěch @ukkingsprague a my se zítra budeme rvát o bronz! 🥉",https://www.instagram.com/p/DXM1JXyjAL1/,,4497,93,,6
@218107044725785,facebook,7a942e3e-6c47-4794-9ba7-bbc7b6d40cb3,ab08a7e9-fde4-4318-bf87-deefd360042d,FB Post,IMAGE,19.4.2026 13:39:05,Bronz nám sluší 😋,https://www.facebook.com/122282816036218300/posts/122284811588218300,839,,16,,
@united_hk,instagram,b18c071b-0570-48b2-b743-990c668c3c5b,bd3aeb9d-d01a-494f-a7c0-13f0b052d708,IG Story,IMAGE,24.4.2026 8:38:08,,https://www.instagram.com/stories/united_hk/3882246693651520244,,426,,,
vsefalcons,instagram,709fceba-e311-48e7-9057-f54a587abf4a,4256a1dc-94e2-4a85-9a91-95f0f5c64b79,IG Story,VIDEO,23.6.2026 19:00:56,GALAVEČER  na půdě @vsecz 🤵,https://www.instagram.com/stories/vsefalcons/3926046714679020616,,1469,,,6
@riderspardubice,instagram,4d6a67ab-9313-4f77-a82e-abb18adbca5d,599855ae-f28e-4e0a-a0d0-b8d303b86336,IG Story,VIDEO,17.4.2026 15:32:53,,https://www.instagram.com/stories/riderspardubice/3877381886058476625,,910,,,
vsefalcons,instagram,709fceba-e311-48e7-9057-f54a587abf4a,5f8a803d-bccc-4834-8471-19d6a277e5b6,IG Story,VIDEO,30.3.2026 9:11:27,🎟️,https://www.instagram.com/stories/vsefalcons/3864144110579929744,755,868,,,2
@univerzitnihokej,facebook,01b45180-0b14-4a14-96e8-d0a4bab1fb9f,7ae3bd0f-9080-4d5b-83a0-1174818221e0,FB Post,IMAGE,15.3.2026 14:12:02,"Už je nás 1️⃣3️⃣ 0️⃣0️⃣0️⃣ a pořád rosteme! 🚀 Díky, že jste u toho s námi! 🙏🏻🤩",https://www.facebook.com/1275398168115026/posts/1261794419475401,724,,6,,
vsefalcons,instagram,709fceba-e311-48e7-9057-f54a587abf4a,eb390fdb-5b9e-4a2a-aabf-2e85f31b5102,IG Story,VIDEO,26.2.2026 12:06:47,"‼️ DŮLEŽITÉ INFO ‼️ 🍺 kdo bude mít na sobě Falcons merch, má jedno pivo na nás 💰doporučujeme mít hotovost PUB KVÍZ ⏰ začínáme v 19:00, ale udělejte si raději časovou rezervu a přijďte dřív 👋🏼",https://www.instagram.com/stories/vsefalcons/3841039470862824940,1109,1630,,,20
vsefalcons,instagram,709fceba-e311-48e7-9057-f54a587abf4a,7933aadf-1758-43ae-833e-fb6bdf736619,IG Story,VIDEO,8.2.2026 17:19:44,,https://www.instagram.com/stories/vsefalcons/3828151025459045934,,900,,,
@boostrava,instagram,1176ddaf-d366-48a2-9639-3c6694c72c85,ff6ec22b-dc75-4ad1-8706-f75f29278708,IG Post,IMAGE,18.3.2026 21:42:40,"Z Prahy si odvážíme bod! 🔥

#hockey #boostrava",https://www.instagram.com/p/DWCokHkjA9m/,,1702,34,,3
univerzitnihokej,tiktok,01c88cf9-594f-408e-a45a-95114221acae,7ff15554-be24-4869-b98e-7ff63c7ecd6d,TT Video,VIDEO,16.4.2026 19:47:03,Srovnání zápasu bylo rychlé. 🚀🚀,https://www.tiktok.com/@univerzitnihokej/video/7629445976557718806?utm_campaign=tt4d_open_api&utm_source=7348986504397455361,,1053,80,,
@united_hk,instagram,b18c071b-0570-48b2-b743-990c668c3c5b,a4542a52-e011-4966-9a35-ff6790a1537c,IG Story,IMAGE,23.4.2026 18:37:26,,https://www.instagram.com/stories/united_hk/3881823540655696465,,323,,,
@bitvaoprahu,instagram,d7c8aa06-74fb-4c6c-a7d2-c2fe1bf6d59c,57506a39-ee2b-4c80-9bb1-2f1f0b95a255,IG Post,IMAGE,12.3.2026 8:00:46,"Drobný korunky nech doma... je rok 2026 všude jedem kartou 💳
a jakou jinou než tou od @csobcz 🩵

S tou máš totiž spoustu výhod - 20% cashback na after, merch, nebo bonus až 1 500,- 🤑",https://www.instagram.com/p/DVxuNuSl25k/,,6370,86,,48
@univerzitnihokej,instagram,1e114592-3529-4cfe-9977-2598454053af,97a28cd5-19b5-4a10-b43b-7ce9227ab26a,IG Reel,VIDEO,12.3.2026 23:08:00,@ukkingsprague jeden pohár prostě nestačí! Naprostí vládci Prahy a zároveň vítězové základní části! 🏆,https://www.instagram.com/reel/DVzVhn1iPGk/,,21951,744,1,32