account_name,social_network_id,carl_account_id,carl_post_id,post_type,media_url_type,published,caption,permalink,impressions,views,likes,comments,shares
vsefalcons,instagram,709fceba-e311-48e7-9057-f54a587abf4a,54854192-32b3-456b-8094-496a640cbfcf,IG Story,IMAGE,8.2.2026 18:38:43,1 3,https://www.instagram.com/stories/vsefalcons/3828190774232136750,,815,,,
@akademiciplzen,instagram,65494228-95bf-4f7b-8e68-d47d7262db66,733df910-52a8-4ad6-abb5-d84d055c9715,IG Story,VIDEO,17.9.2026 19:33:21,@v.holomoj,https://www.instagram.com/stories/akademiciplzen/3988393711561868354,,1073,,,21
@bitvaoprahu,facebook,75e0f41f-82be-4f82-a77b-82ac11135ed2,7a09e0ec-d9bf-4901-926f-973ce239a237,FB Post,IMAGE,12.3.2026 6:05:59,Rise and shine… IT’S BITVA DAY 🥳🤩,https://www.facebook.com/1441262177797849/posts/1419862759937791,162,,,,
@218107044725785,facebook,7a942e3e-6c47-4794-9ba7-bbc7b6d40cb3,7a99b7b2-da4d-4108-a789-65c9c8155cd9,FB Video,VIDEO,18.4.2026 14:48:10,"Tohle se jen tak neokouká 🥹 

🎥 @vojta_kepka 

#vsefalcons #finalfour",https://www.facebook.com/reel/973289335661642/,840,296,19,,
@akademiciplzen,instagram,65494228-95bf-4f7b-8e68-d47d7262db66,c62cecb2-f88f-4acb-85ba-b0afdb316d7e,IG Story,VIDEO,16.9.2026 20:03:29,"ZÍTRA SI TO ALE VYNAHRADÍME, TAK DORAŽ ZAFANDIT!",https://www.instagram.com/stories/akademiciplzen/3987684098013167799,,638,,,3
vsefalcons,instagram,709fceba-e311-48e7-9057-f54a587abf4a,d4d62ea1-9e63-4d25-b395-4956a2cb74cf,IG Story,VIDEO,3.2.2026 19:28:40,OTEVÍRÁ SKÓRE 🎯,https://www.instagram.com/stories/vsefalcons/3824592079720868456,,1342,,,2
@akademiciplzen,instagram,65494228-95bf-4f7b-8e68-d47d7262db66,0a10bef1-10d8-4d45-81f5-4524f6ad6ce0,IG Reel,VIDEO,14.9.2026 12:38:18,"🏒 Ondra Pšenička s námi na tréninku!

Vyzpovídali jsme pro vás hráče, který má za sebou úspěšné působení na Cornell University v NCAA a který se zapojil do několika našich tréninků. 🇺🇸💪🏻

V sobotu pak naskočil do svého prvního utkání za HC Stadion Litoměřice. 🏒

🎙️ Poslechněte si rozhovor, ve kterém mluví o svém působení na Cornellu, univerzitní lize i o tom, jak se mu s námi trénovalo.

Díky za společné tréninky a držíme palce, Ondro! Ať se daří! 🔥

#akademiciplzen",https://www.instagram.com/reel/DdRIsw2i499/,,17707,561,,29
vsefalcons,instagram,709fceba-e311-48e7-9057-f54a587abf4a,67c647d0-4ace-41be-8f61-293e5dc23f3a,IG Story,VIDEO,17.4.2026 12:07:19,VÍTĚZ!!!! vstupenku pošleme do dms,https://www.instagram.com/stories/vsefalcons/3877278363136065417,1000,1213,,1,
@cvutengineers,instagram,11963a07-7f0f-48e6-9d81-aa63a7ff4a04,76bd5e68-6dcd-46eb-941d-439be79d6063,IG Post,IMAGE,8.4.2026 21:07:34,Byly to nervy ALE JSME TAM! 🥳🥳🥳,https://www.instagram.com/p/DW4pljjjNnA/,,3064,121,,6
@hc_muni,instagram,43cd62c8-609d-4ea6-8ce9-cae5242ede0c,79662019-e598-47ef-b2b7-e7a2566357c5,IG Post,PHOTO,27.3.2026 12:18:48,"Sezóna 2025/2026 je za námi!🔥
Obrovský respekt a díky všem, co nás přišli podpořit do hlediště🫶🏻 Byla to neuvěřitelná jízda a bez vás by to nebylo ono!
💙DĚKUJEME💙

#hcmuni",https://www.instagram.com/p/DWYzYASjKud/,,5125,179,,10
@cvutengineers,instagram,11963a07-7f0f-48e6-9d81-aa63a7ff4a04,9f4032ff-570c-43d0-ab1a-7214e821bd53,IG Reel,REEL,25.3.2026 22:01:38,"Sice nemaj funkční ruce a nohy ale to Engineerský srdíčko zůstává 🥹💙🦁 

@tomas_sima @22_luky_22",https://www.instagram.com/reel/DWUsZvhDL8T/,,15931,421,,16
@united_hk,instagram,b18c071b-0570-48b2-b743-990c668c3c5b,de236a8b-7085-44f8-8bc4-5dc4467f4fae,IG Story,IMAGE,23.4.2026 8:05:47,,https://www.instagram.com/stories/united_hk/3881505633023339452,,410,,,
@akademiciplzen,instagram,65494228-95bf-4f7b-8e68-d47d7262db66,e8b9a671-ab97-42ff-bebc-4de33e26f825,IG Story,VIDEO,11.8.2026 21:41:59,DRUHÝ TÝDEN DŘINY DRUHÝ TÝDEN DŘINY odstartován 🔥 @fkralicek_8 @gazicek_,https://www.instagram.com/stories/akademiciplzen/3961641764821674153,,315,,,4
@univerzitnihokej,instagram,1e114592-3529-4cfe-9977-2598454053af,0a163bbc-e871-42cc-8871-9bee3556b79f,IG Post,IMAGE,19.3.2026 19:19:07,Swipuj doleva 👈🏼👀,https://www.instagram.com/p/DWE9blqiCs1/,,26235,534,1,8
@riderspardubice,facebook,f99ed6c3-17cc-46f4-a32e-d9b0576ce2df,24f0ff06-5edc-49cc-8917-e9f34b5594de,FB Post,IMAGE,17.4.2026 7:39:37,Nejlepší hráč zápasu a střelec gólu @spinkov23! 🔥🥅,https://www.facebook.com/1592662819534019/posts/1607059084761059,633,,4,,
@riderspardubice,instagram,4d6a67ab-9313-4f77-a82e-abb18adbca5d,609262bb-06ee-497f-bc63-aea0ff500b81,IG Post,IMAGE,29.8.2026 12:18:35,"Gratulujeme našim dalším úspěšným absolventům k titulu!😍🎓

Inženýrským titulem se pyšní náš bývalý obránce týmu Dominik Kopecký a naše bývalá redaktorka článků Denča Veselá🤩

Do klubu bakalářů se přidává také náš útočník Adam Novotný a Matyáš Sodomka🔥

Všem absolventům ještě jednou gratulujeme a přejeme hodně štěstí v jejich další cestě, ať už na ledě nebo mimo něj!❤️🐎",https://www.instagram.com/p/Dcn64IQCPsa/,,8971,211,,12
@riderspardubice,instagram,4d6a67ab-9313-4f77-a82e-abb18adbca5d,67fddbd6-e0cf-4cf8-9f89-03399dc88fc2,IG Story,VIDEO,8.4.2026 21:06:05,,https://www.instagram.com/stories/riderspardubice/3871026725861992219,,113,,,
@akademiciplzen,instagram,65494228-95bf-4f7b-8e68-d47d7262db66,82871f5d-479b-4e66-979e-0a19d8019e99,IG Post,IMAGE,4.3.2026 21:32:08,"2 TĚŽCE VYBOJOVANÉ BODY JSOU DOMA! ⚡️ Poroučíme se, jdeme slavit. 🤭

👑 MVP zápasu: @honza_sibra 

#akademiciplzen #jarnibitva",https://www.instagram.com/p/DVekYj7DNfB/,,33377,602,,25
@cvutengineers,instagram,11963a07-7f0f-48e6-9d81-aa63a7ff4a04,adcdc0b3-28f8-4f98-ad56-ac0e73e15ea6,IG Post,ALBUM,31.3.2026 6:57:42,"To je on! Engineerskej démon 🔥!

David Routa díky svým 54 bodům v základní části překonal rekord ULLH. Celkem vstřelil 19 gólů a získal 35 asistencí. 
GRATULUJEME 🫶🏻.

#engprg",https://www.instagram.com/p/DWiiHw5jCee/,,11251,431,8,22
@engineersprague,facebook,afd06d1d-7b1c-4f66-8d93-ce4255ab773c,cc050743-e6e3-4815-ac52-fc2d1a92a140,FB Story,VIDEO,12.3.2026 22:38:23,,,,,,,
@riderspardubice,instagram,4d6a67ab-9313-4f77-a82e-abb18adbca5d,ebaa471a-891b-45dc-a047-54b120397403,IG Post,IMAGE,8.4.2026 22:20:16,Dnes to bohužel nevyšlo. Máme ještě jednu šanci v Lucky loser game🍀,https://www.instagram.com/p/DW4x-egDHK0/,,3143,58,,2
@riderspardubice,instagram,4d6a67ab-9313-4f77-a82e-abb18adbca5d,f28287d5-5dfd-43f2-881c-d66a71690638,IG Story,VIDEO,17.4.2026 14:01:39,FINAL FOUR ROZBRUSLENÍ 🧊 ❄️,https://www.instagram.com/stories/riderspardubice/3877335892612671332,,1003,,,
vsefalcons,instagram,709fceba-e311-48e7-9057-f54a587abf4a,2487b4f0-bf4a-4ba9-b632-a462b968a064,IG Post,CAROUSEL_ALBUM,29.1.2026 18:04:36,"Fanoušciiii, jste pořád tady? 🤩

V úterý hrajeme po dlouhé době doma a potřebujeme vás tam! 💙 Přijďte se odměnit za zkouškový a užít si trochu hokejíčku. 🏒

Lístky seženete přes odkaz na profilu! 🎟️

PS. kdo nepřijde fandit je bábovka 😝",https://www.instagram.com/p/DUGp84miOc3/,,13796,176,1,37
@cvutengineers,instagram,11963a07-7f0f-48e6-9d81-aa63a7ff4a04,83083dae-29f4-4697-a5a0-837a48232c38,IG Story,VIDEO,22.8.2026 18:12:05,"🚨 2.TŘETINA 
ZAČÍNÁ",https://www.instagram.com/stories/cvutengineers/3969508668470986768,,747,,,4
vsefalcons,instagram,709fceba-e311-48e7-9057-f54a587abf4a,891e8290-8c0f-4ee3-bc88-34c6f9702eb8,IG Story,VIDEO,14.3.2026 15:35:56,🤸🏽 @one__timer,https://www.instagram.com/stories/vsefalcons/3852741835605187435,805,864,,,1
@218107044725785,facebook,7a942e3e-6c47-4794-9ba7-bbc7b6d40cb3,a69c529f-66a5-48d1-a79a-32507425d46e,FB Video,VIDEO,8.9.2026 17:33:42,"Pár jsme jich letos ulovili 🎣 

#vsefalcons",https://www.facebook.com/reel/27237340029275624/,748,332,10,,
@akademiciplzen,instagram,65494228-95bf-4f7b-8e68-d47d7262db66,b0d84bfe-67d1-42ac-80c2-c1bf5c83c3cb,IG Post,IMAGE,9.9.2026 5:00:59,"Jste neskuteční! 🤯🔥

Za první den jste rozebrali 1 734 vstupenek na 13. ročník Bitvy o Plzeň! 🏒⚔️

A tím jste vytvořili historický rekord prvního dne prodeje vstupenek na Bitvu o Plzeň! 🤯🔥

A teď pozor! Do zdražení vstupenek zbývají už jen 3 HODINY. ⏳

Pokud chceš být u největšího studentského večera roku za nejnižší cenu, teď je ta chvíle. 👀

🎟️ Vstupenka na Bitvu: 150 Kč
📲 V aplikaci UNILIFE po propojení s účtem ČSOB: 130 Kč

V 10:00 ceny rostou. Tak neváhej a ulov si svůj lístek ještě teď! 🔥",https://www.instagram.com/p/DdDdE7sqb2F/,,12789,314,1,122
vsefalcons,instagram,709fceba-e311-48e7-9057-f54a587abf4a,d87bdf8a-0591-4253-8bec-9f447c752c9a,IG Story,VIDEO,3.3.2026 18:03:11,🦘,https://www.instagram.com/stories/vsefalcons/3844842753960223330,702,899,,,
@cvutengineers,instagram,11963a07-7f0f-48e6-9d81-aa63a7ff4a04,f1573fac-523d-4c47-91d1-3990dc040f98,IG Post,IMAGE,19.3.2026 8:06:05,"Už příští středu nás čeká poslední zápas základní
části. A nebude jen tak ledajaký.

Čeká nás LAST DANCE GAME pro hráče, kteří se s Engineers loučí 💙🦁

V posledních zápasech sezóny uvidíte v našem dresu naposledy Kubu DOHNALA, dvojčata NAJMANOVI, Pepu HYNKA a Vencu
SVACHA 🥹

Doražte jim vzdát respekt za všechno, co pro Engineers odmakali. Nechali tu kus sebe 🫡",https://www.instagram.com/p/DWDwKw0DDeb/,,15003,311,3,32
@hc_muni,instagram,43cd62c8-609d-4ea6-8ce9-cae5242ede0c,08bdfcaa-f8a9-4b9c-b12a-7b8e9425fa54,IG Post,IMAGE,1.4.2026 11:24:37,"Nedosažitelné se stalo skutečností! Sami tomu nemůžeme uvěřit🤯
Míříme na Final Four, které se odehraje 16.–17. dubna v Praha Edenu🏒
🎟️ Lístky na zápasy koupíš v biu 👉🏻 @unihokejfinalfour 

A teď vážně... samozřejmě si z vás jen děláme legraci! Dnes je 1. dubna, takže krásný duben všem! 🐻🫶🏻

#hcmuni #finalfour #firstapril",https://www.instagram.com/p/DWllHE3CD1q/,,6152,217,2,49
@akademiciplzen,instagram,65494228-95bf-4f7b-8e68-d47d7262db66,1ce933ee-e7ee-4f88-8a53-021dcac0775c,IG Post,IMAGE,8.9.2026 14:28:24,"MEDIA DAY 2026 přinesl zásadní změny.
Místo pořadníku v tabulce proběhla kmenová rada. Komu zhasne pochodeň, jde před kameru až jako poslední. 🔥
Předpokládaný konec: 23:00. 🥶

…Děláme si srandu. 😄 Ale máte se na co těšit – letošní výsledek bude stát za to! 😎

#akademiciplzen 💙",https://www.instagram.com/p/DdB5KzxCn3C/,,10804,291,,36
@unitedhk,facebook,bfe6cc29-a387-41b9-9bca-b077722556af,5ac68a1d-290a-4483-83ae-0ac58617c1f3,FB Post,PHOTO,30.3.2026 17:50:34,"Zítra začíná PLAY-IN.

1 zápas, kdy se hraje o všechno. Když vyhrajeme, postupujeme dál do dalších bojů o místo na Final Four.

Přijedeš nás podpořit?

Jedeme ALL IN. 🖤🧡

#unitedhk #unihokej #uhk #hradeckralove",https://www.facebook.com/122180651084388974/posts/122180019656388974,196,,3,,
@united_hk,instagram,b18c071b-0570-48b2-b743-990c668c3c5b,750aa2f8-530e-45fe-9a67-d27608e61d1e,IG Reel,VIDEO,22.7.2026 11:09:12,"Tak kolik bylo stupňů?👀

#unitedhk #unihokej #hradeckralove #uhk",https://www.instagram.com/reel/DbF8pCMoYnj/,,9048,149,3,34
@univerzitnihokej,instagram,1e114592-3529-4cfe-9977-2598454053af,096bd75c-90a7-4b66-82a9-aba25500b939,IG Post,IMAGE,28.3.2026 18:38:28,Další semifinále play-in se v úterý odehraje v Ostravě 👉🏼 o postup si to rozdají BOčko s Riders 🫡,https://www.instagram.com/p/DWcDjASCBx3/,,10187,137,,31
vsefalcons,instagram,709fceba-e311-48e7-9057-f54a587abf4a,176564c3-1ada-43cd-b55e-88c0d1651322,IG Story,VIDEO,3.3.2026 18:01:51,jsme doma 🦅 🏟️ @redbullcz 🔋,https://www.instagram.com/stories/vsefalcons/3844842160768201840,725,1044,,,11
@engineersprague,facebook,afd06d1d-7b1c-4f66-8d93-ce4255ab773c,17d932ce-436a-4453-82e2-32aade64f80b,FB Story,IMAGE,1.8.2026 7:48:32,,,,,,,
vsefalcons,instagram,709fceba-e311-48e7-9057-f54a587abf4a,29f34021-09df-46dd-a1d2-ac96faaaf022,IG Story,VIDEO,5.2.2026 20:28:26,SE POMALU BLÍŽÍ,https://www.instagram.com/stories/vsefalcons/3826071676442428125,,798,,,5
vsefalcons,instagram,709fceba-e311-48e7-9057-f54a587abf4a,446e2fc1-1270-4c69-96de-a0012ce83432,IG Story,VIDEO,28.1.2026 20:25:11,TÝMOVÝ TRÉNINK NA FALCONS PUBKVÍZ 🍻 🤓,https://www.instagram.com/stories/vsefalcons/3820271830955475793,,1054,,,5
@engineersprague,facebook,afd06d1d-7b1c-4f66-8d93-ce4255ab773c,6138d4a1-90c9-4dc7-b2eb-e34043292e6d,FB Post,IMAGE,5.8.2026 14:14:15,"První trénink je za námi. 🏒 Po pauze jsme rádi, že jsme zase spolu. Teď už jen poctivě makat.💪",https://www.facebook.com/1560924572517692/posts/1678152157461599,679,,5,,
@cvutengineers,instagram,11963a07-7f0f-48e6-9d81-aa63a7ff4a04,70231d98-33fc-49f9-b765-433b5aec5634,IG Story,VIDEO,9.4.2026 14:19:35,📸,https://www.instagram.com/stories/cvutengineers/3871546896129197113,,785,,,
@hc_muni,instagram,43cd62c8-609d-4ea6-8ce9-cae5242ede0c,d78a64e7-448c-4eb1-a96d-d61e0dd26635,IG Post,IMAGE,14.3.2026 9:02:02,"Sobota je tady a s ní další GAMEDAY🔥 Přijďte nás podpořit už ve 13:45!🐻💙 Tentokrát jen za 50Kč

Lístky koupíte u nás v biu🎟️",https://www.instagram.com/p/DV2-WYkjJdv/,,3488,47,,4
@akademiciplzen,instagram,65494228-95bf-4f7b-8e68-d47d7262db66,fbcea44e-5cd9-446b-a1f8-c4edd528ae6b,IG Story,VIDEO,1.4.2026 17:47:31,"DRESY UŽ ZNAJÍ SVÉ MAJITELE, GRATULUJEME! 🤩",https://www.instagram.com/stories/akademiciplzen/3865853344372012385,,1243,,,1
univerzitnihokej,tiktok,01c88cf9-594f-408e-a45a-95114221acae,4b27bfeb-3038-486a-a85e-7cb457843b11,TT Video,VIDEO,20.4.2026 15:44:58,"Tohle bylo historicky první Final Four ULLH 🔥 2️⃣ dny, 4️⃣ zápasy a neskutečná atmosféra! 🤩 Děkujeme všem, kteří i u toho byli s námi na tribunách, na ledě i v zákulisí 🙏🏻@ČVUT Engineers Prague 🦁 @UK KINGS PRAGUE @vsefalcons @riderspardubice ",https://www.tiktok.com/@univerzitnihokej/video/7630867918569475350?utm_campaign=tt4d_open_api&utm_source=7348986504397455361,,1402,78,1,5
vsefalcons,instagram,709fceba-e311-48e7-9057-f54a587abf4a,617f8346-6b7c-4cbb-b94d-e80785a8f977,IG Story,VIDEO,24.3.2026 18:36:51,,https://www.instagram.com/stories/vsefalcons/3860079986300463963,829,744,,,
vsefalcons,instagram,709fceba-e311-48e7-9057-f54a587abf4a,94e4dae1-c064-46a2-a738-fa7a73e77307,IG Reel,VIDEO,6.2.2026 17:29:14,"Nebuď jak Stráča a nepropásni úterní match proti @riderspardubice 😜 

Zápas v duchu dostihů a sázek se už blíží, tak kupuj lístky přes odkaz na profilu 🛍️

#vsefalcons",https://www.instagram.com/reel/DUbL0KECMfd/,,11207,206,3,21
@riderspardubice,facebook,f99ed6c3-17cc-46f4-a32e-d9b0576ce2df,a232d863-9518-4625-a83b-4ec9276cfc01,FB Post,IMAGE,10.3.2026 7:42:29,"Vstupenky na Last dance Dominika Kopeckého a Daniela Skrypa nyní jen za 50,- 😎",https://www.facebook.com/1592662819534019/posts/1572442228222745,238,,1,,
@bitvaoprahu,instagram,d7c8aa06-74fb-4c6c-a7d2-c2fe1bf6d59c,bf7312fb-a79a-48bc-a501-89673c1c9ca6,IG Post,IMAGE,11.3.2026 7:30:33,"Takhle jsou na tom lístky v sektorech univerzit 👀 Ano vidíš správně, už jich tam moc nezbývá! 

Chyť si ten svůj ještě dnes na bitvaoprahu.cz 🎟️",https://www.instagram.com/p/DVvF9vnlyHW/,,26648,184,7,50
vsefalcons,instagram,709fceba-e311-48e7-9057-f54a587abf4a,e5d31e02-07ba-4bdf-94ba-b77cdef4c30e,IG Story,VIDEO,9.3.2026 17:45:18,TRÉNINK MODE ON 💪🏼,https://www.instagram.com/stories/vsefalcons/3849182392573552989,,698,,,
@univerzitnihokej,facebook,01b45180-0b14-4a14-96e8-d0a4bab1fb9f,049b7297-93e6-473a-9f67-0f2795bba5d2,FB Video,VIDEO,11.3.2026 22:01:15,"Fuuu…byly to nervy, ale domácí BOčko to nakonec urvalo! 🫨",https://www.facebook.com/reel/1047961168398800/,2070,1253,3,,
@riderspardubice,instagram,4d6a67ab-9313-4f77-a82e-abb18adbca5d,062beec0-36e7-461e-9efe-422be55a3c74,IG Reel,VIDEO,16.4.2026 14:34:22,"Rdy na zápas! 🔥
#zapardubice",https://www.instagram.com/reel/DXMjARwDOVd/,,5009,125,1,2
@riderspardubice,facebook,f99ed6c3-17cc-46f4-a32e-d9b0576ce2df,5c28aa2d-14bd-4aa9-9448-1a8eccb904ab,FB Post,IMAGE,3.3.2026 17:00:08,"🌴 Na včerejší Survivor zápase získala výherkyně našeho Survivor kvízu parádní reprák JBL, který do soutěže věnoval náš dlouhodobý partner @enteria_holding!

Děkujeme a výherkyni gratulujeme a přejme spoustu kvalitní hudby! 

A jestli bys chtěl taky něco vyhrát, tak se zastav na zápase 9. 3. - vstupenky koupíš přes odkaz v BIU 🤫",https://www.facebook.com/1592662819534019/posts/1566881118778856,271,,2,,
@riderspardubice,instagram,4d6a67ab-9313-4f77-a82e-abb18adbca5d,68f729d3-ef17-4874-9c6d-80074702c100,IG Reel,VIDEO,17.4.2026 15:43:51,Padne dneska bronz? To je oč tu běží! 🤯,https://www.instagram.com/reel/DXPPxIaDDbC/,,7357,123,,12
vsefalcons,instagram,709fceba-e311-48e7-9057-f54a587abf4a,6ba07bcc-c15b-451d-b00b-76f16f99b19f,IG Story,VIDEO,2.1.2026 21:29:08,🖋️,https://www.instagram.com/stories/vsefalcons/3801459857606320641,,922,,,
@bitvaoprahu,instagram,d7c8aa06-74fb-4c6c-a7d2-c2fe1bf6d59c,948d58ee-badc-45d4-85ab-4b134b08e227,IG Post,IMAGE,11.3.2026 6:00:27,"3. VLNA prodeje vstupenek končí už dnes o půlnoci 🫨
V den akce už to bude faaakt drahý! 💸 Tak buďte rozumný a kupte si lístek ještě dnes. 

🎟️ bitvaoprahu.cz",https://www.instagram.com/p/DVu7pXqFyag/,,7767,27,2,7
@univerzitnihokej,instagram,1e114592-3529-4cfe-9977-2598454053af,a3b127c4-ffda-49fd-ba87-5aa22e22a21e,IG Post,IMAGE,14.9.2026 17:05:57,"Tik tak ⏰

Poslední týden a naskakujeme zpátky na led! 🔥",https://www.instagram.com/p/DdRnvQIIeAn/,,7936,159,,3
@bitvaoprahu,facebook,75e0f41f-82be-4f82-a77b-82ac11135ed2,c9d0787c-26f9-44e4-ba0d-7cb941755dda,FB Video,VIDEO,12.3.2026 20:36:49,"❤️‍🔥 HALFTIME SHOW v podání @gufrau_official , pohledem @klucisdronem . 🦅👁️",https://www.facebook.com/reel/1196276612579569/,190,61,,,
vsefalcons,instagram,709fceba-e311-48e7-9057-f54a587abf4a,00933b10-c6a5-4ae9-a700-2f9e705446d2,IG Story,VIDEO,12.3.2026 17:25:44,🫨 PÁTÁ @_jobas57_,https://www.instagram.com/stories/vsefalcons/3851347000809805794,1752,1587,,,1
@hcnorthwings,facebook,2b08a479-603b-46e4-8a48-2bc0435ccd53,345e3b27-3c7b-4db3-a7f6-1be0dccb3819,FB Story,VIDEO,18.3.2026 17:55:31,,,,,,,
@cvutengineers,instagram,11963a07-7f0f-48e6-9d81-aa63a7ff4a04,76e4a374-2ee8-472a-b2dd-4f0b386e0214,IG Post,IMAGE,12.3.2026 19:24:20,"Do finále Bitvy o Prahu nalétneme v této sestavě!
Teď je ten správný čas ukázat SRDCE LVA 💙. 
Jedeme v tom spolu 🦁!",https://www.instagram.com/p/DVy8dq_DJUt/,,6259,154,,19
@united_hk,instagram,b18c071b-0570-48b2-b743-990c668c3c5b,bff3aafa-0688-4c5b-996a-5a15b8b9c77a,IG Post,IMAGE,8.4.2026 15:11:36,"Děkujeme za sezonu 2025/26

Minulý týden pro nás skončila sezona.
Vypadli jsme v semifinále Play-In a tím se uzavřela naše cesta ročníkem 2025/26.

Nebyl to konec, jaký jsme si přáli. Ale o to víc si vážíme každého, kdo v tom s námi jel celou sezonu.

Chceme poděkovat každému, kdo dorazil do ČPP arény, sledoval nás, fandil, sdílel, psal nebo stál za námi během celé sezony.

Díky, že jste v tom byli s námi.
🖤🧡

#unitedhk #unihokej #hokej",https://www.instagram.com/p/DW4A_ycCNKY/,,4524,152,2,10
univerzitnihokej,tiktok,01c88cf9-594f-408e-a45a-95114221acae,cea0cb67-d543-4f6f-874e-03e91079dc81,TT Video,VIDEO,17.4.2026 20:31:34,@ČVUT Engineers Prague 🦁 snižuje na jedna dva! 🚀,https://www.tiktok.com/@univerzitnihokej/video/7629828533359054102?utm_campaign=tt4d_open_api&utm_source=7348986504397455361,,1149,76,,1
@univerzitnihokej,instagram,1e114592-3529-4cfe-9977-2598454053af,017c8ae8-ae1c-43ff-844c-455d4ca99016,IG Post,PHOTO,30.3.2026 18:03:46,Jan Zoufal o univerzitním hokeji v Česku i zahraničí! 🇨🇿🌍 Celý článek na webu hokej.cz 👨🏻‍💻,https://www.instagram.com/p/DWhIbbCCE1c/,,8457,199,,8
@united_hk,tiktok,7e062517-b9da-416d-b73d-a2c5899a2be6,24416f89-54a1-4994-876a-0751f1913c80,TT Video,VIDEO,12.4.2026 16:10:49,We listen and we (don’t) judge: Garnier edition💚 #unitedhk #unihokej #hokej,https://www.tiktok.com/@united_hk/video/7627905909041253654?utm_campaign=tt4d_open_api&utm_source=7348986504397455361,,1292,58,,5
@boostrava,instagram,1176ddaf-d366-48a2-9639-3c6694c72c85,3cf9f1a5-a7fb-4f35-9dac-6fc33fabdd3a,IG Reel,REEL,30.3.2026 13:10:10,"ZÍTRA to vypukne! Boj o postup do dalšího kola! 
Přijďte se sladit do 🟠 barev BOČKA, dostat triko zdarma a pivko k tomu🍺. 
📍RT TORAX ARENA 
⏰ 19:30",https://www.instagram.com/reel/DWgnLFmDBow/,,4757,58,4,39
@riderspardubice,instagram,4d6a67ab-9313-4f77-a82e-abb18adbca5d,508e0cc5-c2d7-4b68-8c33-3fceef8af3f3,IG Story,VIDEO,31.3.2026 17:34:45,JDEME NA TO!!,https://www.instagram.com/stories/riderspardubice/3865122151263381423,,822,,,
vsefalcons,instagram,709fceba-e311-48e7-9057-f54a587abf4a,932b1030-029c-4963-9f02-0306a030eb6f,IG Post,CAROUSEL_ALBUM,1.2.2026 17:23:30,"už za 2️⃣ dny se vidíme zpátky na @icearenakaterinky 🤩 
lístky sežene přes odkaz na profilu 🎟️",https://www.instagram.com/p/DUOTohKiFj1/,,8223,82,,15
@BOhokej,facebook,c9082543-a03b-490f-8f97-66d439acce89,eb4e80d4-07b7-403a-a66b-54bc2025fba5,FB Story,VIDEO,20.8.2026 18:32:36,,https://facebook.com/stories/100133738792962/UzpfSVNDOjE5MDc4MDc4NzM5NTgxODg=/?view_single=1,,,,,
@akademiciplzen,instagram,65494228-95bf-4f7b-8e68-d47d7262db66,fbd665af-ee66-4aed-b19b-f6d5bde62566,IG Reel,VIDEO,15.3.2026 19:22:53,"Balance is the key! @kaiser_sim_ 🚴🍰

#akademiciplzen 💙",https://www.instagram.com/reel/DV6qXy8jbBY/,,23162,572,,48
@bitvaoprahu,instagram,d7c8aa06-74fb-4c6c-a7d2-c2fe1bf6d59c,3a33fdab-582c-46db-ba37-ef8512317b32,IG Reel,VIDEO,12.3.2026 17:37:24,"📣 GÓL POHLEDEM SPEAKERA 👁️

@czufarmers 🚨| #CZU ⚔️ #VSE | #bitvaoprahu",https://www.instagram.com/reel/DVyv-gvDBvD/,,10750,266,2,1
@riderspardubice,instagram,4d6a67ab-9313-4f77-a82e-abb18adbca5d,3faaa463-b02d-4370-8504-86e582304b9b,IG Story,VIDEO,17.4.2026 14:11:22,BONBÓNY ZA PUK PRO HRÁČE OD NEJMLADŠÍHO FANOUŠKA🥹🫶🏻,https://www.instagram.com/stories/riderspardubice/3877340874304919452,,1045,,,3
@univerzitnihokej,facebook,01b45180-0b14-4a14-96e8-d0a4bab1fb9f,4c391e1b-ac13-4154-8f0e-98b06410f7c0,FB Video,VIDEO,9.4.2026 17:22:36,@ukkingsprague si daji 16.4. opáčko v Edenu na @unihokejfinalfour 🎟️ Tentokrat už budou bojovat o titul a pohár Jana Palacha! 🏆 Vstupenky na finalfour.cz,https://www.facebook.com/reel/1257018939879046/,1880,955,10,,
@AkademiciPlzen,facebook,d87b94e3-03e8-45d0-b92e-75e9b819545c,cb0b0de2-33e6-4a7b-bd62-8f08055884b1,FB Video,VIDEO,4.3.2026 20:07:24,"Neboj, neprozradíme mu co z toho chceš. 🤫😏

#akademiciplzen",https://www.facebook.com/reel/2784655471877583/,1434,576,4,,
@bitva_o_budejce,instagram,f977c0af-061e-4c10-813f-da5818f8a748,00472b8b-03d0-4914-8f19-5afc86d98c9b,IG Story,VIDEO,9.9.2026 19:07:24,"📍 BUDĚJCE
🏒 FANOUŠEK
❤️ EMOCE
⚔️ DERBY

Tak schválně… máte všechny ? 👀 📌 

Nezapomeň si je odškrtnout ve své osmisměrce!",https://www.instagram.com/stories/bitva_o_budejce/3982582448482957402,,308,,,1
vsefalcons,instagram,709fceba-e311-48e7-9057-f54a587abf4a,1b2a5887-55b7-46d9-b29b-20390ece37e0,IG Story,VIDEO,26.2.2026 21:05:24,ZDRAVÍME TAKY IMPOSTERY 😁👋🏼 @cvutengineers 👀 @united_hk x,https://www.instagram.com/stories/vsefalcons/3841310620880789941,978,1303,,,5
vsefalcons,instagram,709fceba-e311-48e7-9057-f54a587abf4a,374ea3ae-648f-4c49-b808-886a5d6c18c8,IG Reel,VIDEO,27.3.2026 17:51:01,"Písnička, ke které zná každý správný text 🙂‍↔️ 

Tak si pojďme všichni společně vyřvat hlasivky 31.3. na @icearenakaterinky 📢 Budeme vás potřebovat! 🦅💙

#playin #vsefalcons",https://www.instagram.com/reel/DWZZd65iDWI/,,3616,81,1,4
vsefalcons,instagram,709fceba-e311-48e7-9057-f54a587abf4a,64a0e7e1-62f0-4f2f-aafb-7c1d8cc2a8c9,IG Story,VIDEO,24.3.2026 18:46:56,DNEŠNÍ POVINNOST 🍿,https://www.instagram.com/stories/vsefalcons/3860085044673036937,785,777,,,2
@vutcavaliersbrno,instagram,b384bebf-72f3-4f9d-8b2d-3677709f6966,ef48ba1a-10db-4669-a0d3-131cf474c15e,IG Story,VIDEO,31.3.2026 7:18:46,@vutvbrne @vutfp,https://www.instagram.com/stories/vutcavaliersbrno/3864812112967158957,,3768,,,3
@AkademiciPlzen,facebook,d87b94e3-03e8-45d0-b92e-75e9b819545c,0ac0d7d9-5530-4b8e-8166-4b0cc00d588c,FB Post,IMAGE,4.3.2026 21:32:13,"2 TĚŽCE VYBOJOVANÉ BODY JSOU DOMA! ⚡️ Poroučíme se, jdeme slavit. 🤭

👑 MVP zápasu: @honza_sibra 

#akademiciplzen #jarnibitva",https://www.facebook.com/1357105236437494/posts/1334820881999263,7241,,68,,
@univerzitnihokej,instagram,1e114592-3529-4cfe-9977-2598454053af,323958a4-f8aa-429a-b3bd-e7f46679f1af,IG Reel,VIDEO,30.3.2026 8:43:03,Zítra startuje PLAY-IN ➡️ boj o postup do @unihokejfinalfour ⚔️,https://www.instagram.com/reel/DWgIse7CCXw/,,12774,124,,20
vsefalcons,instagram,709fceba-e311-48e7-9057-f54a587abf4a,7d6c6a98-bd01-45e2-8c4d-9648d48fbf8d,IG Story,VIDEO,9.2.2026 19:47:07,,https://www.instagram.com/stories/vsefalcons/3828949978857391350,,843,,,4
vsefalcons,instagram,709fceba-e311-48e7-9057-f54a587abf4a,c9d1ea64-59ed-4669-9493-213095bef9f3,IG Story,IMAGE,27.4.2026 11:53:21,"Chceme tvůj zážitek
ze zápasů posunout dál. 📌 👇🏼 🔥 Řekni svůj názor
v krátkém dotazníku",https://www.instagram.com/stories/vsefalcons/3884519257786607982,1201,1528,,,3
@riderspardubice,instagram,4d6a67ab-9313-4f77-a82e-abb18adbca5d,94d51986-373a-4e68-a5c9-a7c61e232e01,IG Story,VIDEO,31.3.2026 18:40:49,2:2 ✨ ✨,https://www.instagram.com/stories/riderspardubice/3865155428141515010,,725,,,
@univerzitnihokej,instagram,1e114592-3529-4cfe-9977-2598454053af,b65e6c99-ce8c-41c2-8bf2-e3a4b6b12a10,IG Reel,VIDEO,8.4.2026 19:25:27,"FALCONS postupují jako první do @unihokejfinalfour 🦅

Fanoušci Eden čeká 🏟️ 16.-17. dubna ➡️ lístky na finalfour.cz 🎟️",https://www.instagram.com/reel/DW4d0ATCNfZ/,,9725,344,,21
@engineersprague,facebook,afd06d1d-7b1c-4f66-8d93-ce4255ab773c,72305b33-7ee1-4982-b923-e7ce5c7af270,FB Post,IMAGE,2.3.2026 20:44:34,"Poprosíme hodit čepičku do komentářů pro Šachlíka, který se dneska v Pardubicích blýskl hattrickem 🧢😮‍💨",https://www.facebook.com/1560924572517692/posts/1535453795064770,611,,7,,
@riderspardubice,facebook,f99ed6c3-17cc-46f4-a32e-d9b0576ce2df,faf78d0e-fa5e-4477-bea6-e8ebc45784dc,FB Post,IMAGE,15.4.2026 9:05:50,"Která sluší víc? 🖤🤍

Originální dresy Riders od @b_hockey_czech pořídíte přímo v Edenu na @unihokejfinalfour! ❤️‍🔥

*do vyprodání zásob",https://www.facebook.com/1592662819534019/posts/1605174311616203,499,,1,,
@univerzitnihokej,instagram,1e114592-3529-4cfe-9977-2598454053af,52549de8-f6cc-4c5f-a6b0-debeec5f58c1,IG Story,VIDEO,8.4.2026 18:27:07,KINGS AGAIN,https://www.instagram.com/stories/univerzitnihokej/3870946753839146823,,784,,,
@hc_muni,instagram,43cd62c8-609d-4ea6-8ce9-cae5242ede0c,59973700-6b17-4726-851b-1e7fc5b19b19,IG Reel,VIDEO,15.3.2026 17:00:42,"POV: Jsi maskot, ale žiješ lepší život než půlka týmu 🔥 Zero stres, full vibes, protože na led nemusím a slávu mám i tak 🐻✌🏻

#hcmuni",https://www.instagram.com/reel/DV6ZtXsCAV-/,,7084,206,4,36
@unitedhk,facebook,bfe6cc29-a387-41b9-9bca-b077722556af,a2850a6f-8f32-423f-a8a9-e6c3abad91cb,FB Post,PHOTO,26.3.2026 8:56:50,"Náš útočník Štěpán Kyclt dnes slaví narozeniny.

Všechno nejlepší, Štěpáne! 🎂
Užij si to.

🖤🧡

#unitedhk #unihokej #hokej",https://www.facebook.com/122180651084388974/posts/122179687910388974,205,,1,,
@riderspardubice,facebook,f99ed6c3-17cc-46f4-a32e-d9b0576ce2df,a423def5-9abb-4697-bc96-a5eba52f02cb,FB Video,VIDEO,17.4.2026 14:54:52,Goalie 🥅❤️‍🔥,https://www.facebook.com/reel/1632986334446651/,551,165,2,,
@hcnorthwings,facebook,2b08a479-603b-46e4-8a48-2bc0435ccd53,acf7fd88-d799-44a0-9de9-f15790c12132,FB Post,IMAGE,11.8.2026 12:02:28,"Dočkali se 🏒 💙 💛
Po letní pauze naši hráči konečně obuli brusle ⛸️ a vyrazili polykat první (kilo)metry na ledě ústeckého zimáku 🥅 
V rámci tryoutu se v pondělí hlásila první 20 hráčů, kteří budou bojovat o své místo v týmu 🪽 v nadcházejícím ročníku univerzitní hokejové ligy, která startuje 21. září 2026 📆
Držíme palce a těšíme se na všechny naše fanoušky 🫶
Díky moc Milan Stránský za návštěvu a první ledové 📸",https://www.facebook.com/1583651910433365/posts/1709873021144586,2308,,20,,
@unitedhk,facebook,bfe6cc29-a387-41b9-9bca-b077722556af,ec4369a4-e491-4bea-99de-a3fd601439a0,FB Post,IMAGE,28.7.2026 12:07:31,"Necelý týden do prvního tréninku na ledě. Ještě naposledy se ale vracíme do Tesla Gymu.

V archivu jsme našli moment, kdy náš marketingový ředitel Michal Ševčík očividně předává Matějovi Voděrackému svoje dlouholeté zkušenosti se silovým tréninkem.

Co mu podle vás právě říká? 👇

Nejlepší hlášky doplníme přímo do fotky a zveřejníme ve Stories.",https://www.facebook.com/122180651084388974/posts/122189626280388974,413,,4,,
@united_hk,instagram,b18c071b-0570-48b2-b743-990c668c3c5b,034e9254-fcbc-459a-be7a-ca1bd1cde006,IG Post,IMAGE,18.3.2026 19:38:14,"🏒 Výhra z Ústí

Vyhráváme 5:3.
Důležité body bereme z venku a ladíme formu na Play-In!

Jedeme dál.
🖤🧡",https://www.instagram.com/p/DWCa0tKiLj8/,,3330,93,,5
@univerzitnihokej,instagram,1e114592-3529-4cfe-9977-2598454053af,34fbb979-329a-448e-af55-b42b834b5b96,IG Post,IMAGE,11.3.2026 21:53:10,Akademici si dnes ugrilovali křídla 🍗 domácí BOčko po dlouhých nájezdech obhájilo Moravské derby 😮‍💨,https://www.instagram.com/p/DVwos12CJzI/,,3718,84,1,3
vsefalcons,instagram,709fceba-e311-48e7-9057-f54a587abf4a,3f9bdb7b-4def-4594-9dcf-658229a2d091,IG Story,VIDEO,10.2.2026 18:50:52,,https://www.instagram.com/stories/vsefalcons/3829646440712957910,621,810,,,
vsefalcons,instagram,709fceba-e311-48e7-9057-f54a587abf4a,80152847-b598-4e6a-ab17-0698ee4fff97,IG Reel,VIDEO,3.6.2026 13:24:02,off campus actually exist 🤤🤤🤤 #offcampus #garretgraham #deandilaurentis #icehockey,https://www.instagram.com/reel/DZIA-2WoB_O/,,20914,752,5,368
@boostrava,instagram,1176ddaf-d366-48a2-9639-3c6694c72c85,9a5ab108-9bc5-4035-981a-5568730f251f,IG Story,VIDEO,11.8.2026 17:44:30,We are back🔥,https://www.instagram.com/stories/boostrava/3961522274746298065,,427,,,1
@united_hk,instagram,b18c071b-0570-48b2-b743-990c668c3c5b,fefee7b1-e97b-43f2-90d7-41386cb6b8c0,IG Reel,VIDEO,18.7.2026 14:54:39,"Na našem stánku jsme dnes přivítali jednu z legend českého hokeje, Josefa Marhu. Děkujeme za návštěvu! 🏒

#unitedhk #josefmarha #unihokej #hradeckralove #uhk",https://www.instagram.com/reel/Da8DLxio2kT/,,9077,192,,3
@engineersprague,facebook,afd06d1d-7b1c-4f66-8d93-ce4255ab773c,8b8b3ea1-d7d3-4f94-8fcc-558681c7d781,FB Post,IMAGE,6.8.2026 12:24:51,"Naše kabina je zase o něco hezčí. 🏒

Díky všem, kdo se na tom podíleli. Teď už jen naplnit zdi dalšími vzpomínkami. 🦁💙",https://www.facebook.com/1560924572517692/posts/1679056164037865,628,,12,,
@akademiciplzen,instagram,65494228-95bf-4f7b-8e68-d47d7262db66,8c9652e1-8377-4c47-a359-72ea116a6bcf,IG Post,IMAGE,26.3.2026 20:02:55,"ALL IN.

#akademiciplzen",https://www.instagram.com/p/DWXD-lvDN-b/,,2554,78,,
vsefalcons,instagram,709fceba-e311-48e7-9057-f54a587abf4a,aa4f9eb2-caca-4a58-9a82-44de5c42bd24,IG Story,VIDEO,17.2.2026 19:28:13,NEJLEPŠÍ @sokoli.hnizd0 💙 💙,https://www.instagram.com/stories/vsefalcons/3834743002141056347,681,857,,,2
vsefalcons,instagram,709fceba-e311-48e7-9057-f54a587abf4a,cf163135-8813-4c01-8e96-bd255473f772,IG Post,ALBUM,13.3.2026 18:20:43,"Včera to byl samej úsměv 🫶🏼 největší poděkování patří vám, že jste v tom s námi a ženete nás dopředu 🩵 

Teď už zapínáme pásy a letíme dááál 🦅

📸 @martincacha @vratapolivka_photo",https://www.instagram.com/p/DV1Z-mtiDpu/,,17526,400,,39
vsefalcons,instagram,709fceba-e311-48e7-9057-f54a587abf4a,d41a31a3-724a-4069-88f0-11618f08ddd4,IG Story,VIDEO,24.2.2026 21:14:09,🪄,https://www.instagram.com/stories/vsefalcons/3839865447206392193,1081,1464,,,2
@univerzitnihokej,instagram,1e114592-3529-4cfe-9977-2598454053af,dcb7db2f-5e79-4d6a-89e5-63b6c6b858af,IG Reel,VIDEO,2.4.2026 16:22:39,Semifinálové drama v Budějovicích 😤 Cavaliers domácí Black Dogs potrápili až do nájezdů.,https://www.instagram.com/reel/DWosEj8iCuh/,,8859,215,,4
@riderspardubice,facebook,f99ed6c3-17cc-46f4-a32e-d9b0576ce2df,e52d6b8a-2558-48bb-86d7-6ce2fe15e6d7,FB Video,VIDEO,9.3.2026 19:43:52,Krásné výroční přeje celý tým Riders 💍🫶,https://www.facebook.com/reel/1372441614651436/,185,76,2,,
@boostrava,instagram,1176ddaf-d366-48a2-9639-3c6694c72c85,0815a605-888e-4964-98f0-3c0bee6039fd,IG Post,IMAGE,10.9.2026 6:15:28,"GAME DAAAAAY‼️🔥 
Dneska je ten den! 🏒 Přijďte podpořit náš tým v atraktivním přátelském utkání proti Opole United!
Možná si říkáte, co jsou vlastně zač. Jde o polský univerzitní klub z Opole, ale nenechte se zmást – většinu jejich kádru tvoří hráči přímo z USA a Kanady, kteří v Polsku studují a hrají. Čeká nás tak parádní hokej v zámořském stylu plný tvrdých soubojů! 🇺🇸🇨🇦
Tak dojdi na Bočko a dej si pivko!",https://www.instagram.com/p/DdGJoj_stJW/,,9364,175,1,29
univerzitnihokej,tiktok,01c88cf9-594f-408e-a45a-95114221acae,29e0c88c-1761-4740-98bd-a51663833fec,TT Video,VIDEO,16.4.2026 17:57:21,Nic roztomilejšího už dneska neuvidíte 🥹,https://www.tiktok.com/@univerzitnihokej/video/7629417714058022166?utm_campaign=tt4d_open_api&utm_source=7348986504397455361,,21120,713,1,29
@riderspardubice,instagram,4d6a67ab-9313-4f77-a82e-abb18adbca5d,62a945d8-ac75-4d9a-9b40-018672ef44ab,IG Post,IMAGE,13.4.2026 12:29:22,"🚨 JSME V TOP4 A TEĎ TO TEPRVE ZAČÍNÁ!

Poprvé v historii 👉 @unihokejfinalfour 
největší akce sezóny, přímý přenos v TV… a my jsme u toho.

🏒 SEMIFINÁLE
🆚 @ukkingsprague 
📍 Zimní stadion Eden, Praha
🕓 16. dubna | 16:30

Tohle není jen zápas.
👉 tohle jsou 2 dny hokeje, emoce, atmosféra a afterparty

Bude nás čekat v pátek boj o zlato nebo bronz! Každopádně v pátek si udělejte místo v kalendáři, bude se bojovat o medaileeee. 

Pojď nás podpořit a být součástí něčeho, co se píše poprvé.

🎟️ Vstupenky koupíš přes odkaz v BIU!",https://www.instagram.com/p/DXEmOgKDAWr/,,10828,127,1,15
@univerzitnihokej,facebook,01b45180-0b14-4a14-96e8-d0a4bab1fb9f,9c3be662-92c4-4146-910a-b000bb6f6aa5,FB Post,IMAGE,14.4.2026 8:43:37,"Vyhraj vstupenky na Beats for Love s našim generálním partnerem ČSOB🎧

Stačí si založit účet přes odkaz v našem biu ☝🏻
Přesměruje tě do aplikace, kde máš během pár minut hotovo ✅

Pro 8️⃣ nejrychlejších máme celodenní vstupenky na @beats.for.love.festival ⚡️🎟️
O dalších 6 se bude soutěžit na @unihokejfinalfour 👀",https://www.facebook.com/1275398168115026/posts/1285591943762315,370,,,,
univerzitnihokej,tiktok,01c88cf9-594f-408e-a45a-95114221acae,04a82652-0d19-4ddc-8c8b-5f55a2829ed2,TT Video,VIDEO,10.4.2026 15:56:34,@vsefalcons postupují do FINAL FOUR🦅👀 🗓️16.-17.4. | 📍Zimní stadion Eden 🎟️ finalfour.cz,https://www.tiktok.com/@univerzitnihokej/video/7627160065631407382?utm_campaign=tt4d_open_api&utm_source=7348986504397455361,,858,44,1,1
@univerzitnihokej,facebook,01b45180-0b14-4a14-96e8-d0a4bab1fb9f,110e0518-a5ab-4e6c-9fa6-5f7903802a74,FB Post,IMAGE,5.4.2026 15:37:20,"V semifinále play-in se letošní sezóna uzavřela i pro BOčko. Vyrovnaný duel s Riders dospěl až do prodloužení, které rozhodlo o konečném výsledku.

Ostravo, díky za energii a nasazení, které jste letos ukázali 💪🏼",https://www.facebook.com/1275398168115026/posts/1279026797752163,677,,2,,
@cvutengineers,instagram,11963a07-7f0f-48e6-9d81-aa63a7ff4a04,5dfc5663-8d4a-4148-86cd-5bf1a64c65b2,IG Post,IMAGE,26.8.2026 16:58:03,"JSME ZPĚT! 🔥 
A začínáme pěkně zostra PRAŽSKÝM DERBY proti @ukkingsprague 
Pojďme společně vytvořit pořádnou atmosféru a oslavit začátek sezony! 

22.9. | 18:45 | ZS HVĚZDA
Lístky v biu na profilu🎟️",https://www.instagram.com/p/DcgsaTQMSLJ/,,22320,507,,337
@riderspardubice,instagram,4d6a67ab-9313-4f77-a82e-abb18adbca5d,73d66054-9a93-409d-b6af-6b4062d6b785,IG Post,IMAGE,2.4.2026 12:28:01,"V příštím zápase se rozhodne, jestli postoupíme do @unihokejfinalfour !🤩🤩 Buď u toho s námi!

 Finále Play-in
🗓️ 8.4. v 19:30
📍 v ZS Hvězda
⚔️ proti @cvutengineers 

#fináleplayin#riders",https://www.instagram.com/p/DWoRHuejOVY/,,3713,43,,4
@boostrava,instagram,1176ddaf-d366-48a2-9639-3c6694c72c85,c0f28943-5304-4b5b-a80a-6501bac50ba4,IG Story,VIDEO,20.8.2026 16:34:20,,https://www.instagram.com/stories/boostrava/3968009900240152812,,700,,,7
@cvutengineers,instagram,11963a07-7f0f-48e6-9d81-aa63a7ff4a04,f3920ed5-3beb-4a1d-9f92-5a146dc85deb,IG Post,IMAGE,18.3.2026 7:06:57,"🚨 GAMEDAY | Základní část pomalu vrcholí, napětí stoupá a nervy rostou. Jak to dnes celé dopadne? Přijď nás podpořit na Hvězdu, začínáme ve 20:00. 
Budeme vás potřebovat! 🦁

#engprg",https://www.instagram.com/p/DWBEVKrjJ7G/,,4596,76,,5
@riderspardubice,facebook,f99ed6c3-17cc-46f4-a32e-d9b0576ce2df,ce59a804-e57a-4e42-91bb-f087e4a7abd3,FB Video,VIDEO,17.4.2026 16:18:52,"Chvilku pro sebe 🫂
@63skorpiz & @radek_bednar_",https://www.facebook.com/reel/2141182876423032/,317,129,6,,
@bitvaoprahu,facebook,75e0f41f-82be-4f82-a77b-82ac11135ed2,143caa38-b355-4b77-9da5-8c6b1ef59f54,FB Post,IMAGE,11.3.2026 17:37:43,Už zítra je Bitva day! 🫨🫨🥳🥳,https://www.facebook.com/1441262177797849/posts/1419490613308339,202,,,,
vsefalcons,instagram,709fceba-e311-48e7-9057-f54a587abf4a,2ce75e34-0089-486a-8337-f89db6a310d1,IG Post,IMAGE,5.3.2026 21:55:05,"Poslední zkouška ohněm před @bitvaoprahu 👊🏼
My jsme je vyřadili loni ve čtvrtfinále, oni nás porazili na podzimní Bitvě. Čeká tě dávka pořádný rivality, tak nás doraž podpořit! 🔥

📅 úterý 10. března
🕑 19:30
📍 Ice Arena Kateřinky
🎟️ lístky koupíš na profilu",https://www.instagram.com/p/DVhMJqgCEU_/,,12858,185,2,105
vsefalcons,instagram,709fceba-e311-48e7-9057-f54a587abf4a,6efa4ee4-ee00-4dc0-a97c-96920b2e0c64,IG Story,VIDEO,17.2.2026 22:40:45,@united_hk 🎤,https://www.instagram.com/stories/vsefalcons/3834837780425905551,594,713,,,
@akademiciplzen,instagram,65494228-95bf-4f7b-8e68-d47d7262db66,cdd87884-a0d9-4fb8-ae19-5baad7a9377c,IG Post,IMAGE,12.3.2026 11:44:58,"Kup si lístek na zápas a vyhraj lístky do kina! 🍿

Ve středu 1. 4. hrajeme s největší pravděpodobností poslední domácí zápas v téhle sezóně. Jedná se o zápas Play-in (nový formát Play-off). Přijďte udělat pořádný kotel, budeme vás potřebovat! 💙

Všechny, kdo si koupí vstupenku na tento zápas, automaticky zařazujeme do slosování o 2x2 lístky na zítřejší maraton 6 dílů Heated Rivalry v plzeňské Olympii.

Vyhlášení výherců zítra v 10:30. 😎

Nenech si to utéct, kupuj lístky v biu a buď u toho! 🔥

#akademiciplzen",https://www.instagram.com/p/DVyGvwTjCwT/,,10670,156,,83
@bitvaoprahu,facebook,75e0f41f-82be-4f82-a77b-82ac11135ed2,5b34d4c2-d5c8-457b-9760-307528cf1de8,FB Post,IMAGE,12.3.2026 9:35:00,"Venkovní FANZÓNA bude dnes otevřená už od 16:00 ⏰

Naši partneři si tu pro tebe připravili spoustu zábavy, která tě naladí na to mejdlo, co na tebe čeká vevnitř 🔥

A taky stánek s merchem všech týmů! Kde můžeš ještě na poslední chvíli doladit outfit 😮‍💨",https://www.facebook.com/1441262177797849/posts/1419539573303443,199,,,,
@hcnorthwings,facebook,2b08a479-603b-46e4-8a48-2bc0435ccd53,686391ff-913d-4185-8701-854326c15174,FB Story,VIDEO,4.3.2026 16:05:24,,,,,,,
@riderspardubice,instagram,4d6a67ab-9313-4f77-a82e-abb18adbca5d,98e14639-0014-4a91-a823-94dd5dd6a167,IG Post,IMAGE,17.4.2026 7:39:26,Nejlepší hráč zápasu a střelec gólu @spinkov23! 🔥🥅,https://www.instagram.com/p/DXOYaVvDCrG/,,2584,84,,6
@riderspardubice,instagram,4d6a67ab-9313-4f77-a82e-abb18adbca5d,be8767a0-76d5-4003-80e0-c2d5464f29c0,IG Story,VIDEO,1.4.2026 14:51:24,,https://www.instagram.com/stories/riderspardubice/3865764702009995513,,547,,,
@vutcavaliersbrno,instagram,b384bebf-72f3-4f9d-8b2d-3677709f6966,c0a21b31-a270-43a1-99f5-3690bd574c23,IG Story,VIDEO,13.9.2026 15:28:34,,https://www.instagram.com/stories/vutcavaliersbrno/3985371447874326908,,629,,,1
@univerzitnihokej,instagram,1e114592-3529-4cfe-9977-2598454053af,23d7aa9e-534f-4efc-8f57-e54b3950c7b5,IG Story,VIDEO,18.4.2026 10:25:02,,https://www.instagram.com/stories/univerzitnihokej/3877951828327403665,,1225,,,2
@boostrava,instagram,1176ddaf-d366-48a2-9639-3c6694c72c85,2d5abb20-d38f-4ec1-8fbb-8765d1e90def,IG Story,VIDEO,21.8.2026 12:33:24,,https://www.instagram.com/stories/boostrava/3968613416310713493,,422,,,
@riderspardubice,instagram,4d6a67ab-9313-4f77-a82e-abb18adbca5d,89829347-453a-49d2-bc00-1cd9814c5dc9,IG Story,VIDEO,14.4.2026 9:59:51,,https://www.instagram.com/stories/riderspardubice/3875040037280940767,,499,,,
vsefalcons,instagram,709fceba-e311-48e7-9057-f54a587abf4a,9d208de1-a59c-405d-a094-d95e4ff645a5,IG Story,VIDEO,13.3.2026 16:19:53,,https://www.instagram.com/stories/vsefalcons/3852038496861043897,901,848,,,
@united_hk,instagram,b18c071b-0570-48b2-b743-990c668c3c5b,c45e05a5-0e6b-4501-9523-a9b9368b83ee,IG Story,VIDEO,26.8.2026 14:35:12,🏰 za hodinu hrajeme!,https://www.instagram.com/stories/united_hk/3972298577489198082,,670,,,
@engineersprague,facebook,afd06d1d-7b1c-4f66-8d93-ce4255ab773c,cf10ed15-91cd-4f09-b591-2e2ba64f0958,FB Post,IMAGE,1.8.2026 7:38:59,"Máme tady jeden comeback! 🦁
Na střídačku se vrací legenda Engineers Petr Ujfaluši. Tentokrát v roli asistenta trenéra. 🫡

Ujfi, vítej zpátky doma! Máme radost, že jsi zase součástí #engprg a těšíme se na společnou sezonu. 🔥",https://www.facebook.com/1560924572517692/posts/1673988601211288,1090,,19,,
@riderspardubice,instagram,4d6a67ab-9313-4f77-a82e-abb18adbca5d,a35e2cc4-6454-48af-ac86-2a2a4ac27fa6,IG Story,VIDEO,11.4.2026 20:54:50,,https://www.instagram.com/stories/riderspardubice/3873195382331434076,,259,,,
@univerzitnihokej,instagram,1e114592-3529-4cfe-9977-2598454053af,f99337fb-f5be-4dcb-93c6-6eafa3edc3a4,IG Post,IMAGE,11.3.2026 11:20:09,Brno nebo Ostrava. Kdo dnes ovládne Moravské derby? 🫨,https://www.instagram.com/p/DVvfsetCLbH/,,5236,131,2,6
@cvutengineers,instagram,11963a07-7f0f-48e6-9d81-aa63a7ff4a04,11781d3d-7613-4ca2-94cb-b7bcc2950535,IG Story,IMAGE,22.8.2026 19:24:44,3 0,https://www.instagram.com/stories/cvutengineers/3969545196541222980,,846,,,6
@bitva_o_budejce,instagram,f977c0af-061e-4c10-813f-da5818f8a748,1ab1df53-e833-4ac3-8058-0a949e01588c,IG Story,VIDEO,13.9.2026 8:22:37,,https://www.instagram.com/stories/bitva_o_budejce/3985157015164700788,,778,,,5
@boostrava,instagram,1176ddaf-d366-48a2-9639-3c6694c72c85,8053ada1-28a0-463d-86df-8d36717ff621,IG Story,VIDEO,31.3.2026 18:43:59,HAVLOS SROVNAL  @adam.havel  2:2 🦈,https://www.instagram.com/stories/boostrava/3865157024929870569,,618,,,1
vsefalcons,instagram,709fceba-e311-48e7-9057-f54a587abf4a,9a39b0ae-721d-4e73-85d3-74015e4497ef,IG Story,VIDEO,8.4.2026 17:43:18,MRZÁCI DNES ASPOŇ PODPORUJÍ 🤕 📢,https://www.instagram.com/stories/vsefalcons/3870924710716434922,903,832,,1,3
@218107044725785,facebook,7a942e3e-6c47-4794-9ba7-bbc7b6d40cb3,e5b2eb21-1a56-4b4f-8aec-370a145e8110,FB Post,IMAGE,4.8.2026 14:52:12,Ulovili jsme pár momentek z letních prázdnin 🏖️  Poslední dny odpočinku a v pondělí 10.8. naskakujeme zpátky na led hledat nové Falcons tváře! 🦼🦅,https://www.facebook.com/122282816036218300/posts/122300527280218300,468,,12,,
@bitvaoprahu,facebook,75e0f41f-82be-4f82-a77b-82ac11135ed2,131b1de9-5702-47a1-8cfe-119ae8bcec64,FB Video,VIDEO,25.3.2026 18:41:18,"Hokejem u nás večer nikdy nekončí 🙂‍↔️ jestli máš vzpomínky v mlze, je čas si tuhle připomenout 🪩",https://www.facebook.com/reel/2991798127693774/,112,40,3,,
@univerzitnihokej,facebook,01b45180-0b14-4a14-96e8-d0a4bab1fb9f,2d22c60f-ab4b-416f-b9ac-58f46bbc165f,FB Post,IMAGE,13.4.2026 18:45:23,"Vyhraj vstupenky na Beats for Love s našim generálním partnerem ČSOB🎧

Stačí si založit účet přes odkaz v našem biu ☝🏻
Přesměruje tě do aplikace, kde máš během pár minut hotovo ✅

Pro 8️⃣ nejrychlejších máme celodenní vstupenky na @beats.for.love.festival ⚡️🎟️
O dalších 6 se bude soutěžit na @unihokejfinalfour 👀",https://www.facebook.com/1275398168115026/posts/1285196090468567,433,,,,
@218107044725785,facebook,7a942e3e-6c47-4794-9ba7-bbc7b6d40cb3,6c2f830c-2516-46bf-918a-7dd2a03fc280,FB Video,VIDEO,5.9.2026 7:27:41,Prošli kluci touhle zkouškou? 🧐,https://www.facebook.com/reel/3606374356179183/,9246,4430,19,,
vsefalcons,instagram,709fceba-e311-48e7-9057-f54a587abf4a,c585703e-a72f-4bc3-add0-265a5c0289e0,IG Story,VIDEO,24.3.2026 18:39:38,👣 👣 👣 👣 👣 👣 👣 👣,https://www.instagram.com/stories/vsefalcons/3860081388011683094,814,663,,,
vsefalcons,instagram,709fceba-e311-48e7-9057-f54a587abf4a,eae2af15-0559-4357-8291-5a9d7d474ba6,IG Story,VIDEO,31.3.2026 16:46:59,srovnává 🎯,https://www.instagram.com/stories/vsefalcons/3865098126155638357,989,942,,,
@riderspardubice,instagram,4d6a67ab-9313-4f77-a82e-abb18adbca5d,5ed1a1eb-886e-4154-bacf-07282e868e93,IG Story,VIDEO,1.9.2026 9:42:53,🔥🔥,https://www.instagram.com/stories/riderspardubice/3976500100927190702,,757,,,
@univerzitnihokej,facebook,01b45180-0b14-4a14-96e8-d0a4bab1fb9f,af9658e5-2b9d-4c2d-a35b-642858d657b9,FB Post,IMAGE,26.3.2026 18:56:16,"I když byla letošní sezóna @hcnorthwings plná překážek, bojovali statečně a odnesli si dokonce pohár ze Souboje dobavytelů 💛

Děkujeme, jsme na vás pyšný a těšíme se zase příští sezónu! 👋🏼",https://www.facebook.com/1275398168115026/posts/1271140548540788,1719,,19,,
@218107044725785,facebook,7a942e3e-6c47-4794-9ba7-bbc7b6d40cb3,dcea7030-06ac-4e57-8d6f-51882e876de6,FB Post,ALBUM,29.3.2026 11:38:09,"EMOCE, které chceme zažít v úterý znova 👀 
Jeden zápas. Jedna šance.

A vy u toho prostě musíte být.
🎟️ Vstupenky najdete na našem profilu.",https://www.facebook.com/122282816036218300/posts/122281264010218300,369,,8,,
@riderspardubice,instagram,4d6a67ab-9313-4f77-a82e-abb18adbca5d,fa03bbd2-a4be-49bd-a2b4-f105f266f2cc,IG Story,VIDEO,2.9.2026 7:56:07,,https://www.instagram.com/stories/riderspardubice/3977171147682816289,,1022,,,
@riderspardubice,instagram,4d6a67ab-9313-4f77-a82e-abb18adbca5d,6b5c66c4-3628-4868-a211-6a19026cef6a,IG Reel,VIDEO,16.3.2026 10:50:28,"Doražte na Kopcův Last Dance už 23. března do enteria areny! 🔥

Vstupenky koupíš přes odkaz v BIU!",https://www.instagram.com/reel/DV8UrXyjI_n/,,7826,166,2,15
@univerzitnihokej,instagram,1e114592-3529-4cfe-9977-2598454053af,c8f7cbac-5c1d-4b30-a53a-376f835ed7c9,IG Post,PHOTO,31.3.2026 11:10:59,Oficiálně vypínáme základní část a zapínáme PLAY-IN MODE 😤,https://www.instagram.com/p/DWi-14niFUJ/,,5167,87,1,2
vsefalcons,instagram,709fceba-e311-48e7-9057-f54a587abf4a,05c04939-7e7a-47b6-ae6a-b59cce726655,IG Story,VIDEO,19.1.2026 16:05:25,TAKY UŽ SE NEMŮŽETE DOČKAT?,https://www.instagram.com/stories/vsefalcons/3813618104085793046,,874,,,
vsefalcons,instagram,709fceba-e311-48e7-9057-f54a587abf4a,2e560bb1-3e39-4d94-ae36-47612b6ef41f,IG Reel,VIDEO,4.3.2026 16:02:10,Náš hlavní partner @mosteckamontazni včera v hlavní roli! 🚀,https://www.instagram.com/reel/DVd-ywACEP4/,,2172,58,,8
vsefalcons,instagram,709fceba-e311-48e7-9057-f54a587abf4a,33efe274-31ff-4892-9937-86e31e6ad5c4,IG Story,VIDEO,2.2.2026 18:34:18,,https://www.instagram.com/stories/vsefalcons/3823839916426320483,,1092,,,1
@bitvaoprahu,instagram,d7c8aa06-74fb-4c6c-a7d2-c2fe1bf6d59c,b93df7ab-eaef-481c-b188-f3eec60168a6,IG Reel,VIDEO,12.3.2026 20:36:36,"❤️‍🔥 METROSTAV HALFTIME SHOW v podání @gufrau_official, @matteo_il_ceco, @_victorkal_ & @frantaprachar pohledem @klucisdronem . 🦅👁️",https://www.instagram.com/reel/DVzEToCjiJS/,,32788,615,2,75
@unitedhk,facebook,bfe6cc29-a387-41b9-9bca-b077722556af,068e05ac-0358-495f-a1de-6a4075cbf7db,FB Video,VIDEO,20.3.2026 17:22:01,"💋 Pivovarské domy Kiss Cam z derby

Derby není jen o hokeji.

Některé momenty patřily i Kiss Cam.
A někdy to bylo hodně zajímavé 😄

Výherci si odnesli luxusní večeři pro 2 v hodnotě 1500 Kč.

Díky partnerovi @pivovarskedomy za tenhle moment, na který se jen tak nezapomíná.

Podívej se ve videu.

🖤🧡❤️",https://www.facebook.com/reel/767399139530752/,1632,262,4,,
@218107044725785,facebook,7a942e3e-6c47-4794-9ba7-bbc7b6d40cb3,c1358534-6398-41de-b4c3-dde1063e2117,FB Post,IMAGE,8.4.2026 22:18:28,"ZAVŘENO! ❌🥅

Matyáš Peyerl vychytal ve finále play-in nulu a proti Black Dogs si připsal rovnou 36 úspěšných zákroků 🧱",https://www.facebook.com/122282816036218300/posts/122283091394218300,1391,,76,,
@AkademiciPlzen,facebook,d87b94e3-03e8-45d0-b92e-75e9b819545c,a79c7d4e-bb89-4666-b607-e4e4a015a65c,FB Video,VIDEO,8.8.2026 10:20:48,"Odkdy jsou naši kluci tak sebekritický? 🥲

Vyzpovídali jsme je po prvním tréninku… a takovou upřímnost jsme ani nečekali. 🤯
Trochu to bolí, ale klid — pomalu a jistě jsme zpátky, přehání.☝🏻😁

#akademiciplzen #univerzitnihokej",https://www.facebook.com/reel/1046479214890841/,972,417,6,,
vsefalcons,instagram,709fceba-e311-48e7-9057-f54a587abf4a,dd950184-4e3c-4770-979c-9f62a416c9ba,IG Story,VIDEO,7.5.2026 12:20:44,👉🏼 👈🏼,https://www.instagram.com/stories/vsefalcons/3891780579494520851,,2694,,,11
@riderspardubice,facebook,f99ed6c3-17cc-46f4-a32e-d9b0576ce2df,1fd2ec29-c7d0-44e3-a3b5-f00976026dec,FB Video,VIDEO,5.3.2026 19:13:43,"🐱 V pondělí za námi do enteria areny přijedou @blackdogsbudweis_vste! 🐕

A my při této příležitosti společně podpoříme KoČIČÍ depozitum Lovčice! 

Jak můžete opuštěným kočičkám pomoci s námi? 
- přineste s sebou na zápas kočičí žrádlo - granule, konzervy, ňaminky 
- přispějte finančním darem - ideálně v hotovosti na místě nebo pomocí QR kódu na kostce.

Minulý semestr jsme pomohli pejskům z @farma_u_veselyho_psa, tak pojďme znovu spojit síly a tentokrát pomoci kočičkám z KoČIČÍ depozitum Lovčice! 

Vstupenky za zapas koupíš přes odkaz v BIU!",https://www.facebook.com/reel/1478371013624033/,784,228,11,,
@218107044725785,facebook,7a942e3e-6c47-4794-9ba7-bbc7b6d40cb3,75ddc366-3115-4ad6-bb24-865c267c80bf,FB Post,IMAGE,17.9.2026 6:26:57,"ať víte co (nebo kdo) vás v úterý čeká a nemáte v tom hokej 🙌🏼

Lístky stále v prodeji v appce UniLife nebo na našem profilu 🎟️",https://www.facebook.com/122282816036218300/posts/122306874326218300,242,,8,,
@univerzitnihokej,instagram,1e114592-3529-4cfe-9977-2598454053af,94cd3ed1-ceb8-4876-aa68-288c1e19ebfe,IG Post,IMAGE,4.3.2026 21:31:47,"Největší hlad na ledě dnes měl @_rihastepan_ 👀🔥

Odměna za výkon?
ZOTT HUNGRY pro dnešního nejhladovějšího hráče. 🥛 #zott #zotthungry #zotthungrydrinkthis",https://www.instagram.com/p/DVeksIVCJa5/,,5977,107,,5
@united_hk,instagram,b18c071b-0570-48b2-b743-990c668c3c5b,cecc2c09-950b-49c5-b5b4-c3bea50d2d2a,IG Reel,VIDEO,2.9.2026 16:52:00,"Hokej je zpátky. Nová sezóna startuje! 

Souboje, góly, led a Otvírák - první domácí zápas nové sezóny.

Buď u toho s námi! 

29. září.
UNIted HK × BO Ostrava.
ČPP aréna.

🎟️ Prodej spouštíme 7. 9.

unitedhk.cz/otvirak",https://www.instagram.com/reel/DcysmqFoXjg/,,4805,134,2,26
@akademiciplzen,instagram,65494228-95bf-4f7b-8e68-d47d7262db66,ca1febc2-5077-4d6c-8f33-26a248f2cb82,IG Story,VIDEO,12.9.2026 9:20:09,TAK NEVÁHEJ A PŘIJĎ SI ZAHRÁT! 24. 9. SE CHYSTÁ STUDENTSKÝ TURNAJ! 🎾 @beerik09  @padelslaviaplzen,https://www.instagram.com/stories/akademiciplzen/3984461198182771509,,1538,,,10
@akademiciplzen,instagram,65494228-95bf-4f7b-8e68-d47d7262db66,1101ab28-bbfb-4520-b8fd-7872610524bb,IG Story,VIDEO,9.4.2026 20:42:18,"🤩 FOTOREPORT 
Z DNEŠNÍHO BRUSLENÍ",https://www.instagram.com/stories/akademiciplzen/3871739515455206697,,444,,,1
vsefalcons,instagram,709fceba-e311-48e7-9057-f54a587abf4a,d6ea65cb-89ee-4c08-8fcd-56436cbca2b6,IG Story,VIDEO,6.2.2026 17:30:45,,https://www.instagram.com/stories/vsefalcons/3826707064886426143,,748,,,
@boostrava,instagram,1176ddaf-d366-48a2-9639-3c6694c72c85,bd7cb543-4a87-4d42-b2bc-efc998a6fbfd,IG Post,IMAGE,20.8.2026 18:25:21,"Dneska jsme chtěli pořádně prověřit nové tváře. 🦈🔥 A byla to bitva až do konce! Skóre se drželo dlouho na dostřel, soupeř ale v závěru pojistil výhru gólem do prázdné branky. 

#hockey #boostrava",https://www.instagram.com/p/DcRZb3cM-7y/,,4006,103,2,7
@cvutengineers,instagram,11963a07-7f0f-48e6-9d81-aa63a7ff4a04,eace6375-550f-4a70-85fd-efb202f09c44,IG Story,VIDEO,9.4.2026 14:28:29,"POKUD NA SEZENÍ, SEKTORY D a E SE NACHÁZÍ ZA NAŠÍ STŘÍDAČKOU  JESTLI CHCEŠ NA FINAL FOUR FANDIT S TÍM NEJLEPŠÍM KOTLEM, TAK POŘIZUJ LÍSTKY NA STÁNÍ @engineerskotel",https://www.instagram.com/stories/cvutengineers/3871551372986726515,,843,,,28
@univerzitnihokej,facebook,01b45180-0b14-4a14-96e8-d0a4bab1fb9f,efca520f-7317-44fd-803f-56d0ca717bc6,FB Video,VIDEO,26.3.2026 23:31:13,,https://www.facebook.com/reel/1280278980706660/,,,,,
@united_hk,instagram,b18c071b-0570-48b2-b743-990c668c3c5b,fef3cfcb-3308-4b78-bae1-890f7349b839,IG Post,IMAGE,28.7.2026 12:07:10,"Necelý týden do prvního tréninku na ledě. Ještě naposledy se ale vracíme do Tesla Gymu.

V archivu jsme našli moment, kdy náš marketingový ředitel Michal Ševčík očividně předává Matějovi Voděrackému svoje dlouholeté zkušenosti se silovým tréninkem.

Co mu podle vás právě říká? 👇

Nejlepší hlášky doplníme přímo do fotky a zveřejníme ve Stories.",https://www.instagram.com/p/DbVgH7Eoiow/,,5014,57,5,7
@akademiciplzen,instagram,65494228-95bf-4f7b-8e68-d47d7262db66,11dda7c3-9167-442f-8670-472f4fa43086,IG Story,VIDEO,1.9.2026 22:07:30,,https://www.instagram.com/stories/akademiciplzen/3976874884353277519,,142,,,
@boostrava,instagram,1176ddaf-d366-48a2-9639-3c6694c72c85,6fc2bccf-edc1-404d-9ecf-62041b1507f3,IG Story,VIDEO,31.3.2026 9:11:44,CELÝ ČLÁNEK,https://www.instagram.com/stories/boostrava/3864868978049176857,,841,,,
@akademiciplzen,instagram,65494228-95bf-4f7b-8e68-d47d7262db66,a5a7377a-78d5-434c-b7d3-b062b31f134c,IG Story,VIDEO,20.8.2026 20:35:34,,https://www.instagram.com/stories/akademiciplzen/3968131303186638355,,520,,,12
@boostrava,instagram,1176ddaf-d366-48a2-9639-3c6694c72c85,bf0f2bf3-4065-4c39-ab1b-eca6ccb1dba4,IG Story,VIDEO,20.8.2026 18:28:31,,https://www.instagram.com/stories/boostrava/3968067436184119361,,478,,,8
@united_hk,instagram,b18c071b-0570-48b2-b743-990c668c3c5b,cf93d152-a3db-4495-a2de-d9f08d0357c1,IG Story,VIDEO,11.4.2026 8:24:17,,https://www.instagram.com/stories/united_hk/3872817319479083660,,640,,,
@AkademiciPlzen,facebook,d87b94e3-03e8-45d0-b92e-75e9b819545c,75f25ae6-054b-404a-beb8-67e18ec701b0,FB Post,IMAGE,5.9.2026 19:19:15,"Jedno město. Dvě školy. Jen jeden vítěz. 

13. ročník BITVY O PLZEŇ je tady! 🔥

Na ledě nás čeká další kapitola toho největšího studentského derby. ⚔️ 

Roky rivality. Tisíce fanoušků. Atmosféra, na kterou se nezapomíná. 🤫

Opět tě čeká nezapomenutelná HALFTIME SHOW přímo na ledě a po závěrečné siréně si tenhle večer společně užijeme na legendární Afterparty. 🍻

Teď zbývá jediná otázka…

Překonáme loňský rekord počtu fanoušků? 👀

Spuštění nejlevnějšího předprodeje pouze na 24 hodin už brzy... 🤫⏳",https://www.facebook.com/1357105236437494/posts/1491673749647308,1950,,19,,
@univerzitnihokej,facebook,01b45180-0b14-4a14-96e8-d0a4bab1fb9f,a4b1686c-27ab-4f0e-80aa-f445c51cc518,FB Post,IMAGE,9.4.2026 9:45:22,UK Kings se 16.4. vrátí zpět do Edenu 👑 Vstupenky na finalfour.cz 🎟️,https://www.facebook.com/1275398168115026/posts/1281841337470709,506,,2,,
@riderspardubice,instagram,4d6a67ab-9313-4f77-a82e-abb18adbca5d,d535cedf-250b-450b-8337-4499bc702261,IG Story,VIDEO,16.9.2026 9:50:13,@feskaupce @seznamovakfes @fchtpardubice @upce_en @upce_en @fzs_upce @fei_upce @fr_upce @fzs_upce @visitpardubice,https://www.instagram.com/stories/riderspardubice/3987375431842096593,,3960,,,6
@VUTCavaliersBrno,facebook,3351b43e-4b71-442b-b2f1-920cd6e57ee5,67e8b244-42ab-496c-adc0-13be72bdc807,FB Video,VIDEO,4.3.2026 20:34:11,"Spolupráce, kterou ocení nejen přítelkyně, ale taky spoluhráči v kabině 🛁 Čistá hlava, čistá hra 🧼 @garnier_czsk",https://www.facebook.com/reel/1465494908518879/,1541,704,4,,
vsefalcons,instagram,709fceba-e311-48e7-9057-f54a587abf4a,129f0a94-eda6-49dc-88b0-e45a78e9edd7,IG Post,IMAGE,3.3.2026 22:04:38,"Horská dráha 🎢 po včerejší prohře jsme si zlepšili náladu a porážíme Plzeň 👀

Příští týden ale přijde to nejdůležitější - @cvutengineers a pak @bitvaoprahu 😮‍💨 Get ready!",https://www.instagram.com/p/DVcDp45CC3o/,,3064,78,,10
@united_hk,instagram,b18c071b-0570-48b2-b743-990c668c3c5b,614e6970-3f4e-47a0-a3a0-279b0cafdc53,IG Story,VIDEO,24.8.2026 18:06:58,,https://www.instagram.com/stories/united_hk/3970955623944224101,,435,,,
@unitedhk,facebook,bfe6cc29-a387-41b9-9bca-b077722556af,b95b9c34-70fc-426e-84a3-e9722be13816,FB Story,VIDEO,23.8.2026 13:30:08,,https://facebook.com/stories/122099775710388974/UzpfSVNDOjIzMDQzMzA3MDM3MjUzMTM=/?view_single=1,,,,,
@riderspardubice,instagram,4d6a67ab-9313-4f77-a82e-abb18adbca5d,4f42ba55-14f2-4518-bbe8-b93568e0517d,IG Post,IMAGE,19.9.2026 14:34:41,"V září nás čekají dva zápasy. Jeden domácí a jeden venkovní.🔥

Domácí zápas nás čeká už v pondělí 21. září proti @vste_blackdogsbudweis 🙌🏻

O týden později vyrážíme do Ústí nad Labem za @hcnorthwings 👀

🎟️ Vstupenky na domácí zápas najdeš v BIU!",https://www.instagram.com/p/DdeOYOZovic/,,3887,71,,3
@riderspardubice,instagram,4d6a67ab-9313-4f77-a82e-abb18adbca5d,6970ec01-7aca-4ed7-ac03-c7b6e0c01bfd,IG Story,IMAGE,9.4.2026 14:27:11,,https://www.instagram.com/stories/riderspardubice/3871550720822757784,,582,,,1
@AkademiciPlzen,facebook,d87b94e3-03e8-45d0-b92e-75e9b819545c,aa2ce2ec-4adb-4911-aafb-8a9013c8feaf,FB Post,IMAGE,26.3.2026 19:34:37,"Začíná Play-in. Kdo vyhraje, jde do Final Four. Kdo padne, končí! 

UŽ VE STĚEDU 1. 4. JDEME NA TO! 

#akademiciplzen",https://www.facebook.com/1357105236437494/posts/1352721390209212,281,,3,,
@united_hk,instagram,b18c071b-0570-48b2-b743-990c668c3c5b,c02c7c66-fd1f-44ed-85d3-424653118f32,IG Story,VIDEO,13.9.2026 7:55:51,,https://www.instagram.com/stories/united_hk/3985143555517076503,,864,,,
@united_hk,instagram,b18c071b-0570-48b2-b743-990c668c3c5b,42ec3373-997e-443f-bd8f-baff45508256,IG Story,IMAGE,10.8.2026 13:29:28,,https://www.instagram.com/stories/united_hk/3960669093434506488,,1020,,,2
@univerzitnihokej,facebook,01b45180-0b14-4a14-96e8-d0a4bab1fb9f,3b1e10da-119c-443e-be3d-a74fd5e42a17,FB Post,IMAGE,10.3.2026 22:29:31,V Praze to dnes bylo na ostří nože 🔪 Kings jsou zpátky na vítězné vlně a Engineers nechali Falcons bod po nájezdech 🙌🏼,https://www.facebook.com/1275398168115026/posts/1258313036490206,573,,1,,
@riderspardubice,instagram,4d6a67ab-9313-4f77-a82e-abb18adbca5d,e00c5671-f1f2-4a24-8efb-afdb5c13f0e6,IG Story,VIDEO,2.4.2026 12:18:01,"O POSTUP DO @unihokejfinalfour HRAJEME V PRAZE, TAK DORAŽ A VYBAV SE DRESEM!",https://www.instagram.com/stories/riderspardubice/3866412277331426831,,1179,,,2
vsefalcons,instagram,709fceba-e311-48e7-9057-f54a587abf4a,5bc48de0-f328-4df5-8f6c-a63ab59d57c9,IG Story,VIDEO,16.4.2026 16:41:36,další případ,https://www.instagram.com/stories/vsefalcons/3876691640630932156,1099,1058,,,1
@univerzitnihokej,facebook,01b45180-0b14-4a14-96e8-d0a4bab1fb9f,df08914a-51ea-4015-94dd-f02445d5d05d,FB Post,IMAGE,12.3.2026 21:52:41,Tak tuto výhru ti bude závidět celkej kotel! 🍗,https://www.facebook.com/1275398168115026/posts/1259803803007796,480,,1,,
@akademiciplzen,instagram,65494228-95bf-4f7b-8e68-d47d7262db66,5e26d4df-d899-4de8-9cf0-23f0af1ba14d,IG Story,VIDEO,1.4.2026 17:01:58,🔥 UP WARMIN’,https://www.instagram.com/stories/akademiciplzen/3865830427416353185,,1358,,,
@hcnorthwings,facebook,2b08a479-603b-46e4-8a48-2bc0435ccd53,75efc629-b5d3-420b-919b-c9632497c0e4,FB Post,ALBUM,26.3.2026 19:16:01,"Fakt náročná sezóna, ale nepo*rali jsme se z toho a makali do posledního zápasu 💙💛",https://www.facebook.com/1583651910433365/posts/1578715724260317,473,,11,,
@vutcavaliersbrno,instagram,b384bebf-72f3-4f9d-8b2d-3677709f6966,0ff6fe8f-5db1-4fe8-943f-b334299de81f,IG Story,IMAGE,13.9.2026 16:02:41,konec první třetiny,https://www.instagram.com/stories/vutcavaliersbrno/3985388571550830189,,597,,,
vsefalcons,instagram,709fceba-e311-48e7-9057-f54a587abf4a,a1f14db2-a108-4715-a5cb-19e69d08f4fb,IG Story,VIDEO,12.4.2026 13:47:35,‼️ ‼️ @cvutengineers 👋🏼,https://www.instagram.com/stories/vsefalcons/3873705133443936694,767,948,,,19
@univerzitnihokej,facebook,01b45180-0b14-4a14-96e8-d0a4bab1fb9f,addeb847-a79f-423a-8a71-16e0711257a0,FB Video,VIDEO,12.3.2026 18:00:31,Takové pohyby se asi naučil na farmě 🤭,https://www.facebook.com/reel/26107273248881170/,2072,834,7,,
@cvutengineers,instagram,11963a07-7f0f-48e6-9d81-aa63a7ff4a04,147a52e3-1b2a-4755-8548-10126989e151,IG Post,IMAGE,18.3.2026 21:46:12,Hupsík dupsík 😬,https://www.instagram.com/p/DWCpcu0DGSt/,,6630,188,6,9
@univerzitnihokej,facebook,01b45180-0b14-4a14-96e8-d0a4bab1fb9f,e7f6f107-2112-4dd9-9a12-89418433c1bc,FB Post,IMAGE,13.3.2026 16:51:35,UK Kings Prague ovládli tabulku a 1. místo jim už nikdo nevezme! 👑 Na Bitvě o Prahu po výhře převzali pohár ČAUS. 🏆,https://www.facebook.com/1275398168115026/posts/1260391656282344,1774,,8,,
@218107044725785,facebook,7a942e3e-6c47-4794-9ba7-bbc7b6d40cb3,75fb1500-eef0-4865-9bf7-334a3e8eef44,FB Video,VIDEO,16.4.2026 18:29:43,@michal.danniel otevírat skóre semifinále @unihokejfinalfour 🔥🔥🔥,https://www.facebook.com/reel/1446286533350604/,372,127,4,,
@united_hk,instagram,b18c071b-0570-48b2-b743-990c668c3c5b,e396f13d-cd92-462f-a084-3d3bf5a78ad0,IG Story,VIDEO,10.8.2026 17:37:18,pošlete klukům štěstíčko,https://www.instagram.com/stories/united_hk/3960793863777993538,,1031,,,3
@united_hk,instagram,b18c071b-0570-48b2-b743-990c668c3c5b,39690c82-27ef-419f-8041-81f0c1cbc881,IG Story,VIDEO,8.4.2026 7:10:32,,https://www.instagram.com/stories/united_hk/3870606025032221041,,599,,,
@boostrava,instagram,1176ddaf-d366-48a2-9639-3c6694c72c85,60a1b0c1-6bf4-45b0-8f39-2debc55fdf16,IG Story,VIDEO,19.8.2026 19:25:12,@ostravskederby,https://www.instagram.com/stories/boostrava/3967371134559356986,,842,,,1
@boostrava,instagram,1176ddaf-d366-48a2-9639-3c6694c72c85,b1c6efc0-cdb5-4642-b540-5e28459608e3,IG Reel,VIDEO,23.3.2026 10:26:06,"Sezona se chýlí ke konci a nás čeká poslední zápas základní části! 

Přijďte před play-in ukázat, že BOčko drží při sobě a jde slyšet! 🔥

#ostrava #hockeygame #boostrava",https://www.instagram.com/reel/DWOTiviDJwb/,,3236,48,,19
vsefalcons,instagram,709fceba-e311-48e7-9057-f54a587abf4a,893eac0d-4dfb-43b0-9be0-ae39a224c7f2,IG Reel,VIDEO,17.4.2026 14:56:40,"all eyes on @cech.ondrejj & @drabek_adam 🤩

#vsefalcons #finalfour",https://www.instagram.com/reel/DXPKUgsiPzy/,,13184,403,7,45
@cvutengineers,instagram,11963a07-7f0f-48e6-9d81-aa63a7ff4a04,998815ae-d413-4d78-971f-f701025e282a,IG Story,VIDEO,10.4.2026 10:53:43,@ondra_mann,https://www.instagram.com/stories/cvutengineers/3872168054860066135,,1266,,,2
@AkademiciPlzen,facebook,d87b94e3-03e8-45d0-b92e-75e9b819545c,a69a8892-29c5-4d5a-a08c-ca26566ae9e8,FB Video,VIDEO,2.8.2026 20:46:03,"Na posledním tréninku jsme kluky vyzpovídali ohledně budoucnosti. 👶 

Položili jsme jim jednoduchou otázku: „Komu z kabiny bys nesvěřil svoje dítě?“ 

Na odpovědi se skoro všichni shodli… Filipe, máš pro nás nějaké vysvětlení? 😅

Zítra nás čeká první trénink na ledě v nové sezóně. Uvidíme se zítra! 🫢🏒

#akademiciplzen #univerzitnihokej #unihockey",https://www.facebook.com/reel/2163743887816450/,3548,1795,13,,
vsefalcons,instagram,709fceba-e311-48e7-9057-f54a587abf4a,0a02c193-4c00-4982-84ad-3165e04a2afa,IG Story,VIDEO,8.6.2026 13:49:07,DĚKUJEME ZA PROSTORY @vsecz @ctvsvse 🙏🏼 (kluci to tu milují),https://www.instagram.com/stories/vsefalcons/3915017950167843793,,1454,,,2
@riderspardubice,instagram,4d6a67ab-9313-4f77-a82e-abb18adbca5d,95cd9788-afe6-4bb1-b5ec-876ace2f68ac,IG Story,VIDEO,12.4.2026 14:37:40,,https://www.instagram.com/stories/riderspardubice/3873730316271902818,,1131,,,7
@riderspardubice,instagram,4d6a67ab-9313-4f77-a82e-abb18adbca5d,a69a4520-ddcb-480d-aede-d2b46e1e9aa3,IG Post,IMAGE,2.3.2026 21:20:57,Dnešní duel s @cvutengineers bohužel nevyšel.😭,https://www.instagram.com/p/DVZZxoZDLQz/,,2655,32,2,4
@united_hk,instagram,b18c071b-0570-48b2-b743-990c668c3c5b,d99f5d9b-6390-485f-826b-d639b43fcfa3,IG Story,IMAGE,10.8.2026 19:18:20,5:4 @vlach_andrej  takhle se to OTÁČÍÍÍ!!! 🥅🥅🥅🥅🥅,https://www.instagram.com/stories/united_hk/3960844804212446361,,1091,,,7
@riderspardubice,facebook,f99ed6c3-17cc-46f4-a32e-d9b0576ce2df,52a7e4e4-5450-47df-a979-334dc0c6009b,FB Post,IMAGE,20.3.2026 7:21:34,"V pondělí pro první příchozí @pivoproud u vstupu zdarma! 🤩

🎟️ Vstupenky na derby proti @united_hk koupíš přes odkaz v BIU!",https://www.facebook.com/1592662819534019/posts/1581270447339923,154,,,,
@united_hk,instagram,b18c071b-0570-48b2-b743-990c668c3c5b,aaebf378-d86e-4c5e-811d-d1a91e9b959f,IG Story,IMAGE,13.9.2026 17:01:08,🥅🥅🥅🥅🥅🥅🥅 7:3 @daniel_dundaa,https://www.instagram.com/stories/united_hk/3985418056054112199,,555,,,3
vsefalcons,instagram,709fceba-e311-48e7-9057-f54a587abf4a,477f1902-41c7-4c1c-a07e-72dbc337654a,IG Post,IMAGE,21.4.2026 18:39:10,"Druhá sezóna, podruhé v TOP 4 a letos rovnou s medailema na krku🥉

Byla to horská dráha a velký počet zranění nám nic neulehčoval. Sice jsme nedoletěli až na samotný vrchol, ale to, co jsme během té cesty vytvořili, má pro nás mnohem větší hodnotu.

Děkujeme všem, kteří byli součástí - fanouškům z našeho hnízda za podporu, partnerům za důvěru a všem ostatním, kteří za námi stáli - ať už na ledě nebo mimo něj. 🩵 Loučíme se a už se těšíme, co přinese příští sezóna… protože my letíme dál Vzhůru k výškám 👆🏼

Go Falcons! 🦅",https://www.instagram.com/p/DXZ2wJ7CIKb/,,10109,248,10,6
vsefalcons,instagram,709fceba-e311-48e7-9057-f54a587abf4a,52508683-c57e-4fb9-a099-6b4ca29ca6d2,IG Story,VIDEO,26.1.2026 16:33:45,,https://www.instagram.com/stories/vsefalcons/3818705808385387283,,895,,,
@akademiciplzen,instagram,65494228-95bf-4f7b-8e68-d47d7262db66,5d3394aa-0d0e-439a-8693-fb01c045a8db,IG Reel,REEL,28.3.2026 12:29:49,"Tak co, užili jste si Jarní bitvu? 👀🔥
Protože to nejdůležitější teprve přichází…

Už 1. 4. nás čeká poslední domácí zápas sezony, kterým zároveň odstartujeme vyřazovací část soutěže. Buď u toho s námi a vytvořme doma vítěznou atmosféru! 💙

🎟️ Lístky najdeš v odkaze v biu nebo na
akademiciplzen.enigoo.cz

#akademiciplzen | 🎥 @yzproduction.cz",https://www.instagram.com/reel/DWbZFh3jD4V/,,7226,202,,2
@boostrava,instagram,1176ddaf-d366-48a2-9639-3c6694c72c85,6e1af44f-5322-45bb-affa-2664222d2bb4,IG Post,IMAGE,18.3.2026 8:09:54,"Děkujeme všem, kteří dorazili na včerejší utkání a zapojili se do soutěže o ceny od @b_hockey_czech 🏒
Ceny si převzali také dva nejlepší hráči utkání👏",https://www.instagram.com/p/DWBMDNEDLGi/,,16647,309,,21
@akademiciplzen,instagram,65494228-95bf-4f7b-8e68-d47d7262db66,84f4f081-f3f7-45a2-ae2e-7d955559fe0a,IG Story,VIDEO,1.4.2026 10:38:14,"👆🏻 ⚔️ HEAD 2 HEAD KOUKNI, JAK SI OPROTI FARMÁŘŮM VEDEME",https://www.instagram.com/stories/akademiciplzen/3865637277854876991,,1798,,,
@united_hk,instagram,b18c071b-0570-48b2-b743-990c668c3c5b,9b695a6f-59d5-4352-9f4e-0cf2a5df6af7,IG Post,IMAGE,10.8.2026 19:45:46,"První přátelák máme za sebou. 🏒

ŠAVŠ Raccoons porážíme 6:4.

První zápas, první výhra. Teď zase zpátky do práce.",https://www.instagram.com/p/Db3y8zbiNRj/,,5060,127,2,8
vsefalcons,instagram,709fceba-e311-48e7-9057-f54a587abf4a,e32e5649-4743-4436-8861-7ebbcbab66da,IG Reel,VIDEO,28.2.2026 17:58:53,"Máme tu ještě jeden restík 😬

Přejeme hezkou sobotu s Kubaťákem 🍿📺",https://www.instagram.com/reel/DVT5CZPiPv4/,,7070,163,3,23
@univerzitnihokej,facebook,01b45180-0b14-4a14-96e8-d0a4bab1fb9f,2e585ba1-d4c6-431e-b0b0-46eb7ea323b9,FB Post,IMAGE,10.4.2026 9:57:39,"LUCKY LOSER = ještě jedna šance probojovat se do @unihokejfinalfour 🏆

V neděli se o všem rozhodne a budeme vědět všechny 4️⃣ týmy! 🔥",https://www.facebook.com/1275398168115026/posts/1282597390728437,843,,3,,
vsefalcons,instagram,709fceba-e311-48e7-9057-f54a587abf4a,42bf27c0-6dc7-4159-ab7e-5582baaefc9f,IG Story,VIDEO,24.3.2026 19:00:39,srovnává skóre,https://www.instagram.com/stories/vsefalcons/3860092327201135091,783,714,,,1
@AkademiciPlzen,facebook,d87b94e3-03e8-45d0-b92e-75e9b819545c,e0d43eec-c505-4f3d-ab2d-6a20a41ad8c4,FB Video,VIDEO,7.4.2026 13:57:43,"Nechali jsme na ledě všechno.
Bojovali jsme do poslední chvíle, ale jediný gól v prodloužení rozhodl o našem konci v letošní sezoně.

Děkujeme vám za každou podporu, za každý hlas z tribuny a za to, že jste byli celou sezonu s námi. Bez vás by to nebylo ono. 💙

Slibujeme, že se vrátíme silnější — a doufáme, že znovu s vámi po boku!

#akademiciplzen | 🎥 @yzproduction.cz",https://www.facebook.com/reel/25892675250415488/,843,328,15,,
@BOhokej,facebook,c9082543-a03b-490f-8f97-66d439acce89,0688bcc8-915e-4496-a4ea-c90949189df5,FB Post,IMAGE,17.4.2026 8:02:30,"Sezónu 25/26 máme za sebou🔥
Velké poděkování patří našemu generálnímu partnerovi @vitkovice.steel a všem ostatním za podporu, důvěru a spolupráci. Vážíme si toho, že jste součástí naší cesty! 
DĚKUJEME🧡",https://www.facebook.com/1477974067675582/posts/1491909529615369,701,,6,,
@univerzitnihokej,instagram,1e114592-3529-4cfe-9977-2598454053af,369afb48-7cdb-49ab-9f91-86440a3d4628,IG Story,VIDEO,7.4.2026 19:32:12,,https://www.instagram.com/stories/univerzitnihokej/3870254759756182996,,665,,,
vsefalcons,instagram,709fceba-e311-48e7-9057-f54a587abf4a,53bbdf75-83cf-47f4-8a49-3cf06b7a23e7,IG Story,VIDEO,6.1.2026 19:54:05,,https://www.instagram.com/stories/vsefalcons/3804311128965176963,,1046,,,1
vsefalcons,instagram,709fceba-e311-48e7-9057-f54a587abf4a,62d67565-a203-44f8-aaa1-1ce864bb73b2,IG Story,VIDEO,30.1.2026 18:02:06,,https://www.instagram.com/stories/vsefalcons/3821649366528567878,,640,,,1
@riderspardubice,instagram,4d6a67ab-9313-4f77-a82e-abb18adbca5d,a0825126-960b-46fd-9e3f-cf3533dba5bb,IG Post,IMAGE,28.7.2026 9:02:43,"25/26 season recap - 4️⃣/🔟

🔥První výhra 🔥 

Celých 10 kol čekali Riders na svou první výhru. Ta přišla 24.11. proti @vutcavaliersbrno 
Napínavý zápas nabídl mnoho zajímavých momentů avšak nováček v sestavě Riders, Matěj Terč svými dvěma góly zajistil výhru pro pardubický celek. Tato výhra znamenala první vytoužené vítězství a odraz od dna tabulky.",https://www.instagram.com/p/DbVKxrMIq4c/,,2290,57,,
@univerzitnihokej,instagram,1e114592-3529-4cfe-9977-2598454053af,a7f447f7-5124-4ded-ace2-cf6d764f60e8,IG Post,IMAGE,8.4.2026 7:40:21,"Po páté v letošní sezoně se střetnou Black Dogs s Falcons 😮‍💨 Tentokrát jde o všechno, protože vítěz postupuje do @unihokejfinalfour 🎟️

Komu budete dneska fandit? 👇🏻",https://www.instagram.com/p/DW3NXG_iMwp/,,8566,191,,9
@riderspardubice,instagram,4d6a67ab-9313-4f77-a82e-abb18adbca5d,b30bc7c6-8b23-40fc-8b1b-c5c12a707d27,IG Story,VIDEO,26.8.2026 19:24:22,@machosta_15 🔥,https://www.instagram.com/stories/riderspardubice/3972444155850868256,,763,,,1
@univerzitnihokej,instagram,1e114592-3529-4cfe-9977-2598454053af,25904e4c-e20d-4ce8-a2b5-34fef62e1d22,IG Story,VIDEO,14.4.2026 11:45:44,MÁŠ UŽ SPLNĚNO? 🎟️,https://www.instagram.com/stories/univerzitnihokej/3875093339888473128,,851,,,
@engineersprague,facebook,afd06d1d-7b1c-4f66-8d93-ce4255ab773c,a8895c61-7cef-49f4-a6c4-9b547a6e3867,FB Story,VIDEO,4.3.2026 21:23:59,,,,,,,
@united_hk,instagram,b18c071b-0570-48b2-b743-990c668c3c5b,b4a7a568-3786-4dc1-a131-30e9c23fd8a5,IG Post,IMAGE,22.3.2026 10:22:16,"Náš kapitán Matěj Havlíček dnes slaví narozeniny.

Díky za vedení týmu a práci na ledě i mimo něj.
Užij si to, kapitáne! 🎂

🖤🧡",https://www.instagram.com/p/DWLuXkrCL2d/,,2909,61,,3
@univerzitnihokej,instagram,1e114592-3529-4cfe-9977-2598454053af,b597e161-5b20-4157-a898-fdb4d0d70126,IG Post,IMAGE,22.3.2026 18:24:32,"A jak vypadá naše tabulka před koncem základní části? 🤔
Po vedoucích Kings se drží na 2. místě Engineers, těsně za nimi Black Dogs. Akademici i BOčko mají před sebou rozhodující zápasy, stejně tak Cavaliers a Farmers. ⚔️",https://www.instagram.com/p/DWMlkVqiLo3/,,9465,210,,8
@akademiciplzen,instagram,65494228-95bf-4f7b-8e68-d47d7262db66,ba90b79a-8c58-43c1-b7f1-a20676938772,IG Reel,VIDEO,18.3.2026 18:57:23,"Jak to vypadá v kabině, když se vyhraje důležitý zápas proti UK Kings? Nálada přesně, jak má být! 🙌🏻🔥

Budeme slavit i dnes? 👀
Sleduj zápas proti @vutcavaliersbrno PRÁVĚ TEĎ na Tipsportu! 🎥

#akademiciplzen 💙",https://www.instagram.com/reel/DWCV8BRjPYk/,,6902,245,,
@unitedhk,facebook,bfe6cc29-a387-41b9-9bca-b077722556af,6e2b423e-9c11-4ed3-b645-16a9c4fc39d7,FB Video,VIDEO,12.4.2026 16:04:54,"We listen and we don’t judge: Garnier edition💚

#unitedhk #unihokej #hokej",https://www.facebook.com/reel/1652145659372113/,408,136,1,,
vsefalcons,instagram,709fceba-e311-48e7-9057-f54a587abf4a,72cb3c70-a81b-470d-94a0-78c81e5dae57,IG Story,VIDEO,17.4.2026 14:57:39,,https://www.instagram.com/stories/vsefalcons/3877364120974586760,1197,1214,,1,1
@bitvaoprahu,facebook,75e0f41f-82be-4f82-a77b-82ac11135ed2,7beb4251-1b9f-4782-809a-f99c60b2bcde,FB Post,IMAGE,8.3.2026 8:00:00,"POV: Nevíš ráno co na sebe a tak se koukneš jaký bude počasí... 

Merch všech univerzitních týmů bude v prodeji na místě v den zápasu před halou! 🤝🏻",https://www.facebook.com/1441262177797849/posts/1415745487016185,275,,2,,
@cvutengineers,instagram,11963a07-7f0f-48e6-9d81-aa63a7ff4a04,8f6acb98-60f7-4962-b3b0-3c03f3e25bea,IG Post,IMAGE,12.3.2026 23:17:42,Dali jsme do toho všechno a teď koukáme dopředu! 🫡,https://www.instagram.com/p/DVzWfk0jLbR/,,5679,206,,12
@riderspardubice,instagram,4d6a67ab-9313-4f77-a82e-abb18adbca5d,b846f99a-5d1d-4f41-a9f6-e3a050e9edb6,IG Post,IMAGE,6.8.2026 7:54:26,"V neděli 9.8. se s námi můžete potkat na @sportovni_park_pardubice 😍. Najdete nás u Stanoviště č.18 společně s @feskaupce 📍

Přijďte si vyzkoušet střelbu na branku, vyzkoušet hokejovou výstroj a pokecat s našimi hráči🔥

Těšíme se vás!🐎",https://www.instagram.com/p/DbsORMwRYhg/,,3279,43,,11
@riderspardubice,instagram,4d6a67ab-9313-4f77-a82e-abb18adbca5d,e64f09d0-b27d-49c5-9691-97852f80e3ed,IG Story,VIDEO,31.3.2026 20:26:56,,https://www.instagram.com/stories/riderspardubice/3865208891081038424,,610,,,1
vsefalcons,instagram,709fceba-e311-48e7-9057-f54a587abf4a,08eab895-cc38-41ca-b2f2-474faeab2a71,IG Reel,VIDEO,28.2.2026 8:52:26,"Beloved erasmus students at our tuesday game 🌏💙

The next game is this Tuesday so come and support us in this important match 🤜🏽🤛🏽

You can get tickets on the profile 🎟️

#vsefalcons #erasmus",https://www.instagram.com/reel/DVS6hpkiH07/,,9919,183,,40
@bitvaoprahu,facebook,75e0f41f-82be-4f82-a77b-82ac11135ed2,494ddfc8-4cee-4453-b546-5179cb9b9f83,FB Video,VIDEO,13.3.2026 14:24:09,"Kterou příchuť od @vilgainczsk máš nejraději? 😋

Hoď nám do komentářů tu svoji a dej ostatním vědět, která za to prostě stojí. 👍🏼 #bitvaoprahu",https://www.facebook.com/reel/1290040026444542/,969,201,2,,
@hcmuni,facebook,d1f9e9f9-7526-42d4-85aa-13f91e89f7cf,c5fc929e-50ad-46e4-b6b3-d7c8366b92ef,FB Post,IMAGE,18.3.2026 7:40:11,"Derby jak Brno!💙❤️ Poslední zápas základní části bude stát za to 🐻⚔️ Tak si ho nenech ujít a přijď příští středu k nám na Lužánky!

Lístky seženeš u nás v biu🎟️",https://www.facebook.com/1581741777288398/posts/1568708061925103,567,,4,,
vsefalcons,instagram,709fceba-e311-48e7-9057-f54a587abf4a,ce8d7b7c-b763-4d86-9ccf-609509e2628a,IG Story,VIDEO,29.1.2026 18:07:06,🥧 📣,https://www.instagram.com/stories/vsefalcons/3820927104234036349,,803,,,
@bitvaoprahu,instagram,d7c8aa06-74fb-4c6c-a7d2-c2fe1bf6d59c,0910f753-f572-464b-97b0-a916285d67a4,IG Post,IMAGE,12.3.2026 9:35:18,"Venkovní FANZÓNA bude dnes otevřená už od 16:00 ⏰

Naši partneři si tu pro tebe připravili spoustu zábavy, která tě naladí na to mejdlo, co na tebe čeká vevnitř 🔥

A taky stánek s merchem všech týmů! Kde můžeš ještě na poslední chvíli doladit outfit 😮‍💨",https://www.instagram.com/p/DVx5CLEDJam/,,7151,134,,21
@BOhokej,facebook,c9082543-a03b-490f-8f97-66d439acce89,253538f7-4f25-4901-9573-3cced3954b21,FB Post,IMAGE,17.8.2026 15:27:54,"🛡️ Nová zeď do obrany!
David Stratil míří z 2. ligy do BOČKA🔥🫵🏻
Věříme, že svou bojovností, nasazením a prací na ledě bude důležitou součástí našeho týmu.😎 
Díky za důvěru Stráťo, ať se daří✨",https://www.facebook.com/1477974067675582/posts/1603220268484294,383,,2,,
@bitvaoprahu,instagram,d7c8aa06-74fb-4c6c-a7d2-c2fe1bf6d59c,5ea5d14e-666a-49e4-8e0f-615e87a763ea,IG Post,ALBUM,15.3.2026 20:41:26,Repete kdy? 🥹 Nějak se toho čtvrtečního finále nemůžem nabažit ❤️,https://www.instagram.com/p/DV6zrBdjs0R/,,11997,457,,14
@riderspardubice,facebook,f99ed6c3-17cc-46f4-a32e-d9b0576ce2df,a43ba04a-b6d8-4f9c-b3dc-221ce5c8accd,FB Post,IMAGE,14.4.2026 14:16:31,"Pardubáci jedeme do Prahyyyy! 🥁

Sejdeme se před druhou hodinou na Pardubice hl. n. a ve 14:00 vyrazíme směr zimní stadion Eden! 

Na sebe merch nebo červený outfit a do ruky na cestu dostanete @pivoproud 🍻

Těšíte se?!",https://www.facebook.com/1592662819534019/posts/1604500838350217,282,,4,,
@univerzitnihokej,instagram,1e114592-3529-4cfe-9977-2598454053af,cfe9a177-d9df-4244-8be9-7a5c2d39d155,IG Reel,VIDEO,12.3.2026 9:16:07,KFC Chicken detective🕵🏼‍♀️🍗,https://www.instagram.com/reel/DVx2kQWiJJj/,,8773,187,2,11
@univerzitnihokej,instagram,1e114592-3529-4cfe-9977-2598454053af,055da508-e6c5-4b6e-bfe0-3b7874d3c57a,IG Story,VIDEO,8.4.2026 17:42:19,a další… 🔥,https://www.instagram.com/stories/univerzitnihokej/3870924209983598692,,866,,,
vsefalcons,instagram,709fceba-e311-48e7-9057-f54a587abf4a,4029ba33-abea-4e76-b0c4-7709d69b5d48,IG Story,VIDEO,7.4.2026 6:14:17,jak kluci (ne)umí se skřipcem 👧🏽,https://www.instagram.com/stories/vsefalcons/3869862746128928074,802,960,,1,1
@AkademiciPlzen,facebook,d87b94e3-03e8-45d0-b92e-75e9b819545c,6cbb8963-f64d-4f12-a9c8-876a3a6291cc,FB Story,VIDEO,10.9.2026 20:21:30,,https://facebook.com/stories/103234241824606/UzpfSVNDOjIyNTc0MTY3MjQ5OTA5NDA=/?view_single=1,,,,,
@akademiciplzen,instagram,65494228-95bf-4f7b-8e68-d47d7262db66,a0208dc1-0741-4164-abdd-48ed8dcb612c,IG Story,VIDEO,7.4.2026 11:25:08,"NÁŠ MAREK BLÁHA Z @lfp_unikarlova S ŘEDITELEM FAKULTNÍ NEMOCNICE MUDR. VÁCLAVEM ŠIMÁNKEM, PH.D. 🦷",https://www.instagram.com/stories/akademiciplzen/3870009541199184350,,1155,,,
@hcmuni,facebook,d1f9e9f9-7526-42d4-85aa-13f91e89f7cf,ac4dd67f-f0a5-41b4-bcd3-b1f51842ebc8,FB Video,VIDEO,24.3.2026 8:31:31,"Nabíhejte na náš LAST DANCE sezóny proti VUT❗️🔥

středa 19:30 📍Lužánky

🎟️Lístky koupíš zde: 👇🏻

https://hcmuni.enigoo.cz/app/tickets/events/136
#hcmuni",https://www.facebook.com/reel/947124154795501/,967,438,12,,
@hc_muni,instagram,43cd62c8-609d-4ea6-8ce9-cae5242ede0c,adeaed26-d50b-4b6e-83e9-e56b459a8cfd,IG Story,VIDEO,31.8.2026 7:16:32,@b_skalicky72,https://www.instagram.com/stories/hc_muni/3975701668738012919,,233,,,1
vsefalcons,instagram,709fceba-e311-48e7-9057-f54a587abf4a,077537c0-2573-4863-97c4-d086cd9c22e8,IG Reel,VIDEO,9.3.2026 11:26:19,"Kluci očividně nepoznají rozdíl mezi rage bait otázkou a naši normální otázkou 🤷🏽‍♀️

#vsefalcons",https://www.instagram.com/reel/DVqXF1BCFUx/,,245,4,,1
@univerzitnihokej,instagram,1e114592-3529-4cfe-9977-2598454053af,7dbd7216-c85c-46dd-98e8-4ba3807235b5,IG Post,IMAGE,14.4.2026 8:43:12,"Vyhraj vstupenky na Beats for Love s našim generálním partnerem ČSOB🎧

Stačí si založit účet přes odkaz v našem biu ☝🏻
Přesměruje tě do aplikace, kde máš během pár minut hotovo ✅

Pro 8️⃣ nejrychlejších máme celodenní vstupenky na @beats.for.love.festival ⚡️🎟️
O dalších 6 se bude soutěžit na @unihokejfinalfour 👀",https://www.instagram.com/p/DXGxUtgiArb/,,9224,21,,10
vsefalcons,instagram,709fceba-e311-48e7-9057-f54a587abf4a,2094ff00-0b25-4415-a349-317539e82d35,IG Story,VIDEO,12.3.2026 18:54:36,,https://www.instagram.com/stories/vsefalcons/3851391593550994349,1304,995,,,1
@bitvaoprahu,instagram,d7c8aa06-74fb-4c6c-a7d2-c2fe1bf6d59c,25b55f1c-90e9-4be8-a189-daf2c652e0e4,IG Reel,VIDEO,12.3.2026 21:24:41,🇨🇿 Holešovice lit up. 💡💡💡,https://www.instagram.com/reel/DVzKAhgDKFz/,,23743,955,1,47
vsefalcons,instagram,709fceba-e311-48e7-9057-f54a587abf4a,e57bc159-af38-4ed8-91ad-af30a4dafa40,IG Story,IMAGE,20.8.2026 8:08:57,,https://www.instagram.com/stories/vsefalcons/3967755517749158892,,17,,,
vsefalcons,instagram,709fceba-e311-48e7-9057-f54a587abf4a,4792372e-faf1-4c6c-918a-501eab11d7e9,IG Story,VIDEO,24.3.2026 20:19:21,snižuje na 4:3,https://www.instagram.com/stories/vsefalcons/3860131588260525261,758,536,,,
vsefalcons,instagram,709fceba-e311-48e7-9057-f54a587abf4a,7f146670-a1aa-4bff-bd08-b0d93c2a64f4,IG Story,VIDEO,11.4.2026 14:45:32,,https://www.instagram.com/stories/vsefalcons/3873009505558626345,866,781,,,1
vsefalcons,instagram,709fceba-e311-48e7-9057-f54a587abf4a,8f83204f-0f74-45bb-b1d3-d89f242b2950,IG Story,VIDEO,16.4.2026 8:27:16,,https://www.instagram.com/stories/vsefalcons/3876442850414086167,1208,1474,,1,
@riderspardubice,facebook,f99ed6c3-17cc-46f4-a32e-d9b0576ce2df,a7c3d0fd-57ef-41b6-bbc6-4bc0760d67dc,FB Post,IMAGE,16.4.2026 15:25:17,Po první třetině 0:0 👀,https://www.facebook.com/1592662819534019/posts/1606382821495352,808,,7,,
@akademiciplzen,instagram,65494228-95bf-4f7b-8e68-d47d7262db66,cb895318-f46d-42af-bcc3-34164fdf3de9,IG Story,VIDEO,10.9.2026 20:13:44,4 : 1  tečka na závěr od MICHALA MATOUŠKA! 🧑🏻‍🍳 @ten_kluk_bez_ucha,https://www.instagram.com/stories/akademiciplzen/3983343168745378726,,597,,,2
@riderspardubice,facebook,f99ed6c3-17cc-46f4-a32e-d9b0576ce2df,cd0e308d-fb52-47ac-83a1-e62ac8bef97c,FB Post,IMAGE,17.4.2026 16:28:33,Otočíme to v poslední třetině? 🤯,https://www.facebook.com/1592662819534019/posts/1607436634723304,398,,4,,
@riderspardubice,facebook,f99ed6c3-17cc-46f4-a32e-d9b0576ce2df,daaa4668-f4e8-490b-90a8-5e333d7fab49,FB Video,VIDEO,12.4.2026 17:03:46,Kdo za námi dorazí do Prahy? ❤️‍🔥,https://www.facebook.com/reel/1216415310355244/,1127,441,11,,
@cvutengineers,instagram,11963a07-7f0f-48e6-9d81-aa63a7ff4a04,f6099667-8724-482e-9261-1716c6fa7ea6,IG Post,IMAGE,12.3.2026 8:13:08,"Finále Bitvy o Prahu je konečně tady! ⚔️

Čekání skončilo. Už dnes od 20:00 vypukne dlouho očekávaný duel proti UK 🔥. Slibujeme napínavou bitvu a vyhrocenou atmosféru, ve které se rozhodne o jediném – kdo ovládne Prahu. 🗝️🦁

Buďte u toho s námi. Těšíme se na vás! 👋🏻

Dnes | 20:00 | Finále Bitvy",https://www.instagram.com/p/DVxupS9DJKJ/,,7691,122,,10
@hcmuni,facebook,d1f9e9f9-7526-42d4-85aa-13f91e89f7cf,3465f213-9708-4a8f-836b-10e9747a8259,FB Post,IMAGE,18.3.2026 9:49:13,"GAME DAY JE TADY 🔥🔥🔥 doufáme, že se uvidíme v 19:30 na Lužánkách💙👊🏻

Lístky koupíš u nás v biu🎟️

#hcmuni",https://www.facebook.com/1581741777288398/posts/1568771585252084,252,,4,,
@AkademiciPlzen,facebook,d87b94e3-03e8-45d0-b92e-75e9b819545c,53e82c91-7e70-4569-95dd-64aac6fcb314,FB Video,VIDEO,15.3.2026 19:23:05,"Queen of multitasking @kaiser_sim_ 🚴🍰

#akademiciplzen 💙",https://www.facebook.com/reel/916995060909032/,2133,951,2,,
@vutcavaliersbrno,instagram,b384bebf-72f3-4f9d-8b2d-3677709f6966,47783722-fb41-4841-acc0-c609d7a78770,IG Story,VIDEO,23.8.2026 13:56:59,poslední střelby letošního TRYOUTu 🏒 @malkin_2006,https://www.instagram.com/stories/vutcavaliersbrno/3970105043772259414,,594,,,
@united_hk,instagram,b18c071b-0570-48b2-b743-990c668c3c5b,4cf6df26-0615-4029-ae2a-56a3fe28c787,IG Story,VIDEO,10.8.2026 19:22:30,EMPTY NET pro @daniel_dundaa,https://www.instagram.com/stories/united_hk/3960846828735842083,,719,,,
@cvutengineers,instagram,11963a07-7f0f-48e6-9d81-aa63a7ff4a04,604cc358-5bf8-4672-9890-ac7dd16f0a97,IG Story,IMAGE,17.4.2026 19:03:12,0 0 2,https://www.instagram.com/stories/cvutengineers/3877487844579407018,,1347,,,6
@AkademiciPlzen,facebook,d87b94e3-03e8-45d0-b92e-75e9b819545c,6c662a47-1fbd-476a-b725-f47ab00b0071,FB Video,VIDEO,3.3.2026 20:09:38,"Chceš se napít za free na after? 🍹 Zítra máš ideální šanci!

— Doraž zítra v 17:30 do fanzóny, 
— ohákni se do modrobílého,
— dones ten největší transparent, co zvládneš vyrobit! 🏒

Doraž udělat kotel, vidíme se tam! 💙

#akademiciplzen #jarnibitva",https://www.facebook.com/reel/1645011893341150/,559,239,2,,
@vutcavaliersbrno,instagram,b384bebf-72f3-4f9d-8b2d-3677709f6966,c0b0f70b-1418-4d4d-947a-e702c54de96e,IG Story,VIDEO,22.8.2026 14:07:20,,https://www.instagram.com/stories/vutcavaliersbrno/3969385479279223831,,692,,,
vsefalcons,instagram,709fceba-e311-48e7-9057-f54a587abf4a,e7f30e5b-c9ac-468e-ab88-d4f9b9e8ac9e,IG Post,IMAGE,10.2.2026 22:00:55,"Těžký.

Příští týden s čistým štítem. 🫶🏼",https://www.instagram.com/p/DUl-FxniM-R/,,2387,47,,2
@unitedhk,facebook,bfe6cc29-a387-41b9-9bca-b077722556af,0af1f2de-b629-4d8a-a888-a2fb91ecf40a,FB Story,IMAGE,6.9.2026 17:36:44,,https://facebook.com/stories/122099775710388974/UzpfSVNDOjEzOTE1MjI1MDI0ODIzNjM=/?view_single=1,,,,,
vsefalcons,instagram,709fceba-e311-48e7-9057-f54a587abf4a,158ab0c3-29e3-40c4-b34c-85342389d040,IG Story,VIDEO,31.3.2026 16:27:55,@one__timer 🐇 chytil jsi ho?,https://www.instagram.com/stories/vsefalcons/3865088544654003594,983,1028,,2,5
@boostrava,instagram,1176ddaf-d366-48a2-9639-3c6694c72c85,54a2b5b5-3ac8-4f28-9f9b-713939fc699b,IG Post,PHOTO,31.3.2026 21:15:25,"Sezona pro nás prvním zápasem play-in skončila ☹️

Děkujeme všem za uplynulou sezonu 🔥

#hockey #playin #lastdance",https://www.instagram.com/p/DWkBviDDLOW/,,2489,59,3,6
vsefalcons,instagram,709fceba-e311-48e7-9057-f54a587abf4a,7f271527-054f-491f-b5c2-4ddfe50dda9f,IG Story,VIDEO,14.4.2026 11:06:56,"Jestli si chceš zkrátit čekání, můžeš dnes podpořit kluky na florbale 👈🏼",https://www.instagram.com/stories/vsefalcons/3875073806637221367,637,740,,,
@cvutengineers,instagram,11963a07-7f0f-48e6-9d81-aa63a7ff4a04,94a44792-7730-4d0d-8d0d-d6caf314e97f,IG Story,VIDEO,8.4.2026 20:14:52,"JEDEN TÝM, JEDEN CÍL ✨ ✨",https://www.instagram.com/stories/cvutengineers/3871000965948377786,,722,,,
vsefalcons,instagram,709fceba-e311-48e7-9057-f54a587abf4a,a9169882-b132-4823-9a22-35d435f8b5a4,IG Story,VIDEO,12.2.2026 13:09:59,HOP @stracajunior 🐎,https://www.instagram.com/stories/vsefalcons/3830924443363311698,1232,1679,,,1
@univerzitnihokej,facebook,01b45180-0b14-4a14-96e8-d0a4bab1fb9f,d6fbd6f4-08cd-413b-80e2-aee6f1fc190d,FB Post,ALBUM,31.3.2026 10:02:48,"Dnešní druhý duel PLAY-IN👀

Ostrava 🆚 Riders 
Jeden zápas, který o všem rozhodne! Kdo postoupí do finále? 👇🏻",https://www.facebook.com/1275398168115026/posts/1274750808179762,289,,,,
vsefalcons,instagram,709fceba-e311-48e7-9057-f54a587abf4a,e123a688-8b0c-492d-afca-ce98ae87bece,IG Reel,VIDEO,31.3.2026 18:35:29,Jonáš Jobánek nám v prodloužení proti @united_hk zajistil POSTUP DO FINÁLE PLAY-IN 💪🏼🥹,https://www.instagram.com/reel/DWjxoJEiPoH/,,13526,366,1,18
@cvutengineers,instagram,11963a07-7f0f-48e6-9d81-aa63a7ff4a04,f74f8318-1fe4-43b3-9658-b620da1b0a81,IG Story,VIDEO,7.4.2026 17:30:34,TĚŠÍME SE NA VÁS!,https://www.instagram.com/stories/cvutengineers/3870193465430949775,,723,,,
@united_hk,instagram,b18c071b-0570-48b2-b743-990c668c3c5b,5ed989a8-6e41-4597-8346-997b5622b439,IG Story,VIDEO,11.4.2026 18:53:19,,https://www.instagram.com/stories/united_hk/3873134221577426503,,412,,,
@united_hk,instagram,b18c071b-0570-48b2-b743-990c668c3c5b,be7f7a83-c35f-4aa1-af42-3af10cd2d2a9,IG Post,IMAGE,17.8.2026 13:49:32,"Rodina partnerů UNIted HK se rozšiřuje.

Pro sezonu 2026/27 vítáme čtyři nové partnery — Amity drinks, Futurum Hradec Králové, Lékárny IPC a Montela MH.

Díky za důvěru a vítejte v UNIted HK.

Těšíme se na společnou sezonu.",https://www.instagram.com/p/DcJLvuaiMvY/,,3503,84,,20
@bitvaoprahu,facebook,75e0f41f-82be-4f82-a77b-82ac11135ed2,57f6e411-b4aa-4e2f-8a94-de12d3604c5d,FB Video,VIDEO,12.3.2026 13:59:20,"Udělej dneska na Bitvě dobrej skutek! ❤️‍🩹

Přímo na hale za sektorem UK a ČZU najdeš zápisová místa do registru dárců kostní dřeně. Tak se tam zastav! 👊🏼",https://www.facebook.com/reel/1455435872692611/,389,116,1,,
vsefalcons,instagram,709fceba-e311-48e7-9057-f54a587abf4a,5af70354-36e3-4794-8bdd-8a905d657ba5,IG Story,VIDEO,26.1.2026 13:58:47,BALÍME SE 🔜 Hluboká nad Vltavou 👋🏻,https://www.instagram.com/stories/vsefalcons/3818627864602403592,,1323,,,2
@218107044725785,facebook,7a942e3e-6c47-4794-9ba7-bbc7b6d40cb3,a16ecae5-6b6d-49ab-b5b9-6108cd7ca5b3,FB Video,VIDEO,13.4.2026 17:42:26,"Final four ve zkratce: dva dny, zábava, atmosféra a hlavně BOJ O TITUL ‼️

U toho prostě nesmíš chybět 💪🏼 Vstupenky koupíš na finalfour.cz 🎟️ Kód VSEFANS pro slevičku 🤫 

#vsefalcons #finalfour",https://www.facebook.com/reel/1456213492646773/,631,226,9,,
@univerzitnihokej,facebook,01b45180-0b14-4a14-96e8-d0a4bab1fb9f,b3fd9cc1-b6b1-4dff-b6b0-cec7342ef85d,FB Post,IMAGE,12.4.2026 8:25:26,"Šanci na poslední volné místo ve Final Four dnes dostávají Black Dogs a Riders 🙌🏼
Kdo z nich ji využije a doplní tak finálovou čtyřku? 🥵",https://www.facebook.com/1275398168115026/posts/1284047603916749,380,,2,,
@riderspardubice,facebook,f99ed6c3-17cc-46f4-a32e-d9b0576ce2df,b6d16fd4-9ec9-48f8-bc17-5b1b98bbb912,FB Post,IMAGE,4.3.2026 21:00:59,Důležitý zápas VYHRÁN! Další 3 body jsou v Pardubicích!💪🏼🥳,https://www.facebook.com/1592662819534019/posts/1567950005338634,338,,8,,
univerzitnihokej,tiktok,01c88cf9-594f-408e-a45a-95114221acae,9310264b-89f1-4d1c-8f4b-5f11773d56e2,TT Video,VIDEO,16.4.2026 18:53:49,Otočí @ČVUT Engineers Prague 🦁 vývoj zápasu? 🧐,https://www.tiktok.com/@univerzitnihokej/video/7629432258956479766?utm_campaign=tt4d_open_api&utm_source=7348986504397455361,,971,40,,1
@riderspardubice,instagram,4d6a67ab-9313-4f77-a82e-abb18adbca5d,9403a1ec-6f6a-43ef-9bdd-f6c9205c19e2,IG Post,IMAGE,1.4.2026 18:42:12,"Jdeme do finále play-in, a to si určitě zaslouží vybavit se našim dresem! 😍

Stačí si přes náš odkaz v BIU založit účet u ČSOB, do soukromé zprávy nám napiš “hotovo” a po kontrole čísla účtu ti předáme dres Riders! 

Tohle je šance vybavit se na finále play-in a získat výhody účtu u ČSOB! 🤩

*Soutěž platí pouze do rozdání zásob - konec zásob oznámíme v komentáři pod tímto příspěvkem.",https://www.instagram.com/p/DWmWE5RjH8m/,,4284,26,,3
vsefalcons,instagram,709fceba-e311-48e7-9057-f54a587abf4a,aaab2766-b07e-44fc-8d13-33b96a0f45ce,IG Story,VIDEO,21.1.2026 14:39:32,⤵️ DENNÍ DÁVKA ROZTOMILOSTI,https://www.instagram.com/stories/vsefalcons/3815024429562890599,,881,,,
@akademiciplzen,instagram,65494228-95bf-4f7b-8e68-d47d7262db66,37ba59fa-a7b4-4f92-9618-8d47f18cf923,IG Story,IMAGE,27.8.2026 19:29:16,,https://www.instagram.com/stories/akademiciplzen/3973171362401493494,,615,,,
@united_hk,instagram,b18c071b-0570-48b2-b743-990c668c3c5b,4b0c68ca-6fb5-4ed6-a632-f4ea090bb099,IG Story,VIDEO,12.4.2026 11:41:04,,https://www.instagram.com/stories/united_hk/3873641316160644267,,694,,,
@akademiciplzen,instagram,65494228-95bf-4f7b-8e68-d47d7262db66,74542f05-93a7-40a5-93a7-2a79d6e12dcb,IG Reel,VIDEO,2.3.2026 14:45:56,"UŽ JEN 2 DNY! ⏳ Neříkejte nám, že ještě nemáte lístek. 🤫 

Poslední šance to napravit je PRÁVĚ TEĎ! 

Nechceme slyšet žádné výmluvy, chceme vás slyšet na tribunách! 😉💙 

🎟️ Lístky v biu.

#akademiciplzen #jarnibitva",https://www.instagram.com/reel/DVYroZdDAxX/,,5404,143,,4
vsefalcons,instagram,709fceba-e311-48e7-9057-f54a587abf4a,ad5bde8e-f6f0-4043-992a-ce53c6075d59,IG Post,IMAGE,13.4.2026 14:09:15,"Justin i během vystoupení fandí Falcons. Justin je cool. Buď cool jako Justin a fandi ve čtvrtek Falcons 🦅

👉🏼 Vstupenky na @unihokejfinalfour seženeš na profilu a s kódem “VSEFANS” máš slevu 15 % 🤑",https://www.instagram.com/p/DXEx13oCOxq/,,3619,116,,11
@engineersprague,facebook,afd06d1d-7b1c-4f66-8d93-ce4255ab773c,d8b061dc-320f-4228-be75-09630e602be2,FB Story,VIDEO,2.3.2026 20:06:33,,,,,,,
@univerzitnihokej,instagram,1e114592-3529-4cfe-9977-2598454053af,e95f3c59-cc11-43d5-8f09-f7728aba09f9,IG Story,VIDEO,12.4.2026 13:04:38,OD ZÍTRA ZDRAŽUJEME SAMOSTATNÉ VSTUPENKY 💸,https://www.instagram.com/stories/univerzitnihokej/3873683498678616231,,1239,,,2
@united_hk,instagram,b18c071b-0570-48b2-b743-990c668c3c5b,331d5da6-1d7a-433a-8251-2401b52afc9e,IG Post,IMAGE,17.9.2026 15:22:09,"Četli jste už rozhovor s naším předsedou Jardou Waltrem? 👀

V aktuálním čísle Salonky HK mluví o univerzitním hokeji v Hradci, UNIted HK i o tom, kam chceme celý projekt posouvat.

📰 Najdete nás v tištěném vydání
💻 nebo online na Salonky HK

https://1url.cz/@salonky-united",https://www.instagram.com/p/DdZK-jlolVi/,,1870,15,,2
vsefalcons,instagram,709fceba-e311-48e7-9057-f54a587abf4a,7302ec7e-01ec-4e9f-9b1c-8780a2f5e096,IG Story,IMAGE,24.3.2026 19:07:07,1 2 Jurak,https://www.instagram.com/stories/vsefalcons/3860095203730270382,779,647,,,
@hcmuni,facebook,d1f9e9f9-7526-42d4-85aa-13f91e89f7cf,da2a8a7e-d588-4a86-bbf9-aabe121ff3c6,FB Video,VIDEO,15.3.2026 17:00:58,"POV: Jsi maskot, ale žiješ lepší život než půlka týmu 🔥 Zero stres, full vibes, protože na led nemusím a slávu mám i tak 🐻✌🏻

#hcmuni",https://www.facebook.com/reel/2238733709867255/,1925,395,11,,
@AkademiciPlzen,facebook,d87b94e3-03e8-45d0-b92e-75e9b819545c,fc91b8f4-c800-45fb-af6d-6fabdd5bf218,FB Post,IMAGE,16.9.2026 10:43:51,"ALUMNI GAME – PRVNÍ DOMÁCÍ ZÁPAS SEZÓNY 🏡🏒

Přijď se rozloučit a poděkovat hráčům z loňské sezóny! 👋🏻

🗓️ 29. 9. 2026
🕖 19:15
📍 LOGSPEED CZ Aréna

Pro prvních 100 návštěvníků máme připravený Proud zdarma. 🍻

‼️ Ještě nemáš lístek na Bitvu? 😶‍🌫️
Na zápase můžeš vyhrát 2× vstupenku na Bitvu o Plzeň + Afterparty a k tomu zásobu energie od Red Bull Česko 🇨🇿 ! 🤩🪽

Přijď i ty vytvořit na zimáku vítěznou atmosféru. 🫵🏻

🎟️ Vstupenky najdeš v odkazu v biu.
📲 V aplikaci UniLife navíc 20% sleva díky ČSOB CZ !

#akademiciplzen | 🎨 káťa 🥵",https://www.facebook.com/1357105236437494/posts/1501019952046021,381,,,,
@unitedhk,facebook,bfe6cc29-a387-41b9-9bca-b077722556af,00b1b0a3-a174-42f3-8e39-2410dd5e2836,FB Story,IMAGE,11.9.2026 7:31:31,,https://facebook.com/stories/122099775710388974/UzpfSVNDOjE4MjMxOTE5NDIwMTM0NjY=/?view_single=1,,,,,
@riderspardubice,instagram,4d6a67ab-9313-4f77-a82e-abb18adbca5d,1d7cc955-2dd2-405d-8f76-16b4a0950310,IG Post,IMAGE,17.4.2026 16:28:18,Otočíme to v poslední třetině? 🤯,https://www.instagram.com/p/DXPU70zjPNL/,,4793,84,,8
@riderspardubice,instagram,4d6a67ab-9313-4f77-a82e-abb18adbca5d,2b205c23-b44a-4fb2-8100-4889c5102b07,IG Reel,VIDEO,12.4.2026 18:01:12,Rozhodující gól od @beny_m15 🥅🏒,https://www.instagram.com/reel/DXCngfKDKP7/,,13862,505,15,29
@riderspardubice,instagram,4d6a67ab-9313-4f77-a82e-abb18adbca5d,3f0291f3-7c01-4f15-ac42-717588747bfb,IG Reel,VIDEO,4.9.2026 6:26:57,Takhle to vypadalo v úterý na @seznamovakfes 😍,https://www.instagram.com/reel/Dc2vLgCojw4/,,7470,117,,16
@riderspardubice,instagram,4d6a67ab-9313-4f77-a82e-abb18adbca5d,63eddb34-8635-4865-b659-767cf4588628,IG Story,VIDEO,8.4.2026 19:00:44,"@63skorpiz 
a jeho maska  @garnier_czsk 🚿",https://www.instagram.com/stories/riderspardubice/3870963635460325034,,542,,,
@engineersprague,facebook,afd06d1d-7b1c-4f66-8d93-ce4255ab773c,9948380b-421a-4d9d-a31b-b9f8e6d39e97,FB Story,IMAGE,10.3.2026 19:34:55,,,,,,,
@bitvaoprahu,instagram,d7c8aa06-74fb-4c6c-a7d2-c2fe1bf6d59c,9e4b6594-ced2-4a41-a66c-23f7898a2786,IG Reel,VIDEO,13.3.2026 6:18:39,"Fantastický finálový večer a strhující podívaná, opět díky vám! 🙏🏼🚀

MOC DĚKUJEME! 💯 #bitvaoprahu 🔜 @unihokejfinalfour",https://www.instagram.com/reel/DV0HFSkjNAA/,,28374,743,,34
@univerzitnihokej,instagram,1e114592-3529-4cfe-9977-2598454053af,9e601a09-c84f-49db-aaf7-a3dfb30ab0c6,IG Post,IMAGE,12.3.2026 15:59:57,FANZÓNA SE PLNÍ 👀🫨 Za chvíli začíná @bitvaoprahu 🔥,https://www.instagram.com/p/DVylEorCPhg/,,23436,694,,35
@bitva_o_budejce,instagram,f977c0af-061e-4c10-813f-da5818f8a748,c2a63683-5256-4e43-87ab-b25b7ed56830,IG Story,VIDEO,15.9.2026 13:27:50,"🤫 TAJNÁ INFORMACE…
Těch 20 % slevu přes Unilife můžeš využít na všechny typy vstupenek. 👀🎟️
Ale pššššt… 🤫 💙 MÁŠ ÚČET U ČSOB?
Stáhni si apku Unilife a máš 20 % SLEVU NA VSTUPENKU na Bitvu o Budějce! 🎟️🔥
Tak proč platit víc? 👀",https://www.instagram.com/stories/bitva_o_budejce/3986760264380624843,,628,,,1
@riderspardubice,instagram,4d6a67ab-9313-4f77-a82e-abb18adbca5d,cad27a2a-31d0-4483-94a0-a4f4a5653e81,IG Post,IMAGE,16.3.2026 17:27:57,"Na zápase tě bude čekat tohle ikonické duo moderátorů! 🔥🔥

Kdo se těší? 

Vstupenky koupíš přes odkaz v BIU! 🔗",https://www.instagram.com/p/DV9CRCXDDPQ/,,9640,197,5,38
@unitedhk,facebook,bfe6cc29-a387-41b9-9bca-b077722556af,4b172e3a-ef8e-4400-a2b0-2c32b0204e0e,FB Video,VIDEO,18.7.2026 14:54:49,"Na našem stánku jsme dnes přivítali jednu z legend českého hokeje, Josefa Marhu. Děkujeme za návštěvu! 🏒

#unitedhk #josefmarha #unihokej #hradeckralove #uhk",https://www.facebook.com/reel/3388371641330451/,5114,2829,54,,
@hc_muni,instagram,43cd62c8-609d-4ea6-8ce9-cae5242ede0c,6d62e519-4dad-43f5-9a06-1d030d840ddd,IG Post,IMAGE,4.3.2026 9:45:33,"GAMEDAY JE TADY!🔥 Už dneska vyzveme sousedy v tabulce @riderspardubice v bitvě o důležité 3 body⚔️
U toho nesmíš chybět!🐻💙

Lístky seženeš u nás v biu🎟️",https://www.instagram.com/p/DVdT3hXjGR1/,,3282,47,,1
@hcmuni,facebook,d1f9e9f9-7526-42d4-85aa-13f91e89f7cf,892b5487-9830-4e68-892f-f7f4f646b302,FB Video,VIDEO,15.9.2026 17:18:09,"Your jersey number = how old you are😭🩼👼🏼🍼

#hcmuni",https://www.facebook.com/reel/1800839034668315/,1101,362,6,,
@univerzitnihokej,instagram,1e114592-3529-4cfe-9977-2598454053af,d53528b9-053d-4c9e-b77a-bdb2cb6d8b3c,IG Story,IMAGE,17.4.2026 16:33:38,,https://www.instagram.com/stories/univerzitnihokej/3877412582871673841,,1626,,,5
@cvutengineers,instagram,11963a07-7f0f-48e6-9d81-aa63a7ff4a04,0e73565a-55ae-41d3-84db-e55ce69baeee,IG Story,VIDEO,17.4.2026 16:50:27,,https://www.instagram.com/stories/cvutengineers/3877420669462180363,,1531,,,
@AkademiciPlzen,facebook,d87b94e3-03e8-45d0-b92e-75e9b819545c,37628ac8-9490-491d-881c-a895722e3201,FB Story,IMAGE,16.9.2026 20:00:00,,https://facebook.com/stories/103234241824606/UzpfSVNDOjEzNjg4NjI4MjQ5Nzc1ODk=/?view_single=1,,,,,
@univerzitnihokej,instagram,1e114592-3529-4cfe-9977-2598454053af,3d7332e6-7d17-4998-8674-97ed98fd1871,IG Post,IMAGE,30.3.2026 16:04:21,Všechny zápasy PLAY-IN sledujte živě na @sport_ct ➕📺 Program zápasů u nás na profilu! 👆🏻,https://www.instagram.com/p/DWg7kpNiKbw/,,12615,147,,26
@riderspardubice,instagram,4d6a67ab-9313-4f77-a82e-abb18adbca5d,643fabde-ddbc-42bb-b408-6461a849a828,IG Story,VIDEO,26.8.2026 19:53:15,,https://www.instagram.com/stories/riderspardubice/3972458658797809052,,616,,,7
vsefalcons,instagram,709fceba-e311-48e7-9057-f54a587abf4a,e846bbe6-c72a-4c07-a2e5-0f0128a2ef25,IG Story,VIDEO,31.3.2026 16:02:21,*a nebo školní lavice 📺,https://www.instagram.com/stories/vsefalcons/3865075649786453038,987,952,,,
vsefalcons,instagram,709fceba-e311-48e7-9057-f54a587abf4a,f6b10d27-0725-4bec-9a9a-8e7d616c0dbb,IG Story,IMAGE,13.3.2026 16:20:44,,https://www.instagram.com/stories/vsefalcons/3852038927054045775,873,838,,,
@akademiciplzen,instagram,65494228-95bf-4f7b-8e68-d47d7262db66,7e687766-1440-4bac-a922-1e5306599a16,IG Reel,VIDEO,12.9.2026 9:05:50,"TÝM STMELEN, PŘÍPRAVA TÉMĚŘ U KONCE! 💪🏻

Minulý týden jsme si byli zahrát padel v parádním areálu @padelslaviaplzen . 🎾

Naprostou demolici ostatních týmů předvedly dvě dvojice — Matěj Gažík & Jan Šibra 🥇 a Matěj Morawetz & Filip Králíček. 🥈👏🏻

A pokud si chcete poměřit síly na kurtu i vy, 24. 9. se v @padelslaviaplzen koná studentský turnaj! 🎾🔥 Z něj se navíc můžete probojovat až na Akademické mistrovství ČR.

Tak co, uvidíme se na kurtu? 👀

#akademiciplzen",https://www.instagram.com/reel/DdLnU-MCzgB/,,6929,149,1,18
@boostrava,instagram,1176ddaf-d366-48a2-9639-3c6694c72c85,8bee51d3-601e-436c-9d72-d3c0910c7c2b,IG Post,IMAGE,14.9.2026 19:22:01,"Narozeniny dnes slaví Janec! 🎂

Všechno nejlepší, Dane! 🎉",https://www.instagram.com/p/DdR3005MDTM/,,1896,62,,
vsefalcons,instagram,709fceba-e311-48e7-9057-f54a587abf4a,9799f26e-a536-4345-9e54-481ebeabf46c,IG Story,IMAGE,2.3.2026 19:03:08,0 1 Daniel,https://www.instagram.com/stories/vsefalcons/3844148158662202080,633,805,,,
@akademiciplzen,instagram,65494228-95bf-4f7b-8e68-d47d7262db66,e1a82c93-d51c-4734-b2a6-7c5daf6d7ffc,IG Post,IMAGE,17.9.2026 19:43:47,"VÍŠ, ŽE SI MŮŽEŠ LÍSTKY NA BITVU A AFTERPARTY KOUPIT VÝHODNĚJI DOHROMADY? 👀🔥

Využij výhodnější balíček Bitva + After a užij si 21. října celý večer s námi! 🤝🏻

🎟️ HOKEJ + AFTER — 400 Kč
🏒 HOKEJ — 250 Kč
🎧 AFTER — 250 Kč

A s nákupem přes UniLife navíc získáš díky ČSOB 20% slevu! 👀

Nejdřív Bitva. Potom Afterparty. Jeden večer, dva zážitky. 🔥

#akademiciplzen",https://www.instagram.com/p/DdZoTBJs8VB/,,8371,85,,21
@unitedhk,facebook,bfe6cc29-a387-41b9-9bca-b077722556af,4a8524e7-a066-475d-9e5b-fece2a335313,FB Video,VIDEO,23.3.2026 16:31:16,"KFC kyblík. Kreativita bez limitů🍗🔥
Jídlo, kbelík… a najednou máš půlku studentského vybavení👩‍🎓
Jak ho využiješ ty?👀
#kfc #kfcplechovykyblik #unitedhk #unihokej",https://www.facebook.com/reel/946238847873993/,719,306,1,,
@riderspardubice,instagram,4d6a67ab-9313-4f77-a82e-abb18adbca5d,999b687b-c867-4587-a6d9-a9eea43c61e8,IG Story,VIDEO,17.4.2026 15:36:06,,https://www.instagram.com/stories/riderspardubice/3877383460004618084,,929,,,
@riderspardubice,instagram,4d6a67ab-9313-4f77-a82e-abb18adbca5d,b22fc17d-1e2f-4b2e-bb3e-695de8e35723,IG Post,IMAGE,20.3.2026 13:00:00,"Vousy + teplákovka = Kopec 

Tak doraž na poslední domácí zápas semestru ve vousech i ty! 

🎟️ Vstupenky koupíš přes odkaz v BIU!",https://www.instagram.com/p/DWG22N7DPMg/,,3873,59,1,19
@218107044725785,facebook,7a942e3e-6c47-4794-9ba7-bbc7b6d40cb3,c17c0b5b-8e50-4998-b7a5-3a6c1592fcf2,FB Video,VIDEO,12.3.2026 8:33:56,"Je to TADY! 🔥
Dneska vás chceme vidět i slyšet. Protože… kdo neskáče, není Falcon! 🦅",https://www.facebook.com/reel/1045772441946417/,676,278,9,,
vsefalcons,instagram,709fceba-e311-48e7-9057-f54a587abf4a,74285ef7-1d60-461a-8c6b-28816fd2212f,IG Post,IMAGE,2.3.2026 21:59:30,Z Budějc se dnes vracíme bez bodů 🤕,https://www.instagram.com/p/DVZeRYkCG30/,,1508,20,,
vsefalcons,instagram,709fceba-e311-48e7-9057-f54a587abf4a,cd3b8b11-d211-4e2d-b930-f6c3c54b31af,IG Story,VIDEO,3.3.2026 21:24:11,3 bodíky domaaa,https://www.instagram.com/stories/vsefalcons/3844943929909182768,645,791,,,
@akademiciplzen,instagram,65494228-95bf-4f7b-8e68-d47d7262db66,ce5517dc-2b0f-406b-bf39-ef911ac78107,IG Story,VIDEO,14.9.2026 12:39:04,ZAVÍTALA K NÁM NA TRÉNINK SPECIÁLNÍ NÁVŠTĚVA 🫢 @pseena26 🤩 🏒,https://www.instagram.com/stories/akademiciplzen/3986010884752457791,,1784,,,4
@hcnorthwings,facebook,2b08a479-603b-46e4-8a48-2bc0435ccd53,f340e485-3738-4cf1-b4e6-ca713a282154,FB Video,VIDEO,16.3.2026 17:20:54,"Ve STŘEDU NAPOSLEDY 🥺

Středa 18. od 18:00 – to si zapište za uši a přijďte si s námi užít #LASTDANCE. 🏒🔥

Poslední domácí zápas sezóny, to si NESMÍTE nechat ujít!🍻

⏰ středa 18.03.2026 | 18:00
📍 Zimní stadion Ústí nad Labem
⚔️ @united_hk 

#univerzitnihokej #myjsmeujep #ceskyhokej #lastdance",https://www.facebook.com/reel/916545467939399/,1176,555,6,,
@univerzitnihokej,facebook,01b45180-0b14-4a14-96e8-d0a4bab1fb9f,4032ba39-f9e2-4805-a788-7f999997e31b,FB Video,VIDEO,12.3.2026 23:08:11,@ukkingsprague jeden pohár prostě nestačí! Naprostí vládci Prahy a zároveň vítězové základní části! 🏆,https://www.facebook.com/reel/1964093797791432/,1446,704,38,,
vsefalcons,instagram,709fceba-e311-48e7-9057-f54a587abf4a,404b5c37-32f8-4467-97bd-15e3ab681870,IG Story,VIDEO,4.5.2026 7:59:14,,https://www.instagram.com/stories/vsefalcons/3889474720521259859,682,94,,,
vsefalcons,instagram,709fceba-e311-48e7-9057-f54a587abf4a,701b0966-c328-4e9e-8f81-62f753c9fa29,IG Story,VIDEO,10.2.2026 18:37:43,@_klobrc  PODPORA NEJVĚTŠÍ I KDYŽ NEMŮŽE BÝT NA LEDĚ 🤕 🫶🏻,https://www.instagram.com/stories/vsefalcons/3829639854917472427,,963,,,2
@univerzitnihokej,instagram,1e114592-3529-4cfe-9977-2598454053af,c6277f06-38dd-4cb5-a244-7bcc17c53a0b,IG Post,IMAGE,11.3.2026 21:34:56,ZOTT nejhladovější hráč @pastak22 🥛Otevřel skóre zápasu a teď si otevře zásobu ZOTT HUNGRY 🤤,https://www.instagram.com/p/DVwmBAVCH-X/,,9020,167,,20
@engineersprague,facebook,afd06d1d-7b1c-4f66-8d93-ce4255ab773c,cf1076d7-f66c-4b5a-a595-f3617d2d0dc6,FB Post,PHOTO,10.3.2026 21:38:40,"2 body jsou naše! Po samostatných nájezdech si odvážíme z Kateřinek cenné body 🔥.  Hlavní vrchol týdne nás ale ještě čeká, Bitva o Prahu je za dveřmi. Vidíme se ve čtvrtek ENGPRG 💙.",https://www.facebook.com/1560924572517692/posts/1542007354409414,726,,6,,
@riderspardubice,facebook,f99ed6c3-17cc-46f4-a32e-d9b0576ce2df,4773d426-c74d-43ea-996c-fef85d992be8,FB Video,VIDEO,23.3.2026 13:30:27,"Svůj zápas dnes @hcpce hraje v Brně a my jim držíme palce a my si to dnes střihneme na domácím ledě v enteria areně! 

🎟️ Vstupenky koupíš přes odkaz v BIU!",https://www.facebook.com/reel/1483183203521829/,10347,4632,73,,
vsefalcons,instagram,709fceba-e311-48e7-9057-f54a587abf4a,7ddb35eb-415b-47f1-b194-bfab7bf478b2,IG Reel,VIDEO,17.2.2026 20:05:25,"O přestávce patřil led malé krasobruslařce z @skk.sparta ⛸️✨ K olympiádě neodmyslitelně tento sport patří a u nás nemohl chybět. 

Děkujeme za vystoupení! 🫶🏻",https://www.instagram.com/reel/DU3yhVACPgN/,,6228,182,3,5
@AkademiciPlzen,facebook,d87b94e3-03e8-45d0-b92e-75e9b819545c,a17448b7-fdf9-419e-86b0-7e54f3022c3a,FB Video,VIDEO,4.3.2026 17:21:22,"JDEME NA TO! 🔥💙 

#akademiciplzen #jarnibitva",https://www.facebook.com/reel/1977181226526819/,1824,759,12,,
@univerzitnihokej,facebook,01b45180-0b14-4a14-96e8-d0a4bab1fb9f,d4d3407b-722b-456c-9fd8-4128dfe60578,FB Post,IMAGE,2.4.2026 19:40:11,Poslední finálový duel se odehraje pro změnu v Budějovicích! Postaví se proti sobě Black Dogs a Falcons 🔥,https://www.facebook.com/1275398168115026/posts/1276787177976125,687,,8,,
@hcnorthwings,facebook,2b08a479-603b-46e4-8a48-2bc0435ccd53,de53c18f-cef0-4af7-923d-1862cc9ffa0d,FB Story,VIDEO,9.9.2026 19:43:49,,https://facebook.com/stories/101955925269645/UzpfSVNDOjE0NDQwNzg2MTA5MjA0MTY=/?view_single=1,,,,,
@unitedhk,facebook,bfe6cc29-a387-41b9-9bca-b077722556af,e78cf4ba-73f1-4ea5-9728-0adb0ec6f15c,FB Video,VIDEO,8.8.2026 9:10:34,"První led. První trénink. A konečně zase tam, kde máme být. 🏒

Sezona se pomalu rozjíždí.",https://www.facebook.com/reel/1718337639207679/,426,160,2,,
@univerzitnihokej,instagram,1e114592-3529-4cfe-9977-2598454053af,b7bc22d3-d4b3-4db1-ad08-fa5ee2fbb176,IG Story,IMAGE,17.4.2026 20:16:53,,https://www.instagram.com/stories/univerzitnihokej/3877524946648995913,,1357,,,
@vutcavaliersbrno,instagram,b384bebf-72f3-4f9d-8b2d-3677709f6966,4f820657-1ce0-4bb0-8644-2800fc32541b,IG Post,IMAGE,7.9.2026 16:39:13,"🏒 ČEKÁNÍ JE U KONCE - HOKEJ JE ZPÁTKY! 🔥

Celé léto byl klid… ale show zase ožívá 👀

Ve středu 23. 9. se Kavalíři poprvé po letní pauze představí doma a u toho prostě nesmíš chybět! 😏

Atraktivní hokej, zábava na ledě i mimo něj, soutěže, pivo a hlavně pořádná studentská atmosféra 🍻🏒
Prostě top středeční večer, který musíš zažít 👈

📅 23. 9.
🕢 19:45
📍 Zimní stadion Kuřim
🏒 Kavalíři vs. @hcnorthwings 

🚌 Doprava je zajištěna
🎟️ Lístky jsou v prodeji už teď

Tak vezmi kámoše, spolužáky, spolubydlící nebo kohokoliv, kdo chce zažít pořádnou hokejovou show 👊

23. 9. se vidíme na zimáku. Tohle si nenech ujít 🔥",https://www.instagram.com/p/Dc_jd3eok2B/,,4766,77,,29
@united_hk,instagram,b18c071b-0570-48b2-b743-990c668c3c5b,843b8aca-4112-4d3e-8a0d-04951a74e868,IG Story,VIDEO,23.8.2026 14:36:39,,https://www.instagram.com/stories/united_hk/3970125484746403321,,598,,,2
@hcnorthwings,facebook,2b08a479-603b-46e4-8a48-2bc0435ccd53,a344c298-88ce-4293-a767-22f38fad9832,FB Post,IMAGE,15.4.2026 11:52:25,"Za měsíc STARTUJE Mistrovství světa v ledním hokeji 🏒🏆
Univerzitní amfiteátr 🏟 bude opět vysílat vybrané přenosy českého národního týmu 🇨🇿 v jedinečné atmosféře pod širým nebem 🌤
Čeká Vás FANZÓNA se soutěžemi a tipováním výsledku 🥅 utkání o ceny 🎁
Občerstvení 🍺 beer&grill 🌭 zajistí opět naše Kavárna Kampuska 🍰
Těšíme se na Vás všechny 🙂

#myjsmeujep #mistrovstvisveta #icehockey",https://www.facebook.com/1583651910433365/posts/1596312495833973,596,,3,,
vsefalcons,instagram,709fceba-e311-48e7-9057-f54a587abf4a,59854c95-ab69-4ffd-9851-9b93462d1520,IG Story,VIDEO,27.8.2026 11:47:52,,https://www.instagram.com/stories/vsefalcons/3972939138382449536,,695,,,1
@218107044725785,facebook,7a942e3e-6c47-4794-9ba7-bbc7b6d40cb3,6805d705-9b80-4d93-9cff-5a15110a3ea7,FB Post,ALBUM,27.3.2026 10:58:54,"PLAY-IN 🟰 jeden zápas, jedna šance 😮‍💨 

V úterý hrajeme o všechno. Buď konec… nebo postup a boj o @unihokejfinalfour 💪🏻 

Potřebujeme naposledy plný hnízdo, který nás dotáhne k vítězství! 🦅

Vstupenky u nás na profilu! 🎟️",https://www.facebook.com/122282816036218300/posts/122280924260218300,299,,4,,
@bitvaoprahu,instagram,d7c8aa06-74fb-4c6c-a7d2-c2fe1bf6d59c,7b15923c-65bd-4183-bba4-b903f9869b8d,IG Post,IMAGE,11.3.2026 11:02:16,Tenhle pochod bude doslova MODRÝ PEKLO! 👹,https://www.instagram.com/p/DVveMVMFycR/,,8196,133,,43
@riderspardubice,instagram,4d6a67ab-9313-4f77-a82e-abb18adbca5d,8dc8feb3-4328-484d-b7f7-04a0c64574a3,IG Story,VIDEO,8.4.2026 19:01:12,ŠPINKA,https://www.instagram.com/stories/riderspardubice/3870963870484003112,,551,,,
@riderspardubice,instagram,4d6a67ab-9313-4f77-a82e-abb18adbca5d,cb120745-6108-4945-b65a-aa4d1e18d8b0,IG Post,IMAGE,28.4.2026 17:24:00,"Tahle sezona byla jízda a my děkujeme všem partnerům za to, že stáli při nás! 👏

#děkujeme",https://www.instagram.com/p/DXruoubjAir/,,1914,116,,
vsefalcons,instagram,709fceba-e311-48e7-9057-f54a587abf4a,e98f5f03-9d12-4b28-868f-010cea83e223,IG Post,CAROUSEL_ALBUM,21.2.2026 10:31:57,"Zápasy bez fanoušků: 🥱📉🥀
Zápasy s fanoušky: 🤩🚀🏆

Bez vás to není takový, tak nás v úterý přijďte podpořit, ať se nám hraje líp! 💙 Vstupenky sežene na profilu 🛍️",https://www.instagram.com/p/DVBEbsfCN1h/,,4728,102,,9
vsefalcons,instagram,709fceba-e311-48e7-9057-f54a587abf4a,fc9709e8-a4aa-4386-bc53-cd8d796cdb49,IG Story,VIDEO,10.3.2026 18:25:38,DETAILY ✨ a šup na led,https://www.instagram.com/stories/vsefalcons/3849927492123527741,859,,,,1
vsefalcons,instagram,709fceba-e311-48e7-9057-f54a587abf4a,958c2120-8df3-4dfe-986f-74d7e1281f6c,IG Reel,VIDEO,14.2.2026 13:40:17,"Láska prochází žaludkem“ 🍽️
Ale projde i testem znalostí? 👀 Jak dobře znají hráči svoje přítelkyně? 

Doufáme, že jsme nikomu z nich nepokazili Valentýn! ❤️‍🩹",https://www.instagram.com/reel/DUvYAAxCExs/,,11424,186,9,33
@bitvaoprahu,facebook,75e0f41f-82be-4f82-a77b-82ac11135ed2,a628a417-aba7-4e5f-8dfe-74e6304925cf,FB Post,ALBUM,14.3.2026 16:18:24,"🇨🇿 THIS SHOW HAD IT ALL! 🪩❤️‍🔥

@foundsoundofficial | 📸 @radekkasik1 | #bitvaoprahu",https://www.facebook.com/1441262177797849/posts/1421782936412440,307,,1,,
vsefalcons,instagram,709fceba-e311-48e7-9057-f54a587abf4a,d9263d6b-01e5-450a-a89c-4fce6984d4f5,IG Story,VIDEO,8.4.2026 15:58:08,➡️⬅️⬆️⬇️↗️↘️↙️↖️,https://www.instagram.com/stories/vsefalcons/3870871751529879128,948,876,,,3
vsefalcons,instagram,709fceba-e311-48e7-9057-f54a587abf4a,ee6a4740-3f53-478f-ba30-0f135d8047c4,IG Story,IMAGE,16.4.2026 19:51:44,,https://www.instagram.com/stories/vsefalcons/3876787520222532958,1071,706,,,
vsefalcons,instagram,709fceba-e311-48e7-9057-f54a587abf4a,133846c9-794d-46cd-8c1a-57b75c17aafe,IG Story,VIDEO,17.4.2026 13:50:39,ROZHEJBAT BOKY PŘED ZÁPASEM part 2,https://www.instagram.com/stories/vsefalcons/3877330384300065550,926,1064,,,4
@akademiciplzen,instagram,65494228-95bf-4f7b-8e68-d47d7262db66,923e6b24-20e0-460d-af40-c7923d952b3d,IG Story,VIDEO,27.8.2026 18:43:25,"DORAZIL SE PODÍVAT I NOVOPEČENÝ BAKALÁŘ, KTERÝ DNES ÚSPĚŠNĚ SLOŽIL STÁTNICE! GRATULUJEME, MATES! 👏🏻 🤩 @morawetzmates",https://www.instagram.com/stories/akademiciplzen/3973148314010700172,,916,,,1
@univerzitnihokej,instagram,1e114592-3529-4cfe-9977-2598454053af,f1e40697-ad41-4d3e-b6bf-695d72aedcb2,IG Post,IMAGE,10.3.2026 17:35:21,"🎬 Vyhraj lístky do CineStar na maraton Heated Rivalry s @hbomaxczsk ! 🔥 Asi k tomu seriálu nemusíme nic dodávat. Tohle prostě chceš vidět na velkém plátně.

Jak se zapojit:
1️⃣ Sleduj náš profil @univerzitnihokej
2️⃣ Do komentáře označ člověka, se kterým bys na maraton vyrazil

📅 Výherce vyhlásíme 12. 3. v 10:00.",https://www.instagram.com/p/DVtlOC_CGdr/,,15261,367,143,279
vsefalcons,instagram,709fceba-e311-48e7-9057-f54a587abf4a,41f7bae9-6406-4d57-b63d-5da854361bd0,IG Reel,VIDEO,31.12.2025 13:38:18,"Rok s rokem se sešel a my vám klasicky přinášíme unposted highlights z tohoto roku. 😎

Děkujeme, že jste u toho byli s námi a vidíme se novém roce! 💙 A moc to dneska nepřežeňte. 🤪",https://www.instagram.com/reel/DS7f0jLCEr1/,,11380,342,13,32
@hsubrno,facebook,86b4295e-45a1-49a4-a7a5-1a550c3f4bec,5fb1d88e-f3fe-4146-909f-c337f37098c0,FB Post,IMAGE,17.9.2026 14:58:03,"🧮 JEDNODUCHÁ MATEMATIKA, KTEROU ZVLÁDNE KAŽDÝ 🤓
🏒 Hokej + 🎉 afterparty = 🔥 jeden pořádný večer
A když vezmeš náš výhodný balíček, máš oboje za lepší cenu 👈
Takže víc zábavy, míň počítání (jestli víš jak to myslíme) 😏🍻
Kdo počítá, ten kupuje balíček 👈 🎟️
👉 hsubrno.cz",https://www.facebook.com/954373716987585/posts/1087994643625491,49,,,,
@akademiciplzen,instagram,65494228-95bf-4f7b-8e68-d47d7262db66,7e5a2f99-3563-437b-b21e-5b41a612bfb1,IG Story,VIDEO,18.9.2026 11:02:19,🏃🏻 🛒,https://www.instagram.com/stories/akademiciplzen/3988861283167516323,,1041,,,
@univerzitnihokej,instagram,1e114592-3529-4cfe-9977-2598454053af,eb78f87c-5a72-478b-b3c5-77d5be0d6059,IG Post,PHOTO,31.3.2026 20:13:06,Druhým postupujícím finalistou se stávají @riderspardubice 🐎,https://www.instagram.com/p/DWj8auACEvt/,,18068,324,8,39
@akademiciplzen,instagram,65494228-95bf-4f7b-8e68-d47d7262db66,f46d5248-d45c-4be2-85a1-41ab22982c99,IG Reel,VIDEO,3.9.2026 10:57:28,"TRYOUT očima hráčů: Očekávání vs. realita 😆

Na tryoutu a na začátku přípravy jsme měli možnost vidět celkem 47 hráčů. 👏🏻Během zápasu oba dny byla na ledě znát pořádná dávka nervozity – každý chtěl ukázat to nejlepší a vybojovat si místo v týmu. 🔥

O tom, kdo se do týmu nakonec probojoval, už trenéři rozhodli… a vy se to dozvíte už brzy. 😎⏳

#akademiciplzen",https://www.instagram.com/reel/Dc0pIuKsiwh/,,13310,270,,19
@univerzitnihokej,instagram,1e114592-3529-4cfe-9977-2598454053af,f98c1f36-06e6-46ed-abbf-2cc7e859eb06,IG Story,VIDEO,17.4.2026 16:33:25,,https://www.instagram.com/stories/univerzitnihokej/3877412459950654429,,1590,,,
@univerzitnihokej,instagram,1e114592-3529-4cfe-9977-2598454053af,b2b0d547-801f-4e15-b4fc-61e42e6196e1,IG Story,VIDEO,11.9.2026 11:44:18,🔥,https://www.instagram.com/stories/univerzitnihokej/3983808982208253012,,3970,,,2
vsefalcons,instagram,709fceba-e311-48e7-9057-f54a587abf4a,2d950905-3e07-432c-a799-b460cf904c0b,IG Story,IMAGE,24.3.2026 20:03:09,4 1,https://www.instagram.com/stories/vsefalcons/3860123408075872777,768,575,,,
vsefalcons,instagram,709fceba-e311-48e7-9057-f54a587abf4a,54f912f5-875a-4d61-a320-f3a4d8917aaa,IG Story,VIDEO,13.5.2026 13:55:17,OBĚD S REKTOREM děkujeme za pozvání 🙏🏻 👀,https://www.instagram.com/stories/vsefalcons/3896176620473958935,,1128,,,17
@riderspardubice,instagram,4d6a67ab-9313-4f77-a82e-abb18adbca5d,d8d40050-2b67-4f0d-8ddd-9f017adc586a,IG Story,VIDEO,12.4.2026 21:12:05,,https://www.instagram.com/stories/riderspardubice/3873928844315238431,,214,,,
@boostrava,instagram,1176ddaf-d366-48a2-9639-3c6694c72c85,f02f430a-64d8-4004-a97b-618352f8d607,IG Story,VIDEO,31.3.2026 17:40:19,@bujak_dominik  V ZÁVĚSU SROVNÁNO 1:1,https://www.instagram.com/stories/boostrava/3865124991813819829,,634,,,1
@boostrava,instagram,1176ddaf-d366-48a2-9639-3c6694c72c85,16eb9dda-8972-4be2-aa08-42adfa0b6540,IG Story,VIDEO,17.9.2026 17:42:40,,https://www.instagram.com/stories/boostrava/3988337995853619982,,539,,,3
vsefalcons,instagram,709fceba-e311-48e7-9057-f54a587abf4a,2e2597c6-c1b1-4ca3-8734-804b287e3d2f,IG Story,VIDEO,1.9.2026 18:41:34,CHYBĚLI JSME VÁM? 👀,https://www.instagram.com/stories/vsefalcons/3976771236524480595,,596,,,42
@cvutengineers,instagram,11963a07-7f0f-48e6-9d81-aa63a7ff4a04,98b759b0-aa78-493c-94e2-ff5e8aa64831,IG Story,VIDEO,8.4.2026 21:57:53,,https://www.instagram.com/stories/cvutengineers/3871052789158040298,,332,,,
@riderspardubice,instagram,4d6a67ab-9313-4f77-a82e-abb18adbca5d,be248b73-780c-43c9-a159-66e6e423010e,IG Story,VIDEO,13.9.2026 16:53:36,,https://www.instagram.com/stories/riderspardubice/3985414203887884942,,604,,,1
@AkademiciPlzen,facebook,d87b94e3-03e8-45d0-b92e-75e9b819545c,c4866a8e-9546-43ca-955c-33569fe69186,FB Story,VIDEO,27.8.2026 16:59:46,,https://facebook.com/stories/103234241824606/UzpfSVNDOjIwOTMxMTA2NDE2MzEyMTQ=/?view_single=1,,,,,
vsefalcons,instagram,709fceba-e311-48e7-9057-f54a587abf4a,f99fe662-7037-4895-9586-e876b8956fa5,IG Story,VIDEO,10.1.2026 16:51:45,,https://www.instagram.com/stories/vsefalcons/3807118473663350345,,753,,,
@riderspardubice,instagram,4d6a67ab-9313-4f77-a82e-abb18adbca5d,3a649657-9208-41bb-bb78-12125587c661,IG Post,PHOTO,31.3.2026 21:26:22,Postupujeme do finále Play-in!!!!!! Pište do komentáře“🥳”!,https://www.instagram.com/p/DWkFa9TDBg-/,,3821,101,,8
@riderspardubice,instagram,4d6a67ab-9313-4f77-a82e-abb18adbca5d,56c3117d-cdf1-4baa-bd7c-757784bb8894,IG Story,VIDEO,17.4.2026 16:53:30,JE TAM! ❤️‍🔥,https://www.instagram.com/stories/riderspardubice/3877422393790833899,,882,,,1
@riderspardubice,instagram,4d6a67ab-9313-4f77-a82e-abb18adbca5d,63e06f48-5f3c-4a65-b2cc-20270a5a143b,IG Story,VIDEO,12.4.2026 12:18:38,2:0,https://www.instagram.com/stories/riderspardubice/3873660704339527517,,1087,,,
@univerzitnihokej,instagram,1e114592-3529-4cfe-9977-2598454053af,80174fd5-9ce6-4c02-b590-3913d338e1a2,IG Reel,VIDEO,12.3.2026 17:02:46,#unihokej partneři baví fans v zóně! 🙌🏻🥰,https://www.instagram.com/reel/DVysB6ViC7O/,,4932,43,,13
@vutcavaliersbrno,instagram,b384bebf-72f3-4f9d-8b2d-3677709f6966,c74c4db2-cbda-4f42-8b38-d50bae9c51aa,IG Story,VIDEO,13.9.2026 15:50:41,🥅 @malkin_2006  v bráně,https://www.instagram.com/stories/vutcavaliersbrno/3985382574339419028,,875,,,2
@riderspardubice,facebook,f99ed6c3-17cc-46f4-a32e-d9b0576ce2df,3eae6011-856f-4054-ad5c-6ff60acd2708,FB Video,VIDEO,27.3.2026 13:04:58,"💸 100 000 Kč může být tvých!

Stačí si založit účet u @csob přes náš odkaz v biu a jsi ve hře 👇

👉 automaticky jdeš do slosování o 100 000 Kč
👉 můžeš získat až 1 500 Kč bonus
👉 a spoustu dalších výhod 

A jo… losujeme už brzy ⏳

Takže jestli to chceš stihnout, je ideální čas 👀

🔗 odkaz v biu",https://www.facebook.com/reel/1238646718380244/,497,166,3,,
vsefalcons,instagram,709fceba-e311-48e7-9057-f54a587abf4a,79819629-946f-4642-bb01-75fac989f2d2,IG Story,IMAGE,17.2.2026 19:32:27,1 1 Strnad,https://www.instagram.com/stories/vsefalcons/3834740804627776261,618,775,,,
vsefalcons,instagram,709fceba-e311-48e7-9057-f54a587abf4a,c5f1e16e-3044-49a6-95e9-95e2fc5579f3,IG Story,VIDEO,8.4.2026 15:56:51,👋🏼,https://www.instagram.com/stories/vsefalcons/3870871094156606099,963,933,,,1
@unitedhk,facebook,bfe6cc29-a387-41b9-9bca-b077722556af,81b4e0cc-25aa-4451-a136-2ac9435b49c5,FB Post,IMAGE,13.8.2026 13:19:38,"O víkendu nás zase najdeš na IRONMANU. 🏊‍♂️🚴‍♂️🏃‍♂️

Už potřetí budeme společně s Univerzitou Hradec Králové součástí hradeckého víkendu ve znamení triatlonu.

📍 Náměstí 5. května
📅 Sobota – Den Labe
📅 Neděle – hlavní závod IRONMAN 70.3 Hradec Králové

Stav se za námi a užij si atmosféru jednoho z největších sportovních víkendů v Hradci.",https://www.facebook.com/122180651084388974/posts/122190836816388974,158,,1,,
@AkademiciPlzen,facebook,d87b94e3-03e8-45d0-b92e-75e9b819545c,96ff165f-0d04-40a0-87fb-72b11851e121,FB Post,IMAGE,4.3.2026 11:28:14,"Co na dnešní utkání říká kapitán týmu Jakub Šucha? 🎤

Buďte u důležitého utkání s námi a pomozte nám vyhrát! 
Otevíráme FANZÓNU už v 17:30. 🤹
Poslední lístky najdeš v biu a na plzenskabitva.cz, nebo nás sleduj v 18:50 na ČT sport! 📺

#akademiciplzen 💙",https://www.facebook.com/1357105236437494/posts/1334479805366704,682,,5,,
vsefalcons,instagram,709fceba-e311-48e7-9057-f54a587abf4a,1ef6d706-2fcf-4ffc-8630-e1fb10a4fd05,IG Story,VIDEO,17.4.2026 17:52:04,BRONZ JE NÁŠ 🥉,https://www.instagram.com/stories/vsefalcons/3877451926900372873,1446,1246,,1,7
@218107044725785,facebook,7a942e3e-6c47-4794-9ba7-bbc7b6d40cb3,423ed249-10c7-4ddf-90b5-e6ab9941984e,FB Post,IMAGE,18.4.2026 20:27:15,"1st Final Four, 2nd Season, 3rd Place 🥉✌🏼",https://www.facebook.com/122282816036218300/posts/122284700882218300,1126,,44,,
@BOhokej,facebook,c9082543-a03b-490f-8f97-66d439acce89,449b7272-447f-4f9c-85de-2220fc9dbfe0,FB Post,IMAGE,10.9.2026 6:15:46,"GAME DAAAAAY‼️🔥 
Dneska je ten den! 🏒 Přijďte podpořit náš tým v atraktivním přátelském utkání proti Opole United!
Možná si říkáte, co jsou vlastně zač. Jde o polský univerzitní klub z Opole, ale nenechte se zmást – většinu jejich kádru tvoří hráči přímo z USA a Kanady, kteří v Polsku studují a hrají. Čeká nás tak parádní hokej v zámořském stylu plný tvrdých soubojů! 🇺🇸🇨🇦
Tak dojdi na Bočko a dej si pivko!",https://www.facebook.com/1477974067675582/posts/1625023952970592,275,,3,,
@akademiciplzen,instagram,65494228-95bf-4f7b-8e68-d47d7262db66,5c07a949-b3da-4278-9239-014260464bfd,IG Story,VIDEO,15.4.2026 13:48:34,JAK SI VEDL KUBA PROTI KRASOBRUSLAŘCE MÁJE? 🧐,https://www.instagram.com/stories/akademiciplzen/3875880024209680330,,1256,,,
@hc_muni,instagram,43cd62c8-609d-4ea6-8ce9-cae5242ede0c,a7bd5784-9f89-4cc8-886f-3236bf4cd868,IG Reel,VIDEO,8.3.2026 11:32:39,"Náš starting grid je připraven!!!🐻🚨💙Tak kdo to letos vyhraje?🏁🏎️
Napiš do komentáře! 💬

#hcmuni",https://www.instagram.com/reel/DVny7GRjCcs/,,5297,133,1,31
vsefalcons,instagram,709fceba-e311-48e7-9057-f54a587abf4a,e6c88a7a-08f4-4fbe-bdaf-1dd962d6884d,IG Post,IMAGE,25.8.2026 19:58:30,Přípravný zápas proti @czufarmers nám dnes nevyšel podle představ ❌,https://www.instagram.com/p/DcecNZsI6-u/,,4236,88,,19
@hcnorthwings,facebook,2b08a479-603b-46e4-8a48-2bc0435ccd53,f3141484-1c04-490e-9c50-af9557cfa14d,FB Video,VIDEO,19.3.2026 8:11:29,🎥 | Přinášíme sestřih branek 25. kola @univerzitnihokej ve kterém studenti @ujepul - HC North Wings podlehli celku @united_hk na domácím ledě v poměru 3:5🏒 #univerzitnihokej,https://www.facebook.com/reel/1239877411629570/,240,58,2,,
@cvutengineers,instagram,11963a07-7f0f-48e6-9d81-aa63a7ff4a04,eb002bfd-7542-4606-b855-72cd7c80ba87,IG Story,VIDEO,26.8.2026 17:09:31,,https://www.instagram.com/stories/cvutengineers/3972376250379158138,,695,,,13
@riderspardubice,instagram,4d6a67ab-9313-4f77-a82e-abb18adbca5d,9c45b901-55db-4119-aee7-b054a203a41f,IG Story,VIDEO,14.4.2026 11:45:42,,https://www.instagram.com/stories/riderspardubice/3875093319420526450,,548,,,1
@united_hk,instagram,b18c071b-0570-48b2-b743-990c668c3c5b,c3a496a2-415b-4468-81a3-0ba0f58bed3b,IG Post,IMAGE,15.8.2026 8:28:52,"Jsme tady. 👋

Dva dny, jedno místo a pořádná porce triatlonu.

📍 Náměstí 5. května
📅 Sobota – Den Labe
📅 Neděle – IRONMAN

Stav se za námi ke stánku UNIted HK a Univerzity Hradec Králové.",https://www.instagram.com/p/DcDc9wCIzCx/,,7338,56,,7
@hsubrno,facebook,86b4295e-45a1-49a4-a7a5-1a550c3f4bec,fa2b6d58-87e4-47d5-9976-c9f16b57a89e,FB Post,IMAGE,19.9.2026 17:14:02,"Tenhle pocit >> 
Tam přece nechceš chybět 👈
hsubrno.cz",https://www.facebook.com/954373716987585/posts/1089742486784040,101,,,,
@hc_muni,instagram,43cd62c8-609d-4ea6-8ce9-cae5242ede0c,bd1cb14b-e0ae-4719-96c7-5e602de178f9,IG Post,IMAGE,5.3.2026 10:24:03,"Včerejší divoká přestřelka ve fotkách🔥🎯 Děkujeme všem za podporu, vidíme se příští týden opět u nás na Lužánkách🐻💙

📸 @zdeny_99 

#hcmuni",https://www.instagram.com/p/DVf9EW_CLFJ/,,7854,174,,17
@engineersprague,facebook,afd06d1d-7b1c-4f66-8d93-ce4255ab773c,4e8ae427-bb9d-4553-aec3-0f5f57d1e354,FB Story,VIDEO,11.9.2026 16:40:40,,https://facebook.com/stories/136066081670222/UzpfSVNDOjE3NzE0MTIzMTA2NDU2ODA=/?view_single=1,,,,,
@riderspardubice,instagram,4d6a67ab-9313-4f77-a82e-abb18adbca5d,7d35dfe1-286d-4cf6-9605-c4b467c3f293,IG Story,VIDEO,12.4.2026 12:25:08,@d.dostal_ OPĚT V AKCI🔥 2:0,https://www.instagram.com/stories/riderspardubice/3873663637189884700,,1086,,,1
@bitva_o_budejce,instagram,f977c0af-061e-4c10-813f-da5818f8a748,9e849d74-0d0a-4264-8fdb-e155b85708a4,IG Reel,VIDEO,12.9.2026 16:00:06,"🚨 JE TO TADY‼️
První vlna vstupenek na Bitvu o Budějce je právě v prodeji. 🎟️🔥

JU × VŠTE
🏒 4. 11. 2026

Kdo jde do toho s námi? 👀",https://www.instagram.com/reel/DdMXZpjhQ_s/,,48404,295,,138
@vutcavaliersbrno,instagram,b384bebf-72f3-4f9d-8b2d-3677709f6966,a0022f37-93ab-44ac-a55e-a93c693b1864,IG Reel,REEL,18.3.2026 9:57:05,@ada.behal on 🔥,https://www.instagram.com/reel/DWBYPcGiKjL/,,3413,88,,3
vsefalcons,instagram,709fceba-e311-48e7-9057-f54a587abf4a,0ccb653d-0619-4c3f-ae1c-eb28ac0154a8,IG Post,IMAGE,9.12.2025 22:15:55,"Je potřeba tohle vůbec komentovat?

😮‍💨🫶🏼🦅",https://www.instagram.com/p/DSDyLAcCLjt/,,10818,204,3,32
vsefalcons,instagram,709fceba-e311-48e7-9057-f54a587abf4a,27f6690e-25ba-4638-9d3a-837cdee47cd8,IG Story,VIDEO,10.3.2026 19:38:48,2:0,https://www.instagram.com/stories/vsefalcons/3849964317156344248,801,,,,4
@hc_muni,instagram,43cd62c8-609d-4ea6-8ce9-cae5242ede0c,e614c142-2396-433d-9e38-e2d3eaa2432d,IG Reel,REEL,24.3.2026 8:31:22,"Nabíhejte na náš LAST DANCE sezóny proti VUT❗️🔥

středa 19:30 📍Lužánky

Lístky koupíš u nás v biu 🎟️
#hcmuni",https://www.instagram.com/reel/DWQqqgmAPkn/,,17449,665,2,106
@BOhokej,facebook,c9082543-a03b-490f-8f97-66d439acce89,7909b02c-dcd8-44d6-9410-9145622766f4,FB Post,IMAGE,11.9.2026 16:16:12,"Dnes slaví narozeniny náš Pasta! 🦈

Všechno nejlepší, Davčo 🎉

#happybirthday",https://www.facebook.com/1477974067675582/posts/1626406289499025,242,,1,,
@AkademiciPlzen,facebook,d87b94e3-03e8-45d0-b92e-75e9b819545c,c7e9610d-c73e-4fdc-bbbb-c4c8af509183,FB Video,VIDEO,9.3.2026 18:17:38,"Generální manažer a trenér @beerik09 v rozhovoru pro @sport_ct o tom, kam se @univerzitnihokej za poslední roky posunul. 🚀🚀🚀

#akademiciplzen",https://www.facebook.com/reel/2340317439768907/,1202,505,14,,
@engineersprague,facebook,afd06d1d-7b1c-4f66-8d93-ce4255ab773c,566b9f46-36a9-4772-a15b-423859e88664,FB Story,VIDEO,2.3.2026 18:10:34,,,,,,,
@akademiciplzen,instagram,65494228-95bf-4f7b-8e68-d47d7262db66,485a67e0-8308-47da-a863-f46c5e24c240,IG Story,VIDEO,17.9.2026 19:14:25,"TŘI GÓLY, NULA STAROSTÍ 🦦 ŠTĚPÁN ŘÍHA ŠTĚPÁN ŘÍHA 3 : 0 @_rihastepan_",https://www.instagram.com/stories/akademiciplzen/3988387030522148690,,1062,,,3
vsefalcons,instagram,709fceba-e311-48e7-9057-f54a587abf4a,af986f1d-b2fa-4bf4-8590-d6365a7bc17d,IG Story,VIDEO,14.4.2026 7:30:29,i say DISCO you say PARTY 🪩 🕺🏽,https://www.instagram.com/stories/vsefalcons/3874966378524495199,633,731,,,
@united_hk,instagram,b18c071b-0570-48b2-b743-990c668c3c5b,efd7cd4c-d953-42e6-96ea-eb72cd66ae8b,IG Story,VIDEO,19.9.2026 18:27:59,,https://www.instagram.com/stories/united_hk/3989810374320373257,,292,,,2
@univerzitnihokej,facebook,01b45180-0b14-4a14-96e8-d0a4bab1fb9f,0e786a72-7e2d-41e9-a45e-6c65f5ad2fc1,FB Post,IMAGE,1.4.2026 19:25:07,Farmers dnes podruhé překvapili Akademiky a v prodloužení si vybojovali postup do finále PLAY-IN! 🚀,https://www.facebook.com/1275398168115026/posts/1275944744727035,742,,6,,
@akademiciplzen,instagram,65494228-95bf-4f7b-8e68-d47d7262db66,5185c77d-2011-4c8c-b4d7-981d21495110,IG Story,VIDEO,1.4.2026 10:30:58,🎫 @_rihastepan_ @lokajda2 @honza_sibra @kuba_stochl  @_jakubsucha_ @morawetzmates @martin_fort23 @t_pain_6 @uts.zcu @zcuplzen @ifmsa_cz_plzen @medicivakci @akademicifans @iaeste_zcu_pilsen @benisek_jiri @blaha_8 @ondrej_culek @hajsmi20 @v.holomoj @lesa_matousek,https://www.instagram.com/stories/akademiciplzen/3865633621461993611,,4031,,,10
@akademiciplzen,instagram,65494228-95bf-4f7b-8e68-d47d7262db66,93a41734-dc83-4c61-8d5a-34ff89959764,IG Story,VIDEO,31.3.2026 19:29:55,"PŘIPRAVENI NA VŠECHNY MODELY ZETORŮ, SE KTERÝMI @czufarmers  ZÍTRA DORAZÍ! 🚜🚜🚜 NA POMOC DORAZIL @tomas_ceperko 🎓",https://www.instagram.com/stories/akademiciplzen/3865180122777441259,,1597,,,1
@cvutengineers,instagram,11963a07-7f0f-48e6-9d81-aa63a7ff4a04,19c7dda1-02a4-406e-907b-0adb86cfbf8e,IG Story,VIDEO,8.4.2026 20:09:02,JDEME NA NÁJEZDY,https://www.instagram.com/stories/cvutengineers/3870998040379414551,,698,,,3
@akademiciplzen,instagram,65494228-95bf-4f7b-8e68-d47d7262db66,f909a350-2518-48d0-99c2-2b4558a2133b,IG Story,IMAGE,19.8.2026 19:38:34,,https://www.instagram.com/stories/akademiciplzen/3967377839808616041,,1361,,,10
@univerzitnihokej,facebook,01b45180-0b14-4a14-96e8-d0a4bab1fb9f,50cf437a-f87f-4054-9708-4d57016208ca,FB Post,IMAGE,11.3.2026 11:20:20,Brno nebo Ostrava. Kdo dnes ovládne Moravské derby? 🫨,https://www.facebook.com/1275398168115026/posts/1258671556454354,1333,,,,
@riderspardubice,facebook,f99ed6c3-17cc-46f4-a32e-d9b0576ce2df,36b84d4d-9af3-4d2d-912d-4736e416d51e,FB Post,IMAGE,2.3.2026 21:21:00,Dnešní duel s @cvutengineers bohužel nevyšel.😭,https://www.facebook.com/1592662819534019/posts/1566184132181888,161,,,,
@BOhokej,facebook,c9082543-a03b-490f-8f97-66d439acce89,1d093def-5c6e-448d-8273-6c0486199c8f,FB Post,IMAGE,17.9.2026 7:21:38,"Dnes hrajeme doma se Studénkou! 🏒🔥

Dorazíš nás podpořit? 👀

#hockey #match #students",https://www.facebook.com/1477974067675582/posts/1631595712313416,183,,1,,
vsefalcons,instagram,709fceba-e311-48e7-9057-f54a587abf4a,99e1476d-737c-4c25-a9e1-e7c7872272bc,IG Story,IMAGE,12.3.2026 17:41:37,"7 3 Jurak 2x
Vosmík 2x",https://www.instagram.com/stories/vsefalcons/3851354861354909138,1381,1209,,,2
@riderspardubice,instagram,4d6a67ab-9313-4f77-a82e-abb18adbca5d,d1f4a5c3-83ba-4c5c-8d1a-4d3d650ef17a,IG Story,VIDEO,17.4.2026 21:48:07,,https://www.instagram.com/stories/riderspardubice/3877570719664358445,,503,,,
@riderspardubice,instagram,4d6a67ab-9313-4f77-a82e-abb18adbca5d,5509176b-971a-4b47-8603-bf63f083fadd,IG Post,IMAGE,20.3.2026 15:47:58,"Hey Erasmus students! 🌍✨

Looking for a unique Czech student experience? Join us for an unforgettable night full of energy, emotions, and true university spirit! 🏒🔥

Come and enjoy a University Hockey Derby – a traditional rivalry between two neighboring cities, Pardubice and Hradec Králové. Expect loud fans, minigames for fans and an incredible atmosphere you don’t want to miss!

📅 March 23
🕢 7:45 PM
📍 Enteria Arena, Pardubice

This game is also special as it’s the last home match of the regular season – and a final farewell to two key players of the Riders team. Let’s give them a proper send-off together ❤️

🎟️ Get your ticket in BIO!",https://www.instagram.com/p/DWHJ6CjDP8A/,,1914,33,,4
vsefalcons,instagram,709fceba-e311-48e7-9057-f54a587abf4a,184ff755-11e1-4605-9be4-e7246f623528,IG Story,VIDEO,24.2.2026 18:51:39,,https://www.instagram.com/stories/vsefalcons/3839793726084393698,699,944,,,
@univerzitnihokej,instagram,1e114592-3529-4cfe-9977-2598454053af,6e7b379d-8cce-4074-be9c-5f4b86e5d3aa,IG Story,VIDEO,12.4.2026 14:37:32,HLAVNĚ V KLIDU,https://www.instagram.com/stories/univerzitnihokej/3873730288161439794,,1131,,,
@univerzitnihokej,instagram,1e114592-3529-4cfe-9977-2598454053af,215b7bf3-b72a-485e-b6c9-69120fe9f570,IG Story,VIDEO,8.4.2026 19:17:14,JDEME DO 3. TŘETINY,https://www.instagram.com/stories/univerzitnihokej/3870971935274332608,,722,,,
@united_hk,instagram,b18c071b-0570-48b2-b743-990c668c3c5b,f5fb26c4-8331-4ded-839d-9f3682b38f9d,IG Story,VIDEO,23.8.2026 14:36:37,,https://www.instagram.com/stories/united_hk/3970125107619757609,,617,,,1
vsefalcons,instagram,709fceba-e311-48e7-9057-f54a587abf4a,8735f8f6-f1fe-49fa-a749-1d405513cd68,IG Story,IMAGE,30.3.2026 9:28:30,@united_hk protože zítra hrajou poslední zápas sezony,https://www.instagram.com/stories/vsefalcons/3864152658403706348,,,,,
@united_hk,instagram,b18c071b-0570-48b2-b743-990c668c3c5b,b02814bf-370b-4644-b77c-bc33c2d45df0,IG Story,IMAGE,10.8.2026 19:55:59,"FIRST
GAME @alas_steklik ⭐️ ⭐️",https://www.instagram.com/stories/united_hk/3960863623494229302,,1362,,,1
@218107044725785,facebook,7a942e3e-6c47-4794-9ba7-bbc7b6d40cb3,685f3236-2784-4b77-ae13-f6a150cdb192,FB Post,IMAGE,12.4.2026 19:29:57,"Soupeř, čas i místo jsou jasné. Semifinále @unihokejfinalfour sehrajeme proti @cvutengineers , které dobře známe 👊🏼

Teď vás potřebujeme víc, než kdy jindy. 👉🏼🏆

Vstupenky na finalfour.cz
SLEVOVÝ KÓD: VSEFANS 🤑",https://www.facebook.com/122282816036218300/posts/122283676142218300,218,,9,,
@riderspardubice,facebook,f99ed6c3-17cc-46f4-a32e-d9b0576ce2df,c1137bf1-89e4-4132-8eec-19baa69b9cfd,FB Post,IMAGE,9.3.2026 22:29:34,"Dnes se zadařilo!🥳 Sice po prodloužení, ale 2 další body jsou v tabulce!",https://www.facebook.com/1592662819534019/posts/1572165208250447,192,,6,,
@742626308943576,facebook,afcb2720-0a77-4413-95f4-2247bcb8a565,c37e59f6-7592-4928-9ab2-a1e43c104c50,FB Post,IMAGE,12.9.2026 17:25:48,"🎟️ PRVNÍ VLNA JE VENKU!
Ceny jsou tady. 👀
Kdo kupuje teď, šetří. 🔥

💙 ČSOB účet = 20% sleva

JU × VŠTE
4. 11. 2026 | Budvar aréna",https://www.facebook.com/122132173953029080/posts/122145286785029080,48,,,,
@riderspardubice,instagram,4d6a67ab-9313-4f77-a82e-abb18adbca5d,a55bf17b-4c66-4c1f-a39d-b1258bec408b,IG Story,VIDEO,1.4.2026 10:38:37,,https://www.instagram.com/stories/riderspardubice/3865637468670588170,,699,,,
@hcnorthwings,facebook,2b08a479-603b-46e4-8a48-2bc0435ccd53,0dbe56e6-ea78-4c7e-b78c-acaa9fc180e7,FB Story,VIDEO,11.3.2026 17:34:14,,,,,,,
@bitvaoprahu,facebook,75e0f41f-82be-4f82-a77b-82ac11135ed2,47cdbe3c-af23-41ad-a971-ed5c69ac9501,FB Video,VIDEO,9.3.2026 17:01:24,"I tuhle písničku si společně zazpíváme už ve čtvrtek! 🗣️

Lístky na bitvaoprahu.cz 🎟️",https://www.facebook.com/reel/1254330500221623/,1614,625,4,,
@hsubrno,facebook,86b4295e-45a1-49a4-a7a5-1a550c3f4bec,d8508611-a7b3-4aa3-a3af-9af4c8732669,FB Video,VIDEO,14.9.2026 11:00:25,"🔥 NEJVĚTŠÍ STUDENTSKÁ AKCE V BRNĚ JE ZPÁTKY! 🔥
Jeden večer, jeden led, dvě univerzity a pořádná dávka rivality 🏒⚡
MUNI × VUT a tentokrát už 7. Hokejový Souboj Univerzit! 🙌
🗓️ 15. 10. 2026
📍 Winning Group Arena
Atmosféra, kterou nezažiješ každý den 👈
Souboj, u kterého prostě musíš být 👈
🎟️ Lístky mizí rychle, tak ať ti ten tvůj nezmizí před očima!
Kdo zaváhá, nefandí 🏒🔥
👉 hsubrno.cz

🤫 Pst!.. Pokud si lístek koupíš v UniLife aplikaci, ve které máš ověřený ČSOB účet, máš lístek s 20% slevou. A to se vyplatí 😏",https://www.facebook.com/reel/1434485031872676/,282,46,1,,
@univerzitnihokej,instagram,1e114592-3529-4cfe-9977-2598454053af,c86b05e1-135f-4d71-8b19-7707fb2a02aa,IG Reel,REEL,31.3.2026 11:59:35,Rybaření a golf jako školní předměty? 📚 Pusťte si nový díl našeho podcastu s @michael_hrabal na YouTube nebo Spotify 🎧,https://www.instagram.com/reel/DWjDnrhCKfI/,,15325,682,1,73
vsefalcons,instagram,709fceba-e311-48e7-9057-f54a587abf4a,0a561496-34dd-477f-96d7-f63e49031476,IG Post,IMAGE,17.9.2026 6:26:25,"ať víte co (nebo kdo) vás v úterý čeká a nemáte v tom hokej 🙌🏼

Lístky stále v prodeji v appce UniLife nebo na našem profilu 🎟️",https://www.instagram.com/p/DdYNrW1iEfz/,,4292,124,1,13
@univerzitnihokej,facebook,01b45180-0b14-4a14-96e8-d0a4bab1fb9f,1e570be4-bd32-4c49-a864-bc7125b6a534,FB Post,IMAGE,5.3.2026 17:47:49,"Finále univerzitního hokeje se blíží 🔥 1. vlna denních balíčků na FINAL FOUR je v prodeji a nejlevnější lístky pořiďte do 16. 3. ⏳

🎟️ www.finalfour.cz",https://www.facebook.com/1275398168115026/posts/1254542416867268,482,,,,
vsefalcons,instagram,709fceba-e311-48e7-9057-f54a587abf4a,2a6537e8-c902-4578-a90e-5efd1cbb83f8,IG Story,VIDEO,12.3.2026 19:46:31,BRONZ JE NÁŠ 🥉 hoši děkujem,https://www.instagram.com/stories/vsefalcons/3851417791031197428,1243,829,,,
@AkademiciPlzen,facebook,d87b94e3-03e8-45d0-b92e-75e9b819545c,5bbda4a7-91e4-40b8-92df-e3b3d3ca499b,FB Video,VIDEO,28.3.2026 19:29:28,"Beeřík už kluky prohání, aby byli na středu v top formě! ☝🏻
Proženeme takhle ve středu i @czufarmers? 👀🔥

📍 1. 4. | 19:00 | LOGSPEED CZ Aréna
🎟️ Lístky v biu nebo na akademiciplzen.enigoo.cz

#akademiciplzen 💙",https://www.facebook.com/reel/949721307918176/,488,200,4,,
@akademiciplzen,instagram,65494228-95bf-4f7b-8e68-d47d7262db66,6aa407ac-ff89-48fa-bfd3-1c0bb6a5bff1,IG Post,PHOTO,30.3.2026 20:58:35,"🚨 Deadline alert! 🚨

🎓 Na ZČU nezačíná jen studium. Začínají tu i zážitky, kamarádi, studentskej život… a taky univerzitní hokej. 🏒

Jestli chceš být od příštího roku součástí toho všeho, mrkni na termíny přihlášek na bakalářské studium a hlavně je nepropásni. ⏳

Ulož si tenhle post a pošli ho dál někomu, kdo ještě pořád říká, že „je čas“. 👀

** FDU má do 30. dubna přihlášky na navazující magisterské studium, ne bakalářské! 

#akademiciplzen 💙",https://www.instagram.com/p/DWhclTdDGNp/,,14446,149,,35
@riderspardubice,instagram,4d6a67ab-9313-4f77-a82e-abb18adbca5d,a67f1abf-b32e-49f5-a0cc-ff15fecb271b,IG Story,VIDEO,26.8.2026 18:43:45,@machosta_15 😮‍💨,https://www.instagram.com/stories/riderspardubice/3972423680785477584,,1107,,,5
@AkademiciPlzen,facebook,d87b94e3-03e8-45d0-b92e-75e9b819545c,bde99ab2-53f6-4f2f-8a70-525761037d4a,FB Story,IMAGE,17.9.2026 8:46:57,,https://facebook.com/stories/103234241824606/UzpfSVNDOjEzNTAwNDgzNDcyMDExMzA=/?view_single=1,,,,,
@boostrava,instagram,1176ddaf-d366-48a2-9639-3c6694c72c85,ee809669-b31c-4d55-9ccf-0e5be3881faf,IG Story,VIDEO,17.9.2026 18:09:54,ROZBRUSLENÍ 🦈,https://www.instagram.com/stories/boostrava/3988351731461045069,,499,,,1
@hcnorthwings,facebook,2b08a479-603b-46e4-8a48-2bc0435ccd53,5a7b184d-4d03-4645-b4b7-047383cedf59,FB Story,VIDEO,10.8.2026 19:12:16,,https://facebook.com/stories/101955925269645/UzpfSVNDOjIwODI5MzMzNDU2NDA0Mjc=/?view_single=1,,,,,
vsefalcons,instagram,709fceba-e311-48e7-9057-f54a587abf4a,5e5463f2-6ff9-42c6-bdff-e0e627b96142,IG Story,VIDEO,27.1.2026 18:12:36,📽️,https://www.instagram.com/stories/vsefalcons/3819480463618664198,,788,,,
vsefalcons,instagram,709fceba-e311-48e7-9057-f54a587abf4a,a10069fd-b06c-4f31-a51a-058d3aec9ccf,IG Story,VIDEO,17.3.2026 15:56:11,HAPPY ST. PATRICK’S DAY,https://www.instagram.com/stories/vsefalcons/3854925780119738901,1038,1013,,,1
@akademiciplzen,instagram,65494228-95bf-4f7b-8e68-d47d7262db66,a6a3d160-f0b4-4478-b393-358b638d1a3a,IG Reel,VIDEO,2.8.2026 20:45:48,"Na posledním tréninku jsme kluky vyzpovídali ohledně budoucnosti. 👶 

Položili jsme jim jednoduchou otázku: „Komu z kabiny bys nesvěřil svoje dítě?“ 

Na odpovědi se skoro všichni shodli… Filipe, máš pro nás nějaké vysvětlení? 😅

Zítra nás čeká první trénink na ledě v nové sezóně. Uvidíme se zítra! 🫢🏒

#akademiciplzen #univerzitnihokej #unihockey",https://www.instagram.com/reel/DbjS3xlN-wO/,,33652,1438,8,178
@riderspardubice,facebook,f99ed6c3-17cc-46f4-a32e-d9b0576ce2df,dc6e79c1-b2ce-443c-9b58-68b2771f3966,FB Post,ALBUM,26.3.2026 19:34:42,Kolik Kopců vidíš na obrázku? 🙌🧔🏻🫶,https://www.facebook.com/1592662819534019/posts/1587785083355126,288,,3,,
@univerzitnihokej,facebook,01b45180-0b14-4a14-96e8-d0a4bab1fb9f,dffbe5bd-2451-435b-b7ba-748737d75b5c,FB Post,IMAGE,7.4.2026 10:04:33,"I přes velmi povedenou základní část končí v semifinále play-in také plzeňští Akademici.

Takové momenty ke sportu patří. Díky za nasazení a boj až do konce 👊🏼",https://www.facebook.com/1275398168115026/posts/1280346417620201,602,,2,,
@boostrava,instagram,1176ddaf-d366-48a2-9639-3c6694c72c85,277af122-0432-4595-b12d-0e5a1f47d1dd,IG Story,VIDEO,17.9.2026 19:01:58,2. TŘETINA,https://www.instagram.com/stories/boostrava/3988377942421677133,,432,,,1
@united_hk,instagram,b18c071b-0570-48b2-b743-990c668c3c5b,41c574fc-5e0d-49fd-a747-d04159301d29,IG Post,PHOTO,28.3.2026 11:09:57,"Už jen 3 dny do startu PLAY-IN!

1 zápas. Všechno nebo nic.

Tenhle večer rozhodne.

31.3. Praha.

ALL IN 🖤🧡

#unitedhk #unihokej #hokej",https://www.instagram.com/p/DWbQbEqCKkn/,,3559,51,,6
@boostrava,instagram,1176ddaf-d366-48a2-9639-3c6694c72c85,de216683-346e-444d-929e-2ff1d74ba7cb,IG Reel,VIDEO,21.8.2026 12:31:57,"Takhle to máme radši!😎🔥

#hockey #newseason #boostrava #hockeygame #unihokej",https://www.instagram.com/reel/DcTVwdRslqm/,,6811,190,,7
@riderspardubice,instagram,4d6a67ab-9313-4f77-a82e-abb18adbca5d,e7c9133d-9622-449d-85f3-ac98ccd93ed5,IG Reel,VIDEO,8.4.2026 6:00:06,"Není maska jako maska! 🔥

Tohle je GARNIER Fructis 3v1 Osvěžující hydratační maska na vlasy. 🥝

10/10 gólmanů doporučuje a označuje ji za svou masku č. 1 🔥

@garnier_czsk 
@univerzitnihokej",https://www.instagram.com/reel/DW3B4fQxCU2/,,7014,151,11,57
vsefalcons,instagram,709fceba-e311-48e7-9057-f54a587abf4a,0ed6dedc-f35f-492c-899b-0aa7a313bd17,IG Story,VIDEO,10.2.2026 7:38:42,GAMEDAY,https://www.instagram.com/stories/vsefalcons/3829308195370192197,695,908,,,
vsefalcons,instagram,709fceba-e311-48e7-9057-f54a587abf4a,1400f851-51f7-4716-9f07-2b460f08588e,IG Story,VIDEO,8.4.2026 19:28:26,,https://www.instagram.com/stories/vsefalcons/3870977565397676803,856,617,,,
@cvutengineers,instagram,11963a07-7f0f-48e6-9d81-aa63a7ff4a04,1e2a2046-f005-4761-a79f-699fddbe9eac,IG Story,VIDEO,31.3.2026 6:59:48,MÁME TADY JEDEN REKORD,https://www.instagram.com/stories/cvutengineers/3864802557361455032,,1135,,,1
vsefalcons,instagram,709fceba-e311-48e7-9057-f54a587abf4a,4bac7148-b3f4-4097-8cea-6ab3e665cbc2,IG Reel,VIDEO,1.4.2026 17:33:24,Pojďte s námi oslavit postup do finále play-in 🥳,https://www.instagram.com/reel/DWmPhrUiDg5/,,5486,130,,7
@hc_muni,instagram,43cd62c8-609d-4ea6-8ce9-cae5242ede0c,79959166-62a8-4932-92bc-2eabf365d27f,IG Post,IMAGE,19.3.2026 15:53:28,"Kluci do toho včera dali úplně všechno🏒🐻 Jste ready na poslední zápas sezony a pořádné derby?🔥

📸 @zdeny_99 

#hcmuni",https://www.instagram.com/p/DWEl5V3iJ1Z/,,5448,133,,8
vsefalcons,instagram,709fceba-e311-48e7-9057-f54a587abf4a,9f5fa20e-9c0e-42ed-9135-e23f3974d678,IG Story,VIDEO,17.2.2026 17:50:44,1️⃣ 2️⃣ 3️⃣ FALCONS,https://www.instagram.com/stories/vsefalcons/3834689632499936093,701,924,,,
@univerzitnihokej,instagram,1e114592-3529-4cfe-9977-2598454053af,013fd2e9-76c8-4bc3-a5ff-165c5e1c32ca,IG Post,IMAGE,13.4.2026 12:12:59,"V Budějovicích se rozdávaly vstupenky… 👀
A rovnou dvě na @unihokejfinalfour 🎟️ Odvezly si je @vsefalcons a @riderspardubice 🚨",https://www.instagram.com/p/DXEkiY4CLtw/,,19660,490,2,129
@cvutengineers,instagram,11963a07-7f0f-48e6-9d81-aa63a7ff4a04,13c2ad3e-e523-44b5-8a3e-5024cb6cdc9e,IG Story,IMAGE,22.8.2026 18:37:34,1 0,https://www.instagram.com/stories/cvutengineers/3969521463088842201,,657,,,
vsefalcons,instagram,709fceba-e311-48e7-9057-f54a587abf4a,3b5c59c5-0f5e-47b7-b891-6d5e1735fc5d,IG Reel,VIDEO,28.1.2026 17:23:56,"Střídačka není to stejný jako stavba. 👷🏽 … nebo jo? Některé hlášky totiž můžeš použít na obou místech. 🦺🏒

Mostecká game už v úterý 3.2., těšíme se na vás! 🫶🏻",https://www.instagram.com/reel/DUEAeXRiO2f/,,6461,108,2,29
@univerzitnihokej,facebook,01b45180-0b14-4a14-96e8-d0a4bab1fb9f,7a3d42db-d862-4a6b-8763-41b5e146d115,FB Post,IMAGE,13.4.2026 8:54:21,"Program na čtvrtek? Máme! 😤

Kings budou v prvním semifinále bojovat proti Riders, později se pak proti sobě postaví pražské celky Engineers a Falcons 🤜🏼🤛🏼",https://www.facebook.com/1275398168115026/posts/1284830077171835,942,,6,,
@unitedhk,facebook,bfe6cc29-a387-41b9-9bca-b077722556af,9489b001-cb12-416b-b626-ef6935154fb1,FB Post,IMAGE,21.8.2026 11:57:46,"Z NCAA až do NHL. A při návštěvě Česka taky na trénink UNIted HK. 🏒

Jaroslav Chmelař z New York Rangers se s námi podělil o zkušenosti z univerzitního hokeje v USA, porovnal NCAA s českým prostředím a popsal, proč podle něj dává univerzitní hokej hráčům další šanci pokračovat.

Došlo i na Jaromíra Jágra a jednu konkrétní radu ke hře jeden na jednoho.

V carouselu najdeš pár úryvků. Celý rozhovor je na univerzitnihokej.cz.",https://www.facebook.com/122180651084388974/posts/122191488320388974,460,,10,,
@cvutengineers,instagram,11963a07-7f0f-48e6-9d81-aa63a7ff4a04,9b43dc83-726c-45b9-b825-350234b4b176,IG Story,VIDEO,6.4.2026 16:03:26,,https://www.instagram.com/stories/cvutengineers/3869424837353822948,,1089,,,4
@united_hk,instagram,b18c071b-0570-48b2-b743-990c668c3c5b,b04f0395-91b9-488e-b131-f98c30ded0b2,IG Story,VIDEO,21.4.2026 17:54:15,"Holky si vystřílely voňavou
 výhru 😉",https://www.instagram.com/stories/united_hk/3880351616566074561,,608,,,2
vsefalcons,instagram,709fceba-e311-48e7-9057-f54a587abf4a,bd616a5f-5062-45da-9548-4a0cdce61b41,IG Story,VIDEO,16.4.2026 19:23:56,@sokoli.hnizd0 💙,https://www.instagram.com/stories/vsefalcons/3876773353289716876,1196,931,,,2
@riderspardubice,instagram,4d6a67ab-9313-4f77-a82e-abb18adbca5d,c4c22ffa-1dff-452d-9033-f5cdd8858769,IG Story,VIDEO,31.3.2026 18:25:37,JDEME DO 2. TŘETINY! 🐎 🐎,https://www.instagram.com/stories/riderspardubice/3865147778116921228,,741,,,
vsefalcons,instagram,709fceba-e311-48e7-9057-f54a587abf4a,f80a5f1c-82af-4e0c-b809-84d196eb8561,IG Story,VIDEO,25.8.2026 9:19:25,,https://www.instagram.com/stories/vsefalcons/3971414869462803798,,1022,,,8
vsefalcons,instagram,709fceba-e311-48e7-9057-f54a587abf4a,2152eed7-b0d9-4e09-be4c-80ebaef03f05,IG Story,VIDEO,10.2.2026 20:36:45,STAV PO 2. TŘETINĚ  1:5,https://www.instagram.com/stories/vsefalcons/3829699737532507187,628,926,,1,1
@cvutengineers,instagram,11963a07-7f0f-48e6-9d81-aa63a7ff4a04,a1448947-5f98-4ff1-a406-89d462d32f07,IG Story,VIDEO,8.4.2026 6:30:51,"POZOR, STARTUJEME UŽ V 19:30! 🚨",https://www.instagram.com/stories/cvutengineers/3870586196124795767,,1498,,,6
vsefalcons,instagram,709fceba-e311-48e7-9057-f54a587abf4a,b679f51a-e88f-4afb-8064-4843fdc3dce6,IG Story,VIDEO,18.2.2026 8:22:29,😋😋😋,https://www.instagram.com/stories/vsefalcons/3835128679131257218,565,707,,,
@univerzitnihokej,instagram,1e114592-3529-4cfe-9977-2598454053af,ca1e916b-638c-48e0-9431-ddd07861cad6,IG Story,VIDEO,1.4.2026 8:02:53,,https://www.instagram.com/stories/univerzitnihokej/3865559085156425900,,1369,,,1
@riderspardubice,instagram,4d6a67ab-9313-4f77-a82e-abb18adbca5d,63f935ee-a3f3-4c09-a996-4e8c85ae203b,IG Story,VIDEO,28.4.2026 16:29:22,,https://www.instagram.com/stories/riderspardubice/3885382946853268816,,699,,,
vsefalcons,instagram,709fceba-e311-48e7-9057-f54a587abf4a,9cbde8d9-6d9c-4cd7-b184-11b07860b5d7,IG Story,IMAGE,20.1.2026 14:54:57,,https://www.instagram.com/stories/vsefalcons/3814307435314181870,,1594,,,4
@akademiciplzen,instagram,65494228-95bf-4f7b-8e68-d47d7262db66,ad40aaa9-4cfb-44d2-a7fc-e33dbc11a6b3,IG Post,IMAGE,28.8.2026 13:05:27,"🏆 VÍTĚZSTVÍ! 

Také náš druhý přípravný zápas končí vítězně! Tentokrát jsme vyzvali loňské finalisty Final Four, @cvutengineers , a po povedeném výkonu bereme výhru 4:2. 💥

💣 O naše góly se postarali:
Štěpán Říha
Šimon Kaiser
Václav Šmíd
Jakub Šucha

Děkujeme všem fanouškům, kteří dorazili a dopomohli nám k vítězství. 💙

Jedeme dál! 👊🏻

#akademiciplzen | 📸 @vpotocesevodatoci",https://www.instagram.com/p/DclbcjKjNbo/,,14796,309,,55
@AkademiciPlzen,facebook,d87b94e3-03e8-45d0-b92e-75e9b819545c,caab292c-0c5e-4c31-9e3b-15387b8ba0e6,FB Post,IMAGE,26.3.2026 20:02:00,"Všechno nebo nic.

#akademiciplzen",https://www.facebook.com/1357105236437494/posts/1352739043540780,478,,2,,
@univerzitnihokej,facebook,01b45180-0b14-4a14-96e8-d0a4bab1fb9f,ddf24cc9-7756-4984-bf51-c9de4ba43159,FB Video,VIDEO,28.4.2026 15:55:57,"Slovy našeho táty marketingu: “Děláme si, co chceme” ✌🏻 Co jsme dělali na @unihokejfinalfour můžete vidět na našem YouTube! 🎥",https://www.facebook.com/reel/1895200980984992/,1132,431,5,,
vsefalcons,instagram,709fceba-e311-48e7-9057-f54a587abf4a,08e483a2-eaed-43b6-914c-26250fdecd90,IG Story,VIDEO,12.2.2026 16:52:47,@machycc8,https://www.instagram.com/stories/vsefalcons/3831036566278004564,634,634,,,3
@cvutengineers,instagram,11963a07-7f0f-48e6-9d81-aa63a7ff4a04,5e988766-3cd4-4ce9-8e00-a1d212a0429b,IG Story,VIDEO,8.4.2026 11:20:06,"CO NAJDEŠ V NOVÝ APPCE? Slevu na náš merch🦁, kalendář akcí s nákupem vstupenek 🎟️ (btw nemusíš pak hledat lístky v mailu a máš to v sexy appce) a spoustu výhod od partnerů @univerzitnihokej 🤩 @unilifecz",https://www.instagram.com/stories/cvutengineers/3870731777270923591,,1506,,,9
@vutcavaliersbrno,instagram,b384bebf-72f3-4f9d-8b2d-3677709f6966,8a06882f-83f2-4f73-96f8-3a1852acff7c,IG Post,IMAGE,10.3.2026 16:53:44,"Domácí zápas v SOBOTU ‼️
Kavalíři tento týden nastoupí k dohrávce zápasu proti @vsefalcons na domácímu ledě v sobotu v 17:00 👈
Ideální aktivita na víkend? Přijď nás podpořit a zažij univerzitní hokej 🏒 
Doprava na zápas i z něj je zajištěna 🚌",https://www.instagram.com/p/DVthoTMCIPY/,,1532,28,,1
vsefalcons,instagram,709fceba-e311-48e7-9057-f54a587abf4a,c1e6a7b7-b016-441b-a28c-0d08b7ab88a0,IG Story,VIDEO,28.2.2026 18:00:13,,https://www.instagram.com/stories/vsefalcons/3842667164968963340,697,906,,,
@bitvaoprahu,instagram,d7c8aa06-74fb-4c6c-a7d2-c2fe1bf6d59c,09bbaeba-95f4-4251-a210-6d7523a335a6,IG Reel,VIDEO,12.3.2026 23:12:40,"Inspirovat se je třeba od těch nejlepších. 🤝🏼

Za předání plyšáků od @csobcz našim stříbrným medailistům děkujeme @classictomas z @puk_pak_pivo .

@cvutengineers 🥈| #bitvaoprahu",https://www.instagram.com/reel/DVzV7NZDFfZ/,,46443,657,2,127
@boostrava,instagram,1176ddaf-d366-48a2-9639-3c6694c72c85,1498c8a6-6d7c-439c-af7a-b5ce084fe71b,IG Story,VIDEO,31.3.2026 6:43:29,,https://www.instagram.com/stories/boostrava/3864794345056806505,,845,,,
@BOhokej,facebook,c9082543-a03b-490f-8f97-66d439acce89,b1f94639-7250-4604-ae44-2093ffc28ef3,FB Post,IMAGE,18.3.2026 12:53:05,"Koukni co o výjezdu do Prahy řekl útočník 
Jan Vašenka🎙️",https://www.facebook.com/1477974067675582/posts/1465762575563398,282,,,,
vsefalcons,instagram,709fceba-e311-48e7-9057-f54a587abf4a,2a96c6c1-38c5-4e86-bda8-284e5da659a6,IG Reel,VIDEO,23.6.2026 8:00:13,"Taky vám už chybí hokej a naši kluci? 🥹🔥

#vsefalcons #icehockey #hockeyboys",https://www.instagram.com/reel/DZ68HRshCcO/,,2486,65,,9
@akademiciplzen,instagram,65494228-95bf-4f7b-8e68-d47d7262db66,37224252-111c-48ca-8beb-083acbdfcf3e,IG Story,VIDEO,1.4.2026 16:57:54,,https://www.instagram.com/stories/akademiciplzen/3865828365261647858,,1476,,,
@united_hk,instagram,b18c071b-0570-48b2-b743-990c668c3c5b,6f90fe69-6c3c-4282-bb9a-1965e886f1c5,IG Post,IMAGE,10.8.2026 13:21:20,"MATCH DAY. 🏒

Dnes nás čeká první přátelský zápas nové sezony.

V ČPP aréně se potkáme se ŠAVŠ Raccoons, univerzitní tým z Mladé Boleslavi.

🕡 18:30
📍 ČPP aréna
🎟️ Vstup zdarma

Vidíme se na zimáku.",https://www.instagram.com/p/Db3G8gwo1S0/,,5071,66,,5
@univerzitnihokej,instagram,1e114592-3529-4cfe-9977-2598454053af,80495552-2ad6-4f66-8efb-8708a94bf741,IG Post,IMAGE,1.4.2026 19:24:51,Farmers dnes podruhé překvapili Akademiky a v prodloužení si vybojovali postup do finále PLAY-IN! 🚀,https://www.instagram.com/p/DWmbnbHiNNA/,,16275,439,3,113
@218107044725785,facebook,7a942e3e-6c47-4794-9ba7-bbc7b6d40cb3,9ddee282-60a8-444a-8cb3-e804033ca440,FB Video,VIDEO,17.4.2026 8:43:41,"Takhle vypadal včerejší semifinálový zápas 🔥

Bohužel nevyšel podle plánu, ALE dneska si můžeme spravit chuť a zabojovat alespoň o bronz 😏

Budete u toho s námi? Potřebujeme tam slyšet každého z vás! 🦅💙 Vstupenky koupíte na finalfour.cz 🎟️

🎥 @vojta_kepka @richipici",https://www.facebook.com/reel/1669318491163617/,483,130,11,,
@riderspardubice,instagram,4d6a67ab-9313-4f77-a82e-abb18adbca5d,a074ea48-b5de-4e3f-a549-d240f4cbba38,IG Post,IMAGE,5.3.2026 10:58:41,"🐱 V pondělí za námi přijedou @blackdogsbudweis_vste ! 🐕

A my při této příležitosti společně podpoříme KoČIČÍ depozitum Lovčice! 

Jak můžete opuštěným kočičkám pomoci s námi? 
- přineste s sebou na zápas kočičí žrádlo - granule, konzervy, ňaminky 
- přispějte finančním darem - ideálně v hotovosti na místě nebo pomocí QR kódu na kostce.

Zápas pro tlapky vol. 2
🗓️ 9.3. v 19:15
📍 v Enteria Arena
⚔️ proti @blackdogsbudweis_vste 

Minulý semestr jsme pomohli pejskům z @farma_u_veselyho_psa, tak pojďme znovu spojit síly a tentokrát pomoci kočičkám z KoČIČÍ depozitum Lovčice! 

Vstupenky za zapas koupíš přes odkaz v BIU!🎟️🐱
#zápasprotlapkyvol2#riders",https://www.instagram.com/p/DVgAlSYDHzf/,,1943,26,,4
vsefalcons,instagram,709fceba-e311-48e7-9057-f54a587abf4a,a47fe5e0-e0d9-46f9-a02c-e6bdf716c9a7,IG Story,VIDEO,10.2.2026 17:34:02,PAŤOVO POV Z BRAZILKY 🤳🏼 ⚽️ @patrik_nabelek,https://www.instagram.com/stories/vsefalcons/3829607790277099272,735,1047,,1,
@univerzitnihokej,instagram,1e114592-3529-4cfe-9977-2598454053af,bd3f5734-7408-40d8-945d-ee919dac5e91,IG Post,IMAGE,3.3.2026 21:52:29,Falcons se dnes vyspali lépe než včera a posílají Akademiky zpátky do Plzně bez bodů 🚌,https://www.instagram.com/p/DVcCQ3JiJTK/,,3128,80,,2
vsefalcons,instagram,709fceba-e311-48e7-9057-f54a587abf4a,c30f4c70-4bf8-44aa-a3d7-dd2636be6f57,IG Story,VIDEO,17.4.2026 16:04:30,,https://www.instagram.com/stories/vsefalcons/3877397797503031897,872,870,,,
@riderspardubice,instagram,4d6a67ab-9313-4f77-a82e-abb18adbca5d,466304a7-7ca3-455a-ba2d-9065cd86e544,IG Post,IMAGE,12.4.2026 3:50:07,"Dnes budeme bojovat v lucky loser game o postup do @unihokejfinalfour !🍀

Lucky loser game
🗓️ 12.4.  v 13:15
📍 v Hokejové Centrum Pouzar
⚔️ proti @blackdogsbudweis_vste 

#luckylosergame#riders",https://www.instagram.com/p/DXBGBFSiOmq/,,4142,48,,8