account_name,social_network_id,carl_account_id,carl_post_id,post_type,media_url_type,published,caption,permalink,impressions,views,likes,comments,shares
@hcmuni,facebook,d1f9e9f9-7526-42d4-85aa-13f91e89f7cf,11b2bbbf-29fb-49b2-8a5c-b4f1937f608c,FB Video,VIDEO,16.3.2026 11:53:10,"KDYŽ TO VEZMEŠ DO VLASTNÍCH RUKOU! 🤯🔥
@_novas_44_ v sobotním zápase naprosto ovládl led a vstřelil HATTRICK🚨🚨🚨

#hcmuni",https://www.facebook.com/reel/1566548107768577/,2571,1079,45,,
@akademiciplzen,instagram,65494228-95bf-4f7b-8e68-d47d7262db66,14a54476-00dc-4fdf-a9ec-c99971a1cbd5,IG Post,IMAGE,4.3.2026 11:28:09,"Co na dnešní utkání říká kapitán týmu Jakub Šucha? 🎤

Buďte u důležitého utkání s námi a pomozte nám vyhrát! 
Otevíráme FANZÓNU už v 17:30. 🤹
Poslední lístky najdeš v biu a na plzenskabitva.cz, nebo nás sleduj v 18:50 na ČT sport! 📺

#akademiciplzen 💙",https://www.instagram.com/p/DVdfHJejO5I/,,5438,96,,
@univerzitnihokej,instagram,1e114592-3529-4cfe-9977-2598454053af,ab0b4f2a-528f-428c-9807-3680402dbc92,IG Story,VIDEO,17.4.2026 16:33:32,,https://www.instagram.com/stories/univerzitnihokej/3877412522848445882,,1574,,,
@univerzitnihokej,instagram,1e114592-3529-4cfe-9977-2598454053af,c1337c12-8eae-486d-8e49-f878cf36a9c2,IG Post,IMAGE,8.4.2026 9:21:36,"V Praze dnes proběhne i poslední finálový zápas play-in. Engineers se na Hvězdě postaví pardubickým Riders. ⚔️

Statistiky mluví jasně, ale v play-in se může stát cokoliv. Kdo si vybojuje vytoužené místo ve Final Four? 🏒",https://www.instagram.com/p/DW3Y8wPCMyB/,,6897,179,,17
vsefalcons,instagram,709fceba-e311-48e7-9057-f54a587abf4a,cac2f858-b28b-4393-ac9e-2558115d2879,IG Story,VIDEO,3.2.2026 8:53:45,@martin_lev17,https://www.instagram.com/stories/vsefalcons/3824272471239700128,,952,,,1
@akademiciplzen,instagram,65494228-95bf-4f7b-8e68-d47d7262db66,35cb4809-7ad6-42c1-8263-2de040e9dd4e,IG Reel,VIDEO,17.3.2026 18:30:05,"Pravidla jsou pravidla. 🤷🏻‍♂️ Co si ale vzít musíte, je pořádná forma na fandění! 

Vidíme se 25. 3. doma proti @czufarmers 🏒🔥

#akademiciplzen",https://www.instagram.com/reel/DV_thb2DBr7/,,18069,452,4,89
@hc_muni,instagram,43cd62c8-609d-4ea6-8ce9-cae5242ede0c,36407e0c-767d-43d9-baa8-8fec2b332aed,IG Reel,VIDEO,15.4.2026 15:51:00,"DÍKY VÁM máme úžasných 42 200Kč pro Honzíka ❤️ Peníze využije na jeho rehabilitace a důležité pomůcky

Kdo by chtěl ještě přispět, odkaz na transparentní účet najdete u nás v biu👆🏻",https://www.instagram.com/reel/DXKGaiwjM2y/,,3806,94,,8
vsefalcons,instagram,709fceba-e311-48e7-9057-f54a587abf4a,45c2d0d5-e1c1-47b6-ab77-a427dbdda696,IG Story,VIDEO,16.4.2026 17:50:38,šlápnem na to!,https://www.instagram.com/stories/vsefalcons/3876726387545516346,1036,911,,2,
@unitedhk,facebook,bfe6cc29-a387-41b9-9bca-b077722556af,5c8e09b9-7253-49f9-b45e-622bde3b838a,FB Video,VIDEO,19.7.2026 12:51:18,"Včera jsme měli možnost být součástí charitativní akce Den s cyklisty. 🚴🧡

Na našem stanovišti jste si mohli vyzkoušet střelbu na branku a užít si trochu hokejové zábavy. 🏒💥

Děkujeme všem, kteří se u nás zastavili. Jsme rádi, že jsme mohli být součástí akce, která spojila sport, skvělou atmosféru a pomoc druhým. 🙏

Těšíme se na další podobná setkání! 🧡

#unitedhk #unihokej #hradeckralove #uhk #denscyklisty",https://www.facebook.com/reel/2007441653272714/,650,192,4,,
vsefalcons,instagram,709fceba-e311-48e7-9057-f54a587abf4a,a6a01959-159d-46c7-8de7-0ba6cd5a735d,IG Post,IMAGE,7.12.2025 10:44:11,"VÁNOČNÍ GIVEAWAY 🎁
Už v úterý odehrajeme vánoční zápas proti @ukkingsprague na Hvězdě, a tak pro tebe máme malý dárek v podobě vstupenek! 😏

PRAVIDLA SOUTĚŽE:
1️⃣ Napiš do komentářů, kolik vidíš na obrázku puků na ledě 🏒
2️⃣ Označ parťáka, s kterým bys chtěl/a dorazit 🤝🏼

V pondělí v 18:00 vylosujeme 5 komentářů, hodně štěstí 🍀",https://www.instagram.com/p/DR9Za4iiH8D/,,8261,80,24,29
@riderspardubice,instagram,4d6a67ab-9313-4f77-a82e-abb18adbca5d,cf39beb8-189f-4ada-bdf6-b034442711f7,IG Story,VIDEO,1.4.2026 10:37:48,,https://www.instagram.com/stories/riderspardubice/3865637053811930942,,668,,,1
@univerzitnihokej,instagram,1e114592-3529-4cfe-9977-2598454053af,2e4449b4-3a77-4160-a0f2-be298e8d7226,IG Reel,VIDEO,4.3.2026 19:03:48,"ZOTT nejhladovější hráč zápasu? @rihastepan 👀🚀

Na ledě byl při chuti, a nebyl sám.
Hlad měla dnes i tribuna, takže ZOTT HUNGRY putuje i mezi fanoušky! 🥛🔥
#zott #zotthungry #zotthungrydrinkthis",https://www.instagram.com/reel/DVeTU61iCVX/,,9643,211,1,13
@BOhokej,facebook,c9082543-a03b-490f-8f97-66d439acce89,5f539d50-d295-4fbf-aac1-2f2445ea0e37,FB Video,VIDEO,10.4.2026 12:38:49,"Final Four se blíží! Pokud nechceš chybět u největší akce Univerzitního hokeje, tak doraž do Edenu 16. a 17. dubna! 🔥

#finalfour #univerzitnihokej #ullh",https://www.facebook.com/reel/1785207762896678/,506,198,,,
@riderspardubice,instagram,4d6a67ab-9313-4f77-a82e-abb18adbca5d,4d2d54b3-8d5d-469d-ab8c-528a7f73b95f,IG Post,IMAGE,15.3.2026 20:00:00,"Po posledním domácím zápase této sezony nás čeká afterparty v @dydybaba! 🤩🪩

Tak doražte na zápas a pak se všichni potkáme v Dýdý!",https://www.instagram.com/p/DV6vAhJjOV0/,,5287,96,2,53
@univerzitnihokej,facebook,01b45180-0b14-4a14-96e8-d0a4bab1fb9f,5066068d-2b10-4f52-8fda-ff2051b973c3,FB Video,VIDEO,21.4.2026 16:00:19,"Co se stane ve sprchách…
zůstane ve sprchách 😏🚿",https://www.facebook.com/reel/2073754913555967/,1911,780,3,,
@riderspardubice,facebook,f99ed6c3-17cc-46f4-a32e-d9b0576ce2df,a1193b29-33bb-41b7-b0a9-77be3781ba7d,FB Post,IMAGE,9.3.2026 12:30:10,"Ready na dnešní zápas? 😎

Vstupenky koupíte přes odkaz v BIU!",https://www.facebook.com/1592662819534019/posts/1571787951621506,203,,3,,
vsefalcons,instagram,709fceba-e311-48e7-9057-f54a587abf4a,d06b7f04-8050-47e2-b030-6d49585a8196,IG Story,VIDEO,18.2.2026 7:55:56,,https://www.instagram.com/stories/vsefalcons/3835115013073815945,558,769,,,2
vsefalcons,instagram,709fceba-e311-48e7-9057-f54a587abf4a,d2dd69b8-666e-4fb4-b9e6-60f7033096de,IG Story,VIDEO,22.4.2026 8:20:56,BRUSLE JSME UŽ POVĚSILI NA HŘEBÍK ⚽️ 🤓 TEĎ JE FOOTBALL TIME! přijďte kluky dnes podpořit na Jarov,https://www.instagram.com/stories/vsefalcons/3880788336323355568,996,1470,,1,2
@cvutengineers,instagram,11963a07-7f0f-48e6-9d81-aa63a7ff4a04,d7b87b53-c092-430c-8f18-3fac5e9f1e44,IG Story,VIDEO,8.4.2026 19:36:09,NAPĚTÍ BY SE DALO KRÁJET 🔪,https://www.instagram.com/stories/cvutengineers/3870981481686668153,,806,,,
vsefalcons,instagram,709fceba-e311-48e7-9057-f54a587abf4a,e87c48d3-e87c-4056-94af-6acb766cf5ee,IG Story,VIDEO,8.4.2026 15:28:27,POV ⚽️ ⚽️ ⚽️,https://www.instagram.com/stories/vsefalcons/3870856804389376849,994,982,,,1
@riderspardubice,instagram,4d6a67ab-9313-4f77-a82e-abb18adbca5d,fe2dd3f0-df5c-433c-a924-f54146b0a093,IG Post,IMAGE,8.4.2026 7:30:15,"V dnešním zápase se rozhodne, jestli postoupíme do @unihokejfinalfour !🤩🤩 Buď u toho s námi! 

 Finále Play-in
🗓️ 8.4. v 19:30
📍 v ZS Hvězda
⚔️ proti @cvutengineers 

#fináleplayin#riders",https://www.instagram.com/p/DW3MFuQjJ_z/,,2942,42,,6
@cvutengineers,instagram,11963a07-7f0f-48e6-9d81-aa63a7ff4a04,0c4c6bfd-2524-4592-862c-0e01158cdf8b,IG Story,VIDEO,22.8.2026 17:51:45,0 0,https://www.instagram.com/stories/cvutengineers/3969498398038201297,,749,,,
@bitvaoprahu,instagram,d7c8aa06-74fb-4c6c-a7d2-c2fe1bf6d59c,1e933561-0630-4ab6-a16e-19aff49fe560,IG Reel,REEL,16.3.2026 18:31:00,"Bylo to takový naše malý šťavnatý tajemstvíčko… 🤫🍗

#kfc @kfc_cz",https://www.instagram.com/reel/DV9JTHZjJsW/,,31607,890,13,566
@univerzitnihokej,instagram,1e114592-3529-4cfe-9977-2598454053af,21b85ae6-0b5b-47cb-8d9c-93139d8ffce2,IG Post,IMAGE,16.3.2026 10:02:56,"Tento týden bude pro některé týmy oddechový, ale v úterý a středu se přeci jen můžete těšit na zajímavá utkání 💪🏼",https://www.instagram.com/p/DV8PZYUCDpe/,,3904,73,,8
@univerzitnihokej,facebook,01b45180-0b14-4a14-96e8-d0a4bab1fb9f,246cdac8-3cff-4d8b-9f50-a038f7c894b0,FB Video,VIDEO,26.3.2026 23:31:13,,https://www.facebook.com/reel/1463467071853769/,,,,,
vsefalcons,instagram,709fceba-e311-48e7-9057-f54a587abf4a,77b79029-d805-4e32-9a4b-dfe12b3b3f55,IG Post,IMAGE,13.7.2026 17:30:42,"☎️ TRYOUT CALLING 🦅 Další sezona se blíží a my hledáme novou krev. 🔥 Hledáme hráče, kteří chtějí růst, makat a reprezentovat @vsecz 🦅

Myslíš, že na to máš? 👀
📩 Pošli svoje CV a staň se Falconem: hokej@vsefalcons.cz

📅 10. 8.
⏰ 12:00–13:00 a 15:30–17:00
📍 Ice Aréna Kateřinky",https://www.instagram.com/p/DavchdxIfMV/,,10943,94,,22
vsefalcons,instagram,709fceba-e311-48e7-9057-f54a587abf4a,bda85bf2-863e-4326-a2ba-3a1eedd3f5de,IG Story,VIDEO,31.3.2026 14:26:01,,https://www.instagram.com/stories/vsefalcons/3865027162927588038,1061,1006,,,1
@218107044725785,facebook,7a942e3e-6c47-4794-9ba7-bbc7b6d40cb3,d4307537-0f04-4297-b77a-97a19d8fd534,FB Video,VIDEO,17.3.2026 15:52:29,"Happy St. Patrick’s day! 💚

#vsefalcons",https://www.facebook.com/reel/859642987101558/,581,293,6,,
vsefalcons,instagram,709fceba-e311-48e7-9057-f54a587abf4a,e284202b-437d-49e2-9b99-b37cf79ee37d,IG Post,IMAGE,31.3.2026 19:28:36,"První krok je za námi, ale cesta do Final Four ještě nekončí 🥵

Buď u toho s námi ✊🏼🦅",https://www.instagram.com/p/DWj3m1yiHQN/,,9204,194,,29
@AkademiciPlzen,facebook,d87b94e3-03e8-45d0-b92e-75e9b819545c,1da1ea6b-3331-40b7-b5c4-d7cf82bbd224,FB Post,IMAGE,18.3.2026 11:00:05,"GAMEDAY 🔥
Dnes vyrážíme na poslední venkovní zápas základní části — čeká nás výjezd do Brna za @vutcavaliersbrno ! 🚌

Udržíme 4. místo v tabulce? 👀
Buď u toho s námi a sleduj zápas online od 19:45 na Tipsportu! 🎥

#akademiciplzen | 📸 @vpotocesevodatoci @novotny_studio.cz",https://www.facebook.com/1357105236437494/posts/1345438324270852,789,,5,,
vsefalcons,instagram,709fceba-e311-48e7-9057-f54a587abf4a,3d8c33ff-daef-494a-bcb0-e7aa38e3f7f8,IG Story,VIDEO,24.2.2026 19:01:17,,https://www.instagram.com/stories/vsefalcons/3839798601677589649,685,895,,,
@bitvaoprahu,instagram,d7c8aa06-74fb-4c6c-a7d2-c2fe1bf6d59c,9c79a192-b238-4672-9820-38a50a0350b3,IG Post,IMAGE,12.3.2026 10:35:17,"Kdyby ""půjdem s davem"" nestačilo - běžte podle mapičky 🗺️🔍",https://www.instagram.com/p/DVx_5kQjLJb/,,6409,97,,23
vsefalcons,instagram,709fceba-e311-48e7-9057-f54a587abf4a,ced36a7e-cbc5-4caf-ad1b-483df3db8bc7,IG Post,IMAGE,13.2.2026 7:51:09,"Buď frajer a přijď v úterý fandit! 😎

📅 17.2. 🕐 19:45 📍 @icearenakaterinky 
👊🏼 @united_hk",https://www.instagram.com/p/DUsLVHpCHP1/,,4994,59,,2
@riderspardubice,instagram,4d6a67ab-9313-4f77-a82e-abb18adbca5d,cf902630-ab1f-45fd-bf19-6d1c49fafe97,IG Reel,VIDEO,18.3.2026 18:25:30,"Tak co, objeví se Skrypák jako nový bombshell v Love Islandu?😂 A obarví si Kopejda hlavu před play-in?

Přijď 23.3. do Enteria Areny podpořit kluky a hlavně @daniel.skryp a @dominikkopecky_99 ! Je to jejich poslední zápas za Riders!🔥

Lastdance
🗓️ 23.3. v 19:45
📍 v Enteria Arena 
⚔️ proti @united_hk 

Odkaz na vstupenky najdeš v BIU!🎟️ (I se slevičkou!🤭)

#lastdance#riders",https://www.instagram.com/reel/DWCR67pDNpa/,,8824,220,2,42
vsefalcons,instagram,709fceba-e311-48e7-9057-f54a587abf4a,0422afb9-d641-4dd8-a86a-72c3b5d9cebb,IG Story,VIDEO,10.2.2026 19:44:37,STAV PO 1. TŘETINĚ 0:2,https://www.instagram.com/stories/vsefalcons/3829673501573831244,618,895,,,
@boostrava,instagram,1176ddaf-d366-48a2-9639-3c6694c72c85,56bf8a82-d52b-4bfd-b6df-e0fd91bc6b3e,IG Reel,VIDEO,24.8.2026 14:47:11,Naši žraloci ve svém přirozeném prostředí! 🦈,https://www.instagram.com/reel/DcbTpBEMObl/,,1702,45,,
@hcnorthwings,facebook,2b08a479-603b-46e4-8a48-2bc0435ccd53,80f7dc34-3d7d-4e02-80bf-a568770069a3,FB Story,IMAGE,18.3.2026 17:28:14,,,,,,,
vsefalcons,instagram,709fceba-e311-48e7-9057-f54a587abf4a,8b730fe0-4f52-4106-baa3-5af2c3dd906a,IG Story,VIDEO,10.2.2026 19:06:46,,https://www.instagram.com/stories/vsefalcons/3829654598667736188,634,904,,,
vsefalcons,instagram,709fceba-e311-48e7-9057-f54a587abf4a,3ac094f1-9ec7-45db-b563-a968dde79639,IG Story,VIDEO,19.3.2026 18:13:11,,https://www.instagram.com/stories/vsefalcons/3856444242679835562,922,709,,,
univerzitnihokej,tiktok,01c88cf9-594f-408e-a45a-95114221acae,f12879fd-c3a5-40ec-94f9-f01d3f363144,TT Video,VIDEO,16.4.2026 20:55:49,Diamantový meč v ruce = parádní gól v přesilovce! 🗡️,https://www.tiktok.com/@univerzitnihokej/video/7629463703049473302?utm_campaign=tt4d_open_api&utm_source=7348986504397455361,,1396,52,1,1
@united_hk,tiktok,7e062517-b9da-416d-b73d-a2c5899a2be6,6c1431c4-34db-46b5-9e77-0eee8802970b,TT Video,VIDEO,25.3.2026 16:16:38,Založíš účet do konce března? Pak jsi ve hře o 100 000 Kč. 😏 A to není všechno: ⚡ rychlé a jednoduché založení online 💸 odměna 1 500 Kč za založení účtu 🍻 20 % cashback na drinky na UNIted HK afterparty Takže jestli účet ještě nemáš… možná je teď ideální čas. #unitedhk #unihokej #hokej @Univerzitní hokej 🏒 @ČSOB_CZ ,https://www.tiktok.com/@united_hk/video/7621227874628013334?utm_campaign=tt4d_open_api&utm_source=7348986504397455361,,932,42,,3
@riderspardubice,instagram,4d6a67ab-9313-4f77-a82e-abb18adbca5d,c80518e0-ba7f-4098-8c79-9c2cfe471494,IG Story,VIDEO,15.4.2026 18:56:07,@enteria_holding,https://www.instagram.com/stories/riderspardubice/3876034727069398712,,490,,,2
@akademici_plzen,tiktok,8f78cb3d-9c53-4c33-9f39-e6526fd8fa1c,ca21a31e-27b7-492a-ac69-e507a4be3d68,TT Video,VIDEO,10.4.2026 13:06:05,Hra bez gólmana není pro slabé povahy. 🫣 #akademiciplzen #hockey #collegehockey #goalkeeper #goalies ,https://www.tiktok.com/@akademici_plzen/video/7627116131353922838?utm_campaign=tt4d_open_api&utm_source=7348986504397455361,,1198,99,,1
vsefalcons,instagram,709fceba-e311-48e7-9057-f54a587abf4a,d2b34e33-3022-4ffd-b3e7-251e859e5ce8,IG Story,VIDEO,10.2.2026 18:39:28,PLAYLIST SCHVALUJE @_lukas_novak_92_ 🎤,https://www.instagram.com/stories/vsefalcons/3829640718063280315,,984,,,1
@hc_muni,instagram,43cd62c8-609d-4ea6-8ce9-cae5242ede0c,2801bcbe-f5c5-4acb-b4ca-bd666fe3028b,IG Story,VIDEO,13.4.2026 14:24:45,🤩,https://www.instagram.com/stories/hc_muni/3874448733740230388,,522,,,
@akademiciplzen,instagram,65494228-95bf-4f7b-8e68-d47d7262db66,60f152f1-9389-497f-85b8-366cb18ccdf4,IG Story,VIDEO,2.4.2026 15:21:58,,https://www.instagram.com/stories/akademiciplzen/3866504861257094738,,1302,,,
@univerzitnihokej,instagram,1e114592-3529-4cfe-9977-2598454053af,8f37e368-ee52-42b9-99b0-b578555f0733,IG Post,IMAGE,1.4.2026 19:24:47,"O největší drama se postarali Black Dogs, kteří porážejí Cavaliers až na samostatné nájezdy 😮‍💨",https://www.instagram.com/p/DWmcChYCLHE/,,5802,156,,16
@hc_muni,instagram,43cd62c8-609d-4ea6-8ce9-cae5242ede0c,ed18e31f-b4e2-4367-ae28-bf4ca7c37920,IG Post,IMAGE,16.3.2026 15:00:24,"Sobotní jízda ve snímcích ⚔️🔥 Jak jste si užili víkendový zápas vy? 🐻💙 

📸 @vavra_photo 

#hcnuni",https://www.instagram.com/p/DV8xb_7iFSa/,,8649,172,1,13
@218107044725785,facebook,7a942e3e-6c47-4794-9ba7-bbc7b6d40cb3,f6d92047-3923-4432-9ff3-c3cd66b6f7fb,FB Post,IMAGE,16.4.2026 8:24:46,"Jdeme psát historii. Dnes se rozhodne, jestli zítra budeme hrát o titul 🏆

Nejdůležitější dva dny sezóny. Pojďte si je užít s námi. Těšíme se na vás ❤️‍🔥",https://www.facebook.com/122282816036218300/posts/122284289828218300,511,,16,,
@united_hk,instagram,b18c071b-0570-48b2-b743-990c668c3c5b,96048195-70b0-4f43-8a47-92b6eb71d5a0,IG Story,VIDEO,28.8.2026 20:34:07,"SLOSOVÁNÍ
1. MÍSTO  Skybox pro 4 na
první domácí zápas!",https://www.instagram.com/stories/united_hk/3973928798420215314,,307,,,
@cvutengineers,instagram,11963a07-7f0f-48e6-9d81-aa63a7ff4a04,99300927-9a89-49d8-8542-fcfd96aac5f4,IG Post,IMAGE,22.3.2026 18:37:19,"Ke konci sezóny se nám nějak rozrostla marodka🤕

Tyhle kluky už do konce sezóny na ledě nejspíš neuvidíte… ale jako support na zápasech nechybí. Ruce a nohy jim teď možná nefungujou ale pořád maj srdce lva 🦁

Btw jestli máte někdo nějakou kouzelnou uzdravovací hůlku tak napište do dm. Využijem 🪄

Kluci posíláme sílu ať se všechno zahojí a vratíte se silnější!✊🏼",https://www.instagram.com/p/DWMnCBijEjS/,,10356,261,,32
@united_hk,instagram,b18c071b-0570-48b2-b743-990c668c3c5b,f00edae1-4f78-4636-ba51-c9272b8b426b,IG Story,IMAGE,26.8.2026 16:11:27,VS,https://www.instagram.com/stories/united_hk/3972347024948558768,,654,,,1
vsefalcons,instagram,709fceba-e311-48e7-9057-f54a587abf4a,0aa1ae49-be7a-48d7-b56f-9c49703dcfda,IG Story,IMAGE,1.4.2026 6:19:02,budeme rádi za sdílení 🙏🏼,https://www.instagram.com/stories/vsefalcons/3865506819615503417,1023,1557,,2,
@riderspardubice,instagram,4d6a67ab-9313-4f77-a82e-abb18adbca5d,b2d4eef4-328b-4156-b99c-10ed9a675a99,IG Story,VIDEO,15.4.2026 18:38:27,,https://www.instagram.com/stories/riderspardubice/3876025857240497164,,725,,,8
vsefalcons,instagram,709fceba-e311-48e7-9057-f54a587abf4a,ce9c2fe3-b4b6-4dec-ba92-f778d29f25ba,IG Post,PHOTO,10.3.2026 22:21:20,"Absolutní kino 😶‍🌫️ v zápase jsme šli několikrát do vedení, ale soupeř dorovnával a v nájezdech byl úspěšnější 💔

Teď už se na vás těšíme ve čtvrtek na @bitvaoprahu 🫵🏼",https://www.instagram.com/p/DVuHIRYiEOE/,,2950,61,,4
vsefalcons,instagram,709fceba-e311-48e7-9057-f54a587abf4a,d537e7ec-306a-4ddd-82f0-ce5aa03f530d,IG Story,VIDEO,13.1.2026 17:32:47,💪🏼 ÚTERÝ jak má být,https://www.instagram.com/stories/vsefalcons/3809313435171697426,,1203,,,1
@engineersprague,facebook,afd06d1d-7b1c-4f66-8d93-ce4255ab773c,db4b503a-86e8-40cf-95cc-a24bcc35a04b,FB Story,VIDEO,4.3.2026 20:25:59,,,,,,,
vsefalcons,instagram,709fceba-e311-48e7-9057-f54a587abf4a,e84e26fb-33c4-46e5-ba11-6cea051c2970,IG Story,VIDEO,12.3.2026 15:33:13,@one__timer 🤔,https://www.instagram.com/stories/vsefalcons/3851290258663030053,1472,1442,,,1
@riderspardubice,instagram,4d6a67ab-9313-4f77-a82e-abb18adbca5d,f49c9139-af7b-4d90-9d0e-ac1e493a8fd5,IG Post,IMAGE,3.3.2026 10:35:20,"Hlásíme důležitý zápas, bude se hrát o postup do play-off!🚨🗣️

Venkovní zápas
🗓️ 4.3. v 19:30
📍 ve Sportcentrum Lužánky
⚔️ proti @hc_muni 

#riders#venkovnízápas",https://www.instagram.com/p/DVa0b8GDOA7/,,1898,34,,1
@boostrava,instagram,1176ddaf-d366-48a2-9639-3c6694c72c85,36bf30c9-b8cd-4e7d-9166-c84b73aedc91,IG Post,IMAGE,24.3.2026 22:16:56,"Základní část zakončujeme vítězně! 🧨

Dosáhli jsme hranice 50 bodů a pokračujeme do PLAY-IN! 🦈

#hockey #ullh #winners",https://www.instagram.com/p/DWSJaGoDP6V/,,1468,51,,4
@218107044725785,facebook,7a942e3e-6c47-4794-9ba7-bbc7b6d40cb3,a7579f3b-3c3c-4229-bcd7-fec298957d0e,FB Post,IMAGE,10.3.2026 22:21:34,"Absolutní kino 😶‍🌫️ v zápase jsme šli několikrát do vedení, ale soupeř dorovnával a v nájezdech byl úspěšnější 💔

Teď už se na vás těšíme ve čtvrtek na @bitvaoprahu 🫵🏼",https://www.facebook.com/122282816036218300/posts/122278260872218300,331,,3,,
@cvutengineers,instagram,11963a07-7f0f-48e6-9d81-aa63a7ff4a04,e2831f85-e17d-45a2-b188-11b25c14d215,IG Story,VIDEO,18.4.2026 11:01:59,💔,https://www.instagram.com/stories/cvutengineers/3877970224419241249,,1240,,,1
@cvutengineers,instagram,11963a07-7f0f-48e6-9d81-aa63a7ff4a04,2993079f-e97d-498a-bc64-d85b20313976,IG Story,VIDEO,15.4.2026 18:10:35,FIRST  TOUCHES 🧊 🧊,https://www.instagram.com/stories/cvutengineers/3876011833501193101,,1044,,,4
@riderspardubice,facebook,f99ed6c3-17cc-46f4-a32e-d9b0576ce2df,6c837029-93e4-4151-aa98-b33b526deeb2,FB Video,VIDEO,19.3.2026 14:28:16,"Co Muškys Danovi vzkázal? 

To se dozvíte už 23. března v enteria areně!
Vstupenky koupíš přes odkaz v BIU 🎟️",https://www.facebook.com/reel/1523901149079444/,357,82,,,
@boostrava,instagram,1176ddaf-d366-48a2-9639-3c6694c72c85,71c966f0-e2cb-46a3-b373-d5d199e0fc9c,IG Post,IMAGE,18.3.2026 12:53:01,"Koukni co o výjezdu do Prahy řekl útočník 
Jan Vašenka🎙️",https://www.instagram.com/p/DWBsFcOjHq0/,,1963,24,,
@united_hk,instagram,b18c071b-0570-48b2-b743-990c668c3c5b,a9825d49-70be-467f-a881-66f4ad58af67,IG Story,VIDEO,21.4.2026 14:20:13,Díky našim partnerům 😉,https://www.instagram.com/stories/united_hk/3880244395517694523,,622,,,
vsefalcons,instagram,709fceba-e311-48e7-9057-f54a587abf4a,bdad0ee7-497e-4256-8742-3c1986a8f118,IG Story,IMAGE,10.8.2026 18:52:53,"nové i staré tváře
zpět na 👊🏼",https://www.instagram.com/stories/vsefalcons/3960831950734241545,,1065,,,3
@united_hk,instagram,b18c071b-0570-48b2-b743-990c668c3c5b,1f36719b-450f-44c4-a874-aad257edaf1b,IG Story,VIDEO,25.4.2026 15:21:20,RADOST S NIMA PRACOVAT,https://www.instagram.com/stories/united_hk/3883174274080972491,,676,,,2
@univerzitnihokej,facebook,01b45180-0b14-4a14-96e8-d0a4bab1fb9f,360add7d-3b55-4118-9a2c-3ac26cca703e,FB Post,IMAGE,2.4.2026 15:44:11,"Engineers už znají svého soupeře, na domácí půdě vyzvou Riders 🐴
Ve středu se rozhodne, kdo půjde do @unihokejfinalfour 👀",https://www.facebook.com/1275398168115026/posts/1276636007991242,136,,2,,
@vutcavaliersbrno,instagram,b384bebf-72f3-4f9d-8b2d-3677709f6966,a3fae808-dfff-436b-b2e2-a399d003461a,IG Reel,VIDEO,4.3.2026 20:33:58,"Spolupráce, kterou ocení nejen přítelkyně, ale taky spoluhráči v kabině 🛁 Čistá hlava, čistá hra 🧼 @garnier_czsk",https://www.instagram.com/reel/DVedw8miJsn/,,4924,88,,20
@united_hk,instagram,b18c071b-0570-48b2-b743-990c668c3c5b,ba378db2-4b5c-4c57-97de-f3a3a1e1ad65,IG Story,VIDEO,25.8.2026 17:39:11,,https://www.instagram.com/stories/united_hk/3971666408416776749,,495,,,
@riderspardubice,instagram,4d6a67ab-9313-4f77-a82e-abb18adbca5d,ed089515-b370-49fb-9568-e702035baa35,IG Story,VIDEO,17.4.2026 12:52:55,POSLEDNÍ PŘEDZÁPASOVÉ BAGO V TÉTO SEZÓNĚ🔥 ⚽️,https://www.instagram.com/stories/riderspardubice/3877301291634699117,,1249,,,6
@riderspardubice,instagram,4d6a67ab-9313-4f77-a82e-abb18adbca5d,7741764a-cc6e-455c-aa84-4a72f2c7e04e,IG Story,VIDEO,27.8.2026 12:36:50,,https://www.instagram.com/stories/riderspardubice/3972963780505657072,,576,,,
@cvutengineers,instagram,11963a07-7f0f-48e6-9d81-aa63a7ff4a04,a9696441-ff31-4b68-bcbb-3300247e8c77,IG Story,VIDEO,22.8.2026 8:02:03,,https://www.instagram.com/stories/cvutengineers/3969201593492722580,,2094,,,6
@riderspardubice,facebook,f99ed6c3-17cc-46f4-a32e-d9b0576ce2df,5e7df751-bf0a-4920-a867-ff17771f9da4,FB Video,VIDEO,24.8.2026 6:32:54,"Přípravný zápas se blíží a víte, jak se to říká - bez práce nejsou koláče🔥",https://www.facebook.com/reel/1768895881096984/,1206,420,10,,
@univerzitnihokej,facebook,01b45180-0b14-4a14-96e8-d0a4bab1fb9f,42fcd857-9573-4e1b-ae1c-21562b20d83f,FB Video,VIDEO,30.3.2026 12:09:45,"Uvidíme tady traktory, koně nebo snad plzeňský pivo? Kreativitě se meze nekladou 🫰🏼",https://www.facebook.com/reel/958005910007693/,1315,586,,,
@hcnorthwings,facebook,2b08a479-603b-46e4-8a48-2bc0435ccd53,8360e604-69ac-4976-919f-6fa5401c8949,FB Post,IMAGE,20.8.2026 9:28:34,"Krátké 📸 ohlédnutí za přátelským utkání s A-týmem HC Tygři Klášterec nad Ohří 🦁
Pro náš tým to bylo vítězství 7:0 💛💙

foto by Adéla Gerstnerová Photography",https://www.facebook.com/1583651910433365/posts/1718941630237725,1741,,19,,
vsefalcons,instagram,709fceba-e311-48e7-9057-f54a587abf4a,abaa6f67-654b-409a-a37d-cc6a135bf11c,IG Story,VIDEO,13.3.2026 16:19:00,,https://www.instagram.com/stories/vsefalcons/3852038051618920622,952,908,,,1
@hc_muni,instagram,43cd62c8-609d-4ea6-8ce9-cae5242ede0c,0f7c7e41-5f03-45e4-adb1-842ca8447d3c,IG Post,IMAGE,4.3.2026 21:24:37,"Pátá sice odbila, ani tak to ale nestačilo ⚔️",https://www.instagram.com/p/DVej3p-iAip/,,3139,54,,7
@riderspardubice,instagram,4d6a67ab-9313-4f77-a82e-abb18adbca5d,1a6442e4-275e-4e55-965d-bd7ee3043fbc,IG Reel,VIDEO,15.8.2026 15:29:02,Sezóna se neodvratně blíží a my budeme ready🔥,https://www.instagram.com/reel/DcENadYIpDf/,,3199,96,,3
vsefalcons,instagram,709fceba-e311-48e7-9057-f54a587abf4a,58057dd6-44ec-46c8-b43b-74fa247c0254,IG Story,IMAGE,2.3.2026 19:59:38,3 1,https://www.instagram.com/stories/vsefalcons/3844176590221636358,635,830,,,
@united_hk,instagram,b18c071b-0570-48b2-b743-990c668c3c5b,5fbab01c-0e65-4299-8ba6-7b9170640004,IG Reel,VIDEO,16.8.2026 14:14:22,"Dnes jsme měli další vzácnou návštěvu od paní @monikanebeska.cz a zástupců města Hradec Králové.🏰

Děkujeme za podporu!",https://www.instagram.com/reel/DcGpBHvIQQy/,,2788,37,,7
@BOhokej,facebook,c9082543-a03b-490f-8f97-66d439acce89,0b2844f6-3a89-4959-bc0c-b7f1da677039,FB Video,VIDEO,26.3.2026 20:23:14,"Nejhladovější @pastak22 🧨

#zott #zotthungry #zotthungrydrinkthis",https://www.facebook.com/reel/3866984930105177/,552,210,2,,
@riderspardubice,instagram,4d6a67ab-9313-4f77-a82e-abb18adbca5d,5d53524e-4552-4bdf-a15a-cb4e7760d850,IG Story,VIDEO,31.3.2026 17:49:24,@matejterc  NÁS DOSTÁVÁ DO VEDENÍ! 🗣️ 2:1,https://www.instagram.com/stories/riderspardubice/3865129527139930526,,884,,,5
@riderspardubice,instagram,4d6a67ab-9313-4f77-a82e-abb18adbca5d,83b0b6a9-cce7-400a-a262-ba15a1c6a0dd,IG Reel,VIDEO,17.4.2026 9:15:53,"Jak to bude vypadat v Edenu dnes? 🔥

Dnes hrajeme o bronz proti @vsefalcons v 16:30 na zimním stadionu Eden!",https://www.instagram.com/reel/DXOjVZzjH1s/,,2770,88,,2
vsefalcons,instagram,709fceba-e311-48e7-9057-f54a587abf4a,d71c157d-1acf-43f9-aa94-7df0f430ab67,IG Story,IMAGE,3.3.2026 19:29:37,"3 1 Theimer
Daniel
Vosmík",https://www.instagram.com/stories/vsefalcons/3844886264378087117,635,818,,,
@united_hk,instagram,b18c071b-0570-48b2-b743-990c668c3c5b,71564465-1c2e-47ff-9959-7d5256384116,IG Story,VIDEO,18.4.2026 18:42:57,,https://www.instagram.com/stories/united_hk/3878202422447349034,,349,,,
@univerzitnihokej,instagram,1e114592-3529-4cfe-9977-2598454053af,bbaf04df-cf0a-49b3-888c-bed2639cc7f8,IG Story,VIDEO,8.4.2026 18:37:15,"RIDERS OTEVÍRAJÍ 
SKÓRE ZÁPASU 0:1 🚨",https://www.instagram.com/stories/univerzitnihokej/3870951827923578332,,760,,,
@akademiciplzen,instagram,65494228-95bf-4f7b-8e68-d47d7262db66,bbd16902-d900-4e7b-8e9d-65d25f76fcc9,IG Post,IMAGE,9.4.2026 20:36:47,"BRUSLENÍ S AKADEMIKY ⛸️

Dneska jsme si to s vámi užili na maximum. 💙Děkujeme, že jste dorazili! 

#akademiciplzen | 📸 @vpotocesevodatoci",https://www.instagram.com/p/DW7LA1LDGLV/,,14628,343,2,39
@univerzitnihokej,instagram,1e114592-3529-4cfe-9977-2598454053af,9363cf2c-e78c-4d94-a040-0544b55e93d8,IG Story,VIDEO,18.4.2026 10:26:33,,https://www.instagram.com/stories/univerzitnihokej/3877952665997037303,,1135,,,
vsefalcons,instagram,709fceba-e311-48e7-9057-f54a587abf4a,e687085a-aae5-4154-979e-bfd4cc45805e,IG Story,VIDEO,2.3.2026 18:37:08,🙌🏻 let’s go,https://www.instagram.com/stories/vsefalcons/3844135105149281875,645,799,,,
vsefalcons,instagram,709fceba-e311-48e7-9057-f54a587abf4a,f14890e3-85d1-48e6-8eb6-65a3b1ff5369,IG Story,VIDEO,1.5.2026 9:14:31,,https://www.instagram.com/stories/vsefalcons/3887338296657314120,,698,,,
@riderspardubice,instagram,4d6a67ab-9313-4f77-a82e-abb18adbca5d,fc0dea19-ecb0-4147-82f8-53aff33ae66c,IG Story,VIDEO,1.4.2026 18:45:21,,https://www.instagram.com/stories/riderspardubice/3865882446038618043,,439,,,1
@univerzitnihokej,facebook,01b45180-0b14-4a14-96e8-d0a4bab1fb9f,62aed694-6901-4763-a583-0f4688081bdd,,IMAGE,12.4.2026 21:10:32,Známe účastníky Final Four! 🤩 Které týmy zůstaly v boji o Pohár Jana Palacha a jak vypadaly zápasy o vstupenky do Edenu? 👇🏼,https://www.facebook.com/1275398168115026/posts/1284498583871651,780,,4,,
@AkademiciPlzen,facebook,d87b94e3-03e8-45d0-b92e-75e9b819545c,7331a79d-b11d-412c-92f3-a55d464c36db,FB Post,IMAGE,2.4.2026 15:20:45,"Těžko se teď hledají slova. Včerejším zápasem pro nás sezona 25/26 bohužel končí. Obrovské díky vám všem za podporu! 💙🏒 

#akademiciplzen",https://www.facebook.com/1357105236437494/posts/1358332869648064,372,,35,,
@akademiciplzen,instagram,65494228-95bf-4f7b-8e68-d47d7262db66,926855b3-b476-407e-b442-de9e318b5b70,IG Story,VIDEO,20.4.2026 12:57:37,"Jaké fotky mají kluci z letošní sezóny v albu „oblíbené“? 👀📸 👈🏻 Mrkni, co vybrali!",https://www.instagram.com/stories/akademiciplzen/3879478076774349196,,1090,,,
@vutcavaliersbrno,instagram,b384bebf-72f3-4f9d-8b2d-3677709f6966,e0013876-dcea-441a-97eb-2f14be39eb14,IG Post,IMAGE,14.3.2026 18:35:45,Tři srovnávací branky @jerabekdmnk + gól v prodloužení @riciorsech = důležité dva body do tabulky 🔥🔥🔥,https://www.instagram.com/p/DV4AWWJCDan/,,2834,89,2,5
@hc_muni,instagram,43cd62c8-609d-4ea6-8ce9-cae5242ede0c,f8a34b99-4eb5-42f0-9b85-36b7eb186a70,IG Reel,REEL,30.3.2026 12:21:09,"Špatné kudrliny = špatný den, špatný trénink... prostě katastrofa😩
Ještěže mám v kabině Flexi Hold gel od @garnier_czsk , který udělá dokonalé vlny a tenhle řetězec katastrof hned přeruší. Flexi Hold gel kudrliny okamžitě hydratuje, definuje a fixuje jejich tvar🔥🤯

#cistahlavacistahra #garnierczsk #garnierfructis #hcmuni",https://www.instagram.com/reel/DWgiRvvDIAo/,,7609,181,,36
@hcmuni,facebook,d1f9e9f9-7526-42d4-85aa-13f91e89f7cf,81077261-cc7d-4031-8421-a4acafac010f,FB Video,VIDEO,8.3.2026 11:32:52,"Náš starting grid je připraven!!!🐻🚨💙Tak kdo to letos vyhraje?🏁🏎️
Napiš do komentáře! 💬

#hcmuni",https://www.facebook.com/reel/1431711068597106/,2346,483,8,,
@bitvaoprahu,facebook,75e0f41f-82be-4f82-a77b-82ac11135ed2,e7d48912-6065-408f-82b5-89683f606821,FB Video,VIDEO,12.3.2026 17:37:36,📣 GÓL POHLEDEM SPEAKERA 👁️,https://www.facebook.com/reel/1200742478544086/,831,396,4,,
vsefalcons,instagram,709fceba-e311-48e7-9057-f54a587abf4a,8d248b4a-b7bc-4225-a251-dc290db06355,IG Story,IMAGE,13.3.2026 16:20:10,,https://www.instagram.com/stories/vsefalcons/3852038645758861694,886,817,,,2
@218107044725785,facebook,7a942e3e-6c47-4794-9ba7-bbc7b6d40cb3,b39c4b3a-52f3-4c76-bf6e-f1e0071b92f7,FB Post,IMAGE,9.4.2026 13:24:04,"Ten moment, kdy si uvědomíš, že to nebyl jen sen.
PLAY-IN ✅ a teď míříme do @unihokejfinalfour bojovat o titul 🏆

Vstupenky na finalfour.cz 🎟️ Využij náš promo kód na 15% slevu “VSEFANS” 🤑",https://www.facebook.com/122282816036218300/posts/122283188738218300,736,,24,,
@akademiciplzen,instagram,65494228-95bf-4f7b-8e68-d47d7262db66,f736ec29-a5dd-40b3-88e3-d7a490091065,IG Post,IMAGE,6.3.2026 15:09:56,"Podrž tečky, potáhni doprava a uvidíš parádní střelu @v_reitspies10 🔥🎯

📸 @_.hrubytomas._ 

#akademiciplzen #jarnibitva",https://www.instagram.com/p/DVjClGiDNcx/,,7715,177,4,10
@akademiciplzen,instagram,65494228-95bf-4f7b-8e68-d47d7262db66,08913132-cead-45c9-9bb4-6ad0e5ee106f,IG Reel,REEL,28.3.2026 19:29:15,"Beeřík už kluky prohání, aby byli na středu v top formě! ☝🏻
Proženeme takhle ve středu i @czufarmers? 👀🔥

📍 1. 4. | 19:00 | LOGSPEED CZ Aréna
🎟️ Lístky v biu nebo na akademiciplzen.enigoo.cz

#akademiciplzen 💙",https://www.instagram.com/reel/DWcISOUDC0t/,,7558,117,,23
vsefalcons,instagram,709fceba-e311-48e7-9057-f54a587abf4a,8b2f3ab9-8170-4482-a417-48fb2d6ac0d5,IG Story,VIDEO,6.3.2026 19:16:05,PŘED NÁMI 🥵 TĚĚŽKEJ TÝDEN,https://www.instagram.com/stories/vsefalcons/3847053781607448072,,912,,,1
vsefalcons,instagram,709fceba-e311-48e7-9057-f54a587abf4a,b9970df7-ad76-4f2b-88fe-8b6fef980e0a,IG Story,VIDEO,26.1.2026 17:56:46,,https://www.instagram.com/stories/vsefalcons/3818747617081874315,,877,,,2
@riderspardubice,instagram,4d6a67ab-9313-4f77-a82e-abb18adbca5d,d73fd257-7782-409d-ae90-f2ca60f932f7,IG Story,VIDEO,12.4.2026 11:20:42,HRA ZAČÍNÁ OSTŘE🔥 0:0,https://www.instagram.com/stories/riderspardubice/3873631985831024268,,1271,,,
@engineersprague,facebook,afd06d1d-7b1c-4f66-8d93-ce4255ab773c,f5b285f8-fb08-4f4c-9de3-4299f623a1f2,FB Story,VIDEO,22.8.2026 17:51:15,,https://facebook.com/stories/136066081670222/UzpfSVNDOjQxNjMyODM4NzcyOTY1OTE=/?view_single=1,,,,,
@univerzitnihokej,facebook,01b45180-0b14-4a14-96e8-d0a4bab1fb9f,80c4e608-6d2b-411a-900b-26c390e59ff3,FB Post,IMAGE,12.3.2026 12:06:29,Stanou se vládcem Prahy znovu @ukkingsprague nebo tentokrát zvítězí @cvutengineers ? 💪🏼,https://www.facebook.com/1275398168115026/posts/1259460993042077,549,,,,
vsefalcons,instagram,709fceba-e311-48e7-9057-f54a587abf4a,9cc4c187-6cd2-459d-873d-cc84706bb03e,IG Story,IMAGE,31.3.2026 16:04:47,0 0,https://www.instagram.com/stories/vsefalcons/3865076860161919307,975,966,,,
vsefalcons,instagram,709fceba-e311-48e7-9057-f54a587abf4a,5005ea98-2138-4709-9471-862de72a26ee,IG Story,IMAGE,10.3.2026 19:41:33,"2 0 Fibigr
Hrouda",https://www.instagram.com/stories/vsefalcons/3849965701981322724,804,801,,,1
vsefalcons,instagram,709fceba-e311-48e7-9057-f54a587abf4a,64635736-b8a7-427a-be0d-3961c8e30b93,IG Post,IMAGE,26.1.2026 19:40:43,"Výhra byla blízko, ale nakonec si z pohádkové Hluboké odvážíme pouze bod 👆🏼",https://www.instagram.com/p/DT_GkRuiAAS/,,2111,43,,2
@AkademiciPlzen,facebook,d87b94e3-03e8-45d0-b92e-75e9b819545c,d34e8dcd-ec63-48c6-aacc-a10b2a2cb828,FB Video,VIDEO,2.3.2026 14:46:07,"UŽ JEN 2 DNY! ⏳ Neříkejte nám, že ještě nemáte lístek. 🤫 Poslední šance to napravit je PRÁVĚ TEĎ! 

Nechceme slyšet žádné výmluvy, chceme vás slyšet na tribunách! 😉💙 

🎟️ Lístky v biu.

#akademiciplzen #jarnibitva",https://www.facebook.com/reel/980556995145884/,450,127,2,,
vsefalcons,instagram,709fceba-e311-48e7-9057-f54a587abf4a,05c11520-2fc0-4a67-b8a5-1b234cb6c7a2,IG Post,CAROUSEL_ALBUM,2.3.2026 11:14:01,"Dobrej hokej a pivko k tomu? 😏

Už zítra prvních sto z vás dostane plechovku Proudu zadáčo! 🍻 Tak vem kámoše a doraž podpořit naše kluky v důležitém zápase 💙

Vstupenky k dostání na profilu 🎟️",https://www.instagram.com/p/DVYUZwpiAWi/,,5927,53,,17
@univerzitnihokej,instagram,1e114592-3529-4cfe-9977-2598454053af,a5206d77-fb52-4253-a843-d91991ec4cb6,IG Reel,VIDEO,12.3.2026 15:20:36,My jsme ready 👀 a co vy?,https://www.instagram.com/reel/DVygcboCMie/,,7205,149,,8
vsefalcons,instagram,709fceba-e311-48e7-9057-f54a587abf4a,15cba61f-a2bc-4968-b063-34056e5d80da,IG Post,IMAGE,1.4.2026 6:15:28,"Ranní trénink nedopadl úplně podle našich představ 🤕

Někdo si vybral nejhorší možné načasování a přes noc nám byla vyloupena šatna s veškerou výstrojí. Budeme rádi když příspěvek sdílíte, ať se to dostane mezi nejvíc lidí. 

Děkujeme, tým VŠE Falcons 🦅",https://www.instagram.com/p/DWlEYDwCDA6/,,12519,219,2,201
@BOhokej,facebook,c9082543-a03b-490f-8f97-66d439acce89,1e0bc462-4e0b-4af3-920c-6eaef3c6c4ad,FB Post,IMAGE,16.3.2026 20:04:53,"Nenechte si ujít zápas s Pardubicemi! 🍀

Ke vstupence vás čeká pivko a zelená zdarma! 🍻
Vstupenky najdeš v biu 🎫

#hockey #ostrava #stpatricksday2026",https://www.facebook.com/1477974067675582/posts/1464348045704851,233,,,,
@AkademiciPlzen,facebook,d87b94e3-03e8-45d0-b92e-75e9b819545c,2fca534f-ac77-4942-bbab-a76906c94ec7,FB Post,IMAGE,3.3.2026 12:22:28,"SPĚCHEJ, abys stihnul 3. vlnu lístků! ⏳
Dnes za 250,- , zítra už za 300,- 🥶

Odkaz na vstupenky najdeš v biu nebo na plzenskabitva.cz",https://www.facebook.com/1357105236437494/posts/1333747992106552,331,,,,
@engineersprague,facebook,afd06d1d-7b1c-4f66-8d93-ce4255ab773c,94502aec-b05f-490b-8f8a-74103ef105dd,FB Story,IMAGE,4.3.2026 20:40:06,,,,,,,
@akademiciplzen,instagram,65494228-95bf-4f7b-8e68-d47d7262db66,e427f591-a07e-498d-86fb-ee6be87ed2c0,IG Reel,VIDEO,3.3.2026 20:09:24,"Chceš se napít za free na after? 🍹 Zítra máš ideální šanci!

— Doraž zítra v 17:30 do fanzóny, 
— ohákni se do modrobílého,
— dones ten největší transparent, co zvládneš vyrobit! 🏒

Doraž udělat kotel, vidíme se tam! 💙

#akademiciplzen #jarnibitva",https://www.instagram.com/reel/DVb2FaNjGHn/,,11000,148,,37
@boostrava,instagram,1176ddaf-d366-48a2-9639-3c6694c72c85,f5ced92d-0bb6-4b00-a2c6-66c58ae999d2,IG Post,IMAGE,17.4.2026 8:02:24,"Sezónu 25/26 máme za sebou🔥
Velké poděkování patří našemu generálnímu partnerovi @vitkovice.steel a všem ostatním za podporu, důvěru a spolupráci. Vážíme si toho, že jste součástí naší cesty! 
DĚKUJEME🧡",https://www.instagram.com/p/DXObCd2jCgS/,,3633,104,,4
@akademiciplzen,instagram,65494228-95bf-4f7b-8e68-d47d7262db66,847b6d72-3f7c-4260-93d2-850bd50020f2,IG Story,VIDEO,20.8.2026 19:21:40,4 : 1 DNESKA JSME PŘI CHUTI 🤌🏻 🧑🏻‍🍳 VÁCLAV ŠMÍD trefil se,https://www.instagram.com/stories/akademiciplzen/3968094340010272251,,986,,,11
@univerzitnihokej,instagram,1e114592-3529-4cfe-9977-2598454053af,0e5eb2a6-59c8-42fa-9aeb-47728d30ffe5,IG Story,VIDEO,8.4.2026 18:55:57,0 4,https://www.instagram.com/stories/univerzitnihokej/3870961217074379060,,735,,,1
vsefalcons,instagram,709fceba-e311-48e7-9057-f54a587abf4a,5294d037-f680-4ca2-a6c3-2c0c27ad3186,IG Reel,VIDEO,15.1.2026 16:02:22,🗒️to do list: získat si děti ✔️,https://www.instagram.com/reel/DTiYxPgiObb/,,4860,71,,41
@akademiciplzen,instagram,65494228-95bf-4f7b-8e68-d47d7262db66,b3bdc788-4d72-4e26-8f81-8afc9f391f21,IG Story,VIDEO,26.8.2026 10:43:19,@_adamsobotka @_rihastepan_ @martin_fort23 @benisek_jiri @kaiser_sim_ @soucek_87 @matyas.bajgar1 @zenisek_ @albert_schacherl @gazicek_ @t_pain_6 @jakubvotoupal @dolhyc17 @_jakubsucha_ @j.cermak_,https://www.instagram.com/stories/akademiciplzen/3972181865947499640,,2433,,,19
@cvutengineers,instagram,11963a07-7f0f-48e6-9d81-aa63a7ff4a04,bb85b8de-5960-4c55-839a-9e905b950835,IG Story,VIDEO,1.4.2026 18:59:45,ZA CHVÍLI SE DOZVÍME SOUPEŘE 🎫,https://www.instagram.com/stories/cvutengineers/3865889706739543459,,987,,,6
@bitvaoprahu,facebook,75e0f41f-82be-4f82-a77b-82ac11135ed2,07e9ba7e-71be-4916-8c5b-a1c307efcf29,FB Post,IMAGE,13.3.2026 12:52:47,"🏆🏆 Královské ráno! Žijete všichni? 😀

📸 @vratapolivka_photo , @matyasklapa , @radekkasik1",https://www.facebook.com/1441262177797849/posts/1420877723169628,358,,2,,
@united_hk,instagram,b18c071b-0570-48b2-b743-990c668c3c5b,8e1cbb43-5084-4dac-86c0-5f9b63bd4d76,IG Story,IMAGE,24.4.2026 8:38:07,,https://www.instagram.com/stories/united_hk/3882246694037393970,,444,,,
vsefalcons,instagram,709fceba-e311-48e7-9057-f54a587abf4a,2f5bdc45-1acf-4701-9ec7-66a973cf13cb,IG Story,VIDEO,13.3.2026 16:19:44,,https://www.instagram.com/stories/vsefalcons/3852038424047974241,911,915,,,1
@univerzitnihokej,instagram,1e114592-3529-4cfe-9977-2598454053af,85d7089b-a30e-4e95-8588-e36d20501c49,IG Story,VIDEO,17.4.2026 8:48:58,,https://www.instagram.com/stories/univerzitnihokej/3877178542651889102,,2150,,,
@boostrava,instagram,1176ddaf-d366-48a2-9639-3c6694c72c85,5200a953-395c-49ea-ab4c-8faa41412a00,IG Reel,REEL,26.3.2026 20:22:54,"Nejhladovější @pastak22 🧨

#zott #zotthungry #zotthungrydrinkthis",https://www.instagram.com/reel/DWXGINljM9e/,,2162,42,,3
@unitedhk,facebook,bfe6cc29-a387-41b9-9bca-b077722556af,87573d60-6ea2-42da-a5e2-aba4611bbe81,FB Post,IMAGE,23.4.2026 8:05:52,"Děkujeme MarketingPPC za podporu v sezoně 2025/26.

Digitální agentura, která pomáhá firmám růst díky chytrým online kampaním a práci s daty.

Díky, že stojíte za UNIted HK. 🖤🧡",https://www.facebook.com/122180651084388974/posts/122182204358388974,110,,,,
@boostrava,instagram,1176ddaf-d366-48a2-9639-3c6694c72c85,cb1102b0-f8f0-4bc3-890d-9932028b3d82,IG Reel,REEL,31.3.2026 16:04:10,"19:30🔥RT TORAX ARENA PORUBA 
@boostrava x @riderspardubice",https://www.instagram.com/reel/DWjgeemDFsx/,,9994,238,,97
@akademiciplzen,instagram,65494228-95bf-4f7b-8e68-d47d7262db66,47d90576-8103-4d7d-9174-4b855dc255f0,IG Story,VIDEO,31.3.2026 11:43:43,,https://www.instagram.com/stories/akademiciplzen/3864945456166377445,,1369,,,
vsefalcons,instagram,709fceba-e311-48e7-9057-f54a587abf4a,9ffc17a3-9740-4933-b75e-85c7e01f8727,IG Story,VIDEO,3.3.2026 18:44:20,@_lukas_novak_92_ 🤹🏽,https://www.instagram.com/stories/vsefalcons/3844863469946416385,973,1346,,,2
@akademiciplzen,instagram,65494228-95bf-4f7b-8e68-d47d7262db66,dc698a72-db21-4dcd-8f2a-b9202fab5be8,IG Story,VIDEO,24.8.2026 19:02:20,DNESKA SE ZVEDALO OPRAVDU INTENZIVNĚ 🥵 💪🏻 @martin_fort23 @_rihastepan_ @_adamsobotka,https://www.instagram.com/stories/akademiciplzen/3970983527734629729,,1761,,,8
@VUTCavaliersBrno,facebook,3351b43e-4b71-442b-b2f1-920cd6e57ee5,f782c4db-dd54-4be3-95d9-b93047fa5184,FB Video,VIDEO,31.3.2026 20:59:25,"Základní část je za námi 👈 
A tak jsme si dali s @kfc_cz a jejich fanouškovským menu malé opáčko 🤓
Komu se dařilo nejlépe? @_totti_71 @m_.cernak @vojtechkleofas 🏒",https://www.facebook.com/reel/1646384553212439/,516,172,5,,
@united_hk,instagram,b18c071b-0570-48b2-b743-990c668c3c5b,5314c2a0-526c-43b5-8f84-3df8af3c2fb1,IG Story,VIDEO,28.4.2026 6:29:40,,https://www.instagram.com/stories/united_hk/3885079689983190557,,625,,,
@unitedhk,facebook,bfe6cc29-a387-41b9-9bca-b077722556af,c3a71ad5-1c2a-429c-9e3e-f124b0d0ba65,FB Video,VIDEO,17.3.2026 18:29:56,"🍕 Pizza Panda na derby

Trička ve vzduchu.
Vouchery pro fanoušky.
A zase o něco lepší atmosféra v hale.

Díky partnerovi Pizza Panda, který podpořil Východočeské derby univerzit a postaral se o tenhle moment přímo v hledišti.

Mrkni na video.

🖤🧡❤️",https://www.facebook.com/reel/2145050326257329/,1180,372,4,,
@hcnorthwings,facebook,2b08a479-603b-46e4-8a48-2bc0435ccd53,1c8b36a2-6ecb-4576-96c4-fad5255f0fcf,FB Story,VIDEO,18.8.2026 16:49:00,,,,,,,
@univerzitnihokej,facebook,01b45180-0b14-4a14-96e8-d0a4bab1fb9f,42feec42-7bb2-4dfe-aa40-5fd1c65494bc,FB Post,IMAGE,6.4.2026 17:36:51,"Sezónu VUT letos ukončily až samostatné nájezdy proti Black Dogs v semifinále play-in.

Dvakrát ovládli brněnský Hokejový souboj univerzit a zanechali za sebou silnou stopu. Právě tyhle momenty zůstávají! 🫂",https://www.facebook.com/1275398168115026/posts/1279863977668445,968,,4,,
@hcnorthwings,facebook,2b08a479-603b-46e4-8a48-2bc0435ccd53,f248d753-5fb2-4f68-923d-e1aff3c5cd38,FB Story,VIDEO,4.3.2026 8:35:48,,,,,,,
@218107044725785,facebook,7a942e3e-6c47-4794-9ba7-bbc7b6d40cb3,4a30ccb9-a9fd-4006-911d-25e1f28872fc,FB Post,PHOTO,31.3.2026 8:42:12,Jdeme do boje ⚔️ DNES JDE O VŠECHNO! 😤,https://www.facebook.com/122282816036218300/posts/122281593890218300,382,,10,,
@engineersprague,facebook,afd06d1d-7b1c-4f66-8d93-ce4255ab773c,e226e9c8-b0eb-4efb-b000-55de2348ffb6,FB Story,VIDEO,4.3.2026 21:57:09,,,,,,,
@bitvaoprahu,instagram,d7c8aa06-74fb-4c6c-a7d2-c2fe1bf6d59c,43085ce7-166a-4f39-a656-c4cd5033afd2,IG Story,VIDEO,10.4.2026 14:50:35,,https://www.instagram.com/stories/bitvaoprahu/3872287265737416311,,949,,,1
@AkademiciPlzen,facebook,d87b94e3-03e8-45d0-b92e-75e9b819545c,7b73b012-83ab-4d9c-ab19-de4b72f5ec54,FB Post,IMAGE,6.3.2026 15:10:04,"Podrž tečky, potáhni doprava a uvidíš parádní střelu @v_reitspies10 🔥🎯

#akademiciplzen #jarnibitva",https://www.facebook.com/1357105236437494/posts/1336119718536046,973,,4,,
@VUTCavaliersBrno,facebook,3351b43e-4b71-442b-b2f1-920cd6e57ee5,03990bea-5451-400f-afec-7e5f7946a7ea,FB Video,VIDEO,17.3.2026 11:40:31,Únik @riciorsech v prodloužení a bod navíc zůstává doma 🙌,https://www.facebook.com/reel/825713333124540/,1993,931,6,,
vsefalcons,instagram,709fceba-e311-48e7-9057-f54a587abf4a,1f0055a0-3993-4850-ae10-e42a4bf416ea,IG Story,VIDEO,15.2.2026 11:40:16,do úterý můžeš využít naši výhodnou nabídku 🙂‍↕️,https://www.instagram.com/stories/vsefalcons/3833053591485587723,606,606,,,
@cvutengineers,instagram,11963a07-7f0f-48e6-9d81-aa63a7ff4a04,762e767c-034c-4f8f-ad60-f788983a090d,IG Story,VIDEO,12.4.2026 14:59:06,👀,https://www.instagram.com/stories/cvutengineers/3873741111496043337,,911,,,
@bitvaoprahu,instagram,d7c8aa06-74fb-4c6c-a7d2-c2fe1bf6d59c,028629a4-0130-4869-b5d2-4b4533c2a3ae,IG Story,VIDEO,10.4.2026 14:52:29,📍,https://www.instagram.com/stories/bitvaoprahu/3872288221753529075,,868,,,
vsefalcons,instagram,709fceba-e311-48e7-9057-f54a587abf4a,b1d9cd5a-1801-468f-a7e6-fb70abaac2ac,IG Story,VIDEO,3.3.2026 21:29:20,HRÁČI ZAPÁSU @mosteckamontazni 🚀,https://www.instagram.com/stories/vsefalcons/3844946532642634747,922,1225,,,8
vsefalcons,instagram,709fceba-e311-48e7-9057-f54a587abf4a,bfc14dfa-22da-44a0-a929-7d5b49a3cbc6,IG Story,VIDEO,10.2.2026 23:25:02,"RADEK
BEDNÁŘ 🎙️ @riderspardubice",https://www.instagram.com/stories/vsefalcons/3829784482018807271,1256,1256,,1,9
@united_hk,instagram,b18c071b-0570-48b2-b743-990c668c3c5b,08340e65-7492-4864-8d09-e08ea4971cc0,IG Story,VIDEO,28.8.2026 20:30:03,"SLOSOVÁNÍ
3. MÍSTO  Kupa našeho merche!",https://www.instagram.com/stories/united_hk/3973926745014824434,,343,,,2
@cvutengineers,instagram,11963a07-7f0f-48e6-9d81-aa63a7ff4a04,926227ac-fdcd-4f6a-a991-d4e31f83aec1,IG Story,VIDEO,17.4.2026 13:04:12,@engineerskotel  CO JE VÍC?🥹,https://www.instagram.com/stories/cvutengineers/3877306890023910913,,1958,,,2
@riderspardubice,facebook,f99ed6c3-17cc-46f4-a32e-d9b0576ce2df,efe586de-8674-4da9-9748-472844412d48,FB Post,IMAGE,14.4.2026 16:38:57,"Název jakeho stavebniho holdingu nese pardubicka hokejova arena? 🧡

Označ holding do komentáře a my ze správných odpovědí zítra večer vylosujeme výherce dvou vstupenek na @unihokejfinalfour! 🙌",https://www.facebook.com/1592662819534019/posts/1604601128340188,486,,1,,
@bitvaoprahu,facebook,75e0f41f-82be-4f82-a77b-82ac11135ed2,27361ceb-e827-45c6-b843-f53a15a44a2a,FB Video,VIDEO,12.3.2026 20:09:25,❤️‍🔥 HALFTIME SHOW s @gufrau_official ft. @metrostav.cz 🤪,https://www.facebook.com/reel/1484832016321018/,162,43,3,,
@AkademiciPlzen,facebook,d87b94e3-03e8-45d0-b92e-75e9b819545c,06b0311a-1c8e-4331-b255-07c67ceb2812,FB Video,VIDEO,23.4.2026 8:38:42,"Běžíme pro ty, kteří nemohou! ⚡️

🗓️ 10. května ve 13:00 startuje Wings for Life World Run v Plzni! 

Můžeš se těšit na:
•  unikátní běh, kdy tě dohání catcher car 🏎️
•  hudbu, chill zónu u @pivstro_bolevak a drinky od @redbullcz ☀️⛱️
•  atmosféru, která tě nabije energií! 🔋

100 % tvého startovného jde na výzkum poranění míchy, tak poběž s námi a podpoř dobrou věc!

Registrace na: 
🔗https://www.wingsforlifeworldrun.com/cs

Nezáleží na tom, jestli uběhneš kilometr nebo maraton, v tomhle závodě vítězí každý, kdo se zapojí! 🏅",https://www.facebook.com/reel/1486747466430554/,1560,556,7,,
@akademiciplzen,instagram,65494228-95bf-4f7b-8e68-d47d7262db66,0a75bd19-675c-4ee4-8a75-42c9718bca35,IG Story,VIDEO,1.4.2026 18:08:15,UŽ VÁS SLYŠÍME 😍 UŽ VÁS SLYŠÍME,https://www.instagram.com/stories/akademiciplzen/3865863811836438513,,1177,,,1
@riderspardubice,facebook,f99ed6c3-17cc-46f4-a32e-d9b0576ce2df,ea40eb5e-d777-43ae-baa5-f52d9402f096,FB Video,VIDEO,12.4.2026 18:01:29,Rozhodující gól od @beny_m15 🥅🏒,https://www.facebook.com/reel/911495135226880/,2777,1286,25,,
vsefalcons,instagram,709fceba-e311-48e7-9057-f54a587abf4a,93a78dc3-8142-493f-8840-9b10e8b1ee8c,IG Post,IMAGE,12.2.2026 15:33:19,"Nový semestr, nový vítr do plachet. ⛵️
První akce semestru, olympiáda, krasobruslařské vystoupení, soutěž a nakonec pořádná afterparty. 🥳 To všechno tě čeká už v úterý od 19:45.

Lístek koupíš u nás na profilu, těšíme se na vás. 🎟️",https://www.instagram.com/p/DUqaCLeiCqQ/,,10514,61,,25
@cvutengineers,instagram,11963a07-7f0f-48e6-9d81-aa63a7ff4a04,521625c8-c138-4a9e-add0-d5aa7e3de403,IG Story,VIDEO,22.8.2026 17:17:51,,https://www.instagram.com/stories/cvutengineers/3969481338579106953,,1018,,,5
@riderspardubice,instagram,4d6a67ab-9313-4f77-a82e-abb18adbca5d,5c448cfc-6a4d-4d5a-9ef6-44b4d282c7c3,IG Story,VIDEO,9.4.2026 8:21:05,VIDÍME SE NA  LUCKY LOSER GAME 🍀,https://www.instagram.com/stories/riderspardubice/3871366515337757226,,882,,,3
@united_hk,instagram,b18c071b-0570-48b2-b743-990c668c3c5b,551946b8-e439-428a-ba94-528eb98ba1c5,IG Story,IMAGE,10.8.2026 18:04:27,🥅🥅 @vlach_andrej hned za ním druhej🤙,https://www.instagram.com/stories/united_hk/3960807523409771680,,1082,,,4
vsefalcons,instagram,709fceba-e311-48e7-9057-f54a587abf4a,fd933044-1f38-43ee-ba93-6314a0ed7eb9,IG Story,VIDEO,12.3.2026 15:17:34,POCHOD DORAZIL 🔥 🔥,https://www.instagram.com/stories/vsefalcons/3851282387296605632,1527,1376,,,
@univerzitnihokej,instagram,1e114592-3529-4cfe-9977-2598454053af,5f8cdbf7-7cb8-4f58-ab40-a89962631455,IG Story,VIDEO,17.4.2026 16:34:16,🥹,https://www.instagram.com/stories/univerzitnihokej/3877412764129990089,,1672,,,2
@riderspardubice,instagram,4d6a67ab-9313-4f77-a82e-abb18adbca5d,7e5c90ed-00b9-47ed-9a94-a465f6b4dfe5,IG Story,VIDEO,6.4.2026 19:27:16,"V ÚTERÝ @hcpce, VE STŘEDU MY!
HOCKEYTOWN 🔥",https://www.instagram.com/stories/riderspardubice/3869527459272685197,,382,,,
@united_hk,instagram,b18c071b-0570-48b2-b743-990c668c3c5b,b6c009b6-9a72-486f-b912-74f898598180,IG Story,VIDEO,23.8.2026 13:29:31,Trocha teorie,https://www.instagram.com/stories/united_hk/3970091214908743606,,1530,,,3
@vutcavaliersbrno,instagram,b384bebf-72f3-4f9d-8b2d-3677709f6966,d23e5ea1-b4b2-4e85-a295-ddb644f74037,IG Story,VIDEO,14.4.2026 13:17:58,zeptali jsme se hráčů na jejich oblíbenou fotku sezony🔥,https://www.instagram.com/stories/vutcavaliersbrno/3875139756967378337,,499,,,
@univerzitnihokej,facebook,01b45180-0b14-4a14-96e8-d0a4bab1fb9f,040011a0-0e4b-4e78-bc98-1a94ec1921fb,FB Post,IMAGE,21.8.2026 15:45:37,Chyběli jsme vám? Za měsíc jsme zpět! 🔥,https://www.facebook.com/1275398168115026/posts/1394094856245356,697,,13,,
@cvutengineers,instagram,11963a07-7f0f-48e6-9d81-aa63a7ff4a04,ceb30738-6d9a-4032-bc33-92ab16a8ac6f,IG Story,VIDEO,8.4.2026 17:12:11,👀 👀,https://www.instagram.com/stories/cvutengineers/3870909020202877815,,1031,,,1
@united_hk,instagram,b18c071b-0570-48b2-b743-990c668c3c5b,262201f4-e1bf-4896-baa8-d21296e42f0c,IG Story,IMAGE,23.8.2026 16:30:03,"Last shift
today",https://www.instagram.com/stories/united_hk/3970182063694313092,,527,,,5
vsefalcons,instagram,709fceba-e311-48e7-9057-f54a587abf4a,411b8110-0834-4210-8d8e-a38edbfb5fa4,IG Story,VIDEO,8.4.2026 15:16:00,📍 ☀️ JSME NA MÍSTĚ,https://www.instagram.com/stories/vsefalcons/3870850537100996688,1043,1123,,,4
@riderspardubice,facebook,f99ed6c3-17cc-46f4-a32e-d9b0576ce2df,44aea99d-ebd3-4b69-be9b-d54582395054,FB Post,IMAGE,12.4.2026 13:55:35,Tohle je crazyyy! Všichni jdeme nabíhejme vyprodat vstupenky na @unihokejfinalfour! 🤯🤯,https://www.facebook.com/1592662819534019/posts/1602747611858873,3734,,54,,
vsefalcons,instagram,709fceba-e311-48e7-9057-f54a587abf4a,5b3f2163-30c6-4f01-983d-c001787e6b7d,IG Story,VIDEO,17.2.2026 17:10:54,"OKOUKNOUT TAKTIKU
PŘED ZÁPASEM @ceskyhokej 👀",https://www.instagram.com/stories/vsefalcons/3834669598901803156,69143,75548,,,2
@univerzitnihokej,instagram,1e114592-3529-4cfe-9977-2598454053af,a077c161-e0d0-413d-8367-1d7298982044,IG Story,VIDEO,8.4.2026 17:06:21,,https://www.instagram.com/stories/univerzitnihokej/3870906059393076355,,957,,,
@riderspardubice,instagram,4d6a67ab-9313-4f77-a82e-abb18adbca5d,a9f74985-18ab-450e-bfdb-546da035f9b0,IG Post,IMAGE,12.4.2026 15:49:09,JSME VE @unihokejfinalfour !!!!!,https://www.instagram.com/p/DXCYbnXjLGf/,,3226,112,,11
@hc_muni,instagram,43cd62c8-609d-4ea6-8ce9-cae5242ede0c,eec6d92b-403b-42c0-84a6-5e635a278e6f,IG Reel,VIDEO,13.4.2026 14:22:42,"Sezóna 2025/26 už je sice pryč🏒 tyhle momenty si ale budeme všichni pamatovat ještě hodně dlouho 🐻💙

#hcmuni",https://www.instagram.com/reel/DXEzTz6jM7q/,,3234,88,,13
vsefalcons,instagram,709fceba-e311-48e7-9057-f54a587abf4a,734806f1-cd0a-488f-b2c5-704c376416f0,IG Story,VIDEO,26.1.2026 16:44:35,POŠLETE KLUKŮM ŠTĚSTÍ DO PRVNÍHO LETOŠNÍHO ZÁPASU 💙 💙,https://www.instagram.com/stories/vsefalcons/3818711276851862756,,891,,,1
@united_hk,instagram,b18c071b-0570-48b2-b743-990c668c3c5b,80cbc23a-8eb4-4d52-bf7b-dc1fe5263245,IG Story,VIDEO,25.8.2026 17:05:03,"joo, i golmánci schvalují @amitydrinks.cz  @mara.sinkora",https://www.instagram.com/stories/united_hk/3971649267730787303,,909,,,2
@united_hk,instagram,b18c071b-0570-48b2-b743-990c668c3c5b,9ffee0a2-745a-4df8-9259-b8ce35459a81,IG Reel,REEL,29.3.2026 15:56:27,"Koupíš Garnier…
a zapomeneš, že první krok = mít vlasy. 😭🏒

#unitedhk #unihokej #uhk #hradeckralove",https://www.instagram.com/reel/DWeV9poiLDE/,,4928,94,,66
@218107044725785,facebook,7a942e3e-6c47-4794-9ba7-bbc7b6d40cb3,bd249c7a-d9ad-4cee-9620-e883572eccfb,FB Video,VIDEO,23.6.2026 8:00:23,"Taky vám už chybí hokej a naši kluci? 🥹🔥

#vsefalcons #icehockey #hockeyboys",https://www.facebook.com/reel/1373545411498259/,403,89,3,,
vsefalcons,instagram,709fceba-e311-48e7-9057-f54a587abf4a,ff915d63-1ff6-4a39-ba5d-cf9e82ef5f01,IG Reel,VIDEO,11.4.2026 14:42:25,"Kluci už se fešákujou, aby jim to ve čtvrtek na @unihokejfinalfour slušelo 😮‍💨 a kdo jinej by jim v tom měl pomoci než @garnier_czsk 💅💚

Vstupenky koupíš na finalfour.cz",https://www.instagram.com/reel/DW_rXReiCDZ/,,9619,289,3,80
@united_hk,instagram,b18c071b-0570-48b2-b743-990c668c3c5b,6ec5f204-c8fb-4522-96d0-d0063a2a69eb,IG Post,IMAGE,16.4.2026 8:01:10,"Děkujeme společnosti Dahasl za podporu v sezoně 2025/26.

Dodavatel slaboproudých technologií a bezpečnostních systémů.

Díky, že stojíte za UNIted HK. 🖤🧡

#unitedhk #unihokej #hokej",https://www.instagram.com/p/DXL2CQhiG-C/,,2377,53,,1
@engineersprague,facebook,afd06d1d-7b1c-4f66-8d93-ce4255ab773c,8e7e3f11-e407-4bc1-938d-2cb749126e01,FB Post,PHOTO,12.3.2026 23:17:46,Dali jsme do toho všechno a teď koukáme dopředu! 🫡,https://www.facebook.com/1560924572517692/posts/1543726257570857,322,,3,,
@riderspardubice,instagram,4d6a67ab-9313-4f77-a82e-abb18adbca5d,bbbacb5d-b449-4238-8579-852aa49087b4,IG Story,VIDEO,12.4.2026 18:03:18,,https://www.instagram.com/stories/riderspardubice/3873833822349723957,,870,,,6
@univerzitnihokej,instagram,1e114592-3529-4cfe-9977-2598454053af,d68c5bf9-1d77-410a-b158-ae899ee31d7d,IG Story,VIDEO,12.4.2026 17:08:15,"To budeš zítra ty s ušetřenými kačkama, když koupíš lístky v první vlně 👀",https://www.instagram.com/stories/univerzitnihokej/3873806129054648180,,842,,,1
@cvutengineers,instagram,11963a07-7f0f-48e6-9d81-aa63a7ff4a04,41821131-cd65-4748-bbc4-2eb3e855608d,IG Story,VIDEO,17.4.2026 19:19:22,,https://www.instagram.com/stories/cvutengineers/3877495867259535049,,1477,,,1
vsefalcons,instagram,709fceba-e311-48e7-9057-f54a587abf4a,ca1dc892-6231-4d60-bb73-248cd678e8b2,IG Story,VIDEO,26.1.2026 16:04:41,TA PLESKLA 💥 @michal.danniel,https://www.instagram.com/stories/vsefalcons/3818691170113446960,,1037,,,1
@cvutengineers,instagram,11963a07-7f0f-48e6-9d81-aa63a7ff4a04,f190d27b-a3be-4eef-96ce-845454656e1b,IG Reel,VIDEO,8.4.2026 21:54:35,My právě teď: 🥳🤩😭🥹😍😮‍💨🦁💙,https://www.instagram.com/reel/DW4u-t9DIHJ/,,12767,302,1,16
@riderspardubice,instagram,4d6a67ab-9313-4f77-a82e-abb18adbca5d,1e061cb7-13a3-4702-8150-08257d10e7dd,IG Post,IMAGE,16.4.2026 16:42:07,Co nesmí chybět v pardubickém kotli? 🎷,https://www.instagram.com/p/DXMxuM3jCZJ/,,4886,117,,2
@AkademiciPlzen,facebook,d87b94e3-03e8-45d0-b92e-75e9b819545c,e6f569e5-71d7-495c-ba83-5d4f843458dd,FB Post,IMAGE,27.3.2026 14:57:34,"BOJ O VŠECHNO.
Semifinále, ve kterém každá chyba rozhodne o postupu. Budeme to my, nebo @czufarmers ?

Buď u toho. Tohle bude drama. 🫵🏻
🗓️ 1. 4. | 19:00
📍 LOGSPEED CZ Aréna, Plzeň

#akademiciplzen",https://www.facebook.com/1357105236437494/posts/1353386986809319,656,,5,,
vsefalcons,instagram,709fceba-e311-48e7-9057-f54a587abf4a,45a794a0-2daf-417d-8a4f-190eaa8e5455,IG Reel,REEL,14.3.2026 10:16:14,Třetí zápas v jednom týdnu a dnes se vyrazíme po D1 do Brna 👋🏻,https://www.instagram.com/reel/DV3HQ_JiClI/,,5279,147,,15
vsefalcons,instagram,709fceba-e311-48e7-9057-f54a587abf4a,5baa3878-45ce-4daa-a4de-4dd62ef9a081,IG Story,VIDEO,11.2.2026 20:44:00,ŽE PUB KVÍZ SE BLÍŽÍ A VOLNÁ MÍSTA UBÝVAJÍ 🫣,https://www.instagram.com/stories/vsefalcons/3830428163096754691,735,735,,,4
@VUTCavaliersBrno,facebook,3351b43e-4b71-442b-b2f1-920cd6e57ee5,8d98cbeb-b8eb-47e4-a19c-7b1a13fc4722,FB Video,VIDEO,25.3.2026 21:21:43,"Děkujeme za podporu v průběhu celé základní části❤️ Tím to ale nekončí, příští týden hrajeme první zápas play-in proti @blackdogsbudweis_vste 🏒",https://www.facebook.com/reel/934068499262505/,583,184,2,,
@riderspardubice,instagram,4d6a67ab-9313-4f77-a82e-abb18adbca5d,8e6dded5-6739-4932-9bf7-c1b9ddc1800d,IG Post,IMAGE,19.3.2026 8:45:07,"Je derby! 🔥

Přijď na poslední domácí zapas semestru opět zažít tradiční rivalitu mezi dvěma sousedícími městy - Pardubice a Hradec Králové! 

Vstupenky koupíš přes odkaz v BIU 👀",https://www.instagram.com/p/DWD0jV9jCEz/,,13943,110,,47
@univerzitnihokej,instagram,1e114592-3529-4cfe-9977-2598454053af,d3bd6cf5-1b86-466e-ac75-97763acf1378,IG Post,IMAGE,2.3.2026 9:30:34,"@ukkingsprague mají ve vedoucí pozici výrazný bodový náskok, ale hned za nimi to vypadá ještě na pořádný boj o umístění 🔥 máme se na co těšit! 🙂‍↕️",https://www.instagram.com/p/DVYIj-IiGKZ/,,13906,266,,30
@riderspardubice,instagram,4d6a67ab-9313-4f77-a82e-abb18adbca5d,28770c0c-9d11-4900-bd7f-2731ae7f0b03,IG Story,VIDEO,2.4.2026 12:30:00,,https://www.instagram.com/stories/riderspardubice/3866418305267727795,,538,,,
vsefalcons,instagram,709fceba-e311-48e7-9057-f54a587abf4a,6067ab7a-5ae0-465b-9ce3-de0719f2c97e,IG Post,IMAGE,1.1.2026 10:08:45,Díky že jste s námi byli v uplynulém roce a přejeme krásný vstup do toho nového ✨ vidíme se brzy!,https://www.instagram.com/p/DS9tPJQCI-o/,,2880,84,,
@riderspardubice,instagram,4d6a67ab-9313-4f77-a82e-abb18adbca5d,673254a8-e974-4590-8384-db09f30b9999,IG Story,VIDEO,12.4.2026 10:49:01,LUCKY LOSER  ROZBRUSLENÍ 🍀 👎🏼,https://www.instagram.com/stories/riderspardubice/3873615270590047185,,2678,,,1
@riderspardubice,facebook,f99ed6c3-17cc-46f4-a32e-d9b0576ce2df,8f06c526-25f3-4a57-9f03-977df73ce6a5,FB Video,VIDEO,17.4.2026 14:35:27,Začíná tu být horko 😮‍💨🔥,https://www.facebook.com/reel/876442445408828/,504,155,1,,
@unitedhk,facebook,bfe6cc29-a387-41b9-9bca-b077722556af,d2ab3019-96df-4554-9cbe-90bf81c7dd85,FB Story,VIDEO,10.8.2026 17:38:15,,https://facebook.com/stories/122099775710388974/UzpfSVNDOjE2MTkyMTUyNzMxNTUxNTQ=/?view_single=1,,,,,
@bitvaoprahu,facebook,75e0f41f-82be-4f82-a77b-82ac11135ed2,e759b5c6-2cb0-4402-979d-af3ef6e22ca0,FB Video,VIDEO,12.3.2026 21:52:53,"URAGÁN JMÉNEM UK! 🤯🔥

Poslední dějství finálové bitvy živě na @sport_ct ➕.

@ukkingsprague ⚔️ @cvutengineers o 🥇! #bitvaoprahu",https://www.facebook.com/reel/969725712373468/,130,28,,,
vsefalcons,instagram,709fceba-e311-48e7-9057-f54a587abf4a,728483d5-0ed8-41c1-8c53-6669bc9ef9e8,IG Story,VIDEO,8.4.2026 12:55:19,VZHŮRU DO ⚔️,https://www.instagram.com/stories/vsefalcons/3870779724205152987,1129,1420,,,12
vsefalcons,instagram,709fceba-e311-48e7-9057-f54a587abf4a,40ee2725-9c8a-42be-bbb2-5f07958327dc,IG Story,VIDEO,14.3.2026 13:51:25,MADE IT TO 👍🏼,https://www.instagram.com/stories/vsefalcons/3852688582540573035,932,1185,,,1
@hc_muni,instagram,43cd62c8-609d-4ea6-8ce9-cae5242ede0c,42afb632-decb-4a19-9c64-1b0c5e65a270,IG Post,PHOTO,25.3.2026 12:27:17,"🔥 GAME DAY IS HERE🔥
Poslední brněnské derby téhle sezóny je tady, tak si ho pojďme společně pořádně užít a udělat randál! 🐻🥁

Lístky koupíte v biu 🎟️
#hcmuni",https://www.instagram.com/p/DWTq96ECGJG/,,8053,112,,11
@riderspardubice,facebook,f99ed6c3-17cc-46f4-a32e-d9b0576ce2df,72e503c9-9064-4448-a419-6770c2b535e2,FB Video,VIDEO,19.8.2026 12:48:58,Trénink pod lupou 🤓,https://www.facebook.com/reel/925905457235327/,776,320,1,,
@univerzitnihokej,facebook,01b45180-0b14-4a14-96e8-d0a4bab1fb9f,877170c6-6c8e-4fae-a7be-7f2db49de039,,IMAGE,16.4.2026 23:38:30,"První den Final Four? Ten stál za to! 😍 Připomeňte si, jak vypadaly semifinálové duely.",https://www.facebook.com/1275398168115026/posts/1287746510213525,835,,2,,
vsefalcons,instagram,709fceba-e311-48e7-9057-f54a587abf4a,bda34bda-aa4a-4da5-a9a7-11c3ec440b7c,IG Story,VIDEO,19.4.2026 11:43:47,,https://www.instagram.com/stories/vsefalcons/3878715953844356822,873,1079,,1,1
@cvutengineers,instagram,11963a07-7f0f-48e6-9d81-aa63a7ff4a04,e6d9e3bf-1a56-4ed2-82d5-b996ce3608a7,IG Story,VIDEO,8.4.2026 19:11:33,,https://www.instagram.com/stories/cvutengineers/3870969065766703907,,881,,,
@vutcavaliersbrno,instagram,b384bebf-72f3-4f9d-8b2d-3677709f6966,e725f78a-95ae-4948-ad7e-984a42bfcc27,IG Reel,VIDEO,17.8.2026 11:17:16,TRYOUT už je za dveřmi🔥 takhle jsme se na něj připravovali během volného tréninku!🤩,https://www.instagram.com/reel/DcI57_WI8wH/,,4635,125,,33
vsefalcons,instagram,709fceba-e311-48e7-9057-f54a587abf4a,1498919b-eb6b-494c-a49b-b8c4988ddd8b,IG Story,IMAGE,16.4.2026 20:51:40,,https://www.instagram.com/stories/vsefalcons/3876817690128059871,1135,540,,,2
vsefalcons,instagram,709fceba-e311-48e7-9057-f54a587abf4a,9b78a8b0-a09f-402f-8f4b-e599b05ed39c,IG Story,VIDEO,26.2.2026 18:25:56,#FalconsFamily ❤️‍🔥 jedna velká,https://www.instagram.com/stories/vsefalcons/3841230329654824723,1064,1707,,,8
univerzitnihokej,tiktok,01c88cf9-594f-408e-a45a-95114221acae,b139efb4-ee35-4724-8ec8-f4b49c15604d,TT Video,VIDEO,17.4.2026 14:57:14,Tenhle nástup do zápasu se úplně nepovedl. 😅🕺,https://www.tiktok.com/@univerzitnihokej/video/7629742375371296022?utm_campaign=tt4d_open_api&utm_source=7348986504397455361,,23727,1158,3,174
vsefalcons,instagram,709fceba-e311-48e7-9057-f54a587abf4a,4344f4fe-4ee4-4efc-8f2a-5637e90f5e8c,IG Reel,REEL,16.3.2026 18:18:36,"Tipovačka s Tipsportem 🔥

Jakého favorita v Extralize máš ty? ✒️⤵️",https://www.instagram.com/reel/DV9HwUSCFmk/,,13908,283,12,38
vsefalcons,instagram,709fceba-e311-48e7-9057-f54a587abf4a,4ee6a605-d928-4696-b920-0be9b4d518d3,IG Story,VIDEO,2.1.2026 21:30:51,@mcpraha3 🤝🏼 @vsefalcons,https://www.instagram.com/stories/vsefalcons/3801460708018268615,,967,,,
@cvutengineers,instagram,11963a07-7f0f-48e6-9d81-aa63a7ff4a04,59e8b03d-476c-4c0c-aefe-f7c901af0333,IG Reel,VIDEO,20.8.2026 16:20:04,Long time no otázky s klukama. Chyběli jsme vám? 🥹,https://www.instagram.com/reel/DcRK3pZMM2a/,,42488,898,2,45
@akademiciplzen,instagram,65494228-95bf-4f7b-8e68-d47d7262db66,a54a6a2d-7720-41de-98b7-8c44a9e5d2ed,IG Story,VIDEO,1.4.2026 12:44:24,,https://www.instagram.com/stories/akademiciplzen/3865700782058524323,,1650,,,2
@univerzitnihokej,facebook,01b45180-0b14-4a14-96e8-d0a4bab1fb9f,d19593b3-8c95-4d8f-8ec7-df00e16d88fa,FB Post,IMAGE,22.3.2026 17:55:39,"V předposledním týdnu základní části překvapili Riders v Ostravě, BOčko naopak sebralo bod druhým Engineers po prodloužení. 🫨 UNIted, Black Dogs i Akademici přestříleli soupeře z nižších pozic a berou 3 body. 🙏🏼",https://www.facebook.com/1275398168115026/posts/1267724078882435,990,,,,
@riderspardubice,instagram,4d6a67ab-9313-4f77-a82e-abb18adbca5d,1dd024ec-d9fe-437f-be4e-49ba74a75c0e,IG Post,IMAGE,18.3.2026 13:00:00,"A slevička by nebyla? 👀

Odkaz na vstupenky v BIU! 🎟️",https://www.instagram.com/p/DWBtT5PjM4F/,,5213,33,1,16
@unitedhk,facebook,bfe6cc29-a387-41b9-9bca-b077722556af,393955a8-24fc-4b49-adf8-64b57f696631,FB Story,IMAGE,10.8.2026 17:23:47,,https://facebook.com/stories/122099775710388974/UzpfSVNDOjE1NDYyMzMwMjY1MDk2MDU=/?view_single=1,,,,,
univerzitnihokej,tiktok,01c88cf9-594f-408e-a45a-95114221acae,72fd3d0c-0636-41b3-ab01-e55106431d2a,TT Video,VIDEO,13.4.2026 16:50:03,Fanoušci UK Final Four volá 📞 Máte už svůj lístek? 🎟️ 🗓️ 16.-17.4. | 🏟️ Zimní stadion Eden,https://www.tiktok.com/@univerzitnihokej/video/7628287106791574806?utm_campaign=tt4d_open_api&utm_source=7348986504397455361,,530,22,,
vsefalcons,instagram,709fceba-e311-48e7-9057-f54a587abf4a,156a77da-2958-4abf-8b52-d80b9e93b675,IG Story,IMAGE,14.3.2026 17:25:04,2 3 Jobánek,https://www.instagram.com/stories/vsefalcons/3852796084313698624,751,677,,,
vsefalcons,instagram,709fceba-e311-48e7-9057-f54a587abf4a,42bf80a0-a5db-4598-86c3-f65fa38c9b66,IG Story,VIDEO,16.4.2026 17:43:17,KDO VYSTŘÍDÁ DNES ALENA V BRÁNĚ? 🤔,https://www.instagram.com/stories/vsefalcons/3876722685761833775,1030,904,,,1
@cvutengineers,instagram,11963a07-7f0f-48e6-9d81-aa63a7ff4a04,5455f048-bbd5-460a-9a28-59e8e3aa854f,IG Post,IMAGE,1.4.2026 10:20:35,"Pojďme si shrnout, jak jsme na tom byli v základní části ⬆️.

Kdo bude náš soupeř pro play-in? To zjistíme už dnes večer! 🔍 Napiš nám do komentářů, koho tipuješ, a vletíme na to společně už 8. 4.! 🦁🔥

#engprg",https://www.instagram.com/p/DWleIjejEc5/,,4838,176,2,18
vsefalcons,instagram,709fceba-e311-48e7-9057-f54a587abf4a,5b1c2184-c306-4ff5-b517-d3d3923a0332,IG Story,VIDEO,8.2.2026 17:44:36,jdeme do vedení,https://www.instagram.com/stories/vsefalcons/3828163575152152944,,965,,,1
@riderspardubice,instagram,4d6a67ab-9313-4f77-a82e-abb18adbca5d,e1215bbf-2633-43eb-8bf1-d56629cc915a,IG Story,IMAGE,8.4.2026 17:04:32,,https://www.instagram.com/stories/riderspardubice/3870905139859302046,,792,,,2
@univerzitnihokej,instagram,1e114592-3529-4cfe-9977-2598454053af,6b7a04f9-dde0-4168-93ed-2ecc61eb5430,IG Post,IMAGE,5.4.2026 12:46:23,"UNIted tento týden uzavřeli svou sezónu v semifinále play-in, když jejich cestu do Final Four ukončilo prodloužení proti Falcons.

Respekt za tuhle jízdu a za všechno, co jste letos nechali na ledě 🧡",https://www.instagram.com/p/DWwCABEiFNw/,,12656,357,1,10
vsefalcons,instagram,709fceba-e311-48e7-9057-f54a587abf4a,89ddf88b-7eb0-469b-90cb-ab8679d1a80b,IG Story,VIDEO,24.2.2026 18:37:09,Kočka  a myš 😼,https://www.instagram.com/stories/vsefalcons/3839787335131128962,730,875,,,
@univerzitnihokej,facebook,01b45180-0b14-4a14-96e8-d0a4bab1fb9f,89e86f2d-d545-477b-9c31-afb84fb0b8f2,FB Post,IMAGE,9.3.2026 15:40:07,"Minulou sezonu si výherkyně odnesla šek na čtvrt milionu od ČSOB 💙 Letos hrajeme o 1️⃣0️⃣0️⃣ 0️⃣0️⃣0️⃣ Kč. Kdo je získá tentokrát? 👀

🔗 Založ si účet u ČSOB přes odkaz v našem biu a možná to budeš právě ty. 🫵🏻",https://www.facebook.com/1275398168115026/posts/1257384276583082,667,,,,
univerzitnihokej,tiktok,01c88cf9-594f-408e-a45a-95114221acae,926e49b5-2a8f-42de-81be-b5104625f9f2,TT Video,VIDEO,16.4.2026 15:58:54,"GÓL, který přepsal dějiny! ✍️ Sleduj první trefu @UK KINGS PRAGUE FINAL4 ULLH 👀",https://www.tiktok.com/@univerzitnihokej/video/7629387186881711382?utm_campaign=tt4d_open_api&utm_source=7348986504397455361,,2380,93,1,7
@boostrava,instagram,1176ddaf-d366-48a2-9639-3c6694c72c85,a0ea7962-de0d-4053-8c7e-b0a560595a4e,IG Story,VIDEO,31.3.2026 18:28:20,,https://www.instagram.com/stories/boostrava/3865149113742679427,,639,,,
vsefalcons,instagram,709fceba-e311-48e7-9057-f54a587abf4a,008f6f53-a7e6-4eeb-93fc-b56eb01414a0,IG Story,VIDEO,9.2.2026 14:30:53,,https://www.instagram.com/stories/vsefalcons/3828791002656186366,,928,,,1
@hc_muni,instagram,43cd62c8-609d-4ea6-8ce9-cae5242ede0c,04d64fc3-ff2f-47b9-9b89-eadc32c80afd,IG Reel,VIDEO,16.3.2026 11:52:57,"KDYŽ TO VEZMEŠ DO VLASTNÍCH RUKOU! 🤯🔥
@_novas_44_ v sobotním zápase naprosto ovládl led a vstřelil HATTRICK🚨🚨🚨

#hcmuni",https://www.instagram.com/reel/DV8b8DcjOF7/,,8910,254,4,13
vsefalcons,instagram,709fceba-e311-48e7-9057-f54a587abf4a,0bd43fa5-d10b-4839-b6ae-bb32cdbe226b,IG Story,VIDEO,17.4.2026 15:08:39,,https://www.instagram.com/stories/vsefalcons/3877369273845066532,1288,1281,,,2
@riderspardubice,instagram,4d6a67ab-9313-4f77-a82e-abb18adbca5d,534b1813-ece2-478e-a331-64af5ac4d9fe,IG Post,IMAGE,27.8.2026 10:18:16,"Vítězíme! 🔥

Tento přípravný zápas nám chutnal.😝

Díky všem, kteří nás přišli podpořit. Jedeme dál! ❤️",https://www.instagram.com/p/Dcii4Leo0eq/,,5160,167,3,12
vsefalcons,instagram,709fceba-e311-48e7-9057-f54a587abf4a,efd59f98-e1e0-45c1-a4c8-c8efad485874,IG Story,VIDEO,16.4.2026 20:10:38,TEĎ POTŘEBUJEME VEŠKEROU VAŠI PODPORU,https://www.instagram.com/stories/vsefalcons/3876796864452410757,1080,661,,,
vsefalcons,instagram,709fceba-e311-48e7-9057-f54a587abf4a,f90b55df-2ced-4341-b857-d56fa067c953,IG Story,VIDEO,3.2.2026 20:11:49,😮‍💨 OTO DNES HATTRICK?,https://www.instagram.com/stories/vsefalcons/3824613791904620811,,1122,,,2
@vutcavaliersbrno,instagram,b384bebf-72f3-4f9d-8b2d-3677709f6966,078497aa-7057-4c3e-acca-b7f619e4aba6,IG Reel,REEL,27.3.2026 11:54:57,"Kudrnaté vlasy potřebují víc než jen vodu💧

S novým Flexi Hold Gelem od @garnier_czsk máš definici a hydrataci vyřešenou během vteřiny. Pevná fixace, co drží, ať se na ledě děje cokoliv.

Čistá hlava, čistá hra✌️",https://www.instagram.com/reel/DWYw3IQCN6v/,,3014,83,3,31
@cvutengineers,instagram,11963a07-7f0f-48e6-9d81-aa63a7ff4a04,2a582ae6-58ca-437b-9a65-41eeded60c3e,IG Post,IMAGE,16.4.2026 18:14:50,LET’S GO ENGINEERS 🔥🍀,https://www.instagram.com/p/DXM8O-_jIqD/,,2089,67,,1
@218107044725785,facebook,7a942e3e-6c47-4794-9ba7-bbc7b6d40cb3,356eecc1-1883-4d1b-9262-f8a8b76ea108,FB Video,VIDEO,10.3.2026 6:53:53,Dneska bude na Kateřinkách horko! 🤭,https://www.facebook.com/reel/1654373585581509/,185,63,5,,
@akademiciplzen,instagram,65494228-95bf-4f7b-8e68-d47d7262db66,c3ae8362-c678-4f1a-bd53-59b4e3c0df7f,IG Reel,VIDEO,9.3.2026 18:17:25,"Generální manažer a trenér @beerik09 v rozhovoru pro @sport_ct o tom, jak se @univerzitnihokej za poslední roky posunul. 🚀🚀🚀

#akademiciplzen",https://www.instagram.com/reel/DVrGA-iDKUl/,,12752,308,5,8
vsefalcons,instagram,709fceba-e311-48e7-9057-f54a587abf4a,f55d4281-9bfa-4d9c-bbe7-a4295a33089b,IG Post,ALBUM,11.3.2026 18:43:30,"HOT NEWS 🔥

Už bylo trochu na čase obměnit naši Falcons collection, so here we go 🙂‍↕️

🌸 Holčičí crewneck s nápisem, se kterým souzní snad každá slečna 
🤘🏼Unisex crewneck, kterej bude slušet úplně všem 
🧢 Kšiltovka, která outfit posune ještě o level vejš 

Tohle všechno bude k dostání už zítra na bitvě v naší fanzóně a už brzy i na našem e-shopu 🛍️

Co na merch říkáte? 🤩",https://www.instagram.com/p/DVwS_vLCDNH/,,23705,350,11,215
vsefalcons,instagram,709fceba-e311-48e7-9057-f54a587abf4a,0a0056b1-7204-4088-b1fc-5f763c8b451f,IG Story,VIDEO,13.5.2026 7:14:11,JE TU NOVÝ VŠEBOREC!!! PRO VŠECHNY STUDENTY VŠE JE DNES NEJLEPŠÍ DEN SEMESTRU 📚 🤓,https://www.instagram.com/stories/vsefalcons/3895975013341745091,898,301,,1,
@cvutengineers,instagram,11963a07-7f0f-48e6-9d81-aa63a7ff4a04,61c05623-bb7e-49ef-854e-66281a569aaa,IG Story,VIDEO,8.4.2026 18:07:28,STŘÍPKY 1. TŘETINY,https://www.instagram.com/stories/cvutengineers/3870936819269651447,,911,,,
@univerzitnihokej,facebook,01b45180-0b14-4a14-96e8-d0a4bab1fb9f,b9d42f2b-5b78-4c68-8109-c8c9d1c0307a,FB Post,IMAGE,4.3.2026 21:31:56,"Největší hlad na ledě dnes měl @_rihastepan_ 👀🔥

Odměna za výkon?
ZOTT HUNGRY pro dnešního nejhladovějšího hráče. 🥛 #zott #zotthungry #zotthungrydrinkthis",https://www.facebook.com/1275398168115026/posts/1253922393595937,507,,2,,
vsefalcons,instagram,709fceba-e311-48e7-9057-f54a587abf4a,e1be1b8a-8911-4573-bd18-66efc52070f2,IG Post,IMAGE,31.12.2025 10:30:56,"Za každým zápasem, každou akcí a každým naším krokem stojí lidé a značky, kteří v nás věří.

Děkujeme všem partnerům, že jsou s námi na stejné cestě a pomáhají nám posouvat projekt dál, nejen v roce 2025.
Bez vás by to nešlo. Opravdu. 🦅

#jsmevtomspolu",https://www.instagram.com/p/DS7K-yfiBAs/,,6706,59,,5
@riderspardubice,instagram,4d6a67ab-9313-4f77-a82e-abb18adbca5d,967d032a-2975-457f-8e8b-b90075c3d67e,IG Story,IMAGE,17.4.2026 13:31:33,,https://www.instagram.com/stories/riderspardubice/3877320926488692535,,1150,,,1
@bitvaoprahu,instagram,d7c8aa06-74fb-4c6c-a7d2-c2fe1bf6d59c,e9b5d670-bebb-4e7c-a2c7-fa0e1177ba06,IG Reel,REEL,25.3.2026 18:41:08,"Hokejem u nás večer nikdy nekončí 🙂‍↔️ jestli máš vzpomínky v mlze, je čas si tuhle party připomenout 🪩",https://www.instagram.com/reel/DWUUI3Rjpy4/,,11987,341,1,99
@hc_muni,instagram,43cd62c8-609d-4ea6-8ce9-cae5242ede0c,e7070c4b-3168-49b1-81f8-237d483a99a1,IG Story,VIDEO,3.4.2026 16:44:36,,https://www.instagram.com/stories/hc_muni/3867271300645655733,,614,,,1
@riderspardubice,instagram,4d6a67ab-9313-4f77-a82e-abb18adbca5d,fd39cd24-ca7c-4ca4-9680-c5251dd38bad,IG Reel,VIDEO,27.4.2026 10:50:27,"Tahle jízda je u konce! Děkujeme všem za neskutečnou podporu. 🐎 Tato sezóna byla naprosto unikátní – zažili jsme historicky první Final Four a Riders u toho nesměli chybět!

P.S.: Jak teď máme bez těch hezkých hokejistů jako žít? Ptám se pro kamarádku... 🙋‍♀️",https://www.instagram.com/reel/DXoeIlfDJm8/,,9269,445,1,306
@boostrava,instagram,1176ddaf-d366-48a2-9639-3c6694c72c85,4c2d55cc-d6a6-412c-b853-cbb59520295d,IG Story,VIDEO,1.4.2026 18:47:22,DĚKUJEME,https://www.instagram.com/stories/boostrava/3865883502936107672,,436,,,
@unitedhk,facebook,bfe6cc29-a387-41b9-9bca-b077722556af,82a04f3b-94cd-4d3f-8f7d-6bfb99a55127,FB Post,IMAGE,19.4.2026 11:15:43,"Děkujeme společnosti Ventio za podporu v sezoně 2025/26.

Spojení tradice a inovací v oblastech projektování, ekologie, recyklace a developmentu.

Díky, že stojíte za UNIted HK. 🖤🧡",https://www.facebook.com/122180651084388974/posts/122181801038388974,237,,3,,
vsefalcons,instagram,709fceba-e311-48e7-9057-f54a587abf4a,bfb49c44-6a7a-47b0-bf4a-113c8039beca,IG Story,VIDEO,17.2.2026 19:07:05,POŠLETE KLUKŮM,https://www.instagram.com/stories/vsefalcons/3834728140807626678,632,799,,,
vsefalcons,instagram,709fceba-e311-48e7-9057-f54a587abf4a,ca1fa57e-d609-45e7-8a10-7e452d3ec673,IG Story,VIDEO,26.1.2026 18:44:06,@bulvafilip  MAJITEL KASY 🥅,https://www.instagram.com/stories/vsefalcons/3818771450308358914,,1099,,,1
@riderspardubice,instagram,4d6a67ab-9313-4f77-a82e-abb18adbca5d,bcd641f6-2657-4e5d-b168-e173fb018a42,IG Post,PHOTO,31.3.2026 10:01:01,"Dnes důležitý zápas v Ostravě- PLAY-IN!👊🏻🔥

Play-in
🗓️ 31.3. v 19:30
📍 v RT Torax Arena 
⚔️ proti @boostrava 

#playin#riders",https://www.instagram.com/p/DWi25-ZDJ-Q/,,2969,40,,2
vsefalcons,instagram,709fceba-e311-48e7-9057-f54a587abf4a,d26853ed-8bd8-4232-974b-0ca436e7b228,IG Story,VIDEO,9.3.2026 17:45:42,"Bude to zítra 
HEATED nebo RIVALRY? 🤫",https://www.instagram.com/stories/vsefalcons/3849182632110247279,,690,,,13
@218107044725785,facebook,7a942e3e-6c47-4794-9ba7-bbc7b6d40cb3,f618593c-a6fa-4804-9f4b-a7dc91a257b9,FB Video,VIDEO,24.4.2026 10:00:48,"WINGS FOR LIFE je už za rohem! 🏃🏽

Kdo neví o co jde, tak je to běh, kde vás “honí” auto a vy musíte uběhnout co nejvíc kilometrů než vás dožene 🥵 A to hlavní! Veškerý výtěžek jde na podporu poranění míchy 🙌🏼 Takže během podpoříte dobrou věc 💙

Tak nenechte Strnyho vysedět důlek, zaregistrujte se, připojte se do našeho týmu “VŠE Falcons Prague” a vidíme se 10.5. ve Stromovce 👋🏼

#vsefalcons #wingsforlife",https://www.facebook.com/reel/2038881760319252/,482,192,4,,
@unitedhk,facebook,bfe6cc29-a387-41b9-9bca-b077722556af,87e80017-caaf-4b43-8de5-beadc7ef6e0e,FB Story,IMAGE,12.8.2026 6:03:45,,https://facebook.com/stories/122099775710388974/UzpfSVNDOjg3MzAxMDA2NTY4MTU5MQ==/?view_single=1,,,,,
@unitedhk,facebook,bfe6cc29-a387-41b9-9bca-b077722556af,bce2ad27-072e-4f64-89c5-c49224f292d0,FB Post,PHOTO,24.3.2026 13:21:39,"💥Za týden jdeme do PLAY-IN.
31.3. Zápas o VŠE s VŠE Falcons v Praze!

1 zápas. Žádná druhá šance.

👉 Jak to funguje?
Vyhraješ = zůstáváš ve hře o Final Four.
Prohraješ = konec sezóny.

ALL IN

#unitedhk #unihokej #hokej",https://www.facebook.com/122180651084388974/posts/122179563188388974,325,,2,,
@united_hk,tiktok,7e062517-b9da-416d-b73d-a2c5899a2be6,1f488c03-b6c6-4a83-bffc-04c3194e7d5f,TT Video,VIDEO,8.3.2026 18:19:24,"🏒 BAUER Gear Up Challenge Ještě jeden návrat k momentům z Východočeského derby univerzit. Během přestávky jsme dali fanouškům výzvu – BAUER Gear Up Challenge. Úkol byl jasný: 45 vteřin. A obléknout si co nejvíc hokejové výstroje. Helma, chrániče, rukavice… Kdo to zvládl nejrychleji? Podívej se ve videu. Díky partnerovi BAUER za skvělý moment derby. 🖤🧡❤️ #unitedhk #unihokej #hokej",https://www.tiktok.com/@united_hk/video/7614951072406261014?utm_campaign=tt4d_open_api&utm_source=7348986504397455361,,1057,27,,
vsefalcons,instagram,709fceba-e311-48e7-9057-f54a587abf4a,62097748-4eaa-4027-bef1-735912804a5d,IG Story,VIDEO,8.1.2026 14:42:04,AŽ SI BUDETE CHTÍT DÁT PAUZU OD UČENÍ 🇨🇦 🤓,https://www.instagram.com/stories/vsefalcons/3805603621618889402,,1171,,,1
vsefalcons,instagram,709fceba-e311-48e7-9057-f54a587abf4a,6397b20c-4161-42b7-a4dc-6d59314ab5ba,IG Reel,VIDEO,17.8.2026 16:11:46,"Nezaujatý mic’up by @jirkafibigr a @alenjurak11 🎙️

Kluci na tryoutu zahodili dresy a vyzkoušeli si roli rozhodčích. Že by jim to dvakrát šlo, se říct nedá, takže se těšíme, až budou zase zpátky ve hře 🤓

PS. @stracajunior kdo je ta Eliška? 🧐",https://www.instagram.com/reel/DcJaqyfuvlG/,,6511,166,,23
vsefalcons,instagram,709fceba-e311-48e7-9057-f54a587abf4a,1d5ae1f6-8b48-4742-aba5-31c79da04390,IG Story,VIDEO,12.3.2026 15:21:03,MERCH? MÁME! k dostání ve fanzóně 👕 🧢,https://www.instagram.com/stories/vsefalcons/3851284630049701070,1516,1355,,,1
@vutcavaliersbrno,instagram,b384bebf-72f3-4f9d-8b2d-3677709f6966,54b45529-81b4-4595-b23c-dacb2b843072,IG Story,VIDEO,23.8.2026 12:22:35,"pokračujeme 
KONTROLOVANOU HROU 🏒 🥅",https://www.instagram.com/stories/vutcavaliersbrno/3970057542901992074,,629,,,6
@bitvaoprahu,instagram,d7c8aa06-74fb-4c6c-a7d2-c2fe1bf6d59c,73437f3b-c293-42ab-a892-2a0e89128154,IG Post,IMAGE,12.3.2026 17:19:42,"Když ten hokej prostě baví. 🥹

@czufarmers ⚔️ @vsefalcons 3️⃣:3️⃣ | #bitvaoprahu",https://www.instagram.com/p/DVyuM3MDFMx/,,21752,506,,20
@riderspardubice,instagram,4d6a67ab-9313-4f77-a82e-abb18adbca5d,b5416d27-e94c-4473-8ab6-0ae0f9187447,IG Story,VIDEO,26.8.2026 18:52:19,,https://www.instagram.com/stories/riderspardubice/3972427993108823367,,831,,,
@univerzitnihokej,facebook,01b45180-0b14-4a14-96e8-d0a4bab1fb9f,0866581c-c448-4f59-bc0a-bd768a07331b,FB Post,IMAGE,9.3.2026 9:03:25,"Moravské derby, finále Bitvy o Prahu a mnoho dalšího! Na co se tento týden těšíte nejvíc? 🤓",https://www.facebook.com/1275398168115026/posts/1257172219937621,548,,1,,
@riderspardubice,instagram,4d6a67ab-9313-4f77-a82e-abb18adbca5d,e5c403f5-9a43-4f46-9817-dcf7eb42dd44,IG Story,VIDEO,31.3.2026 21:31:58,,https://www.instagram.com/stories/riderspardubice/3865241533553636732,,417,,,
@riderspardubice,instagram,4d6a67ab-9313-4f77-a82e-abb18adbca5d,aca35efc-3d29-4237-bdba-6357145b9e51,IG Story,VIDEO,17.4.2026 14:36:17,1. TŘETINA ZAPOČATA 👊🏻 0:0,https://www.instagram.com/stories/riderspardubice/3877353322017726622,,965,,,
vsefalcons,instagram,709fceba-e311-48e7-9057-f54a587abf4a,cb93c3d7-97b2-448c-bb00-502c9811b22a,IG Story,VIDEO,14.3.2026 17:05:55,@patrik_nabelek  sebral spotlight @mila_prehled_22 🧑‍🧒‍🧒,https://www.instagram.com/stories/vsefalcons/3852786479240102978,1045,1060,,,2
@univerzitnihokej,facebook,01b45180-0b14-4a14-96e8-d0a4bab1fb9f,8c48cd32-157f-4248-b429-6af633359f10,FB Post,PHOTO,31.3.2026 11:11:26,Oficiálně vypínáme základní část a zapínáme PLAY-IN MODE 😤,https://www.facebook.com/1275398168115026/posts/1274788088176034,1320,,3,,
@engineersprague,facebook,afd06d1d-7b1c-4f66-8d93-ce4255ab773c,b4524416-4352-45cc-ac28-bb1da871fac9,FB Story,VIDEO,12.3.2026 18:47:29,,,,,,,
vsefalcons,instagram,709fceba-e311-48e7-9057-f54a587abf4a,bdbdef9b-691c-4ea7-8cd4-625723f2feff,IG Reel,VIDEO,18.1.2026 19:35:04,"Naše academic weapons se nám svěřili s jejich nejtěžší zkoušku semestru. 🤓 Kluci, budeme držet palce! ✊🏼",https://www.instagram.com/reel/DTqfibbCAeL/,,6247,130,,13
vsefalcons,instagram,709fceba-e311-48e7-9057-f54a587abf4a,485765b4-331e-40a8-9146-98e12b05140a,IG Reel,REEL,12.3.2026 17:23:24,KSN 🤩,https://www.instagram.com/reel/DVytejBCPnk/,,6472,233,3,12
vsefalcons,instagram,709fceba-e311-48e7-9057-f54a587abf4a,783800be-6581-4b42-9901-e2c2311b1284,IG Reel,VIDEO,19.2.2026 18:11:05,"Kdo by podle vás vypadl jako první nebo naopak vyhrál? 🤔
Survivor themed zápas už v úterý, tak přijďte fandit! 🫨 Vstupenky sežene na profilu! 🎟️",https://www.instagram.com/reel/DU8vIAbCJs5/,,8011,114,2,36
@akademiciplzen,instagram,65494228-95bf-4f7b-8e68-d47d7262db66,8c87af2f-1547-480e-9d44-1e5302c4a405,IG Story,VIDEO,1.4.2026 18:47:54,,https://www.instagram.com/stories/akademiciplzen/3865883744142138345,,1123,,,12
vsefalcons,instagram,709fceba-e311-48e7-9057-f54a587abf4a,c455330e-4777-4c41-833b-149b00b1d3f5,IG Story,VIDEO,12.3.2026 16:36:42,SROVNÁVÁ 3:3,https://www.instagram.com/stories/vsefalcons/3851322215308504364,1414,1279,,,
@unitedhk,facebook,bfe6cc29-a387-41b9-9bca-b077722556af,f0cff6d5-bc43-4826-a343-8b473d8f2d20,FB Story,IMAGE,10.8.2026 19:56:14,,https://facebook.com/stories/122099775710388974/UzpfSVNDOjE1MzM2NDg0MDc5NjI3NDQ=/?view_single=1,,,,,
@riderspardubice,facebook,f99ed6c3-17cc-46f4-a32e-d9b0576ce2df,45420f3f-80a3-42bc-a9d4-0f06734f1559,FB Video,VIDEO,12.4.2026 15:05:35,@unihokejfinalfour těšíme se😎,https://www.facebook.com/reel/2086877262171188/,323,118,2,,
@cvutengineers,instagram,11963a07-7f0f-48e6-9d81-aa63a7ff4a04,7f5a90ad-6dd4-4f9c-b22a-f42457971c4c,IG Post,IMAGE,13.3.2026 13:42:49,"Bitvu jsme prohráli, ale válka je ještě před náma 🫡

Sezona se blíží do finále a my jdeme dokončit co jsme začali! 

#engprg #srdcelva

📸: @ondra_mann",https://www.instagram.com/p/DV06LI9DB9p/,,12842,502,,25
@cvutengineers,instagram,11963a07-7f0f-48e6-9d81-aa63a7ff4a04,8aad5eab-3920-4048-b88e-2121353cf82c,IG Story,VIDEO,17.4.2026 18:01:37,ZLOMENÁÁÁÁ 🏒 🥲,https://www.instagram.com/stories/cvutengineers/3877456601670270669,,1406,,,2
@engineersprague,facebook,afd06d1d-7b1c-4f66-8d93-ce4255ab773c,9694e5d4-de95-401e-8c1f-23c0c25ed8b5,FB Story,VIDEO,2.3.2026 20:12:53,,,,,,,
@united_hk,instagram,b18c071b-0570-48b2-b743-990c668c3c5b,5f4dc117-8827-42ec-bc34-23a5a8ec1d81,IG Post,IMAGE,5.8.2026 15:44:21,"Čekání je u konce. 🏒

První trénink na ledě je za námi.

Další fotky najdeš na unitedhk.cz/fotky

📸 @jendazadrazil",https://www.instagram.com/p/DbqfWLziAtc/,,14914,264,2,57
@cvutengineers,instagram,11963a07-7f0f-48e6-9d81-aa63a7ff4a04,7f01104a-bf81-4592-9dcb-2622ab45c735,IG Story,IMAGE,17.4.2026 21:56:49,1 4,https://www.instagram.com/stories/cvutengineers/3877575232492187430,,964,,,2
@cvutengineers,instagram,11963a07-7f0f-48e6-9d81-aa63a7ff4a04,0fde5f3d-ddb8-49f8-8034-48c754852102,IG Story,VIDEO,20.8.2026 16:21:48,,https://www.instagram.com/stories/cvutengineers/3968003871288855357,,675,,,
@vutcavaliersbrno,instagram,b384bebf-72f3-4f9d-8b2d-3677709f6966,e5ca9a80-5a92-4d16-89b7-a963cbe95d1b,IG Story,VIDEO,23.8.2026 10:34:24,@tombrokes,https://www.instagram.com/stories/vutcavaliersbrno/3970003060579161955,,668,,,1
@hcnorthwings,facebook,2b08a479-603b-46e4-8a48-2bc0435ccd53,97fc230b-9529-4676-946a-7d4ff3408b87,FB Story,VIDEO,18.3.2026 16:34:14,,,,,,,
@riderspardubice,instagram,4d6a67ab-9313-4f77-a82e-abb18adbca5d,4312d69c-89d0-4830-be8d-1a62a3070e3b,IG Story,VIDEO,1.4.2026 13:31:09,Děkujeme za podporu!,https://www.instagram.com/stories/riderspardubice/3865724309562220349,,640,,,
@akademiciplzen,instagram,65494228-95bf-4f7b-8e68-d47d7262db66,78a10236-addb-4edb-b1a0-79d3f3b00354,IG Post,IMAGE,6.3.2026 19:48:07,"Jarní bitva už je minulostí! 💥 

Slavnostní buly nám vhodil maskot Olympiády dětí a mládeže, která se uskuteční 24.-28. 1. 2027 u nás v Plzeňském kraji! 🏆

#akademiciplzen 💙 | 📸 @vpotocesevodatoci @novotny_studio.cz",https://www.instagram.com/p/DVjiamNjNgW/,,9154,184,,4
@akademiciplzen,instagram,65494228-95bf-4f7b-8e68-d47d7262db66,dd031fde-e994-4ea6-b29d-6ca7f701d1e4,IG Story,VIDEO,10.4.2026 12:56:32,@_adamsobotka,https://www.instagram.com/stories/akademiciplzen/3872229862568363046,,1025,,,2
@united_hk,instagram,b18c071b-0570-48b2-b743-990c668c3c5b,a22e2681-ce3c-42fd-871d-482f3027b5f8,IG Reel,VIDEO,8.3.2026 18:15:08,"🏒 BAUER Gear Up Challenge
Ještě jeden návrat k momentům z Východočeského derby univerzit.

Během přestávky jsme dali fanouškům výzvu – BAUER Gear Up Challenge.

Úkol byl jasný: 45 vteřin. A obléknout si co nejvíc hokejové výstroje. Helma, chrániče, rukavice…

Kdo to zvládl nejrychleji? Podívej se ve videu.

Díky partnerovi BAUER za skvělý moment derby.

🖤🧡❤️

#unitedhk #unihokej #hokej",https://www.instagram.com/reel/DVohP-1CKBZ/,,3047,43,,
@united_hk,instagram,b18c071b-0570-48b2-b743-990c668c3c5b,85d95b77-eac7-445c-856a-de6312f3d6c1,IG Story,IMAGE,29.4.2026 19:00:43,,https://www.instagram.com/stories/united_hk/3886183914901350760,,414,,,
@united_hk,instagram,b18c071b-0570-48b2-b743-990c668c3c5b,b6c27dca-e2cf-431e-b9e2-5b62c2eed664,IG Story,IMAGE,10.8.2026 17:18:39,Vitej v @univerzitnihokej @savs_raccoons,https://www.instagram.com/stories/united_hk/3960784444042298772,,1056,,,2
vsefalcons,instagram,709fceba-e311-48e7-9057-f54a587abf4a,cbf98c75-ebc0-40c0-bfcb-489213c45a0c,IG Story,VIDEO,20.8.2026 16:44:59,pořádně rozehřát po pauze 🔥,https://www.instagram.com/stories/vsefalcons/3968015307041674534,,1062,,,2
@bitvaoprahu,facebook,75e0f41f-82be-4f82-a77b-82ac11135ed2,b354d0f5-0883-4dfe-8ab8-3ead6d7483af,FB Post,IMAGE,10.3.2026 13:57:54,"Kdo už se taky nemůže dočkat, ruku do komentářů! 🖐🏼
Nenech si to ujít ❤️ lístky na bitvaoprahu.cz",https://www.facebook.com/1441262177797849/posts/1418640410060026,213,,,,
@hc_muni,instagram,43cd62c8-609d-4ea6-8ce9-cae5242ede0c,c813843d-9290-46e1-95bc-129f1971f947,IG Story,VIDEO,10.8.2026 21:40:55,,https://www.instagram.com/stories/hc_muni/3960916462839689618,,954,,,8
@univerzitnihokej,instagram,1e114592-3529-4cfe-9977-2598454053af,d1fb7151-0f90-4e6b-8b72-77a5bc670566,IG Story,VIDEO,9.4.2026 15:59:36,🎟️,https://www.instagram.com/stories/univerzitnihokej/3871597235460907124,,874,,,
@united_hk,tiktok,7e062517-b9da-416d-b73d-a2c5899a2be6,d52d238c-09ac-4a1a-a0b2-9c592746ff04,TT Video,VIDEO,8.3.2026 10:09:27,🧅 Kaufland Cutting Challenge Vracíme se ještě k momentům z Východočeského derby univerzit. Derby není jen o hokeji. Během přestávky jsme si dali rychlou výzvu – Kaufland Cutting Challenge. Úkol byl jednoduchý: 45 vteřin. Hokejové rukavice. A co nejvíc najemno nakrájet cibuli. Jak to dopadlo? Podívej se ve videu. Díky partnerovi Kaufland za další zábavný moment derby. 🖤🧡❤️ #unitedhk #unihokej #hokej,https://www.tiktok.com/@united_hk/video/7614824806646566166?utm_campaign=tt4d_open_api&utm_source=7348986504397455361,,1040,24,,
@akademiciplzen,instagram,65494228-95bf-4f7b-8e68-d47d7262db66,e08b1de2-af95-488f-9d53-64deeecb0440,IG Story,VIDEO,2.4.2026 9:34:24,,https://www.instagram.com/stories/akademiciplzen/3866329927935360274,,1707,,,1
@cvutengineers,instagram,11963a07-7f0f-48e6-9d81-aa63a7ff4a04,41e591b1-c894-42c5-9bf8-07a6a3907f77,IG Post,IMAGE,4.3.2026 8:33:50,"🚨 GAMEDAY | Dnes hrajeme doma!
V tradičních 20:00 vyzvedneme na našem ledě @united_hk 🔥. Jak tento duel dopadne? Přijď se podívat na Hvězdu a pořádně nám zafandit! Těšíme se 👋🏻. 

#engprg",https://www.instagram.com/p/DVdLZ0MDEBd/,,4828,65,,10
@cvutengineers,instagram,11963a07-7f0f-48e6-9d81-aa63a7ff4a04,fc91c1e7-4439-4aa8-8aab-5ab40b561542,IG Story,VIDEO,4.4.2026 12:35:00,😜 😜,https://www.instagram.com/stories/cvutengineers/3867870418468400266,,1089,,,1
@univerzitnihokej,instagram,1e114592-3529-4cfe-9977-2598454053af,a2323d03-95e7-47db-90a0-51ec4dc5b985,IG Post,IMAGE,3.3.2026 16:47:01,"Základní část končí za 22 dní. ⏳ Body se ještě sbírají, tabulka se může zamotat… ale program Final Four už je jasný. ☝🏻🔥

16. 4. – semifinálový den (2 zápasy)
17. 4. – utkání o bronz & finále 🏆

Dva dny. Čtyři týmy. Jeden titul. 
Vstupenky na finalfour.cz 🎟️",https://www.instagram.com/p/DVbfTfjCHOB/,,8308,136,,35
@vutcavaliersbrno,instagram,b384bebf-72f3-4f9d-8b2d-3677709f6966,de05e787-ded3-4ad0-b4b5-29e2403aab88,IG Story,VIDEO,23.8.2026 8:19:46,skupina A na ledě!,https://www.instagram.com/stories/vutcavaliersbrno/3969935336301692661,,808,,,8
vsefalcons,instagram,709fceba-e311-48e7-9057-f54a587abf4a,2e36a47c-2493-494c-aa7d-d55c3673aee5,IG Story,VIDEO,12.3.2026 17:40:07,"no není to krásný 🥹 se vrátil z erasmu, jen aby dal gól na bitvě",https://www.instagram.com/stories/vsefalcons/3851356604121743894,1697,1513,,1,3
@BOhokej,facebook,c9082543-a03b-490f-8f97-66d439acce89,8747a0ec-b063-49be-92f2-12e08c999c4a,FB Video,VIDEO,20.3.2026 20:43:42,"Je to tady! 🔥

Sezona se blíží ke svému konci a nás tak čeká poslední domácí utkání základní části! 

Nenechte si to ujít a doražte do RT TORAX ARENY! 🏒

#hockey #lastdance #boostrava",https://www.facebook.com/reel/2407389409726406/,310,107,,,
vsefalcons,instagram,709fceba-e311-48e7-9057-f54a587abf4a,40711d91-fb48-4c3a-99c2-f7474cc3783e,IG Story,VIDEO,25.5.2026 13:19:09,"děkujeme
@vsecz & @ctvsvse 
za prostory 🙏🏼 MY UŽ V TICHOSTI ZVEDÁME
V NAŠÍ ŠKOLNÍ POSILOVNĚ 🏋️‍♂️ 💪🏼",https://www.instagram.com/stories/vsefalcons/3904855899562862087,,3689,,,10
@akademiciplzen,instagram,65494228-95bf-4f7b-8e68-d47d7262db66,fcfd4c80-f5ad-431a-8ccd-67d4cf8a6914,IG Story,VIDEO,20.8.2026 19:32:41,ALEŠ HOFRAJTR @ales_hofi  SVŮJ PRVNÍ GÓL DÁVÁ TAKÉ 5 : 1,https://www.instagram.com/stories/akademiciplzen/3968100129768770996,,1087,,,2
@hcnorthwings,facebook,2b08a479-603b-46e4-8a48-2bc0435ccd53,dbaf30dc-bcae-458f-aefd-c5d3f993f9d5,FB Story,IMAGE,11.3.2026 19:57:09,,,,,,,
@boostrava,instagram,1176ddaf-d366-48a2-9639-3c6694c72c85,f6604887-b06f-425b-9bd1-d2c4e17aacad,IG Reel,VIDEO,18.4.2026 10:52:43,HISTORICKY PRVNÍ FINAL FOUR🔥,https://www.instagram.com/reel/DXRTQeOjJQl/,,2685,70,1,1
vsefalcons,instagram,709fceba-e311-48e7-9057-f54a587abf4a,04673c5a-1337-4e44-b1d6-05b637cc6c9c,IG Story,VIDEO,12.3.2026 16:16:57,SROVNÁVÁME 👀,https://www.instagram.com/stories/vsefalcons/3851312263516951836,1408,1320,,,
@univerzitnihokej,instagram,1e114592-3529-4cfe-9977-2598454053af,99f33367-2a6c-492e-9c63-12ec4cdc28e6,IG Post,IMAGE,12.3.2026 21:06:50,Tak který tým si odnesl víc peněz? 💰,https://www.instagram.com/p/DVzIMVBiN0J/,,11548,240,,54
@akademiciplzen,instagram,65494228-95bf-4f7b-8e68-d47d7262db66,bb731746-71ce-49be-85af-477cdb8c3808,IG Story,IMAGE,2.4.2026 0:43:12,,https://www.instagram.com/stories/akademiciplzen/3866062570775539944,,2058,,,2
@bitvaoprahu,instagram,d7c8aa06-74fb-4c6c-a7d2-c2fe1bf6d59c,c5b8da47-46da-4888-aaa4-9eadfdfc5f07,IG Story,VIDEO,10.4.2026 14:56:24,S KÓDEM BITVA15 UŠETŘÍŠ 🤑 🎟️ 🎟️,https://www.instagram.com/stories/bitvaoprahu/3872290199804088521,,850,,,3
@univerzitnihokej,facebook,01b45180-0b14-4a14-96e8-d0a4bab1fb9f,12fe15d6-3e54-4b4d-b632-839a16f34875,FB Video,VIDEO,12.3.2026 22:11:27,"Myslíte si, že by byl @metodej_jilek dobrej v hokeji? 👇🏻👀",https://www.facebook.com/reel/956471700139737/,507,217,3,,
@univerzitnihokej,instagram,1e114592-3529-4cfe-9977-2598454053af,578b5b5c-c19b-48bb-9bff-2d3234f6e035,IG Post,IMAGE,8.4.2026 21:45:54,"Co zápas, to kino! 🍿 Známe tři účastníky historicky prvního Final Four 🥵

Falcons ovládli výlet v Budějcích, Kings si vyzkoušeli Eden nanečisto a Engineers urvali výhru po dramatických samostatných nájezdech 🔥",https://www.instagram.com/p/DW4uIJVCOqS/,,5889,262,,9
@cvutengineers,instagram,11963a07-7f0f-48e6-9d81-aa63a7ff4a04,6c8ce250-dc5f-48e6-836e-5ff566365a9a,IG Story,VIDEO,8.4.2026 18:41:29,,https://www.instagram.com/stories/cvutengineers/3870953940578002604,,1743,,,2
vsefalcons,instagram,709fceba-e311-48e7-9057-f54a587abf4a,87e5256f-8a42-4d46-8997-a0d61c666116,IG Story,IMAGE,8.2.2026 17:51:06,"1 3 David
Drábek
Novák",https://www.instagram.com/stories/vsefalcons/3828166811108006272,,851,,,1
@engineersprague,facebook,afd06d1d-7b1c-4f66-8d93-ce4255ab773c,c0a961dd-9ccc-4664-892a-aaad6bc0d4c9,FB Story,VIDEO,4.8.2026 19:15:04,,,,,,,
@hcmuni,facebook,d1f9e9f9-7526-42d4-85aa-13f91e89f7cf,0b361bce-15b3-4b67-ad5d-4723a07b1383,FB Post,IMAGE,25.8.2026 9:20:15,"První ostrý test je tady ⚡️
Zápasové tempo si vyzkoušíme proti druholigovému Prostějovu! Jak si Medvědi pod vedením nového kouče a s obměněným kádrem povedou? 🐻",https://www.facebook.com/1581741777288398/posts/1717974460331795,506,,5,,
@univerzitnihokej,instagram,1e114592-3529-4cfe-9977-2598454053af,2db1584a-caa6-431f-95f4-0687441041af,IG Post,IMAGE,6.3.2026 8:57:44,@zlatak30 se inspiroval v NCAA. 🫨 Tohle jsme nedávno viděli u @michael_hrabal v UMass.,https://www.instagram.com/p/DViX-_GiI_2/,,26008,556,1,19
@united_hk,instagram,b18c071b-0570-48b2-b743-990c668c3c5b,40f64ffc-450a-4955-9c10-46a8e7715f4a,IG Reel,VIDEO,14.3.2026 10:30:02,"Včera jsme to dali na velkém plátně 🎬🏒

Heated Rivalry maraton v CineStaru.
Děkujeme @hbomaxczsk 

#unitedhk #cinestar #heatedrivalry #hbomax",https://www.instagram.com/reel/DV3IdJICKlD/,,78567,6345,44,2348
vsefalcons,instagram,709fceba-e311-48e7-9057-f54a587abf4a,58715e38-133e-4f92-ab41-40648660ec73,IG Story,IMAGE,22.1.2026 8:17:14,,https://www.instagram.com/stories/vsefalcons/3815556816210295056,,1086,,,
vsefalcons,instagram,709fceba-e311-48e7-9057-f54a587abf4a,69303f8b-4cf9-4c85-b7a4-6f9b4846eab4,IG Post,IMAGE,25.1.2026 17:56:18,"Zkouškové je (skoro) za námi, je čas vrátit se na zimák! 🤓 V prvním domácím zápase tohoto roku se utkáme s @hcnorthwings 🦅 

Hlavním partnerem zápasu je @mosteckamontazni 🤝🏽 

Už nám chybíte, tak se za námi zastavte! 🥹💙",https://www.instagram.com/p/DT8V0obiKQL/,,6168,63,,28
@univerzitnihokej,instagram,1e114592-3529-4cfe-9977-2598454053af,b6500821-e8c9-4534-8740-3e4bfcfa6e80,IG Post,IMAGE,23.3.2026 21:45:40,"Black Dogs vystrčili růžky a seřezali krále tabulky 🫣 východní Čechy patří Hradci, připisují si 4. výhru proti Riders 💪🏼",https://www.instagram.com/p/DWPhYejDC76/,,8810,182,,42
@univerzitnihokej,instagram,1e114592-3529-4cfe-9977-2598454053af,da6a9cc2-b138-4afc-b8b3-f1c2912aa0ba,IG Reel,VIDEO,22.4.2026 15:02:35,Zapsat se takové legendě do paměti je pro nás obrovská čest 💙  Děkujeme za krásná slova @helenavondrackovacz 🙏🏻 Celý díl na herohero.co/cestmir 🎥,https://www.instagram.com/reel/DXcCJo7CJ58/,,85904,2589,16,300
vsefalcons,instagram,709fceba-e311-48e7-9057-f54a587abf4a,f9343e37-9def-4666-a3fb-f09b99e3094c,IG Story,VIDEO,24.8.2026 15:29:58,👔 😎 a buď cool jako filip,https://www.instagram.com/stories/vsefalcons/3970876591429256830,,776,,,14
@riderspardubice,facebook,f99ed6c3-17cc-46f4-a32e-d9b0576ce2df,f9931061-d7ad-40a6-9552-30065b15750d,FB Post,IMAGE,9.3.2026 22:24:20,"Poslední zápas v dresu Riders pro @dominikkopecky_99 a @daniel.skryp! 🔥

Přijď kluky podpořit a rozloučit se s nimi na zápas proti @united_hk! 

Prvních 50 vstupenek za 50 Kč už teď přes odkaz v BIU!",https://www.facebook.com/1592662819534019/posts/1572162808250687,901,,8,,
@akademiciplzen,instagram,65494228-95bf-4f7b-8e68-d47d7262db66,fcd809b5-ea07-4d99-bb86-3de5fd07916e,IG Reel,VIDEO,21.3.2026 17:16:10,"Šampóny od @garnier_czsk dělají po tréninku ve sprchách vyloženě zázraky. 🤯✨

#garnierfructis #cistahlava #cistahra #ad",https://www.instagram.com/reel/DWJ37CuDHm0/,,10618,260,1,68
@unitedhk,facebook,bfe6cc29-a387-41b9-9bca-b077722556af,08917127-b8fe-4fbe-939a-653e23a5fd29,FB Post,IMAGE,17.8.2026 13:49:58,"Rodina partnerů UNIted HK se rozšiřuje.

Pro sezonu 2026/27 vítáme čtyři nové partnery — Amity drinks, Futurum Hradec Králové, Lékárny IPC a Montela MH.

Díky za důvěru a vítejte v UNIted HK.

Těšíme se na společnou sezonu.",https://www.facebook.com/122180651084388974/posts/122191157468388974,252,,5,,
@bitvaoprahu,instagram,d7c8aa06-74fb-4c6c-a7d2-c2fe1bf6d59c,306c41d5-83c5-4c23-af22-2e3edf05e639,IG Post,IMAGE,13.3.2026 12:52:35,"🏆🏆 Královské ráno! Žijete všichni? 😀

📸 @vratapolivka_photo , @matyasklapa , @radekkasik1",https://www.instagram.com/p/DV00bUIjCKI/,,26264,807,,176
@univerzitnihokej,instagram,1e114592-3529-4cfe-9977-2598454053af,4947b9fb-87ff-4156-af7c-6d408a228b4a,IG Story,VIDEO,12.4.2026 15:12:45,OD ZÍTRA SE ZDRAŽUJÍ VSTUPENKY MŮJ TÝM POSTOUPIL DO @unihokejfinalfour 🚨 🥳 🙌🏻 🤯,https://www.instagram.com/stories/univerzitnihokej/3873747978158609299,,1438,,,1
@boostrava,instagram,1176ddaf-d366-48a2-9639-3c6694c72c85,8899a1ac-fb83-499a-ab96-4d975cf9ac5c,IG Post,IMAGE,4.3.2026 21:20:01,"Naši vítězové! 🦈

#hockey #winners",https://www.instagram.com/p/DVei045jOtf/,,10533,196,1,23
@riderspardubice,instagram,4d6a67ab-9313-4f77-a82e-abb18adbca5d,9ab2f050-1550-4f31-acff-2e7057fe7ab6,IG Story,VIDEO,3.4.2026 7:48:04,,https://www.instagram.com/stories/riderspardubice/3867001180732009455,,599,,,1
@univerzitnihokej,instagram,1e114592-3529-4cfe-9977-2598454053af,9d728274-d513-4b55-b324-b8e0ef70b910,IG Reel,VIDEO,12.3.2026 22:11:15,"Myslíte si, že by byl @metodej_jilek dobrej v hokeji? 👇🏻👀",https://www.instagram.com/reel/DVzOyuUCEFR/,,57618,2571,3,212
@cvutengineers,instagram,11963a07-7f0f-48e6-9d81-aa63a7ff4a04,b1f7c56d-e369-4481-96cd-da3d54ebaae5,IG Post,IMAGE,17.4.2026 10:48:49,"Polední rozbruslení za námi, atmosféra byla/je dobrá 🤓

Těšíme se na večer 👀

📸: @ondra_mann 

#srdcelva",https://www.instagram.com/p/DXOuFZBDCh9/,,5092,123,,8
@akademiciplzen,instagram,65494228-95bf-4f7b-8e68-d47d7262db66,daa2564e-fae2-44b8-bdae-34e4652de34e,IG Story,VIDEO,1.4.2026 15:10:56,,https://www.instagram.com/stories/akademiciplzen/3865774527955633902,,1658,,,14
vsefalcons,instagram,709fceba-e311-48e7-9057-f54a587abf4a,ebd9dacd-6e94-481d-8766-25feffc06816,IG Reel,VIDEO,14.7.2026 18:06:45,"Někteří ptáci potřebují občas trochu času, než najdou své hnízdo. 🪺 Z Black Dogs k nám od nové sezóny přilétá student naší univerzity, Jan Vavřík 🤝🏼

Vavřa, vítej doma!",https://www.instagram.com/reel/DayF3BKotIZ/,,11833,290,6,54
vsefalcons,instagram,709fceba-e311-48e7-9057-f54a587abf4a,0381b3c5-769b-417b-80f1-b07fa3696ab5,IG Story,VIDEO,8.3.2026 7:34:06,@strnyjan,https://www.instagram.com/stories/vsefalcons/3848149991445547052,,965,,,2
vsefalcons,instagram,709fceba-e311-48e7-9057-f54a587abf4a,0b00ed68-22e0-45f0-8417-144e16ddf84f,IG Story,VIDEO,11.1.2026 17:56:00,👆🏼 REGISTROVAT SE MŮŽETE,https://www.instagram.com/stories/vsefalcons/3807875553261277639,,697,,,1
vsefalcons,instagram,709fceba-e311-48e7-9057-f54a587abf4a,24a9c569-4820-4246-8b32-ed2c6b5fd0be,IG Story,VIDEO,10.2.2026 10:36:44,,https://www.instagram.com/stories/vsefalcons/3829397735841734659,687,1014,,,6
@hc_muni,instagram,43cd62c8-609d-4ea6-8ce9-cae5242ede0c,2d43c833-502c-4ffe-b71b-cfba11f92b7a,IG Reel,REEL,25.3.2026 17:07:59,"Nojo, o @kfc_cz by se kluci i poprali🍗🐻 Jak úspěšní jste v našem kvízu byli vy? 

PS: žádné kuře nepřišlo vniveč 🫶🏻

#kfcplechovykyblik #kfc",https://www.instagram.com/reel/DWUKPdoDM2o/,,6068,104,,8
vsefalcons,instagram,709fceba-e311-48e7-9057-f54a587abf4a,54535825-d695-4183-9bb2-064f5699b1da,IG Story,VIDEO,10.2.2026 20:47:43,🚀,https://www.instagram.com/stories/vsefalcons/3829705462220589594,,977,,,
@AkademiciPlzen,facebook,d87b94e3-03e8-45d0-b92e-75e9b819545c,06974fdb-b7b9-4e89-8350-3ce39f25af32,FB Post,IMAGE,18.3.2026 22:22:55,"3 VÝHRY V ŘADĚ! 👊🏻

Z Brna vezeme výhru 1:4 a držíme si tak 4. místo v tabulce. 🍫 Hráčem zápasu se stává Jíří Beníšek. 👑

Jsme READY na poslední domácí zápas základní části! Přijď nás 25. 3. podpořit a pojďme to společně uzavřít vítězně! 💙

#akademiciplzen",https://www.facebook.com/1357105236437494/posts/1345811964233488,6675,,57,,
vsefalcons,instagram,709fceba-e311-48e7-9057-f54a587abf4a,2c088016-988e-4817-ab16-d55c0773b309,IG Story,VIDEO,9.4.2026 7:57:55,už za týden míříme do Edenu 🔜,https://www.instagram.com/stories/vsefalcons/3871354877611931778,752,832,,,1
@univerzitnihokej,instagram,1e114592-3529-4cfe-9977-2598454053af,58bf8637-7be8-4d01-bd65-c8fc495e8415,IG Post,IMAGE,12.3.2026 21:52:31,Tak tuto výhru ti bude závidět celkej kotel! 🍗,https://www.instagram.com/p/DVzNPXLCPM0/,,3866,68,,10
@hcnorthwings,facebook,2b08a479-603b-46e4-8a48-2bc0435ccd53,690c3418-d9e6-4426-aa30-67b31623e739,FB Video,VIDEO,19.3.2026 8:08:02,🎤 | Pozápasové ohlasy z 25. kola @univerzitnihokej v podání kapitána @hcnorthwings (Adam #Šubrt) #univerzitnihokej,https://www.facebook.com/reel/953961007139831/,531,240,3,,
vsefalcons,instagram,709fceba-e311-48e7-9057-f54a587abf4a,99394075-4aa0-400c-b168-c379b9611ddf,IG Story,VIDEO,8.2.2026 17:43:02,SROVNÁVÁ 🎯,https://www.instagram.com/stories/vsefalcons/3828162771406042706,,1376,,,1
@univerzitnihokej,instagram,1e114592-3529-4cfe-9977-2598454053af,a1c579bc-53a9-4461-be17-ceb514d2b640,IG Post,IMAGE,25.3.2026 22:39:50,"Na závěr základní části nechyběly nájezdy, prodloužení ani gólový koncert 🎻 Farmers urvali 2 body v Plzni, brněnské derby patří MUNI a Engineers navařili desítku 🚨
…a teď už směr play-in 🔜",https://www.instagram.com/p/DWUxK7tCAjc/,,5375,132,,8
@engineersprague,facebook,afd06d1d-7b1c-4f66-8d93-ce4255ab773c,4495d929-8dfa-442d-9b1a-485da6c75484,FB Story,VIDEO,4.3.2026 19:17:37,,,,,,,
@hcnorthwings,facebook,2b08a479-603b-46e4-8a48-2bc0435ccd53,af26b591-496b-4dd4-bdca-671f27e110f8,FB Story,VIDEO,4.3.2026 16:16:37,,,,,,,
vsefalcons,instagram,709fceba-e311-48e7-9057-f54a587abf4a,b5314a42-3b47-4c55-91dd-7a4fbdf998ad,IG Story,VIDEO,26.2.2026 20:55:05,za občerstvení děkujeme @kauflandcesko 🍿,https://www.instagram.com/stories/vsefalcons/3841305406261983803,983,1317,,,50
vsefalcons,instagram,709fceba-e311-48e7-9057-f54a587abf4a,bd636c4e-b803-4fad-894d-37333cb86254,IG Story,VIDEO,2.2.2026 17:15:52,"nedočkavec 6 minut
před tréninkem 🥹",https://www.instagram.com/stories/vsefalcons/3823800453092372016,,1223,,,2
vsefalcons,instagram,709fceba-e311-48e7-9057-f54a587abf4a,f3e6fbe7-e6b2-45aa-8ceb-8161a6480c7a,IG Post,IMAGE,8.2.2026 21:00:44,"@bitvaoprahu nanečisto pro nás skončila vítězně, ta pravá nás ale teprve čeká 🔥

Nejlevnější lístky můžeš koupit do pátku na bitvaoprahu.cz 🎟️",https://www.instagram.com/p/DUgtJbOiLid/,,2270,100,1,1
vsefalcons,instagram,709fceba-e311-48e7-9057-f54a587abf4a,3f67c19e-9fd0-4d0a-b87e-c6aa47cf00cb,IG Story,IMAGE,31.12.2025 11:13:13,🦅,https://www.instagram.com/stories/vsefalcons/3799700340442953410,,831,,,
vsefalcons,instagram,709fceba-e311-48e7-9057-f54a587abf4a,7685c8fe-230f-42bb-98ed-f61fa9d8f5d8,IG Story,VIDEO,26.1.2026 18:37:38,3. TŘETINA začíná,https://www.instagram.com/stories/vsefalcons/3818768175420954767,,852,,,
@akademiciplzen,instagram,65494228-95bf-4f7b-8e68-d47d7262db66,7da6008d-84b0-4424-84ca-5ca36c0f3d66,IG Story,VIDEO,27.8.2026 19:22:13,🙌🏻 JE TO NAŠE!,https://www.instagram.com/stories/akademiciplzen/3973167844837591456,,674,,,1
vsefalcons,instagram,709fceba-e311-48e7-9057-f54a587abf4a,7e36fb4d-30db-4fd4-87b0-dc994f13d342,IG Story,VIDEO,11.3.2026 18:44:33,JE TO VENKU!,https://www.instagram.com/stories/vsefalcons/3850661758843238298,1224,656,,,
@riderspardubice,instagram,4d6a67ab-9313-4f77-a82e-abb18adbca5d,b431c85c-1566-411c-8277-8a6e18ae6994,IG Post,IMAGE,10.3.2026 7:42:24,"Vstupenky na Last dance Dominika Kopeckého a Daniela Skrypa nyní jen za 50,- 😎",https://www.instagram.com/p/DVsia6qDCV4/,,2119,37,,7
vsefalcons,instagram,709fceba-e311-48e7-9057-f54a587abf4a,b79ed296-d813-43be-955e-cbfeefd6e878,IG Story,VIDEO,14.3.2026 15:42:54,KDO BUDE DNEŠNÍ JEDNIČKA ? ?,https://www.instagram.com/stories/vsefalcons/3852744688277130276,770,755,,1,
@bitvaoprahu,instagram,d7c8aa06-74fb-4c6c-a7d2-c2fe1bf6d59c,e97f5792-db0b-4f2c-afa4-1922187b0fb4,IG Post,IMAGE,12.3.2026 21:10:13,"🇨🇿 Dvojnásobný medailista z olympijských her v Miláně je mezi námi! 🤩🙏🏼

Tím není nikdo jiný než Metoděj Jílek! 🎩 #bitvaoprahu",https://www.instagram.com/p/DVzIlMODutd/,,213461,10746,1,330
@riderspardubice,instagram,4d6a67ab-9313-4f77-a82e-abb18adbca5d,ba61b1fa-0779-4ee6-86cc-fc06a80247fc,IG Story,IMAGE,17.4.2026 13:34:34,@tipsport_cz,https://www.instagram.com/stories/riderspardubice/3877322442461199422,,1107,,,
@univerzitnihokej,instagram,1e114592-3529-4cfe-9977-2598454053af,eee3bf4f-6451-4e75-a837-6cf244051737,IG Reel,VIDEO,12.3.2026 18:03:03,Za takovou střelou by se nestyděli ani naši hráči! 🤯 @csobcz cash on ice 💸,https://www.instagram.com/reel/DVyzCcBCNu2/,,7746,106,,12
@cvutengineers,instagram,11963a07-7f0f-48e6-9d81-aa63a7ff4a04,ff94c2e0-a07e-4fe1-bfd5-3363796914b4,IG Reel,VIDEO,17.4.2026 6:48:23,"🚨 FINÁLE FINAL FOUR JE TADY!

 Na tento moment jsme dlouho čekali. Teď je čas jít do boje o titul mistra ULLH. Na ledě necháme všechno. 🙏🏻

Dnes od 20:15 ukážeme, v kom bije skutečné srdce lva. 🦁",https://www.instagram.com/reel/DXOSBGhDImv/,,8383,124,,16
vsefalcons,instagram,709fceba-e311-48e7-9057-f54a587abf4a,0ab7914a-883e-4699-81d4-965d73d6a831,IG Story,VIDEO,3.2.2026 18:35:51,@vosmajz_97  cam 📽️,https://www.instagram.com/stories/vsefalcons/3824567260086278633,,1441,,,1
@AkademiciPlzen,facebook,d87b94e3-03e8-45d0-b92e-75e9b819545c,2f5b71ad-3efd-400b-94cd-1990fcc4098f,FB Video,VIDEO,25.3.2026 18:00:29,"Dnes do první linie proti @czufarmers nastupuje tahle sestava! Jen do nich, kluci. ✨

#akademiciplzen 

#AKA vs #CZU",https://www.facebook.com/reel/1424756915471003/,1057,448,13,,
vsefalcons,instagram,709fceba-e311-48e7-9057-f54a587abf4a,5196cbd8-4978-4f54-bf5a-fc73d71f2bf6,IG Story,VIDEO,14.3.2026 15:53:09,DOBRÝ PLAYLIST  must have 💯,https://www.instagram.com/stories/vsefalcons/3852749864450922233,766,779,,,
vsefalcons,instagram,709fceba-e311-48e7-9057-f54a587abf4a,64dc7188-25ca-47bd-8daa-391efca4d90f,IG Story,VIDEO,15.1.2026 11:13:23,@mcpraha3 🤝🏼 @vsecz,https://www.instagram.com/stories/vsefalcons/3810572080916245445,,4009,,,1
@AkademiciPlzen,facebook,d87b94e3-03e8-45d0-b92e-75e9b819545c,cfec5dcb-f48b-44b9-a12c-d46d64f67372,FB Post,IMAGE,28.8.2026 13:05:49,"🏆 VÍTĚZSTVÍ! 

Také náš druhý přípravný zápas končí vítězně! Tentokrát jsme vyzvali loňské finalisty Final Four, ČVUT Engineers Prague 🦁 , a po povedeném výkonu bereme výhru 4:2. 💥

💣 O naše góly se postarali:
Štěpán Říha
Šimon Kaiser
Václav Šmíd
Jakub Šucha

Děkujeme všem fanouškům, kteří dorazili a dopomohli nám k vítězství. 💙

Jedeme dál! 👊🏻

#akademiciplzen | 📸 káťa 🥵",https://www.facebook.com/1357105236437494/posts/1484378730376810,674,,2,,
vsefalcons,instagram,709fceba-e311-48e7-9057-f54a587abf4a,32c3e9b2-9390-42f7-9b1f-f7fd22c5e354,IG Story,VIDEO,10.2.2026 19:18:21,"Proč nejsi jinde
aspoň o pár cenťásků 🤏🏻",https://www.instagram.com/stories/vsefalcons/3829660293760859840,627,952,,,1
@cvutengineers,instagram,11963a07-7f0f-48e6-9d81-aa63a7ff4a04,d0876eb8-b16a-4b8e-b399-e0ba1dd5ba16,IG Post,IMAGE,17.4.2026 8:42:20,"Ještě něco málo ze včerejší vítězný radosti 🥳
Dneska je cíl jasnej!

20:15 | ZIMNÍ STADION EDEN | UK vs ENG 
Chceme tě tam vidět! 🫵🏼

📸: @ondra_mann",https://www.instagram.com/p/DXOfnBwDLcj/,,8634,278,1,11
@univerzitnihokej,facebook,01b45180-0b14-4a14-96e8-d0a4bab1fb9f,b79a1970-8f55-4f15-b882-a3db2322c6be,FB Post,IMAGE,2.3.2026 8:16:51,"Program na tento týden? Opravdu nabitý 🔋
Kromě mnoho zajímavých utkání se ve středu podíváme na TOP zápas do 📍Plzně",https://www.facebook.com/1275398168115026/posts/1251978200457023,343,,2,,
@univerzitnihokej,facebook,01b45180-0b14-4a14-96e8-d0a4bab1fb9f,37f4a432-d424-4c8a-aa98-973bd06d88bf,FB Video,VIDEO,11.3.2026 18:32:26,MORAVSKÉ DERBY ⚔️ Sledujte živě na @ctsport 📺,https://www.facebook.com/reel/920877407214740/,1503,502,5,,
@cvutengineers,instagram,11963a07-7f0f-48e6-9d81-aa63a7ff4a04,85f69cd9-a343-4cde-96a3-1751dfc4dee0,IG Post,IMAGE,22.7.2026 9:54:37,"Nejen že jsou vtipný, hezký a šikovný… jsou i chytrý! 🤓

Gratulujeme všem ke studijním úspěchům. Ať už vás po létě čeká navazující studium, nebo nová životní etapa, přejeme hodně štěstí. 💙🦁

#engprg",https://www.instagram.com/p/DbF0MZKjNQn/,,53802,1152,7,87
vsefalcons,instagram,709fceba-e311-48e7-9057-f54a587abf4a,a7b2fb30-35d2-4f88-adb0-909e391479d8,IG Story,VIDEO,20.8.2026 9:05:54,,https://www.instagram.com/stories/vsefalcons/3967784181161271309,,1287,,,14
@akademiciplzen,instagram,65494228-95bf-4f7b-8e68-d47d7262db66,6118e644-4cda-433a-9bec-479d1f14b472,IG Post,ALBUM,30.3.2026 10:50:22,"PLAY-IN MODE ON! 🔥

Ta nejnapínavější část sezony právě začíná. Emoce pojedou na maximum a ve středu chceme přesně takovou atmosféru, jakou umíte vytvořit jen vy. 🫵🏻

📍 1. 4. | 19:00 | LOGSPEED CZ Aréna
🎟️ Lístky najdeš v biu nebo na webu

#akademiciplzen 💙",https://www.instagram.com/p/DWgX9BcjKsj/,,26121,770,3,72
vsefalcons,instagram,709fceba-e311-48e7-9057-f54a587abf4a,840002d2-5254-4d90-a181-644b97fb395e,IG Story,VIDEO,28.3.2026 19:24:32,"🫵🏻 POTŘEBUJEME TĚ
V ÚTERÝ NA TRIBUNĚ!",https://www.instagram.com/stories/vsefalcons/3863003085895371860,865,677,,,2
@riderspardubice,instagram,4d6a67ab-9313-4f77-a82e-abb18adbca5d,898ac601-c3d6-4bb2-9576-87dadb5cc8b1,IG Story,VIDEO,13.4.2026 12:35:00,🎟️,https://www.instagram.com/stories/riderspardubice/3874393356143168181,,568,,,
vsefalcons,instagram,709fceba-e311-48e7-9057-f54a587abf4a,ed604f20-e3e3-4f6b-8757-5c6c49539951,IG Story,VIDEO,8.3.2026 14:05:11,😘 🫶🏼,https://www.instagram.com/stories/vsefalcons/3848346822850937707,660,819,,,
@cvutengineers,instagram,11963a07-7f0f-48e6-9d81-aa63a7ff4a04,f8970262-4f31-45fc-baed-355b55db4f3d,IG Story,VIDEO,1.4.2026 8:40:02,🔥 🔥,https://www.instagram.com/stories/cvutengineers/3865577783280049146,,76,,,
@vutcavaliersbrno,instagram,b384bebf-72f3-4f9d-8b2d-3677709f6966,fc775be9-c85f-4525-976e-04a6ac29fc7d,IG Story,VIDEO,23.8.2026 15:27:53,Druhý den tryoutu je u KONCE ❤️‍🔥 @miraslovacek,https://www.instagram.com/stories/vutcavaliersbrno/3970150804937539065,,893,,,1
vsefalcons,instagram,709fceba-e311-48e7-9057-f54a587abf4a,197ab564-7377-41c3-9383-2fab05b41a87,IG Reel,VIDEO,17.2.2026 21:16:41,"CTRL C + CTRL V

Michal Daniel otočil zápas 5 minut před koncem, během 40 vteřin 😮‍💨",https://www.instagram.com/reel/DU36s85CBlp/,,10585,199,,5
vsefalcons,instagram,709fceba-e311-48e7-9057-f54a587abf4a,510ba4b3-b6c4-4c03-9622-06f7d9ec42ac,IG Story,VIDEO,31.5.2026 10:10:18,,https://www.instagram.com/stories/vsefalcons/3909109634166197652,,741,,,4
@218107044725785,facebook,7a942e3e-6c47-4794-9ba7-bbc7b6d40cb3,32659237-62e3-4d65-9115-44b7c6b59bb9,FB Video,VIDEO,17.8.2026 16:12:02,"Nezaujatý mic’up by @jirkafibigr a @alenjurak11 🎙️

Kluci na tryoutu zahodili dresy a vyzkoušeli si roli rozhodčích. Že by jim to dvakrát šlo, se říct nedá, takže se těšíme, až budou zase zpátky ve hře 🤓

PS. @stracajunior kdo je ta Eliška? 🧐",https://www.facebook.com/reel/2005468546804426/,485,236,6,,
@218107044725785,facebook,7a942e3e-6c47-4794-9ba7-bbc7b6d40cb3,6eaaba46-f3d8-4ea0-a5ca-cdcf31439960,FB Post,IMAGE,20.8.2026 20:45:11,První přípravný zápas pro nás končí prohrou 😐,https://www.facebook.com/122282816036218300/posts/122302992326218300,205,,,,
@vutcavaliersbrno,instagram,b384bebf-72f3-4f9d-8b2d-3677709f6966,4939dd4c-3164-4ce7-8fd9-7455f47e8a59,IG Reel,VIDEO,26.8.2026 15:14:57,Kdo z kluků byl nejblíž?,https://www.instagram.com/reel/DcggcIYogC4/,,8423,164,,36
@united_hk,instagram,b18c071b-0570-48b2-b743-990c668c3c5b,526238c9-6d73-4079-aae8-829e5ea46176,IG Story,VIDEO,22.4.2026 18:31:12,,https://www.instagram.com/stories/united_hk/3881095492662773263,,331,,,
@hcmuni,facebook,d1f9e9f9-7526-42d4-85aa-13f91e89f7cf,07f96ee5-98b6-4817-89cc-e32d6a8f4caf,FB Video,VIDEO,6.3.2026 18:11:46,"Mrkněte na první gól @filas_vasek v @univerzitnihokej !!!🔥🏒💙

#hcmuni",https://www.facebook.com/reel/2098455937670864/,2437,1296,14,,
vsefalcons,instagram,709fceba-e311-48e7-9057-f54a587abf4a,8f328d1a-ab3b-4f6a-9375-1aca4468f424,IG Story,VIDEO,11.7.2026 19:00:37,,https://www.instagram.com/stories/vsefalcons/3939092489113749311,,633,,,2
@hcnorthwings,facebook,2b08a479-603b-46e4-8a48-2bc0435ccd53,49e49deb-b90c-44ec-b516-7db9ae8dac36,FB Story,VIDEO,2.3.2026 18:54:18,,,,,,,
vsefalcons,instagram,709fceba-e311-48e7-9057-f54a587abf4a,7abd9cf7-8324-4664-acb1-6d56c9763d20,IG Story,VIDEO,3.2.2026 18:40:40,SÝÝÝÝR 📸 🧀,https://www.instagram.com/stories/vsefalcons/3824567894458012045,,913,,,
@univerzitnihokej,instagram,1e114592-3529-4cfe-9977-2598454053af,d78e60da-84db-4c63-80df-52682767867b,IG Story,VIDEO,1.4.2026 4:03:19,,https://www.instagram.com/stories/univerzitnihokej/3865438512690531392,,1460,,,3
@riderspardubice,instagram,4d6a67ab-9313-4f77-a82e-abb18adbca5d,12b87318-ea0a-4920-901b-c804856eba44,IG Post,IMAGE,10.3.2026 19:51:31,"Další venkovní zápas!🤩

Venkovní zápas
🗓️ 17.3. v 19:30
📍 v RT Torax Arena 
⚔️ proti @boostrava 

#venkovnízápas#riders",https://www.instagram.com/p/DVt1vuekXcM/,,2425,34,,4
vsefalcons,instagram,709fceba-e311-48e7-9057-f54a587abf4a,5718cd43-4628-48d3-9358-942592bc3e65,IG Story,VIDEO,24.4.2026 7:52:14,,https://www.instagram.com/stories/vsefalcons/3882223451838632451,723,822,,,5
@hcmuni,facebook,d1f9e9f9-7526-42d4-85aa-13f91e89f7cf,6b4c878d-a278-4ed4-8c81-a23f95bd3aa6,FB Video,VIDEO,17.3.2026 10:50:41,"Bez tebe to nebude ono! Doraz ve středu na tribuny!! ⚔️🔥
Vidíme se v 19:30 na Lužánkách 📍

Lístky koupíš v biu 🎟️

#hcmuni",https://www.facebook.com/reel/940613421851062/,1885,568,6,,
vsefalcons,instagram,709fceba-e311-48e7-9057-f54a587abf4a,8374a384-2299-4c9d-8ee2-833003a34902,IG Reel,REEL,12.3.2026 14:25:56,Jsme na místě 🥵,https://www.instagram.com/reel/DVyaBXjiBG4/,,6574,198,1,31
@united_hk,instagram,b18c071b-0570-48b2-b743-990c668c3c5b,9d36361e-0e51-461b-9e4c-208b90241c9c,IG Post,PHOTO,24.3.2026 13:21:26,"💥Za týden jdeme do PLAY-IN.
31.3. Zápas o VŠE s VŠE Falcons v Praze!

1 zápas. Žádná druhá šance.

👉 Jak to funguje?
Vyhraješ = zůstáváš ve hře o Final Four.
Prohraješ = konec sezóny.

ALL IN

#unitedhk #unihokej #hokej",https://www.instagram.com/p/DWRMQJYCMlQ/,,7663,119,1,46
@united_hk,instagram,b18c071b-0570-48b2-b743-990c668c3c5b,89156323-2cd8-4dd7-85a7-a06adfc7c9c7,IG Post,IMAGE,15.3.2026 11:34:04,"Náš útočník Radek Bíman dnes slaví narozeniny.

Všechno nejlepší, Radku! 🎂
Užij si to.

🖤🧡",https://www.instagram.com/p/DV51BE2iDlx/,,2882,64,1,5
@united_hk,instagram,b18c071b-0570-48b2-b743-990c668c3c5b,d80ca8d3-451f-45f2-902c-d587c4ca82e6,IG Story,VIDEO,25.4.2026 12:21:18,"KDY? TRY - OUT 
 🎯",https://www.instagram.com/stories/united_hk/3883083523930214274,,943,,,
vsefalcons,instagram,709fceba-e311-48e7-9057-f54a587abf4a,f956e795-bd2a-4769-8307-2e2819e36870,IG Story,VIDEO,12.2.2026 13:07:20,POV: jsi s námi na střídačce,https://www.instagram.com/stories/vsefalcons/3830923135956818094,728,958,,,4
vsefalcons,instagram,709fceba-e311-48e7-9057-f54a587abf4a,16acfc41-cd6e-4905-a8d8-88c565ac3836,IG Story,VIDEO,8.2.2026 17:49:06,"🥁 KOTEL
READY @sokoli.hnizd0",https://www.instagram.com/stories/vsefalcons/3828165944480922697,,926,,,2
vsefalcons,instagram,709fceba-e311-48e7-9057-f54a587abf4a,7aa2b7cb-9d01-4878-9982-09fd6509452f,IG Post,IMAGE,17.2.2026 22:03:59,"Takový otočky my můžem 🙂‍↔️
@michal.danniel zajistil první výhru proti @united_hk 💪🏼

Tohle je ale teprve začátek - máme před sebou další důležité zápasy, tak stay tuned a vidíme se zase za týden! 🦅",https://www.instagram.com/p/DU3_y6AiDVG/,,1932,78,,3
@akademiciplzen,instagram,65494228-95bf-4f7b-8e68-d47d7262db66,feec603f-f38a-4711-bcd5-0dedd1813d5c,IG Post,IMAGE,3.3.2026 15:54:50,"JARNÍ BITVA UŽ ZÍTRA! 👊🏻

Doraž včas na Proud, Redbull nebo svařák do fanzóny, nalaď hlasivky a pojď z toho udělat večer, na kterej se bude vzpomínat!

🕰️ 17:30 otevření fanzóny
📍 LOGSPEED CZ Aréna
🎟️ Lístky najdeš v biu nebo na plzenskabitva.cz

Tak co, bude nás ještě víc než loni? 🔥
#akademiciplzen",https://www.instagram.com/p/DVbXwrhDPGt/,,2675,59,,1
@hcnorthwings,facebook,2b08a479-603b-46e4-8a48-2bc0435ccd53,1468da8f-7a52-4905-9b87-802f5bbead96,FB Video,VIDEO,5.3.2026 7:59:03,🎥 | Přinášíme sestřih branek 23. kola @univerzitnihokej ve kterém studenti @ujepul - HC North Wings podlehli celku @czufarmers na domácím ledě v poměru 1:5🏒 #univerzitnihokej,https://www.facebook.com/reel/1246404513627047/,324,84,3,,
vsefalcons,instagram,709fceba-e311-48e7-9057-f54a587abf4a,7bc14117-e49f-423d-bc98-32b29dce29f6,IG Story,VIDEO,15.1.2026 9:49:44,👯,https://www.instagram.com/stories/vsefalcons/3810529931139015612,,1685,,,2
vsefalcons,instagram,709fceba-e311-48e7-9057-f54a587abf4a,7bc2947f-fd0f-41c4-9d19-ef2369605088,IG Story,VIDEO,3.3.2026 19:25:04,KDO TU DNES NENÍ 📺 🛋️,https://www.instagram.com/stories/vsefalcons/3844883981854584101,646,812,,,
@cvutengineers,instagram,11963a07-7f0f-48e6-9d81-aa63a7ff4a04,c58fc56a-5788-4764-9123-3a25b5d91a16,IG Post,IMAGE,18.3.2026 19:29:46,"100 zápasů. Jedno jméno… Matouš Najman 👏🏼

Další legenda Engineers, která zanechala stopu, na kterou se nezapomíná. Matouši, díky za všechno! 💙

Přejeme ti spoustů úspěchů… a ať tě nikdy neopustí srdce lva 🦁",https://www.instagram.com/p/DWCZ2vJjMpG/,,10166,344,,9
@bitvaoprahu,instagram,d7c8aa06-74fb-4c6c-a7d2-c2fe1bf6d59c,d2e7c461-ebeb-4a65-afe5-3777022061d4,IG Post,IMAGE,12.3.2026 15:46:14,"FIRST GAME COMIN’! ⏳🔜

Bitva o bronz: Kdo dnes urve malé pražské derby? 🔥",https://www.instagram.com/p/DVyjgSGjCYr/,,20817,187,1,11
@united_hk,instagram,b18c071b-0570-48b2-b743-990c668c3c5b,dc14bcaf-ff9c-4f30-9891-af90772e940e,IG Story,IMAGE,10.8.2026 18:51:57,pozitivně do  3. třetiny,https://www.instagram.com/stories/united_hk/3960831547921680659,,917,,,2
@akademici_plzen,tiktok,8f78cb3d-9c53-4c33-9f39-e6526fd8fa1c,077f365c-4b37-4d23-902f-d5b4f50feae2,TT Video,VIDEO,27.4.2026 21:32:11,"Zavzpomínali jsme na Jarní bitvu… a přenesli se až do devadesátek! 🎞️ Chybí vám taky ta atmosféra? Nesmutněte, už příští týden oznámíme datum Bitvy o Plzeň! 🔥 #akademiciplzen 💙 #hockey #universitystudent #gameday ",https://www.tiktok.com/@akademici_plzen/video/7633554991655046422?utm_campaign=tt4d_open_api&utm_source=7348986504397455361,,1348,67,,3
vsefalcons,instagram,709fceba-e311-48e7-9057-f54a587abf4a,4db65391-8f96-40cb-8da3-06b4182756da,IG Story,IMAGE,30.3.2026 9:28:28,"my, když si zítra na zápase vyřvete hlasivky společně s @sokoli.hnizd0",https://www.instagram.com/stories/vsefalcons/3864152671598956842,821,986,,,4
vsefalcons,instagram,709fceba-e311-48e7-9057-f54a587abf4a,95ce45ab-ebe3-4e39-8d83-8aa595cb2609,IG Reel,VIDEO,17.4.2026 16:03:35,"🤤🤤🤤

#vsefalcons #finalfour",https://www.instagram.com/reel/DXPR-yeDNvR/,,5629,92,1,2
vsefalcons,instagram,709fceba-e311-48e7-9057-f54a587abf4a,bc12a9a9-5148-42b7-81aa-3ae135f300a1,IG Story,VIDEO,14.3.2026 15:32:19,ROZBRUSLENÍ,https://www.instagram.com/stories/vsefalcons/3852739357526521963,849,849,,,
@riderspardubice,facebook,f99ed6c3-17cc-46f4-a32e-d9b0576ce2df,d314ef03-649d-4e16-8717-16d0540d3112,FB Video,VIDEO,26.4.2026 12:34:50,,https://www.facebook.com/reel/2036444483604619/,1077,461,6,,
@univerzitnihokej,instagram,1e114592-3529-4cfe-9977-2598454053af,9f92cc7f-f513-4b84-8ff7-d23b1c5af9f1,IG Post,IMAGE,9.3.2026 9:03:12,"Moravské derby, finále Bitvy o Prahu a mnoho dalšího! Na co se tento týden těšíte nejvíc? 🤓",https://www.instagram.com/p/DVqG_syiFoc/,,6902,177,,17
vsefalcons,instagram,709fceba-e311-48e7-9057-f54a587abf4a,281264d4-72fd-4852-b714-f710795a590a,IG Story,VIDEO,18.1.2026 11:03:52,@ramert.16,https://www.instagram.com/stories/vsefalcons/3812741551500096165,,820,,,5
@unitedhk,facebook,bfe6cc29-a387-41b9-9bca-b077722556af,658df11c-62a0-475c-8ee7-1dd488f797af,FB Story,IMAGE,23.8.2026 16:30:25,,https://facebook.com/stories/122099775710388974/UzpfSVNDOjE2MDM5NjEwNzEwNzg0NDM=/?view_single=1,,,,,
vsefalcons,instagram,709fceba-e311-48e7-9057-f54a587abf4a,b97d525e-5888-46f1-b813-99fc2dd7a0a7,IG Story,VIDEO,13.2.2026 13:52:49,,https://www.instagram.com/stories/vsefalcons/3831670806724278456,883,1059,,,5
@united_hk,instagram,b18c071b-0570-48b2-b743-990c668c3c5b,f51784dc-2ba0-42fe-8848-d0a9da16fe8b,IG Story,IMAGE,22.4.2026 8:07:00,,https://www.instagram.com/stories/united_hk/3880781448647060631,,849,,,
@engineersprague,facebook,afd06d1d-7b1c-4f66-8d93-ce4255ab773c,088f4c63-a0eb-4252-87e6-2e2f32680d8b,,TEXT,9.3.2026 19:26:47,"POJĎTE S NÁMI NA BITVU🦁
#engprg",https://www.facebook.com/1560924572517692/posts/1541090904501059,248,,,,
@cvutengineers,instagram,11963a07-7f0f-48e6-9d81-aa63a7ff4a04,6e9d44b1-93a6-4b23-bb0a-e80fe580c543,IG Post,ALBUM,24.3.2026 18:08:58,"Zejtra vítězný repete? 🤞🏼

ENG vs NWU | 25. 3. | 20:00",https://www.instagram.com/p/DWRtYKBjOT0/,,9321,189,,2
@univerzitnihokej,instagram,1e114592-3529-4cfe-9977-2598454053af,79b64d06-5634-4595-a134-0a1e84c4a933,IG Story,VIDEO,17.4.2026 14:53:30,,https://www.instagram.com/stories/univerzitnihokej/3877362175832490597,,1669,,,2
@akademiciplzen,instagram,65494228-95bf-4f7b-8e68-d47d7262db66,9ed60cb4-ec4e-4c2a-926b-134232695a2b,IG Story,VIDEO,8.4.2026 13:28:24,,https://www.instagram.com/stories/akademiciplzen/3870796406890204498,,1591,,,
@cvutengineers,instagram,11963a07-7f0f-48e6-9d81-aa63a7ff4a04,da290fe6-c6e7-4199-8d3d-47d6c381be2b,IG Story,VIDEO,22.8.2026 19:21:34,,https://www.instagram.com/stories/cvutengineers/3969543947164636806,,597,,,1
@engineersprague,facebook,afd06d1d-7b1c-4f66-8d93-ce4255ab773c,f4305a72-a822-46ed-8d9a-6ac584a9199c,FB Post,IMAGE,4.3.2026 8:33:55,"🚨 GAMEDAY | Dnes hrajeme doma!
V tradičních 20:00 vyzvedneme na našem ledě @united_hk 🔥. Jak tento duel dopadne? Přijď se podívat na Hvězdu a pořádně nám zafandit! Těšíme se 👋🏻. 

#engprg",https://www.facebook.com/1560924572517692/posts/1536634661613350,279,,4,,
vsefalcons,instagram,709fceba-e311-48e7-9057-f54a587abf4a,6810566c-d823-4ba5-81de-1110733dadaf,IG Story,VIDEO,12.3.2026 14:41:45,BRAZILKA  musí být,https://www.instagram.com/stories/vsefalcons/3851264353517475511,1554,1540,,,1
@riderspardubice,facebook,f99ed6c3-17cc-46f4-a32e-d9b0576ce2df,6e4e4825-8a65-4b5d-8be2-ced43b96280d,FB Post,IMAGE,17.4.2026 18:29:50,"Děkujeme 🫶

Dneska to necinklo, ale rvali jsme se a nenechali jsme to nikomu zadarmo.

Dokázali jsme se po nepříliš ideálním začátku sezóny zvednout a dotáhnout to mezi 4 nejlepší týmy ligy a zahrát si na historicky prvním @unihokejfinalfour v Edenu. 

A to už nám nikdy nikdo nevezme. 

Děkujeme všem, kteří nám fandili a speciálně těm, kteří při nás stáli od začátku sezony nebo dokonce těm kteří při nás stojí od začátku Riders samotných. Vážíme si toho.",https://www.facebook.com/1592662819534019/posts/1607527561380878,2144,,54,,
@vutcavaliersbrno,instagram,b384bebf-72f3-4f9d-8b2d-3677709f6966,4397435f-a9b4-45c1-865d-6d9dfa961265,IG Story,VIDEO,22.8.2026 10:32:18,,https://www.instagram.com/stories/vutcavaliersbrno/3969277242102051811,,1039,,,11
@riderspardubice,instagram,4d6a67ab-9313-4f77-a82e-abb18adbca5d,93b6d551-caa1-4c2b-ac60-6caba80f750b,IG Post,IMAGE,24.3.2026 13:37:00,"Včera jsme se na domácím ledě rozloučili s @dominikkopecky_99 a @daniel.skryp, pro které je toto poslední sezona v dresu Riders ❤️‍🩹

Díky kluci za vše, co jste Riders dali a přejeme vám mnoho úspěchů!",https://www.instagram.com/p/DWRODeZjKVa/,,14791,316,3,25
@bitvaoprahu,instagram,d7c8aa06-74fb-4c6c-a7d2-c2fe1bf6d59c,bfca4101-5837-4b18-956c-9b6ee27adf78,IG Story,VIDEO,13.4.2026 17:12:54,🫵🏼,https://www.instagram.com/stories/bitvaoprahu/3874533227625208510,,965,,,
vsefalcons,instagram,709fceba-e311-48e7-9057-f54a587abf4a,17ac2476-ca0f-42e6-ae59-c0a71444e87a,IG Story,VIDEO,15.4.2026 5:46:57,@viznertom,https://www.instagram.com/stories/vsefalcons/3875637527747233410,723,849,,2,3
@univerzitnihokej,instagram,1e114592-3529-4cfe-9977-2598454053af,2aa5811f-2b1c-4961-8531-6bbf60b38cba,IG Story,VIDEO,8.4.2026 17:13:00,0 1,https://www.instagram.com/stories/univerzitnihokej/3870909398688226612,,884,,,
univerzitnihokej,tiktok,01c88cf9-594f-408e-a45a-95114221acae,96ae7fb3-d1d4-4b64-935d-e31cd19b925a,TT Video,VIDEO,19.4.2026 18:24:33,"Výměna studia za stadion, aby audiokniha HR měla tu pravou atmosféru 🎧🔥",https://www.tiktok.com/@univerzitnihokej/video/7630537975536880918?utm_campaign=tt4d_open_api&utm_source=7348986504397455361,,31674,2448,18,822
@hcmuni,facebook,d1f9e9f9-7526-42d4-85aa-13f91e89f7cf,15ce342b-b6eb-4dcb-98e7-a4668294862e,FB Video,VIDEO,11.8.2026 19:04:46,"Back on ice!!🔥 Druhý den tryoutů je za námi a tempo se pořád stupňuje💥 Jede se naplno! 💪🏼

#hcmuni",https://www.facebook.com/reel/1537541280945750/,1469,418,7,,
@bitvaoprahu,facebook,75e0f41f-82be-4f82-a77b-82ac11135ed2,576a5d72-0427-43ce-9ef9-3d59e7eefd57,FB Post,IMAGE,12.3.2026 9:00:08,"Nevíš co na sebe? 😔 Teď už jo! Obleč se do barev tvojí univerzity ať všichni ví, komu fandíš 🫡

Tak co, bude to červená❤️, modrá💙, zelená💚 nebo bílá🤍? 

Finálový večer Bitva o Prahu 🏒
Poslední lístky 👉🏼 bitvaoprahu.cz🎟️",https://www.facebook.com/1441262177797849/posts/1419535129970554,167,,,,
@hc_muni,instagram,43cd62c8-609d-4ea6-8ce9-cae5242ede0c,530841b7-a171-42fb-96a3-4e9a6d363d79,IG Post,IMAGE,10.4.2026 14:43:21,"Stehlík&Bros zahrají pro dobrou věc 🎶 💙 
Podpořte spolu se zakladatelem HC MUNI @stehla81 malého Honzíka, který od narození bojuje se vzácným genetickým onemocněním 🥹 Každý příspěvek mu pomůže na cestě k potřebným terapiím či pomůckám. Přispět můžete skrze QR kód ve stories. 
Předem moc děkujeme 🧸

#desetfakultjednarodina",https://www.instagram.com/p/DW9HXEIjBUY/,,3629,46,,10
@cvutengineers,instagram,11963a07-7f0f-48e6-9d81-aa63a7ff4a04,9090ab2a-7dc7-46aa-ae14-4df0d351ae54,IG Story,VIDEO,12.4.2026 6:28:41,1. VLNA NEJLEVNĚJŠÍCH LÍSTKŮ KONČÍ UŽ DNES  VYUŽIJ KÓD ENGFANS,https://www.instagram.com/stories/cvutengineers/3873484208304032151,,1145,,,7
@univerzitnihokej,facebook,01b45180-0b14-4a14-96e8-d0a4bab1fb9f,9d5baab9-c755-44c6-ae4c-438f25039b5a,FB Video,VIDEO,12.3.2026 21:13:07,"Sice prohrávají, ale slavit umí…🔥",https://www.facebook.com/reel/822241420134224/,205,79,1,,
@unitedhk,facebook,bfe6cc29-a387-41b9-9bca-b077722556af,a34c6dd8-8195-499f-936c-3dc4c1bb8d3d,FB Story,VIDEO,10.8.2026 19:13:40,,https://facebook.com/stories/122099775710388974/UzpfSVNDOjE3MjUxODAyODUyMDQ1MTQ=/?view_single=1,,,,,
@218107044725785,facebook,7a942e3e-6c47-4794-9ba7-bbc7b6d40cb3,b07ca80f-abac-4b9d-8186-42aceeb3e40b,FB Post,IMAGE,21.4.2026 18:39:25,"Druhá sezóna, podruhé v TOP 4 a letos rovnou s medailema na krku🥉

Byla to horská dráha a velký počet zranění nám nic neulehčoval. Sice jsme nedoletěli až na samotný vrchol, ale to, co jsme během té cesty vytvořili, má pro nás mnohem větší hodnotu.

Děkujeme všem, kteří byli součástí - fanouškům z našeho hnízda za podporu, partnerům za důvěru a všem ostatním, kteří za námi stáli - ať už na ledě nebo mimo něj. 🩵 Loučíme se a už se těšíme, co přinese příští sezóna… protože my letíme dál Vzhůru k výškám 👆🏼

Go Falcons! 🦅",https://www.facebook.com/122282816036218300/posts/122285181680218300,1620,,37,,
@univerzitnihokej,instagram,1e114592-3529-4cfe-9977-2598454053af,ed225584-3d92-4b2c-8362-876f4e0136d4,IG Reel,VIDEO,5.3.2026 19:01:38,"Je hladoveeej🤤🤤

#zott #zotthungry #zotthungrydrinkthis",https://www.instagram.com/reel/DVg37IdCCB2/,,9321,216,6,43
vsefalcons,instagram,709fceba-e311-48e7-9057-f54a587abf4a,15a00091-9aab-4134-a436-e13d5f9c39cd,IG Post,IMAGE,23.6.2026 18:51:08,"Letošní sezónu jsme oficiálně uzavřeli na slavnostním galavečeru ⭐️

Zavzpomínali jsme na to nejlepší z ledu i mimo něj, ocenili nejúspěšnější hráče a rozloučili se s těmi, kteří nás opouští. Kromě hokeje šlo ale hlavně o to být spolu, utužit vztahy a připomenout si, že Falcons jsou víc než jen tým. 🤝🏼",https://www.instagram.com/p/DZ8GippiHpX/,,7701,195,2,36
@hcnorthwings,facebook,2b08a479-603b-46e4-8a48-2bc0435ccd53,598605a1-6d0f-467e-a579-b92412b8dd1b,FB Post,IMAGE,19.4.2026 16:59:42,"SEZÓNA 2025/2026 OFF 
Univerzitní liga již zná vítěze letošní sezóny 👑 a tím pro nás ofiko končí tento ročník 🔚
Díky všem 🫶 kteří se na něm podíleli a velké díky patří samotným hráčům, že to nevzdali a bojovali až do posledního kola 💛💙
Vidíme se v sezóně 2026/2027 🏒
#univerzitnihokej #myjsmeujep #hcnorthwings #icehockey",https://www.facebook.com/1583651910433365/posts/1600085498790006,2706,,22,,
@cvutengineers,instagram,11963a07-7f0f-48e6-9d81-aa63a7ff4a04,6f3c126d-bc95-4fb0-b22e-bdb9e344f20b,IG Story,VIDEO,8.4.2026 17:40:32,VÍTEJTE V MODRYM PEKLE 😈,https://www.instagram.com/stories/cvutengineers/3870923303108229836,,1011,,,1
vsefalcons,instagram,709fceba-e311-48e7-9057-f54a587abf4a,61a3e84c-e757-4625-80b0-3d82d98026c4,IG Post,IMAGE,6.7.2026 8:00:03,"GraduATE! 🤓

S koncem akademického roku tu máme jednu příjemnou povinnost a to pogratulovat těm, kteří v uplynulých dnech úspěšně zvládli státnice 📚

Patří vám obrovské uznání, že jste dokázali skloubit náročnou sezónu s plněním akademických povinností a došli si pro zasloužené tituly 🏆

V týmu máme opět o něco více vysokoškolsky vzdělaných hlav, kterým přejeme mnoho úspěchů v další kapitole studia i kariéry! 🎓",https://www.instagram.com/p/DacacIEDlAB/,,24431,460,8,88
@united_hk,instagram,b18c071b-0570-48b2-b743-990c668c3c5b,8560af6f-4bd3-47a9-9f60-7f6583d24749,IG Story,VIDEO,22.4.2026 18:32:19,,https://www.instagram.com/stories/united_hk/3881096052451362688,,320,,,
@riderspardubice,instagram,4d6a67ab-9313-4f77-a82e-abb18adbca5d,bf0f61d1-d9ac-4182-b6b2-6dc119e50ee6,IG Story,IMAGE,12.4.2026 11:00:21,,https://www.instagram.com/stories/riderspardubice/3873620936088120486,,1430,,,
@unitedhk,facebook,bfe6cc29-a387-41b9-9bca-b077722556af,f0594217-1ef2-4b00-87a7-e754f860b20b,FB Post,IMAGE,9.4.2026 12:41:55,"Každá sezona přináší i loučení v Univerzitní hokej.

Od další sezony s námi nebudou pokračovat Jakub Kochan, Marek Ladman, Vladimír Mičian, Jiří Šrámek a Tomáš Teuber.

Děkujeme za čas, energii, zápasy, kabinu i všechno, co jste do UNIted HK vložili.
Každý z vás zanechal v našem týmu svoji stopu a byl součástí cesty, kterou jsme za první roky klubu společně prošli.

Díky, chlapi.
🖤🧡

#unitedhk #unihokej #hokej",https://www.facebook.com/122180651084388974/posts/122180838314388974,1123,,9,,
@univerzitnihokej,facebook,01b45180-0b14-4a14-96e8-d0a4bab1fb9f,48165b2c-7bfc-4a20-8624-aff47bda68eb,FB Post,IMAGE,18.4.2026 19:16:28,Šampioni si navíc odnáší šek od našeho partnera @b_hockey_czech 🙌🏻,https://www.facebook.com/1275398168115026/posts/1289214493400060,1467,,14,,
@boostrava,instagram,1176ddaf-d366-48a2-9639-3c6694c72c85,5cc5ae08-92f9-4f6d-a29e-f987d7bfc650,IG Story,VIDEO,20.8.2026 8:26:48,PRVNÍ ZÁPAS SEZÓNY JE TADY!,https://www.instagram.com/stories/boostrava/3967764503894737379,,793,,,2
@riderspardubice,instagram,4d6a67ab-9313-4f77-a82e-abb18adbca5d,9e96651b-4f7c-439f-92e7-7dcc9112aab6,IG Story,VIDEO,12.4.2026 13:58:02,🎟️,https://www.instagram.com/stories/riderspardubice/3873710367465825468,,1223,,,1
@riderspardubice,facebook,f99ed6c3-17cc-46f4-a32e-d9b0576ce2df,b1d0eca8-8461-4a30-9c0d-ce74f133b327,FB Video,VIDEO,27.4.2026 10:50:50,"Tahle jízda je u konce! Děkujeme všem za neskutečnou podporu. 🐎 Tato sezóna byla naprosto unikátní – zažili jsme historicky první Final Four a Riders u toho nesměli chybět!

P.S.: Jak teď máme bez těch hezkých hokejistů jako žít? Ptám se pro kamarádku... 🙋‍♀️",https://www.facebook.com/reel/1398184518993354/,246,110,3,,
@akademiciplzen,instagram,65494228-95bf-4f7b-8e68-d47d7262db66,ceeea672-9aa5-4fb0-84f6-36510015ae9b,IG Story,VIDEO,1.4.2026 17:40:46,,https://www.instagram.com/stories/akademiciplzen/3865849939108876522,,1234,,,
@univerzitnihokej,facebook,01b45180-0b14-4a14-96e8-d0a4bab1fb9f,04d75656-60f8-4a84-8bb1-f5c409b0fda0,FB Video,VIDEO,12.3.2026 16:38:52,"Pražští kluci už okoukali, jak se to v Brně dělá 💋",https://www.facebook.com/reel/1117565137163537/,1769,648,9,,
@univerzitnihokej,facebook,01b45180-0b14-4a14-96e8-d0a4bab1fb9f,b04f7ba1-ea67-44d3-a223-75cc41e641be,FB Video,VIDEO,29.7.2026 17:09:26,"Kolej? Menza? Permanentka na desítky let? Zjistili jsme, co všechno by si za výhru mohl dovolit 😄
Mít účet u ČSOB se prostě vyplácí a na další sezónu s nimi chystáme ještě víc benefitů a odměn pro fanoušky ULLH 👀
Díky @csob, generálnímu partnerovi ULLH 🩵",https://www.facebook.com/reel/1065389443109879/,581,199,1,,
@bitvaoprahu,facebook,75e0f41f-82be-4f82-a77b-82ac11135ed2,e808efa3-9166-4e3f-aaa9-37d33ebbaeb5,FB Video,VIDEO,12.3.2026 18:20:02,"FALCONS JSOU BLÍZKO! 🦅🥉

Finálový večer @bitvaoprahu můžete sledovat živě na @sport_ct ➕. 📺",https://www.facebook.com/reel/1479012263830385/,137,33,,,
@riderspardubice,instagram,4d6a67ab-9313-4f77-a82e-abb18adbca5d,b91b56bb-e679-4e40-8698-c86e05e900f7,IG Story,IMAGE,17.4.2026 20:45:55,,https://www.instagram.com/stories/riderspardubice/3877539546766561999,,570,,,
@riderspardubice,facebook,f99ed6c3-17cc-46f4-a32e-d9b0576ce2df,4ebd2af8-52c9-498e-8e7b-40124a6deca3,FB Post,IMAGE,14.3.2026 17:01:12,"V dresu Riders 23. března uvidíme naposledy na ledě i @daniel.skryp 👏

Přijďte se s nim rozloučit a vytvořit mu na posledním domácím zápase nezapomenutelnou atmosféru! 🔥

Vstupenky koupíte přes odkaz v BIU s kódem “skryp20” dokonce s 20% slevou! 🎟️",https://www.facebook.com/1592662819534019/posts/1576340554499579,175,,,,
@hcnorthwings,facebook,2b08a479-603b-46e4-8a48-2bc0435ccd53,d5c697ae-316a-4fae-b0fe-37faf2600aff,FB Story,VIDEO,4.3.2026 13:42:45,,,,,,,
@univerzitnihokej,facebook,01b45180-0b14-4a14-96e8-d0a4bab1fb9f,f6519fb6-d45f-48d1-aae0-9ea3aec1a5d7,FB Post,IMAGE,4.3.2026 14:35:04,"S účtem u ČSOB dostaneš z afterparty Jarní bitvy v Plzni zpět 2️⃣0️⃣% z útraty.

Stačí si založit účet u @csobcz přes odkaz v našem biu.
Afterparty může bolet, účet už o něco míň. 😏",https://www.facebook.com/1275398168115026/posts/1253700486951461,235,,,,
@AkademiciPlzen,facebook,d87b94e3-03e8-45d0-b92e-75e9b819545c,2beb683f-6d23-4a17-8155-2f03bba745b4,FB Video,VIDEO,10.3.2026 14:17:13,,https://www.facebook.com/reel/898057106377257/,915,378,13,,
@cvutengineers,instagram,11963a07-7f0f-48e6-9d81-aa63a7ff4a04,57a363f2-ac36-40fc-b6c2-e9a3f9133c6f,IG Post,PHOTO,26.3.2026 11:50:15,"JE TO TADY 🫨
Včerejší výhrou jsme potvrdili naše umístění a teď nás čeká jeden zásadní zápas FINÁLE PLAY-IN, kde budeme bojovat o místo ve FINAL FOUR ⚔️

Soupeře zatím neznáme, ale ať to bude kdokoliv, dáme do toho všechno 🦁

Budeme vás potřebovat, protože teď… jde o všechno.
8. 4. | ZS Hvězda | 20:00
🎟️ Lupeny na enigoo.cz",https://www.instagram.com/p/DWWJRIqjGix/,,10284,186,2,77
@univerzitnihokej,instagram,1e114592-3529-4cfe-9977-2598454053af,46c3176f-c408-411b-b7da-81395c6bdf2c,IG Story,IMAGE,12.8.2026 20:46:20,NOVÁ TRENÉRSKÁ POSILA @blackdogsbudweis_vste 🐺,https://www.instagram.com/stories/univerzitnihokej/3962338516420096013,,719,,,
@univerzitnihokej,facebook,01b45180-0b14-4a14-96e8-d0a4bab1fb9f,6ce2c0a4-b7a4-41e4-b8a4-080aca5c40e8,FB Post,IMAGE,17.3.2026 21:29:44,Riders dnes přehráli BOčko a vezou si do Pardubic cenné 3 body! 💪🏼,https://www.facebook.com/1275398168115026/posts/1263652705956239,456,,2,,
@riderspardubice,facebook,f99ed6c3-17cc-46f4-a32e-d9b0576ce2df,c0c6c039-25b3-477d-897f-0af547d70604,FB Post,PHOTO,31.3.2026 21:26:29,Postupujeme do finále Play-in!!!!!!,https://www.facebook.com/1592662819534019/posts/1592385799561721,682,,17,,
@univerzitnihokej,instagram,1e114592-3529-4cfe-9977-2598454053af,0439dc24-dae2-4fc4-bf2f-4d28ba22658e,IG Story,VIDEO,15.4.2026 18:43:17,👀 CHYSTÁME,https://www.instagram.com/stories/univerzitnihokej/3876028044552983420,,942,,,1
@bitvaoprahu,facebook,75e0f41f-82be-4f82-a77b-82ac11135ed2,801a1395-2928-4711-95b0-16b96cec65c4,FB Video,VIDEO,12.3.2026 23:12:53,"Inspirovat se je třeba od těch nejlepších. 👀

Za předání plyšáků od @csobcz 🩵 našim stříbrným medailistům děkujeme @classictomas z @puk_pak_pivo . 🤝🏼 #bitvaoprahu",https://www.facebook.com/reel/937052182189705/,199,44,2,,
@univerzitnihokej,facebook,01b45180-0b14-4a14-96e8-d0a4bab1fb9f,fc4ed8ef-fe88-40db-ac78-71bfe0f8d806,FB Video,VIDEO,25.3.2026 13:03:49,"Minulou sezonu si výherkyně odnesla šek na čtvrt milionu od ČSOB. 💙 Letos hrajeme o 1️⃣0️⃣0️⃣ 0️⃣0️⃣0️⃣ Kč.

Kdo je získá tentokrát? 👀

🔗 Založ si účet u ČSOB přes odkaz v našem biu a možná to budeš právě ty. 🫵🏻",https://www.facebook.com/reel/1454315606492034/,1590,662,1,,
@riderspardubice,instagram,4d6a67ab-9313-4f77-a82e-abb18adbca5d,47e0bb3b-b9cf-4cfb-bd57-5923ced1fe84,IG Story,VIDEO,8.4.2026 18:11:42,,https://www.instagram.com/stories/riderspardubice/3870938954640165019,,624,,,
@AkademiciPlzen,facebook,d87b94e3-03e8-45d0-b92e-75e9b819545c,5eaece43-dfb7-4bb7-9e7c-f1277e7bc8c5,FB Video,VIDEO,15.4.2026 13:44:18,"Kuba VS. Mája ⚔️

Porovnali jsme síly dvou přeborníků na ledě – hokejisty a krasobruslařky! 🧊

Disciplíny nám nadiktovaly nápoje Zott (a že to nebyla žádná sranda 😄), takže po výkonu přišla i zasloužená odměna.

Kdo tenhle battle ovládl? 👀👇🏻

#zott #zotthungry #hungrydrinkthis",https://www.facebook.com/reel/1909790429679691/,1988,793,16,,
@cvutengineers,instagram,11963a07-7f0f-48e6-9d81-aa63a7ff4a04,b9551a96-7809-4f40-80dc-68117df2c943,IG Story,VIDEO,8.4.2026 18:58:06,1 1,https://www.instagram.com/stories/cvutengineers/3870962295379917240,,889,,,2
@riderspardubice,instagram,4d6a67ab-9313-4f77-a82e-abb18adbca5d,4e8e17e2-a2b0-4ec4-89b9-919a58f0f3f1,IG Story,VIDEO,17.4.2026 17:12:56,STOLÍN,https://www.instagram.com/stories/riderspardubice/3877432241563685278,,846,,,2
@riderspardubice,instagram,4d6a67ab-9313-4f77-a82e-abb18adbca5d,ecedb62d-0325-48bf-baee-cba43c57453c,IG Post,IMAGE,13.3.2026 17:04:42,"Soutěž o voucher pro tři osoby do SKYBOXu od @enteria_holding 🤩🥂

Označ v komentářích dva kamarády, se kterými bys zašel na Last Dance a příští týden ve čtvrtek vyslovujeme dva výherce voucherů, kteří si užijí poslední zápas semestru s jedinečným výhledem! 👏🥳

*podmínkou účasti je zveřejnění jednoho stories ze skyboxu během zápasu na vaše sociální sítě s označením účtu @riderspardubice a @enteria_holding",https://www.instagram.com/p/DV1Q46kDCbV/,,4575,70,68,32
@united_hk,instagram,b18c071b-0570-48b2-b743-990c668c3c5b,2746d1b7-e01e-499d-84bf-b21633d39227,IG Story,VIDEO,25.4.2026 14:27:08,návštěva až ze Slovenska 🇸🇰,https://www.instagram.com/stories/united_hk/3883146817454008943,,748,,,1
@univerzitnihokej,instagram,1e114592-3529-4cfe-9977-2598454053af,56aeebbe-45e7-4701-9009-b5441f5504b6,IG Story,VIDEO,31.3.2026 21:17:11,,https://www.instagram.com/stories/univerzitnihokej/3865234095257169854,,514,,,
vsefalcons,instagram,709fceba-e311-48e7-9057-f54a587abf4a,a33c7331-c28e-4a88-9671-a94aca721c9b,IG Story,VIDEO,24.3.2026 19:56:59,"Líp bychom to
neřekli Hroudis… 🫣",https://www.instagram.com/stories/vsefalcons/3860120335706231820,779,639,,,3
@bitvaoprahu,instagram,d7c8aa06-74fb-4c6c-a7d2-c2fe1bf6d59c,63bdf197-bbd6-4941-9d2e-09e6a7cd00cc,IG Post,IMAGE,10.4.2026 13:37:54,"Bitva o Prahu v Edenu?! 🫨

Už příští týden se odehraje Final Four, kde čtyři nejlepší týmy budou bojovat o titul mistra 🏆 a rovnou tři z nich dobře znáte 😏

Ať už jsi fanoušek Falcons, Kings nebo Engineers, pojď podpořit svůj tým na nejdůležitější akci sezóny 🔥

Lístky v prodeji na finalfour.cz 🎟️",https://www.instagram.com/p/DW8_3tVDH-d/,,20220,315,2,54
@univerzitnihokej,facebook,01b45180-0b14-4a14-96e8-d0a4bab1fb9f,b8486c0b-516c-46b0-8ed6-6e92fa4d9d1d,FB Post,IMAGE,8.4.2026 7:40:40,"Po páté v letošní sezoně se střetnou Black Dogs s Falcons 😮‍💨 Tentokrát jde o všechno, protože vítěz postupuje do @unihokejfinalfour 🎟️

Komu budete dneska fandit? 👇🏻",https://www.facebook.com/1275398168115026/posts/1281024404219069,314,,,,
@univerzitnihokej,facebook,01b45180-0b14-4a14-96e8-d0a4bab1fb9f,e1e4c68b-86b7-4103-9503-89030db1eca7,FB Post,IMAGE,12.4.2026 13:46:12,"RIDERS JSOU VE FINAL FOUR! 🐴

Vyhrávají lucky loser zápas a doplňuji pražskou trojci v boji o titul! 🏆
🗓️16-17. duben | 🏟️ Zimní stadion Eden",https://www.facebook.com/1275398168115026/posts/1284238980564278,1000,,7,,
@cvutengineers,instagram,11963a07-7f0f-48e6-9d81-aa63a7ff4a04,f6eba02b-ef3c-43f5-8441-a94184499bda,IG Story,IMAGE,22.8.2026 18:39:17,@diego.perez__05,https://www.instagram.com/stories/cvutengineers/3969522321427844306,,803,,,1
@riderspardubice,instagram,4d6a67ab-9313-4f77-a82e-abb18adbca5d,63e3ba98-1a0c-42df-b375-69d1708dc2e5,IG Story,VIDEO,26.8.2026 17:12:43,ROZBRUSLENÍ 🔥,https://www.instagram.com/stories/riderspardubice/3972377887952645327,,1012,,,
@riderspardubice,instagram,4d6a67ab-9313-4f77-a82e-abb18adbca5d,368b81ca-40cd-48ad-984e-77ee99aa5a18,IG Story,VIDEO,12.4.2026 15:07:36,,https://www.instagram.com/stories/riderspardubice/3873745385332427791,,980,,,13
@riderspardubice,instagram,4d6a67ab-9313-4f77-a82e-abb18adbca5d,7be1c5fa-113d-4d62-a9ba-3f16c58f7301,IG Story,VIDEO,17.4.2026 16:00:18,1:3,https://www.instagram.com/stories/riderspardubice/3877395616288754834,,880,,,
@hc_muni,instagram,43cd62c8-609d-4ea6-8ce9-cae5242ede0c,c8e555f4-0e14-4219-b32e-93364e349d02,IG Story,VIDEO,25.8.2026 9:07:13,,https://www.instagram.com/stories/hc_muni/3971408747322848173,,1357,,,4
vsefalcons,instagram,709fceba-e311-48e7-9057-f54a587abf4a,2bd091eb-8b72-4969-8534-c17ae8aec4f1,IG Story,VIDEO,12.3.2026 14:27:56,GETTIN’ READY 🏒,https://www.instagram.com/stories/vsefalcons/3851257388003240839,1608,1698,,,1
@218107044725785,facebook,7a942e3e-6c47-4794-9ba7-bbc7b6d40cb3,c3a25d95-7ff5-4110-afc9-834ad16c835c,FB Post,IMAGE,14.3.2026 19:05:27,Těžký týden zakončujeme bodem z Brna.,https://www.facebook.com/122282816036218300/posts/122278835144218300,265,,4,,
vsefalcons,instagram,709fceba-e311-48e7-9057-f54a587abf4a,378e4355-6feb-48d7-b951-4da93c440f44,IG Story,IMAGE,14.3.2026 16:39:41,"2 2 Vosmík
Jobánek",https://www.instagram.com/stories/vsefalcons/3852773238459912020,757,719,,,
@united_hk,instagram,b18c071b-0570-48b2-b743-990c668c3c5b,3e8365bf-0dff-4cf0-bb7e-0b67bc9a475c,IG Story,IMAGE,9.4.2026 13:03:11,,https://www.instagram.com/stories/united_hk/3871508452270975321,,624,,,
@univerzitnihokej,instagram,1e114592-3529-4cfe-9977-2598454053af,585c0050-8dbf-4aab-a689-144e30b70afa,IG Post,IMAGE,9.4.2026 10:26:01,VŠE Falcons přiletí 16.4. taky do Edenu! 🦅 Vstupenky na finalfour.cz 🎟️,https://www.instagram.com/p/DW6FHYnCNh7/,,8915,177,1,16
vsefalcons,instagram,709fceba-e311-48e7-9057-f54a587abf4a,67798d0e-1443-4c76-ae2f-e0a374c34052,IG Story,VIDEO,14.4.2026 13:22:58,OUTFIT NA POV: 🫵🏼 @unihokejfinalfour,https://www.instagram.com/stories/vsefalcons/3875142278767465660,671,706,,,1
vsefalcons,instagram,709fceba-e311-48e7-9057-f54a587abf4a,81cd3151-da86-45b7-827e-161d4bc8b5ea,IG Reel,VIDEO,8.6.2026 14:17:14,they counting down the days until summer training ends 💀 #icehockey #vsefalcons #,https://www.instagram.com/reel/DZU_CzRI38q/,,1446,35,,2
@riderspardubice,instagram,4d6a67ab-9313-4f77-a82e-abb18adbca5d,a2cbe3c2-a313-4d62-817e-6e8c28e105ee,IG Story,VIDEO,12.4.2026 14:55:00,,https://www.instagram.com/stories/riderspardubice/3873739046631810718,,1018,,,1
@riderspardubice,instagram,4d6a67ab-9313-4f77-a82e-abb18adbca5d,0181021b-421b-4fe5-ac9d-0187747f5f40,IG Story,VIDEO,4.4.2026 13:01:23,,https://www.instagram.com/stories/riderspardubice/3867883651950455030,,728,,,
@hc_muni,instagram,43cd62c8-609d-4ea6-8ce9-cae5242ede0c,0de23c1c-b02a-4d04-bfac-60c0b3c63a6c,IG Story,VIDEO,15.4.2026 18:57:20,DĚKUJEME VŠEM💙,https://www.instagram.com/stories/hc_muni/3876035424682958257,,366,,,
vsefalcons,instagram,709fceba-e311-48e7-9057-f54a587abf4a,16cc5f01-ff70-4658-a3aa-ededbb8ebb55,IG Story,VIDEO,3.3.2026 19:54:10,nic hezčího dnes neuvidíš,https://www.instagram.com/stories/vsefalcons/3844902190402043114,579,758,,,
@cvutengineers,instagram,11963a07-7f0f-48e6-9d81-aa63a7ff4a04,b7832d1d-0583-42a0-9376-0e5247799b5a,IG Reel,VIDEO,17.4.2026 18:16:07,"💙🦁DRŽÍME VŠECHNY PALCE!!!!!

Pošli lva pro štěstí do komentářů! ⤵️",https://www.instagram.com/reel/DXPhBhFDNEK/,,11346,253,,14
vsefalcons,instagram,709fceba-e311-48e7-9057-f54a587abf4a,239485ed-97a4-4011-9392-986ac0952eb6,IG Story,IMAGE,26.1.2026 18:30:59,"2 2 Nábělek 
Ramert",https://www.instagram.com/stories/vsefalcons/3818764827653326001,,847,,,
@AkademiciPlzen,facebook,d87b94e3-03e8-45d0-b92e-75e9b819545c,7cc381b4-9248-4257-acfc-437ac4288f8d,FB Video,VIDEO,17.3.2026 13:21:53,"Ví naši fanoušci, co je ofsajd? 👀
A kdo to pak nejvíc rozjel na afterparty? 😏

Na to se diváků na bitvě zeptala @deniskaurbankova 🎤.
Mrkni, jak to dopadlo!

#akademiciplzen #univerzitnihokej",https://www.facebook.com/reel/1257454349247715/,697,306,4,,
@united_hk,instagram,b18c071b-0570-48b2-b743-990c668c3c5b,bc2849d4-66b7-4424-815b-2daecf69632c,IG Story,VIDEO,22.4.2026 17:56:30,Sobota už se blíží!,https://www.instagram.com/stories/united_hk/3881078043418590309,,374,,,
@univerzitnihokej,instagram,1e114592-3529-4cfe-9977-2598454053af,2647bc0b-c8a2-4cd0-8932-1477ebbe1105,IG Post,IMAGE,10.4.2026 14:11:57,Směr cesty 16. a 17.4. je jasnej! ➡️ @unihokejfinalfour 📍Zimní stadion Eden,https://www.instagram.com/p/DW9DxBKCLfC/,,15024,344,,3
vsefalcons,instagram,709fceba-e311-48e7-9057-f54a587abf4a,4c19965d-6a9d-49a3-b399-73cd360d387d,IG Reel,VIDEO,9.12.2025 19:41:14,Jdeme do vedení na konci 1️⃣ třetiny! Druhý gól za Falcons si připisuje @_suchos88_ 🔥,https://www.instagram.com/reel/DSDgU6vCHW2/,,8145,177,1,6