account_name,social_network_id,carl_account_id,carl_post_id,post_type,media_url_type,published,caption,permalink,impressions,views,likes,comments,shares
vsefalcons,instagram,709fceba-e311-48e7-9057-f54a587abf4a,0381b3c5-769b-417b-80f1-b07fa3696ab5,IG Story,VIDEO,8.3.2026 7:34:06,@strnyjan,https://www.instagram.com/stories/vsefalcons/3848149991445547052,,965,,,2
vsefalcons,instagram,709fceba-e311-48e7-9057-f54a587abf4a,04673c5a-1337-4e44-b1d6-05b637cc6c9c,IG Story,VIDEO,12.3.2026 16:16:57,SROVNÁVÁME 👀,https://www.instagram.com/stories/vsefalcons/3851312263516951836,1408,1320,,,
vsefalcons,instagram,709fceba-e311-48e7-9057-f54a587abf4a,0b00ed68-22e0-45f0-8417-144e16ddf84f,IG Story,VIDEO,11.1.2026 17:56:00,👆🏼 REGISTROVAT SE MŮŽETE,https://www.instagram.com/stories/vsefalcons/3807875553261277639,,697,,,1
vsefalcons,instagram,709fceba-e311-48e7-9057-f54a587abf4a,24a9c569-4820-4246-8b32-ed2c6b5fd0be,IG Story,VIDEO,10.2.2026 10:36:44,,https://www.instagram.com/stories/vsefalcons/3829397735841734659,687,1014,,,6
@hc_muni,instagram,43cd62c8-609d-4ea6-8ce9-cae5242ede0c,2d43c833-502c-4ffe-b71b-cfba11f92b7a,IG Reel,REEL,25.3.2026 17:07:59,"Nojo, o @kfc_cz by se kluci i poprali🍗🐻 Jak úspěšní jste v našem kvízu byli vy? 

PS: žádné kuře nepřišlo vniveč 🫶🏻

#kfcplechovykyblik #kfc",https://www.instagram.com/reel/DWUKPdoDM2o/,,6068,104,,8
vsefalcons,instagram,709fceba-e311-48e7-9057-f54a587abf4a,54535825-d695-4183-9bb2-064f5699b1da,IG Story,VIDEO,10.2.2026 20:47:43,🚀,https://www.instagram.com/stories/vsefalcons/3829705462220589594,,977,,,
vsefalcons,instagram,709fceba-e311-48e7-9057-f54a587abf4a,7abd9cf7-8324-4664-acb1-6d56c9763d20,IG Story,VIDEO,3.2.2026 18:40:40,SÝÝÝÝR 📸 🧀,https://www.instagram.com/stories/vsefalcons/3824567894458012045,,913,,,
@bitvaoprahu,instagram,d7c8aa06-74fb-4c6c-a7d2-c2fe1bf6d59c,e97f5792-db0b-4f2c-afa4-1922187b0fb4,IG Post,IMAGE,12.3.2026 21:10:13,"🇨🇿 Dvojnásobný medailista z olympijských her v Miláně je mezi námi! 🤩🙏🏼

Tím není nikdo jiný než Metoděj Jílek! 🎩 #bitvaoprahu",https://www.instagram.com/p/DVzIlMODutd/,,213461,10746,1,330
@akademiciplzen,instagram,65494228-95bf-4f7b-8e68-d47d7262db66,feec603f-f38a-4711-bcd5-0dedd1813d5c,IG Post,IMAGE,3.3.2026 15:54:50,"JARNÍ BITVA UŽ ZÍTRA! 👊🏻

Doraž včas na Proud, Redbull nebo svařák do fanzóny, nalaď hlasivky a pojď z toho udělat večer, na kterej se bude vzpomínat!

🕰️ 17:30 otevření fanzóny
📍 LOGSPEED CZ Aréna
🎟️ Lístky najdeš v biu nebo na plzenskabitva.cz

Tak co, bude nás ještě víc než loni? 🔥
#akademiciplzen",https://www.instagram.com/p/DVbXwrhDPGt/,,2675,59,,1
@hcmuni,facebook,d1f9e9f9-7526-42d4-85aa-13f91e89f7cf,07f96ee5-98b6-4817-89cc-e32d6a8f4caf,FB Video,VIDEO,6.3.2026 18:11:46,"Mrkněte na první gól @filas_vasek v @univerzitnihokej !!!🔥🏒💙

#hcmuni",https://www.facebook.com/reel/2098455937670864/,2437,1296,14,,
vsefalcons,instagram,709fceba-e311-48e7-9057-f54a587abf4a,69303f8b-4cf9-4c85-b7a4-6f9b4846eab4,IG Post,IMAGE,25.1.2026 17:56:18,"Zkouškové je (skoro) za námi, je čas vrátit se na zimák! 🤓 V prvním domácím zápase tohoto roku se utkáme s @hcnorthwings 🦅 

Hlavním partnerem zápasu je @mosteckamontazni 🤝🏽 

Už nám chybíte, tak se za námi zastavte! 🥹💙",https://www.instagram.com/p/DT8V0obiKQL/,,6168,63,,28
@bitvaoprahu,instagram,d7c8aa06-74fb-4c6c-a7d2-c2fe1bf6d59c,d2e7c461-ebeb-4a65-afe5-3777022061d4,IG Post,IMAGE,12.3.2026 15:46:14,"FIRST GAME COMIN’! ⏳🔜

Bitva o bronz: Kdo dnes urve malé pražské derby? 🔥",https://www.instagram.com/p/DVyjgSGjCYr/,,20817,187,1,11
vsefalcons,instagram,709fceba-e311-48e7-9057-f54a587abf4a,8f328d1a-ab3b-4f6a-9375-1aca4468f424,IG Story,VIDEO,11.7.2026 19:00:37,,https://www.instagram.com/stories/vsefalcons/3939092489113749311,,633,,,2
@univerzitnihokej,instagram,1e114592-3529-4cfe-9977-2598454053af,b6500821-e8c9-4534-8740-3e4bfcfa6e80,IG Post,IMAGE,23.3.2026 21:45:40,"Black Dogs vystrčili růžky a seřezali krále tabulky 🫣 východní Čechy patří Hradci, připisují si 4. výhru proti Riders 💪🏼",https://www.instagram.com/p/DWPhYejDC76/,,8810,182,,42
@univerzitnihokej,facebook,01b45180-0b14-4a14-96e8-d0a4bab1fb9f,37f4a432-d424-4c8a-aa98-973bd06d88bf,FB Video,VIDEO,11.3.2026 18:32:26,MORAVSKÉ DERBY ⚔️ Sledujte živě na @ctsport 📺,https://www.facebook.com/reel/920877407214740/,1503,502,5,,
vsefalcons,instagram,709fceba-e311-48e7-9057-f54a587abf4a,bd636c4e-b803-4fad-894d-37333cb86254,IG Story,VIDEO,2.2.2026 17:15:52,"nedočkavec 6 minut
před tréninkem 🥹",https://www.instagram.com/stories/vsefalcons/3823800453092372016,,1223,,,2
@univerzitnihokej,facebook,01b45180-0b14-4a14-96e8-d0a4bab1fb9f,b79a1970-8f55-4f15-b882-a3db2322c6be,FB Post,IMAGE,2.3.2026 8:16:51,"Program na tento týden? Opravdu nabitý 🔋
Kromě mnoho zajímavých utkání se ve středu podíváme na TOP zápas do 📍Plzně",https://www.facebook.com/1275398168115026/posts/1251978200457023,343,,2,,
@hcnorthwings,facebook,2b08a479-603b-46e4-8a48-2bc0435ccd53,1468da8f-7a52-4905-9b87-802f5bbead96,FB Video,VIDEO,5.3.2026 7:59:03,🎥 | Přinášíme sestřih branek 23. kola @univerzitnihokej ve kterém studenti @ujepul - HC North Wings podlehli celku @czufarmers na domácím ledě v poměru 1:5🏒 #univerzitnihokej,https://www.facebook.com/reel/1246404513627047/,324,84,3,,
vsefalcons,instagram,709fceba-e311-48e7-9057-f54a587abf4a,7bc14117-e49f-423d-bc98-32b29dce29f6,IG Story,VIDEO,15.1.2026 9:49:44,👯,https://www.instagram.com/stories/vsefalcons/3810529931139015612,,1685,,,2
vsefalcons,instagram,709fceba-e311-48e7-9057-f54a587abf4a,7bc2947f-fd0f-41c4-9d19-ef2369605088,IG Story,VIDEO,3.3.2026 19:25:04,KDO TU DNES NENÍ 📺 🛋️,https://www.instagram.com/stories/vsefalcons/3844883981854584101,646,812,,,
vsefalcons,instagram,709fceba-e311-48e7-9057-f54a587abf4a,b5314a42-3b47-4c55-91dd-7a4fbdf998ad,IG Story,VIDEO,26.2.2026 20:55:05,za občerstvení děkujeme @kauflandcesko 🍿,https://www.instagram.com/stories/vsefalcons/3841305406261983803,983,1317,,,50
@cvutengineers,instagram,11963a07-7f0f-48e6-9d81-aa63a7ff4a04,c58fc56a-5788-4764-9123-3a25b5d91a16,IG Post,IMAGE,18.3.2026 19:29:46,"100 zápasů. Jedno jméno… Matouš Najman 👏🏼

Další legenda Engineers, která zanechala stopu, na kterou se nezapomíná. Matouši, díky za všechno! 💙

Přejeme ti spoustů úspěchů… a ať tě nikdy neopustí srdce lva 🦁",https://www.instagram.com/p/DWCZ2vJjMpG/,,10166,344,,9
vsefalcons,instagram,709fceba-e311-48e7-9057-f54a587abf4a,ebd9dacd-6e94-481d-8766-25feffc06816,IG Reel,VIDEO,14.7.2026 18:06:45,"Někteří ptáci potřebují občas trochu času, než najdou své hnízdo. 🪺 Z Black Dogs k nám od nové sezóny přilétá student naší univerzity, Jan Vavřík 🤝🏼

Vavřa, vítej doma!",https://www.instagram.com/reel/DayF3BKotIZ/,,11609,289,6,54
@engineersprague,facebook,afd06d1d-7b1c-4f66-8d93-ce4255ab773c,4495d929-8dfa-442d-9b1a-485da6c75484,FB Story,VIDEO,4.3.2026 19:17:37,,,,,,,
@akademiciplzen,instagram,65494228-95bf-4f7b-8e68-d47d7262db66,6118e644-4cda-433a-9bec-479d1f14b472,IG Post,ALBUM,30.3.2026 10:50:22,"PLAY-IN MODE ON! 🔥

Ta nejnapínavější část sezony právě začíná. Emoce pojedou na maximum a ve středu chceme přesně takovou atmosféru, jakou umíte vytvořit jen vy. 🫵🏻

📍 1. 4. | 19:00 | LOGSPEED CZ Aréna
🎟️ Lístky najdeš v biu nebo na webu

#akademiciplzen 💙",https://www.instagram.com/p/DWgX9BcjKsj/,,26121,770,3,72
vsefalcons,instagram,709fceba-e311-48e7-9057-f54a587abf4a,840002d2-5254-4d90-a181-644b97fb395e,IG Story,VIDEO,28.3.2026 19:24:32,"🫵🏻 POTŘEBUJEME TĚ
V ÚTERÝ NA TRIBUNĚ!",https://www.instagram.com/stories/vsefalcons/3863003085895371860,865,677,,,2
@riderspardubice,instagram,4d6a67ab-9313-4f77-a82e-abb18adbca5d,898ac601-c3d6-4bb2-9576-87dadb5cc8b1,IG Story,VIDEO,13.4.2026 12:35:00,🎟️,https://www.instagram.com/stories/riderspardubice/3874393356143168181,,568,,,
vsefalcons,instagram,709fceba-e311-48e7-9057-f54a587abf4a,ed604f20-e3e3-4f6b-8757-5c6c49539951,IG Story,VIDEO,8.3.2026 14:05:11,😘 🫶🏼,https://www.instagram.com/stories/vsefalcons/3848346822850937707,660,819,,,
@cvutengineers,instagram,11963a07-7f0f-48e6-9d81-aa63a7ff4a04,f8970262-4f31-45fc-baed-355b55db4f3d,IG Story,VIDEO,1.4.2026 8:40:02,🔥 🔥,https://www.instagram.com/stories/cvutengineers/3865577783280049146,,76,,,
@univerzitnihokej,instagram,1e114592-3529-4cfe-9977-2598454053af,2db1584a-caa6-431f-95f4-0687441041af,IG Post,IMAGE,6.3.2026 8:57:44,@zlatak30 se inspiroval v NCAA. 🫨 Tohle jsme nedávno viděli u @michael_hrabal v UMass.,https://www.instagram.com/p/DViX-_GiI_2/,,26008,556,1,19
@hcnorthwings,facebook,2b08a479-603b-46e4-8a48-2bc0435ccd53,49e49deb-b90c-44ec-b516-7db9ae8dac36,FB Story,VIDEO,2.3.2026 18:54:18,,,,,,,
@united_hk,instagram,b18c071b-0570-48b2-b743-990c668c3c5b,89156323-2cd8-4dd7-85a7-a06adfc7c9c7,IG Post,IMAGE,15.3.2026 11:34:04,"Náš útočník Radek Bíman dnes slaví narozeniny.

Všechno nejlepší, Radku! 🎂
Užij si to.

🖤🧡",https://www.instagram.com/p/DV51BE2iDlx/,,2882,64,1,5
@united_hk,instagram,b18c071b-0570-48b2-b743-990c668c3c5b,d80ca8d3-451f-45f2-902c-d587c4ca82e6,IG Story,VIDEO,25.4.2026 12:21:18,"KDY? TRY - OUT 
 🎯",https://www.instagram.com/stories/united_hk/3883083523930214274,,943,,,
vsefalcons,instagram,709fceba-e311-48e7-9057-f54a587abf4a,f956e795-bd2a-4769-8307-2e2819e36870,IG Story,VIDEO,12.2.2026 13:07:20,POV: jsi s námi na střídačce,https://www.instagram.com/stories/vsefalcons/3830923135956818094,728,958,,,4
@akademici_plzen,tiktok,8f78cb3d-9c53-4c33-9f39-e6526fd8fa1c,077f365c-4b37-4d23-902f-d5b4f50feae2,TT Video,VIDEO,27.4.2026 21:32:11,"Zavzpomínali jsme na Jarní bitvu… a přenesli se až do devadesátek! 🎞️ Chybí vám taky ta atmosféra? Nesmutněte, už příští týden oznámíme datum Bitvy o Plzeň! 🔥 #akademiciplzen 💙 #hockey #universitystudent #gameday ",https://www.tiktok.com/@akademici_plzen/video/7633554991655046422?utm_campaign=tt4d_open_api&utm_source=7348986504397455361,,1348,67,,3
vsefalcons,instagram,709fceba-e311-48e7-9057-f54a587abf4a,4db65391-8f96-40cb-8da3-06b4182756da,IG Story,IMAGE,30.3.2026 9:28:28,"my, když si zítra na zápase vyřvete hlasivky společně s @sokoli.hnizd0",https://www.instagram.com/stories/vsefalcons/3864152671598956842,821,986,,,4
vsefalcons,instagram,709fceba-e311-48e7-9057-f54a587abf4a,95ce45ab-ebe3-4e39-8d83-8aa595cb2609,IG Reel,VIDEO,17.4.2026 16:03:35,"🤤🤤🤤

#vsefalcons #finalfour",https://www.instagram.com/reel/DXPR-yeDNvR/,,5629,92,1,2
vsefalcons,instagram,709fceba-e311-48e7-9057-f54a587abf4a,bc12a9a9-5148-42b7-81aa-3ae135f300a1,IG Story,VIDEO,14.3.2026 15:32:19,ROZBRUSLENÍ,https://www.instagram.com/stories/vsefalcons/3852739357526521963,849,849,,,
@riderspardubice,facebook,f99ed6c3-17cc-46f4-a32e-d9b0576ce2df,d314ef03-649d-4e16-8717-16d0540d3112,FB Video,VIDEO,26.4.2026 12:34:50,,https://www.facebook.com/reel/2036444483604619/,1077,461,6,,
vsefalcons,instagram,709fceba-e311-48e7-9057-f54a587abf4a,f3e6fbe7-e6b2-45aa-8ceb-8161a6480c7a,IG Post,IMAGE,8.2.2026 21:00:44,"@bitvaoprahu nanečisto pro nás skončila vítězně, ta pravá nás ale teprve čeká 🔥

Nejlevnější lístky můžeš koupit do pátku na bitvaoprahu.cz 🎟️",https://www.instagram.com/p/DUgtJbOiLid/,,2270,100,1,1
@riderspardubice,instagram,4d6a67ab-9313-4f77-a82e-abb18adbca5d,ba61b1fa-0779-4ee6-86cc-fc06a80247fc,IG Story,IMAGE,17.4.2026 13:34:34,@tipsport_cz,https://www.instagram.com/stories/riderspardubice/3877322442461199422,,1107,,,
@univerzitnihokej,instagram,1e114592-3529-4cfe-9977-2598454053af,eee3bf4f-6451-4e75-a837-6cf244051737,IG Reel,VIDEO,12.3.2026 18:03:03,Za takovou střelou by se nestyděli ani naši hráči! 🤯 @csobcz cash on ice 💸,https://www.instagram.com/reel/DVyzCcBCNu2/,,7746,106,,12
@akademiciplzen,instagram,65494228-95bf-4f7b-8e68-d47d7262db66,fcd809b5-ea07-4d99-bb86-3de5fd07916e,IG Reel,VIDEO,21.3.2026 17:16:10,"Šampóny od @garnier_czsk dělají po tréninku ve sprchách vyloženě zázraky. 🤯✨

#garnierfructis #cistahlava #cistahra #ad",https://www.instagram.com/reel/DWJ37CuDHm0/,,10618,260,1,68
@cvutengineers,instagram,11963a07-7f0f-48e6-9d81-aa63a7ff4a04,ff94c2e0-a07e-4fe1-bfd5-3363796914b4,IG Reel,VIDEO,17.4.2026 6:48:23,"🚨 FINÁLE FINAL FOUR JE TADY!

 Na tento moment jsme dlouho čekali. Teď je čas jít do boje o titul mistra ULLH. Na ledě necháme všechno. 🙏🏻

Dnes od 20:15 ukážeme, v kom bije skutečné srdce lva. 🦁",https://www.instagram.com/reel/DXOSBGhDImv/,,8383,124,,16
@cvutengineers,instagram,11963a07-7f0f-48e6-9d81-aa63a7ff4a04,b1f7c56d-e369-4481-96cd-da3d54ebaae5,IG Post,IMAGE,17.4.2026 10:48:49,"Polední rozbruslení za námi, atmosféra byla/je dobrá 🤓

Těšíme se na večer 👀

📸: @ondra_mann 

#srdcelva",https://www.instagram.com/p/DXOuFZBDCh9/,,5092,123,,8
vsefalcons,instagram,709fceba-e311-48e7-9057-f54a587abf4a,0ab7914a-883e-4699-81d4-965d73d6a831,IG Story,VIDEO,3.2.2026 18:35:51,@vosmajz_97  cam 📽️,https://www.instagram.com/stories/vsefalcons/3824567260086278633,,1441,,,1
@AkademiciPlzen,facebook,d87b94e3-03e8-45d0-b92e-75e9b819545c,2f5b71ad-3efd-400b-94cd-1990fcc4098f,FB Video,VIDEO,25.3.2026 18:00:29,"Dnes do první linie proti @czufarmers nastupuje tahle sestava! Jen do nich, kluci. ✨

#akademiciplzen 

#AKA vs #CZU",https://www.facebook.com/reel/1424756915471003/,1057,448,13,,
vsefalcons,instagram,709fceba-e311-48e7-9057-f54a587abf4a,5196cbd8-4978-4f54-bf5a-fc73d71f2bf6,IG Story,VIDEO,14.3.2026 15:53:09,DOBRÝ PLAYLIST  must have 💯,https://www.instagram.com/stories/vsefalcons/3852749864450922233,766,779,,,
vsefalcons,instagram,709fceba-e311-48e7-9057-f54a587abf4a,64dc7188-25ca-47bd-8daa-391efca4d90f,IG Story,VIDEO,15.1.2026 11:13:23,@mcpraha3 🤝🏼 @vsecz,https://www.instagram.com/stories/vsefalcons/3810572080916245445,,4009,,,1
@akademiciplzen,instagram,65494228-95bf-4f7b-8e68-d47d7262db66,bb731746-71ce-49be-85af-477cdb8c3808,IG Story,IMAGE,2.4.2026 0:43:12,,https://www.instagram.com/stories/akademiciplzen/3866062570775539944,,2058,,,2
vsefalcons,instagram,709fceba-e311-48e7-9057-f54a587abf4a,3f67c19e-9fd0-4d0a-b87e-c6aa47cf00cb,IG Story,IMAGE,31.12.2025 11:13:13,🦅,https://www.instagram.com/stories/vsefalcons/3799700340442953410,,831,,,
vsefalcons,instagram,709fceba-e311-48e7-9057-f54a587abf4a,58715e38-133e-4f92-ab41-40648660ec73,IG Story,IMAGE,22.1.2026 8:17:14,,https://www.instagram.com/stories/vsefalcons/3815556816210295056,,1086,,,
vsefalcons,instagram,709fceba-e311-48e7-9057-f54a587abf4a,7685c8fe-230f-42bb-98ed-f61fa9d8f5d8,IG Story,VIDEO,26.1.2026 18:37:38,3. TŘETINA začíná,https://www.instagram.com/stories/vsefalcons/3818768175420954767,,852,,,
vsefalcons,instagram,709fceba-e311-48e7-9057-f54a587abf4a,7e36fb4d-30db-4fd4-87b0-dc994f13d342,IG Story,VIDEO,11.3.2026 18:44:33,JE TO VENKU!,https://www.instagram.com/stories/vsefalcons/3850661758843238298,1224,656,,,
vsefalcons,instagram,709fceba-e311-48e7-9057-f54a587abf4a,87e5256f-8a42-4d46-8997-a0d61c666116,IG Story,IMAGE,8.2.2026 17:51:06,"1 3 David
Drábek
Novák",https://www.instagram.com/stories/vsefalcons/3828166811108006272,,851,,,1
@riderspardubice,instagram,4d6a67ab-9313-4f77-a82e-abb18adbca5d,b431c85c-1566-411c-8277-8a6e18ae6994,IG Post,IMAGE,10.3.2026 7:42:24,"Vstupenky na Last dance Dominika Kopeckého a Daniela Skrypa nyní jen za 50,- 😎",https://www.instagram.com/p/DVsia6qDCV4/,,2119,37,,7
vsefalcons,instagram,709fceba-e311-48e7-9057-f54a587abf4a,b79ed296-d813-43be-955e-cbfeefd6e878,IG Story,VIDEO,14.3.2026 15:42:54,KDO BUDE DNEŠNÍ JEDNIČKA ? ?,https://www.instagram.com/stories/vsefalcons/3852744688277130276,770,755,,1,
vsefalcons,instagram,709fceba-e311-48e7-9057-f54a587abf4a,32c3e9b2-9390-42f7-9b1f-f7fd22c5e354,IG Story,VIDEO,10.2.2026 19:18:21,"Proč nejsi jinde
aspoň o pár cenťásků 🤏🏻",https://www.instagram.com/stories/vsefalcons/3829660293760859840,627,952,,,1
@univerzitnihokej,instagram,1e114592-3529-4cfe-9977-2598454053af,9f92cc7f-f513-4b84-8ff7-d23b1c5af9f1,IG Post,IMAGE,9.3.2026 9:03:12,"Moravské derby, finále Bitvy o Prahu a mnoho dalšího! Na co se tento týden těšíte nejvíc? 🤓",https://www.instagram.com/p/DVqG_syiFoc/,,6902,177,,17
@engineersprague,facebook,afd06d1d-7b1c-4f66-8d93-ce4255ab773c,088f4c63-a0eb-4252-87e6-2e2f32680d8b,,TEXT,9.3.2026 19:26:47,"POJĎTE S NÁMI NA BITVU🦁
#engprg",https://www.facebook.com/1560924572517692/posts/1541090904501059,248,,,,
@univerzitnihokej,instagram,1e114592-3529-4cfe-9977-2598454053af,578b5b5c-c19b-48bb-9bff-2d3234f6e035,IG Post,IMAGE,8.4.2026 21:45:54,"Co zápas, to kino! 🍿 Známe tři účastníky historicky prvního Final Four 🥵

Falcons ovládli výlet v Budějcích, Kings si vyzkoušeli Eden nanečisto a Engineers urvali výhru po dramatických samostatných nájezdech 🔥",https://www.instagram.com/p/DW4uIJVCOqS/,,5889,262,,9
@univerzitnihokej,instagram,1e114592-3529-4cfe-9977-2598454053af,da6a9cc2-b138-4afc-b8b3-f1c2912aa0ba,IG Reel,VIDEO,22.4.2026 15:02:35,Zapsat se takové legendě do paměti je pro nás obrovská čest 💙  Děkujeme za krásná slova @helenavondrackovacz 🙏🏻 Celý díl na herohero.co/cestmir 🎥,https://www.instagram.com/reel/DXcCJo7CJ58/,,85904,2589,16,300
vsefalcons,instagram,709fceba-e311-48e7-9057-f54a587abf4a,2c088016-988e-4817-ab16-d55c0773b309,IG Story,VIDEO,9.4.2026 7:57:55,už za týden míříme do Edenu 🔜,https://www.instagram.com/stories/vsefalcons/3871354877611931778,752,832,,,1
@cvutengineers,instagram,11963a07-7f0f-48e6-9d81-aa63a7ff4a04,6e9d44b1-93a6-4b23-bb0a-e80fe580c543,IG Post,ALBUM,24.3.2026 18:08:58,"Zejtra vítězný repete? 🤞🏼

ENG vs NWU | 25. 3. | 20:00",https://www.instagram.com/p/DWRtYKBjOT0/,,9321,189,,2
@univerzitnihokej,instagram,1e114592-3529-4cfe-9977-2598454053af,79b64d06-5634-4595-a134-0a1e84c4a933,IG Story,VIDEO,17.4.2026 14:53:30,,https://www.instagram.com/stories/univerzitnihokej/3877362175832490597,,1669,,,2
@akademiciplzen,instagram,65494228-95bf-4f7b-8e68-d47d7262db66,9ed60cb4-ec4e-4c2a-926b-134232695a2b,IG Story,VIDEO,8.4.2026 13:28:24,,https://www.instagram.com/stories/akademiciplzen/3870796406890204498,,1591,,,
@engineersprague,facebook,afd06d1d-7b1c-4f66-8d93-ce4255ab773c,f4305a72-a822-46ed-8d9a-6ac584a9199c,FB Post,IMAGE,4.3.2026 8:33:55,"🚨 GAMEDAY | Dnes hrajeme doma!
V tradičních 20:00 vyzvedneme na našem ledě @united_hk 🔥. Jak tento duel dopadne? Přijď se podívat na Hvězdu a pořádně nám zafandit! Těšíme se 👋🏻. 

#engprg",https://www.facebook.com/1560924572517692/posts/1536634661613350,279,,4,,
vsefalcons,instagram,709fceba-e311-48e7-9057-f54a587abf4a,16acfc41-cd6e-4905-a8d8-88c565ac3836,IG Story,VIDEO,8.2.2026 17:49:06,"🥁 KOTEL
READY @sokoli.hnizd0",https://www.instagram.com/stories/vsefalcons/3828165944480922697,,926,,,2
vsefalcons,instagram,709fceba-e311-48e7-9057-f54a587abf4a,197ab564-7377-41c3-9383-2fab05b41a87,IG Reel,VIDEO,17.2.2026 21:16:41,"CTRL C + CTRL V

Michal Daniel otočil zápas 5 minut před koncem, během 40 vteřin 😮‍💨",https://www.instagram.com/reel/DU36s85CBlp/,,10585,199,,5
vsefalcons,instagram,709fceba-e311-48e7-9057-f54a587abf4a,7aa2b7cb-9d01-4878-9982-09fd6509452f,IG Post,IMAGE,17.2.2026 22:03:59,"Takový otočky my můžem 🙂‍↔️
@michal.danniel zajistil první výhru proti @united_hk 💪🏼

Tohle je ale teprve začátek - máme před sebou další důležité zápasy, tak stay tuned a vidíme se zase za týden! 🦅",https://www.instagram.com/p/DU3_y6AiDVG/,,1932,78,,3
@riderspardubice,instagram,4d6a67ab-9313-4f77-a82e-abb18adbca5d,93b6d551-caa1-4c2b-ac60-6caba80f750b,IG Post,IMAGE,24.3.2026 13:37:00,"Včera jsme se na domácím ledě rozloučili s @dominikkopecky_99 a @daniel.skryp, pro které je toto poslední sezona v dresu Riders ❤️‍🩹

Díky kluci za vše, co jste Riders dali a přejeme vám mnoho úspěchů!",https://www.instagram.com/p/DWRODeZjKVa/,,14791,316,3,25
@united_hk,instagram,b18c071b-0570-48b2-b743-990c668c3c5b,9d36361e-0e51-461b-9e4c-208b90241c9c,IG Post,PHOTO,24.3.2026 13:21:26,"💥Za týden jdeme do PLAY-IN.
31.3. Zápas o VŠE s VŠE Falcons v Praze!

1 zápas. Žádná druhá šance.

👉 Jak to funguje?
Vyhraješ = zůstáváš ve hře o Final Four.
Prohraješ = konec sezóny.

ALL IN

#unitedhk #unihokej #hokej",https://www.instagram.com/p/DWRMQJYCMlQ/,,7663,119,1,46
@bitvaoprahu,instagram,d7c8aa06-74fb-4c6c-a7d2-c2fe1bf6d59c,bfca4101-5837-4b18-956c-9b6ee27adf78,IG Story,VIDEO,13.4.2026 17:12:54,🫵🏼,https://www.instagram.com/stories/bitvaoprahu/3874533227625208510,,965,,,
vsefalcons,instagram,709fceba-e311-48e7-9057-f54a587abf4a,17ac2476-ca0f-42e6-ae59-c0a71444e87a,IG Story,VIDEO,15.4.2026 5:46:57,@viznertom,https://www.instagram.com/stories/vsefalcons/3875637527747233410,723,849,,2,3
@univerzitnihokej,instagram,1e114592-3529-4cfe-9977-2598454053af,2aa5811f-2b1c-4961-8531-6bbf60b38cba,IG Story,VIDEO,8.4.2026 17:13:00,0 1,https://www.instagram.com/stories/univerzitnihokej/3870909398688226612,,884,,,
vsefalcons,instagram,709fceba-e311-48e7-9057-f54a587abf4a,8374a384-2299-4c9d-8ee2-833003a34902,IG Reel,REEL,12.3.2026 14:25:56,Jsme na místě 🥵,https://www.instagram.com/reel/DVyaBXjiBG4/,,6574,198,1,31
univerzitnihokej,tiktok,01c88cf9-594f-408e-a45a-95114221acae,96ae7fb3-d1d4-4b64-935d-e31cd19b925a,TT Video,VIDEO,19.4.2026 18:24:33,"Výměna studia za stadion, aby audiokniha HR měla tu pravou atmosféru 🎧🔥",https://www.tiktok.com/@univerzitnihokej/video/7630537975536880918?utm_campaign=tt4d_open_api&utm_source=7348986504397455361,,31674,2448,18,822
@AkademiciPlzen,facebook,d87b94e3-03e8-45d0-b92e-75e9b819545c,06974fdb-b7b9-4e89-8350-3ce39f25af32,FB Post,IMAGE,18.3.2026 22:22:55,"3 VÝHRY V ŘADĚ! 👊🏻

Z Brna vezeme výhru 1:4 a držíme si tak 4. místo v tabulce. 🍫 Hráčem zápasu se stává Jíří Beníšek. 👑

Jsme READY na poslední domácí zápas základní části! Přijď nás 25. 3. podpořit a pojďme to společně uzavřít vítězně! 💙

#akademiciplzen",https://www.facebook.com/1357105236437494/posts/1345811964233488,6675,,57,,
vsefalcons,instagram,709fceba-e311-48e7-9057-f54a587abf4a,6810566c-d823-4ba5-81de-1110733dadaf,IG Story,VIDEO,12.3.2026 14:41:45,BRAZILKA  musí být,https://www.instagram.com/stories/vsefalcons/3851264353517475511,1554,1540,,,1
@riderspardubice,facebook,f99ed6c3-17cc-46f4-a32e-d9b0576ce2df,6e4e4825-8a65-4b5d-8be2-ced43b96280d,FB Post,IMAGE,17.4.2026 18:29:50,"Děkujeme 🫶

Dneska to necinklo, ale rvali jsme se a nenechali jsme to nikomu zadarmo.

Dokázali jsme se po nepříliš ideálním začátku sezóny zvednout a dotáhnout to mezi 4 nejlepší týmy ligy a zahrát si na historicky prvním @unihokejfinalfour v Edenu. 

A to už nám nikdy nikdo nevezme. 

Děkujeme všem, kteří nám fandili a speciálně těm, kteří při nás stáli od začátku sezony nebo dokonce těm kteří při nás stojí od začátku Riders samotných. Vážíme si toho.",https://www.facebook.com/1592662819534019/posts/1607527561380878,2144,,54,,
vsefalcons,instagram,709fceba-e311-48e7-9057-f54a587abf4a,281264d4-72fd-4852-b714-f710795a590a,IG Story,VIDEO,18.1.2026 11:03:52,@ramert.16,https://www.instagram.com/stories/vsefalcons/3812741551500096165,,820,,,5
vsefalcons,instagram,709fceba-e311-48e7-9057-f54a587abf4a,b97d525e-5888-46f1-b813-99fc2dd7a0a7,IG Story,VIDEO,13.2.2026 13:52:49,,https://www.instagram.com/stories/vsefalcons/3831670806724278456,883,1059,,,5
@united_hk,instagram,b18c071b-0570-48b2-b743-990c668c3c5b,f51784dc-2ba0-42fe-8848-d0a9da16fe8b,IG Story,IMAGE,22.4.2026 8:07:00,,https://www.instagram.com/stories/united_hk/3880781448647060631,,849,,,
@bitvaoprahu,facebook,75e0f41f-82be-4f82-a77b-82ac11135ed2,576a5d72-0427-43ce-9ef9-3d59e7eefd57,FB Post,IMAGE,12.3.2026 9:00:08,"Nevíš co na sebe? 😔 Teď už jo! Obleč se do barev tvojí univerzity ať všichni ví, komu fandíš 🫡

Tak co, bude to červená❤️, modrá💙, zelená💚 nebo bílá🤍? 

Finálový večer Bitva o Prahu 🏒
Poslední lístky 👉🏼 bitvaoprahu.cz🎟️",https://www.facebook.com/1441262177797849/posts/1419535129970554,167,,,,
@hcnorthwings,facebook,2b08a479-603b-46e4-8a48-2bc0435ccd53,690c3418-d9e6-4426-aa30-67b31623e739,FB Video,VIDEO,19.3.2026 8:08:02,🎤 | Pozápasové ohlasy z 25. kola @univerzitnihokej v podání kapitána @hcnorthwings (Adam #Šubrt) #univerzitnihokej,https://www.facebook.com/reel/953961007139831/,531,240,3,,
@hcmuni,facebook,d1f9e9f9-7526-42d4-85aa-13f91e89f7cf,6b4c878d-a278-4ed4-8c81-a23f95bd3aa6,FB Video,VIDEO,17.3.2026 10:50:41,"Bez tebe to nebude ono! Doraz ve středu na tribuny!! ⚔️🔥
Vidíme se v 19:30 na Lužánkách 📍

Lístky koupíš v biu 🎟️

#hcmuni",https://www.facebook.com/reel/940613421851062/,1885,568,6,,
@bitvaoprahu,instagram,d7c8aa06-74fb-4c6c-a7d2-c2fe1bf6d59c,306c41d5-83c5-4c23-af22-2e3edf05e639,IG Post,IMAGE,13.3.2026 12:52:35,"🏆🏆 Královské ráno! Žijete všichni? 😀

📸 @vratapolivka_photo , @matyasklapa , @radekkasik1",https://www.instagram.com/p/DV00bUIjCKI/,,26264,807,,176
@hc_muni,instagram,43cd62c8-609d-4ea6-8ce9-cae5242ede0c,530841b7-a171-42fb-96a3-4e9a6d363d79,IG Post,IMAGE,10.4.2026 14:43:21,"Stehlík&Bros zahrají pro dobrou věc 🎶 💙 
Podpořte spolu se zakladatelem HC MUNI @stehla81 malého Honzíka, který od narození bojuje se vzácným genetickým onemocněním 🥹 Každý příspěvek mu pomůže na cestě k potřebným terapiím či pomůckám. Přispět můžete skrze QR kód ve stories. 
Předem moc děkujeme 🧸

#desetfakultjednarodina",https://www.instagram.com/p/DW9HXEIjBUY/,,3629,46,,10
@cvutengineers,instagram,11963a07-7f0f-48e6-9d81-aa63a7ff4a04,9090ab2a-7dc7-46aa-ae14-4df0d351ae54,IG Story,VIDEO,12.4.2026 6:28:41,1. VLNA NEJLEVNĚJŠÍCH LÍSTKŮ KONČÍ UŽ DNES  VYUŽIJ KÓD ENGFANS,https://www.instagram.com/stories/cvutengineers/3873484208304032151,,1145,,,7
@univerzitnihokej,facebook,01b45180-0b14-4a14-96e8-d0a4bab1fb9f,9d5baab9-c755-44c6-ae4c-438f25039b5a,FB Video,VIDEO,12.3.2026 21:13:07,"Sice prohrávají, ale slavit umí…🔥",https://www.facebook.com/reel/822241420134224/,205,79,1,,
@218107044725785,facebook,7a942e3e-6c47-4794-9ba7-bbc7b6d40cb3,b07ca80f-abac-4b9d-8186-42aceeb3e40b,FB Post,IMAGE,21.4.2026 18:39:25,"Druhá sezóna, podruhé v TOP 4 a letos rovnou s medailema na krku🥉

Byla to horská dráha a velký počet zranění nám nic neulehčoval. Sice jsme nedoletěli až na samotný vrchol, ale to, co jsme během té cesty vytvořili, má pro nás mnohem větší hodnotu.

Děkujeme všem, kteří byli součástí - fanouškům z našeho hnízda za podporu, partnerům za důvěru a všem ostatním, kteří za námi stáli - ať už na ledě nebo mimo něj. 🩵 Loučíme se a už se těšíme, co přinese příští sezóna… protože my letíme dál Vzhůru k výškám 👆🏼

Go Falcons! 🦅",https://www.facebook.com/122282816036218300/posts/122285181680218300,1620,,37,,
@univerzitnihokej,instagram,1e114592-3529-4cfe-9977-2598454053af,ed225584-3d92-4b2c-8362-876f4e0136d4,IG Reel,VIDEO,5.3.2026 19:01:38,"Je hladoveeej🤤🤤

#zott #zotthungry #zotthungrydrinkthis",https://www.instagram.com/reel/DVg37IdCCB2/,,9321,216,6,43
vsefalcons,instagram,709fceba-e311-48e7-9057-f54a587abf4a,61a3e84c-e757-4625-80b0-3d82d98026c4,IG Post,IMAGE,6.7.2026 8:00:03,"GraduATE! 🤓

S koncem akademického roku tu máme jednu příjemnou povinnost a to pogratulovat těm, kteří v uplynulých dnech úspěšně zvládli státnice 📚

Patří vám obrovské uznání, že jste dokázali skloubit náročnou sezónu s plněním akademických povinností a došli si pro zasloužené tituly 🏆

V týmu máme opět o něco více vysokoškolsky vzdělaných hlav, kterým přejeme mnoho úspěchů v další kapitole studia i kariéry! 🎓",https://www.instagram.com/p/DacacIEDlAB/,,24385,460,8,88
@united_hk,instagram,b18c071b-0570-48b2-b743-990c668c3c5b,8560af6f-4bd3-47a9-9f60-7f6583d24749,IG Story,VIDEO,22.4.2026 18:32:19,,https://www.instagram.com/stories/united_hk/3881096052451362688,,320,,,
@boostrava,instagram,1176ddaf-d366-48a2-9639-3c6694c72c85,8899a1ac-fb83-499a-ab96-4d975cf9ac5c,IG Post,IMAGE,4.3.2026 21:20:01,"Naši vítězové! 🦈

#hockey #winners",https://www.instagram.com/p/DVei045jOtf/,,10533,196,1,23
@riderspardubice,instagram,4d6a67ab-9313-4f77-a82e-abb18adbca5d,12b87318-ea0a-4920-901b-c804856eba44,IG Post,IMAGE,10.3.2026 19:51:31,"Další venkovní zápas!🤩

Venkovní zápas
🗓️ 17.3. v 19:30
📍 v RT Torax Arena 
⚔️ proti @boostrava 

#venkovnízápas#riders",https://www.instagram.com/p/DVt1vuekXcM/,,2425,34,,4
vsefalcons,instagram,709fceba-e311-48e7-9057-f54a587abf4a,15a00091-9aab-4134-a436-e13d5f9c39cd,IG Post,IMAGE,23.6.2026 18:51:08,"Letošní sezónu jsme oficiálně uzavřeli na slavnostním galavečeru ⭐️

Zavzpomínali jsme na to nejlepší z ledu i mimo něj, ocenili nejúspěšnější hráče a rozloučili se s těmi, kteří nás opouští. Kromě hokeje šlo ale hlavně o to být spolu, utužit vztahy a připomenout si, že Falcons jsou víc než jen tým. 🤝🏼",https://www.instagram.com/p/DZ8GippiHpX/,,7701,195,2,36
@hcnorthwings,facebook,2b08a479-603b-46e4-8a48-2bc0435ccd53,598605a1-6d0f-467e-a579-b92412b8dd1b,FB Post,IMAGE,19.4.2026 16:59:42,"SEZÓNA 2025/2026 OFF 
Univerzitní liga již zná vítěze letošní sezóny 👑 a tím pro nás ofiko končí tento ročník 🔚
Díky všem 🫶 kteří se na něm podíleli a velké díky patří samotným hráčům, že to nevzdali a bojovali až do posledního kola 💛💙
Vidíme se v sezóně 2026/2027 🏒
#univerzitnihokej #myjsmeujep #hcnorthwings #icehockey",https://www.facebook.com/1583651910433365/posts/1600085498790006,2706,,22,,
@cvutengineers,instagram,11963a07-7f0f-48e6-9d81-aa63a7ff4a04,6f3c126d-bc95-4fb0-b22e-bdb9e344f20b,IG Story,VIDEO,8.4.2026 17:40:32,VÍTEJTE V MODRYM PEKLE 😈,https://www.instagram.com/stories/cvutengineers/3870923303108229836,,1011,,,1
vsefalcons,instagram,709fceba-e311-48e7-9057-f54a587abf4a,510ba4b3-b6c4-4c03-9622-06f7d9ec42ac,IG Story,VIDEO,31.5.2026 10:10:18,,https://www.instagram.com/stories/vsefalcons/3909109634166197652,,741,,,4
@cvutengineers,instagram,11963a07-7f0f-48e6-9d81-aa63a7ff4a04,d0876eb8-b16a-4b8e-b399-e0ba1dd5ba16,IG Post,IMAGE,17.4.2026 8:42:20,"Ještě něco málo ze včerejší vítězný radosti 🥳
Dneska je cíl jasnej!

20:15 | ZIMNÍ STADION EDEN | UK vs ENG 
Chceme tě tam vidět! 🫵🏼

📸: @ondra_mann",https://www.instagram.com/p/DXOfnBwDLcj/,,8634,278,1,11
@univerzitnihokej,facebook,01b45180-0b14-4a14-96e8-d0a4bab1fb9f,48165b2c-7bfc-4a20-8624-aff47bda68eb,FB Post,IMAGE,18.4.2026 19:16:28,Šampioni si navíc odnáší šek od našeho partnera @b_hockey_czech 🙌🏻,https://www.facebook.com/1275398168115026/posts/1289214493400060,1467,,14,,
@riderspardubice,instagram,4d6a67ab-9313-4f77-a82e-abb18adbca5d,9e96651b-4f7c-439f-92e7-7dcc9112aab6,IG Story,VIDEO,12.4.2026 13:58:02,🎟️,https://www.instagram.com/stories/riderspardubice/3873710367465825468,,1223,,,1
@riderspardubice,facebook,f99ed6c3-17cc-46f4-a32e-d9b0576ce2df,b1d0eca8-8461-4a30-9c0d-ce74f133b327,FB Video,VIDEO,27.4.2026 10:50:50,"Tahle jízda je u konce! Děkujeme všem za neskutečnou podporu. 🐎 Tato sezóna byla naprosto unikátní – zažili jsme historicky první Final Four a Riders u toho nesměli chybět!

P.S.: Jak teď máme bez těch hezkých hokejistů jako žít? Ptám se pro kamarádku... 🙋‍♀️",https://www.facebook.com/reel/1398184518993354/,246,110,3,,
@akademiciplzen,instagram,65494228-95bf-4f7b-8e68-d47d7262db66,ceeea672-9aa5-4fb0-84f6-36510015ae9b,IG Story,VIDEO,1.4.2026 17:40:46,,https://www.instagram.com/stories/akademiciplzen/3865849939108876522,,1234,,,
@riderspardubice,instagram,4d6a67ab-9313-4f77-a82e-abb18adbca5d,bf0f61d1-d9ac-4182-b6b2-6dc119e50ee6,IG Story,IMAGE,12.4.2026 11:00:21,,https://www.instagram.com/stories/riderspardubice/3873620936088120486,,1430,,,
@united_hk,instagram,b18c071b-0570-48b2-b743-990c668c3c5b,40f64ffc-450a-4955-9c10-46a8e7715f4a,IG Reel,VIDEO,14.3.2026 10:30:02,"Včera jsme to dali na velkém plátně 🎬🏒

Heated Rivalry maraton v CineStaru.
Děkujeme @hbomaxczsk 

#unitedhk #cinestar #heatedrivalry #hbomax",https://www.instagram.com/reel/DV3IdJICKlD/,,78567,6345,44,2348
@riderspardubice,instagram,4d6a67ab-9313-4f77-a82e-abb18adbca5d,b91b56bb-e679-4e40-8698-c86e05e900f7,IG Story,IMAGE,17.4.2026 20:45:55,,https://www.instagram.com/stories/riderspardubice/3877539546766561999,,570,,,
@univerzitnihokej,facebook,01b45180-0b14-4a14-96e8-d0a4bab1fb9f,12fe15d6-3e54-4b4d-b632-839a16f34875,FB Video,VIDEO,12.3.2026 22:11:27,"Myslíte si, že by byl @metodej_jilek dobrej v hokeji? 👇🏻👀",https://www.facebook.com/reel/956471700139737/,507,217,3,,
@bitvaoprahu,facebook,75e0f41f-82be-4f82-a77b-82ac11135ed2,e808efa3-9166-4e3f-aaa9-37d33ebbaeb5,FB Video,VIDEO,12.3.2026 18:20:02,"FALCONS JSOU BLÍZKO! 🦅🥉

Finálový večer @bitvaoprahu můžete sledovat živě na @sport_ct ➕. 📺",https://www.facebook.com/reel/1479012263830385/,137,33,,,
@AkademiciPlzen,facebook,d87b94e3-03e8-45d0-b92e-75e9b819545c,2beb683f-6d23-4a17-8155-2f03bba745b4,FB Video,VIDEO,10.3.2026 14:17:13,,https://www.facebook.com/reel/898057106377257/,915,378,13,,
@cvutengineers,instagram,11963a07-7f0f-48e6-9d81-aa63a7ff4a04,57a363f2-ac36-40fc-b6c2-e9a3f9133c6f,IG Post,PHOTO,26.3.2026 11:50:15,"JE TO TADY 🫨
Včerejší výhrou jsme potvrdili naše umístění a teď nás čeká jeden zásadní zápas FINÁLE PLAY-IN, kde budeme bojovat o místo ve FINAL FOUR ⚔️

Soupeře zatím neznáme, ale ať to bude kdokoliv, dáme do toho všechno 🦁

Budeme vás potřebovat, protože teď… jde o všechno.
8. 4. | ZS Hvězda | 20:00
🎟️ Lupeny na enigoo.cz",https://www.instagram.com/p/DWWJRIqjGix/,,10284,186,2,77
@univerzitnihokej,instagram,1e114592-3529-4cfe-9977-2598454053af,9d728274-d513-4b55-b324-b8e0ef70b910,IG Reel,VIDEO,12.3.2026 22:11:15,"Myslíte si, že by byl @metodej_jilek dobrej v hokeji? 👇🏻👀",https://www.instagram.com/reel/DVzOyuUCEFR/,,57618,2571,3,212
@riderspardubice,facebook,f99ed6c3-17cc-46f4-a32e-d9b0576ce2df,4ebd2af8-52c9-498e-8e7b-40124a6deca3,FB Post,IMAGE,14.3.2026 17:01:12,"V dresu Riders 23. března uvidíme naposledy na ledě i @daniel.skryp 👏

Přijďte se s nim rozloučit a vytvořit mu na posledním domácím zápase nezapomenutelnou atmosféru! 🔥

Vstupenky koupíte přes odkaz v BIU s kódem “skryp20” dokonce s 20% slevou! 🎟️",https://www.facebook.com/1592662819534019/posts/1576340554499579,175,,,,
vsefalcons,instagram,709fceba-e311-48e7-9057-f54a587abf4a,5718cd43-4628-48d3-9358-942592bc3e65,IG Story,VIDEO,24.4.2026 7:52:14,,https://www.instagram.com/stories/vsefalcons/3882223451838632451,723,822,,,5
@univerzitnihokej,instagram,1e114592-3529-4cfe-9977-2598454053af,a1c579bc-53a9-4461-be17-ceb514d2b640,IG Post,IMAGE,25.3.2026 22:39:50,"Na závěr základní části nechyběly nájezdy, prodloužení ani gólový koncert 🎻 Farmers urvali 2 body v Plzni, brněnské derby patří MUNI a Engineers navařili desítku 🚨
…a teď už směr play-in 🔜",https://www.instagram.com/p/DWUxK7tCAjc/,,5375,132,,8
@univerzitnihokej,facebook,01b45180-0b14-4a14-96e8-d0a4bab1fb9f,04d75656-60f8-4a84-8bb1-f5c409b0fda0,FB Video,VIDEO,12.3.2026 16:38:52,"Pražští kluci už okoukali, jak se to v Brně dělá 💋",https://www.facebook.com/reel/1117565137163537/,1769,648,9,,
@unitedhk,facebook,bfe6cc29-a387-41b9-9bca-b077722556af,f0594217-1ef2-4b00-87a7-e754f860b20b,FB Post,IMAGE,9.4.2026 12:41:55,"Každá sezona přináší i loučení v Univerzitní hokej.

Od další sezony s námi nebudou pokračovat Jakub Kochan, Marek Ladman, Vladimír Mičian, Jiří Šrámek a Tomáš Teuber.

Děkujeme za čas, energii, zápasy, kabinu i všechno, co jste do UNIted HK vložili.
Každý z vás zanechal v našem týmu svoji stopu a byl součástí cesty, kterou jsme za první roky klubu společně prošli.

Díky, chlapi.
🖤🧡

#unitedhk #unihokej #hokej",https://www.facebook.com/122180651084388974/posts/122180838314388974,1123,,9,,
@hcnorthwings,facebook,2b08a479-603b-46e4-8a48-2bc0435ccd53,af26b591-496b-4dd4-bdca-671f27e110f8,FB Story,VIDEO,4.3.2026 16:16:37,,,,,,,
@hcnorthwings,facebook,2b08a479-603b-46e4-8a48-2bc0435ccd53,d5c697ae-316a-4fae-b0fe-37faf2600aff,FB Story,VIDEO,4.3.2026 13:42:45,,,,,,,
@univerzitnihokej,facebook,01b45180-0b14-4a14-96e8-d0a4bab1fb9f,f6519fb6-d45f-48d1-aae0-9ea3aec1a5d7,FB Post,IMAGE,4.3.2026 14:35:04,"S účtem u ČSOB dostaneš z afterparty Jarní bitvy v Plzni zpět 2️⃣0️⃣% z útraty.

Stačí si založit účet u @csobcz přes odkaz v našem biu.
Afterparty může bolet, účet už o něco míň. 😏",https://www.facebook.com/1275398168115026/posts/1253700486951461,235,,,,
@univerzitnihokej,instagram,1e114592-3529-4cfe-9977-2598454053af,58bf8637-7be8-4d01-bd65-c8fc495e8415,IG Post,IMAGE,12.3.2026 21:52:31,Tak tuto výhru ti bude závidět celkej kotel! 🍗,https://www.instagram.com/p/DVzNPXLCPM0/,,3866,68,,10
@univerzitnihokej,facebook,01b45180-0b14-4a14-96e8-d0a4bab1fb9f,6ce2c0a4-b7a4-41e4-b8a4-080aca5c40e8,FB Post,IMAGE,17.3.2026 21:29:44,Riders dnes přehráli BOčko a vezou si do Pardubic cenné 3 body! 💪🏼,https://www.facebook.com/1275398168115026/posts/1263652705956239,456,,2,,
@univerzitnihokej,instagram,1e114592-3529-4cfe-9977-2598454053af,99f33367-2a6c-492e-9c63-12ec4cdc28e6,IG Post,IMAGE,12.3.2026 21:06:50,Tak který tým si odnesl víc peněz? 💰,https://www.instagram.com/p/DVzIMVBiN0J/,,11548,240,,54
@riderspardubice,facebook,f99ed6c3-17cc-46f4-a32e-d9b0576ce2df,c0c6c039-25b3-477d-897f-0af547d70604,FB Post,PHOTO,31.3.2026 21:26:29,Postupujeme do finále Play-in!!!!!!,https://www.facebook.com/1592662819534019/posts/1592385799561721,682,,17,,
@univerzitnihokej,instagram,1e114592-3529-4cfe-9977-2598454053af,0439dc24-dae2-4fc4-bf2f-4d28ba22658e,IG Story,VIDEO,15.4.2026 18:43:17,👀 CHYSTÁME,https://www.instagram.com/stories/univerzitnihokej/3876028044552983420,,942,,,1
@bitvaoprahu,facebook,75e0f41f-82be-4f82-a77b-82ac11135ed2,801a1395-2928-4711-95b0-16b96cec65c4,FB Video,VIDEO,12.3.2026 23:12:53,"Inspirovat se je třeba od těch nejlepších. 👀

Za předání plyšáků od @csobcz 🩵 našim stříbrným medailistům děkujeme @classictomas z @puk_pak_pivo . 🤝🏼 #bitvaoprahu",https://www.facebook.com/reel/937052182189705/,199,44,2,,
@riderspardubice,facebook,f99ed6c3-17cc-46f4-a32e-d9b0576ce2df,f9931061-d7ad-40a6-9552-30065b15750d,FB Post,IMAGE,9.3.2026 22:24:20,"Poslední zápas v dresu Riders pro @dominikkopecky_99 a @daniel.skryp! 🔥

Přijď kluky podpořit a rozloučit se s nimi na zápas proti @united_hk! 

Prvních 50 vstupenek za 50 Kč už teď přes odkaz v BIU!",https://www.facebook.com/1592662819534019/posts/1572162808250687,901,,8,,
@riderspardubice,instagram,4d6a67ab-9313-4f77-a82e-abb18adbca5d,47e0bb3b-b9cf-4cfb-bd57-5923ced1fe84,IG Story,VIDEO,8.4.2026 18:11:42,,https://www.instagram.com/stories/riderspardubice/3870938954640165019,,624,,,
@riderspardubice,instagram,4d6a67ab-9313-4f77-a82e-abb18adbca5d,4e8e17e2-a2b0-4ec4-89b9-919a58f0f3f1,IG Story,VIDEO,17.4.2026 17:12:56,STOLÍN,https://www.instagram.com/stories/riderspardubice/3877432241563685278,,846,,,2
@riderspardubice,instagram,4d6a67ab-9313-4f77-a82e-abb18adbca5d,ecedb62d-0325-48bf-baee-cba43c57453c,IG Post,IMAGE,13.3.2026 17:04:42,"Soutěž o voucher pro tři osoby do SKYBOXu od @enteria_holding 🤩🥂

Označ v komentářích dva kamarády, se kterými bys zašel na Last Dance a příští týden ve čtvrtek vyslovujeme dva výherce voucherů, kteří si užijí poslední zápas semestru s jedinečným výhledem! 👏🥳

*podmínkou účasti je zveřejnění jednoho stories ze skyboxu během zápasu na vaše sociální sítě s označením účtu @riderspardubice a @enteria_holding",https://www.instagram.com/p/DV1Q46kDCbV/,,4575,70,68,32
@AkademiciPlzen,facebook,d87b94e3-03e8-45d0-b92e-75e9b819545c,5eaece43-dfb7-4bb7-9e7c-f1277e7bc8c5,FB Video,VIDEO,15.4.2026 13:44:18,"Kuba VS. Mája ⚔️

Porovnali jsme síly dvou přeborníků na ledě – hokejisty a krasobruslařky! 🧊

Disciplíny nám nadiktovaly nápoje Zott (a že to nebyla žádná sranda 😄), takže po výkonu přišla i zasloužená odměna.

Kdo tenhle battle ovládl? 👀👇🏻

#zott #zotthungry #hungrydrinkthis",https://www.facebook.com/reel/1909790429679691/,1988,793,16,,
@cvutengineers,instagram,11963a07-7f0f-48e6-9d81-aa63a7ff4a04,b9551a96-7809-4f40-80dc-68117df2c943,IG Story,VIDEO,8.4.2026 18:58:06,1 1,https://www.instagram.com/stories/cvutengineers/3870962295379917240,,889,,,2
@riderspardubice,instagram,4d6a67ab-9313-4f77-a82e-abb18adbca5d,9ab2f050-1550-4f31-acff-2e7057fe7ab6,IG Story,VIDEO,3.4.2026 7:48:04,,https://www.instagram.com/stories/riderspardubice/3867001180732009455,,599,,,1
@univerzitnihokej,facebook,01b45180-0b14-4a14-96e8-d0a4bab1fb9f,fc4ed8ef-fe88-40db-ac78-71bfe0f8d806,FB Video,VIDEO,25.3.2026 13:03:49,"Minulou sezonu si výherkyně odnesla šek na čtvrt milionu od ČSOB. 💙 Letos hrajeme o 1️⃣0️⃣0️⃣ 0️⃣0️⃣0️⃣ Kč.

Kdo je získá tentokrát? 👀

🔗 Založ si účet u ČSOB přes odkaz v našem biu a možná to budeš právě ty. 🫵🏻",https://www.facebook.com/reel/1454315606492034/,1590,662,1,,
@bitvaoprahu,instagram,d7c8aa06-74fb-4c6c-a7d2-c2fe1bf6d59c,c5b8da47-46da-4888-aaa4-9eadfdfc5f07,IG Story,VIDEO,10.4.2026 14:56:24,S KÓDEM BITVA15 UŠETŘÍŠ 🤑 🎟️ 🎟️,https://www.instagram.com/stories/bitvaoprahu/3872290199804088521,,850,,,3
vsefalcons,instagram,709fceba-e311-48e7-9057-f54a587abf4a,a33c7331-c28e-4a88-9671-a94aca721c9b,IG Story,VIDEO,24.3.2026 19:56:59,"Líp bychom to
neřekli Hroudis… 🫣",https://www.instagram.com/stories/vsefalcons/3860120335706231820,779,639,,,3
@bitvaoprahu,instagram,d7c8aa06-74fb-4c6c-a7d2-c2fe1bf6d59c,63bdf197-bbd6-4941-9d2e-09e6a7cd00cc,IG Post,IMAGE,10.4.2026 13:37:54,"Bitva o Prahu v Edenu?! 🫨

Už příští týden se odehraje Final Four, kde čtyři nejlepší týmy budou bojovat o titul mistra 🏆 a rovnou tři z nich dobře znáte 😏

Ať už jsi fanoušek Falcons, Kings nebo Engineers, pojď podpořit svůj tým na nejdůležitější akci sezóny 🔥

Lístky v prodeji na finalfour.cz 🎟️",https://www.instagram.com/p/DW8_3tVDH-d/,,20220,315,2,54
@univerzitnihokej,instagram,1e114592-3529-4cfe-9977-2598454053af,56aeebbe-45e7-4701-9009-b5441f5504b6,IG Story,VIDEO,31.3.2026 21:17:11,,https://www.instagram.com/stories/univerzitnihokej/3865234095257169854,,514,,,
@united_hk,instagram,b18c071b-0570-48b2-b743-990c668c3c5b,2746d1b7-e01e-499d-84bf-b21633d39227,IG Story,VIDEO,25.4.2026 14:27:08,návštěva až ze Slovenska 🇸🇰,https://www.instagram.com/stories/united_hk/3883146817454008943,,748,,,1
@univerzitnihokej,instagram,1e114592-3529-4cfe-9977-2598454053af,4947b9fb-87ff-4156-af7c-6d408a228b4a,IG Story,VIDEO,12.4.2026 15:12:45,OD ZÍTRA SE ZDRAŽUJÍ VSTUPENKY MŮJ TÝM POSTOUPIL DO @unihokejfinalfour 🚨 🥳 🙌🏻 🤯,https://www.instagram.com/stories/univerzitnihokej/3873747978158609299,,1438,,,1
@akademiciplzen,instagram,65494228-95bf-4f7b-8e68-d47d7262db66,daa2564e-fae2-44b8-bdae-34e4652de34e,IG Story,VIDEO,1.4.2026 15:10:56,,https://www.instagram.com/stories/akademiciplzen/3865774527955633902,,1658,,,14
@cvutengineers,instagram,11963a07-7f0f-48e6-9d81-aa63a7ff4a04,6c8ce250-dc5f-48e6-836e-5ff566365a9a,IG Story,VIDEO,8.4.2026 18:41:29,,https://www.instagram.com/stories/cvutengineers/3870953940578002604,,1743,,,2
vsefalcons,instagram,709fceba-e311-48e7-9057-f54a587abf4a,99394075-4aa0-400c-b168-c379b9611ddf,IG Story,VIDEO,8.2.2026 17:43:02,SROVNÁVÁ 🎯,https://www.instagram.com/stories/vsefalcons/3828162771406042706,,1376,,,1
@united_hk,instagram,b18c071b-0570-48b2-b743-990c668c3c5b,526238c9-6d73-4079-aae8-829e5ea46176,IG Story,VIDEO,22.4.2026 18:31:12,,https://www.instagram.com/stories/united_hk/3881095492662773263,,331,,,
@univerzitnihokej,instagram,1e114592-3529-4cfe-9977-2598454053af,d78e60da-84db-4c63-80df-52682767867b,IG Story,VIDEO,1.4.2026 4:03:19,,https://www.instagram.com/stories/univerzitnihokej/3865438512690531392,,1460,,,3
@univerzitnihokej,facebook,01b45180-0b14-4a14-96e8-d0a4bab1fb9f,e1e4c68b-86b7-4103-9503-89030db1eca7,FB Post,IMAGE,12.4.2026 13:46:12,"RIDERS JSOU VE FINAL FOUR! 🐴

Vyhrávají lucky loser zápas a doplňuji pražskou trojci v boji o titul! 🏆
🗓️16-17. duben | 🏟️ Zimní stadion Eden",https://www.facebook.com/1275398168115026/posts/1284238980564278,1000,,7,,
@univerzitnihokej,facebook,01b45180-0b14-4a14-96e8-d0a4bab1fb9f,b8486c0b-516c-46b0-8ed6-6e92fa4d9d1d,FB Post,IMAGE,8.4.2026 7:40:40,"Po páté v letošní sezoně se střetnou Black Dogs s Falcons 😮‍💨 Tentokrát jde o všechno, protože vítěz postupuje do @unihokejfinalfour 🎟️

Komu budete dneska fandit? 👇🏻",https://www.facebook.com/1275398168115026/posts/1281024404219069,314,,,,
@riderspardubice,instagram,4d6a67ab-9313-4f77-a82e-abb18adbca5d,368b81ca-40cd-48ad-984e-77ee99aa5a18,IG Story,VIDEO,12.4.2026 15:07:36,,https://www.instagram.com/stories/riderspardubice/3873745385332427791,,980,,,13
@riderspardubice,instagram,4d6a67ab-9313-4f77-a82e-abb18adbca5d,7be1c5fa-113d-4d62-a9ba-3f16c58f7301,IG Story,VIDEO,17.4.2026 16:00:18,1:3,https://www.instagram.com/stories/riderspardubice/3877395616288754834,,880,,,
@riderspardubice,instagram,4d6a67ab-9313-4f77-a82e-abb18adbca5d,1e061cb7-13a3-4702-8150-08257d10e7dd,IG Post,IMAGE,16.4.2026 16:42:07,Co nesmí chybět v pardubickém kotli? 🎷,https://www.instagram.com/p/DXMxuM3jCZJ/,,4886,117,,2
@AkademiciPlzen,facebook,d87b94e3-03e8-45d0-b92e-75e9b819545c,e6f569e5-71d7-495c-ba83-5d4f843458dd,FB Post,IMAGE,27.3.2026 14:57:34,"BOJ O VŠECHNO.
Semifinále, ve kterém každá chyba rozhodne o postupu. Budeme to my, nebo @czufarmers ?

Buď u toho. Tohle bude drama. 🫵🏻
🗓️ 1. 4. | 19:00
📍 LOGSPEED CZ Aréna, Plzeň

#akademiciplzen",https://www.facebook.com/1357105236437494/posts/1353386986809319,656,,5,,
@218107044725785,facebook,7a942e3e-6c47-4794-9ba7-bbc7b6d40cb3,356eecc1-1883-4d1b-9262-f8a8b76ea108,FB Video,VIDEO,10.3.2026 6:53:53,Dneska bude na Kateřinkách horko! 🤭,https://www.facebook.com/reel/1654373585581509/,185,63,5,,
@218107044725785,facebook,7a942e3e-6c47-4794-9ba7-bbc7b6d40cb3,f618593c-a6fa-4804-9f4b-a7dc91a257b9,FB Video,VIDEO,24.4.2026 10:00:48,"WINGS FOR LIFE je už za rohem! 🏃🏽

Kdo neví o co jde, tak je to běh, kde vás “honí” auto a vy musíte uběhnout co nejvíc kilometrů než vás dožene 🥵 A to hlavní! Veškerý výtěžek jde na podporu poranění míchy 🙌🏼 Takže během podpoříte dobrou věc 💙

Tak nenechte Strnyho vysedět důlek, zaregistrujte se, připojte se do našeho týmu “VŠE Falcons Prague” a vidíme se 10.5. ve Stromovce 👋🏼

#vsefalcons #wingsforlife",https://www.facebook.com/reel/2038881760319252/,482,192,4,,
vsefalcons,instagram,709fceba-e311-48e7-9057-f54a587abf4a,f90b55df-2ced-4341-b857-d56fa067c953,IG Story,VIDEO,3.2.2026 20:11:49,😮‍💨 OTO DNES HATTRICK?,https://www.instagram.com/stories/vsefalcons/3824613791904620811,,1122,,,2
@united_hk,tiktok,7e062517-b9da-416d-b73d-a2c5899a2be6,1f488c03-b6c6-4a83-bffc-04c3194e7d5f,TT Video,VIDEO,8.3.2026 18:19:24,"🏒 BAUER Gear Up Challenge Ještě jeden návrat k momentům z Východočeského derby univerzit. Během přestávky jsme dali fanouškům výzvu – BAUER Gear Up Challenge. Úkol byl jasný: 45 vteřin. A obléknout si co nejvíc hokejové výstroje. Helma, chrániče, rukavice… Kdo to zvládl nejrychleji? Podívej se ve videu. Díky partnerovi BAUER za skvělý moment derby. 🖤🧡❤️ #unitedhk #unihokej #hokej",https://www.tiktok.com/@united_hk/video/7614951072406261014?utm_campaign=tt4d_open_api&utm_source=7348986504397455361,,1057,27,,
vsefalcons,instagram,709fceba-e311-48e7-9057-f54a587abf4a,62097748-4eaa-4027-bef1-735912804a5d,IG Story,VIDEO,8.1.2026 14:42:04,AŽ SI BUDETE CHTÍT DÁT PAUZU OD UČENÍ 🇨🇦 🤓,https://www.instagram.com/stories/vsefalcons/3805603621618889402,,1171,,,1
vsefalcons,instagram,709fceba-e311-48e7-9057-f54a587abf4a,bda34bda-aa4a-4da5-a9a7-11c3ec440b7c,IG Story,VIDEO,19.4.2026 11:43:47,,https://www.instagram.com/stories/vsefalcons/3878715953844356822,873,1079,,1,1
@akademiciplzen,instagram,65494228-95bf-4f7b-8e68-d47d7262db66,c3ae8362-c678-4f1a-bd53-59b4e3c0df7f,IG Reel,VIDEO,9.3.2026 18:17:25,"Generální manažer a trenér @beerik09 v rozhovoru pro @sport_ct o tom, jak se @univerzitnihokej za poslední roky posunul. 🚀🚀🚀

#akademiciplzen",https://www.instagram.com/reel/DVrGA-iDKUl/,,12752,308,5,8
@bitvaoprahu,instagram,d7c8aa06-74fb-4c6c-a7d2-c2fe1bf6d59c,e9b5d670-bebb-4e7c-a2c7-fa0e1177ba06,IG Reel,REEL,25.3.2026 18:41:08,"Hokejem u nás večer nikdy nekončí 🙂‍↔️ jestli máš vzpomínky v mlze, je čas si tuhle party připomenout 🪩",https://www.instagram.com/reel/DWUUI3Rjpy4/,,11987,341,1,99
vsefalcons,instagram,709fceba-e311-48e7-9057-f54a587abf4a,0a0056b1-7204-4088-b1fc-5f763c8b451f,IG Story,VIDEO,13.5.2026 7:14:11,JE TU NOVÝ VŠEBOREC!!! PRO VŠECHNY STUDENTY VŠE JE DNES NEJLEPŠÍ DEN SEMESTRU 📚 🤓,https://www.instagram.com/stories/vsefalcons/3895975013341745091,898,301,,1,
@riderspardubice,instagram,4d6a67ab-9313-4f77-a82e-abb18adbca5d,28770c0c-9d11-4900-bd7f-2731ae7f0b03,IG Story,VIDEO,2.4.2026 12:30:00,,https://www.instagram.com/stories/riderspardubice/3866418305267727795,,538,,,
@cvutengineers,instagram,11963a07-7f0f-48e6-9d81-aa63a7ff4a04,61c05623-bb7e-49ef-854e-66281a569aaa,IG Story,VIDEO,8.4.2026 18:07:28,STŘÍPKY 1. TŘETINY,https://www.instagram.com/stories/cvutengineers/3870936819269651447,,911,,,
@riderspardubice,instagram,4d6a67ab-9313-4f77-a82e-abb18adbca5d,a9f74985-18ab-450e-bfdb-546da035f9b0,IG Post,IMAGE,12.4.2026 15:49:09,JSME VE @unihokejfinalfour !!!!!,https://www.instagram.com/p/DXCYbnXjLGf/,,3226,112,,11
@univerzitnihokej,facebook,01b45180-0b14-4a14-96e8-d0a4bab1fb9f,b9d42f2b-5b78-4c68-8109-c8c9d1c0307a,FB Post,IMAGE,4.3.2026 21:31:56,"Největší hlad na ledě dnes měl @_rihastepan_ 👀🔥

Odměna za výkon?
ZOTT HUNGRY pro dnešního nejhladovějšího hráče. 🥛 #zott #zotthungry #zotthungrydrinkthis",https://www.facebook.com/1275398168115026/posts/1253922393595937,507,,2,,
vsefalcons,instagram,709fceba-e311-48e7-9057-f54a587abf4a,e1be1b8a-8911-4573-bd18-66efc52070f2,IG Post,IMAGE,31.12.2025 10:30:56,"Za každým zápasem, každou akcí a každým naším krokem stojí lidé a značky, kteří v nás věří.

Děkujeme všem partnerům, že jsou s námi na stejné cestě a pomáhají nám posouvat projekt dál, nejen v roce 2025.
Bez vás by to nešlo. Opravdu. 🦅

#jsmevtomspolu",https://www.instagram.com/p/DS7K-yfiBAs/,,6706,59,,5
vsefalcons,instagram,709fceba-e311-48e7-9057-f54a587abf4a,156a77da-2958-4abf-8b52-d80b9e93b675,IG Story,IMAGE,14.3.2026 17:25:04,2 3 Jobánek,https://www.instagram.com/stories/vsefalcons/3852796084313698624,751,677,,,
vsefalcons,instagram,709fceba-e311-48e7-9057-f54a587abf4a,42bf80a0-a5db-4598-86c3-f65fa38c9b66,IG Story,VIDEO,16.4.2026 17:43:17,KDO VYSTŘÍDÁ DNES ALENA V BRÁNĚ? 🤔,https://www.instagram.com/stories/vsefalcons/3876722685761833775,1030,904,,,1
@cvutengineers,instagram,11963a07-7f0f-48e6-9d81-aa63a7ff4a04,5455f048-bbd5-460a-9a28-59e8e3aa854f,IG Post,IMAGE,1.4.2026 10:20:35,"Pojďme si shrnout, jak jsme na tom byli v základní části ⬆️.

Kdo bude náš soupeř pro play-in? To zjistíme už dnes večer! 🔍 Napiš nám do komentářů, koho tipuješ, a vletíme na to společně už 8. 4.! 🦁🔥

#engprg",https://www.instagram.com/p/DWleIjejEc5/,,4838,176,2,18
vsefalcons,instagram,709fceba-e311-48e7-9057-f54a587abf4a,5b1c2184-c306-4ff5-b517-d3d3923a0332,IG Story,VIDEO,8.2.2026 17:44:36,jdeme do vedení,https://www.instagram.com/stories/vsefalcons/3828163575152152944,,965,,,1
@riderspardubice,instagram,4d6a67ab-9313-4f77-a82e-abb18adbca5d,e1215bbf-2633-43eb-8bf1-d56629cc915a,IG Story,IMAGE,8.4.2026 17:04:32,,https://www.instagram.com/stories/riderspardubice/3870905139859302046,,792,,,2
@riderspardubice,instagram,4d6a67ab-9313-4f77-a82e-abb18adbca5d,1dd024ec-d9fe-437f-be4e-49ba74a75c0e,IG Post,IMAGE,18.3.2026 13:00:00,"A slevička by nebyla? 👀

Odkaz na vstupenky v BIU! 🎟️",https://www.instagram.com/p/DWBtT5PjM4F/,,5213,33,1,16
vsefalcons,instagram,709fceba-e311-48e7-9057-f54a587abf4a,411b8110-0834-4210-8d8e-a38edbfb5fa4,IG Story,VIDEO,8.4.2026 15:16:00,📍 ☀️ JSME NA MÍSTĚ,https://www.instagram.com/stories/vsefalcons/3870850537100996688,1043,1123,,,4
univerzitnihokej,tiktok,01c88cf9-594f-408e-a45a-95114221acae,72fd3d0c-0636-41b3-ab01-e55106431d2a,TT Video,VIDEO,13.4.2026 16:50:03,Fanoušci UK Final Four volá 📞 Máte už svůj lístek? 🎟️ 🗓️ 16.-17.4. | 🏟️ Zimní stadion Eden,https://www.tiktok.com/@univerzitnihokej/video/7628287106791574806?utm_campaign=tt4d_open_api&utm_source=7348986504397455361,,530,22,,
@hc_muni,instagram,43cd62c8-609d-4ea6-8ce9-cae5242ede0c,eec6d92b-403b-42c0-84a6-5e635a278e6f,IG Reel,VIDEO,13.4.2026 14:22:42,"Sezóna 2025/26 už je sice pryč🏒 tyhle momenty si ale budeme všichni pamatovat ještě hodně dlouho 🐻💙

#hcmuni",https://www.instagram.com/reel/DXEzTz6jM7q/,,3234,88,,13
@vutcavaliersbrno,instagram,b384bebf-72f3-4f9d-8b2d-3677709f6966,078497aa-7057-4c3e-acca-b7f619e4aba6,IG Reel,REEL,27.3.2026 11:54:57,"Kudrnaté vlasy potřebují víc než jen vodu💧

S novým Flexi Hold Gelem od @garnier_czsk máš definici a hydrataci vyřešenou během vteřiny. Pevná fixace, co drží, ať se na ledě děje cokoliv.

Čistá hlava, čistá hra✌️",https://www.instagram.com/reel/DWYw3IQCN6v/,,3014,83,3,31
@engineersprague,facebook,afd06d1d-7b1c-4f66-8d93-ce4255ab773c,8e7e3f11-e407-4bc1-938d-2cb749126e01,FB Post,PHOTO,12.3.2026 23:17:46,Dali jsme do toho všechno a teď koukáme dopředu! 🫡,https://www.facebook.com/1560924572517692/posts/1543726257570857,322,,3,,
vsefalcons,instagram,709fceba-e311-48e7-9057-f54a587abf4a,9b78a8b0-a09f-402f-8f4b-e599b05ed39c,IG Story,VIDEO,26.2.2026 18:25:56,#FalconsFamily ❤️‍🔥 jedna velká,https://www.instagram.com/stories/vsefalcons/3841230329654824723,1064,1707,,,8
@unitedhk,facebook,bfe6cc29-a387-41b9-9bca-b077722556af,bce2ad27-072e-4f64-89c5-c49224f292d0,FB Post,PHOTO,24.3.2026 13:21:39,"💥Za týden jdeme do PLAY-IN.
31.3. Zápas o VŠE s VŠE Falcons v Praze!

1 zápas. Žádná druhá šance.

👉 Jak to funguje?
Vyhraješ = zůstáváš ve hře o Final Four.
Prohraješ = konec sezóny.

ALL IN

#unitedhk #unihokej #hokej",https://www.facebook.com/122180651084388974/posts/122179563188388974,325,,2,,
@univerzitnihokej,instagram,1e114592-3529-4cfe-9977-2598454053af,6b7a04f9-dde0-4168-93ed-2ecc61eb5430,IG Post,IMAGE,5.4.2026 12:46:23,"UNIted tento týden uzavřeli svou sezónu v semifinále play-in, když jejich cestu do Final Four ukončilo prodloužení proti Falcons.

Respekt za tuhle jízdu a za všechno, co jste letos nechali na ledě 🧡",https://www.instagram.com/p/DWwCABEiFNw/,,12656,357,1,10
@akademiciplzen,instagram,65494228-95bf-4f7b-8e68-d47d7262db66,a54a6a2d-7720-41de-98b7-8c44a9e5d2ed,IG Story,VIDEO,1.4.2026 12:44:24,,https://www.instagram.com/stories/akademiciplzen/3865700782058524323,,1650,,,2
@cvutengineers,instagram,11963a07-7f0f-48e6-9d81-aa63a7ff4a04,f190d27b-a3be-4eef-96ce-845454656e1b,IG Reel,VIDEO,8.4.2026 21:54:35,My právě teď: 🥳🤩😭🥹😍😮‍💨🦁💙,https://www.instagram.com/reel/DW4u-t9DIHJ/,,12767,302,1,16
@boostrava,instagram,1176ddaf-d366-48a2-9639-3c6694c72c85,4c2d55cc-d6a6-412c-b853-cbb59520295d,IG Story,VIDEO,1.4.2026 18:47:22,DĚKUJEME,https://www.instagram.com/stories/boostrava/3865883502936107672,,436,,,
@unitedhk,facebook,bfe6cc29-a387-41b9-9bca-b077722556af,82a04f3b-94cd-4d3f-8f7d-6bfb99a55127,FB Post,IMAGE,19.4.2026 11:15:43,"Děkujeme společnosti Ventio za podporu v sezoně 2025/26.

Spojení tradice a inovací v oblastech projektování, ekologie, recyklace a developmentu.

Díky, že stojíte za UNIted HK. 🖤🧡",https://www.facebook.com/122180651084388974/posts/122181801038388974,237,,3,,
vsefalcons,instagram,709fceba-e311-48e7-9057-f54a587abf4a,bfb49c44-6a7a-47b0-bf4a-113c8039beca,IG Story,VIDEO,17.2.2026 19:07:05,POŠLETE KLUKŮM,https://www.instagram.com/stories/vsefalcons/3834728140807626678,632,799,,,
vsefalcons,instagram,709fceba-e311-48e7-9057-f54a587abf4a,ca1dc892-6231-4d60-bb73-248cd678e8b2,IG Story,VIDEO,26.1.2026 16:04:41,TA PLESKLA 💥 @michal.danniel,https://www.instagram.com/stories/vsefalcons/3818691170113446960,,1037,,,1
vsefalcons,instagram,709fceba-e311-48e7-9057-f54a587abf4a,ca1fa57e-d609-45e7-8a10-7e452d3ec673,IG Story,VIDEO,26.1.2026 18:44:06,@bulvafilip  MAJITEL KASY 🥅,https://www.instagram.com/stories/vsefalcons/3818771450308358914,,1099,,,1
vsefalcons,instagram,709fceba-e311-48e7-9057-f54a587abf4a,1d5ae1f6-8b48-4742-aba5-31c79da04390,IG Story,VIDEO,12.3.2026 15:21:03,MERCH? MÁME! k dostání ve fanzóně 👕 🧢,https://www.instagram.com/stories/vsefalcons/3851284630049701070,1516,1355,,,1
vsefalcons,instagram,709fceba-e311-48e7-9057-f54a587abf4a,728483d5-0ed8-41c1-8c53-6669bc9ef9e8,IG Story,VIDEO,8.4.2026 12:55:19,VZHŮRU DO ⚔️,https://www.instagram.com/stories/vsefalcons/3870779724205152987,1129,1420,,,12
@bitvaoprahu,instagram,d7c8aa06-74fb-4c6c-a7d2-c2fe1bf6d59c,73437f3b-c293-42ab-a892-2a0e89128154,IG Post,IMAGE,12.3.2026 17:19:42,"Když ten hokej prostě baví. 🥹

@czufarmers ⚔️ @vsefalcons 3️⃣:3️⃣ | #bitvaoprahu",https://www.instagram.com/p/DVyuM3MDFMx/,,21752,506,,20
vsefalcons,instagram,709fceba-e311-48e7-9057-f54a587abf4a,40ee2725-9c8a-42be-bbb2-5f07958327dc,IG Story,VIDEO,14.3.2026 13:51:25,MADE IT TO 👍🏼,https://www.instagram.com/stories/vsefalcons/3852688582540573035,932,1185,,,1
@hc_muni,instagram,43cd62c8-609d-4ea6-8ce9-cae5242ede0c,42afb632-decb-4a19-9c64-1b0c5e65a270,IG Post,PHOTO,25.3.2026 12:27:17,"🔥 GAME DAY IS HERE🔥
Poslední brněnské derby téhle sezóny je tady, tak si ho pojďme společně pořádně užít a udělat randál! 🐻🥁

Lístky koupíte v biu 🎟️
#hcmuni",https://www.instagram.com/p/DWTq96ECGJG/,,8053,112,,11
@united_hk,instagram,b18c071b-0570-48b2-b743-990c668c3c5b,6ec5f204-c8fb-4522-96d0-d0063a2a69eb,IG Post,IMAGE,16.4.2026 8:01:10,"Děkujeme společnosti Dahasl za podporu v sezoně 2025/26.

Dodavatel slaboproudých technologií a bezpečnostních systémů.

Díky, že stojíte za UNIted HK. 🖤🧡

#unitedhk #unihokej #hokej",https://www.instagram.com/p/DXL2CQhiG-C/,,2377,53,,1
@univerzitnihokej,facebook,01b45180-0b14-4a14-96e8-d0a4bab1fb9f,877170c6-6c8e-4fae-a7be-7f2db49de039,,IMAGE,16.4.2026 23:38:30,"První den Final Four? Ten stál za to! 😍 Připomeňte si, jak vypadaly semifinálové duely.",https://www.facebook.com/1275398168115026/posts/1287746510213525,835,,2,,
@cvutengineers,instagram,11963a07-7f0f-48e6-9d81-aa63a7ff4a04,e6d9e3bf-1a56-4ed2-82d5-b996ce3608a7,IG Story,VIDEO,8.4.2026 19:11:33,,https://www.instagram.com/stories/cvutengineers/3870969065766703907,,881,,,
vsefalcons,instagram,709fceba-e311-48e7-9057-f54a587abf4a,008f6f53-a7e6-4eeb-93fc-b56eb01414a0,IG Story,VIDEO,9.2.2026 14:30:53,,https://www.instagram.com/stories/vsefalcons/3828791002656186366,,928,,,1
@hc_muni,instagram,43cd62c8-609d-4ea6-8ce9-cae5242ede0c,04d64fc3-ff2f-47b9-9b89-eadc32c80afd,IG Reel,VIDEO,16.3.2026 11:52:57,"KDYŽ TO VEZMEŠ DO VLASTNÍCH RUKOU! 🤯🔥
@_novas_44_ v sobotním zápase naprosto ovládl led a vstřelil HATTRICK🚨🚨🚨

#hcmuni",https://www.instagram.com/reel/DV8b8DcjOF7/,,8910,254,4,13
vsefalcons,instagram,709fceba-e311-48e7-9057-f54a587abf4a,0bd43fa5-d10b-4839-b6ae-bb32cdbe226b,IG Story,VIDEO,17.4.2026 15:08:39,,https://www.instagram.com/stories/vsefalcons/3877369273845066532,1288,1281,,,2
@riderspardubice,instagram,4d6a67ab-9313-4f77-a82e-abb18adbca5d,673254a8-e974-4590-8384-db09f30b9999,IG Story,VIDEO,12.4.2026 10:49:01,LUCKY LOSER  ROZBRUSLENÍ 🍀 👎🏼,https://www.instagram.com/stories/riderspardubice/3873615270590047185,,2678,,,1
vsefalcons,instagram,709fceba-e311-48e7-9057-f54a587abf4a,efd59f98-e1e0-45c1-a4c8-c8efad485874,IG Story,VIDEO,16.4.2026 20:10:38,TEĎ POTŘEBUJEME VEŠKEROU VAŠI PODPORU,https://www.instagram.com/stories/vsefalcons/3876796864452410757,1080,661,,,
vsefalcons,instagram,709fceba-e311-48e7-9057-f54a587abf4a,1498919b-eb6b-494c-a49b-b8c4988ddd8b,IG Story,IMAGE,16.4.2026 20:51:40,,https://www.instagram.com/stories/vsefalcons/3876817690128059871,1135,540,,,2
vsefalcons,instagram,709fceba-e311-48e7-9057-f54a587abf4a,6067ab7a-5ae0-465b-9ce3-de0719f2c97e,IG Post,IMAGE,1.1.2026 10:08:45,Díky že jste s námi byli v uplynulém roce a přejeme krásný vstup do toho nového ✨ vidíme se brzy!,https://www.instagram.com/p/DS9tPJQCI-o/,,2880,84,,
univerzitnihokej,tiktok,01c88cf9-594f-408e-a45a-95114221acae,b139efb4-ee35-4724-8ec8-f4b49c15604d,TT Video,VIDEO,17.4.2026 14:57:14,Tenhle nástup do zápasu se úplně nepovedl. 😅🕺,https://www.tiktok.com/@univerzitnihokej/video/7629742375371296022?utm_campaign=tt4d_open_api&utm_source=7348986504397455361,,23727,1158,3,174
@univerzitnihokej,facebook,01b45180-0b14-4a14-96e8-d0a4bab1fb9f,0866581c-c448-4f59-bc0a-bd768a07331b,FB Post,IMAGE,9.3.2026 9:03:25,"Moravské derby, finále Bitvy o Prahu a mnoho dalšího! Na co se tento týden těšíte nejvíc? 🤓",https://www.facebook.com/1275398168115026/posts/1257172219937621,548,,1,,
@riderspardubice,instagram,4d6a67ab-9313-4f77-a82e-abb18adbca5d,e5c403f5-9a43-4f46-9817-dcf7eb42dd44,IG Story,VIDEO,31.3.2026 21:31:58,,https://www.instagram.com/stories/riderspardubice/3865241533553636732,,417,,,
@riderspardubice,instagram,4d6a67ab-9313-4f77-a82e-abb18adbca5d,8e6dded5-6739-4932-9bf7-c1b9ddc1800d,IG Post,IMAGE,19.3.2026 8:45:07,"Je derby! 🔥

Přijď na poslední domácí zapas semestru opět zažít tradiční rivalitu mezi dvěma sousedícími městy - Pardubice a Hradec Králové! 

Vstupenky koupíš přes odkaz v BIU 👀",https://www.instagram.com/p/DWD0jV9jCEz/,,13943,110,,47
vsefalcons,instagram,709fceba-e311-48e7-9057-f54a587abf4a,cb93c3d7-97b2-448c-bb00-502c9811b22a,IG Story,VIDEO,14.3.2026 17:05:55,@patrik_nabelek  sebral spotlight @mila_prehled_22 🧑‍🧒‍🧒,https://www.instagram.com/stories/vsefalcons/3852786479240102978,1045,1060,,,2
@univerzitnihokej,facebook,01b45180-0b14-4a14-96e8-d0a4bab1fb9f,8c48cd32-157f-4248-b429-6af633359f10,FB Post,PHOTO,31.3.2026 11:11:26,Oficiálně vypínáme základní část a zapínáme PLAY-IN MODE 😤,https://www.facebook.com/1275398168115026/posts/1274788088176034,1320,,3,,
@engineersprague,facebook,afd06d1d-7b1c-4f66-8d93-ce4255ab773c,b4524416-4352-45cc-ac28-bb1da871fac9,FB Story,VIDEO,12.3.2026 18:47:29,,,,,,,
vsefalcons,instagram,709fceba-e311-48e7-9057-f54a587abf4a,bdbdef9b-691c-4ea7-8cd4-625723f2feff,IG Reel,VIDEO,18.1.2026 19:35:04,"Naše academic weapons se nám svěřili s jejich nejtěžší zkoušku semestru. 🤓 Kluci, budeme držet palce! ✊🏼",https://www.instagram.com/reel/DTqfibbCAeL/,,6247,130,,13
@riderspardubice,facebook,f99ed6c3-17cc-46f4-a32e-d9b0576ce2df,45420f3f-80a3-42bc-a9d4-0f06734f1559,FB Video,VIDEO,12.4.2026 15:05:35,@unihokejfinalfour těšíme se😎,https://www.facebook.com/reel/2086877262171188/,323,118,2,,
@cvutengineers,instagram,11963a07-7f0f-48e6-9d81-aa63a7ff4a04,7f5a90ad-6dd4-4f9c-b22a-f42457971c4c,IG Post,IMAGE,13.3.2026 13:42:49,"Bitvu jsme prohráli, ale válka je ještě před náma 🫡

Sezona se blíží do finále a my jdeme dokončit co jsme začali! 

#engprg #srdcelva

📸: @ondra_mann",https://www.instagram.com/p/DV06LI9DB9p/,,12842,502,,25
@cvutengineers,instagram,11963a07-7f0f-48e6-9d81-aa63a7ff4a04,2a582ae6-58ca-437b-9a65-41eeded60c3e,IG Post,IMAGE,16.4.2026 18:14:50,LET’S GO ENGINEERS 🔥🍀,https://www.instagram.com/p/DXM8O-_jIqD/,,2089,67,,1
vsefalcons,instagram,709fceba-e311-48e7-9057-f54a587abf4a,485765b4-331e-40a8-9146-98e12b05140a,IG Reel,REEL,12.3.2026 17:23:24,KSN 🤩,https://www.instagram.com/reel/DVytejBCPnk/,,6472,233,3,12
vsefalcons,instagram,709fceba-e311-48e7-9057-f54a587abf4a,783800be-6581-4b42-9901-e2c2311b1284,IG Reel,VIDEO,19.2.2026 18:11:05,"Kdo by podle vás vypadl jako první nebo naopak vyhrál? 🤔
Survivor themed zápas už v úterý, tak přijďte fandit! 🫨 Vstupenky sežene na profilu! 🎟️",https://www.instagram.com/reel/DU8vIAbCJs5/,,8011,114,2,36
@akademiciplzen,instagram,65494228-95bf-4f7b-8e68-d47d7262db66,8c87af2f-1547-480e-9d44-1e5302c4a405,IG Story,VIDEO,1.4.2026 18:47:54,,https://www.instagram.com/stories/akademiciplzen/3865883744142138345,,1123,,,12
vsefalcons,instagram,709fceba-e311-48e7-9057-f54a587abf4a,c455330e-4777-4c41-833b-149b00b1d3f5,IG Story,VIDEO,12.3.2026 16:36:42,SROVNÁVÁ 3:3,https://www.instagram.com/stories/vsefalcons/3851322215308504364,1414,1279,,,
vsefalcons,instagram,709fceba-e311-48e7-9057-f54a587abf4a,5b3f2163-30c6-4f01-983d-c001787e6b7d,IG Story,VIDEO,17.2.2026 17:10:54,"OKOUKNOUT TAKTIKU
PŘED ZÁPASEM @ceskyhokej 👀",https://www.instagram.com/stories/vsefalcons/3834669598901803156,69143,75548,,,2
vsefalcons,instagram,709fceba-e311-48e7-9057-f54a587abf4a,5baa3878-45ce-4daa-a4de-4dd62ef9a081,IG Story,VIDEO,11.2.2026 20:44:00,ŽE PUB KVÍZ SE BLÍŽÍ A VOLNÁ MÍSTA UBÝVAJÍ 🫣,https://www.instagram.com/stories/vsefalcons/3830428163096754691,735,735,,,4
@riderspardubice,instagram,4d6a67ab-9313-4f77-a82e-abb18adbca5d,aca35efc-3d29-4237-bdba-6357145b9e51,IG Story,VIDEO,17.4.2026 14:36:17,1. TŘETINA ZAPOČATA 👊🏻 0:0,https://www.instagram.com/stories/riderspardubice/3877353322017726622,,965,,,
@cvutengineers,instagram,11963a07-7f0f-48e6-9d81-aa63a7ff4a04,8aad5eab-3920-4048-b88e-2121353cf82c,IG Story,VIDEO,17.4.2026 18:01:37,ZLOMENÁÁÁÁ 🏒 🥲,https://www.instagram.com/stories/cvutengineers/3877456601670270669,,1406,,,2
@engineersprague,facebook,afd06d1d-7b1c-4f66-8d93-ce4255ab773c,9694e5d4-de95-401e-8c1f-23c0c25ed8b5,FB Story,VIDEO,2.3.2026 20:12:53,,,,,,,
@univerzitnihokej,instagram,1e114592-3529-4cfe-9977-2598454053af,a077c161-e0d0-413d-8367-1d7298982044,IG Story,VIDEO,8.4.2026 17:06:21,,https://www.instagram.com/stories/univerzitnihokej/3870906059393076355,,957,,,
@hc_muni,instagram,43cd62c8-609d-4ea6-8ce9-cae5242ede0c,e7070c4b-3168-49b1-81f8-237d483a99a1,IG Story,VIDEO,3.4.2026 16:44:36,,https://www.instagram.com/stories/hc_muni/3867271300645655733,,614,,,1
vsefalcons,instagram,709fceba-e311-48e7-9057-f54a587abf4a,ff915d63-1ff6-4a39-ba5d-cf9e82ef5f01,IG Reel,VIDEO,11.4.2026 14:42:25,"Kluci už se fešákujou, aby jim to ve čtvrtek na @unihokejfinalfour slušelo 😮‍💨 a kdo jinej by jim v tom měl pomoci než @garnier_czsk 💅💚

Vstupenky koupíš na finalfour.cz",https://www.instagram.com/reel/DW_rXReiCDZ/,,9619,289,3,80
vsefalcons,instagram,709fceba-e311-48e7-9057-f54a587abf4a,734806f1-cd0a-488f-b2c5-704c376416f0,IG Story,VIDEO,26.1.2026 16:44:35,POŠLETE KLUKŮM ŠTĚSTÍ DO PRVNÍHO LETOŠNÍHO ZÁPASU 💙 💙,https://www.instagram.com/stories/vsefalcons/3818711276851862756,,891,,,1
@bitvaoprahu,facebook,75e0f41f-82be-4f82-a77b-82ac11135ed2,e759b5c6-2cb0-4402-979d-af3ef6e22ca0,FB Video,VIDEO,12.3.2026 21:52:53,"URAGÁN JMÉNEM UK! 🤯🔥

Poslední dějství finálové bitvy živě na @sport_ct ➕.

@ukkingsprague ⚔️ @cvutengineers o 🥇! #bitvaoprahu",https://www.facebook.com/reel/969725712373468/,130,28,,,
@cvutengineers,instagram,11963a07-7f0f-48e6-9d81-aa63a7ff4a04,41821131-cd65-4748-bbc4-2eb3e855608d,IG Story,VIDEO,17.4.2026 19:19:22,,https://www.instagram.com/stories/cvutengineers/3877495867259535049,,1477,,,1
@riderspardubice,facebook,f99ed6c3-17cc-46f4-a32e-d9b0576ce2df,8f06c526-25f3-4a57-9f03-977df73ce6a5,FB Video,VIDEO,17.4.2026 14:35:27,Začíná tu být horko 😮‍💨🔥,https://www.facebook.com/reel/876442445408828/,504,155,1,,
@united_hk,instagram,b18c071b-0570-48b2-b743-990c668c3c5b,9ffee0a2-745a-4df8-9259-b8ce35459a81,IG Reel,REEL,29.3.2026 15:56:27,"Koupíš Garnier…
a zapomeneš, že první krok = mít vlasy. 😭🏒

#unitedhk #unihokej #uhk #hradeckralove",https://www.instagram.com/reel/DWeV9poiLDE/,,4928,94,,66
@riderspardubice,instagram,4d6a67ab-9313-4f77-a82e-abb18adbca5d,4312d69c-89d0-4830-be8d-1a62a3070e3b,IG Story,VIDEO,1.4.2026 13:31:09,Děkujeme za podporu!,https://www.instagram.com/stories/riderspardubice/3865724309562220349,,640,,,
@cvutengineers,instagram,11963a07-7f0f-48e6-9d81-aa63a7ff4a04,7f01104a-bf81-4592-9dcb-2622ab45c735,IG Story,IMAGE,17.4.2026 21:56:49,1 4,https://www.instagram.com/stories/cvutengineers/3877575232492187430,,964,,,2
@hcnorthwings,facebook,2b08a479-603b-46e4-8a48-2bc0435ccd53,97fc230b-9529-4676-946a-7d4ff3408b87,FB Story,VIDEO,18.3.2026 16:34:14,,,,,,,
vsefalcons,instagram,709fceba-e311-48e7-9057-f54a587abf4a,89ddf88b-7eb0-469b-90cb-ab8679d1a80b,IG Story,VIDEO,24.2.2026 18:37:09,Kočka  a myš 😼,https://www.instagram.com/stories/vsefalcons/3839787335131128962,730,875,,,
@univerzitnihokej,facebook,01b45180-0b14-4a14-96e8-d0a4bab1fb9f,89e86f2d-d545-477b-9c31-afb84fb0b8f2,FB Post,IMAGE,9.3.2026 15:40:07,"Minulou sezonu si výherkyně odnesla šek na čtvrt milionu od ČSOB 💙 Letos hrajeme o 1️⃣0️⃣0️⃣ 0️⃣0️⃣0️⃣ Kč. Kdo je získá tentokrát? 👀

🔗 Založ si účet u ČSOB přes odkaz v našem biu a možná to budeš právě ty. 🫵🏻",https://www.facebook.com/1275398168115026/posts/1257384276583082,667,,,,
univerzitnihokej,tiktok,01c88cf9-594f-408e-a45a-95114221acae,926e49b5-2a8f-42de-81be-b5104625f9f2,TT Video,VIDEO,16.4.2026 15:58:54,"GÓL, který přepsal dějiny! ✍️ Sleduj první trefu @UK KINGS PRAGUE FINAL4 ULLH 👀",https://www.tiktok.com/@univerzitnihokej/video/7629387186881711382?utm_campaign=tt4d_open_api&utm_source=7348986504397455361,,2380,93,1,7
@boostrava,instagram,1176ddaf-d366-48a2-9639-3c6694c72c85,a0ea7962-de0d-4053-8c7e-b0a560595a4e,IG Story,VIDEO,31.3.2026 18:28:20,,https://www.instagram.com/stories/boostrava/3865149113742679427,,639,,,
@univerzitnihokej,instagram,1e114592-3529-4cfe-9977-2598454053af,d3bd6cf5-1b86-466e-ac75-97763acf1378,IG Post,IMAGE,2.3.2026 9:30:34,"@ukkingsprague mají ve vedoucí pozici výrazný bodový náskok, ale hned za nimi to vypadá ještě na pořádný boj o umístění 🔥 máme se na co těšit! 🙂‍↕️",https://www.instagram.com/p/DVYIj-IiGKZ/,,13906,266,,30
@akademiciplzen,instagram,65494228-95bf-4f7b-8e68-d47d7262db66,dd031fde-e994-4ea6-b29d-6ca7f701d1e4,IG Story,VIDEO,10.4.2026 12:56:32,@_adamsobotka,https://www.instagram.com/stories/akademiciplzen/3872229862568363046,,1025,,,2
@akademiciplzen,instagram,65494228-95bf-4f7b-8e68-d47d7262db66,78a10236-addb-4edb-b1a0-79d3f3b00354,IG Post,IMAGE,6.3.2026 19:48:07,"Jarní bitva už je minulostí! 💥 

Slavnostní buly nám vhodil maskot Olympiády dětí a mládeže, která se uskuteční 24.-28. 1. 2027 u nás v Plzeňském kraji! 🏆

#akademiciplzen 💙 | 📸 @vpotocesevodatoci @novotny_studio.cz",https://www.instagram.com/p/DVjiamNjNgW/,,9154,184,,4
@united_hk,instagram,b18c071b-0570-48b2-b743-990c668c3c5b,85d95b77-eac7-445c-856a-de6312f3d6c1,IG Story,IMAGE,29.4.2026 19:00:43,,https://www.instagram.com/stories/united_hk/3886183914901350760,,414,,,
@univerzitnihokej,instagram,1e114592-3529-4cfe-9977-2598454053af,d68c5bf9-1d77-410a-b158-ae899ee31d7d,IG Story,VIDEO,12.4.2026 17:08:15,"To budeš zítra ty s ušetřenými kačkama, když koupíš lístky v první vlně 👀",https://www.instagram.com/stories/univerzitnihokej/3873806129054648180,,842,,,1
@univerzitnihokej,instagram,1e114592-3529-4cfe-9977-2598454053af,d1fb7151-0f90-4e6b-8b72-77a5bc670566,IG Story,VIDEO,9.4.2026 15:59:36,🎟️,https://www.instagram.com/stories/univerzitnihokej/3871597235460907124,,874,,,
@united_hk,tiktok,7e062517-b9da-416d-b73d-a2c5899a2be6,d52d238c-09ac-4a1a-a0b2-9c592746ff04,TT Video,VIDEO,8.3.2026 10:09:27,🧅 Kaufland Cutting Challenge Vracíme se ještě k momentům z Východočeského derby univerzit. Derby není jen o hokeji. Během přestávky jsme si dali rychlou výzvu – Kaufland Cutting Challenge. Úkol byl jednoduchý: 45 vteřin. Hokejové rukavice. A co nejvíc najemno nakrájet cibuli. Jak to dopadlo? Podívej se ve videu. Díky partnerovi Kaufland za další zábavný moment derby. 🖤🧡❤️ #unitedhk #unihokej #hokej,https://www.tiktok.com/@united_hk/video/7614824806646566166?utm_campaign=tt4d_open_api&utm_source=7348986504397455361,,1040,24,,
@united_hk,instagram,b18c071b-0570-48b2-b743-990c668c3c5b,a22e2681-ce3c-42fd-871d-482f3027b5f8,IG Reel,VIDEO,8.3.2026 18:15:08,"🏒 BAUER Gear Up Challenge
Ještě jeden návrat k momentům z Východočeského derby univerzit.

Během přestávky jsme dali fanouškům výzvu – BAUER Gear Up Challenge.

Úkol byl jasný: 45 vteřin. A obléknout si co nejvíc hokejové výstroje. Helma, chrániče, rukavice…

Kdo to zvládl nejrychleji? Podívej se ve videu.

Díky partnerovi BAUER za skvělý moment derby.

🖤🧡❤️

#unitedhk #unihokej #hokej",https://www.instagram.com/reel/DVohP-1CKBZ/,,3047,43,,
@bitvaoprahu,facebook,75e0f41f-82be-4f82-a77b-82ac11135ed2,b354d0f5-0883-4dfe-8ab8-3ead6d7483af,FB Post,IMAGE,10.3.2026 13:57:54,"Kdo už se taky nemůže dočkat, ruku do komentářů! 🖐🏼
Nenech si to ujít ❤️ lístky na bitvaoprahu.cz",https://www.facebook.com/1441262177797849/posts/1418640410060026,213,,,,
vsefalcons,instagram,709fceba-e311-48e7-9057-f54a587abf4a,d26853ed-8bd8-4232-974b-0ca436e7b228,IG Story,VIDEO,9.3.2026 17:45:42,"Bude to zítra 
HEATED nebo RIVALRY? 🤫",https://www.instagram.com/stories/vsefalcons/3849182632110247279,,690,,,13
@VUTCavaliersBrno,facebook,3351b43e-4b71-442b-b2f1-920cd6e57ee5,8d98cbeb-b8eb-47e4-a19c-7b1a13fc4722,FB Video,VIDEO,25.3.2026 21:21:43,"Děkujeme za podporu v průběhu celé základní části❤️ Tím to ale nekončí, příští týden hrajeme první zápas play-in proti @blackdogsbudweis_vste 🏒",https://www.facebook.com/reel/934068499262505/,583,184,2,,
@akademiciplzen,instagram,65494228-95bf-4f7b-8e68-d47d7262db66,e08b1de2-af95-488f-9d53-64deeecb0440,IG Story,VIDEO,2.4.2026 9:34:24,,https://www.instagram.com/stories/akademiciplzen/3866329927935360274,,1707,,,1
@cvutengineers,instagram,11963a07-7f0f-48e6-9d81-aa63a7ff4a04,41e591b1-c894-42c5-9bf8-07a6a3907f77,IG Post,IMAGE,4.3.2026 8:33:50,"🚨 GAMEDAY | Dnes hrajeme doma!
V tradičních 20:00 vyzvedneme na našem ledě @united_hk 🔥. Jak tento duel dopadne? Přijď se podívat na Hvězdu a pořádně nám zafandit! Těšíme se 👋🏻. 

#engprg",https://www.instagram.com/p/DVdLZ0MDEBd/,,4828,65,,10
vsefalcons,instagram,709fceba-e311-48e7-9057-f54a587abf4a,4344f4fe-4ee4-4efc-8f2a-5637e90f5e8c,IG Reel,REEL,16.3.2026 18:18:36,"Tipovačka s Tipsportem 🔥

Jakého favorita v Extralize máš ty? ✒️⤵️",https://www.instagram.com/reel/DV9HwUSCFmk/,,13908,283,12,38
@cvutengineers,instagram,11963a07-7f0f-48e6-9d81-aa63a7ff4a04,fc91c1e7-4439-4aa8-8aab-5ab40b561542,IG Story,VIDEO,4.4.2026 12:35:00,😜 😜,https://www.instagram.com/stories/cvutengineers/3867870418468400266,,1089,,,1
vsefalcons,instagram,709fceba-e311-48e7-9057-f54a587abf4a,4ee6a605-d928-4696-b920-0be9b4d518d3,IG Story,VIDEO,2.1.2026 21:30:51,@mcpraha3 🤝🏼 @vsefalcons,https://www.instagram.com/stories/vsefalcons/3801460708018268615,,967,,,
@univerzitnihokej,instagram,1e114592-3529-4cfe-9977-2598454053af,a2323d03-95e7-47db-90a0-51ec4dc5b985,IG Post,IMAGE,3.3.2026 16:47:01,"Základní část končí za 22 dní. ⏳ Body se ještě sbírají, tabulka se může zamotat… ale program Final Four už je jasný. ☝🏻🔥

16. 4. – semifinálový den (2 zápasy)
17. 4. – utkání o bronz & finále 🏆

Dva dny. Čtyři týmy. Jeden titul. 
Vstupenky na finalfour.cz 🎟️",https://www.instagram.com/p/DVbfTfjCHOB/,,8308,136,,35
@riderspardubice,instagram,4d6a67ab-9313-4f77-a82e-abb18adbca5d,bcd641f6-2657-4e5d-b168-e173fb018a42,IG Post,PHOTO,31.3.2026 10:01:01,"Dnes důležitý zápas v Ostravě- PLAY-IN!👊🏻🔥

Play-in
🗓️ 31.3. v 19:30
📍 v RT Torax Arena 
⚔️ proti @boostrava 

#playin#riders",https://www.instagram.com/p/DWi25-ZDJ-Q/,,2969,40,,2
@riderspardubice,instagram,4d6a67ab-9313-4f77-a82e-abb18adbca5d,967d032a-2975-457f-8e8b-b90075c3d67e,IG Story,IMAGE,17.4.2026 13:31:33,,https://www.instagram.com/stories/riderspardubice/3877320926488692535,,1150,,,1
@riderspardubice,facebook,f99ed6c3-17cc-46f4-a32e-d9b0576ce2df,44aea99d-ebd3-4b69-be9b-d54582395054,FB Post,IMAGE,12.4.2026 13:55:35,Tohle je crazyyy! Všichni jdeme nabíhejme vyprodat vstupenky na @unihokejfinalfour! 🤯🤯,https://www.facebook.com/1592662819534019/posts/1602747611858873,3734,,54,,
@riderspardubice,instagram,4d6a67ab-9313-4f77-a82e-abb18adbca5d,fd39cd24-ca7c-4ca4-9680-c5251dd38bad,IG Reel,VIDEO,27.4.2026 10:50:27,"Tahle jízda je u konce! Děkujeme všem za neskutečnou podporu. 🐎 Tato sezóna byla naprosto unikátní – zažili jsme historicky první Final Four a Riders u toho nesměli chybět!

P.S.: Jak teď máme bez těch hezkých hokejistů jako žít? Ptám se pro kamarádku... 🙋‍♀️",https://www.instagram.com/reel/DXoeIlfDJm8/,,9269,445,1,306
vsefalcons,instagram,709fceba-e311-48e7-9057-f54a587abf4a,2e36a47c-2493-494c-aa7d-d55c3673aee5,IG Story,VIDEO,12.3.2026 17:40:07,"no není to krásný 🥹 se vrátil z erasmu, jen aby dal gól na bitvě",https://www.instagram.com/stories/vsefalcons/3851356604121743894,1697,1513,,1,3
@BOhokej,facebook,c9082543-a03b-490f-8f97-66d439acce89,8747a0ec-b063-49be-92f2-12e08c999c4a,FB Video,VIDEO,20.3.2026 20:43:42,"Je to tady! 🔥

Sezona se blíží ke svému konci a nás tak čeká poslední domácí utkání základní části! 

Nenechte si to ujít a doražte do RT TORAX ARENY! 🏒

#hockey #lastdance #boostrava",https://www.facebook.com/reel/2407389409726406/,310,107,,,
@riderspardubice,instagram,4d6a67ab-9313-4f77-a82e-abb18adbca5d,bbbacb5d-b449-4238-8579-852aa49087b4,IG Story,VIDEO,12.4.2026 18:03:18,,https://www.instagram.com/stories/riderspardubice/3873833822349723957,,870,,,6
@218107044725785,facebook,7a942e3e-6c47-4794-9ba7-bbc7b6d40cb3,bd249c7a-d9ad-4cee-9620-e883572eccfb,FB Video,VIDEO,23.6.2026 8:00:23,"Taky vám už chybí hokej a naši kluci? 🥹🔥

#vsefalcons #icehockey #hockeyboys",https://www.facebook.com/reel/1373545411498259/,403,89,3,,
vsefalcons,instagram,709fceba-e311-48e7-9057-f54a587abf4a,45a794a0-2daf-417d-8a4f-190eaa8e5455,IG Reel,REEL,14.3.2026 10:16:14,Třetí zápas v jednom týdnu a dnes se vyrazíme po D1 do Brna 👋🏻,https://www.instagram.com/reel/DV3HQ_JiClI/,,5279,147,,15
@univerzitnihokej,facebook,01b45180-0b14-4a14-96e8-d0a4bab1fb9f,d19593b3-8c95-4d8f-8ec7-df00e16d88fa,FB Post,IMAGE,22.3.2026 17:55:39,"V předposledním týdnu základní části překvapili Riders v Ostravě, BOčko naopak sebralo bod druhým Engineers po prodloužení. 🫨 UNIted, Black Dogs i Akademici přestříleli soupeře z nižších pozic a berou 3 body. 🙏🏼",https://www.facebook.com/1275398168115026/posts/1267724078882435,990,,,,
vsefalcons,instagram,709fceba-e311-48e7-9057-f54a587abf4a,f55d4281-9bfa-4d9c-bbe7-a4295a33089b,IG Post,ALBUM,11.3.2026 18:43:30,"HOT NEWS 🔥

Už bylo trochu na čase obměnit naši Falcons collection, so here we go 🙂‍↕️

🌸 Holčičí crewneck s nápisem, se kterým souzní snad každá slečna 
🤘🏼Unisex crewneck, kterej bude slušet úplně všem 
🧢 Kšiltovka, která outfit posune ještě o level vejš 

Tohle všechno bude k dostání už zítra na bitvě v naší fanzóně a už brzy i na našem e-shopu 🛍️

Co na merch říkáte? 🤩",https://www.instagram.com/p/DVwS_vLCDNH/,,23705,350,11,215
vsefalcons,instagram,709fceba-e311-48e7-9057-f54a587abf4a,40711d91-fb48-4c3a-99c2-f7474cc3783e,IG Story,VIDEO,25.5.2026 13:19:09,"děkujeme
@vsecz & @ctvsvse 
za prostory 🙏🏼 MY UŽ V TICHOSTI ZVEDÁME
V NAŠÍ ŠKOLNÍ POSILOVNĚ 🏋️‍♂️ 💪🏼",https://www.instagram.com/stories/vsefalcons/3904855899562862087,,3689,,,10
@hcnorthwings,facebook,2b08a479-603b-46e4-8a48-2bc0435ccd53,dbaf30dc-bcae-458f-aefd-c5d3f993f9d5,FB Story,IMAGE,11.3.2026 19:57:09,,,,,,,
@boostrava,instagram,1176ddaf-d366-48a2-9639-3c6694c72c85,f6604887-b06f-425b-9bd1-d2c4e17aacad,IG Reel,VIDEO,18.4.2026 10:52:43,HISTORICKY PRVNÍ FINAL FOUR🔥,https://www.instagram.com/reel/DXRTQeOjJQl/,,2685,70,1,1
vsefalcons,instagram,709fceba-e311-48e7-9057-f54a587abf4a,06d62636-c6f5-4471-8df9-d3f481001659,IG Story,VIDEO,17.2.2026 19:49:43,1. TŘETINA,https://www.instagram.com/stories/vsefalcons/3834749490217671686,619,754,,,
@univerzitnihokej,instagram,1e114592-3529-4cfe-9977-2598454053af,3fa5a6e2-557d-49dd-8719-19d244398281,IG Post,IMAGE,8.3.2026 17:25:28,"Fuha, to byl týden 😮‍💨 Pro některé týmy obzvlášť ziskový, Engineers a Black Dogs si připsali rovnou 6 bodů. 🙌🏼",https://www.instagram.com/p/DVobrh1iOvT/,,3051,69,,2
vsefalcons,instagram,709fceba-e311-48e7-9057-f54a587abf4a,788582a2-c948-40d2-af6a-b245ebbe3555,IG Story,VIDEO,21.4.2026 18:25:21,ZÍTRA SE VIDÍME NA JAROVĚ! 👋🏼,https://www.instagram.com/stories/vsefalcons/3880367777160668977,858,656,,,3
@vutcavaliersbrno,instagram,b384bebf-72f3-4f9d-8b2d-3677709f6966,3e77b39f-9639-471f-a095-de1a4751fb57,IG Reel,VIDEO,16.3.2026 8:21:35,Hattrick @jerabekdmnk ze sobotního utkání proti VŠE Falcons Prague 👈,https://www.instagram.com/reel/DV8DtTtCO_j/,,5968,138,1,13
@riderspardubice,instagram,4d6a67ab-9313-4f77-a82e-abb18adbca5d,563e1b8f-5be4-436c-a674-e9c38a84d587,IG Story,VIDEO,14.4.2026 6:31:11,,https://www.instagram.com/stories/riderspardubice/3874935015415249706,,652,,,
@bitvaoprahu,instagram,d7c8aa06-74fb-4c6c-a7d2-c2fe1bf6d59c,deee6b77-1b95-4265-83f3-ce6c907b711d,IG Reel,VIDEO,12.3.2026 17:51:32,"🚨 POD VÍKO A PÁTÁ ODBYLA! 🖐🏼

Falcons odskakují do vedení! ➡️ Živě na @sport_ct ➕.",https://www.instagram.com/reel/DVyxK8yDMsV/,,16392,278,,15
@univerzitnihokej,instagram,1e114592-3529-4cfe-9977-2598454053af,e325fbba-ad2f-4c87-a06b-7424ad82654f,IG Post,IMAGE,15.3.2026 18:56:21,"Další dva TOP zápasy máme za sebou a dokonce už známe vítěze letošní základní části 💪🏼 play-in a @unihokejfinalfour se pomalu blíží, jste ready? 😎",https://www.instagram.com/p/DV6nA36CNyu/,,4321,93,,3
vsefalcons,instagram,709fceba-e311-48e7-9057-f54a587abf4a,2f260989-01e3-450c-81ca-85d544f24608,IG Story,VIDEO,17.3.2026 9:01:10,,https://www.instagram.com/stories/vsefalcons/3854716794661566960,987,1228,,,
@hc_muni,instagram,43cd62c8-609d-4ea6-8ce9-cae5242ede0c,3162ce63-3b47-44c4-be1b-a1549e28f634,IG Story,VIDEO,11.4.2026 21:18:56,,https://www.instagram.com/stories/hc_muni/3873207587546518660,,209,,,
vsefalcons,instagram,709fceba-e311-48e7-9057-f54a587abf4a,3ebde160-fba7-4103-a2c5-35c92b45bad5,IG Story,VIDEO,28.3.2026 19:27:26,PLAY-IN MODE trénujeme i v sobotu 🫡 🔥,https://www.instagram.com/stories/vsefalcons/3863004569320044403,819,646,,,3
vsefalcons,instagram,709fceba-e311-48e7-9057-f54a587abf4a,819d4d1f-a82b-432d-8463-ea5437ffd55c,IG Story,VIDEO,31.3.2026 15:05:00,🤖 🦾 🦿,https://www.instagram.com/stories/vsefalcons/3865046788109541709,1040,944,,,2
@riderspardubice,instagram,4d6a67ab-9313-4f77-a82e-abb18adbca5d,ea36792d-74ce-490e-9f88-4a43a2894d9c,IG Story,IMAGE,17.4.2026 21:47:26,,https://www.instagram.com/stories/riderspardubice/3877570507734577739,,495,,,
@hc_muni,instagram,43cd62c8-609d-4ea6-8ce9-cae5242ede0c,f1da025a-6148-4da8-a042-5cb0cf659bdc,IG Post,IMAGE,16.3.2026 8:42:43,"Ve středu v 19:30 jdeme znovu do boje! 🔥
Přijď nás podpořit na Lužánky a pomoct vytvořit skvělou atmosféru! 🐻💙

Lístky koupíš u nás v biu 🎟️

#hcmuni",https://www.instagram.com/p/DV8Fk60jIdL/,,3606,48,,2
@univerzitnihokej,instagram,1e114592-3529-4cfe-9977-2598454053af,050a51df-b637-47c1-8fd0-283276a38840,IG Reel,VIDEO,6.3.2026 19:24:30,"Final Four sem, Final Four tam…
Ale kdo ho vlastně bude hrát? 🤔 Ondra vám hezky ve videu ukáže, jak se týmy dostanou mezi nejlepší čtyřku. 👆🏻
🗓️16.-17. duben | 🏟️ Zimní stadion Eden",https://www.instagram.com/reel/DVjfY8OiCYM/,,16131,364,2,106
vsefalcons,instagram,709fceba-e311-48e7-9057-f54a587abf4a,16158a66-d82c-4521-b50f-a9a7f0c879e6,IG Story,IMAGE,13.3.2026 16:53:02,,https://www.instagram.com/stories/vsefalcons/3852055182590925042,852,872,,,5
@vutcavaliersbrno,instagram,b384bebf-72f3-4f9d-8b2d-3677709f6966,6edab800-dfd5-4751-bc20-3c41f7c50f36,IG Post,IMAGE,5.3.2026 10:44:54,"Fotoreport ze včerejšího utkání proti @boostrava 🏒👊🏽

📸 @vladisek

#unihokej #vutbrno #vutcavaliersbrno #boostrava",https://www.instagram.com/p/DVf_dDsiOe5/,,3173,92,1,5
@bitvaoprahu,instagram,d7c8aa06-74fb-4c6c-a7d2-c2fe1bf6d59c,bdc2be10-5a9d-442f-8184-6eae5478d113,IG Reel,VIDEO,9.3.2026 17:02:01,"I tuhle písničku si společně zazpíváme už ve čtvrtek! 🗣️

Lístky na bitvaoprahu.cz 🎟️",https://www.instagram.com/reel/DVq9pqkiF3-/,,75572,2474,11,478
@cvutengineers,instagram,11963a07-7f0f-48e6-9d81-aa63a7ff4a04,d073f8b2-8845-4f6c-acbb-a04bf341fc81,IG Post,IMAGE,16.4.2026 21:23:04,"1/2 To nejdůležitější nás ještě čeká ✨

17.4. 
Zimní stadion Eden 
ENG vs. UK
Finále ULLH",https://www.instagram.com/p/DXNRunBDJKx/,,2141,104,,1
@cvutengineers,instagram,11963a07-7f0f-48e6-9d81-aa63a7ff4a04,f4a16f7c-a17a-4a92-b109-e3f4d923496e,IG Story,VIDEO,17.4.2026 22:55:53,,https://www.instagram.com/stories/cvutengineers/3877604809767685897,,970,,,
@univerzitnihokej,instagram,1e114592-3529-4cfe-9977-2598454053af,4633d5e0-aca9-44f4-9c4d-7bb233eb28bb,IG Story,VIDEO,11.4.2026 15:21:45,,https://www.instagram.com/stories/univerzitnihokej/3873027736000302210,,805,,,2
@riderspardubice,instagram,4d6a67ab-9313-4f77-a82e-abb18adbca5d,5e5963f6-2181-432f-8b2a-c1e4be126ec8,IG Post,IMAGE,9.3.2026 22:29:31,"Dnes se zadařilo!🥳 Sice po prodloužení, ale 2 další body jsou doma!",https://www.instagram.com/p/DVrjEv1jG_5/,,2906,62,,3
@hcnorthwings,facebook,2b08a479-603b-46e4-8a48-2bc0435ccd53,36059bd6-d46c-44bb-8c72-1dba6c731e9a,FB Story,VIDEO,2.3.2026 18:32:52,,,,,,,
@univerzitnihokej,instagram,1e114592-3529-4cfe-9977-2598454053af,7d987f16-f322-495a-8224-3947ab8d9b95,IG Post,IMAGE,12.3.2026 10:55:34,Pražský den D je tady! Kdo dnes urve bronz na @bitvaoprahu ? 🫨,https://www.instagram.com/p/DVyB-skCIvi/,,11474,160,1,42
vsefalcons,instagram,709fceba-e311-48e7-9057-f54a587abf4a,919ccaf0-6adb-44e0-b929-9d4830e04019,IG Story,VIDEO,8.4.2026 17:25:38,nezahálel a rázem přidává další,https://www.instagram.com/stories/vsefalcons/3870915827516054369,896,826,,,3
@riderspardubice,instagram,4d6a67ab-9313-4f77-a82e-abb18adbca5d,b403fd7b-620a-4d9b-bea9-469cf0682bc2,IG Story,VIDEO,17.4.2026 15:07:32,NOVOTNÝ,https://www.instagram.com/stories/riderspardubice/3877369151623030646,,923,,,
@univerzitnihokej,facebook,01b45180-0b14-4a14-96e8-d0a4bab1fb9f,c1fdb243-8ca7-41d9-b7de-2652358e270d,FB Post,IMAGE,28.3.2026 19:14:06,Poslední semifinálový duel vypukne v Plzni 🔥 Farmers se ve vyřazovací části vrátí zpět na půdu Akademiků 🔙,https://www.facebook.com/1275398168115026/posts/1272792498375593,1320,,1,,
@bitvaoprahu,instagram,d7c8aa06-74fb-4c6c-a7d2-c2fe1bf6d59c,f94754f8-474f-4f8d-b6e3-ef001a5db666,IG Post,IMAGE,12.3.2026 9:00:52,"Nevíš co na sebe? 😔 Teď už jo! Obleč se do barev tvojí univerzity ať všichni ví, komu fandíš 🫡

Tak co, bude to červená❤️, modrá💙, zelená💚 nebo bílá🤍? 

Finálový večer Bitva o Prahu 🏒
Poslední lístky 👉🏼 bitvaoprahu.cz🎟️",https://www.instagram.com/p/DVx1FYgDEKM/,,11141,251,,74
@bitvaoprahu,facebook,75e0f41f-82be-4f82-a77b-82ac11135ed2,fdd21ef5-f76b-4e37-b99f-89b5193a49b0,FB Video,VIDEO,12.3.2026 17:51:48,"🚨 POD VÍKO A PÁTÁ ODBYLA! 🖐🏼

Falcons odskakují do vedení! ➡️ Živě na @sport_ct ➕.",https://www.facebook.com/reel/1475194137284777/,1227,563,4,,
@riderspardubice,instagram,4d6a67ab-9313-4f77-a82e-abb18adbca5d,9fecef2d-9134-4539-804a-32658dde6ca7,IG Post,IMAGE,15.3.2026 16:51:40,"V pondělí 23. března se uvidíme v letošní sezoně naposledy na domácím ledě! 👋🤩

Vstupenky koupíš přes odkaz v BIU! 🎟️",https://www.instagram.com/p/DV6ZYD4jIE2/,,2608,73,,7
@riderspardubice,facebook,f99ed6c3-17cc-46f4-a32e-d9b0576ce2df,a0e51f0f-6a8b-420b-82ed-453d42bd36a7,FB Post,IMAGE,24.3.2026 2:39:44,Dnes bohužel prohra.,https://www.facebook.com/1592662819534019/posts/1585033786963589,187,,,,
@engineersprague,facebook,afd06d1d-7b1c-4f66-8d93-ce4255ab773c,d38d2bd3-8f96-4589-9e69-5f21ea9eda5b,FB Story,IMAGE,12.3.2026 21:31:24,,,,,,,
@bitvaoprahu,facebook,75e0f41f-82be-4f82-a77b-82ac11135ed2,5d2de9ab-7185-47db-8787-971c05771592,FB Post,IMAGE,10.4.2026 13:38:05,"Bitva o Prahu v Edenu?! 🫨

Už příští týden se odehraje Final Four, kde čtyři nejlepší týmy budou bojovat o titul mistra 🏆 a rovnou tři z nich dobře znáte 😏

Ať už jsi fanoušek Falcons, Kings nebo Engineers, pojď podpořit svůj tým na nejdůležitější akci sezóny 🔥

Lístky v prodeji na finalfour.cz 🎟️",https://www.facebook.com/1441262177797849/posts/1443789917545075,252,,4,,
vsefalcons,instagram,709fceba-e311-48e7-9057-f54a587abf4a,6e051317-ba77-4913-af9b-ed464f7730a7,IG Story,VIDEO,15.4.2026 8:57:58,JEŠTĚ NEVÍŠ CO SI VZÍT ZÍTRA NA SEBE? TOHLE POŘÍDÍŠ I NA MÍSTĚ 🤩,https://www.instagram.com/stories/vsefalcons/3875733668258157170,749,837,,,4
@vutcavaliersbrno,instagram,b384bebf-72f3-4f9d-8b2d-3677709f6966,a01e8f84-7455-49c7-857e-97c4495c5923,IG Story,VIDEO,31.3.2026 21:02:24,,https://www.instagram.com/stories/vutcavaliersbrno/3865226655702771549,,283,,,
@AkademiciPlzen,facebook,d87b94e3-03e8-45d0-b92e-75e9b819545c,a618d825-fbba-4fcd-b859-5966186a6214,FB Post,IMAGE,6.3.2026 19:48:29,"Jarní bitva už je minulostí! 💥 

Slavnostní buly nám vhodil maskot Olympiády dětí a mládeže, která se uskuteční 24.-28. 1. 2027 u nás v Plzeňském kraji! 🏆

#akademiciplzen 💙 | 📸 @vpotocesevodatoci @novotny_studio.cz",https://www.facebook.com/1357105236437494/posts/1336284845186200,416,,4,,
vsefalcons,instagram,709fceba-e311-48e7-9057-f54a587abf4a,bfa858b8-bd45-428b-b321-304b0598c4eb,IG Reel,VIDEO,3.3.2026 19:15:13,Tenhle gól byl doslova perfektní a nádhernej 🤤🤤,https://www.instagram.com/reel/DVbwJP4CGlR/,,5119,92,,1
@akademiciplzen,instagram,65494228-95bf-4f7b-8e68-d47d7262db66,08d836be-8680-4b7f-b19e-4a41e349b84f,IG Story,VIDEO,7.4.2026 17:44:02,VIDÍTE TO TAKY? 😯 @beerik09 🤝🏻 @tomas_ceperko,https://www.instagram.com/stories/akademiciplzen/3870200345054164727,,2285,,,3
univerzitnihokej,tiktok,01c88cf9-594f-408e-a45a-95114221acae,836c53cb-6d87-4078-801a-3b9ed7a21f82,TT Video,VIDEO,16.4.2026 15:03:29,Příchod ve velkém stylu! 🔥,https://www.tiktok.com/@univerzitnihokej/video/7629372902089002242?utm_campaign=tt4d_open_api&utm_source=7348986504397455361,,753,73,1,
vsefalcons,instagram,709fceba-e311-48e7-9057-f54a587abf4a,8f5c480d-1f4b-419d-9a28-7eeecd7d1f11,IG Story,VIDEO,3.3.2026 23:29:15,"Jakub
HROUDA 🎙️",https://www.instagram.com/stories/vsefalcons/3845006955433741157,948,948,,2,5
@unitedhk,facebook,bfe6cc29-a387-41b9-9bca-b077722556af,c4e5703f-1dea-4fd1-b111-562877d10675,FB Post,PHOTO,31.3.2026 7:51:58,"🔥 Dnes začíná bitva o Final Four.

PLAY-IN.

Jeden zápas, který rozhodne všechno.

Vyhraješ a zůstáváš ve hře.
Prohraješ a sezóna končí.

Dnes jdeme ALL IN.

Drž nám palce.🖤🧡

#unitedhk #unihokej #uhk #hradeckralove",https://www.facebook.com/122180651084388974/posts/122180091506388974,273,,5,,
vsefalcons,instagram,709fceba-e311-48e7-9057-f54a587abf4a,2a9ff7ec-4ff4-43ac-9e80-d07da2c2dad3,IG Story,VIDEO,12.3.2026 16:24:51,KOTEL JEDE BOMBY 🥁,https://www.instagram.com/stories/vsefalcons/3851316915302093863,1387,1291,,,7
@cvutengineers,instagram,11963a07-7f0f-48e6-9d81-aa63a7ff4a04,a9bad2e0-d2c1-4695-a744-c55c1c10f018,IG Reel,VIDEO,4.4.2026 12:29:53,"Kdo si s tím podle vás poradil nejlíp? 🤸🏻🦁

#engprg",https://www.instagram.com/reel/DWtbDP3jMPC/,,82822,1396,,67
@bitvaoprahu,instagram,d7c8aa06-74fb-4c6c-a7d2-c2fe1bf6d59c,d07d94af-34ad-486e-ab68-1e6129151b3b,IG Post,IMAGE,12.3.2026 22:41:53,Ideální rande 🟰 Bitva o Prahu?! 😍,https://www.instagram.com/p/DVzSja6DEtI/,,9723,127,,1
vsefalcons,instagram,709fceba-e311-48e7-9057-f54a587abf4a,e4bfd9cf-797c-4948-92ec-32b4618bda66,IG Story,VIDEO,8.4.2026 16:02:22,,https://www.instagram.com/stories/vsefalcons/3870873881481369434,930,852,,,
@univerzitnihokej,facebook,01b45180-0b14-4a14-96e8-d0a4bab1fb9f,ee82b4bc-039f-40ab-add7-1f4fc0881c5c,FB Post,IMAGE,8.4.2026 11:02:11,"Studentský život v kapse 📱 Seznam se s apkou @unilifecz 🚀

Zápasy, eventy ve městě a výhody, který nechceš minout. Tak stahuj aplikaci do svého telefonu! 📲",https://www.facebook.com/1275398168115026/posts/1281129584208551,306,,1,,
vsefalcons,instagram,709fceba-e311-48e7-9057-f54a587abf4a,db98ecc2-763b-48df-a9df-9ef80fdc450b,IG Story,VIDEO,3.2.2026 19:50:57,@hcnorthwings 🌬️ severní vítr do prahy dovezl sníh,https://www.instagram.com/stories/vsefalcons/3824603280693554983,,1778,,,2
@cvutengineers,instagram,11963a07-7f0f-48e6-9d81-aa63a7ff4a04,f3cd427e-eff1-4251-9fce-6e95f412d686,IG Post,IMAGE,1.4.2026 19:57:32,"Jdeme na Riders! 🐎
Soupeře pro play-in už známe, teď jde opravdu o všechno. 
Buďte u toho s námi 🔥. Let’s go ENGINEERS🦁.

#engprg #srdcelva",https://www.instagram.com/p/DWmebd7DAFL/,,10495,176,,49
@riderspardubice,facebook,f99ed6c3-17cc-46f4-a32e-d9b0576ce2df,f91c3366-6857-49b9-a933-a40c8ee38317,FB Video,VIDEO,6.4.2026 19:22:09,"V úterý @hcpce, ve středu my! 🏒
Hockeytown 🔥",https://www.facebook.com/reel/1253702206965614/,911,329,4,,
@bitvaoprahu,facebook,75e0f41f-82be-4f82-a77b-82ac11135ed2,22f96e28-8a7d-4386-973d-ce6a5c04b7d7,FB Post,IMAGE,11.3.2026 11:02:00,Tenhle pochod bude doslova MODRÝ PEKLO! 👹,https://www.facebook.com/1441262177797849/posts/1418950366695697,231,,,,
@engineersprague,facebook,afd06d1d-7b1c-4f66-8d93-ce4255ab773c,6dd34abf-9a51-405e-b762-8c272669eba1,FB Story,VIDEO,4.3.2026 21:56:31,,,,,,,
@united_hk,instagram,b18c071b-0570-48b2-b743-990c668c3c5b,3c614286-9e1c-42e8-af54-5331650daedc,IG Story,VIDEO,15.4.2026 12:53:52,,https://www.instagram.com/stories/united_hk/3875852413181657502,,510,,,3
@univerzitnihokej,instagram,1e114592-3529-4cfe-9977-2598454053af,ce947262-6d1b-42f1-a0a9-00b993c40f64,IG Story,VIDEO,8.4.2026 18:27:52,4 2,https://www.instagram.com/stories/univerzitnihokej/3870947087286297048,,745,,,
@riderspardubice,facebook,f99ed6c3-17cc-46f4-a32e-d9b0576ce2df,d7de6c70-ca9d-4ecd-bffc-bb72762a9323,FB Post,IMAGE,10.3.2026 19:51:35,"Další venkovní zápas!🤩

Venkovní zápas
🗓️ 17.3. v 19:30
📍 v RT Torax Arena 
⚔️ proti @boostrava 

#venkovnízápas#riders",https://www.facebook.com/1592662819534019/posts/1572927184840916,157,,1,,
vsefalcons,instagram,709fceba-e311-48e7-9057-f54a587abf4a,ea6aa820-c9a4-4148-8e6b-ba7c7164a90f,IG Story,VIDEO,3.2.2026 20:59:02,LUKÁŠ NOVÁK 💥,https://www.instagram.com/stories/vsefalcons/3824637567048408862,,1417,,,2
vsefalcons,instagram,709fceba-e311-48e7-9057-f54a587abf4a,5ddd5d90-070f-48ff-9c29-2edcd91cd034,IG Story,VIDEO,10.3.2026 18:39:15,@fn0026 🔍,https://www.instagram.com/stories/vsefalcons/3849934344802584456,1237,,,,1
@bitvaoprahu,instagram,d7c8aa06-74fb-4c6c-a7d2-c2fe1bf6d59c,73db16a7-1d4e-43d8-8332-afbbcfb48753,IG Post,IMAGE,9.3.2026 8:36:10,"Jídlo a pití zdarma po celou dobu akce, ten nejlepší výhled a afterparty jako bonus? 🫨 To všechno může být ve čtvrtek tvoje, stačí se zapojit do soutěže!

PODMÍNKY:
1) označ do komentáře kámoše, kterýho chceš jako svýho VIP parťáka 🤝🏼
2) sleduj profil @bitvaoprahu 👈🏼

Soutěž probíhá do středy 10:00. Hodně štěstí! 🍀",https://www.instagram.com/p/DVqBtpxjKsE/,,21866,366,332,44
@vutcavaliersbrno,instagram,b384bebf-72f3-4f9d-8b2d-3677709f6966,a5da2428-1869-403c-afc8-ef13bdab2596,IG Post,PHOTO,26.3.2026 9:54:28,"VRCHOL SEZONY JE TADY 🔥 
Do Play-in postupujeme z 10. místa a příští týden se utkáme s @blackdogsbudweis_vste, kteří se po základní části umístili na 3. místě 👈
Jeden zápas, který vše rozhodne 🏒",https://www.instagram.com/p/DWV4ko0CLW4/,,3609,88,,6
vsefalcons,instagram,709fceba-e311-48e7-9057-f54a587abf4a,b14944b7-2557-4099-986a-aa0335437e73,IG Story,VIDEO,18.2.2026 7:55:16,,https://www.instagram.com/stories/vsefalcons/3835114677101698029,574,738,,,
vsefalcons,instagram,709fceba-e311-48e7-9057-f54a587abf4a,30f9b115-6274-4fdf-ba03-f06599b83c95,IG Story,VIDEO,20.1.2026 17:53:19,❓ ❓ ❓,https://www.instagram.com/stories/vsefalcons/3814397205021227342,,1067,,,1
@riderspardubice,facebook,f99ed6c3-17cc-46f4-a32e-d9b0576ce2df,0f83188f-6436-4f0b-bb77-87be7f95a00c,FB Post,IMAGE,17.4.2026 11:57:08,"Napiš do komentáře svého nejoblíbenějšího hráče a my vylosujeme dva z vás, kteří vyhrají vstupenky na dnešní FF! 🥉",https://www.facebook.com/1592662819534019/posts/1607223468077954,241,,2,,
vsefalcons,instagram,709fceba-e311-48e7-9057-f54a587abf4a,19b7c9be-75de-4623-aedd-2306da71df05,IG Reel,VIDEO,3.2.2026 22:25:01,zlepšení nálady po minulém týdnu 🎉,https://www.instagram.com/reel/DUT_oC-iCEn/,,3568,104,,1
vsefalcons,instagram,709fceba-e311-48e7-9057-f54a587abf4a,7fce158a-8e00-4b76-a3c6-dbe57f478393,IG Story,VIDEO,15.2.2026 10:59:33,,https://www.instagram.com/stories/vsefalcons/3833033105900842111,681,681,,,
@vutcavaliersbrno,instagram,b384bebf-72f3-4f9d-8b2d-3677709f6966,4bce0514-46a7-49e4-9978-16df139e5a12,IG Story,VIDEO,1.4.2026 16:45:47,V Budějovicích domáci prostředí ☺️,https://www.instagram.com/stories/vutcavaliersbrno/3865822273965926213,,555,,,
@bitvaoprahu,facebook,75e0f41f-82be-4f82-a77b-82ac11135ed2,527172df-c449-4880-beb2-aa72743bbb75,FB Post,IMAGE,11.3.2026 11:00:11,VŠE Falcons fans... JSTE READY?! 🦅,https://www.facebook.com/1441262177797849/posts/1418948013362599,206,,,,
@riderspardubice,facebook,f99ed6c3-17cc-46f4-a32e-d9b0576ce2df,7fe47f77-8ae0-4492-bd0f-f4d3bff7b07e,FB Video,VIDEO,12.4.2026 15:17:18,Tenhle moment nezapomeneme! 🫶,https://www.facebook.com/reel/962669956136599/,5110,2993,47,,
@univerzitnihokej,instagram,1e114592-3529-4cfe-9977-2598454053af,b4116232-477a-4f35-843c-0fbb501d7c0c,IG Reel,VIDEO,18.3.2026 17:35:52,"K hokeji to pivo prostě patří. 😎
A na unihokeji? Jedině @pivoproud 🍻",https://www.instagram.com/reel/DWCMTiyCHkJ/,,5133,61,1,
@AkademiciPlzen,facebook,d87b94e3-03e8-45d0-b92e-75e9b819545c,dc87a36f-1f4d-4978-ba4c-f676b3016703,FB Video,VIDEO,28.3.2026 12:30:03,"Tak co, užili jste si Jarní bitvu? 👀🔥
Protože to nejdůležitější teprve přichází…

Už 1. 4. nás čeká poslední domácí zápas sezony, kterým zároveň odstartujeme vyřazovací část soutěže. Buď u toho s námi a vytvořme doma vítěznou atmosféru! 💙

🎟️ Lístky najdeš v odkaze v biu nebo na
akademiciplzen.enigoo.cz

#akademiciplzen | 🎥 @yzproduction.cz",https://www.facebook.com/reel/2212279562641168/,431,185,2,,
@riderspardubice,facebook,f99ed6c3-17cc-46f4-a32e-d9b0576ce2df,4b3a33e3-f831-4d8e-a3b0-73fe3b21cec7,FB Video,VIDEO,16.4.2026 14:34:43,,https://www.facebook.com/reel/952393037372708/,775,245,10,,
@bitvaoprahu,instagram,d7c8aa06-74fb-4c6c-a7d2-c2fe1bf6d59c,1ebe5ec8-4763-4fc9-a740-a4d7fdb67403,IG Post,IMAGE,11.3.2026 11:02:17,Pochod s vidlema? To jen ČZU míří na zimák! 👨🏻‍🌾🔥,https://www.instagram.com/p/DVveMXgF07q/,,8598,65,,71
@vutcavaliersbrno,instagram,b384bebf-72f3-4f9d-8b2d-3677709f6966,8dafab58-22bc-4740-9448-d7a936fe8dba,IG Reel,REEL,25.3.2026 21:21:28,"Děkujeme za podporu v průběhu celé základní části❤️ Tím to ale nekončí, příští týden hrajeme první zápas play-in proti @blackdogsbudweis_vste 🏒",https://www.instagram.com/reel/DWUn_7SCN2L/,,3014,52,,2
vsefalcons,instagram,709fceba-e311-48e7-9057-f54a587abf4a,9d83798a-ffb5-4a6e-b056-5a655ba8e02b,IG Story,VIDEO,10.2.2026 18:45:18,kápo na hanbě,https://www.instagram.com/stories/vsefalcons/3829643659260250601,663,846,,,
vsefalcons,instagram,709fceba-e311-48e7-9057-f54a587abf4a,9e999e2f-a864-4905-aefb-9ab289256e4e,IG Story,IMAGE,10.3.2026 23:31:01,🩵,https://www.instagram.com/stories/vsefalcons/3850081195421923792,765,152,,,
vsefalcons,instagram,709fceba-e311-48e7-9057-f54a587abf4a,6783c27c-a7f1-4149-8122-499ce770d319,IG Story,VIDEO,12.3.2026 16:13:09,🎯,https://www.instagram.com/stories/vsefalcons/3851310381255927730,1423,1304,,,
vsefalcons,instagram,709fceba-e311-48e7-9057-f54a587abf4a,ac869b8e-349f-4b4b-9f94-6eb4fb2addcd,IG Story,VIDEO,13.3.2026 17:13:05,,https://www.instagram.com/stories/vsefalcons/3852065279840898521,818,669,,,
@bitvaoprahu,facebook,75e0f41f-82be-4f82-a77b-82ac11135ed2,d5b7880e-961d-4629-b8fa-887bba3398c4,FB Post,IMAGE,12.3.2026 18:41:34,"🥉BRONZ PRO VŠE A TŘI BODY! ✅

Gratulujeme k obhajobě 3. místa , @vsefalcons ! 🎩👏🏼",https://www.facebook.com/1441262177797849/posts/1420314896559244,170,,2,,
@riderspardubice,instagram,4d6a67ab-9313-4f77-a82e-abb18adbca5d,e5689652-dd5c-482a-8adc-7f5f83a0c62c,IG Story,IMAGE,8.4.2026 15:52:24,JSME NA MÍSTĚ⭐️,https://www.instagram.com/stories/riderspardubice/3870868834223920451,,812,,,1
vsefalcons,instagram,709fceba-e311-48e7-9057-f54a587abf4a,213178ab-98b3-42c4-8ca2-9f273dc4c96a,IG Story,VIDEO,31.3.2026 7:50:40,BOREC NA KONEC aneb,https://www.instagram.com/stories/vsefalcons/3864828272018218904,1073,1359,,5,7
vsefalcons,instagram,709fceba-e311-48e7-9057-f54a587abf4a,2ba1374f-5240-4d57-bb4c-701ffa035c19,IG Story,VIDEO,15.4.2026 8:59:20,A TAKHLE HAPPY BUDEŠ! 🤪,https://www.instagram.com/stories/vsefalcons/3875734361752782510,728,849,,1,4
vsefalcons,instagram,709fceba-e311-48e7-9057-f54a587abf4a,3957588d-b38d-4e75-b18c-49b492c7e657,IG Story,VIDEO,3.2.2026 19:10:39,dnes to bude čistá hra powered by @garnier_czsk 💆🏻‍♂️,https://www.instagram.com/stories/vsefalcons/3824582985094041331,,2380,,,1
vsefalcons,instagram,709fceba-e311-48e7-9057-f54a587abf4a,5e30b30b-7b1f-4df5-85e8-10b2db2a1a7d,IG Story,IMAGE,3.2.2026 19:34:54,1 0  Hamršmíd,https://www.instagram.com/stories/vsefalcons/3824595180183887805,,917,,,
vsefalcons,instagram,709fceba-e311-48e7-9057-f54a587abf4a,7e70b5f5-f4bf-44c1-913e-5f78a794f1d9,IG Story,VIDEO,10.3.2026 20:54:21,🥵 JE TO DRAMA,https://www.instagram.com/stories/vsefalcons/3850002309774335715,793,,,,
@riderspardubice,instagram,4d6a67ab-9313-4f77-a82e-abb18adbca5d,8a707224-cab6-4d53-b7a4-ad8721b8667b,IG Reel,VIDEO,4.3.2026 13:53:55,"Přestávka v režii @enteria_holding ! 🚀 Led patří fanouškům a jejich přesné mušce. Děkujeme za spolupráci!
#přestávkovásoutěž#enteriaholding",https://www.instagram.com/reel/DVdwFKKjK4H/,,4433,83,,17
@bitvaoprahu,facebook,75e0f41f-82be-4f82-a77b-82ac11135ed2,bce84f88-a636-4985-82f3-bb6cd8bc5c62,FB Video,VIDEO,10.3.2026 17:18:00,Hokeeeej je dobreeeeej 👉🏼 lístky na bitvaoprahu.cz 🎟️,https://www.facebook.com/reel/1256738979117088/,1044,471,3,,
vsefalcons,instagram,709fceba-e311-48e7-9057-f54a587abf4a,a1d1491a-4720-46ba-80d2-c72c66ad7485,IG Story,VIDEO,3.3.2026 12:22:44,"KDO SI SPRÁVNĚ TIPNE, KOLIK GÓLŮ SKÓROVAL @michal.danniel 
ZA POSLEDNÍCH 5 ZÁPASŮ 2 lupeny jsou jeho",https://www.instagram.com/stories/vsefalcons/3844671378096167993,1104,1533,,,4
@bitvaoprahu,instagram,d7c8aa06-74fb-4c6c-a7d2-c2fe1bf6d59c,c7d4361a-f932-49a3-945b-93a992e1a307,IG Post,PHOTO,13.3.2026 18:27:44,"📣 Speakeři na @univerzitnihokej >>> 🗣️🗣️

Jsi stejného názoru? 👀 #bitvaoprahu",https://www.instagram.com/p/DV1algxjPob/,,51341,1423,6,428
@united_hk,instagram,b18c071b-0570-48b2-b743-990c668c3c5b,eba0731d-2ac7-4f43-af0f-8b5c1ab3f751,IG Story,VIDEO,9.4.2026 18:31:57,,https://www.instagram.com/stories/united_hk/3871673732720799833,,363,,,
vsefalcons,instagram,709fceba-e311-48e7-9057-f54a587abf4a,321e97ff-e663-43aa-8d83-e6791b19be95,IG Story,VIDEO,24.3.2026 16:16:13,BUSTED Na cestách jedině do @kfc_cz 👀 🕵🏻‍♂️,https://www.instagram.com/stories/vsefalcons/3860009210507489737,978,1153,,,5
@univerzitnihokej,facebook,01b45180-0b14-4a14-96e8-d0a4bab1fb9f,52191f7f-0d8f-4711-9a2d-54441f897249,FB Video,VIDEO,4.3.2026 19:27:40,"KFC CHICKEN DETECTIVE 🕵🏻‍♂️🔍
Fanouškovské menu na vás čeká v restauracích KFC🍗",https://www.facebook.com/reel/1609044147094083/,2103,1197,3,,
@united_hk,instagram,b18c071b-0570-48b2-b743-990c668c3c5b,ebe7c071-15bd-471c-8ab5-b43a086ad5db,IG Post,IMAGE,9.3.2026 16:48:00,"🎂 Narozeniny – Jirka Šrámek

Náš hráč Jirka Šrámek dnes slaví narozeniny.

Všechno nejlepší, Jirko! 🎂
Užij si to.

🖤🧡",https://www.instagram.com/p/DVq8L_3CKtK/,,2039,38,,2
@cvutengineers,instagram,11963a07-7f0f-48e6-9d81-aa63a7ff4a04,188aead6-72ad-4b90-a635-5b2463d74a5b,IG Story,VIDEO,17.4.2026 18:25:33,GAME ON 🔥,https://www.instagram.com/stories/cvutengineers/3877468639146561181,,1348,,,
@united_hk,instagram,b18c071b-0570-48b2-b743-990c668c3c5b,dd5e9b31-c1f6-4179-8c0d-81144dc112a5,IG Story,IMAGE,9.4.2026 13:04:31,,https://www.instagram.com/stories/united_hk/3871509132335421384,,517,,,1
@riderspardubice,instagram,4d6a67ab-9313-4f77-a82e-abb18adbca5d,b2989d6d-db96-434c-9ef3-fcc9342eccef,IG Reel,REEL,31.3.2026 20:35:21,"Tohle je naše cesta na které nás nyní čeká zápas ve finále play-in, který rozhodne, jestli se potkáme v Praze na @unihokejfinalfour‼️🤩🤩🤩🤩🤩",https://www.instagram.com/reel/DWj_it1DGlf/,,7918,125,1,10
@vutcavaliersbrno,instagram,b384bebf-72f3-4f9d-8b2d-3677709f6966,0d56fcd6-2351-4100-8ac7-325705943fee,IG Post,IMAGE,1.4.2026 19:38:18,"Z celého kavalírského srdce děkujeme všem fanouškům za podporu v letošní sezoně ❤️
Dnešním dnem pro nás sezona sice skončila, ale určitě není na místě věšet hlavy 👈 přinesla i spoustu krásných momentů 🏒 Přece jen… jsme v ní dvojnásobní vládci Brna 😏 🏆
Těšíme se na Vás zase v září 🙌",https://www.instagram.com/p/DWmd6MPiDmq/,,8663,389,4,16
@akademiciplzen,instagram,65494228-95bf-4f7b-8e68-d47d7262db66,fe13fa30-e749-4e56-9004-8bbf5c3b3dcd,IG Story,VIDEO,1.4.2026 19:51:05,,https://www.instagram.com/stories/akademiciplzen/3865915534164642703,,931,,,
@cvutengineers,instagram,11963a07-7f0f-48e6-9d81-aa63a7ff4a04,1e62bda2-1261-416c-b4e5-3c761a0b52f1,IG Post,IMAGE,5.3.2026 19:28:41,"Kdo nepřišel, o hodně přišel 🤓 S Hradcem to bylo drama až do konce, ale o to líp to vítězství chutná 🤤

📸: @ondra_mann

#srdcelva #engprg",https://www.instagram.com/p/DVg7Zb4jJXd/,,6744,163,,3
@united_hk,instagram,b18c071b-0570-48b2-b743-990c668c3c5b,2a7c57ed-bfb0-4df2-9f80-aa42f713782f,IG Story,VIDEO,21.4.2026 11:44:53,,https://www.instagram.com/stories/united_hk/3880166178266030427,,849,,,3
vsefalcons,instagram,709fceba-e311-48e7-9057-f54a587abf4a,35ff69ba-39df-4725-94bb-56d06224a9ce,IG Post,IMAGE,11.2.2026 8:15:39,"Nový semestr je za dveřmi a s ním i série našich domácích zápasů, na které si teď můžeš pořídit balíček s pořádnou slevičkou 🥳
Čeká tě spoustu zábavných aktivit, soutěží a vypjatých utkání, protože konec základní části se blíží 🥶

Balíček pořídíš přes odkaz na profilu.
Akce platí do 17. února.",https://www.instagram.com/p/DUnDHigCI8i/,,8956,72,,33
vsefalcons,instagram,709fceba-e311-48e7-9057-f54a587abf4a,47e5c520-6562-4acf-932a-75a7c2d34a78,IG Story,VIDEO,6.3.2026 19:00:44,,https://www.instagram.com/stories/vsefalcons/3847046026020577272,,751,,,2
@AkademiciPlzen,facebook,d87b94e3-03e8-45d0-b92e-75e9b819545c,99ae9bc3-928c-4c25-b4ea-10e0adf35895,FB Post,IMAGE,20.4.2026 12:52:11,"POV: máš přístup do alba „oblíbené“ v galeriích našich hráčů 👀📸💙 

#akademiciplzen",https://www.facebook.com/1357105236437494/posts/1372565521558132,957,,7,,
@univerzitnihokej,instagram,1e114592-3529-4cfe-9977-2598454053af,4cf0d6ba-8d83-4501-91d1-57666038e83a,IG Post,ALBUM,31.3.2026 10:02:27,"Dnešní druhý duel PLAY-IN👀

Ostrava 🆚 Riders 
Jeden zápas, který o všem rozhodne! Kdo postoupí do finále? 👇🏻",https://www.instagram.com/p/DWi3Q6RiONi/,,8539,142,,10
@united_hk,instagram,b18c071b-0570-48b2-b743-990c668c3c5b,e4568d0f-26d0-46c0-9b3f-89e1aee1296f,IG Story,IMAGE,27.4.2026 11:12:52,,https://www.instagram.com/stories/united_hk/3884498878938545974,,739,,,1
@boostrava,instagram,1176ddaf-d366-48a2-9639-3c6694c72c85,648e6137-ccd3-4e74-9b17-2808576caf5f,IG Reel,REEL,31.3.2026 21:55:59,"Vyraž s @kfc_cz kyblíkem do boje! 🔥

To jak ho využiješ je jen na tobě! 🍗

#kfc #kyblik",https://www.instagram.com/reel/DWkIwO5DOdt/,,6496,216,1,21
@boostrava,instagram,1176ddaf-d366-48a2-9639-3c6694c72c85,5ba96b0e-ca4b-4acd-90ad-f17ab95a9264,IG Story,VIDEO,31.3.2026 21:27:23,,https://www.instagram.com/stories/boostrava/3865239323356724518,,745,,,1
@riderspardubice,instagram,4d6a67ab-9313-4f77-a82e-abb18adbca5d,739d9237-0171-4c6e-832c-5a6938fde79f,IG Story,VIDEO,8.4.2026 20:06:48,,https://www.instagram.com/stories/riderspardubice/3870996890360320229,,551,,,4
@cvutengineers,instagram,11963a07-7f0f-48e6-9d81-aa63a7ff4a04,dc1a446c-74a4-4684-b271-31a5a779fce8,IG Story,IMAGE,8.4.2026 18:08:33,0 0,https://www.instagram.com/stories/cvutengineers/3870937361165328368,,931,,,
@univerzitnihokej,facebook,01b45180-0b14-4a14-96e8-d0a4bab1fb9f,c98254a4-7b4b-4583-99e0-2d219713878a,FB Video,VIDEO,30.3.2026 8:43:14,Zítra startuje PLAY-IN ➡️ boj o postup do @unihokejfinalfour ⚔️,https://www.facebook.com/reel/1235890805250434/,1135,230,4,,
@akademiciplzen,instagram,65494228-95bf-4f7b-8e68-d47d7262db66,81df8de5-4c0d-4c02-98b8-955786847f0d,IG Post,IMAGE,7.3.2026 19:56:36,"O Afterparty Jarní bitvy se bude mluvit ještě hodně dlouho… 🧨🪩
Kdo byl, ví. Kdo nebyl, příště nesmí chybět!

#akademiciplzen | 📸 @vpotocesevodatoci",https://www.instagram.com/p/DVmILlTDOFW/,,22812,478,,87
@univerzitnihokej,instagram,1e114592-3529-4cfe-9977-2598454053af,aecc2f1f-16bb-4b3c-93d8-694996f614e0,IG Reel,VIDEO,16.3.2026 17:30:58,Bez kebabu od Kauflandu by to nebyla ta pravá @bitvaoprahu 🌯🔥,https://www.instagram.com/reel/DV9CPAjiLwQ/,,7788,120,,12
@riderspardubice,facebook,f99ed6c3-17cc-46f4-a32e-d9b0576ce2df,31d281dd-83b8-4906-ab2e-1d02ca0e428c,FB Video,VIDEO,30.3.2026 15:47:23,"Kluci zašli na fanouškovské menu do @kfc_cz , snacky zmizely rychle, ale kyblík v jejich životech zůstane už napořád ♥️

Co teď kyblík asi na kolejích dělá? 👀 
Tipujte do komentářů 👇",https://www.facebook.com/reel/1994233238179595/,598,172,5,,
vsefalcons,instagram,709fceba-e311-48e7-9057-f54a587abf4a,e18e2cab-b7d2-4c86-b07c-92b872d4e020,IG Reel,VIDEO,23.3.2026 20:13:17,Čas běží kluci…⏱️ 10 vteřinová challenge 👀,https://www.instagram.com/reel/DWPWnwTCGNM/,,5782,212,4,21
@riderspardubice,facebook,f99ed6c3-17cc-46f4-a32e-d9b0576ce2df,3bb0d4b1-ccbe-4b7e-8466-409781582157,FB Post,IMAGE,16.4.2026 17:13:40,"Tohle byl souboj na ostří nože, přestože jsme na konci zápasu tlačili, tak konečné skóre je ve prospěch @ukkingsprague a my se zítra budeme rvát o bronz! 🥉",https://www.facebook.com/1592662819534019/posts/1606458034821164,873,,13,,
vsefalcons,instagram,709fceba-e311-48e7-9057-f54a587abf4a,ced26e83-ac64-4298-9d7a-66e53d1b782e,IG Story,VIDEO,3.2.2026 8:57:05,,https://www.instagram.com/stories/vsefalcons/3824274149649193887,,997,,,
@riderspardubice,facebook,f99ed6c3-17cc-46f4-a32e-d9b0576ce2df,83ecb542-deb6-4fe0-8106-73fc76c069d4,FB Post,IMAGE,23.3.2026 8:03:51,"Poslední zápas v dresu Riders pro @dominikkopecky_99 a @daniel.skryp! 🔥

Přijď kluky podpořit a rozloučit se s nimi v derby proti @united_hk! 

Lastdance
🗓️ 23.3. v 19:45
📍 v Enteria Arena 
⚔️ proti @united_hk 

Odkaz na vstupenky najdeš v BIU!🎟️ (I se slevičkou!🤭)

#lastdance#riders",https://www.facebook.com/1592662819534019/posts/1584254290374872,150,,,,
vsefalcons,instagram,709fceba-e311-48e7-9057-f54a587abf4a,2fa8d8b8-d319-43e6-b190-c382bdec876f,IG Reel,VIDEO,8.1.2026 16:10:11,akorát že vůbec 😶‍🌫️,https://www.instagram.com/reel/DTQYFjfCG8D/,,20511,258,5,43
vsefalcons,instagram,709fceba-e311-48e7-9057-f54a587abf4a,74c547eb-2c9a-483a-a314-c46a6b46bda0,IG Story,VIDEO,10.3.2026 22:47:35,,https://www.instagram.com/stories/vsefalcons/3850059347015513216,764,251,,,1
@riderspardubice,instagram,4d6a67ab-9313-4f77-a82e-abb18adbca5d,318e81d8-4942-4c25-8c95-0f2188f41453,IG Story,VIDEO,1.4.2026 16:09:23,,https://www.instagram.com/stories/riderspardubice/3865804005641578206,,498,,,
univerzitnihokej,tiktok,01c88cf9-594f-408e-a45a-95114221acae,f3170b8d-18be-46e8-9387-e443c6f9bfd0,TT Video,VIDEO,19.4.2026 10:39:40,Jsou fanoušci @ČVUT Engineers Prague 🦁 opravdu ti nejlepší? 🦁,https://www.tiktok.com/@univerzitnihokej/video/7630418174386703638?utm_campaign=tt4d_open_api&utm_source=7348986504397455361,,3830,131,,5
@riderspardubice,instagram,4d6a67ab-9313-4f77-a82e-abb18adbca5d,6793a4f7-0d6c-474c-b7b6-28d844b8de99,IG Story,VIDEO,6.4.2026 7:35:55,,https://www.instagram.com/stories/riderspardubice/3869169395826427687,,843,,,1
@akademiciplzen,instagram,65494228-95bf-4f7b-8e68-d47d7262db66,91ed32c2-2fa9-4841-a54f-329450204095,IG Story,VIDEO,18.4.2026 10:13:28,,https://www.instagram.com/stories/akademiciplzen/3877942044987797631,,978,,,
vsefalcons,instagram,709fceba-e311-48e7-9057-f54a587abf4a,d18dd584-e724-4bb2-b6af-1bada6d026da,IG Reel,VIDEO,17.2.2026 7:33:17,"GAMEDAY 🚨
První den ve škole? Splněno.
Teď si zasloužíš odměnu. 🔥

Doraz na hokej a vypni hlavu. Odkaz na lístky v biu👆🏻",https://www.instagram.com/reel/DU2cebACNOT/,,4428,66,,5
vsefalcons,instagram,709fceba-e311-48e7-9057-f54a587abf4a,6d17a8ce-8dd6-4e07-b9a7-d447b5ca2d96,IG Post,CAROUSEL_ALBUM,23.2.2026 15:42:45,"Survivor game už zítra! 🔥

Pokud ještě nemáš lístky, tak je ideální čas to změnit, jinak přijdeš o hodně 😏 Tak šup šup na profil a vidíme se zítra 👋🏼",https://www.instagram.com/p/DVGxlyliDCW/,,5463,120,,17
@akademiciplzen,instagram,65494228-95bf-4f7b-8e68-d47d7262db66,a10e8a64-9d5d-4ef0-a762-ac1c5db1ac11,IG Story,IMAGE,9.4.2026 9:57:13,,https://www.instagram.com/stories/akademiciplzen/3871414839868688528,,1134,,,
@akademiciplzen,instagram,65494228-95bf-4f7b-8e68-d47d7262db66,29680abc-02bc-4122-a7b3-9cfa7cfbde67,IG Story,VIDEO,1.4.2026 19:13:53,GOOOOOOL! vyrovnáno!,https://www.instagram.com/stories/akademiciplzen/3865896822913113973,,1066,,,
@akademiciplzen,instagram,65494228-95bf-4f7b-8e68-d47d7262db66,3a86626c-df6a-40d5-b631-72a4f66d5b78,IG Story,VIDEO,1.4.2026 16:47:14,,https://www.instagram.com/stories/akademiciplzen/3865823002340643151,,,,,
@univerzitnihokej,instagram,1e114592-3529-4cfe-9977-2598454053af,5b400470-5cf0-4fd4-af32-da017a9d3623,IG Story,VIDEO,8.4.2026 18:46:38,A KOMU FANDÍŠ TY? 🤔,https://www.instagram.com/stories/univerzitnihokej/3870956541616630210,,757,,,
vsefalcons,instagram,709fceba-e311-48e7-9057-f54a587abf4a,ff0026c9-4816-471d-b724-44ff38a67f78,IG Story,VIDEO,13.3.2026 16:20:29,,https://www.instagram.com/stories/vsefalcons/3852038805368879881,878,839,,,2
@engineersprague,facebook,afd06d1d-7b1c-4f66-8d93-ce4255ab773c,d46420ef-d7f2-46be-b565-d26a9c0816a7,FB Story,VIDEO,12.3.2026 20:47:38,,,,,,,
@BOhokej,facebook,c9082543-a03b-490f-8f97-66d439acce89,ca2d2e42-3929-4877-92cc-895b3f4803ad,FB Video,VIDEO,1.4.2026 16:36:37,"DĚKUJEME fanouškům a @bo_kotel za neskutečnou podporu v letošní sezóně. Vážíme si Vaši podpory a doufáme, že za námi budete stát i nadále. 
Vaši ŽRALOCI🦈❤️‍🩹",https://www.facebook.com/reel/919382640988644/,583,192,5,,
@riderspardubice,facebook,f99ed6c3-17cc-46f4-a32e-d9b0576ce2df,94f8c557-06a0-4401-8493-90e29638a8f5,FB Post,IMAGE,17.3.2026 21:47:52,Dnes povedený zápas v Ostravě! Odvážíme si do Pardubic 3 body!💪🏼,https://www.facebook.com/1592662819534019/posts/1579141367552831,137,,4,,
@cvutengineers,instagram,11963a07-7f0f-48e6-9d81-aa63a7ff4a04,c5e91a7c-4388-4830-bdeb-878e6219d8f8,IG Story,VIDEO,8.4.2026 17:15:23,GAME MODE ON,https://www.instagram.com/stories/cvutengineers/3870910610531952809,,995,,,
@hcnorthwings,facebook,2b08a479-603b-46e4-8a48-2bc0435ccd53,49ced60f-c3a3-4f80-8c65-39d071c70d44,FB Story,VIDEO,4.3.2026 16:14:09,,,,,,,
@riderspardubice,instagram,4d6a67ab-9313-4f77-a82e-abb18adbca5d,c04c7b9a-df8d-4757-9052-2ab281704990,IG Story,VIDEO,17.4.2026 14:56:42,,https://www.instagram.com/stories/riderspardubice/3877363600335891876,,941,,,
vsefalcons,instagram,709fceba-e311-48e7-9057-f54a587abf4a,0faae83d-61f1-4285-8683-2ca8d8d7a538,IG Story,VIDEO,14.1.2026 9:06:23,@fanda_david,https://www.instagram.com/stories/vsefalcons/3809783330875419633,,841,,,14
vsefalcons,instagram,709fceba-e311-48e7-9057-f54a587abf4a,6a1e3d67-f60e-42a4-8dce-6ced95c3d9a7,IG Story,VIDEO,2.3.2026 18:40:36,,https://www.instagram.com/stories/vsefalcons/3844136789179115115,644,828,,,1
@riderspardubice,instagram,4d6a67ab-9313-4f77-a82e-abb18adbca5d,43e0e04a-abd1-4c49-b552-1e4fc0bb1b7f,IG Story,VIDEO,31.3.2026 20:57:30,,https://www.instagram.com/stories/riderspardubice/3865224192019192282,,524,,,
vsefalcons,instagram,709fceba-e311-48e7-9057-f54a587abf4a,773a90b2-71e4-461c-a65b-3f51fc6df318,IG Story,IMAGE,30.3.2026 9:28:31,my až zítra budeme slavit výhru,https://www.instagram.com/stories/vsefalcons/3864152671280229884,,,,,
@univerzitnihokej,facebook,01b45180-0b14-4a14-96e8-d0a4bab1fb9f,e8f246bc-f0b1-4ba2-884a-beb511bd23eb,FB Video,VIDEO,12.3.2026 19:04:36,Kdo dneska vyhraje finále @bitvaoprahu ?👀,https://www.facebook.com/reel/1185019127040639/,295,113,,,
@riderspardubice,facebook,f99ed6c3-17cc-46f4-a32e-d9b0576ce2df,1a63d390-d636-4bb5-b6c1-9f4e2d7e3712,FB Post,IMAGE,15.4.2026 6:00:11,"Jedeme do Prahy reprezentovat na @unihokejfinalfour Riders, Pardubice i naši @upce_cz a bojovat s pražskými týmy o titul vládce ligy. ♥️

🏒 SEMIFINÁLE
🆚 @ukkingsprague
📍 Zimní stadion Eden, Praha
🕓 16. dubna | 16:30

👉 2 dny plný hokeje, atmosféry a afterparty

Ve čtvrtek se rozhodne, jestli půjdeme do finále, nebo o bronz – každopádně v pátek se hraje o medaile.

Pojď do toho s námi a buď u toho.

🎟️ Vstupenky najdeš v BIU.",https://www.facebook.com/1592662819534019/posts/1605059924960975,911,,16,,
@riderspardubice,instagram,4d6a67ab-9313-4f77-a82e-abb18adbca5d,72ca2875-a567-403b-a644-dca889883246,IG Story,VIDEO,8.4.2026 6:58:23,DNES VYRÁŽÍME DO PRAHY!,https://www.instagram.com/stories/riderspardubice/3870600055212493169,,891,,,
@unitedhk,facebook,bfe6cc29-a387-41b9-9bca-b077722556af,bd85dbfd-56db-4db5-9a34-1d15831c90b2,FB Video,VIDEO,9.3.2026 19:40:41,"🔥 Plná ČPP Aréna, derby Hradec vs. Pardubice a Halftime Show Adama Mišíka.

Východočeské derby univerzit znovu ukázalo, jak vypadá studentský hokej ve velkém stylu v rámci Univerzitní ligy ledního hokeje.
Do arény dorazilo 2 379 fanoušků, kteří vytvořili skvělou atmosféru od prvního buly až do posledních minut.

Na ledě tvrdý souboj UNIted HK a Riders Univerzita Pardubice.
O přestávce velká show – Adam Mišík, který rozpálil celou halu.

🎥 Mrkni na oficiální aftermovie a připomeň si nejlepší momenty z jednoho z největších univerzitních hokejových eventů ve východních Čechách.

🌐 Více info:
www.unitedhk.cz/derby

#unitedhk #unihokej #hokej",https://www.facebook.com/reel/1289277289790222/,191,38,3,,
@univerzitnihokej,facebook,01b45180-0b14-4a14-96e8-d0a4bab1fb9f,088256db-78fd-4c2a-9629-38a9d1f39966,FB Post,IMAGE,6.4.2026 8:09:55,"Veselé Velikonoce 🐣 Prokousali jsme se skořápkou a to nejlepší čeká uvnitř 👀
Final Four se blíží… 🔥",https://www.facebook.com/1275398168115026/posts/1279525517702291,496,,5,,
vsefalcons,instagram,709fceba-e311-48e7-9057-f54a587abf4a,4bac7148-b3f4-4097-8cea-6ab3e665cbc2,IG Reel,VIDEO,1.4.2026 17:33:24,Pojďte s námi oslavit postup do finále play-in 🥳,https://www.instagram.com/reel/DWmPhrUiDg5/,,5486,130,,7
@riderspardubice,instagram,4d6a67ab-9313-4f77-a82e-abb18adbca5d,63f935ee-a3f3-4c09-a996-4e8c85ae203b,IG Story,VIDEO,28.4.2026 16:29:22,,https://www.instagram.com/stories/riderspardubice/3885382946853268816,,699,,,
vsefalcons,instagram,709fceba-e311-48e7-9057-f54a587abf4a,9cbde8d9-6d9c-4cd7-b184-11b07860b5d7,IG Story,IMAGE,20.1.2026 14:54:57,,https://www.instagram.com/stories/vsefalcons/3814307435314181870,,1594,,,4
@AkademiciPlzen,facebook,d87b94e3-03e8-45d0-b92e-75e9b819545c,caab292c-0c5e-4c31-9e3b-15387b8ba0e6,FB Post,IMAGE,26.3.2026 20:02:00,"Všechno nebo nic.

#akademiciplzen",https://www.facebook.com/1357105236437494/posts/1352739043540780,478,,2,,
@univerzitnihokej,facebook,01b45180-0b14-4a14-96e8-d0a4bab1fb9f,ddf24cc9-7756-4984-bf51-c9de4ba43159,FB Video,VIDEO,28.4.2026 15:55:57,"Slovy našeho táty marketingu: “Děláme si, co chceme” ✌🏻 Co jsme dělali na @unihokejfinalfour můžete vidět na našem YouTube! 🎥",https://www.facebook.com/reel/1895200980984992/,1132,431,5,,
vsefalcons,instagram,709fceba-e311-48e7-9057-f54a587abf4a,08e483a2-eaed-43b6-914c-26250fdecd90,IG Story,VIDEO,12.2.2026 16:52:47,@machycc8,https://www.instagram.com/stories/vsefalcons/3831036566278004564,634,634,,,3
@univerzitnihokej,instagram,1e114592-3529-4cfe-9977-2598454053af,80495552-2ad6-4f66-8efb-8708a94bf741,IG Post,IMAGE,1.4.2026 19:24:51,Farmers dnes podruhé překvapili Akademiky a v prodloužení si vybojovali postup do finále PLAY-IN! 🚀,https://www.instagram.com/p/DWmbnbHiNNA/,,16275,439,3,113
vsefalcons,instagram,709fceba-e311-48e7-9057-f54a587abf4a,9510d934-52f3-447a-b3ec-1186eb078be5,IG Story,VIDEO,12.2.2026 8:56:21,@olympijskyfestival ❤️‍🔥,https://www.instagram.com/stories/vsefalcons/3830797134165719442,812,812,,1,5
@univerzitnihokej,instagram,1e114592-3529-4cfe-9977-2598454053af,23c029f5-b41c-4004-8a6a-e1c26e6d7189,IG Story,VIDEO,17.4.2026 19:48:37,,https://www.instagram.com/stories/univerzitnihokej/3877510708929783827,,1498,,,1
vsefalcons,instagram,709fceba-e311-48e7-9057-f54a587abf4a,2a96c6c1-38c5-4e86-bda8-284e5da659a6,IG Reel,VIDEO,23.6.2026 8:00:13,"Taky vám už chybí hokej a naši kluci? 🥹🔥

#vsefalcons #icehockey #hockeyboys",https://www.instagram.com/reel/DZ68HRshCcO/,,2486,65,,9
@riderspardubice,instagram,4d6a67ab-9313-4f77-a82e-abb18adbca5d,466304a7-7ca3-455a-ba2d-9065cd86e544,IG Post,IMAGE,12.4.2026 3:50:07,"Dnes budeme bojovat v lucky loser game o postup do @unihokejfinalfour !🍀

Lucky loser game
🗓️ 12.4.  v 13:15
📍 v Hokejové Centrum Pouzar
⚔️ proti @blackdogsbudweis_vste 

#luckylosergame#riders",https://www.instagram.com/p/DXBGBFSiOmq/,,4142,48,,8
vsefalcons,instagram,709fceba-e311-48e7-9057-f54a587abf4a,759f51bb-8366-422b-9a33-84a73e26e827,IG Story,VIDEO,2.3.2026 19:28:57,2. TŘETINA 👀,https://www.instagram.com/stories/vsefalcons/3844161228298011385,638,824,,,
@united_hk,instagram,b18c071b-0570-48b2-b743-990c668c3c5b,83b2384b-0a48-4393-9f26-c933d05af972,IG Post,IMAGE,18.3.2026 13:27:09,"🏒 Dnes venku v Ústí

Dnes vyrážíme do Ústí nad Labem.
Čeká nás zápas proti @hcnorthwings 

Další venkovní výzva a další body ve hře.

Drž nám palce na dálku.
🖤🧡",https://www.instagram.com/p/DWBwW0wCCl2/,,2723,28,,7
@AkademiciPlzen,facebook,d87b94e3-03e8-45d0-b92e-75e9b819545c,89f9e69e-fdbd-4d8f-8631-fd2406cac6bb,FB Post,IMAGE,4.3.2026 22:56:02,"V případě, že byste zítra nezvládli své povinnosti, we got you! 👊🏼🤭

#akademiciplzen #jarnibitva",https://www.facebook.com/1357105236437494/posts/1334855981995753,2054,,6,,
vsefalcons,instagram,709fceba-e311-48e7-9057-f54a587abf4a,cb911873-2edc-48de-89fd-5b9fdaa17471,IG Story,VIDEO,8.4.2026 16:03:15,🤹‍♂️,https://www.instagram.com/stories/vsefalcons/3870874314283160323,877,766,,,
@vutcavaliersbrno,instagram,b384bebf-72f3-4f9d-8b2d-3677709f6966,e572270a-77a6-4157-bde2-90ac189a23a0,IG Reel,VIDEO,4.4.2026 9:10:15,"Právě nám začíná mezisezónní období, na které se můžeme plně vybavit díky našemu partnerovi @sportega.cz 🏸
Pokud i vy sháníte nové sportovní vybavení, doporučujeme navštívit jejich pobočku📍Křenová 26 Brno
Veškerý sortiment si tam můžete vyzkoušet, abyste měli jistotu, že vám zvolená výbava bude plně vyhovovat😌 Za nás prostě 🔝topka🙌",https://www.instagram.com/reel/DWtEBT-iKQv/,,3113,81,2,27
@united_hk,instagram,b18c071b-0570-48b2-b743-990c668c3c5b,41c574fc-5e0d-49fd-a747-d04159301d29,IG Post,PHOTO,28.3.2026 11:09:57,"Už jen 3 dny do startu PLAY-IN!

1 zápas. Všechno nebo nic.

Tenhle večer rozhodne.

31.3. Praha.

ALL IN 🖤🧡

#unitedhk #unihokej #hokej",https://www.instagram.com/p/DWbQbEqCKkn/,,3559,51,,6
@riderspardubice,instagram,4d6a67ab-9313-4f77-a82e-abb18adbca5d,e7c9133d-9622-449d-85f3-ac98ccd93ed5,IG Reel,VIDEO,8.4.2026 6:00:06,"Není maska jako maska! 🔥

Tohle je GARNIER Fructis 3v1 Osvěžující hydratační maska na vlasy. 🥝

10/10 gólmanů doporučuje a označuje ji za svou masku č. 1 🔥

@garnier_czsk 
@univerzitnihokej",https://www.instagram.com/reel/DW3B4fQxCU2/,,7014,151,11,57
@univerzitnihokej,instagram,1e114592-3529-4cfe-9977-2598454053af,c86b05e1-135f-4d71-8b19-7707fb2a02aa,IG Reel,REEL,31.3.2026 11:59:35,Rybaření a golf jako školní předměty? 📚 Pusťte si nový díl našeho podcastu s @michael_hrabal na YouTube nebo Spotify 🎧,https://www.instagram.com/reel/DWjDnrhCKfI/,,15325,682,1,73
@univerzitnihokej,instagram,1e114592-3529-4cfe-9977-2598454053af,013fd2e9-76c8-4bc3-a5ff-165c5e1c32ca,IG Post,IMAGE,13.4.2026 12:12:59,"V Budějovicích se rozdávaly vstupenky… 👀
A rovnou dvě na @unihokejfinalfour 🎟️ Odvezly si je @vsefalcons a @riderspardubice 🚨",https://www.instagram.com/p/DXEkiY4CLtw/,,19660,490,2,129
vsefalcons,instagram,709fceba-e311-48e7-9057-f54a587abf4a,3b5c59c5-0f5e-47b7-b891-6d5e1735fc5d,IG Reel,VIDEO,28.1.2026 17:23:56,"Střídačka není to stejný jako stavba. 👷🏽 … nebo jo? Některé hlášky totiž můžeš použít na obou místech. 🦺🏒

Mostecká game už v úterý 3.2., těšíme se na vás! 🫶🏻",https://www.instagram.com/reel/DUEAeXRiO2f/,,6461,108,2,29
@univerzitnihokej,facebook,01b45180-0b14-4a14-96e8-d0a4bab1fb9f,7a3d42db-d862-4a6b-8763-41b5e146d115,FB Post,IMAGE,13.4.2026 8:54:21,"Program na čtvrtek? Máme! 😤

Kings budou v prvním semifinále bojovat proti Riders, později se pak proti sobě postaví pražské celky Engineers a Falcons 🤜🏼🤛🏼",https://www.facebook.com/1275398168115026/posts/1284830077171835,942,,6,,
@cvutengineers,instagram,11963a07-7f0f-48e6-9d81-aa63a7ff4a04,9b43dc83-726c-45b9-b825-350234b4b176,IG Story,VIDEO,6.4.2026 16:03:26,,https://www.instagram.com/stories/cvutengineers/3869424837353822948,,1089,,,4
vsefalcons,instagram,709fceba-e311-48e7-9057-f54a587abf4a,a10069fd-b06c-4f31-a51a-058d3aec9ccf,IG Story,VIDEO,17.3.2026 15:56:11,HAPPY ST. PATRICK’S DAY,https://www.instagram.com/stories/vsefalcons/3854925780119738901,1038,1013,,,1
@united_hk,instagram,b18c071b-0570-48b2-b743-990c668c3c5b,b04f0395-91b9-488e-b131-f98c30ded0b2,IG Story,VIDEO,21.4.2026 17:54:15,"Holky si vystřílely voňavou
 výhru 😉",https://www.instagram.com/stories/united_hk/3880351616566074561,,608,,,2
vsefalcons,instagram,709fceba-e311-48e7-9057-f54a587abf4a,bd616a5f-5062-45da-9548-4a0cdce61b41,IG Story,VIDEO,16.4.2026 19:23:56,@sokoli.hnizd0 💙,https://www.instagram.com/stories/vsefalcons/3876773353289716876,1196,931,,,2
@riderspardubice,instagram,4d6a67ab-9313-4f77-a82e-abb18adbca5d,c4c22ffa-1dff-452d-9033-f5cdd8858769,IG Story,VIDEO,31.3.2026 18:25:37,JDEME DO 2. TŘETINY! 🐎 🐎,https://www.instagram.com/stories/riderspardubice/3865147778116921228,,741,,,
@riderspardubice,instagram,4d6a67ab-9313-4f77-a82e-abb18adbca5d,51c1cdeb-0cb5-4183-9df3-39a03ab77969,IG Story,IMAGE,8.4.2026 17:05:59,@tipsportcz,https://www.instagram.com/stories/riderspardubice/3870905874441332979,,689,,,
vsefalcons,instagram,709fceba-e311-48e7-9057-f54a587abf4a,9f5fa20e-9c0e-42ed-9135-e23f3974d678,IG Story,VIDEO,17.2.2026 17:50:44,1️⃣ 2️⃣ 3️⃣ FALCONS,https://www.instagram.com/stories/vsefalcons/3834689632499936093,701,924,,,
@AkademiciPlzen,facebook,d87b94e3-03e8-45d0-b92e-75e9b819545c,b7bb302e-70fb-4c84-9f56-6fa3efde5440,FB Post,IMAGE,1.4.2026 15:03:20,"Hokejem tenhle večer teprve začíná. 🏒 

Ze stadionu se všichni přesouváme na after do No Limitu. Vidíme se tam! 🕺🏼

#akademiciplzen",https://www.facebook.com/1357105236437494/posts/1357476163067068,490,,2,,
@univerzitnihokej,facebook,01b45180-0b14-4a14-96e8-d0a4bab1fb9f,dffbe5bd-2451-435b-b7ba-748737d75b5c,FB Post,IMAGE,7.4.2026 10:04:33,"I přes velmi povedenou základní část končí v semifinále play-in také plzeňští Akademici.

Takové momenty ke sportu patří. Díky za nasazení a boj až do konce 👊🏼",https://www.facebook.com/1275398168115026/posts/1280346417620201,602,,2,,
@univerzitnihokej,instagram,1e114592-3529-4cfe-9977-2598454053af,2602094e-086d-415e-9ce4-952750f7acc6,IG Story,VIDEO,8.4.2026 16:36:35,🍿,https://www.instagram.com/stories/univerzitnihokej/3870891109215928930,,3973,,,1
@riderspardubice,instagram,4d6a67ab-9313-4f77-a82e-abb18adbca5d,531768b6-817d-4313-815e-8d0366ed8de4,IG Post,ALBUM,31.3.2026 6:00:02,"Záda nám “kryje” náš partner @foxconn_czech 👋

Jak myslíte že dopadne dnešní zápas? 🤨",https://www.instagram.com/p/DWibmg2DJbO/,,1846,71,,1
@riderspardubice,instagram,4d6a67ab-9313-4f77-a82e-abb18adbca5d,88f4f914-f048-4c7a-871f-158b00f4e3ad,IG Reel,VIDEO,19.4.2026 12:22:58,"I tak to někdy vyjde. 🤷🏼‍♂️ Ale to neznamená, že se nebude podporovat!",https://www.instagram.com/reel/DXUCTwmDNmR/,,26598,830,2,182
vsefalcons,instagram,709fceba-e311-48e7-9057-f54a587abf4a,bb8c7ca4-ba06-4149-86af-63b560c8e3ac,IG Story,IMAGE,24.2.2026 19:30:23,0 0,https://www.instagram.com/stories/vsefalcons/3839813202133711858,666,827,,,
vsefalcons,instagram,709fceba-e311-48e7-9057-f54a587abf4a,cac2f8d3-779c-46e9-b19f-6746a05f50d5,IG Story,VIDEO,8.4.2026 17:12:03,otevírá zápas,https://www.instagram.com/stories/vsefalcons/3870908955803256952,,840,,,1
@univerzitnihokej,facebook,01b45180-0b14-4a14-96e8-d0a4bab1fb9f,1e570be4-bd32-4c49-a864-bc7125b6a534,FB Post,IMAGE,5.3.2026 17:47:49,"Finále univerzitního hokeje se blíží 🔥 1. vlna denních balíčků na FINAL FOUR je v prodeji a nejlevnější lístky pořiďte do 16. 3. ⏳

🎟️ www.finalfour.cz",https://www.facebook.com/1275398168115026/posts/1254542416867268,482,,,,
vsefalcons,instagram,709fceba-e311-48e7-9057-f54a587abf4a,57002983-ddc7-47a1-bfe0-66cd7f02a000,IG Story,VIDEO,17.4.2026 14:28:54,,https://www.instagram.com/stories/vsefalcons/3877349572913697810,893,888,,,
vsefalcons,instagram,709fceba-e311-48e7-9057-f54a587abf4a,b679f51a-e88f-4afb-8064-4843fdc3dce6,IG Story,VIDEO,18.2.2026 8:22:29,😋😋😋,https://www.instagram.com/stories/vsefalcons/3835128679131257218,565,707,,,
@bitvaoprahu,instagram,d7c8aa06-74fb-4c6c-a7d2-c2fe1bf6d59c,f718d9e1-c335-4e18-81b3-d9ddf6d94802,IG Post,IMAGE,12.3.2026 9:45:20,"Tohle si otevři, až po 3 pivu ztratíš kámoše v davu... 👀",https://www.instagram.com/p/DVx6LcWjGRZ/,,9422,230,2,24
vsefalcons,instagram,709fceba-e311-48e7-9057-f54a587abf4a,2a6537e8-c902-4578-a90e-5efd1cbb83f8,IG Story,VIDEO,12.3.2026 19:46:31,BRONZ JE NÁŠ 🥉 hoši děkujem,https://www.instagram.com/stories/vsefalcons/3851417791031197428,1243,829,,,
@univerzitnihokej,instagram,1e114592-3529-4cfe-9977-2598454053af,339ad03a-1c16-48ac-b7bb-0cfd95c36cbd,IG Post,IMAGE,27.3.2026 19:03:40,"Základní část skončila ⏩️ začíná Play-In 🔥 Jak to bude vypadat?☝🏻

Čekají nás semifinálové bitvy, vítězové jdou do finále Play-In. A odtud už vede jediná cesta ➡️ @unihokejfinalfour a boj o absolutního šampiona letošní sezóny! 😮‍💨🏆

Jedna šance. Žádná oprava. 👀",https://www.instagram.com/p/DWZiBYhCLCa/,,28654,566,,98
@riderspardubice,facebook,f99ed6c3-17cc-46f4-a32e-d9b0576ce2df,9aa67466-af77-40e5-b409-0910f12339cd,FB Post,IMAGE,13.4.2026 10:12:28,"Hello, překvápko 🎁❤️‍🔥",https://www.facebook.com/1592662819534019/posts/1603450908455210,4054,,29,,
vsefalcons,instagram,709fceba-e311-48e7-9057-f54a587abf4a,b3909908-5d91-4dd2-baba-63ff938dcc54,IG Reel,VIDEO,29.4.2026 14:16:02,"Konec semestru už je za rohem 😬😭

Tak pojďme společně utéct povinnostem v neděli 10.5. do Stromovky na @wflworldrun 🏃🏽💨 Poběžíme pro ty co nemohou a pomůžeme tak na dobrou věc! 🙌🏼

Připoj se k nám do týmu VŠE Falcons Prague přes odkaz na profilu a vidíme se tam! 😎

#vsefalcons #wingsforlife",https://www.instagram.com/reel/DXt-tSgiBg7/,,32975,2175,,1495
@akademiciplzen,instagram,65494228-95bf-4f7b-8e68-d47d7262db66,37224252-111c-48ca-8beb-083acbdfcf3e,IG Story,VIDEO,1.4.2026 16:57:54,,https://www.instagram.com/stories/akademiciplzen/3865828365261647858,,1476,,,
@218107044725785,facebook,7a942e3e-6c47-4794-9ba7-bbc7b6d40cb3,9ddee282-60a8-444a-8cb3-e804033ca440,FB Video,VIDEO,17.4.2026 8:43:41,"Takhle vypadal včerejší semifinálový zápas 🔥

Bohužel nevyšel podle plánu, ALE dneska si můžeme spravit chuť a zabojovat alespoň o bronz 😏

Budete u toho s námi? Potřebujeme tam slyšet každého z vás! 🦅💙 Vstupenky koupíte na finalfour.cz 🎟️

🎥 @vojta_kepka @richipici",https://www.facebook.com/reel/1669318491163617/,483,130,11,,
@riderspardubice,instagram,4d6a67ab-9313-4f77-a82e-abb18adbca5d,a074ea48-b5de-4e3f-a549-d240f4cbba38,IG Post,IMAGE,5.3.2026 10:58:41,"🐱 V pondělí za námi přijedou @blackdogsbudweis_vste ! 🐕

A my při této příležitosti společně podpoříme KoČIČÍ depozitum Lovčice! 

Jak můžete opuštěným kočičkám pomoci s námi? 
- přineste s sebou na zápas kočičí žrádlo - granule, konzervy, ňaminky 
- přispějte finančním darem - ideálně v hotovosti na místě nebo pomocí QR kódu na kostce.

Zápas pro tlapky vol. 2
🗓️ 9.3. v 19:15
📍 v Enteria Arena
⚔️ proti @blackdogsbudweis_vste 

Minulý semestr jsme pomohli pejskům z @farma_u_veselyho_psa, tak pojďme znovu spojit síly a tentokrát pomoci kočičkám z KoČIČÍ depozitum Lovčice! 

Vstupenky za zapas koupíš přes odkaz v BIU!🎟️🐱
#zápasprotlapkyvol2#riders",https://www.instagram.com/p/DVgAlSYDHzf/,,1943,26,,4
vsefalcons,instagram,709fceba-e311-48e7-9057-f54a587abf4a,a47fe5e0-e0d9-46f9-a02c-e6bdf716c9a7,IG Story,VIDEO,10.2.2026 17:34:02,PAŤOVO POV Z BRAZILKY 🤳🏼 ⚽️ @patrik_nabelek,https://www.instagram.com/stories/vsefalcons/3829607790277099272,735,1047,,1,
@univerzitnihokej,instagram,1e114592-3529-4cfe-9977-2598454053af,bd3f5734-7408-40d8-945d-ee919dac5e91,IG Post,IMAGE,3.3.2026 21:52:29,Falcons se dnes vyspali lépe než včera a posílají Akademiky zpátky do Plzně bez bodů 🚌,https://www.instagram.com/p/DVcCQ3JiJTK/,,3128,80,,2
vsefalcons,instagram,709fceba-e311-48e7-9057-f54a587abf4a,c30f4c70-4bf8-44aa-a3d7-dd2636be6f57,IG Story,VIDEO,17.4.2026 16:04:30,,https://www.instagram.com/stories/vsefalcons/3877397797503031897,872,870,,,
vsefalcons,instagram,709fceba-e311-48e7-9057-f54a587abf4a,0ed6dedc-f35f-492c-899b-0aa7a313bd17,IG Story,VIDEO,10.2.2026 7:38:42,GAMEDAY,https://www.instagram.com/stories/vsefalcons/3829308195370192197,695,908,,,
vsefalcons,instagram,709fceba-e311-48e7-9057-f54a587abf4a,1400f851-51f7-4716-9f07-2b460f08588e,IG Story,VIDEO,8.4.2026 19:28:26,,https://www.instagram.com/stories/vsefalcons/3870977565397676803,856,617,,,
@hc_muni,instagram,43cd62c8-609d-4ea6-8ce9-cae5242ede0c,79959166-62a8-4932-92bc-2eabf365d27f,IG Post,IMAGE,19.3.2026 15:53:28,"Kluci do toho včera dali úplně všechno🏒🐻 Jste ready na poslední zápas sezony a pořádné derby?🔥

📸 @zdeny_99 

#hcmuni",https://www.instagram.com/p/DWEl5V3iJ1Z/,,5448,133,,8
vsefalcons,instagram,709fceba-e311-48e7-9057-f54a587abf4a,0020ba6a-c85e-4f9e-b3f1-3767295a00a4,IG Story,VIDEO,17.4.2026 18:02:26,,https://www.instagram.com/stories/vsefalcons/3877457168673045741,830,686,,,
vsefalcons,instagram,709fceba-e311-48e7-9057-f54a587abf4a,5e5463f2-6ff9-42c6-bdff-e0e627b96142,IG Story,VIDEO,27.1.2026 18:12:36,📽️,https://www.instagram.com/stories/vsefalcons/3819480463618664198,,788,,,
vsefalcons,instagram,709fceba-e311-48e7-9057-f54a587abf4a,a825ff74-8a74-4121-9b6e-d7c0c928e914,IG Story,IMAGE,7.2.2026 19:51:34,🏒 přidej se zítra k našemu kotli na zápas proti @czufarmers,https://www.instagram.com/stories/vsefalcons/3827502667019086190,,1143,,,2
@bitvaoprahu,facebook,75e0f41f-82be-4f82-a77b-82ac11135ed2,da736b5a-4f7e-4214-8bba-e07fc84d6d8a,FB Post,IMAGE,12.3.2026 22:41:59,Ideální rande 🟰 Bitva o Prahu?! 😍,https://www.facebook.com/1441262177797849/posts/1420433176547416,264,,2,,
@akademiciplzen,instagram,65494228-95bf-4f7b-8e68-d47d7262db66,f8d66565-4d6c-413c-9c66-775acab4085c,IG Reel,VIDEO,24.3.2026 9:29:37,"Velikonoční PLAY-IN je tady🐰🔥
Říháč už ladí formu… s Dádou v uších. 🍫

‼️ NEJSPÍŠ POSLEDNÍ DOMÁCÍ ZÁPAS
🎁 VELIKONOČNÍ NADÍLKA čeká

Tak buď u toho 🤩
🗓️ 1. 4. | 19:00
📍 LOGSPEED CZ Aréna

#akademiciplzen 💙",https://www.instagram.com/reel/DWQwhAajKCO/,,15528,454,3,67
@riderspardubice,instagram,4d6a67ab-9313-4f77-a82e-abb18adbca5d,45ea948c-24c4-42ce-a765-40953c157dd1,IG Post,IMAGE,24.3.2026 2:39:36,Dnes bohužel prohra.,https://www.instagram.com/p/DWQC_QVCDwP/,,4581,37,1,9
vsefalcons,instagram,709fceba-e311-48e7-9057-f54a587abf4a,8c9a3e45-9af1-427b-9984-5c3e26c874ae,IG Post,IMAGE,12.4.2026 19:29:45,"Soupeř, čas i místo jsou jasné. Semifinále @unihokejfinalfour sehrajeme proti @cvutengineers , které dobře známe 👊🏼

Teď vás potřebujeme víc, než kdy jindy. 👉🏼🏆

Vstupenky na finalfour.cz
SLEVOVÝ KÓD: VSEFANS 🤑",https://www.instagram.com/p/DXCxubSCGOs/,,11824,117,,78
vsefalcons,instagram,709fceba-e311-48e7-9057-f54a587abf4a,3218033e-c645-4aba-8efe-4a974549ee53,IG Story,VIDEO,17.4.2026 12:45:41,BOYS are in da 🏟️ @alenjurak11,https://www.instagram.com/stories/vsefalcons/3877297694121179087,1305,1597,,,6
@bitvaoprahu,facebook,75e0f41f-82be-4f82-a77b-82ac11135ed2,408fe097-a0c8-45a0-a7b1-645835c3d617,FB Post,PHOTO,13.3.2026 18:27:49,"📣 Speakeři na @univerzitnihokej >>> 🗣️🗣️

Jsi stejného názoru? 👀 #bitvaoprahu",https://www.facebook.com/1441262177797849/posts/1421083173149083,338,,1,,
vsefalcons,instagram,709fceba-e311-48e7-9057-f54a587abf4a,0c222b68-01de-4f68-817f-e04413ab9f17,IG Story,VIDEO,16.4.2026 18:17:36,,https://www.instagram.com/stories/vsefalcons/3876739969825958363,1027,821,,,
@univerzitnihokej,instagram,1e114592-3529-4cfe-9977-2598454053af,2caea03b-6a5b-4a8f-9e3b-6fbeb7ac7968,IG Reel,VIDEO,14.3.2026 15:07:20,Tohle… a přednášky jdou stranou 🥵 Další zastávka: @unihokejfinalfour 🏆🔥,https://www.instagram.com/reel/DV3oGcJiI47/,,18954,777,,48
@riderspardubice,instagram,4d6a67ab-9313-4f77-a82e-abb18adbca5d,8727fcef-aa30-4557-a89f-e3f3b015f467,IG Story,VIDEO,10.4.2026 8:01:00,,https://www.instagram.com/stories/riderspardubice/3872081115679062883,,560,,,
@univerzitnihokej,instagram,1e114592-3529-4cfe-9977-2598454053af,9cd61a49-6337-424c-8f0a-35538891c7a0,IG Story,VIDEO,17.4.2026 20:16:13,,https://www.instagram.com/stories/univerzitnihokej/3877524598929510658,,1372,,,
@cvutengineers,instagram,11963a07-7f0f-48e6-9d81-aa63a7ff4a04,1e291045-ae97-4928-bf6c-09c51cf32cf6,IG Story,VIDEO,8.4.2026 17:21:10,KISS FOR LUCK,https://www.instagram.com/stories/cvutengineers/3870913520405843763,,984,,,2
@vutcavaliersbrno,instagram,b384bebf-72f3-4f9d-8b2d-3677709f6966,4632f9e2-3d9d-4738-9a83-c43e26368b4e,IG Story,IMAGE,1.4.2026 17:10:53,,https://www.instagram.com/stories/vutcavaliersbrno/3865834903979966532,,493,,,
@hcmuni,facebook,d1f9e9f9-7526-42d4-85aa-13f91e89f7cf,b65ee54e-1556-4139-bd9b-80a583b7d4b0,FB Post,ALBUM,26.3.2026 16:23:59,"Poslední zápas ve velkém stylu!🐻🏒 Děkujeme moc všem za podporu a vidíme se příští sezonu 💙

📸 @zdeny_99 

#hcmuni",https://www.facebook.com/1581741777288398/posts/1576851724444070,759,,10,,
vsefalcons,instagram,709fceba-e311-48e7-9057-f54a587abf4a,24929d01-910d-4f6d-8672-ddbda0736ad6,IG Story,VIDEO,2.3.2026 8:25:05,GAMEDAY,https://www.instagram.com/stories/vsefalcons/3843827008874754955,724,913,,,
vsefalcons,instagram,709fceba-e311-48e7-9057-f54a587abf4a,7c11b7eb-c7f1-48fa-b183-85c3d1512153,IG Story,VIDEO,12.4.2026 19:44:12,VŠE vs. ČVUT VŠE vs. ČVUT ONCE AGAIN ONCE AGAIN,https://www.instagram.com/stories/vsefalcons/3873884610513867595,649,455,,,2
@akademiciplzen,instagram,65494228-95bf-4f7b-8e68-d47d7262db66,ef4693dc-a740-43db-80be-04a32915c961,IG Reel,VIDEO,10.3.2026 14:22:38,"Výhra nad Kings chutnala dobře… ale jak moc? 😏🏆
To zjišťovala @deniskaurbankova přímo po zápase. 🎤

#akademiciplzen",https://www.instagram.com/reel/DVtPyICDDJp/,,13426,293,1,22
@BOhokej,facebook,c9082543-a03b-490f-8f97-66d439acce89,fc1ec838-7c8a-49d7-a8c7-334edaab17b0,FB Video,VIDEO,29.3.2026 18:30:04,"Dany šel dneska na rande. Se sprejem Diamond sleek od @garnier_czsk udělal rozhodně dobrý dojem! 

#garnierfructics #hokej #bocko",https://www.facebook.com/reel/1467239681453082/,707,316,4,,
@riderspardubice,instagram,4d6a67ab-9313-4f77-a82e-abb18adbca5d,67bf8ac3-2c01-4d74-84ea-6458b7f14f75,IG Story,VIDEO,13.4.2026 19:13:03,,https://www.instagram.com/stories/riderspardubice/3874593704430898250,,419,,,
vsefalcons,instagram,709fceba-e311-48e7-9057-f54a587abf4a,9db9955c-ff3f-4ca6-b144-6470e6e7683c,IG Post,CAROUSEL_ALBUM,13.2.2026 17:22:47,"Těžko na cvičišti, v úterý na bojišti. 👀

Jedeme na ostro a bez vás to nepůjde. Takže kupujte lístek a chceme vás všechny vidět na Kateřinkách! 🎟️",https://www.instagram.com/p/DUtNFvyiNJR/,,4032,86,,8
vsefalcons,instagram,709fceba-e311-48e7-9057-f54a587abf4a,019ad4c8-923a-4449-bd2b-78e93420f906,IG Story,VIDEO,24.2.2026 18:59:25,,https://www.instagram.com/stories/vsefalcons/3839797606016933846,695,892,,,
@riderspardubice,instagram,4d6a67ab-9313-4f77-a82e-abb18adbca5d,2813bb43-ba07-4b97-8436-e1b080820d8d,IG Story,VIDEO,31.3.2026 20:26:25,BENEŠ,https://www.instagram.com/stories/riderspardubice/3865208557340266722,,790,,,3
@akademiciplzen,instagram,65494228-95bf-4f7b-8e68-d47d7262db66,48091aaa-32f5-4d91-b3b4-9bc7e60fc65c,IG Reel,VIDEO,8.4.2026 13:26:13,"Chceš vyhrát 100 000 Kč? 👀 Založ si účet u ČSOB a jsi ve hře! 💙

A jestli náhodou budeš na @unihokejfinalfour , nezapomeň, že s kartou ČSOB tam na tebe čeká 20% cashback na pivo a drinky! 🍻

Link na založení účtu najdeš u nás ve stories! 

#akademiciplzen",https://www.instagram.com/reel/DW30cNuDB5Q/,,17229,336,2,21
@akademiciplzen,instagram,65494228-95bf-4f7b-8e68-d47d7262db66,6aa407ac-ff89-48fa-bfd3-1c0bb6a5bff1,IG Post,PHOTO,30.3.2026 20:58:35,"🚨 Deadline alert! 🚨

🎓 Na ZČU nezačíná jen studium. Začínají tu i zážitky, kamarádi, studentskej život… a taky univerzitní hokej. 🏒

Jestli chceš být od příštího roku součástí toho všeho, mrkni na termíny přihlášek na bakalářské studium a hlavně je nepropásni. ⏳

Ulož si tenhle post a pošli ho dál někomu, kdo ještě pořád říká, že „je čas“. 👀

** FDU má do 30. dubna přihlášky na navazující magisterské studium, ne bakalářské! 

#akademiciplzen 💙",https://www.instagram.com/p/DWhclTdDGNp/,,14446,149,,35
@riderspardubice,instagram,4d6a67ab-9313-4f77-a82e-abb18adbca5d,8d918921-510b-4e47-9809-259a4e7e3534,IG Story,VIDEO,31.3.2026 18:54:32,2:2,https://www.instagram.com/stories/riderspardubice/3865162340446767810,,904,,,2
@riderspardubice,instagram,4d6a67ab-9313-4f77-a82e-abb18adbca5d,94bc0a98-0a68-4084-b297-08a7de6b7278,IG Story,VIDEO,31.3.2026 11:53:05,MÍŘÍME DO OSTRAVY!,https://www.instagram.com/stories/riderspardubice/3864950175941028045,,1019,,,
vsefalcons,instagram,709fceba-e311-48e7-9057-f54a587abf4a,a7cb0e50-fe66-4fb5-9b76-cdc571d41c3a,IG Story,IMAGE,26.1.2026 17:31:44,0 0,https://www.instagram.com/stories/vsefalcons/3818735008165191163,,892,,,
@218107044725785,facebook,7a942e3e-6c47-4794-9ba7-bbc7b6d40cb3,f1265eeb-24e0-4d6c-bf96-4733132f66e9,FB Video,VIDEO,9.3.2026 21:36:51,"Zítra. 19:30. Kateřinky.

Lístky na profilu. Dobrou noc.",https://www.facebook.com/reel/858873940501015/,257,83,6,,
@bitvaoprahu,facebook,75e0f41f-82be-4f82-a77b-82ac11135ed2,f8a3aab8-5108-4d88-93ba-123cac1762a2,FB Post,IMAGE,8.3.2026 15:54:58,"Chápete to? Už je to skoro tady 🤯
Lístky na tebe čekají na 🎟️ bitvaoprahu.cz",https://www.facebook.com/1441262177797849/posts/1417242610199806,242,,,,
vsefalcons,instagram,709fceba-e311-48e7-9057-f54a587abf4a,2152eed7-b0d9-4e09-be4c-80ebaef03f05,IG Story,VIDEO,10.2.2026 20:36:45,STAV PO 2. TŘETINĚ  1:5,https://www.instagram.com/stories/vsefalcons/3829699737532507187,628,926,,1,1
vsefalcons,instagram,709fceba-e311-48e7-9057-f54a587abf4a,5e419f88-23b6-447a-b0e4-2aaee04a4219,IG Story,VIDEO,10.2.2026 20:22:21,,https://www.instagram.com/stories/vsefalcons/3829692530812297923,627,831,,,
@hcnorthwings,facebook,2b08a479-603b-46e4-8a48-2bc0435ccd53,0dbe56e6-ea78-4c7e-b78c-acaa9fc180e7,FB Story,VIDEO,11.3.2026 17:34:14,,,,,,,
vsefalcons,instagram,709fceba-e311-48e7-9057-f54a587abf4a,23380f1b-6a4c-4bec-beb2-7fbec9a27b56,IG Story,VIDEO,12.3.2026 18:54:29,,https://www.instagram.com/stories/vsefalcons/3851391540165893094,1906,1452,,,3
vsefalcons,instagram,709fceba-e311-48e7-9057-f54a587abf4a,5d820367-c3d6-4719-bc36-29856f3c42b3,IG Story,VIDEO,13.2.2026 7:55:52,PÁ ČEK TE 🥳 😎,https://www.instagram.com/stories/vsefalcons/3831491130282259375,547,547,,,
@riderspardubice,facebook,f99ed6c3-17cc-46f4-a32e-d9b0576ce2df,b94e5211-51ca-4e31-bc85-d5d7aa5da210,FB Post,IMAGE,20.3.2026 15:48:05,"Hey Erasmus students! 🌍✨

Looking for a unique Czech student experience? Join us for an unforgettable night full of energy, emotions, and true university spirit! 🏒🔥

Come and enjoy a University Hockey Derby – a traditional rivalry between two neighboring cities, Pardubice and Hradec Králové. Expect loud fans, minigames for fans and an incredible atmosphere you don’t want to miss!

📅 March 23
🕢 7:45 PM
📍 Enteria Arena, Pardubice

This game is also special as it’s the last home match of the regular season – and a final farewell to two key players of the Riders team. Let’s give them a proper send-off together ❤️

🎟️ Get your ticket in BIO!",https://www.facebook.com/1592662819534019/posts/1581683907298577,292,,1,,
@vutcavaliersbrno,instagram,b384bebf-72f3-4f9d-8b2d-3677709f6966,8a06882f-83f2-4f73-96f8-3a1852acff7c,IG Post,IMAGE,10.3.2026 16:53:44,"Domácí zápas v SOBOTU ‼️
Kavalíři tento týden nastoupí k dohrávce zápasu proti @vsefalcons na domácímu ledě v sobotu v 17:00 👈
Ideální aktivita na víkend? Přijď nás podpořit a zažij univerzitní hokej 🏒 
Doprava na zápas i z něj je zajištěna 🚌",https://www.instagram.com/p/DVthoTMCIPY/,,1532,28,,1