account_name,social_network_id,carl_account_id,carl_post_id,post_type,media_url_type,published,caption,permalink,impressions,views,likes,comments,shares
@riderspardubice,instagram,4d6a67ab-9313-4f77-a82e-abb18adbca5d,bdcc53a9-d080-443a-b4e7-5f195f3d7e47,IG Story,VIDEO,12.4.2026 12:15:00,@machosta_15 😏👊🏻 2:0,https://www.instagram.com/stories/riderspardubice/3873658926256634044,,1517,,,1
@akademiciplzen,instagram,65494228-95bf-4f7b-8e68-d47d7262db66,cf2d7272-821e-4d3c-b869-fc3e331b8bc6,IG Story,VIDEO,27.4.2026 20:07:31,,https://www.instagram.com/stories/akademiciplzen/3884767870383334526,,603,,,
vsefalcons,instagram,709fceba-e311-48e7-9057-f54a587abf4a,ef6201c3-8d10-4cab-98a4-701eee80675a,IG Story,VIDEO,12.2.2026 19:54:12,BTW TĚCH ÚTERKŮ BUDE VÍC 🛒 👉🏼,https://www.instagram.com/stories/vsefalcons/3831127873205883050,591,788,,,1
@united_hk,instagram,b18c071b-0570-48b2-b743-990c668c3c5b,809b17f1-2365-4618-90c7-8bb68c581c73,IG Story,VIDEO,25.4.2026 13:20:09,!BUDEME SE TĚŠIT! BUDEME SE TĚŠIT,https://www.instagram.com/stories/united_hk/3883113222723116965,,820,,,
@riderspardubice,instagram,4d6a67ab-9313-4f77-a82e-abb18adbca5d,a416c875-bf42-408f-a955-f101ae736e2a,IG Story,VIDEO,12.4.2026 14:07:49,JSME VE  @unihokejfinalfour !!!!!!!!!,https://www.instagram.com/stories/riderspardubice/3873715445635514722,,1541,,,8
vsefalcons,instagram,709fceba-e311-48e7-9057-f54a587abf4a,57db0de4-42cb-47f8-8396-f577c30586e3,IG Story,IMAGE,1.2.2026 17:27:20,🥳,https://www.instagram.com/stories/vsefalcons/3823081419446955523,,849,,,
@univerzitnihokej,facebook,01b45180-0b14-4a14-96e8-d0a4bab1fb9f,badc9ef8-7bb0-4c96-8289-80f94fc158ca,FB Post,IMAGE,9.4.2026 9:10:45,📍Next stop @unihokejfinalfour v Edenu 16.4.🫨 Vstupenky na finalfour.cz 🎟️,https://www.facebook.com/1275398168115026/posts/1281821867472656,578,,2,,
vsefalcons,instagram,709fceba-e311-48e7-9057-f54a587abf4a,441c12c6-f2cf-466d-af38-eba6167d974c,IG Story,VIDEO,16.4.2026 16:30:26,NAKRMIT RYBIČKY PŘED ZÁPASEM 🐠 @kauflandcesko,https://www.instagram.com/stories/vsefalcons/3876685964135382000,,1103,,,1
@univerzitnihokej,instagram,1e114592-3529-4cfe-9977-2598454053af,857327bc-e384-4a0d-984a-8282ef4f317f,IG Story,VIDEO,8.4.2026 18:39:28,EMOCE po gólu 🔥,https://www.instagram.com/stories/univerzitnihokej/3870952967616636467,,774,,,1
vsefalcons,instagram,709fceba-e311-48e7-9057-f54a587abf4a,9d50a2e1-8ed7-4289-9f5e-c74f1010ea2a,IG Story,VIDEO,19.4.2026 21:47:39,"PĚKNÁ, CO?",https://www.instagram.com/stories/vsefalcons/3879020046370521378,873,195,,,
@cvutengineers,instagram,11963a07-7f0f-48e6-9d81-aa63a7ff4a04,aaab9cac-feb3-4c14-8ac9-ea9c6425e7c8,IG Story,IMAGE,9.4.2026 16:53:16,"97,62% ÚSP 6 ze 7 nájezdů ✅ ✅",https://www.instagram.com/stories/cvutengineers/3871624247483602277,,680,,,5
@hc_muni,instagram,43cd62c8-609d-4ea6-8ce9-cae5242ede0c,da8d66d3-ac54-4e27-b983-42a389e7c9b5,IG Post,IMAGE,2.3.2026 11:06:55,"Blíží se nám MDŽ, a proto jsme si pro naše fanynky připravili malý dáreček ke středečnímu zápasu 💙🐾🐻

Stačí se podívat na tlapku🫶🏻

#hcmuni",https://www.instagram.com/p/DVYTlvSDBu1/,,12284,226,,8
@univerzitnihokej,facebook,01b45180-0b14-4a14-96e8-d0a4bab1fb9f,2bfd367f-25ae-4ed9-ac66-061382a8781b,FB Post,IMAGE,16.3.2026 10:03:26,"Tento týden bude pro některé týmy oddechový, ale v úterý a čtvrtek se přeci jen můžete těšit na zajímavá utkání 💪🏼",https://www.facebook.com/1275398168115026/posts/1262442089410634,280,,1,,
vsefalcons,instagram,709fceba-e311-48e7-9057-f54a587abf4a,830cc4bf-7a3b-4fa6-8476-c7300c159f63,IG Story,VIDEO,16.4.2026 18:23:08,,https://www.instagram.com/stories/vsefalcons/3876742736313358715,1040,833,,,
vsefalcons,instagram,709fceba-e311-48e7-9057-f54a587abf4a,ca2d2d0b-55b3-4655-aa25-f3a7b950ddd9,IG Post,IMAGE,25.6.2026 14:02:14,"Apple emojis jsou fajn, ale něco jim chybí 🫣 Kdo s námi podepisuje petici pro tuhle novou dávku smajlíků? 📝

#vsefalcons",https://www.instagram.com/p/DaAu9yeuuu9/,,7725,181,,20
@bitvaoprahu,facebook,75e0f41f-82be-4f82-a77b-82ac11135ed2,11909dcb-12fc-4289-b79c-3d8177a10982,FB Video,VIDEO,13.3.2026 6:18:49,"Fantastický finálový večer a strhující podívaná, opět díky vám! 🙏🏼🚀

DĚKUJEME! 💯 #bitvaoprahu | @unihokejfinalfour 🔜",https://www.facebook.com/reel/1997664111173164/,801,339,9,,
@univerzitnihokej,instagram,1e114592-3529-4cfe-9977-2598454053af,4145d368-39d7-40a1-bb59-3d17dd3b9254,IG Story,VIDEO,8.4.2026 17:27:19,FALCONS NAVYŠUJÍ V BUDĚJOVICÍCH 🚀,https://www.instagram.com/stories/univerzitnihokej/3870916651604563429,,868,,,1
@univerzitnihokej,facebook,01b45180-0b14-4a14-96e8-d0a4bab1fb9f,c9f523a7-556a-4d3f-8b0d-72f912765ff9,FB Post,IMAGE,9.3.2026 21:25:10,Tomu říkáme začátek týdne! 🫨 prodloužení rozhodlo a Riders doma porážejí Black Dogs 🐎,https://www.facebook.com/1275398168115026/posts/1257565336564976,1132,,4,,
@riderspardubice,facebook,f99ed6c3-17cc-46f4-a32e-d9b0576ce2df,20b4b7b2-18bd-4e8e-b06d-ee60a7acf978,FB Post,IMAGE,8.3.2026 6:00:10,"Krásně MDŽ 💐

Bez vás by to nešlo. 🫶",https://www.facebook.com/1592662819534019/posts/1570747668392201,373,,7,,
vsefalcons,instagram,709fceba-e311-48e7-9057-f54a587abf4a,22020aea-5503-4c3a-89dd-2b69de3d50d7,IG Story,VIDEO,22.4.2026 15:17:11,STAVTE SE U NÁS NA STÁNKU 🏒 🦅 📍,https://www.instagram.com/stories/vsefalcons/3880997742462124777,1113,981,,,1
@vutcavaliersbrno,instagram,b384bebf-72f3-4f9d-8b2d-3677709f6966,3c1154e8-0ab1-4421-b223-f8b4f35c3619,IG Post,PHOTO,17.3.2026 11:37:44,"Poslední domácí zápas základní části je za dveřmi 👈 
Zítra proti @akademiciplzen 🔥",https://www.instagram.com/p/DV--8V6iFVw/,,3092,33,1,2
univerzitnihokej,tiktok,01c88cf9-594f-408e-a45a-95114221acae,4d5d3bd5-84c6-4e65-9158-3e63780d7586,TT Video,VIDEO,16.4.2026 16:27:22,"Tenhle gól byl tak dobrej, že jsme si ho museli pustit i pozpátku. ⏪",https://www.tiktok.com/@univerzitnihokej/video/7629394523562511638?utm_campaign=tt4d_open_api&utm_source=7348986504397455361,,1316,72,,
@boostrava,instagram,1176ddaf-d366-48a2-9639-3c6694c72c85,79c1b251-8165-44b7-a102-cbb1e227f598,IG Story,IMAGE,17.4.2026 19:39:15,,https://www.instagram.com/stories/boostrava/3877505995446682063,,525,,,
vsefalcons,instagram,709fceba-e311-48e7-9057-f54a587abf4a,94ed3309-f5fa-4230-ac1a-06263ffe4011,IG Reel,REEL,17.3.2026 15:52:20,"Happy St. Patrick’s day! 💚

#vsefalcons",https://www.instagram.com/reel/DV_cC2ICCX1/,,364279,14125,94,1003
@univerzitnihokej,instagram,1e114592-3529-4cfe-9977-2598454053af,9cef53d1-e39a-4271-8269-71d34dfb75bc,IG Story,VIDEO,17.4.2026 14:53:23,,https://www.instagram.com/stories/univerzitnihokej/3877362110191686040,,1779,,,
vsefalcons,instagram,709fceba-e311-48e7-9057-f54a587abf4a,2c97ebd8-fa6f-42ee-b7ae-e68c86e9857c,IG Story,VIDEO,14.7.2026 18:18:48,,https://www.instagram.com/stories/vsefalcons/3941245825174738422,,627,,,
vsefalcons,instagram,709fceba-e311-48e7-9057-f54a587abf4a,7a743e45-8435-49b8-aa51-a17b212996b6,IG Story,VIDEO,16.2.2026 18:41:34,,https://www.instagram.com/stories/vsefalcons/3833990444380357289,989,1199,,,3
@hc_muni,instagram,43cd62c8-609d-4ea6-8ce9-cae5242ede0c,168bd802-dd75-4446-ae2f-8d93c17f0833,IG Reel,VIDEO,17.3.2026 10:50:26,"Bez tebe to nebude ono! Doraž ve středu na tribuny!! ⚔️🔥
Vidíme se v 19:30 na Lužánkách 📍

Lístky koupíš v biu 🎟️

#hcmuni",https://www.instagram.com/reel/DV-5dIsDH0D/,,5894,173,2,27
@akademiciplzen,instagram,65494228-95bf-4f7b-8e68-d47d7262db66,28a46aa9-7a26-4082-a633-a6024ba6d13a,IG Reel,VIDEO,23.4.2026 8:38:26,"Běžíme pro ty, kteří nemohou! ⚡️

🗓️ 10. května ve 13:00 startuje Wings for Life World Run v Plzni! 

Můžeš se těšit na:
•  unikátní běh, kdy tě dohání catcher car 🏎️
•  hudbu, chill zónu u @pivstro_bolevak a drinky od @redbullcz ☀️⛱️
•  atmosféru, která tě nabije energií! 🔋

100 % tvého startovného jde na výzkum poranění míchy, tak poběž s námi a podpoř dobrou věc!

Registrace na: 
🔗https://www.wingsforlifeworldrun.com/cs

Nezáleží na tom, jestli uběhneš kilometr nebo maraton, v tomhle závodě vítězí každý, kdo se zapojí! 🏅",https://www.instagram.com/reel/DXd7Q0VjFQq/,,8656,192,6,74
@riderspardubice,instagram,4d6a67ab-9313-4f77-a82e-abb18adbca5d,4eff9d91-23e0-4cf3-bbdd-3c52626d0cd7,IG Story,VIDEO,7.4.2026 19:32:37,🔥🔥🔥,https://www.instagram.com/stories/riderspardubice/3870254899318080945,,391,,,
@boostrava,instagram,1176ddaf-d366-48a2-9639-3c6694c72c85,d264c438-1fc6-4076-b239-679539ac9576,IG Reel,VIDEO,10.4.2026 12:38:38,"Final Four se blíží! Pokud nechceš chybět u největší akce Univerzitního hokeje, tak doraž do Edenu 16. a 17. dubna! 🔥

Vstupenky najdeš na finalfour.cz 

#finalfour #univerzitnihokej #ullh",https://www.instagram.com/reel/DW84vbzDOun/,,4263,124,1,9
@unitedhk,facebook,bfe6cc29-a387-41b9-9bca-b077722556af,ebc49b4c-6401-4660-9bfd-6c2c2869f6d8,FB Video,VIDEO,10.3.2026 17:42:58,"Světla zhasínají. 
Příběh hokejistů začíná. 🏒🎬

🎟️Zapoj se do soutěže:

2x2 lístky na maratón první série Heated Rivalry v kinách CineStar pro tebe a tvého kámoše! 

📌Podmínky soutěže:
1) označ, s kým bys seriál chtěl/a vidět 
2) dej like na post

Ve čtvrtek vylosujeme 2 výherce, kteří si můžou premiéru užít přímo z první rady!

#unitedhk #unihokej #hbomax #heatedrivalry",https://www.facebook.com/reel/1999762030960449/,406,160,3,,
@univerzitnihokej,instagram,1e114592-3529-4cfe-9977-2598454053af,4891a91d-e576-4ba2-85bd-6eced3dfbfc8,IG Post,IMAGE,19.3.2026 11:51:53,"Osudí se rychle plní 👀 Zbývá posledních 90 míst. 🎱

Založ si účet u ČSOB přes link v našem biu a zajisti si svoje místo ve hře o 100 000 Kč 💰",https://www.instagram.com/p/DWEJm79CGQA/,,4541,34,,3
@AkademiciPlzen,facebook,d87b94e3-03e8-45d0-b92e-75e9b819545c,e73051d6-b893-4476-aed9-9624aeb9fb8f,FB Video,VIDEO,31.3.2026 22:21:19,"KDO SNÍ KYBLÍK RYCHLEJI? 🍗⏱️

Gáža, Říháč, Ženda a Vargy se pustili do limitovanýho KFC plechovýho kyblíku… a šlo fakt o všechno 😭
Kdo ho zvládl nejrychleji?

Teď jsi na řadě ty 👀
Myslíš, že nás překonáš? Tak to zkus a označ nás!

@kfc_cz 

#kfcplechovykyblik #kfc #akademiciplzen",https://www.facebook.com/reel/1484703466513173/,524,164,,,
@cvutengineers,instagram,11963a07-7f0f-48e6-9d81-aa63a7ff4a04,0ca96f55-d3d8-4341-94c4-307be26cf2a8,IG Reel,VIDEO,16.4.2026 18:05:19,"Ticho před bouří ⛈️

Za chvíli jdeme na to 🦁

#srdcelva",https://www.instagram.com/reel/DXM62NRDESd/,,4002,152,,2
@boostrava,instagram,1176ddaf-d366-48a2-9639-3c6694c72c85,661af16e-13ea-4c77-b095-b4b860ef111a,IG Story,VIDEO,31.3.2026 16:00:49,,https://www.instagram.com/stories/boostrava/3865074863497314220,,829,,,4
vsefalcons,instagram,709fceba-e311-48e7-9057-f54a587abf4a,79ce7e95-f3d8-402e-8274-4a9c6999d9ce,IG Story,VIDEO,1.5.2026 20:56:25,GRATULACE našim basketbalistkám 🥇,https://www.instagram.com/stories/vsefalcons/3887691561894965113,,393,,,1
@cvutengineers,instagram,11963a07-7f0f-48e6-9d81-aa63a7ff4a04,7fcf6316-2219-4b3b-84e8-79f37743b7c4,IG Post,IMAGE,17.4.2026 21:51:22,Děkujeme všem se srdcem lva za neskutečnou sezonu. Mělo to všechno! 🦁,https://www.instagram.com/p/DXP5seMDK2y/,,15586,388,5,34
univerzitnihokej,tiktok,01c88cf9-594f-408e-a45a-95114221acae,c0d50450-a18b-4ad6-bc1f-9290ccbf02f9,TT Video,VIDEO,17.4.2026 21:08:56,Na závěr se nám to trošku přiostřilo 🤏🏻🥊,https://www.tiktok.com/@univerzitnihokej/video/7629838169197792515?utm_campaign=tt4d_open_api&utm_source=7348986504397455361,,1852,101,,8
@218107044725785,facebook,7a942e3e-6c47-4794-9ba7-bbc7b6d40cb3,f521c235-5b31-47bb-8f20-8302bf0d3449,FB Video,VIDEO,17.4.2026 16:03:56,"🤤🤤🤤

#vsefalcons #finalfour",https://www.facebook.com/reel/2012306806056334/,296,93,5,,
vsefalcons,instagram,709fceba-e311-48e7-9057-f54a587abf4a,24b6def3-59e9-435a-a5d6-b4a722717f2d,IG Story,VIDEO,3.3.2026 12:22:31,"CO ŘÍKÁTE 
NA RYCHLO SOUTĚŽ 
O LÍSTKY 
NA DNEŠNÍ ZÁPAS? 🤔 😱 🫣 🤩",https://www.instagram.com/stories/vsefalcons/3844671267022607133,731,950,,,
@riderspardubice,facebook,f99ed6c3-17cc-46f4-a32e-d9b0576ce2df,24ec50d5-d1ec-42ac-bd47-6a9cc24b725e,FB Post,IMAGE,16.4.2026 6:00:12,"GAMEDAY 😎

🏒 SEMIFINÁLE
🆚 @ukkingsprague
📍 Zimní stadion Eden, Praha
🕓 16. dubna | 16:30

Včera vybojovalo @hcpce postup do finále. A přesně to nám dává další motivaci bojovat za náš Hockeytown! ❤️‍🔥🐎",https://www.facebook.com/1592662819534019/posts/1605984691535165,397,,9,,
@218107044725785,facebook,7a942e3e-6c47-4794-9ba7-bbc7b6d40cb3,9f78ad9e-ae4b-472b-962b-878b3db92b7e,FB Video,VIDEO,26.5.2026 12:21:24,"Tak uvidíme jak to nakonec letos dopadne 👀

#ms2026",https://www.facebook.com/reel/1695911338388818/,22065,10715,271,,
@univerzitnihokej,instagram,1e114592-3529-4cfe-9977-2598454053af,dbe8b423-8414-43d4-bf03-4819282cc38e,IG Reel,VIDEO,12.3.2026 23:09:13,My nejradši kombinaci obojího 🙂‍↕️,https://www.instagram.com/reel/DVzWIhViKie/,,89640,3412,27,1410
@univerzitnihokej,facebook,01b45180-0b14-4a14-96e8-d0a4bab1fb9f,297ef324-eb69-46ae-a9e3-5db5c59695c0,FB Video,VIDEO,4.3.2026 19:04:01,"ZOTT nejhladovější hráč zápasu? @rihastepan 👀🚀

Na ledě byl při chuti, a nebyl sám.
Hlad měla dnes i tribuna, takže ZOTT HUNGRY putuje i mezi fanoušky! 🥛🔥
#zott #zotthungry #zotthungrydrinkthis",https://www.facebook.com/reel/759807096929422/,700,414,2,,
vsefalcons,instagram,709fceba-e311-48e7-9057-f54a587abf4a,527031ad-5e38-4c19-a4b3-ec272a57bfe8,IG Story,VIDEO,17.4.2026 16:19:24,popřejte klukům štěstíčko,https://www.instagram.com/stories/vsefalcons/3877405288529940184,858,843,,1,2
@univerzitnihokej,facebook,01b45180-0b14-4a14-96e8-d0a4bab1fb9f,89046b21-94a8-4923-8ae1-a2a3b6f32501,FB Post,IMAGE,30.3.2026 10:41:30,"Zítra startují semifinálové boje PLAY-IN ⚔️
Žádné odvety, žádné opravy. 😤Jen jedna šance postoupit do finále play-in 🔥",https://www.facebook.com/1275398168115026/posts/1274032434918266,467,,1,,
@univerzitnihokej,instagram,1e114592-3529-4cfe-9977-2598454053af,a5f5722d-9b3e-470e-81cb-4f18438625ab,IG Post,IMAGE,9.4.2026 9:10:33,📍Next stop @unihokejfinalfour v Edenu 16.4.🫨 Vstupenky na finalfour.cz 🎟️,https://www.instagram.com/p/DW58erqiDVJ/,,12235,271,1,21
vsefalcons,instagram,709fceba-e311-48e7-9057-f54a587abf4a,e710a8db-55d0-42b3-a1f6-a5d4248f2dbe,IG Story,VIDEO,24.2.2026 19:48:35,1. TŘETINA je za námi 💨,https://www.instagram.com/stories/vsefalcons/3839822363189843218,662,805,,,
vsefalcons,instagram,709fceba-e311-48e7-9057-f54a587abf4a,040c7995-94de-406a-8081-14f2cce38331,IG Story,VIDEO,19.1.2026 17:36:02,doslova,https://www.instagram.com/stories/vsefalcons/3813663729212994487,,884,,,
vsefalcons,instagram,709fceba-e311-48e7-9057-f54a587abf4a,a1eb202f-ea0c-474b-ae59-4f11a9ec4166,IG Story,VIDEO,3.2.2026 21:09:48,PÁTÁ!,https://www.instagram.com/stories/vsefalcons/3824642956628341028,,1059,,,
@riderspardubice,facebook,f99ed6c3-17cc-46f4-a32e-d9b0576ce2df,f757d752-92ec-4b15-8765-9438045e62b8,FB Post,IMAGE,17.3.2026 8:42:02,"Další venkovní zápas!🤩 Tentokrát v Ostravě!

Venkovní zápas
🗓️ 17.3. v 19:30
📍 v RT Torax Arena 
⚔️ proti @boostrava 

#venkovnízápas#riders",https://www.facebook.com/1592662819534019/posts/1578615740938727,177,,1,,
@hcmuni,facebook,d1f9e9f9-7526-42d4-85aa-13f91e89f7cf,fd701f41-09d2-4d3b-b486-60f77d4d54ae,FB Video,VIDEO,3.4.2026 16:44:20,"Tohle nemůže říct jen tak někdo🚨🔥

#hcmuni",https://www.facebook.com/reel/1518077673023080/,2850,1417,7,,
vsefalcons,instagram,709fceba-e311-48e7-9057-f54a587abf4a,c9713739-f5aa-4e10-919b-932e8489a43a,IG Story,IMAGE,10.3.2026 21:22:41,4 4,https://www.instagram.com/stories/vsefalcons/3850016601143806159,779,511,,,
vsefalcons,instagram,709fceba-e311-48e7-9057-f54a587abf4a,18e4f8ee-7656-4ae5-9ab9-60c80ab1f147,IG Story,VIDEO,12.4.2026 15:43:37,,https://www.instagram.com/stories/vsefalcons/3873763519539721914,635,674,,,2
vsefalcons,instagram,709fceba-e311-48e7-9057-f54a587abf4a,2aea9f0c-9d3e-4c0b-8d1a-71593cfd8164,IG Story,VIDEO,13.4.2026 16:45:12,? ? ?,https://www.instagram.com/stories/vsefalcons/3874519342146691220,755,826,,,2
vsefalcons,instagram,709fceba-e311-48e7-9057-f54a587abf4a,2f4009f1-6cac-4c8b-9f67-1abcf21ded07,IG Story,VIDEO,31.3.2026 15:14:16,🫨,https://www.instagram.com/stories/vsefalcons/3865051466151026946,989,891,,,6
@akademiciplzen,instagram,65494228-95bf-4f7b-8e68-d47d7262db66,4a5cba71-5c37-4e04-b6ae-4d5c1431194b,IG Reel,VIDEO,25.3.2026 18:00:07,"Dnes proti @czufarmers nastupuje tahle první lajna. Začínáme! 🔥

#akademiciplzen 

#AKA ⚔️ #CZU",https://www.instagram.com/reel/DWUQ7fajKtp/,,3368,102,,9
@bitvaoprahu,facebook,75e0f41f-82be-4f82-a77b-82ac11135ed2,684cfd0f-e3c6-413a-9824-9c41acbc0e31,FB Post,IMAGE,12.3.2026 17:19:52,"Když ten hokej prostě baví. 🥹

@czufarmers ⚔️ @vsefalcons 3️⃣:3️⃣ | #bitvaoprahu",https://www.facebook.com/1441262177797849/posts/1420267766563957,154,,1,,
@riderspardubice,facebook,f99ed6c3-17cc-46f4-a32e-d9b0576ce2df,cb079fef-a418-446f-b289-94e9497d2e9d,FB Post,IMAGE,10.4.2026 12:14:44,"Rvali jsme se do poslední minuty…

Ale v neděli nás čeká ještě jedna šance dostat se do @unihokejfinalfour a my jdeme do toho! 🐎",https://www.facebook.com/1592662819534019/posts/1601006195366348,731,,3,,
@riderspardubice,instagram,4d6a67ab-9313-4f77-a82e-abb18adbca5d,e1348a9c-2bc3-4ccc-b557-1d9541ed25a7,IG Post,IMAGE,20.4.2026 8:29:26,Střípky z Final Four ✨,https://www.instagram.com/p/DXWMhJVDHEG/,,4198,105,,5
vsefalcons,instagram,709fceba-e311-48e7-9057-f54a587abf4a,3c127886-2573-4610-9360-16455237e898,IG Reel,VIDEO,16.4.2026 16:15:24,Hlásíme přílet na Eden 🦅,https://www.instagram.com/reel/DXMulqsiJXl/,,5000,163,,20
vsefalcons,instagram,709fceba-e311-48e7-9057-f54a587abf4a,a0fb6ada-0cff-41fc-b3a6-330a86ef50d1,IG Post,IMAGE,5.12.2025 19:15:58,"HO HO HO! 🎅🏼 Vánoce jsou za rohem a my pro vás máme tip na dárek pro vaše blízké. 🫂 

Všem z #falconsfamily určitě udělá radost náš merch! 🤩 Fyzicky ho už bohužel nekoupíte, ale máme pro vás ready e-shop, ze kterého když si objednáte do 17. prosince, tak vám balíček stihne dorazit! 📦

Tak šup šup šup na náš e-shop, ať nesháníš dárky třiadvacátého! 🤭",https://www.instagram.com/p/DR5KZdjCPBd/,,8817,52,4,1
@bitvaoprahu,facebook,75e0f41f-82be-4f82-a77b-82ac11135ed2,f00a6641-667f-48ba-9a9f-c1bbcd0e3108,FB Post,IMAGE,11.3.2026 11:02:00,Pochod s vidlema? To jen ČZU míří na zimák! 👨🏻‍🌾🔥,https://www.facebook.com/1441262177797849/posts/1418949613362439,237,,,,
@cvutengineers,instagram,11963a07-7f0f-48e6-9d81-aa63a7ff4a04,06fe0815-f873-4c20-b203-806c074d4c91,IG Post,IMAGE,13.4.2026 14:48:31,"Jsme hladový po další výzvě 🫡

👉🏻 @unihokejfinalfour ENG vs VŠE | 16. 4. | Zimní stadion Eden
Lístky na finalfour.cz",https://www.instagram.com/p/DXE2AjCjE_S/,,6692,192,,6
vsefalcons,instagram,709fceba-e311-48e7-9057-f54a587abf4a,24c7bf7a-558a-4a4a-84fb-bb940540140d,IG Story,VIDEO,10.3.2026 19:57:28,🎯,https://www.instagram.com/stories/vsefalcons/3849973796249855750,802,,,,4
@united_hk,tiktok,7e062517-b9da-416d-b73d-a2c5899a2be6,4b9e4910-4335-4d9f-81bb-d4c884cd070a,TT Video,VIDEO,15.5.2026 14:57:58,💪 Letní příprava odstartovala!  Kluci jsou zpátky v tréninkovém režimu a první zastávka je jasná: Tesla Gym. Nová sezona se nezačne sama... @Univerzitní hokej 🏒 @teslagymhk ,https://www.tiktok.com/@united_hk/video/7640132933218520342?utm_campaign=tt4d_open_api&utm_source=7348986504397455361,,1622,35,,3
@vutcavaliersbrno,instagram,b384bebf-72f3-4f9d-8b2d-3677709f6966,bb7ec59c-7bf7-408f-8032-ca7b53c9d789,IG Post,ALBUM,28.3.2026 14:28:58,"Jeden zápas, který rozhodne 🏒
Semifinále Play-in už ve středu na ledě @blackdogsbudweis_vste 🔥 
Podpořit nás můžete i přes Tipsport TV 📺",https://www.instagram.com/p/DWbnYRPCLNh/,,3072,74,,
@riderspardubice,instagram,4d6a67ab-9313-4f77-a82e-abb18adbca5d,e871a883-f4c6-4538-91c5-8e748a68ef25,IG Post,IMAGE,12.4.2026 13:02:08,Jsou to nervy! Jak to dnes dopadne? 😬,https://www.instagram.com/p/DXCFXarDPiC/,,7612,182,1,8
vsefalcons,instagram,709fceba-e311-48e7-9057-f54a587abf4a,0229426b-bc98-4ef4-b7e6-cae666e3d688,IG Reel,VIDEO,26.1.2026 8:16:58,"Už nás zase volají zápasy. 📞
Winter Classic s Black Dogs na Hluboké nad Vltavou ❄️",https://www.instagram.com/reel/DT93rh_iLXC/,,5310,65,,11
@akademiciplzen,instagram,65494228-95bf-4f7b-8e68-d47d7262db66,19065112-bcb7-4b54-900c-a7b7a17ad889,IG Reel,VIDEO,4.3.2026 17:21:12,"JDEME NA TO! 🔥💙 

#akademiciplzen #jarnibitva",https://www.instagram.com/reel/DVeH3mwjK4O/,,8305,219,,9
@hcmuni,facebook,d1f9e9f9-7526-42d4-85aa-13f91e89f7cf,8c71ae60-6c95-442f-a243-7ebdc23e242d,FB Post,PHOTO,27.3.2026 12:18:52,"Sezóna 2025/2026 je za námi!🔥
Obrovský respekt a díky všem, co nás přišli podpořit do hlediště🫶🏻 Byla to neuvěřitelná jízda a bez vás by to nebylo ono!
💙DĚKUJEME💙

#hcmuni",https://www.facebook.com/1581741777288398/posts/1577630361032873,954,,13,,
@riderspardubice,instagram,4d6a67ab-9313-4f77-a82e-abb18adbca5d,e38fbe24-63b5-46d3-a664-475697249ceb,IG Story,VIDEO,8.4.2026 21:19:06,,https://www.instagram.com/stories/riderspardubice/3871033291407393300,,238,,,1
vsefalcons,instagram,709fceba-e311-48e7-9057-f54a587abf4a,bd291b7b-45f2-406d-a061-b00f14f6e647,IG Story,VIDEO,17.2.2026 20:51:46,nový kapitán,https://www.instagram.com/stories/vsefalcons/3834781670344027024,613,901,,,
vsefalcons,instagram,709fceba-e311-48e7-9057-f54a587abf4a,c1c60b31-655f-4c21-a74c-b25eb87b9d28,IG Story,IMAGE,3.3.2026 20:16:46,3 1,https://www.instagram.com/stories/vsefalcons/3844909997788508437,637,836,,,
vsefalcons,instagram,709fceba-e311-48e7-9057-f54a587abf4a,ef8cd3b4-5095-4197-bf6a-d10e98b816b0,IG Story,VIDEO,24.2.2026 21:38:18,Jan Hamršmíd na micu 🎙️,https://www.instagram.com/stories/vsefalcons/3839877638294893462,644,801,,,3
vsefalcons,instagram,709fceba-e311-48e7-9057-f54a587abf4a,9b8cc0d6-0f0b-47dc-89d5-fee8025354ac,IG Reel,VIDEO,17.1.2026 17:30:39,"Od @ukkingsprague jsme přijali @bosport_hockey výzvu na tuhle peckovou challange! 🏒🥅 

Myslíme si, že kluci (hlavně @haufy16 🫣) předvedli skvělý výkon! 💪🏼 

Dále nominujeme @boostrava a přejeme hodně štěstí! 🍀",https://www.instagram.com/reel/DTnsK4tCIIc/,,4601,112,2,18
@univerzitnihokej,facebook,01b45180-0b14-4a14-96e8-d0a4bab1fb9f,0448d73c-650c-493c-9b23-153486ee40f7,FB Video,VIDEO,8.4.2026 21:56:15,@vsefalcons si své místo ve FINAL FOUR zajistili! 🎟️ Zajisti si i ty své a kupuj vstupenky na finalfour.cz 🫵🏻🔥,https://www.facebook.com/reel/1293620809369465/,1508,589,8,,
@akademiciplzen,instagram,65494228-95bf-4f7b-8e68-d47d7262db66,76f734bd-2888-4dd9-8137-346b20fd11cd,IG Post,IMAGE,17.4.2026 19:41:34,"Zdravíme z historicky prvního Final Four! 🧊👋🏻

#akademiciplzen #ullh",https://www.instagram.com/p/DXPrDXbjBBu/,,25607,574,,14
vsefalcons,instagram,709fceba-e311-48e7-9057-f54a587abf4a,a517cbfb-cccd-4a80-a382-6fa31823c87d,IG Post,IMAGE,16.4.2026 8:24:37,"Jdeme psát historii. Dnes se rozhodne, jestli zítra budeme hrát o titul 🏆

Nejdůležitější dva dny sezóny. Pojďte si je užít s námi. Těšíme se na vás ❤️‍🔥",https://www.instagram.com/p/DXL4yV1COD-/,,6724,102,1,22
vsefalcons,instagram,709fceba-e311-48e7-9057-f54a587abf4a,f7640bde-8bb0-4cb6-8a9c-025da14e3924,IG Story,VIDEO,17.4.2026 14:01:40,"ahoj, pajas 👋🏼",https://www.instagram.com/stories/vsefalcons/3877335955577296248,913,953,,,1
@riderspardubice,facebook,f99ed6c3-17cc-46f4-a32e-d9b0576ce2df,1d274a31-51b7-4eda-8218-5b9633975faa,FB Post,IMAGE,14.4.2026 9:40:34,"Poprvé v historii na 👉 @unihokejfinalfour 

Jedeme do Prahy reprezentovat Riders, Pardubice i naši univerzitu –
a bojovat s pražskými týmy o titul vládce ligy.

🏒 SEMIFINÁLE
🆚 @ukkingsprague
📍 Zimní stadion Eden, Praha
🕓 16. dubna | 16:30

👉 2 dny plný hokeje, atmosféry a afterparty

Ve čtvrtek se rozhodne, jestli půjdeme do finále, nebo o bronz – každopádně v pátek se hraje o medaile.

Pojď do toho s námi a buď u toho.

🎟️ Vstupenky najdeš v BIU.",https://www.facebook.com/1592662819534019/posts/1604317175035250,6250,,82,,
@hcmuni,facebook,d1f9e9f9-7526-42d4-85aa-13f91e89f7cf,48423614-9aa9-4f2b-8eb9-ff51eff58077,FB Video,VIDEO,9.3.2026 14:46:34,"Pregame bonding 🔥
Tým 🤝 fanoušci 🤝 dobrý jídlo 🍗
Díky našemu partnerovi @kfc_cz za skvělou ochutnávku!
Smažák Zinger si taky dejte, doporučuje 10/10 Medvědů 🐻

#hcmuni #desetfakultjednarodina #kfc",https://www.facebook.com/reel/1675291787222662/,2088,847,5,,
@vutcavaliersbrno,instagram,b384bebf-72f3-4f9d-8b2d-3677709f6966,e3e3626f-c2d4-43a5-8464-9a474309b4aa,IG Reel,VIDEO,12.3.2026 10:32:57,taková naše autobusová klasika,https://www.instagram.com/reel/DVx_N8HiGzp/,,52071,1527,9,78
@univerzitnihokej,facebook,01b45180-0b14-4a14-96e8-d0a4bab1fb9f,73b0c229-ce0e-4c91-94ff-d73df2c9fea3,FB Post,IMAGE,8.3.2026 7:56:40,"Děkujeme všem ženám, které jsou součástí univerzitního hokeje. 🌸 Krásný Mezinárodní den žen! 🥰",https://www.facebook.com/1275398168115026/posts/1256407460014097,1725,,10,,
@univerzitnihokej,facebook,01b45180-0b14-4a14-96e8-d0a4bab1fb9f,8c7487df-b5e0-4394-9ef7-7c65368d3ca1,FB Video,VIDEO,16.3.2026 15:48:34,Když Proud zvedne celou halu 🌊,https://www.facebook.com/reel/1561124485592009/,2350,937,5,,
@riderspardubice,instagram,4d6a67ab-9313-4f77-a82e-abb18adbca5d,b8f0b7c5-6163-4ba6-b7f7-e225c1886b29,IG Story,VIDEO,17.4.2026 15:46:00,,https://www.instagram.com/stories/riderspardubice/3877388396197102858,,927,,,
@engineersprague,facebook,afd06d1d-7b1c-4f66-8d93-ce4255ab773c,61fd538a-3c3c-48f0-8c75-5afd7087d233,FB Story,VIDEO,2.3.2026 18:03:43,,,,,,,
@AkademiciPlzen,facebook,d87b94e3-03e8-45d0-b92e-75e9b819545c,d07ab552-56e1-488b-9c22-90d5f279b54d,FB Video,VIDEO,30.3.2026 16:01:41,"Pokud máš hlad jako @zenisek_ , dej si zotta a buď dobrej! 😎😋

#zott #zotthungry #hungrydrinkthis",https://www.facebook.com/reel/1843219949703506/,1272,458,7,,
@BOhokej,facebook,c9082543-a03b-490f-8f97-66d439acce89,dfe39765-273f-486a-91f6-7b7194a7c66a,FB Video,VIDEO,13.3.2026 17:58:27,"Máme po derby, ale sezóna ještě nekončí! Přijď kluky podpořit na další domácí utkání proti @riderspardubice 
PIVKA ZDARMA🍻",https://www.facebook.com/reel/1496092432233209/,424,194,1,,
vsefalcons,instagram,709fceba-e311-48e7-9057-f54a587abf4a,2be4b0bf-d32b-4ae6-bea8-c91d59a3c6a5,IG Story,VIDEO,10.3.2026 19:02:44,,https://www.instagram.com/stories/vsefalcons/3849946137272780992,815,,,1,10
vsefalcons,instagram,709fceba-e311-48e7-9057-f54a587abf4a,f2157b5d-1586-4d01-84c8-1f6b6c50355c,IG Story,VIDEO,9.3.2026 20:41:25,Ale ještě předtím…,https://www.instagram.com/stories/vsefalcons/3849271097363551372,660,,,,
@cvutengineers,instagram,11963a07-7f0f-48e6-9d81-aa63a7ff4a04,fa242357-21a6-41f5-a81b-4b6e5a998498,IG Post,IMAGE,16.4.2026 21:39:03,"Ještě není hotovo 🫡 ZÍTRA NÁS ČEKÁ FINÁLE! 
Jdeme si pro toooo!!!!!",https://www.instagram.com/p/DXNTK9mDNdA/,,13321,329,,35
vsefalcons,instagram,709fceba-e311-48e7-9057-f54a587abf4a,fede0b2c-a8ce-41a3-9f5e-5fcf553cab33,IG Story,IMAGE,8.4.2026 17:48:33,"DOUFÁME, ŽE TAKY FANDÍTE!",https://www.instagram.com/stories/vsefalcons/3870927317249826851,899,889,,,1
@AkademiciPlzen,facebook,d87b94e3-03e8-45d0-b92e-75e9b819545c,c7904446-6d0f-48a3-b11b-252d0dd2cedd,FB Post,IMAGE,3.3.2026 15:58:33,"JARNÍ BITVA UŽ ZÍTRA! 👊🏻

Doraž včas na Proud, Redbull nebo svařák do fanzóny, nalaď hlasivky a pojď z toho udělat večer, na kterej se bude vzpomínat!

🕰️ 17:30 otevření fanzóny
📍 LOGSPEED CZ Aréna
🎟️ Lístky najdeš v biu nebo na plzenskabitva.cz

Tak co, bude nás ještě víc než loni? 🔥
#akademiciplzen",https://www.facebook.com/1357105236437494/posts/1333890502092301,706,,7,,
vsefalcons,instagram,709fceba-e311-48e7-9057-f54a587abf4a,35afddcb-51ce-49cc-a52e-a8c612974f0e,IG Story,VIDEO,15.1.2026 10:03:47,🕺🏽🪩 dnešek ve znamení tance a hudby,https://www.instagram.com/stories/vsefalcons/3810537005034010762,,1186,,,6
@univerzitnihokej,facebook,01b45180-0b14-4a14-96e8-d0a4bab1fb9f,8eacd624-9320-4eb4-9429-1865434f8a7e,FB Post,IMAGE,4.3.2026 22:16:05,Největší překvapení večera? Akademici zdolali v prodloužení vůdce tabulky 💪🏼,https://www.facebook.com/1275398168115026/posts/1253941683594008,720,,2,,
@AkademiciPlzen,facebook,d87b94e3-03e8-45d0-b92e-75e9b819545c,a29e75a0-5e55-4f44-966a-430698502e3f,FB Video,VIDEO,25.3.2026 15:16:15,"DNESKA HRAJEME! 🔥
Sestřih gólů z minulého zápasu je jasná připomínka toho, že forma tam je! 👀
Podaří se nám vítězně zvládnout i poslední zápas základní části?

🕖 19:00
📅 25. 3.
📍 LOGSPEED CZ Aréna

Doraz nás podpořit! 💙
#akademiciplzen",https://www.facebook.com/reel/1822592428420425/,445,181,3,,
vsefalcons,instagram,709fceba-e311-48e7-9057-f54a587abf4a,b35c4464-ac98-4346-bc56-0cc16e6f80ab,IG Story,VIDEO,3.3.2026 18:48:00,Postaví  @___pajer24 zeď? @mosteckamontazni by mohla pomoci🤔 🧱🧱🧱🧱 🧱🧱🧱🧱 🧱🧱🧱🧱,https://www.instagram.com/stories/vsefalcons/3844865295676643653,665,868,,,1
@BOhokej,facebook,c9082543-a03b-490f-8f97-66d439acce89,b8780f42-71c8-4545-aa19-3b30fbc0c34a,FB Video,VIDEO,23.3.2026 10:26:18,"Sezona se chýlí ke konci a nás čeká poslední zápas základní části! 

Přijďte před play-in ukázat, že BOčko drží při sobě a jde slyšet! 🔥

#ostrava #hockeygame #boostrava",https://www.facebook.com/reel/1554843379977095/,509,189,1,,
@akademiciplzen,instagram,65494228-95bf-4f7b-8e68-d47d7262db66,c9ec3b3f-e925-48b5-abc2-40aab639847e,IG Story,VIDEO,13.4.2026 10:25:54,POSLEDNÍ TRÉNINK JE ZA NÁMI!,https://www.instagram.com/stories/akademiciplzen/3874328379805961355,,1112,,,
@univerzitnihokej,instagram,1e114592-3529-4cfe-9977-2598454053af,4a8cf3f0-45e7-4e66-999c-e878b13826cd,IG Reel,VIDEO,11.3.2026 20:46:49,V Ostravě kuřata lítali po ledě 🍗🫨,https://www.instagram.com/reel/DVwgfVaiBL-/,,6273,56,,3
@hc_muni,instagram,43cd62c8-609d-4ea6-8ce9-cae5242ede0c,8d5b326c-200e-4f4f-8b83-5abeef7eed05,IG Post,IMAGE,14.3.2026 16:14:42,"Série je zlomena, je to doma! 👊🏻 slavíme vítězství 4:3 v prodloužení 🎉🏒💙🔥

#hcmuni",https://www.instagram.com/p/DV3v-yADMBt/,,5616,152,6,13
@univerzitnihokej,instagram,1e114592-3529-4cfe-9977-2598454053af,9ac861ee-4995-4e1e-80b0-cce6860e8307,IG Story,VIDEO,17.4.2026 20:16:30,,https://www.instagram.com/stories/univerzitnihokej/3877524737601570954,,1294,,,1
vsefalcons,instagram,709fceba-e311-48e7-9057-f54a587abf4a,e4fea64c-efc8-4fcb-a141-60b9057a20fe,IG Post,IMAGE,5.2.2026 9:25:27,"Tentokrát nejsi jen fanoušek. Tentokrát jsi součástí hry.
V úterý se totiž budou od 19:45 na @icearenakaterinky konat dostihy 🏇 

Detaily zveřejníme později. Pořiď si lístek přes odkaz na profilu 🎟️",https://www.instagram.com/p/DUXusE4CPAM/,,2462,61,,4
@univerzitnihokej,facebook,01b45180-0b14-4a14-96e8-d0a4bab1fb9f,11a23156-2b8d-4cf0-99e4-742ae06891c2,FB Post,IMAGE,13.4.2026 12:13:30,"V Budějovicích se rozdávaly vstupenky… 👀
A rovnou dvě na @unihokejfinalfour 🎟️ Odvezly si je @vsefalcons a @riderspardubice 🚨",https://www.facebook.com/1275398168115026/posts/1284942650493911,9790,,7,,
@bitvaoprahu,instagram,d7c8aa06-74fb-4c6c-a7d2-c2fe1bf6d59c,92471f27-e9fa-4861-868d-f18006e9f36a,IG Reel,VIDEO,12.3.2026 20:09:12,"🤪 HALFTIME SHOW s @gufrau_official ft. @metrostav.cz ! ❤️‍🔥

#bitvaoprahu",https://www.instagram.com/reel/DVzBHMBDgs6/,,16094,733,1,58
vsefalcons,instagram,709fceba-e311-48e7-9057-f54a587abf4a,8a478bab-0df3-4697-af72-7a04e98e7ed7,IG Story,VIDEO,12.2.2026 17:07:04,,https://www.instagram.com/stories/vsefalcons/3831043753922572430,619,619,,,1
@riderspardubice,instagram,4d6a67ab-9313-4f77-a82e-abb18adbca5d,a3cd9566-50be-458b-b5c7-2cac8bab36a5,IG Post,IMAGE,4.3.2026 8:00:00,"🐱 V pondělí za námi do enteria areny přijedou @blackdogsbudweis_vste! 🐕

A my při této příležitosti společně podpoříme KoČIČÍ depozitum Lovčice! 

Jak můžete opuštěným kočičkám pomoci s námi? 
- přineste s sebou na zápas kočičí žrádlo - granule, konzervy, ňaminky 
- přispějte finančním darem - ideálně v hotovosti na místě nebo pomocí QR kódu na kostce.

Minulý semestr jsme pomohli pejskům z @farma_u_veselyho_psa, tak pojďme znovu spojit síly a tentokrát pomoci kočičkám z KoČIČÍ depozitum Lovčice! 

Vstupenky za zapas koupíš přes odkaz v BIU!",https://www.instagram.com/p/DVdH5NtiMEp/,,2850,43,,20
@hcnorthwings,facebook,2b08a479-603b-46e4-8a48-2bc0435ccd53,4f6bf3e3-b79e-454c-83f6-9f97d1fbb693,FB Post,IMAGE,5.3.2026 17:11:16,"Druhé domácí utkání v řadě, tentokrát proti týmu Akademiků z Plzně. 
Středa 11. března 2026 od 18:00 na ústeckém zimáku 💙💛 Přijďte fandit, vyhrát 🎁 a na dobré 🍻 🌭

Odkaz na online vstupenky v biu.

#myjsmeujep #univerzitnihokej #hcnorthwings #icehockey",https://www.facebook.com/1583651910433365/posts/1559635332835023,367,,3,,
@riderspardubice,instagram,4d6a67ab-9313-4f77-a82e-abb18adbca5d,780b6f82-32a4-43a5-a221-7a3c3c516658,IG Story,VIDEO,10.4.2026 10:15:41,,https://www.instagram.com/stories/riderspardubice/3872148909464536931,,509,,,
@218107044725785,facebook,7a942e3e-6c47-4794-9ba7-bbc7b6d40cb3,fa3e1e9e-7ad9-4a14-ac7f-d61a70728629,FB Video,VIDEO,16.4.2026 16:14:03,Hlásíme přílet na Eden 🦅,https://www.facebook.com/reel/1831675394188212/,570,201,8,,
@united_hk,instagram,b18c071b-0570-48b2-b743-990c668c3c5b,3addcd3d-bb9d-4509-a318-a156ff49a6e0,IG Reel,VIDEO,23.3.2026 16:30:59,"KFC kyblík. Kreativita bez limitů🍗🔥
Jídlo, kbelík… a najednou máš půlku studentského vybavení👩‍🎓
Jak ho využiješ ty?👀
#kfc #kfcplechovykyblik #unitedhk #unihokej",https://www.instagram.com/reel/DWO8wxECMMY/,,9583,207,3,35
vsefalcons,instagram,709fceba-e311-48e7-9057-f54a587abf4a,a9d4d071-c3d0-4149-9711-d2b098393fa8,IG Story,VIDEO,31.3.2026 18:38:53,FINÁLE PLAY-IN JOBAS NÁS POSÍLÁ DO ❗️ ❗️,https://www.instagram.com/stories/vsefalcons/3865154479565896834,1032,830,,2,5
@riderspardubice,instagram,4d6a67ab-9313-4f77-a82e-abb18adbca5d,18bb2bcd-a92c-4fe3-8af8-a098b6edf93e,IG Story,VIDEO,17.4.2026 15:34:49,TAKTO FANDÍ PARDUBICE!🔥,https://www.instagram.com/stories/riderspardubice/3877382827721630484,,2243,,,3
@218107044725785,facebook,7a942e3e-6c47-4794-9ba7-bbc7b6d40cb3,398b539e-b205-42eb-9e52-1ddecef7235d,FB Post,IMAGE,12.3.2026 15:58:34,"Proti @czufarmers dnes nastupujeme v této sestavě 👆🏼
Pokud tu nejste s námi, sledujte na ČT sport plus 📺",https://www.facebook.com/122282816036218300/posts/122278519406218300,470,,10,,
@riderspardubice,instagram,4d6a67ab-9313-4f77-a82e-abb18adbca5d,54f997d5-db47-4508-9900-1ac483d53f2c,IG Story,VIDEO,1.4.2026 10:37:43,,https://www.instagram.com/stories/riderspardubice/3865637014578423102,,654,,,1
@bitvaoprahu,instagram,d7c8aa06-74fb-4c6c-a7d2-c2fe1bf6d59c,79aca3e8-4bfb-413b-8610-84dc2aea6105,IG Post,IMAGE,12.3.2026 9:17:57,"No a když je dneska to finále, máme tady shodou okolností jeden krásnej milník na začátek 🥹

Oslavíme to večer, těšíme se na vás! 🫶🏼",https://www.instagram.com/p/DVx02azjIST/,,10499,153,1,3
@boostrava,instagram,1176ddaf-d366-48a2-9639-3c6694c72c85,99c66e4b-3ec4-4316-ac71-3ec7ec04948c,IG Story,VIDEO,10.4.2026 9:06:06,,https://www.instagram.com/stories/boostrava/3872113884551506341,,584,,,1
@univerzitnihokej,facebook,01b45180-0b14-4a14-96e8-d0a4bab1fb9f,0c879a06-bd55-45f8-8730-d579e80cdfb7,FB Post,IMAGE,28.3.2026 19:07:04,V jižních Čechách půjde ve středu o všechno 🥵 Black Dogs vyzvou k souboji brněnské Cavaliers ⚔️,https://www.facebook.com/1275398168115026/posts/1272788941709282,1037,,,,
@univerzitnihokej,facebook,01b45180-0b14-4a14-96e8-d0a4bab1fb9f,00b10aee-9002-4d88-b1e0-06049233aaea,FB Video,VIDEO,11.3.2026 19:17:19,"ČSOB CASH ON ICE 🧊🤑
Normálně hledáš drobné po kapsách. Na univerzitním hokeji je najdeš na ledě 🫣",https://www.facebook.com/reel/996214249597390/,2434,1247,1,,
@univerzitnihokej,instagram,1e114592-3529-4cfe-9977-2598454053af,63866b72-e233-46b4-9232-ee1d0bcf8ba3,IG Story,VIDEO,17.4.2026 8:48:12,,https://www.instagram.com/stories/univerzitnihokej/3877178175776102951,,2288,,,
@riderspardubice,facebook,f99ed6c3-17cc-46f4-a32e-d9b0576ce2df,917adb46-de7a-4143-bc67-cec8dff350e5,FB Post,IMAGE,18.3.2026 7:28:05,Body jsou domaaa 🥳,https://www.facebook.com/1592662819534019/posts/1579444500855851,512,,8,,
@riderspardubice,facebook,f99ed6c3-17cc-46f4-a32e-d9b0576ce2df,91efc8d2-a9a5-4cbb-b19b-1e5f42951512,FB Post,IMAGE,9.4.2026 14:25:47,"V neděli budeme bojovat v lucky loser game o postup do @unihokejfinalfour !

 Lucky loser game
🗓️ 12.4.  v 13:15
📍 v Hokejové Centrum Pouzar
⚔️ proti @blackdogsbudweis_vste 

#luckylosergame#riders",https://www.facebook.com/1592662819534019/posts/1600259088774392,208,,,,
vsefalcons,instagram,709fceba-e311-48e7-9057-f54a587abf4a,f531c0e9-a212-471d-a061-9f0fe07e59dc,IG Post,IMAGE,29.12.2025 18:42:06,"Jeden opožděnej dárek k Vánocům 🎁

Jste nejlepší. Děkujem ❤️",https://www.instagram.com/p/DS25mb8iDQ5/,,4361,106,,1
@univerzitnihokej,facebook,01b45180-0b14-4a14-96e8-d0a4bab1fb9f,1cdd9327-55a1-4063-955b-25659c7447a2,FB Video,VIDEO,11.3.2026 20:47:04,V Ostravě kuřata lítali po ledě 🍗🫨,https://www.facebook.com/reel/1468837741426242/,1423,530,1,,
@BOhokej,facebook,c9082543-a03b-490f-8f97-66d439acce89,909ab76b-22a1-4f88-8c64-eda923e4dcbf,FB Post,IMAGE,4.3.2026 14:40:39,"JEDEME DO BRNA⚡️
Koukni co na to říká náš útočník Patrik🎙️",https://www.facebook.com/1477974067675582/posts/1454245123381810,573,,9,,
@cvutengineers,instagram,11963a07-7f0f-48e6-9d81-aa63a7ff4a04,730738c3-c8f3-4c9e-a427-cd698b50bdc9,IG Story,IMAGE,9.4.2026 16:48:18,,https://www.instagram.com/stories/cvutengineers/3871621739256244787,,697,,,
@hcnorthwings,facebook,2b08a479-603b-46e4-8a48-2bc0435ccd53,a46ba041-7902-4b40-a5ed-fa5e4d0c1253,FB Post,PHOTO,16.3.2026 8:50:29,"Brankář Lukáš Klika #33 💙💛 se bezprostředně po utkání proti Plzni podrobil operaci 💉 a nyní ho čeká 6 týdnů rekonvalescence 🩺
Přejeme brzké uzdravení a hodně zdraví 🫶",https://www.facebook.com/1583651910433365/posts/1568785378586685,2555,,16,,
@akademiciplzen,instagram,65494228-95bf-4f7b-8e68-d47d7262db66,1d977ad4-f448-4c9d-aac0-ff8d7b65a97c,IG Story,VIDEO,6.4.2026 20:50:40,@dennymaly,https://www.instagram.com/stories/akademiciplzen/3869569403235102276,,522,,,2
@univerzitnihokej,instagram,1e114592-3529-4cfe-9977-2598454053af,5d69d78f-0b7e-476a-9673-a270a086f1a7,IG Story,VIDEO,8.4.2026 19:06:08,KDO SI VYBOJUJE MÍSTO VE FINAL FOUR ❓,https://www.instagram.com/stories/univerzitnihokej/3870966373711146254,,739,,,
@riderspardubice,instagram,4d6a67ab-9313-4f77-a82e-abb18adbca5d,69f819db-196d-4482-8d5c-6b1a0dcfee55,IG Story,VIDEO,12.4.2026 3:51:18,,https://www.instagram.com/stories/riderspardubice/3873404994846212387,,1534,,,
vsefalcons,instagram,709fceba-e311-48e7-9057-f54a587abf4a,fc8a1644-de28-438e-93fd-c8d245725988,IG Story,VIDEO,3.5.2026 8:37:46,falcons taťka dnes slaví,https://www.instagram.com/stories/vsefalcons/3888769307182127803,,821,,,2
@univerzitnihokej,instagram,1e114592-3529-4cfe-9977-2598454053af,20470e9d-53be-47a5-bb03-e6979c3fda27,IG Story,VIDEO,17.4.2026 14:53:09,,https://www.instagram.com/stories/univerzitnihokej/3877362002507118907,,1793,,,4
@bitvaoprahu,facebook,75e0f41f-82be-4f82-a77b-82ac11135ed2,ece30522-7198-46d5-8071-50aea5b1b35d,FB Video,VIDEO,16.3.2026 18:31:12,"Bylo to takový naše malý šťavnatý tajemstvíčko… 🤫🍗

#kfc @kfc_cz",https://www.facebook.com/reel/2128344824686972/,1192,625,10,,
vsefalcons,instagram,709fceba-e311-48e7-9057-f54a587abf4a,6f329a75-be55-4255-ac97-5e2564a46076,IG Post,IMAGE,31.3.2026 8:41:59,Jdeme do boje ⚔️ DNES JDE O VŠECHNO! 😤,https://www.instagram.com/p/DWitcCEiCyK/,,6300,88,,16
@riderspardubice,facebook,f99ed6c3-17cc-46f4-a32e-d9b0576ce2df,d735da75-afb4-4dc7-bf57-ebdc0330cb6c,FB Post,IMAGE,2.4.2026 6:00:21,"Tahle výhra byla sladká! 🤩

Díky našemu kotli, že jste u toho byli s námi!",https://www.facebook.com/1592662819534019/posts/1593667036100264,427,,19,,
@AkademiciPlzen,facebook,d87b94e3-03e8-45d0-b92e-75e9b819545c,5a2f1d87-59e0-43e4-b6f3-1f450b110c27,FB Post,IMAGE,26.3.2026 19:35:10,"ALL IN. 

#akademiciplzen",https://www.facebook.com/1357105236437494/posts/1352721720209179,459,,4,,
@akademiciplzen,instagram,65494228-95bf-4f7b-8e68-d47d7262db66,ace7d183-f812-4e23-aea2-5bc8ecd88b0c,IG Story,VIDEO,31.3.2026 19:33:30,@_rihastepan_ 💪🏻,https://www.instagram.com/stories/akademiciplzen/3865181922410656085,,1187,,,2
@univerzitnihokej,instagram,1e114592-3529-4cfe-9977-2598454053af,8db1a2d4-fc0b-43d1-8445-fd14db8bf41d,IG Story,IMAGE,17.4.2026 8:55:28,,https://www.instagram.com/stories/univerzitnihokej/3877181981137142379,,2130,,,
@riderspardubice,instagram,4d6a67ab-9313-4f77-a82e-abb18adbca5d,775bfdfa-3346-4eb6-8f03-7ff44dc6a711,IG Post,IMAGE,4.3.2026 21:00:54,Důležitý zápas VYHRÁN! Další 3 body jsou v Pardubicích!💪🏼🥳,https://www.instagram.com/p/DVeg6pPDAQU/,,5872,94,,13
@hcnorthwings,facebook,2b08a479-603b-46e4-8a48-2bc0435ccd53,f0013a63-b978-40fa-9c2e-e8b458d1fe98,FB Story,VIDEO,18.3.2026 17:57:04,,,,,,,
vsefalcons,instagram,709fceba-e311-48e7-9057-f54a587abf4a,fd5f24be-3603-4df4-b2b2-71b3958f3047,IG Story,IMAGE,10.2.2026 22:25:48,,https://www.instagram.com/stories/vsefalcons/3829754620528835598,612,812,,,1
vsefalcons,instagram,709fceba-e311-48e7-9057-f54a587abf4a,1905fa18-a872-46f7-8062-029c955cc139,IG Story,VIDEO,31.3.2026 14:19:45,TRADIČNÍ BRAZILKA ⚽️,https://www.instagram.com/stories/vsefalcons/3865024052398186634,1102,1066,,,1
@univerzitnihokej,facebook,01b45180-0b14-4a14-96e8-d0a4bab1fb9f,511a3e43-b926-4f21-ba76-ae862060be70,FB Post,IMAGE,23.3.2026 21:45:50,"Black Dogs vystrčili růžky a seřezali krále tabulky 🫣 východní Čechy patří Hradci, připisují si 4. výhru proti Riders 💪🏼",https://www.facebook.com/1275398168115026/posts/1268692002118976,576,,3,,
vsefalcons,instagram,709fceba-e311-48e7-9057-f54a587abf4a,86b69f1c-72a3-43cc-b554-26bafc8b0311,IG Story,VIDEO,3.3.2026 18:37:17,PARTNEREM DNEŠNÍHO UTKÁNÍ JE  @mosteckamontazni 👷🏽‍♂️ 🦺,https://www.instagram.com/stories/vsefalcons/3844860152646206821,779,960,,,1
@218107044725785,facebook,7a942e3e-6c47-4794-9ba7-bbc7b6d40cb3,b100f46d-fd8a-4362-a872-4fdbde305c1f,FB Video,VIDEO,14.4.2026 7:17:56,"Party moves, které oživí každou afterku🕺🏽

A dokonce i tu, co bude po @unihokejfinalfour 🤪 Ve čtvrtek i v pátek na vás čeká party přímo vedle zimáku 🥂 Tak vem kámoše a prodlužte si večer 🤘🏼

🎟️ Lístky kupujte na finalfour.cz",https://www.facebook.com/reel/851836427931147/,580,285,10,,
vsefalcons,instagram,709fceba-e311-48e7-9057-f54a587abf4a,239485ed-97a4-4011-9392-986ac0952eb6,IG Story,IMAGE,26.1.2026 18:30:59,"2 2 Nábělek 
Ramert",https://www.instagram.com/stories/vsefalcons/3818764827653326001,,847,,,
@AkademiciPlzen,facebook,d87b94e3-03e8-45d0-b92e-75e9b819545c,7cc381b4-9248-4257-acfc-437ac4288f8d,FB Video,VIDEO,17.3.2026 13:21:53,"Ví naši fanoušci, co je ofsajd? 👀
A kdo to pak nejvíc rozjel na afterparty? 😏

Na to se diváků na bitvě zeptala @deniskaurbankova 🎤.
Mrkni, jak to dopadlo!

#akademiciplzen #univerzitnihokej",https://www.facebook.com/reel/1257454349247715/,697,306,4,,
vsefalcons,instagram,709fceba-e311-48e7-9057-f54a587abf4a,0c2e803b-9a31-40c7-9649-c1a43276ee83,IG Post,CAROUSEL_ALBUM,7.2.2026 20:38:07,"Ohlédnutí za úterním zápasem 📸

Další zápas už v úterý 10. 2. od 19:45 proti Riders.
Přijďte nás podpořit a užít si hokej ještě před startem školy 🚀💙
📷 @martincacha",https://www.instagram.com/p/DUeGrMJCPut/,,5939,123,,5
@akademiciplzen,instagram,65494228-95bf-4f7b-8e68-d47d7262db66,12852192-17c5-464a-acfa-192a49ff6333,IG Post,IMAGE,1.4.2026 15:03:14,"Hokejem tenhle večer teprve začíná. 🏒 

Ze stadionu se všichni přesouváme na after do No Limitu. Vidíme se tam! 🕺🏼

#akademiciplzen",https://www.instagram.com/p/DWl99syjP-e/,,12247,154,2,102
@univerzitnihokej,facebook,01b45180-0b14-4a14-96e8-d0a4bab1fb9f,1b06fec3-686e-4bd9-b89d-1f3986ca43da,FB Post,IMAGE,27.3.2026 19:04:12,"Základní část skončila ⏩️ začíná Play-In 🔥

Čekají nás semifinálové bitvy, vítězové jdou do finále Play-In. A odtud už vede jediná cesta ➡️ @unihokejfinalfour a boj o absolutního šampiona letošní sezóny! 😮‍💨🏆

Jedna šance. Žádná oprava. 👀",https://www.facebook.com/1275398168115026/posts/1271984115123098,741,,2,,
vsefalcons,instagram,709fceba-e311-48e7-9057-f54a587abf4a,71b182f6-ea03-4dcf-93d6-ffb6c3c30b05,IG Story,VIDEO,3.2.2026 18:46:04,POPŘEJ KUBAŤÁKOVI ŠTĚSTÍ DO PRVNÍHO ZÁPASU PO ZRANĚNÍ,https://www.instagram.com/stories/vsefalcons/3824570615319809186,,909,,,
@riderspardubice,facebook,f99ed6c3-17cc-46f4-a32e-d9b0576ce2df,846d2279-7f42-4444-9be4-976c28281e93,FB Post,IMAGE,4.3.2026 8:00:10,"🐱 V pondělí za námi do enteria areny přijedou @blackdogsbudweis_vste! 🐕

A my při této příležitosti společně podpoříme KoČIČÍ depozitum Lovčice! 

Jak můžete opuštěným kočičkám pomoci s námi? 
- přineste s sebou na zápas očičí žrádlo - granule, konzervy, ňaminky 
- přispějte finančním darem - ideálně v hotovosti na místě nebo pomocí QR kódu na kostce.

Minulý semestr jsme pomohli pejskům z @farma_u_veselyho_psa, tak pojďme znovu spojit síly a tentokrát pomoci kočičkám z KoČIČÍ depozitum Lovčice! 

Vstupenky za zapas koupíš přes odkaz v BIU!",https://www.facebook.com/1592662819534019/posts/1567407572059544,1404,,11,,
@univerzitnihokej,instagram,1e114592-3529-4cfe-9977-2598454053af,2647bc0b-c8a2-4cd0-8932-1477ebbe1105,IG Post,IMAGE,10.4.2026 14:11:57,Směr cesty 16. a 17.4. je jasnej! ➡️ @unihokejfinalfour 📍Zimní stadion Eden,https://www.instagram.com/p/DW9DxBKCLfC/,,15024,344,,3
vsefalcons,instagram,709fceba-e311-48e7-9057-f54a587abf4a,4c19965d-6a9d-49a3-b399-73cd360d387d,IG Reel,VIDEO,9.12.2025 19:41:14,Jdeme do vedení na konci 1️⃣ třetiny! Druhý gól za Falcons si připisuje @_suchos88_ 🔥,https://www.instagram.com/reel/DSDgU6vCHW2/,,8145,177,1,6
vsefalcons,instagram,709fceba-e311-48e7-9057-f54a587abf4a,67798d0e-1443-4c76-ae2f-e0a374c34052,IG Story,VIDEO,14.4.2026 13:22:58,OUTFIT NA POV: 🫵🏼 @unihokejfinalfour,https://www.instagram.com/stories/vsefalcons/3875142278767465660,671,706,,,1
vsefalcons,instagram,709fceba-e311-48e7-9057-f54a587abf4a,81ae8f0c-1ca2-400e-869d-0a26a09129d7,IG Story,VIDEO,8.4.2026 16:27:16,,https://www.instagram.com/stories/vsefalcons/3870886386110871559,909,882,,,2
vsefalcons,instagram,709fceba-e311-48e7-9057-f54a587abf4a,428d2565-d69d-4057-89e8-0641587006a8,IG Story,VIDEO,20.4.2026 16:33:30,VOUSY DOLE A HNED TO JSOU ZAS FEŠÁCI 🫦 🤩,https://www.instagram.com/stories/vsefalcons/3879586670987193178,889,916,,1,4
vsefalcons,instagram,709fceba-e311-48e7-9057-f54a587abf4a,81cd3151-da86-45b7-827e-161d4bc8b5ea,IG Reel,VIDEO,8.6.2026 14:17:14,they counting down the days until summer training ends 💀 #icehockey #vsefalcons #,https://www.instagram.com/reel/DZU_CzRI38q/,,1446,35,,2
@hcmuni,facebook,d1f9e9f9-7526-42d4-85aa-13f91e89f7cf,bbd654f4-8c92-4026-8112-35ec4f753857,FB Post,PHOTO,23.3.2026 8:09:52,"Hokej na ledě možná skončil, ale na parketu to teprve začíná! 🏒🔥 Nenech si ujít AFTERPARTY v @maisonclublounge 
Doraž a pojďme společně sezónu zakončit v tom největším stylu!💙

💥 A vstup? Jen za „kilečko“ (100kč)! Lístky bereš rovnou na místě, žádnej stres📍

Na suchu taky nezůstaneš!!! 🥂🍹
Velké panáky za 20kč
Speciální drinky za 120kč

#hcmuni",https://www.facebook.com/1581741777288398/posts/1573577611438148,496,,2,,
@218107044725785,facebook,7a942e3e-6c47-4794-9ba7-bbc7b6d40cb3,ee46d7d0-8301-4f26-b637-c813e8ddedc1,FB Post,IMAGE,8.4.2026 18:45:30,"Sen, který jsme měli od začátku sezóny. A teď ho žijem, tady a teď, s váma ❤️

Falcons, vidíme se za týden v Edenu! @unihokejfinalfour 🥹",https://www.facebook.com/122282816036218300/posts/122283039152218300,1565,,22,,
@riderspardubice,instagram,4d6a67ab-9313-4f77-a82e-abb18adbca5d,acbe6333-b916-46be-9489-b6100bb877fc,IG Story,VIDEO,17.4.2026 21:48:20,,https://www.instagram.com/stories/riderspardubice/3877570844293902339,,508,,,
@univerzitnihokej,instagram,1e114592-3529-4cfe-9977-2598454053af,f4a63ad1-5f56-4962-9ae3-5d87711051c0,IG Story,VIDEO,10.4.2026 10:26:33,,https://www.instagram.com/stories/univerzitnihokej/3872154383945328631,,1272,,,6
@united_hk,instagram,b18c071b-0570-48b2-b743-990c668c3c5b,bc2849d4-66b7-4424-815b-2daecf69632c,IG Story,VIDEO,22.4.2026 17:56:30,Sobota už se blíží!,https://www.instagram.com/stories/united_hk/3881078043418590309,,374,,,
@univerzitnihokej,facebook,01b45180-0b14-4a14-96e8-d0a4bab1fb9f,04c3caac-5f7e-4117-b503-dd8ebdaf93ee,FB Post,IMAGE,3.3.2026 21:52:38,Falcons se dnes vyspali lépe než včera a posílají Akademiky zpátky do Plzně bez bodů 🚌,https://www.facebook.com/1275398168115026/posts/1253206820334161,718,,4,,
@riderspardubice,instagram,4d6a67ab-9313-4f77-a82e-abb18adbca5d,2e325bea-eb59-4a39-9e14-f4117bede240,IG Story,VIDEO,13.4.2026 10:13:26,,https://www.instagram.com/stories/riderspardubice/3874322102090530306,,651,,,
@cvutengineers,instagram,11963a07-7f0f-48e6-9d81-aa63a7ff4a04,e3d7e762-afb0-4f34-99f6-c5cd54939f33,IG Post,ALBUM,25.3.2026 19:26:26,"Do svého 1️⃣0️⃣0️⃣ zápasu dnes nastoupil také KUBA DOHNAL 👏🏼

Díky za všechny sezony, které jsi odehrál s naším znakem na hrudi. Zanechal si tu mnohem víc, než jen skvělé výkony na ledě. 

Přejeme ti jen to nejlepší. 🙏🏻
Jednou Engineer, navždy Engineer! 🦁",https://www.instagram.com/p/DWUbCaoDNkN/,,10573,348,2,7
@univerzitnihokej,instagram,1e114592-3529-4cfe-9977-2598454053af,a39196f1-91d1-4b46-8baf-db3233a56f13,IG Reel,VIDEO,12.3.2026 19:04:24,Kdo dneska vyhraje finále @bitvaoprahu ?👀,https://www.instagram.com/reel/DVy6ArAiBtD/,,30031,500,1,215
vsefalcons,instagram,709fceba-e311-48e7-9057-f54a587abf4a,a80fbb0f-9be1-437d-925f-efe187194e12,IG Story,VIDEO,7.2.2026 21:12:15,PŘÍŠTÍ ZÁPAS UŽ V ÚTERÝ 🎟️ 🦅,https://www.instagram.com/stories/vsefalcons/3827543282444416976,,992,,,
@hcnorthwings,facebook,2b08a479-603b-46e4-8a48-2bc0435ccd53,c6a73e81-44e4-427d-a428-bb04372ee173,FB Video,VIDEO,4.3.2026 20:48:53,🎤 | Pozápasové ohlasy z 23. kola @univerzitnihokej v podání @hcnorthwings (Oldřich #Vojíř) #univerzitnihokej,https://www.facebook.com/reel/942427535409296/,755,301,2,,
@VUTCavaliersBrno,facebook,3351b43e-4b71-442b-b2f1-920cd6e57ee5,17390d28-c922-4b51-9eb3-f742bab5345a,FB Video,VIDEO,4.4.2026 9:10:25,"Právě nám začíná mezisezónní období, na které se můžeme plně vybavit díky našemu partnerovi @sportega.cz 🏸
Pokud i vy sháníte nové sportovní vybavení, doporučujeme navštívit jejich pobočku📍Křenová 26 Brno
Veškerý sortiment si tam můžete vyzkoušet, abyste měli jistotu, že vám zvolená výbava bude plně vyhovovat😌 Za nás prostě 🔝topka🙌",https://www.facebook.com/reel/962230096270154/,385,134,2,,
@VUTCavaliersBrno,facebook,3351b43e-4b71-442b-b2f1-920cd6e57ee5,4919669b-2ccc-4d81-9c12-971cfcf37d79,FB Video,VIDEO,21.3.2026 12:20:53,Fanoušci mají vždycky pravdu!,https://www.facebook.com/reel/1632695977923963/,1368,725,3,,
vsefalcons,instagram,709fceba-e311-48e7-9057-f54a587abf4a,5eb69b9e-73e8-4bde-94fc-fcad3ac02273,IG Story,VIDEO,17.2.2026 22:45:33,@michal.danniel 🎤,https://www.instagram.com/stories/vsefalcons/3834838069413464803,1007,1316,,,3
@univerzitnihokej,instagram,1e114592-3529-4cfe-9977-2598454053af,cb5aceec-cd17-438f-aa0f-cb13713a8bbc,IG Post,IMAGE,5.4.2026 15:36:49,"V semifinále play-in se letošní sezóna uzavřela i pro BOčko. Vyrovnaný duel s Riders dospěl až do prodloužení, které rozhodlo o konečném výsledku.

Ostravo, díky za energii a nasazení, které jste letos ukázali 💪🏼",https://www.instagram.com/p/DWwVgNFCJMn/,,5167,150,,6
vsefalcons,instagram,709fceba-e311-48e7-9057-f54a587abf4a,e79a1740-3f8e-4657-80f0-931153a33455,IG Story,IMAGE,12.3.2026 18:53:42,"9 4 Lev
Fibigr",https://www.instagram.com/stories/vsefalcons/3851391140658444690,1317,1021,,,4
vsefalcons,instagram,709fceba-e311-48e7-9057-f54a587abf4a,062858fe-1e53-4779-bf34-bd85faa19dfb,IG Reel,VIDEO,9.12.2025 21:50:18,Nejprve vyrovnal 2️⃣1️⃣ vteřin do konce… pak rozhodl. @michal.danniel 🔥,https://www.instagram.com/reel/DSDuxieiAyW/,,10507,317,2,7
@riderspardubice,facebook,f99ed6c3-17cc-46f4-a32e-d9b0576ce2df,df7ef1f4-cfa4-4840-ab3a-4e0fbe322a52,FB Video,VIDEO,3.4.2026 16:00:24,"Čistá hlava, čistá hra 🔥🥵
@garnier_czsk",https://www.facebook.com/reel/1903017330349491/,684,215,4,,
vsefalcons,instagram,709fceba-e311-48e7-9057-f54a587abf4a,eafe844c-4821-4b29-a305-c77838779afb,IG Story,VIDEO,13.2.2026 7:26:08,🖐🏼,https://www.instagram.com/stories/vsefalcons/3831476128489953096,555,692,,,2
vsefalcons,instagram,709fceba-e311-48e7-9057-f54a587abf4a,0315b82b-7b80-4374-9c16-9bdda3d78071,IG Story,VIDEO,8.2.2026 17:47:10,"LUKÁŠ
NOVÁK 93",https://www.instagram.com/stories/vsefalcons/3828164864699319733,,1287,,,1
@united_hk,instagram,b18c071b-0570-48b2-b743-990c668c3c5b,54be7439-b54c-414b-8e5b-9e15eda5090f,IG Post,IMAGE,11.4.2026 18:49:00,"Po dvou sezonách se s UNIted HK loučí i naše fyzioterapeutka Tereza Macholdová.

Terka se během svého působení stala důležitou součástí realizačního týmu a její odborný dohled několikrát pomohl nejen hráčům, ale občas i vedení. No jo… už nejsme nejmladší. 🙂

UNIted HK reprezentovala i na Viking Cupu v Kanadě jako součást výběru Univerzitní ligy ledního hokeje.

Teď ji čekají nové životní výzvy spojené s dokončením studia na Lékařské fakultě UK a návratem do rodného města.

Terko, děkujeme za vše, co jsi pro UNIted HK udělala, a přejeme ti hodně štěstí do další životní kapitoly.

🖤🧡

#unitedhk #unihokej #hokej",https://www.instagram.com/p/DXAILUeiDBV/,,11535,193,4,25
@vutcavaliersbrno,instagram,b384bebf-72f3-4f9d-8b2d-3677709f6966,771ec6f1-b011-4352-b435-e5361fe95472,IG Post,IMAGE,4.3.2026 10:31:20,"GAMEDAY 🔥
V boji o důležité tři body dnes vyzveme @boostrava 👈 
Přijď nás podpořit 🏒
🚌 Doprava zajištěna",https://www.instagram.com/p/DVdY6HSiM9u/,,1106,17,,
vsefalcons,instagram,709fceba-e311-48e7-9057-f54a587abf4a,77a1690f-ba0d-4cf7-b0b0-e5a31d0bc59b,IG Story,IMAGE,20.1.2026 14:04:50,,https://www.instagram.com/stories/vsefalcons/3814282210920923140,,1265,,,8
@riderspardubice,instagram,4d6a67ab-9313-4f77-a82e-abb18adbca5d,7c5d6d4d-a807-487c-a259-cc51c57c968d,IG Reel,VIDEO,17.4.2026 14:54:39,Goalie 🥅❤️‍🔥,https://www.instagram.com/reel/DXPKK0JDCGF/,,6576,184,2,48
@akademici_plzen,tiktok,8f78cb3d-9c53-4c33-9f39-e6526fd8fa1c,84a66fd0-3cb5-4775-b170-26bd3e8a3c15,TT Video,VIDEO,30.3.2026 16:06:48,"Pokud máš hlad jako Ženda, dej si Zott a buď dobrej! 😎😋 #zott #zotthungry #hungrydrinkthis",https://www.tiktok.com/@akademici_plzen/video/7623080773108698390?utm_campaign=tt4d_open_api&utm_source=7348986504397455361,,1765,100,,13
@univerzitnihokej,facebook,01b45180-0b14-4a14-96e8-d0a4bab1fb9f,e85e3cce-f887-4735-8ade-78245a4370cd,FB Video,VIDEO,18.3.2026 17:36:11,"K hokeji to pivo prostě patří. 😎
A na unihokeji? Jedině @pivoproud 🍻",https://www.facebook.com/reel/1762766331349489/,456,75,,,
@218107044725785,facebook,7a942e3e-6c47-4794-9ba7-bbc7b6d40cb3,fe548f08-f6fb-4fb7-a08b-606e477cf85b,FB Video,VIDEO,17.4.2026 14:56:54,"all eyes on @cech.ondrejj & @drabek_adam 🤩

#vsefalcons #finalfour",https://www.facebook.com/reel/1117489860564163/,1050,344,14,,
vsefalcons,instagram,709fceba-e311-48e7-9057-f54a587abf4a,16cc5f01-ff70-4658-a3aa-ededbb8ebb55,IG Story,VIDEO,3.3.2026 19:54:10,nic hezčího dnes neuvidíš,https://www.instagram.com/stories/vsefalcons/3844902190402043114,579,758,,,
@riderspardubice,facebook,f99ed6c3-17cc-46f4-a32e-d9b0576ce2df,bbc46856-4f8d-421a-82d8-7554f98a2225,FB Post,IMAGE,12.3.2026 15:39:22,"Poslední zápas v dresu Riders pro @dominikkopecky_99 🔥

Přijď udělat Dominikovi do enteria areny nezapomenutelnou atmosféru a rozloučit se s ním na zápas proti @united_hk! 

🎟️ Vstupenky ve slevě s kódem KOPECKY20 👀",https://www.facebook.com/1592662819534019/posts/1574561141344187,506,,10,,
@univerzitnihokej,instagram,1e114592-3529-4cfe-9977-2598454053af,585c0050-8dbf-4aab-a689-144e30b70afa,IG Post,IMAGE,9.4.2026 10:26:01,VŠE Falcons přiletí 16.4. taky do Edenu! 🦅 Vstupenky na finalfour.cz 🎟️,https://www.instagram.com/p/DW6FHYnCNh7/,,8915,177,1,16
@akademiciplzen,instagram,65494228-95bf-4f7b-8e68-d47d7262db66,7cc9db3e-8be2-4ba8-a473-f0edb56ba1bf,IG Story,VIDEO,7.4.2026 11:41:37,BRUSLENÍ S AKADEMIKY SE BLÍŽÍ! ⛸️ @akademicifans,https://www.instagram.com/stories/akademiciplzen/3870017832549643955,,1127,,,5
@cvutengineers,instagram,11963a07-7f0f-48e6-9d81-aa63a7ff4a04,b7832d1d-0583-42a0-9376-0e5247799b5a,IG Reel,VIDEO,17.4.2026 18:16:07,"💙🦁DRŽÍME VŠECHNY PALCE!!!!!

Pošli lva pro štěstí do komentářů! ⤵️",https://www.instagram.com/reel/DXPhBhFDNEK/,,11346,253,,14
@univerzitnihokej,instagram,1e114592-3529-4cfe-9977-2598454053af,be1c6d54-dbd5-4234-ac12-44f5a31be403,IG Story,VIDEO,15.4.2026 7:56:19,,https://www.instagram.com/stories/univerzitnihokej/3875702644752826411,,1420,,,43
@akademiciplzen,instagram,65494228-95bf-4f7b-8e68-d47d7262db66,667593c0-e08f-4a0b-b17b-e9635b63a3ac,IG Story,VIDEO,10.4.2026 17:17:24,STŘÍPKY ze včerejšího bruslení 🏒,https://www.instagram.com/stories/akademiciplzen/3872361242195452947,,854,,,
@bitvaoprahu,instagram,d7c8aa06-74fb-4c6c-a7d2-c2fe1bf6d59c,cd68c94c-f940-4d5e-bfd4-8c603327da43,IG Reel,VIDEO,12.3.2026 21:52:41,"URAGÁN JMÉNEM UK! 🤯🔥

#UKP ⚔️ #ENG | @k.chymo 🚨| #bitvaoprahu",https://www.instagram.com/reel/DVzMzrTjH0E/,,29063,621,5,25
vsefalcons,instagram,709fceba-e311-48e7-9057-f54a587abf4a,dada7c29-8cc3-4f7e-b282-44be6844a5ae,IG Story,VIDEO,6.3.2026 16:41:37,,https://www.instagram.com/stories/vsefalcons/3846976008717129191,,863,,,3
@riderspardubice,instagram,4d6a67ab-9313-4f77-a82e-abb18adbca5d,0181021b-421b-4fe5-ac9d-0187747f5f40,IG Story,VIDEO,4.4.2026 13:01:23,,https://www.instagram.com/stories/riderspardubice/3867883651950455030,,728,,,
@hc_muni,instagram,43cd62c8-609d-4ea6-8ce9-cae5242ede0c,0de23c1c-b02a-4d04-bfac-60c0b3c63a6c,IG Story,VIDEO,15.4.2026 18:57:20,DĚKUJEME VŠEM💙,https://www.instagram.com/stories/hc_muni/3876035424682958257,,366,,,
@riderspardubice,instagram,4d6a67ab-9313-4f77-a82e-abb18adbca5d,10733b4b-d158-47cd-8f21-3a72a49e2114,IG Reel,VIDEO,17.4.2026 16:18:38,"Chvilku pro sebe 🫂
@63skorpiz & @radek_bednar_",https://www.instagram.com/reel/DXPTkIuDCJx/,,6947,237,,16
vsefalcons,instagram,709fceba-e311-48e7-9057-f54a587abf4a,5f395105-1446-4d26-8765-47808d4c7416,IG Reel,VIDEO,16.2.2026 7:58:23,"Kluci jsou na zítřejší olympijský zápas víc než ready, tak buď i ty 🫵🏼 

Napiš do komentářů “SLEVA” a my ti do DMs pošleme kódík na slevičku na zítřejší zápas 🤪 

Těšíme se na vás 💙",https://www.instagram.com/reel/DUz6jqACHkh/,,6693,68,1,7
vsefalcons,instagram,709fceba-e311-48e7-9057-f54a587abf4a,98700605-7bdb-4bbf-8b6c-34913d56f585,IG Post,IMAGE,11.1.2026 17:48:55,"FALCONS PUB KVÍZ IS BAAAACK!

Minule sklidil velký úspěch, a proto jsme se ho rozhodli udělat znovu a mnohem vymazlenější! 🤓

Čeká vás večer plný zábavy, dobrého piva a pořádné dávky vědomostního adrenalinu. 🧠 Vyhrát můžete bombové ceny, kterými nás vybavil Red Bull, Proud nebo Grant Thornton, a vítěz si domu odnese lístky na Bitvu o Prahu ‼️

Do týmu se může přihlásit 4-5 lidí, vstupné je zdarma a bar s top drinky je samozřejmostí. 🥂

26.2. | Quattro Modulare, Italská budova | 19:00

Registrovat se můžete přes link na profilu. Těšíme se na vás! 💙

#vsefalcons #pubkviz",https://www.instagram.com/p/DTYR2S8iM0B/,,15303,96,,123
@AkademiciPlzen,facebook,d87b94e3-03e8-45d0-b92e-75e9b819545c,a25e60d7-f27c-48c5-a842-e90737aa6d6b,FB Video,VIDEO,24.3.2026 18:37:53,"I náš nejhladovější hráč @_rihastepan_ má před tréninkem spousty energie na rozdávání! ⚡️

#zott #zotthungry #hungrydrinkthis",https://www.facebook.com/reel/1418928949507166/,461,113,2,,
@hcnorthwings,facebook,2b08a479-603b-46e4-8a48-2bc0435ccd53,a6966b33-6226-4d01-a18f-a1675066441b,FB Video,VIDEO,12.3.2026 4:58:54,🎤 | Pozápasové ohlasy z 24.kola @univerzitnihokej v podání @akademiciplzen (Kamil #Hajšman) #univerzitnihokej,https://www.facebook.com/reel/983824994148395/,481,133,3,,
vsefalcons,instagram,709fceba-e311-48e7-9057-f54a587abf4a,d546a648-b5a3-4f41-9aab-cacb822986d7,IG Story,VIDEO,31.3.2026 17:43:47,JDEME DO VEDENÍ! 2 minuty před koncem,https://www.instagram.com/stories/vsefalcons/3865126718658860442,983,850,,1,
vsefalcons,instagram,709fceba-e311-48e7-9057-f54a587abf4a,cfd136aa-d061-40b5-817d-6bb06a839def,IG Post,IMAGE,8.4.2026 18:45:14,"Sen, který jsme měli od začátku sezóny. A teď ho žijem, tady s váma ❤️

Falcons, vidíme se za týden v Edenu! @unihokejfinalfour 🥹",https://www.instagram.com/p/DW4Zc22iO1A/,,19081,416,10,64
@cvutengineers,instagram,11963a07-7f0f-48e6-9d81-aa63a7ff4a04,f192ba36-e88d-4396-beef-08c87a30502a,IG Post,PHOTO,25.3.2026 7:41:04,"GAMEDAY | Poslední zápas základní části je tady! 🔥

Dnešní večer bude speciální ✨. Na ledě se naposledy v rámci základní části představí několik hráčů, kteří se po sezoně rozloučí s Engineers 🥺. Přijď jim vyjádřit respekt 🫶🏻 a podpořit nás. 

⏰ 20:00
📍 Zimní stadion Hvězda 
🎟️ Odkaz v biu",https://www.instagram.com/p/DWTJVQtjIwf/,,4978,113,,14
vsefalcons,instagram,709fceba-e311-48e7-9057-f54a587abf4a,378e4355-6feb-48d7-b951-4da93c440f44,IG Story,IMAGE,14.3.2026 16:39:41,"2 2 Vosmík
Jobánek",https://www.instagram.com/stories/vsefalcons/3852773238459912020,757,719,,,
@united_hk,instagram,b18c071b-0570-48b2-b743-990c668c3c5b,3e8365bf-0dff-4cf0-bb7e-0b67bc9a475c,IG Story,IMAGE,9.4.2026 13:03:11,,https://www.instagram.com/stories/united_hk/3871508452270975321,,624,,,
@riderspardubice,instagram,4d6a67ab-9313-4f77-a82e-abb18adbca5d,a2cbe3c2-a313-4d62-817e-6e8c28e105ee,IG Story,VIDEO,12.4.2026 14:55:00,,https://www.instagram.com/stories/riderspardubice/3873739046631810718,,1018,,,1
vsefalcons,instagram,709fceba-e311-48e7-9057-f54a587abf4a,26db095c-61c3-419b-aa80-6ff45e66a2fb,IG Story,IMAGE,13.3.2026 16:21:36,,https://www.instagram.com/stories/vsefalcons/3852039360728300298,,823,,,
vsefalcons,instagram,709fceba-e311-48e7-9057-f54a587abf4a,bd711ab0-dd5c-4add-bc4a-03904e73d707,IG Story,IMAGE,30.3.2026 9:28:29,"“zítra nejdu na hokej, o nic nejde”
doslova já:",https://www.instagram.com/stories/vsefalcons/3864152663579480034,691,823,,,7
@hcmuni,facebook,d1f9e9f9-7526-42d4-85aa-13f91e89f7cf,5fb75942-8e31-4554-8112-bd821e01c134,FB Post,IMAGE,4.3.2026 21:24:45,"Pátá sice odbila, ani tak to ale nestačilo ⚔️",https://www.facebook.com/1581741777288398/posts/1557031689759407,403,,2,,
vsefalcons,instagram,709fceba-e311-48e7-9057-f54a587abf4a,768ea0e6-ab98-4225-89c8-dd687928fea4,IG Story,VIDEO,24.3.2026 20:11:30,"NEVZDÁVÁME
SE 💪🏼",https://www.instagram.com/stories/vsefalcons/3860127641319788047,756,559,,,
@riderspardubice,instagram,4d6a67ab-9313-4f77-a82e-abb18adbca5d,e6a3efda-0ebb-4045-91cf-fabf7f5792b8,IG Story,IMAGE,8.4.2026 22:21:57,,https://www.instagram.com/stories/riderspardubice/3871064900730937291,,105,,,
vsefalcons,instagram,709fceba-e311-48e7-9057-f54a587abf4a,2bd091eb-8b72-4969-8534-c17ae8aec4f1,IG Story,VIDEO,12.3.2026 14:27:56,GETTIN’ READY 🏒,https://www.instagram.com/stories/vsefalcons/3851257388003240839,1608,1698,,,1
@218107044725785,facebook,7a942e3e-6c47-4794-9ba7-bbc7b6d40cb3,c3a25d95-7ff5-4110-afc9-834ad16c835c,FB Post,IMAGE,14.3.2026 19:05:27,Těžký týden zakončujeme bodem z Brna.,https://www.facebook.com/122282816036218300/posts/122278835144218300,265,,4,,
@bitvaoprahu,facebook,75e0f41f-82be-4f82-a77b-82ac11135ed2,58ad3b11-1520-43c8-953c-6db445a48169,FB Post,IMAGE,12.3.2026 19:07:56,"Druhý bronz a vedle toho důležité tři body v boji o @unihokejfinalfour ! 🆕🔜

Gratulujeme @vsecz 🤍 a přejeme hodně štěstí v nadcházejícím play off. 🔥 #bitvaoprahu & @deloittecz",https://www.facebook.com/1441262177797849/posts/1420329453224455,173,,1,,
vsefalcons,instagram,709fceba-e311-48e7-9057-f54a587abf4a,79fe8708-7192-40d7-b11f-097aca5a1b03,IG Reel,VIDEO,9.12.2025 7:58:59,It's timeee…dnes nás čeká vánoční zápas proti @ukkingsprague 😮‍💨 Přijďte nás podpořit a užít si vánoční atmosféru na Hvězdu! 🎄⭐️,https://www.instagram.com/reel/DSCP85bCEzR/,,5567,93,,5
@univerzitnihokej,facebook,01b45180-0b14-4a14-96e8-d0a4bab1fb9f,8da04b00-1406-4ab5-86b0-40cb3ab5b6f2,FB Post,IMAGE,8.4.2026 21:46:26,"Co zápas, to kino! 🍿 Známe tři účastníky historicky prvního Final Four 🥵

Falcons ovládli výlet v Budějcích, Kings si vyzkoušeli Eden nanečisto a Engineers urvali výhru po dramatických samostatných nájezdech 🔥",https://www.facebook.com/1275398168115026/posts/1281496504171859,794,,7,,
@riderspardubice,instagram,4d6a67ab-9313-4f77-a82e-abb18adbca5d,d32bcfc7-c068-4a6f-9788-a4cb1d8241e7,IG Story,VIDEO,8.4.2026 19:03:01,"KOMERČNÍ 
PŘESTÁVKA 👀 @garnier_czsk",https://www.instagram.com/stories/riderspardubice/3870964847807153276,,559,,,1
@218107044725785,facebook,7a942e3e-6c47-4794-9ba7-bbc7b6d40cb3,4916c3e5-6887-4e0b-b129-07ef2783eed9,FB Post,IMAGE,13.3.2026 18:21:10,"Včera to byl samej úsměv 🫶🏼 největší poděkování patří vám, že jste v tom s námi a ženete nás dopředu 🩵 

Teď už zapínáme pásy a letíme dááál 🦅",https://www.facebook.com/122282816036218300/posts/122278687778218300,570,,20,,
@boostrava,instagram,1176ddaf-d366-48a2-9639-3c6694c72c85,6f168423-c70e-4c62-915c-52aed185e8ba,IG Post,IMAGE,4.3.2026 5:22:33,"🔥GAME DAY🔥 Jedeme do BRNA
@vutcavaliersbrno x @boostrava 
Kdo si odnese 3 body?",https://www.instagram.com/p/DVc1ev9jP2j/,,1881,25,,2
@univerzitnihokej,instagram,1e114592-3529-4cfe-9977-2598454053af,70cfec7a-3638-43d7-9799-73f9c35e2c3d,IG Post,IMAGE,12.4.2026 8:24:54,"Šanci na poslední volné místo ve Final Four dnes dostávají Black Dogs a Riders 🙌🏼
Kdo z nich ji využije a doplní tak finálovou čtyřku? 🥵",https://www.instagram.com/p/DXBlo5_iLmO/,,3810,76,,13
@hcmuni,facebook,d1f9e9f9-7526-42d4-85aa-13f91e89f7cf,c45c08bd-fcdc-40c9-82d7-bf6910476b15,FB Post,PHOTO,25.3.2026 12:27:27,"🔥 GAME DAY IS HERE🔥
Poslední brněnské derby téhle sezóny je tady, tak si ho pojďme společně pořádně užít a udělat randál! 🐻🥁

Lístky koupíte👇🏻

https://hcmuni.enigoo.cz/app/tickets/events/136

#hcmuni",https://www.facebook.com/1581741777288398/posts/1575676091228300,267,,4,,
@univerzitnihokej,instagram,1e114592-3529-4cfe-9977-2598454053af,0983c683-556c-4511-8dfc-21b1c8d83ba6,IG Story,VIDEO,12.4.2026 11:51:13,,https://www.instagram.com/stories/univerzitnihokej/3873646544889054856,,1330,,,
vsefalcons,instagram,709fceba-e311-48e7-9057-f54a587abf4a,2d0961f8-0eed-4f62-a517-c00c73c5148c,IG Story,VIDEO,12.2.2026 13:15:36,OSMIFINÁLE ✅ 🤝🏼 @czufarmers,https://www.instagram.com/stories/vsefalcons/3830927284811389134,708,708,,,2
@hc_muni,instagram,43cd62c8-609d-4ea6-8ce9-cae5242ede0c,3f75e464-787b-4ea7-891e-91f57f62ffd4,IG Post,PHOTO,25.3.2026 21:34:10,"Konec dobrý, všechno dobré 🐻💙 Rozloučení se sezonou jak má být 

#hcmuni",https://www.instagram.com/p/DWUpEv-Dqln/,,5400,262,2,36
@univerzitnihokej,instagram,1e114592-3529-4cfe-9977-2598454053af,6dbe13bf-ad4b-4a53-bc01-001cc1f5d979,IG Story,VIDEO,8.4.2026 17:48:53,UTKÁNÍ ODSTARTOVALO UŽ I NA,https://www.instagram.com/stories/univerzitnihokej/3870927480886423230,,841,,,1
vsefalcons,instagram,709fceba-e311-48e7-9057-f54a587abf4a,274d68ef-d025-4d15-9d75-e66acb64cf85,IG Story,VIDEO,22.4.2026 13:12:27,FINAL FOUR jdeme opět do ⚽️,https://www.instagram.com/stories/vsefalcons/3880934909162350363,1129,1141,,,41
vsefalcons,instagram,709fceba-e311-48e7-9057-f54a587abf4a,6ea49123-5037-4c51-88e5-8eef0e1b1db3,IG Story,VIDEO,13.2.2026 13:35:58,🤹🏻‍♂️ @hamrbrmbrm13,https://www.instagram.com/stories/vsefalcons/3831662305474037144,904,904,,,4
@riderspardubice,instagram,4d6a67ab-9313-4f77-a82e-abb18adbca5d,feec72b1-03c4-480c-8ae3-b7ca7879052b,IG Story,VIDEO,17.4.2026 13:16:25,PŘED ZÁPASEM SE ODEHRÁL MANAŽERSKÝ HOKEJ 🔥 🏒,https://www.instagram.com/stories/riderspardubice/3877313173284213240,,1133,,,
vsefalcons,instagram,709fceba-e311-48e7-9057-f54a587abf4a,a4da78ca-9d77-4f36-a4b2-68ff4ec542ca,IG Post,CAROUSEL_ALBUM,8.3.2026 13:52:57,"Holky, tenhle je pro vás 😘

S váma je ten hokej o něco hezčí 🌷 děkujeme, že vás máme!",https://www.instagram.com/p/DVoDXAxiCqY/,,5499,189,4,14
vsefalcons,instagram,709fceba-e311-48e7-9057-f54a587abf4a,f41715ed-415c-4299-a3b1-394fc40bc89f,IG Story,VIDEO,17.4.2026 13:14:15,,https://www.instagram.com/stories/vsefalcons/3877312075785573464,953,1068,,,
@univerzitnihokej,instagram,1e114592-3529-4cfe-9977-2598454053af,649f0547-3d64-4f4f-a906-c89892c88bd5,IG Story,VIDEO,8.4.2026 8:52:58,NĚCO DNESKA SPUSTÍME 🤫 @unilifecz,https://www.instagram.com/stories/univerzitnihokej/3870657724476341103,,1600,,,1
@cvutengineers,instagram,11963a07-7f0f-48e6-9d81-aa63a7ff4a04,18e6316a-2694-458a-a018-99e47ad0b56f,IG Story,VIDEO,12.4.2026 14:04:05,"Ve Final Four se potkáme 
s @vsefalcons 🤩",https://www.instagram.com/stories/cvutengineers/3873713443694209126,,894,,,7
vsefalcons,instagram,709fceba-e311-48e7-9057-f54a587abf4a,2d19371b-a079-4d77-bb6d-34793ffc456f,IG Reel,VIDEO,24.2.2026 9:31:41,"Survivor mode: ON 🥊

Druhý díl @survivorcs_official již dnes na Kateřinkách od 19:45! 🏝️",https://www.instagram.com/reel/DVIrWaziD9R/,,3797,49,,3
vsefalcons,instagram,709fceba-e311-48e7-9057-f54a587abf4a,84af9be2-0f49-4d86-b007-5e17d6dd086d,IG Story,VIDEO,12.2.2026 19:56:28,TĚŠÍME SE NA TEBE! 💙,https://www.instagram.com/stories/vsefalcons/3831129012949237539,574,746,,1,2
vsefalcons,instagram,709fceba-e311-48e7-9057-f54a587abf4a,705a5d2e-a543-457c-bcdd-543cc44a4712,IG Story,VIDEO,8.4.2026 18:40:19,4:0,https://www.instagram.com/stories/vsefalcons/3870953415685755219,959,790,,,3
@akademiciplzen,instagram,65494228-95bf-4f7b-8e68-d47d7262db66,11a6b6eb-eda2-4a4d-8917-b01865e331c2,IG Reel,VIDEO,1.4.2026 11:55:58,"🐣 SOUTĚŽ O DRESY 🏒

Najdi dnes na stadionu schované vajíčko, dones ho moderátorovi a nový dres je tvůj! 👀

V tomhle fitu budeš na všech zápasech za hvězdu. ⭐️
A pozor… tohle není jediná dnešní nadílka 🤫
Doraz na zápas a zjistíš víc.

#akademiciplzen 💙",https://www.instagram.com/reel/DWloHNUDKSm/,,12312,256,2,65
vsefalcons,instagram,709fceba-e311-48e7-9057-f54a587abf4a,e9b859c2-eb66-4f35-8dce-36e886c19236,IG Story,VIDEO,12.3.2026 18:22:33,,https://www.instagram.com/stories/vsefalcons/3851375522974551225,1329,1008,,,
vsefalcons,instagram,709fceba-e311-48e7-9057-f54a587abf4a,f86708a7-3fa9-4f83-a923-53d47904c8a0,IG Story,VIDEO,9.3.2026 11:01:35,MÁME TU DNES NĚKOHO NA ŽIŽKOVĚ? 🤔,https://www.instagram.com/stories/vsefalcons/3848979201252677441,868,,,,1
@hc_muni,instagram,43cd62c8-609d-4ea6-8ce9-cae5242ede0c,682aab9f-32fa-4b20-b018-e910071afc27,IG Story,VIDEO,10.4.2026 15:38:28,,https://www.instagram.com/stories/hc_muni/3872311373153972214,,837,,,3
@univerzitnihokej,facebook,01b45180-0b14-4a14-96e8-d0a4bab1fb9f,84f962d5-9561-45e8-afcb-d516a66b2984,FB Post,IMAGE,12.3.2026 21:07:06,Tak který tým si odnesl víc peněz? 💰,https://www.facebook.com/1275398168115026/posts/1259782893009887,449,,,,
@united_hk,instagram,b18c071b-0570-48b2-b743-990c668c3c5b,bc884781-f499-47a8-90aa-14feb8a1f47a,IG Post,PHOTO,31.3.2026 7:51:49,"🔥 Dnes začíná bitva o Final Four.

PLAY-IN.

Jeden zápas, který rozhodne všechno.

Vyhraješ a zůstáváš ve hře.
Prohraješ a sezóna končí.

Dnes jdeme ALL IN.

Drž nám palce.🖤🧡

#unitedhk #unihokej #uhk #hradeckralove",https://www.instagram.com/p/DWioLE7CPCb/,,7331,99,,11
@univerzitnihokej,instagram,1e114592-3529-4cfe-9977-2598454053af,1ab5d12f-2c0e-4948-b3b8-085090ba1695,IG Reel,VIDEO,9.4.2026 17:22:19,@ukkingsprague si daji 16.4. opáčko v Edenu na @unihokejfinalfour 🎟️ Tentokrat už budou bojovat o titul a pohár Jana Palacha! 🏆 Vstupenky na finalfour.cz,https://www.instagram.com/reel/DW60AUuCBbG/,,10045,178,1,16
@AkademiciPlzen,facebook,d87b94e3-03e8-45d0-b92e-75e9b819545c,fd34b6bb-17ad-40e3-bccb-62bdbad2e149,FB Post,IMAGE,4.3.2026 17:56:20,"Rozbruslení za námi, POJĎME! 💙

#akademiciplzen #jarnibitva",https://www.facebook.com/1357105236437494/posts/1334713738676644,554,,7,,
@engineersprague,facebook,afd06d1d-7b1c-4f66-8d93-ce4255ab773c,69c20ac4-cd68-4c81-b2eb-350e3bbbc292,FB Story,VIDEO,2.3.2026 20:12:46,,,,,,,
@riderspardubice,instagram,4d6a67ab-9313-4f77-a82e-abb18adbca5d,32ad6c6e-f9c7-4d59-b31f-976856047381,IG Story,VIDEO,2.4.2026 8:47:27,@foxconn_czech 👋,https://www.instagram.com/stories/riderspardubice/3866306292797454042,,611,,,
@united_hk,instagram,b18c071b-0570-48b2-b743-990c668c3c5b,76c9d0cc-ba92-483b-95ac-fa047d839e81,IG Post,IMAGE,23.4.2026 8:05:42,"Děkujeme MarketingPPC za podporu v sezoně 2025/26.

Digitální agentura, která pomáhá firmám růst díky chytrým online kampaním a práci s daty.

Díky, že stojíte za UNIted HK. 🖤🧡",https://www.instagram.com/p/DXd4LadiOLI/,,826,8,,1
@univerzitnihokej,instagram,1e114592-3529-4cfe-9977-2598454053af,c70cf485-a1b3-4073-a93e-a6a3fc339bce,IG Story,VIDEO,31.3.2026 12:38:30,,https://www.instagram.com/stories/univerzitnihokej/3864973034989814711,,10702,,,1
@univerzitnihokej,facebook,01b45180-0b14-4a14-96e8-d0a4bab1fb9f,ea76c99b-3306-4c5a-a17f-4c957967d497,FB Post,PHOTO,31.3.2026 6:18:08,Cesta do @unihokejfinalfour startuje dnes! 🔥 Kdo se probojuje do Edenu a získá Pohár Jana Palacha? 🏆,https://www.facebook.com/1275398168115026/posts/1274640951524081,730,,9,,
@riderspardubice,instagram,4d6a67ab-9313-4f77-a82e-abb18adbca5d,62d2f4b1-d2ef-4da1-b975-09b61665271b,IG Story,VIDEO,17.4.2026 16:39:19,🤏,https://www.instagram.com/stories/riderspardubice/3877415332789150266,,881,,,
vsefalcons,instagram,709fceba-e311-48e7-9057-f54a587abf4a,4cf05b5d-ebc3-4daa-a966-3c216e0b049a,IG Story,VIDEO,8.6.2026 13:44:57,MONDAY DRILL 🥵,https://www.instagram.com/stories/vsefalcons/3915015850474142488,,1018,,,11
univerzitnihokej,tiktok,01c88cf9-594f-408e-a45a-95114221acae,e5160e91-eb87-4539-81e6-fb11cfd366d5,TT Video,VIDEO,10.4.2026 15:26:06,"Pražáci, jste ready? 👀🔥 Dvě Bitvy o Prahu nestačily… tak si dáme ještě jedno opáčko. Ale tentokrát o titul celé ligy! 🏆 Ať fandíš UK, ČVUT nebo VŠE – tvůj tým tě potřebuje. 🗓️ 16.-17. dubna | 📍Zimní stadion Eden 🎟️ finalfour.cz",https://www.tiktok.com/@univerzitnihokej/video/7627152206835404035?utm_campaign=tt4d_open_api&utm_source=7348986504397455361,,1049,76,,1
@akademiciplzen,instagram,65494228-95bf-4f7b-8e68-d47d7262db66,5857362a-395b-4150-ad7d-13a199e3a7ea,IG Story,VIDEO,6.4.2026 21:19:25,☀️ 🤝🏻 AKADEMICI SUMMER CITY FEST MY BUDEME U TOHO! a ty?,https://www.instagram.com/stories/akademiciplzen/3869583871302185763,,361,,,
@hcnorthwings,facebook,2b08a479-603b-46e4-8a48-2bc0435ccd53,459798c8-2d13-4aa4-a239-0e76985116e6,FB Story,VIDEO,4.3.2026 11:04:07,,,,,,,
@AkademiciPlzen,facebook,d87b94e3-03e8-45d0-b92e-75e9b819545c,cb3e00d8-a472-44c4-8d0d-4d746e4243a2,FB Post,IMAGE,26.3.2026 19:33:26,"Všechno nebo nic. 

#akademiciplzen",https://www.facebook.com/1357105236437494/posts/1352720673542617,317,,1,,
@cvutengineers,instagram,11963a07-7f0f-48e6-9d81-aa63a7ff4a04,39dc87ee-175f-414a-8195-725973dfb34f,IG Story,VIDEO,15.4.2026 17:11:44,📍 ENGINEERS HLÁSÍ PŘÍJEZD 🦁,https://www.instagram.com/stories/cvutengineers/3875982217797450174,,1205,,,5
@united_hk,instagram,b18c071b-0570-48b2-b743-990c668c3c5b,a74c4b69-e5fd-4625-80cb-54794294ae21,IG Story,VIDEO,13.4.2026 17:51:52,,https://www.instagram.com/stories/united_hk/3874552665648695075,,433,,,
@akademiciplzen,instagram,65494228-95bf-4f7b-8e68-d47d7262db66,e4d278c6-1e02-418b-97a9-87033630efc4,IG Story,VIDEO,1.4.2026 18:49:29,POŠLI ALBIMU ČTYŘLÍSTEK PRO ŠTĚSTÍ!,https://www.instagram.com/stories/akademiciplzen/3865884572642993566,,1135,,,
@riderspardubice,instagram,4d6a67ab-9313-4f77-a82e-abb18adbca5d,69fb7e24-95ac-444b-af51-7da981b1a78b,IG Story,VIDEO,31.3.2026 20:37:22,NYNÍ NÁS NA NAŠÍ CESTĚ DO FINAL FOUR ČEKÁ ZÁPAS VE FINÁLE PLAY-IN!,https://www.instagram.com/stories/riderspardubice/3865214057741840236,,617,,,
@riderspardubice,instagram,4d6a67ab-9313-4f77-a82e-abb18adbca5d,987e4f2f-cca1-4694-890c-0da6aa54b44a,IG Story,VIDEO,2.4.2026 7:57:21,"ROZHÝBEJME UNIVERZITU 
V PLNÉM PROUDU!",https://www.instagram.com/stories/riderspardubice/3866281110959607889,,649,,,
@cvutengineers,instagram,11963a07-7f0f-48e6-9d81-aa63a7ff4a04,b45b2a37-b1fd-44b0-b93b-4c93925b233f,IG Story,VIDEO,3.4.2026 6:31:32,NÁS DĚLÍ OD FINAL FOUR JEDEN JEDINEJ ZÁPAS…,https://www.instagram.com/stories/cvutengineers/3866962660663527435,,1012,,,5
@riderspardubice,instagram,4d6a67ab-9313-4f77-a82e-abb18adbca5d,bb324ab6-6b6d-4d64-9eeb-210d8760f95e,IG Story,VIDEO,8.4.2026 19:27:25,1:1,https://www.instagram.com/stories/riderspardubice/3870977113059325267,,492,,,1
@akademici_plzen,tiktok,8f78cb3d-9c53-4c33-9f39-e6526fd8fa1c,28e9a08c-a018-4a73-85bb-2ea2e598f8c9,TT Video,VIDEO,9.3.2026 18:55:54,"Generální manažer a trenér @Dominik Beer v rozhovoru pro @ČT sport o tom, jak se @Univerzitní hokej 🏒 za poslední roky posunul. 🚀🚀🚀 #akademiciplzen",https://www.tiktok.com/@akademici_plzen/video/7615331568395062550?utm_campaign=tt4d_open_api&utm_source=7348986504397455361,,2454,110,,2
@univerzitnihokej,instagram,1e114592-3529-4cfe-9977-2598454053af,48f5fcf1-054c-484a-a513-119699ae1e3d,IG Story,IMAGE,17.4.2026 20:16:33,,https://www.instagram.com/stories/univerzitnihokej/3877524782114675731,,1269,,,
@univerzitnihokej,facebook,01b45180-0b14-4a14-96e8-d0a4bab1fb9f,dc3cf947-e852-4a7c-96b9-ea5a2d3436df,FB Video,VIDEO,5.3.2026 15:49:32,NEUVĚŘITELNÝ ZÁVĚR ZÁPASU 🫨 @akademiciplzen zvládli vstřelit rovnou dvě branky během jednoho prodloužení 👀,https://www.facebook.com/reel/2513070415806056/,96943,56735,471,,
@riderspardubice,instagram,4d6a67ab-9313-4f77-a82e-abb18adbca5d,ba0b5211-6254-4387-9b25-5b5711bd557f,IG Story,VIDEO,12.4.2026 11:17:44,NÁŠ KOTLÍK NEZKLAMAL!,https://www.instagram.com/stories/riderspardubice/3873630573558559377,,1485,,,3
@riderspardubice,facebook,f99ed6c3-17cc-46f4-a32e-d9b0576ce2df,f96e04de-2bef-467c-86b0-d00411e14408,FB Post,IMAGE,16.4.2026 8:20:06,"GAMEDAY 😎

🏒 SEMIFINÁLE
🆚 @ukkingsprague
📍 Zimní stadion Eden, Praha
🕓 16. dubna | 16:30

🎟️ Vstupenky koupíš přes odkaz v BIU!",https://www.facebook.com/1592662819534019/posts/1606075618192739,191,,2,,
@united_hk,tiktok,7e062517-b9da-416d-b73d-a2c5899a2be6,1f488c03-b6c6-4a83-bffc-04c3194e7d5f,TT Video,VIDEO,8.3.2026 18:19:24,"🏒 BAUER Gear Up Challenge Ještě jeden návrat k momentům z Východočeského derby univerzit. Během přestávky jsme dali fanouškům výzvu – BAUER Gear Up Challenge. Úkol byl jasný: 45 vteřin. A obléknout si co nejvíc hokejové výstroje. Helma, chrániče, rukavice… Kdo to zvládl nejrychleji? Podívej se ve videu. Díky partnerovi BAUER za skvělý moment derby. 🖤🧡❤️ #unitedhk #unihokej #hokej",https://www.tiktok.com/@united_hk/video/7614951072406261014?utm_campaign=tt4d_open_api&utm_source=7348986504397455361,,1057,27,,
vsefalcons,instagram,709fceba-e311-48e7-9057-f54a587abf4a,62097748-4eaa-4027-bef1-735912804a5d,IG Story,VIDEO,8.1.2026 14:42:04,AŽ SI BUDETE CHTÍT DÁT PAUZU OD UČENÍ 🇨🇦 🤓,https://www.instagram.com/stories/vsefalcons/3805603621618889402,,1171,,,1
vsefalcons,instagram,709fceba-e311-48e7-9057-f54a587abf4a,bda34bda-aa4a-4da5-a9a7-11c3ec440b7c,IG Story,VIDEO,19.4.2026 11:43:47,,https://www.instagram.com/stories/vsefalcons/3878715953844356822,873,1079,,1,1
@akademiciplzen,instagram,65494228-95bf-4f7b-8e68-d47d7262db66,c3ae8362-c678-4f1a-bd53-59b4e3c0df7f,IG Reel,VIDEO,9.3.2026 18:17:25,"Generální manažer a trenér @beerik09 v rozhovoru pro @sport_ct o tom, jak se @univerzitnihokej za poslední roky posunul. 🚀🚀🚀

#akademiciplzen",https://www.instagram.com/reel/DVrGA-iDKUl/,,12752,308,5,8
@bitvaoprahu,instagram,d7c8aa06-74fb-4c6c-a7d2-c2fe1bf6d59c,e9b5d670-bebb-4e7c-a2c7-fa0e1177ba06,IG Reel,REEL,25.3.2026 18:41:08,"Hokejem u nás večer nikdy nekončí 🙂‍↔️ jestli máš vzpomínky v mlze, je čas si tuhle party připomenout 🪩",https://www.instagram.com/reel/DWUUI3Rjpy4/,,11987,341,1,99
vsefalcons,instagram,709fceba-e311-48e7-9057-f54a587abf4a,42bf80a0-a5db-4598-86c3-f65fa38c9b66,IG Story,VIDEO,16.4.2026 17:43:17,KDO VYSTŘÍDÁ DNES ALENA V BRÁNĚ? 🤔,https://www.instagram.com/stories/vsefalcons/3876722685761833775,1030,904,,,1
@univerzitnihokej,instagram,1e114592-3529-4cfe-9977-2598454053af,6b7a04f9-dde0-4168-93ed-2ecc61eb5430,IG Post,IMAGE,5.4.2026 12:46:23,"UNIted tento týden uzavřeli svou sezónu v semifinále play-in, když jejich cestu do Final Four ukončilo prodloužení proti Falcons.

Respekt za tuhle jízdu a za všechno, co jste letos nechali na ledě 🧡",https://www.instagram.com/p/DWwCABEiFNw/,,12656,357,1,10
@akademiciplzen,instagram,65494228-95bf-4f7b-8e68-d47d7262db66,a54a6a2d-7720-41de-98b7-8c44a9e5d2ed,IG Story,VIDEO,1.4.2026 12:44:24,,https://www.instagram.com/stories/akademiciplzen/3865700782058524323,,1650,,,2
@cvutengineers,instagram,11963a07-7f0f-48e6-9d81-aa63a7ff4a04,f190d27b-a3be-4eef-96ce-845454656e1b,IG Reel,VIDEO,8.4.2026 21:54:35,My právě teď: 🥳🤩😭🥹😍😮‍💨🦁💙,https://www.instagram.com/reel/DW4u-t9DIHJ/,,12767,302,1,16
@cvutengineers,instagram,11963a07-7f0f-48e6-9d81-aa63a7ff4a04,41821131-cd65-4748-bbc4-2eb3e855608d,IG Story,VIDEO,17.4.2026 19:19:22,,https://www.instagram.com/stories/cvutengineers/3877495867259535049,,1477,,,1
vsefalcons,instagram,709fceba-e311-48e7-9057-f54a587abf4a,ca1dc892-6231-4d60-bb73-248cd678e8b2,IG Story,VIDEO,26.1.2026 16:04:41,TA PLESKLA 💥 @michal.danniel,https://www.instagram.com/stories/vsefalcons/3818691170113446960,,1037,,,1
vsefalcons,instagram,709fceba-e311-48e7-9057-f54a587abf4a,40ee2725-9c8a-42be-bbb2-5f07958327dc,IG Story,VIDEO,14.3.2026 13:51:25,MADE IT TO 👍🏼,https://www.instagram.com/stories/vsefalcons/3852688582540573035,932,1185,,,1
@hc_muni,instagram,43cd62c8-609d-4ea6-8ce9-cae5242ede0c,42afb632-decb-4a19-9c64-1b0c5e65a270,IG Post,PHOTO,25.3.2026 12:27:17,"🔥 GAME DAY IS HERE🔥
Poslední brněnské derby téhle sezóny je tady, tak si ho pojďme společně pořádně užít a udělat randál! 🐻🥁

Lístky koupíte v biu 🎟️
#hcmuni",https://www.instagram.com/p/DWTq96ECGJG/,,8053,112,,11
@united_hk,instagram,b18c071b-0570-48b2-b743-990c668c3c5b,6ec5f204-c8fb-4522-96d0-d0063a2a69eb,IG Post,IMAGE,16.4.2026 8:01:10,"Děkujeme společnosti Dahasl za podporu v sezoně 2025/26.

Dodavatel slaboproudých technologií a bezpečnostních systémů.

Díky, že stojíte za UNIted HK. 🖤🧡

#unitedhk #unihokej #hokej",https://www.instagram.com/p/DXL2CQhiG-C/,,2377,53,,1
@univerzitnihokej,facebook,01b45180-0b14-4a14-96e8-d0a4bab1fb9f,877170c6-6c8e-4fae-a7be-7f2db49de039,,IMAGE,16.4.2026 23:38:30,"První den Final Four? Ten stál za to! 😍 Připomeňte si, jak vypadaly semifinálové duely.",https://www.facebook.com/1275398168115026/posts/1287746510213525,835,,2,,
@cvutengineers,instagram,11963a07-7f0f-48e6-9d81-aa63a7ff4a04,e6d9e3bf-1a56-4ed2-82d5-b996ce3608a7,IG Story,VIDEO,8.4.2026 19:11:33,,https://www.instagram.com/stories/cvutengineers/3870969065766703907,,881,,,
vsefalcons,instagram,709fceba-e311-48e7-9057-f54a587abf4a,45a794a0-2daf-417d-8a4f-190eaa8e5455,IG Reel,REEL,14.3.2026 10:16:14,Třetí zápas v jednom týdnu a dnes se vyrazíme po D1 do Brna 👋🏻,https://www.instagram.com/reel/DV3HQ_JiClI/,,5279,147,,15
vsefalcons,instagram,709fceba-e311-48e7-9057-f54a587abf4a,5baa3878-45ce-4daa-a4de-4dd62ef9a081,IG Story,VIDEO,11.2.2026 20:44:00,ŽE PUB KVÍZ SE BLÍŽÍ A VOLNÁ MÍSTA UBÝVAJÍ 🫣,https://www.instagram.com/stories/vsefalcons/3830428163096754691,735,735,,,4
@VUTCavaliersBrno,facebook,3351b43e-4b71-442b-b2f1-920cd6e57ee5,8d98cbeb-b8eb-47e4-a19c-7b1a13fc4722,FB Video,VIDEO,25.3.2026 21:21:43,"Děkujeme za podporu v průběhu celé základní části❤️ Tím to ale nekončí, příští týden hrajeme první zápas play-in proti @blackdogsbudweis_vste 🏒",https://www.facebook.com/reel/934068499262505/,583,184,2,,
@riderspardubice,instagram,4d6a67ab-9313-4f77-a82e-abb18adbca5d,8e6dded5-6739-4932-9bf7-c1b9ddc1800d,IG Post,IMAGE,19.3.2026 8:45:07,"Je derby! 🔥

Přijď na poslední domácí zapas semestru opět zažít tradiční rivalitu mezi dvěma sousedícími městy - Pardubice a Hradec Králové! 

Vstupenky koupíš přes odkaz v BIU 👀",https://www.instagram.com/p/DWD0jV9jCEz/,,13943,110,,47
@univerzitnihokej,instagram,1e114592-3529-4cfe-9977-2598454053af,d3bd6cf5-1b86-466e-ac75-97763acf1378,IG Post,IMAGE,2.3.2026 9:30:34,"@ukkingsprague mají ve vedoucí pozici výrazný bodový náskok, ale hned za nimi to vypadá ještě na pořádný boj o umístění 🔥 máme se na co těšit! 🙂‍↕️",https://www.instagram.com/p/DVYIj-IiGKZ/,,13906,266,,30
vsefalcons,instagram,709fceba-e311-48e7-9057-f54a587abf4a,008f6f53-a7e6-4eeb-93fc-b56eb01414a0,IG Story,VIDEO,9.2.2026 14:30:53,,https://www.instagram.com/stories/vsefalcons/3828791002656186366,,928,,,1
@hc_muni,instagram,43cd62c8-609d-4ea6-8ce9-cae5242ede0c,04d64fc3-ff2f-47b9-9b89-eadc32c80afd,IG Reel,VIDEO,16.3.2026 11:52:57,"KDYŽ TO VEZMEŠ DO VLASTNÍCH RUKOU! 🤯🔥
@_novas_44_ v sobotním zápase naprosto ovládl led a vstřelil HATTRICK🚨🚨🚨

#hcmuni",https://www.instagram.com/reel/DV8b8DcjOF7/,,8910,254,4,13
vsefalcons,instagram,709fceba-e311-48e7-9057-f54a587abf4a,0bd43fa5-d10b-4839-b6ae-bb32cdbe226b,IG Story,VIDEO,17.4.2026 15:08:39,,https://www.instagram.com/stories/vsefalcons/3877369273845066532,1288,1281,,,2
@riderspardubice,instagram,4d6a67ab-9313-4f77-a82e-abb18adbca5d,673254a8-e974-4590-8384-db09f30b9999,IG Story,VIDEO,12.4.2026 10:49:01,LUCKY LOSER  ROZBRUSLENÍ 🍀 👎🏼,https://www.instagram.com/stories/riderspardubice/3873615270590047185,,2678,,,1
vsefalcons,instagram,709fceba-e311-48e7-9057-f54a587abf4a,efd59f98-e1e0-45c1-a4c8-c8efad485874,IG Story,VIDEO,16.4.2026 20:10:38,TEĎ POTŘEBUJEME VEŠKEROU VAŠI PODPORU,https://www.instagram.com/stories/vsefalcons/3876796864452410757,1080,661,,,
vsefalcons,instagram,709fceba-e311-48e7-9057-f54a587abf4a,f90b55df-2ced-4341-b857-d56fa067c953,IG Story,VIDEO,3.2.2026 20:11:49,😮‍💨 OTO DNES HATTRICK?,https://www.instagram.com/stories/vsefalcons/3824613791904620811,,1122,,,2
@riderspardubice,instagram,4d6a67ab-9313-4f77-a82e-abb18adbca5d,1e061cb7-13a3-4702-8150-08257d10e7dd,IG Post,IMAGE,16.4.2026 16:42:07,Co nesmí chybět v pardubickém kotli? 🎷,https://www.instagram.com/p/DXMxuM3jCZJ/,,4886,117,,2
@riderspardubice,instagram,4d6a67ab-9313-4f77-a82e-abb18adbca5d,28770c0c-9d11-4900-bd7f-2731ae7f0b03,IG Story,VIDEO,2.4.2026 12:30:00,,https://www.instagram.com/stories/riderspardubice/3866418305267727795,,538,,,
vsefalcons,instagram,709fceba-e311-48e7-9057-f54a587abf4a,6067ab7a-5ae0-465b-9ce3-de0719f2c97e,IG Post,IMAGE,1.1.2026 10:08:45,Díky že jste s námi byli v uplynulém roce a přejeme krásný vstup do toho nového ✨ vidíme se brzy!,https://www.instagram.com/p/DS9tPJQCI-o/,,2880,84,,
@riderspardubice,facebook,f99ed6c3-17cc-46f4-a32e-d9b0576ce2df,8f06c526-25f3-4a57-9f03-977df73ce6a5,FB Video,VIDEO,17.4.2026 14:35:27,Začíná tu být horko 😮‍💨🔥,https://www.facebook.com/reel/876442445408828/,504,155,1,,
@bitvaoprahu,facebook,75e0f41f-82be-4f82-a77b-82ac11135ed2,e759b5c6-2cb0-4402-979d-af3ef6e22ca0,FB Video,VIDEO,12.3.2026 21:52:53,"URAGÁN JMÉNEM UK! 🤯🔥

Poslední dějství finálové bitvy živě na @sport_ct ➕.

@ukkingsprague ⚔️ @cvutengineers o 🥇! #bitvaoprahu",https://www.facebook.com/reel/969725712373468/,130,28,,,
@AkademiciPlzen,facebook,d87b94e3-03e8-45d0-b92e-75e9b819545c,e6f569e5-71d7-495c-ba83-5d4f843458dd,FB Post,IMAGE,27.3.2026 14:57:34,"BOJ O VŠECHNO.
Semifinále, ve kterém každá chyba rozhodne o postupu. Budeme to my, nebo @czufarmers ?

Buď u toho. Tohle bude drama. 🫵🏻
🗓️ 1. 4. | 19:00
📍 LOGSPEED CZ Aréna, Plzeň

#akademiciplzen",https://www.facebook.com/1357105236437494/posts/1353386986809319,656,,5,,
vsefalcons,instagram,709fceba-e311-48e7-9057-f54a587abf4a,89ddf88b-7eb0-469b-90cb-ab8679d1a80b,IG Story,VIDEO,24.2.2026 18:37:09,Kočka  a myš 😼,https://www.instagram.com/stories/vsefalcons/3839787335131128962,730,875,,,
@univerzitnihokej,facebook,01b45180-0b14-4a14-96e8-d0a4bab1fb9f,89e86f2d-d545-477b-9c31-afb84fb0b8f2,FB Post,IMAGE,9.3.2026 15:40:07,"Minulou sezonu si výherkyně odnesla šek na čtvrt milionu od ČSOB 💙 Letos hrajeme o 1️⃣0️⃣0️⃣ 0️⃣0️⃣0️⃣ Kč. Kdo je získá tentokrát? 👀

🔗 Založ si účet u ČSOB přes odkaz v našem biu a možná to budeš právě ty. 🫵🏻",https://www.facebook.com/1275398168115026/posts/1257384276583082,667,,,,
univerzitnihokej,tiktok,01c88cf9-594f-408e-a45a-95114221acae,926e49b5-2a8f-42de-81be-b5104625f9f2,TT Video,VIDEO,16.4.2026 15:58:54,"GÓL, který přepsal dějiny! ✍️ Sleduj první trefu @UK KINGS PRAGUE FINAL4 ULLH 👀",https://www.tiktok.com/@univerzitnihokej/video/7629387186881711382?utm_campaign=tt4d_open_api&utm_source=7348986504397455361,,2380,93,1,7
@boostrava,instagram,1176ddaf-d366-48a2-9639-3c6694c72c85,a0ea7962-de0d-4053-8c7e-b0a560595a4e,IG Story,VIDEO,31.3.2026 18:28:20,,https://www.instagram.com/stories/boostrava/3865149113742679427,,639,,,
vsefalcons,instagram,709fceba-e311-48e7-9057-f54a587abf4a,ff915d63-1ff6-4a39-ba5d-cf9e82ef5f01,IG Reel,VIDEO,11.4.2026 14:42:25,"Kluci už se fešákujou, aby jim to ve čtvrtek na @unihokejfinalfour slušelo 😮‍💨 a kdo jinej by jim v tom měl pomoci než @garnier_czsk 💅💚

Vstupenky koupíš na finalfour.cz",https://www.instagram.com/reel/DW_rXReiCDZ/,,9619,289,3,80
@218107044725785,facebook,7a942e3e-6c47-4794-9ba7-bbc7b6d40cb3,356eecc1-1883-4d1b-9262-f8a8b76ea108,FB Video,VIDEO,10.3.2026 6:53:53,Dneska bude na Kateřinkách horko! 🤭,https://www.facebook.com/reel/1654373585581509/,185,63,5,,
@hc_muni,instagram,43cd62c8-609d-4ea6-8ce9-cae5242ede0c,eec6d92b-403b-42c0-84a6-5e635a278e6f,IG Reel,VIDEO,13.4.2026 14:22:42,"Sezóna 2025/26 už je sice pryč🏒 tyhle momenty si ale budeme všichni pamatovat ještě hodně dlouho 🐻💙

#hcmuni",https://www.instagram.com/reel/DXEzTz6jM7q/,,3234,88,,13
vsefalcons,instagram,709fceba-e311-48e7-9057-f54a587abf4a,f55d4281-9bfa-4d9c-bbe7-a4295a33089b,IG Post,ALBUM,11.3.2026 18:43:30,"HOT NEWS 🔥

Už bylo trochu na čase obměnit naši Falcons collection, so here we go 🙂‍↕️

🌸 Holčičí crewneck s nápisem, se kterým souzní snad každá slečna 
🤘🏼Unisex crewneck, kterej bude slušet úplně všem 
🧢 Kšiltovka, která outfit posune ještě o level vejš 

Tohle všechno bude k dostání už zítra na bitvě v naší fanzóně a už brzy i na našem e-shopu 🛍️

Co na merch říkáte? 🤩",https://www.instagram.com/p/DVwS_vLCDNH/,,23705,350,11,215
vsefalcons,instagram,709fceba-e311-48e7-9057-f54a587abf4a,156a77da-2958-4abf-8b52-d80b9e93b675,IG Story,IMAGE,14.3.2026 17:25:04,2 3 Jobánek,https://www.instagram.com/stories/vsefalcons/3852796084313698624,751,677,,,
@cvutengineers,instagram,11963a07-7f0f-48e6-9d81-aa63a7ff4a04,5455f048-bbd5-460a-9a28-59e8e3aa854f,IG Post,IMAGE,1.4.2026 10:20:35,"Pojďme si shrnout, jak jsme na tom byli v základní části ⬆️.

Kdo bude náš soupeř pro play-in? To zjistíme už dnes večer! 🔍 Napiš nám do komentářů, koho tipuješ, a vletíme na to společně už 8. 4.! 🦁🔥

#engprg",https://www.instagram.com/p/DWleIjejEc5/,,4838,176,2,18
vsefalcons,instagram,709fceba-e311-48e7-9057-f54a587abf4a,5b1c2184-c306-4ff5-b517-d3d3923a0332,IG Story,VIDEO,8.2.2026 17:44:36,jdeme do vedení,https://www.instagram.com/stories/vsefalcons/3828163575152152944,,965,,,1
@riderspardubice,instagram,4d6a67ab-9313-4f77-a82e-abb18adbca5d,e1215bbf-2633-43eb-8bf1-d56629cc915a,IG Story,IMAGE,8.4.2026 17:04:32,,https://www.instagram.com/stories/riderspardubice/3870905139859302046,,792,,,2
vsefalcons,instagram,709fceba-e311-48e7-9057-f54a587abf4a,1498919b-eb6b-494c-a49b-b8c4988ddd8b,IG Story,IMAGE,16.4.2026 20:51:40,,https://www.instagram.com/stories/vsefalcons/3876817690128059871,1135,540,,,2
vsefalcons,instagram,709fceba-e311-48e7-9057-f54a587abf4a,9b78a8b0-a09f-402f-8f4b-e599b05ed39c,IG Story,VIDEO,26.2.2026 18:25:56,#FalconsFamily ❤️‍🔥 jedna velká,https://www.instagram.com/stories/vsefalcons/3841230329654824723,1064,1707,,,8
univerzitnihokej,tiktok,01c88cf9-594f-408e-a45a-95114221acae,b139efb4-ee35-4724-8ec8-f4b49c15604d,TT Video,VIDEO,17.4.2026 14:57:14,Tenhle nástup do zápasu se úplně nepovedl. 😅🕺,https://www.tiktok.com/@univerzitnihokej/video/7629742375371296022?utm_campaign=tt4d_open_api&utm_source=7348986504397455361,,23727,1158,3,174
@vutcavaliersbrno,instagram,b384bebf-72f3-4f9d-8b2d-3677709f6966,078497aa-7057-4c3e-acca-b7f619e4aba6,IG Reel,REEL,27.3.2026 11:54:57,"Kudrnaté vlasy potřebují víc než jen vodu💧

S novým Flexi Hold Gelem od @garnier_czsk máš definici a hydrataci vyřešenou během vteřiny. Pevná fixace, co drží, ať se na ledě děje cokoliv.

Čistá hlava, čistá hra✌️",https://www.instagram.com/reel/DWYw3IQCN6v/,,3014,83,3,31
@engineersprague,facebook,afd06d1d-7b1c-4f66-8d93-ce4255ab773c,8e7e3f11-e407-4bc1-938d-2cb749126e01,FB Post,PHOTO,12.3.2026 23:17:46,Dali jsme do toho všechno a teď koukáme dopředu! 🫡,https://www.facebook.com/1560924572517692/posts/1543726257570857,322,,3,,
@unitedhk,facebook,bfe6cc29-a387-41b9-9bca-b077722556af,bce2ad27-072e-4f64-89c5-c49224f292d0,FB Post,PHOTO,24.3.2026 13:21:39,"💥Za týden jdeme do PLAY-IN.
31.3. Zápas o VŠE s VŠE Falcons v Praze!

1 zápas. Žádná druhá šance.

👉 Jak to funguje?
Vyhraješ = zůstáváš ve hře o Final Four.
Prohraješ = konec sezóny.

ALL IN

#unitedhk #unihokej #hokej",https://www.facebook.com/122180651084388974/posts/122179563188388974,325,,2,,
@218107044725785,facebook,7a942e3e-6c47-4794-9ba7-bbc7b6d40cb3,f618593c-a6fa-4804-9f4b-a7dc91a257b9,FB Video,VIDEO,24.4.2026 10:00:48,"WINGS FOR LIFE je už za rohem! 🏃🏽

Kdo neví o co jde, tak je to běh, kde vás “honí” auto a vy musíte uběhnout co nejvíc kilometrů než vás dožene 🥵 A to hlavní! Veškerý výtěžek jde na podporu poranění míchy 🙌🏼 Takže během podpoříte dobrou věc 💙

Tak nenechte Strnyho vysedět důlek, zaregistrujte se, připojte se do našeho týmu “VŠE Falcons Prague” a vidíme se 10.5. ve Stromovce 👋🏼

#vsefalcons #wingsforlife",https://www.facebook.com/reel/2038881760319252/,482,192,4,,
vsefalcons,instagram,709fceba-e311-48e7-9057-f54a587abf4a,4ee6a605-d928-4696-b920-0be9b4d518d3,IG Story,VIDEO,2.1.2026 21:30:51,@mcpraha3 🤝🏼 @vsefalcons,https://www.instagram.com/stories/vsefalcons/3801460708018268615,,967,,,
@hc_muni,instagram,43cd62c8-609d-4ea6-8ce9-cae5242ede0c,e7070c4b-3168-49b1-81f8-237d483a99a1,IG Story,VIDEO,3.4.2026 16:44:36,,https://www.instagram.com/stories/hc_muni/3867271300645655733,,614,,,1
@riderspardubice,instagram,4d6a67ab-9313-4f77-a82e-abb18adbca5d,fd39cd24-ca7c-4ca4-9680-c5251dd38bad,IG Reel,VIDEO,27.4.2026 10:50:27,"Tahle jízda je u konce! Děkujeme všem za neskutečnou podporu. 🐎 Tato sezóna byla naprosto unikátní – zažili jsme historicky první Final Four a Riders u toho nesměli chybět!

P.S.: Jak teď máme bez těch hezkých hokejistů jako žít? Ptám se pro kamarádku... 🙋‍♀️",https://www.instagram.com/reel/DXoeIlfDJm8/,,9269,445,1,306
vsefalcons,instagram,709fceba-e311-48e7-9057-f54a587abf4a,4344f4fe-4ee4-4efc-8f2a-5637e90f5e8c,IG Reel,REEL,16.3.2026 18:18:36,"Tipovačka s Tipsportem 🔥

Jakého favorita v Extralize máš ty? ✒️⤵️",https://www.instagram.com/reel/DV9HwUSCFmk/,,13908,283,12,38
@univerzitnihokej,facebook,01b45180-0b14-4a14-96e8-d0a4bab1fb9f,d19593b3-8c95-4d8f-8ec7-df00e16d88fa,FB Post,IMAGE,22.3.2026 17:55:39,"V předposledním týdnu základní části překvapili Riders v Ostravě, BOčko naopak sebralo bod druhým Engineers po prodloužení. 🫨 UNIted, Black Dogs i Akademici přestříleli soupeře z nižších pozic a berou 3 body. 🙏🏼",https://www.facebook.com/1275398168115026/posts/1267724078882435,990,,,,
@riderspardubice,facebook,f99ed6c3-17cc-46f4-a32e-d9b0576ce2df,44aea99d-ebd3-4b69-be9b-d54582395054,FB Post,IMAGE,12.4.2026 13:55:35,Tohle je crazyyy! Všichni jdeme nabíhejme vyprodat vstupenky na @unihokejfinalfour! 🤯🤯,https://www.facebook.com/1592662819534019/posts/1602747611858873,3734,,54,,
@riderspardubice,instagram,4d6a67ab-9313-4f77-a82e-abb18adbca5d,bbbacb5d-b449-4238-8579-852aa49087b4,IG Story,VIDEO,12.4.2026 18:03:18,,https://www.instagram.com/stories/riderspardubice/3873833822349723957,,870,,,6
@univerzitnihokej,instagram,1e114592-3529-4cfe-9977-2598454053af,d68c5bf9-1d77-410a-b158-ae899ee31d7d,IG Story,VIDEO,12.4.2026 17:08:15,"To budeš zítra ty s ušetřenými kačkama, když koupíš lístky v první vlně 👀",https://www.instagram.com/stories/univerzitnihokej/3873806129054648180,,842,,,1
vsefalcons,instagram,709fceba-e311-48e7-9057-f54a587abf4a,728483d5-0ed8-41c1-8c53-6669bc9ef9e8,IG Story,VIDEO,8.4.2026 12:55:19,VZHŮRU DO ⚔️,https://www.instagram.com/stories/vsefalcons/3870779724205152987,1129,1420,,,12
@cvutengineers,instagram,11963a07-7f0f-48e6-9d81-aa63a7ff4a04,2a582ae6-58ca-437b-9a65-41eeded60c3e,IG Post,IMAGE,16.4.2026 18:14:50,LET’S GO ENGINEERS 🔥🍀,https://www.instagram.com/p/DXM8O-_jIqD/,,2089,67,,1
univerzitnihokej,tiktok,01c88cf9-594f-408e-a45a-95114221acae,72fd3d0c-0636-41b3-ab01-e55106431d2a,TT Video,VIDEO,13.4.2026 16:50:03,Fanoušci UK Final Four volá 📞 Máte už svůj lístek? 🎟️ 🗓️ 16.-17.4. | 🏟️ Zimní stadion Eden,https://www.tiktok.com/@univerzitnihokej/video/7628287106791574806?utm_campaign=tt4d_open_api&utm_source=7348986504397455361,,530,22,,
@riderspardubice,instagram,4d6a67ab-9313-4f77-a82e-abb18adbca5d,a9f74985-18ab-450e-bfdb-546da035f9b0,IG Post,IMAGE,12.4.2026 15:49:09,JSME VE @unihokejfinalfour !!!!!,https://www.instagram.com/p/DXCYbnXjLGf/,,3226,112,,11
vsefalcons,instagram,709fceba-e311-48e7-9057-f54a587abf4a,0a0056b1-7204-4088-b1fc-5f763c8b451f,IG Story,VIDEO,13.5.2026 7:14:11,JE TU NOVÝ VŠEBOREC!!! PRO VŠECHNY STUDENTY VŠE JE DNES NEJLEPŠÍ DEN SEMESTRU 📚 🤓,https://www.instagram.com/stories/vsefalcons/3895975013341745091,898,301,,1,
@cvutengineers,instagram,11963a07-7f0f-48e6-9d81-aa63a7ff4a04,61c05623-bb7e-49ef-854e-66281a569aaa,IG Story,VIDEO,8.4.2026 18:07:28,STŘÍPKY 1. TŘETINY,https://www.instagram.com/stories/cvutengineers/3870936819269651447,,911,,,
@univerzitnihokej,facebook,01b45180-0b14-4a14-96e8-d0a4bab1fb9f,b9d42f2b-5b78-4c68-8109-c8c9d1c0307a,FB Post,IMAGE,4.3.2026 21:31:56,"Největší hlad na ledě dnes měl @_rihastepan_ 👀🔥

Odměna za výkon?
ZOTT HUNGRY pro dnešního nejhladovějšího hráče. 🥛 #zott #zotthungry #zotthungrydrinkthis",https://www.facebook.com/1275398168115026/posts/1253922393595937,507,,2,,
vsefalcons,instagram,709fceba-e311-48e7-9057-f54a587abf4a,e1be1b8a-8911-4573-bd18-66efc52070f2,IG Post,IMAGE,31.12.2025 10:30:56,"Za každým zápasem, každou akcí a každým naším krokem stojí lidé a značky, kteří v nás věří.

Děkujeme všem partnerům, že jsou s námi na stejné cestě a pomáhají nám posouvat projekt dál, nejen v roce 2025.
Bez vás by to nešlo. Opravdu. 🦅

#jsmevtomspolu",https://www.instagram.com/p/DS7K-yfiBAs/,,6706,59,,5
vsefalcons,instagram,709fceba-e311-48e7-9057-f54a587abf4a,734806f1-cd0a-488f-b2c5-704c376416f0,IG Story,VIDEO,26.1.2026 16:44:35,POŠLETE KLUKŮM ŠTĚSTÍ DO PRVNÍHO LETOŠNÍHO ZÁPASU 💙 💙,https://www.instagram.com/stories/vsefalcons/3818711276851862756,,891,,,1
@united_hk,instagram,b18c071b-0570-48b2-b743-990c668c3c5b,9ffee0a2-745a-4df8-9259-b8ce35459a81,IG Reel,REEL,29.3.2026 15:56:27,"Koupíš Garnier…
a zapomeneš, že první krok = mít vlasy. 😭🏒

#unitedhk #unihokej #uhk #hradeckralove",https://www.instagram.com/reel/DWeV9poiLDE/,,4928,94,,66
@218107044725785,facebook,7a942e3e-6c47-4794-9ba7-bbc7b6d40cb3,bd249c7a-d9ad-4cee-9620-e883572eccfb,FB Video,VIDEO,23.6.2026 8:00:23,"Taky vám už chybí hokej a naši kluci? 🥹🔥

#vsefalcons #icehockey #hockeyboys",https://www.facebook.com/reel/1373545411498259/,403,89,3,,
@riderspardubice,instagram,4d6a67ab-9313-4f77-a82e-abb18adbca5d,1dd024ec-d9fe-437f-be4e-49ba74a75c0e,IG Post,IMAGE,18.3.2026 13:00:00,"A slevička by nebyla? 👀

Odkaz na vstupenky v BIU! 🎟️",https://www.instagram.com/p/DWBtT5PjM4F/,,5213,33,1,16
vsefalcons,instagram,709fceba-e311-48e7-9057-f54a587abf4a,411b8110-0834-4210-8d8e-a38edbfb5fa4,IG Story,VIDEO,8.4.2026 15:16:00,📍 ☀️ JSME NA MÍSTĚ,https://www.instagram.com/stories/vsefalcons/3870850537100996688,1043,1123,,,4
@boostrava,instagram,1176ddaf-d366-48a2-9639-3c6694c72c85,4c2d55cc-d6a6-412c-b853-cbb59520295d,IG Story,VIDEO,1.4.2026 18:47:22,DĚKUJEME,https://www.instagram.com/stories/boostrava/3865883502936107672,,436,,,
@unitedhk,facebook,bfe6cc29-a387-41b9-9bca-b077722556af,82a04f3b-94cd-4d3f-8f7d-6bfb99a55127,FB Post,IMAGE,19.4.2026 11:15:43,"Děkujeme společnosti Ventio za podporu v sezoně 2025/26.

Spojení tradice a inovací v oblastech projektování, ekologie, recyklace a developmentu.

Díky, že stojíte za UNIted HK. 🖤🧡",https://www.facebook.com/122180651084388974/posts/122181801038388974,237,,3,,
vsefalcons,instagram,709fceba-e311-48e7-9057-f54a587abf4a,bfb49c44-6a7a-47b0-bf4a-113c8039beca,IG Story,VIDEO,17.2.2026 19:07:05,POŠLETE KLUKŮM,https://www.instagram.com/stories/vsefalcons/3834728140807626678,632,799,,,
vsefalcons,instagram,709fceba-e311-48e7-9057-f54a587abf4a,ca1fa57e-d609-45e7-8a10-7e452d3ec673,IG Story,VIDEO,26.1.2026 18:44:06,@bulvafilip  MAJITEL KASY 🥅,https://www.instagram.com/stories/vsefalcons/3818771450308358914,,1099,,,1
vsefalcons,instagram,709fceba-e311-48e7-9057-f54a587abf4a,5b3f2163-30c6-4f01-983d-c001787e6b7d,IG Story,VIDEO,17.2.2026 17:10:54,"OKOUKNOUT TAKTIKU
PŘED ZÁPASEM @ceskyhokej 👀",https://www.instagram.com/stories/vsefalcons/3834669598901803156,69143,75548,,,2
@univerzitnihokej,instagram,1e114592-3529-4cfe-9977-2598454053af,a077c161-e0d0-413d-8367-1d7298982044,IG Story,VIDEO,8.4.2026 17:06:21,,https://www.instagram.com/stories/univerzitnihokej/3870906059393076355,,957,,,
@engineersprague,facebook,afd06d1d-7b1c-4f66-8d93-ce4255ab773c,9694e5d4-de95-401e-8c1f-23c0c25ed8b5,FB Story,VIDEO,2.3.2026 20:12:53,,,,,,,
@hcnorthwings,facebook,2b08a479-603b-46e4-8a48-2bc0435ccd53,97fc230b-9529-4676-946a-7d4ff3408b87,FB Story,VIDEO,18.3.2026 16:34:14,,,,,,,
@riderspardubice,facebook,f99ed6c3-17cc-46f4-a32e-d9b0576ce2df,45420f3f-80a3-42bc-a9d4-0f06734f1559,FB Video,VIDEO,12.4.2026 15:05:35,@unihokejfinalfour těšíme se😎,https://www.facebook.com/reel/2086877262171188/,323,118,2,,
@cvutengineers,instagram,11963a07-7f0f-48e6-9d81-aa63a7ff4a04,7f01104a-bf81-4592-9dcb-2622ab45c735,IG Story,IMAGE,17.4.2026 21:56:49,1 4,https://www.instagram.com/stories/cvutengineers/3877575232492187430,,964,,,2
@cvutengineers,instagram,11963a07-7f0f-48e6-9d81-aa63a7ff4a04,7f5a90ad-6dd4-4f9c-b22a-f42457971c4c,IG Post,IMAGE,13.3.2026 13:42:49,"Bitvu jsme prohráli, ale válka je ještě před náma 🫡

Sezona se blíží do finále a my jdeme dokončit co jsme začali! 

#engprg #srdcelva

📸: @ondra_mann",https://www.instagram.com/p/DV06LI9DB9p/,,12842,502,,25
@cvutengineers,instagram,11963a07-7f0f-48e6-9d81-aa63a7ff4a04,8aad5eab-3920-4048-b88e-2121353cf82c,IG Story,VIDEO,17.4.2026 18:01:37,ZLOMENÁÁÁÁ 🏒 🥲,https://www.instagram.com/stories/cvutengineers/3877456601670270669,,1406,,,2
@akademiciplzen,instagram,65494228-95bf-4f7b-8e68-d47d7262db66,dd031fde-e994-4ea6-b29d-6ca7f701d1e4,IG Story,VIDEO,10.4.2026 12:56:32,@_adamsobotka,https://www.instagram.com/stories/akademiciplzen/3872229862568363046,,1025,,,2
@riderspardubice,instagram,4d6a67ab-9313-4f77-a82e-abb18adbca5d,4312d69c-89d0-4830-be8d-1a62a3070e3b,IG Story,VIDEO,1.4.2026 13:31:09,Děkujeme za podporu!,https://www.instagram.com/stories/riderspardubice/3865724309562220349,,640,,,
@akademiciplzen,instagram,65494228-95bf-4f7b-8e68-d47d7262db66,78a10236-addb-4edb-b1a0-79d3f3b00354,IG Post,IMAGE,6.3.2026 19:48:07,"Jarní bitva už je minulostí! 💥 

Slavnostní buly nám vhodil maskot Olympiády dětí a mládeže, která se uskuteční 24.-28. 1. 2027 u nás v Plzeňském kraji! 🏆

#akademiciplzen 💙 | 📸 @vpotocesevodatoci @novotny_studio.cz",https://www.instagram.com/p/DVjiamNjNgW/,,9154,184,,4
vsefalcons,instagram,709fceba-e311-48e7-9057-f54a587abf4a,783800be-6581-4b42-9901-e2c2311b1284,IG Reel,VIDEO,19.2.2026 18:11:05,"Kdo by podle vás vypadl jako první nebo naopak vyhrál? 🤔
Survivor themed zápas už v úterý, tak přijďte fandit! 🫨 Vstupenky sežene na profilu! 🎟️",https://www.instagram.com/reel/DU8vIAbCJs5/,,8011,114,2,36
@united_hk,instagram,b18c071b-0570-48b2-b743-990c668c3c5b,a22e2681-ce3c-42fd-871d-482f3027b5f8,IG Reel,VIDEO,8.3.2026 18:15:08,"🏒 BAUER Gear Up Challenge
Ještě jeden návrat k momentům z Východočeského derby univerzit.

Během přestávky jsme dali fanouškům výzvu – BAUER Gear Up Challenge.

Úkol byl jasný: 45 vteřin. A obléknout si co nejvíc hokejové výstroje. Helma, chrániče, rukavice…

Kdo to zvládl nejrychleji? Podívej se ve videu.

Díky partnerovi BAUER za skvělý moment derby.

🖤🧡❤️

#unitedhk #unihokej #hokej",https://www.instagram.com/reel/DVohP-1CKBZ/,,3047,43,,
@united_hk,instagram,b18c071b-0570-48b2-b743-990c668c3c5b,85d95b77-eac7-445c-856a-de6312f3d6c1,IG Story,IMAGE,29.4.2026 19:00:43,,https://www.instagram.com/stories/united_hk/3886183914901350760,,414,,,
vsefalcons,instagram,709fceba-e311-48e7-9057-f54a587abf4a,c455330e-4777-4c41-833b-149b00b1d3f5,IG Story,VIDEO,12.3.2026 16:36:42,SROVNÁVÁ 3:3,https://www.instagram.com/stories/vsefalcons/3851322215308504364,1414,1279,,,
vsefalcons,instagram,709fceba-e311-48e7-9057-f54a587abf4a,1d5ae1f6-8b48-4742-aba5-31c79da04390,IG Story,VIDEO,12.3.2026 15:21:03,MERCH? MÁME! k dostání ve fanzóně 👕 🧢,https://www.instagram.com/stories/vsefalcons/3851284630049701070,1516,1355,,,1
@bitvaoprahu,facebook,75e0f41f-82be-4f82-a77b-82ac11135ed2,b354d0f5-0883-4dfe-8ab8-3ead6d7483af,FB Post,IMAGE,10.3.2026 13:57:54,"Kdo už se taky nemůže dočkat, ruku do komentářů! 🖐🏼
Nenech si to ujít ❤️ lístky na bitvaoprahu.cz",https://www.facebook.com/1441262177797849/posts/1418640410060026,213,,,,
vsefalcons,instagram,709fceba-e311-48e7-9057-f54a587abf4a,d26853ed-8bd8-4232-974b-0ca436e7b228,IG Story,VIDEO,9.3.2026 17:45:42,"Bude to zítra 
HEATED nebo RIVALRY? 🤫",https://www.instagram.com/stories/vsefalcons/3849182632110247279,,690,,,13
@akademiciplzen,instagram,65494228-95bf-4f7b-8e68-d47d7262db66,e08b1de2-af95-488f-9d53-64deeecb0440,IG Story,VIDEO,2.4.2026 9:34:24,,https://www.instagram.com/stories/akademiciplzen/3866329927935360274,,1707,,,1
@univerzitnihokej,instagram,1e114592-3529-4cfe-9977-2598454053af,d1fb7151-0f90-4e6b-8b72-77a5bc670566,IG Story,VIDEO,9.4.2026 15:59:36,🎟️,https://www.instagram.com/stories/univerzitnihokej/3871597235460907124,,874,,,
@united_hk,tiktok,7e062517-b9da-416d-b73d-a2c5899a2be6,d52d238c-09ac-4a1a-a0b2-9c592746ff04,TT Video,VIDEO,8.3.2026 10:09:27,🧅 Kaufland Cutting Challenge Vracíme se ještě k momentům z Východočeského derby univerzit. Derby není jen o hokeji. Během přestávky jsme si dali rychlou výzvu – Kaufland Cutting Challenge. Úkol byl jednoduchý: 45 vteřin. Hokejové rukavice. A co nejvíc najemno nakrájet cibuli. Jak to dopadlo? Podívej se ve videu. Díky partnerovi Kaufland za další zábavný moment derby. 🖤🧡❤️ #unitedhk #unihokej #hokej,https://www.tiktok.com/@united_hk/video/7614824806646566166?utm_campaign=tt4d_open_api&utm_source=7348986504397455361,,1040,24,,
@cvutengineers,instagram,11963a07-7f0f-48e6-9d81-aa63a7ff4a04,41e591b1-c894-42c5-9bf8-07a6a3907f77,IG Post,IMAGE,4.3.2026 8:33:50,"🚨 GAMEDAY | Dnes hrajeme doma!
V tradičních 20:00 vyzvedneme na našem ledě @united_hk 🔥. Jak tento duel dopadne? Přijď se podívat na Hvězdu a pořádně nám zafandit! Těšíme se 👋🏻. 

#engprg",https://www.instagram.com/p/DVdLZ0MDEBd/,,4828,65,,10
@cvutengineers,instagram,11963a07-7f0f-48e6-9d81-aa63a7ff4a04,fc91c1e7-4439-4aa8-8aab-5ab40b561542,IG Story,VIDEO,4.4.2026 12:35:00,😜 😜,https://www.instagram.com/stories/cvutengineers/3867870418468400266,,1089,,,1
@riderspardubice,instagram,4d6a67ab-9313-4f77-a82e-abb18adbca5d,967d032a-2975-457f-8e8b-b90075c3d67e,IG Story,IMAGE,17.4.2026 13:31:33,,https://www.instagram.com/stories/riderspardubice/3877320926488692535,,1150,,,1
@riderspardubice,instagram,4d6a67ab-9313-4f77-a82e-abb18adbca5d,bcd641f6-2657-4e5d-b168-e173fb018a42,IG Post,PHOTO,31.3.2026 10:01:01,"Dnes důležitý zápas v Ostravě- PLAY-IN!👊🏻🔥

Play-in
🗓️ 31.3. v 19:30
📍 v RT Torax Arena 
⚔️ proti @boostrava 

#playin#riders",https://www.instagram.com/p/DWi25-ZDJ-Q/,,2969,40,,2
@bitvaoprahu,instagram,d7c8aa06-74fb-4c6c-a7d2-c2fe1bf6d59c,73437f3b-c293-42ab-a892-2a0e89128154,IG Post,IMAGE,12.3.2026 17:19:42,"Když ten hokej prostě baví. 🥹

@czufarmers ⚔️ @vsefalcons 3️⃣:3️⃣ | #bitvaoprahu",https://www.instagram.com/p/DVyuM3MDFMx/,,21752,506,,20
@univerzitnihokej,facebook,01b45180-0b14-4a14-96e8-d0a4bab1fb9f,0866581c-c448-4f59-bc0a-bd768a07331b,FB Post,IMAGE,9.3.2026 9:03:25,"Moravské derby, finále Bitvy o Prahu a mnoho dalšího! Na co se tento týden těšíte nejvíc? 🤓",https://www.facebook.com/1275398168115026/posts/1257172219937621,548,,1,,
@riderspardubice,instagram,4d6a67ab-9313-4f77-a82e-abb18adbca5d,e5c403f5-9a43-4f46-9817-dcf7eb42dd44,IG Story,VIDEO,31.3.2026 21:31:58,,https://www.instagram.com/stories/riderspardubice/3865241533553636732,,417,,,
@univerzitnihokej,facebook,01b45180-0b14-4a14-96e8-d0a4bab1fb9f,8c48cd32-157f-4248-b429-6af633359f10,FB Post,PHOTO,31.3.2026 11:11:26,Oficiálně vypínáme základní část a zapínáme PLAY-IN MODE 😤,https://www.facebook.com/1275398168115026/posts/1274788088176034,1320,,3,,
@engineersprague,facebook,afd06d1d-7b1c-4f66-8d93-ce4255ab773c,b4524416-4352-45cc-ac28-bb1da871fac9,FB Story,VIDEO,12.3.2026 18:47:29,,,,,,,
vsefalcons,instagram,709fceba-e311-48e7-9057-f54a587abf4a,bdbdef9b-691c-4ea7-8cd4-625723f2feff,IG Reel,VIDEO,18.1.2026 19:35:04,"Naše academic weapons se nám svěřili s jejich nejtěžší zkoušku semestru. 🤓 Kluci, budeme držet palce! ✊🏼",https://www.instagram.com/reel/DTqfibbCAeL/,,6247,130,,13
vsefalcons,instagram,709fceba-e311-48e7-9057-f54a587abf4a,485765b4-331e-40a8-9146-98e12b05140a,IG Reel,REEL,12.3.2026 17:23:24,KSN 🤩,https://www.instagram.com/reel/DVytejBCPnk/,,6472,233,3,12
@akademiciplzen,instagram,65494228-95bf-4f7b-8e68-d47d7262db66,8c87af2f-1547-480e-9d44-1e5302c4a405,IG Story,VIDEO,1.4.2026 18:47:54,,https://www.instagram.com/stories/akademiciplzen/3865883744142138345,,1123,,,12
vsefalcons,instagram,709fceba-e311-48e7-9057-f54a587abf4a,cb93c3d7-97b2-448c-bb00-502c9811b22a,IG Story,VIDEO,14.3.2026 17:05:55,@patrik_nabelek  sebral spotlight @mila_prehled_22 🧑‍🧒‍🧒,https://www.instagram.com/stories/vsefalcons/3852786479240102978,1045,1060,,,2
@riderspardubice,instagram,4d6a67ab-9313-4f77-a82e-abb18adbca5d,aca35efc-3d29-4237-bdba-6357145b9e51,IG Story,VIDEO,17.4.2026 14:36:17,1. TŘETINA ZAPOČATA 👊🏻 0:0,https://www.instagram.com/stories/riderspardubice/3877353322017726622,,965,,,
@univerzitnihokej,instagram,1e114592-3529-4cfe-9977-2598454053af,a2323d03-95e7-47db-90a0-51ec4dc5b985,IG Post,IMAGE,3.3.2026 16:47:01,"Základní část končí za 22 dní. ⏳ Body se ještě sbírají, tabulka se může zamotat… ale program Final Four už je jasný. ☝🏻🔥

16. 4. – semifinálový den (2 zápasy)
17. 4. – utkání o bronz & finále 🏆

Dva dny. Čtyři týmy. Jeden titul. 
Vstupenky na finalfour.cz 🎟️",https://www.instagram.com/p/DVbfTfjCHOB/,,8308,136,,35
vsefalcons,instagram,709fceba-e311-48e7-9057-f54a587abf4a,2e36a47c-2493-494c-aa7d-d55c3673aee5,IG Story,VIDEO,12.3.2026 17:40:07,"no není to krásný 🥹 se vrátil z erasmu, jen aby dal gól na bitvě",https://www.instagram.com/stories/vsefalcons/3851356604121743894,1697,1513,,1,3
@BOhokej,facebook,c9082543-a03b-490f-8f97-66d439acce89,8747a0ec-b063-49be-92f2-12e08c999c4a,FB Video,VIDEO,20.3.2026 20:43:42,"Je to tady! 🔥

Sezona se blíží ke svému konci a nás tak čeká poslední domácí utkání základní části! 

Nenechte si to ujít a doražte do RT TORAX ARENY! 🏒

#hockey #lastdance #boostrava",https://www.facebook.com/reel/2407389409726406/,310,107,,,
vsefalcons,instagram,709fceba-e311-48e7-9057-f54a587abf4a,40711d91-fb48-4c3a-99c2-f7474cc3783e,IG Story,VIDEO,25.5.2026 13:19:09,"děkujeme
@vsecz & @ctvsvse 
za prostory 🙏🏼 MY UŽ V TICHOSTI ZVEDÁME
V NAŠÍ ŠKOLNÍ POSILOVNĚ 🏋️‍♂️ 💪🏼",https://www.instagram.com/stories/vsefalcons/3904855899562862087,,3689,,,10
@hcnorthwings,facebook,2b08a479-603b-46e4-8a48-2bc0435ccd53,dbaf30dc-bcae-458f-aefd-c5d3f993f9d5,FB Story,IMAGE,11.3.2026 19:57:09,,,,,,,
@boostrava,instagram,1176ddaf-d366-48a2-9639-3c6694c72c85,f6604887-b06f-425b-9bd1-d2c4e17aacad,IG Reel,VIDEO,18.4.2026 10:52:43,HISTORICKY PRVNÍ FINAL FOUR🔥,https://www.instagram.com/reel/DXRTQeOjJQl/,,2685,70,1,1
@cvutengineers,instagram,11963a07-7f0f-48e6-9d81-aa63a7ff4a04,315e8c8e-0338-4b59-8878-682cc55cf556,IG Story,VIDEO,17.4.2026 18:07:38,FOCUS,https://www.instagram.com/stories/cvutengineers/3877459667823924035,,1301,,,
@univerzitnihokej,instagram,1e114592-3529-4cfe-9977-2598454053af,61931731-c3f0-43a1-9f20-844f507995a9,IG Post,IMAGE,4.3.2026 22:15:52,Největší překvapení večera? Akademici zdolali v prodloužení vůdce tabulky 💪🏼,https://www.instagram.com/p/DVepvBwCEF_/,,4199,101,,2
@vutcavaliersbrno,instagram,b384bebf-72f3-4f9d-8b2d-3677709f6966,99d14e0f-2455-4fc5-9724-c90ac60a499b,IG Story,IMAGE,1.4.2026 18:41:51,,https://www.instagram.com/stories/vutcavaliersbrno/3865880688096494288,,449,,,
@riderspardubice,instagram,4d6a67ab-9313-4f77-a82e-abb18adbca5d,fb89d37b-8d95-49f3-b9ee-940a543f2df5,IG Story,IMAGE,12.4.2026 14:29:01,,https://www.instagram.com/stories/riderspardubice/3873725967449769792,,1267,,,2
@united_hk,instagram,b18c071b-0570-48b2-b743-990c668c3c5b,0818c815-b1b7-4c9d-808b-62099b38cb36,IG Story,VIDEO,25.4.2026 10:24:53,Jsme ready!,https://www.instagram.com/stories/united_hk/3883024934066767895,,1164,,,5
vsefalcons,instagram,709fceba-e311-48e7-9057-f54a587abf4a,20a5b209-1b35-4618-a6b1-b24a446f69eb,IG Story,VIDEO,7.5.2026 15:04:33,GRATULACE @vse_futsal,https://www.instagram.com/stories/vsefalcons/3891863105328161661,,577,,,
@univerzitnihokej,instagram,1e114592-3529-4cfe-9977-2598454053af,411f0360-1e6a-4542-9dc9-c9120fa59110,IG Post,IMAGE,13.3.2026 16:51:25,UK Kings Prague ovládli tabulku a 1. místo jim už nikdo nevezme! 👑 Na Bitvě o Prahu po výhře převzali pohár ČAUS. 🏆,https://www.instagram.com/p/DV1POzjiGzA/,,27449,604,,20
@vutcavaliersbrno,instagram,b384bebf-72f3-4f9d-8b2d-3677709f6966,54524079-b0b2-40b1-95e2-8ce6cb43a2f2,IG Story,VIDEO,1.4.2026 10:37:13,,https://www.instagram.com/stories/vutcavaliersbrno/3865636771425988532,,677,,,3
vsefalcons,instagram,709fceba-e311-48e7-9057-f54a587abf4a,a651faf2-1875-4cad-b19c-ef1bd0348ffa,IG Story,VIDEO,2.3.2026 11:16:55,A TO SE VYPLATÍ!,https://www.instagram.com/stories/vsefalcons/3843913477706528444,636,846,,,
@univerzitnihokej,facebook,01b45180-0b14-4a14-96e8-d0a4bab1fb9f,b4dcc853-0646-4952-99a1-95ce9213d873,FB Post,IMAGE,25.3.2026 22:40:09,"Na závěr základní části nechyběly nájezdy, prodloužení ani gólový koncert 🎻 Farmers urvali 2 body v Plzni, brněnské derby patří MUNI a Engineers navařili desítku 🚨
…a teď už směr play-in 🔜",https://www.facebook.com/1275398168115026/posts/1270372391950937,837,,2,,
vsefalcons,instagram,709fceba-e311-48e7-9057-f54a587abf4a,d51ce113-41e8-41b8-aa0a-8ca15014f494,IG Story,VIDEO,11.1.2026 17:52:06,👀,https://www.instagram.com/stories/vsefalcons/3807873595964163216,,707,,,4
@unitedhk,facebook,bfe6cc29-a387-41b9-9bca-b077722556af,db1441b8-0ea4-4e8d-98bb-4eca362bd0e9,FB Post,IMAGE,14.4.2026 16:28:33,"VYHRAJ VSTUPENKY NA
Beats for Love festival s naším generálním partnerem ČSOB CZ 🎶

Založ si účet skrz odkaz 👉 bit.ly/unihokejcsob
 a prvních 8 z Vás si užije
Beats for Love festival zdarma 🔥",https://www.facebook.com/122180651084388974/posts/122181249428388974,145,,,,
vsefalcons,instagram,709fceba-e311-48e7-9057-f54a587abf4a,304373e7-6275-4836-b81d-a9da67735ab0,IG Story,VIDEO,26.1.2026 15:38:56,VÝHLED PŘI BRAZILCE DOCELA V POHODĚ 🏰,https://www.instagram.com/stories/vsefalcons/3818678226659083610,,1063,,,1
@riderspardubice,facebook,f99ed6c3-17cc-46f4-a32e-d9b0576ce2df,67af13ed-b7c3-4033-b76b-b84336c51321,FB Video,VIDEO,17.4.2026 13:00:53,"Je to tu, svátek univerzitního hokeje, poslední zápasy sezóny. 

Pojďme si to užít a zabojovat o placku! 🐎🐎🐎❤️‍🔥",https://www.facebook.com/reel/1546475143716674/,381,193,,,
@unitedhk,facebook,bfe6cc29-a387-41b9-9bca-b077722556af,6adc3e96-1c1c-43e8-b63c-3bc32ed5bedd,FB Post,IMAGE,15.3.2026 11:34:23,"Náš útočník Radek Bíman dnes slaví narozeniny.

Všechno nejlepší, Radku! 🎂
Užij si to.

🖤🧡",https://www.facebook.com/122180651084388974/posts/122178797006388974,148,,1,,
@univerzitnihokej,instagram,1e114592-3529-4cfe-9977-2598454053af,0ca4f01e-2338-423e-902f-f17e874cf3b8,IG Post,IMAGE,4.3.2026 14:34:52,"S účtem u ČSOB dostaneš z afterparty Jarní bitvy v Plzni zpět 2️⃣0️⃣% z útraty.

Stačí si založit účet u @csobcz přes odkaz v našem biu.
Afterparty může bolet, účet už o něco míň. 😏",https://www.instagram.com/p/DVd0-lSCPC4/,,6310,71,,44
@univerzitnihokej,instagram,1e114592-3529-4cfe-9977-2598454053af,a8c7aec4-5feb-4429-beae-2acd67f0ae2e,IG Post,IMAGE,17.3.2026 21:29:20,Riders dnes přehráli BOčko a vezou si do Pardubic cenné 3 body! 💪🏼,https://www.instagram.com/p/DWACg1GiN5S/,,3547,79,,5
vsefalcons,instagram,709fceba-e311-48e7-9057-f54a587abf4a,ad40632c-1b02-46ec-9cae-335268de4be2,IG Story,IMAGE,8.4.2026 17:15:35,0 1 Theimer,https://www.instagram.com/stories/vsefalcons/3870910724994298890,897,820,,,
vsefalcons,instagram,709fceba-e311-48e7-9057-f54a587abf4a,c1994604-111f-4829-be33-ed5de2fb0b84,IG Reel,REEL,11.3.2026 13:06:22,"Zítřejší afterparty může bolet… 😏 A kluci ti prozradí jejich taktiku! 
Založ si účet u ČSOB přes odkaz v našem biu a po afterparty získej 20 % cashback. 🤑",https://www.instagram.com/reel/DVvr1AbCBU7/,,11352,205,8,40
@akademiciplzen,instagram,65494228-95bf-4f7b-8e68-d47d7262db66,fa9b246d-8dde-4001-82d6-852ea21a3960,IG Story,VIDEO,1.4.2026 18:49:40,👊🏼 JDEME BOJOVAT!,https://www.instagram.com/stories/akademiciplzen/3865884631019301121,,1161,,,
@218107044725785,facebook,7a942e3e-6c47-4794-9ba7-bbc7b6d40cb3,1cb2b179-1009-4085-9fc5-389976cd48e1,FB Video,VIDEO,19.3.2026 18:14:03,"Týden od bitvy utekl jako voda, tak si pojďme dát aspoň malý flashback v podobě rozcvičky 💪🏼",https://www.facebook.com/reel/1437991481298431/,559,283,4,,
vsefalcons,instagram,709fceba-e311-48e7-9057-f54a587abf4a,365e2231-2741-46c7-89b0-bc6821c56612,IG Story,VIDEO,6.2.2026 7:33:09,,https://www.instagram.com/stories/vsefalcons/3826406230067781464,,782,,,1
vsefalcons,instagram,709fceba-e311-48e7-9057-f54a587abf4a,0c2b32d8-2762-4e11-9470-630d10a484fd,IG Story,VIDEO,17.2.2026 17:10:51,,https://www.instagram.com/stories/vsefalcons/3834669533495856225,762,1039,,,
@BOhokej,facebook,c9082543-a03b-490f-8f97-66d439acce89,1e534840-5b35-4ca9-a0d5-d86929046860,FB Post,IMAGE,18.3.2026 21:42:43,"Z Prahy si odvážíme bod! 🔥

#hockey #boostrava",https://www.facebook.com/1477974067675582/posts/1466075785532077,444,,2,,
vsefalcons,instagram,709fceba-e311-48e7-9057-f54a587abf4a,cb33f7f5-cc25-4756-868e-d49efdb8f005,IG Story,VIDEO,26.1.2026 15:45:26,,https://www.instagram.com/stories/vsefalcons/3818681510455196813,,1066,,,5
univerzitnihokej,tiktok,01c88cf9-594f-408e-a45a-95114221acae,1a5f82de-9b99-4708-85c5-f4aedee5c7a1,TT Video,VIDEO,16.4.2026 20:01:56,"Branka zpátky na místě, kalhoty padají pořád... 😔",https://www.tiktok.com/@univerzitnihokej/video/7629449812110282006?utm_campaign=tt4d_open_api&utm_source=7348986504397455361,,1541,79,,5
vsefalcons,instagram,709fceba-e311-48e7-9057-f54a587abf4a,6b371df9-2837-4bcd-b90d-7c964efb90ef,IG Reel,VIDEO,22.2.2026 15:53:13,"Kmenový focení máme za sebou 🧌
Co z tohohle nakonec vzešlo se dozvíte brzy…",https://www.instagram.com/reel/DVELznwjMDm/,,7489,195,1,80
@cvutengineers,instagram,11963a07-7f0f-48e6-9d81-aa63a7ff4a04,b4990250-bfbc-475c-ab24-5a7c738ab9ab,IG Story,VIDEO,17.4.2026 18:15:47,ONE TEAM ONE DREAM,https://www.instagram.com/stories/cvutengineers/3877463891664221189,,2258,,,5
@bitvaoprahu,instagram,d7c8aa06-74fb-4c6c-a7d2-c2fe1bf6d59c,2d7560f9-85a2-4843-a212-fd7c3248894b,IG Reel,VIDEO,12.3.2026 16:19:18,"ZAČÍNÁME! 🔥

Hala se nám pomalu zaplňuje! 🥁 Malé pražské univerzitní derby sleduj živě na @sport_ct ➕. 📺

#bitvaoprahu | @czufarmers ⚔️ @vsefalcons",https://www.instagram.com/reel/DVynHHWDKEJ/,,14976,467,,15
@univerzitnihokej,instagram,1e114592-3529-4cfe-9977-2598454053af,8bd7b72f-6668-4144-9a5f-b33d8cf9b472,IG Post,IMAGE,7.3.2026 20:32:25,Black Dogs si při sobotním výletě z Prahy odvážejí 3 body ✅,https://www.instagram.com/p/DVmMR9-iKUN/,,2742,36,,5
@univerzitnihokej,instagram,1e114592-3529-4cfe-9977-2598454053af,c507cee9-09cb-41c0-b48e-3556699ee057,IG Post,IMAGE,6.3.2026 16:38:26,"Letos s naším generálním partnerem @csobcz hrajeme o 1️⃣0️⃣0️⃣ 0️⃣0️⃣0️⃣Kč 💰

Stačí si založit účet u ČSOB přes link v našem biu a automaticky se zařadíš do osudí. 🎱 Momentálně v něm čeká posledních 150 míst! 👀",https://www.instagram.com/p/DVjMtWeiBBk/,,9942,60,,18
vsefalcons,instagram,709fceba-e311-48e7-9057-f54a587abf4a,cb855485-11d8-4b8a-b29a-77474cf7f847,IG Story,VIDEO,11.3.2026 18:45:09,,https://www.instagram.com/stories/vsefalcons/3850662059826537144,1169,610,,,1
@cvutengineers,instagram,11963a07-7f0f-48e6-9d81-aa63a7ff4a04,ea490d9f-57d2-49b4-a492-c87be67d16c1,IG Story,VIDEO,8.4.2026 18:28:06,🥅 BAUER přestávková soutěž @b_hockey_czech,https://www.instagram.com/stories/cvutengineers/3870947224717156408,,961,,,7
@univerzitnihokej,instagram,1e114592-3529-4cfe-9977-2598454053af,229c222f-e4f1-4f70-ba59-7e6e0e08fde4,IG Post,IMAGE,8.4.2026 19:37:32,"@ukkingsprague také vás vítáme v @unihokejfinalfour 👋🏻 Vidíme se 16. 4. na Edenu 🏟️

Vstupenky na finalfour.cz 🎟️",https://www.instagram.com/p/DW4fb52CL8Q/,,8626,141,1,16
@univerzitnihokej,facebook,01b45180-0b14-4a14-96e8-d0a4bab1fb9f,40d5237c-c09a-4962-abaa-60418d7ebf60,FB Post,PHOTO,31.3.2026 19:45:53,Falcons si v prodloužení zajistili místo ve finále PLAY-IN 🦅🔥,https://www.facebook.com/1275398168115026/posts/1275101134811396,806,,2,,
@riderspardubice,instagram,4d6a67ab-9313-4f77-a82e-abb18adbca5d,4fb4e2d1-1a99-4ca8-9985-9fd0c13d0017,IG Story,VIDEO,1.4.2026 18:58:18,@skekopardubice 👋,https://www.instagram.com/stories/riderspardubice/3865888974246258416,,393,,,1
@218107044725785,facebook,7a942e3e-6c47-4794-9ba7-bbc7b6d40cb3,502cbcd5-3d80-4f1c-8c67-6af8974f3dec,FB Video,VIDEO,19.4.2026 11:35:56,Pojďte si s náma pro medaile 😍,https://www.facebook.com/reel/934561096111778/,1866,827,35,,
vsefalcons,instagram,709fceba-e311-48e7-9057-f54a587abf4a,6309fd9f-c3b9-4539-a483-8eae63dbc555,IG Story,VIDEO,24.2.2026 18:42:58,"🥥 🥥 🥥 🥥 🥥 🥥 🥥 🥥 Někdo nám vyměnil
 puky za kokosy 🫨",https://www.instagram.com/stories/vsefalcons/3839789348589982152,724,1019,,,
vsefalcons,instagram,709fceba-e311-48e7-9057-f54a587abf4a,865de090-2f60-4c41-bf84-452865c8e083,IG Story,VIDEO,1.6.2026 14:08:16,👈🏼 děkujeme @vsecz @ctvsvse za možnost tréninku 🙏🏼,https://www.instagram.com/stories/vsefalcons/3909954097683931992,,1167,,,2
@boostrava,instagram,1176ddaf-d366-48a2-9639-3c6694c72c85,c2f208e6-a629-422e-88e4-3570d0785d9a,IG Story,VIDEO,31.3.2026 19:15:54,,https://www.instagram.com/stories/boostrava/3865173049419259550,,628,,,6
@cvutengineers,instagram,11963a07-7f0f-48e6-9d81-aa63a7ff4a04,09e690dc-e66c-4223-95b4-43043571684e,IG Story,VIDEO,2.4.2026 7:41:12,,https://www.instagram.com/stories/cvutengineers/3866272944599373173,,62,,,
@akademiciplzen,instagram,65494228-95bf-4f7b-8e68-d47d7262db66,3cf4a746-5165-4982-8f77-93998bf592a8,IG Post,IMAGE,16.3.2026 14:12:53,"Speciální návštěva na Jarní bitvě! 👀

Hráči fotbalového týmu ZČU dorazili ukázat pohár za své první vítězství v Univerzitní fotbalové lize. 🏆

Ještě jednou gratulujeme, kluci! 👏🏻🤩

📸 @vpotocesevodatoci",https://www.instagram.com/p/DV8sABsDA9-/,,20732,510,,45
@akademiciplzen,instagram,65494228-95bf-4f7b-8e68-d47d7262db66,bb301825-2fa8-4855-96e2-d37d0ac1b212,IG Reel,REEL,30.3.2026 16:01:20,"Pokud máš hlad jako @zenisek_ , dej si Zott a buď dobrej! 😎😋

#zott #zotthungry #hungrydrinkthis",https://www.instagram.com/reel/DWg7S1EjDeP/,,15989,333,,29
vsefalcons,instagram,709fceba-e311-48e7-9057-f54a587abf4a,e40298bc-e958-4778-8b52-15863763cd88,IG Story,VIDEO,8.2.2026 18:41:37,@___pajer24  MATYÁŠ PEYERL 🧱,https://www.instagram.com/stories/vsefalcons/3828192273981009659,,817,,,4
@akademiciplzen,instagram,65494228-95bf-4f7b-8e68-d47d7262db66,0e1eb7d8-1746-481e-87c8-ae2d8013614b,IG Reel,VIDEO,4.3.2026 17:04:33,"Dneska můžeš na stadionu kromě fandění udělat i fakt dobrej skutek! 😍

Můžeš se tady zapsat do registru dárců kostní dřeně. Zápis je úplně jednoduchý - jen krátký dotazník a stěr z pusy vatovou štětičkou. Zabere ti to chviličku, ale můžeš tím někomu zachránit život.

Tak se před zápasem nebo o přestávce stav u stánku @kostnidren.cz - máš to v sobě! 💙🩸

#akademiciplzen #jarnibitva",https://www.instagram.com/reel/DVeFrFiDJ9h/,,4184,75,1,5
@cvutengineers,instagram,11963a07-7f0f-48e6-9d81-aa63a7ff4a04,262312f6-5b17-4faa-9379-34d83b0d367e,IG Story,VIDEO,17.4.2026 10:54:53,🦁,https://www.instagram.com/stories/cvutengineers/3877241985904184903,,1599,,,
@univerzitnihokej,instagram,1e114592-3529-4cfe-9977-2598454053af,45c3d7bf-6853-4a94-bfab-aed3916c395f,IG Story,VIDEO,7.4.2026 17:47:18,"NOVÝ VIDEJKO NOVÝ PRACOVNÍ TÝDEN
=
 ❗️ ❗️ 📺 🍿 s @barborabro  dej si",https://www.instagram.com/stories/univerzitnihokej/3870201896501828138,,975,,,1
@218107044725785,facebook,7a942e3e-6c47-4794-9ba7-bbc7b6d40cb3,7670b11f-eaee-488a-8c9a-f19b4ce4e409,FB Video,VIDEO,9.4.2026 11:47:18,"Tři nebo tisíc je docela rozdíl, ale jak se říká, proti gustu žádný dišputát 🤓 

#vsefalcons",https://www.facebook.com/reel/1640543716984193/,585,228,1,,
@AkademiciPlzen,facebook,d87b94e3-03e8-45d0-b92e-75e9b819545c,b2a0358c-bc95-40cb-be23-b4c72b7f529d,FB Video,VIDEO,4.3.2026 17:04:44,"Dneska můžeš na stadionu kromě fandění udělat i fakt dobrej skutek! 😍

Můžeš se tady zapsat do registru dárců kostní dřeně. Zápis je úplně jednoduchý - jen krátký dotazník a stěr z pusy vatovou štětičkou. Zabere ti to chviličku, ale můžeš tím někomu zachránit život.

Tak se před zápasem nebo o přestávce stav u stánku @kostnidren.cz - máš to v sobě! 💙🩸

#akademiciplzen #jarnibitva",https://www.facebook.com/reel/2027551098101937/,414,122,2,,
vsefalcons,instagram,709fceba-e311-48e7-9057-f54a587abf4a,19f54c0c-7d88-41bb-96d6-0f28235f5a00,IG Story,VIDEO,18.1.2026 19:36:25,,https://www.instagram.com/stories/vsefalcons/3812999630548386070,,946,,,1
@riderspardubice,instagram,4d6a67ab-9313-4f77-a82e-abb18adbca5d,4957d23f-2073-4d7b-8a9f-9a87592ba521,IG Story,VIDEO,17.4.2026 16:21:35,,https://www.instagram.com/stories/riderspardubice/3877406303786417855,,901,,,3
@riderspardubice,instagram,4d6a67ab-9313-4f77-a82e-abb18adbca5d,6b0fafcf-8a29-4753-a21b-16b5bc86ec33,IG Post,IMAGE,17.4.2026 18:29:37,"Děkujeme 🫶

Dneska to necinklo, ale rvali jsme se a nenechali jsme to nikomu zadarmo.

Dokázali jsme se po nepříliš ideálním začátku sezóny zvednout a dotáhnout to mezi 4 nejlepší týmy ligy a zahrát si na historicky prvním @unihokejfinalfour v Edenu. 

A to už nám nikdy nikdo nevezme. 

Děkujeme všem, kteří nám fandili a speciálně těm, kteří při nás stáli od začátku sezony nebo dokonce těm kteří při nás stojí od začátku Riders samotných. Vážíme si toho.",https://www.instagram.com/p/DXPh5OrjC0t/,,9869,311,4,18
@riderspardubice,instagram,4d6a67ab-9313-4f77-a82e-abb18adbca5d,6b3ed051-8d46-475f-98b2-1dca285c7b7b,IG Post,IMAGE,14.4.2026 16:38:45,"Název jakeho stavebniho holdingu nese pardubicka hokejova arena? 🧡

Označ holding do komentáře a my ze správných odpovědí zítra večer vylosujeme výherce dvou vstupenek na @unihokejfinalfour! 🙌",https://www.instagram.com/p/DXHnUPKDFnH/,,2501,59,41,4
@univerzitnihokej,facebook,01b45180-0b14-4a14-96e8-d0a4bab1fb9f,ac5bd6c3-74eb-4bb1-9481-e0cadad5001b,FB Post,IMAGE,19.3.2026 19:19:26,Swipuj doleva 👈🏼👀,https://www.facebook.com/1275398168115026/posts/1265087909146052,636,,1,,
vsefalcons,instagram,709fceba-e311-48e7-9057-f54a587abf4a,e1b8f76c-e0ed-42b7-bf88-a4fc15f33c67,IG Story,VIDEO,10.2.2026 21:07:12,JEŠTĚ NEKONČÍME,https://www.instagram.com/stories/vsefalcons/3829715095094095898,623,864,,,1
@univerzitnihokej,instagram,1e114592-3529-4cfe-9977-2598454053af,ec526ac2-d481-4603-ad2e-0c41a18d6fbd,IG Story,VIDEO,8.4.2026 20:47:08,POSTOUPIL TVŮJ TÝM? 🚀,https://www.instagram.com/stories/univerzitnihokej/3871017181295174064,,506,,,5
@riderspardubice,facebook,f99ed6c3-17cc-46f4-a32e-d9b0576ce2df,f0ce4129-99d0-4266-8f0c-8c9243bf84d0,FB Video,VIDEO,31.3.2026 20:35:33,"Tohle je naše cesta na které nás nyní čeká zápas ve finále play-in, který rozhodne, jestli se potkáme v Praze na @unihokejfinalfour‼️🤩🤩🤩🤩🤩",https://www.facebook.com/reel/1424337925571735/,633,155,8,,
vsefalcons,instagram,709fceba-e311-48e7-9057-f54a587abf4a,0e5404bb-0594-4b52-a464-6a79d7c412a7,IG Story,VIDEO,13.3.2026 17:01:09,,https://www.instagram.com/stories/vsefalcons/3852059276240025494,831,727,,,2
vsefalcons,instagram,709fceba-e311-48e7-9057-f54a587abf4a,df2442c1-6e4b-46d9-bc35-8848f1670fd5,IG Story,VIDEO,3.3.2026 15:14:46,GRATULUJEME! @vita_sejto_novotny,https://www.instagram.com/stories/vsefalcons/3844757985625151448,712,1088,,,3
vsefalcons,instagram,709fceba-e311-48e7-9057-f54a587abf4a,1d296190-1816-4fff-96bd-e020017b9f3f,IG Story,VIDEO,8.2.2026 9:57:13,GAMEDAY *vlaštovky už letí 🦅,https://www.instagram.com/stories/vsefalcons/3827928322613506948,,1003,,,1
@univerzitnihokej,instagram,1e114592-3529-4cfe-9977-2598454053af,86c1ba41-6341-4625-b889-715b22913280,IG Story,VIDEO,8.4.2026 17:38:05,2 0,https://www.instagram.com/stories/univerzitnihokej/3870922033911605847,,871,,,2
@riderspardubice,facebook,f99ed6c3-17cc-46f4-a32e-d9b0576ce2df,c62eac3c-7b47-40d2-8e0b-85560f90d751,FB Post,IMAGE,11.3.2026 10:30:03,"Emoce vyhraného zápasu 🔥🤩

A 23. března nás čeká Last Dance! Poslední domácí zápas sezony a zároveň poslední zápas v dresu Riders pro @dominikkopecky_99 a @daniel.skryp!",https://www.facebook.com/1592662819534019/posts/1573377881462513,568,,9,,
@vutcavaliersbrno,instagram,b384bebf-72f3-4f9d-8b2d-3677709f6966,e4430ecb-bf69-42c1-a641-6c5ff29bf447,IG Story,VIDEO,14.4.2026 8:57:39,,https://www.instagram.com/stories/vutcavaliersbrno/3875008739744973184,,534,,,
vsefalcons,instagram,709fceba-e311-48e7-9057-f54a587abf4a,fcabcabe-018f-4a72-8d6c-51fee5802eba,IG Story,VIDEO,12.3.2026 17:04:51,TAK TOHLE MILUJEME,https://www.instagram.com/stories/vsefalcons/3851336384011310461,1505,1176,,,
@bitvaoprahu,instagram,d7c8aa06-74fb-4c6c-a7d2-c2fe1bf6d59c,156036a0-ea74-4dff-8273-f1378a1aebc0,IG Post,IMAGE,12.3.2026 22:36:05,"Tradičně už plný barák! 🏟️🥹

Jste úžasní, vážíme si každého z vás! 🙏🏼 #bitvaoprahu",https://www.instagram.com/p/DVzSaIEjMLP/,,76696,1876,5,233
vsefalcons,instagram,709fceba-e311-48e7-9057-f54a587abf4a,1d4f40c5-aff4-4998-9c90-9cedafd12803,IG Story,VIDEO,16.4.2026 16:37:44,BRAZILKA pro fancy footwork 🙂‍↔️,https://www.instagram.com/stories/vsefalcons/3876689655735271864,1114,1081,,1,2
@boostrava,instagram,1176ddaf-d366-48a2-9639-3c6694c72c85,34f941cd-1217-43ac-9286-8b63b01b915c,IG Post,ALBUM,26.3.2026 8:17:06,"POSLEDNÍ ZÁPAS základní části máme za sebou!🔥
Teď se chystáme na PLAY-IN, kde už půjde o všechno!
Věříme ve Vaši maximální podporu☘️",https://www.instagram.com/p/DWVzO9XjLtI/,,3969,115,,30
@univerzitnihokej,facebook,01b45180-0b14-4a14-96e8-d0a4bab1fb9f,461fce09-3555-4835-9bd1-13081c93940d,FB Post,IMAGE,6.3.2026 16:38:37,"Letos s naším generálním partnerem @csobcz hrajeme o 1️⃣0️⃣0️⃣ 0️⃣0️⃣0️⃣Kč 💰

Stačí si založit účet u ČSOB přes link v našem biu a automaticky se zařadíš do osudí. 🎱 Momentálně v něm čeká posledních 150 míst! 👀",https://www.facebook.com/1275398168115026/posts/1255243316797178,527,,,,
@riderspardubice,instagram,4d6a67ab-9313-4f77-a82e-abb18adbca5d,c1d79c6e-281f-483c-b14c-e427bdb978ae,IG Story,VIDEO,12.4.2026 12:54:33,TEĎ JDE O VŠECHNO!,https://www.instagram.com/stories/riderspardubice/3873678514050614431,,1116,,,3
@engineersprague,facebook,afd06d1d-7b1c-4f66-8d93-ce4255ab773c,0b55bd4f-9aac-41cb-ba4f-c7431b9e72ed,FB Post,IMAGE,16.4.2026 7:27:23,"FINAL FOUR JE TADY! 🔥
Po roce se v nejdůležitějším bodě sezony opět utkáme s VŠE Falcons. Bude to tvrdý boj a my potřebujeme, abyste u toho byli s námi. Přijďte ukázat, že jsme to právě my, kdo má SRDCE LVA! 🦁",https://www.facebook.com/1560924572517692/posts/1573917174551765,1121,,12,,
@riderspardubice,instagram,4d6a67ab-9313-4f77-a82e-abb18adbca5d,2ec3238d-958d-4d68-8378-33c340b6858a,IG Reel,VIDEO,9.3.2026 19:43:43,Krásné výroční přeje celý tým Riders 💍🫶,https://www.instagram.com/reel/DVrQGitDIUA/,,12272,328,,11
vsefalcons,instagram,709fceba-e311-48e7-9057-f54a587abf4a,37d22478-62a1-4e1e-9caf-855e09416e12,IG Story,VIDEO,14.3.2026 16:01:53,,https://www.instagram.com/stories/vsefalcons/3852754216049715562,763,842,,,1
vsefalcons,instagram,709fceba-e311-48e7-9057-f54a587abf4a,6093d745-d598-4e85-8185-074412846bfc,IG Story,VIDEO,20.1.2026 8:02:51,✏️🗓️,https://www.instagram.com/stories/vsefalcons/3814099997730296533,,969,,,
@engineersprague,facebook,afd06d1d-7b1c-4f66-8d93-ce4255ab773c,b1913cfa-f607-4e17-ae94-af91c0a9394e,FB Story,IMAGE,10.3.2026 20:26:43,,,,,,,
@riderspardubice,instagram,4d6a67ab-9313-4f77-a82e-abb18adbca5d,830ed40f-ba1d-4416-910f-9ba7582f83ce,IG Story,VIDEO,5.4.2026 8:29:52,"DRESY MIZÍ, ALE STÁLE SE MŮŽEŠ ZAPOJIT!",https://www.instagram.com/stories/riderspardubice/3868471765563615435,,557,,,
@riderspardubice,facebook,f99ed6c3-17cc-46f4-a32e-d9b0576ce2df,7ab9b842-0875-49a6-b5ce-923d79e75a0f,FB Video,VIDEO,2.4.2026 6:56:41,"Finále play-in v Praze proti @cvutengineers! ⚡️

Zápas, kde jde o postup do @unihokejfinalfour 🤩",https://www.facebook.com/reel/834671582257495/,746,199,5,,
@riderspardubice,instagram,4d6a67ab-9313-4f77-a82e-abb18adbca5d,8286c5f4-0d1c-44be-b3c0-5f779bee76af,IG Reel,VIDEO,14.4.2026 6:00:09,"🚨 JSME V TOP4 A TEĎ TO TEPRVE ZAČÍNÁ!

Poprvé v historii 👉 @unihokejfinalfour 
největší akce sezóny, přímý přenos v TV… a my jsme u toho.

🏒 SEMIFINÁLE
🆚 @ukkingsprague 
📍 Zimní stadion Eden, Praha
🕓 16. dubna | 16:30

Tohle není jen zápas.
👉 tohle jsou 2 dny hokeje, emoce, atmosféra a afterparty

Bude nás čekat v pátek boj o zlato nebo bronz! Každopádně v pátek si udělejte místo v kalendáři, bude se bojovat o medaileeee. 

Pojď nás podpořit a být součástí něčeho, co se píše poprvé.

🎟️ Vstupenky koupíš přes odkaz v BIU!",https://www.instagram.com/reel/DXGewGxxnTx/,,15251,386,,36
univerzitnihokej,tiktok,01c88cf9-594f-408e-a45a-95114221acae,397a622a-353b-4a34-8644-591521c2ef91,TT Video,VIDEO,21.4.2026 17:04:30,Co se stane ve sprchách… zůstane ve sprchách 😏🚿,https://www.tiktok.com/@univerzitnihokej/video/7631259509243006230?utm_campaign=tt4d_open_api&utm_source=7348986504397455361,,29461,3409,8,1004
vsefalcons,instagram,709fceba-e311-48e7-9057-f54a587abf4a,a981de4b-e875-4e01-850b-c35b7fd690cd,IG Story,VIDEO,6.5.2026 18:24:19,FALCONS NA VÝPRAVĚ @ukkingsprague 🍻,https://www.instagram.com/stories/vsefalcons/3891238864211732128,,1034,,,4
vsefalcons,instagram,709fceba-e311-48e7-9057-f54a587abf4a,cd9f8871-f2cd-42e7-95d0-b727a3197b86,IG Story,IMAGE,2.3.2026 11:17:59,"*takhle happy zítra budeš, protože stihneš proud za free",https://www.instagram.com/stories/vsefalcons/3843914043778178432,618,857,,,7
@univerzitnihokej,instagram,1e114592-3529-4cfe-9977-2598454053af,013ed9d1-06e1-440b-9a5b-6e7eddfd860b,IG Post,IMAGE,18.3.2026 10:34:41,"❤️‍🔥 Jarní část TOP utkání za námi, @unihokejfinalfour🔜",https://www.instagram.com/p/DWBcnklCHyv/,,6305,209,,7
@bitvaoprahu,instagram,d7c8aa06-74fb-4c6c-a7d2-c2fe1bf6d59c,ce6b4635-11b5-4c58-bcaf-c8dada6f21bf,IG Post,IMAGE,8.3.2026 15:54:52,"Chápete to? Už je to skoro tady 🤯
Lístky na tebe čekají na 🎟️ bitvaoprahu.cz",https://www.instagram.com/p/DVoQ6qHjK5f/,,7193,98,,12
vsefalcons,instagram,709fceba-e311-48e7-9057-f54a587abf4a,49cd8470-23a6-4876-a38b-922f3be0a25f,IG Story,VIDEO,2.3.2026 18:41:44,let him cook,https://www.instagram.com/stories/vsefalcons/3844137382211810877,633,807,,,
vsefalcons,instagram,709fceba-e311-48e7-9057-f54a587abf4a,789986a6-d7c7-47fa-abcd-30e4927273ac,IG Story,VIDEO,13.3.2026 16:21:57,,https://www.instagram.com/stories/vsefalcons/3852039536419332102,848,887,,,5
@univerzitnihokej,instagram,1e114592-3529-4cfe-9977-2598454053af,fd66b1f4-1cc8-47c0-9a3f-2b400ff4166b,IG Reel,VIDEO,4.3.2026 21:00:53,"BAUER Gear Up Challenge 🧤
Stopky běží. Kdo se oblékne nejrychleji?",https://www.instagram.com/reel/DVeg2PcCKSq/,,13677,224,1,19
@univerzitnihokej,instagram,1e114592-3529-4cfe-9977-2598454053af,6213df19-076c-4863-b022-1c05d7773ce2,IG Post,IMAGE,2.3.2026 12:48:42,"Tomáš Koblížek je důkazem, že hokej, studium a kariéra se nevylučují.

2× univerziáda 🇨🇿, postup s @piratichomutov do Maxa ligy, titul Ing. na VŠE 🎓 A teď nová etapa u Řízení letového provozu ✈️

Tome, díky za reprezentaci univerzitní cesty na nejvyšší úrovni. 👏 Ať se daří na nové životní dráze. 🛫",https://www.instagram.com/p/DVYfPKLiB2N/,,23414,698,4,37
@akademiciplzen,instagram,65494228-95bf-4f7b-8e68-d47d7262db66,acda1bfd-5565-4367-81a6-6ddebc86990b,IG Story,VIDEO,9.4.2026 20:52:50,"📅 NÁM TO SICE NEVYŠLO,
ALE PLÁN NA PŘÍŠTÍ TÝDEN JE JASNÝ!",https://www.instagram.com/stories/akademiciplzen/3871744823422353510,,335,,,
@cvutengineers,instagram,11963a07-7f0f-48e6-9d81-aa63a7ff4a04,efcdfb29-3f18-4c9b-9072-fd2090d2cbfc,IG Story,VIDEO,17.4.2026 16:24:36,@maldiny.l  @tomanikpavel  @bernattomas16  @filip.stanek6,https://www.instagram.com/stories/cvutengineers/3877407938726082934,,1776,,,3
vsefalcons,instagram,709fceba-e311-48e7-9057-f54a587abf4a,0b587369-29b0-4da0-8760-fb7e42f37333,IG Story,VIDEO,8.4.2026 19:28:26,,https://www.instagram.com/stories/vsefalcons/3870977564508484911,801,642,,,
@riderspardubice,instagram,4d6a67ab-9313-4f77-a82e-abb18adbca5d,10989638-c9d7-4d31-9d31-e62b275174d6,IG Reel,VIDEO,17.4.2026 14:35:08,Začíná tu být horko 😮‍💨🔥,https://www.instagram.com/reel/DXPH5SojDiT/,,2375,88,,1
@vutcavaliersbrno,instagram,b384bebf-72f3-4f9d-8b2d-3677709f6966,4df5f4fe-2480-42eb-9fb0-b7df872eff05,IG Story,VIDEO,16.4.2026 10:05:40,,https://www.instagram.com/stories/vutcavaliersbrno/3876492523858346068,,492,,,
@univerzitnihokej,facebook,01b45180-0b14-4a14-96e8-d0a4bab1fb9f,c5c0cc4f-49f0-4455-a4e4-dc1264355cb9,FB Video,VIDEO,19.4.2026 18:17:24,"Výměna studia za stadion, aby audiokniha HR měla tu pravou atmosféru 🎧🔥",https://www.facebook.com/reel/937981889080105/,2104,978,3,,
@united_hk,instagram,b18c071b-0570-48b2-b743-990c668c3c5b,eebc5c57-305c-475c-b846-e66d915f0567,IG Story,VIDEO,14.4.2026 16:31:41,,https://www.instagram.com/stories/united_hk/3875237101469978902,,415,,,
@hcmuni,facebook,d1f9e9f9-7526-42d4-85aa-13f91e89f7cf,3e9ed8a1-54c3-44ef-a907-e0368d95789f,FB Video,VIDEO,13.4.2026 14:22:50,"Sezóna 2025/26 už je sice pryč🏒 tyhle momenty si ale budeme všichni pamatovat ještě hodně dlouho 🐻💙

#hcmuni",https://www.facebook.com/reel/1691460521864539/,655,229,4,,
@riderspardubice,facebook,f99ed6c3-17cc-46f4-a32e-d9b0576ce2df,56ecbf40-731a-4669-8e53-c6e71809d42d,FB Post,IMAGE,20.4.2026 8:29:35,Střípky z Final Four ✨,https://www.facebook.com/1592662819534019/posts/1609736671159967,598,,8,,
vsefalcons,instagram,709fceba-e311-48e7-9057-f54a587abf4a,f46f3d84-59a3-4f93-86d9-29276812975f,IG Story,VIDEO,17.4.2026 16:38:03,NERVY NA STŘÍDAČCE PRACUJOU 😮‍💨,https://www.instagram.com/stories/vsefalcons/3877414667840940682,,854,,,
@univerzitnihokej,instagram,1e114592-3529-4cfe-9977-2598454053af,3c59baca-14d7-48f6-8260-a968727b42d3,IG Reel,VIDEO,12.3.2026 16:38:42,"Pražští kluci už okoukali, jak se to v Brně dělá 💋",https://www.instagram.com/reel/DVypbHNCP2-/,,112357,5501,28,1288
vsefalcons,instagram,709fceba-e311-48e7-9057-f54a587abf4a,a4550320-7bdf-4769-9083-935ab2d0ad11,IG Reel,VIDEO,17.4.2026 8:43:25,"Takhle vypadal včerejší semifinálový zápas 🔥

Bohužel nevyšel podle plánu, ALE dneska si můžeme spravit chuť a zabojovat alespoň o bronz 😏

Budete u toho s námi? Potřebujeme tam slyšet každého z vás! 🦅💙 Vstupenky koupíte na finalfour.cz 🎟️

🎥 @vojta_kepka @richipici",https://www.instagram.com/reel/DXOfLrPiF3l/,,4847,119,,6
@hc_muni,instagram,43cd62c8-609d-4ea6-8ce9-cae5242ede0c,cd72531d-2e3b-414d-8f71-393e6b1ae4f0,IG Reel,VIDEO,9.3.2026 14:46:26,"Pregame bonding 🔥
Tým 🤝 fanoušci 🤝 dobrý jídlo 🍗
Díky našemu partnerovi @kfc_cz za skvělou ochutnávku!
Smažák Zinger si taky dejte, doporučuje 10/10 Medvědů 🐻

#hcmuni #desetfakultjednarodina #kfc",https://www.instagram.com/reel/DVquObAjITY/,,19143,262,1,45
@univerzitnihokej,instagram,1e114592-3529-4cfe-9977-2598454053af,356a128e-ddc6-4cc2-b756-3c7de2d39f49,IG Post,IMAGE,9.4.2026 14:16:45,"Určitě se ptáte, jak to teď bude vypadat v @unihokejfinalfour 👀

Rozhodne se až v neděli v Lucky Loser zápase, kde se utkají Black Dogs a Riders. Podle toho, kdo vyhraje, se nastaví dvojice pro Final Four:

👉 Pokud vyhrají Riders:
UK Kings vs. Riders
ČVUT Engineers vs. VŠE Falcons

👉 Pokud vyhrají Black Dogs:
UK Kings vs. VŠE Falcons
ČVUT Engineers vs. Black Dogs

Jasno bude v neděli. Do té doby podržíme nejlevnější vstupenky. 🎟️",https://www.instagram.com/p/DW6fhU0iMm7/,,13793,275,9,131
@engineersprague,facebook,afd06d1d-7b1c-4f66-8d93-ce4255ab773c,a8601519-0d04-442b-8962-d2818ec49324,FB Story,VIDEO,12.3.2026 21:02:02,,,,,,,
@engineersprague,facebook,afd06d1d-7b1c-4f66-8d93-ce4255ab773c,bc1633f0-7227-4f68-a79e-d55b0db80dfd,FB Post,PHOTO,10.3.2026 7:18:10,"🚨 GAMEDAY | Vyrážíme na led Falcons a cíl je jasný: přivézt body domů. Na hřišti do toho dáme všechno, vy nám pomozte vytvořit tu správnou atmosféru v hledišti!

🔥 Zápas startuje v 20:00 v pražských Kateřinkách, těšíme se ✌🏻😜.",https://www.facebook.com/1560924572517692/posts/1541461127797370,414,,4,,
@riderspardubice,instagram,4d6a67ab-9313-4f77-a82e-abb18adbca5d,3de0b4a5-1644-446f-9095-55dc149685b7,IG Post,IMAGE,9.3.2026 12:30:00,"Ready na dnešní zápas? 😎

Vstupenky koupíte přes odkaz v BIU!",https://www.instagram.com/p/DVqewFpjKS3/,,2112,60,,
@riderspardubice,facebook,f99ed6c3-17cc-46f4-a32e-d9b0576ce2df,eae87052-a110-4f43-8a4a-bc0a868f2b2f,FB Post,IMAGE,2.4.2026 12:28:12,"V příštím zápase se rozhodne, jestli postoupíme do @unihokejfinalfour !🤩🤩 Buď u toho s námi!

 Finále Play-in
🗓️ 8.4. v 19:30
📍 v ZS Hvězda
⚔️ proti @cvutengineers 

#fináleplayin#riders",https://www.facebook.com/1592662819534019/posts/1593915079408793,102,,3,,
vsefalcons,instagram,709fceba-e311-48e7-9057-f54a587abf4a,1da9c380-af24-4db9-856a-8c5b4b0e8a12,IG Story,VIDEO,28.1.2026 20:26:25,A  MŮŽEŠ PŘIJÍT NA TENHLE 🫵🏼,https://www.instagram.com/stories/vsefalcons/3820272451334968628,,913,,,
@AkademiciPlzen,facebook,d87b94e3-03e8-45d0-b92e-75e9b819545c,a5961c8a-5880-4dcc-944f-3c414ec2406d,FB Video,VIDEO,24.3.2026 9:29:56,"Velikonoční PLAY-IN je tady🐰🔥
Říháč už ladí formu… s Dádou v uších. 🍫

‼️ NEJSPÍŠ POSLEDNÍ DOMÁCÍ ZÁPAS
🎁 VELIKONOČNÍ NADÍLKA čeká

Tak buď u toho 🤩
🗓️ 1. 4. | 19:00
📍 LOGSPEED CZ Aréna

#akademiciplzen 💙",https://www.facebook.com/reel/1464045335199912/,466,189,,,
@akademiciplzen,instagram,65494228-95bf-4f7b-8e68-d47d7262db66,17bcd99a-2358-4f03-81b0-8c5ac2a7588c,IG Post,IMAGE,4.3.2026 20:54:35,"TAK TENHLE ZÁPAS MĚL VŠECHNO! 🏆 
Po napínavém prodloužení je výhra doma! 🔥

#akademiciplzen #jarnibitva",https://www.instagram.com/p/DVefszMDK7G/,,8153,331,,9
@cvutengineers,instagram,11963a07-7f0f-48e6-9d81-aa63a7ff4a04,5700fc7f-9f41-4fe5-b702-b63b1fbfb66b,IG Story,VIDEO,15.4.2026 19:13:26,"JAK MOC SE TĚŠÍTE? DOUFÁME, ŽE STEJNĚ JAKO PAVEL",https://www.instagram.com/stories/cvutengineers/3876043456196158355,,1088,,,3
vsefalcons,instagram,709fceba-e311-48e7-9057-f54a587abf4a,a28ab8b3-92f0-4e95-bfbb-e899cbce1d70,IG Story,VIDEO,15.1.2026 9:15:42,🎩 @_klobrc,https://www.instagram.com/stories/vsefalcons/3810512793464480479,,1369,,,3
@univerzitnihokej,instagram,1e114592-3529-4cfe-9977-2598454053af,335867d8-fca8-47c9-a490-6df35565b08e,IG Story,VIDEO,17.4.2026 20:16:48,,https://www.instagram.com/stories/univerzitnihokej/3877524891532549859,,1307,,,
vsefalcons,instagram,709fceba-e311-48e7-9057-f54a587abf4a,5c275ff1-b479-4e7d-b87e-2ff486c6668e,IG Reel,REEL,19.3.2026 18:13:47,"Týden od bitvy utekl jako voda, tak si pojďme dát aspoň malý flashback v podobě rozcvičky 💪🏼",https://www.instagram.com/reel/DWE1peXiPuC/,,41050,2009,3,91
@univerzitnihokej,facebook,01b45180-0b14-4a14-96e8-d0a4bab1fb9f,3f1e855b-dd7d-4fc8-abc1-ae45db7e8466,FB Post,IMAGE,23.3.2026 19:25:00,"Play-in klepe na dveře, takže si ho pojďme vysvětlit! 👆🏻⏰

Týmy na 3.–10. místě jdou do semifinále play-in, vítězové postupují do finále play-in. Týmy na 1.–2. místě vstupují až do finále play-in, kde se hraje o přímý postup. 👀

Dva lépe postavené týmy z poražených ve finále play-in dostanou ještě druhou šanci v lucky loser zápase o poslední místo. 🍀

4️⃣ nejlepší týmy se pak utkají v @unihokejfinalfour 16.–17. dubna v pražském Edenu.🗓️",https://www.facebook.com/1275398168115026/posts/1268617698793073,2296,,5,,
@bitvaoprahu,instagram,d7c8aa06-74fb-4c6c-a7d2-c2fe1bf6d59c,482566e0-807d-4788-b71d-9e494854423c,IG Post,IMAGE,11.3.2026 11:00:30,Královská rodino... uvidíme se v průvodu? 👀👑,https://www.instagram.com/p/DVvd_ROl-3K/,,13567,168,2,155