account_name,social_network_id,carl_account_id,carl_post_id,post_type,media_url_type,published,caption,permalink,impressions,views,likes,comments,shares
vsefalcons,instagram,709fceba-e311-48e7-9057-f54a587abf4a,4ea9ee12-fefc-43eb-a0f4-cda25d769801,IG Story,VIDEO,5.2.2026 17:57:27,,https://www.instagram.com/stories/vsefalcons/3825995979413811158,,884,,,
vsefalcons,instagram,709fceba-e311-48e7-9057-f54a587abf4a,8da31611-0c53-4e64-b50e-39f2b479bc3f,IG Story,VIDEO,3.6.2026 6:55:35,🥵 DOBRÉ RÁNO,https://www.instagram.com/stories/vsefalcons/3911185889430633327,741,607,,,
@univerzitnihokej,facebook,01b45180-0b14-4a14-96e8-d0a4bab1fb9f,3858a6df-c56f-496f-8fac-4fbd8d31fd7d,FB Video,VIDEO,24.3.2026 15:30:50,Červená mánie a pár vzpomínek na @bitvaoprahu ❤️,https://www.facebook.com/reel/1290574579630629/,1616,742,6,,
@akademiciplzen,instagram,65494228-95bf-4f7b-8e68-d47d7262db66,3cd898df-ad61-4470-ab2e-92eef7db9452,IG Post,IMAGE,3.3.2026 15:57:00,"JARNÍ BITVA UŽ ZÍTRA! 👊🏻

Doraž včas na Proud, Redbull nebo svařák do fanzóny, nalaď hlasivky a pojď z toho udělat večer, na kterej se bude vzpomínat!

🕰️ 17:30 otevření fanzóny
📍 LOGSPEED CZ Aréna
🎟️ Lístky najdeš v biu nebo na plzenskabitva.cz

Tak co, bude nás ještě víc než loni? 🔥
#akademiciplzen",https://www.instagram.com/p/DVbZXwDDE3v/,,7176,119,,19
@united_hk,instagram,b18c071b-0570-48b2-b743-990c668c3c5b,89e9d459-6bae-4d9e-b6ae-128044a0a87e,IG Story,VIDEO,26.4.2026 10:28:27,,https://www.instagram.com/stories/united_hk/3883751574510027606,,886,,,1
@univerzitnihokej,instagram,1e114592-3529-4cfe-9977-2598454053af,97e1b232-5252-4d6a-a2a0-a6aa5f0729f1,IG Story,VIDEO,8.4.2026 7:00:05,,https://www.instagram.com/stories/univerzitnihokej/3870600909063495026,,4726,,,1
@akademiciplzen,instagram,65494228-95bf-4f7b-8e68-d47d7262db66,aaa5f9ef-b842-4336-bf59-d0fc2562ce03,IG Post,IMAGE,13.4.2026 10:22:47,"Poslední trénink plný úsměvů, výměny rolí a dokonce i menší bitky. 👀🥊

Seriózní příprava na další sezónu proběhne někdy příště😁

#akademiciplzen 💙 | 📸 @vpotocesevodatoci",https://www.instagram.com/p/DXEX7PADJDI/,,9891,206,,11
vsefalcons,instagram,709fceba-e311-48e7-9057-f54a587abf4a,5531d935-0f9d-40c1-81f2-2445475eeba8,IG Story,VIDEO,3.3.2026 19:55:30,naše trenérské trio 🧑‍🧒‍🧒,https://www.instagram.com/stories/vsefalcons/3844899283363481074,629,847,,,1
@bitvaoprahu,facebook,75e0f41f-82be-4f82-a77b-82ac11135ed2,614e8a39-9765-4eb3-bb7f-26a2d9136d5b,FB Video,VIDEO,27.3.2026 17:29:16,"Ty nejlepší momenty se neodehrávají vždycky jenom na ledě. 🤭

Děkujeme @mamashelterprague za to, že s námi už 3 roky baví naše fans. 💋",https://www.facebook.com/reel/1241657174360515/,1795,872,9,,
@akademiciplzen,instagram,65494228-95bf-4f7b-8e68-d47d7262db66,919ba84d-0b52-4708-a61c-cb0ed570d61a,IG Post,IMAGE,26.3.2026 20:02:32,"Začíná Play-in. Kdo vyhraje, jde do Final Four. Kdo padne, končí! 

UŽ VE STŘEDU 1. 4. JDEME NA TO!

#akademiciplzen",https://www.instagram.com/p/DWXD6X7DDng/,,4962,128,,11
vsefalcons,instagram,709fceba-e311-48e7-9057-f54a587abf4a,c7338846-6b0e-4699-9481-a6a7ca06b65b,IG Story,VIDEO,26.1.2026 19:00:00,🎯 KÁPO DÁVÁ GÓL,https://www.instagram.com/stories/vsefalcons/3818779430533757124,,112,,,
@bitvaoprahu,facebook,75e0f41f-82be-4f82-a77b-82ac11135ed2,cfc1de2b-2176-4aa4-9e7a-6df163270c8c,FB Post,IMAGE,12.3.2026 22:51:55,"👑 OBHAJOBA KINGS! 🏆🥇

Gratulujeme staronovým vládcům, @ukkingsprague . 🎩",https://www.facebook.com/1441262177797849/posts/1420437706546963,211,,,,
@riderspardubice,instagram,4d6a67ab-9313-4f77-a82e-abb18adbca5d,f205b114-07da-4beb-82a8-2e560a26bfee,IG Story,VIDEO,31.3.2026 14:24:12,,https://www.instagram.com/stories/riderspardubice/3865026242227777812,,1839,,,24
@riderspardubice,instagram,4d6a67ab-9313-4f77-a82e-abb18adbca5d,3e338adf-e2fe-413a-b5fc-636a0991d58c,IG Post,IMAGE,14.4.2026 14:16:15,"Pardubáci jedeme do Prahyyyy! 🥁

Sejdeme se před druhou hodinou na Pardubice hl. n. a ve 14:00 vyrazíme směr zimní stadion Eden! 

Na sebe merch nebo červený outfit a do ruky na cestu dostanete @pivoproud 🍻

Těšíte se?!",https://www.instagram.com/p/DXHXcBADLt-/,,10337,142,,14
@univerzitnihokej,facebook,01b45180-0b14-4a14-96e8-d0a4bab1fb9f,4f17020b-0776-444f-9233-317fede2f166,FB Video,VIDEO,26.3.2026 23:31:13,,https://www.facebook.com/reel/1901942360467314/,,,,,
@akademiciplzen,instagram,65494228-95bf-4f7b-8e68-d47d7262db66,5d313440-399f-454f-a170-52d5ad066abf,IG Reel,VIDEO,27.4.2026 20:04:05,"Zavzpomínali jsme na Jarní bitvu… a přenesli se až do devadesátek! 🎞️
Chybí vám taky ta atmosféra? Nesmutněte, už příští týden oznámíme datum Bitvy o Plzeň! 🔥

#akademiciplzen 💙",https://www.instagram.com/reel/DXpc-c0DPLO/,,12857,342,,31
@boostrava,instagram,1176ddaf-d366-48a2-9639-3c6694c72c85,5e23d49e-6859-47f7-9236-93ba4b8e6f03,IG Post,IMAGE,4.3.2026 14:40:34,"JEDEME DO BRNA⚡️
Koukni co na to říká náš útočník Patrik🎙️",https://www.instagram.com/p/DVd1Y6TDKD8/,,2954,66,2,1
vsefalcons,instagram,709fceba-e311-48e7-9057-f54a587abf4a,6f39c624-6867-4ac4-b183-04dd800ec25a,IG Post,CAROUSEL_ALBUM,27.2.2026 17:03:09,"Na podzim to bylo jen zahřívací kolo 🔥 Finálový večer @bitvaoprahu se blíží a my vás potřebujeme zpátky na tribuně 12. 3. 📣

A jestli se vám nechce čekat…
Už v úterý hrajeme na Kateřinkách! 🦅",https://www.instagram.com/p/DVRN-MUiE9D/,,12654,246,,19
@univerzitnihokej,instagram,1e114592-3529-4cfe-9977-2598454053af,81133015-3bc1-4a3a-b0af-c933915e2e43,IG Reel,VIDEO,8.4.2026 20:08:10,@ukkingsprague si dají příští týden opáčko v Edenu! 🤭,https://www.instagram.com/reel/DW4izVsCLYQ/,,5927,220,,5
vsefalcons,instagram,709fceba-e311-48e7-9057-f54a587abf4a,8696d668-b1a3-4b8c-ab29-bbdb15b08a9d,IG Story,IMAGE,22.1.2026 8:19:48,✍🏼 @alan.david6,https://www.instagram.com/stories/vsefalcons/3815558104390100827,,1301,,,2
vsefalcons,instagram,709fceba-e311-48e7-9057-f54a587abf4a,a1dbaee0-0998-4946-b778-774149aa91e9,IG Story,VIDEO,22.2.2026 15:59:48,KMENOVÝ FOCENÍ behind the scenes 📸 🧌,https://www.instagram.com/stories/vsefalcons/3838257736232749071,728,940,,,1
@univerzitnihokej,facebook,01b45180-0b14-4a14-96e8-d0a4bab1fb9f,b953d3b1-548d-4b3d-84f7-0a888f0f4563,FB Post,IMAGE,7.4.2026 8:15:37,"Zítřejší menu 🤤 Poslední krok do @unihokejfinalfour 🚀
3️⃣ týmy projdou. Kdo bude zítra výhercem?👇🏻",https://www.facebook.com/1275398168115026/posts/1280290217625821,486,,3,,
@akademiciplzen,instagram,65494228-95bf-4f7b-8e68-d47d7262db66,cb01ee2e-2ac8-464f-8be2-381e92931790,IG Reel,VIDEO,7.3.2026 12:56:42,"Jarní bitva doručila! 🚀 Nevíme jak vy, ale my tu energii vstřebáváme doteď. Absolutní strop, díky moc všem! 💙

edit: @jirikhozman",https://www.instagram.com/reel/DVlXpOJjB6i/,,11019,284,6,31
vsefalcons,instagram,709fceba-e311-48e7-9057-f54a587abf4a,6a2fe3d9-a5f4-4811-8dd6-5704fb06d7f3,IG Story,VIDEO,3.2.2026 18:37:36,dobrý songy na rozbruslení 🎶,https://www.instagram.com/stories/vsefalcons/3824566365978126191,,954,,,
vsefalcons,instagram,709fceba-e311-48e7-9057-f54a587abf4a,e4ecde5a-9cf2-4f5b-86c2-04dac1e59a67,IG Story,IMAGE,26.1.2026 16:11:27,,https://www.instagram.com/stories/vsefalcons/3818694599032504131,,961,,,1
vsefalcons,instagram,709fceba-e311-48e7-9057-f54a587abf4a,1f3f8c59-ffe3-40f5-8fd2-6a6ae2e32e2c,IG Post,IMAGE,15.6.2026 16:28:52,"Po dvou sezónách se loučíme s naším hlavním trenérem, Milanem Boříkem. Bóřa, díky za odvedenou práci, za to, co jsi nás naučil, a za vzpomínky, kterých rozhodně není málo. ❤️‍🩹🥉

Přejeme ti hodně štěstí a úspěchů na tvé další cestě ✊🏼
#JednouFalconNavzdyFalcon",https://www.instagram.com/p/DZnP5msCLqf/,,12507,348,9,44
vsefalcons,instagram,709fceba-e311-48e7-9057-f54a587abf4a,7981bba6-6f71-4bd3-8015-c44057427d63,IG Story,VIDEO,14.4.2026 13:23:26,"KDO NEMÁ, MŮŽE KOUPIT NA MÍSTĚ 🔥 🛍️",https://www.instagram.com/stories/vsefalcons/3875142513287761993,638,695,,,2
vsefalcons,instagram,709fceba-e311-48e7-9057-f54a587abf4a,8ea39e1a-6fed-4bf0-85a6-5e2466897e7e,IG Story,VIDEO,9.4.2026 7:56:49,"🥳 dobré ráno, tohle nebyl sen",https://www.instagram.com/stories/vsefalcons/3871354244280364303,786,914,,1,
@bitvaoprahu,facebook,75e0f41f-82be-4f82-a77b-82ac11135ed2,bff9f277-80a8-4632-9c70-768fb518a01f,FB Post,IMAGE,10.3.2026 13:11:38,"UŽ VE ČTVRTEK…⏳

🎓4 největší pražské univerzity | ČZU • VŠE • UK •ČVUT
🎤Metrostav halftime show | Gufrau • Victor Kal. • MAT213
🏒🔥Show na ledě, i v hledišti 

…to je BITVA O PRAHU 🤩
Budeš s námi u největší sportovní události letního semestru?
🎟️bitvaoprahu.cz",https://www.facebook.com/1441262177797849/posts/1418610976729636,539,,5,,
@univerzitnihokej,facebook,01b45180-0b14-4a14-96e8-d0a4bab1fb9f,05019364-db07-425d-88a6-464f5564ad7f,FB Post,IMAGE,1.4.2026 20:00:28,"Semifinále PLAY-IN? Drama až do konce 🤯 

Black Dogs rozhodli až v samostatných nájezdech, v Plzni vyhráli outsideři Farmers. 😮‍💨",https://www.facebook.com/1275398168115026/posts/1275963344725175,494,,1,,
vsefalcons,instagram,709fceba-e311-48e7-9057-f54a587abf4a,465ce256-c403-410c-bef1-e58dd7b252d1,IG Story,VIDEO,16.4.2026 16:47:17,,https://www.instagram.com/stories/vsefalcons/3876694481172978032,1080,1043,,,3
@hc_muni,instagram,43cd62c8-609d-4ea6-8ce9-cae5242ede0c,51b9289e-dbf5-4ab4-9ace-725904cc88d1,IG Story,VIDEO,11.4.2026 21:17:09,"💥 ⏰  ZÍTRA ČEKÁ JIRKU DALŠÍ ZÁPAS! 
 LET’S  GO FOR THAT",https://www.instagram.com/stories/hc_muni/3873206614602209055,,232,,,
vsefalcons,instagram,709fceba-e311-48e7-9057-f54a587abf4a,7f3a329a-d6b2-40a4-b8ed-a620e062f91a,IG Story,VIDEO,1.4.2026 20:14:24,,https://www.instagram.com/stories/vsefalcons/3865927385757575658,798,454,,,
vsefalcons,instagram,709fceba-e311-48e7-9057-f54a587abf4a,ab0dc9a6-a50f-43c9-b2f9-94d5edd77f40,IG Story,VIDEO,2.3.2026 17:46:07,📍,https://www.instagram.com/stories/vsefalcons/3844109418082390229,686,970,,,1
vsefalcons,instagram,709fceba-e311-48e7-9057-f54a587abf4a,bde269de-e6bf-47e4-9f97-c5e675c2d8d4,IG Post,ALBUM,12.3.2026 15:58:22,"Proti @czufarmers dnes nastupujeme v této sestavě 👆🏼
Pokud tu nejste s námi, sledujte na ČT sport plus 📺",https://www.instagram.com/p/DVyk5IJiMmc/,,8574,92,,17
vsefalcons,instagram,709fceba-e311-48e7-9057-f54a587abf4a,a806326f-e27a-4a25-b4d5-523457f45096,IG Story,VIDEO,15.1.2026 16:03:12,,https://www.instagram.com/stories/vsefalcons/3810717901297029385,,934,,,2
vsefalcons,instagram,709fceba-e311-48e7-9057-f54a587abf4a,bac28d5d-e648-4aa3-bbb9-eff8cd58fa2d,IG Story,VIDEO,31.3.2026 17:38:55,nervy pracujou  poslední vteřiny do konce,https://www.instagram.com/stories/vsefalcons/3865124300952969138,986,829,,,
@BOhokej,facebook,c9082543-a03b-490f-8f97-66d439acce89,d2950208-eceb-4a5a-90ed-232359ba87ec,FB Post,IMAGE,4.3.2026 5:22:36,"🔥GAME DAY🔥 Jedeme do BRNA
@vutcavaliersbrno x @boostrava 
Kdo si odveze 3 body?",https://www.facebook.com/1477974067675582/posts/1453913526748303,277,,1,,
@cvutengineers,instagram,11963a07-7f0f-48e6-9d81-aa63a7ff4a04,db3b51f4-c13e-4503-9c49-9bc1a6df81e4,IG Post,ALBUM,27.3.2026 19:35:43,"Poslední ohlédnutí za základní částí 🦁.

#engprg 
📸 @cermanpavel_",https://www.instagram.com/p/DWZlsLJjIMU/,,4302,223,,4
vsefalcons,instagram,709fceba-e311-48e7-9057-f54a587abf4a,fecc6e53-08fc-4b3c-ae4d-7ded5cb03a8a,IG Reel,VIDEO,10.6.2026 13:14:19,tak jakej? 😎 #vsefalcons #icehockey,https://www.instagram.com/reel/DZaBkJZI8XK/,,3676,61,,6
vsefalcons,instagram,709fceba-e311-48e7-9057-f54a587abf4a,854b83d5-f366-4015-bb45-a50ff39ff937,IG Story,VIDEO,13.1.2026 18:28:13,,https://www.instagram.com/stories/vsefalcons/3809341331579869525,,1461,,,6
@univerzitnihokej,instagram,1e114592-3529-4cfe-9977-2598454053af,a993a89d-dac0-4a07-a9ad-d6bcac3b8ead,IG Post,IMAGE,9.3.2026 21:25:00,Tomu říkáme začátek týdne! 🫨 prodloužení rozhodlo a Riders doma porážejí Black Dogs 🐎,https://www.instagram.com/p/DVrb43ciKCm/,,4746,97,,19
vsefalcons,instagram,709fceba-e311-48e7-9057-f54a587abf4a,bf12cc16-e3e3-4ddf-aaa9-99e002ed177d,IG Story,VIDEO,10.3.2026 22:52:43,🎤 @cvutengineers,https://www.instagram.com/stories/vsefalcons/3850061957726521880,755,229,,,6
@united_hk,instagram,b18c071b-0570-48b2-b743-990c668c3c5b,7c84769a-d7ba-4796-9fc5-34fcc3024744,IG Post,IMAGE,9.4.2026 12:41:40,"Každá sezona přináší i loučení v @univerzitnihokej.

Od další sezony s námi nebudou pokračovat Jakub Kochan, Marek Ladman, Vladimír Mičian, Jiří Šrámek a Tomáš Teuber.

Děkujeme za čas, energii, zápasy, kabinu i všechno, co jste do UNIted HK vložili.
Každý z vás zanechal v našem týmu svoji stopu a byl součástí cesty, kterou jsme za první roky klubu společně prošli.

Díky, chlapi.
🖤🧡

#unitedhk #unihokej #hokej",https://www.instagram.com/p/DW6Uo98iJkZ/,,10803,310,,74
vsefalcons,instagram,709fceba-e311-48e7-9057-f54a587abf4a,c1f158de-25cc-40c2-941d-9a859c65af7b,IG Story,VIDEO,11.3.2026 13:59:21,💂‍♀️ A JEŠTĚ JEDNU NOVINKU PRO VÁS MÁME 😏,https://www.instagram.com/stories/vsefalcons/3850518218091793530,953,1087,,,
vsefalcons,instagram,709fceba-e311-48e7-9057-f54a587abf4a,68a94c5d-7dbe-46f5-93a4-69dd1e15d292,IG Story,VIDEO,16.4.2026 18:12:53,GO FALCONS GO,https://www.instagram.com/stories/vsefalcons/3876737515461806124,1044,837,,,1
@united_hk,instagram,b18c071b-0570-48b2-b743-990c668c3c5b,9e886c47-01bb-4090-b1df-67c2196149de,IG Reel,VIDEO,12.4.2026 16:04:36,"We listen and we (don’t) judge: Garnier edition💚

#unitedhk #unihokej #hokej",https://www.instagram.com/reel/DXCZ8b_iIoT/,,3398,73,,5
vsefalcons,instagram,709fceba-e311-48e7-9057-f54a587abf4a,bc369f50-73ff-41d8-a012-950ced630c49,IG Reel,VIDEO,10.4.2026 18:22:13,"Jsme trochu v nešťastný situaci… neznáme soupeře ani čas semifinále @unihokejfinalfour 😏

Řešení? Jednoduchý.
Kup si denní vstupenku a dej si rovnou 2️⃣ zápasy + double dávku show. 🔥 Nebo si počkej do neděle, kdy už bude jasno. 👀
Vstupenky na finalfour.cz a nezapomeň využít náš kód VSEFANS! 🎟️",https://www.instagram.com/reel/DW9gBlSiFIH/,,4819,110,5,25
@AkademiciPlzen,facebook,d87b94e3-03e8-45d0-b92e-75e9b819545c,f9fc2df6-0a53-47ee-b70a-daa44dcd2835,FB Post,PHOTO,30.3.2026 20:58:41,"🚨 Deadline alert! 🚨

🎓 Na ZČU nezačíná jen studium. Začínají tu i zážitky, kamarádi, studentskej život… a taky univerzitní hokej. 🏒

Jestli chceš být od příštího roku součástí toho všeho, mrkni na termíny přihlášek na bakalářské studium a hlavně je nepropásni. ⏳

Ulož si tenhle post a pošli ho dál někomu, kdo ještě pořád říká, že „je čas“. 👀

#akademiciplzen 💙",https://www.facebook.com/1357105236437494/posts/1356047273209957,670,,1,,
vsefalcons,instagram,709fceba-e311-48e7-9057-f54a587abf4a,2ba5f6be-d20c-44b6-9f74-e3b3fe5c2664,IG Story,IMAGE,8.2.2026 19:32:17,1 3,https://www.instagram.com/stories/vsefalcons/3828217736786904636,,812,,,2
@hcnorthwings,facebook,2b08a479-603b-46e4-8a48-2bc0435ccd53,6b63527a-c435-4f49-a17c-ecc2a472297d,FB Story,VIDEO,11.3.2026 19:48:06,,,,,,,
@united_hk,instagram,b18c071b-0570-48b2-b743-990c668c3c5b,979a200b-f549-425b-9409-45769b43cf7a,IG Story,IMAGE,19.4.2026 11:16:05,,https://www.instagram.com/stories/united_hk/3878702303280628247,,610,,,1
vsefalcons,instagram,709fceba-e311-48e7-9057-f54a587abf4a,a9854920-eff6-44b5-96d5-56306bd57469,IG Story,VIDEO,12.3.2026 15:24:57,@sokoli.hnizd0 🪹 FANS NA MÍSTĚ,https://www.instagram.com/stories/vsefalcons/3851286118943726612,1636,1468,,,1
@bitvaoprahu,facebook,75e0f41f-82be-4f82-a77b-82ac11135ed2,2e9828c1-ca1c-4df5-8bbf-7f77df795ccb,FB Post,IMAGE,11.3.2026 11:00:11,Královská rodino... uvidíme se v průvodu? 👀👑,https://www.facebook.com/1441262177797849/posts/1418948903362510,231,,,,
@hcnorthwings,facebook,2b08a479-603b-46e4-8a48-2bc0435ccd53,48c3ee6d-2958-4e55-a31e-7e53d7f72eed,FB Story,VIDEO,4.3.2026 10:55:27,,,,,,,
vsefalcons,instagram,709fceba-e311-48e7-9057-f54a587abf4a,550d0dd8-6e1e-4e9e-a677-c3022fa5b11d,IG Story,VIDEO,13.3.2026 16:25:02,,https://www.instagram.com/stories/vsefalcons/3852041085493186763,830,776,,,
@cvutengineers,instagram,11963a07-7f0f-48e6-9d81-aa63a7ff4a04,c78a3783-75fb-4193-9f77-86adca5e5166,IG Story,VIDEO,17.4.2026 20:01:35,1 2,https://www.instagram.com/stories/cvutengineers/3877517139284636716,,1266,,,
@univerzitnihokej,instagram,1e114592-3529-4cfe-9977-2598454053af,fc668e55-acd3-412e-bcef-3acaa4a4d089,IG Story,VIDEO,12.4.2026 11:52:39,,https://www.instagram.com/stories/univerzitnihokej/3873647270453331497,,1306,,,
@riderspardubice,facebook,f99ed6c3-17cc-46f4-a32e-d9b0576ce2df,1f6e461f-5422-4efa-ae11-4dcc69529011,FB Post,IMAGE,13.4.2026 9:45:57,"Jdeme do @unihokejfinalfour, a to si určitě zaslouží vybavit se našim dresem! 😍

Stačí si přes náš odkaz v BIU založit účet u @csobcz , do soukromé zprávy nám napiš “hotovo” a po kontrole čísla účtu ti předáme dres Riders! 

Tohle je šance vybavit na Final Four do Prahy, ukázat, jak fandí Hockeytown a získat výhody účtu u ČSOB! 🤩

*Soutěž platí pouze do rozdání zásob - konec zásob oznámíme v komentáři pod tímto příspěvkem.",https://www.facebook.com/1592662819534019/posts/1603436685123299,136,,,,
@hcnorthwings,facebook,2b08a479-603b-46e4-8a48-2bc0435ccd53,36a0d79e-21c3-47ab-90cd-b1543efa28ef,FB Story,IMAGE,4.3.2026 10:26:46,,,,,,,
vsefalcons,instagram,709fceba-e311-48e7-9057-f54a587abf4a,788be1b3-3439-4180-8c6b-4976a776526a,IG Story,VIDEO,26.2.2026 20:12:30,@veolia_cz  KOLO JE ZA NÁMI 🥳,https://www.instagram.com/stories/vsefalcons/3841283960492005483,1151,1740,,,13
@cvutengineers,instagram,11963a07-7f0f-48e6-9d81-aa63a7ff4a04,ad31f77d-e6ac-47bb-b230-10e974ca4bd1,IG Reel,VIDEO,6.4.2026 16:01:15,"Kdo je v šatně šipkový master a kdo umí hrát na saxofon? 🎷 🤔🎯 Aneb, co jdi jde nejlíp oproti ostatním klukům ⬆️.",https://www.instagram.com/reel/DWy8pzpDO6_/,,22471,719,9,106
@univerzitnihokej,instagram,1e114592-3529-4cfe-9977-2598454053af,7f20310b-253f-4f01-a162-03d82e582d4d,IG Reel,VIDEO,24.3.2026 15:30:29,Červená mánie a pár vzpomínek na @bitvaoprahu ❤️,https://www.instagram.com/reel/DWRazCOCLCf/,,13320,419,,46
vsefalcons,instagram,709fceba-e311-48e7-9057-f54a587abf4a,979d21b5-44d4-420e-883d-bed40a087ea7,IG Story,VIDEO,3.2.2026 18:57:15,,https://www.instagram.com/stories/vsefalcons/3824576226610699840,,968,,,3
@riderspardubice,facebook,f99ed6c3-17cc-46f4-a32e-d9b0576ce2df,ae29fabe-408b-440c-9be4-67916c37a5f3,FB Video,VIDEO,17.4.2026 9:16:06,"Jak to bude vypadat v Edenu dnes? 🔥

Dnes hrajeme o bronz proti @vsefalcons v 16:30 na zimním stadionu Eden!",https://www.facebook.com/reel/961880913320830/,383,114,2,,
@bitvaoprahu,facebook,75e0f41f-82be-4f82-a77b-82ac11135ed2,b54ccc77-1ac9-4811-a868-6f61898b177b,FB Post,IMAGE,10.3.2026 16:29:48,"Hlad a hokej prostě nejdou dohromady 🙂‍↔️ Proto pro vás máme pro vás řešení jménem PARTYBOX 🥳

Kromě pořádný party dostanete v 1. třetině finálového utkání 🥇 nadupanej kyblík od @kfc_cz 🍗

V prodeji na bitvaoprahu.cz 🎟️",https://www.facebook.com/1441262177797849/posts/1418729350051132,231,,,,
@bitvaoprahu,facebook,75e0f41f-82be-4f82-a77b-82ac11135ed2,4763e435-78db-4695-abdb-5fad1bf3cfe0,FB Post,IMAGE,12.3.2026 20:55:11,"✨ O tohle tady dnes večer jde! Tento skvost z dílny @cvutpraha je opět pohromadě. 🏆✨

📸 @vratapolivka_photo | #bitvaoprahu",https://www.facebook.com/1441262177797849/posts/1420383139885753,250,,1,,
@riderspardubice,facebook,f99ed6c3-17cc-46f4-a32e-d9b0576ce2df,7329bde4-575b-494c-be83-043d52e22094,FB Post,IMAGE,16.4.2026 16:42:18,Co nesmí chybět v pardubickém kotli? 🎷,https://www.facebook.com/1592662819534019/posts/1606435011490133,614,,8,,
vsefalcons,instagram,709fceba-e311-48e7-9057-f54a587abf4a,d27a2bd8-006a-452b-9ce0-48ccc42469a0,IG Post,IMAGE,9.4.2026 13:23:51,"Ten moment, kdy si uvědomíš, že to nebyl jen sen.
PLAY-IN ✅ a teď míříme do @unihokejfinalfour bojovat o titul 🏆

Vstupenky na finalfour.cz 🎟️ Využij náš promo kód na 15% slevu “VSEFANS” 🤑",https://www.instagram.com/p/DW6Zd1mCPwv/,,8527,179,,11
@hcnorthwings,facebook,2b08a479-603b-46e4-8a48-2bc0435ccd53,e0cc826a-b794-4f2e-bb9d-0b43ce7b9233,FB Post,ALBUM,19.3.2026 10:06:25,"Poslední domácí utkání sezóny proti týmu United Hradec Králové. Díky moc všem fanouškům za fandění a podporu 💙💛
Foto by @mistr.31 a @czechsportphoto 

#univerzitnihokej #myjsmeujep #hcnorthwings #icehockey #lasthomedance",https://www.facebook.com/1583651910433365/posts/1571469508318272,907,,7,,
@hcnorthwings,facebook,2b08a479-603b-46e4-8a48-2bc0435ccd53,1025e98e-f42f-44fa-8741-647bff5c06ac,FB Story,VIDEO,4.3.2026 14:44:35,,,,,,,
@univerzitnihokej,instagram,1e114592-3529-4cfe-9977-2598454053af,59f82e94-34c1-4213-b29b-de9d84f281dc,IG Story,VIDEO,8.4.2026 7:02:02,,https://www.instagram.com/stories/univerzitnihokej/3870601891696629060,,4430,,,4
@univerzitnihokej,facebook,01b45180-0b14-4a14-96e8-d0a4bab1fb9f,8bec4248-34d1-43b8-b054-95f76a3e3b41,FB Video,VIDEO,12.3.2026 17:02:57,#unihokej partneři baví fans v zóně! 🙌🏻🥰,https://www.facebook.com/reel/940298125166570/,1007,163,3,,
@hcnorthwings,facebook,2b08a479-603b-46e4-8a48-2bc0435ccd53,0d400c88-1505-42d3-8071-629f40403f67,FB Story,VIDEO,4.3.2026 15:59:22,,,,,,,
@BOhokej,facebook,c9082543-a03b-490f-8f97-66d439acce89,3146f164-76b6-4bfe-a7af-8256eae34cd9,FB Video,VIDEO,28.3.2026 15:11:14,"PLAY-IN JE TADY!🔥 teď jde o všechno! 
Tak vezmi kamarády a přijď podpořit naše kluky a udělat pořádný BORDEL!📣",https://www.facebook.com/reel/2147286609390154/,412,141,5,,
vsefalcons,instagram,709fceba-e311-48e7-9057-f54a587abf4a,3cededd8-594e-4ab0-abc7-36775f11495f,IG Story,VIDEO,24.3.2026 18:07:43,"protáhnout nohy
 po dlouhé cestě 🦿 🥱",https://www.instagram.com/stories/vsefalcons/3860065322292223815,880,891,,,1
vsefalcons,instagram,709fceba-e311-48e7-9057-f54a587abf4a,bad06917-b679-4b45-8a9b-6b8348a90d50,IG Story,VIDEO,3.2.2026 8:51:54,DOMÁCÍ ZÁPAS = MIC’D UP,https://www.instagram.com/stories/vsefalcons/3824271789027805813,,1041,,,8
vsefalcons,instagram,709fceba-e311-48e7-9057-f54a587abf4a,8b3c378d-3ee0-49c9-8b4a-c2c3afd8ddb8,IG Reel,VIDEO,28.3.2026 18:29:21,"Nikdo moc neví, jak ten play-in přesně funguje… 🫣
Ale jedno je jasný 👉🏻 V úterý 31.3. hrajeme poslední domácí zápas a potřebujeme zase plné hnízdo! 🫵🏻🪺",https://www.instagram.com/reel/DWcCl5DCB5w/,,4188,105,1,8
@bitvaoprahu,instagram,d7c8aa06-74fb-4c6c-a7d2-c2fe1bf6d59c,940c7bba-e1fd-4ad0-8646-b471085b1472,IG Reel,VIDEO,10.3.2026 17:20:15,Hokeeeej je dobreeeeej 👉🏼 lístky na bitvaoprahu.cz 🎟️,https://www.instagram.com/reel/DVtkiEKFdIV/,,27337,749,1,188
@riderspardubice,instagram,4d6a67ab-9313-4f77-a82e-abb18adbca5d,fb5731ab-3698-43e8-a236-a5bad296a20a,IG Reel,REEL,27.3.2026 13:04:51,"💸 100 000 Kč může být tvých!

Stačí si založit účet u @csob přes náš odkaz v biu a jsi ve hře 👇

👉 automaticky jdeš do slosování o 100 000 Kč
👉 můžeš získat až 1 500 Kč bonus
👉 a spoustu dalších výhod 

A jo… losujeme už brzy ⏳

Takže jestli to chceš stihnout, je ideální čas 👀

🔗 odkaz v biu",https://www.instagram.com/reel/DWY42jnjEdp/,,5078,123,,20
@akademiciplzen,instagram,65494228-95bf-4f7b-8e68-d47d7262db66,4918bff6-676c-4464-aeef-6b0e7f7fb694,IG Story,VIDEO,31.3.2026 19:57:15,⏳,https://www.instagram.com/stories/akademiciplzen/3865193879356315900,,723,,,5
@218107044725785,facebook,7a942e3e-6c47-4794-9ba7-bbc7b6d40cb3,74e7b85a-af43-4476-ad33-800598ebf81c,,TEXT,14.4.2026 11:23:05,,https://www.facebook.com/122282816036218300/posts/122283920588218300,133,,6,,
vsefalcons,instagram,709fceba-e311-48e7-9057-f54a587abf4a,2bf068b8-0ba1-4e4d-bbc7-ee7a48f3da36,IG Reel,VIDEO,14.4.2026 7:17:42,"Party moves, které oživí každou afterku🕺🏽

A dokonce i tu, co bude po @unihokejfinalfour 🤪 Ve čtvrtek i v pátek na vás čeká party přímo vedle zimáku 🥂 Tak vem kámoše a prodlužte si večer 🤘🏼

🎟️ Lístky kupujte na finalfour.cz",https://www.instagram.com/reel/DXGfwvTCIhH/,,10954,286,17,27
@hcnorthwings,facebook,2b08a479-603b-46e4-8a48-2bc0435ccd53,5fe3866a-18e8-4f63-9bcb-675994bdc1ef,FB Post,IMAGE,5.3.2026 13:00:06,"23. kolo a utkání proti ČZU Farmers před skvělou diváckou kulisou pohledem @mistr.31 
Thanks for erasmus students visit 🫶
#univerzitnihokej #myjsmeujep #hcnorthwings #icehockey",https://www.facebook.com/1583651910433365/posts/1559465129518710,1224,,8,,
@hcnorthwings,facebook,2b08a479-603b-46e4-8a48-2bc0435ccd53,05ee54ec-d011-415b-8f1c-30d4a8766e17,FB Story,VIDEO,25.3.2026 19:08:01,,,,,,,
@bitvaoprahu,instagram,d7c8aa06-74fb-4c6c-a7d2-c2fe1bf6d59c,2d8955c5-9b11-4ba2-bc3f-3b8e9843abb1,IG Reel,VIDEO,12.3.2026 17:01:23,"TICK, TICK, BOOM! 🚨🎯

Bitva o bronz živě na @sport_ct ➕. 📺 #bitvaoprahu",https://www.instagram.com/reel/DVyr0ZiDGcu/,,12406,215,,4
@univerzitnihokej,instagram,1e114592-3529-4cfe-9977-2598454053af,61e1b9c1-5f04-4d21-9bd1-1c929ce7f720,IG Story,VIDEO,1.4.2026 17:02:54,Spustili jsme prodej vstupenek na jednotlivé zápasy Final Four 🎟️,https://www.instagram.com/stories/univerzitnihokej/3865830886499442397,,905,,,6
@hcmuni,facebook,d1f9e9f9-7526-42d4-85aa-13f91e89f7cf,af0b2fa6-6b7c-4cbb-8262-6ab71acd5d90,FB Post,IMAGE,4.3.2026 9:45:36,"GAMEDAY JE TADY!🔥 Už dneska vyzveme sousedy v tabulce @riderspardubice v bitvě o důležité 3 body⚔️
U toho nesmíš chybět!🐻💙

Lístky seženeš na https://hcmuni.enigoo.cz/app/tickets/events/133 🎟️",https://www.facebook.com/1581741777288398/posts/1556580919804484,288,,2,,
vsefalcons,instagram,709fceba-e311-48e7-9057-f54a587abf4a,d6d2bf56-007a-4ce1-9323-9a702a85f9fd,IG Story,VIDEO,30.1.2026 18:00:44,,https://www.instagram.com/stories/vsefalcons/3821648683133841288,,705,,,
@218107044725785,facebook,7a942e3e-6c47-4794-9ba7-bbc7b6d40cb3,fd63bdcd-77fe-4187-a3e7-ae5f1696acf0,FB Video,VIDEO,10.3.2026 19:35:31,NESKUTEČNÝ zákrok @hroud1c6 🥵 Navyšujeme skóre na 2:0 💨,https://www.facebook.com/reel/805936839204177/,216,78,6,,
@riderspardubice,facebook,f99ed6c3-17cc-46f4-a32e-d9b0576ce2df,4a751a2a-7147-4775-995b-332ab3fdc504,FB Post,IMAGE,2.3.2026 16:15:59,"Na kterého našeho SURVIVORA se dneska těšíte? 🔥🌴

🎟️ Vstupenky na zápas najdete v BIU!",https://www.facebook.com/1592662819534019/posts/1565971095536525,357,,3,,
@united_hk,instagram,b18c071b-0570-48b2-b743-990c668c3c5b,8332911a-3861-4892-bda8-c04e2af05797,IG Story,IMAGE,9.4.2026 13:04:28,,https://www.instagram.com/stories/united_hk/3871509126715045144,,622,,,
@akademiciplzen,instagram,65494228-95bf-4f7b-8e68-d47d7262db66,b00cdb18-6419-443d-b452-9023740cfa2b,IG Post,IMAGE,3.3.2026 12:22:24,"SPĚCHEJ, abys stihnul 3. vlnu lístků! ⏳
Dnes za 250,- , zítra už za 300,- 🥶

Odkaz na vstupenky najdeš v biu nebo na plzenskabitva.cz",https://www.instagram.com/p/DVbAu4eDOBt/,,4262,36,,3
@cvutengineers,instagram,11963a07-7f0f-48e6-9d81-aa63a7ff4a04,004bb497-66ed-40bc-977d-41c94a80158b,IG Post,IMAGE,2.3.2026 10:35:16,"🚨 GAMEDAY | Dnes vyrážíme bojovat do Pardubic!
Přivezeme si zpět do Prahy cenné 3 body? Fandit můžete od 19:00 na TV Tipsport ⚔️. 

#engprg #srdcelva",https://www.instagram.com/p/DVYPpqrDJcM/,,3633,61,,3
@riderspardubice,instagram,4d6a67ab-9313-4f77-a82e-abb18adbca5d,041253e3-ad80-4a50-a0d6-b80adfdbc838,IG Story,VIDEO,8.4.2026 20:00:22,JEN TO PROMĚNIT 🍀 PRODLOUŽENÍ VŘE,https://www.instagram.com/stories/riderspardubice/3870993658330295728,,442,,,
@univerzitnihokej,instagram,1e114592-3529-4cfe-9977-2598454053af,691b57b9-1c7e-4c60-b9c6-3e84554bc14c,IG Post,IMAGE,7.4.2026 8:15:06,"Zítřejší menu 🤤 Poslední krok do @unihokejfinalfour 🚀
3️⃣ týmy projdou. Kdo bude zítra výhercem?👇🏻",https://www.instagram.com/p/DW0siyEiPyP/,,9282,235,1,28
@united_hk,tiktok,7e062517-b9da-416d-b73d-a2c5899a2be6,34d97895-f550-425e-a965-f7bf4754d091,TT Video,VIDEO,15.4.2026 12:57:33,"❤️ Duben ve znamení pomoci Naši kluci tentokrát nešli bojovat na led, ale pomáhat jinak – zapojili se do akce Daruj krev ve spolupráci s @transfuzni_fnhk . 🩸🏒 Každá kapka se počítá a může někomu zachránit život. 👉 Pokud půjdeš darovat krev během dubna, můžeš se zapojit do tomboly a vyhrát skvělé ceny od sponzorů. Stačí jen po odběru vyplnit formulář, který najdeš v biu na instagramu @ifmsa_cz_hk .  Přidej se taky a udělej něco, co má skutečný smysl.❤️ #unitedhk #unihokej #hokej",https://www.tiktok.com/@united_hk/video/7628969359331036439?utm_campaign=tt4d_open_api&utm_source=7348986504397455361,,793,41,,1
vsefalcons,instagram,709fceba-e311-48e7-9057-f54a587abf4a,4ff39c98-6af4-48c2-917a-9752c3a6c152,IG Story,VIDEO,9.3.2026 20:40:16,,https://www.instagram.com/stories/vsefalcons/3849270448404047007,675,,,,
@AkademiciPlzen,facebook,d87b94e3-03e8-45d0-b92e-75e9b819545c,7e17e837-7457-420b-9f99-1d5a2dfd6be7,FB Video,VIDEO,1.4.2026 11:56:11,"🐣 SOUTĚŽ O DRESY 🏒

Najdi dnes na stadionu schované vajíčko, dones ho moderátorovi a nový dres je tvůj! 👀

V tomhle fitu budeš na všech zápasech za hvězdu. ⭐️
A pozor… tohle není jediná dnešní nadílka 🤫
Doraz na zápas a zjistíš víc.

#akademiciplzen 💙",https://www.facebook.com/reel/907166625465759/,884,237,4,,
@akademiciplzen,instagram,65494228-95bf-4f7b-8e68-d47d7262db66,6170c3cc-0f82-4b96-b066-034e4a6b58ac,IG Post,IMAGE,3.4.2026 19:42:58,"Gratulujeme @_marcelmarcel a @filip_prikryl k nominaci na reprezentační kemp v Karlových Varech před mistrovstvím světa @ceskyhokej! 🇨🇿🤩

Dva plzeňští odchovanci z @telhcz se před závěrem naší sezóny objevili i na našich trénincích, a my jim teď budeme držet palce na další velké výzvě. 🔥

Kluci, posíláme vám z Plzně hodně štěstí!",https://www.instagram.com/p/DWroFZljIIL/,,23342,720,,27
@riderspardubice,instagram,4d6a67ab-9313-4f77-a82e-abb18adbca5d,74c2b475-84b4-4eb8-bc48-8715df9c7489,IG Post,IMAGE,16.4.2026 15:25:05,"Po první třetině 0:0 👀

📸 @honza.chlad",https://www.instagram.com/p/DXMo5-eDE3q/,,8702,212,,8
@united_hk,instagram,b18c071b-0570-48b2-b743-990c668c3c5b,887dfdf5-a42d-4228-8ca4-a101ac6c1f7a,IG Post,IMAGE,23.3.2026 13:10:55,"🏒 Dnes do Pardubic
Dnes nás čeká poslední zápas základní části.
Vyrážíme do Pardubic na derby.
Play-In máme jistý.
Teď ladíme formu na to nejdůležitější, co přijde.
A derby?
To chceš vyhrát vždycky. 😏
Drž nám palce. 🖤🧡

#unitedhk #unihokej #hokej",https://www.instagram.com/p/DWOmdprCPii/,,4370,51,,8
@riderspardubice,instagram,4d6a67ab-9313-4f77-a82e-abb18adbca5d,324420b3-f124-43d9-92ca-fffbef95994d,IG Story,VIDEO,15.4.2026 23:09:11,,https://www.instagram.com/stories/riderspardubice/3876162120782202265,,63,,,
@hcmuni,facebook,d1f9e9f9-7526-42d4-85aa-13f91e89f7cf,38df0f41-d51f-4d12-b500-98c14ba1d8cd,FB Post,IMAGE,16.3.2026 8:42:48,"Ve středu v 19:30 jdeme znovu do boje! 🔥
Přijď nás podpořit na Lužánky a pomoct vytvořit skvělou atmosféru! 🐻💙

Lístky koupíš u nás v biu 🎟️

#hcmuni",https://www.facebook.com/1581741777288398/posts/1566837438778832,289,,6,,
@akademiciplzen,instagram,65494228-95bf-4f7b-8e68-d47d7262db66,9d50faf7-c0e2-482d-b900-a34458ca6dbc,IG Reel,VIDEO,24.3.2026 18:37:41,"I náš nejhladovější hráč @_rihastepan_ má před tréninkem spousty energie na rozdávání! ⚡️

#zott #zotthungry #hungrydrinkthis",https://www.instagram.com/reel/DWRwjeWDLSX/,,9514,153,3,16
@univerzitnihokej,instagram,1e114592-3529-4cfe-9977-2598454053af,c1e17335-048b-4e18-a2a1-cd87b4b9932a,IG Post,IMAGE,24.3.2026 21:56:42,Ostrava uzavírá základní část výhrou za tři body 💥,https://www.instagram.com/p/DWSGH0kCKyv/,,2026,65,,
vsefalcons,instagram,709fceba-e311-48e7-9057-f54a587abf4a,f820250c-d283-47e8-be13-23530b045bf8,IG Story,VIDEO,26.5.2026 12:23:56,,https://www.instagram.com/stories/vsefalcons/3905552888533375957,,731,,,
@vutcavaliersbrno,instagram,b384bebf-72f3-4f9d-8b2d-3677709f6966,98d1ec08-265c-4db1-9e64-7b83bd8866c0,IG Story,IMAGE,1.4.2026 19:13:23,,https://www.instagram.com/stories/vutcavaliersbrno/3865896565852358961,,547,,,1
@hc_muni,instagram,43cd62c8-609d-4ea6-8ce9-cae5242ede0c,9d468d8d-7c49-4383-a9e8-1c139103fa75,IG Story,VIDEO,29.4.2026 15:49:21,🏃🏼 🏃🏼‍♀️ 🏃🏼‍♂️ 💪🏻 🔥,https://www.instagram.com/stories/hc_muni/3886087493305279838,,503,,,1
vsefalcons,instagram,709fceba-e311-48e7-9057-f54a587abf4a,f5f3680b-1f8e-4713-a518-78b7391ae532,IG Story,VIDEO,12.2.2026 15:42:24,🩵🦅 UŽITO. @___pajer24  @alenjurak11  @one__timer  @vosmajz_97  @stracajunior  @patrik_nabelek  @vopi26  děkujeme za pozvání!,https://www.instagram.com/stories/vsefalcons/3831001141329033851,,4213,,,12
vsefalcons,instagram,709fceba-e311-48e7-9057-f54a587abf4a,671b1719-89f9-4675-a0c3-7e58cabcdfa0,IG Reel,VIDEO,9.3.2026 21:36:36,"Zítra. 19:30. Kateřinky.

Lístky na profilu. Dobrou noc.",https://www.instagram.com/reel/DVrc8WeCDp3/,,4901,86,,7
@united_hk,instagram,b18c071b-0570-48b2-b743-990c668c3c5b,cbe359a3-3e16-485e-8afd-7ead2c525c5c,IG Story,VIDEO,22.4.2026 18:31:21,,https://www.instagram.com/stories/united_hk/3881095588771042747,,308,,,
@bitvaoprahu,facebook,75e0f41f-82be-4f82-a77b-82ac11135ed2,9b5cffe6-ee9b-406b-8836-af75f309e38e,FB Post,IMAGE,11.3.2026 7:30:00,"Takhle jsou na tom lístky v sektorech univerzit 👀 Ano vidíš správně, už jich tam moc nezbývá! 

Chyť si ten svůj ještě dnes na bitvaoprahu.cz 🎟️",https://www.facebook.com/1441262177797849/posts/1418959450028122,234,,,,
@AkademiciPlzen,facebook,d87b94e3-03e8-45d0-b92e-75e9b819545c,8f4f479f-bb68-40cc-b89c-13ce25d6ba89,FB Post,IMAGE,4.3.2026 19:47:15,"DNES JE VÁS TU 2106! 🚀💙 Moc děkujeme všem, kdo dnes dorazil, udělali jsme nový rekord návštěvnosti Jarní bitvy! 🔥

🎨 @jirikhozman 
📸 @vpotocesevodatoci / @novacek_photography 

#akademiciplzen #jarnibitva",https://www.facebook.com/1357105236437494/posts/1334775048670513,1568,,22,,
@riderspardubice,instagram,4d6a67ab-9313-4f77-a82e-abb18adbca5d,29b0caec-e983-4819-b811-53709549c7be,IG Story,VIDEO,31.3.2026 19:24:34,STÁLE 2:2,https://www.instagram.com/stories/riderspardubice/3865177439152640873,,691,,,
vsefalcons,instagram,709fceba-e311-48e7-9057-f54a587abf4a,d49aec71-279d-4107-ad7c-534c78fb14ae,IG Story,VIDEO,3.2.2026 21:06:12,ta cinkla 🔔,https://www.instagram.com/stories/vsefalcons/3824641144017924850,,896,,,
@hcmuni,facebook,d1f9e9f9-7526-42d4-85aa-13f91e89f7cf,653e24fe-8b5d-44db-ac1c-1eeef47b9690,FB Post,IMAGE,20.3.2026 13:33:55,"Jak už bývá zvykem, na derby s @vutcavaliersbrno je vždycky pořádně veselo💙❤️
Tak si ho nenech ujít i tentokrát a přijď ve středu!⚔️

Lístky seženeš tady https://hcmuni.enigoo.cz/app/tickets/events 🎫",https://www.facebook.com/1581741777288398/posts/1570836191712290,554,,5,,
@engineersprague,facebook,afd06d1d-7b1c-4f66-8d93-ce4255ab773c,68ac892f-12ee-49e6-b54c-276a711384c4,FB Post,IMAGE,2.3.2026 20:11:59,"Také z druhého letošního výletu do města perníků si odvážíme tři body do tabulky ✅

Uz pozítří se budeme snažit přidat další, tentokrát proti UNITED HK 👀",https://www.facebook.com/1560924572517692/posts/1535435601733256,654,,5,,
@218107044725785,facebook,7a942e3e-6c47-4794-9ba7-bbc7b6d40cb3,a1b64919-dac1-4fdc-a837-09f0a1b5c1e0,FB Post,IMAGE,13.4.2026 14:09:25,"Justin i během vystoupení fandí Falcons. Justin je cool. Buď cool jako Justin a fandi ve čtvrtek Falcons 🦅

👉🏼 Vstupenky na @unihokejfinalfour seženeš na profilu a s kódem “VSEFANS” máš slevu 15 % 🤑",https://www.facebook.com/122282816036218300/posts/122283786632218300,323,,2,,
@AkademiciPlzen,facebook,d87b94e3-03e8-45d0-b92e-75e9b819545c,5bf95658-6569-4924-bad6-c11ad48f4212,FB Post,IMAGE,24.3.2026 20:04:27,"Zítra hrajeme poslední zápas základní části proti @czufarmers !👊🏻

Zetor jsme jim zakázali… 🚜❌
tak jsme sami zvědaví, s čím se zítra objeví. 👀

Doraz nás podpořit a udělejme z toho pořádnej závěr! 🔥

🗓️ 25. 3. | 19:00
📍 LOGSPEED CZ Aréna

#akademiciplzen 💙",https://www.facebook.com/1357105236437494/posts/1350953440386007,505,,2,,
@riderspardubice,instagram,4d6a67ab-9313-4f77-a82e-abb18adbca5d,897ec5db-1999-4e7a-802c-2a95dc4bfacd,IG Story,VIDEO,13.4.2026 9:42:36,,https://www.instagram.com/stories/riderspardubice/3874306579625728533,,657,,,1
@hcmuni,facebook,d1f9e9f9-7526-42d4-85aa-13f91e89f7cf,dc58e141-6b8b-4442-9c44-bc4223be917a,FB Post,IMAGE,19.3.2026 15:53:47,"Kluci do toho včera dali úplně všechno🏒🐻 Jste ready na poslední zápas sezony a pořádné derby?🔥 

#hcmuni",https://www.facebook.com/1581741777288398/posts/1569909978471578,508,,6,,
@united_hk,instagram,b18c071b-0570-48b2-b743-990c668c3c5b,8c9da658-22a4-4f26-a96e-20d9d08c25d9,IG Story,VIDEO,16.4.2026 12:04:02,,https://www.instagram.com/stories/united_hk/3876551936895899881,,543,,,
vsefalcons,instagram,709fceba-e311-48e7-9057-f54a587abf4a,48a82c9f-eff3-4036-a3b7-36f9a349853a,IG Reel,VIDEO,3.3.2026 10:12:21,"BACK2️⃣BACK! 🔥
Včerejší zápas hážeme za hlavu. Dneska jedeme znovu. Doma, před váma. 🦅",https://www.instagram.com/reel/DVayFx6iAxU/,,3580,71,,4
@riderspardubice,instagram,4d6a67ab-9313-4f77-a82e-abb18adbca5d,9a10b22b-6327-49ed-8323-7cb7050a0e2e,IG Story,VIDEO,15.4.2026 9:00:01,"MRKNĚTE NA @upce_cz 
HRAJEME O VSTUPENKY!",https://www.instagram.com/stories/riderspardubice/3875734719409437212,,734,,,
@riderspardubice,instagram,4d6a67ab-9313-4f77-a82e-abb18adbca5d,225f5a21-96dc-495d-8071-45a98346d062,IG Reel,VIDEO,15.4.2026 10:38:10,"Hra končí když padne král♟️🔥

I my už jsme se dali do tréninku @ukkingsprague 💪

Těšíme se na semifinále! 🐎",https://www.instagram.com/reel/DXJi8ldDCR4/,,7492,146,1,15
@univerzitnihokej,instagram,1e114592-3529-4cfe-9977-2598454053af,a7c73549-467f-4752-954a-310236b19387,IG Story,VIDEO,17.4.2026 14:52:53,,https://www.instagram.com/stories/univerzitnihokej/3877361862778081279,,1746,,,
@riderspardubice,instagram,4d6a67ab-9313-4f77-a82e-abb18adbca5d,8e23135a-1dda-4b27-a3d3-cf4ed3489c5a,IG Reel,REEL,30.3.2026 15:47:06,"Kluci zašli na fanouškovské menu do @kfc_cz , snacky zmizely rychle, ale kyblík v jejich životech zůstane už napořád ♥️

Co teď kyblík asi na kolejích dělá? 👀 
Tipujte do komentářů 👇",https://www.instagram.com/reel/DWg52XbDEHp/,,6350,90,11,14
@riderspardubice,instagram,4d6a67ab-9313-4f77-a82e-abb18adbca5d,8ae9b652-86cc-44c8-b30a-5f11fab54883,IG Story,VIDEO,10.4.2026 8:03:32,ZBYLO NÁM JEŠTĚ PÁR DRESŮ NĚKDO VÝBAVIČKU NA LUSKY LOSERS?,https://www.instagram.com/stories/riderspardubice/3872082393566077461,,571,,,8
vsefalcons,instagram,709fceba-e311-48e7-9057-f54a587abf4a,f4b46da9-37aa-4874-aaba-d4e185fe3892,IG Story,VIDEO,17.4.2026 15:32:28,@sokoli.hnizd0 🪹 💙,https://www.instagram.com/stories/vsefalcons/3877381675999321324,1007,1073,,,4
@cvutengineers,instagram,11963a07-7f0f-48e6-9d81-aa63a7ff4a04,e0a49b29-e023-4362-94ff-3267b33f6d9d,IG Story,VIDEO,17.4.2026 18:10:12,POŠLI KLUKŮM ŠTĚSTÍČKO,https://www.instagram.com/stories/cvutengineers/3877460960181239487,,1283,,,
@218107044725785,facebook,7a942e3e-6c47-4794-9ba7-bbc7b6d40cb3,56f8d922-ae4b-47b1-bf8b-e1e92f7af058,FB Video,VIDEO,8.4.2026 17:38:50,KSN 😋,https://www.facebook.com/reel/5349867398570960/,402,185,5,,
vsefalcons,instagram,709fceba-e311-48e7-9057-f54a587abf4a,f6946839-58dd-4236-bfcd-7fc1a0cb95bb,IG Story,VIDEO,7.6.2026 16:19:46,,https://www.instagram.com/stories/vsefalcons/3914369009575275182,,600,,,3
@riderspardubice,facebook,f99ed6c3-17cc-46f4-a32e-d9b0576ce2df,3222fdc4-5cd6-4489-bdb2-947d98f68691,FB Post,IMAGE,19.3.2026 8:45:21,"Je derby! 🔥

Přijď na poslední domácí zapas semestru opět zažít tradiční rivalitu mezi dvěma sousedícími městy - Pardubice a Hradec Králové! 

Vstupenky koupíš přes odkaz v BIU 👀",https://www.facebook.com/1592662819534019/posts/1580335600766741,308,,3,,
@vutcavaliersbrno,instagram,b384bebf-72f3-4f9d-8b2d-3677709f6966,a4f0b1b6-93c3-4fd9-ba36-1e8888207b7c,IG Story,IMAGE,1.4.2026 14:45:56,"SLEDOVAT NÁS MŮŽETE 
V 18:30",https://www.instagram.com/stories/vutcavaliersbrno/3865761953029317744,,617,,,
@riderspardubice,instagram,4d6a67ab-9313-4f77-a82e-abb18adbca5d,cde6d122-4228-4e98-8249-fa980cc4ce27,IG Story,VIDEO,8.4.2026 20:23:09,@63skorpiz 🍀👏,https://www.instagram.com/stories/riderspardubice/3871005111531678931,,413,,,
vsefalcons,instagram,709fceba-e311-48e7-9057-f54a587abf4a,3689f4b2-65d9-44e1-9b26-3932c6e65d9f,IG Story,VIDEO,14.3.2026 16:29:50,@_jobas57_  NAVYŠUJE,https://www.instagram.com/stories/vsefalcons/3852770179730164820,754,726,,,
vsefalcons,instagram,709fceba-e311-48e7-9057-f54a587abf4a,3bc37d09-0119-4c9e-8600-d7a8cef5fe6b,IG Story,VIDEO,12.3.2026 15:28:03,,https://www.instagram.com/stories/vsefalcons/3851287659872315003,1476,1299,,,
@united_hk,tiktok,7e062517-b9da-416d-b73d-a2c5899a2be6,57c137a4-8119-47b5-9efe-ca615e39824d,TT Video,VIDEO,9.3.2026 19:52:07,"🔥 Plná ČPP Aréna, derby Hradec vs. Pardubice a Halftime Show Adama Mišíka. Východočeské derby univerzit znovu ukázalo, jak vypadá studentský hokej ve velkém stylu v rámci Univerzitní ligy ledního hokeje. Do arény dorazilo 2 379 fanoušků, kteří vytvořili skvělou atmosféru od prvního buly až do posledních minut. Na ledě tvrdý souboj UNIted HK a Riders Univerzita Pardubice. O přestávce velká show – Adam Mišík, který rozpálil celou halu. 🎥 Mrkni na oficiální aftermovie a připomeň si nejlepší momenty z jednoho z největších univerzitních hokejových eventů ve východních Čechách. 🌐 Více info: www.unitedhk.cz/derby #unitedhk #unihokej #hokej",https://www.tiktok.com/@united_hk/video/7615346051091860759?utm_campaign=tt4d_open_api&utm_source=7348986504397455361,,771,43,1,1
@riderspardubice,instagram,4d6a67ab-9313-4f77-a82e-abb18adbca5d,cc10efc7-46b6-4ee8-8660-3c013a675d4b,IG Post,IMAGE,17.4.2026 11:56:55,"Napiš do komentáře svého nejoblíbenějšího hráče a my vylosujeme dva z vás, kteří vyhrají vstupenky na dnešní FF! 🥉",https://www.instagram.com/p/DXO1kgNjMfo/,,1212,32,2,2
vsefalcons,instagram,709fceba-e311-48e7-9057-f54a587abf4a,349957a3-1109-4c60-b54d-96ea3738b315,IG Story,VIDEO,26.2.2026 20:29:01,VEČEREM PROVÁZÍ NAŠE OBLÍBENÁ DVOJKA @cech.ondrejj 🤝🏼 @alan.david6 🎤,https://www.instagram.com/stories/vsefalcons/3841292270238750590,1432,2150,,,2
vsefalcons,instagram,709fceba-e311-48e7-9057-f54a587abf4a,a1f3c4ec-b1b5-4d82-b637-82fff04080e4,IG Story,VIDEO,13.3.2026 16:17:44,,https://www.instagram.com/stories/vsefalcons/3852037555323721563,972,923,,,
@akademiciplzen,instagram,65494228-95bf-4f7b-8e68-d47d7262db66,c80a4f99-9832-496b-8088-8c8d1b980636,IG Story,VIDEO,24.4.2026 15:41:37,@vpotocesevodatoci,https://www.instagram.com/stories/akademiciplzen/3882459709458646539,,1035,,,2
@akademiciplzen,instagram,65494228-95bf-4f7b-8e68-d47d7262db66,d4d68be8-b3a3-4550-83e2-4d6161e1d09a,IG Story,VIDEO,6.4.2026 20:21:56,@jakubvotoupal,https://www.instagram.com/stories/akademiciplzen/3869554939983069245,,778,,,2
vsefalcons,instagram,709fceba-e311-48e7-9057-f54a587abf4a,fc7f8e66-30d3-4df1-b529-2a4ac282ca4f,IG Reel,VIDEO,26.5.2026 12:21:10,"Tak uvidíme jak to nakonec letos dopadne 👀

#ms2026",https://www.instagram.com/reel/DYzTfVpoksP/,,89579,2291,82,154
vsefalcons,instagram,709fceba-e311-48e7-9057-f54a587abf4a,305eacef-708a-45ee-86e5-4764cd3bf100,IG Story,VIDEO,17.2.2026 11:54:53,ČECHÝŇO VČERA MĚL VÁŽNEJ CALL,https://www.instagram.com/stories/vsefalcons/3834510556044785897,739,1027,,,2
@BOhokej,facebook,c9082543-a03b-490f-8f97-66d439acce89,5cd7bf06-eec9-4d68-be55-823ab0539400,FB Post,ALBUM,26.3.2026 8:17:13,"POSLEDNÍ ZÁPAS základní části máme za sebou!🔥
Teď se chystáme na PLAY-IN, kde už půjde o všechno!
Věříme ve Vaši maximální podporu☘️",https://www.facebook.com/1477974067675582/posts/1472980991508223,409,,2,,
@bitvaoprahu,facebook,75e0f41f-82be-4f82-a77b-82ac11135ed2,c856ad6c-80d6-4e5c-be77-9029a85a5aed,FB Post,IMAGE,12.3.2026 22:36:14,"Tradičně už plný barák! 🏟️🔥

Jste úžasní, vážíme si každého z vás! 🙏🏼 #bitvaoprahu",https://www.facebook.com/1441262177797849/posts/1420430376547696,332,,1,,
@univerzitnihokej,instagram,1e114592-3529-4cfe-9977-2598454053af,ded04504-06db-4c01-ae5d-37704d83306c,IG Post,IMAGE,10.3.2026 22:29:19,V Praze to dnes bylo na ostří nože 🔪 Kings jsou zpátky na vítězné vlně a Engineers nechali Falcons bod po nájezdech 🙌🏼,https://www.instagram.com/p/DVuICv7iDM0/,,3539,94,,2
vsefalcons,instagram,709fceba-e311-48e7-9057-f54a587abf4a,11082307-f8c7-4078-9337-94288458a534,IG Reel,VIDEO,5.3.2026 9:59:25,"Soutěž pro vás ‼️ 

Kdo z vás do komentářů napíše kolikrát řekl @bulvafilip “vole”, vyhrává dva lístky na úterní zápas 🤩",https://www.instagram.com/reel/DVf5jeiiF-r/,,4422,119,7,38
@riderspardubice,instagram,4d6a67ab-9313-4f77-a82e-abb18adbca5d,926d7b8c-f6f6-46a0-bc1e-15b0373cd484,IG Story,VIDEO,12.4.2026 13:52:44,,https://www.instagram.com/stories/riderspardubice/3873707704695133898,,1208,,,
@boostrava,instagram,1176ddaf-d366-48a2-9639-3c6694c72c85,990e0404-6b5c-40c5-96b4-9820963f4f63,IG Reel,REEL,27.3.2026 19:16:30,"Paparazzi už to ví… Tak si to zapiš taky! 👀

31.3. nás čeká play-in a půjde o všechno! 🔥

#savethedate #hockey #hockeygame",https://www.instagram.com/reel/DWZjMLmDF-G/,,8639,93,,36
vsefalcons,instagram,709fceba-e311-48e7-9057-f54a587abf4a,9efd1783-b5ec-4c66-9185-38fa9386dfb4,IG Story,VIDEO,3.2.2026 17:41:10,dneska tady máme jeden COMEBACK @jan_kubata 🏒 🥹❤️‍🩹,https://www.instagram.com/stories/vsefalcons/3824537963812410912,,1582,,,2
@bitvaoprahu,instagram,d7c8aa06-74fb-4c6c-a7d2-c2fe1bf6d59c,a466e14a-83e9-4cf8-ac56-f83d6879006d,IG Post,IMAGE,11.3.2026 17:37:38,Už zítra je Bitva day! 🫨🫨🥳🥳,https://www.instagram.com/p/DVwLT_NDA-r/,,12024,61,,9
@bitvaoprahu,instagram,d7c8aa06-74fb-4c6c-a7d2-c2fe1bf6d59c,c54e3933-1543-4cf0-a9fe-3c5c63f5156c,IG Post,IMAGE,12.3.2026 22:51:47,"👑 OBHAJOBA KINGS! 🏆🥇

Gratulujeme staronovým vládcům, @ukkingsprague . 🎩",https://www.instagram.com/p/DVzUNHVDPu2/,,112832,3902,7,255
@boostrava,instagram,1176ddaf-d366-48a2-9639-3c6694c72c85,f8b6c6f0-60b9-483d-a19b-b3f1d543ffef,IG Post,IMAGE,4.3.2026 21:15:01,"Vítězíme! 🦈

Další 3 body znamenají již 6. výhru v řadě! 🔥🎉

#win #hockey #žraloci",https://www.instagram.com/p/DVeiKU9jInr/,,1532,41,,1
vsefalcons,instagram,709fceba-e311-48e7-9057-f54a587abf4a,5a62c8a7-ad61-4a4c-836a-ddcecaa062f5,IG Story,VIDEO,17.1.2026 17:33:33,,https://www.instagram.com/stories/vsefalcons/3812213031682200506,,712,,,
@bitvaoprahu,instagram,d7c8aa06-74fb-4c6c-a7d2-c2fe1bf6d59c,700fda2a-8c4a-4bad-b7a5-579ac4d010ae,IG Story,VIDEO,10.4.2026 14:50:02,,https://www.instagram.com/stories/bitvaoprahu/3872286990565913677,,1017,,,1
@united_hk,instagram,b18c071b-0570-48b2-b743-990c668c3c5b,5d0eabb5-bf89-4dce-ad25-a866eb763b83,IG Story,VIDEO,22.4.2026 18:30:44,,https://www.instagram.com/stories/united_hk/3881095258209579012,,356,,,
@vutcavaliersbrno,instagram,b384bebf-72f3-4f9d-8b2d-3677709f6966,cd5b4446-7bec-49a0-b7b1-632caf8aa7a6,IG Reel,VIDEO,6.3.2026 11:59:15,"daly jsme klukům jednorázový foťák na @hokejovy_souboj_univerzit a takto to dopadlo🤩
inspirováno @lifeonfilm",https://www.instagram.com/reel/DVisaahCC7A/,,10275,212,5,15
@riderspardubice,instagram,4d6a67ab-9313-4f77-a82e-abb18adbca5d,5b2cbaa6-f5d1-4846-b012-4a6fc75c7619,IG Reel,VIDEO,5.3.2026 19:13:27,"🐱 V pondělí za námi do enteria areny přijedou @blackdogsbudweis_vste! 🐕

A my při této příležitosti společně podpoříme KoČIČÍ depozitum Lovčice! 

Jak můžete opuštěným kočičkám pomoci s námi? 
- přineste s sebou na zápas kočičí žrádlo - granule, konzervy, ňaminky 
- přispějte finančním darem - ideálně v hotovosti na místě nebo pomocí QR kódu na kostce.

Minulý semestr jsme pomohli pejskům z @farma_u_veselyho_psa, tak pojďme znovu spojit síly a tentokrát pomoci kočičkám z KoČIČÍ depozitum Lovčice! 

Vstupenky za zapas koupíš přes odkaz v BIU!",https://www.instagram.com/reel/DVg5lJoDLRh/,,6337,68,,14
@riderspardubice,instagram,4d6a67ab-9313-4f77-a82e-abb18adbca5d,82063097-d118-4de0-a0fc-68048bd3eaf9,IG Reel,VIDEO,16.4.2026 16:30:54,Fanoušci mají jasno! ❤️‍🔥,https://www.instagram.com/reel/DXMwWmcDKvw/,,5495,132,,25
@riderspardubice,instagram,4d6a67ab-9313-4f77-a82e-abb18adbca5d,a3a48143-39f1-4795-90fb-63dc48e44415,IG Post,IMAGE,9.3.2026 16:31:52,"POZOR POZOR! 😍

Dneska do druhé přestávky sháníme soutěžící, kteří si zahrají o voucher do SKYBOXU od @enteria_holding na poslední zápas sezony! 

Kdo si dnes zahraje o takovýhle luxus?",https://www.instagram.com/p/DVq5l82DBNN/,,4029,59,5,4
@riderspardubice,facebook,f99ed6c3-17cc-46f4-a32e-d9b0576ce2df,a08c8d66-2784-4d0a-a6d3-5cd475f2ccce,FB Post,IMAGE,11.3.2026 13:15:11,"🔥🏒 Kup si vstupenku na poslední domácí zápas semestru a automaticky se zařadíš do slosování o dvě vstupenky na páteční maraton Heated Rivalry v Pardubicích! 

Slosování ve čtvrtek večer 😎

@hbomaxczsk",https://www.facebook.com/1592662819534019/posts/1573488191451482,189,,1,,
@univerzitnihokej,facebook,01b45180-0b14-4a14-96e8-d0a4bab1fb9f,c8147af7-475a-448b-9153-f8e646d41300,FB Post,IMAGE,10.4.2026 14:12:18,Směr cesty 16. a 17.4. je jasnej! ➡️ @unihokejfinalfour 📍Zimní stadion Eden,https://www.facebook.com/1275398168115026/posts/1282743127380530,1082,,8,,
vsefalcons,instagram,709fceba-e311-48e7-9057-f54a587abf4a,d8278dbd-e50b-4ba3-a0b7-d78ef17313ae,IG Reel,VIDEO,4.2.2026 10:25:36,"Sent this to the Super Bowl halftime show casting.
@badbunnypr hasn’t replied yet, but we’re staying ready. 💃🏻🕺🏻

#superbowl #badbunny",https://www.instagram.com/reel/DUVQ8iTiDBv/,,14626,382,1,121
@boostrava,instagram,1176ddaf-d366-48a2-9639-3c6694c72c85,fd6efd25-d177-42b5-a768-3ab8ffb8b702,IG Post,IMAGE,16.3.2026 20:04:48,"Nenechte si ujít zápas s Pardubicemi! 🍀

Ke vstupence vás čeká pivko a zelená zdarma! 🍻
Vstupenky najdeš v biu 🎫

#hockey #ostrava #stpatricksday2026",https://www.instagram.com/p/DV9T4ciDOZf/,,4651,26,,21
@bitvaoprahu,instagram,d7c8aa06-74fb-4c6c-a7d2-c2fe1bf6d59c,0b34c83b-13d5-469f-b7df-29b73517177e,IG Reel,VIDEO,12.3.2026 13:59:08,"Udělej dneska na Bitvě dobrej skutek! ❤️‍🩹

Přímo na hale za sektorem UK a ČZU najdeš zápisová místa do registru dárců kostní dřeně. Tak se tam zastav! 👊🏼",https://www.instagram.com/reel/DVyXBMbDEyA/,,19055,121,2,12
@riderspardubice,facebook,f99ed6c3-17cc-46f4-a32e-d9b0576ce2df,2924dfb4-735b-4a0e-9de5-6bd8e2528451,FB Video,VIDEO,16.4.2026 14:22:51,Jsme v Praze ❤️‍🔥🐎,https://www.facebook.com/reel/1491593522542990/,310,90,1,,
vsefalcons,instagram,709fceba-e311-48e7-9057-f54a587abf4a,279a7da1-9a56-4008-a5d1-347d71fa2aea,IG Reel,VIDEO,3.3.2026 9:04:55,"Kdo z kluků si zaslouží mic na dnešním zápase? 🤓

📅dneska 📍 @icearenakaterinky ⏰ 19:45",https://www.instagram.com/reel/DVaqMhGCNl2/,,3201,77,,6
@univerzitnihokej,instagram,1e114592-3529-4cfe-9977-2598454053af,144b638d-d0e9-435d-8af2-8ed5bae94db1,IG Reel,VIDEO,11.3.2026 19:38:38,Kluci v Ostravě se toho taky nebojí👀,https://www.instagram.com/reel/DVwZIhNiLTr/,,11202,209,,61
@akademiciplzen,instagram,65494228-95bf-4f7b-8e68-d47d7262db66,3429804e-4733-4779-b49b-614374aa6162,IG Story,VIDEO,4.4.2026 19:19:08,📝,https://www.instagram.com/stories/akademiciplzen/3868073783005563756,,1123,,,5
vsefalcons,instagram,709fceba-e311-48e7-9057-f54a587abf4a,4259ce33-c6e2-46a2-86a4-c520312bb824,IG Story,VIDEO,2.3.2026 18:27:41,@tomas_bartonn 🤝 @fanda__david,https://www.instagram.com/stories/vsefalcons/3844130346585566724,655,814,,,4
@univerzitnihokej,instagram,1e114592-3529-4cfe-9977-2598454053af,44401e82-1887-4f4b-b98e-a4c917752cb1,IG Post,ALBUM,31.3.2026 8:49:36,"PRVNÍ DUEL PLAY-IN 😤

Falcons 🆚 UNIted
Jeden zápas. Jedna šance. Kdo postoupí do finále? 👇🏻",https://www.instagram.com/p/DWiu7T5CC3M/,,11385,210,,19
@riderspardubice,instagram,4d6a67ab-9313-4f77-a82e-abb18adbca5d,66d79413-10aa-470a-912a-f41b49fc340b,IG Story,VIDEO,28.4.2026 16:15:45,,https://www.instagram.com/stories/riderspardubice/3885376100683758809,,714,,,
@riderspardubice,instagram,4d6a67ab-9313-4f77-a82e-abb18adbca5d,e8e6464e-b533-416b-8c3c-173096e43b1b,IG Post,IMAGE,2.3.2026 9:13:38,"Dnes si Riders vezmou do duelu @cvutengineers !🔥 Kdo tento duel zvládne jako vítěz?

Survivor game
🗓️ 2. 3. v 19:00
📍 v Enteria Arena
⚔️ proti @cvutengineers 

Vstupenky zakoupíš v BIU!🎟️🥥
#riders#survivorgame#survivor",https://www.instagram.com/p/DVYGS9aDANA/,,3947,27,,4
@unitedhk,facebook,bfe6cc29-a387-41b9-9bca-b077722556af,5d2ba16f-9e11-4c0a-88d4-3d90b648d5ad,FB Video,VIDEO,25.3.2026 16:15:02,"Založíš účet do konce března?
Pak jsi ve hře o 100 000 Kč. 😏

A to není všechno:

⚡ rychlé a jednoduché založení online
💸 odměna 1 500 Kč za založení účtu
🍻 20 % cashback na drinky na UNIted HK afterparty

Takže jestli účet ještě nemáš… možná je teď ideální čas.

#unitedhk #unihokej #hokej",https://www.facebook.com/reel/27101900679411991/,354,104,1,,
vsefalcons,instagram,709fceba-e311-48e7-9057-f54a587abf4a,7829fd34-90f6-4532-a3ad-2d6f41917179,IG Post,IMAGE,8.2.2026 8:05:05,"FALCONS PUB KVÍZ IS BAAAACK!

Minule sklidil velký úspěch, a proto jsme se ho rozhodli udělat znovu a mnohem vymazlenější! 🤓

Čeká vás večer plný zábavy, dobrého piva a pořádné dávky vědomostního adrenalinu. 🧠 Vyhrát můžete bombové ceny, kterými nás vybavil Red Bull, Proud nebo Grant Thornton, a vítěz si domu odnese lístky na Bitvu o Prahu ‼️

Do týmu se může přihlásit 4-5 lidí, vstupné je zdarma a bar s top drinky je samozřejmostí. 🥂

26.2. | Akademický klub, Italská budova | 19:00

Registrovat se můžete přes link na profilu. Těšíme se na vás! 💙

#vsefalcons #pubkviz",https://www.instagram.com/p/DUfVN8rCCRx/,,9855,30,,31
vsefalcons,instagram,709fceba-e311-48e7-9057-f54a587abf4a,b815cf33-46d3-47ae-abd5-e6bea0eaa05a,IG Story,VIDEO,31.3.2026 15:30:23,,https://www.instagram.com/stories/vsefalcons/3865059549900230502,999,986,,1,3
vsefalcons,instagram,709fceba-e311-48e7-9057-f54a587abf4a,17060e2f-9265-4f2d-9ce2-df95480f7128,IG Story,VIDEO,16.4.2026 18:30:16,,https://www.instagram.com/stories/vsefalcons/3876746351803388109,1051,839,,1,
@218107044725785,facebook,7a942e3e-6c47-4794-9ba7-bbc7b6d40cb3,5d0dbb52-679b-40eb-922d-9541a3b5deb0,FB Video,VIDEO,12.3.2026 17:23:38,KSN 🤩,https://www.facebook.com/reel/775453088687858/,481,244,7,,
@akademiciplzen,instagram,65494228-95bf-4f7b-8e68-d47d7262db66,6f6c6b0b-e5db-4ef3-a4f4-0bfb4a69f125,IG Story,VIDEO,15.4.2026 13:56:02,"1. STAHUJ APKU ČSOB
2. KLIKNI NA ODKAZ
3. VYHRAJ! 1. STAHUJ APKU ČSOB
2. KLIKNI NA ODKAZ
3. VYHRAJ!",https://www.instagram.com/stories/akademiciplzen/3875883694762520064,,943,,,
@univerzitnihokej,facebook,01b45180-0b14-4a14-96e8-d0a4bab1fb9f,1cd8e3ef-f4e9-4d67-93a1-302a2dfa80e7,FB Post,IMAGE,30.3.2026 16:04:37,Všechny zápasy PLAY-IN sledujte živě na @sport_ct ➕📺 Program zápasů u nás na profilu! 👆🏻,https://www.facebook.com/1275398168115026/posts/1274232244898285,935,,4,,
vsefalcons,instagram,709fceba-e311-48e7-9057-f54a587abf4a,95a82af2-cda1-4b92-b56e-86564bbe927e,IG Story,VIDEO,12.3.2026 19:40:08,,https://www.instagram.com/stories/vsefalcons/3851414512838698852,1253,912,,,
@univerzitnihokej,instagram,1e114592-3529-4cfe-9977-2598454053af,d0b45844-4645-4c8b-84d9-1d1e509a0f71,IG Story,STORY,31.3.2026 12:06:54,NEBO NA SPOTIFY 🎧 👇🏼,https://www.instagram.com/stories/univerzitnihokej/3864957128746255946,,1111,,,
@riderspardubice,facebook,f99ed6c3-17cc-46f4-a32e-d9b0576ce2df,734676a3-e752-4c13-b789-d036d95d3df1,FB Post,IMAGE,15.3.2026 20:00:18,"Po posledním domácím zápase této sezony nás čeká afterparty v @dydybaba! 🤩🪩

Tak doražte na zápas a pak se všichni potkáme v Dýdý!",https://www.facebook.com/1592662819534019/posts/1577299241070377,501,,2,,
@cvutengineers,instagram,11963a07-7f0f-48e6-9d81-aa63a7ff4a04,6d0c1acf-024a-43fb-8cc6-c01161d9b3c6,IG Reel,VIDEO,17.4.2026 16:47:25,"Tak kdo se v tom má vyznat taky… 🤷🏼‍♀️🤷🏼‍♀️

Gear: @b_hockey_czech",https://www.instagram.com/reel/DXPWiMBDAJZ/,,22399,401,2,16
@united_hk,tiktok,7e062517-b9da-416d-b73d-a2c5899a2be6,46e67ace-064c-4cf9-a2a3-f1942ea43383,TT Video,VIDEO,20.3.2026 18:47:32,"💋 Kiss Cam z derby Derby není jen o hokeji. Některé momenty patřily i Kiss Cam. A někdy to bylo hodně zajímavé 😄 Výherci si odnesli luxusní večeři pro 2 v hodnotě 1500 Kč. Díky partnerovi Pivovarské domy za tenhle moment, na který se jen tak nezapomíná. Podívej se ve videu. 🖤🧡❤️ @Univerzitní hokej 🏒 ",https://www.tiktok.com/@united_hk/video/7619411347696078102?utm_campaign=tt4d_open_api&utm_source=7348986504397455361,,1420,38,,
@united_hk,instagram,b18c071b-0570-48b2-b743-990c668c3c5b,d53ead82-d720-471b-a185-396b37cdb176,IG Post,PHOTO,26.3.2026 8:56:40,"Náš útočník Štěpán Kyclt dnes slaví narozeniny.

Všechno nejlepší, Štěpáne! 🎂
Užij si to.

🖤🧡

#unitedhk #unihokej #hokej",https://www.instagram.com/p/DWV3vreCBXD/,,2179,29,,
@riderspardubice,instagram,4d6a67ab-9313-4f77-a82e-abb18adbca5d,245788ee-5bda-4bb7-8fd8-2485fa6374cc,IG Story,VIDEO,12.4.2026 13:03:00,KOTEL KOTLUJE!  DÍKY!,https://www.instagram.com/stories/riderspardubice/3873682672434555821,,1105,,,
@united_hk,instagram,b18c071b-0570-48b2-b743-990c668c3c5b,5610be79-8149-4a0b-a553-3ba9ccad0e2a,IG Story,IMAGE,14.4.2026 10:20:11,,https://www.instagram.com/stories/united_hk/3875050295139023162,,731,,,
@engineersprague,facebook,afd06d1d-7b1c-4f66-8d93-ce4255ab773c,9f077cc8-785a-4bfe-97d4-5c53f912f251,FB Story,IMAGE,12.3.2026 22:31:19,,,,,,,
vsefalcons,instagram,709fceba-e311-48e7-9057-f54a587abf4a,a62119b7-8db1-4e10-a7ca-41eece621c5b,IG Story,VIDEO,13.2.2026 7:53:15,FRAJEREM SE STANEŠ POUZE JEDNÍM ZPŮSOBEM 🙂‍↕️,https://www.instagram.com/stories/vsefalcons/3831489780714612914,551,720,,,
vsefalcons,instagram,709fceba-e311-48e7-9057-f54a587abf4a,36ca414f-4348-41d9-aa2c-ca4006d6fdd6,IG Story,VIDEO,11.4.2026 9:35:30,včera jsme něco tvořili @garnier_czsk 🤫,https://www.instagram.com/stories/vsefalcons/3872853463096928927,1202,1345,,1,8
vsefalcons,instagram,709fceba-e311-48e7-9057-f54a587abf4a,79860911-2016-44b4-9091-d0d9a0cba12e,IG Story,VIDEO,12.3.2026 18:07:39,TO LÍTÁÁÁ 🦅,https://www.instagram.com/stories/vsefalcons/3851367988729494897,1332,1027,,,
vsefalcons,instagram,709fceba-e311-48e7-9057-f54a587abf4a,860e8727-66a6-4c82-b95a-c6e0098058d3,IG Story,IMAGE,30.3.2026 9:30:19,,https://www.instagram.com/stories/vsefalcons/3864153540902051335,675,778,,,2
vsefalcons,instagram,709fceba-e311-48e7-9057-f54a587abf4a,c580611e-7e79-403a-b842-7b32d4701eaf,IG Reel,VIDEO,6.4.2026 16:28:04,"Asi se shodneme, že by kluci měli zůstat u omotávání hokejek 🤦🏽‍♀️

#vsefalcons",https://www.instagram.com/reel/DWy__YpCKTy/,,,158,6,25
@univerzitnihokej,facebook,01b45180-0b14-4a14-96e8-d0a4bab1fb9f,00bc087c-286c-4127-9431-ad5802f272e2,FB Post,IMAGE,1.4.2026 19:25:15,"O největší drama se postarali Black Dogs, kteří porážejí Cavaliers až na samostatné nájezdy 😮‍💨",https://www.facebook.com/1275398168115026/posts/1275944821393694,878,,7,,
@hcnorthwings,facebook,2b08a479-603b-46e4-8a48-2bc0435ccd53,33efd8d5-98db-4a39-9a75-09d05236cc26,FB Story,VIDEO,1.4.2026 14:45:32,,,,,,,
vsefalcons,instagram,709fceba-e311-48e7-9057-f54a587abf4a,c81b9e15-1163-4f2d-a639-7b44328fad40,IG Story,VIDEO,3.2.2026 19:06:37,🍿 🛋️ A KDO SE NEZVLÁDL DOSTAVIT,https://www.instagram.com/stories/vsefalcons/3824581006674368086,,1186,,,1
@univerzitnihokej,facebook,01b45180-0b14-4a14-96e8-d0a4bab1fb9f,d9863777-ac4b-4cc8-98fe-401be4e2a4cd,FB Post,IMAGE,18.3.2026 10:35:20,"❤️‍🔥 Jarní část TOP utkání za námi, @unihokejfinalfour🔜",https://www.facebook.com/1275398168115026/posts/1264018495919660,1046,,3,,
@bitvaoprahu,instagram,d7c8aa06-74fb-4c6c-a7d2-c2fe1bf6d59c,f282a2a5-123a-49b8-afcf-401e8d629222,IG Post,IMAGE,11.3.2026 19:30:17,Jakej si na after vymyslíš program necháme na tobě...😏 ale hrát ti k tomu bude tenhle našláplej lineup 🕺🪩,https://www.instagram.com/p/DVwYU_7FxSq/,,19500,136,1,82
@univerzitnihokej,instagram,1e114592-3529-4cfe-9977-2598454053af,4f8e391c-bfaa-473f-a272-142580ee6844,IG Post,IMAGE,11.3.2026 9:11:40,Moravské derby je tady! Souboj @boostrava a @hc_muni můžete sledovat dnes od 19:00 na ČT sport 🍿,https://www.instagram.com/p/DVvQ9FxiOJ3/,,10150,104,,12
vsefalcons,instagram,709fceba-e311-48e7-9057-f54a587abf4a,4d4281bd-9735-43a5-9358-d1907413600f,IG Story,VIDEO,14.3.2026 14:46:24,BRAZILKA  před zápasem ⚽️ ⚽️,https://www.instagram.com/stories/vsefalcons/3852716246827581597,894,1005,,,
@riderspardubice,instagram,4d6a67ab-9313-4f77-a82e-abb18adbca5d,8a2d0f06-bea4-4894-b63e-5132ad6c197a,IG Story,VIDEO,17.4.2026 16:30:58,,https://www.instagram.com/stories/riderspardubice/3877411142662680035,,895,,,
vsefalcons,instagram,709fceba-e311-48e7-9057-f54a587abf4a,bce1e907-6c7d-453e-a9f3-ebdc0ab9c41b,IG Story,VIDEO,3.3.2026 20:39:29,@___pajer24 👏🏻 🙅🏻,https://www.instagram.com/stories/vsefalcons/3844921448188120053,643,837,,,4
@engineersprague,facebook,afd06d1d-7b1c-4f66-8d93-ce4255ab773c,c9b92b6d-f25c-4ebb-a467-082af4018f09,FB Story,IMAGE,10.3.2026 21:13:02,,,,,,,
@cvutengineers,instagram,11963a07-7f0f-48e6-9d81-aa63a7ff4a04,fbff76f9-9501-4165-b75a-c26d240a3f06,IG Post,IMAGE,12.4.2026 14:56:50,"ONE TEAM ONE DREAM 
Čekají nás nejdůležitější zápasy této sezony. Buďte u toho s námi a ukažte, kdo má to pravé #SRDCELVA 🦁.

#engprg",https://www.instagram.com/p/DXCSfhvDBu8/,,6453,228,1,15
vsefalcons,instagram,709fceba-e311-48e7-9057-f54a587abf4a,b9b977e9-fb56-4ebd-bed2-43f288fc0141,IG Story,VIDEO,16.4.2026 10:00:56,ZA PÁR HODIN  JDEME DO BOJE 🦅,https://www.instagram.com/stories/vsefalcons/3876489899180354086,2313,2693,,1,2
@riderspardubice,instagram,4d6a67ab-9313-4f77-a82e-abb18adbca5d,bb162ab4-283c-4ab7-b6bf-692ad818d8b4,IG Post,IMAGE,12.4.2026 13:55:18,Tohle je crazyyy! Všichni jdeme nabíhejme vyprodat vstupenky na @unihokejfinalfour! 🤯🤯,https://www.instagram.com/p/DXCLS7IjAmg/,,21225,435,15,61
vsefalcons,instagram,709fceba-e311-48e7-9057-f54a587abf4a,d6185d60-ed70-4c32-b46a-c63c47a16f39,IG Story,VIDEO,3.3.2026 18:30:13,BAGO time ⚽️,https://www.instagram.com/stories/vsefalcons/3844856355400224833,704,842,,,
@218107044725785,facebook,7a942e3e-6c47-4794-9ba7-bbc7b6d40cb3,260045e7-0272-4d57-907d-7691c327d0a9,FB Post,IMAGE,11.3.2026 17:42:17,"Tak toto? 🥹 JSTE BLÁÁÁZNI ❤️

Vážíme si každýho z vás a už zejtra se všichni vidíme na @bitvaoprahu 🥉",https://www.facebook.com/122282816036218300/posts/122278376702218300,223,,12,,
@riderspardubice,instagram,4d6a67ab-9313-4f77-a82e-abb18adbca5d,4daf729d-c0b9-4ec0-ba13-ccf91865767c,IG Story,VIDEO,12.4.2026 13:03:54,VÝBORNÝ ZÁKROK 👏🏻👏🏻 @63skorpiz  2:1,https://www.instagram.com/stories/riderspardubice/3873683161372985119,,1080,,,
@cvutengineers,instagram,11963a07-7f0f-48e6-9d81-aa63a7ff4a04,aadaa9c7-d279-42bc-a246-a69bdd8b402e,IG Post,IMAGE,4.3.2026 21:45:44,"Dneska zůstaly 3 body doma na Hvězdě ✊🏼
No a příští týden bude nabitej 🫡 be ready!

#engprg #win",https://www.instagram.com/p/DVel7p4DNaU/,,3069,91,,3
@riderspardubice,instagram,4d6a67ab-9313-4f77-a82e-abb18adbca5d,64c803fe-a285-4655-b521-f3c3a30da6c4,IG Story,VIDEO,8.4.2026 7:31:52,,https://www.instagram.com/stories/riderspardubice/3870616904293708860,,869,,,1
@united_hk,instagram,b18c071b-0570-48b2-b743-990c668c3c5b,c3d376e1-8167-4637-9de8-bebdc3099bf5,IG Post,IMAGE,27.4.2026 11:12:14,"S UNIted HK se loučí i náš asistent trenéra Mario Kellner.

Mario byl důležitou součástí realizačního týmu a podílel se na tom, jak tým fungoval na ledě i mimo něj.
Svoji práci dělal poctivě a vždy ve prospěch týmu.

Díky za čas, energii a všechno, co jsi pro UNIted HK udělal.

Přejeme ti hodně štěstí do další životní kapitoly.
🖤🧡",https://www.instagram.com/p/DXogtEMCFRd/,,4987,110,1,13
vsefalcons,instagram,709fceba-e311-48e7-9057-f54a587abf4a,da5cbc89-af62-42b6-a729-b5fa74a92a0c,IG Story,VIDEO,26.1.2026 15:20:29,JSME NA MÍSTĚ ❄️ ❄️,https://www.instagram.com/stories/vsefalcons/3818668926897268778,,1178,,,1
@riderspardubice,instagram,4d6a67ab-9313-4f77-a82e-abb18adbca5d,467129d9-b840-4f3b-964f-13ae118b6d9f,IG Story,VIDEO,31.3.2026 19:04:38,,https://www.instagram.com/stories/riderspardubice/3865167392058118351,,696,,,
@boostrava,instagram,1176ddaf-d366-48a2-9639-3c6694c72c85,a4f798b7-4d77-40da-b494-5b42c82765c3,IG Post,IMAGE,14.4.2026 10:25:52,"Rádi bychom poděkovali trenérovi Honzovi Dětskému za tři úspěšné roky, které jsme mohli strávit pod jeho vedením.
Děkujeme za jeho přístup, podporu, trpělivost i nasazení, které nám po celou dobu předával.

Odnášíme si spoustu zkušeností i společných vzpomínek, na které budeme rádi vzpomínat.
Věříme, že se naše cesty v budoucnu ještě setkají.

Přejeme mnoho úspěchů do další etapy a ještě jednou VELKÉ DÍKY✨",https://www.instagram.com/p/DXG8v-oDNNJ/,,6768,204,2,44
@218107044725785,facebook,7a942e3e-6c47-4794-9ba7-bbc7b6d40cb3,aae04cec-af63-42e7-a101-0d4ca1b9cd2a,FB Post,IMAGE,12.4.2026 15:00:27,"Takhle vypadal náš poslední zápas proti @cvutengineers ⚔️

A už ve čtvrtek se s nimi utkáme znovu, jenže tento zápas bude znamenat MNOHEM více 🫨 Potřebujeme vás všechny u toho 📢

🎟️ Vstupenky na @unihokejfinalfour seženeš na profilu a můžeš použit kód “VSEFANS” ať fandíš levněji",https://www.facebook.com/122282816036218300/posts/122283645914218300,443,,13,,
vsefalcons,instagram,709fceba-e311-48e7-9057-f54a587abf4a,baa36078-b432-41bf-accd-2cc1dade586b,IG Reel,REEL,11.3.2026 7:21:22,"Natrénováno máme, teď to jen ukázat na ledě 😤 

Přijďte nás zítra podpořit na @bitvaoprahu 💪🏼 Budeme vás potřebovat víc, než kdy jindy! 💙

#vsefalcons #bitvaoprahu",https://www.instagram.com/reel/DVvE071iOkr/,,5946,79,4,21
@riderspardubice,instagram,4d6a67ab-9313-4f77-a82e-abb18adbca5d,da9344bf-b049-438e-9435-e918634b2354,IG Story,VIDEO,12.4.2026 13:20:43,EMOCE SE STUPŇUJÍ! 😬 +NESKUTEČNÝ @63skorpiz  2:2,https://www.instagram.com/stories/riderspardubice/3873691622768915357,,1074,,,
@univerzitnihokej,instagram,1e114592-3529-4cfe-9977-2598454053af,e08b20e6-8659-45f8-a7ff-a8c0b5e68b68,IG Reel,VIDEO,12.3.2026 18:00:19,Takové pohyby se asi naučil na farmě 🤭,https://www.instagram.com/reel/DVyyw1RCNJV/,,8741,172,,29
@AkademiciPlzen,facebook,d87b94e3-03e8-45d0-b92e-75e9b819545c,e2a660fc-02bf-4688-aad2-646dd5ff0ba7,FB Post,IMAGE,3.3.2026 15:57:04,"JARNÍ BITVA UŽ ZÍTRA! 👊🏻

Doraž včas na Proud, Redbull nebo svařák do fanzóny, nalaď hlasivky a pojď z toho udělat večer, na kterej se bude vzpomínat!

🕰️ 17:30 otevření fanzóny
📍 LOGSPEED CZ Aréna
🎟️ Lístky najdeš v biu nebo na plzenskabitva.cz

Tak co, bude nás ještě víc než loni? 🔥
#akademiciplzen",https://www.facebook.com/1357105236437494/posts/1333889612092390,628,,16,,
@akademiciplzen,instagram,65494228-95bf-4f7b-8e68-d47d7262db66,eaf2abd5-1b36-47cd-8f6b-e4cfabd0f600,IG Reel,VIDEO,17.3.2026 13:21:42,"Ví naši fanoušci, co je ofsajd? 👀
A kdo to pak nejvíc rozjel na afterparty? 😏

Na to se diváků na bitvě zeptala @deniskaurbankova 🎤.
Mrkni, jak to dopadlo!

#akademiciplzen #univerzitnihokej",https://www.instagram.com/reel/DV_KLZbDI7B/,,14820,311,2,57
@riderspardubice,instagram,4d6a67ab-9313-4f77-a82e-abb18adbca5d,17b4d444-5e6a-4bd1-9bd4-4f6f462f70d6,IG Post,IMAGE,17.4.2026 15:30:19,Druhá třetina před námi! 🏒,https://www.instagram.com/p/DXPOTNRjFgB/,,2912,66,,2
@univerzitnihokej,instagram,1e114592-3529-4cfe-9977-2598454053af,9c0c11b5-d23c-43a7-a2b0-514469a87b40,IG Story,VIDEO,18.4.2026 10:25:24,,https://www.instagram.com/stories/univerzitnihokej/3877952009991115457,,1217,,,1
vsefalcons,instagram,709fceba-e311-48e7-9057-f54a587abf4a,d2871e67-3608-45a0-9c2d-7ddc1f6a6f84,IG Story,VIDEO,10.3.2026 23:32:22,,https://www.instagram.com/stories/vsefalcons/3850081853306881917,759,,,,
@218107044725785,facebook,7a942e3e-6c47-4794-9ba7-bbc7b6d40cb3,aade16f7-db31-49b3-882e-7edef3654aa7,FB Video,VIDEO,12.3.2026 14:26:05,Jsme na místě 🥵,https://www.facebook.com/reel/1111260461130429/,627,270,12,,
@AkademiciPlzen,facebook,d87b94e3-03e8-45d0-b92e-75e9b819545c,ebfae5c4-1d9c-46c8-931d-11d508be788c,FB Video,VIDEO,27.4.2026 20:04:18,"Zavzpomínali jsme na Jarní bitvu… a přenesli se až do devadesátek! 🎞️
Chybí vám taky ta atmosféra? Nesmutněte, už příští týden oznámíme datum Bitvy o Plzeň! 🔥

#akademiciplzen 💙",https://www.facebook.com/reel/1651183299271454/,746,335,2,,
@AkademiciPlzen,facebook,d87b94e3-03e8-45d0-b92e-75e9b819545c,f77b18e1-d255-466a-831a-65dfd827cdf4,FB Video,VIDEO,3.3.2026 8:30:54,"5 důvodů, proč přijít na Bitvu už v 17:30! 🕺🏼🪽🍻

#akademiciplzen #jarnibitva",https://www.facebook.com/reel/26197849436570204/,1383,513,9,,
@vutcavaliersbrno,instagram,b384bebf-72f3-4f9d-8b2d-3677709f6966,902bb45e-dad0-423c-b0c1-6284434ed60b,IG Story,IMAGE,1.4.2026 17:56:28,,https://www.instagram.com/stories/vutcavaliersbrno/3865857846361480882,,475,,,
@riderspardubice,instagram,4d6a67ab-9313-4f77-a82e-abb18adbca5d,325a6843-f3db-4e46-a998-33076aec1fbf,IG Story,VIDEO,8.4.2026 19:23:55,1:1,https://www.instagram.com/stories/riderspardubice/3870976725539189644,,491,,,
@univerzitnihokej,facebook,01b45180-0b14-4a14-96e8-d0a4bab1fb9f,10c138ba-4cdc-40d4-915c-d56133322167,FB Post,ALBUM,31.3.2026 8:49:54,"PRVNÍ DUEL PLAY-IN 😤

Falcons 🆚 UNIted
Jeden zápas. Jedna šance. Kdo postoupí do finále? 👇🏻",https://www.facebook.com/1275398168115026/posts/1274714014850108,281,,2,,
@univerzitnihokej,facebook,01b45180-0b14-4a14-96e8-d0a4bab1fb9f,993b1088-8022-4253-a521-36d8e50f908a,FB Video,VIDEO,2.4.2026 16:22:51,Semifinálové drama v Budějovicích 😤 Cavaliers domácí Black Dogs potrápili až do nájezdů.,https://www.facebook.com/reel/1302653698430910/,2749,1412,8,,
vsefalcons,instagram,709fceba-e311-48e7-9057-f54a587abf4a,adca0a34-86e2-4a62-bb4b-5d3cc5a51cdd,IG Story,VIDEO,10.2.2026 18:49:00,🕺 @jan_kubata  PLAYLIST V POŘÁDKU,https://www.instagram.com/stories/vsefalcons/3829645520767832049,660,852,,,
@united_hk,instagram,b18c071b-0570-48b2-b743-990c668c3c5b,c17aa6d2-3893-4097-afe3-d8e33a8110ef,IG Reel,VIDEO,10.3.2026 17:42:41,"Světla zhasínají. 
Příběh hokejistů začíná. 🏒🎬

🎟️Zapoj se do soutěže:

2x2 lístky na maratón první série Heated Rivalry v kinách CineStar pro tebe a tvého kámoše! 

📌Podmínky soutěže:
1) označ, s kým bys seriál chtěl/a vidět 
2) dej like na post

Ve čtvrtek vylosujeme 2 výherce, kteří si můžou premiéru užít přímo z první rady!

#unitedhk #unihokej #hbomax #heatedrivalry",https://www.instagram.com/reel/DVtlHMiiH0W/,,5574,138,19,42
@riderspardubice,instagram,4d6a67ab-9313-4f77-a82e-abb18adbca5d,85c07faa-8f76-4101-b044-be7eb05a4aa4,IG Story,VIDEO,4.4.2026 22:25:15,,https://www.instagram.com/stories/riderspardubice/3868167456921766740,,111,,,
@univerzitnihokej,instagram,1e114592-3529-4cfe-9977-2598454053af,85d6a5b9-e4e4-4204-96d5-112b4c1ed1cd,IG Story,VIDEO,17.4.2026 14:53:03,,https://www.instagram.com/stories/univerzitnihokej/3877361945875610714,,1716,,,
@riderspardubice,facebook,f99ed6c3-17cc-46f4-a32e-d9b0576ce2df,7ef2d11e-63fc-4b4c-b12a-52955ecc9d84,FB Post,IMAGE,3.3.2026 10:35:24,"Hlásíme důležitý zápas, bude se hrát o postup do play-off!🚨🗣️

Venkovní zápas
🗓️ 4.3. v 19:30
📍 ve Sportcentrum Lužánky
⚔️ proti @hc_muni 

#riders#venkovnízápas",https://www.facebook.com/1592662819534019/posts/1566621892138112,148,,1,,
@bitvaoprahu,facebook,75e0f41f-82be-4f82-a77b-82ac11135ed2,e56c2718-de3f-4bd6-ae87-f01c2060ba2a,FB Post,IMAGE,12.3.2026 9:45:02,"Tohle si otevři, až po 3 pivu ztratíš kámoše v davu... 👀",https://www.facebook.com/1441262177797849/posts/1419974623259938,183,,1,,
@cvutengineers,instagram,11963a07-7f0f-48e6-9d81-aa63a7ff4a04,ebf4153d-8b38-48ce-a850-47668696d8e8,IG Story,VIDEO,8.4.2026 18:06:30,MÁME ZA SEBOU NEPROMĚNĚNOU 5 MINUTOUVOU PŘESILOVKU 😮‍💨,https://www.instagram.com/stories/cvutengineers/3870936358080776110,,957,,,
@cvutengineers,instagram,11963a07-7f0f-48e6-9d81-aa63a7ff4a04,678476ab-940f-4180-879f-b25d0c635fcc,IG Story,VIDEO,17.4.2026 19:52:32,🚨🚨🚨 JE TAM!!!!! @bernattomas16,https://www.instagram.com/stories/cvutengineers/3877512537017482629,,1287,,,
@riderspardubice,instagram,4d6a67ab-9313-4f77-a82e-abb18adbca5d,a5e01015-e760-4100-9ccd-cc2be0eb332c,IG Story,VIDEO,12.4.2026 12:27:36,STŘÍDÁNÍ MUSÍ BÝT🏒 2:0,https://www.instagram.com/stories/riderspardubice/3873664877906909193,,1074,,,
@riderspardubice,facebook,f99ed6c3-17cc-46f4-a32e-d9b0576ce2df,b5ecb15e-28ab-45da-b64f-1a293a3fdc1d,FB Post,PHOTO,31.3.2026 10:01:19,"Dnes důležitý zápas v Ostravě- PLAY-IN!👊🏻🔥

Play-in
🗓️ 31.3. v 19:30
📍 v RT Torax Arena 
⚔️ proti @boostrava 

#playin#riders",https://www.facebook.com/1592662819534019/posts/1591934322940202,303,,6,,
@univerzitnihokej,facebook,01b45180-0b14-4a14-96e8-d0a4bab1fb9f,c778b4ad-8976-4d9a-a910-c207839cfc18,FB Post,PHOTO,30.3.2026 18:04:05,Jan Zoufal o univerzitním hokeji v Česku i zahraničí! 🇨🇿🌍 Celý článek na webu hokej.cz 👨🏻‍💻,https://www.facebook.com/1275398168115026/posts/1274304248224418,1706,,16,,
vsefalcons,instagram,709fceba-e311-48e7-9057-f54a587abf4a,2378a6d1-6ec2-4bf6-aaf7-dc35834afa8f,IG Story,VIDEO,8.1.2026 7:31:18,@_jobas57_ 🎩,https://www.instagram.com/stories/vsefalcons/3805386811434892077,,1541,,,3
@univerzitnihokej,facebook,01b45180-0b14-4a14-96e8-d0a4bab1fb9f,0d09a2b7-d1b7-43dd-a402-f8b4928d95f1,FB Post,IMAGE,8.4.2026 19:37:47,"@ukkingsprague také vás vítáme v @unihokejfinalfour 👋🏻 Vidíme se 16. 4. na Edenu 🏟️

Vstupenky na finalfour.cz 🎟️",https://www.facebook.com/1275398168115026/posts/1281439667510876,404,,3,,
@united_hk,instagram,b18c071b-0570-48b2-b743-990c668c3c5b,0e0e3ed4-b6fd-4510-8f3e-9605afb248b8,IG Story,VIDEO,11.4.2026 14:43:37,Poběž s námi 🏃🏼,https://www.instagram.com/stories/united_hk/3873008702231979592,,546,,,
vsefalcons,instagram,709fceba-e311-48e7-9057-f54a587abf4a,25e65f9b-b439-46c1-9dff-8afd59347a10,IG Story,VIDEO,24.2.2026 22:16:09,,https://www.instagram.com/stories/vsefalcons/3839896628618609325,614,831,,,
@univerzitnihokej,instagram,1e114592-3529-4cfe-9977-2598454053af,cce4c84b-23b5-4fe3-ad5e-062c1a77fff2,IG Story,VIDEO,17.4.2026 16:33:14,,https://www.instagram.com/stories/univerzitnihokej/3877412362844166122,,1638,,,
@hcmuni,facebook,d1f9e9f9-7526-42d4-85aa-13f91e89f7cf,7c80baa1-cf38-4efd-a813-a097a77dfcac,FB Post,IMAGE,9.3.2026 9:30:32,"Nemáš plány na víkend? Tak vyraž na hokej 🏒 Další domácí zápas proti @czufarmers 🔥Trochu netradičně v sobotu!🐻💙 
A pozor jen za 50,-

Lístky koupíš tady https://hcmuni.enigoo.cz/app/tickets/events 🎟️",https://www.facebook.com/1581741777288398/posts/1560793032716606,301,,2,,
@cvutengineers,instagram,11963a07-7f0f-48e6-9d81-aa63a7ff4a04,a110e345-3ac2-4fc8-aa4e-45cf493e78e2,IG Story,IMAGE,9.4.2026 16:47:04,Alky byl včera jakože…,https://www.instagram.com/stories/cvutengineers/3871621120311218164,,711,,,
@riderspardubice,instagram,4d6a67ab-9313-4f77-a82e-abb18adbca5d,00550237-8e73-4484-a9c5-a298514ecb94,IG Story,VIDEO,14.4.2026 14:37:25,,https://www.instagram.com/stories/riderspardubice/3875179741276061523,,482,,,1
vsefalcons,instagram,709fceba-e311-48e7-9057-f54a587abf4a,7880d0bd-2d00-4e7a-945d-9537e177c05d,IG Story,VIDEO,1.6.2026 14:03:26,PONDĚLNÍ MAKAČKA 😮‍💨 🥵,https://www.instagram.com/stories/vsefalcons/3909951699900988541,,1029,,,
@engineersprague,facebook,afd06d1d-7b1c-4f66-8d93-ce4255ab773c,e59802bc-aa2b-41b0-a932-a6184bd8d7cb,FB Story,VIDEO,10.3.2026 21:37:10,,,,,,,
@riderspardubice,facebook,f99ed6c3-17cc-46f4-a32e-d9b0576ce2df,374868b1-cdb3-4418-b990-c641f7fef2e2,FB Video,VIDEO,1.4.2026 16:08:29,"Pokračujeme, nekončíme!🫡",https://www.facebook.com/reel/1617754682604559/,610,169,12,,
@akademiciplzen,instagram,65494228-95bf-4f7b-8e68-d47d7262db66,8f993dda-3a15-4e1a-8fbd-1cb5dcd48a55,IG Story,VIDEO,1.4.2026 16:39:24,,https://www.instagram.com/stories/akademiciplzen/3865819056582705340,,1503,,,
@hcnorthwings,facebook,2b08a479-603b-46e4-8a48-2bc0435ccd53,0cc62fb0-6afd-4df7-8e5c-77c67964586f,FB Video,VIDEO,12.3.2026 10:15:10,🎥 | Přinášíme sestřih branek 24. kola @univerzitnihokej ve kterém studenti @ujepul - HC North Wings podlehli celku @akademiciplzen na domácím ledě 🏒 #univerzitnihokej,https://www.facebook.com/reel/1524737392830859/,363,106,,,
@engineersprague,facebook,afd06d1d-7b1c-4f66-8d93-ce4255ab773c,687d6eb1-de46-49de-9ff0-ce5be354020e,FB Post,IMAGE,9.4.2026 13:25:53,"Tahle výhra byla sladká 🤤 

@unihokejfinalfour 🔜

📸: @ondra_mann",https://www.facebook.com/1560924572517692/posts/1568134618463354,1263,,10,,
@bitvaoprahu,instagram,d7c8aa06-74fb-4c6c-a7d2-c2fe1bf6d59c,5e9a722e-b395-4cbe-92fd-6bc74bbf51fd,IG Story,VIDEO,13.4.2026 17:27:13,"🔥 prostě všechno tak,
jak to máme nejradši",https://www.instagram.com/stories/bitvaoprahu/3874540476053593610,,811,,,
@218107044725785,facebook,7a942e3e-6c47-4794-9ba7-bbc7b6d40cb3,6eaec223-e132-48eb-854d-c80f3f0e63dd,FB Video,VIDEO,20.3.2026 17:31:13,@hamrbrmbrm13 na micu nebo spíš všichni ostatní na micu? 🤔,https://www.facebook.com/reel/1467057604928346/,332,115,2,,
vsefalcons,instagram,709fceba-e311-48e7-9057-f54a587abf4a,da4b2528-29ae-4dfe-8fe6-3ae78cfef33a,IG Post,PHOTO,11.3.2026 17:42:08,"Tak toto? 🥹 JSTE BLÁÁÁZNI ❤️

Vážíme si každýho z vás a už zejtra se všichni vidíme na @bitvaoprahu 🥉",https://www.instagram.com/p/DVwL-PoCKDT/,,3495,108,,3
@akademiciplzen,instagram,65494228-95bf-4f7b-8e68-d47d7262db66,ba39c344-f719-43bf-8780-baf73de4d2d2,IG Story,VIDEO,31.3.2026 19:37:52,,https://www.instagram.com/stories/akademiciplzen/3865184106477059956,,832,,,1
@cvutengineers,instagram,11963a07-7f0f-48e6-9d81-aa63a7ff4a04,e8a985c3-9ddc-4c6f-8b23-4c82011acbf3,IG Story,VIDEO,17.4.2026 22:00:12,DĚKUJEME 🦁 lepší fanoušky bychom těžko hledali🥹,https://www.instagram.com/stories/cvutengineers/3877576718802533556,,981,,,
vsefalcons,instagram,709fceba-e311-48e7-9057-f54a587abf4a,1502c61b-04d0-4447-b2db-19fcca432761,IG Reel,VIDEO,19.4.2026 11:35:35,Pojďte si s náma pro medaile 😍,https://www.instagram.com/reel/DXT88ebiP2w/,,7381,247,,9
@akademiciplzen,instagram,65494228-95bf-4f7b-8e68-d47d7262db66,f1137f76-d7da-42d5-92a4-12abb25833dc,IG Story,VIDEO,9.4.2026 9:55:50,CHCEŠ MÍT PŘEHLED O STUDENTSKÝCH AKCÍCH? STAHUJ NOVOU APLIKACI! 📱,https://www.instagram.com/stories/akademiciplzen/3871414145057031917,,1167,,,1
@bitvaoprahu,facebook,75e0f41f-82be-4f82-a77b-82ac11135ed2,be9a4d85-657e-46d1-a1a6-416285469b02,FB Post,IMAGE,11.3.2026 18:43:07,"Program zítřejšího večera, aby ti niiiiiic neuteklo! 🫡🥳

Lístky ještě pořád můžeš koupit 👉🏻 bitvaoprahu.cz🎟️",https://www.facebook.com/1441262177797849/posts/1419525453304855,231,,,,
@riderspardubice,instagram,4d6a67ab-9313-4f77-a82e-abb18adbca5d,e8250866-8220-4ff9-ae8a-a9c8a868c7be,IG Story,VIDEO,12.4.2026 13:09:25,ZAPNI ZVUK A POSLECHNI SI ATMOSFÉRU LUCKY LOSER ZÁPASU 💆🏼‍♀️ 💆🏼,https://www.instagram.com/stories/riderspardubice/3873687083013693006,,1081,,,
@univerzitnihokej,instagram,1e114592-3529-4cfe-9977-2598454053af,9cf65ff1-5cb6-447e-837f-86fec5490a60,IG Story,VIDEO,10.4.2026 10:28:43,BUDEME PSÁT HISTORII UNIHOKEJE V ČESKU 🏆 🫵🏻,https://www.instagram.com/stories/univerzitnihokej/3872155537588679951,,1442,,,1
vsefalcons,instagram,709fceba-e311-48e7-9057-f54a587abf4a,8228c78d-66fd-402c-93b0-cc67d4543a79,IG Reel,VIDEO,9.12.2025 20:20:19,FRIENDLY REMINDER!🔔 Poslední možnost získat bodíky na cviku 🥶,https://www.instagram.com/reel/DSDkvvpiL5u/,,15170,377,,20
@bitvaoprahu,facebook,75e0f41f-82be-4f82-a77b-82ac11135ed2,e2871a0a-0451-4d66-abd7-df7fac2815d0,FB Post,IMAGE,10.3.2026 6:00:07,"S účtem u ČSOB dostaneš z afterparty Bitvy o Prahu 20% zpět z útraty 🤑

Stačí si založit účet u @csobcz přes odkaz v biu @univerzitnihokej 
Afterparty může bolet, účet už o něco míň 🫡",https://www.facebook.com/1441262177797849/posts/1418087006782033,217,,,,
@riderspardubice,instagram,4d6a67ab-9313-4f77-a82e-abb18adbca5d,9c046086-b4d2-4ff6-8656-d269aad913d9,IG Story,VIDEO,17.4.2026 14:56:20,,https://www.instagram.com/stories/riderspardubice/3877363465086330680,,918,,,
@univerzitnihokej,facebook,01b45180-0b14-4a14-96e8-d0a4bab1fb9f,189d7a65-909b-47fc-aec0-fe5321b641b1,FB Post,IMAGE,15.3.2026 18:56:40,"Další dva TOP zápasy máme za sebou a dokonce už známe vítěze letošní základní části 💪🏼 play-in a @unihokejfinalfour se pomalu blíží, jste ready? 😎",https://www.facebook.com/1275398168115026/posts/1261975222790654,795,,1,,
@akademiciplzen,instagram,65494228-95bf-4f7b-8e68-d47d7262db66,5c954987-34e1-47d2-9100-20b6ee60118f,IG Post,IMAGE,13.3.2026 13:39:56,"Náš nejproduktivnější hráč znovu úřadoval. 💥

Kamil Hajšman si v zápase proti @hcnorthwings připsal 3 góly a 2 asistence a po zásluze se stal hráčem zápasu.

Mrkni na jeho gólovou show. 🎥

#akademiciplzen 💙",https://www.instagram.com/p/DV052FGDDbk/,,5587,105,2,2
vsefalcons,instagram,709fceba-e311-48e7-9057-f54a587abf4a,795972e0-f894-4934-8f84-a82ad65d67e6,IG Reel,REEL,20.3.2026 17:30:52,@hamrbrmbrm13 na micu nebo spíš všichni ostatní na micu? 🤔,https://www.instagram.com/reel/DWHTW6iiHg6/,,5312,95,1,9
univerzitnihokej,tiktok,01c88cf9-594f-408e-a45a-95114221acae,80bc3d6c-473b-4e0e-a206-adebc565b81e,TT Video,VIDEO,17.4.2026 16:53:26,🎺 Gól který poslal @vsefalcons do vedení!! 2:1 🎺,https://www.tiktok.com/@univerzitnihokej/video/7629772313902337302?utm_campaign=tt4d_open_api&utm_source=7348986504397455361,,2058,100,,2
@riderspardubice,instagram,4d6a67ab-9313-4f77-a82e-abb18adbca5d,88e2f365-2652-40b9-9097-5d491fbdf8f4,IG Story,VIDEO,15.4.2026 15:24:07,KDO S NÁMI JEDE? 😎,https://www.instagram.com/stories/riderspardubice/3875928037389038019,,709,,,
@cvutengineers,instagram,11963a07-7f0f-48e6-9d81-aa63a7ff4a04,b8852752-e909-4ba9-a291-6e563b61f8e3,IG Post,IMAGE,9.4.2026 16:42:07,"Úspěšnost 97,62 % a k tomu 6 ze 7 nájezdů 😮‍💨 Tohle byla Alťákova show 🧱 

#engprg",https://www.instagram.com/p/DW6wKDYDKPH/,,39711,1134,1,44
vsefalcons,instagram,709fceba-e311-48e7-9057-f54a587abf4a,f1b7a10f-bbe1-4856-bed6-f8d89d686594,IG Reel,VIDEO,8.4.2026 19:28:15,"FINAL F*CKING FOUR ‼️‼️‼️ 

Vidíme se příští týden v Edenu 👀 Lístky už teď k dostání na profilu 🎟️

#vsefalcons #univerzitnihokej",https://www.instagram.com/reel/DW4eRVZCB_C/,,16632,451,1,24
vsefalcons,instagram,709fceba-e311-48e7-9057-f54a587abf4a,10a526b3-3dba-4b2d-bc74-0019879458d9,IG Story,VIDEO,6.3.2026 11:05:33,@alan.david6,https://www.instagram.com/stories/vsefalcons/3846806860665994129,,1111,,,8
vsefalcons,instagram,709fceba-e311-48e7-9057-f54a587abf4a,2c8d01c6-e076-4aa2-a32d-428c7f574116,IG Story,VIDEO,10.2.2026 23:21:41,"🎙️ David
Straka",https://www.instagram.com/stories/vsefalcons/3829783796417843112,599,599,,,
@riderspardubice,instagram,4d6a67ab-9313-4f77-a82e-abb18adbca5d,2f854342-b492-4542-ab2a-273a0680c7ad,IG Story,VIDEO,8.4.2026 17:08:09,PLAY-IN ROZBRUSLENÍ ⭐️ ⭐️,https://www.instagram.com/stories/riderspardubice/3870907785374648495,,705,,,
@cvutengineers,instagram,11963a07-7f0f-48e6-9d81-aa63a7ff4a04,3035d4a9-d5e0-43f7-8646-9a0baebe3d4b,IG Post,IMAGE,17.4.2026 18:18:39,"NAPOSLEDY V TÉTO SEZONĚ 🔥
LET’S GO ENGINEERS 🫶🏻",https://www.instagram.com/p/DXPhbCGDFex/,,2579,54,,
@united_hk,instagram,b18c071b-0570-48b2-b743-990c668c3c5b,e801d1e2-c282-46dc-af1b-e356712d6178,IG Story,VIDEO,25.4.2026 11:55:37,@garnier_czsk  DĚKUJEME 🌞 DĚKUJEME ZA DÁREČKY ZA DÁREČKY 🌞,https://www.instagram.com/stories/united_hk/3883070683244716573,,1072,,,2
@bitvaoprahu,facebook,75e0f41f-82be-4f82-a77b-82ac11135ed2,f1a0434f-ace8-497b-b5c1-4e5761647ee7,FB Video,VIDEO,12.3.2026 16:19:32,"ZAČÍNÁME! 🔥

Hala se nám začíná plnit! 🥁 Malé pražské univerzitní derby sleduj živě na @sport_ct ➕. 📺

#bitvaoprahu | @czufarmers ⚔️ @vsefalcons",https://www.facebook.com/reel/1470697467995613/,3523,1193,6,,
vsefalcons,instagram,709fceba-e311-48e7-9057-f54a587abf4a,f532af0a-4885-455e-b24a-0288659bf2f9,IG Story,VIDEO,28.1.2026 17:45:58,@hamrbrmbrm13,https://www.instagram.com/stories/vsefalcons/3820191695581509776,,1300,,,5
vsefalcons,instagram,709fceba-e311-48e7-9057-f54a587abf4a,09c236b9-7f8d-42d2-a029-46849397a960,IG Reel,VIDEO,6.12.2025 8:53:53,"A jak se vy vyrovnáváte s mediálním tlakem? 🧐 Dejte Hroudičovi nějaké tipy. ⬇️

#vsefalcons",https://www.instagram.com/reel/DR6n3CpiCzh/,,5094,108,4,15
vsefalcons,instagram,709fceba-e311-48e7-9057-f54a587abf4a,1eadbc0a-37e3-430a-872b-4fb02993933c,IG Story,IMAGE,16.4.2026 18:58:20,,https://www.instagram.com/stories/vsefalcons/3876760643575524899,1074,794,,,2
@riderspardubice,instagram,4d6a67ab-9313-4f77-a82e-abb18adbca5d,3ccc17ff-3f20-4aac-9886-034b7886567b,IG Story,VIDEO,17.4.2026 16:46:38,1:3,https://www.instagram.com/stories/riderspardubice/3877418995825826900,,870,,,
@univerzitnihokej,instagram,1e114592-3529-4cfe-9977-2598454053af,9a6804c7-6785-40b3-b9be-ea3cb937cc54,IG Reel,VIDEO,22.4.2026 7:13:15,Matěj Sýkora si prošel univerzitním hokejem v @akademiciplzen 👀 Den před Final Four pískal extraligové utkání. Co říkal na atmosféru @unihokejfinalfour? 🙌🏻,https://www.instagram.com/reel/DXbMdDViFjT/,,19252,636,3,75
@univerzitnihokej,instagram,1e114592-3529-4cfe-9977-2598454053af,b51977b1-ddd9-450a-bc55-ab3485aafa88,IG Story,VIDEO,17.4.2026 20:16:24,,https://www.instagram.com/stories/univerzitnihokej/3877524689526470759,,1348,,,
@218107044725785,facebook,7a942e3e-6c47-4794-9ba7-bbc7b6d40cb3,b611e8fd-0449-42ec-a241-7a12976185c0,,TEXT,28.5.2026 12:26:44,"Za každým zápasem VŠE Falcons stojí hodiny práce v zákulisí. Abychom netrávili zbytečný čas nad administrativou a doklady, sjednocujeme procesy s celou ligou a přecházíme na cloudové účetnictví Evala.
Pro náš klub to znamená jedno prostředí pro sběr dokladů i komunikaci. Žádné zdlouhavé dohledávání, ale rychlost a efektivita.
Získaný čas obratem investujeme do rozvoje našeho týmu a přípravy další sezóny. Partnerství, které posouvá univerzitní hokej zase o krok dál! Celý článek čtěte zde:

https://www.evala.cz/blog/jak-univerzitni-hokej-digitalizuje-ucetnictvi-a-zjednodusuje-praci-s-doklady?fbclid=IwY2xjawSFEVRleHRuA2FlbQIxMQBzcnRjBmFwcF9pZBAyMjIwMzkxNzg4MjAwODkyAAEeaqUumDzYk8_jK8P6ueooBnHTICP1hzbo1FYWT34kkF2iU3XsxqKNmUfcrLs_aem_8BBZthXxwiYL5K-8TsnaRA",https://www.facebook.com/122282816036218300/posts/122290582418218300,361,,2,,
vsefalcons,instagram,709fceba-e311-48e7-9057-f54a587abf4a,6f32ac52-181b-42d1-81bc-eb6f65c06ac5,IG Reel,REEL,14.3.2026 12:37:33,"Unposted záběry, které si nemůžeme nechat jen pro sebe 💙🏆",https://www.instagram.com/reel/DV3XNWUCAdO/,,7771,234,3,1
vsefalcons,instagram,709fceba-e311-48e7-9057-f54a587abf4a,b4da6fd3-8b91-41b3-ab4c-dac37e2d103a,IG Reel,REEL,17.3.2026 20:16:55,"Garnier Fructis je u nás v šatně cenný zboží 🧴💆‍♂️
Kdo má, nepůjčuje. Kdo nemá, lituje. 😄",https://www.instagram.com/reel/DV_6NPQiJHt/,,9873,146,4,27
vsefalcons,instagram,709fceba-e311-48e7-9057-f54a587abf4a,cf6e1b52-4908-4067-9b9b-0fc4ee07b454,IG Story,VIDEO,16.3.2026 11:49:23,,https://www.instagram.com/stories/vsefalcons/3854076685108923815,816,1010,,1,42
vsefalcons,instagram,709fceba-e311-48e7-9057-f54a587abf4a,4256a1dc-94e2-4a85-9a91-95f0f5c64b79,IG Story,VIDEO,23.6.2026 19:00:56,GALAVEČER  na půdě @vsecz 🤵,https://www.instagram.com/stories/vsefalcons/3926046714679020616,,1469,,,6
@riderspardubice,instagram,4d6a67ab-9313-4f77-a82e-abb18adbca5d,599855ae-f28e-4e0a-a0d0-b8d303b86336,IG Story,VIDEO,17.4.2026 15:32:53,,https://www.instagram.com/stories/riderspardubice/3877381886058476625,,910,,,
vsefalcons,instagram,709fceba-e311-48e7-9057-f54a587abf4a,5f8a803d-bccc-4834-8471-19d6a277e5b6,IG Story,VIDEO,30.3.2026 9:11:27,🎟️,https://www.instagram.com/stories/vsefalcons/3864144110579929744,755,868,,,2
@univerzitnihokej,facebook,01b45180-0b14-4a14-96e8-d0a4bab1fb9f,7ae3bd0f-9080-4d5b-83a0-1174818221e0,FB Post,IMAGE,15.3.2026 14:12:02,"Už je nás 1️⃣3️⃣ 0️⃣0️⃣0️⃣ a pořád rosteme! 🚀 Díky, že jste u toho s námi! 🙏🏻🤩",https://www.facebook.com/1275398168115026/posts/1261794419475401,724,,6,,
vsefalcons,instagram,709fceba-e311-48e7-9057-f54a587abf4a,eb390fdb-5b9e-4a2a-aabf-2e85f31b5102,IG Story,VIDEO,26.2.2026 12:06:47,"‼️ DŮLEŽITÉ INFO ‼️ 🍺 kdo bude mít na sobě Falcons merch, má jedno pivo na nás 💰doporučujeme mít hotovost PUB KVÍZ ⏰ začínáme v 19:00, ale udělejte si raději časovou rezervu a přijďte dřív 👋🏼",https://www.instagram.com/stories/vsefalcons/3841039470862824940,1109,1630,,,20
vsefalcons,instagram,709fceba-e311-48e7-9057-f54a587abf4a,8659ad2c-046c-4fcd-a503-d5ff1962711c,IG Story,VIDEO,12.3.2026 13:06:26,PRO JAKOU SI DNES PŘIJDEŠ?,https://www.instagram.com/stories/vsefalcons/3851216358944029556,1652,1855,,,9
univerzitnihokej,tiktok,01c88cf9-594f-408e-a45a-95114221acae,8b07d8c0-88bf-4a22-a773-8fa4b78bdad9,TT Video,VIDEO,16.4.2026 18:05:59,Shrek is... elitní centr první lajny?,https://www.tiktok.com/@univerzitnihokej/video/7629419942508514582?utm_campaign=tt4d_open_api&utm_source=7348986504397455361,,1107,67,,2
vsefalcons,instagram,709fceba-e311-48e7-9057-f54a587abf4a,a7a9ed41-8b4b-42e3-a94d-7dcbc1138e91,IG Story,VIDEO,23.6.2026 19:20:31,,https://www.instagram.com/stories/vsefalcons/3926056542050764729,,714,,,1
@univerzitnihokej,facebook,01b45180-0b14-4a14-96e8-d0a4bab1fb9f,be38632a-1693-460a-99dc-bf1e7c677db7,FB Video,VIDEO,4.3.2026 21:01:04,"BAUER Gear Up Challenge 🧤
Stopky běží. Kdo se oblékne nejrychleji?",https://www.facebook.com/reel/1478326090392034/,1824,740,2,,
vsefalcons,instagram,709fceba-e311-48e7-9057-f54a587abf4a,1068aaaa-54fe-4112-a74e-6dfcb0d31ec0,IG Story,VIDEO,9.2.2026 19:46:41,,https://www.instagram.com/stories/vsefalcons/3828949780861080987,,1332,,,13
@hc_muni,instagram,43cd62c8-609d-4ea6-8ce9-cae5242ede0c,612d0d73-10dc-4dcb-8d17-a280c037ca86,IG Post,IMAGE,12.3.2026 12:43:04,"Bojovali jsme až do konce, ale nájezdy jsou loterie 
Hlavy nahoře – jdeme dál! 🔥💪🏻

Vidíme se v sobotu na Lužánkách!!! 💙

#hcmuni",https://www.instagram.com/p/DVyOJJDjF4l/,,3476,85,,4
@vutcavaliersbrno,instagram,b384bebf-72f3-4f9d-8b2d-3677709f6966,bc31bd09-562b-447d-bbf6-5b780527babf,IG Post,IMAGE,9.3.2026 14:58:32,Díky @b_hockey_czech🏒 nám to sluší na ledě i mimo něj❤️‍🔥,https://www.instagram.com/p/DVqvqPEiLSf/,,6655,107,,4
@BOhokej,facebook,c9082543-a03b-490f-8f97-66d439acce89,b169d528-065b-47cc-89bf-1d8404add3b7,FB Post,IMAGE,4.3.2026 21:20:06,"Naši vítězové! 🦈

#hockey #winners",https://www.facebook.com/1477974067675582/posts/1454480773358245,2602,,29,,
@univerzitnihokej,instagram,1e114592-3529-4cfe-9977-2598454053af,edc8363e-147f-4d71-8f77-4883aeab63f4,IG Post,IMAGE,1.4.2026 10:24:05,"Semifinále play-in pokračuje! 👇🏼

Black Dogs 🆚 Cavaliers
Vstupenka do finále je jen jedna. Kdo ji získá?",https://www.instagram.com/p/DWleiNgiIoQ/,,9851,155,,20
univerzitnihokej,tiktok,01c88cf9-594f-408e-a45a-95114221acae,7ff15554-be24-4869-b98e-7ff63c7ecd6d,TT Video,VIDEO,16.4.2026 19:47:03,Srovnání zápasu bylo rychlé. 🚀🚀,https://www.tiktok.com/@univerzitnihokej/video/7629445976557718806?utm_campaign=tt4d_open_api&utm_source=7348986504397455361,,1053,80,,
@united_hk,instagram,b18c071b-0570-48b2-b743-990c668c3c5b,a4542a52-e011-4966-9a35-ff6790a1537c,IG Story,IMAGE,23.4.2026 18:37:26,,https://www.instagram.com/stories/united_hk/3881823540655696465,,323,,,
vsefalcons,instagram,709fceba-e311-48e7-9057-f54a587abf4a,15e29455-b01e-4b18-9a6a-ebe145866aaa,IG Story,VIDEO,8.2.2026 17:19:09,,https://www.instagram.com/stories/vsefalcons/3828150763247931249,,1113,,,2
vsefalcons,instagram,709fceba-e311-48e7-9057-f54a587abf4a,4044a1f3-58aa-46e6-a157-45e43e05cfbb,IG Post,CAROUSEL_ALBUM,19.1.2026 10:33:24,"Za týden se vracíme zpět na led v plné síle! 💪🏼 
🔜 Winter Classic vs. 🐕‍🦺

📸 @radimjoska7",https://www.instagram.com/p/DTsGXaoCNYl/,,6238,161,,2
@hc_muni,instagram,43cd62c8-609d-4ea6-8ce9-cae5242ede0c,75e577ca-4245-4381-a610-c56a9f22de25,IG Post,PHOTO,21.3.2026 14:50:57,"🚨 LAST CALL! 🚨 Náš led! Naše pravidla! Poslední zápas sezóny a navíc derby s @vutcavaliersbrno 🔥🥶🐻

19:30 na Lužánkách 📍

Lístky koupíš u nás v biu 🎟️
#hcmuni",https://www.instagram.com/p/DWJnXW_jFPA/,,6077,86,,6
@AkademiciPlzen,facebook,d87b94e3-03e8-45d0-b92e-75e9b819545c,7f16f646-e7d7-46eb-bf3b-9666c07195bb,FB Post,IMAGE,26.3.2026 20:02:59,"ALL IN.

#akademiciplzen",https://www.facebook.com/1357105236437494/posts/1352739620207389,334,,2,,
@riderspardubice,instagram,4d6a67ab-9313-4f77-a82e-abb18adbca5d,a2218060-d21e-4437-875f-f66d59dca4c7,IG Reel,VIDEO,6.4.2026 19:21:55,"V úterý @hcpce, ve středu my! 🏒
Hockeytown 🔥",https://www.instagram.com/reel/DWzT6Y4EexY/,,7439,186,9,3
@united_hk,tiktok,7e062517-b9da-416d-b73d-a2c5899a2be6,b86786f3-47d7-47f0-962b-62f3cb632411,TT Video,VIDEO,26.3.2026 17:03:18,PLAY-IN se blíží. Začíná bitva o Final Four! 1 zápas. Všechno nebo nic. Vyhraješ → jedeš dál. Prohraješ → konec sezóny. ALL IN. #unitedhk #unihokej #hokej @Univerzitní hokej 🏒 ,https://www.tiktok.com/@united_hk/video/7621610993277357334?utm_campaign=tt4d_open_api&utm_source=7348986504397455361,,977,51,,2
@united_hk,instagram,b18c071b-0570-48b2-b743-990c668c3c5b,21f0ff16-a2b3-4c00-b531-fbc4e5e40b12,IG Story,IMAGE,17.4.2026 8:25:38,,https://www.instagram.com/stories/united_hk/3877166958563067773,,638,,,
@univerzitnihokej,instagram,1e114592-3529-4cfe-9977-2598454053af,390f44ff-7326-4956-acef-d215bf6d6ce5,IG Reel,VIDEO,4.3.2026 19:26:38,"KFC CHICKEN DETECTIVE 🕵🏻‍♂️🔍
Fanouškovské menu na vás čeká v restauracích KFC🍗",https://www.instagram.com/reel/DVeWCDQiDu0/,,11626,244,3,12
@riderspardubice,facebook,f99ed6c3-17cc-46f4-a32e-d9b0576ce2df,47282e5d-58d2-41dd-9e18-e9c87fffc90d,FB Video,VIDEO,9.3.2026 18:29:44,Kluci vědí jak to chodí! 🍻,https://www.facebook.com/reel/1346839960796925/,7071,4218,30,,
univerzitnihokej,tiktok,01c88cf9-594f-408e-a45a-95114221acae,621e3ccd-b7f0-479d-bb0f-9778f8ff978b,TT Video,VIDEO,14.4.2026 5:49:42,Engineers fans kotel volá 🦁 Kdo bude nejvíc slyšet? 📣 🎟️ finalfour.cz,https://www.tiktok.com/@univerzitnihokej/video/7628487971053817110?utm_campaign=tt4d_open_api&utm_source=7348986504397455361,,655,28,,
vsefalcons,instagram,709fceba-e311-48e7-9057-f54a587abf4a,aadd2c42-15f1-47db-b101-bf822a2c9a3b,IG Story,VIDEO,13.3.2026 16:17:13,DÁME SI TEĎ VAŠE POV 😎,https://www.instagram.com/stories/vsefalcons/3852037209327156910,1004,934,,,
vsefalcons,instagram,709fceba-e311-48e7-9057-f54a587abf4a,3051ed00-6881-4dad-a69c-e173f54aa0d9,IG Story,VIDEO,15.4.2026 9:39:09,📌 🏝️,https://www.instagram.com/stories/vsefalcons/3875754415617781831,735,853,,1,1
vsefalcons,instagram,709fceba-e311-48e7-9057-f54a587abf4a,ce76ebbe-95cf-4355-8e5f-dbbe4fd6ef77,IG Story,VIDEO,17.2.2026 19:07:12,,https://www.instagram.com/stories/vsefalcons/3834728091952363467,633,836,,,2
vsefalcons,instagram,709fceba-e311-48e7-9057-f54a587abf4a,0a517492-5eed-496f-abe2-2ac3d6bf0f44,IG Story,VIDEO,24.3.2026 18:28:11,Nálada v Ostravě 👌🏻,https://www.instagram.com/stories/vsefalcons/3860075640473039423,861,851,,,10
@riderspardubice,facebook,f99ed6c3-17cc-46f4-a32e-d9b0576ce2df,1cda4020-bef1-46a7-87d5-3a3b6150b46b,FB Post,IMAGE,15.3.2026 16:51:51,"V pondělí 23. března se uvidíme v letošní sezoně naposledy na domácím ledě! 👋🤩

Vstupenky koupíš přes odkaz v BIU!  🎟️",https://www.facebook.com/1592662819534019/posts/1577183921081909,371,,9,,
@engineersprague,facebook,afd06d1d-7b1c-4f66-8d93-ce4255ab773c,208c2620-ce03-48c3-a53c-911c5fd859d7,,TEXT,25.3.2026 9:32:44,"Od rozpačitého startu až po stříbrné emoce Bitvy o Prahu. Přečtěte si rekapitulaci o tom, jak se tým semknul, kdo ovládá kanadské bodování ligy a s jakými výzvami budeme vstupovat do nadcházejícího play-in. Konec základní části již dnes od 20:00 na Hvězdě! 🦁",https://www.facebook.com/1560924572517692/posts/1554807436462739,723,,7,,
@univerzitnihokej,instagram,1e114592-3529-4cfe-9977-2598454053af,4aa58fa0-e90c-454d-8c8b-782c9979a999,IG Reel,VIDEO,16.3.2026 15:48:22,Když Proud zvedne celou halu 🌊,https://www.instagram.com/reel/DV82vajiFuV/,,5039,190,,5
vsefalcons,instagram,709fceba-e311-48e7-9057-f54a587abf4a,9df480e6-5f33-433c-943a-b46cc5a086df,IG Story,IMAGE,26.1.2026 19:08:30,"4 4 Theimer
Suchan",https://www.instagram.com/stories/vsefalcons/3818783708388278396,,957,,,
@hcmuni,facebook,d1f9e9f9-7526-42d4-85aa-13f91e89f7cf,af314db5-732c-4226-bfdd-a948a881571a,FB Post,IMAGE,12.3.2026 12:43:09,"Bojovali jsme až do konce, ale nájezdy jsou loterie 
Hlavy nahoře – jdeme dál! 🔥💪🏻

Vidíme se v sobotu na Lužánkách!!! 💙

#hcmuni",https://www.facebook.com/1581741777288398/posts/1563473925781850,407,,5,,
vsefalcons,instagram,709fceba-e311-48e7-9057-f54a587abf4a,d9a7ff5f-9b80-4470-aa20-b764540c41bd,IG Story,VIDEO,12.3.2026 16:43:25,,https://www.instagram.com/stories/vsefalcons/3851325569183000388,1399,1242,,,
@united_hk,instagram,b18c071b-0570-48b2-b743-990c668c3c5b,3e730605-d7ad-4e51-ac24-94b3928a65b1,IG Post,IMAGE,14.4.2026 16:28:22,"VYHRAJ VSTUPENKY NA
@beats.for.love.festival s naším generálním partnerem @csobcz 🎶

Založ si účet skrz odkaz 👉 bit.ly/unihokejcsob
 a prvních 8 z Vás si užije
@beats.for.love.festival zdarma 🔥",https://www.instagram.com/p/DXHmjMSiGRs/,,1594,8,,
vsefalcons,instagram,709fceba-e311-48e7-9057-f54a587abf4a,d012a71a-7019-49fd-86a7-479c42ceff7c,IG Story,VIDEO,3.2.2026 19:46:04,1. třetina,https://www.instagram.com/stories/vsefalcons/3824600799896970862,,873,,,
@univerzitnihokej,instagram,1e114592-3529-4cfe-9977-2598454053af,d2b52cd4-7ec0-46f8-87d2-8bd1d9c40b79,IG Post,IMAGE,2.4.2026 15:43:57,"Engineers už znají svého soupeře, na domácí půdě vyzvou Riders 🐴
Ve středu se rozhodne, kdo půjde do @unihokejfinalfour 👀",https://www.instagram.com/p/DWon72uiFuD/,,4262,134,1,2
vsefalcons,instagram,709fceba-e311-48e7-9057-f54a587abf4a,eb68f222-ae67-414c-9d62-f178c05c6f0b,IG Story,VIDEO,3.3.2026 19:16:49,"2 den, 2 gól",https://www.instagram.com/stories/vsefalcons/3844879852411343441,654,1003,,,
vsefalcons,instagram,709fceba-e311-48e7-9057-f54a587abf4a,ff009ed7-9516-43e5-b631-4665ef5e8659,IG Reel,VIDEO,6.4.2026 21:53:37,"they should stick to wrapping their sticks 🫣

#vsefalcons #icehockey",https://www.instagram.com/reel/DWzlQLyiDj_/,,,27,,2
@boostrava,instagram,1176ddaf-d366-48a2-9639-3c6694c72c85,ff6ec22b-dc75-4ad1-8706-f75f29278708,IG Post,IMAGE,18.3.2026 21:42:40,"Z Prahy si odvážíme bod! 🔥

#hockey #boostrava",https://www.instagram.com/p/DWCokHkjA9m/,,1702,34,,3
vsefalcons,instagram,709fceba-e311-48e7-9057-f54a587abf4a,7933aadf-1758-43ae-833e-fb6bdf736619,IG Story,VIDEO,8.2.2026 17:19:44,,https://www.instagram.com/stories/vsefalcons/3828151025459045934,,900,,,
@unitedhk,facebook,bfe6cc29-a387-41b9-9bca-b077722556af,1493f8f1-98c5-485e-8937-f0e84b911f62,FB Post,IMAGE,18.4.2026 9:15:41,"Děkujeme Královéhradeckému kraji za podporu v sezoně 2025/26.

Kraj se podílí na rozvoji sportu, vzdělávání i regionálního života, ve kterém má univerzitní hokej své místo.

Vážíme si vaší podpory. 🖤🧡",https://www.facebook.com/122180651084388974/posts/122181612626388974,175,,,,
@cvutengineers,instagram,11963a07-7f0f-48e6-9d81-aa63a7ff4a04,92523b88-30f8-48c8-a1c5-2bdbae6efd31,IG Story,VIDEO,17.4.2026 18:19:06,,https://www.instagram.com/stories/cvutengineers/3877465557742397804,,1342,,,
@bitvaoprahu,instagram,d7c8aa06-74fb-4c6c-a7d2-c2fe1bf6d59c,48c0a1d3-10a3-4ea5-b5c3-b5e4d4f285bd,IG Post,IMAGE,12.3.2026 18:41:28,"🥉 BRONZ A TŘI BODY NAVRCH! ✅

Gratulujeme k obhajobě 3. místa , @vsefalcons ! 🎩👏🏼",https://www.instagram.com/p/DVy3jpfjulc/,,72267,1998,2,101
vsefalcons,instagram,709fceba-e311-48e7-9057-f54a587abf4a,77d4735f-9b9c-4487-a38c-795d04def84a,IG Reel,VIDEO,17.2.2026 17:10:04,"Boys are in da haus! 🦅 

#vsefalcons #gofalconsgo #vse",https://www.instagram.com/reel/DU3est_iImc/,,13951,237,2,24
@cvutengineers,instagram,11963a07-7f0f-48e6-9d81-aa63a7ff4a04,cce55898-830b-4792-a0e2-e516aea9fabf,IG Reel,VIDEO,12.3.2026 20:21:34,😮‍💨,https://www.instagram.com/reel/DVzC5CWDN9D/,,8123,327,,4
@cvutengineers,instagram,11963a07-7f0f-48e6-9d81-aa63a7ff4a04,1a017a75-07de-49b7-a923-3b698249fdc6,IG Post,IMAGE,19.3.2026 18:27:49,"Ohlédnutí za včerejškem očima @ondra_mann 📸.

Příští týden se vidíme 👋🏻!",https://www.instagram.com/p/DWE3j4JDLkY/,,4858,231,,8
@united_hk,instagram,b18c071b-0570-48b2-b743-990c668c3c5b,1c149d1b-6c74-4f60-9eec-6fe7987b42a2,IG Reel,REEL,26.3.2026 16:58:25,"PLAY-IN se blíží. Začíná bitva o Final Four!
1 zápas.
Všechno nebo nic.

Vyhraješ → jedeš dál.
Prohraješ → konec sezóny.

ALL IN.

#unitedhk #unihokej #hokej",https://www.instagram.com/reel/DWWuyxWiHza/,,3243,108,,8
@akademiciplzen,instagram,65494228-95bf-4f7b-8e68-d47d7262db66,5591ea8d-1969-418a-a0c9-950d90b8c33e,IG Story,IMAGE,1.4.2026 19:48:08,,https://www.instagram.com/stories/akademiciplzen/3865914047560715286,,1000,,,1
vsefalcons,instagram,709fceba-e311-48e7-9057-f54a587abf4a,65c77c50-d811-48b8-b683-a2f918da2d68,IG Story,IMAGE,31.3.2026 17:01:51,1 1 Daniel,https://www.instagram.com/stories/vsefalcons/3865105586597676310,981,833,,,
@cvutengineers,instagram,11963a07-7f0f-48e6-9d81-aa63a7ff4a04,84146009-194a-4dec-961f-8ed502954e8f,IG Story,IMAGE,17.4.2026 20:19:00,📸 @novacek_photography,https://www.instagram.com/stories/cvutengineers/3877525998711654761,,1389,,,1
@218107044725785,facebook,7a942e3e-6c47-4794-9ba7-bbc7b6d40cb3,ab08a7e9-fde4-4318-bf87-deefd360042d,FB Post,IMAGE,19.4.2026 13:39:05,Bronz nám sluší 😋,https://www.facebook.com/122282816036218300/posts/122284811588218300,839,,16,,
@univerzitnihokej,facebook,01b45180-0b14-4a14-96e8-d0a4bab1fb9f,b4d89f09-8ee3-4390-b115-7592aeca29a2,FB Post,IMAGE,6.3.2026 8:58:09,@zlatak30 se inspiroval v NCAA. 🫨 Tohle jsme nedávno viděli u @michael_hrabal v UMass.,https://www.facebook.com/1275398168115026/posts/1254981490156694,222,,,,
@united_hk,tiktok,7e062517-b9da-416d-b73d-a2c5899a2be6,112e893d-854a-453f-8306-891f6c61671c,TT Video,VIDEO,29.3.2026 15:59:23,"Koupíš Garnier… a zapomeneš, že první krok = mít vlasy. 😭🏒 #unitedhk #unihokej #uhk #hradeckralove @Univerzitní hokej 🏒 @garnier_czsk ",https://www.tiktok.com/@united_hk/video/7622707768436264214?utm_campaign=tt4d_open_api&utm_source=7348986504397455361,,2554,111,2,16
vsefalcons,instagram,709fceba-e311-48e7-9057-f54a587abf4a,4261173e-17dd-4f9b-873f-bbcb15dceef5,IG Story,VIDEO,10.3.2026 22:47:26,🎤 @jan_kubata,https://www.instagram.com/stories/vsefalcons/3850059319828025219,1257,306,,,
@engineersprague,facebook,afd06d1d-7b1c-4f66-8d93-ce4255ab773c,e371236c-a113-4463-a7f3-362d8a759dc8,FB Post,IMAGE,9.4.2026 16:42:22,"Úspěšnost 97,62 % a k tomu 6 ze 7 nájezdů 😮‍💨 Tohle byla Alťákova show 🧱 

#engprg",https://www.facebook.com/1560924572517692/posts/1568276795115803,2743,,46,,
@bitvaoprahu,instagram,d7c8aa06-74fb-4c6c-a7d2-c2fe1bf6d59c,57506a39-ee2b-4c80-9bb1-2f1f0b95a255,IG Post,IMAGE,12.3.2026 8:00:46,"Drobný korunky nech doma... je rok 2026 všude jedem kartou 💳
a jakou jinou než tou od @csobcz 🩵

S tou máš totiž spoustu výhod - 20% cashback na after, merch, nebo bonus až 1 500,- 🤑",https://www.instagram.com/p/DVxuNuSl25k/,,6370,86,,48
@univerzitnihokej,instagram,1e114592-3529-4cfe-9977-2598454053af,97a28cd5-19b5-4a10-b43b-7ce9227ab26a,IG Reel,VIDEO,12.3.2026 23:08:00,@ukkingsprague jeden pohár prostě nestačí! Naprostí vládci Prahy a zároveň vítězové základní části! 🏆,https://www.instagram.com/reel/DVzVhn1iPGk/,,21951,744,1,32
vsefalcons,instagram,709fceba-e311-48e7-9057-f54a587abf4a,cdd944ad-3ca8-44c9-a042-b6f309e0ae23,IG Story,VIDEO,12.3.2026 18:06:14,,https://www.instagram.com/stories/vsefalcons/3851367298338697579,1343,1023,,,
vsefalcons,instagram,709fceba-e311-48e7-9057-f54a587abf4a,ebb34929-a481-47f6-b34e-bd614de719ac,IG Story,IMAGE,24.2.2026 22:15:35,"TĚŠÍME SE NA VÁS ZASE
V ÚTERÝ 🩵 see you next Tuesday! 🏒",https://www.instagram.com/stories/vsefalcons/3839896342130880932,635,883,,,1
@univerzitnihokej,instagram,1e114592-3529-4cfe-9977-2598454053af,35b568de-68fb-446b-96ba-50d28a37e8d2,IG Story,VIDEO,17.4.2026 16:33:18,,https://www.instagram.com/stories/univerzitnihokej/3877412404116069404,,1627,,,
@engineersprague,facebook,afd06d1d-7b1c-4f66-8d93-ce4255ab773c,fb35886c-b10b-4c31-8654-0e7e279420a1,FB Video,VIDEO,8.3.2026 11:53:04,"Kluci chtěli těm našim #engprg ženám udělat radost…🥹

Všem vám přejeme krásné MDŽ, bez vás by to nešlo! Buďte pořád tak úžasný! 🩷",https://www.facebook.com/reel/2502491876874183/,607,229,7,,
vsefalcons,instagram,709fceba-e311-48e7-9057-f54a587abf4a,5dc586cb-7de2-431c-a950-bf6489cc66a4,IG Story,VIDEO,10.3.2026 18:07:36,👀,https://www.instagram.com/stories/vsefalcons/3849918398293653099,914,,,1,1
vsefalcons,instagram,709fceba-e311-48e7-9057-f54a587abf4a,e4fa80b5-c9a3-48c8-bb7e-29cf3df92383,IG Story,IMAGE,3.2.2026 20:21:59,3 0 Theimer 2x,https://www.instagram.com/stories/vsefalcons/3824619805446010821,,1015,,,1
vsefalcons,instagram,709fceba-e311-48e7-9057-f54a587abf4a,5b888054-d7b9-423e-a2fb-5a52f4fd3bea,IG Post,CAROUSEL_ALBUM,13.1.2026 19:20:09,"Společnost Veolia ve spolupráci s Českým registrem dárců krvetvorných buněk pořádá nábor nových potenciálních dárců krvetvorných buněk. 🩸

Zápis do registru je jednoduchý a časově nenáročný. Zahrnuje vyplnění dotazníku a krátký, bezbolestný odběr vzorku formou stěru v dutině ústní. Před odběrem je nutné být přibližně 30 minut nalačno. Základními podmínkami účasti jsou věk do 40 let a dobrý zdravotní stav. 🙌🏼

Podrobné informace naleznete na webu www.darujzivot.cz. 📲

Zařazením do registru se můžete stát součástí systému, který dává pacientům s vážným onemocněním krve šanci na uzdravení. V některých případech může být právě jeden konkrétní dárce jedinou možnou nadějí na záchranu života. 🚑

20. ledna 2026, 11:00–17:00 | Green Table, nádvoří Florentina, Na Florenci 15, 110 00 Praha 1",https://www.instagram.com/p/DTdl4T1CF5q/,,2168,28,2,
vsefalcons,instagram,709fceba-e311-48e7-9057-f54a587abf4a,62bad0a1-b660-4524-8099-49a547b7a161,IG Story,VIDEO,16.1.2026 18:58:47,👷🏽 DĚKUJEME ZA PODPORU!,https://www.instagram.com/stories/vsefalcons/3811531031132537583,,653,,,
@bitvaoprahu,instagram,d7c8aa06-74fb-4c6c-a7d2-c2fe1bf6d59c,99712498-2730-46b3-b74c-7f67bb8cdc2d,IG Reel,REEL,27.3.2026 17:28:55,"Ty nejlepší momenty se neodehrávají vždycky jenom na ledě. 🤭

Děkujeme @mamashelterprague za to, že s námi už 3 roky baví naše fans. 💋",https://www.instagram.com/reel/DWZWswGjGCg/,,9415,221,,36
@riderspardubice,instagram,4d6a67ab-9313-4f77-a82e-abb18adbca5d,aa0f55de-99b9-4c58-8e16-4d31ea4d8fab,IG Post,IMAGE,16.4.2026 17:13:36,"Tohle byl souboj na ostří nože, přestože jsme na konci zápasu tlačili, tak konečné skóre je ve prospěch @ukkingsprague a my se zítra budeme rvát o bronz! 🥉",https://www.instagram.com/p/DXM1JXyjAL1/,,4497,93,,6
@univerzitnihokej,facebook,01b45180-0b14-4a14-96e8-d0a4bab1fb9f,6531b997-a927-462b-aead-80108f662d5a,FB Post,IMAGE,24.3.2026 21:57:09,Ostrava uzavírá základní část výhrou za tři body 💥,https://www.facebook.com/1275398168115026/posts/1269514555370054,353,,,,
@united_hk,instagram,b18c071b-0570-48b2-b743-990c668c3c5b,08a4c852-7329-431c-b094-57959e665fb1,IG Post,IMAGE,17.4.2026 8:25:30,"Děkujeme městu Hradec Králové za podporu v této sezoně.

Město dlouhodobě podporuje sport, studenty i komunitní život, jehož jsme součástí.

Díky, že v tom jedeme společně. 🖤🧡",https://www.instagram.com/p/DXOdrRBCCIK/,,1239,24,,1
@united_hk,instagram,b18c071b-0570-48b2-b743-990c668c3c5b,95b3bb9b-4480-48d0-8483-396ae5663a58,IG Story,VIDEO,13.4.2026 17:51:19,,https://www.instagram.com/stories/united_hk/3874552410978965544,,414,,,
vsefalcons,instagram,709fceba-e311-48e7-9057-f54a587abf4a,4465e354-11fe-4650-967d-2a388887db2e,IG Story,VIDEO,17.3.2026 18:46:39,Co to máš na sobě předsedo? 🥶 🫣,https://www.instagram.com/stories/vsefalcons/3855011490134802755,1043,829,,4,8
@united_hk,instagram,b18c071b-0570-48b2-b743-990c668c3c5b,1deac005-6914-4c7e-b6ff-3a45601b53f9,IG Story,VIDEO,15.4.2026 18:56:38,,https://www.instagram.com/stories/united_hk/3876034994405684780,,388,,,
vsefalcons,instagram,709fceba-e311-48e7-9057-f54a587abf4a,16644059-4ab4-43ff-ab4a-635f9df9c6a0,IG Story,VIDEO,12.3.2026 15:27:11,ROZBRUSLENÍ IS ON 💨,https://www.instagram.com/stories/vsefalcons/3851287209135622148,1498,1332,,,
@hcmuni,facebook,d1f9e9f9-7526-42d4-85aa-13f91e89f7cf,f76220f1-33a2-49b1-bb5f-c0ad6a7d2c62,FB Post,IMAGE,10.4.2026 14:43:33,"Stehlík&Bros zahrají pro dobrou věc 🎶 💙  
Podpořte spolu se zakladatelem HC MUNI @stehla81 malého Honzíka, který od narození bojuje se vzácným genetickým onemocněním 🥹 Každý příspěvek mu pomůže na cestě k potřebným terapiím či pomůckám. Přispět můžete skrze QR kód ve stories. 
Předem moc děkujeme 🧸

#desetfakultjednarodina",https://www.facebook.com/1581741777288398/posts/1589927656469810,221,,2,,
@univerzitnihokej,instagram,1e114592-3529-4cfe-9977-2598454053af,3a9b1c20-cbb1-4c82-b2fd-d71cb935d5be,IG Post,ALBUM,31.3.2026 20:17:54,Stejný výsledek. Stejný scénář. Oba postupy do finále play-in vybojovali @vsefalcons i @riderspardubice v prodloužení. 🤯,https://www.instagram.com/p/DWj9slpiMmV/,,4743,188,,17
vsefalcons,instagram,709fceba-e311-48e7-9057-f54a587abf4a,7b8fd415-e7c7-4a34-a754-69233c3d4e89,IG Story,VIDEO,16.4.2026 18:17:56,FIREEEEEEEEEE,https://www.instagram.com/stories/vsefalcons/3876739402403689145,1037,791,,,
@bitvaoprahu,instagram,d7c8aa06-74fb-4c6c-a7d2-c2fe1bf6d59c,c613a54c-5de3-4b5c-9fe9-abcebf0f4b71,IG Reel,VIDEO,12.3.2026 22:03:39,"🚨 COMEBACK IS REAL ⁉️

Finálová bitva o zlato živě právě teď na @sport_ct ➕.",https://www.instagram.com/reel/DVzOSRjDPoV/,,17065,287,7,4
vsefalcons,instagram,709fceba-e311-48e7-9057-f54a587abf4a,8f844c1a-d692-4702-b640-0cdb5543914f,IG Story,VIDEO,26.1.2026 15:31:59,,https://www.instagram.com/stories/vsefalcons/3818674708720136527,,1095,,,5
@akademiciplzen,instagram,65494228-95bf-4f7b-8e68-d47d7262db66,13bf01ec-b680-4864-b9e6-7937897de267,IG Story,VIDEO,1.4.2026 17:17:27,@lukas.folda072,https://www.instagram.com/stories/akademiciplzen/3865838221490180362,,1337,,,
@riderspardubice,instagram,4d6a67ab-9313-4f77-a82e-abb18adbca5d,70be2c50-46d3-437c-bc15-5944e15eae3f,IG Post,IMAGE,11.3.2026 10:29:56,"Emoce vyhraného zápasu 🔥🤩

A 23. března nás čeká Last Dance! Poslední domácí zápas sezony a zároveň poslední zápas v dresu Riders pro @dominikkopecky_99 a @daniel.skryp!

📸 @radimjoska7",https://www.instagram.com/p/DVvagrnjJQ2/,,6772,165,2,11
@united_hk,instagram,b18c071b-0570-48b2-b743-990c668c3c5b,c8e519af-1e73-479a-ae6c-952798c3c263,IG Story,IMAGE,18.4.2026 9:15:34,,https://www.instagram.com/stories/united_hk/3877916865842400864,,597,,,
@univerzitnihokej,instagram,1e114592-3529-4cfe-9977-2598454053af,203028c9-1a65-4a99-8cea-24b43ae5436f,IG Post,IMAGE,12.3.2026 12:06:18,Stanou se vládcem Prahy znovu @ukkingsprague nebo tentokrát zvítězí @cvutengineers ? 💪🏼,https://www.instagram.com/p/DVyKQXmiGaq/,,12120,281,4,97
@united_hk,instagram,b18c071b-0570-48b2-b743-990c668c3c5b,bd3aeb9d-d01a-494f-a7c0-13f0b052d708,IG Story,IMAGE,24.4.2026 8:38:08,,https://www.instagram.com/stories/united_hk/3882246693651520244,,426,,,
@218107044725785,facebook,7a942e3e-6c47-4794-9ba7-bbc7b6d40cb3,1944a132-93d8-4d9d-8250-505757b940d3,FB Post,IMAGE,12.3.2026 10:38:53,"Jste připravení? 🫨 Kdybyste náhodou nevěděli, co před @bitvaoprahu stihnout, tak jsme vám to sepsali 👆🏻
Teď je to na vás. Tribuna musí být slyšet až na led. 🤍",https://www.facebook.com/122282816036218300/posts/122278481702218300,280,,8,,
@riderspardubice,instagram,4d6a67ab-9313-4f77-a82e-abb18adbca5d,23f6662b-456e-4d4e-82b6-3ff90ae86808,IG Story,VIDEO,12.4.2026 15:51:24,,https://www.instagram.com/stories/riderspardubice/3873767432573976591,,864,,,
vsefalcons,instagram,709fceba-e311-48e7-9057-f54a587abf4a,605a7cde-8ef7-476f-bdfa-1845c6870cc6,IG Story,VIDEO,17.2.2026 7:34:54,,https://www.instagram.com/stories/vsefalcons/3834379675590261814,813,978,,,
@akademiciplzen,instagram,65494228-95bf-4f7b-8e68-d47d7262db66,18903a2f-e85a-41ef-a393-6bdb5065dc70,IG Story,VIDEO,23.4.2026 16:29:31,"PŘIPOJ SE K NAŠEMU TÝMU – AŤ UŽ POBĚŽÍŠ NA BOLEVÁKU, NEBO KDEKOLIV JINDE! 📱 @benisek_jiri",https://www.instagram.com/stories/akademiciplzen/3881759038409335992,,699,,,
@218107044725785,facebook,7a942e3e-6c47-4794-9ba7-bbc7b6d40cb3,482c9147-9a59-4185-a7fd-5e5337f10604,FB Post,IMAGE,17.4.2026 9:22:12,Znovu a lépe. Dnes vyrážíme do boje o 3. místo 👊🏼,https://www.facebook.com/122282816036218300/posts/122284466330218300,237,,13,,
@univerzitnihokej,facebook,01b45180-0b14-4a14-96e8-d0a4bab1fb9f,1c9b21a5-737e-4e5c-a57b-ee25e7537518,FB Video,VIDEO,29.3.2026 18:51:49,"Jak skloubit medicínu s Univerzitním hokejem? 👨🏻‍⚕️ Strávili jsme den s @albert.skalsky z @ukkingsprague , celý díl najdete online na našem YouTube 🍿",https://www.facebook.com/reel/2664269530612685/,1255,334,1,,
vsefalcons,instagram,709fceba-e311-48e7-9057-f54a587abf4a,5bfbe893-7a10-46f0-8604-357513b7fa12,IG Story,VIDEO,31.5.2026 10:09:23,,https://www.instagram.com/stories/vsefalcons/3909109147199100628,,800,,,
@218107044725785,facebook,7a942e3e-6c47-4794-9ba7-bbc7b6d40cb3,6a890a08-19a9-44a0-af6d-dd8d02e931c1,FB Video,VIDEO,22.3.2026 19:45:19,"Kluci už jsou na naše otázky asi tak zvyklí, že už nepoznají rage bait od normálu 🤭",https://www.facebook.com/reel/2125407071334452/,682,288,6,,
@hcmuni,facebook,d1f9e9f9-7526-42d4-85aa-13f91e89f7cf,b886500a-0fe3-47bc-8cce-e9e7f66a6744,FB Post,PHOTO,21.3.2026 14:51:07,"🚨 LAST CALL! 🚨 Náš led! Naše pravidla! Poslední zápas sezóny a navíc derby s @vutcavaliersbrno 🔥🥶🐻

19:30 na Lužánkách 📍

🎟️Lístky koupíš tady👇🏻

https://hcmuni.enigoo.cz/app/tickets/events/136

#hcmuni",https://www.facebook.com/1581741777288398/posts/1571924581603451,761,,7,,
@riderspardubice,instagram,4d6a67ab-9313-4f77-a82e-abb18adbca5d,009d4f51-09cf-40fd-aa51-d47f93fa89de,IG Story,VIDEO,3.4.2026 16:50:28,,https://www.instagram.com/stories/riderspardubice/3867274181201397973,,428,,,
@akademiciplzen,instagram,65494228-95bf-4f7b-8e68-d47d7262db66,41c281d1-c6fa-455b-b41f-cd5951247050,IG Story,VIDEO,2.4.2026 0:42:06,,https://www.instagram.com/stories/akademiciplzen/3866062020063450434,,1788,,,
@riderspardubice,instagram,4d6a67ab-9313-4f77-a82e-abb18adbca5d,71a4be90-d8de-4357-a013-beb51f7fb79f,IG Story,VIDEO,8.4.2026 20:16:19,NÁJEZDY ✊✊✊,https://www.instagram.com/stories/riderspardubice/3871001675440420738,,412,,,1
vsefalcons,instagram,709fceba-e311-48e7-9057-f54a587abf4a,f959cc21-3713-44c6-861e-9c437a45ff2a,IG Story,VIDEO,16.1.2026 11:22:11,POMALU ALE JISTĚ SE PUB KVÍZ PLNÍ,https://www.instagram.com/stories/vsefalcons/3811301229158990964,,731,,,13
vsefalcons,instagram,709fceba-e311-48e7-9057-f54a587abf4a,614400ec-575d-4767-a7fe-aa0fca93c234,IG Story,VIDEO,28.5.2026 19:35:54,,https://www.instagram.com/stories/vsefalcons/3907219896530378812,,483,,,
vsefalcons,instagram,709fceba-e311-48e7-9057-f54a587abf4a,a8e1bfaa-e02d-4508-b126-5b0cacbbd53a,IG Story,VIDEO,12.4.2026 15:39:03,👈🏼,https://www.instagram.com/stories/vsefalcons/3873761217865063945,,730,,,1
@BOhokej,facebook,c9082543-a03b-490f-8f97-66d439acce89,a5190240-980e-4300-b523-0403dfb873b0,FB Post,IMAGE,24.3.2026 22:17:02,"Základní část zakončujeme vítězně! 🧨

Dosáhli jsme hranice 50 bodů a pokračujeme do PLAY-IN! 🦈

#hockey #ullh #winners",https://www.facebook.com/1477974067675582/posts/1471592818313707,449,,4,,
@unitedhk,facebook,bfe6cc29-a387-41b9-9bca-b077722556af,ff0f897a-2b86-4a85-965f-f63ce0d92ffd,FB Video,VIDEO,15.4.2026 12:52:10,"❤️ Duben ve znamení pomoci

Naši kluci tentokrát nešli bojovat na led, ale pomáhat jinak – zapojili se do akce Daruj krev ve spolupráci s @transfuzni_fnhk . 🩸🏒

Každá kapka se počítá a může někomu zachránit život.

👉 Pokud půjdeš darovat krev během dubna, můžeš se zapojit do tomboly a vyhrát skvělé ceny od sponzorů. Stačí jen po odběru vyplnit formulář, který najdeš v biu na @ifmsa_cz_hk . 

Přidej se taky a udělej něco, co má skutečný smysl.❤️

#unitedhk #unihokej #hokej",https://www.facebook.com/reel/2369075113611639/,364,131,1,,
@univerzitnihokej,facebook,01b45180-0b14-4a14-96e8-d0a4bab1fb9f,12e10c92-f681-4d34-9212-7dbcb2bc60e9,FB Post,IMAGE,19.3.2026 11:52:11,"Osudí se rychle plní 👀 Zbývá posledních 90 míst. 🎱

Založ si účet u ČSOB přes link v našem biu a zajisti si svoje místo ve hře o 100 000 Kč 💰",https://www.facebook.com/1275398168115026/posts/1264806559174187,279,,,,
@218107044725785,facebook,7a942e3e-6c47-4794-9ba7-bbc7b6d40cb3,563cfed2-56cd-41ae-a83c-0b4a873cf378,FB Post,IMAGE,11.6.2026 17:08:38,"Představujeme vám exkluzivní Falcons nominaci na letošní Fifa World Cup ⚽️🏆

Který z našich kluků má podle tebe největší šanci na Zlatý míč? Hlasuj v komentářích! 👇

#vsefalcons #fifaworldcup",https://www.facebook.com/122282816036218300/posts/122292790850218300,456,,8,,
@riderspardubice,instagram,4d6a67ab-9313-4f77-a82e-abb18adbca5d,196aa79b-9ffa-4689-8108-b37e9c00c70b,IG Story,VIDEO,8.4.2026 18:22:57,⛄️🌨️❄️ @radek_bednar_  O:0,https://www.instagram.com/stories/riderspardubice/3870948822797257191,,627,,,3
@cvutengineers,instagram,11963a07-7f0f-48e6-9d81-aa63a7ff4a04,ff3f22a1-760d-4dd2-8210-97b6ea1160f4,IG Reel,REEL,31.3.2026 19:09:35,"Sooooo close 🥺

#kfc",https://www.instagram.com/reel/DWj1zlajKst/,,25934,484,2,38
@riderspardubice,instagram,4d6a67ab-9313-4f77-a82e-abb18adbca5d,06399eb5-9f4d-41e6-9588-f76db484d50c,IG Story,VIDEO,17.4.2026 17:07:58,,https://www.instagram.com/stories/riderspardubice/3877429718463324237,,823,,,
@cvutengineers,instagram,11963a07-7f0f-48e6-9d81-aa63a7ff4a04,e48c8a76-4ddc-4c9f-8ad5-490523a450b3,IG Story,VIDEO,16.4.2026 6:38:30,JEDEN TÝM  JEDEN SEN,https://www.instagram.com/stories/cvutengineers/3876388248587389834,,45,,,
@akademiciplzen,instagram,65494228-95bf-4f7b-8e68-d47d7262db66,a161c519-cd42-4d65-b3ac-9817dc021959,IG Story,VIDEO,24.4.2026 15:37:59,@lesa_matousek,https://www.instagram.com/stories/akademiciplzen/3882457890355464382,,1066,,,1
@bitvaoprahu,facebook,75e0f41f-82be-4f82-a77b-82ac11135ed2,114123fe-e239-4392-8182-b70a3e154ac8,FB Post,PHOTO,13.3.2026 18:12:44,"📣 Speakeři na @univerzitnihokej >>> 🗣️🗣️

Souhlasíš s námi? 👀 #bitvaoprahu",https://www.facebook.com/1441262177797849/posts/1421075239816543,388,,1,,
@cvutengineers,instagram,11963a07-7f0f-48e6-9d81-aa63a7ff4a04,e6a796f1-5299-4fb2-8d80-06c20a3fa811,IG Story,IMAGE,18.4.2026 18:16:42,@adam_hvezda,https://www.instagram.com/stories/cvutengineers/3878189215775474283,,785,,,4
@hcnorthwings,facebook,2b08a479-603b-46e4-8a48-2bc0435ccd53,c58c1684-5077-4179-bb36-c62004181087,FB Post,PHOTO,23.3.2026 18:53:58,"💙 DĚKUJEME 💛
Strašně moc si vážíme všech našich fanoušků 🫶 a příznivců, kteří si v této sezóně našli svůj vzácný čas a věnovali ho nám, aby nás podpořili a fandili ústeckému univerzitnímu týmu 🏒 na zimáku v Ústí a v Povrlech 🏟 nebo i u TV 🖥
Byli jste opravdu ÚŽASNÍ a my všichni Vám všem za to z celého našeho hokejového srdce DĚKUJEME 🙏
Celkem vás přišlo přes 4 100 👏 a my společně věříme, že se další sezónu budeme vídat na tribunách ústeckého zimáku v takové krásné fanouškovské atmosféře, jako letos 👏👏👏

#univerzitnihokej #myjsmeujep #hcnorthwings #icehockey",https://www.facebook.com/1583651910433365/posts/1575778347887388,429,,5,,
@engineersprague,facebook,afd06d1d-7b1c-4f66-8d93-ce4255ab773c,b34861ae-f934-4885-b3c4-65522a5918c8,FB Post,ALBUM,12.3.2026 18:37:40,VŠICHNI ZA JEDNOHO 🦁 JEDEN ZA VŠECHNY,https://www.facebook.com/1560924572517692/posts/1543579240918892,492,,5,,
@riderspardubice,instagram,4d6a67ab-9313-4f77-a82e-abb18adbca5d,3a3cbad5-60f1-40b1-ab59-012d07f7133b,IG Story,IMAGE,31.3.2026 17:10:55,@tipsportcz,https://www.instagram.com/stories/riderspardubice/3865110143013027345,,876,,,
@boostrava,instagram,1176ddaf-d366-48a2-9639-3c6694c72c85,4a02500f-c7e8-4b9d-82ed-8d4b4b0fda8a,IG Story,VIDEO,31.3.2026 21:20:50,,https://www.instagram.com/stories/boostrava/3865238050133824974,,412,,,1
vsefalcons,instagram,709fceba-e311-48e7-9057-f54a587abf4a,7d4e1ffb-246e-4d1d-8869-b84816e8bf5a,IG Story,VIDEO,17.2.2026 18:48:09,,https://www.instagram.com/stories/vsefalcons/3834718515416799659,663,920,,,10
@riderspardubice,instagram,4d6a67ab-9313-4f77-a82e-abb18adbca5d,76cfada6-8053-45d6-adc2-cb9243a63d7c,IG Post,IMAGE,12.3.2026 15:39:16,"Poslední zápas v dresu Riders pro @dominikkopecky_99 🔥

Přijď udělat Dominikovi do enteria areny nezapomenutelnou atmosféru a rozloučit se s ním na zápas proti @united_hk! 

🎟️ Vstupenky ve slevě s kódem KOPECKY20 👀",https://www.instagram.com/p/DVyipXMjI9n/,,8146,109,,20
@riderspardubice,instagram,4d6a67ab-9313-4f77-a82e-abb18adbca5d,31705df3-b60b-4015-b215-a85b414d3f90,IG Story,VIDEO,12.4.2026 12:06:35,ŠŤASTNÝ DOSTÁL,https://www.instagram.com/stories/riderspardubice/3873654289512322867,,1180,,,
@engineersprague,facebook,afd06d1d-7b1c-4f66-8d93-ce4255ab773c,5914f69d-eade-4a21-8e32-28dce975de77,FB Story,VIDEO,2.3.2026 19:02:40,,,,,,,
@akademiciplzen,instagram,65494228-95bf-4f7b-8e68-d47d7262db66,b533704c-0f49-4585-bc02-6e50b639a827,IG Story,VIDEO,1.4.2026 17:18:15,@lukas.folda072,https://www.instagram.com/stories/akademiciplzen/3865838619462499026,,1370,,,1
@united_hk,instagram,b18c071b-0570-48b2-b743-990c668c3c5b,b8dd1b43-d044-4fd5-accc-b2fa077c2b42,IG Story,VIDEO,13.4.2026 17:51:40,,https://www.instagram.com/stories/united_hk/3874552585562646855,,442,,,
@hcmuni,facebook,d1f9e9f9-7526-42d4-85aa-13f91e89f7cf,dc8cd6b3-b6b0-4071-a698-fe0d44161298,FB Video,VIDEO,19.3.2026 14:16:53,"Vyber si svou bojovou výbavu na zápas! ⚔️🏒
a) Jen hlasivky a MUNI šálu 🗣️🔥
b) Odpověď a)☝🏻
c) K šále si přibalím i dres 👕

A jestli ti chybí náš merch, doraz ve středu o něco dřív, ať si stihneš něco v klidu pořídit! 💙🐻

#hcmuni #desetfakultjednauniverzita",https://www.facebook.com/reel/1982501865962172/,1099,499,8,,
@218107044725785,facebook,7a942e3e-6c47-4794-9ba7-bbc7b6d40cb3,c073836c-b0de-4241-a4fe-b18d190ebbb1,FB Video,VIDEO,16.3.2026 18:18:55,"Tipovačka s Tipsportem 🔥

Jakého favorita v Extralize máš ty? ✒️⤵️",https://www.facebook.com/reel/26068911376126900/,649,291,5,,
@united_hk,instagram,b18c071b-0570-48b2-b743-990c668c3c5b,d00e678e-0fbb-4ce2-8cc5-98a16629b220,IG Story,VIDEO,20.4.2026 18:47:29,,https://www.instagram.com/stories/united_hk/3879654146592781325,,365,,,
vsefalcons,instagram,709fceba-e311-48e7-9057-f54a587abf4a,0c2b32d8-2762-4e11-9470-630d10a484fd,IG Story,VIDEO,17.2.2026 17:10:51,,https://www.instagram.com/stories/vsefalcons/3834669533495856225,762,1039,,,
@BOhokej,facebook,c9082543-a03b-490f-8f97-66d439acce89,1e534840-5b35-4ca9-a0d5-d86929046860,FB Post,IMAGE,18.3.2026 21:42:43,"Z Prahy si odvážíme bod! 🔥

#hockey #boostrava",https://www.facebook.com/1477974067675582/posts/1466075785532077,444,,2,,
vsefalcons,instagram,709fceba-e311-48e7-9057-f54a587abf4a,cb33f7f5-cc25-4756-868e-d49efdb8f005,IG Story,VIDEO,26.1.2026 15:45:26,,https://www.instagram.com/stories/vsefalcons/3818681510455196813,,1066,,,5
@univerzitnihokej,facebook,01b45180-0b14-4a14-96e8-d0a4bab1fb9f,40d5237c-c09a-4962-abaa-60418d7ebf60,FB Post,PHOTO,31.3.2026 19:45:53,Falcons si v prodloužení zajistili místo ve finále PLAY-IN 🦅🔥,https://www.facebook.com/1275398168115026/posts/1275101134811396,806,,2,,
@univerzitnihokej,instagram,1e114592-3529-4cfe-9977-2598454053af,6213df19-076c-4863-b022-1c05d7773ce2,IG Post,IMAGE,2.3.2026 12:48:42,"Tomáš Koblížek je důkazem, že hokej, studium a kariéra se nevylučují.

2× univerziáda 🇨🇿, postup s @piratichomutov do Maxa ligy, titul Ing. na VŠE 🎓 A teď nová etapa u Řízení letového provozu ✈️

Tome, díky za reprezentaci univerzitní cesty na nejvyšší úrovni. 👏 Ať se daří na nové životní dráze. 🛫",https://www.instagram.com/p/DVYfPKLiB2N/,,23414,698,4,37
vsefalcons,instagram,709fceba-e311-48e7-9057-f54a587abf4a,cd9f8871-f2cd-42e7-95d0-b727a3197b86,IG Story,IMAGE,2.3.2026 11:17:59,"*takhle happy zítra budeš, protože stihneš proud za free",https://www.instagram.com/stories/vsefalcons/3843914043778178432,618,857,,,7
@unitedhk,facebook,bfe6cc29-a387-41b9-9bca-b077722556af,db1441b8-0ea4-4e8d-98bb-4eca362bd0e9,FB Post,IMAGE,14.4.2026 16:28:33,"VYHRAJ VSTUPENKY NA
Beats for Love festival s naším generálním partnerem ČSOB CZ 🎶

Založ si účet skrz odkaz 👉 bit.ly/unihokejcsob
 a prvních 8 z Vás si užije
Beats for Love festival zdarma 🔥",https://www.facebook.com/122180651084388974/posts/122181249428388974,145,,,,
@riderspardubice,facebook,f99ed6c3-17cc-46f4-a32e-d9b0576ce2df,e2effc45-c8ef-4397-b0ad-76b94720223f,FB Video,VIDEO,31.3.2026 21:20:50,"UNO REVERSE CARD 🙌🙌
Letsgoo!",https://www.facebook.com/reel/1720115502692180/,980,424,5,,
@univerzitnihokej,instagram,1e114592-3529-4cfe-9977-2598454053af,411f0360-1e6a-4542-9dc9-c9120fa59110,IG Post,IMAGE,13.3.2026 16:51:25,UK Kings Prague ovládli tabulku a 1. místo jim už nikdo nevezme! 👑 Na Bitvě o Prahu po výhře převzali pohár ČAUS. 🏆,https://www.instagram.com/p/DV1POzjiGzA/,,27449,604,,20
vsefalcons,instagram,709fceba-e311-48e7-9057-f54a587abf4a,6093d745-d598-4e85-8185-074412846bfc,IG Story,VIDEO,20.1.2026 8:02:51,✏️🗓️,https://www.instagram.com/stories/vsefalcons/3814099997730296533,,969,,,
@engineersprague,facebook,afd06d1d-7b1c-4f66-8d93-ce4255ab773c,b1913cfa-f607-4e17-ae94-af91c0a9394e,FB Story,IMAGE,10.3.2026 20:26:43,,,,,,,
@univerzitnihokej,instagram,1e114592-3529-4cfe-9977-2598454053af,013ed9d1-06e1-440b-9a5b-6e7eddfd860b,IG Post,IMAGE,18.3.2026 10:34:41,"❤️‍🔥 Jarní část TOP utkání za námi, @unihokejfinalfour🔜",https://www.instagram.com/p/DWBcnklCHyv/,,6305,209,,7
vsefalcons,instagram,709fceba-e311-48e7-9057-f54a587abf4a,6309fd9f-c3b9-4539-a483-8eae63dbc555,IG Story,VIDEO,24.2.2026 18:42:58,"🥥 🥥 🥥 🥥 🥥 🥥 🥥 🥥 Někdo nám vyměnil
 puky za kokosy 🫨",https://www.instagram.com/stories/vsefalcons/3839789348589982152,724,1019,,,
@univerzitnihokej,instagram,1e114592-3529-4cfe-9977-2598454053af,c507cee9-09cb-41c0-b48e-3556699ee057,IG Post,IMAGE,6.3.2026 16:38:26,"Letos s naším generálním partnerem @csobcz hrajeme o 1️⃣0️⃣0️⃣ 0️⃣0️⃣0️⃣Kč 💰

Stačí si založit účet u ČSOB přes link v našem biu a automaticky se zařadíš do osudí. 🎱 Momentálně v něm čeká posledních 150 míst! 👀",https://www.instagram.com/p/DVjMtWeiBBk/,,9942,60,,18
@bitvaoprahu,instagram,d7c8aa06-74fb-4c6c-a7d2-c2fe1bf6d59c,ce6b4635-11b5-4c58-bcaf-c8dada6f21bf,IG Post,IMAGE,8.3.2026 15:54:52,"Chápete to? Už je to skoro tady 🤯
Lístky na tebe čekají na 🎟️ bitvaoprahu.cz",https://www.instagram.com/p/DVoQ6qHjK5f/,,7193,98,,12
@cvutengineers,instagram,11963a07-7f0f-48e6-9d81-aa63a7ff4a04,315e8c8e-0338-4b59-8878-682cc55cf556,IG Story,VIDEO,17.4.2026 18:07:38,FOCUS,https://www.instagram.com/stories/cvutengineers/3877459667823924035,,1301,,,
@univerzitnihokej,instagram,1e114592-3529-4cfe-9977-2598454053af,61931731-c3f0-43a1-9f20-844f507995a9,IG Post,IMAGE,4.3.2026 22:15:52,Největší překvapení večera? Akademici zdolali v prodloužení vůdce tabulky 💪🏼,https://www.instagram.com/p/DVepvBwCEF_/,,4199,101,,2
vsefalcons,instagram,709fceba-e311-48e7-9057-f54a587abf4a,0e5404bb-0594-4b52-a464-6a79d7c412a7,IG Story,VIDEO,13.3.2026 17:01:09,,https://www.instagram.com/stories/vsefalcons/3852059276240025494,831,727,,,2
vsefalcons,instagram,709fceba-e311-48e7-9057-f54a587abf4a,a651faf2-1875-4cad-b19c-ef1bd0348ffa,IG Story,VIDEO,2.3.2026 11:16:55,A TO SE VYPLATÍ!,https://www.instagram.com/stories/vsefalcons/3843913477706528444,636,846,,,
univerzitnihokej,tiktok,01c88cf9-594f-408e-a45a-95114221acae,397a622a-353b-4a34-8644-591521c2ef91,TT Video,VIDEO,21.4.2026 17:04:30,Co se stane ve sprchách… zůstane ve sprchách 😏🚿,https://www.tiktok.com/@univerzitnihokej/video/7631259509243006230?utm_campaign=tt4d_open_api&utm_source=7348986504397455361,,29461,3409,8,1004
@univerzitnihokej,instagram,1e114592-3529-4cfe-9977-2598454053af,8bd7b72f-6668-4144-9a5f-b33d8cf9b472,IG Post,IMAGE,7.3.2026 20:32:25,Black Dogs si při sobotním výletě z Prahy odvážejí 3 body ✅,https://www.instagram.com/p/DVmMR9-iKUN/,,2742,36,,5
vsefalcons,instagram,709fceba-e311-48e7-9057-f54a587abf4a,a981de4b-e875-4e01-850b-c35b7fd690cd,IG Story,VIDEO,6.5.2026 18:24:19,FALCONS NA VÝPRAVĚ @ukkingsprague 🍻,https://www.instagram.com/stories/vsefalcons/3891238864211732128,,1034,,,4
@vutcavaliersbrno,instagram,b384bebf-72f3-4f9d-8b2d-3677709f6966,99d14e0f-2455-4fc5-9724-c90ac60a499b,IG Story,IMAGE,1.4.2026 18:41:51,,https://www.instagram.com/stories/vutcavaliersbrno/3865880688096494288,,449,,,
@riderspardubice,instagram,4d6a67ab-9313-4f77-a82e-abb18adbca5d,fb89d37b-8d95-49f3-b9ee-940a543f2df5,IG Story,IMAGE,12.4.2026 14:29:01,,https://www.instagram.com/stories/riderspardubice/3873725967449769792,,1267,,,2
vsefalcons,instagram,709fceba-e311-48e7-9057-f54a587abf4a,19f54c0c-7d88-41bb-96d6-0f28235f5a00,IG Story,VIDEO,18.1.2026 19:36:25,,https://www.instagram.com/stories/vsefalcons/3812999630548386070,,946,,,1
@bitvaoprahu,instagram,d7c8aa06-74fb-4c6c-a7d2-c2fe1bf6d59c,2d7560f9-85a2-4843-a212-fd7c3248894b,IG Reel,VIDEO,12.3.2026 16:19:18,"ZAČÍNÁME! 🔥

Hala se nám pomalu zaplňuje! 🥁 Malé pražské univerzitní derby sleduj živě na @sport_ct ➕. 📺

#bitvaoprahu | @czufarmers ⚔️ @vsefalcons",https://www.instagram.com/reel/DVynHHWDKEJ/,,14976,467,,15
@riderspardubice,instagram,4d6a67ab-9313-4f77-a82e-abb18adbca5d,4957d23f-2073-4d7b-8a9f-9a87592ba521,IG Story,VIDEO,17.4.2026 16:21:35,,https://www.instagram.com/stories/riderspardubice/3877406303786417855,,901,,,3
@riderspardubice,instagram,4d6a67ab-9313-4f77-a82e-abb18adbca5d,6b0fafcf-8a29-4753-a21b-16b5bc86ec33,IG Post,IMAGE,17.4.2026 18:29:37,"Děkujeme 🫶

Dneska to necinklo, ale rvali jsme se a nenechali jsme to nikomu zadarmo.

Dokázali jsme se po nepříliš ideálním začátku sezóny zvednout a dotáhnout to mezi 4 nejlepší týmy ligy a zahrát si na historicky prvním @unihokejfinalfour v Edenu. 

A to už nám nikdy nikdo nevezme. 

Děkujeme všem, kteří nám fandili a speciálně těm, kteří při nás stáli od začátku sezony nebo dokonce těm kteří při nás stojí od začátku Riders samotných. Vážíme si toho.",https://www.instagram.com/p/DXPh5OrjC0t/,,9869,311,4,18
@riderspardubice,instagram,4d6a67ab-9313-4f77-a82e-abb18adbca5d,6b3ed051-8d46-475f-98b2-1dca285c7b7b,IG Post,IMAGE,14.4.2026 16:38:45,"Název jakeho stavebniho holdingu nese pardubicka hokejova arena? 🧡

Označ holding do komentáře a my ze správných odpovědí zítra večer vylosujeme výherce dvou vstupenek na @unihokejfinalfour! 🙌",https://www.instagram.com/p/DXHnUPKDFnH/,,2501,59,41,4
@univerzitnihokej,facebook,01b45180-0b14-4a14-96e8-d0a4bab1fb9f,ac5bd6c3-74eb-4bb1-9481-e0cadad5001b,FB Post,IMAGE,19.3.2026 19:19:26,Swipuj doleva 👈🏼👀,https://www.facebook.com/1275398168115026/posts/1265087909146052,636,,1,,
vsefalcons,instagram,709fceba-e311-48e7-9057-f54a587abf4a,e1b8f76c-e0ed-42b7-bf88-a4fc15f33c67,IG Story,VIDEO,10.2.2026 21:07:12,JEŠTĚ NEKONČÍME,https://www.instagram.com/stories/vsefalcons/3829715095094095898,623,864,,,1
@univerzitnihokej,instagram,1e114592-3529-4cfe-9977-2598454053af,ec526ac2-d481-4603-ad2e-0c41a18d6fbd,IG Story,VIDEO,8.4.2026 20:47:08,POSTOUPIL TVŮJ TÝM? 🚀,https://www.instagram.com/stories/univerzitnihokej/3871017181295174064,,506,,,5
@riderspardubice,facebook,f99ed6c3-17cc-46f4-a32e-d9b0576ce2df,f0ce4129-99d0-4266-8f0c-8c9243bf84d0,FB Video,VIDEO,31.3.2026 20:35:33,"Tohle je naše cesta na které nás nyní čeká zápas ve finále play-in, který rozhodne, jestli se potkáme v Praze na @unihokejfinalfour‼️🤩🤩🤩🤩🤩",https://www.facebook.com/reel/1424337925571735/,633,155,8,,
@cvutengineers,instagram,11963a07-7f0f-48e6-9d81-aa63a7ff4a04,09e690dc-e66c-4223-95b4-43043571684e,IG Story,VIDEO,2.4.2026 7:41:12,,https://www.instagram.com/stories/cvutengineers/3866272944599373173,,62,,,
@akademiciplzen,instagram,65494228-95bf-4f7b-8e68-d47d7262db66,3cf4a746-5165-4982-8f77-93998bf592a8,IG Post,IMAGE,16.3.2026 14:12:53,"Speciální návštěva na Jarní bitvě! 👀

Hráči fotbalového týmu ZČU dorazili ukázat pohár za své první vítězství v Univerzitní fotbalové lize. 🏆

Ještě jednou gratulujeme, kluci! 👏🏻🤩

📸 @vpotocesevodatoci",https://www.instagram.com/p/DV8sABsDA9-/,,20732,510,,45
@unitedhk,facebook,bfe6cc29-a387-41b9-9bca-b077722556af,6adc3e96-1c1c-43e8-b63c-3bc32ed5bedd,FB Post,IMAGE,15.3.2026 11:34:23,"Náš útočník Radek Bíman dnes slaví narozeniny.

Všechno nejlepší, Radku! 🎂
Užij si to.

🖤🧡",https://www.facebook.com/122180651084388974/posts/122178797006388974,148,,1,,
@akademiciplzen,instagram,65494228-95bf-4f7b-8e68-d47d7262db66,bb301825-2fa8-4855-96e2-d37d0ac1b212,IG Reel,REEL,30.3.2026 16:01:20,"Pokud máš hlad jako @zenisek_ , dej si Zott a buď dobrej! 😎😋

#zott #zotthungry #hungrydrinkthis",https://www.instagram.com/reel/DWg7S1EjDeP/,,15989,333,,29
vsefalcons,instagram,709fceba-e311-48e7-9057-f54a587abf4a,e40298bc-e958-4778-8b52-15863763cd88,IG Story,VIDEO,8.2.2026 18:41:37,@___pajer24  MATYÁŠ PEYERL 🧱,https://www.instagram.com/stories/vsefalcons/3828192273981009659,,817,,,4
@akademiciplzen,instagram,65494228-95bf-4f7b-8e68-d47d7262db66,0e1eb7d8-1746-481e-87c8-ae2d8013614b,IG Reel,VIDEO,4.3.2026 17:04:33,"Dneska můžeš na stadionu kromě fandění udělat i fakt dobrej skutek! 😍

Můžeš se tady zapsat do registru dárců kostní dřeně. Zápis je úplně jednoduchý - jen krátký dotazník a stěr z pusy vatovou štětičkou. Zabere ti to chviličku, ale můžeš tím někomu zachránit život.

Tak se před zápasem nebo o přestávce stav u stánku @kostnidren.cz - máš to v sobě! 💙🩸

#akademiciplzen #jarnibitva",https://www.instagram.com/reel/DVeFrFiDJ9h/,,4184,75,1,5
univerzitnihokej,tiktok,01c88cf9-594f-408e-a45a-95114221acae,1a5f82de-9b99-4708-85c5-f4aedee5c7a1,TT Video,VIDEO,16.4.2026 20:01:56,"Branka zpátky na místě, kalhoty padají pořád... 😔",https://www.tiktok.com/@univerzitnihokej/video/7629449812110282006?utm_campaign=tt4d_open_api&utm_source=7348986504397455361,,1541,79,,5
@cvutengineers,instagram,11963a07-7f0f-48e6-9d81-aa63a7ff4a04,262312f6-5b17-4faa-9379-34d83b0d367e,IG Story,VIDEO,17.4.2026 10:54:53,🦁,https://www.instagram.com/stories/cvutengineers/3877241985904184903,,1599,,,
@univerzitnihokej,instagram,1e114592-3529-4cfe-9977-2598454053af,45c3d7bf-6853-4a94-bfab-aed3916c395f,IG Story,VIDEO,7.4.2026 17:47:18,"NOVÝ VIDEJKO NOVÝ PRACOVNÍ TÝDEN
=
 ❗️ ❗️ 📺 🍿 s @barborabro  dej si",https://www.instagram.com/stories/univerzitnihokej/3870201896501828138,,975,,,1
@218107044725785,facebook,7a942e3e-6c47-4794-9ba7-bbc7b6d40cb3,7670b11f-eaee-488a-8c9a-f19b4ce4e409,FB Video,VIDEO,9.4.2026 11:47:18,"Tři nebo tisíc je docela rozdíl, ale jak se říká, proti gustu žádný dišputát 🤓 

#vsefalcons",https://www.facebook.com/reel/1640543716984193/,585,228,1,,
@AkademiciPlzen,facebook,d87b94e3-03e8-45d0-b92e-75e9b819545c,b2a0358c-bc95-40cb-be23-b4c72b7f529d,FB Video,VIDEO,4.3.2026 17:04:44,"Dneska můžeš na stadionu kromě fandění udělat i fakt dobrej skutek! 😍

Můžeš se tady zapsat do registru dárců kostní dřeně. Zápis je úplně jednoduchý - jen krátký dotazník a stěr z pusy vatovou štětičkou. Zabere ti to chviličku, ale můžeš tím někomu zachránit život.

Tak se před zápasem nebo o přestávce stav u stánku @kostnidren.cz - máš to v sobě! 💙🩸

#akademiciplzen #jarnibitva",https://www.facebook.com/reel/2027551098101937/,414,122,2,,
vsefalcons,instagram,709fceba-e311-48e7-9057-f54a587abf4a,cb855485-11d8-4b8a-b29a-77474cf7f847,IG Story,VIDEO,11.3.2026 18:45:09,,https://www.instagram.com/stories/vsefalcons/3850662059826537144,1169,610,,,1
@cvutengineers,instagram,11963a07-7f0f-48e6-9d81-aa63a7ff4a04,ea490d9f-57d2-49b4-a492-c87be67d16c1,IG Story,VIDEO,8.4.2026 18:28:06,🥅 BAUER přestávková soutěž @b_hockey_czech,https://www.instagram.com/stories/cvutengineers/3870947224717156408,,961,,,7
vsefalcons,instagram,709fceba-e311-48e7-9057-f54a587abf4a,304373e7-6275-4836-b81d-a9da67735ab0,IG Story,VIDEO,26.1.2026 15:38:56,VÝHLED PŘI BRAZILCE DOCELA V POHODĚ 🏰,https://www.instagram.com/stories/vsefalcons/3818678226659083610,,1063,,,1
@riderspardubice,facebook,f99ed6c3-17cc-46f4-a32e-d9b0576ce2df,67af13ed-b7c3-4033-b76b-b84336c51321,FB Video,VIDEO,17.4.2026 13:00:53,"Je to tu, svátek univerzitního hokeje, poslední zápasy sezóny. 

Pojďme si to užít a zabojovat o placku! 🐎🐎🐎❤️‍🔥",https://www.facebook.com/reel/1546475143716674/,381,193,,,
vsefalcons,instagram,709fceba-e311-48e7-9057-f54a587abf4a,1d296190-1816-4fff-96bd-e020017b9f3f,IG Story,VIDEO,8.2.2026 9:57:13,GAMEDAY *vlaštovky už letí 🦅,https://www.instagram.com/stories/vsefalcons/3827928322613506948,,1003,,,1
@univerzitnihokej,instagram,1e114592-3529-4cfe-9977-2598454053af,86c1ba41-6341-4625-b889-715b22913280,IG Story,VIDEO,8.4.2026 17:38:05,2 0,https://www.instagram.com/stories/univerzitnihokej/3870922033911605847,,871,,,2
@riderspardubice,facebook,f99ed6c3-17cc-46f4-a32e-d9b0576ce2df,c62eac3c-7b47-40d2-8e0b-85560f90d751,FB Post,IMAGE,11.3.2026 10:30:03,"Emoce vyhraného zápasu 🔥🤩

A 23. března nás čeká Last Dance! Poslední domácí zápas sezony a zároveň poslední zápas v dresu Riders pro @dominikkopecky_99 a @daniel.skryp!",https://www.facebook.com/1592662819534019/posts/1573377881462513,568,,9,,
@vutcavaliersbrno,instagram,b384bebf-72f3-4f9d-8b2d-3677709f6966,e4430ecb-bf69-42c1-a641-6c5ff29bf447,IG Story,VIDEO,14.4.2026 8:57:39,,https://www.instagram.com/stories/vutcavaliersbrno/3875008739744973184,,534,,,
vsefalcons,instagram,709fceba-e311-48e7-9057-f54a587abf4a,fcabcabe-018f-4a72-8d6c-51fee5802eba,IG Story,VIDEO,12.3.2026 17:04:51,TAK TOHLE MILUJEME,https://www.instagram.com/stories/vsefalcons/3851336384011310461,1505,1176,,,
@riderspardubice,instagram,4d6a67ab-9313-4f77-a82e-abb18adbca5d,2ec3238d-958d-4d68-8378-33c340b6858a,IG Reel,VIDEO,9.3.2026 19:43:43,Krásné výroční přeje celý tým Riders 💍🫶,https://www.instagram.com/reel/DVrQGitDIUA/,,12272,328,,11
@riderspardubice,instagram,4d6a67ab-9313-4f77-a82e-abb18adbca5d,830ed40f-ba1d-4416-910f-9ba7582f83ce,IG Story,VIDEO,5.4.2026 8:29:52,"DRESY MIZÍ, ALE STÁLE SE MŮŽEŠ ZAPOJIT!",https://www.instagram.com/stories/riderspardubice/3868471765563615435,,557,,,
@riderspardubice,facebook,f99ed6c3-17cc-46f4-a32e-d9b0576ce2df,7ab9b842-0875-49a6-b5ce-923d79e75a0f,FB Video,VIDEO,2.4.2026 6:56:41,"Finále play-in v Praze proti @cvutengineers! ⚡️

Zápas, kde jde o postup do @unihokejfinalfour 🤩",https://www.facebook.com/reel/834671582257495/,746,199,5,,
@riderspardubice,instagram,4d6a67ab-9313-4f77-a82e-abb18adbca5d,8286c5f4-0d1c-44be-b3c0-5f779bee76af,IG Reel,VIDEO,14.4.2026 6:00:09,"🚨 JSME V TOP4 A TEĎ TO TEPRVE ZAČÍNÁ!

Poprvé v historii 👉 @unihokejfinalfour 
největší akce sezóny, přímý přenos v TV… a my jsme u toho.

🏒 SEMIFINÁLE
🆚 @ukkingsprague 
📍 Zimní stadion Eden, Praha
🕓 16. dubna | 16:30

Tohle není jen zápas.
👉 tohle jsou 2 dny hokeje, emoce, atmosféra a afterparty

Bude nás čekat v pátek boj o zlato nebo bronz! Každopádně v pátek si udělejte místo v kalendáři, bude se bojovat o medaileeee. 

Pojď nás podpořit a být součástí něčeho, co se píše poprvé.

🎟️ Vstupenky koupíš přes odkaz v BIU!",https://www.instagram.com/reel/DXGewGxxnTx/,,15251,386,,36
@univerzitnihokej,instagram,1e114592-3529-4cfe-9977-2598454053af,0ca4f01e-2338-423e-902f-f17e874cf3b8,IG Post,IMAGE,4.3.2026 14:34:52,"S účtem u ČSOB dostaneš z afterparty Jarní bitvy v Plzni zpět 2️⃣0️⃣% z útraty.

Stačí si založit účet u @csobcz přes odkaz v našem biu.
Afterparty může bolet, účet už o něco míň. 😏",https://www.instagram.com/p/DVd0-lSCPC4/,,6310,71,,44
vsefalcons,instagram,709fceba-e311-48e7-9057-f54a587abf4a,df2442c1-6e4b-46d9-bc35-8848f1670fd5,IG Story,VIDEO,3.3.2026 15:14:46,GRATULUJEME! @vita_sejto_novotny,https://www.instagram.com/stories/vsefalcons/3844757985625151448,712,1088,,,3
@univerzitnihokej,instagram,1e114592-3529-4cfe-9977-2598454053af,229c222f-e4f1-4f70-ba59-7e6e0e08fde4,IG Post,IMAGE,8.4.2026 19:37:32,"@ukkingsprague také vás vítáme v @unihokejfinalfour 👋🏻 Vidíme se 16. 4. na Edenu 🏟️

Vstupenky na finalfour.cz 🎟️",https://www.instagram.com/p/DW4fb52CL8Q/,,8626,141,1,16
@riderspardubice,instagram,4d6a67ab-9313-4f77-a82e-abb18adbca5d,4fb4e2d1-1a99-4ca8-9985-9fd0c13d0017,IG Story,VIDEO,1.4.2026 18:58:18,@skekopardubice 👋,https://www.instagram.com/stories/riderspardubice/3865888974246258416,,393,,,1
@218107044725785,facebook,7a942e3e-6c47-4794-9ba7-bbc7b6d40cb3,502cbcd5-3d80-4f1c-8c67-6af8974f3dec,FB Video,VIDEO,19.4.2026 11:35:56,Pojďte si s náma pro medaile 😍,https://www.facebook.com/reel/934561096111778/,1866,827,35,,
vsefalcons,instagram,709fceba-e311-48e7-9057-f54a587abf4a,865de090-2f60-4c41-bf84-452865c8e083,IG Story,VIDEO,1.6.2026 14:08:16,👈🏼 děkujeme @vsecz @ctvsvse za možnost tréninku 🙏🏼,https://www.instagram.com/stories/vsefalcons/3909954097683931992,,1167,,,2
@boostrava,instagram,1176ddaf-d366-48a2-9639-3c6694c72c85,c2f208e6-a629-422e-88e4-3570d0785d9a,IG Story,VIDEO,31.3.2026 19:15:54,,https://www.instagram.com/stories/boostrava/3865173049419259550,,628,,,6
@218107044725785,facebook,7a942e3e-6c47-4794-9ba7-bbc7b6d40cb3,1cb2b179-1009-4085-9fc5-389976cd48e1,FB Video,VIDEO,19.3.2026 18:14:03,"Týden od bitvy utekl jako voda, tak si pojďme dát aspoň malý flashback v podobě rozcvičky 💪🏼",https://www.facebook.com/reel/1437991481298431/,559,283,4,,
vsefalcons,instagram,709fceba-e311-48e7-9057-f54a587abf4a,365e2231-2741-46c7-89b0-bc6821c56612,IG Story,VIDEO,6.2.2026 7:33:09,,https://www.instagram.com/stories/vsefalcons/3826406230067781464,,782,,,1
@united_hk,instagram,b18c071b-0570-48b2-b743-990c668c3c5b,22198a1c-3035-4878-a55d-56c9aeaa7f84,IG Reel,VIDEO,11.4.2026 14:40:20,"Wings for Life World Run – poběžíme pro ty, kteří nemohou! 🏃‍♀️

Přidej se k nám na charitativní běh Wings for Life a pomoz dobré věci 💙 

Ať už se přidáš k týmu UNITED nebo RIDERS, tvůj výkon se rozhodně bude počítat!⚡️

Celý výtěžek totiž putuje na výzkum poranění míchy🪽

Kdy? 10.5. ve 13:00
Kde? Šimkovy sady HK

Bližší informace najdeš na odkaze v biu👆🏻

#unitedhk #unihokej #hokej",https://www.instagram.com/reel/DW_rd5ACDu9/,,8133,181,1,27
@bitvaoprahu,instagram,d7c8aa06-74fb-4c6c-a7d2-c2fe1bf6d59c,482566e0-807d-4788-b71d-9e494854423c,IG Post,IMAGE,11.3.2026 11:00:30,Královská rodino... uvidíme se v průvodu? 👀👑,https://www.instagram.com/p/DVvd_ROl-3K/,,13567,168,2,155
@akademiciplzen,instagram,65494228-95bf-4f7b-8e68-d47d7262db66,acda1bfd-5565-4367-81a6-6ddebc86990b,IG Story,VIDEO,9.4.2026 20:52:50,"📅 NÁM TO SICE NEVYŠLO,
ALE PLÁN NA PŘÍŠTÍ TÝDEN JE JASNÝ!",https://www.instagram.com/stories/akademiciplzen/3871744823422353510,,335,,,
@cvutengineers,instagram,11963a07-7f0f-48e6-9d81-aa63a7ff4a04,efcdfb29-3f18-4c9b-9072-fd2090d2cbfc,IG Story,VIDEO,17.4.2026 16:24:36,@maldiny.l  @tomanikpavel  @bernattomas16  @filip.stanek6,https://www.instagram.com/stories/cvutengineers/3877407938726082934,,1776,,,3
@cvutengineers,instagram,11963a07-7f0f-48e6-9d81-aa63a7ff4a04,e2d13fda-ce39-4d85-9a4f-f029a8293d3b,IG Story,VIDEO,17.4.2026 17:47:12,TI NEJLEPŠÍ  @engineerskotel 🦁 🦁,https://www.instagram.com/stories/cvutengineers/3877449080712767875,,1800,,,8
@univerzitnihokej,facebook,01b45180-0b14-4a14-96e8-d0a4bab1fb9f,f9435518-0df9-4d41-9a6d-439d6ac31d4a,FB Post,IMAGE,12.4.2026 13:59:10,"FINAL FOUR JE KOMPLETNÍ! ✅

Tahle čtyřka bude už ve čtvrtek a pátek bojovat o titul 🏆

Jak bude vypadat program čtvrtečních semifinále?
🕐 16:30 | @ukkingsprague vs. @riderspardubice 
🕐 20:15 | @cvutengineers vs. @vsefalcons 

Nejlevnější lístky najdeš právě teď na finalfour.cz 🎟️",https://www.facebook.com/1275398168115026/posts/1284247317230111,2197,,35,,
@univerzitnihokej,facebook,01b45180-0b14-4a14-96e8-d0a4bab1fb9f,b52a8d1c-b465-438d-89fd-26490c39d5ab,FB Post,IMAGE,12.4.2026 15:30:57,"Posledni dílek do skládačky @unihokejfinalfour 🧩Bojovat o titul a Pohár Jana Palacha dorazí do Prahy @riderspardubice 🐴

Vidíme se 16. a 17. dubna na Edenu 🏟️
🎟️ finalfour.cz",https://www.facebook.com/1275398168115026/posts/1284308340557342,980,,5,,
@hc_muni,instagram,43cd62c8-609d-4ea6-8ce9-cae5242ede0c,cd72531d-2e3b-414d-8f71-393e6b1ae4f0,IG Reel,VIDEO,9.3.2026 14:46:26,"Pregame bonding 🔥
Tým 🤝 fanoušci 🤝 dobrý jídlo 🍗
Díky našemu partnerovi @kfc_cz za skvělou ochutnávku!
Smažák Zinger si taky dejte, doporučuje 10/10 Medvědů 🐻

#hcmuni #desetfakultjednarodina #kfc",https://www.instagram.com/reel/DVquObAjITY/,,19143,262,1,45
vsefalcons,instagram,709fceba-e311-48e7-9057-f54a587abf4a,1da9c380-af24-4db9-856a-8c5b4b0e8a12,IG Story,VIDEO,28.1.2026 20:26:25,A  MŮŽEŠ PŘIJÍT NA TENHLE 🫵🏼,https://www.instagram.com/stories/vsefalcons/3820272451334968628,,913,,,
vsefalcons,instagram,709fceba-e311-48e7-9057-f54a587abf4a,37d22478-62a1-4e1e-9caf-855e09416e12,IG Story,VIDEO,14.3.2026 16:01:53,,https://www.instagram.com/stories/vsefalcons/3852754216049715562,763,842,,,1
@akademiciplzen,instagram,65494228-95bf-4f7b-8e68-d47d7262db66,31a16df5-4017-4d14-98f0-8a072cf1b811,IG Story,VIDEO,7.4.2026 21:24:41,"KAPITÁN V BRÁNĚ :
BRANKÁŘI DALI GÓL:
TRENÉŘI NA LEDĚ: ✅ ✅ ✅ @_jakubsucha_ @zenisek_ @lokajda2 @",https://www.instagram.com/stories/akademiciplzen/3870311327957040179,,300,,,2
@univerzitnihokej,facebook,01b45180-0b14-4a14-96e8-d0a4bab1fb9f,3f1e855b-dd7d-4fc8-abc1-ae45db7e8466,FB Post,IMAGE,23.3.2026 19:25:00,"Play-in klepe na dveře, takže si ho pojďme vysvětlit! 👆🏻⏰

Týmy na 3.–10. místě jdou do semifinále play-in, vítězové postupují do finále play-in. Týmy na 1.–2. místě vstupují až do finále play-in, kde se hraje o přímý postup. 👀

Dva lépe postavené týmy z poražených ve finále play-in dostanou ještě druhou šanci v lucky loser zápase o poslední místo. 🍀

4️⃣ nejlepší týmy se pak utkají v @unihokejfinalfour 16.–17. dubna v pražském Edenu.🗓️",https://www.facebook.com/1275398168115026/posts/1268617698793073,2296,,5,,
@univerzitnihokej,facebook,01b45180-0b14-4a14-96e8-d0a4bab1fb9f,f834dc7f-bb24-4748-a0c3-6192c77a51d2,FB Post,ALBUM,31.3.2026 20:18:12,Stejný výsledek. Stejný scénář. Oba postupy do finále play-in vybojovali @vsefalcons i @riderspardubice v prodloužení. 🤯,https://www.facebook.com/1275398168115026/posts/1275118091476367,549,,1,,