account_name,social_network_id,carl_account_id,carl_post_id,post_type,media_url_type,published,caption,permalink,impressions,views,likes,comments,shares
@united_hk,instagram,b18c071b-0570-48b2-b743-990c668c3c5b,0818c815-b1b7-4c9d-808b-62099b38cb36,IG Story,VIDEO,25.4.2026 10:24:53,Jsme ready!,https://www.instagram.com/stories/united_hk/3883024934066767895,,1164,,,5
vsefalcons,instagram,709fceba-e311-48e7-9057-f54a587abf4a,20a5b209-1b35-4618-a6b1-b24a446f69eb,IG Story,VIDEO,7.5.2026 15:04:33,GRATULACE @vse_futsal,https://www.instagram.com/stories/vsefalcons/3891863105328161661,,577,,,
@univerzitnihokej,instagram,1e114592-3529-4cfe-9977-2598454053af,411f0360-1e6a-4542-9dc9-c9120fa59110,IG Post,IMAGE,13.3.2026 16:51:25,UK Kings Prague ovládli tabulku a 1. místo jim už nikdo nevezme! 👑 Na Bitvě o Prahu po výhře převzali pohár ČAUS. 🏆,https://www.instagram.com/p/DV1POzjiGzA/,,27449,604,,20
@vutcavaliersbrno,instagram,b384bebf-72f3-4f9d-8b2d-3677709f6966,54524079-b0b2-40b1-95e2-8ce6cb43a2f2,IG Story,VIDEO,1.4.2026 10:37:13,,https://www.instagram.com/stories/vutcavaliersbrno/3865636771425988532,,677,,,3
@united_hk,instagram,b18c071b-0570-48b2-b743-990c668c3c5b,6a2768c5-9903-44b9-9f86-2fdf8fb3259d,IG Story,IMAGE,13.9.2026 16:34:37,2.TŘETINA stále ve vedení 🍀 🎉,https://www.instagram.com/stories/united_hk/3985404648493263585,,923,,,1
vsefalcons,instagram,709fceba-e311-48e7-9057-f54a587abf4a,a651faf2-1875-4cad-b19c-ef1bd0348ffa,IG Story,VIDEO,2.3.2026 11:16:55,A TO SE VYPLATÍ!,https://www.instagram.com/stories/vsefalcons/3843913477706528444,636,846,,,
@univerzitnihokej,facebook,01b45180-0b14-4a14-96e8-d0a4bab1fb9f,b4dcc853-0646-4952-99a1-95ce9213d873,FB Post,IMAGE,25.3.2026 22:40:09,"Na závěr základní části nechyběly nájezdy, prodloužení ani gólový koncert 🎻 Farmers urvali 2 body v Plzni, brněnské derby patří MUNI a Engineers navařili desítku 🚨
…a teď už směr play-in 🔜",https://www.facebook.com/1275398168115026/posts/1270372391950937,837,,2,,
vsefalcons,instagram,709fceba-e311-48e7-9057-f54a587abf4a,bec0a73e-1747-436e-b0ab-986ae7308ae1,IG Reel,VIDEO,10.9.2026 15:52:40,"my jsme ready! skoro 😮‍💨
Buď ready taky, pořiď si lístky před odkaz na profilu 🫵🏼",https://www.instagram.com/reel/DdHMwVyoHHi/,,2901,123,,7
vsefalcons,instagram,709fceba-e311-48e7-9057-f54a587abf4a,d51ce113-41e8-41b8-aa0a-8ca15014f494,IG Story,VIDEO,11.1.2026 17:52:06,👀,https://www.instagram.com/stories/vsefalcons/3807873595964163216,,707,,,4
@unitedhk,facebook,bfe6cc29-a387-41b9-9bca-b077722556af,db1441b8-0ea4-4e8d-98bb-4eca362bd0e9,FB Post,IMAGE,14.4.2026 16:28:33,"VYHRAJ VSTUPENKY NA
Beats for Love festival s naším generálním partnerem ČSOB CZ 🎶

Založ si účet skrz odkaz 👉 bit.ly/unihokejcsob
 a prvních 8 z Vás si užije
Beats for Love festival zdarma 🔥",https://www.facebook.com/122180651084388974/posts/122181249428388974,145,,,,
@vutcavaliersbrno,instagram,b384bebf-72f3-4f9d-8b2d-3677709f6966,99d14e0f-2455-4fc5-9724-c90ac60a499b,IG Story,IMAGE,1.4.2026 18:41:51,,https://www.instagram.com/stories/vutcavaliersbrno/3865880688096494288,,449,,,
@hcmuni,facebook,d1f9e9f9-7526-42d4-85aa-13f91e89f7cf,9a99de17-2cb9-434b-89eb-1a60b3cf82d5,FB Story,VIDEO,13.9.2026 12:12:39,,https://facebook.com/stories/107477761381481/UzpfSVNDOjEwNTMxODMyMzczMzMyMTE=/?view_single=1,,,,,
@riderspardubice,instagram,4d6a67ab-9313-4f77-a82e-abb18adbca5d,fb89d37b-8d95-49f3-b9ee-940a543f2df5,IG Story,IMAGE,12.4.2026 14:29:01,,https://www.instagram.com/stories/riderspardubice/3873725967449769792,,1267,,,2
vsefalcons,instagram,709fceba-e311-48e7-9057-f54a587abf4a,0c2b32d8-2762-4e11-9470-630d10a484fd,IG Story,VIDEO,17.2.2026 17:10:51,,https://www.instagram.com/stories/vsefalcons/3834669533495856225,762,1039,,,
@BOhokej,facebook,c9082543-a03b-490f-8f97-66d439acce89,1e534840-5b35-4ca9-a0d5-d86929046860,FB Post,IMAGE,18.3.2026 21:42:43,"Z Prahy si odvážíme bod! 🔥

#hockey #boostrava",https://www.facebook.com/1477974067675582/posts/1466075785532077,444,,2,,
vsefalcons,instagram,709fceba-e311-48e7-9057-f54a587abf4a,cb33f7f5-cc25-4756-868e-d49efdb8f005,IG Story,VIDEO,26.1.2026 15:45:26,,https://www.instagram.com/stories/vsefalcons/3818681510455196813,,1066,,,5
univerzitnihokej,tiktok,01c88cf9-594f-408e-a45a-95114221acae,1a5f82de-9b99-4708-85c5-f4aedee5c7a1,TT Video,VIDEO,16.4.2026 20:01:56,"Branka zpátky na místě, kalhoty padají pořád... 😔",https://www.tiktok.com/@univerzitnihokej/video/7629449812110282006?utm_campaign=tt4d_open_api&utm_source=7348986504397455361,,1541,79,,5
vsefalcons,instagram,709fceba-e311-48e7-9057-f54a587abf4a,6b371df9-2837-4bcd-b90d-7c964efb90ef,IG Reel,VIDEO,22.2.2026 15:53:13,"Kmenový focení máme za sebou 🧌
Co z tohohle nakonec vzešlo se dozvíte brzy…",https://www.instagram.com/reel/DVELznwjMDm/,,7489,195,1,80
@cvutengineers,instagram,11963a07-7f0f-48e6-9d81-aa63a7ff4a04,b4990250-bfbc-475c-ab24-5a7c738ab9ab,IG Story,VIDEO,17.4.2026 18:15:47,ONE TEAM ONE DREAM,https://www.instagram.com/stories/cvutengineers/3877463891664221189,,2258,,,5
@cvutengineers,instagram,11963a07-7f0f-48e6-9d81-aa63a7ff4a04,09e690dc-e66c-4223-95b4-43043571684e,IG Story,VIDEO,2.4.2026 7:41:12,,https://www.instagram.com/stories/cvutengineers/3866272944599373173,,62,,,
@akademiciplzen,instagram,65494228-95bf-4f7b-8e68-d47d7262db66,3cf4a746-5165-4982-8f77-93998bf592a8,IG Post,IMAGE,16.3.2026 14:12:53,"Speciální návštěva na Jarní bitvě! 👀

Hráči fotbalového týmu ZČU dorazili ukázat pohár za své první vítězství v Univerzitní fotbalové lize. 🏆

Ještě jednou gratulujeme, kluci! 👏🏻🤩

📸 @vpotocesevodatoci",https://www.instagram.com/p/DV8sABsDA9-/,,20732,510,,45
@unitedhk,facebook,bfe6cc29-a387-41b9-9bca-b077722556af,6adc3e96-1c1c-43e8-b63c-3bc32ed5bedd,FB Post,IMAGE,15.3.2026 11:34:23,"Náš útočník Radek Bíman dnes slaví narozeniny.

Všechno nejlepší, Radku! 🎂
Užij si to.

🖤🧡",https://www.facebook.com/122180651084388974/posts/122178797006388974,148,,1,,
@akademiciplzen,instagram,65494228-95bf-4f7b-8e68-d47d7262db66,bb301825-2fa8-4855-96e2-d37d0ac1b212,IG Reel,REEL,30.3.2026 16:01:20,"Pokud máš hlad jako @zenisek_ , dej si Zott a buď dobrej! 😎😋

#zott #zotthungry #hungrydrinkthis",https://www.instagram.com/reel/DWg7S1EjDeP/,,15989,333,,29
vsefalcons,instagram,709fceba-e311-48e7-9057-f54a587abf4a,e40298bc-e958-4778-8b52-15863763cd88,IG Story,VIDEO,8.2.2026 18:41:37,@___pajer24  MATYÁŠ PEYERL 🧱,https://www.instagram.com/stories/vsefalcons/3828192273981009659,,817,,,4
@bitvaoprahu,instagram,d7c8aa06-74fb-4c6c-a7d2-c2fe1bf6d59c,156036a0-ea74-4dff-8273-f1378a1aebc0,IG Post,IMAGE,12.3.2026 22:36:05,"Tradičně už plný barák! 🏟️🥹

Jste úžasní, vážíme si každého z vás! 🙏🏼 #bitvaoprahu",https://www.instagram.com/p/DVzSaIEjMLP/,,76696,1876,5,233
vsefalcons,instagram,709fceba-e311-48e7-9057-f54a587abf4a,1d4f40c5-aff4-4998-9c90-9cedafd12803,IG Story,VIDEO,16.4.2026 16:37:44,BRAZILKA pro fancy footwork 🙂‍↔️,https://www.instagram.com/stories/vsefalcons/3876689655735271864,1114,1081,,1,2
@boostrava,instagram,1176ddaf-d366-48a2-9639-3c6694c72c85,34f941cd-1217-43ac-9286-8b63b01b915c,IG Post,ALBUM,26.3.2026 8:17:06,"POSLEDNÍ ZÁPAS základní části máme za sebou!🔥
Teď se chystáme na PLAY-IN, kde už půjde o všechno!
Věříme ve Vaši maximální podporu☘️",https://www.instagram.com/p/DWVzO9XjLtI/,,3969,115,,30
@univerzitnihokej,facebook,01b45180-0b14-4a14-96e8-d0a4bab1fb9f,461fce09-3555-4835-9bd1-13081c93940d,FB Post,IMAGE,6.3.2026 16:38:37,"Letos s naším generálním partnerem @csobcz hrajeme o 1️⃣0️⃣0️⃣ 0️⃣0️⃣0️⃣Kč 💰

Stačí si založit účet u ČSOB přes link v našem biu a automaticky se zařadíš do osudí. 🎱 Momentálně v něm čeká posledních 150 míst! 👀",https://www.facebook.com/1275398168115026/posts/1255243316797178,527,,,,
@hcmuni,facebook,d1f9e9f9-7526-42d4-85aa-13f91e89f7cf,a3fa667c-a4e7-473d-b79c-520755f04d9f,FB Story,VIDEO,13.9.2026 13:17:32,,https://facebook.com/stories/107477761381481/UzpfSVNDOjE0MzMxMTM3NDUzNjM5MzQ=/?view_single=1,,,,,
@riderspardubice,instagram,4d6a67ab-9313-4f77-a82e-abb18adbca5d,c1d79c6e-281f-483c-b14c-e427bdb978ae,IG Story,VIDEO,12.4.2026 12:54:33,TEĎ JDE O VŠECHNO!,https://www.instagram.com/stories/riderspardubice/3873678514050614431,,1116,,,3
@cvutengineers,instagram,11963a07-7f0f-48e6-9d81-aa63a7ff4a04,315e8c8e-0338-4b59-8878-682cc55cf556,IG Story,VIDEO,17.4.2026 18:07:38,FOCUS,https://www.instagram.com/stories/cvutengineers/3877459667823924035,,1301,,,
@vutcavaliersbrno,instagram,b384bebf-72f3-4f9d-8b2d-3677709f6966,3f823599-a40d-4b1b-b6ac-42db9c695a77,IG Reel,VIDEO,11.9.2026 11:55:39,"🔥 KAVALÍRSKÁ PERMICE 🔥
 
Letos si historicky poprvé můžeš pořídit parádní PERMICI na naše domácí zápasy 🙌
A upřímně? 800 Kč za celou sezónu je deal, který si nechceš nechat uletět 👀
 
🎟️ Všechny domácí zápasy v sezóně
💸 Jen 800 Kč
🎁 A během sezóny tě navíc čekají dárečky od našich partnerů
 
A TEĎ POZOR!👇
 
Pokud si permici koupíš přes UniLife aplikaci a máš v ní ověřeného klienta ČSOB, dostaneš 20% SLEVU 🤑 🤯
 
Takže žádné přemýšlení, jestli příště dorazíš 🙌
Žádné shánění lístků na poslední chvíli 🙌
Prostě máš permici a jdeš na hokej 👈
 
🏒 Sezóna čeká, ty už jen klikni
 
📲 Kup permici v aplikaci UniLife
 
UniLife × ČSOB - Hokej nikdy nebyl dostupnější 🏒",https://www.instagram.com/reel/DdJWZCTIl80/,,4595,53,1,26
@univerzitnihokej,instagram,1e114592-3529-4cfe-9977-2598454053af,61931731-c3f0-43a1-9f20-844f507995a9,IG Post,IMAGE,4.3.2026 22:15:52,Největší překvapení večera? Akademici zdolali v prodloužení vůdce tabulky 💪🏼,https://www.instagram.com/p/DVepvBwCEF_/,,4199,101,,2
@unitedhk,facebook,bfe6cc29-a387-41b9-9bca-b077722556af,bb932298-63cf-40de-80b3-edd983b10514,FB Post,IMAGE,15.8.2026 8:29:00,"Jsme tady. 👋

Dva dny, jedno místo a pořádná porce triatlonu.

📍 Náměstí 5. května
📅 Sobota – Den Labe
📅 Neděle – IRONMAN

Stav se za námi ke stánku UNIted HK a Univerzity Hradec Králové.",https://www.facebook.com/122180651084388974/posts/122190982172388974,178,,1,,
vsefalcons,instagram,709fceba-e311-48e7-9057-f54a587abf4a,0e5404bb-0594-4b52-a464-6a79d7c412a7,IG Story,VIDEO,13.3.2026 17:01:09,,https://www.instagram.com/stories/vsefalcons/3852059276240025494,831,727,,,2
@united_hk,instagram,b18c071b-0570-48b2-b743-990c668c3c5b,a1913fed-389a-46c2-908e-562954fac771,IG Post,IMAGE,31.8.2026 16:43:02,"Za 4 týdny jsme zpátky doma.

Nová sezóna. První domácí zápas. A večer, kterým to celé rozjedeme.

📅 28. 9. 2026
🏒 UNIted HK × BO Ostrava
📍 ČPP aréna

17:00 Pop-up party
18:45 Slavnostní zahájení

OTVÍRÁK sezóny 2026/27.

Více na unitedhk.cz/otvirak",https://www.instagram.com/p/DctiuHwoOOp/,,12564,174,,63
@univerzitnihokej,instagram,1e114592-3529-4cfe-9977-2598454053af,0ca4f01e-2338-423e-902f-f17e874cf3b8,IG Post,IMAGE,4.3.2026 14:34:52,"S účtem u ČSOB dostaneš z afterparty Jarní bitvy v Plzni zpět 2️⃣0️⃣% z útraty.

Stačí si založit účet u @csobcz přes odkaz v našem biu.
Afterparty může bolet, účet už o něco míň. 😏",https://www.instagram.com/p/DVd0-lSCPC4/,,6310,71,,44
@univerzitnihokej,instagram,1e114592-3529-4cfe-9977-2598454053af,a8c7aec4-5feb-4429-beae-2acd67f0ae2e,IG Post,IMAGE,17.3.2026 21:29:20,Riders dnes přehráli BOčko a vezou si do Pardubic cenné 3 body! 💪🏼,https://www.instagram.com/p/DWACg1GiN5S/,,3547,79,,5
vsefalcons,instagram,709fceba-e311-48e7-9057-f54a587abf4a,ad40632c-1b02-46ec-9cae-335268de4be2,IG Story,IMAGE,8.4.2026 17:15:35,0 1 Theimer,https://www.instagram.com/stories/vsefalcons/3870910724994298890,897,820,,,
vsefalcons,instagram,709fceba-e311-48e7-9057-f54a587abf4a,c1994604-111f-4829-be33-ed5de2fb0b84,IG Reel,REEL,11.3.2026 13:06:22,"Zítřejší afterparty může bolet… 😏 A kluci ti prozradí jejich taktiku! 
Založ si účet u ČSOB přes odkaz v našem biu a po afterparty získej 20 % cashback. 🤑",https://www.instagram.com/reel/DVvr1AbCBU7/,,11352,205,8,40
@akademiciplzen,instagram,65494228-95bf-4f7b-8e68-d47d7262db66,fa9b246d-8dde-4001-82d6-852ea21a3960,IG Story,VIDEO,1.4.2026 18:49:40,👊🏼 JDEME BOJOVAT!,https://www.instagram.com/stories/akademiciplzen/3865884631019301121,,1161,,,
univerzitnihokej,tiktok,01c88cf9-594f-408e-a45a-95114221acae,397a622a-353b-4a34-8644-591521c2ef91,TT Video,VIDEO,21.4.2026 17:04:30,Co se stane ve sprchách… zůstane ve sprchách 😏🚿,https://www.tiktok.com/@univerzitnihokej/video/7631259509243006230?utm_campaign=tt4d_open_api&utm_source=7348986504397455361,,29461,3409,8,1004
@univerzitnihokej,instagram,1e114592-3529-4cfe-9977-2598454053af,8bd7b72f-6668-4144-9a5f-b33d8cf9b472,IG Post,IMAGE,7.3.2026 20:32:25,Black Dogs si při sobotním výletě z Prahy odvážejí 3 body ✅,https://www.instagram.com/p/DVmMR9-iKUN/,,2742,36,,5
vsefalcons,instagram,709fceba-e311-48e7-9057-f54a587abf4a,a981de4b-e875-4e01-850b-c35b7fd690cd,IG Story,VIDEO,6.5.2026 18:24:19,FALCONS NA VÝPRAVĚ @ukkingsprague 🍻,https://www.instagram.com/stories/vsefalcons/3891238864211732128,,1034,,,4
vsefalcons,instagram,709fceba-e311-48e7-9057-f54a587abf4a,cd9f8871-f2cd-42e7-95d0-b727a3197b86,IG Story,IMAGE,2.3.2026 11:17:59,"*takhle happy zítra budeš, protože stihneš proud za free",https://www.instagram.com/stories/vsefalcons/3843914043778178432,618,857,,,7
@akademiciplzen,instagram,65494228-95bf-4f7b-8e68-d47d7262db66,0e1eb7d8-1746-481e-87c8-ae2d8013614b,IG Reel,VIDEO,4.3.2026 17:04:33,"Dneska můžeš na stadionu kromě fandění udělat i fakt dobrej skutek! 😍

Můžeš se tady zapsat do registru dárců kostní dřeně. Zápis je úplně jednoduchý - jen krátký dotazník a stěr z pusy vatovou štětičkou. Zabere ti to chviličku, ale můžeš tím někomu zachránit život.

Tak se před zápasem nebo o přestávce stav u stánku @kostnidren.cz - máš to v sobě! 💙🩸

#akademiciplzen #jarnibitva",https://www.instagram.com/reel/DVeFrFiDJ9h/,,4184,75,1,5
@cvutengineers,instagram,11963a07-7f0f-48e6-9d81-aa63a7ff4a04,262312f6-5b17-4faa-9379-34d83b0d367e,IG Story,VIDEO,17.4.2026 10:54:53,🦁,https://www.instagram.com/stories/cvutengineers/3877241985904184903,,1599,,,
@univerzitnihokej,instagram,1e114592-3529-4cfe-9977-2598454053af,45c3d7bf-6853-4a94-bfab-aed3916c395f,IG Story,VIDEO,7.4.2026 17:47:18,"NOVÝ VIDEJKO NOVÝ PRACOVNÍ TÝDEN
=
 ❗️ ❗️ 📺 🍿 s @barborabro  dej si",https://www.instagram.com/stories/univerzitnihokej/3870201896501828138,,975,,,1
@218107044725785,facebook,7a942e3e-6c47-4794-9ba7-bbc7b6d40cb3,7670b11f-eaee-488a-8c9a-f19b4ce4e409,FB Video,VIDEO,9.4.2026 11:47:18,"Tři nebo tisíc je docela rozdíl, ale jak se říká, proti gustu žádný dišputát 🤓 

#vsefalcons",https://www.facebook.com/reel/1640543716984193/,585,228,1,,
@AkademiciPlzen,facebook,d87b94e3-03e8-45d0-b92e-75e9b819545c,b2a0358c-bc95-40cb-be23-b4c72b7f529d,FB Video,VIDEO,4.3.2026 17:04:44,"Dneska můžeš na stadionu kromě fandění udělat i fakt dobrej skutek! 😍

Můžeš se tady zapsat do registru dárců kostní dřeně. Zápis je úplně jednoduchý - jen krátký dotazník a stěr z pusy vatovou štětičkou. Zabere ti to chviličku, ale můžeš tím někomu zachránit život.

Tak se před zápasem nebo o přestávce stav u stánku @kostnidren.cz - máš to v sobě! 💙🩸

#akademiciplzen #jarnibitva",https://www.facebook.com/reel/2027551098101937/,414,122,2,,
@218107044725785,facebook,7a942e3e-6c47-4794-9ba7-bbc7b6d40cb3,29612093-8983-4da3-ad6a-ba7e2d539ed0,FB Story,VIDEO,20.8.2026 18:33:30,,https://facebook.com/stories/122096877530218300/UzpfSVNDOjEzNjkwMjgyMDg3NjkzMjg=/?view_single=1,,,,,
@bitvaoprahu,instagram,d7c8aa06-74fb-4c6c-a7d2-c2fe1bf6d59c,2d7560f9-85a2-4843-a212-fd7c3248894b,IG Reel,VIDEO,12.3.2026 16:19:18,"ZAČÍNÁME! 🔥

Hala se nám pomalu zaplňuje! 🥁 Malé pražské univerzitní derby sleduj živě na @sport_ct ➕. 📺

#bitvaoprahu | @czufarmers ⚔️ @vsefalcons",https://www.instagram.com/reel/DVynHHWDKEJ/,,14976,467,,15
vsefalcons,instagram,709fceba-e311-48e7-9057-f54a587abf4a,49cd8470-23a6-4876-a38b-922f3be0a25f,IG Story,VIDEO,2.3.2026 18:41:44,let him cook,https://www.instagram.com/stories/vsefalcons/3844137382211810877,633,807,,,
vsefalcons,instagram,709fceba-e311-48e7-9057-f54a587abf4a,789986a6-d7c7-47fa-abcd-30e4927273ac,IG Story,VIDEO,13.3.2026 16:21:57,,https://www.instagram.com/stories/vsefalcons/3852039536419332102,848,887,,,5
@univerzitnihokej,instagram,1e114592-3529-4cfe-9977-2598454053af,86c1ba41-6341-4625-b889-715b22913280,IG Story,VIDEO,8.4.2026 17:38:05,2 0,https://www.instagram.com/stories/univerzitnihokej/3870922033911605847,,871,,,2
@united_hk,instagram,b18c071b-0570-48b2-b743-990c668c3c5b,86f86d3f-b627-4f4f-b448-457ab8fb9d03,IG Story,VIDEO,28.8.2026 20:22:47,,https://www.instagram.com/stories/united_hk/3973923108293227231,,307,,,
@riderspardubice,instagram,4d6a67ab-9313-4f77-a82e-abb18adbca5d,cd2485ec-c9f5-430a-a820-6f4651d76e88,IG Story,VIDEO,10.9.2026 16:59:19,,https://www.instagram.com/stories/riderspardubice/3983242894051986253,,433,,,
@univerzitnihokej,instagram,1e114592-3529-4cfe-9977-2598454053af,fd66b1f4-1cc8-47c0-9a3f-2b400ff4166b,IG Reel,VIDEO,4.3.2026 21:00:53,"BAUER Gear Up Challenge 🧤
Stopky běží. Kdo se oblékne nejrychleji?",https://www.instagram.com/reel/DVeg2PcCKSq/,,13677,224,1,19
vsefalcons,instagram,709fceba-e311-48e7-9057-f54a587abf4a,19f54c0c-7d88-41bb-96d6-0f28235f5a00,IG Story,VIDEO,18.1.2026 19:36:25,,https://www.instagram.com/stories/vsefalcons/3812999630548386070,,946,,,1
@riderspardubice,instagram,4d6a67ab-9313-4f77-a82e-abb18adbca5d,4957d23f-2073-4d7b-8a9f-9a87592ba521,IG Story,VIDEO,17.4.2026 16:21:35,,https://www.instagram.com/stories/riderspardubice/3877406303786417855,,901,,,3
@riderspardubice,instagram,4d6a67ab-9313-4f77-a82e-abb18adbca5d,6b0fafcf-8a29-4753-a21b-16b5bc86ec33,IG Post,IMAGE,17.4.2026 18:29:37,"Děkujeme 🫶

Dneska to necinklo, ale rvali jsme se a nenechali jsme to nikomu zadarmo.

Dokázali jsme se po nepříliš ideálním začátku sezóny zvednout a dotáhnout to mezi 4 nejlepší týmy ligy a zahrát si na historicky prvním @unihokejfinalfour v Edenu. 

A to už nám nikdy nikdo nevezme. 

Děkujeme všem, kteří nám fandili a speciálně těm, kteří při nás stáli od začátku sezony nebo dokonce těm kteří při nás stojí od začátku Riders samotných. Vážíme si toho.",https://www.instagram.com/p/DXPh5OrjC0t/,,9869,311,4,18
@riderspardubice,instagram,4d6a67ab-9313-4f77-a82e-abb18adbca5d,6b3ed051-8d46-475f-98b2-1dca285c7b7b,IG Post,IMAGE,14.4.2026 16:38:45,"Název jakeho stavebniho holdingu nese pardubicka hokejova arena? 🧡

Označ holding do komentáře a my ze správných odpovědí zítra večer vylosujeme výherce dvou vstupenek na @unihokejfinalfour! 🙌",https://www.instagram.com/p/DXHnUPKDFnH/,,2501,59,41,4
@univerzitnihokej,facebook,01b45180-0b14-4a14-96e8-d0a4bab1fb9f,ac5bd6c3-74eb-4bb1-9481-e0cadad5001b,FB Post,IMAGE,19.3.2026 19:19:26,Swipuj doleva 👈🏼👀,https://www.facebook.com/1275398168115026/posts/1265087909146052,636,,1,,
vsefalcons,instagram,709fceba-e311-48e7-9057-f54a587abf4a,e1b8f76c-e0ed-42b7-bf88-a4fc15f33c67,IG Story,VIDEO,10.2.2026 21:07:12,JEŠTĚ NEKONČÍME,https://www.instagram.com/stories/vsefalcons/3829715095094095898,623,864,,,1
@univerzitnihokej,instagram,1e114592-3529-4cfe-9977-2598454053af,ec526ac2-d481-4603-ad2e-0c41a18d6fbd,IG Story,VIDEO,8.4.2026 20:47:08,POSTOUPIL TVŮJ TÝM? 🚀,https://www.instagram.com/stories/univerzitnihokej/3871017181295174064,,506,,,5
@riderspardubice,facebook,f99ed6c3-17cc-46f4-a32e-d9b0576ce2df,f0ce4129-99d0-4266-8f0c-8c9243bf84d0,FB Video,VIDEO,31.3.2026 20:35:33,"Tohle je naše cesta na které nás nyní čeká zápas ve finále play-in, který rozhodne, jestli se potkáme v Praze na @unihokejfinalfour‼️🤩🤩🤩🤩🤩",https://www.facebook.com/reel/1424337925571735/,633,155,8,,
@riderspardubice,facebook,f99ed6c3-17cc-46f4-a32e-d9b0576ce2df,7ab9b842-0875-49a6-b5ce-923d79e75a0f,FB Video,VIDEO,2.4.2026 6:56:41,"Finále play-in v Praze proti @cvutengineers! ⚡️

Zápas, kde jde o postup do @unihokejfinalfour 🤩",https://www.facebook.com/reel/834671582257495/,746,199,5,,
@riderspardubice,instagram,4d6a67ab-9313-4f77-a82e-abb18adbca5d,8286c5f4-0d1c-44be-b3c0-5f779bee76af,IG Reel,VIDEO,14.4.2026 6:00:09,"🚨 JSME V TOP4 A TEĎ TO TEPRVE ZAČÍNÁ!

Poprvé v historii 👉 @unihokejfinalfour 
největší akce sezóny, přímý přenos v TV… a my jsme u toho.

🏒 SEMIFINÁLE
🆚 @ukkingsprague 
📍 Zimní stadion Eden, Praha
🕓 16. dubna | 16:30

Tohle není jen zápas.
👉 tohle jsou 2 dny hokeje, emoce, atmosféra a afterparty

Bude nás čekat v pátek boj o zlato nebo bronz! Každopádně v pátek si udělejte místo v kalendáři, bude se bojovat o medaileeee. 

Pojď nás podpořit a být součástí něčeho, co se píše poprvé.

🎟️ Vstupenky koupíš přes odkaz v BIU!",https://www.instagram.com/reel/DXGewGxxnTx/,,15251,386,,36
@engineersprague,facebook,afd06d1d-7b1c-4f66-8d93-ce4255ab773c,0b55bd4f-9aac-41cb-ba4f-c7431b9e72ed,FB Post,IMAGE,16.4.2026 7:27:23,"FINAL FOUR JE TADY! 🔥
Po roce se v nejdůležitějším bodě sezony opět utkáme s VŠE Falcons. Bude to tvrdý boj a my potřebujeme, abyste u toho byli s námi. Přijďte ukázat, že jsme to právě my, kdo má SRDCE LVA! 🦁",https://www.facebook.com/1560924572517692/posts/1573917174551765,1121,,12,,
@united_hk,instagram,b18c071b-0570-48b2-b743-990c668c3c5b,1176721c-109d-46b7-b8ba-eef146387b34,IG Story,VIDEO,28.8.2026 14:15:06,,https://www.instagram.com/stories/united_hk/3973738049661610417,,692,,,1
@riderspardubice,instagram,4d6a67ab-9313-4f77-a82e-abb18adbca5d,2ec3238d-958d-4d68-8378-33c340b6858a,IG Reel,VIDEO,9.3.2026 19:43:43,Krásné výroční přeje celý tým Riders 💍🫶,https://www.instagram.com/reel/DVrQGitDIUA/,,12272,328,,11
vsefalcons,instagram,709fceba-e311-48e7-9057-f54a587abf4a,37d22478-62a1-4e1e-9caf-855e09416e12,IG Story,VIDEO,14.3.2026 16:01:53,,https://www.instagram.com/stories/vsefalcons/3852754216049715562,763,842,,,1
@AkademiciPlzen,facebook,d87b94e3-03e8-45d0-b92e-75e9b819545c,4732cdb1-434a-4a3e-b050-3435e7fe21a8,FB Post,IMAGE,17.8.2026 8:55:37,"Jdeš studovat do Plzně a chceš si odnést ty nejlepší sportovní i kolektivní zážitky? 🏒⚔️

Ať už jsi z Lékařská fakulta v Plzni Univerzity Karlovy nebo Západočeská univerzita v Plzni, hledáme nové posily do týmu ZČU Akademici Plzeň, které chtějí ukázat, co v nich je, a jít do toho naplno. Reprezentuj svou školu, poměř síly s hráči z univerzit z celého Česka a zažij jedinečnou atmosféru univerzitního hokeje! 🎓🔥

🏒 POSLEDNÍ ŠANCE DOSTAT SE DO TÝMU!

📅 31. 8. & 1. 9.
📍 LOGSPEED CZ Aréna, Plzeň
🕒 Čas bude upřesněn

Chceš být u toho? Přihlas se na TRYOUTový dvojzápas a zabojuj o místo v týmu! 💪

📩 Přihlášky: beer@akademiciplzen.com

Vidíme se na ledě. 🫵🏻

#akademiciplzen",https://www.facebook.com/1357105236437494/posts/1474680444679972,1069,,2,,
@boostrava,instagram,1176ddaf-d366-48a2-9639-3c6694c72c85,c2f208e6-a629-422e-88e4-3570d0785d9a,IG Story,VIDEO,31.3.2026 19:15:54,,https://www.instagram.com/stories/boostrava/3865173049419259550,,628,,,6
@univerzitnihokej,instagram,1e114592-3529-4cfe-9977-2598454053af,013ed9d1-06e1-440b-9a5b-6e7eddfd860b,IG Post,IMAGE,18.3.2026 10:34:41,"❤️‍🔥 Jarní část TOP utkání za námi, @unihokejfinalfour🔜",https://www.instagram.com/p/DWBcnklCHyv/,,6305,209,,7
vsefalcons,instagram,709fceba-e311-48e7-9057-f54a587abf4a,6309fd9f-c3b9-4539-a483-8eae63dbc555,IG Story,VIDEO,24.2.2026 18:42:58,"🥥 🥥 🥥 🥥 🥥 🥥 🥥 🥥 Někdo nám vyměnil
 puky za kokosy 🫨",https://www.instagram.com/stories/vsefalcons/3839789348589982152,724,1019,,,
@univerzitnihokej,instagram,1e114592-3529-4cfe-9977-2598454053af,c507cee9-09cb-41c0-b48e-3556699ee057,IG Post,IMAGE,6.3.2026 16:38:26,"Letos s naším generálním partnerem @csobcz hrajeme o 1️⃣0️⃣0️⃣ 0️⃣0️⃣0️⃣Kč 💰

Stačí si založit účet u ČSOB přes link v našem biu a automaticky se zařadíš do osudí. 🎱 Momentálně v něm čeká posledních 150 míst! 👀",https://www.instagram.com/p/DVjMtWeiBBk/,,9942,60,,18
@bitvaoprahu,instagram,d7c8aa06-74fb-4c6c-a7d2-c2fe1bf6d59c,ce6b4635-11b5-4c58-bcaf-c8dada6f21bf,IG Post,IMAGE,8.3.2026 15:54:52,"Chápete to? Už je to skoro tady 🤯
Lístky na tebe čekají na 🎟️ bitvaoprahu.cz",https://www.instagram.com/p/DVoQ6qHjK5f/,,7193,98,,12
@cvutengineers,instagram,11963a07-7f0f-48e6-9d81-aa63a7ff4a04,e05b568b-4a2d-4f4f-ac70-57a758e1f55d,IG Post,IMAGE,5.8.2026 14:13:59,"První trénink je za námi. 🏒 Po pauze jsme rádi, že jsme zase spolu. Teď už jen poctivě makat.💪",https://www.instagram.com/p/DbqVAWnjKMx/,,7775,216,,12
vsefalcons,instagram,709fceba-e311-48e7-9057-f54a587abf4a,304373e7-6275-4836-b81d-a9da67735ab0,IG Story,VIDEO,26.1.2026 15:38:56,VÝHLED PŘI BRAZILCE DOCELA V POHODĚ 🏰,https://www.instagram.com/stories/vsefalcons/3818678226659083610,,1063,,,1
@hokejovy_souboj_univerzit,instagram,cb4021a2-14da-41f5-8b43-0502f11720aa,385b099b-67ad-4568-8a22-1dbf4afcd4f6,IG Post,IMAGE,14.9.2026 9:00:55,"🔥 NEJVĚTŠÍ STUDENTSKÁ AKCE V BRNĚ JE ZPÁTKY! 🔥

HOKEJOVÝ SOUBOJ UNIVERZIT posedmé ovládne Brno 🏒💥

🗓️ 15. 10. 2026
📍 Winning Group Arena

Čeká tě večer plný hokeje, emocí, rivality a atmosféry, kterou si nechceš nechat ujít 💫
🎟️ Lístky mizí rychle, tak si ten svůj nenech utéct!
15. října se vidíme na ledě!

A pamatuj, kdo nefandí, jako by nebyl 😏🏒
👉 hsubrno.cz

🤫 Pst!.. Pokud si lístek koupíš v UniLife aplikaci, ve které máš ověřený ČSOB účet, máš lístek s 20% slevou. A to se vyplatí 😏",https://www.instagram.com/p/DdQwi-AsL4b/,,26269,726,1,704
@riderspardubice,facebook,f99ed6c3-17cc-46f4-a32e-d9b0576ce2df,67af13ed-b7c3-4033-b76b-b84336c51321,FB Video,VIDEO,17.4.2026 13:00:53,"Je to tu, svátek univerzitního hokeje, poslední zápasy sezóny. 

Pojďme si to užít a zabojovat o placku! 🐎🐎🐎❤️‍🔥",https://www.facebook.com/reel/1546475143716674/,381,193,,,
@akademiciplzen,instagram,65494228-95bf-4f7b-8e68-d47d7262db66,784e3c9e-0b1e-49cf-abd6-099ab0b67748,IG Post,IMAGE,5.9.2026 19:19:01,"Jedno město. Dvě školy. Jen jeden vítěz. 

13. ročník BITVY O PLZEŇ je tady! 🔥

Na ledě nás čeká další kapitola toho největšího studentského derby. ⚔️ 

Roky rivality. Tisíce fanoušků. Atmosféra, na kterou se nezapomíná. 🤫

Opět tě čeká nezapomenutelná HALFTIME SHOW přímo na ledě a po závěrečné siréně si tenhle večer společně užijeme na legendární Afterparty. 🍻

Teď zbývá jediná otázka…

Překonáme loňský rekord počtu fanoušků? 👀

Spuštění nejlevnějšího předprodeje pouze na 24 hodin už brzy... 🤫⏳

#akademiciplzen | 🎨 @hikky.design",https://www.instagram.com/p/Dc6rg4wMzlo/,,57959,1097,16,1175
@BOhokej,facebook,c9082543-a03b-490f-8f97-66d439acce89,cd49a2ae-53fa-4f0a-8d2c-63786b734c2a,FB Post,IMAGE,31.7.2026 12:28:43,"🏒 Jsi student VŠB-TUO nebo OSU a hraješ hokej?🐺

Máš chuť posunout svůj hokej na další úroveň a stát se součástí skvělé party? Přidej se k univerzitnímu týmu BO Ostrava a zažij atmosféru Univerzitní ligy ledního hokeje.

Co tě čeká?
🔥 Tréninky na ledě i suchá příprava
🏟️ Zázemí RT TORAX Arény
🏒 26 zápasů základní části + PLAY IN
⚔️ Derby, výjezdy a boj o FINAL FOUR

A co za to?
✅ Skvělý kolektiv
✅ Možnost brigády u partnerů
✅ Pomoc se školou a stipendii
✅ Výstroj, servis, týmové oblečení i fitko
✅ A hlavně spousta nezapomenutelných zážitků

📩 Máš zájem?? Napiš nám do zpráv nebo na lukashajek4@gmail.com a staň se součástí BO Ostrava!

#BOOstrava #UniverzitniLiga #ULLH #Hokej #ostrava 🧡🖤",https://www.facebook.com/1477974067675582/posts/1587320573407597,397,,3,,
vsefalcons,instagram,709fceba-e311-48e7-9057-f54a587abf4a,1d296190-1816-4fff-96bd-e020017b9f3f,IG Story,VIDEO,8.2.2026 9:57:13,GAMEDAY *vlaštovky už letí 🦅,https://www.instagram.com/stories/vsefalcons/3827928322613506948,,1003,,,1
vsefalcons,instagram,709fceba-e311-48e7-9057-f54a587abf4a,6eb5ac79-0008-4a2c-a79b-672f3dfce902,IG Reel,VIDEO,5.9.2026 7:27:33,Prošli kluci touhle zkouškou? 🧐,https://www.instagram.com/reel/Dc5a-3GIlW6/,,11642,160,2,16
@riderspardubice,instagram,4d6a67ab-9313-4f77-a82e-abb18adbca5d,996789e2-8450-41d8-8856-fac5b0418645,IG Story,VIDEO,2.9.2026 18:01:33,🍀,https://www.instagram.com/stories/riderspardubice/3977475909267559274,,825,,,2
@VUTCavaliersBrno,facebook,3351b43e-4b71-442b-b2f1-920cd6e57ee5,c2a13ff9-5fe6-4331-8eeb-edda8b2b58c2,FB Video,VIDEO,24.8.2026 12:19:17,sestřih z víkendového tryoutu 🏒,https://www.facebook.com/reel/1060651923328578/,521,191,5,,
@riderspardubice,facebook,f99ed6c3-17cc-46f4-a32e-d9b0576ce2df,c62eac3c-7b47-40d2-8e0b-85560f90d751,FB Post,IMAGE,11.3.2026 10:30:03,"Emoce vyhraného zápasu 🔥🤩

A 23. března nás čeká Last Dance! Poslední domácí zápas sezony a zároveň poslední zápas v dresu Riders pro @dominikkopecky_99 a @daniel.skryp!",https://www.facebook.com/1592662819534019/posts/1573377881462513,568,,9,,
@vutcavaliersbrno,instagram,b384bebf-72f3-4f9d-8b2d-3677709f6966,e4430ecb-bf69-42c1-a641-6c5ff29bf447,IG Story,VIDEO,14.4.2026 8:57:39,,https://www.instagram.com/stories/vutcavaliersbrno/3875008739744973184,,534,,,
vsefalcons,instagram,709fceba-e311-48e7-9057-f54a587abf4a,fcabcabe-018f-4a72-8d6c-51fee5802eba,IG Story,VIDEO,12.3.2026 17:04:51,TAK TOHLE MILUJEME,https://www.instagram.com/stories/vsefalcons/3851336384011310461,1505,1176,,,
vsefalcons,instagram,709fceba-e311-48e7-9057-f54a587abf4a,6093d745-d598-4e85-8185-074412846bfc,IG Story,VIDEO,20.1.2026 8:02:51,✏️🗓️,https://www.instagram.com/stories/vsefalcons/3814099997730296533,,969,,,
@engineersprague,facebook,afd06d1d-7b1c-4f66-8d93-ce4255ab773c,b1913cfa-f607-4e17-ae94-af91c0a9394e,FB Story,IMAGE,10.3.2026 20:26:43,,,,,,,
@united_hk,instagram,b18c071b-0570-48b2-b743-990c668c3c5b,bbe92ee7-d372-4e97-9494-d1a10269867c,IG Story,IMAGE,10.8.2026 17:59:36,FULL POWER do druhý třetiny 🏒 ⭐️,https://www.instagram.com/stories/united_hk/3960805332498306360,,932,,,1
@riderspardubice,instagram,4d6a67ab-9313-4f77-a82e-abb18adbca5d,cbe45dd3-ef28-45b6-b701-29d6dad65fab,IG Story,VIDEO,26.8.2026 20:22:37,@prazak_matej 🔥,https://www.instagram.com/stories/riderspardubice/3972473484110562610,,456,,,9
@akademiciplzen,instagram,65494228-95bf-4f7b-8e68-d47d7262db66,f03f842c-8087-488b-a07c-b7888c62264c,IG Story,VIDEO,10.9.2026 19:18:16,,https://www.instagram.com/stories/akademiciplzen/3983312695063231878,,787,,,1
@cvutengineers,instagram,11963a07-7f0f-48e6-9d81-aa63a7ff4a04,7f51c1bd-f73e-4746-9f7c-2330e1d587ca,IG Story,VIDEO,11.9.2026 14:33:21,📍,https://www.instagram.com/stories/cvutengineers/3983894088445132168,,1012,,,1
vsefalcons,instagram,709fceba-e311-48e7-9057-f54a587abf4a,cb855485-11d8-4b8a-b29a-77474cf7f847,IG Story,VIDEO,11.3.2026 18:45:09,,https://www.instagram.com/stories/vsefalcons/3850662059826537144,1169,610,,,1
@cvutengineers,instagram,11963a07-7f0f-48e6-9d81-aa63a7ff4a04,ea490d9f-57d2-49b4-a492-c87be67d16c1,IG Story,VIDEO,8.4.2026 18:28:06,🥅 BAUER přestávková soutěž @b_hockey_czech,https://www.instagram.com/stories/cvutengineers/3870947224717156408,,961,,,7
@VUTCavaliersBrno,facebook,3351b43e-4b71-442b-b2f1-920cd6e57ee5,0be3c3c7-c347-4e29-9e33-85755e463a87,FB Video,VIDEO,26.8.2026 15:15:07,Kdo z kluků byl nejblíž?,https://www.facebook.com/reel/1710751410624468/,675,287,4,,
@riderspardubice,instagram,4d6a67ab-9313-4f77-a82e-abb18adbca5d,830ed40f-ba1d-4416-910f-9ba7582f83ce,IG Story,VIDEO,5.4.2026 8:29:52,"DRESY MIZÍ, ALE STÁLE SE MŮŽEŠ ZAPOJIT!",https://www.instagram.com/stories/riderspardubice/3868471765563615435,,557,,,
@cvutengineers,instagram,11963a07-7f0f-48e6-9d81-aa63a7ff4a04,0207e1b3-6cf4-43a6-8e52-019bfe8cb584,IG Story,VIDEO,11.9.2026 16:39:59,BOJUJEME ⚔️,https://www.instagram.com/stories/cvutengineers/3983957835381526632,,792,,,1
@univerzitnihokej,instagram,1e114592-3529-4cfe-9977-2598454053af,229c222f-e4f1-4f70-ba59-7e6e0e08fde4,IG Post,IMAGE,8.4.2026 19:37:32,"@ukkingsprague také vás vítáme v @unihokejfinalfour 👋🏻 Vidíme se 16. 4. na Edenu 🏟️

Vstupenky na finalfour.cz 🎟️",https://www.instagram.com/p/DW4fb52CL8Q/,,8626,141,1,16
@univerzitnihokej,facebook,01b45180-0b14-4a14-96e8-d0a4bab1fb9f,40d5237c-c09a-4962-abaa-60418d7ebf60,FB Post,PHOTO,31.3.2026 19:45:53,Falcons si v prodloužení zajistili místo ve finále PLAY-IN 🦅🔥,https://www.facebook.com/1275398168115026/posts/1275101134811396,806,,2,,
@riderspardubice,instagram,4d6a67ab-9313-4f77-a82e-abb18adbca5d,4fb4e2d1-1a99-4ca8-9985-9fd0c13d0017,IG Story,VIDEO,1.4.2026 18:58:18,@skekopardubice 👋,https://www.instagram.com/stories/riderspardubice/3865888974246258416,,393,,,1
@218107044725785,facebook,7a942e3e-6c47-4794-9ba7-bbc7b6d40cb3,502cbcd5-3d80-4f1c-8c67-6af8974f3dec,FB Video,VIDEO,19.4.2026 11:35:56,Pojďte si s náma pro medaile 😍,https://www.facebook.com/reel/934561096111778/,1866,827,35,,
vsefalcons,instagram,709fceba-e311-48e7-9057-f54a587abf4a,865de090-2f60-4c41-bf84-452865c8e083,IG Story,VIDEO,1.6.2026 14:08:16,👈🏼 děkujeme @vsecz @ctvsvse za možnost tréninku 🙏🏼,https://www.instagram.com/stories/vsefalcons/3909954097683931992,,1167,,,2
@218107044725785,facebook,7a942e3e-6c47-4794-9ba7-bbc7b6d40cb3,1cb2b179-1009-4085-9fc5-389976cd48e1,FB Video,VIDEO,19.3.2026 18:14:03,"Týden od bitvy utekl jako voda, tak si pojďme dát aspoň malý flashback v podobě rozcvičky 💪🏼",https://www.facebook.com/reel/1437991481298431/,559,283,4,,
vsefalcons,instagram,709fceba-e311-48e7-9057-f54a587abf4a,365e2231-2741-46c7-89b0-bc6821c56612,IG Story,VIDEO,6.2.2026 7:33:09,,https://www.instagram.com/stories/vsefalcons/3826406230067781464,,782,,,1
vsefalcons,instagram,709fceba-e311-48e7-9057-f54a587abf4a,49554869-808d-49b4-84c0-06e463f63181,IG Story,VIDEO,13.9.2026 9:06:26,🎟️,https://www.instagram.com/stories/vsefalcons/3985179067548195859,,644,,,1
vsefalcons,instagram,709fceba-e311-48e7-9057-f54a587abf4a,df2442c1-6e4b-46d9-bc35-8848f1670fd5,IG Story,VIDEO,3.3.2026 15:14:46,GRATULUJEME! @vita_sejto_novotny,https://www.instagram.com/stories/vsefalcons/3844757985625151448,712,1088,,,3
@univerzitnihokej,instagram,1e114592-3529-4cfe-9977-2598454053af,335867d8-fca8-47c9-a490-6df35565b08e,IG Story,VIDEO,17.4.2026 20:16:48,,https://www.instagram.com/stories/univerzitnihokej/3877524891532549859,,1307,,,
@univerzitnihokej,instagram,1e114592-3529-4cfe-9977-2598454053af,3c59baca-14d7-48f6-8260-a968727b42d3,IG Reel,VIDEO,12.3.2026 16:38:42,"Pražští kluci už okoukali, jak se to v Brně dělá 💋",https://www.instagram.com/reel/DVypbHNCP2-/,,112357,5501,28,1288
vsefalcons,instagram,709fceba-e311-48e7-9057-f54a587abf4a,5c275ff1-b479-4e7d-b87e-2ff486c6668e,IG Reel,REEL,19.3.2026 18:13:47,"Týden od bitvy utekl jako voda, tak si pojďme dát aspoň malý flashback v podobě rozcvičky 💪🏼",https://www.instagram.com/reel/DWE1peXiPuC/,,41050,2009,3,91
@hcnorthwings,facebook,2b08a479-603b-46e4-8a48-2bc0435ccd53,d4a7018a-be1c-42ce-bd35-0555d3c48900,FB Story,VIDEO,18.8.2026 17:38:00,,,,,,,
@riderspardubice,instagram,4d6a67ab-9313-4f77-a82e-abb18adbca5d,3de0b4a5-1644-446f-9095-55dc149685b7,IG Post,IMAGE,9.3.2026 12:30:00,"Ready na dnešní zápas? 😎

Vstupenky koupíte přes odkaz v BIU!",https://www.instagram.com/p/DVqewFpjKS3/,,2112,60,,
@akademiciplzen,instagram,65494228-95bf-4f7b-8e68-d47d7262db66,a7a12354-680d-480d-860a-4e935b82f9ee,IG Story,VIDEO,20.8.2026 17:49:01,VEDEME! DANIEL KŘEPEL VEDEME! PRVNÍ GÓL DÁVÁ @daniel_krepel  DANIEL KŘEPEL 💣,https://www.instagram.com/stories/akademiciplzen/3968047514179621603,,1377,,,5
@engineersprague,facebook,afd06d1d-7b1c-4f66-8d93-ce4255ab773c,bc1633f0-7227-4f68-a79e-d55b0db80dfd,FB Post,PHOTO,10.3.2026 7:18:10,"🚨 GAMEDAY | Vyrážíme na led Falcons a cíl je jasný: přivézt body domů. Na hřišti do toho dáme všechno, vy nám pomozte vytvořit tu správnou atmosféru v hledišti!

🔥 Zápas startuje v 20:00 v pražských Kateřinkách, těšíme se ✌🏻😜.",https://www.facebook.com/1560924572517692/posts/1541461127797370,414,,4,,
@riderspardubice,facebook,f99ed6c3-17cc-46f4-a32e-d9b0576ce2df,eae87052-a110-4f43-8a4a-bc0a868f2b2f,FB Post,IMAGE,2.4.2026 12:28:12,"V příštím zápase se rozhodne, jestli postoupíme do @unihokejfinalfour !🤩🤩 Buď u toho s námi!

 Finále Play-in
🗓️ 8.4. v 19:30
📍 v ZS Hvězda
⚔️ proti @cvutengineers 

#fináleplayin#riders",https://www.facebook.com/1592662819534019/posts/1593915079408793,102,,3,,
vsefalcons,instagram,709fceba-e311-48e7-9057-f54a587abf4a,462f0802-037f-4a89-93af-bbadc1bdac78,IG Story,VIDEO,31.12.2025 13:39:05,🥂,https://www.instagram.com/stories/vsefalcons/3799774026755798886,,790,,,
@engineersprague,facebook,afd06d1d-7b1c-4f66-8d93-ce4255ab773c,74f0b72a-b91a-46b5-81d3-f57b23da5f79,FB Video,VIDEO,9.9.2026 14:15:25,"První zápas sezony chceme odstartovat pořádně. 🔥
Přijď zaplnit tribuny a vytvořit atmosféru, která nás požene celý zápas! 🏒📣

22. 9. | 18:45 | ZS HVĚZDA
🎟️ Lístky v BIU na profilu",https://www.facebook.com/reel/28292276753773424/,675,205,7,,
@akademiciplzen,instagram,65494228-95bf-4f7b-8e68-d47d7262db66,17bcd99a-2358-4f03-81b0-8c5ac2a7588c,IG Post,IMAGE,4.3.2026 20:54:35,"TAK TENHLE ZÁPAS MĚL VŠECHNO! 🏆 
Po napínavém prodloužení je výhra doma! 🔥

#akademiciplzen #jarnibitva",https://www.instagram.com/p/DVefszMDK7G/,,8153,331,,9
@cvutengineers,instagram,11963a07-7f0f-48e6-9d81-aa63a7ff4a04,5700fc7f-9f41-4fe5-b702-b63b1fbfb66b,IG Story,VIDEO,15.4.2026 19:13:26,"JAK MOC SE TĚŠÍTE? DOUFÁME, ŽE STEJNĚ JAKO PAVEL",https://www.instagram.com/stories/cvutengineers/3876043456196158355,,1088,,,3
vsefalcons,instagram,709fceba-e311-48e7-9057-f54a587abf4a,a28ab8b3-92f0-4e95-bfbb-e899cbce1d70,IG Story,VIDEO,15.1.2026 9:15:42,🎩 @_klobrc,https://www.instagram.com/stories/vsefalcons/3810512793464480479,,1369,,,3
@bitva_o_budejce,instagram,f977c0af-061e-4c10-813f-da5818f8a748,ecb8562c-cd75-4165-a5ad-c37028c39638,IG Reel,VIDEO,12.9.2026 8:05:07,"🚨 DNES V 18:00. 🚨
Lístky na BITVU jdou ven. 🎟️🔥

Loni to byla jízda.
Letos? JEDÉÉÉEM NA MAX. 🏒💥

JU × VŠTE | 4. 11. 2026",https://www.instagram.com/reel/DdLhC3jB3cS/,,2405,77,,27
@boostrava,instagram,1176ddaf-d366-48a2-9639-3c6694c72c85,ee608781-b76d-4c5f-8680-194ef1f9662d,IG Reel,VIDEO,11.8.2026 17:43:11,We are back🔥,https://www.instagram.com/reel/Db6Jim2sBJp/,,3548,80,,13
@riderspardubice,instagram,4d6a67ab-9313-4f77-a82e-abb18adbca5d,10989638-c9d7-4d31-9d31-e62b275174d6,IG Reel,VIDEO,17.4.2026 14:35:08,Začíná tu být horko 😮‍💨🔥,https://www.instagram.com/reel/DXPH5SojDiT/,,2375,88,,1
@united_hk,instagram,b18c071b-0570-48b2-b743-990c668c3c5b,22198a1c-3035-4878-a55d-56c9aeaa7f84,IG Reel,VIDEO,11.4.2026 14:40:20,"Wings for Life World Run – poběžíme pro ty, kteří nemohou! 🏃‍♀️

Přidej se k nám na charitativní běh Wings for Life a pomoz dobré věci 💙 

Ať už se přidáš k týmu UNITED nebo RIDERS, tvůj výkon se rozhodně bude počítat!⚡️

Celý výtěžek totiž putuje na výzkum poranění míchy🪽

Kdy? 10.5. ve 13:00
Kde? Šimkovy sady HK

Bližší informace najdeš na odkaze v biu👆🏻

#unitedhk #unihokej #hokej",https://www.instagram.com/reel/DW_rd5ACDu9/,,8133,181,1,27
vsefalcons,instagram,709fceba-e311-48e7-9057-f54a587abf4a,760445c3-690d-40fe-bd14-9e19264a8f08,IG Post,PHOTO,14.3.2026 19:05:18,Těžký týden zakončujeme bodem z Brna.,https://www.instagram.com/p/DV4DU1wiLg-/,,2519,38,,2
@vutcavaliersbrno,instagram,b384bebf-72f3-4f9d-8b2d-3677709f6966,91296fc8-0a2a-466c-82c1-a4f2f6663cd5,IG Story,IMAGE,1.4.2026 17:34:25,"1:0
@__martiinek",https://www.instagram.com/stories/vutcavaliersbrno/3865846755883511089,,510,,,1
@univerzitnihokej,instagram,1e114592-3529-4cfe-9977-2598454053af,a8bea072-ff7c-4e01-8333-b64c77fa3420,IG Story,VIDEO,8.4.2026 17:19:40,"V EDENU JDOU KINGS
DO VEDENÍ! 🤴🏻",https://www.instagram.com/stories/univerzitnihokej/3870912815636740642,,891,,,2
@hcnorthwings,facebook,2b08a479-603b-46e4-8a48-2bc0435ccd53,056b72d1-a402-45ec-882a-9bd4ac9a87fe,FB Post,IMAGE,8.9.2026 18:30:45,"🚨🆕️ NOVÁ APLIKACE JE TADY 🆕️🚨

 🔹️
UniLife

Univerzitní hokejová liga pohromadě 🔹️ zápasy, vstupenky, akce, události, párty, slevy, soutěže no prostě jeden kompletní UniLife📱

⬇️ Stahujte z Google Play nebo App Store 

#UniLife #hcnorthwings #univerzitnihokej",https://www.facebook.com/1583651910433365/posts/1738815081583713,865,,3,,
@riderspardubice,instagram,4d6a67ab-9313-4f77-a82e-abb18adbca5d,ff940abc-2dc1-4abe-b9c1-8bb8beaa22b7,IG Story,VIDEO,15.4.2026 23:00:57,,https://www.instagram.com/stories/riderspardubice/3876158031319068840,,60,,,
@AkademiciPlzen,facebook,d87b94e3-03e8-45d0-b92e-75e9b819545c,5b44f53f-7de3-4b4e-b2c8-20fd5daf3f07,FB Video,VIDEO,17.3.2026 18:30:28,"Pravidla jsou pravidla. 🤷🏻‍♂️ Co si ale vzít musíte, je pořádná forma na fandění! 

Vidíme se 25. 3. doma proti @czufarmers 🏒🔥

#akademiciplzen",https://www.facebook.com/reel/1251415393624839/,496,219,1,,
@united_hk,instagram,b18c071b-0570-48b2-b743-990c668c3c5b,0dda1f05-e710-42f4-82cb-ba3373b6cbc7,IG Story,IMAGE,28.8.2026 13:35:05,,https://www.instagram.com/stories/united_hk/3973717884597097769,,763,,,1
@riderspardubice,instagram,4d6a67ab-9313-4f77-a82e-abb18adbca5d,35f14344-df32-4fe0-ae81-6a5c987977d1,IG Post,IMAGE,26.3.2026 8:31:20,"Čeká nás PLAY-IIIIN! 💣

V pondělí jsme uzavřeli základní část a jdeme do play-in! Kdo se za námi staví v Ostravě!

🙌 A pojďme se taky ještě rychle vysvětlit, jak funguje play-in: 

👉 Týmy na 3.–10. místě nastoupí do semifinále play-in, odkud vítězové postupují do finále play-in. Týmy na 1.–2. místě jdou rovnou do finále play-in, kde se bojuje o přímý postup. 👀 Vše se hraje na jeden zápas.

👉 Dva lépe nasazené týmy, které prohrají ve finále play-in, dostanou ještě jednu šanci v tzv. lucky loser zápase o poslední postupové místo.

👉 4 nejlepší týmy se následně utkají na @unihokejfinalfour 16.–17. dubna v pražském Edenu.",https://www.instagram.com/p/DWV0lxEDFCN/,,5561,111,,11
@akademiciplzen,instagram,65494228-95bf-4f7b-8e68-d47d7262db66,24a6cf64-0cf1-4d73-ba94-ea81119a6f23,IG Story,VIDEO,28.8.2026 13:08:29,WIN WIN 👊🏻 🫵🏻 @kaiser_sim_,https://www.instagram.com/stories/akademiciplzen/3973704481959080886,,1196,,,1
@hc_muni,instagram,43cd62c8-609d-4ea6-8ce9-cae5242ede0c,cd72531d-2e3b-414d-8f71-393e6b1ae4f0,IG Reel,VIDEO,9.3.2026 14:46:26,"Pregame bonding 🔥
Tým 🤝 fanoušci 🤝 dobrý jídlo 🍗
Díky našemu partnerovi @kfc_cz za skvělou ochutnávku!
Smažák Zinger si taky dejte, doporučuje 10/10 Medvědů 🐻

#hcmuni #desetfakultjednarodina #kfc",https://www.instagram.com/reel/DVquObAjITY/,,19143,262,1,45
@hc_muni,instagram,43cd62c8-609d-4ea6-8ce9-cae5242ede0c,9f4fb74a-15b3-45bd-961c-dc98cb541fd1,IG Story,VIDEO,13.9.2026 12:52:54,,https://www.instagram.com/stories/hc_muni/3985293061374536096,,740,,,5
@united_hk,instagram,b18c071b-0570-48b2-b743-990c668c3c5b,0da04e4b-306e-4f17-b0a3-b723c22d0e27,IG Story,VIDEO,14.9.2026 12:07:37,,https://www.instagram.com/stories/united_hk/3985995046901563339,,627,,,
@cvutengineers,instagram,11963a07-7f0f-48e6-9d81-aa63a7ff4a04,4d88a354-c77e-4632-97aa-81d7d119929f,IG Story,VIDEO,11.9.2026 8:33:15,,https://www.instagram.com/stories/cvutengineers/3983712817546841285,,1897,,,4
@AkademiciPlzen,facebook,d87b94e3-03e8-45d0-b92e-75e9b819545c,a5961c8a-5880-4dcc-944f-3c414ec2406d,FB Video,VIDEO,24.3.2026 9:29:56,"Velikonoční PLAY-IN je tady🐰🔥
Říháč už ladí formu… s Dádou v uších. 🍫

‼️ NEJSPÍŠ POSLEDNÍ DOMÁCÍ ZÁPAS
🎁 VELIKONOČNÍ NADÍLKA čeká

Tak buď u toho 🤩
🗓️ 1. 4. | 19:00
📍 LOGSPEED CZ Aréna

#akademiciplzen 💙",https://www.facebook.com/reel/1464045335199912/,466,189,,,
vsefalcons,instagram,709fceba-e311-48e7-9057-f54a587abf4a,e6b503b4-4081-4cbe-a3d1-e3995fd7f68b,IG Story,VIDEO,16.3.2026 17:56:45,"MÁLO HRÁČŮ? nevadí, trenér jde do pole",https://www.instagram.com/stories/vsefalcons/3854261626560078354,,772,,,7
@univerzitnihokej,facebook,01b45180-0b14-4a14-96e8-d0a4bab1fb9f,b52a8d1c-b465-438d-89fd-26490c39d5ab,FB Post,IMAGE,12.4.2026 15:30:57,"Posledni dílek do skládačky @unihokejfinalfour 🧩Bojovat o titul a Pohár Jana Palacha dorazí do Prahy @riderspardubice 🐴

Vidíme se 16. a 17. dubna na Edenu 🏟️
🎟️ finalfour.cz",https://www.facebook.com/1275398168115026/posts/1284308340557342,980,,5,,
@unitedhk,facebook,bfe6cc29-a387-41b9-9bca-b077722556af,5e3148fd-418d-4d2e-b251-aea7257fe4f0,FB Post,IMAGE,14.9.2026 16:39:19,"OTVÍRÁK ZAČÍNÁ 28.9. UŽ V 17:00. 🔥

Otvírák sezóny startuje ještě před prvním buly. Před ČPP arénou rozjedeme pop-up party a tentokrát už víš přesně, co tě čeká.

🎧 Infinity Vibe DJ's
🍔 Studentské menu od Panda Truck
☕ Kávové speciality od Starbucks
🥤 Matcha limonády od Amity Drinks
🍺 Čepované pivo Proud
🎨 Zábavné aktivity, malování transparentů a stánky partnerů

Tohle všechno od 17:00 před ČPP arénou. Pak se přesouváme dovnitř na Otvírák sezóny proti BO Ostrava. 🏒

📅 28. 9.
🕔 Pop-up party od 17:00
🏒 UNIted HK × BO Ostrava

🎟️ Teď běží 1. vlna vstupenek za 90 Kč
📱 V UniLife s účtem u ČSOB za 72 Kč

unitedhk.cz/otvirak",https://www.facebook.com/122180651084388974/posts/122193390212388974,70,,2,,
@univerzitnihokej,instagram,1e114592-3529-4cfe-9977-2598454053af,6213df19-076c-4863-b022-1c05d7773ce2,IG Post,IMAGE,2.3.2026 12:48:42,"Tomáš Koblížek je důkazem, že hokej, studium a kariéra se nevylučují.

2× univerziáda 🇨🇿, postup s @piratichomutov do Maxa ligy, titul Ing. na VŠE 🎓 A teď nová etapa u Řízení letového provozu ✈️

Tome, díky za reprezentaci univerzitní cesty na nejvyšší úrovni. 👏 Ať se daří na nové životní dráze. 🛫",https://www.instagram.com/p/DVYfPKLiB2N/,,23414,698,4,37
@riderspardubice,facebook,f99ed6c3-17cc-46f4-a32e-d9b0576ce2df,e2effc45-c8ef-4397-b0ad-76b94720223f,FB Video,VIDEO,31.3.2026 21:20:50,"UNO REVERSE CARD 🙌🙌
Letsgoo!",https://www.facebook.com/reel/1720115502692180/,980,424,5,,
@riderspardubice,instagram,4d6a67ab-9313-4f77-a82e-abb18adbca5d,18cb116a-fd45-43e9-b58d-05126c879969,IG Post,IMAGE,10.4.2026 12:14:32,"Rvali jsme se do poslední minuty…

Ale v neděli nás čeká ještě jedna šance dostat se do @unihokejfinalfour a my jdeme do toho! 🐎",https://www.instagram.com/p/DW82VGpDLXK/,,5549,148,,10
vsefalcons,instagram,709fceba-e311-48e7-9057-f54a587abf4a,73db3f93-fcb0-4f45-8aa7-57472ede4d74,IG Story,VIDEO,2.5.2026 18:29:04,UNIVERZIÁDU kluci posílají pozdrav z přípravného kempu na 🙂‍↕️ @ramert.16 & @_jobas57_,https://www.instagram.com/stories/vsefalcons/3888342166535732434,,1493,,,3
vsefalcons,instagram,709fceba-e311-48e7-9057-f54a587abf4a,617ca837-547a-4f1d-83c6-d2f1bb06d92e,IG Story,VIDEO,20.8.2026 18:32:51,☄️ @dkoty_22,https://www.instagram.com/stories/vsefalcons/3968069574020623790,,904,,,1
@cvutengineers,instagram,11963a07-7f0f-48e6-9d81-aa63a7ff4a04,e2d13fda-ce39-4d85-9a4f-f029a8293d3b,IG Story,VIDEO,17.4.2026 17:47:12,TI NEJLEPŠÍ  @engineerskotel 🦁 🦁,https://www.instagram.com/stories/cvutengineers/3877449080712767875,,1800,,,8
@univerzitnihokej,facebook,01b45180-0b14-4a14-96e8-d0a4bab1fb9f,f9435518-0df9-4d41-9a6d-439d6ac31d4a,FB Post,IMAGE,12.4.2026 13:59:10,"FINAL FOUR JE KOMPLETNÍ! ✅

Tahle čtyřka bude už ve čtvrtek a pátek bojovat o titul 🏆

Jak bude vypadat program čtvrtečních semifinále?
🕐 16:30 | @ukkingsprague vs. @riderspardubice 
🕐 20:15 | @cvutengineers vs. @vsefalcons 

Nejlevnější lístky najdeš právě teď na finalfour.cz 🎟️",https://www.facebook.com/1275398168115026/posts/1284247317230111,2197,,35,,
@engineersprague,facebook,afd06d1d-7b1c-4f66-8d93-ce4255ab773c,a8601519-0d04-442b-8962-d2818ec49324,FB Story,VIDEO,12.3.2026 21:02:02,,,,,,,
@akademiciplzen,instagram,65494228-95bf-4f7b-8e68-d47d7262db66,31a16df5-4017-4d14-98f0-8a072cf1b811,IG Story,VIDEO,7.4.2026 21:24:41,"KAPITÁN V BRÁNĚ :
BRANKÁŘI DALI GÓL:
TRENÉŘI NA LEDĚ: ✅ ✅ ✅ @_jakubsucha_ @zenisek_ @lokajda2 @",https://www.instagram.com/stories/akademiciplzen/3870311327957040179,,300,,,2
@univerzitnihokej,facebook,01b45180-0b14-4a14-96e8-d0a4bab1fb9f,3f1e855b-dd7d-4fc8-abc1-ae45db7e8466,FB Post,IMAGE,23.3.2026 19:25:00,"Play-in klepe na dveře, takže si ho pojďme vysvětlit! 👆🏻⏰

Týmy na 3.–10. místě jdou do semifinále play-in, vítězové postupují do finále play-in. Týmy na 1.–2. místě vstupují až do finále play-in, kde se hraje o přímý postup. 👀

Dva lépe postavené týmy z poražených ve finále play-in dostanou ještě druhou šanci v lucky loser zápase o poslední místo. 🍀

4️⃣ nejlepší týmy se pak utkají v @unihokejfinalfour 16.–17. dubna v pražském Edenu.🗓️",https://www.facebook.com/1275398168115026/posts/1268617698793073,2296,,5,,
@univerzitnihokej,facebook,01b45180-0b14-4a14-96e8-d0a4bab1fb9f,f834dc7f-bb24-4748-a0c3-6192c77a51d2,FB Post,ALBUM,31.3.2026 20:18:12,Stejný výsledek. Stejný scénář. Oba postupy do finále play-in vybojovali @vsefalcons i @riderspardubice v prodloužení. 🤯,https://www.facebook.com/1275398168115026/posts/1275118091476367,549,,1,,
@cvutengineers,instagram,11963a07-7f0f-48e6-9d81-aa63a7ff4a04,49c68987-7c6c-4d9f-ae17-4b892f532bdd,IG Post,IMAGE,12.3.2026 22:38:09,"Dneska to nedopadlo podle našich představ… Vy jste při nás ale i tak stáli, a za to vám DĚKUJEME. 💙

Vrátíme se silnější 🫡",https://www.instagram.com/p/DVzSBOKDANN/,,13272,274,,9
@united_hk,instagram,b18c071b-0570-48b2-b743-990c668c3c5b,d521d9cd-8a05-449c-a304-d6377149af8a,IG Story,IMAGE,17.4.2026 14:38:49,Vedení bylo otestovat Eden!,https://www.instagram.com/stories/united_hk/3877354814971586767,,707,,,2
@cvutengineers,instagram,11963a07-7f0f-48e6-9d81-aa63a7ff4a04,3615eb32-45ee-4554-bedf-fee02cb8a16e,IG Reel,VIDEO,9.9.2026 14:14:55,"První zápas sezony chceme odstartovat pořádně. 🔥
Přijď zaplnit tribuny a vytvořit atmosféru, která nás požene celý zápas! 🏒📣

22. 9. | 18:45 | ZS HVĚZDA
🎟️ Lístky v BIU na profilu",https://www.instagram.com/reel/DdEcnaYMwMi/,,6247,148,,22
vsefalcons,instagram,709fceba-e311-48e7-9057-f54a587abf4a,1da9c380-af24-4db9-856a-8c5b4b0e8a12,IG Story,VIDEO,28.1.2026 20:26:25,A  MŮŽEŠ PŘIJÍT NA TENHLE 🫵🏼,https://www.instagram.com/stories/vsefalcons/3820272451334968628,,913,,,
@akademiciplzen,instagram,65494228-95bf-4f7b-8e68-d47d7262db66,acda1bfd-5565-4367-81a6-6ddebc86990b,IG Story,VIDEO,9.4.2026 20:52:50,"📅 NÁM TO SICE NEVYŠLO,
ALE PLÁN NA PŘÍŠTÍ TÝDEN JE JASNÝ!",https://www.instagram.com/stories/akademiciplzen/3871744823422353510,,335,,,
@bitvaoprahu,instagram,d7c8aa06-74fb-4c6c-a7d2-c2fe1bf6d59c,482566e0-807d-4788-b71d-9e494854423c,IG Post,IMAGE,11.3.2026 11:00:30,Královská rodino... uvidíme se v průvodu? 👀👑,https://www.instagram.com/p/DVvd_ROl-3K/,,13567,168,2,155
@akademiciplzen,instagram,65494228-95bf-4f7b-8e68-d47d7262db66,2eea1f7f-313b-46a5-8985-00a7cf833695,IG Post,IMAGE,3.3.2026 15:58:28,"JARNÍ BITVA UŽ ZÍTRA! 👊🏻

Doraž včas na Proud, Redbull nebo svařák do fanzóny, nalaď hlasivky a pojď z toho udělat večer, na kterej se bude vzpomínat!

🕰️ 17:30 otevření fanzóny
📍 LOGSPEED CZ Aréna
🎟️ Lístky najdeš v biu nebo na plzenskabitva.cz

Tak co, bude nás ještě víc než loni? 🔥
#akademiciplzen",https://www.instagram.com/p/DVbZqK0jFJl/,,3427,72,,1
@univerzitnihokej,instagram,1e114592-3529-4cfe-9977-2598454053af,7b125fd3-94e1-4a42-9954-48dc1955f76d,IG Story,VIDEO,31.3.2026 11:45:11,🚨 👀,https://www.instagram.com/stories/univerzitnihokej/3864946200160009485,,1294,,,1
@engineersprague,facebook,afd06d1d-7b1c-4f66-8d93-ce4255ab773c,66359e2e-42ae-466a-ab9a-9c3ac13b5b92,FB Post,IMAGE,8.8.2026 11:32:29,"Chceš se stát součástí týmu Engineers Prague? Přijď k nám na tryout ukázat, co v tobě je! 🦁

📅 15. srpna |📍 ZS Hvězda, Praha | ⏰ Sraz 18:00

Pokud jsi to ještě neudělal, tak své hokejové CV 
pošli na:
📩 janasek@engineersprague.cz

Těšíme se na tebe!",https://www.facebook.com/1560924572517692/posts/1680913687185446,589,,2,,
@unitedhk,facebook,bfe6cc29-a387-41b9-9bca-b077722556af,dd89a4c6-3bb9-4de7-adda-ac34c9654e4b,FB Video,VIDEO,2.9.2026 16:52:14,"Hokej je zpátky. Nová sezóna startuje! 

Souboje, góly, led a Otvírák - první domácí zápas nové sezóny.

Buď u toho s námi! 

29. září.
UNIted HK × BO Ostrava.
ČPP aréna.

🎟️ Prodej spouštíme 7. 9.

unitedhk.cz/otvirak",https://www.facebook.com/reel/2060837271215139/,346,129,5,,
@cvutengineers,instagram,11963a07-7f0f-48e6-9d81-aa63a7ff4a04,efcdfb29-3f18-4c9b-9072-fd2090d2cbfc,IG Story,VIDEO,17.4.2026 16:24:36,@maldiny.l  @tomanikpavel  @bernattomas16  @filip.stanek6,https://www.instagram.com/stories/cvutengineers/3877407938726082934,,1776,,,3
@hcmuni,facebook,d1f9e9f9-7526-42d4-85aa-13f91e89f7cf,3e9ed8a1-54c3-44ef-a907-e0368d95789f,FB Video,VIDEO,13.4.2026 14:22:50,"Sezóna 2025/26 už je sice pryč🏒 tyhle momenty si ale budeme všichni pamatovat ještě hodně dlouho 🐻💙

#hcmuni",https://www.facebook.com/reel/1691460521864539/,655,229,4,,
vsefalcons,instagram,709fceba-e311-48e7-9057-f54a587abf4a,a4550320-7bdf-4769-9083-935ab2d0ad11,IG Reel,VIDEO,17.4.2026 8:43:25,"Takhle vypadal včerejší semifinálový zápas 🔥

Bohužel nevyšel podle plánu, ALE dneska si můžeme spravit chuť a zabojovat alespoň o bronz 😏

Budete u toho s námi? Potřebujeme tam slyšet každého z vás! 🦅💙 Vstupenky koupíte na finalfour.cz 🎟️

🎥 @vojta_kepka @richipici",https://www.instagram.com/reel/DXOfLrPiF3l/,,4847,119,,6
@riderspardubice,facebook,f99ed6c3-17cc-46f4-a32e-d9b0576ce2df,56ecbf40-731a-4669-8e53-c6e71809d42d,FB Post,IMAGE,20.4.2026 8:29:35,Střípky z Final Four ✨,https://www.facebook.com/1592662819534019/posts/1609736671159967,598,,8,,
vsefalcons,instagram,709fceba-e311-48e7-9057-f54a587abf4a,f46f3d84-59a3-4f93-86d9-29276812975f,IG Story,VIDEO,17.4.2026 16:38:03,NERVY NA STŘÍDAČCE PRACUJOU 😮‍💨,https://www.instagram.com/stories/vsefalcons/3877414667840940682,,854,,,
@vutcavaliersbrno,instagram,b384bebf-72f3-4f9d-8b2d-3677709f6966,d3409bd9-e2c2-47eb-8b92-77bd0c5ec598,IG Story,VIDEO,22.8.2026 12:22:51,,https://www.instagram.com/stories/vutcavaliersbrno/3969333050101792727,,777,,,
@united_hk,instagram,b18c071b-0570-48b2-b743-990c668c3c5b,eebc5c57-305c-475c-b846-e66d915f0567,IG Story,VIDEO,14.4.2026 16:31:41,,https://www.instagram.com/stories/united_hk/3875237101469978902,,415,,,
vsefalcons,instagram,709fceba-e311-48e7-9057-f54a587abf4a,0b587369-29b0-4da0-8760-fb7e42f37333,IG Story,VIDEO,8.4.2026 19:28:26,,https://www.instagram.com/stories/vsefalcons/3870977564508484911,801,642,,,
@vutcavaliersbrno,instagram,b384bebf-72f3-4f9d-8b2d-3677709f6966,4df5f4fe-2480-42eb-9fb0-b7df872eff05,IG Story,VIDEO,16.4.2026 10:05:40,,https://www.instagram.com/stories/vutcavaliersbrno/3876492523858346068,,492,,,
@hc_muni,instagram,43cd62c8-609d-4ea6-8ce9-cae5242ede0c,4ec1b46c-f5f8-442a-8643-60237d7b5008,IG Story,VIDEO,30.8.2026 21:21:10,PRVNÍ VÝHRA ✅,https://www.instagram.com/stories/hc_muni/3975402211328809448,,176,,,
@univerzitnihokej,facebook,01b45180-0b14-4a14-96e8-d0a4bab1fb9f,c5c0cc4f-49f0-4455-a4e4-dc1264355cb9,FB Video,VIDEO,19.4.2026 18:17:24,"Výměna studia za stadion, aby audiokniha HR měla tu pravou atmosféru 🎧🔥",https://www.facebook.com/reel/937981889080105/,2104,978,3,,
@unitedhk,facebook,bfe6cc29-a387-41b9-9bca-b077722556af,dc3ac483-1f86-4d72-ba47-321f2ff22d00,FB Story,IMAGE,14.9.2026 16:58:08,,https://facebook.com/stories/122099775710388974/UzpfSVNDOjE1NjU5NzA3MzQ2MzI1NzM=/?view_single=1,,,,,
@univerzitnihokej,instagram,1e114592-3529-4cfe-9977-2598454053af,356a128e-ddc6-4cc2-b756-3c7de2d39f49,IG Post,IMAGE,9.4.2026 14:16:45,"Určitě se ptáte, jak to teď bude vypadat v @unihokejfinalfour 👀

Rozhodne se až v neděli v Lucky Loser zápase, kde se utkají Black Dogs a Riders. Podle toho, kdo vyhraje, se nastaví dvojice pro Final Four:

👉 Pokud vyhrají Riders:
UK Kings vs. Riders
ČVUT Engineers vs. VŠE Falcons

👉 Pokud vyhrají Black Dogs:
UK Kings vs. VŠE Falcons
ČVUT Engineers vs. Black Dogs

Jasno bude v neděli. Do té doby podržíme nejlevnější vstupenky. 🎟️",https://www.instagram.com/p/DW6fhU0iMm7/,,13793,275,9,131
@riderspardubice,facebook,f99ed6c3-17cc-46f4-a32e-d9b0576ce2df,e8a4b884-2e12-4bd1-9779-bad66074333f,FB Video,VIDEO,10.9.2026 16:56:02,"Kluci se dnes vypravili znovu na @seznamovakupce aby seznámili budoucí studenty s týmem Riders a pozvali je na první domácí zápas 21.9. do enteria arény🏒

Takže pokud stále váháš nad koupí lístku, tak neváhej a kup si lístek přes odkaz v našem BIU🎟️",https://www.facebook.com/reel/1393856828838872/,354,123,2,,
@hcnorthwings,facebook,2b08a479-603b-46e4-8a48-2bc0435ccd53,74437ce9-8aca-4a01-844e-cc6d909593eb,FB Video,VIDEO,9.3.2026 17:09:39,"Připrav se i TY a doraž ve středu na zimák! 🫵🏻🏒

Čekají nás poslední dva domácí zápasy, tak si to pojď užít s námi! 💙🔥

📍zimní stadion Ústí nad Labem
⏰ 11.03.2026 | 18:00
⚔️ @akademiciplzen 

#univerzitnihokej #myjsmeujep #ceskyhokej #hokej #plzen",https://www.facebook.com/reel/1458803332641344/,761,353,7,,
@cvutengineers,instagram,11963a07-7f0f-48e6-9d81-aa63a7ff4a04,cd51e68b-8dc8-47eb-b80c-94eeed1da3cf,IG Story,VIDEO,8.4.2026 20:30:58,JSME TAM!,https://www.instagram.com/stories/cvutengineers/3871009077883319825,,724,,,6
vsefalcons,instagram,709fceba-e311-48e7-9057-f54a587abf4a,7c3aedff-e3f6-47e0-8907-3366b5fa7b98,IG Story,VIDEO,17.2.2026 18:37:28,,https://www.instagram.com/stories/vsefalcons/3834713150482556349,665,914,,,4
@bitvaoprahu,instagram,d7c8aa06-74fb-4c6c-a7d2-c2fe1bf6d59c,1ac3c8cc-9127-4d89-8bd8-96da1b90514f,IG Post,ALBUM,14.3.2026 16:18:16,"🇨🇿 THAT NIGHT HAD IT ALL! 🪩❤️‍🔥

@foundsoundofficial | 📸 @radekkasik1 | #bitvaoprahu",https://www.instagram.com/p/DV3wwqhjIST/,,40004,523,1,98
@218107044725785,facebook,7a942e3e-6c47-4794-9ba7-bbc7b6d40cb3,f4002ff3-b1ed-4f5f-8877-79cbf3b4095b,FB Post,IMAGE,25.6.2026 14:02:22,"Apple emojis jsou fajn, ale něco jim chybí 🫣 Kdo s námi podepisuje petici pro tuhle novou dávku smajlíků? 📝

#vsefalcons",https://www.facebook.com/122282816036218300/posts/122294793194218300,295,,9,,
vsefalcons,instagram,709fceba-e311-48e7-9057-f54a587abf4a,bfead36b-f403-4985-8b2f-5bc8af55c7ae,IG Reel,VIDEO,18.4.2026 14:47:58,"Tohle se jen tak neokouká 🥹 

🎥 @vojta_kepka 

#vsefalcons #finalfour",https://www.instagram.com/reel/DXRuGHXjIlg/,,3448,135,,2
vsefalcons,instagram,709fceba-e311-48e7-9057-f54a587abf4a,3d0caf27-68b0-4ec4-9309-0c1bee6984df,IG Story,VIDEO,17.4.2026 13:31:50,YOUR FAV DUO @cech.ondrejj 🤝🏼 @fn0026,https://www.instagram.com/stories/vsefalcons/3877320922319321186,1034,1165,,1,2
@218107044725785,facebook,7a942e3e-6c47-4794-9ba7-bbc7b6d40cb3,d264a86d-3452-4f64-92d4-46929b28a162,FB Post,IMAGE,12.3.2026 10:21:01,"Jste připravení? 🫨 Kdybyste náhodou nevěděli, co před @bitvaoprahu stihnout, tak jsme vám to sepsali 👆🏻
Teď je to na vás. Tribuna musí být slyšet až na led. 🤍",https://www.facebook.com/122282816036218300/posts/122278479926218300,202,,7,,
@unitedhk,facebook,bfe6cc29-a387-41b9-9bca-b077722556af,45de2edd-e1b4-48de-8a37-b10f441ef64d,FB Post,IMAGE,17.7.2026 8:48:43,"Než skočíme zpátky do bruslí, ještě jedno ohlédnutí za závěrečným dnem letní přípravy.

🏐 ⛱️ Tradiční plážový volejbal ve Vysoké nad Labem.
Trochu pohybu, trochu srandy a poslední letní souboj mimo led.

Turnaj ovládla dvojice Petr Kubíček a Daniel Dunda.
Asistent trenéra ukázal, že umí rozdávat pokyny i body. 😏",https://www.facebook.com/122180651084388974/posts/122188845572388974,578,,3,,
@akademiciplzen,instagram,65494228-95bf-4f7b-8e68-d47d7262db66,c9481667-6e14-417c-9c3f-6ffdd9f6c40c,IG Story,VIDEO,24.8.2026 19:12:22,A NEJENOM ZVEDALO? 🤔 A NEJENOM ZVEDALO? 🤔 🐸,https://www.instagram.com/stories/akademiciplzen/3970988559313962928,,1189,,,3
@univerzitnihokej,instagram,1e114592-3529-4cfe-9977-2598454053af,e034f19d-1f4d-46b5-a21e-3ceaea38d258,IG Story,VIDEO,8.4.2026 19:49:42,JDE SE DO PRODLOUŽENÍ 😲,https://www.instagram.com/stories/univerzitnihokej/3870988274948963067,,650,,,
@univerzitnihokej,facebook,01b45180-0b14-4a14-96e8-d0a4bab1fb9f,f28e2538-bfb3-4ccc-ab78-caaadd0456e0,FB Post,IMAGE,8.4.2026 20:38:08,@cvutengineers Final Four na vás čeká! 👋🏻 Vidíme se v Edenu 16.4. 🔥,https://www.facebook.com/1275398168115026/posts/1281466880841488,552,,5,,
@univerzitnihokej,facebook,01b45180-0b14-4a14-96e8-d0a4bab1fb9f,511bb489-8251-40a5-8e1a-f5356345df57,FB Video,VIDEO,12.3.2026 23:09:32,My nejradši kombinaci obojího 🙂‍↕️,https://www.facebook.com/reel/1599380024599260/,755,332,4,,
@AkademiciPlzen,facebook,d87b94e3-03e8-45d0-b92e-75e9b819545c,57c6377d-ff51-485e-84a1-a358d0d9509b,FB Post,IMAGE,23.8.2026 10:42:12,"Vítězný vstup do přípravy! 💙🔥

Ve čtvrtek jsme na tréninkové hale odehráli první přípravný zápas proti VŠE Falcons Prague, který skončil naším vítězstvím 5:2! 💪🏻

Děkujeme Falcons za skvělý zápas a možnost otestovat naše nové posily týmu. 🤝🏻

💣 Trefil se Daniel Křepel, David Hynek, Aleš Kosnar, Václav Šmíd & Aleš Hofrajtr

Jen tak dál, kluci! 🔥🤌🏻

#akademiciplzen 💙",https://www.facebook.com/1357105236437494/posts/1479926744155342,1004,,6,,
vsefalcons,instagram,709fceba-e311-48e7-9057-f54a587abf4a,70807246-32f2-417c-90b3-baaab83ad560,IG Story,IMAGE,8.4.2026 17:58:04,"0 3 Theimer
Daniel",https://www.instagram.com/stories/vsefalcons/3870932114149474900,,819,,,
@riderspardubice,instagram,4d6a67ab-9313-4f77-a82e-abb18adbca5d,158064f0-ac69-4138-8949-21919d42b137,IG Story,VIDEO,31.3.2026 17:39:02,A MÁME TU 1. GÓÓÓL!!!! 1:0 @28_kuchtak_ 🚨,https://www.instagram.com/stories/riderspardubice/3865124321018822980,,875,,,1
vsefalcons,instagram,709fceba-e311-48e7-9057-f54a587abf4a,a9b8fb2d-d451-45a4-837a-4e73bf008bd2,IG Story,VIDEO,8.4.2026 16:19:06,,https://www.instagram.com/stories/vsefalcons/3870882307527693901,,71,,,
@riderspardubice,instagram,4d6a67ab-9313-4f77-a82e-abb18adbca5d,eee7774c-1aea-4eb8-a420-ce25545411a7,IG Story,VIDEO,8.4.2026 18:09:14,"PARDUBICE 
JSOU TADY! 📣",https://www.instagram.com/stories/riderspardubice/3870937726648963034,,790,,,1
@riderspardubice,instagram,4d6a67ab-9313-4f77-a82e-abb18adbca5d,7537668a-b570-457b-854c-522fff59b279,IG Story,VIDEO,26.8.2026 18:07:43,,https://www.instagram.com/stories/riderspardubice/3972405541116943226,,940,,,
@hcnorthwings,facebook,2b08a479-603b-46e4-8a48-2bc0435ccd53,3e4349b5-d2dd-4eff-a6cb-9416bee5bf0c,FB Story,VIDEO,4.3.2026 12:05:31,,,,,,,
@akademiciplzen,instagram,65494228-95bf-4f7b-8e68-d47d7262db66,ece4b42f-3b3b-4617-9e16-5378b5461b67,IG Story,VIDEO,23.4.2026 12:50:00,"NÁŠ BÝVALÝ HRÁČ MATĚJ SÝKORA JEDEN DEN ŘÍDIL EXTRALIGU, DRUHÝ DEN FINAL FOUR! JAK ZHODNOTIL ATMOSFÉRU @unihokejfinalfour ? 🎤 🤩",https://www.instagram.com/stories/akademiciplzen/3881648484617327509,,903,,,
vsefalcons,instagram,709fceba-e311-48e7-9057-f54a587abf4a,3bc33e8e-3627-433d-9439-54919e4f73f3,IG Reel,VIDEO,15.2.2026 10:57:05,"Češi dneska hrajou proti Švýcarsku, my se už v úterý postavíme proti @united_hk ⚔️

Pojď s námi zahájit semestr a užít si olympijskou atmošku u nás na Kateřinkách 🫶🏼 po zápase se vidíme na after! 🍹

📆 úterý 17.2.
🕐 19:45
📍 Ice Arena Kateřinky
🎟️ lístky na profilu",https://www.instagram.com/reel/DUxp8XlCAmB/,,8703,88,,37
@bitvaoprahu,facebook,75e0f41f-82be-4f82-a77b-82ac11135ed2,3e611d1a-7dc7-4cbe-a035-987720de6f5e,FB Post,IMAGE,11.3.2026 16:50:53,"Chceš vyhrát 3000 Kč e-shop Bauerhockey.cz? 🤑 Chceš nakupovat Bauer produkty trvale s 15% slevou?

Je to easy – registruj se!

💥 Co musíš udělat?
1) Zaregistrovat se na e-shopu bauerhockey.cz
2) Vyplnit při registraci kód “HSUP” a máš to!
3) Užívej si trvalou slevu 15 % a zároveň hraješ o super ceny! 🙌

🏆 O co hrajeme?

1️⃣ 3000 Kč na e-shop Bauer
2️⃣ Dárková taška Bauer

⏳ Soutěž končí s koncem utkání. 🎤
Vítězové budou kontaktováni emailem 📲",https://www.facebook.com/1441262177797849/posts/1419461559977911,180,,,,
@hc_muni,instagram,43cd62c8-609d-4ea6-8ce9-cae5242ede0c,6dc41e4e-8f0c-4038-8643-55fded4f7794,IG Story,VIDEO,13.9.2026 12:15:13,,https://www.instagram.com/stories/hc_muni/3985274107381843190,,842,,,
@vutcavaliersbrno,instagram,b384bebf-72f3-4f9d-8b2d-3677709f6966,3a932414-ec83-4400-aae5-0aab4dbd4e54,IG Story,VIDEO,31.3.2026 7:19:15,,https://www.instagram.com/stories/vutcavaliersbrno/3864812353158121789,,676,,,
@BOhokej,facebook,c9082543-a03b-490f-8f97-66d439acce89,0688bcc8-915e-4496-a4ea-c90949189df5,FB Post,IMAGE,17.4.2026 8:02:30,"Sezónu 25/26 máme za sebou🔥
Velké poděkování patří našemu generálnímu partnerovi @vitkovice.steel a všem ostatním za podporu, důvěru a spolupráci. Vážíme si toho, že jste součástí naší cesty! 
DĚKUJEME🧡",https://www.facebook.com/1477974067675582/posts/1491909529615369,701,,6,,
@univerzitnihokej,instagram,1e114592-3529-4cfe-9977-2598454053af,369afb48-7cdb-49ab-9f91-86440a3d4628,IG Story,VIDEO,7.4.2026 19:32:12,,https://www.instagram.com/stories/univerzitnihokej/3870254759756182996,,665,,,
vsefalcons,instagram,709fceba-e311-48e7-9057-f54a587abf4a,53bbdf75-83cf-47f4-8a49-3cf06b7a23e7,IG Story,VIDEO,6.1.2026 19:54:05,,https://www.instagram.com/stories/vsefalcons/3804311128965176963,,1046,,,1
vsefalcons,instagram,709fceba-e311-48e7-9057-f54a587abf4a,62d67565-a203-44f8-aaa1-1ce864bb73b2,IG Story,VIDEO,30.1.2026 18:02:06,,https://www.instagram.com/stories/vsefalcons/3821649366528567878,,640,,,1
@riderspardubice,instagram,4d6a67ab-9313-4f77-a82e-abb18adbca5d,a0825126-960b-46fd-9e3f-cf3533dba5bb,IG Post,IMAGE,28.7.2026 9:02:43,"25/26 season recap - 4️⃣/🔟

🔥První výhra 🔥 

Celých 10 kol čekali Riders na svou první výhru. Ta přišla 24.11. proti @vutcavaliersbrno 
Napínavý zápas nabídl mnoho zajímavých momentů avšak nováček v sestavě Riders, Matěj Terč svými dvěma góly zajistil výhru pro pardubický celek. Tato výhra znamenala první vytoužené vítězství a odraz od dna tabulky.",https://www.instagram.com/p/DbVKxrMIq4c/,,2290,57,,
@univerzitnihokej,instagram,1e114592-3529-4cfe-9977-2598454053af,a7f447f7-5124-4ded-ace2-cf6d764f60e8,IG Post,IMAGE,8.4.2026 7:40:21,"Po páté v letošní sezoně se střetnou Black Dogs s Falcons 😮‍💨 Tentokrát jde o všechno, protože vítěz postupuje do @unihokejfinalfour 🎟️

Komu budete dneska fandit? 👇🏻",https://www.instagram.com/p/DW3NXG_iMwp/,,8566,191,,9
@riderspardubice,instagram,4d6a67ab-9313-4f77-a82e-abb18adbca5d,b30bc7c6-8b23-40fc-8b1b-c5c12a707d27,IG Story,VIDEO,26.8.2026 19:24:22,@machosta_15 🔥,https://www.instagram.com/stories/riderspardubice/3972444155850868256,,763,,,1
@AkademiciPlzen,facebook,d87b94e3-03e8-45d0-b92e-75e9b819545c,e0d43eec-c505-4f3d-ab2d-6a20a41ad8c4,FB Video,VIDEO,7.4.2026 13:57:43,"Nechali jsme na ledě všechno.
Bojovali jsme do poslední chvíle, ale jediný gól v prodloužení rozhodl o našem konci v letošní sezoně.

Děkujeme vám za každou podporu, za každý hlas z tribuny a za to, že jste byli celou sezonu s námi. Bez vás by to nebylo ono. 💙

Slibujeme, že se vrátíme silnější — a doufáme, že znovu s vámi po boku!

#akademiciplzen | 🎥 @yzproduction.cz",https://www.facebook.com/reel/25892675250415488/,843,328,15,,
vsefalcons,instagram,709fceba-e311-48e7-9057-f54a587abf4a,133846c9-794d-46cd-8c1a-57b75c17aafe,IG Story,VIDEO,17.4.2026 13:50:39,ROZHEJBAT BOKY PŘED ZÁPASEM part 2,https://www.instagram.com/stories/vsefalcons/3877330384300065550,926,1064,,,4
@akademiciplzen,instagram,65494228-95bf-4f7b-8e68-d47d7262db66,923e6b24-20e0-460d-af40-c7923d952b3d,IG Story,VIDEO,27.8.2026 18:43:25,"DORAZIL SE PODÍVAT I NOVOPEČENÝ BAKALÁŘ, KTERÝ DNES ÚSPĚŠNĚ SLOŽIL STÁTNICE! GRATULUJEME, MATES! 👏🏻 🤩 @morawetzmates",https://www.instagram.com/stories/akademiciplzen/3973148314010700172,,916,,,1
vsefalcons,instagram,709fceba-e311-48e7-9057-f54a587abf4a,e123a688-8b0c-492d-afca-ce98ae87bece,IG Reel,VIDEO,31.3.2026 18:35:29,Jonáš Jobánek nám v prodloužení proti @united_hk zajistil POSTUP DO FINÁLE PLAY-IN 💪🏼🥹,https://www.instagram.com/reel/DWjxoJEiPoH/,,13526,366,1,18
@univerzitnihokej,instagram,1e114592-3529-4cfe-9977-2598454053af,f1e40697-ad41-4d3e-b6bf-695d72aedcb2,IG Post,IMAGE,10.3.2026 17:35:21,"🎬 Vyhraj lístky do CineStar na maraton Heated Rivalry s @hbomaxczsk ! 🔥 Asi k tomu seriálu nemusíme nic dodávat. Tohle prostě chceš vidět na velkém plátně.

Jak se zapojit:
1️⃣ Sleduj náš profil @univerzitnihokej
2️⃣ Do komentáře označ člověka, se kterým bys na maraton vyrazil

📅 Výherce vyhlásíme 12. 3. v 10:00.",https://www.instagram.com/p/DVtlOC_CGdr/,,15261,367,143,279
@unitedhk,facebook,bfe6cc29-a387-41b9-9bca-b077722556af,0af1f2de-b629-4d8a-a888-a2fb91ecf40a,FB Story,IMAGE,6.9.2026 17:36:44,,https://facebook.com/stories/122099775710388974/UzpfSVNDOjEzOTE1MjI1MDI0ODIzNjM=/?view_single=1,,,,,
vsefalcons,instagram,709fceba-e311-48e7-9057-f54a587abf4a,158ab0c3-29e3-40c4-b34c-85342389d040,IG Story,VIDEO,31.3.2026 16:27:55,@one__timer 🐇 chytil jsi ho?,https://www.instagram.com/stories/vsefalcons/3865088544654003594,983,1028,,2,5
@boostrava,instagram,1176ddaf-d366-48a2-9639-3c6694c72c85,54a2b5b5-3ac8-4f28-9f9b-713939fc699b,IG Post,PHOTO,31.3.2026 21:15:25,"Sezona pro nás prvním zápasem play-in skončila ☹️

Děkujeme všem za uplynulou sezonu 🔥

#hockey #playin #lastdance",https://www.instagram.com/p/DWkBviDDLOW/,,2489,59,3,6
@boostrava,instagram,1176ddaf-d366-48a2-9639-3c6694c72c85,6e1af44f-5322-45bb-affa-2664222d2bb4,IG Post,IMAGE,18.3.2026 8:09:54,"Děkujeme všem, kteří dorazili na včerejší utkání a zapojili se do soutěže o ceny od @b_hockey_czech 🏒
Ceny si převzali také dva nejlepší hráči utkání👏",https://www.instagram.com/p/DWBMDNEDLGi/,,16647,309,,21
vsefalcons,instagram,709fceba-e311-48e7-9057-f54a587abf4a,7f271527-054f-491f-b5c2-4ddfe50dda9f,IG Story,VIDEO,14.4.2026 11:06:56,"Jestli si chceš zkrátit čekání, můžeš dnes podpořit kluky na florbale 👈🏼",https://www.instagram.com/stories/vsefalcons/3875073806637221367,637,740,,,
@cvutengineers,instagram,11963a07-7f0f-48e6-9d81-aa63a7ff4a04,94a44792-7730-4d0d-8d0d-d6caf314e97f,IG Story,VIDEO,8.4.2026 20:14:52,"JEDEN TÝM, JEDEN CÍL ✨ ✨",https://www.instagram.com/stories/cvutengineers/3871000965948377786,,722,,,
@united_hk,instagram,b18c071b-0570-48b2-b743-990c668c3c5b,9b695a6f-59d5-4352-9f4e-0cf2a5df6af7,IG Post,IMAGE,10.8.2026 19:45:46,"První přátelák máme za sebou. 🏒

ŠAVŠ Raccoons porážíme 6:4.

První zápas, první výhra. Teď zase zpátky do práce.",https://www.instagram.com/p/Db3y8zbiNRj/,,5060,127,2,8
vsefalcons,instagram,709fceba-e311-48e7-9057-f54a587abf4a,a9169882-b132-4823-9a22-35d435f8b5a4,IG Story,VIDEO,12.2.2026 13:09:59,HOP @stracajunior 🐎,https://www.instagram.com/stories/vsefalcons/3830924443363311698,1232,1679,,,1
@univerzitnihokej,facebook,01b45180-0b14-4a14-96e8-d0a4bab1fb9f,d6fbd6f4-08cd-413b-80e2-aee6f1fc190d,FB Post,ALBUM,31.3.2026 10:02:48,"Dnešní druhý duel PLAY-IN👀

Ostrava 🆚 Riders 
Jeden zápas, který o všem rozhodne! Kdo postoupí do finále? 👇🏻",https://www.facebook.com/1275398168115026/posts/1274750808179762,289,,,,
@cvutengineers,instagram,11963a07-7f0f-48e6-9d81-aa63a7ff4a04,f74f8318-1fe4-43b3-9658-b620da1b0a81,IG Story,VIDEO,7.4.2026 17:30:34,TĚŠÍME SE NA VÁS!,https://www.instagram.com/stories/cvutengineers/3870193465430949775,,723,,,
vsefalcons,instagram,709fceba-e311-48e7-9057-f54a587abf4a,2094ff00-0b25-4415-a349-317539e82d35,IG Story,VIDEO,12.3.2026 18:54:36,,https://www.instagram.com/stories/vsefalcons/3851391593550994349,1304,995,,,1
@bitvaoprahu,instagram,d7c8aa06-74fb-4c6c-a7d2-c2fe1bf6d59c,25b55f1c-90e9-4be8-a189-daf2c652e0e4,IG Reel,VIDEO,12.3.2026 21:24:41,🇨🇿 Holešovice lit up. 💡💡💡,https://www.instagram.com/reel/DVzKAhgDKFz/,,23743,955,1,47
@univerzitnihokej,instagram,1e114592-3529-4cfe-9977-2598454053af,7dbd7216-c85c-46dd-98e8-4ba3807235b5,IG Post,IMAGE,14.4.2026 8:43:12,"Vyhraj vstupenky na Beats for Love s našim generálním partnerem ČSOB🎧

Stačí si založit účet přes odkaz v našem biu ☝🏻
Přesměruje tě do aplikace, kde máš během pár minut hotovo ✅

Pro 8️⃣ nejrychlejších máme celodenní vstupenky na @beats.for.love.festival ⚡️🎟️
O dalších 6 se bude soutěžit na @unihokejfinalfour 👀",https://www.instagram.com/p/DXGxUtgiArb/,,9224,21,,10
vsefalcons,instagram,709fceba-e311-48e7-9057-f54a587abf4a,e57bc159-af38-4ed8-91ad-af30a4dafa40,IG Story,IMAGE,20.8.2026 8:08:57,,https://www.instagram.com/stories/vsefalcons/3967755517749158892,,17,,,
@unitedhk,facebook,bfe6cc29-a387-41b9-9bca-b077722556af,6e2b423e-9c11-4ed3-b645-16a9c4fc39d7,FB Video,VIDEO,12.4.2026 16:04:54,"We listen and we don’t judge: Garnier edition💚

#unitedhk #unihokej #hokej",https://www.facebook.com/reel/1652145659372113/,408,136,1,,
vsefalcons,instagram,709fceba-e311-48e7-9057-f54a587abf4a,72cb3c70-a81b-470d-94a0-78c81e5dae57,IG Story,VIDEO,17.4.2026 14:57:39,,https://www.instagram.com/stories/vsefalcons/3877364120974586760,1197,1214,,1,1
@bitvaoprahu,facebook,75e0f41f-82be-4f82-a77b-82ac11135ed2,7beb4251-1b9f-4782-809a-f99c60b2bcde,FB Post,IMAGE,8.3.2026 8:00:00,"POV: Nevíš ráno co na sebe a tak se koukneš jaký bude počasí... 

Merch všech univerzitních týmů bude v prodeji na místě v den zápasu před halou! 🤝🏻",https://www.facebook.com/1441262177797849/posts/1415745487016185,275,,2,,
@cvutengineers,instagram,11963a07-7f0f-48e6-9d81-aa63a7ff4a04,8f6acb98-60f7-4962-b3b0-3c03f3e25bea,IG Post,IMAGE,12.3.2026 23:17:42,Dali jsme do toho všechno a teď koukáme dopředu! 🫡,https://www.instagram.com/p/DVzWfk0jLbR/,,5679,206,,12
@riderspardubice,instagram,4d6a67ab-9313-4f77-a82e-abb18adbca5d,b846f99a-5d1d-4f41-a9f6-e3a050e9edb6,IG Post,IMAGE,6.8.2026 7:54:26,"V neděli 9.8. se s námi můžete potkat na @sportovni_park_pardubice 😍. Najdete nás u Stanoviště č.18 společně s @feskaupce 📍

Přijďte si vyzkoušet střelbu na branku, vyzkoušet hokejovou výstroj a pokecat s našimi hráči🔥

Těšíme se vás!🐎",https://www.instagram.com/p/DbsORMwRYhg/,,3279,43,,11
@riderspardubice,instagram,4d6a67ab-9313-4f77-a82e-abb18adbca5d,e64f09d0-b27d-49c5-9691-97852f80e3ed,IG Story,VIDEO,31.3.2026 20:26:56,,https://www.instagram.com/stories/riderspardubice/3865208891081038424,,610,,,1
@univerzitnihokej,instagram,1e114592-3529-4cfe-9977-2598454053af,25904e4c-e20d-4ce8-a2b5-34fef62e1d22,IG Story,VIDEO,14.4.2026 11:45:44,MÁŠ UŽ SPLNĚNO? 🎟️,https://www.instagram.com/stories/univerzitnihokej/3875093339888473128,,851,,,
@engineersprague,facebook,afd06d1d-7b1c-4f66-8d93-ce4255ab773c,a8895c61-7cef-49f4-a6c4-9b547a6e3867,FB Story,VIDEO,4.3.2026 21:23:59,,,,,,,
@united_hk,instagram,b18c071b-0570-48b2-b743-990c668c3c5b,b4a7a568-3786-4dc1-a131-30e9c23fd8a5,IG Post,IMAGE,22.3.2026 10:22:16,"Náš kapitán Matěj Havlíček dnes slaví narozeniny.

Díky za vedení týmu a práci na ledě i mimo něj.
Užij si to, kapitáne! 🎂

🖤🧡",https://www.instagram.com/p/DWLuXkrCL2d/,,2909,61,,3
@univerzitnihokej,instagram,1e114592-3529-4cfe-9977-2598454053af,b597e161-5b20-4157-a898-fdb4d0d70126,IG Post,IMAGE,22.3.2026 18:24:32,"A jak vypadá naše tabulka před koncem základní části? 🤔
Po vedoucích Kings se drží na 2. místě Engineers, těsně za nimi Black Dogs. Akademici i BOčko mají před sebou rozhodující zápasy, stejně tak Cavaliers a Farmers. ⚔️",https://www.instagram.com/p/DWMlkVqiLo3/,,9465,210,,8
@akademiciplzen,instagram,65494228-95bf-4f7b-8e68-d47d7262db66,ba90b79a-8c58-43c1-b7f1-a20676938772,IG Reel,VIDEO,18.3.2026 18:57:23,"Jak to vypadá v kabině, když se vyhraje důležitý zápas proti UK Kings? Nálada přesně, jak má být! 🙌🏻🔥

Budeme slavit i dnes? 👀
Sleduj zápas proti @vutcavaliersbrno PRÁVĚ TEĎ na Tipsportu! 🎥

#akademiciplzen 💙",https://www.instagram.com/reel/DWCV8BRjPYk/,,6902,245,,
@218107044725785,facebook,7a942e3e-6c47-4794-9ba7-bbc7b6d40cb3,6805d705-9b80-4d93-9cff-5a15110a3ea7,FB Post,ALBUM,27.3.2026 10:58:54,"PLAY-IN 🟰 jeden zápas, jedna šance 😮‍💨 

V úterý hrajeme o všechno. Buď konec… nebo postup a boj o @unihokejfinalfour 💪🏻 

Potřebujeme naposledy plný hnízdo, který nás dotáhne k vítězství! 🦅

Vstupenky u nás na profilu! 🎟️",https://www.facebook.com/122282816036218300/posts/122280924260218300,299,,4,,
@AkademiciPlzen,facebook,d87b94e3-03e8-45d0-b92e-75e9b819545c,6c662a47-1fbd-476a-b725-f47ab00b0071,FB Video,VIDEO,3.3.2026 20:09:38,"Chceš se napít za free na after? 🍹 Zítra máš ideální šanci!

— Doraž zítra v 17:30 do fanzóny, 
— ohákni se do modrobílého,
— dones ten největší transparent, co zvládneš vyrobit! 🏒

Doraž udělat kotel, vidíme se tam! 💙

#akademiciplzen #jarnibitva",https://www.facebook.com/reel/1645011893341150/,559,239,2,,
@bitvaoprahu,instagram,d7c8aa06-74fb-4c6c-a7d2-c2fe1bf6d59c,7b15923c-65bd-4183-bba4-b903f9869b8d,IG Post,IMAGE,11.3.2026 11:02:16,Tenhle pochod bude doslova MODRÝ PEKLO! 👹,https://www.instagram.com/p/DVveMVMFycR/,,8196,133,,43
@united_hk,instagram,b18c071b-0570-48b2-b743-990c668c3c5b,843b8aca-4112-4d3e-8a0d-04951a74e868,IG Story,VIDEO,23.8.2026 14:36:39,,https://www.instagram.com/stories/united_hk/3970125484746403321,,598,,,2
@riderspardubice,instagram,4d6a67ab-9313-4f77-a82e-abb18adbca5d,8dc8feb3-4328-484d-b7f7-04a0c64574a3,IG Story,VIDEO,8.4.2026 19:01:12,ŠPINKA,https://www.instagram.com/stories/riderspardubice/3870963870484003112,,551,,,
@riderspardubice,instagram,4d6a67ab-9313-4f77-a82e-abb18adbca5d,cb120745-6108-4945-b65a-aa4d1e18d8b0,IG Post,IMAGE,28.4.2026 17:24:00,"Tahle sezona byla jízda a my děkujeme všem partnerům za to, že stáli při nás! 👏

#děkujeme",https://www.instagram.com/p/DXruoubjAir/,,1914,116,,
vsefalcons,instagram,709fceba-e311-48e7-9057-f54a587abf4a,e98f5f03-9d12-4b28-868f-010cea83e223,IG Post,CAROUSEL_ALBUM,21.2.2026 10:31:57,"Zápasy bez fanoušků: 🥱📉🥀
Zápasy s fanoušky: 🤩🚀🏆

Bez vás to není takový, tak nás v úterý přijďte podpořit, ať se nám hraje líp! 💙 Vstupenky sežene na profilu 🛍️",https://www.instagram.com/p/DVBEbsfCN1h/,,4728,102,,9
vsefalcons,instagram,709fceba-e311-48e7-9057-f54a587abf4a,fc9709e8-a4aa-4386-bc53-cd8d796cdb49,IG Story,VIDEO,10.3.2026 18:25:38,DETAILY ✨ a šup na led,https://www.instagram.com/stories/vsefalcons/3849927492123527741,859,,,,1
vsefalcons,instagram,709fceba-e311-48e7-9057-f54a587abf4a,7302ec7e-01ec-4e9f-9b1c-8780a2f5e096,IG Story,IMAGE,24.3.2026 19:07:07,1 2 Jurak,https://www.instagram.com/stories/vsefalcons/3860095203730270382,779,647,,,
@hcmuni,facebook,d1f9e9f9-7526-42d4-85aa-13f91e89f7cf,da2a8a7e-d588-4a86-bbf9-aabe121ff3c6,FB Video,VIDEO,15.3.2026 17:00:58,"POV: Jsi maskot, ale žiješ lepší život než půlka týmu 🔥 Zero stres, full vibes, protože na led nemusím a slávu mám i tak 🐻✌🏻

#hcmuni",https://www.facebook.com/reel/2238733709867255/,1925,395,11,,
vsefalcons,instagram,709fceba-e311-48e7-9057-f54a587abf4a,e32e5649-4743-4436-8861-7ebbcbab66da,IG Reel,VIDEO,28.2.2026 17:58:53,"Máme tu ještě jeden restík 😬

Přejeme hezkou sobotu s Kubaťákem 🍿📺",https://www.instagram.com/reel/DVT5CZPiPv4/,,7070,163,3,23
vsefalcons,instagram,709fceba-e311-48e7-9057-f54a587abf4a,4792372e-faf1-4c6c-918a-501eab11d7e9,IG Story,VIDEO,24.3.2026 20:19:21,snižuje na 4:3,https://www.instagram.com/stories/vsefalcons/3860131588260525261,758,536,,,
@akademiciplzen,instagram,65494228-95bf-4f7b-8e68-d47d7262db66,5d3394aa-0d0e-439a-8693-fb01c045a8db,IG Reel,REEL,28.3.2026 12:29:49,"Tak co, užili jste si Jarní bitvu? 👀🔥
Protože to nejdůležitější teprve přichází…

Už 1. 4. nás čeká poslední domácí zápas sezony, kterým zároveň odstartujeme vyřazovací část soutěže. Buď u toho s námi a vytvořme doma vítěznou atmosféru! 💙

🎟️ Lístky najdeš v odkaze v biu nebo na
akademiciplzen.enigoo.cz

#akademiciplzen | 🎥 @yzproduction.cz",https://www.instagram.com/reel/DWbZFh3jD4V/,,7226,202,,2
vsefalcons,instagram,709fceba-e311-48e7-9057-f54a587abf4a,7f146670-a1aa-4bff-bd08-b0d93c2a64f4,IG Story,VIDEO,11.4.2026 14:45:32,,https://www.instagram.com/stories/vsefalcons/3873009505558626345,866,781,,,1
vsefalcons,instagram,709fceba-e311-48e7-9057-f54a587abf4a,8f83204f-0f74-45bb-b1d3-d89f242b2950,IG Story,VIDEO,16.4.2026 8:27:16,,https://www.instagram.com/stories/vsefalcons/3876442850414086167,1208,1474,,1,
@riderspardubice,facebook,f99ed6c3-17cc-46f4-a32e-d9b0576ce2df,a7c3d0fd-57ef-41b6-bbc6-4bc0760d67dc,FB Post,IMAGE,16.4.2026 15:25:17,Po první třetině 0:0 👀,https://www.facebook.com/1592662819534019/posts/1606382821495352,808,,7,,
@akademiciplzen,instagram,65494228-95bf-4f7b-8e68-d47d7262db66,cb895318-f46d-42af-bcc3-34164fdf3de9,IG Story,VIDEO,10.9.2026 20:13:44,4 : 1  tečka na závěr od MICHALA MATOUŠKA! 🧑🏻‍🍳 @ten_kluk_bez_ucha,https://www.instagram.com/stories/akademiciplzen/3983343168745378726,,597,,,2
@riderspardubice,facebook,f99ed6c3-17cc-46f4-a32e-d9b0576ce2df,cd0e308d-fb52-47ac-83a1-e62ac8bef97c,FB Post,IMAGE,17.4.2026 16:28:33,Otočíme to v poslední třetině? 🤯,https://www.facebook.com/1592662819534019/posts/1607436634723304,398,,4,,
@riderspardubice,facebook,f99ed6c3-17cc-46f4-a32e-d9b0576ce2df,daaa4668-f4e8-490b-90a8-5e333d7fab49,FB Video,VIDEO,12.4.2026 17:03:46,Kdo za námi dorazí do Prahy? ❤️‍🔥,https://www.facebook.com/reel/1216415310355244/,1127,441,11,,
@cvutengineers,instagram,11963a07-7f0f-48e6-9d81-aa63a7ff4a04,f6099667-8724-482e-9261-1716c6fa7ea6,IG Post,IMAGE,12.3.2026 8:13:08,"Finále Bitvy o Prahu je konečně tady! ⚔️

Čekání skončilo. Už dnes od 20:00 vypukne dlouho očekávaný duel proti UK 🔥. Slibujeme napínavou bitvu a vyhrocenou atmosféru, ve které se rozhodne o jediném – kdo ovládne Prahu. 🗝️🦁

Buďte u toho s námi. Těšíme se na vás! 👋🏻

Dnes | 20:00 | Finále Bitvy",https://www.instagram.com/p/DVxupS9DJKJ/,,7691,122,,10
@univerzitnihokej,facebook,01b45180-0b14-4a14-96e8-d0a4bab1fb9f,2e585ba1-d4c6-431e-b0b0-46eb7ea323b9,FB Post,IMAGE,10.4.2026 9:57:39,"LUCKY LOSER = ještě jedna šance probojovat se do @unihokejfinalfour 🏆

V neděli se o všem rozhodne a budeme vědět všechny 4️⃣ týmy! 🔥",https://www.facebook.com/1275398168115026/posts/1282597390728437,843,,3,,
vsefalcons,instagram,709fceba-e311-48e7-9057-f54a587abf4a,42bf27c0-6dc7-4159-ab7e-5582baaefc9f,IG Story,VIDEO,24.3.2026 19:00:39,srovnává skóre,https://www.instagram.com/stories/vsefalcons/3860092327201135091,783,714,,,1
@vutcavaliersbrno,instagram,b384bebf-72f3-4f9d-8b2d-3677709f6966,47783722-fb41-4841-acc0-c609d7a78770,IG Story,VIDEO,23.8.2026 13:56:59,poslední střelby letošního TRYOUTu 🏒 @malkin_2006,https://www.instagram.com/stories/vutcavaliersbrno/3970105043772259414,,594,,,
@united_hk,instagram,b18c071b-0570-48b2-b743-990c668c3c5b,4cf6df26-0615-4029-ae2a-56a3fe28c787,IG Story,VIDEO,10.8.2026 19:22:30,EMPTY NET pro @daniel_dundaa,https://www.instagram.com/stories/united_hk/3960846828735842083,,719,,,
@cvutengineers,instagram,11963a07-7f0f-48e6-9d81-aa63a7ff4a04,604cc358-5bf8-4672-9890-ac7dd16f0a97,IG Story,IMAGE,17.4.2026 19:03:12,0 0 2,https://www.instagram.com/stories/cvutengineers/3877487844579407018,,1347,,,6
@vutcavaliersbrno,instagram,b384bebf-72f3-4f9d-8b2d-3677709f6966,c0b0f70b-1418-4d4d-947a-e702c54de96e,IG Story,VIDEO,22.8.2026 14:07:20,,https://www.instagram.com/stories/vutcavaliersbrno/3969385479279223831,,692,,,
vsefalcons,instagram,709fceba-e311-48e7-9057-f54a587abf4a,e7f30e5b-c9ac-468e-ab88-d4f9b9e8ac9e,IG Post,IMAGE,10.2.2026 22:00:55,"Těžký.

Příští týden s čistým štítem. 🫶🏼",https://www.instagram.com/p/DUl-FxniM-R/,,2387,47,,2
vsefalcons,instagram,709fceba-e311-48e7-9057-f54a587abf4a,077537c0-2573-4863-97c4-d086cd9c22e8,IG Reel,VIDEO,9.3.2026 11:26:19,"Kluci očividně nepoznají rozdíl mezi rage bait otázkou a naši normální otázkou 🤷🏽‍♀️

#vsefalcons",https://www.instagram.com/reel/DVqXF1BCFUx/,,245,4,,1
@univerzitnihokej,instagram,1e114592-3529-4cfe-9977-2598454053af,cfe9a177-d9df-4244-8be9-7a5c2d39d155,IG Reel,VIDEO,12.3.2026 9:16:07,KFC Chicken detective🕵🏼‍♀️🍗,https://www.instagram.com/reel/DVx2kQWiJJj/,,8773,187,2,11
@univerzitnihokej,instagram,1e114592-3529-4cfe-9977-2598454053af,055da508-e6c5-4b6e-bfe0-3b7874d3c57a,IG Story,VIDEO,8.4.2026 17:42:19,a další… 🔥,https://www.instagram.com/stories/univerzitnihokej/3870924209983598692,,866,,,
vsefalcons,instagram,709fceba-e311-48e7-9057-f54a587abf4a,4029ba33-abea-4e76-b0c4-7709d69b5d48,IG Story,VIDEO,7.4.2026 6:14:17,jak kluci (ne)umí se skřipcem 👧🏽,https://www.instagram.com/stories/vsefalcons/3869862746128928074,802,960,,1,1
@AkademiciPlzen,facebook,d87b94e3-03e8-45d0-b92e-75e9b819545c,6cbb8963-f64d-4f12-a9c8-876a3a6291cc,FB Story,VIDEO,10.9.2026 20:21:30,,https://facebook.com/stories/103234241824606/UzpfSVNDOjIyNTc0MTY3MjQ5OTA5NDA=/?view_single=1,,,,,
@akademiciplzen,instagram,65494228-95bf-4f7b-8e68-d47d7262db66,a0208dc1-0741-4164-abdd-48ed8dcb612c,IG Story,VIDEO,7.4.2026 11:25:08,"NÁŠ MAREK BLÁHA Z @lfp_unikarlova S ŘEDITELEM FAKULTNÍ NEMOCNICE MUDR. VÁCLAVEM ŠIMÁNKEM, PH.D. 🦷",https://www.instagram.com/stories/akademiciplzen/3870009541199184350,,1155,,,
@hcmuni,facebook,d1f9e9f9-7526-42d4-85aa-13f91e89f7cf,ac4dd67f-f0a5-41b4-bcd3-b1f51842ebc8,FB Video,VIDEO,24.3.2026 8:31:31,"Nabíhejte na náš LAST DANCE sezóny proti VUT❗️🔥

středa 19:30 📍Lužánky

🎟️Lístky koupíš zde: 👇🏻

https://hcmuni.enigoo.cz/app/tickets/events/136
#hcmuni",https://www.facebook.com/reel/947124154795501/,967,438,12,,
@hc_muni,instagram,43cd62c8-609d-4ea6-8ce9-cae5242ede0c,adeaed26-d50b-4b6e-83e9-e56b459a8cfd,IG Story,VIDEO,31.8.2026 7:16:32,@b_skalicky72,https://www.instagram.com/stories/hc_muni/3975701668738012919,,233,,,1
vsefalcons,instagram,709fceba-e311-48e7-9057-f54a587abf4a,477f1902-41c7-4c1c-a07e-72dbc337654a,IG Post,IMAGE,21.4.2026 18:39:10,"Druhá sezóna, podruhé v TOP 4 a letos rovnou s medailema na krku🥉

Byla to horská dráha a velký počet zranění nám nic neulehčoval. Sice jsme nedoletěli až na samotný vrchol, ale to, co jsme během té cesty vytvořili, má pro nás mnohem větší hodnotu.

Děkujeme všem, kteří byli součástí - fanouškům z našeho hnízda za podporu, partnerům za důvěru a všem ostatním, kteří za námi stáli - ať už na ledě nebo mimo něj. 🩵 Loučíme se a už se těšíme, co přinese příští sezóna… protože my letíme dál Vzhůru k výškám 👆🏼

Go Falcons! 🦅",https://www.instagram.com/p/DXZ2wJ7CIKb/,,10109,248,10,6
vsefalcons,instagram,709fceba-e311-48e7-9057-f54a587abf4a,52508683-c57e-4fb9-a099-6b4ca29ca6d2,IG Story,VIDEO,26.1.2026 16:33:45,,https://www.instagram.com/stories/vsefalcons/3818705808385387283,,895,,,
@akademiciplzen,instagram,65494228-95bf-4f7b-8e68-d47d7262db66,84f4f081-f3f7-45a2-ae2e-7d955559fe0a,IG Story,VIDEO,1.4.2026 10:38:14,"👆🏻 ⚔️ HEAD 2 HEAD KOUKNI, JAK SI OPROTI FARMÁŘŮM VEDEME",https://www.instagram.com/stories/akademiciplzen/3865637277854876991,,1798,,,
vsefalcons,instagram,709fceba-e311-48e7-9057-f54a587abf4a,08eab895-cc38-41ca-b2f2-474faeab2a71,IG Reel,VIDEO,28.2.2026 8:52:26,"Beloved erasmus students at our tuesday game 🌏💙

The next game is this Tuesday so come and support us in this important match 🤜🏽🤛🏽

You can get tickets on the profile 🎟️

#vsefalcons #erasmus",https://www.instagram.com/reel/DVS6hpkiH07/,,9919,183,,40
@bitvaoprahu,facebook,75e0f41f-82be-4f82-a77b-82ac11135ed2,494ddfc8-4cee-4453-b546-5179cb9b9f83,FB Video,VIDEO,13.3.2026 14:24:09,"Kterou příchuť od @vilgainczsk máš nejraději? 😋

Hoď nám do komentářů tu svoji a dej ostatním vědět, která za to prostě stojí. 👍🏼 #bitvaoprahu",https://www.facebook.com/reel/1290040026444542/,969,201,2,,
@hcmuni,facebook,d1f9e9f9-7526-42d4-85aa-13f91e89f7cf,c5fc929e-50ad-46e4-b6b3-d7c8366b92ef,FB Post,IMAGE,18.3.2026 7:40:11,"Derby jak Brno!💙❤️ Poslední zápas základní části bude stát za to 🐻⚔️ Tak si ho nenech ujít a přijď příští středu k nám na Lužánky!

Lístky seženeš u nás v biu🎟️",https://www.facebook.com/1581741777288398/posts/1568708061925103,567,,4,,
vsefalcons,instagram,709fceba-e311-48e7-9057-f54a587abf4a,ce8d7b7c-b763-4d86-9ccf-609509e2628a,IG Story,VIDEO,29.1.2026 18:07:06,🥧 📣,https://www.instagram.com/stories/vsefalcons/3820927104234036349,,803,,,
@united_hk,instagram,b18c071b-0570-48b2-b743-990c668c3c5b,5ed989a8-6e41-4597-8346-997b5622b439,IG Story,VIDEO,11.4.2026 18:53:19,,https://www.instagram.com/stories/united_hk/3873134221577426503,,412,,,
@united_hk,instagram,b18c071b-0570-48b2-b743-990c668c3c5b,be7f7a83-c35f-4aa1-af42-3af10cd2d2a9,IG Post,IMAGE,17.8.2026 13:49:32,"Rodina partnerů UNIted HK se rozšiřuje.

Pro sezonu 2026/27 vítáme čtyři nové partnery — Amity drinks, Futurum Hradec Králové, Lékárny IPC a Montela MH.

Díky za důvěru a vítejte v UNIted HK.

Těšíme se na společnou sezonu.",https://www.instagram.com/p/DcJLvuaiMvY/,,3501,84,,20
@bitvaoprahu,instagram,d7c8aa06-74fb-4c6c-a7d2-c2fe1bf6d59c,0910f753-f572-464b-97b0-a916285d67a4,IG Post,IMAGE,12.3.2026 9:35:18,"Venkovní FANZÓNA bude dnes otevřená už od 16:00 ⏰

Naši partneři si tu pro tebe připravili spoustu zábavy, která tě naladí na to mejdlo, co na tebe čeká vevnitř 🔥

A taky stánek s merchem všech týmů! Kde můžeš ještě na poslední chvíli doladit outfit 😮‍💨",https://www.instagram.com/p/DVx5CLEDJam/,,7151,134,,21
@BOhokej,facebook,c9082543-a03b-490f-8f97-66d439acce89,253538f7-4f25-4901-9573-3cced3954b21,FB Post,IMAGE,17.8.2026 15:27:54,"🛡️ Nová zeď do obrany!
David Stratil míří z 2. ligy do BOČKA🔥🫵🏻
Věříme, že svou bojovností, nasazením a prací na ledě bude důležitou součástí našeho týmu.😎 
Díky za důvěru Stráťo, ať se daří✨",https://www.facebook.com/1477974067675582/posts/1603220268484294,381,,2,,
@bitvaoprahu,instagram,d7c8aa06-74fb-4c6c-a7d2-c2fe1bf6d59c,5ea5d14e-666a-49e4-8e0f-615e87a763ea,IG Post,ALBUM,15.3.2026 20:41:26,Repete kdy? 🥹 Nějak se toho čtvrtečního finále nemůžem nabažit ❤️,https://www.instagram.com/p/DV6zrBdjs0R/,,11997,457,,14
@riderspardubice,facebook,f99ed6c3-17cc-46f4-a32e-d9b0576ce2df,a43ba04a-b6d8-4f9c-b3dc-221ce5c8accd,FB Post,IMAGE,14.4.2026 14:16:31,"Pardubáci jedeme do Prahyyyy! 🥁

Sejdeme se před druhou hodinou na Pardubice hl. n. a ve 14:00 vyrazíme směr zimní stadion Eden! 

Na sebe merch nebo červený outfit a do ruky na cestu dostanete @pivoproud 🍻

Těšíte se?!",https://www.facebook.com/1592662819534019/posts/1604500838350217,282,,4,,
@hcmuni,facebook,d1f9e9f9-7526-42d4-85aa-13f91e89f7cf,3465f213-9708-4a8f-836b-10e9747a8259,FB Post,IMAGE,18.3.2026 9:49:13,"GAME DAY JE TADY 🔥🔥🔥 doufáme, že se uvidíme v 19:30 na Lužánkách💙👊🏻

Lístky koupíš u nás v biu🎟️

#hcmuni",https://www.facebook.com/1581741777288398/posts/1568771585252084,252,,4,,
@AkademiciPlzen,facebook,d87b94e3-03e8-45d0-b92e-75e9b819545c,53e82c91-7e70-4569-95dd-64aac6fcb314,FB Video,VIDEO,15.3.2026 19:23:05,"Queen of multitasking @kaiser_sim_ 🚴🍰

#akademiciplzen 💙",https://www.facebook.com/reel/916995060909032/,2133,951,2,,
vsefalcons,instagram,709fceba-e311-48e7-9057-f54a587abf4a,2e2597c6-c1b1-4ca3-8734-804b287e3d2f,IG Story,VIDEO,1.9.2026 18:41:34,CHYBĚLI JSME VÁM? 👀,https://www.instagram.com/stories/vsefalcons/3976771236524480595,,596,,,42
vsefalcons,instagram,709fceba-e311-48e7-9057-f54a587abf4a,5af70354-36e3-4794-8bdd-8a905d657ba5,IG Story,VIDEO,26.1.2026 13:58:47,BALÍME SE 🔜 Hluboká nad Vltavou 👋🏻,https://www.instagram.com/stories/vsefalcons/3818627864602403592,,1323,,,2
@cvutengineers,instagram,11963a07-7f0f-48e6-9d81-aa63a7ff4a04,98b759b0-aa78-493c-94e2-ff5e8aa64831,IG Story,VIDEO,8.4.2026 21:57:53,,https://www.instagram.com/stories/cvutengineers/3871052789158040298,,332,,,
@riderspardubice,instagram,4d6a67ab-9313-4f77-a82e-abb18adbca5d,be248b73-780c-43c9-a159-66e6e423010e,IG Story,VIDEO,13.9.2026 16:53:36,,https://www.instagram.com/stories/riderspardubice/3985414203887884942,,604,,,1
@AkademiciPlzen,facebook,d87b94e3-03e8-45d0-b92e-75e9b819545c,c4866a8e-9546-43ca-955c-33569fe69186,FB Story,VIDEO,27.8.2026 16:59:46,,https://facebook.com/stories/103234241824606/UzpfSVNDOjIwOTMxMTA2NDE2MzEyMTQ=/?view_single=1,,,,,
@akademiciplzen,instagram,65494228-95bf-4f7b-8e68-d47d7262db66,f46d5248-d45c-4be2-85a1-41ab22982c99,IG Reel,VIDEO,3.9.2026 10:57:28,"TRYOUT očima hráčů: Očekávání vs. realita 😆

Na tryoutu a na začátku přípravy jsme měli možnost vidět celkem 47 hráčů. 👏🏻Během zápasu oba dny byla na ledě znát pořádná dávka nervozity – každý chtěl ukázat to nejlepší a vybojovat si místo v týmu. 🔥

O tom, kdo se do týmu nakonec probojoval, už trenéři rozhodli… a vy se to dozvíte už brzy. 😎⏳

#akademiciplzen",https://www.instagram.com/reel/Dc0pIuKsiwh/,,13145,267,,19
vsefalcons,instagram,709fceba-e311-48e7-9057-f54a587abf4a,f99fe662-7037-4895-9586-e876b8956fa5,IG Story,VIDEO,10.1.2026 16:51:45,,https://www.instagram.com/stories/vsefalcons/3807118473663350345,,753,,,
vsefalcons,instagram,709fceba-e311-48e7-9057-f54a587abf4a,2d950905-3e07-432c-a799-b460cf904c0b,IG Story,IMAGE,24.3.2026 20:03:09,4 1,https://www.instagram.com/stories/vsefalcons/3860123408075872777,768,575,,,
@riderspardubice,instagram,4d6a67ab-9313-4f77-a82e-abb18adbca5d,3f0291f3-7c01-4f15-ac42-717588747bfb,IG Reel,VIDEO,4.9.2026 6:26:57,Takhle to vypadalo v úterý na @seznamovakfes 😍,https://www.instagram.com/reel/Dc2vLgCojw4/,,7277,114,,16
vsefalcons,instagram,709fceba-e311-48e7-9057-f54a587abf4a,54f912f5-875a-4d61-a320-f3a4d8917aaa,IG Story,VIDEO,13.5.2026 13:55:17,OBĚD S REKTOREM děkujeme za pozvání 🙏🏻 👀,https://www.instagram.com/stories/vsefalcons/3896176620473958935,,1128,,,17
@riderspardubice,instagram,4d6a67ab-9313-4f77-a82e-abb18adbca5d,cad27a2a-31d0-4483-94a0-a4f4a5653e81,IG Post,IMAGE,16.3.2026 17:27:57,"Na zápase tě bude čekat tohle ikonické duo moderátorů! 🔥🔥

Kdo se těší? 

Vstupenky koupíš přes odkaz v BIU! 🔗",https://www.instagram.com/p/DV9CRCXDDPQ/,,9640,197,5,38
@riderspardubice,instagram,4d6a67ab-9313-4f77-a82e-abb18adbca5d,d8d40050-2b67-4f0d-8ddd-9f017adc586a,IG Story,VIDEO,12.4.2026 21:12:05,,https://www.instagram.com/stories/riderspardubice/3873928844315238431,,214,,,
@boostrava,instagram,1176ddaf-d366-48a2-9639-3c6694c72c85,f02f430a-64d8-4004-a97b-618352f8d607,IG Story,VIDEO,31.3.2026 17:40:19,@bujak_dominik  V ZÁVĚSU SROVNÁNO 1:1,https://www.instagram.com/stories/boostrava/3865124991813819829,,634,,,1
vsefalcons,instagram,709fceba-e311-48e7-9057-f54a587abf4a,41f7bae9-6406-4d57-b63d-5da854361bd0,IG Reel,VIDEO,31.12.2025 13:38:18,"Rok s rokem se sešel a my vám klasicky přinášíme unposted highlights z tohoto roku. 😎

Děkujeme, že jste u toho byli s námi a vidíme se novém roce! 💙 A moc to dneska nepřežeňte. 🤪",https://www.instagram.com/reel/DS7f0jLCEr1/,,11380,342,13,32
@univerzitnihokej,instagram,1e114592-3529-4cfe-9977-2598454053af,eb78f87c-5a72-478b-b3c5-77d5be0d6059,IG Post,PHOTO,31.3.2026 20:13:06,Druhým postupujícím finalistou se stávají @riderspardubice 🐎,https://www.instagram.com/p/DWj8auACEvt/,,18068,324,8,39
@univerzitnihokej,instagram,1e114592-3529-4cfe-9977-2598454053af,f98c1f36-06e6-46ed-abbf-2cc7e859eb06,IG Story,VIDEO,17.4.2026 16:33:25,,https://www.instagram.com/stories/univerzitnihokej/3877412459950654429,,1590,,,
@bitvaoprahu,facebook,75e0f41f-82be-4f82-a77b-82ac11135ed2,57f6e411-b4aa-4e2f-8a94-de12d3604c5d,FB Video,VIDEO,12.3.2026 13:59:20,"Udělej dneska na Bitvě dobrej skutek! ❤️‍🩹

Přímo na hale za sektorem UK a ČZU najdeš zápisová místa do registru dárců kostní dřeně. Tak se tam zastav! 👊🏼",https://www.facebook.com/reel/1455435872692611/,389,116,1,,
@218107044725785,facebook,7a942e3e-6c47-4794-9ba7-bbc7b6d40cb3,a16ecae5-6b6d-49ab-b5b9-6108cd7ca5b3,FB Video,VIDEO,13.4.2026 17:42:26,"Final four ve zkratce: dva dny, zábava, atmosféra a hlavně BOJ O TITUL ‼️

U toho prostě nesmíš chybět 💪🏼 Vstupenky koupíš na finalfour.cz 🎟️ Kód VSEFANS pro slevičku 🤫 

#vsefalcons #finalfour",https://www.facebook.com/reel/1456213492646773/,631,226,9,,
@univerzitnihokej,facebook,01b45180-0b14-4a14-96e8-d0a4bab1fb9f,b3fd9cc1-b6b1-4dff-b6b0-cec7342ef85d,FB Post,IMAGE,12.4.2026 8:25:26,"Šanci na poslední volné místo ve Final Four dnes dostávají Black Dogs a Riders 🙌🏼
Kdo z nich ji využije a doplní tak finálovou čtyřku? 🥵",https://www.facebook.com/1275398168115026/posts/1284047603916749,380,,2,,
@riderspardubice,facebook,f99ed6c3-17cc-46f4-a32e-d9b0576ce2df,b6d16fd4-9ec9-48f8-bc17-5b1b98bbb912,FB Post,IMAGE,4.3.2026 21:00:59,Důležitý zápas VYHRÁN! Další 3 body jsou v Pardubicích!💪🏼🥳,https://www.facebook.com/1592662819534019/posts/1567950005338634,338,,8,,
@unitedhk,facebook,bfe6cc29-a387-41b9-9bca-b077722556af,4b172e3a-ef8e-4400-a2b0-2c32b0204e0e,FB Video,VIDEO,18.7.2026 14:54:49,"Na našem stánku jsme dnes přivítali jednu z legend českého hokeje, Josefa Marhu. Děkujeme za návštěvu! 🏒

#unitedhk #josefmarha #unihokej #hradeckralove #uhk",https://www.facebook.com/reel/3388371641330451/,5114,2829,54,,
@univerzitnihokej,instagram,1e114592-3529-4cfe-9977-2598454053af,b2b0d547-801f-4e15-b4fc-61e42e6196e1,IG Story,VIDEO,11.9.2026 11:44:18,🔥,https://www.instagram.com/stories/univerzitnihokej/3983808982208253012,,3970,,,2
@unitedhk,facebook,bfe6cc29-a387-41b9-9bca-b077722556af,e78cf4ba-73f1-4ea5-9728-0adb0ec6f15c,FB Video,VIDEO,8.8.2026 9:10:34,"První led. První trénink. A konečně zase tam, kde máme být. 🏒

Sezona se pomalu rozjíždí.",https://www.facebook.com/reel/1718337639207679/,426,160,2,,
@akademiciplzen,instagram,65494228-95bf-4f7b-8e68-d47d7262db66,37ba59fa-a7b4-4f92-9618-8d47f18cf923,IG Story,IMAGE,27.8.2026 19:29:16,,https://www.instagram.com/stories/akademiciplzen/3973171362401493494,,615,,,
@united_hk,instagram,b18c071b-0570-48b2-b743-990c668c3c5b,4b0c68ca-6fb5-4ed6-a632-f4ea090bb099,IG Story,VIDEO,12.4.2026 11:41:04,,https://www.instagram.com/stories/united_hk/3873641316160644267,,694,,,
@akademiciplzen,instagram,65494228-95bf-4f7b-8e68-d47d7262db66,74542f05-93a7-40a5-93a7-2a79d6e12dcb,IG Reel,VIDEO,2.3.2026 14:45:56,"UŽ JEN 2 DNY! ⏳ Neříkejte nám, že ještě nemáte lístek. 🤫 

Poslední šance to napravit je PRÁVĚ TEĎ! 

Nechceme slyšet žádné výmluvy, chceme vás slyšet na tribunách! 😉💙 

🎟️ Lístky v biu.

#akademiciplzen #jarnibitva",https://www.instagram.com/reel/DVYroZdDAxX/,,5404,143,,4
vsefalcons,instagram,709fceba-e311-48e7-9057-f54a587abf4a,ad5bde8e-f6f0-4043-992a-ce53c6075d59,IG Post,IMAGE,13.4.2026 14:09:15,"Justin i během vystoupení fandí Falcons. Justin je cool. Buď cool jako Justin a fandi ve čtvrtek Falcons 🦅

👉🏼 Vstupenky na @unihokejfinalfour seženeš na profilu a s kódem “VSEFANS” máš slevu 15 % 🤑",https://www.instagram.com/p/DXEx13oCOxq/,,3619,116,,11
@engineersprague,facebook,afd06d1d-7b1c-4f66-8d93-ce4255ab773c,d8b061dc-320f-4228-be75-09630e602be2,FB Story,VIDEO,2.3.2026 20:06:33,,,,,,,
@univerzitnihokej,instagram,1e114592-3529-4cfe-9977-2598454053af,e95f3c59-cc11-43d5-8f09-f7728aba09f9,IG Story,VIDEO,12.4.2026 13:04:38,OD ZÍTRA ZDRAŽUJEME SAMOSTATNÉ VSTUPENKY 💸,https://www.instagram.com/stories/univerzitnihokej/3873683498678616231,,1239,,,2
@vutcavaliersbrno,instagram,b384bebf-72f3-4f9d-8b2d-3677709f6966,4f820657-1ce0-4bb0-8644-2800fc32541b,IG Post,IMAGE,7.9.2026 16:39:13,"🏒 ČEKÁNÍ JE U KONCE - HOKEJ JE ZPÁTKY! 🔥

Celé léto byl klid… ale show zase ožívá 👀

Ve středu 23. 9. se Kavalíři poprvé po letní pauze představí doma a u toho prostě nesmíš chybět! 😏

Atraktivní hokej, zábava na ledě i mimo něj, soutěže, pivo a hlavně pořádná studentská atmosféra 🍻🏒
Prostě top středeční večer, který musíš zažít 👈

📅 23. 9.
🕢 19:45
📍 Zimní stadion Kuřim
🏒 Kavalíři vs. @hcnorthwings 

🚌 Doprava je zajištěna
🎟️ Lístky jsou v prodeji už teď

Tak vezmi kámoše, spolužáky, spolubydlící nebo kohokoliv, kdo chce zažít pořádnou hokejovou show 👊

23. 9. se vidíme na zimáku. Tohle si nenech ujít 🔥",https://www.instagram.com/p/Dc_jd3eok2B/,,4370,74,,28
@akademiciplzen,instagram,65494228-95bf-4f7b-8e68-d47d7262db66,7e687766-1440-4bac-a922-1e5306599a16,IG Reel,VIDEO,12.9.2026 9:05:50,"TÝM STMELEN, PŘÍPRAVA TÉMĚŘ U KONCE! 💪🏻

Minulý týden jsme si byli zahrát padel v parádním areálu @padelslaviaplzen . 🎾

Naprostou demolici ostatních týmů předvedly dvě dvojice — Matěj Gažík & Jan Šibra 🥇 a Matěj Morawetz & Filip Králíček. 🥈👏🏻

A pokud si chcete poměřit síly na kurtu i vy, 24. 9. se v @padelslaviaplzen koná studentský turnaj! 🎾🔥 Z něj se navíc můžete probojovat až na Akademické mistrovství ČR.

Tak co, uvidíme se na kurtu? 👀

#akademiciplzen",https://www.instagram.com/reel/DdLnU-MCzgB/,,6483,134,1,18
@riderspardubice,instagram,4d6a67ab-9313-4f77-a82e-abb18adbca5d,1d7cc955-2dd2-405d-8f76-16b4a0950310,IG Post,IMAGE,17.4.2026 16:28:18,Otočíme to v poslední třetině? 🤯,https://www.instagram.com/p/DXPU70zjPNL/,,4793,84,,8
@univerzitnihokej,instagram,1e114592-3529-4cfe-9977-2598454053af,3d7332e6-7d17-4998-8674-97ed98fd1871,IG Post,IMAGE,30.3.2026 16:04:21,Všechny zápasy PLAY-IN sledujte živě na @sport_ct ➕📺 Program zápasů u nás na profilu! 👆🏻,https://www.instagram.com/p/DWg7kpNiKbw/,,12615,147,,26
@unitedhk,facebook,bfe6cc29-a387-41b9-9bca-b077722556af,81b4e0cc-25aa-4451-a136-2ac9435b49c5,FB Post,IMAGE,13.8.2026 13:19:38,"O víkendu nás zase najdeš na IRONMANU. 🏊‍♂️🚴‍♂️🏃‍♂️

Už potřetí budeme společně s Univerzitou Hradec Králové součástí hradeckého víkendu ve znamení triatlonu.

📍 Náměstí 5. května
📅 Sobota – Den Labe
📅 Neděle – hlavní závod IRONMAN 70.3 Hradec Králové

Stav se za námi a užij si atmosféru jednoho z největších sportovních víkendů v Hradci.",https://www.facebook.com/122180651084388974/posts/122190836816388974,158,,1,,
@AkademiciPlzen,facebook,d87b94e3-03e8-45d0-b92e-75e9b819545c,96ff165f-0d04-40a0-87fb-72b11851e121,FB Post,IMAGE,4.3.2026 11:28:14,"Co na dnešní utkání říká kapitán týmu Jakub Šucha? 🎤

Buďte u důležitého utkání s námi a pomozte nám vyhrát! 
Otevíráme FANZÓNU už v 17:30. 🤹
Poslední lístky najdeš v biu a na plzenskabitva.cz, nebo nás sleduj v 18:50 na ČT sport! 📺

#akademiciplzen 💙",https://www.facebook.com/1357105236437494/posts/1334479805366704,682,,5,,
vsefalcons,instagram,709fceba-e311-48e7-9057-f54a587abf4a,1ef6d706-2fcf-4ffc-8630-e1fb10a4fd05,IG Story,VIDEO,17.4.2026 17:52:04,BRONZ JE NÁŠ 🥉,https://www.instagram.com/stories/vsefalcons/3877451926900372873,1446,1246,,1,7
vsefalcons,instagram,709fceba-e311-48e7-9057-f54a587abf4a,59854c95-ab69-4ffd-9851-9b93462d1520,IG Story,VIDEO,27.8.2026 11:47:52,,https://www.instagram.com/stories/vsefalcons/3972939138382449536,,695,,,1
@riderspardubice,instagram,4d6a67ab-9313-4f77-a82e-abb18adbca5d,9c45b901-55db-4119-aee7-b054a203a41f,IG Story,VIDEO,14.4.2026 11:45:42,,https://www.instagram.com/stories/riderspardubice/3875093319420526450,,548,,,1
@united_hk,instagram,b18c071b-0570-48b2-b743-990c668c3c5b,c3a496a2-415b-4468-81a3-0ba0f58bed3b,IG Post,IMAGE,15.8.2026 8:28:52,"Jsme tady. 👋

Dva dny, jedno místo a pořádná porce triatlonu.

📍 Náměstí 5. května
📅 Sobota – Den Labe
📅 Neděle – IRONMAN

Stav se za námi ke stánku UNIted HK a Univerzity Hradec Králové.",https://www.instagram.com/p/DcDc9wCIzCx/,,7338,56,,7
@univerzitnihokej,facebook,01b45180-0b14-4a14-96e8-d0a4bab1fb9f,0e786a72-7e2d-41e9-a45e-6c65f5ad2fc1,FB Post,IMAGE,1.4.2026 19:25:07,Farmers dnes podruhé překvapili Akademiky a v prodloužení si vybojovali postup do finále PLAY-IN! 🚀,https://www.facebook.com/1275398168115026/posts/1275944744727035,742,,6,,
@218107044725785,facebook,7a942e3e-6c47-4794-9ba7-bbc7b6d40cb3,423ed249-10c7-4ddf-90b5-e6ab9941984e,FB Post,IMAGE,18.4.2026 20:27:15,"1st Final Four, 2nd Season, 3rd Place 🥉✌🏼",https://www.facebook.com/122282816036218300/posts/122284700882218300,1126,,44,,
@akademiciplzen,instagram,65494228-95bf-4f7b-8e68-d47d7262db66,5185c77d-2011-4c8c-b4d7-981d21495110,IG Story,VIDEO,1.4.2026 10:30:58,🎫 @_rihastepan_ @lokajda2 @honza_sibra @kuba_stochl  @_jakubsucha_ @morawetzmates @martin_fort23 @t_pain_6 @uts.zcu @zcuplzen @ifmsa_cz_plzen @medicivakci @akademicifans @iaeste_zcu_pilsen @benisek_jiri @blaha_8 @ondrej_culek @hajsmi20 @v.holomoj @lesa_matousek,https://www.instagram.com/stories/akademiciplzen/3865633621461993611,,4031,,,10
@hc_muni,instagram,43cd62c8-609d-4ea6-8ce9-cae5242ede0c,a7bd5784-9f89-4cc8-886f-3236bf4cd868,IG Reel,VIDEO,8.3.2026 11:32:39,"Náš starting grid je připraven!!!🐻🚨💙Tak kdo to letos vyhraje?🏁🏎️
Napiš do komentáře! 💬

#hcmuni",https://www.instagram.com/reel/DVny7GRjCcs/,,5297,133,1,31
vsefalcons,instagram,709fceba-e311-48e7-9057-f54a587abf4a,cd3b8b11-d211-4e2d-b930-f6c3c54b31af,IG Story,VIDEO,3.3.2026 21:24:11,3 bodíky domaaa,https://www.instagram.com/stories/vsefalcons/3844943929909182768,645,791,,,
@BOhokej,facebook,c9082543-a03b-490f-8f97-66d439acce89,449b7272-447f-4f9c-85de-2220fc9dbfe0,FB Post,IMAGE,10.9.2026 6:15:46,"GAME DAAAAAY‼️🔥 
Dneska je ten den! 🏒 Přijďte podpořit náš tým v atraktivním přátelském utkání proti Opole United!
Možná si říkáte, co jsou vlastně zač. Jde o polský univerzitní klub z Opole, ale nenechte se zmást – většinu jejich kádru tvoří hráči přímo z USA a Kanady, kteří v Polsku studují a hrají. Čeká nás tak parádní hokej v zámořském stylu plný tvrdých soubojů! 🇺🇸🇨🇦
Tak dojdi na Bočko a dej si pivko!",https://www.facebook.com/1477974067675582/posts/1625023952970592,255,,3,,
@akademiciplzen,instagram,65494228-95bf-4f7b-8e68-d47d7262db66,5c07a949-b3da-4278-9239-014260464bfd,IG Story,VIDEO,15.4.2026 13:48:34,JAK SI VEDL KUBA PROTI KRASOBRUSLAŘCE MÁJE? 🧐,https://www.instagram.com/stories/akademiciplzen/3875880024209680330,,1256,,,
vsefalcons,instagram,709fceba-e311-48e7-9057-f54a587abf4a,e6c88a7a-08f4-4fbe-bdaf-1dd962d6884d,IG Post,IMAGE,25.8.2026 19:58:30,Přípravný zápas proti @czufarmers nám dnes nevyšel podle představ ❌,https://www.instagram.com/p/DcecNZsI6-u/,,4166,88,,19
@hcnorthwings,facebook,2b08a479-603b-46e4-8a48-2bc0435ccd53,f3141484-1c04-490e-9c50-af9557cfa14d,FB Video,VIDEO,19.3.2026 8:11:29,🎥 | Přinášíme sestřih branek 25. kola @univerzitnihokej ve kterém studenti @ujepul - HC North Wings podlehli celku @united_hk na domácím ledě v poměru 3:5🏒 #univerzitnihokej,https://www.facebook.com/reel/1239877411629570/,240,58,2,,
@engineersprague,facebook,afd06d1d-7b1c-4f66-8d93-ce4255ab773c,4e8ae427-bb9d-4553-aec3-0f5f57d1e354,FB Story,VIDEO,11.9.2026 16:40:40,,https://facebook.com/stories/136066081670222/UzpfSVNDOjE3NzE0MTIzMTA2NDU2ODA=/?view_single=1,,,,,
@engineersprague,facebook,afd06d1d-7b1c-4f66-8d93-ce4255ab773c,566b9f46-36a9-4772-a15b-423859e88664,FB Story,VIDEO,2.3.2026 18:10:34,,,,,,,
@riderspardubice,instagram,4d6a67ab-9313-4f77-a82e-abb18adbca5d,3a649657-9208-41bb-bb78-12125587c661,IG Post,PHOTO,31.3.2026 21:26:22,Postupujeme do finále Play-in!!!!!! Pište do komentáře“🥳”!,https://www.instagram.com/p/DWkFa9TDBg-/,,3821,101,,8
@riderspardubice,instagram,4d6a67ab-9313-4f77-a82e-abb18adbca5d,9403a1ec-6f6a-43ef-9bdd-f6c9205c19e2,IG Post,IMAGE,1.4.2026 18:42:12,"Jdeme do finále play-in, a to si určitě zaslouží vybavit se našim dresem! 😍

Stačí si přes náš odkaz v BIU založit účet u ČSOB, do soukromé zprávy nám napiš “hotovo” a po kontrole čísla účtu ti předáme dres Riders! 

Tohle je šance vybavit se na finále play-in a získat výhody účtu u ČSOB! 🤩

*Soutěž platí pouze do rozdání zásob - konec zásob oznámíme v komentáři pod tímto příspěvkem.",https://www.instagram.com/p/DWmWE5RjH8m/,,4284,26,,3
@hc_muni,instagram,43cd62c8-609d-4ea6-8ce9-cae5242ede0c,bd1cb14b-e0ae-4719-96c7-5e602de178f9,IG Post,IMAGE,5.3.2026 10:24:03,"Včerejší divoká přestřelka ve fotkách🔥🎯 Děkujeme všem za podporu, vidíme se příští týden opět u nás na Lužánkách🐻💙

📸 @zdeny_99 

#hcmuni",https://www.instagram.com/p/DVf9EW_CLFJ/,,7854,174,,17
vsefalcons,instagram,709fceba-e311-48e7-9057-f54a587abf4a,ee6a4740-3f53-478f-ba30-0f135d8047c4,IG Story,IMAGE,16.4.2026 19:51:44,,https://www.instagram.com/stories/vsefalcons/3876787520222532958,1071,706,,,
vsefalcons,instagram,709fceba-e311-48e7-9057-f54a587abf4a,0ccb653d-0619-4c3f-ae1c-eb28ac0154a8,IG Post,IMAGE,9.12.2025 22:15:55,"Je potřeba tohle vůbec komentovat?

😮‍💨🫶🏼🦅",https://www.instagram.com/p/DSDyLAcCLjt/,,10818,204,3,32
vsefalcons,instagram,709fceba-e311-48e7-9057-f54a587abf4a,27f6690e-25ba-4638-9d3a-837cdee47cd8,IG Story,VIDEO,10.3.2026 19:38:48,2:0,https://www.instagram.com/stories/vsefalcons/3849964317156344248,801,,,,4
@vutcavaliersbrno,instagram,b384bebf-72f3-4f9d-8b2d-3677709f6966,a0022f37-93ab-44ac-a55e-a93c693b1864,IG Reel,REEL,18.3.2026 9:57:05,@ada.behal on 🔥,https://www.instagram.com/reel/DWBYPcGiKjL/,,3413,88,,3
@hc_muni,instagram,43cd62c8-609d-4ea6-8ce9-cae5242ede0c,e614c142-2396-433d-9e38-e2d3eaa2432d,IG Reel,REEL,24.3.2026 8:31:22,"Nabíhejte na náš LAST DANCE sezóny proti VUT❗️🔥

středa 19:30 📍Lužánky

Lístky koupíš u nás v biu 🎟️
#hcmuni",https://www.instagram.com/reel/DWQqqgmAPkn/,,17449,665,2,106
@cvutengineers,instagram,11963a07-7f0f-48e6-9d81-aa63a7ff4a04,eb002bfd-7542-4606-b855-72cd7c80ba87,IG Story,VIDEO,26.8.2026 17:09:31,,https://www.instagram.com/stories/cvutengineers/3972376250379158138,,695,,,13
@BOhokej,facebook,c9082543-a03b-490f-8f97-66d439acce89,7909b02c-dcd8-44d6-9410-9145622766f4,FB Post,IMAGE,11.9.2026 16:16:12,"Dnes slaví narozeniny náš Pasta! 🦈

Všechno nejlepší, Davčo 🎉

#happybirthday",https://www.facebook.com/1477974067675582/posts/1626406289499025,205,,1,,
@AkademiciPlzen,facebook,d87b94e3-03e8-45d0-b92e-75e9b819545c,c7e9610d-c73e-4fdc-bbbb-c4c8af509183,FB Video,VIDEO,9.3.2026 18:17:38,"Generální manažer a trenér @beerik09 v rozhovoru pro @sport_ct o tom, kam se @univerzitnihokej za poslední roky posunul. 🚀🚀🚀

#akademiciplzen",https://www.facebook.com/reel/2340317439768907/,1202,505,14,,
vsefalcons,instagram,709fceba-e311-48e7-9057-f54a587abf4a,e846bbe6-c72a-4c07-a2e5-0f0128a2ef25,IG Story,VIDEO,31.3.2026 16:02:21,*a nebo školní lavice 📺,https://www.instagram.com/stories/vsefalcons/3865075649786453038,987,952,,,
vsefalcons,instagram,709fceba-e311-48e7-9057-f54a587abf4a,79819629-946f-4642-bb01-75fac989f2d2,IG Story,IMAGE,17.2.2026 19:32:27,1 1 Strnad,https://www.instagram.com/stories/vsefalcons/3834740804627776261,618,775,,,
@riderspardubice,instagram,4d6a67ab-9313-4f77-a82e-abb18adbca5d,7d35dfe1-286d-4cf6-9605-c4b467c3f293,IG Story,VIDEO,12.4.2026 12:25:08,@d.dostal_ OPĚT V AKCI🔥 2:0,https://www.instagram.com/stories/riderspardubice/3873663637189884700,,1086,,,1
@bitva_o_budejce,instagram,f977c0af-061e-4c10-813f-da5818f8a748,9e849d74-0d0a-4264-8fdb-e155b85708a4,IG Reel,VIDEO,12.9.2026 16:00:06,"🚨 JE TO TADY‼️
První vlna vstupenek na Bitvu o Budějce je právě v prodeji. 🎟️🔥

JU × VŠTE
🏒 4. 11. 2026

Kdo jde do toho s námi? 👀",https://www.instagram.com/reel/DdMXZpjhQ_s/,,46620,279,,125
@univerzitnihokej,instagram,1e114592-3529-4cfe-9977-2598454053af,80174fd5-9ce6-4c02-b590-3913d338e1a2,IG Reel,VIDEO,12.3.2026 17:02:46,#unihokej partneři baví fans v zóně! 🙌🏻🥰,https://www.instagram.com/reel/DVysB6ViC7O/,,4932,43,,13
@unitedhk,facebook,bfe6cc29-a387-41b9-9bca-b077722556af,4a8524e7-a066-475d-9e5b-fece2a335313,FB Video,VIDEO,23.3.2026 16:31:16,"KFC kyblík. Kreativita bez limitů🍗🔥
Jídlo, kbelík… a najednou máš půlku studentského vybavení👩‍🎓
Jak ho využiješ ty?👀
#kfc #kfcplechovykyblik #unitedhk #unihokej",https://www.facebook.com/reel/946238847873993/,719,306,1,,
vsefalcons,instagram,709fceba-e311-48e7-9057-f54a587abf4a,af986f1d-b2fa-4bf4-8590-d6365a7bc17d,IG Story,VIDEO,14.4.2026 7:30:29,i say DISCO you say PARTY 🪩 🕺🏽,https://www.instagram.com/stories/vsefalcons/3874966378524495199,633,731,,,
@akademiciplzen,instagram,65494228-95bf-4f7b-8e68-d47d7262db66,93a41734-dc83-4c61-8d5a-34ff89959764,IG Story,VIDEO,31.3.2026 19:29:55,"PŘIPRAVENI NA VŠECHNY MODELY ZETORŮ, SE KTERÝMI @czufarmers  ZÍTRA DORAZÍ! 🚜🚜🚜 NA POMOC DORAZIL @tomas_ceperko 🎓",https://www.instagram.com/stories/akademiciplzen/3865180122777441259,,1597,,,1
@hc_muni,instagram,43cd62c8-609d-4ea6-8ce9-cae5242ede0c,6d62e519-4dad-43f5-9a06-1d030d840ddd,IG Post,IMAGE,4.3.2026 9:45:33,"GAMEDAY JE TADY!🔥 Už dneska vyzveme sousedy v tabulce @riderspardubice v bitvě o důležité 3 body⚔️
U toho nesmíš chybět!🐻💙

Lístky seženeš u nás v biu🎟️",https://www.instagram.com/p/DVdT3hXjGR1/,,3282,47,,1
@bitvaoprahu,instagram,d7c8aa06-74fb-4c6c-a7d2-c2fe1bf6d59c,9e4b6594-ced2-4a41-a66c-23f7898a2786,IG Reel,VIDEO,13.3.2026 6:18:39,"Fantastický finálový večer a strhující podívaná, opět díky vám! 🙏🏼🚀

MOC DĚKUJEME! 💯 #bitvaoprahu 🔜 @unihokejfinalfour",https://www.instagram.com/reel/DV0HFSkjNAA/,,28374,743,,34
@univerzitnihokej,instagram,1e114592-3529-4cfe-9977-2598454053af,d53528b9-053d-4c9e-b77a-bdb2cb6d8b3c,IG Story,IMAGE,17.4.2026 16:33:38,,https://www.instagram.com/stories/univerzitnihokej/3877412582871673841,,1626,,,5
@cvutengineers,instagram,11963a07-7f0f-48e6-9d81-aa63a7ff4a04,19c7dda1-02a4-406e-907b-0adb86cfbf8e,IG Story,VIDEO,8.4.2026 20:09:02,JDEME NA NÁJEZDY,https://www.instagram.com/stories/cvutengineers/3870998040379414551,,698,,,3
@riderspardubice,instagram,4d6a67ab-9313-4f77-a82e-abb18adbca5d,999b687b-c867-4587-a6d9-a9eea43c61e8,IG Story,VIDEO,17.4.2026 15:36:06,,https://www.instagram.com/stories/riderspardubice/3877383460004618084,,929,,,
@riderspardubice,instagram,4d6a67ab-9313-4f77-a82e-abb18adbca5d,b22fc17d-1e2f-4b2e-bb3e-695de8e35723,IG Post,IMAGE,20.3.2026 13:00:00,"Vousy + teplákovka = Kopec 

Tak doraž na poslední domácí zápas semestru ve vousech i ty! 

🎟️ Vstupenky koupíš přes odkaz v BIU!",https://www.instagram.com/p/DWG22N7DPMg/,,3873,59,1,19
@218107044725785,facebook,7a942e3e-6c47-4794-9ba7-bbc7b6d40cb3,c17c0b5b-8e50-4998-b7a5-3a6c1592fcf2,FB Video,VIDEO,12.3.2026 8:33:56,"Je to TADY! 🔥
Dneska vás chceme vidět i slyšet. Protože… kdo neskáče, není Falcon! 🦅",https://www.facebook.com/reel/1045772441946417/,676,278,9,,
@univerzitnihokej,facebook,01b45180-0b14-4a14-96e8-d0a4bab1fb9f,50cf437a-f87f-4054-9708-4d57016208ca,FB Post,IMAGE,11.3.2026 11:20:20,Brno nebo Ostrava. Kdo dnes ovládne Moravské derby? 🫨,https://www.facebook.com/1275398168115026/posts/1258671556454354,1333,,,,
@riderspardubice,facebook,f99ed6c3-17cc-46f4-a32e-d9b0576ce2df,4773d426-c74d-43ea-996c-fef85d992be8,FB Video,VIDEO,23.3.2026 13:30:27,"Svůj zápas dnes @hcpce hraje v Brně a my jim držíme palce a my si to dnes střihneme na domácím ledě v enteria areně! 

🎟️ Vstupenky koupíš přes odkaz v BIU!",https://www.facebook.com/reel/1483183203521829/,10347,4632,73,,
vsefalcons,instagram,709fceba-e311-48e7-9057-f54a587abf4a,7ddb35eb-415b-47f1-b194-bfab7bf478b2,IG Reel,VIDEO,17.2.2026 20:05:25,"O přestávce patřil led malé krasobruslařce z @skk.sparta ⛸️✨ K olympiádě neodmyslitelně tento sport patří a u nás nemohl chybět. 

Děkujeme za vystoupení! 🫶🏻",https://www.instagram.com/reel/DU3yhVACPgN/,,6228,182,3,5
univerzitnihokej,tiktok,01c88cf9-594f-408e-a45a-95114221acae,9310264b-89f1-4d1c-8f4b-5f11773d56e2,TT Video,VIDEO,16.4.2026 18:53:49,Otočí @ČVUT Engineers Prague 🦁 vývoj zápasu? 🧐,https://www.tiktok.com/@univerzitnihokej/video/7629432258956479766?utm_campaign=tt4d_open_api&utm_source=7348986504397455361,,971,40,,1
@AkademiciPlzen,facebook,d87b94e3-03e8-45d0-b92e-75e9b819545c,a17448b7-fdf9-419e-86b0-7e54f3022c3a,FB Video,VIDEO,4.3.2026 17:21:22,"JDEME NA TO! 🔥💙 

#akademiciplzen #jarnibitva",https://www.facebook.com/reel/1977181226526819/,1824,759,12,,
@univerzitnihokej,facebook,01b45180-0b14-4a14-96e8-d0a4bab1fb9f,d4d3407b-722b-456c-9fd8-4128dfe60578,FB Post,IMAGE,2.4.2026 19:40:11,Poslední finálový duel se odehraje pro změnu v Budějovicích! Postaví se proti sobě Black Dogs a Falcons 🔥,https://www.facebook.com/1275398168115026/posts/1276787177976125,687,,8,,
@hcnorthwings,facebook,2b08a479-603b-46e4-8a48-2bc0435ccd53,de53c18f-cef0-4af7-923d-1862cc9ffa0d,FB Story,VIDEO,9.9.2026 19:43:49,,https://facebook.com/stories/101955925269645/UzpfSVNDOjE0NDQwNzg2MTA5MjA0MTY=/?view_single=1,,,,,
@boostrava,instagram,1176ddaf-d366-48a2-9639-3c6694c72c85,8bee51d3-601e-436c-9d72-d3c0910c7c2b,IG Post,IMAGE,14.9.2026 19:22:01,"Narozeniny dnes slaví Janec! 🎂

Všechno nejlepší, Dane! 🎉",https://www.instagram.com/p/DdR3005MDTM/,,1317,53,,
vsefalcons,instagram,709fceba-e311-48e7-9057-f54a587abf4a,9799f26e-a536-4345-9e54-481ebeabf46c,IG Story,IMAGE,2.3.2026 19:03:08,0 1 Daniel,https://www.instagram.com/stories/vsefalcons/3844148158662202080,633,805,,,
@unitedhk,facebook,bfe6cc29-a387-41b9-9bca-b077722556af,00b1b0a3-a174-42f3-8e39-2410dd5e2836,FB Story,IMAGE,11.9.2026 7:31:31,,https://facebook.com/stories/122099775710388974/UzpfSVNDOjE4MjMxOTE5NDIwMTM0NjY=/?view_single=1,,,,,
@riderspardubice,instagram,4d6a67ab-9313-4f77-a82e-abb18adbca5d,2b205c23-b44a-4fb2-8100-4889c5102b07,IG Reel,VIDEO,12.4.2026 18:01:12,Rozhodující gól od @beny_m15 🥅🏒,https://www.instagram.com/reel/DXCngfKDKP7/,,13862,505,15,29
@riderspardubice,instagram,4d6a67ab-9313-4f77-a82e-abb18adbca5d,63eddb34-8635-4865-b659-767cf4588628,IG Story,VIDEO,8.4.2026 19:00:44,"@63skorpiz 
a jeho maska  @garnier_czsk 🚿",https://www.instagram.com/stories/riderspardubice/3870963635460325034,,542,,,
@engineersprague,facebook,afd06d1d-7b1c-4f66-8d93-ce4255ab773c,9948380b-421a-4d9d-a31b-b9f8e6d39e97,FB Story,IMAGE,10.3.2026 19:34:55,,,,,,,
@univerzitnihokej,instagram,1e114592-3529-4cfe-9977-2598454053af,9e601a09-c84f-49db-aaf7-a3dfb30ab0c6,IG Post,IMAGE,12.3.2026 15:59:57,FANZÓNA SE PLNÍ 👀🫨 Za chvíli začíná @bitvaoprahu 🔥,https://www.instagram.com/p/DVylEorCPhg/,,23436,694,,35
vsefalcons,instagram,709fceba-e311-48e7-9057-f54a587abf4a,aaab2766-b07e-44fc-8d13-33b96a0f45ce,IG Story,VIDEO,21.1.2026 14:39:32,⤵️ DENNÍ DÁVKA ROZTOMILOSTI,https://www.instagram.com/stories/vsefalcons/3815024429562890599,,881,,,
vsefalcons,instagram,709fceba-e311-48e7-9057-f54a587abf4a,74285ef7-1d60-461a-8c6b-28816fd2212f,IG Post,IMAGE,2.3.2026 21:59:30,Z Budějc se dnes vracíme bez bodů 🤕,https://www.instagram.com/p/DVZeRYkCG30/,,1508,20,,
@akademiciplzen,instagram,65494228-95bf-4f7b-8e68-d47d7262db66,ce5517dc-2b0f-406b-bf39-ef911ac78107,IG Story,VIDEO,14.9.2026 12:39:04,ZAVÍTALA K NÁM NA TRÉNINK SPECIÁLNÍ NÁVŠTĚVA 🫢 @pseena26 🤩 🏒,https://www.instagram.com/stories/akademiciplzen/3986010884752457791,,1784,,,4
@hcnorthwings,facebook,2b08a479-603b-46e4-8a48-2bc0435ccd53,f340e485-3738-4cf1-b4e6-ca713a282154,FB Video,VIDEO,16.3.2026 17:20:54,"Ve STŘEDU NAPOSLEDY 🥺

Středa 18. od 18:00 – to si zapište za uši a přijďte si s námi užít #LASTDANCE. 🏒🔥

Poslední domácí zápas sezóny, to si NESMÍTE nechat ujít!🍻

⏰ středa 18.03.2026 | 18:00
📍 Zimní stadion Ústí nad Labem
⚔️ @united_hk 

#univerzitnihokej #myjsmeujep #ceskyhokej #lastdance",https://www.facebook.com/reel/916545467939399/,1176,555,6,,
@univerzitnihokej,facebook,01b45180-0b14-4a14-96e8-d0a4bab1fb9f,4032ba39-f9e2-4805-a788-7f999997e31b,FB Video,VIDEO,12.3.2026 23:08:11,@ukkingsprague jeden pohár prostě nestačí! Naprostí vládci Prahy a zároveň vítězové základní části! 🏆,https://www.facebook.com/reel/1964093797791432/,1446,704,38,,
vsefalcons,instagram,709fceba-e311-48e7-9057-f54a587abf4a,404b5c37-32f8-4467-97bd-15e3ab681870,IG Story,VIDEO,4.5.2026 7:59:14,,https://www.instagram.com/stories/vsefalcons/3889474720521259859,682,94,,,
vsefalcons,instagram,709fceba-e311-48e7-9057-f54a587abf4a,701b0966-c328-4e9e-8f81-62f753c9fa29,IG Story,VIDEO,10.2.2026 18:37:43,@_klobrc  PODPORA NEJVĚTŠÍ I KDYŽ NEMŮŽE BÝT NA LEDĚ 🤕 🫶🏻,https://www.instagram.com/stories/vsefalcons/3829639854917472427,,963,,,2
@univerzitnihokej,instagram,1e114592-3529-4cfe-9977-2598454053af,c6277f06-38dd-4cb5-a244-7bcc17c53a0b,IG Post,IMAGE,11.3.2026 21:34:56,ZOTT nejhladovější hráč @pastak22 🥛Otevřel skóre zápasu a teď si otevře zásobu ZOTT HUNGRY 🤤,https://www.instagram.com/p/DVwmBAVCH-X/,,9020,167,,20
@engineersprague,facebook,afd06d1d-7b1c-4f66-8d93-ce4255ab773c,cf1076d7-f66c-4b5a-a595-f3617d2d0dc6,FB Post,PHOTO,10.3.2026 21:38:40,"2 body jsou naše! Po samostatných nájezdech si odvážíme z Kateřinek cenné body 🔥.  Hlavní vrchol týdne nás ale ještě čeká, Bitva o Prahu je za dveřmi. Vidíme se ve čtvrtek ENGPRG 💙.",https://www.facebook.com/1560924572517692/posts/1542007354409414,726,,6,,
@cvutengineers,instagram,11963a07-7f0f-48e6-9d81-aa63a7ff4a04,0e73565a-55ae-41d3-84db-e55ce69baeee,IG Story,VIDEO,17.4.2026 16:50:27,,https://www.instagram.com/stories/cvutengineers/3877420669462180363,,1531,,,
@riderspardubice,instagram,4d6a67ab-9313-4f77-a82e-abb18adbca5d,643fabde-ddbc-42bb-b408-6461a849a828,IG Story,VIDEO,26.8.2026 19:53:15,,https://www.instagram.com/stories/riderspardubice/3972458658797809052,,616,,,7
vsefalcons,instagram,709fceba-e311-48e7-9057-f54a587abf4a,f6b10d27-0725-4bec-9a9a-8e7d616c0dbb,IG Story,IMAGE,13.3.2026 16:20:44,,https://www.instagram.com/stories/vsefalcons/3852038927054045775,873,838,,,
@univerzitnihokej,instagram,1e114592-3529-4cfe-9977-2598454053af,b7bc22d3-d4b3-4db1-ad08-fa5ee2fbb176,IG Story,IMAGE,17.4.2026 20:16:53,,https://www.instagram.com/stories/univerzitnihokej/3877524946648995913,,1357,,,
vsefalcons,instagram,709fceba-e311-48e7-9057-f54a587abf4a,958c2120-8df3-4dfe-986f-74d7e1281f6c,IG Reel,VIDEO,14.2.2026 13:40:17,"Láska prochází žaludkem“ 🍽️
Ale projde i testem znalostí? 👀 Jak dobře znají hráči svoje přítelkyně? 

Doufáme, že jsme nikomu z nich nepokazili Valentýn! ❤️‍🩹",https://www.instagram.com/reel/DUvYAAxCExs/,,11424,186,9,33
@bitvaoprahu,facebook,75e0f41f-82be-4f82-a77b-82ac11135ed2,a628a417-aba7-4e5f-8dfe-74e6304925cf,FB Post,ALBUM,14.3.2026 16:18:24,"🇨🇿 THIS SHOW HAD IT ALL! 🪩❤️‍🔥

@foundsoundofficial | 📸 @radekkasik1 | #bitvaoprahu",https://www.facebook.com/1441262177797849/posts/1421782936412440,307,,1,,
vsefalcons,instagram,709fceba-e311-48e7-9057-f54a587abf4a,d9263d6b-01e5-450a-a89c-4fce6984d4f5,IG Story,VIDEO,8.4.2026 15:58:08,➡️⬅️⬆️⬇️↗️↘️↙️↖️,https://www.instagram.com/stories/vsefalcons/3870871751529879128,948,876,,,3
@riderspardubice,instagram,4d6a67ab-9313-4f77-a82e-abb18adbca5d,63e06f48-5f3c-4a65-b2cc-20270a5a143b,IG Story,VIDEO,12.4.2026 12:18:38,2:0,https://www.instagram.com/stories/riderspardubice/3873660704339527517,,1087,,,
@vutcavaliersbrno,instagram,b384bebf-72f3-4f9d-8b2d-3677709f6966,c74c4db2-cbda-4f42-8b38-d50bae9c51aa,IG Story,VIDEO,13.9.2026 15:50:41,🥅 @malkin_2006  v bráně,https://www.instagram.com/stories/vutcavaliersbrno/3985382574339419028,,875,,,2
@hcnorthwings,facebook,2b08a479-603b-46e4-8a48-2bc0435ccd53,a344c298-88ce-4293-a767-22f38fad9832,FB Post,IMAGE,15.4.2026 11:52:25,"Za měsíc STARTUJE Mistrovství světa v ledním hokeji 🏒🏆
Univerzitní amfiteátr 🏟 bude opět vysílat vybrané přenosy českého národního týmu 🇨🇿 v jedinečné atmosféře pod širým nebem 🌤
Čeká Vás FANZÓNA se soutěžemi a tipováním výsledku 🥅 utkání o ceny 🎁
Občerstvení 🍺 beer&grill 🌭 zajistí opět naše Kavárna Kampuska 🍰
Těšíme se na Vás všechny 🙂

#myjsmeujep #mistrovstvisveta #icehockey",https://www.facebook.com/1583651910433365/posts/1596312495833973,596,,3,,
@riderspardubice,facebook,f99ed6c3-17cc-46f4-a32e-d9b0576ce2df,3eae6011-856f-4054-ad5c-6ff60acd2708,FB Video,VIDEO,27.3.2026 13:04:58,"💸 100 000 Kč může být tvých!

Stačí si založit účet u @csob přes náš odkaz v biu a jsi ve hře 👇

👉 automaticky jdeš do slosování o 100 000 Kč
👉 můžeš získat až 1 500 Kč bonus
👉 a spoustu dalších výhod 

A jo… losujeme už brzy ⏳

Takže jestli to chceš stihnout, je ideální čas 👀

🔗 odkaz v biu",https://www.facebook.com/reel/1238646718380244/,497,166,3,,
vsefalcons,instagram,709fceba-e311-48e7-9057-f54a587abf4a,c5f1e16e-3044-49a6-95e9-95e2fc5579f3,IG Story,VIDEO,8.4.2026 15:56:51,👋🏼,https://www.instagram.com/stories/vsefalcons/3870871094156606099,963,933,,,1
@riderspardubice,instagram,4d6a67ab-9313-4f77-a82e-abb18adbca5d,56c3117d-cdf1-4baa-bd7c-757784bb8894,IG Story,VIDEO,17.4.2026 16:53:30,JE TAM! ❤️‍🔥,https://www.instagram.com/stories/riderspardubice/3877422393790833899,,882,,,1
@akademiciplzen,instagram,65494228-95bf-4f7b-8e68-d47d7262db66,f909a350-2518-48d0-99c2-2b4558a2133b,IG Story,IMAGE,19.8.2026 19:38:34,,https://www.instagram.com/stories/akademiciplzen/3967377839808616041,,1361,,,10
@riderspardubice,instagram,4d6a67ab-9313-4f77-a82e-abb18adbca5d,5509176b-971a-4b47-8603-bf63f083fadd,IG Post,IMAGE,20.3.2026 15:47:58,"Hey Erasmus students! 🌍✨

Looking for a unique Czech student experience? Join us for an unforgettable night full of energy, emotions, and true university spirit! 🏒🔥

Come and enjoy a University Hockey Derby – a traditional rivalry between two neighboring cities, Pardubice and Hradec Králové. Expect loud fans, minigames for fans and an incredible atmosphere you don’t want to miss!

📅 March 23
🕢 7:45 PM
📍 Enteria Arena, Pardubice

This game is also special as it’s the last home match of the regular season – and a final farewell to two key players of the Riders team. Let’s give them a proper send-off together ❤️

🎟️ Get your ticket in BIO!",https://www.instagram.com/p/DWHJ6CjDP8A/,,1914,33,,4
vsefalcons,instagram,709fceba-e311-48e7-9057-f54a587abf4a,184ff755-11e1-4605-9be4-e7246f623528,IG Story,VIDEO,24.2.2026 18:51:39,,https://www.instagram.com/stories/vsefalcons/3839793726084393698,699,944,,,
@riderspardubice,facebook,f99ed6c3-17cc-46f4-a32e-d9b0576ce2df,36b84d4d-9af3-4d2d-912d-4736e416d51e,FB Post,IMAGE,2.3.2026 21:21:00,Dnešní duel s @cvutengineers bohužel nevyšel.😭,https://www.facebook.com/1592662819534019/posts/1566184132181888,161,,,,
@riderspardubice,instagram,4d6a67ab-9313-4f77-a82e-abb18adbca5d,d1f4a5c3-83ba-4c5c-8d1a-4d3d650ef17a,IG Story,VIDEO,17.4.2026 21:48:07,,https://www.instagram.com/stories/riderspardubice/3877570719664358445,,503,,,
vsefalcons,instagram,709fceba-e311-48e7-9057-f54a587abf4a,99e1476d-737c-4c25-a9e1-e7c7872272bc,IG Story,IMAGE,12.3.2026 17:41:37,"7 3 Jurak 2x
Vosmík 2x",https://www.instagram.com/stories/vsefalcons/3851354861354909138,1381,1209,,,2
@univerzitnihokej,instagram,1e114592-3529-4cfe-9977-2598454053af,215b7bf3-b72a-485e-b6c9-69120fe9f570,IG Story,VIDEO,8.4.2026 19:17:14,JDEME DO 3. TŘETINY,https://www.instagram.com/stories/univerzitnihokej/3870971935274332608,,722,,,
@united_hk,instagram,b18c071b-0570-48b2-b743-990c668c3c5b,f5fb26c4-8331-4ded-839d-9f3682b38f9d,IG Story,VIDEO,23.8.2026 14:36:37,,https://www.instagram.com/stories/united_hk/3970125107619757609,,617,,,1
@univerzitnihokej,instagram,1e114592-3529-4cfe-9977-2598454053af,6e7b379d-8cce-4074-be9c-5f4b86e5d3aa,IG Story,VIDEO,12.4.2026 14:37:32,HLAVNĚ V KLIDU,https://www.instagram.com/stories/univerzitnihokej/3873730288161439794,,1131,,,
@united_hk,instagram,b18c071b-0570-48b2-b743-990c668c3c5b,b02814bf-370b-4644-b77c-bc33c2d45df0,IG Story,IMAGE,10.8.2026 19:55:59,"FIRST
GAME @alas_steklik ⭐️ ⭐️",https://www.instagram.com/stories/united_hk/3960863623494229302,,1362,,,1
vsefalcons,instagram,709fceba-e311-48e7-9057-f54a587abf4a,8735f8f6-f1fe-49fa-a749-1d405513cd68,IG Story,IMAGE,30.3.2026 9:28:30,@united_hk protože zítra hrajou poslední zápas sezony,https://www.instagram.com/stories/vsefalcons/3864152658403706348,,,,,
@218107044725785,facebook,7a942e3e-6c47-4794-9ba7-bbc7b6d40cb3,685f3236-2784-4b77-ae13-f6a150cdb192,FB Post,IMAGE,12.4.2026 19:29:57,"Soupeř, čas i místo jsou jasné. Semifinále @unihokejfinalfour sehrajeme proti @cvutengineers , které dobře známe 👊🏼

Teď vás potřebujeme víc, než kdy jindy. 👉🏼🏆

Vstupenky na finalfour.cz
SLEVOVÝ KÓD: VSEFANS 🤑",https://www.facebook.com/122282816036218300/posts/122283676142218300,218,,9,,
@riderspardubice,facebook,f99ed6c3-17cc-46f4-a32e-d9b0576ce2df,c1137bf1-89e4-4132-8eec-19baa69b9cfd,FB Post,IMAGE,9.3.2026 22:29:34,"Dnes se zadařilo!🥳 Sice po prodloužení, ale 2 další body jsou v tabulce!",https://www.facebook.com/1592662819534019/posts/1572165208250447,192,,6,,
@742626308943576,facebook,afcb2720-0a77-4413-95f4-2247bcb8a565,c37e59f6-7592-4928-9ab2-a1e43c104c50,FB Post,IMAGE,12.9.2026 17:25:48,"🎟️ PRVNÍ VLNA JE VENKU!
Ceny jsou tady. 👀
Kdo kupuje teď, šetří. 🔥

💙 ČSOB účet = 20% sleva

JU × VŠTE
4. 11. 2026 | Budvar aréna",https://www.facebook.com/122132173953029080/posts/122145286785029080,42,,,,
@riderspardubice,instagram,4d6a67ab-9313-4f77-a82e-abb18adbca5d,a55bf17b-4c66-4c1f-a39d-b1258bec408b,IG Story,VIDEO,1.4.2026 10:38:37,,https://www.instagram.com/stories/riderspardubice/3865637468670588170,,699,,,
@united_hk,instagram,b18c071b-0570-48b2-b743-990c668c3c5b,40c5c46b-e34c-49ef-9b7a-7e256b60935a,IG Story,IMAGE,25.4.2026 11:09:27,Díky za návštěvu @novas.a_16,https://www.instagram.com/stories/united_hk/3883047622818707904,,1326,,,12
vsefalcons,instagram,709fceba-e311-48e7-9057-f54a587abf4a,56a80ad3-0119-4ef4-a1e1-185858a54cdc,IG Story,VIDEO,11.2.2026 20:44:51,,https://www.instagram.com/stories/vsefalcons/3830428589875534429,752,752,,,2
@riderspardubice,instagram,4d6a67ab-9313-4f77-a82e-abb18adbca5d,602fe2e8-f830-44d2-9be5-4fc8da492dfe,IG Story,VIDEO,10.4.2026 12:15:47,@stolda_10,https://www.instagram.com/stories/riderspardubice/3872209354795802721,,464,,,
vsefalcons,instagram,709fceba-e311-48e7-9057-f54a587abf4a,f7af3804-3556-4883-9302-ccab2555d53b,IG Story,VIDEO,10.2.2026 18:42:24,TAKY SCHVALUJE @hamrbrmbrm13 🎶,https://www.instagram.com/stories/vsefalcons/3829642194693185983,,1286,,,1
@cvutengineers,instagram,11963a07-7f0f-48e6-9d81-aa63a7ff4a04,112cba1b-47ca-43fa-b7a8-f7cbade79913,IG Post,IMAGE,2.3.2026 20:44:22,"Poprosíme hodit čepičku do komentářů pro Šachlíka, který se dneska v Pardubicích blýskl hattrickem 🧢😮‍💨",https://www.instagram.com/p/DVZVrGWjKDS/,,9952,292,20,29
@united_hk,instagram,b18c071b-0570-48b2-b743-990c668c3c5b,178d1191-14f8-47ee-a9ec-3346d9515e79,IG Story,VIDEO,28.4.2026 6:30:06,,https://www.instagram.com/stories/united_hk/3885081144098069617,,579,,,
@univerzitnihokej,instagram,1e114592-3529-4cfe-9977-2598454053af,44d53ae5-9ef3-4984-bc86-00ac8e4ba33f,IG Story,VIDEO,17.4.2026 9:07:43,,https://www.instagram.com/stories/univerzitnihokej/3877181789462611058,,2038,,,
@boostrava,instagram,1176ddaf-d366-48a2-9639-3c6694c72c85,6e60ab5f-3e9d-4818-94d6-eb80d1e9eb01,IG Post,IMAGE,18.3.2026 11:28:32,"GAME DAY🔥 JEDEME DO PRAHY 
Sleduj živě a nebo doraz na Hvězdu!
@cvutengineers x @boostrava",https://www.instagram.com/p/DWBifgBDLX5/,,1978,25,,8
@univerzitnihokej,instagram,1e114592-3529-4cfe-9977-2598454053af,8e3649d9-ba03-4148-bc5f-76273fa57458,IG Post,PHOTO,1.4.2026 4:00:14,"Doprava na @unihokejfinalfour vyřešena ✅ Speciální Final Four tramvaj tě doveze až do Edenu 🚊
Tak kdo nastupuje? 👀",https://www.instagram.com/p/DWkx2hJCNts/,,20395,395,5,46
@univerzitnihokej,facebook,01b45180-0b14-4a14-96e8-d0a4bab1fb9f,e18c6c90-5f6b-4fd7-b08a-4c2cdf3a62f0,FB Post,IMAGE,1.4.2026 10:35:36,"Semifinále play-in dnes večer uzavře duel v plzeňské aréně 🙌🏼

Akademici 🆚 Farmers
Kdo zvítězí a bude o krok blíž k Final Four?",https://www.facebook.com/1275398168115026/posts/1275576008097242,326,,3,,
vsefalcons,instagram,709fceba-e311-48e7-9057-f54a587abf4a,1f3013f3-6e5d-41bf-a00c-24de4c7f654b,IG Story,VIDEO,17.4.2026 13:14:45,🇧🇷,https://www.instagram.com/stories/vsefalcons/3877312321018169865,939,1021,,,1
@united_hk,instagram,b18c071b-0570-48b2-b743-990c668c3c5b,23f123cc-89fa-44f0-8d94-f79c33405966,IG Reel,VIDEO,8.3.2026 9:52:22,"🧅 Kaufland Cutting Challenge
Vracíme se ještě k momentům z Východočeského derby univerzit.

Derby není jen o hokeji.

Během přestávky jsme si dali rychlou výzvu – Kaufland Cutting Challenge.

Úkol byl jednoduchý: 45 vteřin. Hokejové rukavice. A co nejvíc najemno nakrájet cibuli.

Jak to dopadlo? Podívej se ve videu.

Díky partnerovi Kaufland za další zábavný moment derby.

🖤🧡❤️

#unitedhk #unihokej #hokej",https://www.instagram.com/reel/DVnnqdpiBER/,,2779,27,,10
@VUTCavaliersBrno,facebook,3351b43e-4b71-442b-b2f1-920cd6e57ee5,2c059316-dd40-427e-8f41-76332f1c3e41,FB Story,IMAGE,23.8.2026 9:06:34,,https://facebook.com/stories/100667195401737/UzpfSVNDOjE1NzcwMjIyNjc0MDU5NzA=/?view_single=1,,,,,
@univerzitnihokej,instagram,1e114592-3529-4cfe-9977-2598454053af,59b40c84-d678-4de6-b039-7a80ae9dff0b,IG Reel,VIDEO,30.3.2026 12:09:32,"Uvidíme tady traktory, koně nebo snad plzeňský pivo? Kreativitě se meze nekladou 🫰🏼",https://www.instagram.com/reel/DWggQ6NCKcm/,,8574,169,76,6
@hc_muni,instagram,43cd62c8-609d-4ea6-8ce9-cae5242ede0c,bd9ec13c-d04c-4abc-8684-ea08dcc74c97,IG Story,VIDEO,14.4.2026 8:52:38,🎉,https://www.instagram.com/stories/hc_muni/3875006210126177378,,503,,,
@univerzitnihokej,facebook,01b45180-0b14-4a14-96e8-d0a4bab1fb9f,dcae0d09-85a7-4413-a79c-726c21c28b37,FB Post,IMAGE,8.4.2026 19:29:17,@vsefalcons vítáme vás ve @unihokejfinalfour 👋🏻 Vidíme se 16.4. na Edenu! 🔥,https://www.facebook.com/1275398168115026/posts/1281435227511320,676,,5,,
@BOhokej,facebook,c9082543-a03b-490f-8f97-66d439acce89,03816dfd-811a-436b-81d4-3e2b25102f44,FB Post,IMAGE,14.4.2026 10:26:04,"Rádi bychom poděkovali trenérovi Honzovi Dětskému za tři úspěšné roky, které jsme mohli strávit pod jeho vedením.
Děkujeme za jeho přístup, podporu, trpělivost i nasazení, které nám po celou dobu předával.

Odnášíme si spoustu zkušeností i společných vzpomínek, na které budeme rádi vzpomínat.
Věříme, že se naše cesty v budoucnu ještě setkají.

Přejeme mnoho úspěchů do další etapy a ještě jednou VELKÉ DÍKY✨",https://www.facebook.com/1477974067675582/posts/1489225883217067,830,,5,,
@AkademiciPlzen,facebook,d87b94e3-03e8-45d0-b92e-75e9b819545c,19676740-0ae5-483e-8799-624d381dfa85,FB Post,ALBUM,29.3.2026 13:23:57,"Co je to vlastně to PLAY-IN? 🧐

Tady máš celý návod, jak se dostat až do Final Four.
Dočti až do konce a budeš zas o něco chytřejší. 🧠💡",https://www.facebook.com/1357105236437494/posts/1354986759982675,774,,5,,
@united_hk,instagram,b18c071b-0570-48b2-b743-990c668c3c5b,301991c9-8bd4-4057-858f-eff807c3572c,IG Post,PHOTO,30.3.2026 17:50:24,"Zítra začíná PLAY-IN.

1 zápas, kdy se hraje o všechno. Když vyhrajeme, postupujeme dál do dalších bojů o místo na Final Four.

Přijedeš nás podpořit?

Jedeme ALL IN. 🖤🧡

#unitedhk #unihokej #uhk #hradeckralove",https://www.instagram.com/p/DWhHyYbiLcJ/,,2735,39,,3
@hcmuni,facebook,d1f9e9f9-7526-42d4-85aa-13f91e89f7cf,7d0dfd75-1174-4462-94f7-3eff0626436f,FB Post,IMAGE,14.3.2026 9:07:36,"GAMEDAY je tady! 🔥
Dnes nás čeká další bitva na domácím ledě 🏒⚔️
A ty u toho nesmíš chybět! 🐻💙

Lístky kupuj tady https://hcmuni.enigoo.cz/app/tickets/events 🎟️

#hcmuni",https://www.facebook.com/1581741777288398/posts/1565089512286958,236,,2,,
@riderspardubice,instagram,4d6a67ab-9313-4f77-a82e-abb18adbca5d,d11cbff1-cf86-4dc1-a08a-f9d8dfd82b90,IG Post,IMAGE,15.4.2026 6:00:03,"Jedeme do Prahy reprezentovat na @unihokejfinalfour Riders, Pardubice i naši @upce_cz a bojovat s pražskými týmy o titul vládce ligy. ♥️

🏒 SEMIFINÁLE
🆚 @ukkingsprague
📍 Zimní stadion Eden, Praha
🕓 16. dubna | 16:30

👉 2 dny plný hokeje, atmosféry a afterparty

Ve čtvrtek se rozhodne, jestli půjdeme do finále, nebo o bronz – každopádně v pátek se hraje o medaile.

Pojď do toho s námi a buď u toho.

🎟️ Vstupenky najdeš v BIU.",https://www.instagram.com/p/DXJDdBpjAgQ/,,5018,88,,1
@united_hk,instagram,b18c071b-0570-48b2-b743-990c668c3c5b,df2436e2-10ba-4f47-ba1b-c4457f8fc497,IG Story,VIDEO,20.8.2026 12:33:51,,https://www.instagram.com/stories/united_hk/3967888865754668308,,651,,,2
vsefalcons,instagram,709fceba-e311-48e7-9057-f54a587abf4a,8238c6ad-f28d-42d3-860f-ef8e80e723bc,IG Reel,VIDEO,10.3.2026 6:53:37,Dneska bude na Kateřinkách horko! 🤭,https://www.instagram.com/reel/DVscpMxCBS5/,,3752,52,3,9
vsefalcons,instagram,709fceba-e311-48e7-9057-f54a587abf4a,8b733a7d-b968-403a-950e-8272b8f66dd4,IG Post,ALBUM,12.3.2026 10:38:41,"Jste připravení? 🫨 Kdybyste náhodou nevěděli, co před @bitvaoprahu stihnout, tak jsme vám to sepsali 👆🏻
Teď je to na vás. Tribuna musí být slyšet až na led. 🤍",https://www.instagram.com/p/DVyAToCiGwx/,,14423,254,,46
@cvutengineers,instagram,11963a07-7f0f-48e6-9d81-aa63a7ff4a04,baa9cb7f-dc14-4325-b5db-894cc1eeb860,IG Story,VIDEO,11.9.2026 15:55:39,,https://www.instagram.com/stories/cvutengineers/3983935505032866108,,924,,,2
@riderspardubice,instagram,4d6a67ab-9313-4f77-a82e-abb18adbca5d,ebe183d4-9a32-4b1c-87ec-c26c224d71af,IG Post,IMAGE,13.9.2026 19:35:59,Dnes nám to bohužel nevyšlo a @vutcavaliersbrno doma vítězí👀,https://www.instagram.com/p/DdPUoJkxmnv/,,3035,78,,1
@boostrava,instagram,1176ddaf-d366-48a2-9639-3c6694c72c85,f3860e3a-0544-45a0-a68d-463ba19a3669,IG Story,VIDEO,31.3.2026 11:44:02,,https://www.instagram.com/stories/boostrava/3864945619844771540,,784,,,1
vsefalcons,instagram,709fceba-e311-48e7-9057-f54a587abf4a,f490046c-363a-41f5-81fd-8aa42d2f339e,IG Story,VIDEO,22.1.2026 20:01:32,,https://www.instagram.com/stories/vsefalcons/3815911303198316774,,825,,,1
@cvutengineers,instagram,11963a07-7f0f-48e6-9d81-aa63a7ff4a04,f7d76728-8c67-43cc-8560-4a0b90d686fc,IG Story,VIDEO,8.4.2026 16:31:59,💆🏻‍♂️ ⚽️ Teď  FOČUS a pak už jenom FOCUS,https://www.instagram.com/stories/cvutengineers/3870888771076255365,,1200,,,
@hcnorthwings,facebook,2b08a479-603b-46e4-8a48-2bc0435ccd53,385a393d-b5d7-4888-bdff-4b64a025a861,FB Video,VIDEO,19.3.2026 8:06:25,🎤 | Pozápasové ohlasy z 25. kola @univerzitnihokej v podání @united_hk (Filip #Samek) #univerzitnihokej,https://www.facebook.com/reel/1583298599599537/,289,95,,,
vsefalcons,instagram,709fceba-e311-48e7-9057-f54a587abf4a,ebc379e9-a33d-456d-a1c9-74d208b91169,IG Story,VIDEO,12.2.2026 15:38:01,,https://www.instagram.com/stories/vsefalcons/3830998929496355923,692,692,,,1
@AkademiciPlzen,facebook,d87b94e3-03e8-45d0-b92e-75e9b819545c,3d7496b2-433a-49be-b2b5-af769d6b4547,FB Video,VIDEO,7.3.2026 12:56:56,"Jarní bitva doručila! 🚀 Nevíme jak vy, ale my tu energii vstřebáváme doteď. Absolutní strop, díky moc všem! 💙

edit: @jirikhozman",https://www.facebook.com/reel/1424364699188755/,626,162,2,,
vsefalcons,instagram,709fceba-e311-48e7-9057-f54a587abf4a,43481f13-6209-46d3-8521-c1350c853823,IG Story,IMAGE,24.2.2026 22:15:39,,https://www.instagram.com/stories/vsefalcons/3839896370266265795,618,946,,,4
@riderspardubice,instagram,4d6a67ab-9313-4f77-a82e-abb18adbca5d,88c9e7bf-367e-4145-bba1-3a1312caa9d1,IG Story,VIDEO,12.4.2026 18:16:14,"s @foxconn_czech 
v zádech",https://www.instagram.com/stories/riderspardubice/3873840331028719270,,606,,,
vsefalcons,instagram,709fceba-e311-48e7-9057-f54a587abf4a,8d64ec0c-65f6-4592-a994-34072da68112,IG Story,VIDEO,13.3.2026 16:20:02,,https://www.instagram.com/stories/vsefalcons/3852038576838031686,894,808,,,
@united_hk,instagram,b18c071b-0570-48b2-b743-990c668c3c5b,978cde1b-5769-4133-b9ab-3277707c46fa,IG Story,VIDEO,25.8.2026 15:39:16,POSILOVÁNÍ trocha před ledem,https://www.instagram.com/stories/united_hk/3971606085945063859,,821,,,
@riderspardubice,instagram,4d6a67ab-9313-4f77-a82e-abb18adbca5d,a38fec0c-965d-40a7-978f-7a9b1290335c,IG Reel,VIDEO,12.4.2026 15:05:25,@unihokejfinalfour těšíme se😎,https://www.instagram.com/reel/DXCTaRVDAEF/,,7265,301,1,53
@boostrava,instagram,1176ddaf-d366-48a2-9639-3c6694c72c85,bb7f3e60-8618-416b-b094-b4721daebd10,IG Story,VIDEO,27.4.2026 19:05:44,,https://www.instagram.com/stories/boostrava/3884736882219478190,,390,,,
vsefalcons,instagram,709fceba-e311-48e7-9057-f54a587abf4a,c4baa825-a230-4374-962d-a98638d9d92f,IG Reel,VIDEO,10.2.2026 7:37:49,"GAMEDAY
Na ledě dostihy, na tribunách sázky! 🏇🎲
Vidíme se v 19:45 na Kateřinkách 🫵🏻🔥",https://www.instagram.com/reel/DUka2uQiGDA/,,3795,60,,5
@riderspardubice,facebook,f99ed6c3-17cc-46f4-a32e-d9b0576ce2df,db093e18-5f35-42e2-b12b-693dd71ed23d,FB Post,IMAGE,20.3.2026 13:00:22,"Vousy + teplákovka = Kopec 

Tak doraž na poslední domácí zápas semestru ve vousech i ty! 

🎟️ Vstupenky koupíš přes odkaz v BIU!",https://www.facebook.com/1592662819534019/posts/1581537760646525,220,,1,,
@univerzitnihokej,facebook,01b45180-0b14-4a14-96e8-d0a4bab1fb9f,11099c44-b1a5-4a68-a6c0-37b8411dc65e,FB Post,IMAGE,8.4.2026 8:32:45,"Finále play-in přinese pražské derby 🔥
Všechny výhry na straně UK Kings, ale Farmers ukázali minulý týden, že umí překvapit. 🫡

Na jaké straně Prahy dnes budete stát? 👇🏻",https://www.facebook.com/1275398168115026/posts/1281051500883026,298,,2,,
@hcnorthwings,facebook,2b08a479-603b-46e4-8a48-2bc0435ccd53,68eb868c-b3ef-41c3-bd3b-eff9cc710127,FB Story,VIDEO,9.9.2026 18:54:05,,https://facebook.com/stories/101955925269645/UzpfSVNDOjI0OTg4ODAyNTcyNjQzOTk=/?view_single=1,,,,,
vsefalcons,instagram,709fceba-e311-48e7-9057-f54a587abf4a,a50f1245-70f9-4f6b-91e4-cae9d93519b9,IG Story,IMAGE,13.3.2026 16:19:33,,https://www.instagram.com/stories/vsefalcons/3852038330137486630,919,897,,,3
@cvutengineers,instagram,11963a07-7f0f-48e6-9d81-aa63a7ff4a04,c78f0f4f-ccaa-47aa-bcf5-3ca4afce4a5a,IG Story,VIDEO,13.4.2026 15:01:43,DÁME DO TOHO VŠECHNO! PROTOŽE MÁME #SRDCELVA,https://www.instagram.com/stories/cvutengineers/3874467196638628599,,698,,,3
@united_hk,instagram,b18c071b-0570-48b2-b743-990c668c3c5b,cd460395-da84-43fd-8d69-1d963c241924,IG Post,IMAGE,26.8.2026 18:34:05,"Příprava pokračuje těsnou prohrou.

S HC Náchod prohráváme 4:5 po prodloužení.

Herně jsme měli velkou část zápasu navrch a dostávali se do šancí, tentokrát nám ale chyběla lepší efektivita v zakončení.

Víme, na čem dál pracovat 😉",https://www.instagram.com/p/Dcg3dILIcrM/,,4242,75,,17
vsefalcons,instagram,709fceba-e311-48e7-9057-f54a587abf4a,1ce96ef1-4357-41d9-aec8-dcb1a4700556,IG Story,VIDEO,3.2.2026 20:12:12,už zase pálí ostrými 🌶️,https://www.instagram.com/stories/vsefalcons/3824613972964315744,,1008,,,
@hcnorthwings,facebook,2b08a479-603b-46e4-8a48-2bc0435ccd53,6ee969c9-3b3e-4141-bfe1-24c512e55cb0,FB Story,VIDEO,4.3.2026 15:48:17,,,,,,,
@engineersprague,facebook,afd06d1d-7b1c-4f66-8d93-ce4255ab773c,81c643e0-aab1-46c7-af73-f138c1b54982,FB Post,PHOTO,12.3.2026 8:13:12,"Finále Bitvy o Prahu je konečně tady! ⚔️

Čekání skončilo. Už dnes od 20:00 vypukne dlouho očekávaný duel proti UK 🔥. Slibujeme napínavou bitvu a vyhrocenou atmosféru, ve které se rozhodne o jediném – kdo ovládne Prahu. 🗝️🦁

Buďte u toho s námi. Těšíme se na vás! 👋🏻

Dnes | 20:00 | Finále",https://www.facebook.com/1560924572517692/posts/1543166240960192,323,,4,,
@bitva_o_budejce,instagram,f977c0af-061e-4c10-813f-da5818f8a748,d92a9ecc-af15-4150-9259-60056269a0e9,IG Post,IMAGE,4.9.2026 7:00:14,"60 dní do BITVY. 🏒🔥
Dvě univerzity.
Jedno město.
Jedna aréna.
A pořádná bitva o Budějce. ⚔️

📅 4. 11. 2026
📍 Budvar aréna

Už brzy odhalíme víc. 👀

Jsi ready na BITVU O BUDĚJCE?

#BitvaOBudějce #Budějce #VŠTE #JU hokej BudvarArena",https://www.instagram.com/p/Dc2y3BPME1d/,,5586,130,,13
@akademiciplzen,instagram,65494228-95bf-4f7b-8e68-d47d7262db66,7709cfe5-2970-4091-9d68-d2ffa0e6e829,IG Reel,VIDEO,14.9.2026 19:01:21,"LÍSTKY NA AFTERPARTY BITVY O PLZEŇ 2026 JIŽ V PRODEJI! 🪩🔥

Letos to 21. 10. rozjedeme znovu – hned z Bitvy se přesuneme o pár metrů dál do DEPO2015, kde ve 21:00 odstartuje noc, na kterou jen tak nezapomeneš. ❤️‍🔥

🎧 Připraveni na vás budou hned několik DJs. Kdo? To vám odhalíme již brzy. 🤫

🎟️ A pozor — v aplikaci UniLife po propojení s ČSOB získáš 20% slevu na lístek na samotnou afterparty i na balíček Bitva o Plzeň + afterparty.

Kapacita je omezená, tak si pospěš, ať se vejdeš na parket! 🕺

#akademiciplzen",https://www.instagram.com/reel/DdR1Z6dCHu6/,,7805,176,,86
vsefalcons,instagram,709fceba-e311-48e7-9057-f54a587abf4a,944f3fbf-99e0-4ddb-9615-e203be47cf89,IG Reel,VIDEO,1.3.2026 8:29:43,"win or lose? 🤔 

#vsefalcons #vse",https://www.instagram.com/reel/DVVcpaLCHLz/,,312,5,,1
vsefalcons,instagram,709fceba-e311-48e7-9057-f54a587abf4a,550b8c3d-c5ba-4abe-a2b6-80bf9f578637,IG Story,VIDEO,24.4.2026 10:40:19,🏃🏽,https://www.instagram.com/stories/vsefalcons/3882293854137238060,641,718,,1,2
vsefalcons,instagram,709fceba-e311-48e7-9057-f54a587abf4a,5ae7fe94-9301-4cf8-bdff-4a0f7f60e5b3,IG Story,VIDEO,24.2.2026 19:02:56,SOUBOJ DVOU KMENŮ ZAČÍNÁ 🏝️,https://www.instagram.com/stories/vsefalcons/3839799398662420984,,884,,,2
@univerzitnihokej,instagram,1e114592-3529-4cfe-9977-2598454053af,e353ea2d-336b-4986-802e-0b2aa85eaf6c,IG Post,IMAGE,12.4.2026 13:58:39,"FINAL FOUR JE KOMPLETNÍ! ✅

Tahle čtyřka bude už ve čtvrtek a pátek bojovat o titul 🏆

Jak bude vypadat program čtvrtečních semifinále?
🕐 16:30 | @ukkingsprague vs. @riderspardubice 
🕐 20:15 | @cvutengineers vs. @vsefalcons 

Nejlevnější lístky najdeš právě teď na finalfour.cz 🎟️",https://www.instagram.com/p/DXCL1YTiI_i/,,39028,597,3,283
@hc_muni,instagram,43cd62c8-609d-4ea6-8ce9-cae5242ede0c,fa33e31d-b760-438b-b08d-d2fe1045a944,IG Post,IMAGE,20.3.2026 13:33:47,"Jak už bývá zvykem, na derby s @vutcavaliersbrno je vždycky pořádně veselo💙❤️
Tak si ho nenech ujít i tentokrát!⚔️

Lístky seženeš u nás v biu🎟️",https://www.instagram.com/p/DWG6tHNDLkP/,,10215,239,2,18
@bitvaoprahu,instagram,d7c8aa06-74fb-4c6c-a7d2-c2fe1bf6d59c,74f2c683-2789-47d6-b372-1506c7b3f537,IG Reel,VIDEO,12.3.2026 18:19:42,"FALCONS JSOU BLÍZKO! 🦅🥉

Finálový večer @bitvaoprahu můžete sledovat živě na @sport_ct ➕. 📺",https://www.instagram.com/reel/DVy0yipjLOD/,,15203,266,,11
@united_hk,instagram,b18c071b-0570-48b2-b743-990c668c3c5b,7b434a00-2568-4e79-8670-6f46380dbc43,IG Story,VIDEO,13.9.2026 16:25:36,🥅🥅🥅🥅🥅🥅 6:1 @matousekuba,https://www.instagram.com/stories/united_hk/3985400160905114620,,556,,,7
vsefalcons,instagram,709fceba-e311-48e7-9057-f54a587abf4a,7c0ebd22-cad6-4af7-99c8-4a82fa28d8ad,IG Post,CAROUSEL_ALBUM,16.1.2026 18:55:52,"Montujeme vztahy s @mosteckamontazni 📢

Našim novým hlavním partnerem se stává Mostecká montážní. 👷🏽‍♂️ Spojili jsme síly, protože týmová práce je klíčem k úspěchu, a díky Vám můžeme dosahovat lepších výsledků na ledě i mimo něj. 🥅

Děkujeme za podporu a těšíme se na to, co společně dokážeme. 🤝🏼",https://www.instagram.com/p/DTlRfEBCKIg/,,4065,100,,6
@hc_muni,instagram,43cd62c8-609d-4ea6-8ce9-cae5242ede0c,ab1963c1-7769-46ce-a214-423d1f26c796,IG Story,VIDEO,13.9.2026 12:14:43,,https://www.instagram.com/stories/hc_muni/3985273871401914042,,881,,,1
vsefalcons,instagram,709fceba-e311-48e7-9057-f54a587abf4a,ee9a18a1-2064-425a-8e66-563176196330,IG Story,VIDEO,8.2.2026 8:06:52,‼️ZMĚNA MÍSTNOSTI‼️,https://www.instagram.com/stories/vsefalcons/3827872758168600844,,940,,,
vsefalcons,instagram,709fceba-e311-48e7-9057-f54a587abf4a,4e8e0793-0f22-49d4-a9d6-ac2ef944111f,IG Post,IMAGE,8.9.2026 8:37:27,"Falcons rodinko, vidíme se už za ✌🏼 týdny!
Vstupenky kupuj přes odkaz na profilu 🎟️",https://www.instagram.com/p/DdBRRJqo8jn/,,3930,74,,4
@hcnorthwings,facebook,2b08a479-603b-46e4-8a48-2bc0435ccd53,6c0c8251-8c45-42eb-b97d-687929aaa3d8,FB Story,VIDEO,11.3.2026 16:35:12,,,,,,,
@univerzitnihokej,instagram,1e114592-3529-4cfe-9977-2598454053af,f8ac0317-0ab5-4956-90ea-0a161bf2c4c4,IG Post,IMAGE,18.3.2026 22:09:37,"Dnes bodovaly týmy hostujících, Engineers si pak obhájili druhý bod v prodloužení. ✌🏼",https://www.instagram.com/p/DWCsJhFCGbO/,,4202,92,,2
vsefalcons,instagram,709fceba-e311-48e7-9057-f54a587abf4a,2ba0b232-e849-4b33-9330-5807c4bc8ead,IG Story,VIDEO,12.3.2026 15:55:07,,https://www.instagram.com/stories/vsefalcons/3851302428813610334,1459,1290,,,3
vsefalcons,instagram,709fceba-e311-48e7-9057-f54a587abf4a,73b75456-95c8-448a-9c67-2761fefccf73,IG Story,IMAGE,24.2.2026 20:24:03,0 3,https://www.instagram.com/stories/vsefalcons/3839840208376313118,669,937,,,8
@united_hk,instagram,b18c071b-0570-48b2-b743-990c668c3c5b,b61f2bc2-1429-40ac-8d64-56a4214d8c11,IG Reel,VIDEO,16.8.2026 8:05:41,"Návštěva až z @mountfieldhk 🏒🥅🦁

#ironmanczechrepublic #mountfieldhk #unitedhk",https://www.instagram.com/reel/DcF_NzBoyZJ/,,5656,110,,2
@riderspardubice,instagram,4d6a67ab-9313-4f77-a82e-abb18adbca5d,d686284a-698c-4fac-9b7d-802b1925951f,IG Reel,VIDEO,5.9.2026 10:01:19,"Pokud máš 8.9. čas, tak přijď na 5. ročník benefičního festivalu pro @farma_u_veselyho_psa a podpoř dobrou věc!🐶

U nás si můžeš zastřílet na branku a pokecat s našimi hráči!🔥 

Budeme se těšit!❤️",https://www.instagram.com/reel/Dc5sT-wRqnn/,,7538,147,3,43
vsefalcons,instagram,709fceba-e311-48e7-9057-f54a587abf4a,503d76d6-67be-4a23-969a-46fd2cceca11,IG Story,VIDEO,2.4.2026 8:54:17,🤫,https://www.instagram.com/stories/vsefalcons/3866309741924331828,1039,1242,,,4
@univerzitnihokej,instagram,1e114592-3529-4cfe-9977-2598454053af,ecd12d86-9175-42da-b879-0fdbecdbcf65,IG Post,IMAGE,27.3.2026 16:54:44,"A letošní sezóna definitivně skončila také pro brněnské medvědy z @hc_muni , kteří nedosáhli na play-in 💔

Děkujeme, i na vás se budeme těšit zase na podzim! 🤗",https://www.instagram.com/p/DWZTRFeCNMB/,,4030,143,,2
@AkademiciPlzen,facebook,d87b94e3-03e8-45d0-b92e-75e9b819545c,55586987-75e0-4a58-9b71-17a9886cafab,FB Video,VIDEO,3.9.2026 10:57:45,"TRYOUT očima hráčů: Očekávání vs. realita 😆

Na tryoutu a na začátku přípravy jsme měli možnost vidět celkem 47 hráčů. 👏🏻Během zápasu oba dny byla na ledě znát pořádná dávka nervozity – každý chtěl ukázat to nejlepší a vybojovat si místo v týmu. 🔥

O tom, kdo se do týmu nakonec probojoval, už trenéři rozhodli… a vy se to dozvíte už brzy. 😎⏳

#akademiciplzen",https://www.facebook.com/reel/1591831049075964/,725,258,1,,
@hc_muni,instagram,43cd62c8-609d-4ea6-8ce9-cae5242ede0c,d66e9320-50f3-49ed-a417-d89a265fe3e0,IG Post,IMAGE,19.3.2026 11:41:49,"COLD mode ON🔥, tím se řídí náš @_novas_44_ 
8 gólů, 4 asistence, 6 zápasů⚔️
Nejmladší hráč @univerzitnihokej a nejlepší střelec MUNI🏒

#hcmuni",https://www.instagram.com/p/DWEIkVXiE6_/,,4194,109,1,1
@bitvaoprahu,instagram,d7c8aa06-74fb-4c6c-a7d2-c2fe1bf6d59c,300541cd-a59e-4738-aab1-f3f7acd5d499,IG Post,IMAGE,12.3.2026 6:05:54,Rise and shine… IT’S BITVA DAY 🥳🤩,https://www.instagram.com/p/DVxg8M-jMCI/,,35565,477,4,84
@riderspardubice,instagram,4d6a67ab-9313-4f77-a82e-abb18adbca5d,73611911-fbd7-4dbd-8dc9-28ff4cf1ffbe,IG Post,IMAGE,17.4.2026 7:52:39,"Pardubáci jedeme do Prahyyyy! 🥁
Po druheee! 😂

Sejdeme se před druhou hodinou na Pardubice hl. n. a ve 14:00 vyrazíme směr zimní stadion Eden! 

Však to znáte, stejně jako včera!",https://www.instagram.com/p/DXOZzrqjJCf/,,3680,106,1,7
@riderspardubice,facebook,f99ed6c3-17cc-46f4-a32e-d9b0576ce2df,8b46845a-e69f-4388-90cd-08cbbed7a5cf,FB Post,IMAGE,26.3.2026 8:31:30,"Čeká nás PLAY-IIIIN! 💣

V pondělí jsme uzavřeli základní část a jdeme do play-in! Kdo se za námi staví v Ostravě!

🙌 A pojďme se taky ještě rychle vysvětlit, jak funguje play-in: 

👉 Týmy na 3.–10. místě nastoupí do semifinále play-in, odkud vítězové postupují do finále play-in. Týmy na 1.–2. místě jdou rovnou do finále play-in, kde se bojuje o přímý postup. 👀 Vše se hraje na jeden zápas.

👉 Dva lépe nasazené týmy, které prohrají ve finále play-in, dostanou ještě jednu šanci v tzv. lucky loser zápase o poslední postupové místo.

👉 4 nejlepší týmy se následně utkají na @unihokejfinalfour 16.–17. dubna v pražském Edenu.",https://www.facebook.com/1592662819534019/posts/1587293630070938,530,,3,,
vsefalcons,instagram,709fceba-e311-48e7-9057-f54a587abf4a,e02889c9-ee5e-466c-817b-51615b79384c,IG Story,VIDEO,8.2.2026 16:21:34,📍 vlaštovky doletěly 🦅,https://www.instagram.com/stories/vsefalcons/3828121772126389657,,1021,,,3
@unitedhk,facebook,bfe6cc29-a387-41b9-9bca-b077722556af,25f62ae9-f452-43d1-9522-d1b5d78724df,FB Story,IMAGE,6.9.2026 15:59:21,,https://facebook.com/stories/122099775710388974/UzpfSVNDOjIyNTc4MzQyMzgzODUzODg=/?view_single=1,,,,,
@akademiciplzen,instagram,65494228-95bf-4f7b-8e68-d47d7262db66,5148995f-abd5-44da-be20-9e8cda721675,IG Reel,VIDEO,5.3.2026 20:38:40,"Zařvat si a zatancovat, to prostě k sladké výhře patří! 😝🏆

#akademiciplzen 💙",https://www.instagram.com/reel/DVhDULkDFil/,,12986,399,,11
@riderspardubice,instagram,4d6a67ab-9313-4f77-a82e-abb18adbca5d,8388606e-9c87-48ca-9e2f-b2d2c324ee1a,IG Story,IMAGE,12.4.2026 11:03:02,@tipsportcz,https://www.instagram.com/stories/riderspardubice/3873622288835045361,,1303,,,
@univerzitnihokej,facebook,01b45180-0b14-4a14-96e8-d0a4bab1fb9f,8a471db9-2a6a-4ae4-bf22-f282d4cdddf4,FB Video,VIDEO,12.3.2026 15:20:48,My jsme ready 👀 a co vy?,https://www.facebook.com/reel/1237087931735468/,1310,395,6,,
vsefalcons,instagram,709fceba-e311-48e7-9057-f54a587abf4a,a697e5e8-b58a-44af-91ff-bb8cbca849c5,IG Story,VIDEO,11.3.2026 7:16:45,,https://www.instagram.com/stories/vsefalcons/3850315583741019082,763,1054,,,7
vsefalcons,instagram,709fceba-e311-48e7-9057-f54a587abf4a,1586d9cf-5d1e-4a20-a08a-a9dc05be78f7,IG Post,IMAGE,11.6.2026 17:08:22,"Představujeme vám exkluzivní Falcons nominaci na letošní Fifa World Cup ⚽️🏆

Který z našich kluků má podle tebe největší šanci na Zlatý míč? Hlasuj v komentářích! 👇

#vsefalcons #fifaworldcup",https://www.instagram.com/p/DZdBPcEiJSh/,,5948,163,,107