account_name,social_network_id,carl_account_id,carl_post_id,post_type,media_url_type,published,caption,permalink,impressions,views,likes,comments,shares
@riderspardubice,instagram,4d6a67ab-9313-4f77-a82e-abb18adbca5d,0d8fa4b4-d0a3-4b04-b40d-ec6f4829c733,IG Story,VIDEO,21.9.2026 17:46:44,@pivoproud  zásobuje fanoušky 🤝🏻,https://www.instagram.com/stories/riderspardubice/3991239172316793270,,1428,,,14
@riderspardubice,instagram,4d6a67ab-9313-4f77-a82e-abb18adbca5d,ba61b1fa-0779-4ee6-86cc-fc06a80247fc,IG Story,IMAGE,17.4.2026 13:34:34,@tipsport_cz,https://www.instagram.com/stories/riderspardubice/3877322442461199422,,1107,,,
@engineersprague,facebook,afd06d1d-7b1c-4f66-8d93-ce4255ab773c,c0a961dd-9ccc-4664-892a-aaad6bc0d4c9,FB Story,VIDEO,4.8.2026 19:15:04,,,,,,,
@hcmuni,facebook,d1f9e9f9-7526-42d4-85aa-13f91e89f7cf,d14b454c-d2ae-4c35-9c29-8c9d3f5cabbf,FB Video,VIDEO,30.8.2026 21:15:52,"Střípky z dnešního přípravného utkání proti @vutcavaliersbrno 🔥 Parádní nájezd, hodně radosti, gólových oslav, nových střelců a hlavně první výhra! 🍀
Nezastavujeme a makáme dál 💪🏻#desetfakultjednarodina #hcmuni",https://www.facebook.com/reel/1583186620487747/,2489,1294,10,,
@univerzitnihokej,instagram,1e114592-3529-4cfe-9977-2598454053af,eee3bf4f-6451-4e75-a837-6cf244051737,IG Reel,VIDEO,12.3.2026 18:03:03,Za takovou střelou by se nestyděli ani naši hráči! 🤯 @csobcz cash on ice 💸,https://www.instagram.com/reel/DVyzCcBCNu2/,,7746,106,,12
@akademiciplzen,instagram,65494228-95bf-4f7b-8e68-d47d7262db66,fcd809b5-ea07-4d99-bb86-3de5fd07916e,IG Reel,VIDEO,21.3.2026 17:16:10,"Šampóny od @garnier_czsk dělají po tréninku ve sprchách vyloženě zázraky. 🤯✨

#garnierfructis #cistahlava #cistahra #ad",https://www.instagram.com/reel/DWJ37CuDHm0/,,10618,260,1,68
@cvutengineers,instagram,11963a07-7f0f-48e6-9d81-aa63a7ff4a04,ff94c2e0-a07e-4fe1-bfd5-3363796914b4,IG Reel,VIDEO,17.4.2026 6:48:23,"🚨 FINÁLE FINAL FOUR JE TADY!

 Na tento moment jsme dlouho čekali. Teď je čas jít do boje o titul mistra ULLH. Na ledě necháme všechno. 🙏🏻

Dnes od 20:15 ukážeme, v kom bije skutečné srdce lva. 🦁",https://www.instagram.com/reel/DXOSBGhDImv/,,8383,124,,16
vsefalcons,instagram,709fceba-e311-48e7-9057-f54a587abf4a,3f67c19e-9fd0-4d0a-b87e-c6aa47cf00cb,IG Story,IMAGE,31.12.2025 11:13:13,🦅,https://www.instagram.com/stories/vsefalcons/3799700340442953410,,831,,,
vsefalcons,instagram,709fceba-e311-48e7-9057-f54a587abf4a,58715e38-133e-4f92-ab41-40648660ec73,IG Story,IMAGE,22.1.2026 8:17:14,,https://www.instagram.com/stories/vsefalcons/3815556816210295056,,1086,,,
@boostrava,instagram,1176ddaf-d366-48a2-9639-3c6694c72c85,5eec7f68-de7d-46d6-b669-1224adefe28c,IG Post,IMAGE,28.9.2026 20:06:07,"Bereme bod! 🏒

Dnešní utkání dospělo až k samostatným nájezdům, kde byli úspěšnější domácí 🙁",https://www.instagram.com/p/Dd1_1iasgxY/,,1763,40,,2
@united_hk,instagram,b18c071b-0570-48b2-b743-990c668c3c5b,6c481651-ade1-4a23-b7a0-d79dbd166b71,IG Story,VIDEO,19.9.2026 17:36:33,,https://www.instagram.com/stories/united_hk/3989784484509144613,,382,,,
@boostrava,instagram,1176ddaf-d366-48a2-9639-3c6694c72c85,6d633a97-c6a0-4b33-9e56-8f5c533fd9fc,IG Story,VIDEO,22.9.2026 17:16:48,,https://www.instagram.com/stories/boostrava/3991948857067716361,,358,,,
vsefalcons,instagram,709fceba-e311-48e7-9057-f54a587abf4a,7685c8fe-230f-42bb-98ed-f61fa9d8f5d8,IG Story,VIDEO,26.1.2026 18:37:38,3. TŘETINA začíná,https://www.instagram.com/stories/vsefalcons/3818768175420954767,,852,,,
@unitedhk,facebook,bfe6cc29-a387-41b9-9bca-b077722556af,776d335d-a815-453f-9eef-bdfec929c54a,FB Video,VIDEO,24.9.2026 16:10:25,"Pivní štafetu převzali holky a nezklamali!🍻👯‍♀️

#unitedhk #unihokej #hradeckralove #uhk #pivnistafeta",https://www.facebook.com/reel/945581098609648/,186,84,1,,
@akademiciplzen,instagram,65494228-95bf-4f7b-8e68-d47d7262db66,7da6008d-84b0-4424-84ca-5ca36c0f3d66,IG Story,VIDEO,27.8.2026 19:22:13,🙌🏻 JE TO NAŠE!,https://www.instagram.com/stories/akademiciplzen/3973167844837591456,,674,,,1
vsefalcons,instagram,709fceba-e311-48e7-9057-f54a587abf4a,7e36fb4d-30db-4fd4-87b0-dc994f13d342,IG Story,VIDEO,11.3.2026 18:44:33,JE TO VENKU!,https://www.instagram.com/stories/vsefalcons/3850661758843238298,1224,656,,,
vsefalcons,instagram,709fceba-e311-48e7-9057-f54a587abf4a,87e5256f-8a42-4d46-8997-a0d61c666116,IG Story,IMAGE,8.2.2026 17:51:06,"1 3 David
Drábek
Novák",https://www.instagram.com/stories/vsefalcons/3828166811108006272,,851,,,1
@riderspardubice,instagram,4d6a67ab-9313-4f77-a82e-abb18adbca5d,b431c85c-1566-411c-8277-8a6e18ae6994,IG Post,IMAGE,10.3.2026 7:42:24,"Vstupenky na Last dance Dominika Kopeckého a Daniela Skrypa nyní jen za 50,- 😎",https://www.instagram.com/p/DVsia6qDCV4/,,2119,37,,7
vsefalcons,instagram,709fceba-e311-48e7-9057-f54a587abf4a,b79ed296-d813-43be-955e-cbfeefd6e878,IG Story,VIDEO,14.3.2026 15:42:54,KDO BUDE DNEŠNÍ JEDNIČKA ? ?,https://www.instagram.com/stories/vsefalcons/3852744688277130276,770,755,,1,
@bitvaoprahu,instagram,d7c8aa06-74fb-4c6c-a7d2-c2fe1bf6d59c,e97f5792-db0b-4f2c-afa4-1922187b0fb4,IG Post,IMAGE,12.3.2026 21:10:13,"🇨🇿 Dvojnásobný medailista z olympijských her v Miláně je mezi námi! 🤩🙏🏼

Tím není nikdo jiný než Metoděj Jílek! 🎩 #bitvaoprahu",https://www.instagram.com/p/DVzIlMODutd/,,213461,10746,1,330
vsefalcons,instagram,709fceba-e311-48e7-9057-f54a587abf4a,197ab564-7377-41c3-9383-2fab05b41a87,IG Reel,VIDEO,17.2.2026 21:16:41,"CTRL C + CTRL V

Michal Daniel otočil zápas 5 minut před koncem, během 40 vteřin 😮‍💨",https://www.instagram.com/reel/DU36s85CBlp/,,10585,199,,5
vsefalcons,instagram,709fceba-e311-48e7-9057-f54a587abf4a,32c3e9b2-9390-42f7-9b1f-f7fd22c5e354,IG Story,VIDEO,10.2.2026 19:18:21,"Proč nejsi jinde
aspoň o pár cenťásků 🤏🏻",https://www.instagram.com/stories/vsefalcons/3829660293760859840,627,952,,,1
vsefalcons,instagram,709fceba-e311-48e7-9057-f54a587abf4a,510ba4b3-b6c4-4c03-9622-06f7d9ec42ac,IG Story,VIDEO,31.5.2026 10:10:18,,https://www.instagram.com/stories/vsefalcons/3909109634166197652,,741,,,4
@unitedhk,facebook,bfe6cc29-a387-41b9-9bca-b077722556af,a446c16c-7591-41e9-9d53-c62749ef11a0,FB Story,IMAGE,6.9.2026 16:00:01,,https://facebook.com/stories/122099775710388974/UzpfSVNDOjEwNTEzMzIxNTc2NjE5NjI=/?view_single=1,,,,,
vsefalcons,instagram,709fceba-e311-48e7-9057-f54a587abf4a,e4920d73-ddd0-4c3f-82a7-2fd79f939c8b,IG Story,VIDEO,2.10.2026 18:23:37,PÁTKY ani nezastavujem 🔥,https://www.instagram.com/stories/vsefalcons/3999230285882911500,,963,,,3
@cvutengineers,instagram,11963a07-7f0f-48e6-9d81-aa63a7ff4a04,f8970262-4f31-45fc-baed-355b55db4f3d,IG Story,VIDEO,1.4.2026 8:40:02,🔥 🔥,https://www.instagram.com/stories/cvutengineers/3865577783280049146,,76,,,
@hcmuni,facebook,d1f9e9f9-7526-42d4-85aa-13f91e89f7cf,0b361bce-15b3-4b67-ad5d-4723a07b1383,FB Post,IMAGE,25.8.2026 9:20:15,"První ostrý test je tady ⚡️
Zápasové tempo si vyzkoušíme proti druholigovému Prostějovu! Jak si Medvědi pod vedením nového kouče a s obměněným kádrem povedou? 🐻",https://www.facebook.com/1581741777288398/posts/1717974460331795,790,,6,,
@univerzitnihokej,instagram,1e114592-3529-4cfe-9977-2598454053af,2db1584a-caa6-431f-95f4-0687441041af,IG Post,IMAGE,6.3.2026 8:57:44,@zlatak30 se inspiroval v NCAA. 🫨 Tohle jsme nedávno viděli u @michael_hrabal v UMass.,https://www.instagram.com/p/DViX-_GiI_2/,,26008,556,1,19
@united_hk,instagram,b18c071b-0570-48b2-b743-990c668c3c5b,40f64ffc-450a-4955-9c10-46a8e7715f4a,IG Reel,VIDEO,14.3.2026 10:30:02,"Včera jsme to dali na velkém plátně 🎬🏒

Heated Rivalry maraton v CineStaru.
Děkujeme @hbomaxczsk 

#unitedhk #cinestar #heatedrivalry #hbomax",https://www.instagram.com/reel/DV3IdJICKlD/,,78567,6345,44,2348
vsefalcons,instagram,709fceba-e311-48e7-9057-f54a587abf4a,69303f8b-4cf9-4c85-b7a4-6f9b4846eab4,IG Post,IMAGE,25.1.2026 17:56:18,"Zkouškové je (skoro) za námi, je čas vrátit se na zimák! 🤓 V prvním domácím zápase tohoto roku se utkáme s @hcnorthwings 🦅 

Hlavním partnerem zápasu je @mosteckamontazni 🤝🏽 

Už nám chybíte, tak se za námi zastavte! 🥹💙",https://www.instagram.com/p/DT8V0obiKQL/,,6168,63,,28
@univerzitnihokej,facebook,01b45180-0b14-4a14-96e8-d0a4bab1fb9f,6ac9dd37-cebf-40ef-a071-365c6e3576e2,FB Post,IMAGE,22.9.2026 16:32:10,"Nejzábavnější hokej v Česku míří na Oneplay Sport 🔥

Čeká na vás 2️⃣8️⃣ TOP zápasů s redakčním týmem Oneplay Sport za kamerou. Uzavřeli jsme několikaletou smlouvu a věříme, že přeneseme atmosféru našich vyprodaných hal přímo do vašeho obýváku!",https://www.facebook.com/1275398168115026/posts/1421968193458022,2295,,24,,
@univerzitnihokej,instagram,1e114592-3529-4cfe-9977-2598454053af,b6500821-e8c9-4534-8740-3e4bfcfa6e80,IG Post,IMAGE,23.3.2026 21:45:40,"Black Dogs vystrčili růžky a seřezali krále tabulky 🫣 východní Čechy patří Hradci, připisují si 4. výhru proti Riders 💪🏼",https://www.instagram.com/p/DWPhYejDC76/,,8810,182,,42
@univerzitnihokej,instagram,1e114592-3529-4cfe-9977-2598454053af,da6a9cc2-b138-4afc-b8b3-f1c2912aa0ba,IG Reel,VIDEO,22.4.2026 15:02:35,Zapsat se takové legendě do paměti je pro nás obrovská čest 💙  Děkujeme za krásná slova @helenavondrackovacz 🙏🏻 Celý díl na herohero.co/cestmir 🎥,https://www.instagram.com/reel/DXcCJo7CJ58/,,85904,2589,16,300
vsefalcons,instagram,709fceba-e311-48e7-9057-f54a587abf4a,f9343e37-9def-4666-a3fb-f09b99e3094c,IG Story,VIDEO,24.8.2026 15:29:58,👔 😎 a buď cool jako filip,https://www.instagram.com/stories/vsefalcons/3970876591429256830,,776,,,14
@riderspardubice,facebook,f99ed6c3-17cc-46f4-a32e-d9b0576ce2df,f9931061-d7ad-40a6-9552-30065b15750d,FB Post,IMAGE,9.3.2026 22:24:20,"Poslední zápas v dresu Riders pro @dominikkopecky_99 a @daniel.skryp! 🔥

Přijď kluky podpořit a rozloučit se s nimi na zápas proti @united_hk! 

Prvních 50 vstupenek za 50 Kč už teď přes odkaz v BIU!",https://www.facebook.com/1592662819534019/posts/1572162808250687,901,,8,,
@univerzitnihokej,instagram,1e114592-3529-4cfe-9977-2598454053af,360888b4-3ae1-47e3-bd54-9522f0da5712,IG Post,IMAGE,21.9.2026 20:29:03,"První výhry sezony si připisují Riders a Ostrava 👀

Riders byli pro Black Dogs osudní už v play-in minulé sezony, a ani tentokrát jim nedali šanci. Ostrava to dnes měla o něco napínavější, rozhodli až v nájezdech. 🫡",https://www.instagram.com/p/DdkBSeokeJ-/,,8840,268,,46
@riderspardubice,instagram,4d6a67ab-9313-4f77-a82e-abb18adbca5d,37719f24-343d-49ca-854d-16f8f3354afb,IG Story,IMAGE,28.9.2026 9:09:46,,https://www.instagram.com/stories/riderspardubice/3996052380810597458,,1127,,,11
@engineersprague,facebook,afd06d1d-7b1c-4f66-8d93-ce4255ab773c,4495d929-8dfa-442d-9b1a-485da6c75484,FB Story,VIDEO,4.3.2026 19:17:37,,,,,,,
@hcnorthwings,facebook,2b08a479-603b-46e4-8a48-2bc0435ccd53,af26b591-496b-4dd4-bdca-671f27e110f8,FB Story,VIDEO,4.3.2026 16:16:37,,,,,,,
vsefalcons,instagram,709fceba-e311-48e7-9057-f54a587abf4a,b5314a42-3b47-4c55-91dd-7a4fbdf998ad,IG Story,VIDEO,26.2.2026 20:55:05,za občerstvení děkujeme @kauflandcesko 🍿,https://www.instagram.com/stories/vsefalcons/3841305406261983803,983,1317,,,50
vsefalcons,instagram,709fceba-e311-48e7-9057-f54a587abf4a,bd636c4e-b803-4fad-894d-37333cb86254,IG Story,VIDEO,2.2.2026 17:15:52,"nedočkavec 6 minut
před tréninkem 🥹",https://www.instagram.com/stories/vsefalcons/3823800453092372016,,1223,,,2
vsefalcons,instagram,709fceba-e311-48e7-9057-f54a587abf4a,f3e6fbe7-e6b2-45aa-8ceb-8161a6480c7a,IG Post,IMAGE,8.2.2026 21:00:44,"@bitvaoprahu nanečisto pro nás skončila vítězně, ta pravá nás ale teprve čeká 🔥

Nejlevnější lístky můžeš koupit do pátku na bitvaoprahu.cz 🎟️",https://www.instagram.com/p/DUgtJbOiLid/,,2270,100,1,1
@univerzitnihokej,facebook,01b45180-0b14-4a14-96e8-d0a4bab1fb9f,12fe15d6-3e54-4b4d-b632-839a16f34875,FB Video,VIDEO,12.3.2026 22:11:27,"Myslíte si, že by byl @metodej_jilek dobrej v hokeji? 👇🏻👀",https://www.facebook.com/reel/956471700139737/,507,217,3,,
@univerzitnihokej,instagram,1e114592-3529-4cfe-9977-2598454053af,578b5b5c-c19b-48bb-9bff-2d3234f6e035,IG Post,IMAGE,8.4.2026 21:45:54,"Co zápas, to kino! 🍿 Známe tři účastníky historicky prvního Final Four 🥵

Falcons ovládli výlet v Budějcích, Kings si vyzkoušeli Eden nanečisto a Engineers urvali výhru po dramatických samostatných nájezdech 🔥",https://www.instagram.com/p/DW4uIJVCOqS/,,5889,262,,9
@cvutengineers,instagram,11963a07-7f0f-48e6-9d81-aa63a7ff4a04,6c8ce250-dc5f-48e6-836e-5ff566365a9a,IG Story,VIDEO,8.4.2026 18:41:29,,https://www.instagram.com/stories/cvutengineers/3870953940578002604,,1743,,,2
@vutcavaliersbrno,instagram,b384bebf-72f3-4f9d-8b2d-3677709f6966,77b380e4-6f3a-4a09-884f-28093c926362,IG Story,IMAGE,13.9.2026 17:26:48,🥅🥅🥅 utkání zakončil @_lukas.plhal_ s třetím gólem,https://www.instagram.com/stories/vutcavaliersbrno/3985430963227776468,,604,,,
@cvutengineers,instagram,11963a07-7f0f-48e6-9d81-aa63a7ff4a04,c2f8db5a-19dd-4cf2-b7b7-8327fd610757,IG Story,VIDEO,30.9.2026 23:16:08,UKRADLI JSME SHOW NA  @vitejte_na_cvut,https://www.instagram.com/stories/cvutengineers/3997927960933581731,,190,,,1
@riderspardubice,facebook,f99ed6c3-17cc-46f4-a32e-d9b0576ce2df,ffb7ff8c-0763-4c95-bc18-48ba4e21f8fe,FB Video,VIDEO,31.8.2026 8:27:31,,https://www.facebook.com/reel/964935999340206/,499,125,3,,
@united_hk,tiktok,7e062517-b9da-416d-b73d-a2c5899a2be6,3af36916-6bc9-4efa-bfc7-6e4d3684de32,TT Video,VIDEO,2.10.2026 13:22:37,"Styling Challenge přímo v ČPP aréně. ✂️ Barber a kadeřník Viktor Borčický se na Otvíráku postaral o jednu z těch soutěží, které na běžném hokeji úplně nepotkáš. Díky Viktore za podporu UNIted HK a za to, že jsi byl u našeho prvního domácího večera sezóny. 🖤🧡 #allforunited ",https://www.tiktok.com/@united_hk/video/7692060287310105878?utm_campaign=tt4d_open_api&utm_source=7348986504397455361,,361,5,,1
@boostrava,instagram,1176ddaf-d366-48a2-9639-3c6694c72c85,4ca6fc8f-c1c7-4fd7-8634-5e8dc6a4a088,IG Story,VIDEO,14.9.2026 16:51:46,,https://www.instagram.com/stories/boostrava/3986138052552357663,,323,,,2
@univerzitnihokej,facebook,01b45180-0b14-4a14-96e8-d0a4bab1fb9f,b79a1970-8f55-4f15-b882-a3db2322c6be,FB Post,IMAGE,2.3.2026 8:16:51,"Program na tento týden? Opravdu nabitý 🔋
Kromě mnoho zajímavých utkání se ve středu podíváme na TOP zápas do 📍Plzně",https://www.facebook.com/1275398168115026/posts/1251978200457023,343,,2,,
@vutcavaliersbrno,instagram,b384bebf-72f3-4f9d-8b2d-3677709f6966,ba48ccee-46ca-492c-9e06-4d5be8b78b95,IG Story,VIDEO,14.9.2026 11:04:22,,https://www.instagram.com/stories/vutcavaliersbrno/3985963197856797774,,739,,,2
@unitedhk,facebook,bfe6cc29-a387-41b9-9bca-b077722556af,e4f8be99-511e-4894-bdce-764ca07da32a,FB Story,VIDEO,28.9.2026 16:20:00,,https://facebook.com/stories/122099775710388974/UzpfSVNDOjEzODM0NjY1MjcyODEwNzQ=/?view_single=1,,,,,
@hcmuni,facebook,d1f9e9f9-7526-42d4-85aa-13f91e89f7cf,07f96ee5-98b6-4817-89cc-e32d6a8f4caf,FB Video,VIDEO,6.3.2026 18:11:46,"Mrkněte na první gól @filas_vasek v @univerzitnihokej !!!🔥🏒💙

#hcmuni",https://www.facebook.com/reel/2098455937670864/,2437,1296,14,,
@akademiciplzen,instagram,65494228-95bf-4f7b-8e68-d47d7262db66,0ee7d4d6-191b-4fe2-9174-b70dc2dc36a3,IG Story,VIDEO,10.9.2026 19:21:21,@benisek_jiri 📸 🫳🏻,https://www.instagram.com/stories/akademiciplzen/3983314241553443207,,993,,,1
@vutcavaliersbrno,instagram,b384bebf-72f3-4f9d-8b2d-3677709f6966,2cff528f-2ef0-43f7-9501-2cb922c0e356,IG Reel,VIDEO,30.9.2026 7:17:35,"Včerejší výjezd do Plzně je za námi! 🏒 
S Akademiky jsme sehráli vyrovnaný zápas, s konečným stavem 4:3. 
Pojď se podívat, jak náš den v Plzni vypadal.🥰",https://www.instagram.com/reel/Dd5xYGro53T/,,2799,85,,9
@engineersprague,facebook,afd06d1d-7b1c-4f66-8d93-ce4255ab773c,51caebad-14a8-432e-b49f-36001277a2e6,FB Video,VIDEO,21.9.2026 12:51:28,"Nějak se nám poslední dobou rozrůstá fanouškovská základna…👀😆
Zitra čekáme na Hvězdě i tebe! 🦁",https://www.facebook.com/reel/1092252809853339/,1740,881,13,,
@AkademiciPlzen,facebook,d87b94e3-03e8-45d0-b92e-75e9b819545c,b0637772-20a4-4bf4-bf65-4a79d2e0870b,FB Video,VIDEO,28.9.2026 9:21:59,"Nejen hokej, ale celý studentský život v jedné aplikaci. 🏒📲

S UniLife máš na jednom místě vstupenky, studentské akce ve městě, výhody a slevy u partnerů i přehled toho, co se právě děje. 👀

A jak to funguje? Mrkni na video! 👆

🏒 Vstupenky na hokej koupíš přímo v aplikaci a nemusíš pak hledat PDF v e-mailu.
🎉 Studentské akce najdeš přehledně na jednom místě.
🎁 Výhody a slevy můžeš využívat přímo přes aplikaci.
💳 ČSOB klienti si po ověření účtu mohou odemknout exkluzivní výhody — třeba 20% slevu na naše vstupenky.

A co z toho máš už zítra? 👀

Stáhni si UniLife, kup si přes ni vstupenku na Alumni Game, využij 20% slevu a pokud dorazíš mezi prvními 100 fanoušky, Proud máš od nás zdarma! 🍻🏒

👉 UniLife najdeš v App Store i Google Play.

#akademiciplzen 💙",https://www.facebook.com/reel/1660395975417933/,490,145,3,,
@bitvaoprahu,instagram,d7c8aa06-74fb-4c6c-a7d2-c2fe1bf6d59c,d2e7c461-ebeb-4a65-afe5-3777022061d4,IG Post,IMAGE,12.3.2026 15:46:14,"FIRST GAME COMIN’! ⏳🔜

Bitva o bronz: Kdo dnes urve malé pražské derby? 🔥",https://www.instagram.com/p/DVyjgSGjCYr/,,20817,187,1,11
@united_hk,instagram,b18c071b-0570-48b2-b743-990c668c3c5b,dc14bcaf-ff9c-4f30-9891-af90772e940e,IG Story,IMAGE,10.8.2026 18:51:57,pozitivně do  3. třetiny,https://www.instagram.com/stories/united_hk/3960831547921680659,,917,,,2
@AkademiciPlzen,facebook,d87b94e3-03e8-45d0-b92e-75e9b819545c,18ffac87-4580-42cc-abe6-98b6227b961e,FB Story,IMAGE,29.9.2026 22:13:01,,https://facebook.com/stories/103234241824606/UzpfSVNDOjExMjQ0OTU5NzY5MDU5ODc=/?view_single=1,,,,,
@united_hk,instagram,b18c071b-0570-48b2-b743-990c668c3c5b,8869340a-5378-4953-9fd1-80befbed1ca4,IG Reel,VIDEO,2.10.2026 11:10:36,"Postavit pyramidu z matchy zní jednoduše. Dokud nezačne běžet čas. 😄

Amity Drinks byly součástí Otvíráku už před arénou a během večera přišla na řadu i Matcha Pyramida Challenge.

Díky Amity za podporu UNIted HK a za společný start sezóny. 🖤🧡

#allforunited",https://www.instagram.com/reel/Dd_WEF3opiM/,,2394,41,1,2
@riderspardubice,instagram,4d6a67ab-9313-4f77-a82e-abb18adbca5d,ac9c97b4-7836-4b95-9957-fa87854d3d13,IG Story,VIDEO,2.9.2026 18:39:32,,https://www.instagram.com/stories/riderspardubice/3977494987789128666,,795,,,1
@cvutengineers,instagram,11963a07-7f0f-48e6-9d81-aa63a7ff4a04,d0876eb8-b16a-4b8e-b399-e0ba1dd5ba16,IG Post,IMAGE,17.4.2026 8:42:20,"Ještě něco málo ze včerejší vítězný radosti 🥳
Dneska je cíl jasnej!

20:15 | ZIMNÍ STADION EDEN | UK vs ENG 
Chceme tě tam vidět! 🫵🏼

📸: @ondra_mann",https://www.instagram.com/p/DXOfnBwDLcj/,,8634,278,1,11
@united_hk,instagram,b18c071b-0570-48b2-b743-990c668c3c5b,07557945-7558-4d99-a756-243aeb5397d4,IG Post,IMAGE,6.9.2026 8:08:55,"DNES HRAJEME.

Další přípravný zápas před startem sezóny. Tentokrát proti UK Kings.

🏒 UK Kings × UNIted HK
🕠 17:30 rozbruslení
🕠 17:45 začátek utkání",https://www.instagram.com/p/Dc8Ep9TI9B2/,,3174,56,3,7
@univerzitnihokej,facebook,01b45180-0b14-4a14-96e8-d0a4bab1fb9f,37f4a432-d424-4c8a-aa98-973bd06d88bf,FB Video,VIDEO,11.3.2026 18:32:26,MORAVSKÉ DERBY ⚔️ Sledujte živě na @ctsport 📺,https://www.facebook.com/reel/920877407214740/,1503,502,5,,
@cvutengineers,instagram,11963a07-7f0f-48e6-9d81-aa63a7ff4a04,85f69cd9-a343-4cde-96a3-1751dfc4dee0,IG Post,IMAGE,22.7.2026 9:54:37,"Nejen že jsou vtipný, hezký a šikovný… jsou i chytrý! 🤓

Gratulujeme všem ke studijním úspěchům. Ať už vás po létě čeká navazující studium, nebo nová životní etapa, přejeme hodně štěstí. 💙🦁

#engprg",https://www.instagram.com/p/DbF0MZKjNQn/,,53802,1152,7,87
@VUTCavaliersBrno,facebook,3351b43e-4b71-442b-b2f1-920cd6e57ee5,8e3331a6-cf0c-481b-90ee-0566e85c915c,FB Story,IMAGE,23.9.2026 20:10:22,,https://facebook.com/stories/100667195401737/UzpfSVNDOjMzNjA3OTc3NzQwOTI4NjU=/?view_single=1,,,,,
vsefalcons,instagram,709fceba-e311-48e7-9057-f54a587abf4a,a7b2fb30-35d2-4f88-adb0-909e391479d8,IG Story,VIDEO,20.8.2026 9:05:54,,https://www.instagram.com/stories/vsefalcons/3967784181161271309,,1287,,,14
@AkademiciPlzen,facebook,d87b94e3-03e8-45d0-b92e-75e9b819545c,06974fdb-b7b9-4e89-8350-3ce39f25af32,FB Post,IMAGE,18.3.2026 22:22:55,"3 VÝHRY V ŘADĚ! 👊🏻

Z Brna vezeme výhru 1:4 a držíme si tak 4. místo v tabulce. 🍫 Hráčem zápasu se stává Jíří Beníšek. 👑

Jsme READY na poslední domácí zápas základní části! Přijď nás 25. 3. podpořit a pojďme to společně uzavřít vítězně! 💙

#akademiciplzen",https://www.facebook.com/1357105236437494/posts/1345811964233488,6675,,57,,
vsefalcons,instagram,709fceba-e311-48e7-9057-f54a587abf4a,2c088016-988e-4817-ab16-d55c0773b309,IG Story,VIDEO,9.4.2026 7:57:55,už za týden míříme do Edenu 🔜,https://www.instagram.com/stories/vsefalcons/3871354877611931778,752,832,,,1
@univerzitnihokej,instagram,1e114592-3529-4cfe-9977-2598454053af,58bf8637-7be8-4d01-bd65-c8fc495e8415,IG Post,IMAGE,12.3.2026 21:52:31,Tak tuto výhru ti bude závidět celkej kotel! 🍗,https://www.instagram.com/p/DVzNPXLCPM0/,,3866,68,,10
@hcnorthwings,facebook,2b08a479-603b-46e4-8a48-2bc0435ccd53,690c3418-d9e6-4426-aa30-67b31623e739,FB Video,VIDEO,19.3.2026 8:08:02,🎤 | Pozápasové ohlasy z 25. kola @univerzitnihokej v podání kapitána @hcnorthwings (Adam #Šubrt) #univerzitnihokej,https://www.facebook.com/reel/953961007139831/,531,240,3,,
vsefalcons,instagram,709fceba-e311-48e7-9057-f54a587abf4a,6a0e2546-fd39-4fb8-abb3-eb1a890df2f2,IG Story,VIDEO,22.9.2026 18:15:50,,https://www.instagram.com/stories/vsefalcons/3991978604220698853,,1201,,,
vsefalcons,instagram,709fceba-e311-48e7-9057-f54a587abf4a,99394075-4aa0-400c-b168-c379b9611ddf,IG Story,VIDEO,8.2.2026 17:43:02,SROVNÁVÁ 🎯,https://www.instagram.com/stories/vsefalcons/3828162771406042706,,1376,,,1
@univerzitnihokej,instagram,1e114592-3529-4cfe-9977-2598454053af,a1c579bc-53a9-4461-be17-ceb514d2b640,IG Post,IMAGE,25.3.2026 22:39:50,"Na závěr základní části nechyběly nájezdy, prodloužení ani gólový koncert 🎻 Farmers urvali 2 body v Plzni, brněnské derby patří MUNI a Engineers navařili desítku 🚨
…a teď už směr play-in 🔜",https://www.instagram.com/p/DWUxK7tCAjc/,,5375,132,,8
@unitedhk,facebook,bfe6cc29-a387-41b9-9bca-b077722556af,fff82c0f-6619-45ea-8d23-759d88807bc3,FB Story,IMAGE,6.9.2026 17:09:48,,https://facebook.com/stories/122099775710388974/UzpfSVNDOjE4MzI5MDEzMDQ3ODgxNDQ=/?view_single=1,,,,,
vsefalcons,instagram,709fceba-e311-48e7-9057-f54a587abf4a,0381b3c5-769b-417b-80f1-b07fa3696ab5,IG Story,VIDEO,8.3.2026 7:34:06,@strnyjan,https://www.instagram.com/stories/vsefalcons/3848149991445547052,,965,,,2
vsefalcons,instagram,709fceba-e311-48e7-9057-f54a587abf4a,04673c5a-1337-4e44-b1d6-05b637cc6c9c,IG Story,VIDEO,12.3.2026 16:16:57,SROVNÁVÁME 👀,https://www.instagram.com/stories/vsefalcons/3851312263516951836,1408,1320,,,
vsefalcons,instagram,709fceba-e311-48e7-9057-f54a587abf4a,0b00ed68-22e0-45f0-8417-144e16ddf84f,IG Story,VIDEO,11.1.2026 17:56:00,👆🏼 REGISTROVAT SE MŮŽETE,https://www.instagram.com/stories/vsefalcons/3807875553261277639,,697,,,1
vsefalcons,instagram,709fceba-e311-48e7-9057-f54a587abf4a,24a9c569-4820-4246-8b32-ed2c6b5fd0be,IG Story,VIDEO,10.2.2026 10:36:44,,https://www.instagram.com/stories/vsefalcons/3829397735841734659,687,1014,,,6
@hc_muni,instagram,43cd62c8-609d-4ea6-8ce9-cae5242ede0c,2d43c833-502c-4ffe-b71b-cfba11f92b7a,IG Reel,REEL,25.3.2026 17:07:59,"Nojo, o @kfc_cz by se kluci i poprali🍗🐻 Jak úspěšní jste v našem kvízu byli vy? 

PS: žádné kuře nepřišlo vniveč 🫶🏻

#kfcplechovykyblik #kfc",https://www.instagram.com/reel/DWUKPdoDM2o/,,6068,104,,8
vsefalcons,instagram,709fceba-e311-48e7-9057-f54a587abf4a,54535825-d695-4183-9bb2-064f5699b1da,IG Story,VIDEO,10.2.2026 20:47:43,🚀,https://www.instagram.com/stories/vsefalcons/3829705462220589594,,977,,,
vsefalcons,instagram,709fceba-e311-48e7-9057-f54a587abf4a,7e4e68ae-d319-4d74-94e6-04975ed0a82f,IG Story,VIDEO,28.9.2026 16:37:29,,https://www.instagram.com/stories/vsefalcons/3996277750930913821,,1144,,,25
@boostrava,instagram,1176ddaf-d366-48a2-9639-3c6694c72c85,83813122-844a-466e-9f38-bf9ff1cf58d3,IG Story,VIDEO,1.10.2026 8:29:26,,https://www.instagram.com/stories/boostrava/3998206456922696887,,485,,,3
@VUTCavaliersBrno,facebook,3351b43e-4b71-442b-b2f1-920cd6e57ee5,eb554c87-ddc7-45f8-92aa-4b70bd920e0b,FB Story,STORY,2.10.2026 1:37:33,,https://facebook.com/stories/100667195401737/UzpfSVNDOjI0Mzk2NDc2MTAxOTU4NzA=/?view_single=1,,,,,
@218107044725785,facebook,7a942e3e-6c47-4794-9ba7-bbc7b6d40cb3,eea921ff-7601-4754-ad24-5602fcf7e750,FB Story,VIDEO,22.9.2026 19:33:13,,https://facebook.com/stories/122096877530218300/UzpfSVNDOjI4Mzk3NzE1MjQ5OTIyMDEw/?view_single=1,,,,,
@riderspardubice,instagram,4d6a67ab-9313-4f77-a82e-abb18adbca5d,3f9ca78f-974a-41e8-b779-009c652f9159,IG Post,IMAGE,15.9.2026 10:37:36,"Stále tápáš nad tím, jak koupit lístky na naše zápasy? 

Tady jsme si pro vás připravili jednoduchý návod! 

Tak nabíhej na odkaz v našem BIU a nepropásni první zápas této sezóny🎟️",https://www.instagram.com/p/DdTg1UaCH_k/,,2719,37,,4
@hcnorthwings,facebook,2b08a479-603b-46e4-8a48-2bc0435ccd53,49e49deb-b90c-44ec-b516-7db9ae8dac36,FB Story,VIDEO,2.3.2026 18:54:18,,,,,,,
@BOhokej,facebook,c9082543-a03b-490f-8f97-66d439acce89,675c6bfd-fcfb-4a3e-938c-e81d1002494b,FB Story,VIDEO,10.9.2026 20:08:10,,https://facebook.com/stories/100133738792962/UzpfSVNDOjE4OTM5MTU0MDE1Njk3OTM=/?view_single=1,,,,,
@united_hk,instagram,b18c071b-0570-48b2-b743-990c668c3c5b,89156323-2cd8-4dd7-85a7-a06adfc7c9c7,IG Post,IMAGE,15.3.2026 11:34:04,"Náš útočník Radek Bíman dnes slaví narozeniny.

Všechno nejlepší, Radku! 🎂
Užij si to.

🖤🧡",https://www.instagram.com/p/DV51BE2iDlx/,,2882,64,1,5
@united_hk,instagram,b18c071b-0570-48b2-b743-990c668c3c5b,d80ca8d3-451f-45f2-902c-d587c4ca82e6,IG Story,VIDEO,25.4.2026 12:21:18,"KDY? TRY - OUT 
 🎯",https://www.instagram.com/stories/united_hk/3883083523930214274,,943,,,
@vutcavaliersbrno,instagram,b384bebf-72f3-4f9d-8b2d-3677709f6966,db941f4f-57ab-46f0-af11-f1ea31a8bbce,IG Story,IMAGE,29.9.2026 19:43:01,"🚨4:3
⏰19:37
@cyril.valach",https://www.instagram.com/stories/vutcavaliersbrno/3997095881720529815,,820,,,1
vsefalcons,instagram,709fceba-e311-48e7-9057-f54a587abf4a,f956e795-bd2a-4769-8307-2e2819e36870,IG Story,VIDEO,12.2.2026 13:07:20,POV: jsi s námi na střídačce,https://www.instagram.com/stories/vsefalcons/3830923135956818094,728,958,,,4
@hcnorthwings,facebook,2b08a479-603b-46e4-8a48-2bc0435ccd53,1468da8f-7a52-4905-9b87-802f5bbead96,FB Video,VIDEO,5.3.2026 7:59:03,🎥 | Přinášíme sestřih branek 23. kola @univerzitnihokej ve kterém studenti @ujepul - HC North Wings podlehli celku @czufarmers na domácím ledě v poměru 1:5🏒 #univerzitnihokej,https://www.facebook.com/reel/1246404513627047/,324,84,3,,
@VUTCavaliersBrno,facebook,3351b43e-4b71-442b-b2f1-920cd6e57ee5,25ad6705-5ce2-4d75-beed-a6ecdf5d1705,FB Post,IMAGE,23.9.2026 9:33:05,"GAMEDAY! 🔥

Čekání je u konce. Hokej je zpátky a dneska to na zimáku pořádně rozjedeme! 👊

Kavalíři se poprvé po letní pauze představí doma a ty u toho nesmíš chybět 🍻🏒

📅 DNES | 23. 9.
🕢 19:45
📍 Zimní stadion Kuřim
🏒 Kavalíři 🆚 UJEP NORTH WINGS ÚSTÍ NAD LABEM

🚌 Doprava zajištěna
🎟️ Lístky stále v prodeji

Vezmi kámoše, spolužáky nebo spolubydlící a přijď si užít pořádný středeční večer na zimáku! 🔥",https://www.facebook.com/1743815981086842/posts/1743797407755366,278,,1,,
@riderspardubice,instagram,4d6a67ab-9313-4f77-a82e-abb18adbca5d,65115c53-e6d9-494d-b058-fd3fad653065,IG Post,IMAGE,8.9.2026 17:03:55,"21.9.2026

Den, kdy to vše znovu vypukne. V pondělí 21.9. Ve spolupráci s @biolifeplazmacentrum Riders vyzvou na domácím ledě @blackdogsbudweis_vste a odstartují nový ročník ULLH. 

Lístky už jsou v prodeji, tak neváhej a kup si lístek přes odkaz v našem BIU. 

Těšíme se na vás!🔥🫶🏻",https://www.instagram.com/p/DdCKrXRxG_k/,,24035,178,,71
vsefalcons,instagram,709fceba-e311-48e7-9057-f54a587abf4a,7bc14117-e49f-423d-bc98-32b29dce29f6,IG Story,VIDEO,15.1.2026 9:49:44,👯,https://www.instagram.com/stories/vsefalcons/3810529931139015612,,1685,,,2
vsefalcons,instagram,709fceba-e311-48e7-9057-f54a587abf4a,7bc2947f-fd0f-41c4-9d19-ef2369605088,IG Story,VIDEO,3.3.2026 19:25:04,KDO TU DNES NENÍ 📺 🛋️,https://www.instagram.com/stories/vsefalcons/3844883981854584101,646,812,,,
@united_hk,instagram,b18c071b-0570-48b2-b743-990c668c3c5b,b84e0aa3-bc3f-4276-a879-d294d18c4dd5,IG Post,IMAGE,14.9.2026 16:38:42,"OTVÍRÁK ZAČÍNÁ 28.9. UŽ V 17:00. 🔥

Otvírák sezóny startuje ještě před prvním buly. Před ČPP arénou rozjedeme pop-up party a tentokrát už víš přesně, co tě čeká.

🎧 Infinity Vibe DJ's
🍔 Studentské menu od Panda Truck
☕ Kávové speciality od Starbucks
🥤 Matcha limonády od Amity Drinks
🍺 Čepované pivo Proud
🎨 Zábavné aktivity, malování transparentů a stánky partnerů

Tohle všechno od 17:00 před ČPP arénou. Pak se přesouváme dovnitř na Otvírák sezóny proti BO Ostrava. 🏒

📅 28. 9.
🕔 Pop-up party od 17:00
🏒 UNIted HK × BO Ostrava

🎟️ Teď běží 1. vlna vstupenek za 90 Kč
📱 V UniLife s účtem u ČSOB za 72 Kč

unitedhk.cz/otvirak",https://www.instagram.com/p/DdRlXSbiAqc/,,9305,115,,166
@cvutengineers,instagram,11963a07-7f0f-48e6-9d81-aa63a7ff4a04,c58fc56a-5788-4764-9123-3a25b5d91a16,IG Post,IMAGE,18.3.2026 19:29:46,"100 zápasů. Jedno jméno… Matouš Najman 👏🏼

Další legenda Engineers, která zanechala stopu, na kterou se nezapomíná. Matouši, díky za všechno! 💙

Přejeme ti spoustů úspěchů… a ať tě nikdy neopustí srdce lva 🦁",https://www.instagram.com/p/DWCZ2vJjMpG/,,10166,344,,9
vsefalcons,instagram,709fceba-e311-48e7-9057-f54a587abf4a,ebd9dacd-6e94-481d-8766-25feffc06816,IG Reel,VIDEO,14.7.2026 18:06:45,"Někteří ptáci potřebují občas trochu času, než najdou své hnízdo. 🪺 Z Black Dogs k nám od nové sezóny přilétá student naší univerzity, Jan Vavřík 🤝🏼

Vavřa, vítej doma!",https://www.instagram.com/reel/DayF3BKotIZ/,,11833,290,6,54
@united_hk,instagram,b18c071b-0570-48b2-b743-990c668c3c5b,eda7362d-a81d-4905-9e59-0e2ea14f2838,IG Reel,VIDEO,1.10.2026 16:58:23,"Nákupní štafeta v ČPP aréně. 🛍️🔥

Futurum Hradec Králové se na Otvíráku postaralo o jednu z přestávkových soutěží a bylo s námi i během programu před arénou.

Díky za podporu UNIted HK. Tohle byla teprve první společná akce sezóny. 🖤🧡

#allforunited",https://www.instagram.com/reel/Dd9Y29sotRE/,,2967,35,1,3
@742626308943576,facebook,afcb2720-0a77-4413-95f4-2247bcb8a565,5fa724bf-d5a2-4dc4-a7f9-d97fd3aeb6da,FB Post,IMAGE,13.9.2026 8:02:21,"🔥 CO JE V CENĚ?
🏒 Hokejová Bitva o Budějce
⭐ VIP zóna a možnost potkat se s VIP hosty
🍽️ Občerstvení
🥤 Pití
🎉 Vstup na afterparty

Tohle všechno za 2 500 Kč.
A pozor – VIP vstupenek máme pouze 20! 👀",https://www.facebook.com/122132173953029080/posts/122145321033029080,18,,,,
@akademiciplzen,instagram,65494228-95bf-4f7b-8e68-d47d7262db66,6118e644-4cda-433a-9bec-479d1f14b472,IG Post,ALBUM,30.3.2026 10:50:22,"PLAY-IN MODE ON! 🔥

Ta nejnapínavější část sezony právě začíná. Emoce pojedou na maximum a ve středu chceme přesně takovou atmosféru, jakou umíte vytvořit jen vy. 🫵🏻

📍 1. 4. | 19:00 | LOGSPEED CZ Aréna
🎟️ Lístky najdeš v biu nebo na webu

#akademiciplzen 💙",https://www.instagram.com/p/DWgX9BcjKsj/,,26121,770,3,72
vsefalcons,instagram,709fceba-e311-48e7-9057-f54a587abf4a,840002d2-5254-4d90-a181-644b97fb395e,IG Story,VIDEO,28.3.2026 19:24:32,"🫵🏻 POTŘEBUJEME TĚ
V ÚTERÝ NA TRIBUNĚ!",https://www.instagram.com/stories/vsefalcons/3863003085895371860,865,677,,,2
@riderspardubice,instagram,4d6a67ab-9313-4f77-a82e-abb18adbca5d,898ac601-c3d6-4bb2-9576-87dadb5cc8b1,IG Story,VIDEO,13.4.2026 12:35:00,🎟️,https://www.instagram.com/stories/riderspardubice/3874393356143168181,,568,,,
@bitva_o_budejce,instagram,f977c0af-061e-4c10-813f-da5818f8a748,eb4cbf5d-f13a-4af1-a175-1e9b6f144568,IG Post,IMAGE,2.9.2026 8:00:01,"Ještě než napíšeme další kapitolu, pojďme si společně připomenout atmosféru loňského ročníku. 🏒🖤💛

Emoce, souboje, skvělá atmosféra a hlavně vy! 🙌
A už teď se nemůžeme dočkat, co přinese letošní Bitva o Budějce. 👀🔥

Už brzy… 🔜
#BitvaOBudějce #Fotovzpomínka #Budějce 🏒",https://www.instagram.com/p/DcxwgcCjAGe/,,17770,435,,48
vsefalcons,instagram,709fceba-e311-48e7-9057-f54a587abf4a,ed604f20-e3e3-4f6b-8757-5c6c49539951,IG Story,VIDEO,8.3.2026 14:05:11,😘 🫶🏼,https://www.instagram.com/stories/vsefalcons/3848346822850937707,660,819,,,
@vutcavaliersbrno,instagram,b384bebf-72f3-4f9d-8b2d-3677709f6966,fc775be9-c85f-4525-976e-04a6ac29fc7d,IG Story,VIDEO,23.8.2026 15:27:53,Druhý den tryoutu je u KONCE ❤️‍🔥 @miraslovacek,https://www.instagram.com/stories/vutcavaliersbrno/3970150804937539065,,893,,,1
@riderspardubice,instagram,4d6a67ab-9313-4f77-a82e-abb18adbca5d,ff4e959f-0b85-4c8e-817d-b59ffe7f4dab,IG Post,IMAGE,29.9.2026 11:44:08,"Zítra hrajeme venku proti @hcnorthwings 🐥🔥

Koukat na nás můžete přes unihokej.tv🤪

Ale nebuďte smutní, příští pondělí se vidíme doma na malé hale, lístky v aplikaci UniLife🤩",https://www.instagram.com/p/Dd3rFPjRwH7/,,2490,88,1,
@unitedhk,facebook,bfe6cc29-a387-41b9-9bca-b077722556af,08917127-b8fe-4fbe-939a-653e23a5fd29,FB Post,IMAGE,17.8.2026 13:49:58,"Rodina partnerů UNIted HK se rozšiřuje.

Pro sezonu 2026/27 vítáme čtyři nové partnery — Amity drinks, Futurum Hradec Králové, Lékárny IPC a Montela MH.

Díky za důvěru a vítejte v UNIted HK.

Těšíme se na společnou sezonu.",https://www.facebook.com/122180651084388974/posts/122191157468388974,286,,5,,
@bitvaoprahu,instagram,d7c8aa06-74fb-4c6c-a7d2-c2fe1bf6d59c,306c41d5-83c5-4c23-af22-2e3edf05e639,IG Post,IMAGE,13.3.2026 12:52:35,"🏆🏆 Královské ráno! Žijete všichni? 😀

📸 @vratapolivka_photo , @matyasklapa , @radekkasik1",https://www.instagram.com/p/DV00bUIjCKI/,,26264,807,,176
@akademiciplzen,instagram,65494228-95bf-4f7b-8e68-d47d7262db66,3f365345-0c7f-4d83-ac14-61c65216feaa,IG Story,VIDEO,13.9.2026 16:22:20,PADELOVÝ,https://www.instagram.com/stories/akademiciplzen/3985398467395748926,,938,,,
@univerzitnihokej,instagram,1e114592-3529-4cfe-9977-2598454053af,4947b9fb-87ff-4156-af7c-6d408a228b4a,IG Story,VIDEO,12.4.2026 15:12:45,OD ZÍTRA SE ZDRAŽUJÍ VSTUPENKY MŮJ TÝM POSTOUPIL DO @unihokejfinalfour 🚨 🥳 🙌🏻 🤯,https://www.instagram.com/stories/univerzitnihokej/3873747978158609299,,1438,,,1
@univerzitnihokej,instagram,1e114592-3529-4cfe-9977-2598454053af,4fc537ac-1140-4b95-96bd-67321a3cb197,IG Post,IMAGE,11.9.2026 11:40:49,"🚨 Hledáme posily do marketingového týmu

Máme volné 3 pozice:

🎥 Videomaker/ka — natáčíš zápasy, aftermovies a atmošku, co jde cítit i přes obrazovku
🎨 Grafik/grafička — děláš vizuály, co jsou na první pohled poznat
📱 Social media executive — vymýšlíš obsah, sleduješ trendy a víš, co na sítích funguje

Zkušenosti vítány, ale chuť učit se a láska k hokeji je klíčová 🔥 Přihlas se přes odkaz v biu 👆",https://www.instagram.com/p/DdJU44diCN8/,,16266,204,1,79
@boostrava,instagram,1176ddaf-d366-48a2-9639-3c6694c72c85,8899a1ac-fb83-499a-ab96-4d975cf9ac5c,IG Post,IMAGE,4.3.2026 21:20:01,"Naši vítězové! 🦈

#hockey #winners",https://www.instagram.com/p/DVei045jOtf/,,10533,196,1,23
@riderspardubice,instagram,4d6a67ab-9313-4f77-a82e-abb18adbca5d,9ab2f050-1550-4f31-acff-2e7057fe7ab6,IG Story,VIDEO,3.4.2026 7:48:04,,https://www.instagram.com/stories/riderspardubice/3867001180732009455,,599,,,1
@univerzitnihokej,instagram,1e114592-3529-4cfe-9977-2598454053af,9d728274-d513-4b55-b324-b8e0ef70b910,IG Reel,VIDEO,12.3.2026 22:11:15,"Myslíte si, že by byl @metodej_jilek dobrej v hokeji? 👇🏻👀",https://www.instagram.com/reel/DVzOyuUCEFR/,,57618,2571,3,212
@cvutengineers,instagram,11963a07-7f0f-48e6-9d81-aa63a7ff4a04,b1f7c56d-e369-4481-96cd-da3d54ebaae5,IG Post,IMAGE,17.4.2026 10:48:49,"Polední rozbruslení za námi, atmosféra byla/je dobrá 🤓

Těšíme se na večer 👀

📸: @ondra_mann 

#srdcelva",https://www.instagram.com/p/DXOuFZBDCh9/,,5092,123,,8
@hokejovy_souboj_univerzit,instagram,cb4021a2-14da-41f5-8b43-0502f11720aa,c6aea906-a01b-438d-bdcc-f9a4595789ad,IG Story,VIDEO,19.9.2026 7:01:29,,https://www.instagram.com/stories/hokejovy_souboj_univerzit/3989464830746360966,,2015,,,3
@akademiciplzen,instagram,65494228-95bf-4f7b-8e68-d47d7262db66,daa2564e-fae2-44b8-bdae-34e4652de34e,IG Story,VIDEO,1.4.2026 15:10:56,,https://www.instagram.com/stories/akademiciplzen/3865774527955633902,,1658,,,14
@united_hk,instagram,b18c071b-0570-48b2-b743-990c668c3c5b,3b135da0-63ec-4d82-b1d2-4ab0ac736477,IG Post,IMAGE,26.9.2026 17:44:14,"OTVÍRÁK OD 17:00 AŽ DO AFTERPARTY. 🔥

🕔 17:00 - Pop-up party před ČPP arénou
Infinity Vibe DJs, Panda Truck, Starbucks, Amity Drinks, Proud, transparenty a stánky partnerů.

🚪 18:15 - otevíráme vstupy do arény
🎤 18:45 - slavnostní zahájení sezóny
🏒 19:00 - UNIted HK × BO Ostrava
☕ 1. přestávka - soutěž se Starbucks
🛍️ 2. přestávka - soutěž s Futurum Hradec Králové
🎧 22:00 - Meet & Greet Afterparty na Náplavce

🎟️ Zápas do neděle 120 Kč, v den zápasu 140 Kč
📱 -20 % s ČSOB v aplikaci UniLife
🎉 Afterparty do neděle 80 Kč, v den akce 100 Kč

unitedhk.cz/otvirak

OTVÍRÁK OD 17:00 AŽ DO AFTERPARTY. 🔥

🕔 17:00 - Pop-up party před ČPP arénou
Infinity Vibe DJs, Panda Truck, Starbucks, Amity Drinks, Proud, transparenty a stánky partnerů.

🚪 18:15 - otevíráme vstupy do arény
🎤 18:45 - slavnostní zahájení sezóny
🏒 19:00 - UNIted HK × BO Ostrava
☕ 1. přestávka - soutěž se Starbucks
🛍️ 2. přestávka - soutěž s Futurum Hradec Králové
🎧 22:00 - Meet & Greet Afterparty na Náplavce

🎟️ Zápas do neděle 120 Kč, v den zápasu 140 Kč
📱 -20 % s ČSOB v aplikaci UniLife
🎉 Afterparty do neděle 80 Kč, v den akce 100 Kč

unitedhk.cz/otvirak

SEASON OPENER: FROM 5 PM THROUGH TO THE AFTERPARTY. 🔥

🕔 5:00 PM – Pre-game pop-up party in front of the ČPP Arena
Infinity Vibe DJs, Panda Truck, Starbucks, Amity Drinks, Proud, banners, and partner booths.

🚪 6:15 PM – Arena doors open
🎤 6:45 PM – Official season opening ceremony
🏒 7:00 PM – UNIted HK vs. BO Ostrava
☕ 1st Intermission – Starbucks contest
🛍️ 2nd Intermission – Futurum Hradec Králové contest
🎧 10:00 PM – Meet & Greet Afterparty at Náplavka

🎟️ Match tickets: 120 CZK until Sunday, 140 CZK on game day
📱 20% off with ČSOB in the UniLife app
🎉 Afterparty tickets: 80 CZK until Sunday, 100 CZK on the day of the event

unitedhk.cz/en/season-opener

SEASON OPENER: FROM 5 PM THROUGH TO THE AFTERPARTY. 🔥

🕔 5:00 PM – Pre-game pop-up party in front of the ČPP Arena
Infinity Vibe DJs, Panda Truck, Starbucks, Amity Drinks, Proud, banners, and partner booths.

🚪 6:15 PM – Arena doors open
🎤 6:45 PM – Official season opening ceremony
🏒 7:00 PM – UNIted HK vs. BO Ostrava
☕ 1st Intermission – Starbucks contest
🛍️ 2nd I",https://www.instagram.com/p/DdwmZtViNfT/,,4941,69,1,46
@VUTCavaliersBrno,facebook,3351b43e-4b71-442b-b2f1-920cd6e57ee5,4f47d66e-c94e-4eb2-b8ae-3a1e662eb021,FB Story,IMAGE,2.10.2026 1:38:26,,https://facebook.com/stories/100667195401737/UzpfSVNDOjIxNTI1MzUxNzg5NzQyOTE=/?view_single=1,,,,,
vsefalcons,instagram,709fceba-e311-48e7-9057-f54a587abf4a,7abd9cf7-8324-4664-acb1-6d56c9763d20,IG Story,VIDEO,3.2.2026 18:40:40,SÝÝÝÝR 📸 🧀,https://www.instagram.com/stories/vsefalcons/3824567894458012045,,913,,,
@akademiciplzen,instagram,65494228-95bf-4f7b-8e68-d47d7262db66,feec603f-f38a-4711-bcd5-0dedd1813d5c,IG Post,IMAGE,3.3.2026 15:54:50,"JARNÍ BITVA UŽ ZÍTRA! 👊🏻

Doraž včas na Proud, Redbull nebo svařák do fanzóny, nalaď hlasivky a pojď z toho udělat večer, na kterej se bude vzpomínat!

🕰️ 17:30 otevření fanzóny
📍 LOGSPEED CZ Aréna
🎟️ Lístky najdeš v biu nebo na plzenskabitva.cz

Tak co, bude nás ještě víc než loni? 🔥
#akademiciplzen",https://www.instagram.com/p/DVbXwrhDPGt/,,2675,59,,1
vsefalcons,instagram,709fceba-e311-48e7-9057-f54a587abf4a,0ab7914a-883e-4699-81d4-965d73d6a831,IG Story,VIDEO,3.2.2026 18:35:51,@vosmajz_97  cam 📽️,https://www.instagram.com/stories/vsefalcons/3824567260086278633,,1441,,,1
@united_hk,instagram,b18c071b-0570-48b2-b743-990c668c3c5b,34f19b63-49cf-4cc5-a2e3-8ea755eec9c3,IG Story,IMAGE,28.9.2026 16:41:43,@bennysalve_  MODERÁTOR DNEŠNÍHO VEČERA 🎙️,https://www.instagram.com/stories/united_hk/3996279859904024828,,1285,,,6
@vutcavaliersbrno,instagram,b384bebf-72f3-4f9d-8b2d-3677709f6966,4939dd4c-3164-4ce7-8fd9-7455f47e8a59,IG Reel,VIDEO,26.8.2026 15:14:57,Kdo z kluků byl nejblíž?,https://www.instagram.com/reel/DcggcIYogC4/,,10097,188,1,55
@univerzitnihokej,instagram,1e114592-3529-4cfe-9977-2598454053af,9f92cc7f-f513-4b84-8ff7-d23b1c5af9f1,IG Post,IMAGE,9.3.2026 9:03:12,"Moravské derby, finále Bitvy o Prahu a mnoho dalšího! Na co se tento týden těšíte nejvíc? 🤓",https://www.instagram.com/p/DVqG_syiFoc/,,6902,177,,17
@akademiciplzen,instagram,65494228-95bf-4f7b-8e68-d47d7262db66,b484f97c-a895-40d5-84d9-fc3c18c50fc0,IG Reel,VIDEO,25.9.2026 13:07:25,"ALUMNI GAME – PRVNÍ DOMÁCÍ ZÁPAS SEZÓNY 🏡🏒

Přijď se rozloučit a poděkovat hráčům z loňské sezóny! 👋🏻

🗓️ 29. 9. 2026
🕖 19:15
📍 LOGSPEED CZ Aréna

Pro prvních 100 návštěvníků máme připravený Proud zdarma. 🍻

‼️ Ještě nemáš lístek na Bitvu? 😶‍🌫️
Na zápase můžeš vyhrát 2× vstupenku na Bitvu o Plzeň + Afterparty a k tomu zásobu energie od @redbullcz ! 🤩
🪽

A navíc – kdo dorazí, se jako první dozví, jaký interpret letos ovládne HALFTIME SHOW! 🔥

Přijď i ty vytvořit na zimáku vítěznou atmosféru. 🫵🏻

🎟️ Vstupenky najdeš v odkazu v biu.
📲 V aplikaci UniLife navíc 20% sleva díky @csobcz !

#akademiciplzen",https://www.instagram.com/reel/DdthVmJKUMV/,,15173,260,2,92
@bitva_o_budejce,instagram,f977c0af-061e-4c10-813f-da5818f8a748,d3a7d364-507a-4fed-9768-5da2c6c56924,IG Story,VIDEO,30.9.2026 12:05:44,,https://www.instagram.com/stories/bitva_o_budejce/3997590552782695083,,503,,,
@engineersprague,facebook,afd06d1d-7b1c-4f66-8d93-ce4255ab773c,088f4c63-a0eb-4252-87e6-2e2f32680d8b,,TEXT,9.3.2026 19:26:47,"POJĎTE S NÁMI NA BITVU🦁
#engprg",https://www.facebook.com/1560924572517692/posts/1541090904501059,248,,,,
vsefalcons,instagram,709fceba-e311-48e7-9057-f54a587abf4a,281264d4-72fd-4852-b714-f710795a590a,IG Story,VIDEO,18.1.2026 11:03:52,@ramert.16,https://www.instagram.com/stories/vsefalcons/3812741551500096165,,820,,,5
@riderspardubice,instagram,4d6a67ab-9313-4f77-a82e-abb18adbca5d,606ee8bc-ab5c-466e-81ee-41dcf4fac842,IG Post,IMAGE,30.8.2026 10:03:13,"Přátelák objektivem našich fotografů🤩📸

@matyas_novak_fotograf 
@dandalffoto 
@radek.p__",https://www.instagram.com/p/DcqQLgmEW70/,,4449,152,,5
@unitedhk,facebook,bfe6cc29-a387-41b9-9bca-b077722556af,658df11c-62a0-475c-8ee7-1dd488f797af,FB Story,IMAGE,23.8.2026 16:30:25,,https://facebook.com/stories/122099775710388974/UzpfSVNDOjE2MDM5NjEwNzEwNzg0NDM=/?view_single=1,,,,,
vsefalcons,instagram,709fceba-e311-48e7-9057-f54a587abf4a,b97d525e-5888-46f1-b813-99fc2dd7a0a7,IG Story,VIDEO,13.2.2026 13:52:49,,https://www.instagram.com/stories/vsefalcons/3831670806724278456,883,1059,,,5
@united_hk,instagram,b18c071b-0570-48b2-b743-990c668c3c5b,f51784dc-2ba0-42fe-8848-d0a9da16fe8b,IG Story,IMAGE,22.4.2026 8:07:00,,https://www.instagram.com/stories/united_hk/3880781448647060631,,849,,,
@akademici_plzen,tiktok,8f78cb3d-9c53-4c33-9f39-e6526fd8fa1c,077f365c-4b37-4d23-902f-d5b4f50feae2,TT Video,VIDEO,27.4.2026 21:32:11,"Zavzpomínali jsme na Jarní bitvu… a přenesli se až do devadesátek! 🎞️ Chybí vám taky ta atmosféra? Nesmutněte, už příští týden oznámíme datum Bitvy o Plzeň! 🔥 #akademiciplzen 💙 #hockey #universitystudent #gameday ",https://www.tiktok.com/@akademici_plzen/video/7633554991655046422?utm_campaign=tt4d_open_api&utm_source=7348986504397455361,,1348,67,,3
@engineersprague,facebook,afd06d1d-7b1c-4f66-8d93-ce4255ab773c,3167fab9-5593-4c74-93db-79f25703257d,FB Story,IMAGE,11.9.2026 17:04:43,,https://facebook.com/stories/136066081670222/UzpfSVNDOjIwOTI4MDA3NTg3ODk3ODg=/?view_single=1,,,,,
@united_hk,instagram,b18c071b-0570-48b2-b743-990c668c3c5b,334a4fdf-6806-4ada-90c0-689d43a63549,IG Story,IMAGE,14.9.2026 16:57:54,,https://www.instagram.com/stories/united_hk/3986141146616298736,,327,,,
@bitva_o_budejce,instagram,f977c0af-061e-4c10-813f-da5818f8a748,5d04f96c-b507-4cfd-877f-fd270b91f584,IG Post,IMAGE,12.9.2026 17:25:34,"🎟️ PRVNÍ VLNA JE VENKU!
Ceny jsou tady. 👀
Kdo kupuje teď, šetří. 🔥

💙 ČSOB účet = 20% sleva

JU × VŠTE
4. 11. 2026 | Budvar aréna",https://www.instagram.com/p/DdMgeLrMYSU/,,11363,136,,209
@cvutengineers,instagram,11963a07-7f0f-48e6-9d81-aa63a7ff4a04,6e9d44b1-93a6-4b23-bb0a-e80fe580c543,IG Post,ALBUM,24.3.2026 18:08:58,"Zejtra vítězný repete? 🤞🏼

ENG vs NWU | 25. 3. | 20:00",https://www.instagram.com/p/DWRtYKBjOT0/,,9321,189,,2
@univerzitnihokej,instagram,1e114592-3529-4cfe-9977-2598454053af,79b64d06-5634-4595-a134-0a1e84c4a933,IG Story,VIDEO,17.4.2026 14:53:30,,https://www.instagram.com/stories/univerzitnihokej/3877362175832490597,,1669,,,2
@akademiciplzen,instagram,65494228-95bf-4f7b-8e68-d47d7262db66,9ed60cb4-ec4e-4c2a-926b-134232695a2b,IG Story,VIDEO,8.4.2026 13:28:24,,https://www.instagram.com/stories/akademiciplzen/3870796406890204498,,1591,,,
@AkademiciPlzen,facebook,d87b94e3-03e8-45d0-b92e-75e9b819545c,a090b50a-f027-497f-940b-1af7621aeea7,FB Story,IMAGE,26.9.2026 20:52:00,,https://facebook.com/stories/103234241824606/UzpfSVNDOjE1Mjk0MDQxNjI1NDcxOTc=/?view_single=1,,,,,
@riderspardubice,instagram,4d6a67ab-9313-4f77-a82e-abb18adbca5d,cd5f06f9-7ce2-4b67-bd92-3884f2a71853,IG Story,VIDEO,2.9.2026 7:52:38,,https://www.instagram.com/stories/riderspardubice/3977169393138366381,,1032,,,3
@cvutengineers,instagram,11963a07-7f0f-48e6-9d81-aa63a7ff4a04,da290fe6-c6e7-4199-8d3d-47d6c381be2b,IG Story,VIDEO,22.8.2026 19:21:34,,https://www.instagram.com/stories/cvutengineers/3969543947164636806,,597,,,1
@engineersprague,facebook,afd06d1d-7b1c-4f66-8d93-ce4255ab773c,f4305a72-a822-46ed-8d9a-6ac584a9199c,FB Post,IMAGE,4.3.2026 8:33:55,"🚨 GAMEDAY | Dnes hrajeme doma!
V tradičních 20:00 vyzvedneme na našem ledě @united_hk 🔥. Jak tento duel dopadne? Přijď se podívat na Hvězdu a pořádně nám zafandit! Těšíme se 👋🏻. 

#engprg",https://www.facebook.com/1560924572517692/posts/1536634661613350,279,,4,,
vsefalcons,instagram,709fceba-e311-48e7-9057-f54a587abf4a,6810566c-d823-4ba5-81de-1110733dadaf,IG Story,VIDEO,12.3.2026 14:41:45,BRAZILKA  musí být,https://www.instagram.com/stories/vsefalcons/3851264353517475511,1554,1540,,,1
@riderspardubice,facebook,f99ed6c3-17cc-46f4-a32e-d9b0576ce2df,6e4e4825-8a65-4b5d-8be2-ced43b96280d,FB Post,IMAGE,17.4.2026 18:29:50,"Děkujeme 🫶

Dneska to necinklo, ale rvali jsme se a nenechali jsme to nikomu zadarmo.

Dokázali jsme se po nepříliš ideálním začátku sezóny zvednout a dotáhnout to mezi 4 nejlepší týmy ligy a zahrát si na historicky prvním @unihokejfinalfour v Edenu. 

A to už nám nikdy nikdo nevezme. 

Děkujeme všem, kteří nám fandili a speciálně těm, kteří při nás stáli od začátku sezony nebo dokonce těm kteří při nás stojí od začátku Riders samotných. Vážíme si toho.",https://www.facebook.com/1592662819534019/posts/1607527561380878,2144,,54,,
@united_hk,instagram,b18c071b-0570-48b2-b743-990c668c3c5b,f4d9b37d-012f-4127-ada8-7c2c39c2ad92,IG Story,VIDEO,22.9.2026 8:39:12,,https://www.instagram.com/stories/united_hk/3991688378843661691,,795,,,
@cvutengineers,instagram,11963a07-7f0f-48e6-9d81-aa63a7ff4a04,1f38cb0f-b571-417c-9a30-ba688ecccd08,IG Post,IMAGE,1.10.2026 10:37:26,"Včerejší výhra objektivem @ondra_mann 📸 
Děkujeme všem, kteří nás hnali dopředu 🫶🏻

#engprg",https://www.instagram.com/p/Dd8tiMnDIz2/,,10108,339,2,20
@AkademiciPlzen,facebook,d87b94e3-03e8-45d0-b92e-75e9b819545c,2f5b71ad-3efd-400b-94cd-1990fcc4098f,FB Video,VIDEO,25.3.2026 18:00:29,"Dnes do první linie proti @czufarmers nastupuje tahle sestava! Jen do nich, kluci. ✨

#akademiciplzen 

#AKA vs #CZU",https://www.facebook.com/reel/1424756915471003/,1057,448,13,,
vsefalcons,instagram,709fceba-e311-48e7-9057-f54a587abf4a,5196cbd8-4978-4f54-bf5a-fc73d71f2bf6,IG Story,VIDEO,14.3.2026 15:53:09,DOBRÝ PLAYLIST  must have 💯,https://www.instagram.com/stories/vsefalcons/3852749864450922233,766,779,,,
vsefalcons,instagram,709fceba-e311-48e7-9057-f54a587abf4a,64dc7188-25ca-47bd-8daa-391efca4d90f,IG Story,VIDEO,15.1.2026 11:13:23,@mcpraha3 🤝🏼 @vsecz,https://www.instagram.com/stories/vsefalcons/3810572080916245445,,4009,,,1
@akademiciplzen,instagram,65494228-95bf-4f7b-8e68-d47d7262db66,bb731746-71ce-49be-85af-477cdb8c3808,IG Story,IMAGE,2.4.2026 0:43:12,,https://www.instagram.com/stories/akademiciplzen/3866062570775539944,,2058,,,2
@AkademiciPlzen,facebook,d87b94e3-03e8-45d0-b92e-75e9b819545c,cfec5dcb-f48b-44b9-a12c-d46d64f67372,FB Post,IMAGE,28.8.2026 13:05:49,"🏆 VÍTĚZSTVÍ! 

Také náš druhý přípravný zápas končí vítězně! Tentokrát jsme vyzvali loňské finalisty Final Four, ČVUT Engineers Prague 🦁 , a po povedeném výkonu bereme výhru 4:2. 💥

💣 O naše góly se postarali:
Štěpán Říha
Šimon Kaiser
Václav Šmíd
Jakub Šucha

Děkujeme všem fanouškům, kteří dorazili a dopomohli nám k vítězství. 💙

Jedeme dál! 👊🏻

#akademiciplzen | 📸 káťa 🥵",https://www.facebook.com/1357105236437494/posts/1484378730376810,1167,,7,,
vsefalcons,instagram,709fceba-e311-48e7-9057-f54a587abf4a,16acfc41-cd6e-4905-a8d8-88c565ac3836,IG Story,VIDEO,8.2.2026 17:49:06,"🥁 KOTEL
READY @sokoli.hnizd0",https://www.instagram.com/stories/vsefalcons/3828165944480922697,,926,,,2
@riderspardubice,instagram,4d6a67ab-9313-4f77-a82e-abb18adbca5d,3aefd014-8854-4079-9256-a2d3c8a0e915,IG Story,VIDEO,22.9.2026 7:24:56,,https://www.instagram.com/stories/riderspardubice/3991650988494772314,,962,,,3
@vutcavaliersbrno,instagram,b384bebf-72f3-4f9d-8b2d-3677709f6966,4397435f-a9b4-45c1-865d-6d9dfa961265,IG Story,VIDEO,22.8.2026 10:32:18,,https://www.instagram.com/stories/vutcavaliersbrno/3969277242102051811,,1039,,,11
vsefalcons,instagram,709fceba-e311-48e7-9057-f54a587abf4a,7aa2b7cb-9d01-4878-9982-09fd6509452f,IG Post,IMAGE,17.2.2026 22:03:59,"Takový otočky my můžem 🙂‍↔️
@michal.danniel zajistil první výhru proti @united_hk 💪🏼

Tohle je ale teprve začátek - máme před sebou další důležité zápasy, tak stay tuned a vidíme se zase za týden! 🦅",https://www.instagram.com/p/DU3_y6AiDVG/,,1932,78,,3
@riderspardubice,instagram,4d6a67ab-9313-4f77-a82e-abb18adbca5d,93b6d551-caa1-4c2b-ac60-6caba80f750b,IG Post,IMAGE,24.3.2026 13:37:00,"Včera jsme se na domácím ledě rozloučili s @dominikkopecky_99 a @daniel.skryp, pro které je toto poslední sezona v dresu Riders ❤️‍🩹

Díky kluci za vše, co jste Riders dali a přejeme vám mnoho úspěchů!",https://www.instagram.com/p/DWRODeZjKVa/,,14791,316,3,25
@united_hk,instagram,b18c071b-0570-48b2-b743-990c668c3c5b,9d36361e-0e51-461b-9e4c-208b90241c9c,IG Post,PHOTO,24.3.2026 13:21:26,"💥Za týden jdeme do PLAY-IN.
31.3. Zápas o VŠE s VŠE Falcons v Praze!

1 zápas. Žádná druhá šance.

👉 Jak to funguje?
Vyhraješ = zůstáváš ve hře o Final Four.
Prohraješ = konec sezóny.

ALL IN

#unitedhk #unihokej #hokej",https://www.instagram.com/p/DWRMQJYCMlQ/,,7663,119,1,46
@bitvaoprahu,instagram,d7c8aa06-74fb-4c6c-a7d2-c2fe1bf6d59c,bfca4101-5837-4b18-956c-9b6ee27adf78,IG Story,VIDEO,13.4.2026 17:12:54,🫵🏼,https://www.instagram.com/stories/bitvaoprahu/3874533227625208510,,965,,,
@riderspardubice,facebook,f99ed6c3-17cc-46f4-a32e-d9b0576ce2df,d314ef03-649d-4e16-8717-16d0540d3112,FB Video,VIDEO,26.4.2026 12:34:50,,https://www.facebook.com/reel/2036444483604619/,1077,461,6,,
vsefalcons,instagram,709fceba-e311-48e7-9057-f54a587abf4a,4db65391-8f96-40cb-8da3-06b4182756da,IG Story,IMAGE,30.3.2026 9:28:28,"my, když si zítra na zápase vyřvete hlasivky společně s @sokoli.hnizd0",https://www.instagram.com/stories/vsefalcons/3864152671598956842,821,986,,,4
vsefalcons,instagram,709fceba-e311-48e7-9057-f54a587abf4a,5cd0e8f4-a51b-4249-aa94-a9d6ca7ec433,IG Story,IMAGE,30.9.2026 18:21:32,3 1 Theimer,https://www.instagram.com/stories/vsefalcons/3997779646788841229,,1071,,,1
vsefalcons,instagram,709fceba-e311-48e7-9057-f54a587abf4a,95ce45ab-ebe3-4e39-8d83-8aa595cb2609,IG Reel,VIDEO,17.4.2026 16:03:35,"🤤🤤🤤

#vsefalcons #finalfour",https://www.instagram.com/reel/DXPR-yeDNvR/,,5629,92,1,2
vsefalcons,instagram,709fceba-e311-48e7-9057-f54a587abf4a,bc12a9a9-5148-42b7-81aa-3ae135f300a1,IG Story,VIDEO,14.3.2026 15:32:19,ROZBRUSLENÍ,https://www.instagram.com/stories/vsefalcons/3852739357526521963,849,849,,,
@AkademiciPlzen,facebook,d87b94e3-03e8-45d0-b92e-75e9b819545c,603e1906-17ac-40e8-aa79-fb160081b646,FB Story,VIDEO,29.9.2026 20:14:07,,https://facebook.com/stories/103234241824606/UzpfSVNDOjE4MjQ4Mjc5MTg2NzIyNjk=/?view_single=1,,,,,
@univerzitnihokej,instagram,1e114592-3529-4cfe-9977-2598454053af,99f33367-2a6c-492e-9c63-12ec4cdc28e6,IG Post,IMAGE,12.3.2026 21:06:50,Tak který tým si odnesl víc peněz? 💰,https://www.instagram.com/p/DVzIMVBiN0J/,,11548,240,,54
@riderspardubice,instagram,4d6a67ab-9313-4f77-a82e-abb18adbca5d,a0fdc3b9-7c04-4853-95a8-26e9495a87a1,IG Story,VIDEO,14.9.2026 19:39:19,@fchtpardubice  už zítra!!,https://www.instagram.com/stories/riderspardubice/3986222400157097605,,437,,,1
@bitvaoprahu,instagram,d7c8aa06-74fb-4c6c-a7d2-c2fe1bf6d59c,c5b8da47-46da-4888-aaa4-9eadfdfc5f07,IG Story,VIDEO,10.4.2026 14:56:24,S KÓDEM BITVA15 UŠETŘÍŠ 🤑 🎟️ 🎟️,https://www.instagram.com/stories/bitvaoprahu/3872290199804088521,,850,,,3
@218107044725785,facebook,7a942e3e-6c47-4794-9ba7-bbc7b6d40cb3,32659237-62e3-4d65-9115-44b7c6b59bb9,FB Video,VIDEO,17.8.2026 16:12:02,"Nezaujatý mic’up by @jirkafibigr a @alenjurak11 🎙️

Kluci na tryoutu zahodili dresy a vyzkoušeli si roli rozhodčích. Že by jim to dvakrát šlo, se říct nedá, takže se těšíme, až budou zase zpátky ve hře 🤓

PS. @stracajunior kdo je ta Eliška? 🧐",https://www.facebook.com/reel/2005468546804426/,507,245,6,,
@engineersprague,facebook,afd06d1d-7b1c-4f66-8d93-ce4255ab773c,5e7210c0-f6b6-40bc-98d3-f8c6b7dce8d7,,IMAGE,22.9.2026 11:24:43,"Časná srpnová příprava, asistent trenéra Petr Ujfaluši na střídačce a řada nových tváří v kabině. Tým má za sebou letní dril i tři náročné prověrky a teď jde rovnou do tuhého. Nový ligový ročník zahájí repríza loňského finále proti úhlavnímu rivalovi z UK Kings Prague. Přijďte dnes na ZS Hvězda pomoci vybojovat první body!",https://www.facebook.com/1560924572517692/posts/1723770772899737,412,,4,,
@218107044725785,facebook,7a942e3e-6c47-4794-9ba7-bbc7b6d40cb3,6eaaba46-f3d8-4ea0-a5ca-cdcf31439960,FB Post,IMAGE,20.8.2026 20:45:11,První přípravný zápas pro nás končí prohrou 😐,https://www.facebook.com/122282816036218300/posts/122302992326218300,236,,,,
@VUTCavaliersBrno,facebook,3351b43e-4b71-442b-b2f1-920cd6e57ee5,dcb22d43-c4df-445b-855f-e6b7646ad391,FB Story,IMAGE,2.10.2026 1:38:49,,https://facebook.com/stories/100667195401737/UzpfSVNDOjI4NTUzMjA3MzQxMDA5MzM5/?view_single=1,,,,,
vsefalcons,instagram,709fceba-e311-48e7-9057-f54a587abf4a,17ac2476-ca0f-42e6-ae59-c0a71444e87a,IG Story,VIDEO,15.4.2026 5:46:57,@viznertom,https://www.instagram.com/stories/vsefalcons/3875637527747233410,723,849,,2,3
@univerzitnihokej,instagram,1e114592-3529-4cfe-9977-2598454053af,2aa5811f-2b1c-4961-8531-6bbf60b38cba,IG Story,VIDEO,8.4.2026 17:13:00,0 1,https://www.instagram.com/stories/univerzitnihokej/3870909398688226612,,884,,,
@VUTCavaliersBrno,facebook,3351b43e-4b71-442b-b2f1-920cd6e57ee5,5062736d-2816-4b9f-a0af-325056f3a965,FB Story,VIDEO,23.9.2026 21:12:54,,https://facebook.com/stories/100667195401737/UzpfSVNDOjExMTExMzQxMzc5MDMyMDA=/?view_single=1,,,,,
vsefalcons,instagram,709fceba-e311-48e7-9057-f54a587abf4a,8374a384-2299-4c9d-8ee2-833003a34902,IG Reel,REEL,12.3.2026 14:25:56,Jsme na místě 🥵,https://www.instagram.com/reel/DVyaBXjiBG4/,,6574,198,1,31
univerzitnihokej,tiktok,01c88cf9-594f-408e-a45a-95114221acae,96ae7fb3-d1d4-4b64-935d-e31cd19b925a,TT Video,VIDEO,19.4.2026 18:24:33,"Výměna studia za stadion, aby audiokniha HR měla tu pravou atmosféru 🎧🔥",https://www.tiktok.com/@univerzitnihokej/video/7630537975536880918?utm_campaign=tt4d_open_api&utm_source=7348986504397455361,,31674,2448,18,822
vsefalcons,instagram,709fceba-e311-48e7-9057-f54a587abf4a,8f328d1a-ab3b-4f6a-9375-1aca4468f424,IG Story,VIDEO,11.7.2026 19:00:37,,https://www.instagram.com/stories/vsefalcons/3939092489113749311,,633,,,2
@hcmuni,facebook,d1f9e9f9-7526-42d4-85aa-13f91e89f7cf,15ce342b-b6eb-4dcb-98e7-a4668294862e,FB Video,VIDEO,11.8.2026 19:04:46,"Back on ice!!🔥 Druhý den tryoutů je za námi a tempo se pořád stupňuje💥 Jede se naplno! 💪🏼

#hcmuni",https://www.facebook.com/reel/1537541280945750/,1520,424,7,,
@bitvaoprahu,facebook,75e0f41f-82be-4f82-a77b-82ac11135ed2,576a5d72-0427-43ce-9ef9-3d59e7eefd57,FB Post,IMAGE,12.3.2026 9:00:08,"Nevíš co na sebe? 😔 Teď už jo! Obleč se do barev tvojí univerzity ať všichni ví, komu fandíš 🫡

Tak co, bude to červená❤️, modrá💙, zelená💚 nebo bílá🤍? 

Finálový večer Bitva o Prahu 🏒
Poslední lístky 👉🏼 bitvaoprahu.cz🎟️",https://www.facebook.com/1441262177797849/posts/1419535129970554,167,,,,
@cvutengineers,instagram,11963a07-7f0f-48e6-9d81-aa63a7ff4a04,a375eac8-45f8-4e55-b866-7732cd9b7c36,IG Story,VIDEO,22.9.2026 16:29:51,🔥 🔥 NOVÝ DRESY NESKUTEČNĚ HOT,https://www.instagram.com/stories/cvutengineers/3991925243538881593,,1399,,,1
@218107044725785,facebook,7a942e3e-6c47-4794-9ba7-bbc7b6d40cb3,b4feea3b-e737-4a0d-bd8e-0f2b101991eb,FB Post,IMAGE,26.9.2026 13:53:13,"The Semester Opener was one big party and the atmosphere was absolutely crazy. Let’s do it all over again!

This time we’re taking you on a trip around the world 🌍 with songs and activities from all your home countries, an intermission quiz, fan competitions and our Falcons merch on sale 🤩

6/10 | 20:00 | Ice Arena Kateřinky

This game is powered by our general partner Grant Thornton CZ 🔋

See you! 👋🏼",https://www.facebook.com/122282816036218300/posts/122308955114218300,3139,,4,,
@BOhokej,facebook,c9082543-a03b-490f-8f97-66d439acce89,9a56df9a-200c-4bce-9df1-838c6d6d178a,FB Post,IMAGE,21.9.2026 15:33:18,"Dneska slaví narozeniny Sedlo! 🦈

Všechno nejlepší, Adame 🎉",https://www.facebook.com/1477974067675582/posts/1635711035235217,239,,1,,
@united_hk,instagram,b18c071b-0570-48b2-b743-990c668c3c5b,526238c9-6d73-4079-aae8-829e5ea46176,IG Story,VIDEO,22.4.2026 18:31:12,,https://www.instagram.com/stories/united_hk/3881095492662773263,,331,,,
@riderspardubice,instagram,4d6a67ab-9313-4f77-a82e-abb18adbca5d,12b87318-ea0a-4920-901b-c804856eba44,IG Post,IMAGE,10.3.2026 19:51:31,"Další venkovní zápas!🤩

Venkovní zápas
🗓️ 17.3. v 19:30
📍 v RT Torax Arena 
⚔️ proti @boostrava 

#venkovnízápas#riders",https://www.instagram.com/p/DVt1vuekXcM/,,2425,34,,4
@united_hk,instagram,b18c071b-0570-48b2-b743-990c668c3c5b,3053a140-43e8-476e-9b52-ad3040f38bf3,IG Story,IMAGE,14.9.2026 16:54:35,,https://www.instagram.com/stories/united_hk/3986139479455947169,,489,,,1
vsefalcons,instagram,709fceba-e311-48e7-9057-f54a587abf4a,5718cd43-4628-48d3-9358-942592bc3e65,IG Story,VIDEO,24.4.2026 7:52:14,,https://www.instagram.com/stories/vsefalcons/3882223451838632451,723,822,,,5
@hcmuni,facebook,d1f9e9f9-7526-42d4-85aa-13f91e89f7cf,6b4c878d-a278-4ed4-8c81-a23f95bd3aa6,FB Video,VIDEO,17.3.2026 10:50:41,"Bez tebe to nebude ono! Doraz ve středu na tribuny!! ⚔️🔥
Vidíme se v 19:30 na Lužánkách 📍

Lístky koupíš v biu 🎟️

#hcmuni",https://www.facebook.com/reel/940613421851062/,1885,568,6,,
vsefalcons,instagram,709fceba-e311-48e7-9057-f54a587abf4a,c28b3fe2-35f4-4656-ac02-9bc3f4cdc0a8,IG Story,IMAGE,22.9.2026 17:09:17,"a vyhraj tablet, sluchátka, powerbanku a další TIPNI STŘELCE PRVNÍHO GÓLU
u @grantthorntoncz stánku 🔥 🤩",https://www.instagram.com/stories/vsefalcons/3991945077036490054,,1570,,,2
@univerzitnihokej,instagram,1e114592-3529-4cfe-9977-2598454053af,d78e60da-84db-4c63-80df-52682767867b,IG Story,VIDEO,1.4.2026 4:03:19,,https://www.instagram.com/stories/univerzitnihokej/3865438512690531392,,1460,,,3
@akademiciplzen,instagram,65494228-95bf-4f7b-8e68-d47d7262db66,39fe3035-9515-4bf8-8509-d965ef3919a1,IG Story,IMAGE,22.9.2026 13:23:02,"KAMPUS BORY 📍 @rokjedna_zcu 
@zcuplzen  PŘIJĎ SI VYSTŘELIT LÍSTEK ZDARMA NA PRVNÍ ZÁPAS! 🎫",https://www.instagram.com/stories/akademiciplzen/3991831241803602335,,2022,,,15
@riderspardubice,instagram,4d6a67ab-9313-4f77-a82e-abb18adbca5d,854991af-e068-4951-9702-e3b6117a9c82,IG Story,VIDEO,10.9.2026 10:00:51,,https://www.instagram.com/stories/riderspardubice/3983032126123663113,,2591,,,2
vsefalcons,instagram,709fceba-e311-48e7-9057-f54a587abf4a,61a3e84c-e757-4625-80b0-3d82d98026c4,IG Post,IMAGE,6.7.2026 8:00:03,"GraduATE! 🤓

S koncem akademického roku tu máme jednu příjemnou povinnost a to pogratulovat těm, kteří v uplynulých dnech úspěšně zvládli státnice 📚

Patří vám obrovské uznání, že jste dokázali skloubit náročnou sezónu s plněním akademických povinností a došli si pro zasloužené tituly 🏆

V týmu máme opět o něco více vysokoškolsky vzdělaných hlav, kterým přejeme mnoho úspěchů v další kapitole studia i kariéry! 🎓",https://www.instagram.com/p/DacacIEDlAB/,,24431,460,8,88
@united_hk,instagram,b18c071b-0570-48b2-b743-990c668c3c5b,8560af6f-4bd3-47a9-9f60-7f6583d24749,IG Story,VIDEO,22.4.2026 18:32:19,,https://www.instagram.com/stories/united_hk/3881096052451362688,,320,,,
@univerzitnihokej,facebook,01b45180-0b14-4a14-96e8-d0a4bab1fb9f,04d75656-60f8-4a84-8bb1-f5c409b0fda0,FB Video,VIDEO,12.3.2026 16:38:52,"Pražští kluci už okoukali, jak se to v Brně dělá 💋",https://www.facebook.com/reel/1117565137163537/,1769,648,9,,
@riderspardubice,instagram,4d6a67ab-9313-4f77-a82e-abb18adbca5d,9e96651b-4f7c-439f-92e7-7dcc9112aab6,IG Story,VIDEO,12.4.2026 13:58:02,🎟️,https://www.instagram.com/stories/riderspardubice/3873710367465825468,,1223,,,1
@unitedhk,facebook,bfe6cc29-a387-41b9-9bca-b077722556af,f0594217-1ef2-4b00-87a7-e754f860b20b,FB Post,IMAGE,9.4.2026 12:41:55,"Každá sezona přináší i loučení v Univerzitní hokej.

Od další sezony s námi nebudou pokračovat Jakub Kochan, Marek Ladman, Vladimír Mičian, Jiří Šrámek a Tomáš Teuber.

Děkujeme za čas, energii, zápasy, kabinu i všechno, co jste do UNIted HK vložili.
Každý z vás zanechal v našem týmu svoji stopu a byl součástí cesty, kterou jsme za první roky klubu společně prošli.

Díky, chlapi.
🖤🧡

#unitedhk #unihokej #hokej",https://www.facebook.com/122180651084388974/posts/122180838314388974,1123,,9,,
@boostrava,instagram,1176ddaf-d366-48a2-9639-3c6694c72c85,19567f7f-1e1d-4beb-a1af-2c4e7b006f76,IG Story,VIDEO,17.9.2026 18:24:57,"KDYŽ DÁM GÓL, PUSŤ MI TAM TUHLE 😜 @djanecek_ :",https://www.instagram.com/stories/boostrava/3988359375051613026,,553,,,7
@univerzitnihokej,facebook,01b45180-0b14-4a14-96e8-d0a4bab1fb9f,6a47d997-7f57-4aac-a140-5ce5ef0be1f4,FB Story,VIDEO,3.10.2026 9:27:38,,https://facebook.com/stories/111014331220088/UzpfSVNDOjExMTQwODg2NDEwMTg0Nzg=/?view_single=1,,,,,
@riderspardubice,instagram,4d6a67ab-9313-4f77-a82e-abb18adbca5d,8679ba03-5b2b-4ebf-aa52-e36c8134301a,IG Story,VIDEO,21.9.2026 17:02:19,Fanoušci ready😍🔥,https://www.instagram.com/stories/riderspardubice/3991216795092016773,,1060,,,7
@riderspardubice,instagram,4d6a67ab-9313-4f77-a82e-abb18adbca5d,bf0f61d1-d9ac-4182-b6b2-6dc119e50ee6,IG Story,IMAGE,12.4.2026 11:00:21,,https://www.instagram.com/stories/riderspardubice/3873620936088120486,,1430,,,
@riderspardubice,instagram,4d6a67ab-9313-4f77-a82e-abb18adbca5d,c818e4b9-45cb-4071-bec8-16a9a317f51d,IG Reel,VIDEO,19.9.2026 14:06:44,"🚨UŽ V PONDĚLÍ TO VYPUKNE!

V pondělí 21. září přivítáme na led @vste_blackdogsbudweis 🔥
 
Partnerem zápasu je @biolifeplazmacentrum a můžete se těšit na kvíz a na soutěž na ledě!👀

📅KDY: 21. září v 19:30
📍KDE: enteria arena 

🎟️ Vstupenky najdeš v BIU, tak nabíhej tam a nenech si ujít nejlepší start semestru!😍

PS: po zápase afterparty v @dydybaba 🤭",https://www.instagram.com/reel/DdeKNybojB6/,,7198,99,,20
vsefalcons,instagram,709fceba-e311-48e7-9057-f54a587abf4a,15a00091-9aab-4134-a436-e13d5f9c39cd,IG Post,IMAGE,23.6.2026 18:51:08,"Letošní sezónu jsme oficiálně uzavřeli na slavnostním galavečeru ⭐️

Zavzpomínali jsme na to nejlepší z ledu i mimo něj, ocenili nejúspěšnější hráče a rozloučili se s těmi, kteří nás opouští. Kromě hokeje šlo ale hlavně o to být spolu, utužit vztahy a připomenout si, že Falcons jsou víc než jen tým. 🤝🏼",https://www.instagram.com/p/DZ8GippiHpX/,,7701,195,2,36
@hcnorthwings,facebook,2b08a479-603b-46e4-8a48-2bc0435ccd53,598605a1-6d0f-467e-a579-b92412b8dd1b,FB Post,IMAGE,19.4.2026 16:59:42,"SEZÓNA 2025/2026 OFF 
Univerzitní liga již zná vítěze letošní sezóny 👑 a tím pro nás ofiko končí tento ročník 🔚
Díky všem 🫶 kteří se na něm podíleli a velké díky patří samotným hráčům, že to nevzdali a bojovali až do posledního kola 💛💙
Vidíme se v sezóně 2026/2027 🏒
#univerzitnihokej #myjsmeujep #hcnorthwings #icehockey",https://www.facebook.com/1583651910433365/posts/1600085498790006,2706,,22,,
@cvutengineers,instagram,11963a07-7f0f-48e6-9d81-aa63a7ff4a04,6f3c126d-bc95-4fb0-b22e-bdb9e344f20b,IG Story,VIDEO,8.4.2026 17:40:32,VÍTEJTE V MODRYM PEKLE 😈,https://www.instagram.com/stories/cvutengineers/3870923303108229836,,1011,,,1
@univerzitnihokej,instagram,1e114592-3529-4cfe-9977-2598454053af,ed225584-3d92-4b2c-8362-876f4e0136d4,IG Reel,VIDEO,5.3.2026 19:01:38,"Je hladoveeej🤤🤤

#zott #zotthungry #zotthungrydrinkthis",https://www.instagram.com/reel/DVg37IdCCB2/,,9321,216,6,43
@vutcavaliersbrno,instagram,b384bebf-72f3-4f9d-8b2d-3677709f6966,0ad40bda-2318-4e14-bb0b-63964cf6eb87,IG Story,VIDEO,29.9.2026 19:46:58,@valent.dominik 🏒,https://www.instagram.com/stories/vutcavaliersbrno/3997097926962184812,,738,,,2
@vutcavaliersbrno,instagram,b384bebf-72f3-4f9d-8b2d-3677709f6966,224f473a-9b2d-446f-bb26-e5548a3b9c85,IG Story,VIDEO,16.9.2026 15:22:18,"příprava na běh 
VUT míle",https://www.instagram.com/stories/vutcavaliersbrno/3987542633374834032,,654,,,1
@hc_muni,instagram,43cd62c8-609d-4ea6-8ce9-cae5242ede0c,530841b7-a171-42fb-96a3-4e9a6d363d79,IG Post,IMAGE,10.4.2026 14:43:21,"Stehlík&Bros zahrají pro dobrou věc 🎶 💙 
Podpořte spolu se zakladatelem HC MUNI @stehla81 malého Honzíka, který od narození bojuje se vzácným genetickým onemocněním 🥹 Každý příspěvek mu pomůže na cestě k potřebným terapiím či pomůckám. Přispět můžete skrze QR kód ve stories. 
Předem moc děkujeme 🧸

#desetfakultjednarodina",https://www.instagram.com/p/DW9HXEIjBUY/,,3629,46,,10
@unitedhk,facebook,bfe6cc29-a387-41b9-9bca-b077722556af,80f0d0ee-3194-4940-a521-ca091a259bd7,FB Story,IMAGE,26.9.2026 13:07:34,,https://facebook.com/stories/122099775710388974/UzpfSVNDOjE1NjQyMjg5NzE1MjA2MTc=/?view_single=1,,,,,
@cvutengineers,instagram,11963a07-7f0f-48e6-9d81-aa63a7ff4a04,9090ab2a-7dc7-46aa-ae14-4df0d351ae54,IG Story,VIDEO,12.4.2026 6:28:41,1. VLNA NEJLEVNĚJŠÍCH LÍSTKŮ KONČÍ UŽ DNES  VYUŽIJ KÓD ENGFANS,https://www.instagram.com/stories/cvutengineers/3873484208304032151,,1145,,,7
@univerzitnihokej,facebook,01b45180-0b14-4a14-96e8-d0a4bab1fb9f,9d5baab9-c755-44c6-ae4c-438f25039b5a,FB Video,VIDEO,12.3.2026 21:13:07,"Sice prohrávají, ale slavit umí…🔥",https://www.facebook.com/reel/822241420134224/,205,79,1,,
@unitedhk,facebook,bfe6cc29-a387-41b9-9bca-b077722556af,a34c6dd8-8195-499f-936c-3dc4c1bb8d3d,FB Story,VIDEO,10.8.2026 19:13:40,,https://facebook.com/stories/122099775710388974/UzpfSVNDOjE3MjUxODAyODUyMDQ1MTQ=/?view_single=1,,,,,
@218107044725785,facebook,7a942e3e-6c47-4794-9ba7-bbc7b6d40cb3,b07ca80f-abac-4b9d-8186-42aceeb3e40b,FB Post,IMAGE,21.4.2026 18:39:25,"Druhá sezóna, podruhé v TOP 4 a letos rovnou s medailema na krku🥉

Byla to horská dráha a velký počet zranění nám nic neulehčoval. Sice jsme nedoletěli až na samotný vrchol, ale to, co jsme během té cesty vytvořili, má pro nás mnohem větší hodnotu.

Děkujeme všem, kteří byli součástí - fanouškům z našeho hnízda za podporu, partnerům za důvěru a všem ostatním, kteří za námi stáli - ať už na ledě nebo mimo něj. 🩵 Loučíme se a už se těšíme, co přinese příští sezóna… protože my letíme dál Vzhůru k výškám 👆🏼

Go Falcons! 🦅",https://www.facebook.com/122282816036218300/posts/122285181680218300,1620,,37,,
@univerzitnihokej,facebook,01b45180-0b14-4a14-96e8-d0a4bab1fb9f,b04f7ba1-ea67-44d3-a223-75cc41e641be,FB Video,VIDEO,29.7.2026 17:09:26,"Kolej? Menza? Permanentka na desítky let? Zjistili jsme, co všechno by si za výhru mohl dovolit 😄
Mít účet u ČSOB se prostě vyplácí a na další sezónu s nimi chystáme ještě víc benefitů a odměn pro fanoušky ULLH 👀
Díky @csob, generálnímu partnerovi ULLH 🩵",https://www.facebook.com/reel/1065389443109879/,581,199,1,,
@bitvaoprahu,facebook,75e0f41f-82be-4f82-a77b-82ac11135ed2,e808efa3-9166-4e3f-aaa9-37d33ebbaeb5,FB Video,VIDEO,12.3.2026 18:20:02,"FALCONS JSOU BLÍZKO! 🦅🥉

Finálový večer @bitvaoprahu můžete sledovat živě na @sport_ct ➕. 📺",https://www.facebook.com/reel/1479012263830385/,137,33,,,
@united_hk,instagram,b18c071b-0570-48b2-b743-990c668c3c5b,3436c184-edda-49c2-ae22-baa21902d8b7,IG Story,VIDEO,15.9.2026 14:36:34,@ifmsa_cz_hk  @asociace_studentu_mediciny  DNES ROZDÁVÁME HOKEJOVOU RADOST BUDOUCÍM LÉKAŘŮM 🏒 🥼,https://www.instagram.com/stories/united_hk/3986794782487231948,,1018,,,11
@united_hk,tiktok,7e062517-b9da-416d-b73d-a2c5899a2be6,3aeec7da-13ba-4804-a852-c78db08e24bd,TT Video,VIDEO,15.9.2026 12:33:14,Tak na co ještě čekáš?👀 #unitedhk #uhk #hradeckralove #unihokej ,https://www.tiktok.com/@united_hk/video/7685739115404446998?utm_campaign=tt4d_open_api&utm_source=7348986504397455361,,3622,220,2,18
@akademiciplzen,instagram,65494228-95bf-4f7b-8e68-d47d7262db66,3c43234e-64a2-4de8-afdb-4fe4b641fe42,IG Story,VIDEO,22.9.2026 16:52:08,📋 🖊️ @fousek_dan @fanda__19 @max2sousa @michael.balak @ales_hofi @dejv_hynek @k.sieger @_vaclav_smid_ @_kraatass_19 @pida_vojacek @alesmazi_10 @nastoupil_filip,https://www.instagram.com/stories/akademiciplzen/3991936446415766591,,2588,,,9
@riderspardubice,instagram,4d6a67ab-9313-4f77-a82e-abb18adbca5d,b91b56bb-e679-4e40-8698-c86e05e900f7,IG Story,IMAGE,17.4.2026 20:45:55,,https://www.instagram.com/stories/riderspardubice/3877539546766561999,,570,,,
@univerzitnihokej,facebook,01b45180-0b14-4a14-96e8-d0a4bab1fb9f,48165b2c-7bfc-4a20-8624-aff47bda68eb,FB Post,IMAGE,18.4.2026 19:16:28,Šampioni si navíc odnáší šek od našeho partnera @b_hockey_czech 🙌🏻,https://www.facebook.com/1275398168115026/posts/1289214493400060,1467,,14,,
@cvutengineers,instagram,11963a07-7f0f-48e6-9d81-aa63a7ff4a04,559a9ae3-f2a1-4aa4-870b-97f0936b3555,IG Reel,VIDEO,1.10.2026 14:24:10,"Na příští středu je plán na večer jasnej. ✅

📅 7. 10. | ⏰ 19:45 | 📍Zimní stadion Hvězda 

Vidíme se na (plný) tribuně! 
🎟️Lupeny v aplikaci UniLife

#engprg",https://www.instagram.com/reel/Dd9HLR7MhBS/,,6769,166,,16
@boostrava,instagram,1176ddaf-d366-48a2-9639-3c6694c72c85,5cc5ae08-92f9-4f6d-a29e-f987d7bfc650,IG Story,VIDEO,20.8.2026 8:26:48,PRVNÍ ZÁPAS SEZÓNY JE TADY!,https://www.instagram.com/stories/boostrava/3967764503894737379,,793,,,2
@riderspardubice,facebook,f99ed6c3-17cc-46f4-a32e-d9b0576ce2df,b1d0eca8-8461-4a30-9c0d-ce74f133b327,FB Video,VIDEO,27.4.2026 10:50:50,"Tahle jízda je u konce! Děkujeme všem za neskutečnou podporu. 🐎 Tato sezóna byla naprosto unikátní – zažili jsme historicky první Final Four a Riders u toho nesměli chybět!

P.S.: Jak teď máme bez těch hezkých hokejistů jako žít? Ptám se pro kamarádku... 🙋‍♀️",https://www.facebook.com/reel/1398184518993354/,246,110,3,,
@akademiciplzen,instagram,65494228-95bf-4f7b-8e68-d47d7262db66,ceeea672-9aa5-4fb0-84f6-36510015ae9b,IG Story,VIDEO,1.4.2026 17:40:46,,https://www.instagram.com/stories/akademiciplzen/3865849939108876522,,1234,,,
@boostrava,instagram,1176ddaf-d366-48a2-9639-3c6694c72c85,0a26bcd0-1bde-4f15-b00f-1c20fbeaea83,IG Story,IMAGE,28.9.2026 18:03:45,,https://www.instagram.com/stories/boostrava/3996321141962358999,,350,,,1
@riderspardubice,facebook,f99ed6c3-17cc-46f4-a32e-d9b0576ce2df,4ebd2af8-52c9-498e-8e7b-40124a6deca3,FB Post,IMAGE,14.3.2026 17:01:12,"V dresu Riders 23. března uvidíme naposledy na ledě i @daniel.skryp 👏

Přijďte se s nim rozloučit a vytvořit mu na posledním domácím zápase nezapomenutelnou atmosféru! 🔥

Vstupenky koupíte přes odkaz v BIU s kódem “skryp20” dokonce s 20% slevou! 🎟️",https://www.facebook.com/1592662819534019/posts/1576340554499579,175,,,,
@AkademiciPlzen,facebook,d87b94e3-03e8-45d0-b92e-75e9b819545c,2beb683f-6d23-4a17-8155-2f03bba745b4,FB Video,VIDEO,10.3.2026 14:17:13,,https://www.facebook.com/reel/898057106377257/,915,378,13,,
@cvutengineers,instagram,11963a07-7f0f-48e6-9d81-aa63a7ff4a04,57a363f2-ac36-40fc-b6c2-e9a3f9133c6f,IG Post,PHOTO,26.3.2026 11:50:15,"JE TO TADY 🫨
Včerejší výhrou jsme potvrdili naše umístění a teď nás čeká jeden zásadní zápas FINÁLE PLAY-IN, kde budeme bojovat o místo ve FINAL FOUR ⚔️

Soupeře zatím neznáme, ale ať to bude kdokoliv, dáme do toho všechno 🦁

Budeme vás potřebovat, protože teď… jde o všechno.
8. 4. | ZS Hvězda | 20:00
🎟️ Lupeny na enigoo.cz",https://www.instagram.com/p/DWWJRIqjGix/,,10284,186,2,77
@univerzitnihokej,instagram,1e114592-3529-4cfe-9977-2598454053af,46c3176f-c408-411b-b7da-81395c6bdf2c,IG Story,IMAGE,12.8.2026 20:46:20,NOVÁ TRENÉRSKÁ POSILA @blackdogsbudweis_vste 🐺,https://www.instagram.com/stories/univerzitnihokej/3962338516420096013,,719,,,
@univerzitnihokej,facebook,01b45180-0b14-4a14-96e8-d0a4bab1fb9f,6ce2c0a4-b7a4-41e4-b8a4-080aca5c40e8,FB Post,IMAGE,17.3.2026 21:29:44,Riders dnes přehráli BOčko a vezou si do Pardubic cenné 3 body! 💪🏼,https://www.facebook.com/1275398168115026/posts/1263652705956239,456,,2,,
@boostrava,instagram,1176ddaf-d366-48a2-9639-3c6694c72c85,7983c070-6fca-4351-bb4b-5332f8f5f17d,IG Story,VIDEO,10.9.2026 17:32:29,,https://www.instagram.com/stories/boostrava/3983259495400496744,,537,,,2
@riderspardubice,facebook,f99ed6c3-17cc-46f4-a32e-d9b0576ce2df,c0c6c039-25b3-477d-897f-0af547d70604,FB Post,PHOTO,31.3.2026 21:26:29,Postupujeme do finále Play-in!!!!!!,https://www.facebook.com/1592662819534019/posts/1592385799561721,682,,17,,
@bitva_o_budejce,instagram,f977c0af-061e-4c10-813f-da5818f8a748,00255381-578f-4f22-88a5-f26201652c1f,IG Post,IMAGE,8.9.2026 8:00:03,"POZNÁVÁŠ TEN MOMENT? 👀

Loňská Bitva byla 🔥
A letos? 👀

JU × VŠTE
4. 11. 2026 🏒💥

10/10 momenty. 🤫 

#BitvaOBudějce #JUxVŠTE #Budějce #ČeskéBudějovice #JihočeskáUniverzita",https://www.instagram.com/p/DdBNPRZFcqM/,,7342,121,,26
@univerzitnihokej,instagram,1e114592-3529-4cfe-9977-2598454053af,0439dc24-dae2-4fc4-bf2f-4d28ba22658e,IG Story,VIDEO,15.4.2026 18:43:17,👀 CHYSTÁME,https://www.instagram.com/stories/univerzitnihokej/3876028044552983420,,942,,,1
@bitvaoprahu,facebook,75e0f41f-82be-4f82-a77b-82ac11135ed2,801a1395-2928-4711-95b0-16b96cec65c4,FB Video,VIDEO,12.3.2026 23:12:53,"Inspirovat se je třeba od těch nejlepších. 👀

Za předání plyšáků od @csobcz 🩵 našim stříbrným medailistům děkujeme @classictomas z @puk_pak_pivo . 🤝🏼 #bitvaoprahu",https://www.facebook.com/reel/937052182189705/,199,44,2,,
@bitvaoprahu,instagram,d7c8aa06-74fb-4c6c-a7d2-c2fe1bf6d59c,ac5530b7-e568-463e-a49e-7417262897e9,IG Story,IMAGE,1.10.2026 11:05:07,JE TU NĚKDO? 🧐 HALÓÓÓ,https://www.instagram.com/stories/bitvaoprahu/3998284766343026924,,4201,,,215
@hcnorthwings,facebook,2b08a479-603b-46e4-8a48-2bc0435ccd53,d5c697ae-316a-4fae-b0fe-37faf2600aff,FB Story,VIDEO,4.3.2026 13:42:45,,,,,,,
@univerzitnihokej,facebook,01b45180-0b14-4a14-96e8-d0a4bab1fb9f,f6519fb6-d45f-48d1-aae0-9ea3aec1a5d7,FB Post,IMAGE,4.3.2026 14:35:04,"S účtem u ČSOB dostaneš z afterparty Jarní bitvy v Plzni zpět 2️⃣0️⃣% z útraty.

Stačí si založit účet u @csobcz přes odkaz v našem biu.
Afterparty může bolet, účet už o něco míň. 😏",https://www.facebook.com/1275398168115026/posts/1253700486951461,235,,,,
@riderspardubice,instagram,4d6a67ab-9313-4f77-a82e-abb18adbca5d,47e0bb3b-b9cf-4cfb-bd57-5923ced1fe84,IG Story,VIDEO,8.4.2026 18:11:42,,https://www.instagram.com/stories/riderspardubice/3870938954640165019,,624,,,
@bitva_o_budejce,instagram,f977c0af-061e-4c10-813f-da5818f8a748,83b8e533-9124-4b26-bc9b-993d34cf7e7d,IG Story,VIDEO,25.9.2026 11:38:33,,https://www.instagram.com/stories/bitva_o_budejce/3993952936472103504,,422,,,1
@vutcavaliersbrno,instagram,b384bebf-72f3-4f9d-8b2d-3677709f6966,d62d146d-56d8-4ed1-a770-8b9b7e7e90fa,IG Story,VIDEO,22.9.2026 17:43:25,,https://www.instagram.com/stories/vutcavaliersbrno/3991962268513894173,,639,,,
@AkademiciPlzen,facebook,d87b94e3-03e8-45d0-b92e-75e9b819545c,5eaece43-dfb7-4bb7-9e7c-f1277e7bc8c5,FB Video,VIDEO,15.4.2026 13:44:18,"Kuba VS. Mája ⚔️

Porovnali jsme síly dvou přeborníků na ledě – hokejisty a krasobruslařky! 🧊

Disciplíny nám nadiktovaly nápoje Zott (a že to nebyla žádná sranda 😄), takže po výkonu přišla i zasloužená odměna.

Kdo tenhle battle ovládl? 👀👇🏻

#zott #zotthungry #hungrydrinkthis",https://www.facebook.com/reel/1909790429679691/,1988,793,16,,
@cvutengineers,instagram,11963a07-7f0f-48e6-9d81-aa63a7ff4a04,b9551a96-7809-4f40-80dc-68117df2c943,IG Story,VIDEO,8.4.2026 18:58:06,1 1,https://www.instagram.com/stories/cvutengineers/3870962295379917240,,889,,,2
@united_hk,instagram,b18c071b-0570-48b2-b743-990c668c3c5b,9293294e-98d2-4400-a29c-bb8368e9bdb9,IG Story,VIDEO,14.9.2026 14:06:42,,https://www.instagram.com/stories/united_hk/3986054975586835263,,524,,,
@univerzitnihokej,facebook,01b45180-0b14-4a14-96e8-d0a4bab1fb9f,fc4ed8ef-fe88-40db-ac78-71bfe0f8d806,FB Video,VIDEO,25.3.2026 13:03:49,"Minulou sezonu si výherkyně odnesla šek na čtvrt milionu od ČSOB. 💙 Letos hrajeme o 1️⃣0️⃣0️⃣ 0️⃣0️⃣0️⃣ Kč.

Kdo je získá tentokrát? 👀

🔗 Založ si účet u ČSOB přes odkaz v našem biu a možná to budeš právě ty. 🫵🏻",https://www.facebook.com/reel/1454315606492034/,1590,662,1,,
@boostrava,instagram,1176ddaf-d366-48a2-9639-3c6694c72c85,3b20dcb7-52fd-46ad-98e0-9952c33301e6,IG Story,VIDEO,26.9.2026 11:59:32,,https://www.instagram.com/stories/boostrava/3994688271900517939,,555,,,1
@riderspardubice,instagram,4d6a67ab-9313-4f77-a82e-abb18adbca5d,6e230508-d91b-435e-be31-f7e9b3263005,IG Story,VIDEO,30.9.2026 17:42:28,,https://www.instagram.com/stories/riderspardubice/3997759985283085040,,582,,,
@univerzitnihokej,instagram,1e114592-3529-4cfe-9977-2598454053af,9021c2e5-a4ff-4cb0-89f9-587d4eaccc8d,IG Story,VIDEO,22.9.2026 13:58:54,,https://www.instagram.com/stories/univerzitnihokej/3991849915625541136,,1732,,,
@riderspardubice,instagram,4d6a67ab-9313-4f77-a82e-abb18adbca5d,4e8e17e2-a2b0-4ec4-89b9-919a58f0f3f1,IG Story,VIDEO,17.4.2026 17:12:56,STOLÍN,https://www.instagram.com/stories/riderspardubice/3877432241563685278,,846,,,2
@vutcavaliersbrno,instagram,b384bebf-72f3-4f9d-8b2d-3677709f6966,51a72107-c84a-4a23-baa8-555fbfc33493,IG Story,VIDEO,13.9.2026 16:25:47,střely na bránu 🏒 @vojtechkleofas,https://www.instagram.com/stories/vutcavaliersbrno/3985400246301101327,,674,,,1
@riderspardubice,instagram,4d6a67ab-9313-4f77-a82e-abb18adbca5d,ecedb62d-0325-48bf-baee-cba43c57453c,IG Post,IMAGE,13.3.2026 17:04:42,"Soutěž o voucher pro tři osoby do SKYBOXu od @enteria_holding 🤩🥂

Označ v komentářích dva kamarády, se kterými bys zašel na Last Dance a příští týden ve čtvrtek vyslovujeme dva výherce voucherů, kteří si užijí poslední zápas semestru s jedinečným výhledem! 👏🥳

*podmínkou účasti je zveřejnění jednoho stories ze skyboxu během zápasu na vaše sociální sítě s označením účtu @riderspardubice a @enteria_holding",https://www.instagram.com/p/DV1Q46kDCbV/,,4575,70,68,32
@engineersprague,facebook,afd06d1d-7b1c-4f66-8d93-ce4255ab773c,dadde0f8-7cf6-4129-8fc0-491147c2f956,FB Post,IMAGE,24.9.2026 9:59:51,"Naše zóna na Strahov OpenAir 2026 nemohla chybět! 🦁🏒
Mohli jste ulovit náš merch nebo otestovat svou mušku střelou na bránu. 🎯
Díky všem, kdo se za námi zastavili! 🧡💙",https://www.facebook.com/1560924572517692/posts/1725686379374843,768,,7,,
@united_hk,instagram,b18c071b-0570-48b2-b743-990c668c3c5b,2746d1b7-e01e-499d-84bf-b21633d39227,IG Story,VIDEO,25.4.2026 14:27:08,návštěva až ze Slovenska 🇸🇰,https://www.instagram.com/stories/united_hk/3883146817454008943,,748,,,1
@univerzitnihokej,instagram,1e114592-3529-4cfe-9977-2598454053af,56aeebbe-45e7-4701-9009-b5441f5504b6,IG Story,VIDEO,31.3.2026 21:17:11,,https://www.instagram.com/stories/univerzitnihokej/3865234095257169854,,514,,,
@vutcavaliersbrno,instagram,b384bebf-72f3-4f9d-8b2d-3677709f6966,cfe161f6-2f3b-44fb-a610-ade05c4e90fe,IG Story,VIDEO,29.9.2026 17:21:19,,https://www.instagram.com/stories/vutcavaliersbrno/3997024593876927334,,555,,,
vsefalcons,instagram,709fceba-e311-48e7-9057-f54a587abf4a,a33c7331-c28e-4a88-9671-a94aca721c9b,IG Story,VIDEO,24.3.2026 19:56:59,"Líp bychom to
neřekli Hroudis… 🫣",https://www.instagram.com/stories/vsefalcons/3860120335706231820,779,639,,,3
@riderspardubice,instagram,4d6a67ab-9313-4f77-a82e-abb18adbca5d,dbb9a04c-92d9-4d59-95e5-c0d50bc0db04,IG Story,VIDEO,28.9.2026 15:11:21,MAKÁME🔥,https://www.instagram.com/stories/riderspardubice/3996234421321073915,,649,,,
@bitvaoprahu,instagram,d7c8aa06-74fb-4c6c-a7d2-c2fe1bf6d59c,63bdf197-bbd6-4941-9d2e-09e6a7cd00cc,IG Post,IMAGE,10.4.2026 13:37:54,"Bitva o Prahu v Edenu?! 🫨

Už příští týden se odehraje Final Four, kde čtyři nejlepší týmy budou bojovat o titul mistra 🏆 a rovnou tři z nich dobře znáte 😏

Ať už jsi fanoušek Falcons, Kings nebo Engineers, pojď podpořit svůj tým na nejdůležitější akci sezóny 🔥

Lístky v prodeji na finalfour.cz 🎟️",https://www.instagram.com/p/DW8_3tVDH-d/,,20220,315,2,54
@unitedhk,facebook,bfe6cc29-a387-41b9-9bca-b077722556af,c1d52618-4c7a-440f-8534-29e85129e58e,FB Post,IMAGE,29.9.2026 11:12:02,"ALL FOR UNITED.

Víc než hokej. Jedna identita.

UNIted HK spojuje studenty napříč školami, fakultami i obory. Na ledě, v hledišti i mimo arénu chceme fungovat jako jeden celek.

Proto ALL FOR UNITED.

#allforunited",https://www.facebook.com/122180651084388974/posts/122194681958388974,172,,1,,
@cvutengineers,instagram,11963a07-7f0f-48e6-9d81-aa63a7ff4a04,f6eba02b-ef3c-43f5-8441-a94184499bda,IG Story,IMAGE,22.8.2026 18:39:17,@diego.perez__05,https://www.instagram.com/stories/cvutengineers/3969522321427844306,,803,,,1
@univerzitnihokej,facebook,01b45180-0b14-4a14-96e8-d0a4bab1fb9f,b8486c0b-516c-46b0-8ed6-6e92fa4d9d1d,FB Post,IMAGE,8.4.2026 7:40:40,"Po páté v letošní sezoně se střetnou Black Dogs s Falcons 😮‍💨 Tentokrát jde o všechno, protože vítěz postupuje do @unihokejfinalfour 🎟️

Komu budete dneska fandit? 👇🏻",https://www.facebook.com/1275398168115026/posts/1281024404219069,314,,,,
@univerzitnihokej,facebook,01b45180-0b14-4a14-96e8-d0a4bab1fb9f,e1e4c68b-86b7-4103-9503-89030db1eca7,FB Post,IMAGE,12.4.2026 13:46:12,"RIDERS JSOU VE FINAL FOUR! 🐴

Vyhrávají lucky loser zápas a doplňuji pražskou trojci v boji o titul! 🏆
🗓️16-17. duben | 🏟️ Zimní stadion Eden",https://www.facebook.com/1275398168115026/posts/1284238980564278,1000,,7,,
@riderspardubice,instagram,4d6a67ab-9313-4f77-a82e-abb18adbca5d,63e3ba98-1a0c-42df-b375-69d1708dc2e5,IG Story,VIDEO,26.8.2026 17:12:43,ROZBRUSLENÍ 🔥,https://www.instagram.com/stories/riderspardubice/3972377887952645327,,1012,,,
@riderspardubice,instagram,4d6a67ab-9313-4f77-a82e-abb18adbca5d,7be1c5fa-113d-4d62-a9ba-3f16c58f7301,IG Story,VIDEO,17.4.2026 16:00:18,1:3,https://www.instagram.com/stories/riderspardubice/3877395616288754834,,880,,,
@riderspardubice,instagram,4d6a67ab-9313-4f77-a82e-abb18adbca5d,693e6964-c4d6-4cad-8e7e-88915cacda00,IG Story,VIDEO,2.9.2026 20:06:56,@matejterc 😮‍💨,https://www.instagram.com/stories/riderspardubice/3977539063406252406,,856,,,10
@derbyuniverzit,instagram,be83cfc5-0fa6-4f25-987e-ef890dd591ee,f6f37e50-a3ee-4b81-b4d9-347600448006,IG Story,IMAGE,27.9.2026 12:05:32,,https://www.instagram.com/stories/derbyuniverzit/3995416069333362875,,282,,,1
@hcmuni,facebook,d1f9e9f9-7526-42d4-85aa-13f91e89f7cf,0737d2be-6f94-4105-951c-0526a7d28f6a,FB Story,VIDEO,29.9.2026 17:07:06,,https://facebook.com/stories/107477761381481/UzpfSVNDOjE1NjgzNjc1MzUwOTExMTQ=/?view_single=1,,,,,
@riderspardubice,instagram,4d6a67ab-9313-4f77-a82e-abb18adbca5d,368b81ca-40cd-48ad-984e-77ee99aa5a18,IG Story,VIDEO,12.4.2026 15:07:36,,https://www.instagram.com/stories/riderspardubice/3873745385332427791,,980,,,13
@united_hk,instagram,b18c071b-0570-48b2-b743-990c668c3c5b,7b1ca9bc-70f7-480d-b9a0-b72f1dfe1a9e,IG Story,VIDEO,13.9.2026 15:23:19,🥅 1:0 OTVÍRÁME ZÁPAS!!,https://www.instagram.com/stories/united_hk/3985368826853733715,,628,,,1
@hc_muni,instagram,43cd62c8-609d-4ea6-8ce9-cae5242ede0c,c8e555f4-0e14-4219-b32e-93364e349d02,IG Story,VIDEO,25.8.2026 9:07:13,,https://www.instagram.com/stories/hc_muni/3971408747322848173,,1357,,,4
@boostrava,instagram,1176ddaf-d366-48a2-9639-3c6694c72c85,77e4d844-8691-450a-bc0c-e6a929d3ebc4,IG Story,VIDEO,1.9.2026 5:00:38,,https://www.instagram.com/stories/boostrava/3976358050537411791,,911,,,
vsefalcons,instagram,709fceba-e311-48e7-9057-f54a587abf4a,0c2e803b-9a31-40c7-9649-c1a43276ee83,IG Post,CAROUSEL_ALBUM,7.2.2026 20:38:07,"Ohlédnutí za úterním zápasem 📸

Další zápas už v úterý 10. 2. od 19:45 proti Riders.
Přijďte nás podpořit a užít si hokej ještě před startem školy 🚀💙
📷 @martincacha",https://www.instagram.com/p/DUeGrMJCPut/,,5939,123,,5
@akademiciplzen,instagram,65494228-95bf-4f7b-8e68-d47d7262db66,12852192-17c5-464a-acfa-192a49ff6333,IG Post,IMAGE,1.4.2026 15:03:14,"Hokejem tenhle večer teprve začíná. 🏒 

Ze stadionu se všichni přesouváme na after do No Limitu. Vidíme se tam! 🕺🏼

#akademiciplzen",https://www.instagram.com/p/DWl99syjP-e/,,12247,154,2,102
@univerzitnihokej,facebook,01b45180-0b14-4a14-96e8-d0a4bab1fb9f,1b06fec3-686e-4bd9-b89d-1f3986ca43da,FB Post,IMAGE,27.3.2026 19:04:12,"Základní část skončila ⏩️ začíná Play-In 🔥

Čekají nás semifinálové bitvy, vítězové jdou do finále Play-In. A odtud už vede jediná cesta ➡️ @unihokejfinalfour a boj o absolutního šampiona letošní sezóny! 😮‍💨🏆

Jedna šance. Žádná oprava. 👀",https://www.facebook.com/1275398168115026/posts/1271984115123098,741,,2,,
@unitedhk,facebook,bfe6cc29-a387-41b9-9bca-b077722556af,5c5ffba2-9b36-46fb-a368-9edb4ce7575d,FB Post,IMAGE,13.9.2026 18:03:41,"Přípravné období zakončujeme vítězstvím 🏒

Opole United Hockey Club porážíme 8:4! 

Na start sezóny jsme se naladili přesně tak, jak jsme chtěli.

22.9. první zápas venku a 28.9. první zápas doma - Otvírák sezóny.

Těšíme se na tebe!",https://www.facebook.com/122180651084388974/posts/122193303860388974,222,,6,,
vsefalcons,instagram,709fceba-e311-48e7-9057-f54a587abf4a,71b182f6-ea03-4dcf-93d6-ffb6c3c30b05,IG Story,VIDEO,3.2.2026 18:46:04,POPŘEJ KUBAŤÁKOVI ŠTĚSTÍ DO PRVNÍHO ZÁPASU PO ZRANĚNÍ,https://www.instagram.com/stories/vsefalcons/3824570615319809186,,909,,,
@riderspardubice,facebook,f99ed6c3-17cc-46f4-a32e-d9b0576ce2df,846d2279-7f42-4444-9be4-976c28281e93,FB Post,IMAGE,4.3.2026 8:00:10,"🐱 V pondělí za námi do enteria areny přijedou @blackdogsbudweis_vste! 🐕

A my při této příležitosti společně podpoříme KoČIČÍ depozitum Lovčice! 

Jak můžete opuštěným kočičkám pomoci s námi? 
- přineste s sebou na zápas očičí žrádlo - granule, konzervy, ňaminky 
- přispějte finančním darem - ideálně v hotovosti na místě nebo pomocí QR kódu na kostce.

Minulý semestr jsme pomohli pejskům z @farma_u_veselyho_psa, tak pojďme znovu spojit síly a tentokrát pomoci kočičkám z KoČIČÍ depozitum Lovčice! 

Vstupenky za zapas koupíš přes odkaz v BIU!",https://www.facebook.com/1592662819534019/posts/1567407572059544,1404,,11,,
@united_hk,instagram,b18c071b-0570-48b2-b743-990c668c3c5b,d10a31e0-aad6-4409-a43d-a4ff5b56d25a,IG Post,IMAGE,22.9.2026 8:33:18,"Dnes jdeme poprvé naostro. 🏒

Novou sezónu začínáme venku proti VŠE Falcons.

🕗 20:00
📍 Praha
🏒 VŠE Falcons × UNIted HK

První zápas. První body ve hře.",https://www.instagram.com/p/DdlUKXHIGW9/,,5247,74,1,9
@riderspardubice,instagram,4d6a67ab-9313-4f77-a82e-abb18adbca5d,10733b4b-d158-47cd-8f21-3a72a49e2114,IG Reel,VIDEO,17.4.2026 16:18:38,"Chvilku pro sebe 🫂
@63skorpiz & @radek_bednar_",https://www.instagram.com/reel/DXPTkIuDCJx/,,6947,237,,16
@BOhokej,facebook,c9082543-a03b-490f-8f97-66d439acce89,3d263700-29a7-45ea-b7ab-9618ca3e10b2,FB Story,VIDEO,4.9.2026 7:09:18,,https://facebook.com/stories/100133738792962/UzpfSVNDOjEwOTkyODQ3MDk2Mzc1NzA=/?view_single=1,,,,,
@univerzitnihokej,instagram,1e114592-3529-4cfe-9977-2598454053af,ec0859df-3156-4c50-948f-672a11291fe1,IG Post,IMAGE,23.9.2026 17:21:29,"Mysleli jste si, že jsme oznámili už vše? 😁

🌍 Studuj a hraj, nový projekt s cílem přivést zahraniční studenty hrát univerzitní hokej v Česku.

Vznikl jako výsledek naší inspekční cesty do USA, kde jsme se v říjnu 2025 utkali s Ivy League univerzitami – Cornell, Yale a Brown 🇺🇸

Za projektem stojí Daniel Jochman, který navíc odjíždí na roční výzkumný pobyt na University of Alberta v Kanadě. 🇨🇦

Víc na studyandplay.eu 📲",https://www.instagram.com/p/Ddo1afpiPvr/,,11531,201,,5
@univerzitnihokej,facebook,01b45180-0b14-4a14-96e8-d0a4bab1fb9f,04c3caac-5f7e-4117-b503-dd8ebdaf93ee,FB Post,IMAGE,3.3.2026 21:52:38,Falcons se dnes vyspali lépe než včera a posílají Akademiky zpátky do Plzně bez bodů 🚌,https://www.facebook.com/1275398168115026/posts/1253206820334161,718,,4,,
@engineersprague,facebook,afd06d1d-7b1c-4f66-8d93-ce4255ab773c,21d8a5ce-d89e-435c-b626-b63e555160b2,FB Video,VIDEO,1.10.2026 14:24:21,"Na 7. 10. máte večerní plány jasné! 👀🏒
Startujeme v 19:45 na Hvězdě.
Těšíme se na vaši atmosféru, která nás žene dál! 🫶🏻🔥",https://www.facebook.com/reel/1826452445029181/,345,131,3,,
@univerzitnihokej,instagram,1e114592-3529-4cfe-9977-2598454053af,2647bc0b-c8a2-4cd0-8932-1477ebbe1105,IG Post,IMAGE,10.4.2026 14:11:57,Směr cesty 16. a 17.4. je jasnej! ➡️ @unihokejfinalfour 📍Zimní stadion Eden,https://www.instagram.com/p/DW9DxBKCLfC/,,15024,344,,3
@riderspardubice,instagram,4d6a67ab-9313-4f77-a82e-abb18adbca5d,2e325bea-eb59-4a39-9e14-f4117bede240,IG Story,VIDEO,13.4.2026 10:13:26,,https://www.instagram.com/stories/riderspardubice/3874322102090530306,,651,,,
@akademiciplzen,instagram,65494228-95bf-4f7b-8e68-d47d7262db66,be63d96b-b45c-4623-9102-3ddb05195531,IG Story,VIDEO,27.8.2026 18:27:43,JDEME DO FINÁLE! 👊🏻,https://www.instagram.com/stories/akademiciplzen/3973141185958830198,,821,,,
@cvutengineers,instagram,11963a07-7f0f-48e6-9d81-aa63a7ff4a04,e3d7e762-afb0-4f34-99f6-c5cd54939f33,IG Post,ALBUM,25.3.2026 19:26:26,"Do svého 1️⃣0️⃣0️⃣ zápasu dnes nastoupil také KUBA DOHNAL 👏🏼

Díky za všechny sezony, které jsi odehrál s naším znakem na hrudi. Zanechal si tu mnohem víc, než jen skvělé výkony na ledě. 

Přejeme ti jen to nejlepší. 🙏🏻
Jednou Engineer, navždy Engineer! 🦁",https://www.instagram.com/p/DWUbCaoDNkN/,,10573,348,2,7
@riderspardubice,instagram,4d6a67ab-9313-4f77-a82e-abb18adbca5d,0181021b-421b-4fe5-ac9d-0187747f5f40,IG Story,VIDEO,4.4.2026 13:01:23,,https://www.instagram.com/stories/riderspardubice/3867883651950455030,,728,,,
@bitvaoprahu,instagram,d7c8aa06-74fb-4c6c-a7d2-c2fe1bf6d59c,04fd98e8-767d-47ff-8922-def5b9ffe717,IG Story,VIDEO,3.10.2026 16:32:34,,https://www.instagram.com/stories/bitvaoprahu/3999899127852747703,,1465,,,23
@engineersprague,facebook,afd06d1d-7b1c-4f66-8d93-ce4255ab773c,0973d084-05c7-49fc-9125-5d326f8c2c9f,FB Story,VIDEO,20.9.2026 16:13:45,,https://facebook.com/stories/136066081670222/UzpfSVNDOjEzNjAzMzgyOTk1MTMyMTM=/?view_single=1,,,,,
@hc_muni,instagram,43cd62c8-609d-4ea6-8ce9-cae5242ede0c,0de23c1c-b02a-4d04-bfac-60c0b3c63a6c,IG Story,VIDEO,15.4.2026 18:57:20,DĚKUJEME VŠEM💙,https://www.instagram.com/stories/hc_muni/3876035424682958257,,366,,,
vsefalcons,instagram,709fceba-e311-48e7-9057-f54a587abf4a,16cc5f01-ff70-4658-a3aa-ededbb8ebb55,IG Story,VIDEO,3.3.2026 19:54:10,nic hezčího dnes neuvidíš,https://www.instagram.com/stories/vsefalcons/3844902190402043114,579,758,,,
@cvutengineers,instagram,11963a07-7f0f-48e6-9d81-aa63a7ff4a04,528e8ee3-b867-476d-8a50-bae78ea09aac,IG Post,IMAGE,21.9.2026 18:49:04,"Tohle je náš tým pro sezonu 2026/2027 🔥.

⚔️ Jste připraveni? Startujeme už zítra!!! 

#engprg #srdcelva",https://www.instagram.com/p/Ddj1b0csnSu/,,19617,320,,128
@cvutengineers,instagram,11963a07-7f0f-48e6-9d81-aa63a7ff4a04,b7832d1d-0583-42a0-9376-0e5247799b5a,IG Reel,VIDEO,17.4.2026 18:16:07,"💙🦁DRŽÍME VŠECHNY PALCE!!!!!

Pošli lva pro štěstí do komentářů! ⤵️",https://www.instagram.com/reel/DXPhBhFDNEK/,,11346,253,,14
@bitva_o_budejce,instagram,f977c0af-061e-4c10-813f-da5818f8a748,9ad0de72-ee1d-434d-92fb-365b1c486f8d,IG Post,IMAGE,1.10.2026 13:59:51,"AFTERPARTY MÁ SVÉHO KRÁLE. 👑
RYTMUS dorazí 4. 11. do Metropolu a postará se o hlavní show večera. 🔥
Teď už víš, proč jsme říkali, že tohle bude velké. 👀

🎤 RYTMUS × AFTERPARTY
📍 Metropol | 4. 11.

🎟️ Lístky mizí, tak ať u toho nechybíš.",https://www.instagram.com/p/Dd9En_PsiPc/,,33920,582,6,928
@riderspardubice,instagram,4d6a67ab-9313-4f77-a82e-abb18adbca5d,acbe6333-b916-46be-9489-b6100bb877fc,IG Story,VIDEO,17.4.2026 21:48:20,,https://www.instagram.com/stories/riderspardubice/3877570844293902339,,508,,,
@univerzitnihokej,instagram,1e114592-3529-4cfe-9977-2598454053af,f4a63ad1-5f56-4962-9ae3-5d87711051c0,IG Story,VIDEO,10.4.2026 10:26:33,,https://www.instagram.com/stories/univerzitnihokej/3872154383945328631,,1272,,,6
@742626308943576,facebook,afcb2720-0a77-4413-95f4-2247bcb8a565,f6af9d49-695e-48f0-b408-d7538ee34928,FB Video,VIDEO,12.9.2026 14:59:48,"👀 V 18:00h to vypukne‼️
Ale kde vlastně koupit lístek? 🎟️
Ukazujeme ti nový web Bitvy a cestu přes UniLife. 📲
A pokud máš ČSOB účet, máš 20 % dolů. 💙

Tak si to pohlídej.
18:00 → LÍSTKY VEN. 🔥

JU × VŠTE | 4. 11. 2026 🏒",https://www.facebook.com/reel/2245548349624026/,182,31,,,
vsefalcons,instagram,709fceba-e311-48e7-9057-f54a587abf4a,378e4355-6feb-48d7-b951-4da93c440f44,IG Story,IMAGE,14.3.2026 16:39:41,"2 2 Vosmík
Jobánek",https://www.instagram.com/stories/vsefalcons/3852773238459912020,757,719,,,
@united_hk,instagram,b18c071b-0570-48b2-b743-990c668c3c5b,3e8365bf-0dff-4cf0-bb7e-0b67bc9a475c,IG Story,IMAGE,9.4.2026 13:03:11,,https://www.instagram.com/stories/united_hk/3871508452270975321,,624,,,
@univerzitnihokej,instagram,1e114592-3529-4cfe-9977-2598454053af,585c0050-8dbf-4aab-a689-144e30b70afa,IG Post,IMAGE,9.4.2026 10:26:01,VŠE Falcons přiletí 16.4. taky do Edenu! 🦅 Vstupenky na finalfour.cz 🎟️,https://www.instagram.com/p/DW6FHYnCNh7/,,8915,177,1,16
vsefalcons,instagram,709fceba-e311-48e7-9057-f54a587abf4a,67798d0e-1443-4c76-ae2f-e0a374c34052,IG Story,VIDEO,14.4.2026 13:22:58,OUTFIT NA POV: 🫵🏼 @unihokejfinalfour,https://www.instagram.com/stories/vsefalcons/3875142278767465660,671,706,,,1
vsefalcons,instagram,709fceba-e311-48e7-9057-f54a587abf4a,81cd3151-da86-45b7-827e-161d4bc8b5ea,IG Reel,VIDEO,8.6.2026 14:17:14,they counting down the days until summer training ends 💀 #icehockey #vsefalcons #,https://www.instagram.com/reel/DZU_CzRI38q/,,1446,35,,2
@riderspardubice,instagram,4d6a67ab-9313-4f77-a82e-abb18adbca5d,a2cbe3c2-a313-4d62-817e-6e8c28e105ee,IG Story,VIDEO,12.4.2026 14:55:00,,https://www.instagram.com/stories/riderspardubice/3873739046631810718,,1018,,,1
vsefalcons,instagram,709fceba-e311-48e7-9057-f54a587abf4a,0315b82b-7b80-4374-9c16-9bdda3d78071,IG Story,VIDEO,8.2.2026 17:47:10,"LUKÁŠ
NOVÁK 93",https://www.instagram.com/stories/vsefalcons/3828164864699319733,,1287,,,1
vsefalcons,instagram,709fceba-e311-48e7-9057-f54a587abf4a,26db095c-61c3-419b-aa80-6ff45e66a2fb,IG Story,IMAGE,13.3.2026 16:21:36,,https://www.instagram.com/stories/vsefalcons/3852039360728300298,,823,,,
@akademici_plzen,tiktok,8f78cb3d-9c53-4c33-9f39-e6526fd8fa1c,84a66fd0-3cb5-4775-b170-26bd3e8a3c15,TT Video,VIDEO,30.3.2026 16:06:48,"Pokud máš hlad jako Ženda, dej si Zott a buď dobrej! 😎😋 #zott #zotthungry #hungrydrinkthis",https://www.tiktok.com/@akademici_plzen/video/7623080773108698390?utm_campaign=tt4d_open_api&utm_source=7348986504397455361,,1765,100,,13
@VUTCavaliersBrno,facebook,3351b43e-4b71-442b-b2f1-920cd6e57ee5,8fda75c4-2692-4b25-a63c-e41b8f11c086,FB Story,VIDEO,13.9.2026 15:29:05,,https://facebook.com/stories/100667195401737/UzpfSVNDOjE3NjY5ODk4NjEzMDQwNjU=/?view_single=1,,,,,
vsefalcons,instagram,709fceba-e311-48e7-9057-f54a587abf4a,98700605-7bdb-4bbf-8b6c-34913d56f585,IG Post,IMAGE,11.1.2026 17:48:55,"FALCONS PUB KVÍZ IS BAAAACK!

Minule sklidil velký úspěch, a proto jsme se ho rozhodli udělat znovu a mnohem vymazlenější! 🤓

Čeká vás večer plný zábavy, dobrého piva a pořádné dávky vědomostního adrenalinu. 🧠 Vyhrát můžete bombové ceny, kterými nás vybavil Red Bull, Proud nebo Grant Thornton, a vítěz si domu odnese lístky na Bitvu o Prahu ‼️

Do týmu se může přihlásit 4-5 lidí, vstupné je zdarma a bar s top drinky je samozřejmostí. 🥂

26.2. | Quattro Modulare, Italská budova | 19:00

Registrovat se můžete přes link na profilu. Těšíme se na vás! 💙

#vsefalcons #pubkviz",https://www.instagram.com/p/DTYR2S8iM0B/,,15303,96,,123
vsefalcons,instagram,709fceba-e311-48e7-9057-f54a587abf4a,bd711ab0-dd5c-4add-bc4a-03904e73d707,IG Story,IMAGE,30.3.2026 9:28:29,"“zítra nejdu na hokej, o nic nejde”
doslova já:",https://www.instagram.com/stories/vsefalcons/3864152663579480034,691,823,,,7
@riderspardubice,instagram,4d6a67ab-9313-4f77-a82e-abb18adbca5d,775bfdfa-3346-4eb6-8f03-7ff44dc6a711,IG Post,IMAGE,4.3.2026 21:00:54,Důležitý zápas VYHRÁN! Další 3 body jsou v Pardubicích!💪🏼🥳,https://www.instagram.com/p/DVeg6pPDAQU/,,5872,94,,13
@hc_muni,instagram,43cd62c8-609d-4ea6-8ce9-cae5242ede0c,953adfd6-e2d7-43dd-b73c-bdb0917798c6,IG Story,VIDEO,29.9.2026 17:11:46,@pivoproud 👉🏻,https://www.instagram.com/stories/munibearsbrno/3997019768934541112,,762,,,11
@unitedhk,facebook,bfe6cc29-a387-41b9-9bca-b077722556af,ccd02db8-ef6b-4bdb-80bb-c5897f22333b,FB Post,IMAGE,10.8.2026 13:21:34,"MATCH DAY. 🏒

Dnes nás čeká první přátelský zápas nové sezony.

V ČPP aréně se potkáme se ŠAVŠ Raccoons, univerzitní tým z Mladé Boleslavi.

🕡 18:30
📍 ČPP aréna
🎟️ Vstup zdarma

Vidíme se na zimáku.",https://www.facebook.com/122180651084388974/posts/122190607436388974,280,,2,,
@hcnorthwings,facebook,2b08a479-603b-46e4-8a48-2bc0435ccd53,f0013a63-b978-40fa-9c2e-e8b458d1fe98,FB Story,VIDEO,18.3.2026 17:57:04,,,,,,,
vsefalcons,instagram,709fceba-e311-48e7-9057-f54a587abf4a,fd5f24be-3603-4df4-b2b2-71b3958f3047,IG Story,IMAGE,10.2.2026 22:25:48,,https://www.instagram.com/stories/vsefalcons/3829754620528835598,612,812,,,1
@united_hk,instagram,b18c071b-0570-48b2-b743-990c668c3c5b,052be284-1043-42ce-a98f-fd3bffb02244,IG Story,IMAGE,21.8.2026 11:59:52,,https://www.instagram.com/stories/united_hk/3968596523417266069,,512,,,
vsefalcons,instagram,709fceba-e311-48e7-9057-f54a587abf4a,1905fa18-a872-46f7-8062-029c955cc139,IG Story,VIDEO,31.3.2026 14:19:45,TRADIČNÍ BRAZILKA ⚽️,https://www.instagram.com/stories/vsefalcons/3865024052398186634,1102,1066,,,1
vsefalcons,instagram,709fceba-e311-48e7-9057-f54a587abf4a,239485ed-97a4-4011-9392-986ac0952eb6,IG Story,IMAGE,26.1.2026 18:30:59,"2 2 Nábělek 
Ramert",https://www.instagram.com/stories/vsefalcons/3818764827653326001,,847,,,
@hcmuni,facebook,d1f9e9f9-7526-42d4-85aa-13f91e89f7cf,28cbfda0-be68-4450-abd8-de50f62a044d,FB Story,IMAGE,27.9.2026 18:39:10,,https://facebook.com/stories/107477761381481/UzpfSVNDOjE3NTQ2OTk1NDI0MjAzNjA=/?view_single=1,,,,,
@BOhokej,facebook,c9082543-a03b-490f-8f97-66d439acce89,2bef560d-3933-4de2-87c9-a58c971a8e2b,FB Post,IMAGE,16.9.2026 12:07:13,"Zítra nás čeká poslední přípravný zápas před ostrým startem sezony 🏒

Ve čtvrtek 17. září nastoupíme proti Studénce! 🔥

#hockeymatch #ostrava #university",https://www.facebook.com/1477974067675582/posts/1630877849051869,366,,5,,
@akademiciplzen,instagram,65494228-95bf-4f7b-8e68-d47d7262db66,667593c0-e08f-4a0b-b17b-e9635b63a3ac,IG Story,VIDEO,10.4.2026 17:17:24,STŘÍPKY ze včerejšího bruslení 🏒,https://www.instagram.com/stories/akademiciplzen/3872361242195452947,,854,,,
@hc_muni,instagram,43cd62c8-609d-4ea6-8ce9-cae5242ede0c,ca8097ce-504e-484a-ad0b-62873bda7806,IG Story,IMAGE,3.10.2026 17:19:20,s ČSOB sleva 20 % na lístky 😍 NEBO LÍSTEK KOUPÍŠ PŘÍMO V APLIKACI 🐻 UNILIFE UNILIFE UNILIFE,https://www.instagram.com/stories/munibearsbrno/3999922662345333068,,483,,,1
@bitvaoprahu,instagram,d7c8aa06-74fb-4c6c-a7d2-c2fe1bf6d59c,cd68c94c-f940-4d5e-bfd4-8c603327da43,IG Reel,VIDEO,12.3.2026 21:52:41,"URAGÁN JMÉNEM UK! 🤯🔥

#UKP ⚔️ #ENG | @k.chymo 🚨| #bitvaoprahu",https://www.instagram.com/reel/DVzMzrTjH0E/,,29063,621,5,25
vsefalcons,instagram,709fceba-e311-48e7-9057-f54a587abf4a,dada7c29-8cc3-4f7e-b282-44be6844a5ae,IG Story,VIDEO,6.3.2026 16:41:37,,https://www.instagram.com/stories/vsefalcons/3846976008717129191,,863,,,3
vsefalcons,instagram,709fceba-e311-48e7-9057-f54a587abf4a,e79a1740-3f8e-4657-80f0-931153a33455,IG Story,IMAGE,12.3.2026 18:53:42,"9 4 Lev
Fibigr",https://www.instagram.com/stories/vsefalcons/3851391140658444690,1317,1021,,,4
@VUTCavaliersBrno,facebook,3351b43e-4b71-442b-b2f1-920cd6e57ee5,17390d28-c922-4b51-9eb3-f742bab5345a,FB Video,VIDEO,4.4.2026 9:10:25,"Právě nám začíná mezisezónní období, na které se můžeme plně vybavit díky našemu partnerovi @sportega.cz 🏸
Pokud i vy sháníte nové sportovní vybavení, doporučujeme navštívit jejich pobočku📍Křenová 26 Brno
Veškerý sortiment si tam můžete vyzkoušet, abyste měli jistotu, že vám zvolená výbava bude plně vyhovovat😌 Za nás prostě 🔝topka🙌",https://www.facebook.com/reel/962230096270154/,385,134,2,,
@VUTCavaliersBrno,facebook,3351b43e-4b71-442b-b2f1-920cd6e57ee5,4919669b-2ccc-4d81-9c12-971cfcf37d79,FB Video,VIDEO,21.3.2026 12:20:53,Fanoušci mají vždycky pravdu!,https://www.facebook.com/reel/1632695977923963/,1368,725,3,,
vsefalcons,instagram,709fceba-e311-48e7-9057-f54a587abf4a,5eb69b9e-73e8-4bde-94fc-fcad3ac02273,IG Story,VIDEO,17.2.2026 22:45:33,@michal.danniel 🎤,https://www.instagram.com/stories/vsefalcons/3834838069413464803,1007,1316,,,3
@univerzitnihokej,instagram,1e114592-3529-4cfe-9977-2598454053af,cb5aceec-cd17-438f-aa0f-cb13713a8bbc,IG Post,IMAGE,5.4.2026 15:36:49,"V semifinále play-in se letošní sezóna uzavřela i pro BOčko. Vyrovnaný duel s Riders dospěl až do prodloužení, které rozhodlo o konečném výsledku.

Ostravo, díky za energii a nasazení, které jste letos ukázali 💪🏼",https://www.instagram.com/p/DWwVgNFCJMn/,,5167,150,,6
vsefalcons,instagram,709fceba-e311-48e7-9057-f54a587abf4a,4c19965d-6a9d-49a3-b399-73cd360d387d,IG Reel,VIDEO,9.12.2025 19:41:14,Jdeme do vedení na konci 1️⃣ třetiny! Druhý gól za Falcons si připisuje @_suchos88_ 🔥,https://www.instagram.com/reel/DSDgU6vCHW2/,,8145,177,1,6
vsefalcons,instagram,709fceba-e311-48e7-9057-f54a587abf4a,81ae8f0c-1ca2-400e-869d-0a26a09129d7,IG Story,VIDEO,8.4.2026 16:27:16,,https://www.instagram.com/stories/vsefalcons/3870886386110871559,909,882,,,2
@univerzitnihokej,facebook,01b45180-0b14-4a14-96e8-d0a4bab1fb9f,93de4a97-768c-4ba3-a7ed-76fcbb4a82de,FB Post,IMAGE,21.9.2026 6:10:27,"Servírujeme program prvního týdne 🫡

Dneska startujeme v Pardubicích a Ostravě, zítra rovnou pražské derby 😮‍💨",https://www.facebook.com/1275398168115026/posts/1420694690252039,460,,,,
@united_hk,instagram,b18c071b-0570-48b2-b743-990c668c3c5b,bc2849d4-66b7-4424-815b-2daecf69632c,IG Story,VIDEO,22.4.2026 17:56:30,Sobota už se blíží!,https://www.instagram.com/stories/united_hk/3881078043418590309,,374,,,
@hcmuni,facebook,d1f9e9f9-7526-42d4-85aa-13f91e89f7cf,5fb75942-8e31-4554-8112-bd821e01c134,FB Post,IMAGE,4.3.2026 21:24:45,"Pátá sice odbila, ani tak to ale nestačilo ⚔️",https://www.facebook.com/1581741777288398/posts/1557031689759407,403,,2,,
vsefalcons,instagram,709fceba-e311-48e7-9057-f54a587abf4a,768ea0e6-ab98-4225-89c8-dd687928fea4,IG Story,VIDEO,24.3.2026 20:11:30,"NEVZDÁVÁME
SE 💪🏼",https://www.instagram.com/stories/vsefalcons/3860127641319788047,756,559,,,
@unitedhk,facebook,bfe6cc29-a387-41b9-9bca-b077722556af,b1629c37-6d96-4215-b955-2277c23bd234,FB Video,VIDEO,16.8.2026 8:05:56,"Návštěva až z @mountfieldhk 🏒🥅🦁

#ironmanczechrepublic #mountfieldhk #unitedhk",https://www.facebook.com/reel/2022131085081984/,312,92,7,,
@riderspardubice,instagram,4d6a67ab-9313-4f77-a82e-abb18adbca5d,e6a3efda-0ebb-4045-91cf-fabf7f5792b8,IG Story,IMAGE,8.4.2026 22:21:57,,https://www.instagram.com/stories/riderspardubice/3871064900730937291,,105,,,
vsefalcons,instagram,709fceba-e311-48e7-9057-f54a587abf4a,40d92df3-4f93-4fd4-be98-e4ba68753233,IG Post,IMAGE,16.9.2026 11:06:47,"Takže si to zopakujeme 🤓

Úterý, 22. září, 19:00, pop-up party před zimákem, první domácí zápas proti @united_hk 📝

Doufáme, že tento den už máte v kalendáři a těšíme se na vás! 💙

#vsefalcons",https://www.instagram.com/p/DdWI-ApkUqv/,,7881,169,,32
@united_hk,instagram,b18c071b-0570-48b2-b743-990c668c3c5b,54be7439-b54c-414b-8e5b-9e15eda5090f,IG Post,IMAGE,11.4.2026 18:49:00,"Po dvou sezonách se s UNIted HK loučí i naše fyzioterapeutka Tereza Macholdová.

Terka se během svého působení stala důležitou součástí realizačního týmu a její odborný dohled několikrát pomohl nejen hráčům, ale občas i vedení. No jo… už nejsme nejmladší. 🙂

UNIted HK reprezentovala i na Viking Cupu v Kanadě jako součást výběru Univerzitní ligy ledního hokeje.

Teď ji čekají nové životní výzvy spojené s dokončením studia na Lékařské fakultě UK a návratem do rodného města.

Terko, děkujeme za vše, co jsi pro UNIted HK udělala, a přejeme ti hodně štěstí do další životní kapitoly.

🖤🧡

#unitedhk #unihokej #hokej",https://www.instagram.com/p/DXAILUeiDBV/,,11535,193,4,25
@vutcavaliersbrno,instagram,b384bebf-72f3-4f9d-8b2d-3677709f6966,771ec6f1-b011-4352-b435-e5361fe95472,IG Post,IMAGE,4.3.2026 10:31:20,"GAMEDAY 🔥
V boji o důležité tři body dnes vyzveme @boostrava 👈 
Přijď nás podpořit 🏒
🚌 Doprava zajištěna",https://www.instagram.com/p/DVdY6HSiM9u/,,1106,17,,
vsefalcons,instagram,709fceba-e311-48e7-9057-f54a587abf4a,77a1690f-ba0d-4cf7-b0b0-e5a31d0bc59b,IG Story,IMAGE,20.1.2026 14:04:50,,https://www.instagram.com/stories/vsefalcons/3814282210920923140,,1265,,,8
@riderspardubice,instagram,4d6a67ab-9313-4f77-a82e-abb18adbca5d,7c5d6d4d-a807-487c-a259-cc51c57c968d,IG Reel,VIDEO,17.4.2026 14:54:39,Goalie 🥅❤️‍🔥,https://www.instagram.com/reel/DXPKK0JDCGF/,,6576,184,2,48
@univerzitnihokej,facebook,01b45180-0b14-4a14-96e8-d0a4bab1fb9f,e85e3cce-f887-4735-8ade-78245a4370cd,FB Video,VIDEO,18.3.2026 17:36:11,"K hokeji to pivo prostě patří. 😎
A na unihokeji? Jedině @pivoproud 🍻",https://www.facebook.com/reel/1762766331349489/,456,75,,,
@218107044725785,facebook,7a942e3e-6c47-4794-9ba7-bbc7b6d40cb3,fe548f08-f6fb-4fb7-a08b-606e477cf85b,FB Video,VIDEO,17.4.2026 14:56:54,"all eyes on @cech.ondrejj & @drabek_adam 🤩

#vsefalcons #finalfour",https://www.facebook.com/reel/1117489860564163/,1050,344,14,,
@univerzitnihokej,facebook,01b45180-0b14-4a14-96e8-d0a4bab1fb9f,511a3e43-b926-4f21-ba76-ae862060be70,FB Post,IMAGE,23.3.2026 21:45:50,"Black Dogs vystrčili růžky a seřezali krále tabulky 🫣 východní Čechy patří Hradci, připisují si 4. výhru proti Riders 💪🏼",https://www.facebook.com/1275398168115026/posts/1268692002118976,576,,3,,
vsefalcons,instagram,709fceba-e311-48e7-9057-f54a587abf4a,86b69f1c-72a3-43cc-b554-26bafc8b0311,IG Story,VIDEO,3.3.2026 18:37:17,PARTNEREM DNEŠNÍHO UTKÁNÍ JE  @mosteckamontazni 👷🏽‍♂️ 🦺,https://www.instagram.com/stories/vsefalcons/3844860152646206821,779,960,,,1
@218107044725785,facebook,7a942e3e-6c47-4794-9ba7-bbc7b6d40cb3,b100f46d-fd8a-4362-a872-4fdbde305c1f,FB Video,VIDEO,14.4.2026 7:17:56,"Party moves, které oživí každou afterku🕺🏽

A dokonce i tu, co bude po @unihokejfinalfour 🤪 Ve čtvrtek i v pátek na vás čeká party přímo vedle zimáku 🥂 Tak vem kámoše a prodlužte si večer 🤘🏼

🎟️ Lístky kupujte na finalfour.cz",https://www.facebook.com/reel/851836427931147/,580,285,10,,
@boostrava,instagram,1176ddaf-d366-48a2-9639-3c6694c72c85,bc7e2cf6-13c4-4dca-bb59-1b0739723f56,IG Story,VIDEO,20.8.2026 16:51:40,1:0 NASTUPUJEM DO 2.TŘETINY,https://www.instagram.com/stories/boostrava/3968018632370061756,,683,,,4
@boostrava,instagram,1176ddaf-d366-48a2-9639-3c6694c72c85,2c553acb-e1f7-46e5-b83d-bbf4df9129bd,IG Story,VIDEO,21.9.2026 18:29:02,,https://www.instagram.com/stories/boostrava/3991260471780740435,,405,,,
@bitva_o_budejce,instagram,f977c0af-061e-4c10-813f-da5818f8a748,7071249c-7a7d-4805-84cd-c4b68384e302,IG Story,VIDEO,3.10.2026 12:37:57,,https://www.instagram.com/stories/bitva_o_budejce/3999781045318483645,,908,,,1
@AkademiciPlzen,facebook,d87b94e3-03e8-45d0-b92e-75e9b819545c,7cc381b4-9248-4257-acfc-437ac4288f8d,FB Video,VIDEO,17.3.2026 13:21:53,"Ví naši fanoušci, co je ofsajd? 👀
A kdo to pak nejvíc rozjel na afterparty? 😏

Na to se diváků na bitvě zeptala @deniskaurbankova 🎤.
Mrkni, jak to dopadlo!

#akademiciplzen #univerzitnihokej",https://www.facebook.com/reel/1257454349247715/,697,306,4,,
@vutcavaliersbrno,instagram,b384bebf-72f3-4f9d-8b2d-3677709f6966,1462a81c-acd7-4fbc-a109-bc6d7fb80b88,IG Story,VIDEO,21.9.2026 14:59:17,na první zápas této sezóny s @boostrava 🏒🥅 právě míříme do,https://www.instagram.com/stories/vutcavaliersbrno/3991154877568412603,,727,,,2
@unitedhk,facebook,bfe6cc29-a387-41b9-9bca-b077722556af,300e18bd-63d2-422b-9cd4-58ef2a65b16d,FB Post,IMAGE,16.7.2026 17:21:15,"V sobotu 18. července budeme u toho. 🚲

UNIted HK najdete na akci Den s cyklisty na Smetanově nábřeží před restaurací Náplavka v Hradci Králové.

Od 10:00 do 17:00 se za námi můžete zastavit u stánku, pokecat o univerzitním hokeji a zároveň podpořit charitativní akci, jejíž výtěžek půjde na Nadační fond seko onkologie, spolek Dlouhá cesta a handicapovaného sportovce.

Na místě bude program pro děti i dospělé, cyklojízda směr Kuks, dražba dresů a sportovních předmětů, doprovodný program a další aktivity.

Vstup na akci je zdarma.

Stavte se za námi na Náplavce. Rádi vás uvidíme.",https://www.facebook.com/122180651084388974/posts/122188802582388974,479,,2,,
@cvutengineers,instagram,11963a07-7f0f-48e6-9d81-aa63a7ff4a04,7f5c0a95-9107-4276-a75d-47b489c07855,IG Story,VIDEO,14.9.2026 8:34:43,BEZ VÁS BUDE NA HVĚZDĚ NUDA,https://www.instagram.com/stories/cvutengineers/3985887877359526915,,1092,,,12
vsefalcons,instagram,709fceba-e311-48e7-9057-f54a587abf4a,81f3fee6-5390-408c-8678-5b2f9bade1bb,IG Reel,VIDEO,15.8.2026 15:20:55,Který zvuk zvládli nejlíp? 🙉,https://www.instagram.com/reel/DcEMe5yKD0B/,,7068,163,4,21
@hcnorthwings,facebook,2b08a479-603b-46e4-8a48-2bc0435ccd53,8a50c871-0c83-4f26-8236-0701c765c5bb,FB Video,VIDEO,1.10.2026 10:14:05,🎥 | Přinášíme sestřih branek 2. kola @univerzitnihokej ve kterém studenti @ujepul - HC North Wings podlehli celku @riderspardubice na domácím ledě v poměru 3:5🏒 #univerzitnihokej,https://www.facebook.com/reel/1067546909528304/,471,102,,,
@riderspardubice,facebook,f99ed6c3-17cc-46f4-a32e-d9b0576ce2df,bbc46856-4f8d-421a-82d8-7554f98a2225,FB Post,IMAGE,12.3.2026 15:39:22,"Poslední zápas v dresu Riders pro @dominikkopecky_99 🔥

Přijď udělat Dominikovi do enteria areny nezapomenutelnou atmosféru a rozloučit se s ním na zápas proti @united_hk! 

🎟️ Vstupenky ve slevě s kódem KOPECKY20 👀",https://www.facebook.com/1592662819534019/posts/1574561141344187,506,,10,,
@hcnorthwings,facebook,2b08a479-603b-46e4-8a48-2bc0435ccd53,fa578c65-ef72-42f6-9333-19219902e276,FB Video,VIDEO,3.9.2026 16:04:14,"Pár majitelů domů nám tu sice zůstalo, ale pár volných pokojů tu ještě je. A upřímně… kdo by s námi nechtěl bydlet?🤓

Tak se k nám přidej!🔥

#univerzitnihokej #myjsmeujep #hcnorthwings #hokej",https://www.facebook.com/reel/1060613286609790/,1341,512,3,,
@hc_muni,instagram,43cd62c8-609d-4ea6-8ce9-cae5242ede0c,682aab9f-32fa-4b20-b018-e910071afc27,IG Story,VIDEO,10.4.2026 15:38:28,,https://www.instagram.com/stories/hc_muni/3872311373153972214,,837,,,3
@united_hk,instagram,b18c071b-0570-48b2-b743-990c668c3c5b,76c9d0cc-ba92-483b-95ac-fa047d839e81,IG Post,IMAGE,23.4.2026 8:05:42,"Děkujeme MarketingPPC za podporu v sezoně 2025/26.

Digitální agentura, která pomáhá firmám růst díky chytrým online kampaním a práci s daty.

Díky, že stojíte za UNIted HK. 🖤🧡",https://www.instagram.com/p/DXd4LadiOLI/,,826,8,,1
@hcnorthwings,facebook,2b08a479-603b-46e4-8a48-2bc0435ccd53,8770301e-7cb1-4c8c-84ac-0e345d1bf9c1,FB Story,VIDEO,23.9.2026 18:13:32,,https://facebook.com/stories/101955925269645/UzpfSVNDOjExMDU0OTIwMjUzODI1MDA=/?view_single=1,,,,,
@hcmuni,facebook,d1f9e9f9-7526-42d4-85aa-13f91e89f7cf,a0482a95-418e-49bb-b37e-49f436177bec,FB Story,IMAGE,28.9.2026 20:08:56,,https://facebook.com/stories/107477761381481/UzpfSVNDOjE0NDg3NjgxMDA0NTM0NTk=/?view_single=1,,,,,
@univerzitnihokej,instagram,1e114592-3529-4cfe-9977-2598454053af,c70cf485-a1b3-4073-a93e-a6a3fc339bce,IG Story,VIDEO,31.3.2026 12:38:30,,https://www.instagram.com/stories/univerzitnihokej/3864973034989814711,,10702,,,1
@univerzitnihokej,facebook,01b45180-0b14-4a14-96e8-d0a4bab1fb9f,ea76c99b-3306-4c5a-a17f-4c957967d497,FB Post,PHOTO,31.3.2026 6:18:08,Cesta do @unihokejfinalfour startuje dnes! 🔥 Kdo se probojuje do Edenu a získá Pohár Jana Palacha? 🏆,https://www.facebook.com/1275398168115026/posts/1274640951524081,730,,9,,
vsefalcons,instagram,709fceba-e311-48e7-9057-f54a587abf4a,2bd091eb-8b72-4969-8534-c17ae8aec4f1,IG Story,VIDEO,12.3.2026 14:27:56,GETTIN’ READY 🏒,https://www.instagram.com/stories/vsefalcons/3851257388003240839,1608,1698,,,1
@univerzitnihokej,instagram,1e114592-3529-4cfe-9977-2598454053af,a39196f1-91d1-4b46-8baf-db3233a56f13,IG Reel,VIDEO,12.3.2026 19:04:24,Kdo dneska vyhraje finále @bitvaoprahu ?👀,https://www.instagram.com/reel/DVy6ArAiBtD/,,30031,500,1,215
@akademiciplzen,instagram,65494228-95bf-4f7b-8e68-d47d7262db66,ca13c94c-cfe0-4c70-a60f-b4bae8255e8e,IG Story,VIDEO,20.8.2026 19:55:01,HOŘÍ! 🥳 ODNÁŠÍME SI PRVNÍ VÝHRU 5 : 2 👉🏻,https://www.instagram.com/stories/akademiciplzen/3968130065246256701,,702,,,1
@engineersprague,facebook,afd06d1d-7b1c-4f66-8d93-ce4255ab773c,69c20ac4-cd68-4c81-b2eb-350e3bbbc292,FB Story,VIDEO,2.3.2026 20:12:46,,,,,,,
@218107044725785,facebook,7a942e3e-6c47-4794-9ba7-bbc7b6d40cb3,a8999a43-ce86-4ceb-aee6-71deddc56f20,FB Post,IMAGE,18.9.2026 20:24:58,"V posledním přípravném zápase aka pražské derby jsme nejdříve dvakrát dorovnali skóre, nakonec podhléháme UK Kings Prague 

Tohle ale ještě nic neznamená. Sezóna začíná až v úterý, těšíme se na tebe! 🫵🏼",https://www.facebook.com/122282816036218300/posts/122307121022218300,261,,1,,
univerzitnihokej,tiktok,01c88cf9-594f-408e-a45a-95114221acae,e5160e91-eb87-4539-81e6-fb11cfd366d5,TT Video,VIDEO,10.4.2026 15:26:06,"Pražáci, jste ready? 👀🔥 Dvě Bitvy o Prahu nestačily… tak si dáme ještě jedno opáčko. Ale tentokrát o titul celé ligy! 🏆 Ať fandíš UK, ČVUT nebo VŠE – tvůj tým tě potřebuje. 🗓️ 16.-17. dubna | 📍Zimní stadion Eden 🎟️ finalfour.cz",https://www.tiktok.com/@univerzitnihokej/video/7627152206835404035?utm_campaign=tt4d_open_api&utm_source=7348986504397455361,,1049,76,,1
vsefalcons,instagram,709fceba-e311-48e7-9057-f54a587abf4a,062858fe-1e53-4779-bf34-bd85faa19dfb,IG Reel,VIDEO,9.12.2025 21:50:18,Nejprve vyrovnal 2️⃣1️⃣ vteřin do konce… pak rozhodl. @michal.danniel 🔥,https://www.instagram.com/reel/DSDuxieiAyW/,,10507,317,2,7
@riderspardubice,instagram,4d6a67ab-9313-4f77-a82e-abb18adbca5d,62d2f4b1-d2ef-4da1-b975-09b61665271b,IG Story,VIDEO,17.4.2026 16:39:19,🤏,https://www.instagram.com/stories/riderspardubice/3877415332789150266,,881,,,
@bitva_o_budejce,instagram,f977c0af-061e-4c10-813f-da5818f8a748,b12ad050-9466-4ad0-b717-9575328b9cee,IG Post,IMAGE,14.9.2026 18:46:41,"DVA TÝMY. JEDEN LED. JEDNA BITVA. 🥶🏒
JU × VŠTE
4. 11. 2026
BUDĚJCE, JSTE READY? 👀
🎟️ VSTUPENKY JSOU V PRODEJI!
Nepropásni ty nejlevnější a nech si něco i na pivo nebo klobásu. 🌭🍺😂",https://www.instagram.com/p/DdR0AmujNp9/,,3433,122,,11
@united_hk,instagram,b18c071b-0570-48b2-b743-990c668c3c5b,bc884781-f499-47a8-90aa-14feb8a1f47a,IG Post,PHOTO,31.3.2026 7:51:49,"🔥 Dnes začíná bitva o Final Four.

PLAY-IN.

Jeden zápas, který rozhodne všechno.

Vyhraješ a zůstáváš ve hře.
Prohraješ a sezóna končí.

Dnes jdeme ALL IN.

Drž nám palce.🖤🧡

#unitedhk #unihokej #uhk #hradeckralove",https://www.instagram.com/p/DWioLE7CPCb/,,7331,99,,11
@cvutengineers,instagram,11963a07-7f0f-48e6-9d81-aa63a7ff4a04,f192ba36-e88d-4396-beef-08c87a30502a,IG Post,PHOTO,25.3.2026 7:41:04,"GAMEDAY | Poslední zápas základní části je tady! 🔥

Dnešní večer bude speciální ✨. Na ledě se naposledy v rámci základní části představí několik hráčů, kteří se po sezoně rozloučí s Engineers 🥺. Přijď jim vyjádřit respekt 🫶🏻 a podpořit nás. 

⏰ 20:00
📍 Zimní stadion Hvězda 
🎟️ Odkaz v biu",https://www.instagram.com/p/DWTJVQtjIwf/,,4978,113,,14
@vutcavaliersbrno,instagram,b384bebf-72f3-4f9d-8b2d-3677709f6966,00d0cce9-3e14-480d-9476-f6c5847d3d10,IG Post,IMAGE,29.9.2026 12:45:06,"VENKOVNÍ ZÁPAS 🔥
V rámci třetího kola @univerzitnihokej nastoupí Kavalíři na ledě @akademiciplzen v 19:15 🏒
Držte nám palce! ❤️🖤",https://www.instagram.com/p/Dd3ybznoJcQ/,,2256,57,,3
@boostrava,instagram,1176ddaf-d366-48a2-9639-3c6694c72c85,1ef0b2bd-7dae-401a-8857-3448a429fe0b,IG Story,VIDEO,24.9.2026 17:03:36,PŘIJMI CHALLENGE A VYHRAJ LÍSTEK NA DERBY,https://www.instagram.com/stories/boostrava/3993391886043471002,,365,,,
vsefalcons,instagram,709fceba-e311-48e7-9057-f54a587abf4a,4cf05b5d-ebc3-4daa-a966-3c216e0b049a,IG Story,VIDEO,8.6.2026 13:44:57,MONDAY DRILL 🥵,https://www.instagram.com/stories/vsefalcons/3915015850474142488,,1018,,,11
@riderspardubice,instagram,4d6a67ab-9313-4f77-a82e-abb18adbca5d,5703aa0f-30f6-4017-a84d-7780134cde01,IG Story,VIDEO,26.8.2026 18:41:35,@stagr20 💨,https://www.instagram.com/stories/riderspardubice/3972422644096112050,,1190,,,1
vsefalcons,instagram,709fceba-e311-48e7-9057-f54a587abf4a,6ea49123-5037-4c51-88e5-8eef0e1b1db3,IG Story,VIDEO,13.2.2026 13:35:58,🤹🏻‍♂️ @hamrbrmbrm13,https://www.instagram.com/stories/vsefalcons/3831662305474037144,904,904,,,4
vsefalcons,instagram,709fceba-e311-48e7-9057-f54a587abf4a,f86708a7-3fa9-4f83-a923-53d47904c8a0,IG Story,VIDEO,9.3.2026 11:01:35,MÁME TU DNES NĚKOHO NA ŽIŽKOVĚ? 🤔,https://www.instagram.com/stories/vsefalcons/3848979201252677441,868,,,,1
@united_hk,instagram,b18c071b-0570-48b2-b743-990c668c3c5b,32954fbf-658f-42b7-83a1-a0c346b2f598,IG Story,IMAGE,27.9.2026 9:05:42,,https://www.instagram.com/stories/united_hk/3995325579489979620,,6377,,,7
vsefalcons,instagram,709fceba-e311-48e7-9057-f54a587abf4a,49f0e6cb-71f6-4de2-b6b3-91cc781dba96,IG Story,VIDEO,30.9.2026 17:40:55,ALL EYES ON @tomas_bartonn 👀,https://www.instagram.com/stories/vsefalcons/3997759230349719409,,1139,,,6
@VUTCavaliersBrno,facebook,3351b43e-4b71-442b-b2f1-920cd6e57ee5,bf8c3f2a-9000-4086-9de4-d415454aabe6,FB Story,IMAGE,23.9.2026 19:46:38,,https://facebook.com/stories/100667195401737/UzpfSVNDOjEzOTA3NzU2Njk4MDczNjY=/?view_single=1,,,,,
@riderspardubice,facebook,f99ed6c3-17cc-46f4-a32e-d9b0576ce2df,df7ef1f4-cfa4-4840-ab3a-4e0fbe322a52,FB Video,VIDEO,3.4.2026 16:00:24,"Čistá hlava, čistá hra 🔥🥵
@garnier_czsk",https://www.facebook.com/reel/1903017330349491/,684,215,4,,
vsefalcons,instagram,709fceba-e311-48e7-9057-f54a587abf4a,eafe844c-4821-4b29-a305-c77838779afb,IG Story,VIDEO,13.2.2026 7:26:08,🖐🏼,https://www.instagram.com/stories/vsefalcons/3831476128489953096,555,692,,,2
@unitedhk,facebook,bfe6cc29-a387-41b9-9bca-b077722556af,eeb2a0ea-f948-4670-85ff-774ae2154b2e,FB Video,VIDEO,2.10.2026 8:05:44,"Pivo tentokrát bez piva. 😄

S Lékárnami IPC jsme na Otvíráku rozjeli vitamínovou „pivní“ štafetu. Rychlost, kelímky a vitamíny místo půllitrů.

Díky Lékárnám IPC za podporu UNIted HK a za to, že do toho s námi šly trochu jinak. 🖤🧡

#allforunited",https://www.facebook.com/reel/1544881367408643/,510,186,1,,
@hc_muni,instagram,43cd62c8-609d-4ea6-8ce9-cae5242ede0c,3f75e464-787b-4ea7-891e-91f57f62ffd4,IG Post,PHOTO,25.3.2026 21:34:10,"Konec dobrý, všechno dobré 🐻💙 Rozloučení se sezonou jak má být 

#hcmuni",https://www.instagram.com/p/DWUpEv-Dqln/,,5400,262,2,36
@BOhokej,facebook,c9082543-a03b-490f-8f97-66d439acce89,73310d94-4bd5-42af-86dc-271f57ed728e,FB Post,IMAGE,28.9.2026 20:06:26,"Bereme bod! 🏒

Dnešní utkání dospělo až k samostatným nájezdům, kde byli úspěšnější domácí 🙁",https://www.facebook.com/1477974067675582/posts/1643086334497687,203,,1,,
@univerzitnihokej,facebook,01b45180-0b14-4a14-96e8-d0a4bab1fb9f,c88e7e40-5450-4f26-a5a3-2903839e3a74,FB Post,IMAGE,29.9.2026 20:16:26,Další 4️⃣ góly a 3️⃣ body do tabulky! 💪 Akademici vyhráli i druhý zápas sezóny a drží stoprocentní start.,https://www.facebook.com/1275398168115026/posts/1428892349432273,927,,2,,
@vutcavaliersbrno,instagram,b384bebf-72f3-4f9d-8b2d-3677709f6966,0c67301d-737d-499f-b79b-df2b7b9e664a,IG Story,VIDEO,21.9.2026 17:25:42,rozbruslení 🏒,https://www.instagram.com/stories/vutcavaliersbrno/3991228613491479612,,637,,,
@VUTCavaliersBrno,facebook,3351b43e-4b71-442b-b2f1-920cd6e57ee5,57d9d42a-8a98-4811-a89f-3ce3ce4966f6,FB Story,IMAGE,15.9.2026 9:35:45,,https://facebook.com/stories/100667195401737/UzpfSVNDOjQ3ODcwNjM1MDQ4NDY1MjI=/?view_single=1,,,,,
@riderspardubice,instagram,4d6a67ab-9313-4f77-a82e-abb18adbca5d,5878312d-7dd3-4b59-ac0c-cc4815a224fd,IG Reel,VIDEO,5.8.2026 7:51:46,"Je nám jasný, že vás zajímá, jak se kluci připravovali na letošní sezonu🤔 
Tak tady máte přehled😎",https://www.instagram.com/reel/DbppBkaxST6/,,6650,164,,34
@univerzitnihokej,instagram,1e114592-3529-4cfe-9977-2598454053af,70cfec7a-3638-43d7-9799-73f9c35e2c3d,IG Post,IMAGE,12.4.2026 8:24:54,"Šanci na poslední volné místo ve Final Four dnes dostávají Black Dogs a Riders 🙌🏼
Kdo z nich ji využije a doplní tak finálovou čtyřku? 🥵",https://www.instagram.com/p/DXBlo5_iLmO/,,3810,76,,13
@cvutengineers,instagram,11963a07-7f0f-48e6-9d81-aa63a7ff4a04,be2cd20a-0fa7-45dd-8865-a634b002412b,IG Story,VIDEO,28.9.2026 16:29:42,,https://www.instagram.com/stories/cvutengineers/3996273921414137212,,1051,,,
@vutcavaliersbrno,instagram,b384bebf-72f3-4f9d-8b2d-3677709f6966,fa7aff75-864e-4195-a7f2-9a4404059453,IG Reel,VIDEO,9.9.2026 6:06:58,"🚨 UNILIFE JE TADY A TVŮJ UNIVERZITNÍ ŽIVOT BUDE ODTEĎ O LEVEL VÝŠ 🚨

Hokejový zápas? Lístek máš 🏒
Akce? Víš o ní 🙋🏼‍♂️
Párty? Jsi tam 🎉
Soutěž? Hraješ 🎯
Sleva? Bereš 🤑

UniLife je nová appka pro všechno, co se děje kolem studentského života 🎓 
Od univerzitního hokeje přes eventy až po párty a soutěže 🙌  Všechno konečně na jednom místě 👈

A hlavně — rychlejší cesta k lístku na univerzitní hokej neexistuje ☝️🤓

Prostě celý “UniLife” v jedné appce 📱

📲 Stahuj teď na App Store a Google Play

UniLife - Tvůj studentský život, na jednom místě 👈",https://www.instagram.com/reel/DdDlCx7oUHL/,,3973,54,,27
vsefalcons,instagram,709fceba-e311-48e7-9057-f54a587abf4a,2d19371b-a079-4d77-bb6d-34793ffc456f,IG Reel,VIDEO,24.2.2026 9:31:41,"Survivor mode: ON 🥊

Druhý díl @survivorcs_official již dnes na Kateřinkách od 19:45! 🏝️",https://www.instagram.com/reel/DVIrWaziD9R/,,3797,49,,3
@united_hk,instagram,b18c071b-0570-48b2-b743-990c668c3c5b,3103bf73-1b0b-4344-8d27-069fa20eb6ee,IG Story,VIDEO,12.8.2026 14:32:52,,https://www.instagram.com/stories/united_hk/3962150555203710031,,484,,,
@riderspardubice,instagram,4d6a67ab-9313-4f77-a82e-abb18adbca5d,32ad6c6e-f9c7-4d59-b31f-976856047381,IG Story,VIDEO,2.4.2026 8:47:27,@foxconn_czech 👋,https://www.instagram.com/stories/riderspardubice/3866306292797454042,,611,,,
vsefalcons,instagram,709fceba-e311-48e7-9057-f54a587abf4a,a80fbb0f-9be1-437d-925f-efe187194e12,IG Story,VIDEO,7.2.2026 21:12:15,PŘÍŠTÍ ZÁPAS UŽ V ÚTERÝ 🎟️ 🦅,https://www.instagram.com/stories/vsefalcons/3827543282444416976,,992,,,
@218107044725785,facebook,7a942e3e-6c47-4794-9ba7-bbc7b6d40cb3,c3a25d95-7ff5-4110-afc9-834ad16c835c,FB Post,IMAGE,14.3.2026 19:05:27,Těžký týden zakončujeme bodem z Brna.,https://www.facebook.com/122282816036218300/posts/122278835144218300,265,,4,,
@riderspardubice,instagram,4d6a67ab-9313-4f77-a82e-abb18adbca5d,156daed6-4a04-4cd4-b515-8ab82200bd71,IG Reel,VIDEO,26.9.2026 6:55:40,Hand and Fist Challenge - je to těžší než to vypadá 🤪,https://www.instagram.com/reel/Ddvb5iTRH5l/,,5935,186,,26
vsefalcons,instagram,709fceba-e311-48e7-9057-f54a587abf4a,428d2565-d69d-4057-89e8-0641587006a8,IG Story,VIDEO,20.4.2026 16:33:30,VOUSY DOLE A HNED TO JSOU ZAS FEŠÁCI 🫦 🤩,https://www.instagram.com/stories/vsefalcons/3879586670987193178,889,916,,1,4
@hcmuni,facebook,d1f9e9f9-7526-42d4-85aa-13f91e89f7cf,bbd654f4-8c92-4026-8112-35ec4f753857,FB Post,PHOTO,23.3.2026 8:09:52,"Hokej na ledě možná skončil, ale na parketu to teprve začíná! 🏒🔥 Nenech si ujít AFTERPARTY v @maisonclublounge 
Doraž a pojďme společně sezónu zakončit v tom největším stylu!💙

💥 A vstup? Jen za „kilečko“ (100kč)! Lístky bereš rovnou na místě, žádnej stres📍

Na suchu taky nezůstaneš!!! 🥂🍹
Velké panáky za 20kč
Speciální drinky za 120kč

#hcmuni",https://www.facebook.com/1581741777288398/posts/1573577611438148,496,,2,,
@bitva_o_budejce,instagram,f977c0af-061e-4c10-813f-da5818f8a748,be5fea1b-3333-4e7d-8688-6326386a8931,IG Story,VIDEO,1.9.2026 12:32:03,,https://www.instagram.com/stories/bitva_o_budejce/3976585245482598081,,4487,,,34
vsefalcons,instagram,709fceba-e311-48e7-9057-f54a587abf4a,deca305e-0b44-4d93-968d-c849801c6def,IG Post,IMAGE,4.8.2026 14:51:47,Ulovili jsme pár momentek z letních prázdnin 🏖️ Poslední dny odpočinku a v pondělí 10.8. naskakujeme zpátky na led hledat nové Falcons tváře! 🦅,https://www.instagram.com/p/Dbn0iRjCFYp/,,4979,113,1,47
@218107044725785,facebook,7a942e3e-6c47-4794-9ba7-bbc7b6d40cb3,ee46d7d0-8301-4f26-b637-c813e8ddedc1,FB Post,IMAGE,8.4.2026 18:45:30,"Sen, který jsme měli od začátku sezóny. A teď ho žijem, tady a teď, s váma ❤️

Falcons, vidíme se za týden v Edenu! @unihokejfinalfour 🥹",https://www.facebook.com/122282816036218300/posts/122283039152218300,1565,,22,,
@univerzitnihokej,instagram,1e114592-3529-4cfe-9977-2598454053af,0983c683-556c-4511-8dfc-21b1c8d83ba6,IG Story,VIDEO,12.4.2026 11:51:13,,https://www.instagram.com/stories/univerzitnihokej/3873646544889054856,,1330,,,
@riderspardubice,instagram,4d6a67ab-9313-4f77-a82e-abb18adbca5d,0efa745b-144c-405b-85ba-74288379a8b2,IG Post,IMAGE,2.10.2026 13:16:52,"🚨 POSLEDNÍ VÍKENDOVÁ ŠANCE NA LÍSTEK Z 1. VLNY! 

První vlna vstupenek na DERBY pomalu končí. 👀 

Pokud chceš mít svůj lístek za aktuální cenu, teď je ten správný čas ho ulovit! 🎟️🔥 

Lístky najdeš v aplikaci UniLife!",https://www.instagram.com/p/Dd_kEFFx2JR/,,5369,59,,80
vsefalcons,instagram,709fceba-e311-48e7-9057-f54a587abf4a,2d0961f8-0eed-4f62-a517-c00c73c5148c,IG Story,VIDEO,12.2.2026 13:15:36,OSMIFINÁLE ✅ 🤝🏼 @czufarmers,https://www.instagram.com/stories/vsefalcons/3830927284811389134,708,708,,,2
vsefalcons,instagram,709fceba-e311-48e7-9057-f54a587abf4a,fc89f93e-c391-43e7-b54f-1462998d5df9,IG Reel,VIDEO,1.10.2026 10:24:20,@hamrbrmbrm13 zapnul focus mode a za pár chvilek rozhodl zápas proti @ukkingsprague 😮‍💨,https://www.instagram.com/reel/Dd8rxmFIsDg/,,6528,247,1,32
@vutcavaliersbrno,instagram,b384bebf-72f3-4f9d-8b2d-3677709f6966,a8ae2573-45a7-4ee9-9043-bcdec4aaa6e7,IG Story,VIDEO,24.8.2026 12:20:49,,https://www.instagram.com/stories/vutcavaliersbrno/3970781392413415320,,629,,,1
@univerzitnihokej,instagram,1e114592-3529-4cfe-9977-2598454053af,be1c6d54-dbd5-4234-ac12-44f5a31be403,IG Story,VIDEO,15.4.2026 7:56:19,,https://www.instagram.com/stories/univerzitnihokej/3875702644752826411,,1420,,,43
@vutcavaliersbrno,instagram,b384bebf-72f3-4f9d-8b2d-3677709f6966,c4e64127-f000-49f7-b0ca-5ec333d5c206,IG Story,VIDEO,23.9.2026 19:21:28,,https://www.instagram.com/stories/vutcavaliersbrno/3992736429926541313,,545,,,
vsefalcons,instagram,709fceba-e311-48e7-9057-f54a587abf4a,cfd136aa-d061-40b5-817d-6bb06a839def,IG Post,IMAGE,8.4.2026 18:45:14,"Sen, který jsme měli od začátku sezóny. A teď ho žijem, tady s váma ❤️

Falcons, vidíme se za týden v Edenu! @unihokejfinalfour 🥹",https://www.instagram.com/p/DW4Zc22iO1A/,,19081,416,10,64
@AkademiciPlzen,facebook,d87b94e3-03e8-45d0-b92e-75e9b819545c,dad271e3-0890-4a2b-bb12-bdeb52d0841e,FB Story,IMAGE,17.9.2026 18:52:42,,https://facebook.com/stories/103234241824606/UzpfSVNDOjExMTIzNTc3ODE2NjkzMjE=/?view_single=1,,,,,
@united_hk,instagram,b18c071b-0570-48b2-b743-990c668c3c5b,372fc11e-5631-4496-9701-72c70059b8ad,IG Story,VIDEO,13.9.2026 14:46:19,,https://www.instagram.com/stories/united_hk/3985350136397602007,,660,,,
@bitvaoprahu,facebook,75e0f41f-82be-4f82-a77b-82ac11135ed2,58ad3b11-1520-43c8-953c-6db445a48169,FB Post,IMAGE,12.3.2026 19:07:56,"Druhý bronz a vedle toho důležité tři body v boji o @unihokejfinalfour ! 🆕🔜

Gratulujeme @vsecz 🤍 a přejeme hodně štěstí v nadcházejícím play off. 🔥 #bitvaoprahu & @deloittecz",https://www.facebook.com/1441262177797849/posts/1420329453224455,173,,1,,
vsefalcons,instagram,709fceba-e311-48e7-9057-f54a587abf4a,79fe8708-7192-40d7-b11f-097aca5a1b03,IG Reel,VIDEO,9.12.2025 7:58:59,It's timeee…dnes nás čeká vánoční zápas proti @ukkingsprague 😮‍💨 Přijďte nás podpořit a užít si vánoční atmosféru na Hvězdu! 🎄⭐️,https://www.instagram.com/reel/DSCP85bCEzR/,,5567,93,,5
@unitedhk,facebook,bfe6cc29-a387-41b9-9bca-b077722556af,bf2a0230-121e-4cb9-ba0b-554e020a063c,FB Post,IMAGE,22.9.2026 21:19:26,"Bereme první bod do tabulky. 🏒

V Praze prohráváme s VŠE Falcons 2:3 po prodloužení.

Tvrdý boj o každý centimetr ledu, který nám nakonec přinesl alespoň bod.",https://www.facebook.com/122180651084388974/posts/122194082774388974,125,,1,,
@akademiciplzen,instagram,65494228-95bf-4f7b-8e68-d47d7262db66,c58b5ebf-b11b-4ad1-a277-043fc5b4f259,IG Story,VIDEO,2.10.2026 12:02:57,@gazicek_,https://www.instagram.com/stories/akademiciplzen/3999038656412292705,,1307,,,13
@AkademiciPlzen,facebook,d87b94e3-03e8-45d0-b92e-75e9b819545c,17f45da3-0338-4d06-9f2f-1aba43b4aae3,FB Story,IMAGE,29.9.2026 22:13:34,,https://facebook.com/stories/103234241824606/UzpfSVNDOjIyMzU2NDI4NzczNTI3NzM=/?view_single=1,,,,,
@united_hk,tiktok,7e062517-b9da-416d-b73d-a2c5899a2be6,5c70bf7f-bb54-4771-8797-74225920e1a9,TT Video,VIDEO,1.10.2026 15:25:35,Kafe před arénou a potom soutěž přímo během Otvíráku. ☕️ Starbucks Hradec Králové byl u prvního domácího večera sezóny s námi - od pop-up party před ČPP arénou až po přestávkovou soutěž. Díky za podporu UNIted HK a za společný start sezóny. 🖤🧡 #allforunited,https://www.tiktok.com/@united_hk/video/7691720896976932118?utm_campaign=tt4d_open_api&utm_source=7348986504397455361,,865,26,,1
vsefalcons,instagram,709fceba-e311-48e7-9057-f54a587abf4a,5f395105-1446-4d26-8765-47808d4c7416,IG Reel,VIDEO,16.2.2026 7:58:23,"Kluci jsou na zítřejší olympijský zápas víc než ready, tak buď i ty 🫵🏼 

Napiš do komentářů “SLEVA” a my ti do DMs pošleme kódík na slevičku na zítřejší zápas 🤪 

Těšíme se na vás 💙",https://www.instagram.com/reel/DUz6jqACHkh/,,6693,68,1,7
@AkademiciPlzen,facebook,d87b94e3-03e8-45d0-b92e-75e9b819545c,a25e60d7-f27c-48c5-a842-e90737aa6d6b,FB Video,VIDEO,24.3.2026 18:37:53,"I náš nejhladovější hráč @_rihastepan_ má před tréninkem spousty energie na rozdávání! ⚡️

#zott #zotthungry #hungrydrinkthis",https://www.facebook.com/reel/1418928949507166/,461,113,2,,
@hcnorthwings,facebook,2b08a479-603b-46e4-8a48-2bc0435ccd53,a6966b33-6226-4d01-a18f-a1675066441b,FB Video,VIDEO,12.3.2026 4:58:54,🎤 | Pozápasové ohlasy z 24.kola @univerzitnihokej v podání @akademiciplzen (Kamil #Hajšman) #univerzitnihokej,https://www.facebook.com/reel/983824994148395/,481,133,3,,
vsefalcons,instagram,709fceba-e311-48e7-9057-f54a587abf4a,d546a648-b5a3-4f41-9aab-cacb822986d7,IG Story,VIDEO,31.3.2026 17:43:47,JDEME DO VEDENÍ! 2 minuty před koncem,https://www.instagram.com/stories/vsefalcons/3865126718658860442,983,850,,1,
@riderspardubice,instagram,4d6a67ab-9313-4f77-a82e-abb18adbca5d,e4eb89d9-6a90-46dc-ad88-aa08ec0bfbe9,IG Story,IMAGE,21.9.2026 17:44:11,@beny_m15  @univerzitnihokej,https://www.instagram.com/stories/riderspardubice/3991237867975542670,,1034,,,
@unitedhk,facebook,bfe6cc29-a387-41b9-9bca-b077722556af,ba5c4a6f-63a1-4af7-a120-bcccdc8591da,FB Story,IMAGE,30.9.2026 18:28:45,,https://facebook.com/stories/122099775710388974/UzpfSVNDOjE2OTMzOTc4MDU0NTE3NzU=/?view_single=1,,,,,
@hcnorthwings,facebook,2b08a479-603b-46e4-8a48-2bc0435ccd53,c6a73e81-44e4-427d-a428-bb04372ee173,FB Video,VIDEO,4.3.2026 20:48:53,🎤 | Pozápasové ohlasy z 23. kola @univerzitnihokej v podání @hcnorthwings (Oldřich #Vojíř) #univerzitnihokej,https://www.facebook.com/reel/942427535409296/,755,301,2,,
@hc_muni,instagram,43cd62c8-609d-4ea6-8ce9-cae5242ede0c,2b2f58d9-d756-4275-9ae2-b8eb61456517,IG Story,VIDEO,19.9.2026 8:22:32,,https://www.instagram.com/stories/hc_muni/3989505628481417245,,672,,,
@akademiciplzen,instagram,65494228-95bf-4f7b-8e68-d47d7262db66,7cc9db3e-8be2-4ba8-a473-f0edb56ba1bf,IG Story,VIDEO,7.4.2026 11:41:37,BRUSLENÍ S AKADEMIKY SE BLÍŽÍ! ⛸️ @akademicifans,https://www.instagram.com/stories/akademiciplzen/3870017832549643955,,1127,,,5
@hcmuni,facebook,d1f9e9f9-7526-42d4-85aa-13f91e89f7cf,c45c08bd-fcdc-40c9-82d7-bf6910476b15,FB Post,PHOTO,25.3.2026 12:27:27,"🔥 GAME DAY IS HERE🔥
Poslední brněnské derby téhle sezóny je tady, tak si ho pojďme společně pořádně užít a udělat randál! 🐻🥁

Lístky koupíte👇🏻

https://hcmuni.enigoo.cz/app/tickets/events/136

#hcmuni",https://www.facebook.com/1581741777288398/posts/1575676091228300,267,,4,,
vsefalcons,instagram,709fceba-e311-48e7-9057-f54a587abf4a,e9b859c2-eb66-4f35-8dce-36e886c19236,IG Story,VIDEO,12.3.2026 18:22:33,,https://www.instagram.com/stories/vsefalcons/3851375522974551225,1329,1008,,,
@boostrava,instagram,1176ddaf-d366-48a2-9639-3c6694c72c85,f65a6abd-5c87-4be2-a004-d5a24cf9f9da,IG Story,VIDEO,18.9.2026 13:26:11,UŽ V PONDĚLÍ!,https://www.instagram.com/stories/boostrava/3988933687793994083,,519,,,4
@AkademiciPlzen,facebook,d87b94e3-03e8-45d0-b92e-75e9b819545c,fd34b6bb-17ad-40e3-bccb-62bdbad2e149,FB Post,IMAGE,4.3.2026 17:56:20,"Rozbruslení za námi, POJĎME! 💙

#akademiciplzen #jarnibitva",https://www.facebook.com/1357105236437494/posts/1334713738676644,554,,7,,
vsefalcons,instagram,709fceba-e311-48e7-9057-f54a587abf4a,a4da78ca-9d77-4f36-a4b2-68ff4ec542ca,IG Post,CAROUSEL_ALBUM,8.3.2026 13:52:57,"Holky, tenhle je pro vás 😘

S váma je ten hokej o něco hezčí 🌷 děkujeme, že vás máme!",https://www.instagram.com/p/DVoDXAxiCqY/,,5499,189,4,14
vsefalcons,instagram,709fceba-e311-48e7-9057-f54a587abf4a,f41715ed-415c-4299-a3b1-394fc40bc89f,IG Story,VIDEO,17.4.2026 13:14:15,,https://www.instagram.com/stories/vsefalcons/3877312075785573464,953,1068,,,
@vutcavaliersbrno,instagram,b384bebf-72f3-4f9d-8b2d-3677709f6966,1c99e40c-a8ad-4cfd-8a63-14419aee88a7,IG Story,IMAGE,30.9.2026 7:20:42,,https://www.instagram.com/stories/vutcavaliersbrno/3997447040619041918,,641,,,
@boostrava,instagram,1176ddaf-d366-48a2-9639-3c6694c72c85,6f168423-c70e-4c62-915c-52aed185e8ba,IG Post,IMAGE,4.3.2026 5:22:33,"🔥GAME DAY🔥 Jedeme do BRNA
@vutcavaliersbrno x @boostrava 
Kdo si odnese 3 body?",https://www.instagram.com/p/DVc1ev9jP2j/,,1881,25,,2
vsefalcons,instagram,709fceba-e311-48e7-9057-f54a587abf4a,274d68ef-d025-4d15-9d75-e66acb64cf85,IG Story,VIDEO,22.4.2026 13:12:27,FINAL FOUR jdeme opět do ⚽️,https://www.instagram.com/stories/vsefalcons/3880934909162350363,1129,1141,,,41
@vutcavaliersbrno,instagram,b384bebf-72f3-4f9d-8b2d-3677709f6966,75106972-e983-4939-b028-0fb263a5ed6a,IG Reel,VIDEO,15.9.2026 16:23:32,"🏒 ČEKÁNÍ JE U KONCE - HOKEJ JE ZPÁTKY! 🔥

Celé léto byl klid… ale show zase ožívá 👀

Ve středu 23. 9. se Kavalíři poprvé po letní pauze představí doma a u toho prostě nesmíš chybět! 😏

Atraktivní hokej, zábava na ledě i mimo něj, soutěže, pivo a hlavně pořádná studentská atmosféra 🍻🏒
Prostě top středeční večer, který musíš zažít 👈

📅 23. 9.
🕢 19:45
📍 Zimní stadion Kuřim
🏒 Kavalíři vs. @hcnorthwings 

🚌 Doprava je zajištěna
🎟️ Lístky jsou v prodeji už teď

Tak vezmi kámoše, spolužáky, spolubydlící nebo kohokoliv, kdo chce zažít pořádnou hokejovou show 👊

23. 9. se vidíme na zimáku. Tohle si nenech ujít 🔥",https://www.instagram.com/reel/DdUIT_QI1cj/,,2740,38,1,2
@engineersprague,facebook,afd06d1d-7b1c-4f66-8d93-ce4255ab773c,8f27f8ba-fece-433b-9a07-2ea391a3a090,FB Post,IMAGE,30.9.2026 19:38:24,"Byl to boj, ale vezeme si domů tři body. 👋🏻

#engprg #srdcelva",https://www.facebook.com/1560924572517692/posts/1732652082011606,650,,11,,
@vutcavaliersbrno,instagram,b384bebf-72f3-4f9d-8b2d-3677709f6966,91377ccf-b319-4528-968d-f57d82a573fe,IG Story,VIDEO,30.8.2026 14:26:46,,https://www.instagram.com/stories/vutcavaliersbrno/3975193465717264339,,747,,,1
@hcnorthwings,facebook,2b08a479-603b-46e4-8a48-2bc0435ccd53,bdb68210-8e8f-4f26-b445-e96ca5a4b8ea,FB Video,VIDEO,29.9.2026 13:43:07,"@maca__5  vás chce pozvat, tak na něj buďte hodní! 👀

První domácí zápas sezóny! 
Středa od 19:00 proti @riderspardubice 

Přijďte fandit, budeme vás potřebovat 🤝

#univerzitnihokej #myjsmeujep #hcnorthwings #hokej",https://www.facebook.com/reel/1664397831997332/,2396,1076,24,,
@univerzitnihokej,facebook,01b45180-0b14-4a14-96e8-d0a4bab1fb9f,d539a5ca-060d-4934-baa1-0510b2de2a3a,FB Story,VIDEO,3.10.2026 9:44:47,,https://facebook.com/stories/111014331220088/UzpfSVNDOjExMDUxNzIzNjUyMDMxODg=/?view_single=1,,,,,
@univerzitnihokej,instagram,1e114592-3529-4cfe-9977-2598454053af,6dbe13bf-ad4b-4a53-bc01-001cc1f5d979,IG Story,VIDEO,8.4.2026 17:48:53,UTKÁNÍ ODSTARTOVALO UŽ I NA,https://www.instagram.com/stories/univerzitnihokej/3870927480886423230,,841,,,1
@AkademiciPlzen,facebook,d87b94e3-03e8-45d0-b92e-75e9b819545c,f082e7f7-04db-4b77-bf1d-eb5a9ca0d376,FB Post,IMAGE,26.9.2026 21:21:38,"PRVNÍ ZÁPAS – PRVNÍ VÝHRA! 👑

I přes vysokou marodku si z Ostravy odvážíme 3 body! 🔥

⚡️ 2× Pánek
⚡️ 2× Říha

A teď už v úterý poprvé doma na Alumni Game! 🏡
Vidíme se od 19:15 v LOGSPEED CZ Aréně. 🤩

#akademiciplzen 💙",https://www.facebook.com/1357105236437494/posts/1510611581086858,6498,,46,,
@218107044725785,facebook,7a942e3e-6c47-4794-9ba7-bbc7b6d40cb3,4916c3e5-6887-4e0b-b129-07ef2783eed9,FB Post,IMAGE,13.3.2026 18:21:10,"Včera to byl samej úsměv 🫶🏼 největší poděkování patří vám, že jste v tom s námi a ženete nás dopředu 🩵 

Teď už zapínáme pásy a letíme dááál 🦅",https://www.facebook.com/122282816036218300/posts/122278687778218300,570,,20,,
@riderspardubice,instagram,4d6a67ab-9313-4f77-a82e-abb18adbca5d,4a0355b7-c3a7-4df5-8526-65cc005c8b0b,IG Post,IMAGE,21.9.2026 8:52:09,"Den D je tady!🔥

Dnes v 19:30 se všichni vidíme v enteria aréně📍

Lístky najdeš v BIU🎟️

Těšíme se na Vás!❤️",https://www.instagram.com/p/DdixE0WxIWJ/,,11141,124,1,12
@univerzitnihokej,facebook,01b45180-0b14-4a14-96e8-d0a4bab1fb9f,8da04b00-1406-4ab5-86b0-40cb3ab5b6f2,FB Post,IMAGE,8.4.2026 21:46:26,"Co zápas, to kino! 🍿 Známe tři účastníky historicky prvního Final Four 🥵

Falcons ovládli výlet v Budějcích, Kings si vyzkoušeli Eden nanečisto a Engineers urvali výhru po dramatických samostatných nájezdech 🔥",https://www.facebook.com/1275398168115026/posts/1281496504171859,794,,7,,
@riderspardubice,instagram,4d6a67ab-9313-4f77-a82e-abb18adbca5d,d32bcfc7-c068-4a6f-9788-a4cb1d8241e7,IG Story,VIDEO,8.4.2026 19:03:01,"KOMERČNÍ 
PŘESTÁVKA 👀 @garnier_czsk",https://www.instagram.com/stories/riderspardubice/3870964847807153276,,559,,,1
@united_hk,instagram,b18c071b-0570-48b2-b743-990c668c3c5b,fd4f1d2f-3e3e-4e5e-a6d8-046312d63adb,IG Story,IMAGE,22.9.2026 20:26:00,,https://www.instagram.com/stories/united_hk/3992044124156505334,,372,,,
@riderspardubice,instagram,4d6a67ab-9313-4f77-a82e-abb18adbca5d,feec72b1-03c4-480c-8ae3-b7ca7879052b,IG Story,VIDEO,17.4.2026 13:16:25,PŘED ZÁPASEM SE ODEHRÁL MANAŽERSKÝ HOKEJ 🔥 🏒,https://www.instagram.com/stories/riderspardubice/3877313173284213240,,1133,,,
@cvutengineers,instagram,11963a07-7f0f-48e6-9d81-aa63a7ff4a04,1c76b151-128c-4ceb-ac28-5fcd9b2bff0d,IG Story,VIDEO,21.9.2026 12:52:48,,https://www.instagram.com/stories/cvutengineers/3991091279068708556,,2098,,,6
@boostrava,instagram,1176ddaf-d366-48a2-9639-3c6694c72c85,3226f12c-549c-4082-8ac0-813a6e0db689,IG Story,VIDEO,20.8.2026 16:07:44,1. TŘETINA NOVÝ JIČÍN  BO OSTRAVA,https://www.instagram.com/stories/boostrava/3967996529679825992,,662,,,2
@cvutengineers,instagram,11963a07-7f0f-48e6-9d81-aa63a7ff4a04,18e6316a-2694-458a-a018-99e47ad0b56f,IG Story,VIDEO,12.4.2026 14:04:05,"Ve Final Four se potkáme 
s @vsefalcons 🤩",https://www.instagram.com/stories/cvutengineers/3873713443694209126,,894,,,7
@VUTCavaliersBrno,facebook,3351b43e-4b71-442b-b2f1-920cd6e57ee5,5d8f4644-e6a8-46d7-a358-b2d36ab377e5,FB Story,IMAGE,2.10.2026 1:38:10,,https://facebook.com/stories/100667195401737/UzpfSVNDOjEwNjg5ODI0ODYwNDczNjY=/?view_single=1,,,,,
@riderspardubice,facebook,f99ed6c3-17cc-46f4-a32e-d9b0576ce2df,6da5cdb8-0e75-4291-a365-340a280540ac,FB Video,VIDEO,5.9.2026 10:01:41,"Pokud máš 8.9. čas, tak přijď na 5. ročník benefičního festivalu pro @farma_u_veselyho_psa a podpoř dobrou věc!🐶

U nás si můžeš zastřílet na branku a pokecat s našimi hráči!🔥 

Budeme se těšit!❤️",https://www.facebook.com/reel/923640543665456/,432,116,2,,
vsefalcons,instagram,709fceba-e311-48e7-9057-f54a587abf4a,84af9be2-0f49-4d86-b007-5e17d6dd086d,IG Story,VIDEO,12.2.2026 19:56:28,TĚŠÍME SE NA TEBE! 💙,https://www.instagram.com/stories/vsefalcons/3831129012949237539,574,746,,1,2
@united_hk,instagram,b18c071b-0570-48b2-b743-990c668c3c5b,476963d8-6423-4edc-9594-266ca9e4d5b2,IG Story,IMAGE,30.9.2026 14:45:08,,https://www.instagram.com/stories/united_hk/3997670775431105872,,144,,,
@univerzitnihokej,instagram,1e114592-3529-4cfe-9977-2598454053af,649f0547-3d64-4f4f-a906-c89892c88bd5,IG Story,VIDEO,8.4.2026 8:52:58,NĚCO DNESKA SPUSTÍME 🤫 @unilifecz,https://www.instagram.com/stories/univerzitnihokej/3870657724476341103,,1600,,,1
@univerzitnihokej,facebook,01b45180-0b14-4a14-96e8-d0a4bab1fb9f,01d8519e-c707-44ea-b7f6-25b403c3b892,FB Video,VIDEO,2.10.2026 17:05:09,Univerzitní hokej je ve Zlíně. Dnes oficiálně startuje 2. divize.🏒💥,https://www.facebook.com/reel/1666099258366167/,695,218,4,,
@cvutengineers,instagram,11963a07-7f0f-48e6-9d81-aa63a7ff4a04,41670cc0-cb59-4c74-a607-832e4d4d0b4f,IG Story,VIDEO,22.9.2026 12:08:14,VIDÍME SE NA HVĚZDĚ 😎,https://www.instagram.com/stories/cvutengineers/3991793547711635722,,1809,,,5
@univerzitnihokej,facebook,01b45180-0b14-4a14-96e8-d0a4bab1fb9f,84f962d5-9561-45e8-afcb-d516a66b2984,FB Post,IMAGE,12.3.2026 21:07:06,Tak který tým si odnesl víc peněz? 💰,https://www.facebook.com/1275398168115026/posts/1259782893009887,449,,,,
@akademiciplzen,instagram,65494228-95bf-4f7b-8e68-d47d7262db66,11a6b6eb-eda2-4a4d-8917-b01865e331c2,IG Reel,VIDEO,1.4.2026 11:55:58,"🐣 SOUTĚŽ O DRESY 🏒

Najdi dnes na stadionu schované vajíčko, dones ho moderátorovi a nový dres je tvůj! 👀

V tomhle fitu budeš na všech zápasech za hvězdu. ⭐️
A pozor… tohle není jediná dnešní nadílka 🤫
Doraz na zápas a zjistíš víc.

#akademiciplzen 💙",https://www.instagram.com/reel/DWloHNUDKSm/,,12312,256,2,65
@akademiciplzen,instagram,65494228-95bf-4f7b-8e68-d47d7262db66,78b28e26-7b8e-474a-8357-b1a1099b0596,IG Story,VIDEO,20.8.2026 17:57:52,2 0 : ZVYŠUJE @dejv_hynek  DAVID HYNEK 🌶️,https://www.instagram.com/stories/akademiciplzen/3968051975593678400,,1511,,,8
@AkademiciPlzen,facebook,d87b94e3-03e8-45d0-b92e-75e9b819545c,acbae431-b0f1-4d84-a364-e162c8431720,FB Post,IMAGE,18.9.2026 13:16:45,"ČTYŘIKRÁT DOMA, ČTYŘIKRÁT VÝHRA! 🔥

Příprava je za námi a z celkem pěti utkání si odnášíme čtyři vítězství! 💙

VŠE Falcons Prague ✅
ČVUT Engineers Prague ✅
UK Kings Prague ✅❌
Black Dogs Budweis ✅

Teď už ale končí sranda – příště půjde o první ligové body!

Doraž na naše první ligové utkání už 29. 9. od 19:15 a buď u toho s námi! 👊🏻💙

#akademiciplzen | 📸 káťa 🥵",https://www.facebook.com/1357105236437494/posts/1502909595190390,668,,6,,
vsefalcons,instagram,709fceba-e311-48e7-9057-f54a587abf4a,705a5d2e-a543-457c-bcdd-543cc44a4712,IG Story,VIDEO,8.4.2026 18:40:19,4:0,https://www.instagram.com/stories/vsefalcons/3870953415685755219,959,790,,,3
@boostrava,instagram,1176ddaf-d366-48a2-9639-3c6694c72c85,90b289d3-dc2f-44d7-915b-41cae3bf0650,IG Story,VIDEO,10.9.2026 19:07:40,3. TŘETINA 🦈,https://www.instagram.com/stories/boostrava/3983307378933950848,,452,,,
@BOhokej,facebook,c9082543-a03b-490f-8f97-66d439acce89,12844721-4677-4389-81f1-1bc249504301,FB Post,IMAGE,26.9.2026 10:27:11,"Dneska hrajeme! Od 20:30 vyzveme akademiky! 🦈

#gameday #hockey #match",https://www.facebook.com/1477974067675582/posts/1640500904756230,191,,4,,
@akademiciplzen,instagram,65494228-95bf-4f7b-8e68-d47d7262db66,5857362a-395b-4150-ad7d-13a199e3a7ea,IG Story,VIDEO,6.4.2026 21:19:25,☀️ 🤝🏻 AKADEMICI SUMMER CITY FEST MY BUDEME U TOHO! a ty?,https://www.instagram.com/stories/akademiciplzen/3869583871302185763,,361,,,
vsefalcons,instagram,709fceba-e311-48e7-9057-f54a587abf4a,6ca7345e-b6c3-4be6-b391-64e1d40e99fc,IG Post,IMAGE,30.9.2026 21:12:29,"Historie se opakuje a Hvězdu jsme králům opět ukradli 🏰
Občas stačí věřit a nevzdávat to, děkujeme za podporu 💙",https://www.instagram.com/p/Dd7RXLwo6mL/,,7877,373,5,58
@univerzitnihokej,instagram,1e114592-3529-4cfe-9977-2598454053af,1ab5d12f-2c0e-4948-b3b8-085090ba1695,IG Reel,VIDEO,9.4.2026 17:22:19,@ukkingsprague si daji 16.4. opáčko v Edenu na @unihokejfinalfour 🎟️ Tentokrat už budou bojovat o titul a pohár Jana Palacha! 🏆 Vstupenky na finalfour.cz,https://www.instagram.com/reel/DW60AUuCBbG/,,10045,178,1,16
@hcnorthwings,facebook,2b08a479-603b-46e4-8a48-2bc0435ccd53,204ef17c-631b-442e-aa38-5cfd4504aa78,FB Post,IMAGE,3.10.2026 18:05:19,"🚨 TOP zápas semestru už za MĚSÍC 🚨
Hornické derby mezi Ústím a Ostravou odstartuje přesně za měsíc 🗓

Bude vše, co pořádný hokejový derby má mít, pochod fans 🥁 pyro 🧨 muzika 🎛 beer&grill 🍻 🌭 soutěže v hledišti i přímo na ledě 🎁 a pak i pořádná afterpaty 🤟💃🕺

Sledujte sítě, brzy oznámíme spuštění předprodeje NEJLEVNĚJŠÍCH vstupenek 🎫 v první vlně 🔜",https://www.facebook.com/1583651910433365/posts/1765860615545826,358,,5,,
@riderspardubice,instagram,4d6a67ab-9313-4f77-a82e-abb18adbca5d,987e4f2f-cca1-4694-890c-0da6aa54b44a,IG Story,VIDEO,2.4.2026 7:57:21,"ROZHÝBEJME UNIVERZITU 
V PLNÉM PROUDU!",https://www.instagram.com/stories/riderspardubice/3866281110959607889,,649,,,
@cvutengineers,instagram,11963a07-7f0f-48e6-9d81-aa63a7ff4a04,b45b2a37-b1fd-44b0-b93b-4c93925b233f,IG Story,VIDEO,3.4.2026 6:31:32,NÁS DĚLÍ OD FINAL FOUR JEDEN JEDINEJ ZÁPAS…,https://www.instagram.com/stories/cvutengineers/3866962660663527435,,1012,,,5
@riderspardubice,facebook,f99ed6c3-17cc-46f4-a32e-d9b0576ce2df,c72656c5-ca02-45a1-9b28-3cf233be157a,FB Video,VIDEO,23.9.2026 8:01:09,"Kdo ovládne východní Čechy?🏆 

Tuhle atmosféru, rivalitu mezi dvěma univerzitami si nemůžeš nechat ujít.🙌🏻 

🎟️ Vstupenky jsou v prodeji v aplikaci UniLife, tak nabíhej tam a kup si své místo na tomto nezapomentelném zápase.🤭",https://www.facebook.com/reel/1789826708685933/,678,215,7,,
@akademiciplzen,instagram,65494228-95bf-4f7b-8e68-d47d7262db66,f8db7b67-862c-4da5-8ea5-8b6d8e51b285,IG Story,VIDEO,26.9.2026 12:09:14,SMĚR 👉🏻 OSTRAVA!,https://www.instagram.com/stories/akademiciplzen/3994693206548869433,,1716,,,2
@VUTCavaliersBrno,facebook,3351b43e-4b71-442b-b2f1-920cd6e57ee5,1df0885a-b050-4bf9-8810-240a13b76076,FB Story,VIDEO,25.9.2026 10:02:00,,https://facebook.com/stories/100667195401737/UzpfSVNDOjEzNzQyMjQxNjE1NDE1Mzc=/?view_single=1,,,,,
@united_hk,instagram,b18c071b-0570-48b2-b743-990c668c3c5b,aa6359f0-ee28-44c1-b5a0-9a98c7cd5ed5,IG Story,IMAGE,26.9.2026 17:59:58,,https://www.instagram.com/stories/united_hk/3994869702970579923,,352,,,
@engineersprague,facebook,afd06d1d-7b1c-4f66-8d93-ce4255ab773c,da739f03-dc2b-4183-9c0d-21afb0a7f84d,FB Post,IMAGE,23.9.2026 15:03:35,"🫶🏻 Byli jste zase neuvěřitelní! ❤️‍🔥

Bez vás bychom to nevyhráli, vytvořili jste tu nejlepší atmosféru. Děkujeme každému fanouškovi a těšíme se na dalším zápase už 7.10. 👋🏻

📸 Václav Nováček Ondřej Mann 

#engprg #srdcelva",https://www.facebook.com/1560924572517692/posts/1724920389451442,314,,5,,
@hcnorthwings,facebook,2b08a479-603b-46e4-8a48-2bc0435ccd53,459798c8-2d13-4aa4-a239-0e76985116e6,FB Story,VIDEO,4.3.2026 11:04:07,,,,,,,
@hcnorthwings,facebook,2b08a479-603b-46e4-8a48-2bc0435ccd53,9311e997-1264-4dd4-90df-de7b51bbc08f,FB Post,IMAGE,1.9.2026 17:26:31,"⚠️ UNIVERZITNÍ HOKEJ SE VRACÍ ⚠️

Léto rychle uteče, děcka se vrací do školních lavic, a to je vždy 🚨 pro Vás, že se vrací univerzitní HOKÉÉÉJ 🏒
21. září 2026 startuje liga a náš jízdní řád na září je následující:

🗓 středa 23/09/2026 venku s VUT CAVALIERS BRNO 

🗓 středa 30/09/2026 doma proti RIDERS UNIVERZITA PARDUBICE 

⚠️⚠️ Jooo, a taky UJEP slaví 35 let od svého vzniku, takže první domácí zápas bude speciální 💛💙

Sledujte nás, ať víte na co se těšit 🎁

#myjsmeujep #univerzitnihokej #hcnorthwings #icehockey",https://www.facebook.com/1583651910433365/posts/1731681675630387,1364,,7,,
@AkademiciPlzen,facebook,d87b94e3-03e8-45d0-b92e-75e9b819545c,cb3e00d8-a472-44c4-8d0d-4d746e4243a2,FB Post,IMAGE,26.3.2026 19:33:26,"Všechno nebo nic. 

#akademiciplzen",https://www.facebook.com/1357105236437494/posts/1352720673542617,317,,1,,
@riderspardubice,instagram,4d6a67ab-9313-4f77-a82e-abb18adbca5d,69fb7e24-95ac-444b-af51-7da981b1a78b,IG Story,VIDEO,31.3.2026 20:37:22,NYNÍ NÁS NA NAŠÍ CESTĚ DO FINAL FOUR ČEKÁ ZÁPAS VE FINÁLE PLAY-IN!,https://www.instagram.com/stories/riderspardubice/3865214057741840236,,617,,,
@cvutengineers,instagram,11963a07-7f0f-48e6-9d81-aa63a7ff4a04,1b7fde85-0c9d-41dc-85be-74ba67352cf2,IG Story,VIDEO,22.9.2026 15:19:17,,https://www.instagram.com/stories/cvutengineers/3991889711870042635,,1700,,,
@cvutengineers,instagram,11963a07-7f0f-48e6-9d81-aa63a7ff4a04,39dc87ee-175f-414a-8195-725973dfb34f,IG Story,VIDEO,15.4.2026 17:11:44,📍 ENGINEERS HLÁSÍ PŘÍJEZD 🦁,https://www.instagram.com/stories/cvutengineers/3875982217797450174,,1205,,,5
@unitedhk,facebook,bfe6cc29-a387-41b9-9bca-b077722556af,618d0853-0004-41a5-99c1-3bceefaac31e,FB Video,VIDEO,1.10.2026 16:58:41,"Nákupní štafeta v ČPP aréně. 🛍️🔥

Futurum Hradec Králové se na Otvíráku postaralo o jednu z přestávkových soutěží a bylo s námi i během programu před arénou.

Díky za podporu UNIted HK. Tohle byla teprve první společná akce sezóny. 🖤🧡

#allforunited",https://www.facebook.com/reel/1083755121245654/,445,131,3,,
@united_hk,instagram,b18c071b-0570-48b2-b743-990c668c3c5b,a74c4b69-e5fd-4625-80cb-54794294ae21,IG Story,VIDEO,13.4.2026 17:51:52,,https://www.instagram.com/stories/united_hk/3874552665648695075,,433,,,
@akademiciplzen,instagram,65494228-95bf-4f7b-8e68-d47d7262db66,e4d278c6-1e02-418b-97a9-87033630efc4,IG Story,VIDEO,1.4.2026 18:49:29,POŠLI ALBIMU ČTYŘLÍSTEK PRO ŠTĚSTÍ!,https://www.instagram.com/stories/akademiciplzen/3865884572642993566,,1135,,,
@riderspardubice,instagram,4d6a67ab-9313-4f77-a82e-abb18adbca5d,bb324ab6-6b6d-4d64-9eeb-210d8760f95e,IG Story,VIDEO,8.4.2026 19:27:25,1:1,https://www.instagram.com/stories/riderspardubice/3870977113059325267,,492,,,1
@akademici_plzen,tiktok,8f78cb3d-9c53-4c33-9f39-e6526fd8fa1c,28e9a08c-a018-4a73-85bb-2ea2e598f8c9,TT Video,VIDEO,9.3.2026 18:55:54,"Generální manažer a trenér @Dominik Beer v rozhovoru pro @ČT sport o tom, jak se @Univerzitní hokej 🏒 za poslední roky posunul. 🚀🚀🚀 #akademiciplzen",https://www.tiktok.com/@akademici_plzen/video/7615331568395062550?utm_campaign=tt4d_open_api&utm_source=7348986504397455361,,2454,110,,2