account_name,social_network_id,carl_account_id,carl_post_id,post_type,media_url_type,published,caption,permalink,impressions,views,likes,comments,shares
@akademiciplzen,instagram,65494228-95bf-4f7b-8e68-d47d7262db66,22a98fd8-a1b0-4d3f-9aa2-887cdd0462fa,IG Story,VIDEO,1.4.2026 19:35:59,JSTE  NESKUTEČNÍ!,https://www.instagram.com/stories/akademiciplzen/3865907944655434287,,1142,,,
@vutcavaliersbrno,instagram,b384bebf-72f3-4f9d-8b2d-3677709f6966,cce83768-ddb6-4bcb-964d-eed8f63df04f,IG Story,VIDEO,11.4.2026 8:39:01,,https://www.instagram.com/stories/vutcavaliersbrno/3872825035563996043,,632,,,
vsefalcons,instagram,709fceba-e311-48e7-9057-f54a587abf4a,d0568f9a-cbed-48e4-8729-c86638c2fb49,IG Story,VIDEO,10.2.2026 19:01:02,👊🏼 DEJ SI S KLUKAMA PĚSTIČKU PRO ŠTĚSTÍ,https://www.instagram.com/stories/vsefalcons/3829651570296375737,639,905,,,
vsefalcons,instagram,709fceba-e311-48e7-9057-f54a587abf4a,f54e1e29-a234-4df6-97bc-652c0a24b33c,IG Story,VIDEO,8.4.2026 18:15:33,@___pajer24 drží 🧱,https://www.instagram.com/stories/vsefalcons/3870941377706081897,887,808,,1,
vsefalcons,instagram,709fceba-e311-48e7-9057-f54a587abf4a,1e52587f-3735-4b33-8351-e3c3cabf1b83,IG Story,VIDEO,24.2.2026 18:33:56,🤖,https://www.instagram.com/stories/vsefalcons/3839784804824928823,768,955,,,2
@hcnorthwings,facebook,2b08a479-603b-46e4-8a48-2bc0435ccd53,26b66286-5f9d-48de-a095-4303260aa1a4,FB Post,IMAGE,7.4.2026 17:50:53,"🚨 POZOR 🚨 ACHTUNG 🚨 ATTENTION 🚨
Stále máte možnost se zúčastnit soutěže o 100.000 Kč od generálního partnera univerzitní ligy 💰 viz naše bio a ČSOB

🏒 V rámci FINAL FOUR v Praze 16. a 17. dubna Vás čeká příjemný cashback při platbách kartou od ČSOB 💳 a to se vyplatí 🪙",https://www.facebook.com/1583651910433365/posts/1589629983168891,317,,,,
@bitvaoprahu,instagram,d7c8aa06-74fb-4c6c-a7d2-c2fe1bf6d59c,2ca18007-e758-48a5-84a3-270b59543078,IG Story,VIDEO,22.4.2026 15:34:10,MALÁ VZPOMÍNKA🥹💙,https://www.instagram.com/stories/bitvaoprahu/3881006347605271387,,1244,,,6
@hcmuni,facebook,d1f9e9f9-7526-42d4-85aa-13f91e89f7cf,91f6c694-103a-4343-8b2e-d11b61655513,FB Post,IMAGE,14.3.2026 16:14:46,"Série je zlomena, je to doma! 👊🏻 slavíme vítězství 4:3 v prodloužení🎉🏒

#hcmuni",https://www.facebook.com/1581741777288398/posts/1565369118925664,624,,12,,
@univerzitnihokej,instagram,1e114592-3529-4cfe-9977-2598454053af,a44f3338-a67d-438f-94ab-9243b8fbd690,IG Post,IMAGE,11.4.2026 19:42:40,"Skladba NAVŽDYCKY BLÁZEN se stala skladbou roku 🏆 Gratulujeme @gufrau_official ➕ @10vpoli ➕ @_victorkal_ 🙌🏻 Interpreti se zastavili i u nás na @bitvaoprahu 🔥

📸 @ceny_andel & @bitvaoprahu",https://www.instagram.com/p/DXAOaIHCGh5/,,19483,1155,,22
@univerzitnihokej,facebook,01b45180-0b14-4a14-96e8-d0a4bab1fb9f,d36d552c-60d8-49e4-a758-e8f75fbd9e56,,TEXT,18.4.2026 5:38:15,Králové univerzitní ligy jsou z Karlovky! 🏆,https://www.facebook.com/1275398168115026/posts/1288684480119728,1435,,12,,
vsefalcons,instagram,709fceba-e311-48e7-9057-f54a587abf4a,d8c8de8b-a9fb-4b24-a7cb-277f9c9b31a2,IG Story,VIDEO,22.2.2026 6:41:10,,https://www.instagram.com/stories/vsefalcons/3837976479947090990,,238,,,
@riderspardubice,instagram,4d6a67ab-9313-4f77-a82e-abb18adbca5d,fcc39bd2-1b75-49d5-9481-b2f327061b04,IG Post,IMAGE,13.4.2026 10:12:17,"Hello, překvápko 🎁❤️‍🔥",https://www.instagram.com/p/DXEWk3IjAkO/,,8092,184,1,5
@bitvaoprahu,instagram,d7c8aa06-74fb-4c6c-a7d2-c2fe1bf6d59c,3e6b757f-4ace-4f8a-806f-56ad4a498767,IG Reel,VIDEO,12.3.2026 16:51:58,"Farmáři hledají ženu, anyone? 🤠💚 

#bitvaoprahu | @czufarmers ⚔️ @vsefalcons",https://www.instagram.com/reel/DVyqqtSjNk3/,,8266,227,2,28
vsefalcons,instagram,709fceba-e311-48e7-9057-f54a587abf4a,42f9e5c1-51b9-48b8-9b63-71ab014d5a0a,IG Story,VIDEO,10.2.2026 18:36:51,warm up 🔥,https://www.instagram.com/stories/vsefalcons/3829639408349929728,706,914,,,
@VUTCavaliersBrno,facebook,3351b43e-4b71-442b-b2f1-920cd6e57ee5,0b49f622-edc7-4f86-873e-94c74149d086,FB Video,VIDEO,6.3.2026 11:59:33,"daly jsme klukům jednorázový foťák na @hokejovy_souboj_univerzit a takto to dopadlo🤩
inspirováno @lifeonfilm",https://www.facebook.com/reel/1412134606791867/,605,223,3,,
@univerzitnihokej,facebook,01b45180-0b14-4a14-96e8-d0a4bab1fb9f,3ba25ad9-126f-41b5-a6b3-902962277ced,FB Post,IMAGE,11.4.2026 19:43:01,"Skladba NAVŽDYCKY BLÁZEN se stala skladbou roku 🏆 Gratulujeme @gufrau_official ➕ @10vpoli ➕ @_victorkal_ 🙌🏻 Interpreti se zastavili i u nás na @bitvaoprahu 🔥

📸 @ceny_andel & @bitvaoprahu",https://www.facebook.com/1275398168115026/posts/1283684923953017,791,,6,,
vsefalcons,instagram,709fceba-e311-48e7-9057-f54a587abf4a,60373d9b-eb29-4a89-85b5-8dac40b8ec56,IG Story,VIDEO,13.3.2026 17:00:58,,https://www.instagram.com/stories/vsefalcons/3852059175350237587,844,821,,,
vsefalcons,instagram,709fceba-e311-48e7-9057-f54a587abf4a,a693f9b5-a096-4b1f-baee-e31025396cfa,IG Story,VIDEO,24.3.2026 17:20:49,🏟️ 📍,https://www.instagram.com/stories/vsefalcons/3860041725087604160,920,992,,1,4
vsefalcons,instagram,709fceba-e311-48e7-9057-f54a587abf4a,1ce1284c-8d81-4a40-98ad-2c60d7a2501d,IG Story,VIDEO,17.2.2026 20:37:33,OLYMPIJSKÝ KAHOOT 🤓 mezitřetinový,https://www.instagram.com/stories/vsefalcons/3834773608421981730,612,864,,,2
vsefalcons,instagram,709fceba-e311-48e7-9057-f54a587abf4a,14b3065f-846a-476e-926a-a115a10ec2cc,IG Reel,VIDEO,3.3.2026 19:48:52,Děkujeme za krásné zpestření večera @skk.sparta 🤩,https://www.instagram.com/reel/DVbz_GZiLks/,,4114,98,1,5
@AkademiciPlzen,facebook,d87b94e3-03e8-45d0-b92e-75e9b819545c,484c76be-8ff2-4bec-a425-59e3675d5ae9,FB Post,IMAGE,17.4.2026 19:41:41,"Zdravíme z historicky prvního Final Four! 🧊👋🏻

#akademiciplzen #ullh",https://www.facebook.com/1357105236437494/posts/1370476491767035,2218,,14,,
vsefalcons,instagram,709fceba-e311-48e7-9057-f54a587abf4a,693d45d9-0807-4bfa-8701-567640556d21,IG Post,IMAGE,27.3.2026 10:58:28,"PLAY-IN 🟰 jeden zápas, jedna šance 😮‍💨 

V úterý hrajeme o všechno. Buď konec… nebo postup a boj o @unihokejfinalfour 💪🏻 

Potřebujeme naposledy plný hnízdo, který nás dotáhne k vítězství! 🦅

Vstupenky u nás na profilu! 🎟️",https://www.instagram.com/p/DWYqftSCGDi/,,11007,166,,5
vsefalcons,instagram,709fceba-e311-48e7-9057-f54a587abf4a,757c3f5c-e6a7-413b-97ab-4949b52ab9ee,IG Story,VIDEO,9.3.2026 20:43:45,ZAČÍNÁME UŽ V 15:15 🥁,https://www.instagram.com/stories/vsefalcons/3849272201715440094,665,,,,
@univerzitnihokej,instagram,1e114592-3529-4cfe-9977-2598454053af,cb83ab8d-4e69-4848-8152-802280451270,IG Post,IMAGE,25.3.2026 18:14:16,"ZNÁME PRVNÍ DVOJICI PLAY-IN! 📣
Na pražských Kateřinkách se v úterý utkají @vsefalcons proti @united_hk o postup do finále play-in 🥵",https://www.instagram.com/p/DWUSCLBCKZh/,,8848,246,,23
vsefalcons,instagram,709fceba-e311-48e7-9057-f54a587abf4a,fe6e1ca0-b1f7-4b89-a4e4-de53fdcd23ff,IG Story,VIDEO,3.3.2026 19:22:16,a je tam… 🚀,https://www.instagram.com/stories/vsefalcons/3844882625953559174,974,1471,,,11
vsefalcons,instagram,709fceba-e311-48e7-9057-f54a587abf4a,194599da-6d52-488c-9943-29cf61ef9954,IG Story,VIDEO,19.4.2026 9:21:25,,https://www.instagram.com/stories/vsefalcons/3878644457134374235,952,1237,,2,7
@riderspardubice,instagram,4d6a67ab-9313-4f77-a82e-abb18adbca5d,3770e3f7-8ad2-4fdd-a9b3-b451c68f5f32,IG Story,VIDEO,10.4.2026 7:58:55,V NEDĚLI MÁME JEŠTĚ  ŠANCIII 🔥,https://www.instagram.com/stories/riderspardubice/3872080641655590527,,588,,,1
@univerzitnihokej,facebook,01b45180-0b14-4a14-96e8-d0a4bab1fb9f,3f4c5d66-f6b8-42d4-a667-cf356bf1b7fc,FB Video,VIDEO,2.4.2026 15:11:32,,https://www.facebook.com/reel/26237112079292465/,2592,1411,7,,
vsefalcons,instagram,709fceba-e311-48e7-9057-f54a587abf4a,482f4511-0dec-448c-b01f-b4e5e982aee6,IG Story,VIDEO,10.2.2026 18:50:32,DNES U VSTUPU SI MŮŽETE ✏️ VSADIT,https://www.instagram.com/stories/vsefalcons/3829646293274750914,652,860,,,1
@bitvaoprahu,facebook,75e0f41f-82be-4f82-a77b-82ac11135ed2,6fa84223-afb6-49c1-b3c6-296213f1dc88,FB Video,VIDEO,11.3.2026 17:02:46,"Nudnej kariérní spot was never an option. Kariéra v Kauflandu is very much an option.

Plnou verzi si dejte tady: https://youtu.be/CBHBSXT36dY?is=hct7-wxzOZG9dkcP 

#kauflandcesko #teamkaufland",https://www.facebook.com/reel/789559020877200/,288,86,,,
vsefalcons,instagram,709fceba-e311-48e7-9057-f54a587abf4a,8418500f-6ff3-4b2e-94b4-217a0d3a3529,IG Post,IMAGE,3.2.2026 21:57:19,Dneska za 3 body. Vidíme se zase za týden 🐎,https://www.instagram.com/p/DUT8dPWiD8N/,,2270,76,1,8
@cvutengineers,instagram,11963a07-7f0f-48e6-9d81-aa63a7ff4a04,bc041f71-ac88-4d86-b63f-c35421fd4c83,IG Post,IMAGE,8.4.2026 21:15:02,"JSME TAM! FINAL FOUR here we go! 🦁💙🔥

Děkujeme, že jste na týhle šílený cestě byli s náma… vidíme se v Edenu! 🫡

Lístky na finalfour.cz",https://www.instagram.com/p/DW4pxtDDPSh/,,11219,259,,17
vsefalcons,instagram,709fceba-e311-48e7-9057-f54a587abf4a,d93b7a58-7de9-4198-bc80-3a9acf705e85,IG Story,VIDEO,17.2.2026 21:18:18,otáčí 5 minut před koncem 😮‍💨,https://www.instagram.com/stories/vsefalcons/3834794114139336541,606,856,,,
@bitvaoprahu,facebook,75e0f41f-82be-4f82-a77b-82ac11135ed2,35fad6cb-c056-4caf-abcf-5f674f309ffb,FB Video,VIDEO,12.3.2026 16:52:14,"Farmáři hledají ženu, anyone? 🤠💚 

#bitvaoprahu | @czufarmers ⚔️ @vsefalcons",https://www.facebook.com/reel/936729148831597/,1209,506,6,,
vsefalcons,instagram,709fceba-e311-48e7-9057-f54a587abf4a,cfca0208-e7b5-43a7-b1f3-c28aa269cb3c,IG Story,VIDEO,6.3.2026 16:41:33,,https://www.instagram.com/stories/vsefalcons/3846975977645732990,,922,,,
@akademiciplzen,instagram,65494228-95bf-4f7b-8e68-d47d7262db66,e1f9d862-d44c-4c1f-acdb-efd4a0f2d74b,IG Story,VIDEO,1.4.2026 19:14:26,,https://www.instagram.com/stories/akademiciplzen/3865897095198954138,,1126,,,
vsefalcons,instagram,709fceba-e311-48e7-9057-f54a587abf4a,32194943-f6b1-4754-930e-059efc1baf6d,IG Reel,VIDEO,9.4.2026 11:47:06,"Tři nebo tisíc je docela rozdíl, ale jak se říká, proti gustu žádný dišputát 🤓 

#vsefalcons",https://www.instagram.com/reel/DW6OFGDCDkv/,,13600,175,10,117
@engineersprague,facebook,afd06d1d-7b1c-4f66-8d93-ce4255ab773c,5b4d5f46-3f81-44e3-acf6-ee4be279b8bd,FB Post,ALBUM,12.3.2026 19:24:26,"Do finále Bitvy o Prahu nalétneme v této sestavě!
Teď je ten správný čas ukázat SRDCE LVA 💙. 
Jedeme v tom spolu 🦁!",https://www.facebook.com/1560924572517692/posts/1543606407582842,495,,4,,
vsefalcons,instagram,709fceba-e311-48e7-9057-f54a587abf4a,ce4a06b2-2b63-4db4-8017-9d3dde70e32f,IG Story,VIDEO,17.2.2026 19:27:52,☄️,https://www.instagram.com/stories/vsefalcons/3834738557093158822,,840,,,1
@unitedhk,facebook,bfe6cc29-a387-41b9-9bca-b077722556af,f5cb1447-5a84-498d-b212-775ef86d5847,FB Post,IMAGE,10.8.2026 6:49:12,"Dnes slaví narozeniny náš obránce Jakub Matoušek 🎂
Všechno nejlepší, ať se ti daří ve hře i v životě. Užij si to!",https://www.facebook.com/122180651084388974/posts/122190588404388974,204,,1,,
@univerzitnihokej,instagram,1e114592-3529-4cfe-9977-2598454053af,0a314910-4338-4acd-90ff-f35cb3d6ce39,IG Post,PHOTO,31.3.2026 6:17:41,Cesta do @unihokejfinalfour startuje dnes! 🔥 Letos jen jeden zápas rozhodne o osudu našich týmů. Kdo se probojuje do Edenu a získá Pohár Jana Palacha? 🏆,https://www.instagram.com/p/DWidSvjCH0w/,,19717,493,6,26
@univerzitnihokej,facebook,01b45180-0b14-4a14-96e8-d0a4bab1fb9f,1e0165db-3bd2-4f8e-b119-8886e5260237,FB Post,IMAGE,6.4.2026 8:08:19,"Veselé Velikonoce 🐣 Prokousali jsme se skořápkou a to nejlepší je uvnitř 👀
Final Four se blíží… 🔥",https://www.facebook.com/1275398168115026/posts/1279524521035724,341,,,,
vsefalcons,instagram,709fceba-e311-48e7-9057-f54a587abf4a,5a2f66d8-aa7e-4b91-99ee-35732ee254f4,IG Story,VIDEO,16.3.2026 11:48:04,MERCH UŽ MŮŽETE NAKUPOVAT ONLINE 🛍️,https://www.instagram.com/stories/vsefalcons/3854076013760268267,857,941,,,
@BOhokej,facebook,c9082543-a03b-490f-8f97-66d439acce89,6b73c002-5277-4b5e-9a79-e0b98e68e99d,FB Video,VIDEO,24.8.2026 14:47:29,Naši žraloci ve svém přirozeném prostředí! 🦈,https://www.facebook.com/reel/902742205852342/,424,173,1,,
@bitvaoprahu,instagram,d7c8aa06-74fb-4c6c-a7d2-c2fe1bf6d59c,c9a54823-4e17-4ff2-bfab-bc2cfe6c8b85,IG Reel,REEL,13.3.2026 14:24:01,"Kterou příchuť od @vilgainczsk máš nejraději? 😋

Hoď nám do komentářů tu svoji a dej ostatním vědět, která za to prostě stojí. 👍🏼 #bitvaoprahu",https://www.instagram.com/reel/DV0-fOqjGEb/,,20875,263,,77
@unitedhk,facebook,bfe6cc29-a387-41b9-9bca-b077722556af,41700574-8bc1-4c30-9690-eb2a7b9326cd,FB Video,VIDEO,8.3.2026 9:52:37,"🧅 Kaufland Cutting Challenge
Vracíme se ještě k momentům z Východočeského derby univerzit.

Derby není jen o hokeji.

Během přestávky jsme si dali rychlou výzvu – Kaufland Cutting Challenge.

Úkol byl jednoduchý: 45 vteřin. Hokejové rukavice. A co nejvíc najemno nakrájet cibuli.

Jak to dopadlo? Podívej se ve videu.

Díky partnerovi Kaufland za další zábavný moment derby.

🖤🧡❤️

#unitedhk #unihokej #hokej",https://www.facebook.com/reel/26377726768490349/,346,96,2,,
vsefalcons,instagram,709fceba-e311-48e7-9057-f54a587abf4a,54279403-110b-4e37-a20d-d94a0489d8f8,IG Post,CAROUSEL_ALBUM,8.3.2026 20:45:08,"Rivalita, která nikdy nevychladne! 🔥 V úterý vás potřebujeme v naší chatě na Kateřinkách! 🏟️👀",https://www.instagram.com/p/DVoyh5oCCaT/,,3865,99,1,9
vsefalcons,instagram,709fceba-e311-48e7-9057-f54a587abf4a,0966e9cb-afc0-4800-9b39-a065aadb6f33,IG Story,IMAGE,12.3.2026 16:41:28,"3 3 Theimer
Lev
Fibigr",https://www.instagram.com/stories/vsefalcons/3851324588420552300,1409,1248,,,
vsefalcons,instagram,709fceba-e311-48e7-9057-f54a587abf4a,4a73021c-53b2-45ea-9f80-491651281141,IG Story,IMAGE,3.3.2026 21:21:12,3 1,https://www.instagram.com/stories/vsefalcons/3844942432005848803,649,801,,,1
@cvutengineers,instagram,11963a07-7f0f-48e6-9d81-aa63a7ff4a04,b2f86027-7375-4878-adf8-ff90d35cdcd0,IG Story,VIDEO,8.4.2026 17:28:10,,https://www.instagram.com/stories/cvutengineers/3870917029654211487,,1026,,,3
vsefalcons,instagram,709fceba-e311-48e7-9057-f54a587abf4a,fd0e18a3-f8ea-4aa4-8481-3f61cfddf6bc,IG Story,VIDEO,12.3.2026 14:55:27,@sokoli.hnizd0 🪹 💙,https://www.instagram.com/stories/vsefalcons/3851271246663126238,1661,1640,,,6
univerzitnihokej,tiktok,01c88cf9-594f-408e-a45a-95114221acae,993bf1b9-d005-49f1-82f3-f13b0f67b84b,TT Video,VIDEO,21.4.2026 16:21:27,"Jdeš si přebírat medaili, ale prvně se potřebuješ upravit, aby ti to slušelo na fotkách 📸 (ne že by to kluci potřebovali 🤭)",https://www.tiktok.com/@univerzitnihokej/video/7631248419188739350?utm_campaign=tt4d_open_api&utm_source=7348986504397455361,,3799,273,,11
@riderspardubice,facebook,f99ed6c3-17cc-46f4-a32e-d9b0576ce2df,f621fb42-d41a-4f77-a037-b7a23d288784,FB Video,VIDEO,18.3.2026 18:25:55,"Tak co, objeví se Skrypák jako nový bombshell v Love Islandu?😂 A obarví si Kopejda hlavu před play-in?

Přijď 23.3. do Enteria Areny podpořit kluky a hlavně @daniel.skryp a @dominikkopecky_99 ! Je to jejich poslední zápas za Riders!🔥

Lastdance
🗓️ 23.3. v 19:45
📍 v Enteria Arena 
⚔️ proti @united_hk 

Odkaz na vstupenky najdeš v BIU!🎟️ (I se slevičkou!🤭)

#lastdance#riders",https://www.facebook.com/reel/1305268478186717/,216,78,,,
@united_hk,instagram,b18c071b-0570-48b2-b743-990c668c3c5b,b1edd1e2-5fc7-4259-b896-7053a5148f4b,IG Story,IMAGE,25.4.2026 12:46:58,"Vítězka Univerziády
v ledním hokeji @_andu.la_31  nás
přišla podpořit!",https://www.instagram.com/stories/united_hk/3883096702726975046,,960,,,
@riderspardubice,facebook,f99ed6c3-17cc-46f4-a32e-d9b0576ce2df,c9ff7733-1f62-4643-b23a-1135d96f1ef6,FB Post,IMAGE,3.3.2026 14:09:54,"🔥👏 Tak tahle včerejší střela do branky během přestávkové soutěže od dámského týmu byla naprosto přesná a holky si vystřílely dvě moderní powerbanky od @enteria_holding!

Gratulujeme holkám a čekáme je na tryoutu 💪
A děkujeme @enteria_holding za krásné ceny! 🧡",https://www.facebook.com/1592662819534019/posts/1566763032123998,399,,3,,
@univerzitnihokej,instagram,1e114592-3529-4cfe-9977-2598454053af,33515a1e-6185-47dc-8e75-7e4c2087734d,IG Story,VIDEO,6.4.2026 19:17:55,vrchol sezóny se blíží… 👀,https://www.instagram.com/stories/univerzitnihokej/3869522725740007235,,696,,,
vsefalcons,instagram,709fceba-e311-48e7-9057-f54a587abf4a,7ff1cb59-10e3-4742-9df0-695919a690e6,IG Story,VIDEO,13.3.2026 16:19:12,,https://www.instagram.com/stories/vsefalcons/3852038151686640837,930,834,,,
vsefalcons,instagram,709fceba-e311-48e7-9057-f54a587abf4a,a6a0b4bb-99d9-45d6-9c3f-15c0603b22f6,IG Story,VIDEO,12.2.2026 10:57:07,"vezmeš si svých pět švestek
a jdeš 👈🏼",https://www.instagram.com/stories/vsefalcons/3830857566150770362,781,781,,,2
@cvutengineers,instagram,11963a07-7f0f-48e6-9d81-aa63a7ff4a04,367b2747-bc99-44d3-bfdf-0ecd18839f82,IG Post,IMAGE,18.3.2026 21:45:43,"Dneska rozhodovaly detaily, ale 2 body zůstavaj u nás doma na Hvězdičce! 🫡

Vidíme se zase příští týden!",https://www.instagram.com/p/DWCo9B_DDT6/,,3103,117,,3
vsefalcons,instagram,709fceba-e311-48e7-9057-f54a587abf4a,bae5132c-da3e-47b1-b788-01c54455a37b,IG Post,IMAGE,16.4.2026 20:56:03,"Dnes to nevyšlo podle představ, ale nevzdáváme se a bojujeme dál! 💪🏼

Děkujeme všem za podporu a vidíme se zítra zase v Edenu 🦅 Vstupenky můžete zakoupit na finalfour.cz 🎟️",https://www.instagram.com/p/DXNOyEbiHSW/,,5607,127,,11
@univerzitnihokej,instagram,1e114592-3529-4cfe-9977-2598454053af,f6ab51b8-f01b-43d5-8947-04fb57fe0e9c,IG Reel,VIDEO,28.4.2026 15:55:44,"Slovy našeho táty marketingu: “Děláme si, co chceme” ✌🏻 Co jsme dělali na @unihokejfinalfour můžete vidět na našem YouTube! 🎥",https://www.instagram.com/reel/DXrlYbviDsK/,,7039,197,1,19
@univerzitnihokej,instagram,1e114592-3529-4cfe-9977-2598454053af,9af8b828-c089-4ada-bb5c-c475f14f0014,IG Story,IMAGE,17.4.2026 20:16:16,,https://www.instagram.com/stories/univerzitnihokej/3877524640498371876,,1373,,,
@riderspardubice,instagram,4d6a67ab-9313-4f77-a82e-abb18adbca5d,706dc6c5-c5f0-4d31-ad99-37a344af54dd,IG Post,IMAGE,4.3.2026 9:01:06,"Venkovní zápas v Brně!🗣️🏒

Venkovní zápas
🗓️ 4.3. v 19:30
📍 ve Sportcentrum Lužánky
⚔️ proti @hc_muni 

#riders#venkovnízápas",https://www.instagram.com/p/DVdOoAEjEZh/,,2240,21,,6
@riderspardubice,facebook,f99ed6c3-17cc-46f4-a32e-d9b0576ce2df,7b1c6f8e-f41b-49cd-850a-2b24ced0d91c,FB Post,IMAGE,28.4.2026 17:24:15,"Tahle sezona byla jízda a my děkujeme všem partnerům za to, že stáli při nás! 👏

#děkujeme",https://www.facebook.com/1592662819534019/posts/1617586293708338,821,,14,,
vsefalcons,instagram,709fceba-e311-48e7-9057-f54a587abf4a,8e61d0e1-6997-4c41-bcb1-bc7ed6eda81d,IG Story,VIDEO,12.3.2026 17:56:31,,https://www.instagram.com/stories/vsefalcons/3851362449396102998,1371,1089,,,
vsefalcons,instagram,709fceba-e311-48e7-9057-f54a587abf4a,a3c761e8-94e5-4173-a577-c5151395b991,IG Story,VIDEO,26.1.2026 16:27:46,🔜 ROZBRUSLENÍ 😎,https://www.instagram.com/stories/vsefalcons/3818702795038001163,,957,,,1
@AkademiciPlzen,facebook,d87b94e3-03e8-45d0-b92e-75e9b819545c,c191553a-e572-4e2c-9c12-2dbbf305527a,FB Post,IMAGE,13.3.2026 13:40:21,"Náš nejproduktivnější hráč znovu úřadoval. 💥

Kamil Hajšman si v zápase proti @hcnorthwings připsal 3 góly a 2 asistence a po zásluze se stal hráčem zápasu.

Mrkni na jeho gólovou show. 🎥

#akademiciplzen 💙",https://www.facebook.com/1357105236437494/posts/1341513381330013,887,,3,,
@unitedhk,facebook,bfe6cc29-a387-41b9-9bca-b077722556af,0abf36a9-d131-458f-ac84-cb27ca46f445,FB Story,VIDEO,10.8.2026 19:23:34,,https://facebook.com/stories/122099775710388974/UzpfSVNDOjI4MTg1NTkyNTQ0Mzg2Njk4/?view_single=1,,,,,
@bitvaoprahu,instagram,d7c8aa06-74fb-4c6c-a7d2-c2fe1bf6d59c,f089572b-24a7-47ea-8d98-a10d660db714,IG Reel,VIDEO,11.3.2026 17:02:36,"Nudnej kariérní spot was never an option. Kariéra v Kauflandu is very much an option.
#kauflandcesko #teamkaufland",https://www.instagram.com/reel/DVwHV5pDC4N/,,23609,340,10,251
@vutcavaliersbrno,instagram,b384bebf-72f3-4f9d-8b2d-3677709f6966,6d50e18c-faf5-4b43-9f87-723f35b4f338,IG Reel,REEL,21.3.2026 12:20:41,Fanoušci mají vždycky pravdu!,https://www.instagram.com/reel/DWJXB4FCCdx/,,8345,85,3,27
@hcmuni,facebook,d1f9e9f9-7526-42d4-85aa-13f91e89f7cf,6e90085c-0bee-4ba5-8fbe-78d7106cecfe,FB Video,VIDEO,15.4.2026 15:51:18,"DÍKY VÁM máme úžasných 42 200Kč pro Honzíka ❤️ Peníze využije na jeho rehabilitace a důležité pomůcky

Kdo by chtěl ještě přispět, odkaz na transparentní účet najdete u nás v biu👆🏻",https://www.facebook.com/reel/1470093451517877/,462,193,1,,
univerzitnihokej,tiktok,01c88cf9-594f-408e-a45a-95114221acae,abc3de28-ea77-4271-bff1-0373c249933a,TT Video,VIDEO,9.4.2026 17:28:34,@UK KINGS PRAGUE postupují do Final Four v Edenu! 16.-17. dubna lístky na finalfour.cz 🎟️,https://www.tiktok.com/@univerzitnihokej/video/7626812703058709782?utm_campaign=tt4d_open_api&utm_source=7348986504397455361,,1008,43,,3
vsefalcons,instagram,709fceba-e311-48e7-9057-f54a587abf4a,51a8fe04-32ea-4a73-987f-2ed3e60cf417,IG Story,VIDEO,26.1.2026 17:00:40,💨 LETSGOOOO,https://www.instagram.com/stories/vsefalcons/3818719351910476355,,856,,,1
@riderspardubice,instagram,4d6a67ab-9313-4f77-a82e-abb18adbca5d,5fb6c78f-cf06-4a75-9c19-4dc5b4daa9ba,IG Story,VIDEO,17.4.2026 15:41:02,BRANKÁŘSKÉ DUO OPĚT V AKCI @63skorpiz  @radek_bednar_ 🐎,https://www.instagram.com/stories/riderspardubice/3877385941531020395,,1378,,,3
vsefalcons,instagram,709fceba-e311-48e7-9057-f54a587abf4a,620696ee-4a09-41da-a8a2-410ae729891c,IG Story,IMAGE,8.4.2026 19:14:09,0 4 Čech,https://www.instagram.com/stories/vsefalcons/3870970404672136051,875,645,,1,1
vsefalcons,instagram,709fceba-e311-48e7-9057-f54a587abf4a,8d86ac6b-69a2-4b28-a57b-bbe40ceb8ecf,IG Story,VIDEO,13.4.2026 16:22:27,BOYS ARE BACK IN TOWN ❌ ON ICE,https://www.instagram.com/stories/vsefalcons/3874507877905916241,,840,,,
@riderspardubice,instagram,4d6a67ab-9313-4f77-a82e-abb18adbca5d,d47d2137-4306-42d7-b15b-c03ff73fca20,IG Story,VIDEO,5.4.2026 8:27:03,,https://www.instagram.com/stories/riderspardubice/3868470348090236965,,553,,,
@riderspardubice,instagram,4d6a67ab-9313-4f77-a82e-abb18adbca5d,7617845b-8842-495f-9b33-298e59003188,IG Story,VIDEO,14.4.2026 16:40:02,,https://www.instagram.com/stories/riderspardubice/3875241464997628658,,417,,,
@univerzitnihokej,facebook,01b45180-0b14-4a14-96e8-d0a4bab1fb9f,bea50336-24df-473c-aa2c-1189795af1c6,FB Post,IMAGE,2.3.2026 9:30:43,"@ukkingsprague mají ve vedoucí pozici výrazný bodový náskok, ale hned za nimi to vypadá ještě na pořádný boj o umístění 🔥 máme se na co těšit! 🙂‍↕️",https://www.facebook.com/1275398168115026/posts/1252018367119673,411,,,,
@univerzitnihokej,instagram,1e114592-3529-4cfe-9977-2598454053af,c2c40601-672a-4ec9-bb6e-a2a5acbc3a4a,IG Story,VIDEO,18.4.2026 10:32:23,,https://www.instagram.com/stories/univerzitnihokej/3877955528030690781,,1106,,,
@univerzitnihokej,instagram,1e114592-3529-4cfe-9977-2598454053af,fd4f47f9-3509-4a93-912c-42cfaed49f28,IG Reel,VIDEO,11.3.2026 18:32:16,MORAVSKÉ DERBY ⚔️ Sledujte živě na @ctsport 📺,https://www.instagram.com/reel/DVwRiJ-iHnE/,,17530,264,,21
@univerzitnihokej,instagram,1e114592-3529-4cfe-9977-2598454053af,362c3305-191d-4e11-b45c-4320c605d58f,IG Story,VIDEO,18.4.2026 10:25:14,,https://www.instagram.com/stories/univerzitnihokej/3877951924033031101,,1211,,,
vsefalcons,instagram,709fceba-e311-48e7-9057-f54a587abf4a,cb6099d0-fe2d-48ec-9183-6ac8591130fe,IG Story,IMAGE,14.3.2026 18:12:39,3 3,https://www.instagram.com/stories/vsefalcons/3852820035425316337,750,626,,,
vsefalcons,instagram,709fceba-e311-48e7-9057-f54a587abf4a,d2d7f9fe-6456-41e0-9668-e89d3c4e9443,IG Reel,VIDEO,8.6.2026 14:07:41,last one is the one we think 🤔 #icehockey #vsefalcons,https://www.instagram.com/reel/DZU-DW_on96/,,3583,33,,1
@unitedhk,facebook,bfe6cc29-a387-41b9-9bca-b077722556af,e5005ab9-9952-4d02-9aad-bb6f4775c253,FB Post,IMAGE,9.8.2026 15:26:24,"Zítra jdeme poprvé do zápasu. 🏒

V ČPP aréně nás čeká přátelák proti ŠAVŠ Raccoons, novému týmu Univerzitní ligy, který bude hrát Divizi 2.

🗓️ 10. 8.
🕡 18:30
📍 ČPP aréna
🎟️ Vstup zdarma

Tak se stav.",https://www.facebook.com/122180651084388974/posts/122190543710388974,210,,3,,
@riderspardubice,instagram,4d6a67ab-9313-4f77-a82e-abb18adbca5d,16be3b0e-bc4f-49d0-a5a0-57df1782772d,IG Reel,VIDEO,11.8.2026 5:54:21,malé ohlédnutí za Sportovním parkem🔥🤩,https://www.instagram.com/reel/Db44X9YIuqa/,,2745,61,,1
@riderspardubice,instagram,4d6a67ab-9313-4f77-a82e-abb18adbca5d,da82ebcb-596a-4ff2-a6fc-7b3e38d29b94,IG Story,VIDEO,8.4.2026 6:19:51,,https://www.instagram.com/stories/riderspardubice/3870580655658919210,,969,,,
@cvutengineers,instagram,11963a07-7f0f-48e6-9d81-aa63a7ff4a04,18195176-cd1a-476f-95dd-11de21250884,IG Story,VIDEO,2.4.2026 16:20:47,👇🏻🎟️,https://www.instagram.com/stories/cvutengineers/3866534490751649052,,600,,,
@akademiciplzen,instagram,65494228-95bf-4f7b-8e68-d47d7262db66,5cd25da0-8601-4827-b337-b2e94366dc03,IG Story,VIDEO,31.3.2026 20:10:53,@albert_schacherl,https://www.instagram.com/stories/akademiciplzen/3865200719091752118,,684,,,1
@united_hk,instagram,b18c071b-0570-48b2-b743-990c668c3c5b,7e7aef16-0f06-4aad-91f3-507dad11a3f5,IG Story,VIDEO,23.8.2026 14:56:50,Díky @kauflandcesko za občerstevní do kabiny,https://www.instagram.com/stories/united_hk/3970135145587447800,,601,,,
vsefalcons,instagram,709fceba-e311-48e7-9057-f54a587abf4a,77adeb85-4044-463d-97a1-eaec920fe8bd,IG Story,VIDEO,23.3.2026 20:48:45,kluci potřebujou help ? ? ? MÁME TADY NĚJAKÉHO MACHRA NA MAKRO?,https://www.instagram.com/stories/vsefalcons/3859421629906451809,1161,800,,3,3
@VUTCavaliersBrno,facebook,3351b43e-4b71-442b-b2f1-920cd6e57ee5,1bdb0b8d-b27b-4d7e-9158-25755391edf9,FB Video,VIDEO,12.3.2026 10:33:06,taková naše autobusová klasika,https://www.facebook.com/reel/1424637819458794/,361,178,1,,
@218107044725785,facebook,7a942e3e-6c47-4794-9ba7-bbc7b6d40cb3,933df2fb-7c07-46b0-aa96-75b788ed59cf,FB Video,VIDEO,14.3.2026 10:16:29,Třetí zápas v jednom týdnu a dnes se vyrazíme po D1 do Brna 👋🏻,https://www.facebook.com/reel/1448611646818095/,889,351,18,,
@cvutengineers,instagram,11963a07-7f0f-48e6-9d81-aa63a7ff4a04,a8846043-5a2b-47fd-ac13-5cea47d3c515,IG Post,IMAGE,16.4.2026 21:16:37,"JSME VE FINÁLE 🔥
Zítra nás čeká ten nejočekávanější vrchol sezony. 
Ukažme všem #srdcelva 💙",https://www.instagram.com/p/DXNQuQ3jIPX/,,4975,188,,7
@boostrava,instagram,1176ddaf-d366-48a2-9639-3c6694c72c85,0919a1ad-9d76-4e53-90c5-a5d9f6f4633b,IG Story,VIDEO,31.3.2026 18:00:01,@bo_kotel  Pov: si součástí,https://www.instagram.com/stories/boostrava/3865134891646373911,,665,,,12
vsefalcons,instagram,709fceba-e311-48e7-9057-f54a587abf4a,3f9ce322-7755-47ab-82ef-610ecb07b420,IG Reel,VIDEO,5.2.2026 17:47:22,"Nově pokořený rekord v říkáni “vole” ve videu aka @patrik_nabelek na micu 🎙️🛍️ 

#vsefalcons",https://www.instagram.com/reel/DUYpSh7CEpp/,,4538,125,4,22
@riderspardubice,instagram,4d6a67ab-9313-4f77-a82e-abb18adbca5d,4b1cc5e6-535b-45ef-82d6-fdc38e43c303,IG Story,VIDEO,1.4.2026 10:46:29,,https://www.instagram.com/stories/riderspardubice/3865641451883594079,,730,,,2
@united_hk,instagram,b18c071b-0570-48b2-b743-990c668c3c5b,51f61280-089b-4277-ad6f-0f8b2c66c653,IG Reel,VIDEO,12.8.2026 14:31:40,"Minulý týden jsme se konečně vrátili na led. 🏒

Jak moc se kluci na první trénink těšili?

Odpovědi jsou… různě nadšené. 😄",https://www.instagram.com/reel/Db8YTQaIwI7/,,5031,110,2,20
vsefalcons,instagram,709fceba-e311-48e7-9057-f54a587abf4a,d58af445-2388-41b2-90a5-2ebb5c52ae73,IG Story,VIDEO,28.1.2026 17:47:43,👷🏽,https://www.instagram.com/stories/vsefalcons/3820192730416962891,,959,,,
vsefalcons,instagram,709fceba-e311-48e7-9057-f54a587abf4a,084010ad-6053-4c45-bfb2-d782652e3102,IG Story,VIDEO,15.4.2026 9:39:43,🙌🏼 👀,https://www.instagram.com/stories/vsefalcons/3875754688734083516,706,842,,2,1
@riderspardubice,facebook,f99ed6c3-17cc-46f4-a32e-d9b0576ce2df,18b73c73-cddd-4ca4-a413-d42edfea7113,FB Post,ALBUM,31.3.2026 6:00:12,"Záda nám “kryje” náš partner @foxconn_czech 👋

Jak myslíte že dopadne dnešní zápas? 🤨",https://www.facebook.com/1592662819534019/posts/1591799142953720,395,,4,,
@hcnorthwings,facebook,2b08a479-603b-46e4-8a48-2bc0435ccd53,2366cfc0-8669-41f9-a8fc-4f0c859ecb0e,FB Post,IMAGE,12.3.2026 9:34:19,"Ohlédnutí 📸 za domácím utkáním 24. kola proti Akademikům z Plzně. Foto by @mistr.31 
#myjsmeujep #hcnorthwings #univerzitnihokej #icehockey",https://www.facebook.com/1583651910433365/posts/1565318892266667,359,,4,,
@riderspardubice,instagram,4d6a67ab-9313-4f77-a82e-abb18adbca5d,e1501b58-9b41-4bd6-a8a9-550d68e27dad,IG Post,IMAGE,14.3.2026 17:00:00,"V dresu Riders 23. března uvidíme naposledy na ledě i @daniel.skryp 👏

Přijďte se s nim rozloučit a vytvořit mu na posledním domácím zápase nezapomenutelnou atmosféru! 🔥

Vstupenky koupíte přes odkaz v BIU s kódem “skryp20” dokonce s 20% slevou! 🎟️",https://www.instagram.com/p/DV31ksMjKt4/,,4189,66,6,11
@AkademiciPlzen,facebook,d87b94e3-03e8-45d0-b92e-75e9b819545c,52e37264-8a26-46e2-8e4e-f5ebe2dff551,FB Post,IMAGE,11.3.2026 20:41:36,"Tak to byla JÍZDA!💨
Z Ústí vezeme výhru 1:9 nad @hcnorthwings a s ní bodovou hostinu. 🍝

Kamil Hajšman: hattrick + 2 asistence a hráč zápasu 👑
David Roubal: 2 góly + 3 asistence
Štěpán Říha: 2 góly + 2 asistence

#akademiciplzen 💙",https://www.facebook.com/1357105236437494/posts/1340170021464349,4720,,40,,
@riderspardubice,instagram,4d6a67ab-9313-4f77-a82e-abb18adbca5d,0702c153-6135-416f-81b9-74784203cacc,IG Post,PHOTO,26.3.2026 10:12:34,"Je to tady! Play-in v Ostravě! 🔥

Play-in
🗓️ 31.3. v 19:30
📍 v RT Torax Arena 
⚔️ proti @boostrava 

#playin#riders",https://www.instagram.com/p/DWWAJKbDKlf/,,2107,51,,1
@akademiciplzen,instagram,65494228-95bf-4f7b-8e68-d47d7262db66,5a98c949-981e-43e9-afe3-b80c920ea68e,IG Reel,VIDEO,15.4.2026 13:44:04,"Kuba VS. Mája ⚔️

Porovnali jsme síly dvou přeborníků na ledě – hokejisty a krasobruslařky! 🧊

Disciplíny nám nadiktovaly nápoje Zott (a že to nebyla žádná sranda 😄), takže po výkonu přišla i zasloužená odměna.

Kdo tenhle battle ovládl? 👀👇🏻

#zott #zotthungry #hungrydrinkthis",https://www.instagram.com/reel/DXJ28OIjEc8/,,7939,183,,14
@engineersprague,facebook,afd06d1d-7b1c-4f66-8d93-ce4255ab773c,02706055-e8d1-4fbd-91c7-f32956672f0e,FB Story,VIDEO,2.3.2026 18:58:10,,,,,,,
@engineersprague,facebook,afd06d1d-7b1c-4f66-8d93-ce4255ab773c,757ba5e1-98c9-4d10-8ea3-d99be675d5d2,FB Video,VIDEO,22.8.2026 18:58:09,"Někteří naši kluci mají schopnosti, o kterých jsme dosud nevěděli 🧙🏻‍♂️",https://www.facebook.com/reel/1397170612558584/,873,325,11,,
vsefalcons,instagram,709fceba-e311-48e7-9057-f54a587abf4a,03f11b38-d502-4aea-a519-8ed8b6f3e37b,IG Story,VIDEO,26.1.2026 17:13:33,👊🏼 @patrik_nabelek,https://www.instagram.com/stories/vsefalcons/3818725827076980512,,1135,,,10
vsefalcons,instagram,709fceba-e311-48e7-9057-f54a587abf4a,32f6b39b-2b8c-4a11-a837-4eb681598f9a,IG Reel,VIDEO,8.4.2026 17:38:40,KSN 😋,https://www.instagram.com/reel/DW4RqJ9iMQ7/,,7888,183,2,9
@univerzitnihokej,instagram,1e114592-3529-4cfe-9977-2598454053af,6c16c393-5967-47db-a1aa-68a6c98d05d9,IG Story,VIDEO,13.4.2026 16:18:34,,https://www.instagram.com/stories/univerzitnihokej/3874505936580663115,,811,,,
@BOhokej,facebook,c9082543-a03b-490f-8f97-66d439acce89,14647f6c-039c-4f1d-9fc0-136fd6ea70b3,FB Post,IMAGE,24.3.2026 7:20:48,"POSLEDNÍ DOMÁCÍ UTKÁNÍ PŘED PLAY IN!🌟
Pivka, soutěže na ledě a super podívaná! 
Lístky koupíš na místě nebo přes odkaz v BIU✨
Tak doraž!🏒",https://www.facebook.com/1477974067675582/posts/1471015835038072,209,,2,,
@hcnorthwings,facebook,2b08a479-603b-46e4-8a48-2bc0435ccd53,865d3429-ee08-4f12-9597-773271501129,FB Post,PHOTO,15.3.2026 15:41:41,"Poslední DOMÁCÍ 💙💛 utkání sezóny je TADY 🏒 Ve středu 18. března 2026 od 18:00 na ústeckém zimáku 🕕

Soupeřem nám bude tým @united_hk 

Rádi Vás všechny uvidíme v hledišti a budeme moc rádi, když všichni dorazíte 🫶
Občerstvení, soutěže a výhry budou připraveny jen a jen pro Vás 🎁

Vidíme se ve středu na zimáku 🧊🏟",https://www.facebook.com/1583651910433365/posts/1568175805314309,374,,2,,
@united_hk,tiktok,7e062517-b9da-416d-b73d-a2c5899a2be6,d171d3f9-c8cd-4d42-8d08-be3bf1d06a9f,TT Video,VIDEO,19.6.2026 18:20:27,"Super kšiltovka!!! Díky 🤩 @iSport.cz, Deník Sport  @Univerzitní hokej 🏒 ",https://www.tiktok.com/@united_hk/video/7653173111717711126?utm_campaign=tt4d_open_api&utm_source=7348986504397455361,,662,27,,1
@united_hk,instagram,b18c071b-0570-48b2-b743-990c668c3c5b,2f4967e2-cb26-4739-b497-2823afc6d305,IG Story,VIDEO,15.4.2026 11:21:56,,https://www.instagram.com/stories/united_hk/3875805977647802701,,559,,,
vsefalcons,instagram,709fceba-e311-48e7-9057-f54a587abf4a,30b55ab3-458d-45e6-8092-418ed998c183,IG Story,VIDEO,31.3.2026 15:05:51,👀,https://www.instagram.com/stories/vsefalcons/3865047227169269865,1022,904,,,
@unitedhk,facebook,bfe6cc29-a387-41b9-9bca-b077722556af,6e923a1a-5ad4-4b99-af8b-298d9dbfb1b3,FB Post,IMAGE,22.4.2026 8:07:04,"Děkujeme společnosti JCI a.s. za podporu v sezoně 2025/26.

Pojišťovací zprostředkovatel, který pomáhá s výběrem a správou pojištění pro jednotlivce i firmy.

Díky, že stojíte za UNIted HK. 🖤🧡",https://www.facebook.com/122180651084388974/posts/122182117682388974,155,,,,
vsefalcons,instagram,709fceba-e311-48e7-9057-f54a587abf4a,00a923c6-d34e-4a94-bd6e-a72ee6c36bd2,IG Story,VIDEO,21.2.2026 10:34:44,💙 🦅,https://www.instagram.com/stories/vsefalcons/3837369259030754469,630,757,,,
@united_hk,instagram,b18c071b-0570-48b2-b743-990c668c3c5b,e5de976a-41a0-4401-85c2-f0db188a4229,IG Story,VIDEO,17.4.2026 20:07:09,,https://www.instagram.com/stories/united_hk/3877519781125432336,,341,,,6
@cvutengineers,instagram,11963a07-7f0f-48e6-9d81-aa63a7ff4a04,ab482f9c-93dd-45b9-a771-c7f5a16a4704,IG Story,VIDEO,22.8.2026 18:59:20,,https://www.instagram.com/stories/cvutengineers/3969532437071723177,,670,,,
@united_hk,instagram,b18c071b-0570-48b2-b743-990c668c3c5b,f805917d-412b-46d2-8b05-c9262e24ad15,IG Story,VIDEO,8.4.2026 15:16:43,,https://www.instagram.com/stories/united_hk/3870850695394023741,,1753,,,2
@bitvaoprahu,facebook,75e0f41f-82be-4f82-a77b-82ac11135ed2,7e849231-4e21-4d04-96ce-3fab8bdef933,FB Post,IMAGE,11.3.2026 6:00:09,"3. VLNA prodeje vstupenek končí už dnes o půlnoci 🫨
V den akce už to bude faaakt drahý! 💸 Tak buďte rozumný a kupte si lístek ještě dnes. 

🎟️ bitvaoprahu.cz",https://www.facebook.com/1441262177797849/posts/1418945703362830,207,,,,
@vutcavaliersbrno,instagram,b384bebf-72f3-4f9d-8b2d-3677709f6966,ac2f5ae9-1407-4c91-9237-7b161438bec4,IG Post,IMAGE,13.7.2026 16:18:03,JAK TO VIDÍTE VY? ⚽️🏟️,https://www.instagram.com/p/DavU67SiF6a/,,4851,81,5,20
@akademiciplzen,instagram,65494228-95bf-4f7b-8e68-d47d7262db66,acf2a368-c2de-446a-afec-652d8b2c7a42,IG Story,VIDEO,2.4.2026 15:24:08,,https://www.instagram.com/stories/akademiciplzen/3866506069225005638,,1239,,,1
@univerzitnihokej,instagram,1e114592-3529-4cfe-9977-2598454053af,b38476b1-bc80-463e-b1bc-bea46cc9a05f,IG Story,VIDEO,31.3.2026 19:27:39,,https://www.instagram.com/stories/univerzitnihokej/3865178969142234180,,871,,,
@riderspardubice,instagram,4d6a67ab-9313-4f77-a82e-abb18adbca5d,43e613bf-6413-4afa-a17b-afdc917e1427,IG Story,VIDEO,12.4.2026 13:27:30,3 MINUTY DO KONCE 😬 2:2,https://www.instagram.com/stories/riderspardubice/3873697075129282186,,1006,,,
@boostrava,instagram,1176ddaf-d366-48a2-9639-3c6694c72c85,ab2008fb-883a-4a63-b734-d33e9816f18c,IG Reel,VIDEO,15.4.2026 16:35:03,Přejeme to VŠEM! Ať vyhraje ten nejlepší✨ a my se na vás těšíme v příští sezóně!😜 Máte se na co těšit 🦈,https://www.instagram.com/reel/DXKLrbGDAcl/,,4146,106,,5
@univerzitnihokej,instagram,1e114592-3529-4cfe-9977-2598454053af,53bb217f-a2eb-4d10-b33f-e07e47f3370e,IG Reel,VIDEO,11.3.2026 22:01:04,"Fuuu…byly to nervy, ale domácí BOčko to nakonec urvalo! 🫨",https://www.instagram.com/reel/DVwpbubiHCa/,,19094,447,2,22
@univerzitnihokej,facebook,01b45180-0b14-4a14-96e8-d0a4bab1fb9f,e8ec15d9-952f-41dc-9614-97b5621c8909,FB Post,IMAGE,9.4.2026 14:16:57,"Určitě se ptáte, jak to teď bude vypadat v @unihokejfinalfour 👀

Rozhodne se až v neděli v Lucky Loser zápase, kde se utkají Black Dogs a Riders. Podle toho, kdo vyhraje, se nastaví dvojice pro Final Four:

👉 Pokud vyhrají Riders:
UK Kings vs. Riders
ČVUT Engineers vs. VŠE Falcons

👉 Pokud vyhrají Black Dogs:
UK Kings vs. VŠE Falcons
ČVUT Engineers vs. Black Dogs

Jasno bude v neděli. Do té doby podržíme nejlevnější vstupenky. 🎟️",https://www.facebook.com/1275398168115026/posts/1282003267454516,1132,,4,,
@unitedhk,facebook,bfe6cc29-a387-41b9-9bca-b077722556af,35b4f197-9250-41c7-9013-0ecd605d4df5,FB Post,PHOTO,28.3.2026 11:10:06,"Už jen 3 dny do startu PLAY-IN!

1 zápas. Všechno nebo nic.

Tenhle večer rozhodne.

31.3. Praha.

ALL IN 🖤🧡

#unitedhk #unihokej #hokej",https://www.facebook.com/122180651084388974/posts/122179847534388974,281,,1,,
@univerzitnihokej,facebook,01b45180-0b14-4a14-96e8-d0a4bab1fb9f,3c144b1d-94ce-4603-8502-86fb765b2fe8,FB Video,VIDEO,12.3.2026 9:16:15,KFC Chicken detective🕵🏼‍♀️🍗,https://www.facebook.com/reel/910428958528275/,2338,1026,9,,
@riderspardubice,facebook,f99ed6c3-17cc-46f4-a32e-d9b0576ce2df,eea239e4-187b-4bb4-8958-ab155c091f6f,FB Post,IMAGE,12.4.2026 15:49:20,JSME VE @unihokejfinalfour !!!!!,https://www.facebook.com/1592662819534019/posts/1602824248517876,229,,6,,
@cvutengineers,instagram,11963a07-7f0f-48e6-9d81-aa63a7ff4a04,42e65500-9996-4fd3-ae3c-d5de7b1e0200,IG Story,VIDEO,17.4.2026 18:06:19,"KEPTYN 
READY 🫡",https://www.instagram.com/stories/cvutengineers/3877458864530791288,,1334,,,
@hcnorthwings,facebook,2b08a479-603b-46e4-8a48-2bc0435ccd53,1a41eb60-355e-46ca-8086-2689c074a0b2,FB Story,VIDEO,25.3.2026 18:52:22,,,,,,,
@univerzitnihokej,facebook,01b45180-0b14-4a14-96e8-d0a4bab1fb9f,56a0d910-5562-4788-9989-c3a8a753fe14,FB Post,IMAGE,10.4.2026 16:22:26,"Z posledních příček až do finále play-in. ČZU Farmers byli krok od Final Four, nakonec ale jejich cesta končí právě tady.

Díky za ukázku toho, že je důležité se nevzdávat! 👏🏼",https://www.facebook.com/1275398168115026/posts/1282825647372278,776,,3,,
@riderspardubice,instagram,4d6a67ab-9313-4f77-a82e-abb18adbca5d,b02a334f-daef-46ec-913b-2d32351649b0,IG Story,VIDEO,17.4.2026 14:41:34,@novas_28 🚨 🚨 1:0 GÓÓÓÓÓL,https://www.instagram.com/stories/riderspardubice/3877355977549055900,,989,,,
@bitvaoprahu,instagram,d7c8aa06-74fb-4c6c-a7d2-c2fe1bf6d59c,bfa2a274-8b88-4864-99fc-798460dfb6a9,IG Post,IMAGE,12.3.2026 19:07:50,"Druhý bronz a vedle toho důležité tři body v boji o @unihokejfinalfour ! 🆕🔜

Gratulujeme @vsecz 🤍 a přejeme hodně štěstí v nadcházejícím play off. 🔥 #bitvaoprahu & @deloittecz",https://www.instagram.com/p/DVy6Fj-Dkf7/,,20267,486,2,26
@united_hk,instagram,b18c071b-0570-48b2-b743-990c668c3c5b,7f0ee683-af21-4cf3-9c8c-c7a1b3f898bc,IG Story,IMAGE,21.8.2026 22:09:13,,https://www.instagram.com/stories/united_hk/3968903217913378566,,121,,,
vsefalcons,instagram,709fceba-e311-48e7-9057-f54a587abf4a,0381b3c5-769b-417b-80f1-b07fa3696ab5,IG Story,VIDEO,8.3.2026 7:34:06,@strnyjan,https://www.instagram.com/stories/vsefalcons/3848149991445547052,,965,,,2
vsefalcons,instagram,709fceba-e311-48e7-9057-f54a587abf4a,04673c5a-1337-4e44-b1d6-05b637cc6c9c,IG Story,VIDEO,12.3.2026 16:16:57,SROVNÁVÁME 👀,https://www.instagram.com/stories/vsefalcons/3851312263516951836,1408,1320,,,
vsefalcons,instagram,709fceba-e311-48e7-9057-f54a587abf4a,0b00ed68-22e0-45f0-8417-144e16ddf84f,IG Story,VIDEO,11.1.2026 17:56:00,👆🏼 REGISTROVAT SE MŮŽETE,https://www.instagram.com/stories/vsefalcons/3807875553261277639,,697,,,1
vsefalcons,instagram,709fceba-e311-48e7-9057-f54a587abf4a,24a9c569-4820-4246-8b32-ed2c6b5fd0be,IG Story,VIDEO,10.2.2026 10:36:44,,https://www.instagram.com/stories/vsefalcons/3829397735841734659,687,1014,,,6
@hc_muni,instagram,43cd62c8-609d-4ea6-8ce9-cae5242ede0c,2d43c833-502c-4ffe-b71b-cfba11f92b7a,IG Reel,REEL,25.3.2026 17:07:59,"Nojo, o @kfc_cz by se kluci i poprali🍗🐻 Jak úspěšní jste v našem kvízu byli vy? 

PS: žádné kuře nepřišlo vniveč 🫶🏻

#kfcplechovykyblik #kfc",https://www.instagram.com/reel/DWUKPdoDM2o/,,6068,104,,8
vsefalcons,instagram,709fceba-e311-48e7-9057-f54a587abf4a,54535825-d695-4183-9bb2-064f5699b1da,IG Story,VIDEO,10.2.2026 20:47:43,🚀,https://www.instagram.com/stories/vsefalcons/3829705462220589594,,977,,,
@univerzitnihokej,instagram,1e114592-3529-4cfe-9977-2598454053af,2db1584a-caa6-431f-95f4-0687441041af,IG Post,IMAGE,6.3.2026 8:57:44,@zlatak30 se inspiroval v NCAA. 🫨 Tohle jsme nedávno viděli u @michael_hrabal v UMass.,https://www.instagram.com/p/DViX-_GiI_2/,,26008,556,1,19
@united_hk,instagram,b18c071b-0570-48b2-b743-990c668c3c5b,40f64ffc-450a-4955-9c10-46a8e7715f4a,IG Reel,VIDEO,14.3.2026 10:30:02,"Včera jsme to dali na velkém plátně 🎬🏒

Heated Rivalry maraton v CineStaru.
Děkujeme @hbomaxczsk 

#unitedhk #cinestar #heatedrivalry #hbomax",https://www.instagram.com/reel/DV3IdJICKlD/,,78567,6345,44,2348
vsefalcons,instagram,709fceba-e311-48e7-9057-f54a587abf4a,58715e38-133e-4f92-ab41-40648660ec73,IG Story,IMAGE,22.1.2026 8:17:14,,https://www.instagram.com/stories/vsefalcons/3815556816210295056,,1086,,,
vsefalcons,instagram,709fceba-e311-48e7-9057-f54a587abf4a,69303f8b-4cf9-4c85-b7a4-6f9b4846eab4,IG Post,IMAGE,25.1.2026 17:56:18,"Zkouškové je (skoro) za námi, je čas vrátit se na zimák! 🤓 V prvním domácím zápase tohoto roku se utkáme s @hcnorthwings 🦅 

Hlavním partnerem zápasu je @mosteckamontazni 🤝🏽 

Už nám chybíte, tak se za námi zastavte! 🥹💙",https://www.instagram.com/p/DT8V0obiKQL/,,6168,63,,28
@univerzitnihokej,instagram,1e114592-3529-4cfe-9977-2598454053af,b6500821-e8c9-4534-8740-3e4bfcfa6e80,IG Post,IMAGE,23.3.2026 21:45:40,"Black Dogs vystrčili růžky a seřezali krále tabulky 🫣 východní Čechy patří Hradci, připisují si 4. výhru proti Riders 💪🏼",https://www.instagram.com/p/DWPhYejDC76/,,8810,182,,42
@univerzitnihokej,instagram,1e114592-3529-4cfe-9977-2598454053af,da6a9cc2-b138-4afc-b8b3-f1c2912aa0ba,IG Reel,VIDEO,22.4.2026 15:02:35,Zapsat se takové legendě do paměti je pro nás obrovská čest 💙  Děkujeme za krásná slova @helenavondrackovacz 🙏🏻 Celý díl na herohero.co/cestmir 🎥,https://www.instagram.com/reel/DXcCJo7CJ58/,,85904,2589,16,300
vsefalcons,instagram,709fceba-e311-48e7-9057-f54a587abf4a,f9343e37-9def-4666-a3fb-f09b99e3094c,IG Story,VIDEO,24.8.2026 15:29:58,👔 😎 a buď cool jako filip,https://www.instagram.com/stories/vsefalcons/3970876591429256830,,776,,,14
@riderspardubice,facebook,f99ed6c3-17cc-46f4-a32e-d9b0576ce2df,f9931061-d7ad-40a6-9552-30065b15750d,FB Post,IMAGE,9.3.2026 22:24:20,"Poslední zápas v dresu Riders pro @dominikkopecky_99 a @daniel.skryp! 🔥

Přijď kluky podpořit a rozloučit se s nimi na zápas proti @united_hk! 

Prvních 50 vstupenek za 50 Kč už teď přes odkaz v BIU!",https://www.facebook.com/1592662819534019/posts/1572162808250687,901,,8,,
@akademiciplzen,instagram,65494228-95bf-4f7b-8e68-d47d7262db66,fcd809b5-ea07-4d99-bb86-3de5fd07916e,IG Reel,VIDEO,21.3.2026 17:16:10,"Šampóny od @garnier_czsk dělají po tréninku ve sprchách vyloženě zázraky. 🤯✨

#garnierfructis #cistahlava #cistahra #ad",https://www.instagram.com/reel/DWJ37CuDHm0/,,10618,260,1,68
@unitedhk,facebook,bfe6cc29-a387-41b9-9bca-b077722556af,08917127-b8fe-4fbe-939a-653e23a5fd29,FB Post,IMAGE,17.8.2026 13:49:58,"Rodina partnerů UNIted HK se rozšiřuje.

Pro sezonu 2026/27 vítáme čtyři nové partnery — Amity drinks, Futurum Hradec Králové, Lékárny IPC a Montela MH.

Díky za důvěru a vítejte v UNIted HK.

Těšíme se na společnou sezonu.",https://www.facebook.com/122180651084388974/posts/122191157468388974,236,,5,,
@bitvaoprahu,instagram,d7c8aa06-74fb-4c6c-a7d2-c2fe1bf6d59c,306c41d5-83c5-4c23-af22-2e3edf05e639,IG Post,IMAGE,13.3.2026 12:52:35,"🏆🏆 Královské ráno! Žijete všichni? 😀

📸 @vratapolivka_photo , @matyasklapa , @radekkasik1",https://www.instagram.com/p/DV00bUIjCKI/,,26264,807,,176
@univerzitnihokej,instagram,1e114592-3529-4cfe-9977-2598454053af,4947b9fb-87ff-4156-af7c-6d408a228b4a,IG Story,VIDEO,12.4.2026 15:12:45,OD ZÍTRA SE ZDRAŽUJÍ VSTUPENKY MŮJ TÝM POSTOUPIL DO @unihokejfinalfour 🚨 🥳 🙌🏻 🤯,https://www.instagram.com/stories/univerzitnihokej/3873747978158609299,,1438,,,1
@boostrava,instagram,1176ddaf-d366-48a2-9639-3c6694c72c85,8899a1ac-fb83-499a-ab96-4d975cf9ac5c,IG Post,IMAGE,4.3.2026 21:20:01,"Naši vítězové! 🦈

#hockey #winners",https://www.instagram.com/p/DVei045jOtf/,,10533,196,1,23
@riderspardubice,instagram,4d6a67ab-9313-4f77-a82e-abb18adbca5d,9ab2f050-1550-4f31-acff-2e7057fe7ab6,IG Story,VIDEO,3.4.2026 7:48:04,,https://www.instagram.com/stories/riderspardubice/3867001180732009455,,599,,,1
@univerzitnihokej,instagram,1e114592-3529-4cfe-9977-2598454053af,9d728274-d513-4b55-b324-b8e0ef70b910,IG Reel,VIDEO,12.3.2026 22:11:15,"Myslíte si, že by byl @metodej_jilek dobrej v hokeji? 👇🏻👀",https://www.instagram.com/reel/DVzOyuUCEFR/,,57618,2571,3,212
@cvutengineers,instagram,11963a07-7f0f-48e6-9d81-aa63a7ff4a04,b1f7c56d-e369-4481-96cd-da3d54ebaae5,IG Post,IMAGE,17.4.2026 10:48:49,"Polední rozbruslení za námi, atmosféra byla/je dobrá 🤓

Těšíme se na večer 👀

📸: @ondra_mann 

#srdcelva",https://www.instagram.com/p/DXOuFZBDCh9/,,5092,123,,8
@akademiciplzen,instagram,65494228-95bf-4f7b-8e68-d47d7262db66,daa2564e-fae2-44b8-bdae-34e4652de34e,IG Story,VIDEO,1.4.2026 15:10:56,,https://www.instagram.com/stories/akademiciplzen/3865774527955633902,,1658,,,14
vsefalcons,instagram,709fceba-e311-48e7-9057-f54a587abf4a,ebd9dacd-6e94-481d-8766-25feffc06816,IG Reel,VIDEO,14.7.2026 18:06:45,"Někteří ptáci potřebují občas trochu času, než najdou své hnízdo. 🪺 Z Black Dogs k nám od nové sezóny přilétá student naší univerzity, Jan Vavřík 🤝🏼

Vavřa, vítej doma!",https://www.instagram.com/reel/DayF3BKotIZ/,,11833,290,6,54
@engineersprague,facebook,afd06d1d-7b1c-4f66-8d93-ce4255ab773c,4495d929-8dfa-442d-9b1a-485da6c75484,FB Story,VIDEO,4.3.2026 19:17:37,,,,,,,
@hcnorthwings,facebook,2b08a479-603b-46e4-8a48-2bc0435ccd53,af26b591-496b-4dd4-bdca-671f27e110f8,FB Story,VIDEO,4.3.2026 16:16:37,,,,,,,
vsefalcons,instagram,709fceba-e311-48e7-9057-f54a587abf4a,b5314a42-3b47-4c55-91dd-7a4fbdf998ad,IG Story,VIDEO,26.2.2026 20:55:05,za občerstvení děkujeme @kauflandcesko 🍿,https://www.instagram.com/stories/vsefalcons/3841305406261983803,983,1317,,,50
vsefalcons,instagram,709fceba-e311-48e7-9057-f54a587abf4a,bd636c4e-b803-4fad-894d-37333cb86254,IG Story,VIDEO,2.2.2026 17:15:52,"nedočkavec 6 minut
před tréninkem 🥹",https://www.instagram.com/stories/vsefalcons/3823800453092372016,,1223,,,2
@engineersprague,facebook,afd06d1d-7b1c-4f66-8d93-ce4255ab773c,c0a961dd-9ccc-4664-892a-aaad6bc0d4c9,FB Story,VIDEO,4.8.2026 19:15:04,,,,,,,
vsefalcons,instagram,709fceba-e311-48e7-9057-f54a587abf4a,f3e6fbe7-e6b2-45aa-8ceb-8161a6480c7a,IG Post,IMAGE,8.2.2026 21:00:44,"@bitvaoprahu nanečisto pro nás skončila vítězně, ta pravá nás ale teprve čeká 🔥

Nejlevnější lístky můžeš koupit do pátku na bitvaoprahu.cz 🎟️",https://www.instagram.com/p/DUgtJbOiLid/,,2270,100,1,1
@riderspardubice,instagram,4d6a67ab-9313-4f77-a82e-abb18adbca5d,ba61b1fa-0779-4ee6-86cc-fc06a80247fc,IG Story,IMAGE,17.4.2026 13:34:34,@tipsport_cz,https://www.instagram.com/stories/riderspardubice/3877322442461199422,,1107,,,
@univerzitnihokej,instagram,1e114592-3529-4cfe-9977-2598454053af,eee3bf4f-6451-4e75-a837-6cf244051737,IG Reel,VIDEO,12.3.2026 18:03:03,Za takovou střelou by se nestyděli ani naši hráči! 🤯 @csobcz cash on ice 💸,https://www.instagram.com/reel/DVyzCcBCNu2/,,7746,106,,12
@cvutengineers,instagram,11963a07-7f0f-48e6-9d81-aa63a7ff4a04,ff94c2e0-a07e-4fe1-bfd5-3363796914b4,IG Reel,VIDEO,17.4.2026 6:48:23,"🚨 FINÁLE FINAL FOUR JE TADY!

 Na tento moment jsme dlouho čekali. Teď je čas jít do boje o titul mistra ULLH. Na ledě necháme všechno. 🙏🏻

Dnes od 20:15 ukážeme, v kom bije skutečné srdce lva. 🦁",https://www.instagram.com/reel/DXOSBGhDImv/,,8383,124,,16
vsefalcons,instagram,709fceba-e311-48e7-9057-f54a587abf4a,3f67c19e-9fd0-4d0a-b87e-c6aa47cf00cb,IG Story,IMAGE,31.12.2025 11:13:13,🦅,https://www.instagram.com/stories/vsefalcons/3799700340442953410,,831,,,
vsefalcons,instagram,709fceba-e311-48e7-9057-f54a587abf4a,7685c8fe-230f-42bb-98ed-f61fa9d8f5d8,IG Story,VIDEO,26.1.2026 18:37:38,3. TŘETINA začíná,https://www.instagram.com/stories/vsefalcons/3818768175420954767,,852,,,
vsefalcons,instagram,709fceba-e311-48e7-9057-f54a587abf4a,7e36fb4d-30db-4fd4-87b0-dc994f13d342,IG Story,VIDEO,11.3.2026 18:44:33,JE TO VENKU!,https://www.instagram.com/stories/vsefalcons/3850661758843238298,1224,656,,,
vsefalcons,instagram,709fceba-e311-48e7-9057-f54a587abf4a,87e5256f-8a42-4d46-8997-a0d61c666116,IG Story,IMAGE,8.2.2026 17:51:06,"1 3 David
Drábek
Novák",https://www.instagram.com/stories/vsefalcons/3828166811108006272,,851,,,1
@riderspardubice,instagram,4d6a67ab-9313-4f77-a82e-abb18adbca5d,b431c85c-1566-411c-8277-8a6e18ae6994,IG Post,IMAGE,10.3.2026 7:42:24,"Vstupenky na Last dance Dominika Kopeckého a Daniela Skrypa nyní jen za 50,- 😎",https://www.instagram.com/p/DVsia6qDCV4/,,2119,37,,7
vsefalcons,instagram,709fceba-e311-48e7-9057-f54a587abf4a,b79ed296-d813-43be-955e-cbfeefd6e878,IG Story,VIDEO,14.3.2026 15:42:54,KDO BUDE DNEŠNÍ JEDNIČKA ? ?,https://www.instagram.com/stories/vsefalcons/3852744688277130276,770,755,,1,
@bitvaoprahu,instagram,d7c8aa06-74fb-4c6c-a7d2-c2fe1bf6d59c,e97f5792-db0b-4f2c-afa4-1922187b0fb4,IG Post,IMAGE,12.3.2026 21:10:13,"🇨🇿 Dvojnásobný medailista z olympijských her v Miláně je mezi námi! 🤩🙏🏼

Tím není nikdo jiný než Metoděj Jílek! 🎩 #bitvaoprahu",https://www.instagram.com/p/DVzIlMODutd/,,213461,10746,1,330
@AkademiciPlzen,facebook,d87b94e3-03e8-45d0-b92e-75e9b819545c,06974fdb-b7b9-4e89-8350-3ce39f25af32,FB Post,IMAGE,18.3.2026 22:22:55,"3 VÝHRY V ŘADĚ! 👊🏻

Z Brna vezeme výhru 1:4 a držíme si tak 4. místo v tabulce. 🍫 Hráčem zápasu se stává Jíří Beníšek. 👑

Jsme READY na poslední domácí zápas základní části! Přijď nás 25. 3. podpořit a pojďme to společně uzavřít vítězně! 💙

#akademiciplzen",https://www.facebook.com/1357105236437494/posts/1345811964233488,6675,,57,,
vsefalcons,instagram,709fceba-e311-48e7-9057-f54a587abf4a,2c088016-988e-4817-ab16-d55c0773b309,IG Story,VIDEO,9.4.2026 7:57:55,už za týden míříme do Edenu 🔜,https://www.instagram.com/stories/vsefalcons/3871354877611931778,752,832,,,1
@univerzitnihokej,instagram,1e114592-3529-4cfe-9977-2598454053af,58bf8637-7be8-4d01-bd65-c8fc495e8415,IG Post,IMAGE,12.3.2026 21:52:31,Tak tuto výhru ti bude závidět celkej kotel! 🍗,https://www.instagram.com/p/DVzNPXLCPM0/,,3866,68,,10
@hcnorthwings,facebook,2b08a479-603b-46e4-8a48-2bc0435ccd53,690c3418-d9e6-4426-aa30-67b31623e739,FB Video,VIDEO,19.3.2026 8:08:02,🎤 | Pozápasové ohlasy z 25. kola @univerzitnihokej v podání kapitána @hcnorthwings (Adam #Šubrt) #univerzitnihokej,https://www.facebook.com/reel/953961007139831/,531,240,3,,
vsefalcons,instagram,709fceba-e311-48e7-9057-f54a587abf4a,99394075-4aa0-400c-b168-c379b9611ddf,IG Story,VIDEO,8.2.2026 17:43:02,SROVNÁVÁ 🎯,https://www.instagram.com/stories/vsefalcons/3828162771406042706,,1376,,,1
@univerzitnihokej,instagram,1e114592-3529-4cfe-9977-2598454053af,a1c579bc-53a9-4461-be17-ceb514d2b640,IG Post,IMAGE,25.3.2026 22:39:50,"Na závěr základní části nechyběly nájezdy, prodloužení ani gólový koncert 🎻 Farmers urvali 2 body v Plzni, brněnské derby patří MUNI a Engineers navařili desítku 🚨
…a teď už směr play-in 🔜",https://www.instagram.com/p/DWUxK7tCAjc/,,5375,132,,8
@univerzitnihokej,facebook,01b45180-0b14-4a14-96e8-d0a4bab1fb9f,12fe15d6-3e54-4b4d-b632-839a16f34875,FB Video,VIDEO,12.3.2026 22:11:27,"Myslíte si, že by byl @metodej_jilek dobrej v hokeji? 👇🏻👀",https://www.facebook.com/reel/956471700139737/,507,217,3,,
@univerzitnihokej,instagram,1e114592-3529-4cfe-9977-2598454053af,578b5b5c-c19b-48bb-9bff-2d3234f6e035,IG Post,IMAGE,8.4.2026 21:45:54,"Co zápas, to kino! 🍿 Známe tři účastníky historicky prvního Final Four 🥵

Falcons ovládli výlet v Budějcích, Kings si vyzkoušeli Eden nanečisto a Engineers urvali výhru po dramatických samostatných nájezdech 🔥",https://www.instagram.com/p/DW4uIJVCOqS/,,5889,262,,9
@cvutengineers,instagram,11963a07-7f0f-48e6-9d81-aa63a7ff4a04,6c8ce250-dc5f-48e6-836e-5ff566365a9a,IG Story,VIDEO,8.4.2026 18:41:29,,https://www.instagram.com/stories/cvutengineers/3870953940578002604,,1743,,,2
vsefalcons,instagram,709fceba-e311-48e7-9057-f54a587abf4a,0ab7914a-883e-4699-81d4-965d73d6a831,IG Story,VIDEO,3.2.2026 18:35:51,@vosmajz_97  cam 📽️,https://www.instagram.com/stories/vsefalcons/3824567260086278633,,1441,,,1
@AkademiciPlzen,facebook,d87b94e3-03e8-45d0-b92e-75e9b819545c,2f5b71ad-3efd-400b-94cd-1990fcc4098f,FB Video,VIDEO,25.3.2026 18:00:29,"Dnes do první linie proti @czufarmers nastupuje tahle sestava! Jen do nich, kluci. ✨

#akademiciplzen 

#AKA vs #CZU",https://www.facebook.com/reel/1424756915471003/,1057,448,13,,
vsefalcons,instagram,709fceba-e311-48e7-9057-f54a587abf4a,5196cbd8-4978-4f54-bf5a-fc73d71f2bf6,IG Story,VIDEO,14.3.2026 15:53:09,DOBRÝ PLAYLIST  must have 💯,https://www.instagram.com/stories/vsefalcons/3852749864450922233,766,779,,,
vsefalcons,instagram,709fceba-e311-48e7-9057-f54a587abf4a,64dc7188-25ca-47bd-8daa-391efca4d90f,IG Story,VIDEO,15.1.2026 11:13:23,@mcpraha3 🤝🏼 @vsecz,https://www.instagram.com/stories/vsefalcons/3810572080916245445,,4009,,,1
@akademiciplzen,instagram,65494228-95bf-4f7b-8e68-d47d7262db66,bb731746-71ce-49be-85af-477cdb8c3808,IG Story,IMAGE,2.4.2026 0:43:12,,https://www.instagram.com/stories/akademiciplzen/3866062570775539944,,2058,,,2
@univerzitnihokej,instagram,1e114592-3529-4cfe-9977-2598454053af,99f33367-2a6c-492e-9c63-12ec4cdc28e6,IG Post,IMAGE,12.3.2026 21:06:50,Tak který tým si odnesl víc peněz? 💰,https://www.instagram.com/p/DVzIMVBiN0J/,,11548,240,,54
@bitvaoprahu,instagram,d7c8aa06-74fb-4c6c-a7d2-c2fe1bf6d59c,c5b8da47-46da-4888-aaa4-9eadfdfc5f07,IG Story,VIDEO,10.4.2026 14:56:24,S KÓDEM BITVA15 UŠETŘÍŠ 🤑 🎟️ 🎟️,https://www.instagram.com/stories/bitvaoprahu/3872290199804088521,,850,,,3
vsefalcons,instagram,709fceba-e311-48e7-9057-f54a587abf4a,32c3e9b2-9390-42f7-9b1f-f7fd22c5e354,IG Story,VIDEO,10.2.2026 19:18:21,"Proč nejsi jinde
aspoň o pár cenťásků 🤏🏻",https://www.instagram.com/stories/vsefalcons/3829660293760859840,627,952,,,1
@cvutengineers,instagram,11963a07-7f0f-48e6-9d81-aa63a7ff4a04,d0876eb8-b16a-4b8e-b399-e0ba1dd5ba16,IG Post,IMAGE,17.4.2026 8:42:20,"Ještě něco málo ze včerejší vítězný radosti 🥳
Dneska je cíl jasnej!

20:15 | ZIMNÍ STADION EDEN | UK vs ENG 
Chceme tě tam vidět! 🫵🏼

📸: @ondra_mann",https://www.instagram.com/p/DXOfnBwDLcj/,,8634,278,1,11
@univerzitnihokej,facebook,01b45180-0b14-4a14-96e8-d0a4bab1fb9f,b79a1970-8f55-4f15-b882-a3db2322c6be,FB Post,IMAGE,2.3.2026 8:16:51,"Program na tento týden? Opravdu nabitý 🔋
Kromě mnoho zajímavých utkání se ve středu podíváme na TOP zápas do 📍Plzně",https://www.facebook.com/1275398168115026/posts/1251978200457023,343,,2,,
@univerzitnihokej,facebook,01b45180-0b14-4a14-96e8-d0a4bab1fb9f,37f4a432-d424-4c8a-aa98-973bd06d88bf,FB Video,VIDEO,11.3.2026 18:32:26,MORAVSKÉ DERBY ⚔️ Sledujte živě na @ctsport 📺,https://www.facebook.com/reel/920877407214740/,1503,502,5,,
@cvutengineers,instagram,11963a07-7f0f-48e6-9d81-aa63a7ff4a04,85f69cd9-a343-4cde-96a3-1751dfc4dee0,IG Post,IMAGE,22.7.2026 9:54:37,"Nejen že jsou vtipný, hezký a šikovný… jsou i chytrý! 🤓

Gratulujeme všem ke studijním úspěchům. Ať už vás po létě čeká navazující studium, nebo nová životní etapa, přejeme hodně štěstí. 💙🦁

#engprg",https://www.instagram.com/p/DbF0MZKjNQn/,,53802,1152,7,87
vsefalcons,instagram,709fceba-e311-48e7-9057-f54a587abf4a,a7b2fb30-35d2-4f88-adb0-909e391479d8,IG Story,VIDEO,20.8.2026 9:05:54,,https://www.instagram.com/stories/vsefalcons/3967784181161271309,,1287,,,14
vsefalcons,instagram,709fceba-e311-48e7-9057-f54a587abf4a,7abd9cf7-8324-4664-acb1-6d56c9763d20,IG Story,VIDEO,3.2.2026 18:40:40,SÝÝÝÝR 📸 🧀,https://www.instagram.com/stories/vsefalcons/3824567894458012045,,913,,,
@akademiciplzen,instagram,65494228-95bf-4f7b-8e68-d47d7262db66,feec603f-f38a-4711-bcd5-0dedd1813d5c,IG Post,IMAGE,3.3.2026 15:54:50,"JARNÍ BITVA UŽ ZÍTRA! 👊🏻

Doraž včas na Proud, Redbull nebo svařák do fanzóny, nalaď hlasivky a pojď z toho udělat večer, na kterej se bude vzpomínat!

🕰️ 17:30 otevření fanzóny
📍 LOGSPEED CZ Aréna
🎟️ Lístky najdeš v biu nebo na plzenskabitva.cz

Tak co, bude nás ještě víc než loni? 🔥
#akademiciplzen",https://www.instagram.com/p/DVbXwrhDPGt/,,2675,59,,1
@hcnorthwings,facebook,2b08a479-603b-46e4-8a48-2bc0435ccd53,49e49deb-b90c-44ec-b516-7db9ae8dac36,FB Story,VIDEO,2.3.2026 18:54:18,,,,,,,
@united_hk,instagram,b18c071b-0570-48b2-b743-990c668c3c5b,89156323-2cd8-4dd7-85a7-a06adfc7c9c7,IG Post,IMAGE,15.3.2026 11:34:04,"Náš útočník Radek Bíman dnes slaví narozeniny.

Všechno nejlepší, Radku! 🎂
Užij si to.

🖤🧡",https://www.instagram.com/p/DV51BE2iDlx/,,2882,64,1,5
@united_hk,instagram,b18c071b-0570-48b2-b743-990c668c3c5b,d80ca8d3-451f-45f2-902c-d587c4ca82e6,IG Story,VIDEO,25.4.2026 12:21:18,"KDY? TRY - OUT 
 🎯",https://www.instagram.com/stories/united_hk/3883083523930214274,,943,,,
vsefalcons,instagram,709fceba-e311-48e7-9057-f54a587abf4a,f956e795-bd2a-4769-8307-2e2819e36870,IG Story,VIDEO,12.2.2026 13:07:20,POV: jsi s námi na střídačce,https://www.instagram.com/stories/vsefalcons/3830923135956818094,728,958,,,4
@hcmuni,facebook,d1f9e9f9-7526-42d4-85aa-13f91e89f7cf,07f96ee5-98b6-4817-89cc-e32d6a8f4caf,FB Video,VIDEO,6.3.2026 18:11:46,"Mrkněte na první gól @filas_vasek v @univerzitnihokej !!!🔥🏒💙

#hcmuni",https://www.facebook.com/reel/2098455937670864/,2437,1296,14,,
vsefalcons,instagram,709fceba-e311-48e7-9057-f54a587abf4a,8f328d1a-ab3b-4f6a-9375-1aca4468f424,IG Story,VIDEO,11.7.2026 19:00:37,,https://www.instagram.com/stories/vsefalcons/3939092489113749311,,633,,,2
@united_hk,instagram,b18c071b-0570-48b2-b743-990c668c3c5b,526238c9-6d73-4079-aae8-829e5ea46176,IG Story,VIDEO,22.4.2026 18:31:12,,https://www.instagram.com/stories/united_hk/3881095492662773263,,331,,,
@218107044725785,facebook,7a942e3e-6c47-4794-9ba7-bbc7b6d40cb3,32659237-62e3-4d65-9115-44b7c6b59bb9,FB Video,VIDEO,17.8.2026 16:12:02,"Nezaujatý mic’up by @jirkafibigr a @alenjurak11 🎙️

Kluci na tryoutu zahodili dresy a vyzkoušeli si roli rozhodčích. Že by jim to dvakrát šlo, se říct nedá, takže se těšíme, až budou zase zpátky ve hře 🤓

PS. @stracajunior kdo je ta Eliška? 🧐",https://www.facebook.com/reel/2005468546804426/,454,223,6,,
@218107044725785,facebook,7a942e3e-6c47-4794-9ba7-bbc7b6d40cb3,6eaaba46-f3d8-4ea0-a5ca-cdcf31439960,FB Post,IMAGE,20.8.2026 20:45:11,První přípravný zápas pro nás končí prohrou 😐,https://www.facebook.com/122282816036218300/posts/122302992326218300,168,,,,
@riderspardubice,instagram,4d6a67ab-9313-4f77-a82e-abb18adbca5d,12b87318-ea0a-4920-901b-c804856eba44,IG Post,IMAGE,10.3.2026 19:51:31,"Další venkovní zápas!🤩

Venkovní zápas
🗓️ 17.3. v 19:30
📍 v RT Torax Arena 
⚔️ proti @boostrava 

#venkovnízápas#riders",https://www.instagram.com/p/DVt1vuekXcM/,,2425,34,,4
vsefalcons,instagram,709fceba-e311-48e7-9057-f54a587abf4a,5718cd43-4628-48d3-9358-942592bc3e65,IG Story,VIDEO,24.4.2026 7:52:14,,https://www.instagram.com/stories/vsefalcons/3882223451838632451,723,822,,,5
@hcmuni,facebook,d1f9e9f9-7526-42d4-85aa-13f91e89f7cf,6b4c878d-a278-4ed4-8c81-a23f95bd3aa6,FB Video,VIDEO,17.3.2026 10:50:41,"Bez tebe to nebude ono! Doraz ve středu na tribuny!! ⚔️🔥
Vidíme se v 19:30 na Lužánkách 📍

Lístky koupíš v biu 🎟️

#hcmuni",https://www.facebook.com/reel/940613421851062/,1885,568,6,,
vsefalcons,instagram,709fceba-e311-48e7-9057-f54a587abf4a,8374a384-2299-4c9d-8ee2-833003a34902,IG Reel,REEL,12.3.2026 14:25:56,Jsme na místě 🥵,https://www.instagram.com/reel/DVyaBXjiBG4/,,6574,198,1,31
@united_hk,instagram,b18c071b-0570-48b2-b743-990c668c3c5b,9d36361e-0e51-461b-9e4c-208b90241c9c,IG Post,PHOTO,24.3.2026 13:21:26,"💥Za týden jdeme do PLAY-IN.
31.3. Zápas o VŠE s VŠE Falcons v Praze!

1 zápas. Žádná druhá šance.

👉 Jak to funguje?
Vyhraješ = zůstáváš ve hře o Final Four.
Prohraješ = konec sezóny.

ALL IN

#unitedhk #unihokej #hokej",https://www.instagram.com/p/DWRMQJYCMlQ/,,7663,119,1,46
@univerzitnihokej,instagram,1e114592-3529-4cfe-9977-2598454053af,d78e60da-84db-4c63-80df-52682767867b,IG Story,VIDEO,1.4.2026 4:03:19,,https://www.instagram.com/stories/univerzitnihokej/3865438512690531392,,1460,,,3
@akademici_plzen,tiktok,8f78cb3d-9c53-4c33-9f39-e6526fd8fa1c,077f365c-4b37-4d23-902f-d5b4f50feae2,TT Video,VIDEO,27.4.2026 21:32:11,"Zavzpomínali jsme na Jarní bitvu… a přenesli se až do devadesátek! 🎞️ Chybí vám taky ta atmosféra? Nesmutněte, už příští týden oznámíme datum Bitvy o Plzeň! 🔥 #akademiciplzen 💙 #hockey #universitystudent #gameday ",https://www.tiktok.com/@akademici_plzen/video/7633554991655046422?utm_campaign=tt4d_open_api&utm_source=7348986504397455361,,1348,67,,3
vsefalcons,instagram,709fceba-e311-48e7-9057-f54a587abf4a,4db65391-8f96-40cb-8da3-06b4182756da,IG Story,IMAGE,30.3.2026 9:28:28,"my, když si zítra na zápase vyřvete hlasivky společně s @sokoli.hnizd0",https://www.instagram.com/stories/vsefalcons/3864152671598956842,821,986,,,4
vsefalcons,instagram,709fceba-e311-48e7-9057-f54a587abf4a,95ce45ab-ebe3-4e39-8d83-8aa595cb2609,IG Reel,VIDEO,17.4.2026 16:03:35,"🤤🤤🤤

#vsefalcons #finalfour",https://www.instagram.com/reel/DXPR-yeDNvR/,,5629,92,1,2
vsefalcons,instagram,709fceba-e311-48e7-9057-f54a587abf4a,bc12a9a9-5148-42b7-81aa-3ae135f300a1,IG Story,VIDEO,14.3.2026 15:32:19,ROZBRUSLENÍ,https://www.instagram.com/stories/vsefalcons/3852739357526521963,849,849,,,
@riderspardubice,facebook,f99ed6c3-17cc-46f4-a32e-d9b0576ce2df,d314ef03-649d-4e16-8717-16d0540d3112,FB Video,VIDEO,26.4.2026 12:34:50,,https://www.facebook.com/reel/2036444483604619/,1077,461,6,,
@engineersprague,facebook,afd06d1d-7b1c-4f66-8d93-ce4255ab773c,088f4c63-a0eb-4252-87e6-2e2f32680d8b,,TEXT,9.3.2026 19:26:47,"POJĎTE S NÁMI NA BITVU🦁
#engprg",https://www.facebook.com/1560924572517692/posts/1541090904501059,248,,,,
vsefalcons,instagram,709fceba-e311-48e7-9057-f54a587abf4a,840002d2-5254-4d90-a181-644b97fb395e,IG Story,VIDEO,28.3.2026 19:24:32,"🫵🏻 POTŘEBUJEME TĚ
V ÚTERÝ NA TRIBUNĚ!",https://www.instagram.com/stories/vsefalcons/3863003085895371860,865,677,,,2
@bitvaoprahu,instagram,d7c8aa06-74fb-4c6c-a7d2-c2fe1bf6d59c,d2e7c461-ebeb-4a65-afe5-3777022061d4,IG Post,IMAGE,12.3.2026 15:46:14,"FIRST GAME COMIN’! ⏳🔜

Bitva o bronz: Kdo dnes urve malé pražské derby? 🔥",https://www.instagram.com/p/DVyjgSGjCYr/,,20817,187,1,11
vsefalcons,instagram,709fceba-e311-48e7-9057-f54a587abf4a,16acfc41-cd6e-4905-a8d8-88c565ac3836,IG Story,VIDEO,8.2.2026 17:49:06,"🥁 KOTEL
READY @sokoli.hnizd0",https://www.instagram.com/stories/vsefalcons/3828165944480922697,,926,,,2
vsefalcons,instagram,709fceba-e311-48e7-9057-f54a587abf4a,7aa2b7cb-9d01-4878-9982-09fd6509452f,IG Post,IMAGE,17.2.2026 22:03:59,"Takový otočky my můžem 🙂‍↔️
@michal.danniel zajistil první výhru proti @united_hk 💪🏼

Tohle je ale teprve začátek - máme před sebou další důležité zápasy, tak stay tuned a vidíme se zase za týden! 🦅",https://www.instagram.com/p/DU3_y6AiDVG/,,1932,78,,3
@cvutengineers,instagram,11963a07-7f0f-48e6-9d81-aa63a7ff4a04,6e9d44b1-93a6-4b23-bb0a-e80fe580c543,IG Post,ALBUM,24.3.2026 18:08:58,"Zejtra vítězný repete? 🤞🏼

ENG vs NWU | 25. 3. | 20:00",https://www.instagram.com/p/DWRtYKBjOT0/,,9321,189,,2
@univerzitnihokej,instagram,1e114592-3529-4cfe-9977-2598454053af,79b64d06-5634-4595-a134-0a1e84c4a933,IG Story,VIDEO,17.4.2026 14:53:30,,https://www.instagram.com/stories/univerzitnihokej/3877362175832490597,,1669,,,2
@akademiciplzen,instagram,65494228-95bf-4f7b-8e68-d47d7262db66,9ed60cb4-ec4e-4c2a-926b-134232695a2b,IG Story,VIDEO,8.4.2026 13:28:24,,https://www.instagram.com/stories/akademiciplzen/3870796406890204498,,1591,,,
@cvutengineers,instagram,11963a07-7f0f-48e6-9d81-aa63a7ff4a04,da290fe6-c6e7-4199-8d3d-47d6c381be2b,IG Story,VIDEO,22.8.2026 19:21:34,,https://www.instagram.com/stories/cvutengineers/3969543947164636806,,597,,,1
@engineersprague,facebook,afd06d1d-7b1c-4f66-8d93-ce4255ab773c,f4305a72-a822-46ed-8d9a-6ac584a9199c,FB Post,IMAGE,4.3.2026 8:33:55,"🚨 GAMEDAY | Dnes hrajeme doma!
V tradičních 20:00 vyzvedneme na našem ledě @united_hk 🔥. Jak tento duel dopadne? Přijď se podívat na Hvězdu a pořádně nám zafandit! Těšíme se 👋🏻. 

#engprg",https://www.facebook.com/1560924572517692/posts/1536634661613350,279,,4,,
@univerzitnihokej,instagram,1e114592-3529-4cfe-9977-2598454053af,9f92cc7f-f513-4b84-8ff7-d23b1c5af9f1,IG Post,IMAGE,9.3.2026 9:03:12,"Moravské derby, finále Bitvy o Prahu a mnoho dalšího! Na co se tento týden těšíte nejvíc? 🤓",https://www.instagram.com/p/DVqG_syiFoc/,,6902,177,,17
vsefalcons,instagram,709fceba-e311-48e7-9057-f54a587abf4a,ed604f20-e3e3-4f6b-8757-5c6c49539951,IG Story,VIDEO,8.3.2026 14:05:11,😘 🫶🏼,https://www.instagram.com/stories/vsefalcons/3848346822850937707,660,819,,,
@hcnorthwings,facebook,2b08a479-603b-46e4-8a48-2bc0435ccd53,1468da8f-7a52-4905-9b87-802f5bbead96,FB Video,VIDEO,5.3.2026 7:59:03,🎥 | Přinášíme sestřih branek 23. kola @univerzitnihokej ve kterém studenti @ujepul - HC North Wings podlehli celku @czufarmers na domácím ledě v poměru 1:5🏒 #univerzitnihokej,https://www.facebook.com/reel/1246404513627047/,324,84,3,,
vsefalcons,instagram,709fceba-e311-48e7-9057-f54a587abf4a,7bc14117-e49f-423d-bc98-32b29dce29f6,IG Story,VIDEO,15.1.2026 9:49:44,👯,https://www.instagram.com/stories/vsefalcons/3810529931139015612,,1685,,,2
vsefalcons,instagram,709fceba-e311-48e7-9057-f54a587abf4a,7bc2947f-fd0f-41c4-9d19-ef2369605088,IG Story,VIDEO,3.3.2026 19:25:04,KDO TU DNES NENÍ 📺 🛋️,https://www.instagram.com/stories/vsefalcons/3844883981854584101,646,812,,,
@cvutengineers,instagram,11963a07-7f0f-48e6-9d81-aa63a7ff4a04,c58fc56a-5788-4764-9123-3a25b5d91a16,IG Post,IMAGE,18.3.2026 19:29:46,"100 zápasů. Jedno jméno… Matouš Najman 👏🏼

Další legenda Engineers, která zanechala stopu, na kterou se nezapomíná. Matouši, díky za všechno! 💙

Přejeme ti spoustů úspěchů… a ať tě nikdy neopustí srdce lva 🦁",https://www.instagram.com/p/DWCZ2vJjMpG/,,10166,344,,9
@united_hk,instagram,b18c071b-0570-48b2-b743-990c668c3c5b,dc14bcaf-ff9c-4f30-9891-af90772e940e,IG Story,IMAGE,10.8.2026 18:51:57,pozitivně do  3. třetiny,https://www.instagram.com/stories/united_hk/3960831547921680659,,917,,,2
@akademiciplzen,instagram,65494228-95bf-4f7b-8e68-d47d7262db66,6118e644-4cda-433a-9bec-479d1f14b472,IG Post,ALBUM,30.3.2026 10:50:22,"PLAY-IN MODE ON! 🔥

Ta nejnapínavější část sezony právě začíná. Emoce pojedou na maximum a ve středu chceme přesně takovou atmosféru, jakou umíte vytvořit jen vy. 🫵🏻

📍 1. 4. | 19:00 | LOGSPEED CZ Aréna
🎟️ Lístky najdeš v biu nebo na webu

#akademiciplzen 💙",https://www.instagram.com/p/DWgX9BcjKsj/,,26121,770,3,72
@riderspardubice,instagram,4d6a67ab-9313-4f77-a82e-abb18adbca5d,898ac601-c3d6-4bb2-9576-87dadb5cc8b1,IG Story,VIDEO,13.4.2026 12:35:00,🎟️,https://www.instagram.com/stories/riderspardubice/3874393356143168181,,568,,,
@cvutengineers,instagram,11963a07-7f0f-48e6-9d81-aa63a7ff4a04,f8970262-4f31-45fc-baed-355b55db4f3d,IG Story,VIDEO,1.4.2026 8:40:02,🔥 🔥,https://www.instagram.com/stories/cvutengineers/3865577783280049146,,76,,,
@vutcavaliersbrno,instagram,b384bebf-72f3-4f9d-8b2d-3677709f6966,fc775be9-c85f-4525-976e-04a6ac29fc7d,IG Story,VIDEO,23.8.2026 15:27:53,Druhý den tryoutu je u KONCE ❤️‍🔥 @miraslovacek,https://www.instagram.com/stories/vutcavaliersbrno/3970150804937539065,,893,,,1
vsefalcons,instagram,709fceba-e311-48e7-9057-f54a587abf4a,197ab564-7377-41c3-9383-2fab05b41a87,IG Reel,VIDEO,17.2.2026 21:16:41,"CTRL C + CTRL V

Michal Daniel otočil zápas 5 minut před koncem, během 40 vteřin 😮‍💨",https://www.instagram.com/reel/DU36s85CBlp/,,10585,199,,5
vsefalcons,instagram,709fceba-e311-48e7-9057-f54a587abf4a,510ba4b3-b6c4-4c03-9622-06f7d9ec42ac,IG Story,VIDEO,31.5.2026 10:10:18,,https://www.instagram.com/stories/vsefalcons/3909109634166197652,,741,,,4
@unitedhk,facebook,bfe6cc29-a387-41b9-9bca-b077722556af,658df11c-62a0-475c-8ee7-1dd488f797af,FB Story,IMAGE,23.8.2026 16:30:25,,https://facebook.com/stories/122099775710388974/UzpfSVNDOjE2MDM5NjEwNzEwNzg0NDM=/?view_single=1,,,,,
vsefalcons,instagram,709fceba-e311-48e7-9057-f54a587abf4a,6810566c-d823-4ba5-81de-1110733dadaf,IG Story,VIDEO,12.3.2026 14:41:45,BRAZILKA  musí být,https://www.instagram.com/stories/vsefalcons/3851264353517475511,1554,1540,,,1
@riderspardubice,facebook,f99ed6c3-17cc-46f4-a32e-d9b0576ce2df,6e4e4825-8a65-4b5d-8be2-ced43b96280d,FB Post,IMAGE,17.4.2026 18:29:50,"Děkujeme 🫶

Dneska to necinklo, ale rvali jsme se a nenechali jsme to nikomu zadarmo.

Dokázali jsme se po nepříliš ideálním začátku sezóny zvednout a dotáhnout to mezi 4 nejlepší týmy ligy a zahrát si na historicky prvním @unihokejfinalfour v Edenu. 

A to už nám nikdy nikdo nevezme. 

Děkujeme všem, kteří nám fandili a speciálně těm, kteří při nás stáli od začátku sezony nebo dokonce těm kteří při nás stojí od začátku Riders samotných. Vážíme si toho.",https://www.facebook.com/1592662819534019/posts/1607527561380878,2144,,54,,
vsefalcons,instagram,709fceba-e311-48e7-9057-f54a587abf4a,281264d4-72fd-4852-b714-f710795a590a,IG Story,VIDEO,18.1.2026 11:03:52,@ramert.16,https://www.instagram.com/stories/vsefalcons/3812741551500096165,,820,,,5
vsefalcons,instagram,709fceba-e311-48e7-9057-f54a587abf4a,b97d525e-5888-46f1-b813-99fc2dd7a0a7,IG Story,VIDEO,13.2.2026 13:52:49,,https://www.instagram.com/stories/vsefalcons/3831670806724278456,883,1059,,,5
@united_hk,instagram,b18c071b-0570-48b2-b743-990c668c3c5b,f51784dc-2ba0-42fe-8848-d0a9da16fe8b,IG Story,IMAGE,22.4.2026 8:07:00,,https://www.instagram.com/stories/united_hk/3880781448647060631,,849,,,
@vutcavaliersbrno,instagram,b384bebf-72f3-4f9d-8b2d-3677709f6966,4397435f-a9b4-45c1-865d-6d9dfa961265,IG Story,VIDEO,22.8.2026 10:32:18,,https://www.instagram.com/stories/vutcavaliersbrno/3969277242102051811,,1039,,,11
@riderspardubice,instagram,4d6a67ab-9313-4f77-a82e-abb18adbca5d,93b6d551-caa1-4c2b-ac60-6caba80f750b,IG Post,IMAGE,24.3.2026 13:37:00,"Včera jsme se na domácím ledě rozloučili s @dominikkopecky_99 a @daniel.skryp, pro které je toto poslední sezona v dresu Riders ❤️‍🩹

Díky kluci za vše, co jste Riders dali a přejeme vám mnoho úspěchů!",https://www.instagram.com/p/DWRODeZjKVa/,,14791,316,3,25
@bitvaoprahu,instagram,d7c8aa06-74fb-4c6c-a7d2-c2fe1bf6d59c,bfca4101-5837-4b18-956c-9b6ee27adf78,IG Story,VIDEO,13.4.2026 17:12:54,🫵🏼,https://www.instagram.com/stories/bitvaoprahu/3874533227625208510,,965,,,
@hcmuni,facebook,d1f9e9f9-7526-42d4-85aa-13f91e89f7cf,15ce342b-b6eb-4dcb-98e7-a4668294862e,FB Video,VIDEO,11.8.2026 19:04:46,"Back on ice!!🔥 Druhý den tryoutů je za námi a tempo se pořád stupňuje💥 Jede se naplno! 💪🏼

#hcmuni",https://www.facebook.com/reel/1537541280945750/,1402,401,7,,
@bitvaoprahu,facebook,75e0f41f-82be-4f82-a77b-82ac11135ed2,576a5d72-0427-43ce-9ef9-3d59e7eefd57,FB Post,IMAGE,12.3.2026 9:00:08,"Nevíš co na sebe? 😔 Teď už jo! Obleč se do barev tvojí univerzity ať všichni ví, komu fandíš 🫡

Tak co, bude to červená❤️, modrá💙, zelená💚 nebo bílá🤍? 

Finálový večer Bitva o Prahu 🏒
Poslední lístky 👉🏼 bitvaoprahu.cz🎟️",https://www.facebook.com/1441262177797849/posts/1419535129970554,167,,,,
vsefalcons,instagram,709fceba-e311-48e7-9057-f54a587abf4a,17ac2476-ca0f-42e6-ae59-c0a71444e87a,IG Story,VIDEO,15.4.2026 5:46:57,@viznertom,https://www.instagram.com/stories/vsefalcons/3875637527747233410,723,849,,2,3
@univerzitnihokej,instagram,1e114592-3529-4cfe-9977-2598454053af,2aa5811f-2b1c-4961-8531-6bbf60b38cba,IG Story,VIDEO,8.4.2026 17:13:00,0 1,https://www.instagram.com/stories/univerzitnihokej/3870909398688226612,,884,,,
univerzitnihokej,tiktok,01c88cf9-594f-408e-a45a-95114221acae,96ae7fb3-d1d4-4b64-935d-e31cd19b925a,TT Video,VIDEO,19.4.2026 18:24:33,"Výměna studia za stadion, aby audiokniha HR měla tu pravou atmosféru 🎧🔥",https://www.tiktok.com/@univerzitnihokej/video/7630537975536880918?utm_campaign=tt4d_open_api&utm_source=7348986504397455361,,31674,2448,18,822
vsefalcons,instagram,709fceba-e311-48e7-9057-f54a587abf4a,61a3e84c-e757-4625-80b0-3d82d98026c4,IG Post,IMAGE,6.7.2026 8:00:03,"GraduATE! 🤓

S koncem akademického roku tu máme jednu příjemnou povinnost a to pogratulovat těm, kteří v uplynulých dnech úspěšně zvládli státnice 📚

Patří vám obrovské uznání, že jste dokázali skloubit náročnou sezónu s plněním akademických povinností a došli si pro zasloužené tituly 🏆

V týmu máme opět o něco více vysokoškolsky vzdělaných hlav, kterým přejeme mnoho úspěchů v další kapitole studia i kariéry! 🎓",https://www.instagram.com/p/DacacIEDlAB/,,24431,460,8,88
@united_hk,instagram,b18c071b-0570-48b2-b743-990c668c3c5b,8560af6f-4bd3-47a9-9f60-7f6583d24749,IG Story,VIDEO,22.4.2026 18:32:19,,https://www.instagram.com/stories/united_hk/3881096052451362688,,320,,,
@hc_muni,instagram,43cd62c8-609d-4ea6-8ce9-cae5242ede0c,530841b7-a171-42fb-96a3-4e9a6d363d79,IG Post,IMAGE,10.4.2026 14:43:21,"Stehlík&Bros zahrají pro dobrou věc 🎶 💙 
Podpořte spolu se zakladatelem HC MUNI @stehla81 malého Honzíka, který od narození bojuje se vzácným genetickým onemocněním 🥹 Každý příspěvek mu pomůže na cestě k potřebným terapiím či pomůckám. Přispět můžete skrze QR kód ve stories. 
Předem moc děkujeme 🧸

#desetfakultjednarodina",https://www.instagram.com/p/DW9HXEIjBUY/,,3629,46,,10
@cvutengineers,instagram,11963a07-7f0f-48e6-9d81-aa63a7ff4a04,9090ab2a-7dc7-46aa-ae14-4df0d351ae54,IG Story,VIDEO,12.4.2026 6:28:41,1. VLNA NEJLEVNĚJŠÍCH LÍSTKŮ KONČÍ UŽ DNES  VYUŽIJ KÓD ENGFANS,https://www.instagram.com/stories/cvutengineers/3873484208304032151,,1145,,,7
@univerzitnihokej,facebook,01b45180-0b14-4a14-96e8-d0a4bab1fb9f,9d5baab9-c755-44c6-ae4c-438f25039b5a,FB Video,VIDEO,12.3.2026 21:13:07,"Sice prohrávají, ale slavit umí…🔥",https://www.facebook.com/reel/822241420134224/,205,79,1,,
@unitedhk,facebook,bfe6cc29-a387-41b9-9bca-b077722556af,a34c6dd8-8195-499f-936c-3dc4c1bb8d3d,FB Story,VIDEO,10.8.2026 19:13:40,,https://facebook.com/stories/122099775710388974/UzpfSVNDOjE3MjUxODAyODUyMDQ1MTQ=/?view_single=1,,,,,
@218107044725785,facebook,7a942e3e-6c47-4794-9ba7-bbc7b6d40cb3,b07ca80f-abac-4b9d-8186-42aceeb3e40b,FB Post,IMAGE,21.4.2026 18:39:25,"Druhá sezóna, podruhé v TOP 4 a letos rovnou s medailema na krku🥉

Byla to horská dráha a velký počet zranění nám nic neulehčoval. Sice jsme nedoletěli až na samotný vrchol, ale to, co jsme během té cesty vytvořili, má pro nás mnohem větší hodnotu.

Děkujeme všem, kteří byli součástí - fanouškům z našeho hnízda za podporu, partnerům za důvěru a všem ostatním, kteří za námi stáli - ať už na ledě nebo mimo něj. 🩵 Loučíme se a už se těšíme, co přinese příští sezóna… protože my letíme dál Vzhůru k výškám 👆🏼

Go Falcons! 🦅",https://www.facebook.com/122282816036218300/posts/122285181680218300,1620,,37,,
@univerzitnihokej,instagram,1e114592-3529-4cfe-9977-2598454053af,ed225584-3d92-4b2c-8362-876f4e0136d4,IG Reel,VIDEO,5.3.2026 19:01:38,"Je hladoveeej🤤🤤

#zott #zotthungry #zotthungrydrinkthis",https://www.instagram.com/reel/DVg37IdCCB2/,,9321,216,6,43
vsefalcons,instagram,709fceba-e311-48e7-9057-f54a587abf4a,15a00091-9aab-4134-a436-e13d5f9c39cd,IG Post,IMAGE,23.6.2026 18:51:08,"Letošní sezónu jsme oficiálně uzavřeli na slavnostním galavečeru ⭐️

Zavzpomínali jsme na to nejlepší z ledu i mimo něj, ocenili nejúspěšnější hráče a rozloučili se s těmi, kteří nás opouští. Kromě hokeje šlo ale hlavně o to být spolu, utužit vztahy a připomenout si, že Falcons jsou víc než jen tým. 🤝🏼",https://www.instagram.com/p/DZ8GippiHpX/,,7701,195,2,36
@hcnorthwings,facebook,2b08a479-603b-46e4-8a48-2bc0435ccd53,598605a1-6d0f-467e-a579-b92412b8dd1b,FB Post,IMAGE,19.4.2026 16:59:42,"SEZÓNA 2025/2026 OFF 
Univerzitní liga již zná vítěze letošní sezóny 👑 a tím pro nás ofiko končí tento ročník 🔚
Díky všem 🫶 kteří se na něm podíleli a velké díky patří samotným hráčům, že to nevzdali a bojovali až do posledního kola 💛💙
Vidíme se v sezóně 2026/2027 🏒
#univerzitnihokej #myjsmeujep #hcnorthwings #icehockey",https://www.facebook.com/1583651910433365/posts/1600085498790006,2706,,22,,
@cvutengineers,instagram,11963a07-7f0f-48e6-9d81-aa63a7ff4a04,6f3c126d-bc95-4fb0-b22e-bdb9e344f20b,IG Story,VIDEO,8.4.2026 17:40:32,VÍTEJTE V MODRYM PEKLE 😈,https://www.instagram.com/stories/cvutengineers/3870923303108229836,,1011,,,1
@riderspardubice,instagram,4d6a67ab-9313-4f77-a82e-abb18adbca5d,bf0f61d1-d9ac-4182-b6b2-6dc119e50ee6,IG Story,IMAGE,12.4.2026 11:00:21,,https://www.instagram.com/stories/riderspardubice/3873620936088120486,,1430,,,
@univerzitnihokej,facebook,01b45180-0b14-4a14-96e8-d0a4bab1fb9f,48165b2c-7bfc-4a20-8624-aff47bda68eb,FB Post,IMAGE,18.4.2026 19:16:28,Šampioni si navíc odnáší šek od našeho partnera @b_hockey_czech 🙌🏻,https://www.facebook.com/1275398168115026/posts/1289214493400060,1467,,14,,
@boostrava,instagram,1176ddaf-d366-48a2-9639-3c6694c72c85,5cc5ae08-92f9-4f6d-a29e-f987d7bfc650,IG Story,VIDEO,20.8.2026 8:26:48,PRVNÍ ZÁPAS SEZÓNY JE TADY!,https://www.instagram.com/stories/boostrava/3967764503894737379,,793,,,2
@riderspardubice,instagram,4d6a67ab-9313-4f77-a82e-abb18adbca5d,9e96651b-4f7c-439f-92e7-7dcc9112aab6,IG Story,VIDEO,12.4.2026 13:58:02,🎟️,https://www.instagram.com/stories/riderspardubice/3873710367465825468,,1223,,,1
@riderspardubice,facebook,f99ed6c3-17cc-46f4-a32e-d9b0576ce2df,b1d0eca8-8461-4a30-9c0d-ce74f133b327,FB Video,VIDEO,27.4.2026 10:50:50,"Tahle jízda je u konce! Děkujeme všem za neskutečnou podporu. 🐎 Tato sezóna byla naprosto unikátní – zažili jsme historicky první Final Four a Riders u toho nesměli chybět!

P.S.: Jak teď máme bez těch hezkých hokejistů jako žít? Ptám se pro kamarádku... 🙋‍♀️",https://www.facebook.com/reel/1398184518993354/,246,110,3,,
@akademiciplzen,instagram,65494228-95bf-4f7b-8e68-d47d7262db66,ceeea672-9aa5-4fb0-84f6-36510015ae9b,IG Story,VIDEO,1.4.2026 17:40:46,,https://www.instagram.com/stories/akademiciplzen/3865849939108876522,,1234,,,
@unitedhk,facebook,bfe6cc29-a387-41b9-9bca-b077722556af,f0594217-1ef2-4b00-87a7-e754f860b20b,FB Post,IMAGE,9.4.2026 12:41:55,"Každá sezona přináší i loučení v Univerzitní hokej.

Od další sezony s námi nebudou pokračovat Jakub Kochan, Marek Ladman, Vladimír Mičian, Jiří Šrámek a Tomáš Teuber.

Děkujeme za čas, energii, zápasy, kabinu i všechno, co jste do UNIted HK vložili.
Každý z vás zanechal v našem týmu svoji stopu a byl součástí cesty, kterou jsme za první roky klubu společně prošli.

Díky, chlapi.
🖤🧡

#unitedhk #unihokej #hokej",https://www.facebook.com/122180651084388974/posts/122180838314388974,1123,,9,,
@univerzitnihokej,facebook,01b45180-0b14-4a14-96e8-d0a4bab1fb9f,b04f7ba1-ea67-44d3-a223-75cc41e641be,FB Video,VIDEO,29.7.2026 17:09:26,"Kolej? Menza? Permanentka na desítky let? Zjistili jsme, co všechno by si za výhru mohl dovolit 😄
Mít účet u ČSOB se prostě vyplácí a na další sezónu s nimi chystáme ještě víc benefitů a odměn pro fanoušky ULLH 👀
Díky @csob, generálnímu partnerovi ULLH 🩵",https://www.facebook.com/reel/1065389443109879/,573,198,1,,
@bitvaoprahu,facebook,75e0f41f-82be-4f82-a77b-82ac11135ed2,e808efa3-9166-4e3f-aaa9-37d33ebbaeb5,FB Video,VIDEO,12.3.2026 18:20:02,"FALCONS JSOU BLÍZKO! 🦅🥉

Finálový večer @bitvaoprahu můžete sledovat živě na @sport_ct ➕. 📺",https://www.facebook.com/reel/1479012263830385/,137,33,,,
@univerzitnihokej,facebook,01b45180-0b14-4a14-96e8-d0a4bab1fb9f,04d75656-60f8-4a84-8bb1-f5c409b0fda0,FB Video,VIDEO,12.3.2026 16:38:52,"Pražští kluci už okoukali, jak se to v Brně dělá 💋",https://www.facebook.com/reel/1117565137163537/,1769,648,9,,
@riderspardubice,instagram,4d6a67ab-9313-4f77-a82e-abb18adbca5d,b91b56bb-e679-4e40-8698-c86e05e900f7,IG Story,IMAGE,17.4.2026 20:45:55,,https://www.instagram.com/stories/riderspardubice/3877539546766561999,,570,,,
@hcnorthwings,facebook,2b08a479-603b-46e4-8a48-2bc0435ccd53,d5c697ae-316a-4fae-b0fe-37faf2600aff,FB Story,VIDEO,4.3.2026 13:42:45,,,,,,,
@univerzitnihokej,facebook,01b45180-0b14-4a14-96e8-d0a4bab1fb9f,f6519fb6-d45f-48d1-aae0-9ea3aec1a5d7,FB Post,IMAGE,4.3.2026 14:35:04,"S účtem u ČSOB dostaneš z afterparty Jarní bitvy v Plzni zpět 2️⃣0️⃣% z útraty.

Stačí si založit účet u @csobcz přes odkaz v našem biu.
Afterparty může bolet, účet už o něco míň. 😏",https://www.facebook.com/1275398168115026/posts/1253700486951461,235,,,,
@univerzitnihokej,instagram,1e114592-3529-4cfe-9977-2598454053af,0439dc24-dae2-4fc4-bf2f-4d28ba22658e,IG Story,VIDEO,15.4.2026 18:43:17,👀 CHYSTÁME,https://www.instagram.com/stories/univerzitnihokej/3876028044552983420,,942,,,1
@bitvaoprahu,facebook,75e0f41f-82be-4f82-a77b-82ac11135ed2,801a1395-2928-4711-95b0-16b96cec65c4,FB Video,VIDEO,12.3.2026 23:12:53,"Inspirovat se je třeba od těch nejlepších. 👀

Za předání plyšáků od @csobcz 🩵 našim stříbrným medailistům děkujeme @classictomas z @puk_pak_pivo . 🤝🏼 #bitvaoprahu",https://www.facebook.com/reel/937052182189705/,199,44,2,,
@riderspardubice,facebook,f99ed6c3-17cc-46f4-a32e-d9b0576ce2df,4ebd2af8-52c9-498e-8e7b-40124a6deca3,FB Post,IMAGE,14.3.2026 17:01:12,"V dresu Riders 23. března uvidíme naposledy na ledě i @daniel.skryp 👏

Přijďte se s nim rozloučit a vytvořit mu na posledním domácím zápase nezapomenutelnou atmosféru! 🔥

Vstupenky koupíte přes odkaz v BIU s kódem “skryp20” dokonce s 20% slevou! 🎟️",https://www.facebook.com/1592662819534019/posts/1576340554499579,175,,,,
@univerzitnihokej,instagram,1e114592-3529-4cfe-9977-2598454053af,46c3176f-c408-411b-b7da-81395c6bdf2c,IG Story,IMAGE,12.8.2026 20:46:20,NOVÁ TRENÉRSKÁ POSILA @blackdogsbudweis_vste 🐺,https://www.instagram.com/stories/univerzitnihokej/3962338516420096013,,719,,,
@univerzitnihokej,facebook,01b45180-0b14-4a14-96e8-d0a4bab1fb9f,6ce2c0a4-b7a4-41e4-b8a4-080aca5c40e8,FB Post,IMAGE,17.3.2026 21:29:44,Riders dnes přehráli BOčko a vezou si do Pardubic cenné 3 body! 💪🏼,https://www.facebook.com/1275398168115026/posts/1263652705956239,456,,2,,
@riderspardubice,facebook,f99ed6c3-17cc-46f4-a32e-d9b0576ce2df,c0c6c039-25b3-477d-897f-0af547d70604,FB Post,PHOTO,31.3.2026 21:26:29,Postupujeme do finále Play-in!!!!!!,https://www.facebook.com/1592662819534019/posts/1592385799561721,682,,17,,
@AkademiciPlzen,facebook,d87b94e3-03e8-45d0-b92e-75e9b819545c,2beb683f-6d23-4a17-8155-2f03bba745b4,FB Video,VIDEO,10.3.2026 14:17:13,,https://www.facebook.com/reel/898057106377257/,915,378,13,,
@cvutengineers,instagram,11963a07-7f0f-48e6-9d81-aa63a7ff4a04,57a363f2-ac36-40fc-b6c2-e9a3f9133c6f,IG Post,PHOTO,26.3.2026 11:50:15,"JE TO TADY 🫨
Včerejší výhrou jsme potvrdili naše umístění a teď nás čeká jeden zásadní zápas FINÁLE PLAY-IN, kde budeme bojovat o místo ve FINAL FOUR ⚔️

Soupeře zatím neznáme, ale ať to bude kdokoliv, dáme do toho všechno 🦁

Budeme vás potřebovat, protože teď… jde o všechno.
8. 4. | ZS Hvězda | 20:00
🎟️ Lupeny na enigoo.cz",https://www.instagram.com/p/DWWJRIqjGix/,,10284,186,2,77
@riderspardubice,instagram,4d6a67ab-9313-4f77-a82e-abb18adbca5d,47e0bb3b-b9cf-4cfb-bd57-5923ced1fe84,IG Story,VIDEO,8.4.2026 18:11:42,,https://www.instagram.com/stories/riderspardubice/3870938954640165019,,624,,,
@AkademiciPlzen,facebook,d87b94e3-03e8-45d0-b92e-75e9b819545c,5eaece43-dfb7-4bb7-9e7c-f1277e7bc8c5,FB Video,VIDEO,15.4.2026 13:44:18,"Kuba VS. Mája ⚔️

Porovnali jsme síly dvou přeborníků na ledě – hokejisty a krasobruslařky! 🧊

Disciplíny nám nadiktovaly nápoje Zott (a že to nebyla žádná sranda 😄), takže po výkonu přišla i zasloužená odměna.

Kdo tenhle battle ovládl? 👀👇🏻

#zott #zotthungry #hungrydrinkthis",https://www.facebook.com/reel/1909790429679691/,1988,793,16,,
@cvutengineers,instagram,11963a07-7f0f-48e6-9d81-aa63a7ff4a04,b9551a96-7809-4f40-80dc-68117df2c943,IG Story,VIDEO,8.4.2026 18:58:06,1 1,https://www.instagram.com/stories/cvutengineers/3870962295379917240,,889,,,2
@riderspardubice,instagram,4d6a67ab-9313-4f77-a82e-abb18adbca5d,4e8e17e2-a2b0-4ec4-89b9-919a58f0f3f1,IG Story,VIDEO,17.4.2026 17:12:56,STOLÍN,https://www.instagram.com/stories/riderspardubice/3877432241563685278,,846,,,2
@riderspardubice,instagram,4d6a67ab-9313-4f77-a82e-abb18adbca5d,ecedb62d-0325-48bf-baee-cba43c57453c,IG Post,IMAGE,13.3.2026 17:04:42,"Soutěž o voucher pro tři osoby do SKYBOXu od @enteria_holding 🤩🥂

Označ v komentářích dva kamarády, se kterými bys zašel na Last Dance a příští týden ve čtvrtek vyslovujeme dva výherce voucherů, kteří si užijí poslední zápas semestru s jedinečným výhledem! 👏🥳

*podmínkou účasti je zveřejnění jednoho stories ze skyboxu během zápasu na vaše sociální sítě s označením účtu @riderspardubice a @enteria_holding",https://www.instagram.com/p/DV1Q46kDCbV/,,4575,70,68,32
@univerzitnihokej,facebook,01b45180-0b14-4a14-96e8-d0a4bab1fb9f,fc4ed8ef-fe88-40db-ac78-71bfe0f8d806,FB Video,VIDEO,25.3.2026 13:03:49,"Minulou sezonu si výherkyně odnesla šek na čtvrt milionu od ČSOB. 💙 Letos hrajeme o 1️⃣0️⃣0️⃣ 0️⃣0️⃣0️⃣ Kč.

Kdo je získá tentokrát? 👀

🔗 Založ si účet u ČSOB přes odkaz v našem biu a možná to budeš právě ty. 🫵🏻",https://www.facebook.com/reel/1454315606492034/,1590,662,1,,
@united_hk,instagram,b18c071b-0570-48b2-b743-990c668c3c5b,2746d1b7-e01e-499d-84bf-b21633d39227,IG Story,VIDEO,25.4.2026 14:27:08,návštěva až ze Slovenska 🇸🇰,https://www.instagram.com/stories/united_hk/3883146817454008943,,748,,,1
@univerzitnihokej,instagram,1e114592-3529-4cfe-9977-2598454053af,56aeebbe-45e7-4701-9009-b5441f5504b6,IG Story,VIDEO,31.3.2026 21:17:11,,https://www.instagram.com/stories/univerzitnihokej/3865234095257169854,,514,,,
vsefalcons,instagram,709fceba-e311-48e7-9057-f54a587abf4a,a33c7331-c28e-4a88-9671-a94aca721c9b,IG Story,VIDEO,24.3.2026 19:56:59,"Líp bychom to
neřekli Hroudis… 🫣",https://www.instagram.com/stories/vsefalcons/3860120335706231820,779,639,,,3
@bitvaoprahu,instagram,d7c8aa06-74fb-4c6c-a7d2-c2fe1bf6d59c,63bdf197-bbd6-4941-9d2e-09e6a7cd00cc,IG Post,IMAGE,10.4.2026 13:37:54,"Bitva o Prahu v Edenu?! 🫨

Už příští týden se odehraje Final Four, kde čtyři nejlepší týmy budou bojovat o titul mistra 🏆 a rovnou tři z nich dobře znáte 😏

Ať už jsi fanoušek Falcons, Kings nebo Engineers, pojď podpořit svůj tým na nejdůležitější akci sezóny 🔥

Lístky v prodeji na finalfour.cz 🎟️",https://www.instagram.com/p/DW8_3tVDH-d/,,20220,315,2,54
@cvutengineers,instagram,11963a07-7f0f-48e6-9d81-aa63a7ff4a04,f6eba02b-ef3c-43f5-8441-a94184499bda,IG Story,IMAGE,22.8.2026 18:39:17,@diego.perez__05,https://www.instagram.com/stories/cvutengineers/3969522321427844306,,803,,,1
@univerzitnihokej,facebook,01b45180-0b14-4a14-96e8-d0a4bab1fb9f,e1e4c68b-86b7-4103-9503-89030db1eca7,FB Post,IMAGE,12.4.2026 13:46:12,"RIDERS JSOU VE FINAL FOUR! 🐴

Vyhrávají lucky loser zápas a doplňuji pražskou trojci v boji o titul! 🏆
🗓️16-17. duben | 🏟️ Zimní stadion Eden",https://www.facebook.com/1275398168115026/posts/1284238980564278,1000,,7,,
@univerzitnihokej,facebook,01b45180-0b14-4a14-96e8-d0a4bab1fb9f,b8486c0b-516c-46b0-8ed6-6e92fa4d9d1d,FB Post,IMAGE,8.4.2026 7:40:40,"Po páté v letošní sezoně se střetnou Black Dogs s Falcons 😮‍💨 Tentokrát jde o všechno, protože vítěz postupuje do @unihokejfinalfour 🎟️

Komu budete dneska fandit? 👇🏻",https://www.facebook.com/1275398168115026/posts/1281024404219069,314,,,,
@riderspardubice,instagram,4d6a67ab-9313-4f77-a82e-abb18adbca5d,368b81ca-40cd-48ad-984e-77ee99aa5a18,IG Story,VIDEO,12.4.2026 15:07:36,,https://www.instagram.com/stories/riderspardubice/3873745385332427791,,980,,,13
@riderspardubice,instagram,4d6a67ab-9313-4f77-a82e-abb18adbca5d,7be1c5fa-113d-4d62-a9ba-3f16c58f7301,IG Story,VIDEO,17.4.2026 16:00:18,1:3,https://www.instagram.com/stories/riderspardubice/3877395616288754834,,880,,,
@united_hk,tiktok,7e062517-b9da-416d-b73d-a2c5899a2be6,34d97895-f550-425e-a965-f7bf4754d091,TT Video,VIDEO,15.4.2026 12:57:33,"❤️ Duben ve znamení pomoci Naši kluci tentokrát nešli bojovat na led, ale pomáhat jinak – zapojili se do akce Daruj krev ve spolupráci s @transfuzni_fnhk . 🩸🏒 Každá kapka se počítá a může někomu zachránit život. 👉 Pokud půjdeš darovat krev během dubna, můžeš se zapojit do tomboly a vyhrát skvělé ceny od sponzorů. Stačí jen po odběru vyplnit formulář, který najdeš v biu na instagramu @ifmsa_cz_hk .  Přidej se taky a udělej něco, co má skutečný smysl.❤️ #unitedhk #unihokej #hokej",https://www.tiktok.com/@united_hk/video/7628969359331036439?utm_campaign=tt4d_open_api&utm_source=7348986504397455361,,793,41,,1
@akademiciplzen,instagram,65494228-95bf-4f7b-8e68-d47d7262db66,3cd898df-ad61-4470-ab2e-92eef7db9452,IG Post,IMAGE,3.3.2026 15:57:00,"JARNÍ BITVA UŽ ZÍTRA! 👊🏻

Doraž včas na Proud, Redbull nebo svařák do fanzóny, nalaď hlasivky a pojď z toho udělat večer, na kterej se bude vzpomínat!

🕰️ 17:30 otevření fanzóny
📍 LOGSPEED CZ Aréna
🎟️ Lístky najdeš v biu nebo na plzenskabitva.cz

Tak co, bude nás ještě víc než loni? 🔥
#akademiciplzen",https://www.instagram.com/p/DVbZXwDDE3v/,,7176,119,,19
vsefalcons,instagram,709fceba-e311-48e7-9057-f54a587abf4a,4ff39c98-6af4-48c2-917a-9752c3a6c152,IG Story,VIDEO,9.3.2026 20:40:16,,https://www.instagram.com/stories/vsefalcons/3849270448404047007,675,,,,
@AkademiciPlzen,facebook,d87b94e3-03e8-45d0-b92e-75e9b819545c,7e17e837-7457-420b-9f99-1d5a2dfd6be7,FB Video,VIDEO,1.4.2026 11:56:11,"🐣 SOUTĚŽ O DRESY 🏒

Najdi dnes na stadionu schované vajíčko, dones ho moderátorovi a nový dres je tvůj! 👀

V tomhle fitu budeš na všech zápasech za hvězdu. ⭐️
A pozor… tohle není jediná dnešní nadílka 🤫
Doraz na zápas a zjistíš víc.

#akademiciplzen 💙",https://www.facebook.com/reel/907166625465759/,884,237,4,,
@akademiciplzen,instagram,65494228-95bf-4f7b-8e68-d47d7262db66,aaa5f9ef-b842-4336-bf59-d0fc2562ce03,IG Post,IMAGE,13.4.2026 10:22:47,"Poslední trénink plný úsměvů, výměny rolí a dokonce i menší bitky. 👀🥊

Seriózní příprava na další sezónu proběhne někdy příště😁

#akademiciplzen 💙 | 📸 @vpotocesevodatoci",https://www.instagram.com/p/DXEX7PADJDI/,,9891,206,,11
@riderspardubice,instagram,4d6a67ab-9313-4f77-a82e-abb18adbca5d,5749db2d-3d4d-4d49-ada4-158ee2f8d1d3,IG Reel,VIDEO,12.8.2026 7:56:57,"Na tréninku jsme se kluků zeptali na velmi záludnou otázku😝

Správná odpověď zazněla pouze z úst @jakub_gresl který odpověděl kůže👀

Na jakou otázku se kluků máme zeptat příště?",https://www.instagram.com/reel/Db7rULnxPac/,,9109,202,1,54
@boostrava,instagram,1176ddaf-d366-48a2-9639-3c6694c72c85,5e23d49e-6859-47f7-9236-93ba4b8e6f03,IG Post,IMAGE,4.3.2026 14:40:34,"JEDEME DO BRNA⚡️
Koukni co na to říká náš útočník Patrik🎙️",https://www.instagram.com/p/DVd1Y6TDKD8/,,2954,66,2,1
@hcnorthwings,facebook,2b08a479-603b-46e4-8a48-2bc0435ccd53,5fe3866a-18e8-4f63-9bcb-675994bdc1ef,FB Post,IMAGE,5.3.2026 13:00:06,"23. kolo a utkání proti ČZU Farmers před skvělou diváckou kulisou pohledem @mistr.31 
Thanks for erasmus students visit 🫶
#univerzitnihokej #myjsmeujep #hcnorthwings #icehockey",https://www.facebook.com/1583651910433365/posts/1559465129518710,1224,,8,,
vsefalcons,instagram,709fceba-e311-48e7-9057-f54a587abf4a,a1dbaee0-0998-4946-b778-774149aa91e9,IG Story,VIDEO,22.2.2026 15:59:48,KMENOVÝ FOCENÍ behind the scenes 📸 🧌,https://www.instagram.com/stories/vsefalcons/3838257736232749071,728,940,,,1
vsefalcons,instagram,709fceba-e311-48e7-9057-f54a587abf4a,ab0dc9a6-a50f-43c9-b2f9-94d5edd77f40,IG Story,VIDEO,2.3.2026 17:46:07,📍,https://www.instagram.com/stories/vsefalcons/3844109418082390229,686,970,,,1
@bitvaoprahu,instagram,d7c8aa06-74fb-4c6c-a7d2-c2fe1bf6d59c,2d8955c5-9b11-4ba2-bc3f-3b8e9843abb1,IG Reel,VIDEO,12.3.2026 17:01:23,"TICK, TICK, BOOM! 🚨🎯

Bitva o bronz živě na @sport_ct ➕. 📺 #bitvaoprahu",https://www.instagram.com/reel/DVyr0ZiDGcu/,,12406,215,,4
@vutcavaliersbrno,instagram,b384bebf-72f3-4f9d-8b2d-3677709f6966,87e73d4d-faaa-4f78-bb6b-ce396e401f6a,IG Post,IMAGE,31.7.2026 11:20:47,"A co třeba takhle? 👀 @europeancentralbank 
Evropská centrální banka se rozhodla obměnit design bankovek 💶 Obyvatelé EU můžou rozhodnout mezi deseti návrhy, který se jim líbí nejvíce 🇪🇺 Tak jsme si to zkusili taky a za nás by byl parádní tenhle návrh 👈 Co vy na to?",https://www.instagram.com/p/DbdIqvWI4B2/,,3902,97,1,6
@univerzitnihokej,instagram,1e114592-3529-4cfe-9977-2598454053af,fc668e55-acd3-412e-bcef-3acaa4a4d089,IG Story,VIDEO,12.4.2026 11:52:39,,https://www.instagram.com/stories/univerzitnihokej/3873647270453331497,,1306,,,
vsefalcons,instagram,709fceba-e311-48e7-9057-f54a587abf4a,4ea9ee12-fefc-43eb-a0f4-cda25d769801,IG Story,VIDEO,5.2.2026 17:57:27,,https://www.instagram.com/stories/vsefalcons/3825995979413811158,,884,,,
vsefalcons,instagram,709fceba-e311-48e7-9057-f54a587abf4a,8da31611-0c53-4e64-b50e-39f2b479bc3f,IG Story,VIDEO,3.6.2026 6:55:35,🥵 DOBRÉ RÁNO,https://www.instagram.com/stories/vsefalcons/3911185889430633327,741,607,,,
vsefalcons,instagram,709fceba-e311-48e7-9057-f54a587abf4a,2ba5f6be-d20c-44b6-9f74-e3b3fe5c2664,IG Story,IMAGE,8.2.2026 19:32:17,1 3,https://www.instagram.com/stories/vsefalcons/3828217736786904636,,812,,,2
vsefalcons,instagram,709fceba-e311-48e7-9057-f54a587abf4a,6a2fe3d9-a5f4-4811-8dd6-5704fb06d7f3,IG Story,VIDEO,3.2.2026 18:37:36,dobrý songy na rozbruslení 🎶,https://www.instagram.com/stories/vsefalcons/3824566365978126191,,954,,,
@hcnorthwings,facebook,2b08a479-603b-46e4-8a48-2bc0435ccd53,6b63527a-c435-4f49-a17c-ecc2a472297d,FB Story,VIDEO,11.3.2026 19:48:06,,,,,,,
@united_hk,instagram,b18c071b-0570-48b2-b743-990c668c3c5b,979a200b-f549-425b-9409-45769b43cf7a,IG Story,IMAGE,19.4.2026 11:16:05,,https://www.instagram.com/stories/united_hk/3878702303280628247,,610,,,1
vsefalcons,instagram,709fceba-e311-48e7-9057-f54a587abf4a,a9854920-eff6-44b5-96d5-56306bd57469,IG Story,VIDEO,12.3.2026 15:24:57,@sokoli.hnizd0 🪹 FANS NA MÍSTĚ,https://www.instagram.com/stories/vsefalcons/3851286118943726612,1636,1468,,,1
@bitvaoprahu,facebook,75e0f41f-82be-4f82-a77b-82ac11135ed2,cfc1de2b-2176-4aa4-9e7a-6df163270c8c,FB Post,IMAGE,12.3.2026 22:51:55,"👑 OBHAJOBA KINGS! 🏆🥇

Gratulujeme staronovým vládcům, @ukkingsprague . 🎩",https://www.facebook.com/1441262177797849/posts/1420437706546963,211,,,,
vsefalcons,instagram,709fceba-e311-48e7-9057-f54a587abf4a,e4ecde5a-9cf2-4f5b-86c2-04dac1e59a67,IG Story,IMAGE,26.1.2026 16:11:27,,https://www.instagram.com/stories/vsefalcons/3818694599032504131,,961,,,1
vsefalcons,instagram,709fceba-e311-48e7-9057-f54a587abf4a,fecc6e53-08fc-4b3c-ae4d-7ded5cb03a8a,IG Reel,VIDEO,10.6.2026 13:14:19,tak jakej? 😎 #vsefalcons #icehockey,https://www.instagram.com/reel/DZaBkJZI8XK/,,3676,61,,6
@riderspardubice,instagram,4d6a67ab-9313-4f77-a82e-abb18adbca5d,74c2b475-84b4-4eb8-bc48-8715df9c7489,IG Post,IMAGE,16.4.2026 15:25:05,"Po první třetině 0:0 👀

📸 @honza.chlad",https://www.instagram.com/p/DXMo5-eDE3q/,,8702,212,,8
@united_hk,instagram,b18c071b-0570-48b2-b743-990c668c3c5b,887dfdf5-a42d-4228-8ca4-a101ac6c1f7a,IG Post,IMAGE,23.3.2026 13:10:55,"🏒 Dnes do Pardubic
Dnes nás čeká poslední zápas základní části.
Vyrážíme do Pardubic na derby.
Play-In máme jistý.
Teď ladíme formu na to nejdůležitější, co přijde.
A derby?
To chceš vyhrát vždycky. 😏
Drž nám palce. 🖤🧡

#unitedhk #unihokej #hokej",https://www.instagram.com/p/DWOmdprCPii/,,4370,51,,8
@univerzitnihokej,instagram,1e114592-3529-4cfe-9977-2598454053af,a993a89d-dac0-4a07-a9ad-d6bcac3b8ead,IG Post,IMAGE,9.3.2026 21:25:00,Tomu říkáme začátek týdne! 🫨 prodloužení rozhodlo a Riders doma porážejí Black Dogs 🐎,https://www.instagram.com/p/DVrb43ciKCm/,,4746,97,,19
vsefalcons,instagram,709fceba-e311-48e7-9057-f54a587abf4a,465ce256-c403-410c-bef1-e58dd7b252d1,IG Story,VIDEO,16.4.2026 16:47:17,,https://www.instagram.com/stories/vsefalcons/3876694481172978032,1080,1043,,,3
@akademiciplzen,instagram,65494228-95bf-4f7b-8e68-d47d7262db66,6170c3cc-0f82-4b96-b066-034e4a6b58ac,IG Post,IMAGE,3.4.2026 19:42:58,"Gratulujeme @_marcelmarcel a @filip_prikryl k nominaci na reprezentační kemp v Karlových Varech před mistrovstvím světa @ceskyhokej! 🇨🇿🤩

Dva plzeňští odchovanci z @telhcz se před závěrem naší sezóny objevili i na našich trénincích, a my jim teď budeme držet palce na další velké výzvě. 🔥

Kluci, posíláme vám z Plzně hodně štěstí!",https://www.instagram.com/p/DWroFZljIIL/,,23342,720,,27
@united_hk,instagram,b18c071b-0570-48b2-b743-990c668c3c5b,72970911-7abc-4cf6-bf78-85e3add271c0,IG Reel,VIDEO,20.8.2026 11:58:52,"Návštěva z NHL na tréninku UNIted HK. 👀🏒

Jaroslav Chmelař z New York Rangers si s námi střihl jeden z tréninků v ČPP aréně.

Jak to vypadalo, když se na ledě objevil hráč NHL? 🎥

---

Visit from the NHL at UNITed HK training. 👀🏒

Jaroslav Chmelař from the New York Rangers filmed one of the training sessions at the ČPP Arena with us.

What was it like when an NHL player appeared on the ice? 🎥",https://www.instagram.com/reel/DcQpKTtooD6/,,12694,536,2,39
@univerzitnihokej,instagram,1e114592-3529-4cfe-9977-2598454053af,81133015-3bc1-4a3a-b0af-c933915e2e43,IG Reel,VIDEO,8.4.2026 20:08:10,@ukkingsprague si dají příští týden opáčko v Edenu! 🤭,https://www.instagram.com/reel/DW4izVsCLYQ/,,5927,220,,5
@riderspardubice,facebook,f99ed6c3-17cc-46f4-a32e-d9b0576ce2df,1f6e461f-5422-4efa-ae11-4dcc69529011,FB Post,IMAGE,13.4.2026 9:45:57,"Jdeme do @unihokejfinalfour, a to si určitě zaslouží vybavit se našim dresem! 😍

Stačí si přes náš odkaz v BIU založit účet u @csobcz , do soukromé zprávy nám napiš “hotovo” a po kontrole čísla účtu ti předáme dres Riders! 

Tohle je šance vybavit na Final Four do Prahy, ukázat, jak fandí Hockeytown a získat výhody účtu u ČSOB! 🤩

*Soutěž platí pouze do rozdání zásob - konec zásob oznámíme v komentáři pod tímto příspěvkem.",https://www.facebook.com/1592662819534019/posts/1603436685123299,136,,,,
@hcnorthwings,facebook,2b08a479-603b-46e4-8a48-2bc0435ccd53,36a0d79e-21c3-47ab-90cd-b1543efa28ef,FB Story,IMAGE,4.3.2026 10:26:46,,,,,,,
vsefalcons,instagram,709fceba-e311-48e7-9057-f54a587abf4a,788be1b3-3439-4180-8c6b-4976a776526a,IG Story,VIDEO,26.2.2026 20:12:30,@veolia_cz  KOLO JE ZA NÁMI 🥳,https://www.instagram.com/stories/vsefalcons/3841283960492005483,1151,1740,,,13
vsefalcons,instagram,709fceba-e311-48e7-9057-f54a587abf4a,c1f158de-25cc-40c2-941d-9a859c65af7b,IG Story,VIDEO,11.3.2026 13:59:21,💂‍♀️ A JEŠTĚ JEDNU NOVINKU PRO VÁS MÁME 😏,https://www.instagram.com/stories/vsefalcons/3850518218091793530,953,1087,,,
@hc_muni,instagram,43cd62c8-609d-4ea6-8ce9-cae5242ede0c,51b9289e-dbf5-4ab4-9ace-725904cc88d1,IG Story,VIDEO,11.4.2026 21:17:09,"💥 ⏰  ZÍTRA ČEKÁ JIRKU DALŠÍ ZÁPAS! 
 LET’S  GO FOR THAT",https://www.instagram.com/stories/hc_muni/3873206614602209055,,232,,,
@united_hk,instagram,b18c071b-0570-48b2-b743-990c668c3c5b,7c84769a-d7ba-4796-9fc5-34fcc3024744,IG Post,IMAGE,9.4.2026 12:41:40,"Každá sezona přináší i loučení v @univerzitnihokej.

Od další sezony s námi nebudou pokračovat Jakub Kochan, Marek Ladman, Vladimír Mičian, Jiří Šrámek a Tomáš Teuber.

Děkujeme za čas, energii, zápasy, kabinu i všechno, co jste do UNIted HK vložili.
Každý z vás zanechal v našem týmu svoji stopu a byl součástí cesty, kterou jsme za první roky klubu společně prošli.

Díky, chlapi.
🖤🧡

#unitedhk #unihokej #hokej",https://www.instagram.com/p/DW6Uo98iJkZ/,,10803,310,,74
@cvutengineers,instagram,11963a07-7f0f-48e6-9d81-aa63a7ff4a04,b33bdc94-e3bc-4913-8a06-2ef7312cadd5,IG Story,VIDEO,20.8.2026 16:08:42,@bernattomas16,https://www.instagram.com/stories/cvutengineers/3967996986850579960,,702,,,1
@bitvaoprahu,facebook,75e0f41f-82be-4f82-a77b-82ac11135ed2,2e9828c1-ca1c-4df5-8bbf-7f77df795ccb,FB Post,IMAGE,11.3.2026 11:00:11,Královská rodino... uvidíme se v průvodu? 👀👑,https://www.facebook.com/1441262177797849/posts/1418948903362510,231,,,,
@united_hk,instagram,b18c071b-0570-48b2-b743-990c668c3c5b,3f405b66-8c5f-4ccc-a4a5-da9a2cc7100a,IG Story,VIDEO,10.8.2026 18:21:43,@savvyx12  předseda = muž pro všechno,https://www.instagram.com/stories/united_hk/3960816235046263668,,972,,,4
@hcnorthwings,facebook,2b08a479-603b-46e4-8a48-2bc0435ccd53,48c3ee6d-2958-4e55-a31e-7e53d7f72eed,FB Story,VIDEO,4.3.2026 10:55:27,,,,,,,
vsefalcons,instagram,709fceba-e311-48e7-9057-f54a587abf4a,550d0dd8-6e1e-4e9e-a677-c3022fa5b11d,IG Story,VIDEO,13.3.2026 16:25:02,,https://www.instagram.com/stories/vsefalcons/3852041085493186763,830,776,,,
@united_hk,instagram,b18c071b-0570-48b2-b743-990c668c3c5b,9e886c47-01bb-4090-b1df-67c2196149de,IG Reel,VIDEO,12.4.2026 16:04:36,"We listen and we (don’t) judge: Garnier edition💚

#unitedhk #unihokej #hokej",https://www.instagram.com/reel/DXCZ8b_iIoT/,,3398,73,,5
vsefalcons,instagram,709fceba-e311-48e7-9057-f54a587abf4a,bc369f50-73ff-41d8-a012-950ced630c49,IG Reel,VIDEO,10.4.2026 18:22:13,"Jsme trochu v nešťastný situaci… neznáme soupeře ani čas semifinále @unihokejfinalfour 😏

Řešení? Jednoduchý.
Kup si denní vstupenku a dej si rovnou 2️⃣ zápasy + double dávku show. 🔥 Nebo si počkej do neděle, kdy už bude jasno. 👀
Vstupenky na finalfour.cz a nezapomeň využít náš kód VSEFANS! 🎟️",https://www.instagram.com/reel/DW9gBlSiFIH/,,4819,110,5,25
@cvutengineers,instagram,11963a07-7f0f-48e6-9d81-aa63a7ff4a04,c78a3783-75fb-4193-9f77-86adca5e5166,IG Story,VIDEO,17.4.2026 20:01:35,1 2,https://www.instagram.com/stories/cvutengineers/3877517139284636716,,1266,,,
@univerzitnihokej,facebook,01b45180-0b14-4a14-96e8-d0a4bab1fb9f,05019364-db07-425d-88a6-464f5564ad7f,FB Post,IMAGE,1.4.2026 20:00:28,"Semifinále PLAY-IN? Drama až do konce 🤯 

Black Dogs rozhodli až v samostatných nájezdech, v Plzni vyhráli outsideři Farmers. 😮‍💨",https://www.facebook.com/1275398168115026/posts/1275963344725175,494,,1,,
vsefalcons,instagram,709fceba-e311-48e7-9057-f54a587abf4a,7981bba6-6f71-4bd3-8015-c44057427d63,IG Story,VIDEO,14.4.2026 13:23:26,"KDO NEMÁ, MŮŽE KOUPIT NA MÍSTĚ 🔥 🛍️",https://www.instagram.com/stories/vsefalcons/3875142513287761993,638,695,,,2
vsefalcons,instagram,709fceba-e311-48e7-9057-f54a587abf4a,7f3a329a-d6b2-40a4-b8ed-a620e062f91a,IG Story,VIDEO,1.4.2026 20:14:24,,https://www.instagram.com/stories/vsefalcons/3865927385757575658,798,454,,,
vsefalcons,instagram,709fceba-e311-48e7-9057-f54a587abf4a,a189804d-b7af-4d48-8dd5-58463394e65e,IG Reel,VIDEO,13.8.2026 17:10:47,"Nový vůdce našeho hnízda! 🦅 David Ohnutek přebírá VŠE Falcons Prague jako nový hlavní trenér. 🔥

Dlouhodobě se specializuje na player development a individuální rozvoj hráčů. Zkušenosti sbíral jako dovednostní trenér Bílých Tygrů Liberec, v Dánsku jako šéftrenér mládeže Herning IK a následně u kategorií U17 a U20 ve Frederikshavnu. 🇨🇿🇩🇰

Do našeho hnízda přináší mezinárodní zkušenosti, důraz na rozvoj hráčů a vítěznou mentalitu. 💪

Vítej v týmu, Davide! 🦅",https://www.instagram.com/reel/Db_PfJCoV3g/,,13190,300,1,52
vsefalcons,instagram,709fceba-e311-48e7-9057-f54a587abf4a,c7338846-6b0e-4699-9481-a6a7ca06b65b,IG Story,VIDEO,26.1.2026 19:00:00,🎯 KÁPO DÁVÁ GÓL,https://www.instagram.com/stories/vsefalcons/3818779430533757124,,112,,,
@akademiciplzen,instagram,65494228-95bf-4f7b-8e68-d47d7262db66,7dcd04ae-6381-4eda-8e3f-2b462297dfd1,IG Post,IMAGE,16.7.2026 12:23:58,"MVP sezóny 🏆

Tomáš Pánek si z letošního Galavečera odnesl ocenění pro nejužitečnějšího hráče sezóny.

Jako asistent kapitána byl jedním z lídrů našeho týmu na ledě i v kabině. Aktuálně dokončil bakalářské studium, s univerzitním výběrem vybojoval bronz na Viking Cupu v Kanadě, reprezentoval nás na US College Tripu a svými výkony si vysloužil také pozvánku na přípravný kemp před Zimními světovými univerzitními hrami 2027.

Jsme hrdí, že součástí našeho týmu je právě takový srdcař! 💙

#akademiciplzen | 🎥 @yzproduction.cz | 📷 @vpotocesevodatoci",https://www.instagram.com/p/Da2ohAtjJ3l/,,20104,357,7,11
vsefalcons,instagram,709fceba-e311-48e7-9057-f54a587abf4a,854b83d5-f366-4015-bb45-a50ff39ff937,IG Story,VIDEO,13.1.2026 18:28:13,,https://www.instagram.com/stories/vsefalcons/3809341331579869525,,1461,,,6
vsefalcons,instagram,709fceba-e311-48e7-9057-f54a587abf4a,bf12cc16-e3e3-4ddf-aaa9-99e002ed177d,IG Story,VIDEO,10.3.2026 22:52:43,🎤 @cvutengineers,https://www.instagram.com/stories/vsefalcons/3850061957726521880,755,229,,,6
vsefalcons,instagram,709fceba-e311-48e7-9057-f54a587abf4a,1f3f8c59-ffe3-40f5-8fd2-6a6ae2e32e2c,IG Post,IMAGE,15.6.2026 16:28:52,"Po dvou sezónách se loučíme s naším hlavním trenérem, Milanem Boříkem. Bóřa, díky za odvedenou práci, za to, co jsi nás naučil, a za vzpomínky, kterých rozhodně není málo. ❤️‍🩹🥉

Přejeme ti hodně štěstí a úspěchů na tvé další cestě ✊🏼
#JednouFalconNavzdyFalcon",https://www.instagram.com/p/DZnP5msCLqf/,,12507,348,9,44
vsefalcons,instagram,709fceba-e311-48e7-9057-f54a587abf4a,5531d935-0f9d-40c1-81f2-2445475eeba8,IG Story,VIDEO,3.3.2026 19:55:30,naše trenérské trio 🧑‍🧒‍🧒,https://www.instagram.com/stories/vsefalcons/3844899283363481074,629,847,,,1
vsefalcons,instagram,709fceba-e311-48e7-9057-f54a587abf4a,8ea39e1a-6fed-4bf0-85a6-5e2466897e7e,IG Story,VIDEO,9.4.2026 7:56:49,"🥳 dobré ráno, tohle nebyl sen",https://www.instagram.com/stories/vsefalcons/3871354244280364303,786,914,,1,
@bitvaoprahu,facebook,75e0f41f-82be-4f82-a77b-82ac11135ed2,bff9f277-80a8-4632-9c70-768fb518a01f,FB Post,IMAGE,10.3.2026 13:11:38,"UŽ VE ČTVRTEK…⏳

🎓4 největší pražské univerzity | ČZU • VŠE • UK •ČVUT
🎤Metrostav halftime show | Gufrau • Victor Kal. • MAT213
🏒🔥Show na ledě, i v hledišti 

…to je BITVA O PRAHU 🤩
Budeš s námi u největší sportovní události letního semestru?
🎟️bitvaoprahu.cz",https://www.facebook.com/1441262177797849/posts/1418610976729636,539,,5,,
@riderspardubice,instagram,4d6a67ab-9313-4f77-a82e-abb18adbca5d,3e338adf-e2fe-413a-b5fc-636a0991d58c,IG Post,IMAGE,14.4.2026 14:16:15,"Pardubáci jedeme do Prahyyyy! 🥁

Sejdeme se před druhou hodinou na Pardubice hl. n. a ve 14:00 vyrazíme směr zimní stadion Eden! 

Na sebe merch nebo červený outfit a do ruky na cestu dostanete @pivoproud 🍻

Těšíte se?!",https://www.instagram.com/p/DXHXcBADLt-/,,10337,142,,14
@univerzitnihokej,facebook,01b45180-0b14-4a14-96e8-d0a4bab1fb9f,4f17020b-0776-444f-9233-317fede2f166,FB Video,VIDEO,26.3.2026 23:31:13,,https://www.facebook.com/reel/1901942360467314/,,,,,
@akademiciplzen,instagram,65494228-95bf-4f7b-8e68-d47d7262db66,5d313440-399f-454f-a170-52d5ad066abf,IG Reel,VIDEO,27.4.2026 20:04:05,"Zavzpomínali jsme na Jarní bitvu… a přenesli se až do devadesátek! 🎞️
Chybí vám taky ta atmosféra? Nesmutněte, už příští týden oznámíme datum Bitvy o Plzeň! 🔥

#akademiciplzen 💙",https://www.instagram.com/reel/DXpc-c0DPLO/,,12857,342,,31
vsefalcons,instagram,709fceba-e311-48e7-9057-f54a587abf4a,6f39c624-6867-4ac4-b183-04dd800ec25a,IG Post,CAROUSEL_ALBUM,27.2.2026 17:03:09,"Na podzim to bylo jen zahřívací kolo 🔥 Finálový večer @bitvaoprahu se blíží a my vás potřebujeme zpátky na tribuně 12. 3. 📣

A jestli se vám nechce čekat…
Už v úterý hrajeme na Kateřinkách! 🦅",https://www.instagram.com/p/DVRN-MUiE9D/,,12654,246,,19
vsefalcons,instagram,709fceba-e311-48e7-9057-f54a587abf4a,8696d668-b1a3-4b8c-ab29-bbdb15b08a9d,IG Story,IMAGE,22.1.2026 8:19:48,✍🏼 @alan.david6,https://www.instagram.com/stories/vsefalcons/3815558104390100827,,1301,,,2
@univerzitnihokej,facebook,01b45180-0b14-4a14-96e8-d0a4bab1fb9f,b953d3b1-548d-4b3d-84f7-0a888f0f4563,FB Post,IMAGE,7.4.2026 8:15:37,"Zítřejší menu 🤤 Poslední krok do @unihokejfinalfour 🚀
3️⃣ týmy projdou. Kdo bude zítra výhercem?👇🏻",https://www.facebook.com/1275398168115026/posts/1280290217625821,486,,3,,
@akademiciplzen,instagram,65494228-95bf-4f7b-8e68-d47d7262db66,cb01ee2e-2ac8-464f-8be2-381e92931790,IG Reel,VIDEO,7.3.2026 12:56:42,"Jarní bitva doručila! 🚀 Nevíme jak vy, ale my tu energii vstřebáváme doteď. Absolutní strop, díky moc všem! 💙

edit: @jirikhozman",https://www.instagram.com/reel/DVlXpOJjB6i/,,11019,284,6,31
@univerzitnihokej,instagram,1e114592-3529-4cfe-9977-2598454053af,7f20310b-253f-4f01-a162-03d82e582d4d,IG Reel,VIDEO,24.3.2026 15:30:29,Červená mánie a pár vzpomínek na @bitvaoprahu ❤️,https://www.instagram.com/reel/DWRazCOCLCf/,,13320,419,,46
vsefalcons,instagram,709fceba-e311-48e7-9057-f54a587abf4a,979d21b5-44d4-420e-883d-bed40a087ea7,IG Story,VIDEO,3.2.2026 18:57:15,,https://www.instagram.com/stories/vsefalcons/3824576226610699840,,968,,,3
vsefalcons,instagram,709fceba-e311-48e7-9057-f54a587abf4a,a806326f-e27a-4a25-b4d5-523457f45096,IG Story,VIDEO,15.1.2026 16:03:12,,https://www.instagram.com/stories/vsefalcons/3810717901297029385,,934,,,2
@riderspardubice,facebook,f99ed6c3-17cc-46f4-a32e-d9b0576ce2df,ae29fabe-408b-440c-9be4-67916c37a5f3,FB Video,VIDEO,17.4.2026 9:16:06,"Jak to bude vypadat v Edenu dnes? 🔥

Dnes hrajeme o bronz proti @vsefalcons v 16:30 na zimním stadionu Eden!",https://www.facebook.com/reel/961880913320830/,383,114,2,,
@bitvaoprahu,facebook,75e0f41f-82be-4f82-a77b-82ac11135ed2,b54ccc77-1ac9-4811-a868-6f61898b177b,FB Post,IMAGE,10.3.2026 16:29:48,"Hlad a hokej prostě nejdou dohromady 🙂‍↔️ Proto pro vás máme pro vás řešení jménem PARTYBOX 🥳

Kromě pořádný party dostanete v 1. třetině finálového utkání 🥇 nadupanej kyblík od @kfc_cz 🍗

V prodeji na bitvaoprahu.cz 🎟️",https://www.facebook.com/1441262177797849/posts/1418729350051132,231,,,,
@unitedhk,facebook,bfe6cc29-a387-41b9-9bca-b077722556af,15613826-c9dd-4613-8436-8fe80d1efab3,FB Post,IMAGE,23.7.2026 11:58:54,"🎂 Dnes slaví narozeniny Šimon Rind.

Šimone, všechno nejlepší, hodně zdraví a povedený vstup do nové sezony.

Užij si to.",https://www.facebook.com/122180651084388974/posts/122189277944388974,168,,1,,
@bitvaoprahu,facebook,75e0f41f-82be-4f82-a77b-82ac11135ed2,4763e435-78db-4695-abdb-5fad1bf3cfe0,FB Post,IMAGE,12.3.2026 20:55:11,"✨ O tohle tady dnes večer jde! Tento skvost z dílny @cvutpraha je opět pohromadě. 🏆✨

📸 @vratapolivka_photo | #bitvaoprahu",https://www.facebook.com/1441262177797849/posts/1420383139885753,250,,1,,
@riderspardubice,facebook,f99ed6c3-17cc-46f4-a32e-d9b0576ce2df,7329bde4-575b-494c-be83-043d52e22094,FB Post,IMAGE,16.4.2026 16:42:18,Co nesmí chybět v pardubickém kotli? 🎷,https://www.facebook.com/1592662819534019/posts/1606435011490133,614,,8,,
vsefalcons,instagram,709fceba-e311-48e7-9057-f54a587abf4a,d27a2bd8-006a-452b-9ce0-48ccc42469a0,IG Post,IMAGE,9.4.2026 13:23:51,"Ten moment, kdy si uvědomíš, že to nebyl jen sen.
PLAY-IN ✅ a teď míříme do @unihokejfinalfour bojovat o titul 🏆

Vstupenky na finalfour.cz 🎟️ Využij náš promo kód na 15% slevu “VSEFANS” 🤑",https://www.instagram.com/p/DW6Zd1mCPwv/,,8527,179,,11
@hcnorthwings,facebook,2b08a479-603b-46e4-8a48-2bc0435ccd53,e0cc826a-b794-4f2e-bb9d-0b43ce7b9233,FB Post,ALBUM,19.3.2026 10:06:25,"Poslední domácí utkání sezóny proti týmu United Hradec Králové. Díky moc všem fanouškům za fandění a podporu 💙💛
Foto by @mistr.31 a @czechsportphoto 

#univerzitnihokej #myjsmeujep #hcnorthwings #icehockey #lasthomedance",https://www.facebook.com/1583651910433365/posts/1571469508318272,907,,7,,
@AkademiciPlzen,facebook,d87b94e3-03e8-45d0-b92e-75e9b819545c,f9fc2df6-0a53-47ee-b70a-daa44dcd2835,FB Post,PHOTO,30.3.2026 20:58:41,"🚨 Deadline alert! 🚨

🎓 Na ZČU nezačíná jen studium. Začínají tu i zážitky, kamarádi, studentskej život… a taky univerzitní hokej. 🏒

Jestli chceš být od příštího roku součástí toho všeho, mrkni na termíny přihlášek na bakalářské studium a hlavně je nepropásni. ⏳

Ulož si tenhle post a pošli ho dál někomu, kdo ještě pořád říká, že „je čas“. 👀

#akademiciplzen 💙",https://www.facebook.com/1357105236437494/posts/1356047273209957,670,,1,,
@bitvaoprahu,facebook,75e0f41f-82be-4f82-a77b-82ac11135ed2,614e8a39-9765-4eb3-bb7f-26a2d9136d5b,FB Video,VIDEO,27.3.2026 17:29:16,"Ty nejlepší momenty se neodehrávají vždycky jenom na ledě. 🤭

Děkujeme @mamashelterprague za to, že s námi už 3 roky baví naše fans. 💋",https://www.facebook.com/reel/1241657174360515/,1795,872,9,,
@akademiciplzen,instagram,65494228-95bf-4f7b-8e68-d47d7262db66,919ba84d-0b52-4708-a61c-cb0ed570d61a,IG Post,IMAGE,26.3.2026 20:02:32,"Začíná Play-in. Kdo vyhraje, jde do Final Four. Kdo padne, končí! 

UŽ VE STŘEDU 1. 4. JDEME NA TO!

#akademiciplzen",https://www.instagram.com/p/DWXD6X7DDng/,,4962,128,,11
@riderspardubice,instagram,4d6a67ab-9313-4f77-a82e-abb18adbca5d,f205b114-07da-4beb-82a8-2e560a26bfee,IG Story,VIDEO,31.3.2026 14:24:12,,https://www.instagram.com/stories/riderspardubice/3865026242227777812,,1839,,,24
@cvutengineers,instagram,11963a07-7f0f-48e6-9d81-aa63a7ff4a04,ad31f77d-e6ac-47bb-b230-10e974ca4bd1,IG Reel,VIDEO,6.4.2026 16:01:15,"Kdo je v šatně šipkový master a kdo umí hrát na saxofon? 🎷 🤔🎯 Aneb, co jdi jde nejlíp oproti ostatním klukům ⬆️.",https://www.instagram.com/reel/DWy8pzpDO6_/,,22471,719,9,106
@univerzitnihokej,facebook,01b45180-0b14-4a14-96e8-d0a4bab1fb9f,3858a6df-c56f-496f-8fac-4fbd8d31fd7d,FB Video,VIDEO,24.3.2026 15:30:50,Červená mánie a pár vzpomínek na @bitvaoprahu ❤️,https://www.facebook.com/reel/1290574579630629/,1616,742,6,,
@united_hk,instagram,b18c071b-0570-48b2-b743-990c668c3c5b,89e9d459-6bae-4d9e-b6ae-128044a0a87e,IG Story,VIDEO,26.4.2026 10:28:27,,https://www.instagram.com/stories/united_hk/3883751574510027606,,886,,,1
@univerzitnihokej,instagram,1e114592-3529-4cfe-9977-2598454053af,97e1b232-5252-4d6a-a2a0-a6aa5f0729f1,IG Story,VIDEO,8.4.2026 7:00:05,,https://www.instagram.com/stories/univerzitnihokej/3870600909063495026,,4726,,,1
@akademiciplzen,instagram,65494228-95bf-4f7b-8e68-d47d7262db66,4918bff6-676c-4464-aeef-6b0e7f7fb694,IG Story,VIDEO,31.3.2026 19:57:15,⏳,https://www.instagram.com/stories/akademiciplzen/3865193879356315900,,723,,,5
@218107044725785,facebook,7a942e3e-6c47-4794-9ba7-bbc7b6d40cb3,74e7b85a-af43-4476-ad33-800598ebf81c,,TEXT,14.4.2026 11:23:05,,https://www.facebook.com/122282816036218300/posts/122283920588218300,133,,6,,
vsefalcons,instagram,709fceba-e311-48e7-9057-f54a587abf4a,2bf068b8-0ba1-4e4d-bbc7-ee7a48f3da36,IG Reel,VIDEO,14.4.2026 7:17:42,"Party moves, které oživí každou afterku🕺🏽

A dokonce i tu, co bude po @unihokejfinalfour 🤪 Ve čtvrtek i v pátek na vás čeká party přímo vedle zimáku 🥂 Tak vem kámoše a prodlužte si večer 🤘🏼

🎟️ Lístky kupujte na finalfour.cz",https://www.instagram.com/reel/DXGfwvTCIhH/,,10954,286,17,27
@BOhokej,facebook,c9082543-a03b-490f-8f97-66d439acce89,3146f164-76b6-4bfe-a7af-8256eae34cd9,FB Video,VIDEO,28.3.2026 15:11:14,"PLAY-IN JE TADY!🔥 teď jde o všechno! 
Tak vezmi kamarády a přijď podpořit naše kluky a udělat pořádný BORDEL!📣",https://www.facebook.com/reel/2147286609390154/,412,141,5,,
vsefalcons,instagram,709fceba-e311-48e7-9057-f54a587abf4a,3cededd8-594e-4ab0-abc7-36775f11495f,IG Story,VIDEO,24.3.2026 18:07:43,"protáhnout nohy
 po dlouhé cestě 🦿 🥱",https://www.instagram.com/stories/vsefalcons/3860065322292223815,880,891,,,1
vsefalcons,instagram,709fceba-e311-48e7-9057-f54a587abf4a,bad06917-b679-4b45-8a9b-6b8348a90d50,IG Story,VIDEO,3.2.2026 8:51:54,DOMÁCÍ ZÁPAS = MIC’D UP,https://www.instagram.com/stories/vsefalcons/3824271789027805813,,1041,,,8
vsefalcons,instagram,709fceba-e311-48e7-9057-f54a587abf4a,8b3c378d-3ee0-49c9-8b4a-c2c3afd8ddb8,IG Reel,VIDEO,28.3.2026 18:29:21,"Nikdo moc neví, jak ten play-in přesně funguje… 🫣
Ale jedno je jasný 👉🏻 V úterý 31.3. hrajeme poslední domácí zápas a potřebujeme zase plné hnízdo! 🫵🏻🪺",https://www.instagram.com/reel/DWcCl5DCB5w/,,4188,105,1,8
@bitvaoprahu,instagram,d7c8aa06-74fb-4c6c-a7d2-c2fe1bf6d59c,940c7bba-e1fd-4ad0-8646-b471085b1472,IG Reel,VIDEO,10.3.2026 17:20:15,Hokeeeej je dobreeeeej 👉🏼 lístky na bitvaoprahu.cz 🎟️,https://www.instagram.com/reel/DVtkiEKFdIV/,,27337,749,1,188
@riderspardubice,instagram,4d6a67ab-9313-4f77-a82e-abb18adbca5d,fb5731ab-3698-43e8-a236-a5bad296a20a,IG Reel,REEL,27.3.2026 13:04:51,"💸 100 000 Kč může být tvých!

Stačí si založit účet u @csob přes náš odkaz v biu a jsi ve hře 👇

👉 automaticky jdeš do slosování o 100 000 Kč
👉 můžeš získat až 1 500 Kč bonus
👉 a spoustu dalších výhod 

A jo… losujeme už brzy ⏳

Takže jestli to chceš stihnout, je ideální čas 👀

🔗 odkaz v biu",https://www.instagram.com/reel/DWY42jnjEdp/,,5078,123,,20
vsefalcons,instagram,709fceba-e311-48e7-9057-f54a587abf4a,bac28d5d-e648-4aa3-bbb9-eff8cd58fa2d,IG Story,VIDEO,31.3.2026 17:38:55,nervy pracujou  poslední vteřiny do konce,https://www.instagram.com/stories/vsefalcons/3865124300952969138,986,829,,,
@BOhokej,facebook,c9082543-a03b-490f-8f97-66d439acce89,d2950208-eceb-4a5a-90ed-232359ba87ec,FB Post,IMAGE,4.3.2026 5:22:36,"🔥GAME DAY🔥 Jedeme do BRNA
@vutcavaliersbrno x @boostrava 
Kdo si odveze 3 body?",https://www.facebook.com/1477974067675582/posts/1453913526748303,277,,1,,
@cvutengineers,instagram,11963a07-7f0f-48e6-9d81-aa63a7ff4a04,db3b51f4-c13e-4503-9c49-9bc1a6df81e4,IG Post,ALBUM,27.3.2026 19:35:43,"Poslední ohlédnutí za základní částí 🦁.

#engprg 
📸 @cermanpavel_",https://www.instagram.com/p/DWZlsLJjIMU/,,4302,223,,4
@unitedhk,facebook,bfe6cc29-a387-41b9-9bca-b077722556af,c6624518-27d7-42d3-96fc-0d29d8653356,FB Post,IMAGE,5.8.2026 15:45:10,"Čekání je u konce. 🏒

První trénink na ledě je za námi.

Další fotky najdeš na unitedhk.cz/fotky",https://www.facebook.com/122180651084388974/posts/122190239798388974,1095,,11,,
@218107044725785,facebook,7a942e3e-6c47-4794-9ba7-bbc7b6d40cb3,854192ad-6719-4523-b7b7-ff2305ebc6ce,FB Post,IMAGE,16.8.2026 16:15:05,"🚨 HLEDÁME NOVÝHO PARŤÁKA! 🚨

Budeš s námi na zápasech, akcích i v zákulisí a pomůžeš nám tvořit obsah, který sledují tisíce lidí (klidně mrkni, kolik jsme toho za sezónu vyprodukovali 👀).

Co budeš dělat:
📸 Natáčet a stříhat reelska
🏒 Být na zápasech a klubových akcích
🤝 Spolupracovat s realizačním týmem a partnery

Co z toho budeš mít:
🎁 Klubový merch
🎟️ VIP vstupy na zápasy
👥 Skvělou partu lidí
💼 Pracovní příležitosti od našich partnerů

Chceš se přidat?
Napiš nám na marketing@vsefalcons.cz a pošli nám krátké video (klidně z mobilu), ve kterém nám řekneš kdo jsi, co tě baví a proč by ses k nám hodil/a. Životopis nepotřebujeme, chceme vidět tebe! 🫵🏼",https://www.facebook.com/122282816036218300/posts/122302310768218300,235,,5,,
vsefalcons,instagram,709fceba-e311-48e7-9057-f54a587abf4a,bde269de-e6bf-47e4-9f97-c5e675c2d8d4,IG Post,ALBUM,12.3.2026 15:58:22,"Proti @czufarmers dnes nastupujeme v této sestavě 👆🏼
Pokud tu nejste s námi, sledujte na ČT sport plus 📺",https://www.instagram.com/p/DVyk5IJiMmc/,,8574,92,,17
vsefalcons,instagram,709fceba-e311-48e7-9057-f54a587abf4a,68a94c5d-7dbe-46f5-93a4-69dd1e15d292,IG Story,VIDEO,16.4.2026 18:12:53,GO FALCONS GO,https://www.instagram.com/stories/vsefalcons/3876737515461806124,1044,837,,,1
@hcnorthwings,facebook,2b08a479-603b-46e4-8a48-2bc0435ccd53,1025e98e-f42f-44fa-8741-647bff5c06ac,FB Story,VIDEO,4.3.2026 14:44:35,,,,,,,
@akademiciplzen,instagram,65494228-95bf-4f7b-8e68-d47d7262db66,33ad0309-d978-439f-89e2-d789d7bac34b,IG Story,VIDEO,20.8.2026 17:40:28,JDEME NA TO! 💪🏻,https://www.instagram.com/stories/akademiciplzen/3968043194600160468,,1273,,,2
@univerzitnihokej,instagram,1e114592-3529-4cfe-9977-2598454053af,59f82e94-34c1-4213-b29b-de9d84f281dc,IG Story,VIDEO,8.4.2026 7:02:02,,https://www.instagram.com/stories/univerzitnihokej/3870601891696629060,,4430,,,4
@univerzitnihokej,facebook,01b45180-0b14-4a14-96e8-d0a4bab1fb9f,8bec4248-34d1-43b8-b054-95f76a3e3b41,FB Video,VIDEO,12.3.2026 17:02:57,#unihokej partneři baví fans v zóně! 🙌🏻🥰,https://www.facebook.com/reel/940298125166570/,1007,163,3,,
@united_hk,instagram,b18c071b-0570-48b2-b743-990c668c3c5b,6d53b398-ea01-4603-8543-204f916b4ffd,IG Story,IMAGE,10.8.2026 19:15:22,@simon.flieger 🥅🥅🥅🥅,https://www.instagram.com/stories/united_hk/3960843681153951991,,875,,,1
@hcnorthwings,facebook,2b08a479-603b-46e4-8a48-2bc0435ccd53,0d400c88-1505-42d3-8071-629f40403f67,FB Story,VIDEO,4.3.2026 15:59:22,,,,,,,
@hcnorthwings,facebook,2b08a479-603b-46e4-8a48-2bc0435ccd53,05ee54ec-d011-415b-8f1c-30d4a8766e17,FB Story,VIDEO,25.3.2026 19:08:01,,,,,,,
@univerzitnihokej,instagram,1e114592-3529-4cfe-9977-2598454053af,61e1b9c1-5f04-4d21-9bd1-1c929ce7f720,IG Story,VIDEO,1.4.2026 17:02:54,Spustili jsme prodej vstupenek na jednotlivé zápasy Final Four 🎟️,https://www.instagram.com/stories/univerzitnihokej/3865830886499442397,,905,,,6
@hcmuni,facebook,d1f9e9f9-7526-42d4-85aa-13f91e89f7cf,af0b2fa6-6b7c-4cbb-8262-6ab71acd5d90,FB Post,IMAGE,4.3.2026 9:45:36,"GAMEDAY JE TADY!🔥 Už dneska vyzveme sousedy v tabulce @riderspardubice v bitvě o důležité 3 body⚔️
U toho nesmíš chybět!🐻💙

Lístky seženeš na https://hcmuni.enigoo.cz/app/tickets/events/133 🎟️",https://www.facebook.com/1581741777288398/posts/1556580919804484,288,,2,,
vsefalcons,instagram,709fceba-e311-48e7-9057-f54a587abf4a,d6d2bf56-007a-4ce1-9323-9a702a85f9fd,IG Story,VIDEO,30.1.2026 18:00:44,,https://www.instagram.com/stories/vsefalcons/3821648683133841288,,705,,,
@riderspardubice,facebook,f99ed6c3-17cc-46f4-a32e-d9b0576ce2df,4a751a2a-7147-4775-995b-332ab3fdc504,FB Post,IMAGE,2.3.2026 16:15:59,"Na kterého našeho SURVIVORA se dneska těšíte? 🔥🌴

🎟️ Vstupenky na zápas najdete v BIU!",https://www.facebook.com/1592662819534019/posts/1565971095536525,357,,3,,
@cvutengineers,instagram,11963a07-7f0f-48e6-9d81-aa63a7ff4a04,004bb497-66ed-40bc-977d-41c94a80158b,IG Post,IMAGE,2.3.2026 10:35:16,"🚨 GAMEDAY | Dnes vyrážíme bojovat do Pardubic!
Přivezeme si zpět do Prahy cenné 3 body? Fandit můžete od 19:00 na TV Tipsport ⚔️. 

#engprg #srdcelva",https://www.instagram.com/p/DVYPpqrDJcM/,,3633,61,,3
@riderspardubice,instagram,4d6a67ab-9313-4f77-a82e-abb18adbca5d,041253e3-ad80-4a50-a0d6-b80adfdbc838,IG Story,VIDEO,8.4.2026 20:00:22,JEN TO PROMĚNIT 🍀 PRODLOUŽENÍ VŘE,https://www.instagram.com/stories/riderspardubice/3870993658330295728,,442,,,
@univerzitnihokej,instagram,1e114592-3529-4cfe-9977-2598454053af,691b57b9-1c7e-4c60-b9c6-3e84554bc14c,IG Post,IMAGE,7.4.2026 8:15:06,"Zítřejší menu 🤤 Poslední krok do @unihokejfinalfour 🚀
3️⃣ týmy projdou. Kdo bude zítra výhercem?👇🏻",https://www.instagram.com/p/DW0siyEiPyP/,,9282,235,1,28
@218107044725785,facebook,7a942e3e-6c47-4794-9ba7-bbc7b6d40cb3,fd63bdcd-77fe-4187-a3e7-ae5f1696acf0,FB Video,VIDEO,10.3.2026 19:35:31,NESKUTEČNÝ zákrok @hroud1c6 🥵 Navyšujeme skóre na 2:0 💨,https://www.facebook.com/reel/805936839204177/,216,78,6,,
@united_hk,instagram,b18c071b-0570-48b2-b743-990c668c3c5b,8332911a-3861-4892-bda8-c04e2af05797,IG Story,IMAGE,9.4.2026 13:04:28,,https://www.instagram.com/stories/united_hk/3871509126715045144,,622,,,
@akademiciplzen,instagram,65494228-95bf-4f7b-8e68-d47d7262db66,b00cdb18-6419-443d-b452-9023740cfa2b,IG Post,IMAGE,3.3.2026 12:22:24,"SPĚCHEJ, abys stihnul 3. vlnu lístků! ⏳
Dnes za 250,- , zítra už za 300,- 🥶

Odkaz na vstupenky najdeš v biu nebo na plzenskabitva.cz",https://www.instagram.com/p/DVbAu4eDOBt/,,4262,36,,3
@bitvaoprahu,facebook,75e0f41f-82be-4f82-a77b-82ac11135ed2,9b5cffe6-ee9b-406b-8836-af75f309e38e,FB Post,IMAGE,11.3.2026 7:30:00,"Takhle jsou na tom lístky v sektorech univerzit 👀 Ano vidíš správně, už jich tam moc nezbývá! 

Chyť si ten svůj ještě dnes na bitvaoprahu.cz 🎟️",https://www.facebook.com/1441262177797849/posts/1418959450028122,234,,,,
vsefalcons,instagram,709fceba-e311-48e7-9057-f54a587abf4a,671b1719-89f9-4675-a0c3-7e58cabcdfa0,IG Reel,VIDEO,9.3.2026 21:36:36,"Zítra. 19:30. Kateřinky.

Lístky na profilu. Dobrou noc.",https://www.instagram.com/reel/DVrc8WeCDp3/,,4901,86,,7
@hcmuni,facebook,d1f9e9f9-7526-42d4-85aa-13f91e89f7cf,a6da4c83-e91a-4567-a003-f98eecff9636,FB Story,VIDEO,10.8.2026 21:41:38,,https://facebook.com/stories/107477761381481/UzpfSVNDOjIyNTkwNjkxNzQ4MjY2MzA=/?view_single=1,,,,,
@united_hk,instagram,b18c071b-0570-48b2-b743-990c668c3c5b,cbe359a3-3e16-485e-8afd-7ead2c525c5c,IG Story,VIDEO,22.4.2026 18:31:21,,https://www.instagram.com/stories/united_hk/3881095588771042747,,308,,,
@riderspardubice,instagram,4d6a67ab-9313-4f77-a82e-abb18adbca5d,324420b3-f124-43d9-92ca-fffbef95994d,IG Story,VIDEO,15.4.2026 23:09:11,,https://www.instagram.com/stories/riderspardubice/3876162120782202265,,63,,,
@hcmuni,facebook,d1f9e9f9-7526-42d4-85aa-13f91e89f7cf,38df0f41-d51f-4d12-b500-98c14ba1d8cd,FB Post,IMAGE,16.3.2026 8:42:48,"Ve středu v 19:30 jdeme znovu do boje! 🔥
Přijď nás podpořit na Lužánky a pomoct vytvořit skvělou atmosféru! 🐻💙

Lístky koupíš u nás v biu 🎟️

#hcmuni",https://www.facebook.com/1581741777288398/posts/1566837438778832,289,,6,,
@akademiciplzen,instagram,65494228-95bf-4f7b-8e68-d47d7262db66,9d50faf7-c0e2-482d-b900-a34458ca6dbc,IG Reel,VIDEO,24.3.2026 18:37:41,"I náš nejhladovější hráč @_rihastepan_ má před tréninkem spousty energie na rozdávání! ⚡️

#zott #zotthungry #hungrydrinkthis",https://www.instagram.com/reel/DWRwjeWDLSX/,,9514,153,3,16
@univerzitnihokej,instagram,1e114592-3529-4cfe-9977-2598454053af,c1e17335-048b-4e18-a2a1-cd87b4b9932a,IG Post,IMAGE,24.3.2026 21:56:42,Ostrava uzavírá základní část výhrou za tři body 💥,https://www.instagram.com/p/DWSGH0kCKyv/,,2026,65,,
vsefalcons,instagram,709fceba-e311-48e7-9057-f54a587abf4a,f820250c-d283-47e8-be13-23530b045bf8,IG Story,VIDEO,26.5.2026 12:23:56,,https://www.instagram.com/stories/vsefalcons/3905552888533375957,,731,,,
@vutcavaliersbrno,instagram,b384bebf-72f3-4f9d-8b2d-3677709f6966,98d1ec08-265c-4db1-9e64-7b83bd8866c0,IG Story,IMAGE,1.4.2026 19:13:23,,https://www.instagram.com/stories/vutcavaliersbrno/3865896565852358961,,547,,,1
@hc_muni,instagram,43cd62c8-609d-4ea6-8ce9-cae5242ede0c,9d468d8d-7c49-4383-a9e8-1c139103fa75,IG Story,VIDEO,29.4.2026 15:49:21,🏃🏼 🏃🏼‍♀️ 🏃🏼‍♂️ 💪🏻 🔥,https://www.instagram.com/stories/hc_muni/3886087493305279838,,503,,,1
vsefalcons,instagram,709fceba-e311-48e7-9057-f54a587abf4a,f5f3680b-1f8e-4713-a518-78b7391ae532,IG Story,VIDEO,12.2.2026 15:42:24,🩵🦅 UŽITO. @___pajer24  @alenjurak11  @one__timer  @vosmajz_97  @stracajunior  @patrik_nabelek  @vopi26  děkujeme za pozvání!,https://www.instagram.com/stories/vsefalcons/3831001141329033851,,4213,,,12
@riderspardubice,instagram,4d6a67ab-9313-4f77-a82e-abb18adbca5d,29b0caec-e983-4819-b811-53709549c7be,IG Story,VIDEO,31.3.2026 19:24:34,STÁLE 2:2,https://www.instagram.com/stories/riderspardubice/3865177439152640873,,691,,,
@AkademiciPlzen,facebook,d87b94e3-03e8-45d0-b92e-75e9b819545c,8f4f479f-bb68-40cc-b89c-13ce25d6ba89,FB Post,IMAGE,4.3.2026 19:47:15,"DNES JE VÁS TU 2106! 🚀💙 Moc děkujeme všem, kdo dnes dorazil, udělali jsme nový rekord návštěvnosti Jarní bitvy! 🔥

🎨 @jirikhozman 
📸 @vpotocesevodatoci / @novacek_photography 

#akademiciplzen #jarnibitva",https://www.facebook.com/1357105236437494/posts/1334775048670513,1568,,22,,
vsefalcons,instagram,709fceba-e311-48e7-9057-f54a587abf4a,d49aec71-279d-4107-ad7c-534c78fb14ae,IG Story,VIDEO,3.2.2026 21:06:12,ta cinkla 🔔,https://www.instagram.com/stories/vsefalcons/3824641144017924850,,896,,,
@hcmuni,facebook,d1f9e9f9-7526-42d4-85aa-13f91e89f7cf,653e24fe-8b5d-44db-ac1c-1eeef47b9690,FB Post,IMAGE,20.3.2026 13:33:55,"Jak už bývá zvykem, na derby s @vutcavaliersbrno je vždycky pořádně veselo💙❤️
Tak si ho nenech ujít i tentokrát a přijď ve středu!⚔️

Lístky seženeš tady https://hcmuni.enigoo.cz/app/tickets/events 🎫",https://www.facebook.com/1581741777288398/posts/1570836191712290,554,,5,,
@engineersprague,facebook,afd06d1d-7b1c-4f66-8d93-ce4255ab773c,68ac892f-12ee-49e6-b54c-276a711384c4,FB Post,IMAGE,2.3.2026 20:11:59,"Také z druhého letošního výletu do města perníků si odvážíme tři body do tabulky ✅

Uz pozítří se budeme snažit přidat další, tentokrát proti UNITED HK 👀",https://www.facebook.com/1560924572517692/posts/1535435601733256,654,,5,,
@218107044725785,facebook,7a942e3e-6c47-4794-9ba7-bbc7b6d40cb3,a1b64919-dac1-4fdc-a837-09f0a1b5c1e0,FB Post,IMAGE,13.4.2026 14:09:25,"Justin i během vystoupení fandí Falcons. Justin je cool. Buď cool jako Justin a fandi ve čtvrtek Falcons 🦅

👉🏼 Vstupenky na @unihokejfinalfour seženeš na profilu a s kódem “VSEFANS” máš slevu 15 % 🤑",https://www.facebook.com/122282816036218300/posts/122283786632218300,323,,2,,
@AkademiciPlzen,facebook,d87b94e3-03e8-45d0-b92e-75e9b819545c,5bf95658-6569-4924-bad6-c11ad48f4212,FB Post,IMAGE,24.3.2026 20:04:27,"Zítra hrajeme poslední zápas základní části proti @czufarmers !👊🏻

Zetor jsme jim zakázali… 🚜❌
tak jsme sami zvědaví, s čím se zítra objeví. 👀

Doraz nás podpořit a udělejme z toho pořádnej závěr! 🔥

🗓️ 25. 3. | 19:00
📍 LOGSPEED CZ Aréna

#akademiciplzen 💙",https://www.facebook.com/1357105236437494/posts/1350953440386007,505,,2,,
@riderspardubice,instagram,4d6a67ab-9313-4f77-a82e-abb18adbca5d,897ec5db-1999-4e7a-802c-2a95dc4bfacd,IG Story,VIDEO,13.4.2026 9:42:36,,https://www.instagram.com/stories/riderspardubice/3874306579625728533,,657,,,1
@hcnorthwings,facebook,2b08a479-603b-46e4-8a48-2bc0435ccd53,65c976b5-5c2d-4bc3-8920-05ef6d46081c,FB Story,VIDEO,18.8.2026 17:36:30,,,,,,,
vsefalcons,instagram,709fceba-e311-48e7-9057-f54a587abf4a,48a82c9f-eff3-4036-a3b7-36f9a349853a,IG Reel,VIDEO,3.3.2026 10:12:21,"BACK2️⃣BACK! 🔥
Včerejší zápas hážeme za hlavu. Dneska jedeme znovu. Doma, před váma. 🦅",https://www.instagram.com/reel/DVayFx6iAxU/,,3580,71,,4
@riderspardubice,instagram,4d6a67ab-9313-4f77-a82e-abb18adbca5d,9a10b22b-6327-49ed-8323-7cb7050a0e2e,IG Story,VIDEO,15.4.2026 9:00:01,"MRKNĚTE NA @upce_cz 
HRAJEME O VSTUPENKY!",https://www.instagram.com/stories/riderspardubice/3875734719409437212,,734,,,
@hcmuni,facebook,d1f9e9f9-7526-42d4-85aa-13f91e89f7cf,dc58e141-6b8b-4442-9c44-bc4223be917a,FB Post,IMAGE,19.3.2026 15:53:47,"Kluci do toho včera dali úplně všechno🏒🐻 Jste ready na poslední zápas sezony a pořádné derby?🔥 

#hcmuni",https://www.facebook.com/1581741777288398/posts/1569909978471578,508,,6,,
@riderspardubice,instagram,4d6a67ab-9313-4f77-a82e-abb18adbca5d,c603c55d-3679-480c-9e4b-a1346543b05e,IG Post,IMAGE,13.8.2026 14:45:28,"Střípky z posledního tréninku, na který nás přišli navštívit dva bývalí hráči 👀",https://www.instagram.com/p/Db--92vkQ2y/,,3543,117,2,19
@riderspardubice,instagram,4d6a67ab-9313-4f77-a82e-abb18adbca5d,8e23135a-1dda-4b27-a3d3-cf4ed3489c5a,IG Reel,REEL,30.3.2026 15:47:06,"Kluci zašli na fanouškovské menu do @kfc_cz , snacky zmizely rychle, ale kyblík v jejich životech zůstane už napořád ♥️

Co teď kyblík asi na kolejích dělá? 👀 
Tipujte do komentářů 👇",https://www.instagram.com/reel/DWg52XbDEHp/,,6350,90,11,14
@united_hk,instagram,b18c071b-0570-48b2-b743-990c668c3c5b,8c9da658-22a4-4f26-a96e-20d9d08c25d9,IG Story,VIDEO,16.4.2026 12:04:02,,https://www.instagram.com/stories/united_hk/3876551936895899881,,543,,,
@riderspardubice,instagram,4d6a67ab-9313-4f77-a82e-abb18adbca5d,225f5a21-96dc-495d-8071-45a98346d062,IG Reel,VIDEO,15.4.2026 10:38:10,"Hra končí když padne král♟️🔥

I my už jsme se dali do tréninku @ukkingsprague 💪

Těšíme se na semifinále! 🐎",https://www.instagram.com/reel/DXJi8ldDCR4/,,7492,146,1,15
@univerzitnihokej,instagram,1e114592-3529-4cfe-9977-2598454053af,a7c73549-467f-4752-954a-310236b19387,IG Story,VIDEO,17.4.2026 14:52:53,,https://www.instagram.com/stories/univerzitnihokej/3877361862778081279,,1746,,,
@cvutengineers,instagram,11963a07-7f0f-48e6-9d81-aa63a7ff4a04,e0a49b29-e023-4362-94ff-3267b33f6d9d,IG Story,VIDEO,17.4.2026 18:10:12,POŠLI KLUKŮM ŠTĚSTÍČKO,https://www.instagram.com/stories/cvutengineers/3877460960181239487,,1283,,,
@riderspardubice,instagram,4d6a67ab-9313-4f77-a82e-abb18adbca5d,8ae9b652-86cc-44c8-b30a-5f11fab54883,IG Story,VIDEO,10.4.2026 8:03:32,ZBYLO NÁM JEŠTĚ PÁR DRESŮ NĚKDO VÝBAVIČKU NA LUSKY LOSERS?,https://www.instagram.com/stories/riderspardubice/3872082393566077461,,571,,,8
vsefalcons,instagram,709fceba-e311-48e7-9057-f54a587abf4a,f4b46da9-37aa-4874-aaba-d4e185fe3892,IG Story,VIDEO,17.4.2026 15:32:28,@sokoli.hnizd0 🪹 💙,https://www.instagram.com/stories/vsefalcons/3877381675999321324,1007,1073,,,4
@218107044725785,facebook,7a942e3e-6c47-4794-9ba7-bbc7b6d40cb3,56f8d922-ae4b-47b1-bf8b-e1e92f7af058,FB Video,VIDEO,8.4.2026 17:38:50,KSN 😋,https://www.facebook.com/reel/5349867398570960/,402,185,5,,
vsefalcons,instagram,709fceba-e311-48e7-9057-f54a587abf4a,f6946839-58dd-4236-bfcd-7fc1a0cb95bb,IG Story,VIDEO,7.6.2026 16:19:46,,https://www.instagram.com/stories/vsefalcons/3914369009575275182,,600,,,3
@riderspardubice,facebook,f99ed6c3-17cc-46f4-a32e-d9b0576ce2df,3222fdc4-5cd6-4489-bdb2-947d98f68691,FB Post,IMAGE,19.3.2026 8:45:21,"Je derby! 🔥

Přijď na poslední domácí zapas semestru opět zažít tradiční rivalitu mezi dvěma sousedícími městy - Pardubice a Hradec Králové! 

Vstupenky koupíš přes odkaz v BIU 👀",https://www.facebook.com/1592662819534019/posts/1580335600766741,308,,3,,
@vutcavaliersbrno,instagram,b384bebf-72f3-4f9d-8b2d-3677709f6966,a4f0b1b6-93c3-4fd9-ba36-1e8888207b7c,IG Story,IMAGE,1.4.2026 14:45:56,"SLEDOVAT NÁS MŮŽETE 
V 18:30",https://www.instagram.com/stories/vutcavaliersbrno/3865761953029317744,,617,,,
@riderspardubice,instagram,4d6a67ab-9313-4f77-a82e-abb18adbca5d,cde6d122-4228-4e98-8249-fa980cc4ce27,IG Story,VIDEO,8.4.2026 20:23:09,@63skorpiz 🍀👏,https://www.instagram.com/stories/riderspardubice/3871005111531678931,,413,,,
@univerzitnihokej,facebook,01b45180-0b14-4a14-96e8-d0a4bab1fb9f,0cdb714f-aab1-4167-a9c4-2e1626ba7f50,FB Video,VIDEO,31.3.2026 11:59:47,,https://www.facebook.com/reel/951074087309294/,1423,544,5,,
@vutcavaliersbrno,instagram,b384bebf-72f3-4f9d-8b2d-3677709f6966,7e2bea22-ec52-43b1-b2fb-e474b5dbb773,IG Reel,VIDEO,9.4.2026 11:55:32,"Chceš vyhrát 100 000 Kč? 🤯 Tohle určitě není AI 👀
Založ si účet u ČSOB a zapoj se do hry! 👈

A jestli plánuješ jet na @unihokejfinalfour , s kartou od ČSOB máš cashback 20% na pivo a drinky! 🍹",https://www.instagram.com/reel/DW6POKpCBNH/,,1612,36,,16
vsefalcons,instagram,709fceba-e311-48e7-9057-f54a587abf4a,9039b49b-b826-4223-aee2-c9ce28c8a668,IG Story,VIDEO,26.1.2026 17:01:17,,https://www.instagram.com/stories/vsefalcons/3818719654152030190,,1015,,,3
vsefalcons,instagram,709fceba-e311-48e7-9057-f54a587abf4a,bdd0a863-5b1d-44cb-a97f-67789dc3bb8b,IG Story,VIDEO,17.2.2026 22:07:32,3 BODÍKY DOMA,https://www.instagram.com/stories/vsefalcons/3834818880363609150,595,755,,,1
@hc_muni,instagram,43cd62c8-609d-4ea6-8ce9-cae5242ede0c,04c6836e-13f1-4458-b18d-1fc2b1c10d9a,IG Reel,REEL,27.3.2026 12:14:59,"Před posledním zápasem nás čekalo i těžké loučení. Po několika letech jsme se rozloučili s důležitými postavami v historii HC MUNI.
Své působení u Medvědů završil bývalý vynikající hráč Jiří Čtvrtníček, který poslední čtyři sezony vedl kádr jako hlavní trenér. Loučíme se i s Honzou Sedlákem, který rovněž oblékal dres Masaryčky a následně u týmu působil jako asistent trenéra a sportovní manažer.
Kluci, DĚKUJEME za všechno a přejeme jen to dobré do další životní etapy. A přijďte se na nás někdy podívat, budeme se těšit 💙

#hcmuni",https://www.instagram.com/reel/DWYzHLTjAUG/,,6094,205,3,33
vsefalcons,instagram,709fceba-e311-48e7-9057-f54a587abf4a,96944c74-7b24-46b1-9602-0f939713ed68,IG Reel,VIDEO,8.2.2026 9:54:58,Dnes “vlaštovky” letí na farmu 🌾 Pole necháme jim. Led si bereme my. 🦅💨,https://www.instagram.com/reel/DUfhOOGiG6N/,,5584,65,,9
vsefalcons,instagram,709fceba-e311-48e7-9057-f54a587abf4a,b3a463be-6a97-4299-824b-07727dd23196,IG Story,VIDEO,2.3.2026 18:33:11,"PRO
ŠTĚSTÍ",https://www.instagram.com/stories/vsefalcons/3844133446218195059,651,807,,,
vsefalcons,instagram,709fceba-e311-48e7-9057-f54a587abf4a,bf908121-3447-4463-b1d0-ca05f674141b,IG Reel,VIDEO,19.4.2026 9:16:06,"Tohle je za pokutu, ne? @mila_prehled_22 🤔",https://www.instagram.com/reel/DXTtBZpiAlr/,,9995,227,1,13
@cvutengineers,instagram,11963a07-7f0f-48e6-9d81-aa63a7ff4a04,fbfaf24b-a366-4d33-9dfb-21f10fa322b6,IG Story,VIDEO,15.4.2026 20:32:04,,https://www.instagram.com/stories/cvutengineers/3876083021871102274,,508,,,3
@VUTCavaliersBrno,facebook,3351b43e-4b71-442b-b2f1-920cd6e57ee5,0cff5d7c-02a0-49de-ac2c-86cbbd98d0e7,FB Video,VIDEO,24.3.2026 15:58:30,🏒 Včerejší trénink s dětmi z @hcmysterykurim ❤️‍🔥,https://www.facebook.com/reel/26217626444598248/,1377,440,7,,
@riderspardubice,instagram,4d6a67ab-9313-4f77-a82e-abb18adbca5d,59eb894e-68fe-415b-9587-69a7b70573e1,IG Reel,VIDEO,19.3.2026 14:28:02,"Co Muškys Danovi vzkázal? 

To se dozvíte už 23. března v enteria areně!

Zatím tipujte v komentářích! 
Vstupenky koupíš přes odkaz v BIU 🎟️",https://www.instagram.com/reel/DWEb-opjCxn/,,3565,42,4,5
@univerzitnihokej,instagram,1e114592-3529-4cfe-9977-2598454053af,603fe154-9a25-4e13-9bb2-a67a529d9ada,IG Post,IMAGE,8.4.2026 8:32:17,"Finále play-in přinese pražské derby 🔥
Všechny výhry na straně UK Kings, ale Farmers ukázali minulý týden, že umí překvapit. 🫡

Na jaké straně Prahy dnes budete stát? 👇🏻",https://www.instagram.com/p/DW3TTdACHOM/,,12453,234,2,19
@riderspardubice,instagram,4d6a67ab-9313-4f77-a82e-abb18adbca5d,8cf7f537-4335-4d6f-a3ec-820501e689d8,IG Story,VIDEO,8.4.2026 19:11:31,JDEME DO 3. TŘETINY!!,https://www.instagram.com/stories/riderspardubice/3870969104723731061,,534,,,
vsefalcons,instagram,709fceba-e311-48e7-9057-f54a587abf4a,eea44079-681c-4351-8441-3ee8d6dffb53,IG Story,VIDEO,12.3.2026 17:42:19,,https://www.instagram.com/stories/vsefalcons/3851355215010220678,1373,1209,,,8
@riderspardubice,instagram,4d6a67ab-9313-4f77-a82e-abb18adbca5d,1d824c03-3aaf-46b9-af0a-53ea914810aa,IG Story,IMAGE,17.4.2026 13:15:42,ZPÁTKY DO PRAHY!,https://www.instagram.com/stories/riderspardubice/3877312945449625462,,1172,,,
@riderspardubice,instagram,4d6a67ab-9313-4f77-a82e-abb18adbca5d,272aa57c-f75a-475e-ad1f-35d16c51aa13,IG Story,VIDEO,8.4.2026 17:26:59,CO BY TO BYLO PLAY-IN BEZ NAŠÍ PODPORY!🫂❤️,https://www.instagram.com/stories/riderspardubice/3870916443810615687,,963,,,5
@univerzitnihokej,instagram,1e114592-3529-4cfe-9977-2598454053af,f94bd8dc-9299-4170-8992-5fbe778d6731,IG Story,VIDEO,8.4.2026 19:24:47,5 2,https://www.instagram.com/stories/univerzitnihokej/3870975735263441160,,701,,,1
univerzitnihokej,tiktok,01c88cf9-594f-408e-a45a-95114221acae,fed931bb-1291-4959-87ad-80223f6f7b0a,TT Video,VIDEO,17.4.2026 15:33:55,Zaostřili jsme si na srovnávací gól @vsefalcons 🔍,https://www.tiktok.com/@univerzitnihokej/video/7629751819312434454?utm_campaign=tt4d_open_api&utm_source=7348986504397455361,,659,32,,
@bitvaoprahu,instagram,d7c8aa06-74fb-4c6c-a7d2-c2fe1bf6d59c,355cdc02-cccd-4398-99de-f446e0cab603,IG Post,IMAGE,12.3.2026 20:55:02,"✨ O tohle tady dnes večer jde! Tento skvost z dílny @cvutpraha je opět pohromadě. 🏆✨

📸 @vratapolivka_photo | #bitvaoprahu",https://www.instagram.com/p/DVzG18Hjl9F/,,35238,666,1,11
@univerzitnihokej,facebook,01b45180-0b14-4a14-96e8-d0a4bab1fb9f,590d2cf0-74a2-4add-a453-8f98eda7ff1e,,TEXT,15.3.2026 20:22:53,"Moravské derby, Bitva o Prahu a pár neuvěřitelně těsných duelů! Skvělý týden Univerzitního hokeje 🤪",https://www.facebook.com/1275398168115026/posts/1262024906119019,568,,,,
@univerzitnihokej,instagram,1e114592-3529-4cfe-9977-2598454053af,7611816c-f444-425c-acd0-2bf4fe6a59c1,IG Story,VIDEO,12.4.2026 7:32:44,,https://www.instagram.com/stories/univerzitnihokej/3873516445564957927,,7477,,,4
vsefalcons,instagram,709fceba-e311-48e7-9057-f54a587abf4a,c5299549-a74e-4ab4-a58a-f7fb983e3dd6,IG Story,VIDEO,29.3.2026 7:19:02,vstupenky k dostání na profilu,https://www.instagram.com/stories/vsefalcons/3863362689053553989,763,884,,,3
vsefalcons,instagram,709fceba-e311-48e7-9057-f54a587abf4a,c732db2d-99ab-445e-90de-59187e2c6b07,IG Story,IMAGE,17.4.2026 15:16:08,,https://www.instagram.com/stories/vsefalcons/3877373572268462044,885,871,,,
@hcnorthwings,facebook,2b08a479-603b-46e4-8a48-2bc0435ccd53,522f1e3a-cfe4-43fa-b547-1003d36d5e87,FB Story,VIDEO,2.3.2026 19:47:57,,,,,,,
@hcnorthwings,facebook,2b08a479-603b-46e4-8a48-2bc0435ccd53,546ee7f8-9c66-4705-b7fa-2e793b4ae818,FB Story,VIDEO,13.8.2026 16:16:07,,,,,,,
@riderspardubice,instagram,4d6a67ab-9313-4f77-a82e-abb18adbca5d,cf3ed5f9-18ff-4c57-864b-9ba4d23857ab,IG Reel,VIDEO,17.4.2026 15:34:50,"Sorry, můj tým hraje o bronz na @unihokejfinalfour 🙌",https://www.instagram.com/reel/DXPOuc2DK4_/,,6209,217,,10
@engineersprague,facebook,afd06d1d-7b1c-4f66-8d93-ce4255ab773c,16c9135f-8487-4c3d-ae2f-b230d49d7453,FB Story,VIDEO,12.3.2026 21:57:24,,,,,,,
@riderspardubice,instagram,4d6a67ab-9313-4f77-a82e-abb18adbca5d,7321319a-0f32-45ea-a84d-90abc56ded63,IG Story,STORY,31.3.2026 19:49:44,JDEME DO PRODLOUŽENÍ 2:2,https://www.instagram.com/stories/riderspardubice/3865190085499673502,,697,,,
vsefalcons,instagram,709fceba-e311-48e7-9057-f54a587abf4a,827e5c0d-f094-40de-a5e5-51a8f0998fcb,IG Story,VIDEO,26.1.2026 19:08:24,JDEME DO PRODLOUŽENÍ,https://www.instagram.com/stories/vsefalcons/3818783640507646838,,853,,,
vsefalcons,instagram,709fceba-e311-48e7-9057-f54a587abf4a,993a0747-9036-4354-a10d-41a0b71028b9,IG Post,CAROUSEL_ALBUM,26.12.2025 15:01:08,Co by to bylo za vánoční svátky bez fotek u stromečku 🎄 užívejte pohádek a cukroví 🫶🏼,https://www.instagram.com/p/DSux7aWCDGc/,,14181,409,13,90
vsefalcons,instagram,709fceba-e311-48e7-9057-f54a587abf4a,9b45fc48-d857-4a8e-9eb4-5bdd6fa0216c,IG Story,VIDEO,24.3.2026 18:40:31,,https://www.instagram.com/stories/vsefalcons/3860081817483225977,803,697,,,
vsefalcons,instagram,709fceba-e311-48e7-9057-f54a587abf4a,f504002d-4a24-4a15-8567-f333b6767f9c,IG Story,IMAGE,17.4.2026 17:11:31,,https://www.instagram.com/stories/vsefalcons/3877431640939324823,866,828,,,1
vsefalcons,instagram,709fceba-e311-48e7-9057-f54a587abf4a,397663d6-c1bd-4513-9b5a-92f1443a17b5,IG Story,VIDEO,8.2.2026 17:16:08,👊🏻 ŤUK ŤUK,https://www.instagram.com/stories/vsefalcons/3828149267466850087,,836,,,
vsefalcons,instagram,709fceba-e311-48e7-9057-f54a587abf4a,3b0aef42-a07e-46fa-8d77-09ee19aee1ab,IG Story,VIDEO,15.2.2026 11:29:42,🎟️ 👆🏼,https://www.instagram.com/stories/vsefalcons/3833048273342984895,627,627,,,
vsefalcons,instagram,709fceba-e311-48e7-9057-f54a587abf4a,a5366ab7-4a9c-4571-89e7-633e7e7b6148,IG Story,VIDEO,26.1.2026 8:31:54,GAMEDAY 📞,https://www.instagram.com/stories/vsefalcons/3818463301974105410,,1301,,,1
@BOhokej,facebook,c9082543-a03b-490f-8f97-66d439acce89,d6766922-45ab-4d19-9e33-c7b9d6b16f9e,FB Video,VIDEO,30.3.2026 13:10:20,"ZÍTRA to vypukne! Boj o postup do dalšího kola! 
Přijďte se sladit do 🟠 barev BOČKA, dostat triko zdarma a pivko k tomu🍺. 
📍RT TORAX ARENA 
⏰ 19:30",https://www.facebook.com/reel/2133159070797605/,431,133,5,,
@univerzitnihokej,facebook,01b45180-0b14-4a14-96e8-d0a4bab1fb9f,20ab3801-ba05-42a3-8adc-67fc37707980,FB Video,VIDEO,5.3.2026 19:01:51,"Je hladoveeej🤤🤤

#zott #zotthungry #zotthungrydrinkthis",https://www.facebook.com/reel/1634483551080680/,2635,1234,7,,
@riderspardubice,instagram,4d6a67ab-9313-4f77-a82e-abb18adbca5d,275cd0d1-0a7c-4925-b6f5-6982398c0100,IG Story,VIDEO,12.4.2026 17:53:41,BENEŠ,https://www.instagram.com/stories/riderspardubice/3873828995259454441,,647,,,
@riderspardubice,instagram,4d6a67ab-9313-4f77-a82e-abb18adbca5d,6b03aa2f-75de-42f6-bd94-027e3ce19850,IG Post,IMAGE,23.3.2026 8:03:43,"Poslední zápas v dresu Riders pro @dominikkopecky_99 a @daniel.skryp! 🔥

Přijď kluky podpořit a rozloučit se s nimi v derby proti @united_hk! 

Lastdance
🗓️ 23.3. v 19:45
📍 v Enteria Arena 
⚔️ proti @united_hk 

Odkaz na vstupenky najdeš v BIU!🎟️ (I se slevičkou!🤭)

#lastdance#riders",https://www.instagram.com/p/DWODJyYDAuQ/,,4541,51,,3
vsefalcons,instagram,709fceba-e311-48e7-9057-f54a587abf4a,8edc7c90-3c85-4aa7-bcd1-21c24c6e3277,IG Reel,VIDEO,6.1.2026 19:53:33,první tréninky po vánocích těžkyyyy 😮‍💨😮‍💨,https://www.instagram.com/reel/DTLoBQ7CJTP/,,6013,144,,23
vsefalcons,instagram,709fceba-e311-48e7-9057-f54a587abf4a,a58c14b7-a913-4384-bffd-40764be58f97,IG Story,VIDEO,24.2.2026 18:37:27,"🎟️ 🎟️ najdi TICKET na zimáku
a získej lístek na příští zápas",https://www.instagram.com/stories/vsefalcons/3839786566801748709,740,915,,,8
@riderspardubice,instagram,4d6a67ab-9313-4f77-a82e-abb18adbca5d,b8b7b00d-5040-4f1b-be54-e49d49723e62,IG Reel,VIDEO,22.3.2026 18:00:36,"Co Kopec studoval než k nám přestoupil? 🤔

Tipujte v komentářích a správnou odpověď se dozvíš zítra na poslední zápase semestru! 

Derby s @united_hk už zítra od 19:45 a vstupenky koupíš přes dokaž v BIU!",https://www.instagram.com/reel/DWMikBpjMM5/,,4240,78,,5
@univerzitnihokej,facebook,01b45180-0b14-4a14-96e8-d0a4bab1fb9f,ca1628e7-4424-4ba7-9f94-10ea0f893826,FB Post,IMAGE,2.4.2026 8:26:02,"Semifinále PLAY-IN je za námi, teď už čeká týmy poslední krok před Final Four v Edenu! 😤 Už příští středu poznáme 3️⃣ postupující. O posledním místě se rozhodne v Lucky Loser zápase. ⚔️

Cesta na Final Four se blíží ke konci a všechno to vyvrcholí 16. a 17. dubna v Edenu! 🔥 Vstupenky na finalfour.cz",https://www.facebook.com/1275398168115026/posts/1276356448019198,279,,7,,