account_name,social_network_id,carl_account_id,carl_post_id,post_type,media_url_type,published,caption,permalink,impressions,views,likes,comments,shares
@AkademiciPlzen,facebook,d87b94e3-03e8-45d0-b92e-75e9b819545c,1da1ea6b-3331-40b7-b5c4-d7cf82bbd224,FB Post,IMAGE,18.3.2026 11:00:05,"GAMEDAY 🔥
Dnes vyrážíme na poslední venkovní zápas základní části — čeká nás výjezd do Brna za @vutcavaliersbrno ! 🚌

Udržíme 4. místo v tabulce? 👀
Buď u toho s námi a sleduj zápas online od 19:45 na Tipsportu! 🎥

#akademiciplzen | 📸 @vpotocesevodatoci @novotny_studio.cz",https://www.facebook.com/1357105236437494/posts/1345438324270852,789,,5,,
vsefalcons,instagram,709fceba-e311-48e7-9057-f54a587abf4a,3d8c33ff-daef-494a-bcb0-e7aa38e3f7f8,IG Story,VIDEO,24.2.2026 19:01:17,,https://www.instagram.com/stories/vsefalcons/3839798601677589649,685,895,,,
@bitvaoprahu,instagram,d7c8aa06-74fb-4c6c-a7d2-c2fe1bf6d59c,9c79a192-b238-4672-9820-38a50a0350b3,IG Post,IMAGE,12.3.2026 10:35:17,"Kdyby ""půjdem s davem"" nestačilo - běžte podle mapičky 🗺️🔍",https://www.instagram.com/p/DVx_5kQjLJb/,,6409,97,,23
vsefalcons,instagram,709fceba-e311-48e7-9057-f54a587abf4a,ced36a7e-cbc5-4caf-ad1b-483df3db8bc7,IG Post,IMAGE,13.2.2026 7:51:09,"Buď frajer a přijď v úterý fandit! 😎

📅 17.2. 🕐 19:45 📍 @icearenakaterinky 
👊🏼 @united_hk",https://www.instagram.com/p/DUsLVHpCHP1/,,4994,59,,2
@riderspardubice,instagram,4d6a67ab-9313-4f77-a82e-abb18adbca5d,cf902630-ab1f-45fd-bf19-6d1c49fafe97,IG Reel,VIDEO,18.3.2026 18:25:30,"Tak co, objeví se Skrypák jako nový bombshell v Love Islandu?😂 A obarví si Kopejda hlavu před play-in?

Přijď 23.3. do Enteria Areny podpořit kluky a hlavně @daniel.skryp a @dominikkopecky_99 ! Je to jejich poslední zápas za Riders!🔥

Lastdance
🗓️ 23.3. v 19:45
📍 v Enteria Arena 
⚔️ proti @united_hk 

Odkaz na vstupenky najdeš v BIU!🎟️ (I se slevičkou!🤭)

#lastdance#riders",https://www.instagram.com/reel/DWCR67pDNpa/,,8824,220,2,42
@bitvaoprahu,instagram,d7c8aa06-74fb-4c6c-a7d2-c2fe1bf6d59c,1e933561-0630-4ab6-a16e-19aff49fe560,IG Reel,REEL,16.3.2026 18:31:00,"Bylo to takový naše malý šťavnatý tajemstvíčko… 🤫🍗

#kfc @kfc_cz",https://www.instagram.com/reel/DV9JTHZjJsW/,,31607,890,13,566
@univerzitnihokej,instagram,1e114592-3529-4cfe-9977-2598454053af,21b85ae6-0b5b-47cb-8d9c-93139d8ffce2,IG Post,IMAGE,16.3.2026 10:02:56,"Tento týden bude pro některé týmy oddechový, ale v úterý a středu se přeci jen můžete těšit na zajímavá utkání 💪🏼",https://www.instagram.com/p/DV8PZYUCDpe/,,3904,73,,8
@univerzitnihokej,facebook,01b45180-0b14-4a14-96e8-d0a4bab1fb9f,246cdac8-3cff-4d8b-9f50-a038f7c894b0,FB Video,VIDEO,26.3.2026 23:31:13,,https://www.facebook.com/reel/1463467071853769/,,,,,
vsefalcons,instagram,709fceba-e311-48e7-9057-f54a587abf4a,77b79029-d805-4e32-9a4b-dfe12b3b3f55,IG Post,IMAGE,13.7.2026 17:30:42,"☎️ TRYOUT CALLING 🦅 Další sezona se blíží a my hledáme novou krev. 🔥 Hledáme hráče, kteří chtějí růst, makat a reprezentovat @vsecz 🦅

Myslíš, že na to máš? 👀
📩 Pošli svoje CV a staň se Falconem: hokej@vsefalcons.cz

📅 10. 8.
⏰ 12:00–13:00 a 15:30–17:00
📍 Ice Aréna Kateřinky",https://www.instagram.com/p/DavchdxIfMV/,,10486,93,,22
vsefalcons,instagram,709fceba-e311-48e7-9057-f54a587abf4a,bda85bf2-863e-4326-a2ba-3a1eedd3f5de,IG Story,VIDEO,31.3.2026 14:26:01,,https://www.instagram.com/stories/vsefalcons/3865027162927588038,1061,1006,,,1
@218107044725785,facebook,7a942e3e-6c47-4794-9ba7-bbc7b6d40cb3,d4307537-0f04-4297-b77a-97a19d8fd534,FB Video,VIDEO,17.3.2026 15:52:29,"Happy St. Patrick’s day! 💚

#vsefalcons",https://www.facebook.com/reel/859642987101558/,581,293,6,,
vsefalcons,instagram,709fceba-e311-48e7-9057-f54a587abf4a,e284202b-437d-49e2-9b99-b37cf79ee37d,IG Post,IMAGE,31.3.2026 19:28:36,"První krok je za námi, ale cesta do Final Four ještě nekončí 🥵

Buď u toho s námi ✊🏼🦅",https://www.instagram.com/p/DWj3m1yiHQN/,,9204,194,,29
@univerzitnihokej,facebook,01b45180-0b14-4a14-96e8-d0a4bab1fb9f,42fcd857-9573-4e1b-ae1c-21562b20d83f,FB Video,VIDEO,30.3.2026 12:09:45,"Uvidíme tady traktory, koně nebo snad plzeňský pivo? Kreativitě se meze nekladou 🫰🏼",https://www.facebook.com/reel/958005910007693/,1315,586,,,
vsefalcons,instagram,709fceba-e311-48e7-9057-f54a587abf4a,abaa6f67-654b-409a-a37d-cc6a135bf11c,IG Story,VIDEO,13.3.2026 16:19:00,,https://www.instagram.com/stories/vsefalcons/3852038051618920622,952,908,,,1
vsefalcons,instagram,709fceba-e311-48e7-9057-f54a587abf4a,0422afb9-d641-4dd8-a86a-72c3b5d9cebb,IG Story,VIDEO,10.2.2026 19:44:37,STAV PO 1. TŘETINĚ 0:2,https://www.instagram.com/stories/vsefalcons/3829673501573831244,618,895,,,
@boostrava,instagram,1176ddaf-d366-48a2-9639-3c6694c72c85,36bf30c9-b8cd-4e7d-9166-c84b73aedc91,IG Post,IMAGE,24.3.2026 22:16:56,"Základní část zakončujeme vítězně! 🧨

Dosáhli jsme hranice 50 bodů a pokračujeme do PLAY-IN! 🦈

#hockey #ullh #winners",https://www.instagram.com/p/DWSJaGoDP6V/,,1468,51,,4
@218107044725785,facebook,7a942e3e-6c47-4794-9ba7-bbc7b6d40cb3,a7579f3b-3c3c-4229-bcd7-fec298957d0e,FB Post,IMAGE,10.3.2026 22:21:34,"Absolutní kino 😶‍🌫️ v zápase jsme šli několikrát do vedení, ale soupeř dorovnával a v nájezdech byl úspěšnější 💔

Teď už se na vás těšíme ve čtvrtek na @bitvaoprahu 🫵🏼",https://www.facebook.com/122282816036218300/posts/122278260872218300,331,,3,,
vsefalcons,instagram,709fceba-e311-48e7-9057-f54a587abf4a,d06b7f04-8050-47e2-b030-6d49585a8196,IG Story,VIDEO,18.2.2026 7:55:56,,https://www.instagram.com/stories/vsefalcons/3835115013073815945,558,769,,,2
vsefalcons,instagram,709fceba-e311-48e7-9057-f54a587abf4a,d2dd69b8-666e-4fb4-b9e6-60f7033096de,IG Story,VIDEO,22.4.2026 8:20:56,BRUSLE JSME UŽ POVĚSILI NA HŘEBÍK ⚽️ 🤓 TEĎ JE FOOTBALL TIME! přijďte kluky dnes podpořit na Jarov,https://www.instagram.com/stories/vsefalcons/3880788336323355568,996,1470,,1,2
@cvutengineers,instagram,11963a07-7f0f-48e6-9d81-aa63a7ff4a04,e2831f85-e17d-45a2-b188-11b25c14d215,IG Story,VIDEO,18.4.2026 11:01:59,💔,https://www.instagram.com/stories/cvutengineers/3877970224419241249,,1240,,,1
@united_hk,instagram,b18c071b-0570-48b2-b743-990c668c3c5b,71564465-1c2e-47ff-9959-7d5256384116,IG Story,VIDEO,18.4.2026 18:42:57,,https://www.instagram.com/stories/united_hk/3878202422447349034,,349,,,
vsefalcons,instagram,709fceba-e311-48e7-9057-f54a587abf4a,e687085a-aae5-4154-979e-bfd4cc45805e,IG Story,VIDEO,2.3.2026 18:37:08,🙌🏻 let’s go,https://www.instagram.com/stories/vsefalcons/3844135105149281875,645,799,,,
vsefalcons,instagram,709fceba-e311-48e7-9057-f54a587abf4a,f14890e3-85d1-48e6-8eb6-65a3b1ff5369,IG Story,VIDEO,1.5.2026 9:14:31,,https://www.instagram.com/stories/vsefalcons/3887338296657314120,,698,,,
@riderspardubice,instagram,4d6a67ab-9313-4f77-a82e-abb18adbca5d,fc0dea19-ecb0-4147-82f8-53aff33ae66c,IG Story,VIDEO,1.4.2026 18:45:21,,https://www.instagram.com/stories/riderspardubice/3865882446038618043,,439,,,1
@akademiciplzen,instagram,65494228-95bf-4f7b-8e68-d47d7262db66,35cb4809-7ad6-42c1-8263-2de040e9dd4e,IG Reel,VIDEO,17.3.2026 18:30:05,"Pravidla jsou pravidla. 🤷🏻‍♂️ Co si ale vzít musíte, je pořádná forma na fandění! 

Vidíme se 25. 3. doma proti @czufarmers 🏒🔥

#akademiciplzen",https://www.instagram.com/reel/DV_thb2DBr7/,,18069,452,4,89
vsefalcons,instagram,709fceba-e311-48e7-9057-f54a587abf4a,3ac094f1-9ec7-45db-b563-a968dde79639,IG Story,VIDEO,19.3.2026 18:13:11,,https://www.instagram.com/stories/vsefalcons/3856444242679835562,922,709,,,
@univerzitnihokej,instagram,1e114592-3529-4cfe-9977-2598454053af,9363cf2c-e78c-4d94-a040-0544b55e93d8,IG Story,VIDEO,18.4.2026 10:26:33,,https://www.instagram.com/stories/univerzitnihokej/3877952665997037303,,1135,,,
vsefalcons,instagram,709fceba-e311-48e7-9057-f54a587abf4a,a6a01959-159d-46c7-8de7-0ba6cd5a735d,IG Post,IMAGE,7.12.2025 10:44:11,"VÁNOČNÍ GIVEAWAY 🎁
Už v úterý odehrajeme vánoční zápas proti @ukkingsprague na Hvězdě, a tak pro tebe máme malý dárek v podobě vstupenek! 😏

PRAVIDLA SOUTĚŽE:
1️⃣ Napiš do komentářů, kolik vidíš na obrázku puků na ledě 🏒
2️⃣ Označ parťáka, s kterým bys chtěl/a dorazit 🤝🏼

V pondělí v 18:00 vylosujeme 5 komentářů, hodně štěstí 🍀",https://www.instagram.com/p/DR9Za4iiH8D/,,8261,80,24,29
@BOhokej,facebook,c9082543-a03b-490f-8f97-66d439acce89,0b2844f6-3a89-4959-bc0c-b7f1da677039,FB Video,VIDEO,26.3.2026 20:23:14,"Nejhladovější @pastak22 🧨

#zott #zotthungry #zotthungrydrinkthis",https://www.facebook.com/reel/3866984930105177/,552,210,2,,
@riderspardubice,instagram,4d6a67ab-9313-4f77-a82e-abb18adbca5d,5d53524e-4552-4bdf-a15a-cb4e7760d850,IG Story,VIDEO,31.3.2026 17:49:24,@matejterc  NÁS DOSTÁVÁ DO VEDENÍ! 🗣️ 2:1,https://www.instagram.com/stories/riderspardubice/3865129527139930526,,884,,,5
@riderspardubice,instagram,4d6a67ab-9313-4f77-a82e-abb18adbca5d,83b0b6a9-cce7-400a-a262-ba15a1c6a0dd,IG Reel,VIDEO,17.4.2026 9:15:53,"Jak to bude vypadat v Edenu dnes? 🔥

Dnes hrajeme o bronz proti @vsefalcons v 16:30 na zimním stadionu Eden!",https://www.instagram.com/reel/DXOjVZzjH1s/,,2770,88,,2
vsefalcons,instagram,709fceba-e311-48e7-9057-f54a587abf4a,d71c157d-1acf-43f9-aa94-7df0f430ab67,IG Story,IMAGE,3.3.2026 19:29:37,"3 1 Theimer
Daniel
Vosmík",https://www.instagram.com/stories/vsefalcons/3844886264378087117,635,818,,,
@univerzitnihokej,facebook,01b45180-0b14-4a14-96e8-d0a4bab1fb9f,62aed694-6901-4763-a583-0f4688081bdd,,IMAGE,12.4.2026 21:10:32,Známe účastníky Final Four! 🤩 Které týmy zůstaly v boji o Pohár Jana Palacha a jak vypadaly zápasy o vstupenky do Edenu? 👇🏼,https://www.facebook.com/1275398168115026/posts/1284498583871651,780,,4,,
@AkademiciPlzen,facebook,d87b94e3-03e8-45d0-b92e-75e9b819545c,7331a79d-b11d-412c-92f3-a55d464c36db,FB Post,IMAGE,2.4.2026 15:20:45,"Těžko se teď hledají slova. Včerejším zápasem pro nás sezona 25/26 bohužel končí. Obrovské díky vám všem za podporu! 💙🏒 

#akademiciplzen",https://www.facebook.com/1357105236437494/posts/1358332869648064,372,,35,,
vsefalcons,instagram,709fceba-e311-48e7-9057-f54a587abf4a,8b730fe0-4f52-4106-baa3-5af2c3dd906a,IG Story,VIDEO,10.2.2026 19:06:46,,https://www.instagram.com/stories/vsefalcons/3829654598667736188,634,904,,,
@hcmuni,facebook,d1f9e9f9-7526-42d4-85aa-13f91e89f7cf,81077261-cc7d-4031-8421-a4acafac010f,FB Video,VIDEO,8.3.2026 11:32:52,"Náš starting grid je připraven!!!🐻🚨💙Tak kdo to letos vyhraje?🏁🏎️
Napiš do komentáře! 💬

#hcmuni",https://www.facebook.com/reel/1431711068597106/,2346,483,8,,
@univerzitnihokej,instagram,1e114592-3529-4cfe-9977-2598454053af,c1337c12-8eae-486d-8e49-f878cf36a9c2,IG Post,IMAGE,8.4.2026 9:21:36,"V Praze dnes proběhne i poslední finálový zápas play-in. Engineers se na Hvězdě postaví pardubickým Riders. ⚔️

Statistiky mluví jasně, ale v play-in se může stát cokoliv. Kdo si vybojuje vytoužené místo ve Final Four? 🏒",https://www.instagram.com/p/DW3Y8wPCMyB/,,6897,179,,17
@riderspardubice,instagram,4d6a67ab-9313-4f77-a82e-abb18adbca5d,f49c9139-af7b-4d90-9d0e-ac1e493a8fd5,IG Post,IMAGE,3.3.2026 10:35:20,"Hlásíme důležitý zápas, bude se hrát o postup do play-off!🚨🗣️

Venkovní zápas
🗓️ 4.3. v 19:30
📍 ve Sportcentrum Lužánky
⚔️ proti @hc_muni 

#riders#venkovnízápas",https://www.instagram.com/p/DVa0b8GDOA7/,,1898,34,,1
@akademiciplzen,instagram,65494228-95bf-4f7b-8e68-d47d7262db66,08913132-cead-45c9-9bb4-6ad0e5ee106f,IG Reel,REEL,28.3.2026 19:29:15,"Beeřík už kluky prohání, aby byli na středu v top formě! ☝🏻
Proženeme takhle ve středu i @czufarmers? 👀🔥

📍 1. 4. | 19:00 | LOGSPEED CZ Aréna
🎟️ Lístky v biu nebo na akademiciplzen.enigoo.cz

#akademiciplzen 💙",https://www.instagram.com/reel/DWcISOUDC0t/,,7558,117,,23
vsefalcons,instagram,709fceba-e311-48e7-9057-f54a587abf4a,8b2f3ab9-8170-4482-a417-48fb2d6ac0d5,IG Story,VIDEO,6.3.2026 19:16:05,PŘED NÁMI 🥵 TĚĚŽKEJ TÝDEN,https://www.instagram.com/stories/vsefalcons/3847053781607448072,,912,,,1
vsefalcons,instagram,709fceba-e311-48e7-9057-f54a587abf4a,b9970df7-ad76-4f2b-88fe-8b6fef980e0a,IG Story,VIDEO,26.1.2026 17:56:46,,https://www.instagram.com/stories/vsefalcons/3818747617081874315,,877,,,2
@riderspardubice,instagram,4d6a67ab-9313-4f77-a82e-abb18adbca5d,d73fd257-7782-409d-ae90-f2ca60f932f7,IG Story,VIDEO,12.4.2026 11:20:42,HRA ZAČÍNÁ OSTŘE🔥 0:0,https://www.instagram.com/stories/riderspardubice/3873631985831024268,,1271,,,
vsefalcons,instagram,709fceba-e311-48e7-9057-f54a587abf4a,58057dd6-44ec-46c8-b43b-74fa247c0254,IG Story,IMAGE,2.3.2026 19:59:38,3 1,https://www.instagram.com/stories/vsefalcons/3844176590221636358,635,830,,,
@univerzitnihokej,instagram,1e114592-3529-4cfe-9977-2598454053af,bbaf04df-cf0a-49b3-888c-bed2639cc7f8,IG Story,VIDEO,8.4.2026 18:37:15,"RIDERS OTEVÍRAJÍ 
SKÓRE ZÁPASU 0:1 🚨",https://www.instagram.com/stories/univerzitnihokej/3870951827923578332,,760,,,
@akademiciplzen,instagram,65494228-95bf-4f7b-8e68-d47d7262db66,bbd16902-d900-4e7b-8e9d-65d25f76fcc9,IG Post,IMAGE,9.4.2026 20:36:47,"BRUSLENÍ S AKADEMIKY ⛸️

Dneska jsme si to s vámi užili na maximum. 💙Děkujeme, že jste dorazili! 

#akademiciplzen | 📸 @vpotocesevodatoci",https://www.instagram.com/p/DW7LA1LDGLV/,,14628,343,2,39
vsefalcons,instagram,709fceba-e311-48e7-9057-f54a587abf4a,e87c48d3-e87c-4056-94af-6acb766cf5ee,IG Story,VIDEO,8.4.2026 15:28:27,POV ⚽️ ⚽️ ⚽️,https://www.instagram.com/stories/vsefalcons/3870856804389376849,994,982,,,1
@akademiciplzen,instagram,65494228-95bf-4f7b-8e68-d47d7262db66,926855b3-b476-407e-b442-de9e318b5b70,IG Story,VIDEO,20.4.2026 12:57:37,"Jaké fotky mají kluci z letošní sezóny v albu „oblíbené“? 👀📸 👈🏻 Mrkni, co vybrali!",https://www.instagram.com/stories/akademiciplzen/3879478076774349196,,1090,,,
@vutcavaliersbrno,instagram,b384bebf-72f3-4f9d-8b2d-3677709f6966,e0013876-dcea-441a-97eb-2f14be39eb14,IG Post,IMAGE,14.3.2026 18:35:45,Tři srovnávací branky @jerabekdmnk + gól v prodloužení @riciorsech = důležité dva body do tabulky 🔥🔥🔥,https://www.instagram.com/p/DV4AWWJCDan/,,2834,89,2,5
@hc_muni,instagram,43cd62c8-609d-4ea6-8ce9-cae5242ede0c,f8a34b99-4eb5-42f0-9b85-36b7eb186a70,IG Reel,REEL,30.3.2026 12:21:09,"Špatné kudrliny = špatný den, špatný trénink... prostě katastrofa😩
Ještěže mám v kabině Flexi Hold gel od @garnier_czsk , který udělá dokonalé vlny a tenhle řetězec katastrof hned přeruší. Flexi Hold gel kudrliny okamžitě hydratuje, definuje a fixuje jejich tvar🔥🤯

#cistahlavacistahra #garnierczsk #garnierfructis #hcmuni",https://www.instagram.com/reel/DWgiRvvDIAo/,,7609,181,,36
@united_hk,instagram,b18c071b-0570-48b2-b743-990c668c3c5b,1f36719b-450f-44c4-a874-aad257edaf1b,IG Story,VIDEO,25.4.2026 15:21:20,RADOST S NIMA PRACOVAT,https://www.instagram.com/stories/united_hk/3883174274080972491,,676,,,2
@univerzitnihokej,facebook,01b45180-0b14-4a14-96e8-d0a4bab1fb9f,360add7d-3b55-4118-9a2c-3ac26cca703e,FB Post,IMAGE,2.4.2026 15:44:11,"Engineers už znají svého soupeře, na domácí půdě vyzvou Riders 🐴
Ve středu se rozhodne, kdo půjde do @unihokejfinalfour 👀",https://www.facebook.com/1275398168115026/posts/1276636007991242,136,,2,,
@vutcavaliersbrno,instagram,b384bebf-72f3-4f9d-8b2d-3677709f6966,a3fae808-dfff-436b-b2e2-a399d003461a,IG Reel,VIDEO,4.3.2026 20:33:58,"Spolupráce, kterou ocení nejen přítelkyně, ale taky spoluhráči v kabině 🛁 Čistá hlava, čistá hra 🧼 @garnier_czsk",https://www.instagram.com/reel/DVedw8miJsn/,,4924,88,,20
@riderspardubice,instagram,4d6a67ab-9313-4f77-a82e-abb18adbca5d,ed089515-b370-49fb-9568-e702035baa35,IG Story,VIDEO,17.4.2026 12:52:55,POSLEDNÍ PŘEDZÁPASOVÉ BAGO V TÉTO SEZÓNĚ🔥 ⚽️,https://www.instagram.com/stories/riderspardubice/3877301291634699117,,1249,,,6
@akademiciplzen,instagram,65494228-95bf-4f7b-8e68-d47d7262db66,14a54476-00dc-4fdf-a9ec-c99971a1cbd5,IG Post,IMAGE,4.3.2026 11:28:09,"Co na dnešní utkání říká kapitán týmu Jakub Šucha? 🎤

Buďte u důležitého utkání s námi a pomozte nám vyhrát! 
Otevíráme FANZÓNU už v 17:30. 🤹
Poslední lístky najdeš v biu a na plzenskabitva.cz, nebo nás sleduj v 18:50 na ČT sport! 📺

#akademiciplzen 💙",https://www.instagram.com/p/DVdfHJejO5I/,,5438,96,,
@cvutengineers,instagram,11963a07-7f0f-48e6-9d81-aa63a7ff4a04,2993079f-e97d-498a-bc64-d85b20313976,IG Story,VIDEO,15.4.2026 18:10:35,FIRST  TOUCHES 🧊 🧊,https://www.instagram.com/stories/cvutengineers/3876011833501193101,,1044,,,4
@riderspardubice,facebook,f99ed6c3-17cc-46f4-a32e-d9b0576ce2df,6c837029-93e4-4151-aa98-b33b526deeb2,FB Video,VIDEO,19.3.2026 14:28:16,"Co Muškys Danovi vzkázal? 

To se dozvíte už 23. března v enteria areně!
Vstupenky koupíš přes odkaz v BIU 🎟️",https://www.facebook.com/reel/1523901149079444/,357,82,,,
@boostrava,instagram,1176ddaf-d366-48a2-9639-3c6694c72c85,71c966f0-e2cb-46a3-b373-d5d199e0fc9c,IG Post,IMAGE,18.3.2026 12:53:01,"Koukni co o výjezdu do Prahy řekl útočník 
Jan Vašenka🎙️",https://www.instagram.com/p/DWBsFcOjHq0/,,1963,24,,
@united_hk,instagram,b18c071b-0570-48b2-b743-990c668c3c5b,a9825d49-70be-467f-a881-66f4ad58af67,IG Story,VIDEO,21.4.2026 14:20:13,Díky našim partnerům 😉,https://www.instagram.com/stories/united_hk/3880244395517694523,,622,,,
@hcmuni,facebook,d1f9e9f9-7526-42d4-85aa-13f91e89f7cf,11b2bbbf-29fb-49b2-8a5c-b4f1937f608c,FB Video,VIDEO,16.3.2026 11:53:10,"KDYŽ TO VEZMEŠ DO VLASTNÍCH RUKOU! 🤯🔥
@_novas_44_ v sobotním zápase naprosto ovládl led a vstřelil HATTRICK🚨🚨🚨

#hcmuni",https://www.facebook.com/reel/1566548107768577/,2571,1079,45,,
@univerzitnihokej,instagram,1e114592-3529-4cfe-9977-2598454053af,ab0b4f2a-528f-428c-9807-3680402dbc92,IG Story,VIDEO,17.4.2026 16:33:32,,https://www.instagram.com/stories/univerzitnihokej/3877412522848445882,,1574,,,
vsefalcons,instagram,709fceba-e311-48e7-9057-f54a587abf4a,cac2f858-b28b-4393-ac9e-2558115d2879,IG Story,VIDEO,3.2.2026 8:53:45,@martin_lev17,https://www.instagram.com/stories/vsefalcons/3824272471239700128,,952,,,1
@univerzitnihokej,instagram,1e114592-3529-4cfe-9977-2598454053af,2e4449b4-3a77-4160-a0f2-be298e8d7226,IG Reel,VIDEO,4.3.2026 19:03:48,"ZOTT nejhladovější hráč zápasu? @rihastepan 👀🚀

Na ledě byl při chuti, a nebyl sám.
Hlad měla dnes i tribuna, takže ZOTT HUNGRY putuje i mezi fanoušky! 🥛🔥
#zott #zotthungry #zotthungrydrinkthis",https://www.instagram.com/reel/DVeTU61iCVX/,,9643,211,1,13
@BOhokej,facebook,c9082543-a03b-490f-8f97-66d439acce89,5f539d50-d295-4fbf-aac1-2f2445ea0e37,FB Video,VIDEO,10.4.2026 12:38:49,"Final Four se blíží! Pokud nechceš chybět u největší akce Univerzitního hokeje, tak doraž do Edenu 16. a 17. dubna! 🔥

#finalfour #univerzitnihokej #ullh",https://www.facebook.com/reel/1785207762896678/,506,198,,,
@united_hk,tiktok,7e062517-b9da-416d-b73d-a2c5899a2be6,6c1431c4-34db-46b5-9e77-0eee8802970b,TT Video,VIDEO,25.3.2026 16:16:38,Založíš účet do konce března? Pak jsi ve hře o 100 000 Kč. 😏 A to není všechno: ⚡ rychlé a jednoduché založení online 💸 odměna 1 500 Kč za založení účtu 🍻 20 % cashback na drinky na UNIted HK afterparty Takže jestli účet ještě nemáš… možná je teď ideální čas. #unitedhk #unihokej #hokej @Univerzitní hokej 🏒 @ČSOB_CZ ,https://www.tiktok.com/@united_hk/video/7621227874628013334?utm_campaign=tt4d_open_api&utm_source=7348986504397455361,,932,42,,3
@riderspardubice,facebook,f99ed6c3-17cc-46f4-a32e-d9b0576ce2df,a1193b29-33bb-41b7-b0a9-77be3781ba7d,FB Post,IMAGE,9.3.2026 12:30:10,"Ready na dnešní zápas? 😎

Vstupenky koupíte přes odkaz v BIU!",https://www.facebook.com/1592662819534019/posts/1571787951621506,203,,3,,
@riderspardubice,instagram,4d6a67ab-9313-4f77-a82e-abb18adbca5d,c80518e0-ba7f-4098-8c79-9c2cfe471494,IG Story,VIDEO,15.4.2026 18:56:07,@enteria_holding,https://www.instagram.com/stories/riderspardubice/3876034727069398712,,490,,,2
@akademici_plzen,tiktok,8f78cb3d-9c53-4c33-9f39-e6526fd8fa1c,ca21a31e-27b7-492a-ac69-e507a4be3d68,TT Video,VIDEO,10.4.2026 13:06:05,Hra bez gólmana není pro slabé povahy. 🫣 #akademiciplzen #hockey #collegehockey #goalkeeper #goalies ,https://www.tiktok.com/@akademici_plzen/video/7627116131353922838?utm_campaign=tt4d_open_api&utm_source=7348986504397455361,,1198,99,,1
vsefalcons,instagram,709fceba-e311-48e7-9057-f54a587abf4a,d2b34e33-3022-4ffd-b3e7-251e859e5ce8,IG Story,VIDEO,10.2.2026 18:39:28,PLAYLIST SCHVALUJE @_lukas_novak_92_ 🎤,https://www.instagram.com/stories/vsefalcons/3829640718063280315,,984,,,1
@univerzitnihokej,facebook,01b45180-0b14-4a14-96e8-d0a4bab1fb9f,80c4e608-6d2b-411a-900b-26c390e59ff3,FB Post,IMAGE,12.3.2026 12:06:29,Stanou se vládcem Prahy znovu @ukkingsprague nebo tentokrát zvítězí @cvutengineers ? 💪🏼,https://www.facebook.com/1275398168115026/posts/1259460993042077,549,,,,
vsefalcons,instagram,709fceba-e311-48e7-9057-f54a587abf4a,9cc4c187-6cd2-459d-873d-cc84706bb03e,IG Story,IMAGE,31.3.2026 16:04:47,0 0,https://www.instagram.com/stories/vsefalcons/3865076860161919307,975,966,,,
@cvutengineers,instagram,11963a07-7f0f-48e6-9d81-aa63a7ff4a04,d7b87b53-c092-430c-8f18-3fac5e9f1e44,IG Story,VIDEO,8.4.2026 19:36:09,NAPĚTÍ BY SE DALO KRÁJET 🔪,https://www.instagram.com/stories/cvutengineers/3870981481686668153,,806,,,
@hc_muni,instagram,43cd62c8-609d-4ea6-8ce9-cae5242ede0c,ed18e31f-b4e2-4367-ae28-bf4ca7c37920,IG Post,IMAGE,16.3.2026 15:00:24,"Sobotní jízda ve snímcích ⚔️🔥 Jak jste si užili víkendový zápas vy? 🐻💙 

📸 @vavra_photo 

#hcnuni",https://www.instagram.com/p/DV8xb_7iFSa/,,8649,172,1,13
vsefalcons,instagram,709fceba-e311-48e7-9057-f54a587abf4a,5005ea98-2138-4709-9471-862de72a26ee,IG Story,IMAGE,10.3.2026 19:41:33,"2 0 Fibigr
Hrouda",https://www.instagram.com/stories/vsefalcons/3849965701981322724,804,801,,,1
vsefalcons,instagram,709fceba-e311-48e7-9057-f54a587abf4a,64635736-b8a7-427a-be0d-3961c8e30b93,IG Post,IMAGE,26.1.2026 19:40:43,"Výhra byla blízko, ale nakonec si z pohádkové Hluboké odvážíme pouze bod 👆🏼",https://www.instagram.com/p/DT_GkRuiAAS/,,2111,43,,2
@AkademiciPlzen,facebook,d87b94e3-03e8-45d0-b92e-75e9b819545c,d34e8dcd-ec63-48c6-aacc-a10b2a2cb828,FB Video,VIDEO,2.3.2026 14:46:07,"UŽ JEN 2 DNY! ⏳ Neříkejte nám, že ještě nemáte lístek. 🤫 Poslední šance to napravit je PRÁVĚ TEĎ! 

Nechceme slyšet žádné výmluvy, chceme vás slyšet na tribunách! 😉💙 

🎟️ Lístky v biu.

#akademiciplzen #jarnibitva",https://www.facebook.com/reel/980556995145884/,450,127,2,,
vsefalcons,instagram,709fceba-e311-48e7-9057-f54a587abf4a,8d248b4a-b7bc-4225-a251-dc290db06355,IG Story,IMAGE,13.3.2026 16:20:10,,https://www.instagram.com/stories/vsefalcons/3852038645758861694,886,817,,,2
@218107044725785,facebook,7a942e3e-6c47-4794-9ba7-bbc7b6d40cb3,b39c4b3a-52f3-4c76-bf6e-f1e0071b92f7,FB Post,IMAGE,9.4.2026 13:24:04,"Ten moment, kdy si uvědomíš, že to nebyl jen sen.
PLAY-IN ✅ a teď míříme do @unihokejfinalfour bojovat o titul 🏆

Vstupenky na finalfour.cz 🎟️ Využij náš promo kód na 15% slevu “VSEFANS” 🤑",https://www.facebook.com/122282816036218300/posts/122283188738218300,736,,24,,
@akademiciplzen,instagram,65494228-95bf-4f7b-8e68-d47d7262db66,f736ec29-a5dd-40b3-88e3-d7a490091065,IG Post,IMAGE,6.3.2026 15:09:56,"Podrž tečky, potáhni doprava a uvidíš parádní střelu @v_reitspies10 🔥🎯

📸 @_.hrubytomas._ 

#akademiciplzen #jarnibitva",https://www.instagram.com/p/DVjClGiDNcx/,,7715,177,4,10
@univerzitnihokej,facebook,01b45180-0b14-4a14-96e8-d0a4bab1fb9f,42feec42-7bb2-4dfe-aa40-5fd1c65494bc,FB Post,IMAGE,6.4.2026 17:36:51,"Sezónu VUT letos ukončily až samostatné nájezdy proti Black Dogs v semifinále play-in.

Dvakrát ovládli brněnský Hokejový souboj univerzit a zanechali za sebou silnou stopu. Právě tyhle momenty zůstávají! 🫂",https://www.facebook.com/1275398168115026/posts/1279863977668445,968,,4,,
vsefalcons,instagram,709fceba-e311-48e7-9057-f54a587abf4a,ce9c2fe3-b4b6-4dec-ba92-f778d29f25ba,IG Post,PHOTO,10.3.2026 22:21:20,"Absolutní kino 😶‍🌫️ v zápase jsme šli několikrát do vedení, ale soupeř dorovnával a v nájezdech byl úspěšnější 💔

Teď už se na vás těšíme ve čtvrtek na @bitvaoprahu 🫵🏼",https://www.instagram.com/p/DVuHIRYiEOE/,,2950,61,,4
@hcnorthwings,facebook,2b08a479-603b-46e4-8a48-2bc0435ccd53,f248d753-5fb2-4f68-923d-e1aff3c5cd38,FB Story,VIDEO,4.3.2026 8:35:48,,,,,,,
@univerzitnihokej,instagram,1e114592-3529-4cfe-9977-2598454053af,0e5eb2a6-59c8-42fa-9aeb-47728d30ffe5,IG Story,VIDEO,8.4.2026 18:55:57,0 4,https://www.instagram.com/stories/univerzitnihokej/3870961217074379060,,735,,,1
vsefalcons,instagram,709fceba-e311-48e7-9057-f54a587abf4a,5294d037-f680-4ca2-a6c3-2c0c27ad3186,IG Reel,VIDEO,15.1.2026 16:02:22,🗒️to do list: získat si děti ✔️,https://www.instagram.com/reel/DTiYxPgiObb/,,4860,71,,41
@cvutengineers,instagram,11963a07-7f0f-48e6-9d81-aa63a7ff4a04,bb85b8de-5960-4c55-839a-9e905b950835,IG Story,VIDEO,1.4.2026 18:59:45,ZA CHVÍLI SE DOZVÍME SOUPEŘE 🎫,https://www.instagram.com/stories/cvutengineers/3865889706739543459,,987,,,6
vsefalcons,instagram,709fceba-e311-48e7-9057-f54a587abf4a,e84e26fb-33c4-46e5-ba11-6cea051c2970,IG Story,VIDEO,12.3.2026 15:33:13,@one__timer 🤔,https://www.instagram.com/stories/vsefalcons/3851290258663030053,1472,1442,,,1
@boostrava,instagram,1176ddaf-d366-48a2-9639-3c6694c72c85,f5ced92d-0bb6-4b00-a2c6-66c58ae999d2,IG Post,IMAGE,17.4.2026 8:02:24,"Sezónu 25/26 máme za sebou🔥
Velké poděkování patří našemu generálnímu partnerovi @vitkovice.steel a všem ostatním za podporu, důvěru a spolupráci. Vážíme si toho, že jste součástí naší cesty! 
DĚKUJEME🧡",https://www.instagram.com/p/DXObCd2jCgS/,,3633,104,,4
vsefalcons,instagram,709fceba-e311-48e7-9057-f54a587abf4a,15cba61f-a2bc-4968-b063-34056e5d80da,IG Post,IMAGE,1.4.2026 6:15:28,"Ranní trénink nedopadl úplně podle našich představ 🤕

Někdo si vybral nejhorší možné načasování a přes noc nám byla vyloupena šatna s veškerou výstrojí. Budeme rádi když příspěvek sdílíte, ať se to dostane mezi nejvíc lidí. 

Děkujeme, tým VŠE Falcons 🦅",https://www.instagram.com/p/DWlEYDwCDA6/,,12519,219,2,201
@BOhokej,facebook,c9082543-a03b-490f-8f97-66d439acce89,1e0bc462-4e0b-4af3-920c-6eaef3c6c4ad,FB Post,IMAGE,16.3.2026 20:04:53,"Nenechte si ujít zápas s Pardubicemi! 🍀

Ke vstupence vás čeká pivko a zelená zdarma! 🍻
Vstupenky najdeš v biu 🎫

#hockey #ostrava #stpatricksday2026",https://www.facebook.com/1477974067675582/posts/1464348045704851,233,,,,
@AkademiciPlzen,facebook,d87b94e3-03e8-45d0-b92e-75e9b819545c,2fca534f-ac77-4942-bbab-a76906c94ec7,FB Post,IMAGE,3.3.2026 12:22:28,"SPĚCHEJ, abys stihnul 3. vlnu lístků! ⏳
Dnes za 250,- , zítra už za 300,- 🥶

Odkaz na vstupenky najdeš v biu nebo na plzenskabitva.cz",https://www.facebook.com/1357105236437494/posts/1333747992106552,331,,,,
@engineersprague,facebook,afd06d1d-7b1c-4f66-8d93-ce4255ab773c,94502aec-b05f-490b-8f8a-74103ef105dd,FB Story,IMAGE,4.3.2026 20:40:06,,,,,,,
vsefalcons,instagram,709fceba-e311-48e7-9057-f54a587abf4a,d537e7ec-306a-4ddd-82f0-ce5aa03f530d,IG Story,VIDEO,13.1.2026 17:32:47,💪🏼 ÚTERÝ jak má být,https://www.instagram.com/stories/vsefalcons/3809313435171697426,,1203,,,1
@akademiciplzen,instagram,65494228-95bf-4f7b-8e68-d47d7262db66,e427f591-a07e-498d-86fb-ee6be87ed2c0,IG Reel,VIDEO,3.3.2026 20:09:24,"Chceš se napít za free na after? 🍹 Zítra máš ideální šanci!

— Doraž zítra v 17:30 do fanzóny, 
— ohákni se do modrobílého,
— dones ten největší transparent, co zvládneš vyrobit! 🏒

Doraž udělat kotel, vidíme se tam! 💙

#akademiciplzen #jarnibitva",https://www.instagram.com/reel/DVb2FaNjGHn/,,11000,148,,37
vsefalcons,instagram,709fceba-e311-48e7-9057-f54a587abf4a,2f5bdc45-1acf-4701-9ec7-66a973cf13cb,IG Story,VIDEO,13.3.2026 16:19:44,,https://www.instagram.com/stories/vsefalcons/3852038424047974241,911,915,,,1
@univerzitnihokej,instagram,1e114592-3529-4cfe-9977-2598454053af,85d7089b-a30e-4e95-8588-e36d20501c49,IG Story,VIDEO,17.4.2026 8:48:58,,https://www.instagram.com/stories/univerzitnihokej/3877178542651889102,,2150,,,
@riderspardubice,instagram,4d6a67ab-9313-4f77-a82e-abb18adbca5d,4d2d54b3-8d5d-469d-ab8c-528a7f73b95f,IG Post,IMAGE,15.3.2026 20:00:00,"Po posledním domácím zápase této sezony nás čeká afterparty v @dydybaba! 🤩🪩

Tak doražte na zápas a pak se všichni potkáme v Dýdý!",https://www.instagram.com/p/DV6vAhJjOV0/,,5287,96,2,53
vsefalcons,instagram,709fceba-e311-48e7-9057-f54a587abf4a,05c11520-2fc0-4a67-b8a5-1b234cb6c7a2,IG Post,CAROUSEL_ALBUM,2.3.2026 11:14:01,"Dobrej hokej a pivko k tomu? 😏

Už zítra prvních sto z vás dostane plechovku Proudu zadáčo! 🍻 Tak vem kámoše a doraž podpořit naše kluky v důležitém zápase 💙

Vstupenky k dostání na profilu 🎟️",https://www.instagram.com/p/DVYUZwpiAWi/,,5927,53,,17
@univerzitnihokej,instagram,1e114592-3529-4cfe-9977-2598454053af,a5206d77-fb52-4253-a843-d91991ec4cb6,IG Reel,VIDEO,12.3.2026 15:20:36,My jsme ready 👀 a co vy?,https://www.instagram.com/reel/DVygcboCMie/,,7205,149,,8
@VUTCavaliersBrno,facebook,3351b43e-4b71-442b-b2f1-920cd6e57ee5,f782c4db-dd54-4be3-95d9-b93047fa5184,FB Video,VIDEO,31.3.2026 20:59:25,"Základní část je za námi 👈 
A tak jsme si dali s @kfc_cz a jejich fanouškovským menu malé opáčko 🤓
Komu se dařilo nejlépe? @_totti_71 @m_.cernak @vojtechkleofas 🏒",https://www.facebook.com/reel/1646384553212439/,516,172,5,,
@hc_muni,instagram,43cd62c8-609d-4ea6-8ce9-cae5242ede0c,36407e0c-767d-43d9-baa8-8fec2b332aed,IG Reel,VIDEO,15.4.2026 15:51:00,"DÍKY VÁM máme úžasných 42 200Kč pro Honzíka ❤️ Peníze využije na jeho rehabilitace a důležité pomůcky

Kdo by chtěl ještě přispět, odkaz na transparentní účet najdete u nás v biu👆🏻",https://www.instagram.com/reel/DXKGaiwjM2y/,,3806,94,,8
@boostrava,instagram,1176ddaf-d366-48a2-9639-3c6694c72c85,5200a953-395c-49ea-ab4c-8faa41412a00,IG Reel,REEL,26.3.2026 20:22:54,"Nejhladovější @pastak22 🧨

#zott #zotthungry #zotthungrydrinkthis",https://www.instagram.com/reel/DWXGINljM9e/,,2162,42,,3
@unitedhk,facebook,bfe6cc29-a387-41b9-9bca-b077722556af,87573d60-6ea2-42da-a5e2-aba4611bbe81,FB Post,IMAGE,23.4.2026 8:05:52,"Děkujeme MarketingPPC za podporu v sezoně 2025/26.

Digitální agentura, která pomáhá firmám růst díky chytrým online kampaním a práci s daty.

Díky, že stojíte za UNIted HK. 🖤🧡",https://www.facebook.com/122180651084388974/posts/122182204358388974,110,,,,
@boostrava,instagram,1176ddaf-d366-48a2-9639-3c6694c72c85,cb1102b0-f8f0-4bc3-890d-9932028b3d82,IG Reel,REEL,31.3.2026 16:04:10,"19:30🔥RT TORAX ARENA PORUBA 
@boostrava x @riderspardubice",https://www.instagram.com/reel/DWjgeemDFsx/,,9994,238,,97
@bitvaoprahu,facebook,75e0f41f-82be-4f82-a77b-82ac11135ed2,07e9ba7e-71be-4916-8c5b-a1c307efcf29,FB Post,IMAGE,13.3.2026 12:52:47,"🏆🏆 Královské ráno! Žijete všichni? 😀

📸 @vratapolivka_photo , @matyasklapa , @radekkasik1",https://www.facebook.com/1441262177797849/posts/1420877723169628,358,,2,,
@united_hk,instagram,b18c071b-0570-48b2-b743-990c668c3c5b,8e1cbb43-5084-4dac-86c0-5f9b63bd4d76,IG Story,IMAGE,24.4.2026 8:38:07,,https://www.instagram.com/stories/united_hk/3882246694037393970,,444,,,
@united_hk,instagram,b18c071b-0570-48b2-b743-990c668c3c5b,5314c2a0-526c-43b5-8f84-3df8af3c2fb1,IG Story,VIDEO,28.4.2026 6:29:40,,https://www.instagram.com/stories/united_hk/3885079689983190557,,625,,,
@unitedhk,facebook,bfe6cc29-a387-41b9-9bca-b077722556af,c3a71ad5-1c2a-429c-9e3e-f124b0d0ba65,FB Video,VIDEO,17.3.2026 18:29:56,"🍕 Pizza Panda na derby

Trička ve vzduchu.
Vouchery pro fanoušky.
A zase o něco lepší atmosféra v hale.

Díky partnerovi Pizza Panda, který podpořil Východočeské derby univerzit a postaral se o tenhle moment přímo v hledišti.

Mrkni na video.

🖤🧡❤️",https://www.facebook.com/reel/2145050326257329/,1180,372,4,,
vsefalcons,instagram,709fceba-e311-48e7-9057-f54a587abf4a,0aa1ae49-be7a-48d7-b56f-9c49703dcfda,IG Story,IMAGE,1.4.2026 6:19:02,budeme rádi za sdílení 🙏🏼,https://www.instagram.com/stories/vsefalcons/3865506819615503417,1023,1557,,2,
@hc_muni,instagram,43cd62c8-609d-4ea6-8ce9-cae5242ede0c,0f7c7e41-5f03-45e4-adb1-842ca8447d3c,IG Post,IMAGE,4.3.2026 21:24:37,"Pátá sice odbila, ani tak to ale nestačilo ⚔️",https://www.instagram.com/p/DVej3p-iAip/,,3139,54,,7
@akademiciplzen,instagram,65494228-95bf-4f7b-8e68-d47d7262db66,47d90576-8103-4d7d-9174-4b855dc255f0,IG Story,VIDEO,31.3.2026 11:43:43,,https://www.instagram.com/stories/akademiciplzen/3864945456166377445,,1369,,,
vsefalcons,instagram,709fceba-e311-48e7-9057-f54a587abf4a,9ffc17a3-9740-4933-b75e-85c7e01f8727,IG Story,VIDEO,3.3.2026 18:44:20,@_lukas_novak_92_ 🤹🏽,https://www.instagram.com/stories/vsefalcons/3844863469946416385,973,1346,,,2
@bitvaoprahu,instagram,d7c8aa06-74fb-4c6c-a7d2-c2fe1bf6d59c,43085ce7-166a-4f39-a656-c4cd5033afd2,IG Story,VIDEO,10.4.2026 14:50:35,,https://www.instagram.com/stories/bitvaoprahu/3872287265737416311,,949,,,1
@AkademiciPlzen,facebook,d87b94e3-03e8-45d0-b92e-75e9b819545c,7b73b012-83ab-4d9c-ab19-de4b72f5ec54,FB Post,IMAGE,6.3.2026 15:10:04,"Podrž tečky, potáhni doprava a uvidíš parádní střelu @v_reitspies10 🔥🎯

#akademiciplzen #jarnibitva",https://www.facebook.com/1357105236437494/posts/1336119718536046,973,,4,,
univerzitnihokej,tiktok,01c88cf9-594f-408e-a45a-95114221acae,f12879fd-c3a5-40ec-94f9-f01d3f363144,TT Video,VIDEO,16.4.2026 20:55:49,Diamantový meč v ruce = parádní gól v přesilovce! 🗡️,https://www.tiktok.com/@univerzitnihokej/video/7629463703049473302?utm_campaign=tt4d_open_api&utm_source=7348986504397455361,,1396,52,1,1
@univerzitnihokej,facebook,01b45180-0b14-4a14-96e8-d0a4bab1fb9f,5066068d-2b10-4f52-8fda-ff2051b973c3,FB Video,VIDEO,21.4.2026 16:00:19,"Co se stane ve sprchách…
zůstane ve sprchách 😏🚿",https://www.facebook.com/reel/2073754913555967/,1911,780,3,,
@riderspardubice,instagram,4d6a67ab-9313-4f77-a82e-abb18adbca5d,fe2dd3f0-df5c-433c-a924-f54146b0a093,IG Post,IMAGE,8.4.2026 7:30:15,"V dnešním zápase se rozhodne, jestli postoupíme do @unihokejfinalfour !🤩🤩 Buď u toho s námi! 

 Finále Play-in
🗓️ 8.4. v 19:30
📍 v ZS Hvězda
⚔️ proti @cvutengineers 

#fináleplayin#riders",https://www.instagram.com/p/DW3MFuQjJ_z/,,2942,42,,6
@218107044725785,facebook,7a942e3e-6c47-4794-9ba7-bbc7b6d40cb3,4a30ccb9-a9fd-4006-911d-25e1f28872fc,FB Post,PHOTO,31.3.2026 8:42:12,Jdeme do boje ⚔️ DNES JDE O VŠECHNO! 😤,https://www.facebook.com/122282816036218300/posts/122281593890218300,382,,10,,
@engineersprague,facebook,afd06d1d-7b1c-4f66-8d93-ce4255ab773c,e226e9c8-b0eb-4efb-b000-55de2348ffb6,FB Story,VIDEO,4.3.2026 21:57:09,,,,,,,
@hcnorthwings,facebook,2b08a479-603b-46e4-8a48-2bc0435ccd53,80f7dc34-3d7d-4e02-80bf-a568770069a3,FB Story,IMAGE,18.3.2026 17:28:14,,,,,,,
@riderspardubice,instagram,4d6a67ab-9313-4f77-a82e-abb18adbca5d,b2d4eef4-328b-4156-b99c-10ed9a675a99,IG Story,VIDEO,15.4.2026 18:38:27,,https://www.instagram.com/stories/riderspardubice/3876025857240497164,,725,,,8
@engineersprague,facebook,afd06d1d-7b1c-4f66-8d93-ce4255ab773c,db4b503a-86e8-40cf-95cc-a24bcc35a04b,FB Story,VIDEO,4.3.2026 20:25:59,,,,,,,
@cvutengineers,instagram,11963a07-7f0f-48e6-9d81-aa63a7ff4a04,99300927-9a89-49d8-8542-fcfd96aac5f4,IG Post,IMAGE,22.3.2026 18:37:19,"Ke konci sezóny se nám nějak rozrostla marodka🤕

Tyhle kluky už do konce sezóny na ledě nejspíš neuvidíte… ale jako support na zápasech nechybí. Ruce a nohy jim teď možná nefungujou ale pořád maj srdce lva 🦁

Btw jestli máte někdo nějakou kouzelnou uzdravovací hůlku tak napište do dm. Využijem 🪄

Kluci posíláme sílu ať se všechno zahojí a vratíte se silnější!✊🏼",https://www.instagram.com/p/DWMnCBijEjS/,,10356,261,,32
@bitvaoprahu,facebook,75e0f41f-82be-4f82-a77b-82ac11135ed2,e7d48912-6065-408f-82b5-89683f606821,FB Video,VIDEO,12.3.2026 17:37:36,📣 GÓL POHLEDEM SPEAKERA 👁️,https://www.facebook.com/reel/1200742478544086/,831,396,4,,
vsefalcons,instagram,709fceba-e311-48e7-9057-f54a587abf4a,45c2d0d5-e1c1-47b6-ab77-a427dbdda696,IG Story,VIDEO,16.4.2026 17:50:38,šlápnem na to!,https://www.instagram.com/stories/vsefalcons/3876726387545516346,1036,911,,2,
@riderspardubice,instagram,4d6a67ab-9313-4f77-a82e-abb18adbca5d,cf39beb8-189f-4ada-bdf6-b034442711f7,IG Story,VIDEO,1.4.2026 10:37:48,,https://www.instagram.com/stories/riderspardubice/3865637053811930942,,668,,,1
@VUTCavaliersBrno,facebook,3351b43e-4b71-442b-b2f1-920cd6e57ee5,03990bea-5451-400f-afec-7e5f7946a7ea,FB Video,VIDEO,17.3.2026 11:40:31,Únik @riciorsech v prodloužení a bod navíc zůstává doma 🙌,https://www.facebook.com/reel/825713333124540/,1993,931,6,,
vsefalcons,instagram,709fceba-e311-48e7-9057-f54a587abf4a,1f0055a0-3993-4850-ae10-e42a4bf416ea,IG Story,VIDEO,15.2.2026 11:40:16,do úterý můžeš využít naši výhodnou nabídku 🙂‍↕️,https://www.instagram.com/stories/vsefalcons/3833053591485587723,606,606,,,
@cvutengineers,instagram,11963a07-7f0f-48e6-9d81-aa63a7ff4a04,762e767c-034c-4f8f-ad60-f788983a090d,IG Story,VIDEO,12.4.2026 14:59:06,👀,https://www.instagram.com/stories/cvutengineers/3873741111496043337,,911,,,
@hc_muni,instagram,43cd62c8-609d-4ea6-8ce9-cae5242ede0c,2801bcbe-f5c5-4acb-b4ca-bd666fe3028b,IG Story,VIDEO,13.4.2026 14:24:45,🤩,https://www.instagram.com/stories/hc_muni/3874448733740230388,,522,,,
@akademiciplzen,instagram,65494228-95bf-4f7b-8e68-d47d7262db66,60f152f1-9389-497f-85b8-366cb18ccdf4,IG Story,VIDEO,2.4.2026 15:21:58,,https://www.instagram.com/stories/akademiciplzen/3866504861257094738,,1302,,,
@univerzitnihokej,instagram,1e114592-3529-4cfe-9977-2598454053af,8f37e368-ee52-42b9-99b0-b578555f0733,IG Post,IMAGE,1.4.2026 19:24:47,"O největší drama se postarali Black Dogs, kteří porážejí Cavaliers až na samostatné nájezdy 😮‍💨",https://www.instagram.com/p/DWmcChYCLHE/,,5802,156,,16
@218107044725785,facebook,7a942e3e-6c47-4794-9ba7-bbc7b6d40cb3,f6d92047-3923-4432-9ff3-c3cd66b6f7fb,FB Post,IMAGE,16.4.2026 8:24:46,"Jdeme psát historii. Dnes se rozhodne, jestli zítra budeme hrát o titul 🏆

Nejdůležitější dva dny sezóny. Pojďte si je užít s námi. Těšíme se na vás ❤️‍🔥",https://www.facebook.com/122282816036218300/posts/122284289828218300,511,,16,,
@bitvaoprahu,instagram,d7c8aa06-74fb-4c6c-a7d2-c2fe1bf6d59c,028629a4-0130-4869-b5d2-4b4533c2a3ae,IG Story,VIDEO,10.4.2026 14:52:29,📍,https://www.instagram.com/stories/bitvaoprahu/3872288221753529075,,868,,,
vsefalcons,instagram,709fceba-e311-48e7-9057-f54a587abf4a,b1d9cd5a-1801-468f-a7e6-fb70abaac2ac,IG Story,VIDEO,3.3.2026 21:29:20,HRÁČI ZAPÁSU @mosteckamontazni 🚀,https://www.instagram.com/stories/vsefalcons/3844946532642634747,922,1225,,,8
vsefalcons,instagram,709fceba-e311-48e7-9057-f54a587abf4a,bfc14dfa-22da-44a0-a929-7d5b49a3cbc6,IG Story,VIDEO,10.2.2026 23:25:02,"RADEK
BEDNÁŘ 🎙️ @riderspardubice",https://www.instagram.com/stories/vsefalcons/3829784482018807271,1256,1256,,1,9
@cvutengineers,instagram,11963a07-7f0f-48e6-9d81-aa63a7ff4a04,926227ac-fdcd-4f6a-a991-d4e31f83aec1,IG Story,VIDEO,17.4.2026 13:04:12,@engineerskotel  CO JE VÍC?🥹,https://www.instagram.com/stories/cvutengineers/3877306890023910913,,1958,,,2
@riderspardubice,facebook,f99ed6c3-17cc-46f4-a32e-d9b0576ce2df,efe586de-8674-4da9-9748-472844412d48,FB Post,IMAGE,14.4.2026 16:38:57,"Název jakeho stavebniho holdingu nese pardubicka hokejova arena? 🧡

Označ holding do komentáře a my ze správných odpovědí zítra večer vylosujeme výherce dvou vstupenek na @unihokejfinalfour! 🙌",https://www.facebook.com/1592662819534019/posts/1604601128340188,486,,1,,
@bitvaoprahu,facebook,75e0f41f-82be-4f82-a77b-82ac11135ed2,27361ceb-e827-45c6-b843-f53a15a44a2a,FB Video,VIDEO,12.3.2026 20:09:25,❤️‍🔥 HALFTIME SHOW s @gufrau_official ft. @metrostav.cz 🤪,https://www.facebook.com/reel/1484832016321018/,162,43,3,,
@AkademiciPlzen,facebook,d87b94e3-03e8-45d0-b92e-75e9b819545c,06b0311a-1c8e-4331-b255-07c67ceb2812,FB Video,VIDEO,23.4.2026 8:38:42,"Běžíme pro ty, kteří nemohou! ⚡️

🗓️ 10. května ve 13:00 startuje Wings for Life World Run v Plzni! 

Můžeš se těšit na:
•  unikátní běh, kdy tě dohání catcher car 🏎️
•  hudbu, chill zónu u @pivstro_bolevak a drinky od @redbullcz ☀️⛱️
•  atmosféru, která tě nabije energií! 🔋

100 % tvého startovného jde na výzkum poranění míchy, tak poběž s námi a podpoř dobrou věc!

Registrace na: 
🔗https://www.wingsforlifeworldrun.com/cs

Nezáleží na tom, jestli uběhneš kilometr nebo maraton, v tomhle závodě vítězí každý, kdo se zapojí! 🏅",https://www.facebook.com/reel/1486747466430554/,1560,556,7,,
@akademiciplzen,instagram,65494228-95bf-4f7b-8e68-d47d7262db66,0a75bd19-675c-4ee4-8a75-42c9718bca35,IG Story,VIDEO,1.4.2026 18:08:15,UŽ VÁS SLYŠÍME 😍 UŽ VÁS SLYŠÍME,https://www.instagram.com/stories/akademiciplzen/3865863811836438513,,1177,,,1
@riderspardubice,facebook,f99ed6c3-17cc-46f4-a32e-d9b0576ce2df,ea40eb5e-d777-43ae-baa5-f52d9402f096,FB Video,VIDEO,12.4.2026 18:01:29,Rozhodující gól od @beny_m15 🥅🏒,https://www.facebook.com/reel/911495135226880/,2777,1286,25,,
vsefalcons,instagram,709fceba-e311-48e7-9057-f54a587abf4a,93a78dc3-8142-493f-8840-9b10e8b1ee8c,IG Post,IMAGE,12.2.2026 15:33:19,"Nový semestr, nový vítr do plachet. ⛵️
První akce semestru, olympiáda, krasobruslařské vystoupení, soutěž a nakonec pořádná afterparty. 🥳 To všechno tě čeká už v úterý od 19:45.

Lístek koupíš u nás na profilu, těšíme se na vás. 🎟️",https://www.instagram.com/p/DUqaCLeiCqQ/,,10514,61,,25
@riderspardubice,instagram,4d6a67ab-9313-4f77-a82e-abb18adbca5d,5c448cfc-6a4d-4d5a-9ef6-44b4d282c7c3,IG Story,VIDEO,9.4.2026 8:21:05,VIDÍME SE NA  LUCKY LOSER GAME 🍀,https://www.instagram.com/stories/riderspardubice/3871366515337757226,,882,,,3
vsefalcons,instagram,709fceba-e311-48e7-9057-f54a587abf4a,fd933044-1f38-43ee-ba93-6314a0ed7eb9,IG Story,VIDEO,12.3.2026 15:17:34,POCHOD DORAZIL 🔥 🔥,https://www.instagram.com/stories/vsefalcons/3851282387296605632,1527,1376,,,
@univerzitnihokej,instagram,1e114592-3529-4cfe-9977-2598454053af,5f8cdbf7-7cb8-4f58-ab40-a89962631455,IG Story,VIDEO,17.4.2026 16:34:16,🥹,https://www.instagram.com/stories/univerzitnihokej/3877412764129990089,,1672,,,2
@riderspardubice,instagram,4d6a67ab-9313-4f77-a82e-abb18adbca5d,7e5c90ed-00b9-47ed-9a94-a465f6b4dfe5,IG Story,VIDEO,6.4.2026 19:27:16,"V ÚTERÝ @hcpce, VE STŘEDU MY!
HOCKEYTOWN 🔥",https://www.instagram.com/stories/riderspardubice/3869527459272685197,,382,,,
@vutcavaliersbrno,instagram,b384bebf-72f3-4f9d-8b2d-3677709f6966,d23e5ea1-b4b2-4e85-a295-ddb644f74037,IG Story,VIDEO,14.4.2026 13:17:58,zeptali jsme se hráčů na jejich oblíbenou fotku sezony🔥,https://www.instagram.com/stories/vutcavaliersbrno/3875139756967378337,,499,,,
@cvutengineers,instagram,11963a07-7f0f-48e6-9d81-aa63a7ff4a04,ceb30738-6d9a-4032-bc33-92ab16a8ac6f,IG Story,VIDEO,8.4.2026 17:12:11,👀 👀,https://www.instagram.com/stories/cvutengineers/3870909020202877815,,1031,,,1
@riderspardubice,facebook,f99ed6c3-17cc-46f4-a32e-d9b0576ce2df,4b3a33e3-f831-4d8e-a3b0-73fe3b21cec7,FB Video,VIDEO,16.4.2026 14:34:43,,https://www.facebook.com/reel/952393037372708/,775,245,10,,
@bitvaoprahu,instagram,d7c8aa06-74fb-4c6c-a7d2-c2fe1bf6d59c,73db16a7-1d4e-43d8-8332-afbbcfb48753,IG Post,IMAGE,9.3.2026 8:36:10,"Jídlo a pití zdarma po celou dobu akce, ten nejlepší výhled a afterparty jako bonus? 🫨 To všechno může být ve čtvrtek tvoje, stačí se zapojit do soutěže!

PODMÍNKY:
1) označ do komentáře kámoše, kterýho chceš jako svýho VIP parťáka 🤝🏼
2) sleduj profil @bitvaoprahu 👈🏼

Soutěž probíhá do středy 10:00. Hodně štěstí! 🍀",https://www.instagram.com/p/DVqBtpxjKsE/,,21866,366,332,44
vsefalcons,instagram,709fceba-e311-48e7-9057-f54a587abf4a,06d62636-c6f5-4471-8df9-d3f481001659,IG Story,VIDEO,17.2.2026 19:49:43,1. TŘETINA,https://www.instagram.com/stories/vsefalcons/3834749490217671686,619,754,,,
@univerzitnihokej,instagram,1e114592-3529-4cfe-9977-2598454053af,3fa5a6e2-557d-49dd-8719-19d244398281,IG Post,IMAGE,8.3.2026 17:25:28,"Fuha, to byl týden 😮‍💨 Pro některé týmy obzvlášť ziskový, Engineers a Black Dogs si připsali rovnou 6 bodů. 🙌🏼",https://www.instagram.com/p/DVobrh1iOvT/,,3051,69,,2
vsefalcons,instagram,709fceba-e311-48e7-9057-f54a587abf4a,788582a2-c948-40d2-af6a-b245ebbe3555,IG Story,VIDEO,21.4.2026 18:25:21,ZÍTRA SE VIDÍME NA JAROVĚ! 👋🏼,https://www.instagram.com/stories/vsefalcons/3880367777160668977,858,656,,,3
@univerzitnihokej,instagram,1e114592-3529-4cfe-9977-2598454053af,050a51df-b637-47c1-8fd0-283276a38840,IG Reel,VIDEO,6.3.2026 19:24:30,"Final Four sem, Final Four tam…
Ale kdo ho vlastně bude hrát? 🤔 Ondra vám hezky ve videu ukáže, jak se týmy dostanou mezi nejlepší čtyřku. 👆🏻
🗓️16.-17. duben | 🏟️ Zimní stadion Eden",https://www.instagram.com/reel/DVjfY8OiCYM/,,16131,364,2,106
vsefalcons,instagram,709fceba-e311-48e7-9057-f54a587abf4a,16158a66-d82c-4521-b50f-a9a7f0c879e6,IG Story,IMAGE,13.3.2026 16:53:02,,https://www.instagram.com/stories/vsefalcons/3852055182590925042,852,872,,,5
@vutcavaliersbrno,instagram,b384bebf-72f3-4f9d-8b2d-3677709f6966,6edab800-dfd5-4751-bc20-3c41f7c50f36,IG Post,IMAGE,5.3.2026 10:44:54,"Fotoreport ze včerejšího utkání proti @boostrava 🏒👊🏽

📸 @vladisek

#unihokej #vutbrno #vutcavaliersbrno #boostrava",https://www.instagram.com/p/DVf_dDsiOe5/,,3173,92,1,5
@bitvaoprahu,instagram,d7c8aa06-74fb-4c6c-a7d2-c2fe1bf6d59c,bdc2be10-5a9d-442f-8184-6eae5478d113,IG Reel,VIDEO,9.3.2026 17:02:01,"I tuhle písničku si společně zazpíváme už ve čtvrtek! 🗣️

Lístky na bitvaoprahu.cz 🎟️",https://www.instagram.com/reel/DVq9pqkiF3-/,,75572,2474,11,478
@cvutengineers,instagram,11963a07-7f0f-48e6-9d81-aa63a7ff4a04,d073f8b2-8845-4f6c-acbb-a04bf341fc81,IG Post,IMAGE,16.4.2026 21:23:04,"1/2 To nejdůležitější nás ještě čeká ✨

17.4. 
Zimní stadion Eden 
ENG vs. UK
Finále ULLH",https://www.instagram.com/p/DXNRunBDJKx/,,2141,104,,1
@cvutengineers,instagram,11963a07-7f0f-48e6-9d81-aa63a7ff4a04,f4a16f7c-a17a-4a92-b109-e3f4d923496e,IG Story,VIDEO,17.4.2026 22:55:53,,https://www.instagram.com/stories/cvutengineers/3877604809767685897,,970,,,
@bitvaoprahu,facebook,75e0f41f-82be-4f82-a77b-82ac11135ed2,5d2de9ab-7185-47db-8787-971c05771592,FB Post,IMAGE,10.4.2026 13:38:05,"Bitva o Prahu v Edenu?! 🫨

Už příští týden se odehraje Final Four, kde čtyři nejlepší týmy budou bojovat o titul mistra 🏆 a rovnou tři z nich dobře znáte 😏

Ať už jsi fanoušek Falcons, Kings nebo Engineers, pojď podpořit svůj tým na nejdůležitější akci sezóny 🔥

Lístky v prodeji na finalfour.cz 🎟️",https://www.facebook.com/1441262177797849/posts/1443789917545075,252,,4,,
vsefalcons,instagram,709fceba-e311-48e7-9057-f54a587abf4a,6e051317-ba77-4913-af9b-ed464f7730a7,IG Story,VIDEO,15.4.2026 8:57:58,JEŠTĚ NEVÍŠ CO SI VZÍT ZÍTRA NA SEBE? TOHLE POŘÍDÍŠ I NA MÍSTĚ 🤩,https://www.instagram.com/stories/vsefalcons/3875733668258157170,749,837,,,4
@vutcavaliersbrno,instagram,b384bebf-72f3-4f9d-8b2d-3677709f6966,a01e8f84-7455-49c7-857e-97c4495c5923,IG Story,VIDEO,31.3.2026 21:02:24,,https://www.instagram.com/stories/vutcavaliersbrno/3865226655702771549,,283,,,
@AkademiciPlzen,facebook,d87b94e3-03e8-45d0-b92e-75e9b819545c,a618d825-fbba-4fcd-b859-5966186a6214,FB Post,IMAGE,6.3.2026 19:48:29,"Jarní bitva už je minulostí! 💥 

Slavnostní buly nám vhodil maskot Olympiády dětí a mládeže, která se uskuteční 24.-28. 1. 2027 u nás v Plzeňském kraji! 🏆

#akademiciplzen 💙 | 📸 @vpotocesevodatoci @novotny_studio.cz",https://www.facebook.com/1357105236437494/posts/1336284845186200,416,,4,,
vsefalcons,instagram,709fceba-e311-48e7-9057-f54a587abf4a,bfa858b8-bd45-428b-b321-304b0598c4eb,IG Reel,VIDEO,3.3.2026 19:15:13,Tenhle gól byl doslova perfektní a nádhernej 🤤🤤,https://www.instagram.com/reel/DVbwJP4CGlR/,,5119,92,,1
@vutcavaliersbrno,instagram,b384bebf-72f3-4f9d-8b2d-3677709f6966,3e77b39f-9639-471f-a095-de1a4751fb57,IG Reel,VIDEO,16.3.2026 8:21:35,Hattrick @jerabekdmnk ze sobotního utkání proti VŠE Falcons Prague 👈,https://www.instagram.com/reel/DV8DtTtCO_j/,,5968,138,1,13
@riderspardubice,instagram,4d6a67ab-9313-4f77-a82e-abb18adbca5d,563e1b8f-5be4-436c-a674-e9c38a84d587,IG Story,VIDEO,14.4.2026 6:31:11,,https://www.instagram.com/stories/riderspardubice/3874935015415249706,,652,,,
@bitvaoprahu,instagram,d7c8aa06-74fb-4c6c-a7d2-c2fe1bf6d59c,deee6b77-1b95-4265-83f3-ce6c907b711d,IG Reel,VIDEO,12.3.2026 17:51:32,"🚨 POD VÍKO A PÁTÁ ODBYLA! 🖐🏼

Falcons odskakují do vedení! ➡️ Živě na @sport_ct ➕.",https://www.instagram.com/reel/DVyxK8yDMsV/,,16392,278,,15
@univerzitnihokej,instagram,1e114592-3529-4cfe-9977-2598454053af,e325fbba-ad2f-4c87-a06b-7424ad82654f,IG Post,IMAGE,15.3.2026 18:56:21,"Další dva TOP zápasy máme za sebou a dokonce už známe vítěze letošní základní části 💪🏼 play-in a @unihokejfinalfour se pomalu blíží, jste ready? 😎",https://www.instagram.com/p/DV6nA36CNyu/,,4321,93,,3
vsefalcons,instagram,709fceba-e311-48e7-9057-f54a587abf4a,321e97ff-e663-43aa-8d83-e6791b19be95,IG Story,VIDEO,24.3.2026 16:16:13,BUSTED Na cestách jedině do @kfc_cz 👀 🕵🏻‍♂️,https://www.instagram.com/stories/vsefalcons/3860009210507489737,978,1153,,,5
@riderspardubice,instagram,4d6a67ab-9313-4f77-a82e-abb18adbca5d,43e0e04a-abd1-4c49-b552-1e4fc0bb1b7f,IG Story,VIDEO,31.3.2026 20:57:30,,https://www.instagram.com/stories/riderspardubice/3865224192019192282,,524,,,
vsefalcons,instagram,709fceba-e311-48e7-9057-f54a587abf4a,773a90b2-71e4-461c-a65b-3f51fc6df318,IG Story,IMAGE,30.3.2026 9:28:31,my až zítra budeme slavit výhru,https://www.instagram.com/stories/vsefalcons/3864152671280229884,,,,,
vsefalcons,instagram,709fceba-e311-48e7-9057-f54a587abf4a,ac869b8e-349f-4b4b-9f94-6eb4fb2addcd,IG Story,VIDEO,13.3.2026 17:13:05,,https://www.instagram.com/stories/vsefalcons/3852065279840898521,818,669,,,
@univerzitnihokej,instagram,1e114592-3529-4cfe-9977-2598454053af,aecc2f1f-16bb-4b3c-93d8-694996f614e0,IG Reel,VIDEO,16.3.2026 17:30:58,Bez kebabu od Kauflandu by to nebyla ta pravá @bitvaoprahu 🌯🔥,https://www.instagram.com/reel/DV9CPAjiLwQ/,,7788,120,,12
@bitvaoprahu,facebook,75e0f41f-82be-4f82-a77b-82ac11135ed2,d5b7880e-961d-4629-b8fa-887bba3398c4,FB Post,IMAGE,12.3.2026 18:41:34,"🥉BRONZ PRO VŠE A TŘI BODY! ✅

Gratulujeme k obhajobě 3. místa , @vsefalcons ! 🎩👏🏼",https://www.facebook.com/1441262177797849/posts/1420314896559244,170,,2,,
vsefalcons,instagram,709fceba-e311-48e7-9057-f54a587abf4a,ff0026c9-4816-471d-b724-44ff38a67f78,IG Story,VIDEO,13.3.2026 16:20:29,,https://www.instagram.com/stories/vsefalcons/3852038805368879881,878,839,,,2
@bitvaoprahu,instagram,d7c8aa06-74fb-4c6c-a7d2-c2fe1bf6d59c,1ebe5ec8-4763-4fc9-a740-a4d7fdb67403,IG Post,IMAGE,11.3.2026 11:02:17,Pochod s vidlema? To jen ČZU míří na zimák! 👨🏻‍🌾🔥,https://www.instagram.com/p/DVveMXgF07q/,,8598,65,,71
@riderspardubice,instagram,4d6a67ab-9313-4f77-a82e-abb18adbca5d,5e5963f6-2181-432f-8b2a-c1e4be126ec8,IG Post,IMAGE,9.3.2026 22:29:31,"Dnes se zadařilo!🥳 Sice po prodloužení, ale 2 další body jsou doma!",https://www.instagram.com/p/DVrjEv1jG_5/,,2906,62,,3
@riderspardubice,facebook,f99ed6c3-17cc-46f4-a32e-d9b0576ce2df,83ecb542-deb6-4fe0-8106-73fc76c069d4,FB Post,IMAGE,23.3.2026 8:03:51,"Poslední zápas v dresu Riders pro @dominikkopecky_99 a @daniel.skryp! 🔥

Přijď kluky podpořit a rozloučit se s nimi v derby proti @united_hk! 

Lastdance
🗓️ 23.3. v 19:45
📍 v Enteria Arena 
⚔️ proti @united_hk 

Odkaz na vstupenky najdeš v BIU!🎟️ (I se slevičkou!🤭)

#lastdance#riders",https://www.facebook.com/1592662819534019/posts/1584254290374872,150,,,,
vsefalcons,instagram,709fceba-e311-48e7-9057-f54a587abf4a,8f5c480d-1f4b-419d-9a28-7eeecd7d1f11,IG Story,VIDEO,3.3.2026 23:29:15,"Jakub
HROUDA 🎙️",https://www.instagram.com/stories/vsefalcons/3845006955433741157,948,948,,2,5
vsefalcons,instagram,709fceba-e311-48e7-9057-f54a587abf4a,9d83798a-ffb5-4a6e-b056-5a655ba8e02b,IG Story,VIDEO,10.2.2026 18:45:18,kápo na hanbě,https://www.instagram.com/stories/vsefalcons/3829643659260250601,663,846,,,
@riderspardubice,instagram,4d6a67ab-9313-4f77-a82e-abb18adbca5d,9fecef2d-9134-4539-804a-32658dde6ca7,IG Post,IMAGE,15.3.2026 16:51:40,"V pondělí 23. března se uvidíme v letošní sezoně naposledy na domácím ledě! 👋🤩

Vstupenky koupíš přes odkaz v BIU! 🎟️",https://www.instagram.com/p/DV6ZYD4jIE2/,,2608,73,,7
@univerzitnihokej,facebook,01b45180-0b14-4a14-96e8-d0a4bab1fb9f,e8f246bc-f0b1-4ba2-884a-beb511bd23eb,FB Video,VIDEO,12.3.2026 19:04:36,Kdo dneska vyhraje finále @bitvaoprahu ?👀,https://www.facebook.com/reel/1185019127040639/,295,113,,,
@bitvaoprahu,instagram,d7c8aa06-74fb-4c6c-a7d2-c2fe1bf6d59c,f94754f8-474f-4f8d-b6e3-ef001a5db666,IG Post,IMAGE,12.3.2026 9:00:52,"Nevíš co na sebe? 😔 Teď už jo! Obleč se do barev tvojí univerzity ať všichni ví, komu fandíš 🫡

Tak co, bude to červená❤️, modrá💙, zelená💚 nebo bílá🤍? 

Finálový večer Bitva o Prahu 🏒
Poslední lístky 👉🏼 bitvaoprahu.cz🎟️",https://www.instagram.com/p/DVx1FYgDEKM/,,11141,251,,74
vsefalcons,instagram,709fceba-e311-48e7-9057-f54a587abf4a,0faae83d-61f1-4285-8683-2ca8d8d7a538,IG Story,VIDEO,14.1.2026 9:06:23,@fanda_david,https://www.instagram.com/stories/vsefalcons/3809783330875419633,,841,,,14
vsefalcons,instagram,709fceba-e311-48e7-9057-f54a587abf4a,6d17a8ce-8dd6-4e07-b9a7-d447b5ca2d96,IG Post,CAROUSEL_ALBUM,23.2.2026 15:42:45,"Survivor game už zítra! 🔥

Pokud ještě nemáš lístky, tak je ideální čas to změnit, jinak přijdeš o hodně 😏 Tak šup šup na profil a vidíme se zítra 👋🏼",https://www.instagram.com/p/DVGxlyliDCW/,,5463,120,,17
vsefalcons,instagram,709fceba-e311-48e7-9057-f54a587abf4a,819d4d1f-a82b-432d-8463-ea5437ffd55c,IG Story,VIDEO,31.3.2026 15:05:00,🤖 🦾 🦿,https://www.instagram.com/stories/vsefalcons/3865046788109541709,1040,944,,,2
@cvutengineers,instagram,11963a07-7f0f-48e6-9d81-aa63a7ff4a04,c5e91a7c-4388-4830-bdeb-878e6219d8f8,IG Story,VIDEO,8.4.2026 17:15:23,GAME MODE ON,https://www.instagram.com/stories/cvutengineers/3870910610531952809,,995,,,
@akademiciplzen,instagram,65494228-95bf-4f7b-8e68-d47d7262db66,fe13fa30-e749-4e56-9004-8bbf5c3b3dcd,IG Story,VIDEO,1.4.2026 19:51:05,,https://www.instagram.com/stories/akademiciplzen/3865915534164642703,,931,,,
@riderspardubice,facebook,f99ed6c3-17cc-46f4-a32e-d9b0576ce2df,a0e51f0f-6a8b-420b-82ed-453d42bd36a7,FB Post,IMAGE,24.3.2026 2:39:44,Dnes bohužel prohra.,https://www.facebook.com/1592662819534019/posts/1585033786963589,187,,,,
@engineersprague,facebook,afd06d1d-7b1c-4f66-8d93-ce4255ab773c,d38d2bd3-8f96-4589-9e69-5f21ea9eda5b,FB Story,IMAGE,12.3.2026 21:31:24,,,,,,,
vsefalcons,instagram,709fceba-e311-48e7-9057-f54a587abf4a,2a9ff7ec-4ff4-43ac-9e80-d07da2c2dad3,IG Story,VIDEO,12.3.2026 16:24:51,KOTEL JEDE BOMBY 🥁,https://www.instagram.com/stories/vsefalcons/3851316915302093863,1387,1291,,,7
@cvutengineers,instagram,11963a07-7f0f-48e6-9d81-aa63a7ff4a04,a9bad2e0-d2c1-4695-a744-c55c1c10f018,IG Reel,VIDEO,4.4.2026 12:29:53,"Kdo si s tím podle vás poradil nejlíp? 🤸🏻🦁

#engprg",https://www.instagram.com/reel/DWtbDP3jMPC/,,82822,1396,,67
@bitvaoprahu,instagram,d7c8aa06-74fb-4c6c-a7d2-c2fe1bf6d59c,d07d94af-34ad-486e-ab68-1e6129151b3b,IG Post,IMAGE,12.3.2026 22:41:53,Ideální rande 🟰 Bitva o Prahu?! 😍,https://www.instagram.com/p/DVzSja6DEtI/,,9723,127,,1
vsefalcons,instagram,709fceba-e311-48e7-9057-f54a587abf4a,e4bfd9cf-797c-4948-92ec-32b4618bda66,IG Story,VIDEO,8.4.2026 16:02:22,,https://www.instagram.com/stories/vsefalcons/3870873881481369434,930,852,,,
@univerzitnihokej,facebook,01b45180-0b14-4a14-96e8-d0a4bab1fb9f,ee82b4bc-039f-40ab-add7-1f4fc0881c5c,FB Post,IMAGE,8.4.2026 11:02:11,"Studentský život v kapse 📱 Seznam se s apkou @unilifecz 🚀

Zápasy, eventy ve městě a výhody, který nechceš minout. Tak stahuj aplikaci do svého telefonu! 📲",https://www.facebook.com/1275398168115026/posts/1281129584208551,306,,1,,
vsefalcons,instagram,709fceba-e311-48e7-9057-f54a587abf4a,2f260989-01e3-450c-81ca-85d544f24608,IG Story,VIDEO,17.3.2026 9:01:10,,https://www.instagram.com/stories/vsefalcons/3854716794661566960,987,1228,,,
vsefalcons,instagram,709fceba-e311-48e7-9057-f54a587abf4a,5ddd5d90-070f-48ff-9c29-2edcd91cd034,IG Story,VIDEO,10.3.2026 18:39:15,@fn0026 🔍,https://www.instagram.com/stories/vsefalcons/3849934344802584456,1237,,,,1
@vutcavaliersbrno,instagram,b384bebf-72f3-4f9d-8b2d-3677709f6966,a5da2428-1869-403c-afc8-ef13bdab2596,IG Post,PHOTO,26.3.2026 9:54:28,"VRCHOL SEZONY JE TADY 🔥 
Do Play-in postupujeme z 10. místa a příští týden se utkáme s @blackdogsbudweis_vste, kteří se po základní části umístili na 3. místě 👈
Jeden zápas, který vše rozhodne 🏒",https://www.instagram.com/p/DWV4ko0CLW4/,,3609,88,,6
vsefalcons,instagram,709fceba-e311-48e7-9057-f54a587abf4a,b14944b7-2557-4099-986a-aa0335437e73,IG Story,VIDEO,18.2.2026 7:55:16,,https://www.instagram.com/stories/vsefalcons/3835114677101698029,574,738,,,
@riderspardubice,facebook,f99ed6c3-17cc-46f4-a32e-d9b0576ce2df,0f83188f-6436-4f0b-bb77-87be7f95a00c,FB Post,IMAGE,17.4.2026 11:57:08,"Napiš do komentáře svého nejoblíbenějšího hráče a my vylosujeme dva z vás, kteří vyhrají vstupenky na dnešní FF! 🥉",https://www.facebook.com/1592662819534019/posts/1607223468077954,241,,2,,
vsefalcons,instagram,709fceba-e311-48e7-9057-f54a587abf4a,19b7c9be-75de-4623-aedd-2306da71df05,IG Reel,VIDEO,3.2.2026 22:25:01,zlepšení nálady po minulém týdnu 🎉,https://www.instagram.com/reel/DUT_oC-iCEn/,,3568,104,,1
vsefalcons,instagram,709fceba-e311-48e7-9057-f54a587abf4a,7fce158a-8e00-4b76-a3c6-dbe57f478393,IG Story,VIDEO,15.2.2026 10:59:33,,https://www.instagram.com/stories/vsefalcons/3833033105900842111,681,681,,,
@akademiciplzen,instagram,65494228-95bf-4f7b-8e68-d47d7262db66,08d836be-8680-4b7f-b19e-4a41e349b84f,IG Story,VIDEO,7.4.2026 17:44:02,VIDÍTE TO TAKY? 😯 @beerik09 🤝🏻 @tomas_ceperko,https://www.instagram.com/stories/akademiciplzen/3870200345054164727,,2285,,,3
univerzitnihokej,tiktok,01c88cf9-594f-408e-a45a-95114221acae,836c53cb-6d87-4078-801a-3b9ed7a21f82,TT Video,VIDEO,16.4.2026 15:03:29,Příchod ve velkém stylu! 🔥,https://www.tiktok.com/@univerzitnihokej/video/7629372902089002242?utm_campaign=tt4d_open_api&utm_source=7348986504397455361,,753,73,1,
@unitedhk,facebook,bfe6cc29-a387-41b9-9bca-b077722556af,c4e5703f-1dea-4fd1-b111-562877d10675,FB Post,PHOTO,31.3.2026 7:51:58,"🔥 Dnes začíná bitva o Final Four.

PLAY-IN.

Jeden zápas, který rozhodne všechno.

Vyhraješ a zůstáváš ve hře.
Prohraješ a sezóna končí.

Dnes jdeme ALL IN.

Drž nám palce.🖤🧡

#unitedhk #unihokej #uhk #hradeckralove",https://www.facebook.com/122180651084388974/posts/122180091506388974,273,,5,,
@hc_muni,instagram,43cd62c8-609d-4ea6-8ce9-cae5242ede0c,3162ce63-3b47-44c4-be1b-a1549e28f634,IG Story,VIDEO,11.4.2026 21:18:56,,https://www.instagram.com/stories/hc_muni/3873207587546518660,,209,,,
vsefalcons,instagram,709fceba-e311-48e7-9057-f54a587abf4a,3ebde160-fba7-4103-a2c5-35c92b45bad5,IG Story,VIDEO,28.3.2026 19:27:26,PLAY-IN MODE trénujeme i v sobotu 🫡 🔥,https://www.instagram.com/stories/vsefalcons/3863004569320044403,819,646,,,3
@riderspardubice,instagram,4d6a67ab-9313-4f77-a82e-abb18adbca5d,ea36792d-74ce-490e-9f88-4a43a2894d9c,IG Story,IMAGE,17.4.2026 21:47:26,,https://www.instagram.com/stories/riderspardubice/3877570507734577739,,495,,,
@hc_muni,instagram,43cd62c8-609d-4ea6-8ce9-cae5242ede0c,f1da025a-6148-4da8-a042-5cb0cf659bdc,IG Post,IMAGE,16.3.2026 8:42:43,"Ve středu v 19:30 jdeme znovu do boje! 🔥
Přijď nás podpořit na Lužánky a pomoct vytvořit skvělou atmosféru! 🐻💙

Lístky koupíš u nás v biu 🎟️

#hcmuni",https://www.instagram.com/p/DV8Fk60jIdL/,,3606,48,,2
@bitvaoprahu,facebook,75e0f41f-82be-4f82-a77b-82ac11135ed2,22f96e28-8a7d-4386-973d-ce6a5c04b7d7,FB Post,IMAGE,11.3.2026 11:02:00,Tenhle pochod bude doslova MODRÝ PEKLO! 👹,https://www.facebook.com/1441262177797849/posts/1418950366695697,231,,,,
@engineersprague,facebook,afd06d1d-7b1c-4f66-8d93-ce4255ab773c,6dd34abf-9a51-405e-b762-8c272669eba1,FB Story,VIDEO,4.3.2026 21:56:31,,,,,,,
@cvutengineers,instagram,11963a07-7f0f-48e6-9d81-aa63a7ff4a04,1e62bda2-1261-416c-b4e5-3c761a0b52f1,IG Post,IMAGE,5.3.2026 19:28:41,"Kdo nepřišel, o hodně přišel 🤓 S Hradcem to bylo drama až do konce, ale o to líp to vítězství chutná 🤤

📸: @ondra_mann

#srdcelva #engprg",https://www.instagram.com/p/DVg7Zb4jJXd/,,6744,163,,3
@united_hk,instagram,b18c071b-0570-48b2-b743-990c668c3c5b,2a7c57ed-bfb0-4df2-9f80-aa42f713782f,IG Story,VIDEO,21.4.2026 11:44:53,,https://www.instagram.com/stories/united_hk/3880166178266030427,,849,,,3
vsefalcons,instagram,709fceba-e311-48e7-9057-f54a587abf4a,35ff69ba-39df-4725-94bb-56d06224a9ce,IG Post,IMAGE,11.2.2026 8:15:39,"Nový semestr je za dveřmi a s ním i série našich domácích zápasů, na které si teď můžeš pořídit balíček s pořádnou slevičkou 🥳
Čeká tě spoustu zábavných aktivit, soutěží a vypjatých utkání, protože konec základní části se blíží 🥶

Balíček pořídíš přes odkaz na profilu.
Akce platí do 17. února.",https://www.instagram.com/p/DUnDHigCI8i/,,8956,72,,33
vsefalcons,instagram,709fceba-e311-48e7-9057-f54a587abf4a,47e5c520-6562-4acf-932a-75a7c2d34a78,IG Story,VIDEO,6.3.2026 19:00:44,,https://www.instagram.com/stories/vsefalcons/3847046026020577272,,751,,,2
@AkademiciPlzen,facebook,d87b94e3-03e8-45d0-b92e-75e9b819545c,99ae9bc3-928c-4c25-b4ea-10e0adf35895,FB Post,IMAGE,20.4.2026 12:52:11,"POV: máš přístup do alba „oblíbené“ v galeriích našich hráčů 👀📸💙 

#akademiciplzen",https://www.facebook.com/1357105236437494/posts/1372565521558132,957,,7,,
@akademiciplzen,instagram,65494228-95bf-4f7b-8e68-d47d7262db66,29680abc-02bc-4122-a7b3-9cfa7cfbde67,IG Story,VIDEO,1.4.2026 19:13:53,GOOOOOOL! vyrovnáno!,https://www.instagram.com/stories/akademiciplzen/3865896822913113973,,1066,,,
vsefalcons,instagram,709fceba-e311-48e7-9057-f54a587abf4a,2fa8d8b8-d319-43e6-b190-c382bdec876f,IG Reel,VIDEO,8.1.2026 16:10:11,akorát že vůbec 😶‍🌫️,https://www.instagram.com/reel/DTQYFjfCG8D/,,20511,258,5,43
@akademiciplzen,instagram,65494228-95bf-4f7b-8e68-d47d7262db66,3a86626c-df6a-40d5-b631-72a4f66d5b78,IG Story,VIDEO,1.4.2026 16:47:14,,https://www.instagram.com/stories/akademiciplzen/3865823002340643151,,,,,
@univerzitnihokej,instagram,1e114592-3529-4cfe-9977-2598454053af,5b400470-5cf0-4fd4-af32-da017a9d3623,IG Story,VIDEO,8.4.2026 18:46:38,A KOMU FANDÍŠ TY? 🤔,https://www.instagram.com/stories/univerzitnihokej/3870956541616630210,,757,,,
@univerzitnihokej,instagram,1e114592-3529-4cfe-9977-2598454053af,ce947262-6d1b-42f1-a0a9-00b993c40f64,IG Story,VIDEO,8.4.2026 18:27:52,4 2,https://www.instagram.com/stories/univerzitnihokej/3870947087286297048,,745,,,
@riderspardubice,facebook,f99ed6c3-17cc-46f4-a32e-d9b0576ce2df,7fe47f77-8ae0-4492-bd0f-f4d3bff7b07e,FB Video,VIDEO,12.4.2026 15:17:18,Tenhle moment nezapomeneme! 🫶,https://www.facebook.com/reel/962669956136599/,5110,2993,47,,
@united_hk,instagram,b18c071b-0570-48b2-b743-990c668c3c5b,3c614286-9e1c-42e8-af54-5331650daedc,IG Story,VIDEO,15.4.2026 12:53:52,,https://www.instagram.com/stories/united_hk/3875852413181657502,,510,,,3
@riderspardubice,facebook,f99ed6c3-17cc-46f4-a32e-d9b0576ce2df,d7de6c70-ca9d-4ecd-bffc-bb72762a9323,FB Post,IMAGE,10.3.2026 19:51:35,"Další venkovní zápas!🤩

Venkovní zápas
🗓️ 17.3. v 19:30
📍 v RT Torax Arena 
⚔️ proti @boostrava 

#venkovnízápas#riders",https://www.facebook.com/1592662819534019/posts/1572927184840916,157,,1,,
vsefalcons,instagram,709fceba-e311-48e7-9057-f54a587abf4a,ea6aa820-c9a4-4148-8e6b-ba7c7164a90f,IG Story,VIDEO,3.2.2026 20:59:02,LUKÁŠ NOVÁK 💥,https://www.instagram.com/stories/vsefalcons/3824637567048408862,,1417,,,2
@vutcavaliersbrno,instagram,b384bebf-72f3-4f9d-8b2d-3677709f6966,4bce0514-46a7-49e4-9978-16df139e5a12,IG Story,VIDEO,1.4.2026 16:45:47,V Budějovicích domáci prostředí ☺️,https://www.instagram.com/stories/vutcavaliersbrno/3865822273965926213,,555,,,
@bitvaoprahu,facebook,75e0f41f-82be-4f82-a77b-82ac11135ed2,527172df-c449-4880-beb2-aa72743bbb75,FB Post,IMAGE,11.3.2026 11:00:11,VŠE Falcons fans... JSTE READY?! 🦅,https://www.facebook.com/1441262177797849/posts/1418948013362599,206,,,,
@univerzitnihokej,instagram,1e114592-3529-4cfe-9977-2598454053af,b4116232-477a-4f35-843c-0fbb501d7c0c,IG Reel,VIDEO,18.3.2026 17:35:52,"K hokeji to pivo prostě patří. 😎
A na unihokeji? Jedině @pivoproud 🍻",https://www.instagram.com/reel/DWCMTiyCHkJ/,,5133,61,1,
@AkademiciPlzen,facebook,d87b94e3-03e8-45d0-b92e-75e9b819545c,dc87a36f-1f4d-4978-ba4c-f676b3016703,FB Video,VIDEO,28.3.2026 12:30:03,"Tak co, užili jste si Jarní bitvu? 👀🔥
Protože to nejdůležitější teprve přichází…

Už 1. 4. nás čeká poslední domácí zápas sezony, kterým zároveň odstartujeme vyřazovací část soutěže. Buď u toho s námi a vytvořme doma vítěznou atmosféru! 💙

🎟️ Lístky najdeš v odkaze v biu nebo na
akademiciplzen.enigoo.cz

#akademiciplzen | 🎥 @yzproduction.cz",https://www.facebook.com/reel/2212279562641168/,431,185,2,,
vsefalcons,instagram,709fceba-e311-48e7-9057-f54a587abf4a,6783c27c-a7f1-4149-8122-499ce770d319,IG Story,VIDEO,12.3.2026 16:13:09,🎯,https://www.instagram.com/stories/vsefalcons/3851310381255927730,1423,1304,,,
@riderspardubice,instagram,4d6a67ab-9313-4f77-a82e-abb18adbca5d,e5689652-dd5c-482a-8adc-7f5f83a0c62c,IG Story,IMAGE,8.4.2026 15:52:24,JSME NA MÍSTĚ⭐️,https://www.instagram.com/stories/riderspardubice/3870868834223920451,,812,,,1
vsefalcons,instagram,709fceba-e311-48e7-9057-f54a587abf4a,213178ab-98b3-42c4-8ca2-9f273dc4c96a,IG Story,VIDEO,31.3.2026 7:50:40,BOREC NA KONEC aneb,https://www.instagram.com/stories/vsefalcons/3864828272018218904,1073,1359,,5,7
vsefalcons,instagram,709fceba-e311-48e7-9057-f54a587abf4a,2ba1374f-5240-4d57-bb4c-701ffa035c19,IG Story,VIDEO,15.4.2026 8:59:20,A TAKHLE HAPPY BUDEŠ! 🤪,https://www.instagram.com/stories/vsefalcons/3875734361752782510,728,849,,1,4
vsefalcons,instagram,709fceba-e311-48e7-9057-f54a587abf4a,3957588d-b38d-4e75-b18c-49b492c7e657,IG Story,VIDEO,3.2.2026 19:10:39,dnes to bude čistá hra powered by @garnier_czsk 💆🏻‍♂️,https://www.instagram.com/stories/vsefalcons/3824582985094041331,,2380,,,1
@univerzitnihokej,instagram,1e114592-3529-4cfe-9977-2598454053af,4633d5e0-aca9-44f4-9c4d-7bb233eb28bb,IG Story,VIDEO,11.4.2026 15:21:45,,https://www.instagram.com/stories/univerzitnihokej/3873027736000302210,,805,,,2
vsefalcons,instagram,709fceba-e311-48e7-9057-f54a587abf4a,5e30b30b-7b1f-4df5-85e8-10b2db2a1a7d,IG Story,IMAGE,3.2.2026 19:34:54,1 0  Hamršmíd,https://www.instagram.com/stories/vsefalcons/3824595180183887805,,917,,,
@univerzitnihokej,instagram,1e114592-3529-4cfe-9977-2598454053af,7d987f16-f322-495a-8224-3947ab8d9b95,IG Post,IMAGE,12.3.2026 10:55:34,Pražský den D je tady! Kdo dnes urve bronz na @bitvaoprahu ? 🫨,https://www.instagram.com/p/DVyB-skCIvi/,,11474,160,1,42
vsefalcons,instagram,709fceba-e311-48e7-9057-f54a587abf4a,7e70b5f5-f4bf-44c1-913e-5f78a794f1d9,IG Story,VIDEO,10.3.2026 20:54:21,🥵 JE TO DRAMA,https://www.instagram.com/stories/vsefalcons/3850002309774335715,793,,,,
@riderspardubice,instagram,4d6a67ab-9313-4f77-a82e-abb18adbca5d,8a707224-cab6-4d53-b7a4-ad8721b8667b,IG Reel,VIDEO,4.3.2026 13:53:55,"Přestávka v režii @enteria_holding ! 🚀 Led patří fanouškům a jejich přesné mušce. Děkujeme za spolupráci!
#přestávkovásoutěž#enteriaholding",https://www.instagram.com/reel/DVdwFKKjK4H/,,4433,83,,17
@bitvaoprahu,facebook,75e0f41f-82be-4f82-a77b-82ac11135ed2,bce84f88-a636-4985-82f3-bb6cd8bc5c62,FB Video,VIDEO,10.3.2026 17:18:00,Hokeeeej je dobreeeeej 👉🏼 lístky na bitvaoprahu.cz 🎟️,https://www.facebook.com/reel/1256738979117088/,1044,471,3,,
@riderspardubice,facebook,f99ed6c3-17cc-46f4-a32e-d9b0576ce2df,31d281dd-83b8-4906-ab2e-1d02ca0e428c,FB Video,VIDEO,30.3.2026 15:47:23,"Kluci zašli na fanouškovské menu do @kfc_cz , snacky zmizely rychle, ale kyblík v jejich životech zůstane už napořád ♥️

Co teď kyblík asi na kolejích dělá? 👀 
Tipujte do komentářů 👇",https://www.facebook.com/reel/1994233238179595/,598,172,5,,
vsefalcons,instagram,709fceba-e311-48e7-9057-f54a587abf4a,a1d1491a-4720-46ba-80d2-c72c66ad7485,IG Story,VIDEO,3.3.2026 12:22:44,"KDO SI SPRÁVNĚ TIPNE, KOLIK GÓLŮ SKÓROVAL @michal.danniel 
ZA POSLEDNÍCH 5 ZÁPASŮ 2 lupeny jsou jeho",https://www.instagram.com/stories/vsefalcons/3844671378096167993,1104,1533,,,4
vsefalcons,instagram,709fceba-e311-48e7-9057-f54a587abf4a,e18e2cab-b7d2-4c86-b07c-92b872d4e020,IG Reel,VIDEO,23.3.2026 20:13:17,Čas běží kluci…⏱️ 10 vteřinová challenge 👀,https://www.instagram.com/reel/DWPWnwTCGNM/,,5782,212,4,21
@cvutengineers,instagram,11963a07-7f0f-48e6-9d81-aa63a7ff4a04,f3cd427e-eff1-4251-9fce-6e95f412d686,IG Post,IMAGE,1.4.2026 19:57:32,"Jdeme na Riders! 🐎
Soupeře pro play-in už známe, teď jde opravdu o všechno. 
Buďte u toho s námi 🔥. Let’s go ENGINEERS🦁.

#engprg #srdcelva",https://www.instagram.com/p/DWmebd7DAFL/,,10495,176,,49
@vutcavaliersbrno,instagram,b384bebf-72f3-4f9d-8b2d-3677709f6966,8dafab58-22bc-4740-9448-d7a936fe8dba,IG Reel,REEL,25.3.2026 21:21:28,"Děkujeme za podporu v průběhu celé základní části❤️ Tím to ale nekončí, příští týden hrajeme první zápas play-in proti @blackdogsbudweis_vste 🏒",https://www.instagram.com/reel/DWUn_7SCN2L/,,3014,52,,2
vsefalcons,instagram,709fceba-e311-48e7-9057-f54a587abf4a,9e999e2f-a864-4905-aefb-9ab289256e4e,IG Story,IMAGE,10.3.2026 23:31:01,🩵,https://www.instagram.com/stories/vsefalcons/3850081195421923792,765,152,,,
@riderspardubice,instagram,4d6a67ab-9313-4f77-a82e-abb18adbca5d,b2989d6d-db96-434c-9ef3-fcc9342eccef,IG Reel,REEL,31.3.2026 20:35:21,"Tohle je naše cesta na které nás nyní čeká zápas ve finále play-in, který rozhodne, jestli se potkáme v Praze na @unihokejfinalfour‼️🤩🤩🤩🤩🤩",https://www.instagram.com/reel/DWj_it1DGlf/,,7918,125,1,10
@cvutengineers,instagram,11963a07-7f0f-48e6-9d81-aa63a7ff4a04,188aead6-72ad-4b90-a635-5b2463d74a5b,IG Story,VIDEO,17.4.2026 18:25:33,GAME ON 🔥,https://www.instagram.com/stories/cvutengineers/3877468639146561181,,1348,,,
@united_hk,instagram,b18c071b-0570-48b2-b743-990c668c3c5b,dd5e9b31-c1f6-4179-8c0d-81144dc112a5,IG Story,IMAGE,9.4.2026 13:04:31,,https://www.instagram.com/stories/united_hk/3871509132335421384,,517,,,1
@bitvaoprahu,facebook,75e0f41f-82be-4f82-a77b-82ac11135ed2,fdd21ef5-f76b-4e37-b99f-89b5193a49b0,FB Video,VIDEO,12.3.2026 17:51:48,"🚨 POD VÍKO A PÁTÁ ODBYLA! 🖐🏼

Falcons odskakují do vedení! ➡️ Živě na @sport_ct ➕.",https://www.facebook.com/reel/1475194137284777/,1227,563,4,,
@bitvaoprahu,instagram,d7c8aa06-74fb-4c6c-a7d2-c2fe1bf6d59c,c7d4361a-f932-49a3-945b-93a992e1a307,IG Post,PHOTO,13.3.2026 18:27:44,"📣 Speakeři na @univerzitnihokej >>> 🗣️🗣️

Jsi stejného názoru? 👀 #bitvaoprahu",https://www.instagram.com/p/DV1algxjPob/,,51341,1423,6,428
@united_hk,instagram,b18c071b-0570-48b2-b743-990c668c3c5b,eba0731d-2ac7-4f43-af0f-8b5c1ab3f751,IG Story,VIDEO,9.4.2026 18:31:57,,https://www.instagram.com/stories/united_hk/3871673732720799833,,363,,,
@univerzitnihokej,facebook,01b45180-0b14-4a14-96e8-d0a4bab1fb9f,52191f7f-0d8f-4711-9a2d-54441f897249,FB Video,VIDEO,4.3.2026 19:27:40,"KFC CHICKEN DETECTIVE 🕵🏻‍♂️🔍
Fanouškovské menu na vás čeká v restauracích KFC🍗",https://www.facebook.com/reel/1609044147094083/,2103,1197,3,,
vsefalcons,instagram,709fceba-e311-48e7-9057-f54a587abf4a,919ccaf0-6adb-44e0-b929-9d4830e04019,IG Story,VIDEO,8.4.2026 17:25:38,nezahálel a rázem přidává další,https://www.instagram.com/stories/vsefalcons/3870915827516054369,896,826,,,3
@united_hk,instagram,b18c071b-0570-48b2-b743-990c668c3c5b,ebe7c071-15bd-471c-8ab5-b43a086ad5db,IG Post,IMAGE,9.3.2026 16:48:00,"🎂 Narozeniny – Jirka Šrámek

Náš hráč Jirka Šrámek dnes slaví narozeniny.

Všechno nejlepší, Jirko! 🎂
Užij si to.

🖤🧡",https://www.instagram.com/p/DVq8L_3CKtK/,,2039,38,,2
@vutcavaliersbrno,instagram,b384bebf-72f3-4f9d-8b2d-3677709f6966,0d56fcd6-2351-4100-8ac7-325705943fee,IG Post,IMAGE,1.4.2026 19:38:18,"Z celého kavalírského srdce děkujeme všem fanouškům za podporu v letošní sezoně ❤️
Dnešním dnem pro nás sezona sice skončila, ale určitě není na místě věšet hlavy 👈 přinesla i spoustu krásných momentů 🏒 Přece jen… jsme v ní dvojnásobní vládci Brna 😏 🏆
Těšíme se na Vás zase v září 🙌",https://www.instagram.com/p/DWmd6MPiDmq/,,8663,389,4,16
@univerzitnihokej,instagram,1e114592-3529-4cfe-9977-2598454053af,4cf0d6ba-8d83-4501-91d1-57666038e83a,IG Post,ALBUM,31.3.2026 10:02:27,"Dnešní druhý duel PLAY-IN👀

Ostrava 🆚 Riders 
Jeden zápas, který o všem rozhodne! Kdo postoupí do finále? 👇🏻",https://www.instagram.com/p/DWi3Q6RiONi/,,8539,142,,10
@united_hk,instagram,b18c071b-0570-48b2-b743-990c668c3c5b,e4568d0f-26d0-46c0-9b3f-89e1aee1296f,IG Story,IMAGE,27.4.2026 11:12:52,,https://www.instagram.com/stories/united_hk/3884498878938545974,,739,,,1
@hcnorthwings,facebook,2b08a479-603b-46e4-8a48-2bc0435ccd53,36059bd6-d46c-44bb-8c72-1dba6c731e9a,FB Story,VIDEO,2.3.2026 18:32:52,,,,,,,
vsefalcons,instagram,709fceba-e311-48e7-9057-f54a587abf4a,30f9b115-6274-4fdf-ba03-f06599b83c95,IG Story,VIDEO,20.1.2026 17:53:19,❓ ❓ ❓,https://www.instagram.com/stories/vsefalcons/3814397205021227342,,1067,,,1
@akademiciplzen,instagram,65494228-95bf-4f7b-8e68-d47d7262db66,81df8de5-4c0d-4c02-98b8-955786847f0d,IG Post,IMAGE,7.3.2026 19:56:36,"O Afterparty Jarní bitvy se bude mluvit ještě hodně dlouho… 🧨🪩
Kdo byl, ví. Kdo nebyl, příště nesmí chybět!

#akademiciplzen | 📸 @vpotocesevodatoci",https://www.instagram.com/p/DVmILlTDOFW/,,22812,478,,87
vsefalcons,instagram,709fceba-e311-48e7-9057-f54a587abf4a,db98ecc2-763b-48df-a9df-9ef80fdc450b,IG Story,VIDEO,3.2.2026 19:50:57,@hcnorthwings 🌬️ severní vítr do prahy dovezl sníh,https://www.instagram.com/stories/vsefalcons/3824603280693554983,,1778,,,2
@hcnorthwings,facebook,2b08a479-603b-46e4-8a48-2bc0435ccd53,49ced60f-c3a3-4f80-8c65-39d071c70d44,FB Story,VIDEO,4.3.2026 16:14:09,,,,,,,
@riderspardubice,instagram,4d6a67ab-9313-4f77-a82e-abb18adbca5d,c04c7b9a-df8d-4757-9052-2ab281704990,IG Story,VIDEO,17.4.2026 14:56:42,,https://www.instagram.com/stories/riderspardubice/3877363600335891876,,941,,,
@engineersprague,facebook,afd06d1d-7b1c-4f66-8d93-ce4255ab773c,d46420ef-d7f2-46be-b565-d26a9c0816a7,FB Story,VIDEO,12.3.2026 20:47:38,,,,,,,
@boostrava,instagram,1176ddaf-d366-48a2-9639-3c6694c72c85,648e6137-ccd3-4e74-9b17-2808576caf5f,IG Reel,REEL,31.3.2026 21:55:59,"Vyraž s @kfc_cz kyblíkem do boje! 🔥

To jak ho využiješ je jen na tobě! 🍗

#kfc #kyblik",https://www.instagram.com/reel/DWkIwO5DOdt/,,6496,216,1,21
@riderspardubice,facebook,f99ed6c3-17cc-46f4-a32e-d9b0576ce2df,f91c3366-6857-49b9-a933-a40c8ee38317,FB Video,VIDEO,6.4.2026 19:22:09,"V úterý @hcpce, ve středu my! 🏒
Hockeytown 🔥",https://www.facebook.com/reel/1253702206965614/,911,329,4,,
vsefalcons,instagram,709fceba-e311-48e7-9057-f54a587abf4a,6a1e3d67-f60e-42a4-8dce-6ced95c3d9a7,IG Story,VIDEO,2.3.2026 18:40:36,,https://www.instagram.com/stories/vsefalcons/3844136789179115115,644,828,,,1
@riderspardubice,facebook,f99ed6c3-17cc-46f4-a32e-d9b0576ce2df,94f8c557-06a0-4401-8493-90e29638a8f5,FB Post,IMAGE,17.3.2026 21:47:52,Dnes povedený zápas v Ostravě! Odvážíme si do Pardubic 3 body!💪🏼,https://www.facebook.com/1592662819534019/posts/1579141367552831,137,,4,,
vsefalcons,instagram,709fceba-e311-48e7-9057-f54a587abf4a,d18dd584-e724-4bb2-b6af-1bada6d026da,IG Reel,VIDEO,17.2.2026 7:33:17,"GAMEDAY 🚨
První den ve škole? Splněno.
Teď si zasloužíš odměnu. 🔥

Doraz na hokej a vypni hlavu. Odkaz na lístky v biu👆🏻",https://www.instagram.com/reel/DU2cebACNOT/,,4428,66,,5
@riderspardubice,instagram,4d6a67ab-9313-4f77-a82e-abb18adbca5d,b403fd7b-620a-4d9b-bea9-469cf0682bc2,IG Story,VIDEO,17.4.2026 15:07:32,NOVOTNÝ,https://www.instagram.com/stories/riderspardubice/3877369151623030646,,923,,,
@univerzitnihokej,facebook,01b45180-0b14-4a14-96e8-d0a4bab1fb9f,c1fdb243-8ca7-41d9-b7de-2652358e270d,FB Post,IMAGE,28.3.2026 19:14:06,Poslední semifinálový duel vypukne v Plzni 🔥 Farmers se ve vyřazovací části vrátí zpět na půdu Akademiků 🔙,https://www.facebook.com/1275398168115026/posts/1272792498375593,1320,,1,,
@univerzitnihokej,facebook,01b45180-0b14-4a14-96e8-d0a4bab1fb9f,c98254a4-7b4b-4583-99e0-2d219713878a,FB Video,VIDEO,30.3.2026 8:43:14,Zítra startuje PLAY-IN ➡️ boj o postup do @unihokejfinalfour ⚔️,https://www.facebook.com/reel/1235890805250434/,1135,230,4,,
@boostrava,instagram,1176ddaf-d366-48a2-9639-3c6694c72c85,5ba96b0e-ca4b-4acd-90ad-f17ab95a9264,IG Story,VIDEO,31.3.2026 21:27:23,,https://www.instagram.com/stories/boostrava/3865239323356724518,,745,,,1
@riderspardubice,instagram,4d6a67ab-9313-4f77-a82e-abb18adbca5d,739d9237-0171-4c6e-832c-5a6938fde79f,IG Story,VIDEO,8.4.2026 20:06:48,,https://www.instagram.com/stories/riderspardubice/3870996890360320229,,551,,,4
@cvutengineers,instagram,11963a07-7f0f-48e6-9d81-aa63a7ff4a04,dc1a446c-74a4-4684-b271-31a5a779fce8,IG Story,IMAGE,8.4.2026 18:08:33,0 0,https://www.instagram.com/stories/cvutengineers/3870937361165328368,,931,,,
@riderspardubice,facebook,f99ed6c3-17cc-46f4-a32e-d9b0576ce2df,3bb0d4b1-ccbe-4b7e-8466-409781582157,FB Post,IMAGE,16.4.2026 17:13:40,"Tohle byl souboj na ostří nože, přestože jsme na konci zápasu tlačili, tak konečné skóre je ve prospěch @ukkingsprague a my se zítra budeme rvát o bronz! 🥉",https://www.facebook.com/1592662819534019/posts/1606458034821164,873,,13,,
vsefalcons,instagram,709fceba-e311-48e7-9057-f54a587abf4a,ced26e83-ac64-4298-9d7a-66e53d1b782e,IG Story,VIDEO,3.2.2026 8:57:05,,https://www.instagram.com/stories/vsefalcons/3824274149649193887,,997,,,
vsefalcons,instagram,709fceba-e311-48e7-9057-f54a587abf4a,74c547eb-2c9a-483a-a314-c46a6b46bda0,IG Story,VIDEO,10.3.2026 22:47:35,,https://www.instagram.com/stories/vsefalcons/3850059347015513216,764,251,,,1
@riderspardubice,instagram,4d6a67ab-9313-4f77-a82e-abb18adbca5d,6793a4f7-0d6c-474c-b7b6-28d844b8de99,IG Story,VIDEO,6.4.2026 7:35:55,,https://www.instagram.com/stories/riderspardubice/3869169395826427687,,843,,,1
@akademiciplzen,instagram,65494228-95bf-4f7b-8e68-d47d7262db66,91ed32c2-2fa9-4841-a54f-329450204095,IG Story,VIDEO,18.4.2026 10:13:28,,https://www.instagram.com/stories/akademiciplzen/3877942044987797631,,978,,,
univerzitnihokej,tiktok,01c88cf9-594f-408e-a45a-95114221acae,f3170b8d-18be-46e8-9387-e443c6f9bfd0,TT Video,VIDEO,19.4.2026 10:39:40,Jsou fanoušci @ČVUT Engineers Prague 🦁 opravdu ti nejlepší? 🦁,https://www.tiktok.com/@univerzitnihokej/video/7630418174386703638?utm_campaign=tt4d_open_api&utm_source=7348986504397455361,,3830,131,,5
@akademiciplzen,instagram,65494228-95bf-4f7b-8e68-d47d7262db66,a10e8a64-9d5d-4ef0-a762-ac1c5db1ac11,IG Story,IMAGE,9.4.2026 9:57:13,,https://www.instagram.com/stories/akademiciplzen/3871414839868688528,,1134,,,
@riderspardubice,instagram,4d6a67ab-9313-4f77-a82e-abb18adbca5d,318e81d8-4942-4c25-8c95-0f2188f41453,IG Story,VIDEO,1.4.2026 16:09:23,,https://www.instagram.com/stories/riderspardubice/3865804005641578206,,498,,,
@BOhokej,facebook,c9082543-a03b-490f-8f97-66d439acce89,ca2d2e42-3929-4877-92cc-895b3f4803ad,FB Video,VIDEO,1.4.2026 16:36:37,"DĚKUJEME fanouškům a @bo_kotel za neskutečnou podporu v letošní sezóně. Vážíme si Vaši podpory a doufáme, že za námi budete stát i nadále. 
Vaši ŽRALOCI🦈❤️‍🩹",https://www.facebook.com/reel/919382640988644/,583,192,5,,
@riderspardubice,facebook,f99ed6c3-17cc-46f4-a32e-d9b0576ce2df,1a63d390-d636-4bb5-b6c1-9f4e2d7e3712,FB Post,IMAGE,15.4.2026 6:00:11,"Jedeme do Prahy reprezentovat na @unihokejfinalfour Riders, Pardubice i naši @upce_cz a bojovat s pražskými týmy o titul vládce ligy. ♥️

🏒 SEMIFINÁLE
🆚 @ukkingsprague
📍 Zimní stadion Eden, Praha
🕓 16. dubna | 16:30

👉 2 dny plný hokeje, atmosféry a afterparty

Ve čtvrtek se rozhodne, jestli půjdeme do finále, nebo o bronz – každopádně v pátek se hraje o medaile.

Pojď do toho s námi a buď u toho.

🎟️ Vstupenky najdeš v BIU.",https://www.facebook.com/1592662819534019/posts/1605059924960975,911,,16,,
@riderspardubice,instagram,4d6a67ab-9313-4f77-a82e-abb18adbca5d,72ca2875-a567-403b-a644-dca889883246,IG Story,VIDEO,8.4.2026 6:58:23,DNES VYRÁŽÍME DO PRAHY!,https://www.instagram.com/stories/riderspardubice/3870600055212493169,,891,,,
@unitedhk,facebook,bfe6cc29-a387-41b9-9bca-b077722556af,bd85dbfd-56db-4db5-9a34-1d15831c90b2,FB Video,VIDEO,9.3.2026 19:40:41,"🔥 Plná ČPP Aréna, derby Hradec vs. Pardubice a Halftime Show Adama Mišíka.

Východočeské derby univerzit znovu ukázalo, jak vypadá studentský hokej ve velkém stylu v rámci Univerzitní ligy ledního hokeje.
Do arény dorazilo 2 379 fanoušků, kteří vytvořili skvělou atmosféru od prvního buly až do posledních minut.

Na ledě tvrdý souboj UNIted HK a Riders Univerzita Pardubice.
O přestávce velká show – Adam Mišík, který rozpálil celou halu.

🎥 Mrkni na oficiální aftermovie a připomeň si nejlepší momenty z jednoho z největších univerzitních hokejových eventů ve východních Čechách.

🌐 Více info:
www.unitedhk.cz/derby

#unitedhk #unihokej #hokej",https://www.facebook.com/reel/1289277289790222/,191,38,3,,
@univerzitnihokej,facebook,01b45180-0b14-4a14-96e8-d0a4bab1fb9f,088256db-78fd-4c2a-9629-38a9d1f39966,FB Post,IMAGE,6.4.2026 8:09:55,"Veselé Velikonoce 🐣 Prokousali jsme se skořápkou a to nejlepší čeká uvnitř 👀
Final Four se blíží… 🔥",https://www.facebook.com/1275398168115026/posts/1279525517702291,496,,5,,
vsefalcons,instagram,709fceba-e311-48e7-9057-f54a587abf4a,45a794a0-2daf-417d-8a4f-190eaa8e5455,IG Reel,REEL,14.3.2026 10:16:14,Třetí zápas v jednom týdnu a dnes se vyrazíme po D1 do Brna 👋🏻,https://www.instagram.com/reel/DV3HQ_JiClI/,,5279,147,,15
vsefalcons,instagram,709fceba-e311-48e7-9057-f54a587abf4a,5baa3878-45ce-4daa-a4de-4dd62ef9a081,IG Story,VIDEO,11.2.2026 20:44:00,ŽE PUB KVÍZ SE BLÍŽÍ A VOLNÁ MÍSTA UBÝVAJÍ 🫣,https://www.instagram.com/stories/vsefalcons/3830428163096754691,735,735,,,4
@VUTCavaliersBrno,facebook,3351b43e-4b71-442b-b2f1-920cd6e57ee5,8d98cbeb-b8eb-47e4-a19c-7b1a13fc4722,FB Video,VIDEO,25.3.2026 21:21:43,"Děkujeme za podporu v průběhu celé základní části❤️ Tím to ale nekončí, příští týden hrajeme první zápas play-in proti @blackdogsbudweis_vste 🏒",https://www.facebook.com/reel/934068499262505/,583,184,2,,
@riderspardubice,instagram,4d6a67ab-9313-4f77-a82e-abb18adbca5d,8e6dded5-6739-4932-9bf7-c1b9ddc1800d,IG Post,IMAGE,19.3.2026 8:45:07,"Je derby! 🔥

Přijď na poslední domácí zapas semestru opět zažít tradiční rivalitu mezi dvěma sousedícími městy - Pardubice a Hradec Králové! 

Vstupenky koupíš přes odkaz v BIU 👀",https://www.instagram.com/p/DWD0jV9jCEz/,,13943,110,,47
@univerzitnihokej,instagram,1e114592-3529-4cfe-9977-2598454053af,d3bd6cf5-1b86-466e-ac75-97763acf1378,IG Post,IMAGE,2.3.2026 9:30:34,"@ukkingsprague mají ve vedoucí pozici výrazný bodový náskok, ale hned za nimi to vypadá ještě na pořádný boj o umístění 🔥 máme se na co těšit! 🙂‍↕️",https://www.instagram.com/p/DVYIj-IiGKZ/,,13906,266,,30
@riderspardubice,instagram,4d6a67ab-9313-4f77-a82e-abb18adbca5d,1e061cb7-13a3-4702-8150-08257d10e7dd,IG Post,IMAGE,16.4.2026 16:42:07,Co nesmí chybět v pardubickém kotli? 🎷,https://www.instagram.com/p/DXMxuM3jCZJ/,,4886,117,,2
@AkademiciPlzen,facebook,d87b94e3-03e8-45d0-b92e-75e9b819545c,e6f569e5-71d7-495c-ba83-5d4f843458dd,FB Post,IMAGE,27.3.2026 14:57:34,"BOJ O VŠECHNO.
Semifinále, ve kterém každá chyba rozhodne o postupu. Budeme to my, nebo @czufarmers ?

Buď u toho. Tohle bude drama. 🫵🏻
🗓️ 1. 4. | 19:00
📍 LOGSPEED CZ Aréna, Plzeň

#akademiciplzen",https://www.facebook.com/1357105236437494/posts/1353386986809319,656,,5,,
vsefalcons,instagram,709fceba-e311-48e7-9057-f54a587abf4a,0a0056b1-7204-4088-b1fc-5f763c8b451f,IG Story,VIDEO,13.5.2026 7:14:11,JE TU NOVÝ VŠEBOREC!!! PRO VŠECHNY STUDENTY VŠE JE DNES NEJLEPŠÍ DEN SEMESTRU 📚 🤓,https://www.instagram.com/stories/vsefalcons/3895975013341745091,898,301,,1,
@riderspardubice,instagram,4d6a67ab-9313-4f77-a82e-abb18adbca5d,28770c0c-9d11-4900-bd7f-2731ae7f0b03,IG Story,VIDEO,2.4.2026 12:30:00,,https://www.instagram.com/stories/riderspardubice/3866418305267727795,,538,,,
@cvutengineers,instagram,11963a07-7f0f-48e6-9d81-aa63a7ff4a04,61c05623-bb7e-49ef-854e-66281a569aaa,IG Story,VIDEO,8.4.2026 18:07:28,STŘÍPKY 1. TŘETINY,https://www.instagram.com/stories/cvutengineers/3870936819269651447,,911,,,
@riderspardubice,instagram,4d6a67ab-9313-4f77-a82e-abb18adbca5d,a9f74985-18ab-450e-bfdb-546da035f9b0,IG Post,IMAGE,12.4.2026 15:49:09,JSME VE @unihokejfinalfour !!!!!,https://www.instagram.com/p/DXCYbnXjLGf/,,3226,112,,11
@univerzitnihokej,facebook,01b45180-0b14-4a14-96e8-d0a4bab1fb9f,b9d42f2b-5b78-4c68-8109-c8c9d1c0307a,FB Post,IMAGE,4.3.2026 21:31:56,"Největší hlad na ledě dnes měl @_rihastepan_ 👀🔥

Odměna za výkon?
ZOTT HUNGRY pro dnešního nejhladovějšího hráče. 🥛 #zott #zotthungry #zotthungrydrinkthis",https://www.facebook.com/1275398168115026/posts/1253922393595937,507,,2,,
vsefalcons,instagram,709fceba-e311-48e7-9057-f54a587abf4a,e1be1b8a-8911-4573-bd18-66efc52070f2,IG Post,IMAGE,31.12.2025 10:30:56,"Za každým zápasem, každou akcí a každým naším krokem stojí lidé a značky, kteří v nás věří.

Děkujeme všem partnerům, že jsou s námi na stejné cestě a pomáhají nám posouvat projekt dál, nejen v roce 2025.
Bez vás by to nešlo. Opravdu. 🦅

#jsmevtomspolu",https://www.instagram.com/p/DS7K-yfiBAs/,,6706,59,,5
vsefalcons,instagram,709fceba-e311-48e7-9057-f54a587abf4a,42bf80a0-a5db-4598-86c3-f65fa38c9b66,IG Story,VIDEO,16.4.2026 17:43:17,KDO VYSTŘÍDÁ DNES ALENA V BRÁNĚ? 🤔,https://www.instagram.com/stories/vsefalcons/3876722685761833775,1030,904,,,1
@univerzitnihokej,instagram,1e114592-3529-4cfe-9977-2598454053af,6b7a04f9-dde0-4168-93ed-2ecc61eb5430,IG Post,IMAGE,5.4.2026 12:46:23,"UNIted tento týden uzavřeli svou sezónu v semifinále play-in, když jejich cestu do Final Four ukončilo prodloužení proti Falcons.

Respekt za tuhle jízdu a za všechno, co jste letos nechali na ledě 🧡",https://www.instagram.com/p/DWwCABEiFNw/,,12656,357,1,10
@akademiciplzen,instagram,65494228-95bf-4f7b-8e68-d47d7262db66,a54a6a2d-7720-41de-98b7-8c44a9e5d2ed,IG Story,VIDEO,1.4.2026 12:44:24,,https://www.instagram.com/stories/akademiciplzen/3865700782058524323,,1650,,,2
@cvutengineers,instagram,11963a07-7f0f-48e6-9d81-aa63a7ff4a04,f190d27b-a3be-4eef-96ce-845454656e1b,IG Reel,VIDEO,8.4.2026 21:54:35,My právě teď: 🥳🤩😭🥹😍😮‍💨🦁💙,https://www.instagram.com/reel/DW4u-t9DIHJ/,,12767,302,1,16
@218107044725785,facebook,7a942e3e-6c47-4794-9ba7-bbc7b6d40cb3,356eecc1-1883-4d1b-9262-f8a8b76ea108,FB Video,VIDEO,10.3.2026 6:53:53,Dneska bude na Kateřinkách horko! 🤭,https://www.facebook.com/reel/1654373585581509/,185,63,5,,
@218107044725785,facebook,7a942e3e-6c47-4794-9ba7-bbc7b6d40cb3,f618593c-a6fa-4804-9f4b-a7dc91a257b9,FB Video,VIDEO,24.4.2026 10:00:48,"WINGS FOR LIFE je už za rohem! 🏃🏽

Kdo neví o co jde, tak je to běh, kde vás “honí” auto a vy musíte uběhnout co nejvíc kilometrů než vás dožene 🥵 A to hlavní! Veškerý výtěžek jde na podporu poranění míchy 🙌🏼 Takže během podpoříte dobrou věc 💙

Tak nenechte Strnyho vysedět důlek, zaregistrujte se, připojte se do našeho týmu “VŠE Falcons Prague” a vidíme se 10.5. ve Stromovce 👋🏼

#vsefalcons #wingsforlife",https://www.facebook.com/reel/2038881760319252/,482,192,4,,
vsefalcons,instagram,709fceba-e311-48e7-9057-f54a587abf4a,f90b55df-2ced-4341-b857-d56fa067c953,IG Story,VIDEO,3.2.2026 20:11:49,😮‍💨 OTO DNES HATTRICK?,https://www.instagram.com/stories/vsefalcons/3824613791904620811,,1122,,,2
vsefalcons,instagram,709fceba-e311-48e7-9057-f54a587abf4a,008f6f53-a7e6-4eeb-93fc-b56eb01414a0,IG Story,VIDEO,9.2.2026 14:30:53,,https://www.instagram.com/stories/vsefalcons/3828791002656186366,,928,,,1
@vutcavaliersbrno,instagram,b384bebf-72f3-4f9d-8b2d-3677709f6966,078497aa-7057-4c3e-acca-b7f619e4aba6,IG Reel,REEL,27.3.2026 11:54:57,"Kudrnaté vlasy potřebují víc než jen vodu💧

S novým Flexi Hold Gelem od @garnier_czsk máš definici a hydrataci vyřešenou během vteřiny. Pevná fixace, co drží, ať se na ledě děje cokoliv.

Čistá hlava, čistá hra✌️",https://www.instagram.com/reel/DWYw3IQCN6v/,,3014,83,3,31
@cvutengineers,instagram,11963a07-7f0f-48e6-9d81-aa63a7ff4a04,2a582ae6-58ca-437b-9a65-41eeded60c3e,IG Post,IMAGE,16.4.2026 18:14:50,LET’S GO ENGINEERS 🔥🍀,https://www.instagram.com/p/DXM8O-_jIqD/,,2089,67,,1
univerzitnihokej,tiktok,01c88cf9-594f-408e-a45a-95114221acae,72fd3d0c-0636-41b3-ab01-e55106431d2a,TT Video,VIDEO,13.4.2026 16:50:03,Fanoušci UK Final Four volá 📞 Máte už svůj lístek? 🎟️ 🗓️ 16.-17.4. | 🏟️ Zimní stadion Eden,https://www.tiktok.com/@univerzitnihokej/video/7628287106791574806?utm_campaign=tt4d_open_api&utm_source=7348986504397455361,,530,22,,
vsefalcons,instagram,709fceba-e311-48e7-9057-f54a587abf4a,89ddf88b-7eb0-469b-90cb-ab8679d1a80b,IG Story,VIDEO,24.2.2026 18:37:09,Kočka  a myš 😼,https://www.instagram.com/stories/vsefalcons/3839787335131128962,730,875,,,
@riderspardubice,instagram,4d6a67ab-9313-4f77-a82e-abb18adbca5d,bcd641f6-2657-4e5d-b168-e173fb018a42,IG Post,PHOTO,31.3.2026 10:01:01,"Dnes důležitý zápas v Ostravě- PLAY-IN!👊🏻🔥

Play-in
🗓️ 31.3. v 19:30
📍 v RT Torax Arena 
⚔️ proti @boostrava 

#playin#riders",https://www.instagram.com/p/DWi25-ZDJ-Q/,,2969,40,,2
vsefalcons,instagram,709fceba-e311-48e7-9057-f54a587abf4a,d26853ed-8bd8-4232-974b-0ca436e7b228,IG Story,VIDEO,9.3.2026 17:45:42,"Bude to zítra 
HEATED nebo RIVALRY? 🤫",https://www.instagram.com/stories/vsefalcons/3849182632110247279,,690,,,13
vsefalcons,instagram,709fceba-e311-48e7-9057-f54a587abf4a,156a77da-2958-4abf-8b52-d80b9e93b675,IG Story,IMAGE,14.3.2026 17:25:04,2 3 Jobánek,https://www.instagram.com/stories/vsefalcons/3852796084313698624,751,677,,,
vsefalcons,instagram,709fceba-e311-48e7-9057-f54a587abf4a,4ee6a605-d928-4696-b920-0be9b4d518d3,IG Story,VIDEO,2.1.2026 21:30:51,@mcpraha3 🤝🏼 @vsefalcons,https://www.instagram.com/stories/vsefalcons/3801460708018268615,,967,,,
@hc_muni,instagram,43cd62c8-609d-4ea6-8ce9-cae5242ede0c,e7070c4b-3168-49b1-81f8-237d483a99a1,IG Story,VIDEO,3.4.2026 16:44:36,,https://www.instagram.com/stories/hc_muni/3867271300645655733,,614,,,1
@riderspardubice,instagram,4d6a67ab-9313-4f77-a82e-abb18adbca5d,fd39cd24-ca7c-4ca4-9680-c5251dd38bad,IG Reel,VIDEO,27.4.2026 10:50:27,"Tahle jízda je u konce! Děkujeme všem za neskutečnou podporu. 🐎 Tato sezóna byla naprosto unikátní – zažili jsme historicky první Final Four a Riders u toho nesměli chybět!

P.S.: Jak teď máme bez těch hezkých hokejistů jako žít? Ptám se pro kamarádku... 🙋‍♀️",https://www.instagram.com/reel/DXoeIlfDJm8/,,9269,445,1,306
@engineersprague,facebook,afd06d1d-7b1c-4f66-8d93-ce4255ab773c,8e7e3f11-e407-4bc1-938d-2cb749126e01,FB Post,PHOTO,12.3.2026 23:17:46,Dali jsme do toho všechno a teď koukáme dopředu! 🫡,https://www.facebook.com/1560924572517692/posts/1543726257570857,322,,3,,
vsefalcons,instagram,709fceba-e311-48e7-9057-f54a587abf4a,9b78a8b0-a09f-402f-8f4b-e599b05ed39c,IG Story,VIDEO,26.2.2026 18:25:56,#FalconsFamily ❤️‍🔥 jedna velká,https://www.instagram.com/stories/vsefalcons/3841230329654824723,1064,1707,,,8
@unitedhk,facebook,bfe6cc29-a387-41b9-9bca-b077722556af,bce2ad27-072e-4f64-89c5-c49224f292d0,FB Post,PHOTO,24.3.2026 13:21:39,"💥Za týden jdeme do PLAY-IN.
31.3. Zápas o VŠE s VŠE Falcons v Praze!

1 zápas. Žádná druhá šance.

👉 Jak to funguje?
Vyhraješ = zůstáváš ve hře o Final Four.
Prohraješ = konec sezóny.

ALL IN

#unitedhk #unihokej #hokej",https://www.facebook.com/122180651084388974/posts/122179563188388974,325,,2,,
vsefalcons,instagram,709fceba-e311-48e7-9057-f54a587abf4a,1d5ae1f6-8b48-4742-aba5-31c79da04390,IG Story,VIDEO,12.3.2026 15:21:03,MERCH? MÁME! k dostání ve fanzóně 👕 🧢,https://www.instagram.com/stories/vsefalcons/3851284630049701070,1516,1355,,,1
vsefalcons,instagram,709fceba-e311-48e7-9057-f54a587abf4a,728483d5-0ed8-41c1-8c53-6669bc9ef9e8,IG Story,VIDEO,8.4.2026 12:55:19,VZHŮRU DO ⚔️,https://www.instagram.com/stories/vsefalcons/3870779724205152987,1129,1420,,,12
@bitvaoprahu,instagram,d7c8aa06-74fb-4c6c-a7d2-c2fe1bf6d59c,73437f3b-c293-42ab-a892-2a0e89128154,IG Post,IMAGE,12.3.2026 17:19:42,"Když ten hokej prostě baví. 🥹

@czufarmers ⚔️ @vsefalcons 3️⃣:3️⃣ | #bitvaoprahu",https://www.instagram.com/p/DVyuM3MDFMx/,,21752,506,,20
vsefalcons,instagram,709fceba-e311-48e7-9057-f54a587abf4a,bfb49c44-6a7a-47b0-bf4a-113c8039beca,IG Story,VIDEO,17.2.2026 19:07:05,POŠLETE KLUKŮM,https://www.instagram.com/stories/vsefalcons/3834728140807626678,632,799,,,
vsefalcons,instagram,709fceba-e311-48e7-9057-f54a587abf4a,cb93c3d7-97b2-448c-bb00-502c9811b22a,IG Story,VIDEO,14.3.2026 17:05:55,@patrik_nabelek  sebral spotlight @mila_prehled_22 🧑‍🧒‍🧒,https://www.instagram.com/stories/vsefalcons/3852786479240102978,1045,1060,,,2
@riderspardubice,instagram,4d6a67ab-9313-4f77-a82e-abb18adbca5d,1dd024ec-d9fe-437f-be4e-49ba74a75c0e,IG Post,IMAGE,18.3.2026 13:00:00,"A slevička by nebyla? 👀

Odkaz na vstupenky v BIU! 🎟️",https://www.instagram.com/p/DWBtT5PjM4F/,,5213,33,1,16
@boostrava,instagram,1176ddaf-d366-48a2-9639-3c6694c72c85,4c2d55cc-d6a6-412c-b853-cbb59520295d,IG Story,VIDEO,1.4.2026 18:47:22,DĚKUJEME,https://www.instagram.com/stories/boostrava/3865883502936107672,,436,,,
@unitedhk,facebook,bfe6cc29-a387-41b9-9bca-b077722556af,82a04f3b-94cd-4d3f-8f7d-6bfb99a55127,FB Post,IMAGE,19.4.2026 11:15:43,"Děkujeme společnosti Ventio za podporu v sezoně 2025/26.

Spojení tradice a inovací v oblastech projektování, ekologie, recyklace a developmentu.

Díky, že stojíte za UNIted HK. 🖤🧡",https://www.facebook.com/122180651084388974/posts/122181801038388974,237,,3,,
vsefalcons,instagram,709fceba-e311-48e7-9057-f54a587abf4a,ca1dc892-6231-4d60-bb73-248cd678e8b2,IG Story,VIDEO,26.1.2026 16:04:41,TA PLESKLA 💥 @michal.danniel,https://www.instagram.com/stories/vsefalcons/3818691170113446960,,1037,,,1
vsefalcons,instagram,709fceba-e311-48e7-9057-f54a587abf4a,ca1fa57e-d609-45e7-8a10-7e452d3ec673,IG Story,VIDEO,26.1.2026 18:44:06,@bulvafilip  MAJITEL KASY 🥅,https://www.instagram.com/stories/vsefalcons/3818771450308358914,,1099,,,1
@united_hk,tiktok,7e062517-b9da-416d-b73d-a2c5899a2be6,1f488c03-b6c6-4a83-bffc-04c3194e7d5f,TT Video,VIDEO,8.3.2026 18:19:24,"🏒 BAUER Gear Up Challenge Ještě jeden návrat k momentům z Východočeského derby univerzit. Během přestávky jsme dali fanouškům výzvu – BAUER Gear Up Challenge. Úkol byl jasný: 45 vteřin. A obléknout si co nejvíc hokejové výstroje. Helma, chrániče, rukavice… Kdo to zvládl nejrychleji? Podívej se ve videu. Díky partnerovi BAUER za skvělý moment derby. 🖤🧡❤️ #unitedhk #unihokej #hokej",https://www.tiktok.com/@united_hk/video/7614951072406261014?utm_campaign=tt4d_open_api&utm_source=7348986504397455361,,1057,27,,
vsefalcons,instagram,709fceba-e311-48e7-9057-f54a587abf4a,62097748-4eaa-4027-bef1-735912804a5d,IG Story,VIDEO,8.1.2026 14:42:04,AŽ SI BUDETE CHTÍT DÁT PAUZU OD UČENÍ 🇨🇦 🤓,https://www.instagram.com/stories/vsefalcons/3805603621618889402,,1171,,,1
vsefalcons,instagram,709fceba-e311-48e7-9057-f54a587abf4a,bda34bda-aa4a-4da5-a9a7-11c3ec440b7c,IG Story,VIDEO,19.4.2026 11:43:47,,https://www.instagram.com/stories/vsefalcons/3878715953844356822,873,1079,,1,1
@akademiciplzen,instagram,65494228-95bf-4f7b-8e68-d47d7262db66,c3ae8362-c678-4f1a-bd53-59b4e3c0df7f,IG Reel,VIDEO,9.3.2026 18:17:25,"Generální manažer a trenér @beerik09 v rozhovoru pro @sport_ct o tom, jak se @univerzitnihokej za poslední roky posunul. 🚀🚀🚀

#akademiciplzen",https://www.instagram.com/reel/DVrGA-iDKUl/,,12752,308,5,8
@bitvaoprahu,instagram,d7c8aa06-74fb-4c6c-a7d2-c2fe1bf6d59c,e9b5d670-bebb-4e7c-a2c7-fa0e1177ba06,IG Reel,REEL,25.3.2026 18:41:08,"Hokejem u nás večer nikdy nekončí 🙂‍↔️ jestli máš vzpomínky v mlze, je čas si tuhle party připomenout 🪩",https://www.instagram.com/reel/DWUUI3Rjpy4/,,11987,341,1,99
@hc_muni,instagram,43cd62c8-609d-4ea6-8ce9-cae5242ede0c,04d64fc3-ff2f-47b9-9b89-eadc32c80afd,IG Reel,VIDEO,16.3.2026 11:52:57,"KDYŽ TO VEZMEŠ DO VLASTNÍCH RUKOU! 🤯🔥
@_novas_44_ v sobotním zápase naprosto ovládl led a vstřelil HATTRICK🚨🚨🚨

#hcmuni",https://www.instagram.com/reel/DV8b8DcjOF7/,,8910,254,4,13
vsefalcons,instagram,709fceba-e311-48e7-9057-f54a587abf4a,0bd43fa5-d10b-4839-b6ae-bb32cdbe226b,IG Story,VIDEO,17.4.2026 15:08:39,,https://www.instagram.com/stories/vsefalcons/3877369273845066532,1288,1281,,,2
@riderspardubice,instagram,4d6a67ab-9313-4f77-a82e-abb18adbca5d,673254a8-e974-4590-8384-db09f30b9999,IG Story,VIDEO,12.4.2026 10:49:01,LUCKY LOSER  ROZBRUSLENÍ 🍀 👎🏼,https://www.instagram.com/stories/riderspardubice/3873615270590047185,,2678,,,1
vsefalcons,instagram,709fceba-e311-48e7-9057-f54a587abf4a,efd59f98-e1e0-45c1-a4c8-c8efad485874,IG Story,VIDEO,16.4.2026 20:10:38,TEĎ POTŘEBUJEME VEŠKEROU VAŠI PODPORU,https://www.instagram.com/stories/vsefalcons/3876796864452410757,1080,661,,,
@univerzitnihokej,facebook,01b45180-0b14-4a14-96e8-d0a4bab1fb9f,89e86f2d-d545-477b-9c31-afb84fb0b8f2,FB Post,IMAGE,9.3.2026 15:40:07,"Minulou sezonu si výherkyně odnesla šek na čtvrt milionu od ČSOB 💙 Letos hrajeme o 1️⃣0️⃣0️⃣ 0️⃣0️⃣0️⃣ Kč. Kdo je získá tentokrát? 👀

🔗 Založ si účet u ČSOB přes odkaz v našem biu a možná to budeš právě ty. 🫵🏻",https://www.facebook.com/1275398168115026/posts/1257384276583082,667,,,,
univerzitnihokej,tiktok,01c88cf9-594f-408e-a45a-95114221acae,926e49b5-2a8f-42de-81be-b5104625f9f2,TT Video,VIDEO,16.4.2026 15:58:54,"GÓL, který přepsal dějiny! ✍️ Sleduj první trefu @UK KINGS PRAGUE FINAL4 ULLH 👀",https://www.tiktok.com/@univerzitnihokej/video/7629387186881711382?utm_campaign=tt4d_open_api&utm_source=7348986504397455361,,2380,93,1,7
@boostrava,instagram,1176ddaf-d366-48a2-9639-3c6694c72c85,a0ea7962-de0d-4053-8c7e-b0a560595a4e,IG Story,VIDEO,31.3.2026 18:28:20,,https://www.instagram.com/stories/boostrava/3865149113742679427,,639,,,
vsefalcons,instagram,709fceba-e311-48e7-9057-f54a587abf4a,ff915d63-1ff6-4a39-ba5d-cf9e82ef5f01,IG Reel,VIDEO,11.4.2026 14:42:25,"Kluci už se fešákujou, aby jim to ve čtvrtek na @unihokejfinalfour slušelo 😮‍💨 a kdo jinej by jim v tom měl pomoci než @garnier_czsk 💅💚

Vstupenky koupíš na finalfour.cz",https://www.instagram.com/reel/DW_rXReiCDZ/,,9619,289,3,80
vsefalcons,instagram,709fceba-e311-48e7-9057-f54a587abf4a,411b8110-0834-4210-8d8e-a38edbfb5fa4,IG Story,VIDEO,8.4.2026 15:16:00,📍 ☀️ JSME NA MÍSTĚ,https://www.instagram.com/stories/vsefalcons/3870850537100996688,1043,1123,,,4
@riderspardubice,facebook,f99ed6c3-17cc-46f4-a32e-d9b0576ce2df,44aea99d-ebd3-4b69-be9b-d54582395054,FB Post,IMAGE,12.4.2026 13:55:35,Tohle je crazyyy! Všichni jdeme nabíhejme vyprodat vstupenky na @unihokejfinalfour! 🤯🤯,https://www.facebook.com/1592662819534019/posts/1602747611858873,3734,,54,,
vsefalcons,instagram,709fceba-e311-48e7-9057-f54a587abf4a,5b3f2163-30c6-4f01-983d-c001787e6b7d,IG Story,VIDEO,17.2.2026 17:10:54,"OKOUKNOUT TAKTIKU
PŘED ZÁPASEM @ceskyhokej 👀",https://www.instagram.com/stories/vsefalcons/3834669598901803156,69143,75548,,,2
@univerzitnihokej,instagram,1e114592-3529-4cfe-9977-2598454053af,a077c161-e0d0-413d-8367-1d7298982044,IG Story,VIDEO,8.4.2026 17:06:21,,https://www.instagram.com/stories/univerzitnihokej/3870906059393076355,,957,,,
@hc_muni,instagram,43cd62c8-609d-4ea6-8ce9-cae5242ede0c,eec6d92b-403b-42c0-84a6-5e635a278e6f,IG Reel,VIDEO,13.4.2026 14:22:42,"Sezóna 2025/26 už je sice pryč🏒 tyhle momenty si ale budeme všichni pamatovat ještě hodně dlouho 🐻💙

#hcmuni",https://www.instagram.com/reel/DXEzTz6jM7q/,,3234,88,,13
@united_hk,instagram,b18c071b-0570-48b2-b743-990c668c3c5b,6ec5f204-c8fb-4522-96d0-d0063a2a69eb,IG Post,IMAGE,16.4.2026 8:01:10,"Děkujeme společnosti Dahasl za podporu v sezoně 2025/26.

Dodavatel slaboproudých technologií a bezpečnostních systémů.

Díky, že stojíte za UNIted HK. 🖤🧡

#unitedhk #unihokej #hokej",https://www.instagram.com/p/DXL2CQhiG-C/,,2377,53,,1
@riderspardubice,instagram,4d6a67ab-9313-4f77-a82e-abb18adbca5d,bbbacb5d-b449-4238-8579-852aa49087b4,IG Story,VIDEO,12.4.2026 18:03:18,,https://www.instagram.com/stories/riderspardubice/3873833822349723957,,870,,,6
@univerzitnihokej,instagram,1e114592-3529-4cfe-9977-2598454053af,d68c5bf9-1d77-410a-b158-ae899ee31d7d,IG Story,VIDEO,12.4.2026 17:08:15,"To budeš zítra ty s ušetřenými kačkama, když koupíš lístky v první vlně 👀",https://www.instagram.com/stories/univerzitnihokej/3873806129054648180,,842,,,1
vsefalcons,instagram,709fceba-e311-48e7-9057-f54a587abf4a,1498919b-eb6b-494c-a49b-b8c4988ddd8b,IG Story,IMAGE,16.4.2026 20:51:40,,https://www.instagram.com/stories/vsefalcons/3876817690128059871,1135,540,,,2
vsefalcons,instagram,709fceba-e311-48e7-9057-f54a587abf4a,6067ab7a-5ae0-465b-9ce3-de0719f2c97e,IG Post,IMAGE,1.1.2026 10:08:45,Díky že jste s námi byli v uplynulém roce a přejeme krásný vstup do toho nového ✨ vidíme se brzy!,https://www.instagram.com/p/DS9tPJQCI-o/,,2880,84,,
univerzitnihokej,tiktok,01c88cf9-594f-408e-a45a-95114221acae,b139efb4-ee35-4724-8ec8-f4b49c15604d,TT Video,VIDEO,17.4.2026 14:57:14,Tenhle nástup do zápasu se úplně nepovedl. 😅🕺,https://www.tiktok.com/@univerzitnihokej/video/7629742375371296022?utm_campaign=tt4d_open_api&utm_source=7348986504397455361,,23727,1158,3,174
@univerzitnihokej,facebook,01b45180-0b14-4a14-96e8-d0a4bab1fb9f,8c48cd32-157f-4248-b429-6af633359f10,FB Post,PHOTO,31.3.2026 11:11:26,Oficiálně vypínáme základní část a zapínáme PLAY-IN MODE 😤,https://www.facebook.com/1275398168115026/posts/1274788088176034,1320,,3,,
@engineersprague,facebook,afd06d1d-7b1c-4f66-8d93-ce4255ab773c,b4524416-4352-45cc-ac28-bb1da871fac9,FB Story,VIDEO,12.3.2026 18:47:29,,,,,,,
vsefalcons,instagram,709fceba-e311-48e7-9057-f54a587abf4a,bdbdef9b-691c-4ea7-8cd4-625723f2feff,IG Reel,VIDEO,18.1.2026 19:35:04,"Naše academic weapons se nám svěřili s jejich nejtěžší zkoušku semestru. 🤓 Kluci, budeme držet palce! ✊🏼",https://www.instagram.com/reel/DTqfibbCAeL/,,6247,130,,13
vsefalcons,instagram,709fceba-e311-48e7-9057-f54a587abf4a,485765b4-331e-40a8-9146-98e12b05140a,IG Reel,REEL,12.3.2026 17:23:24,KSN 🤩,https://www.instagram.com/reel/DVytejBCPnk/,,6472,233,3,12
vsefalcons,instagram,709fceba-e311-48e7-9057-f54a587abf4a,783800be-6581-4b42-9901-e2c2311b1284,IG Reel,VIDEO,19.2.2026 18:11:05,"Kdo by podle vás vypadl jako první nebo naopak vyhrál? 🤔
Survivor themed zápas už v úterý, tak přijďte fandit! 🫨 Vstupenky sežene na profilu! 🎟️",https://www.instagram.com/reel/DU8vIAbCJs5/,,8011,114,2,36
@akademiciplzen,instagram,65494228-95bf-4f7b-8e68-d47d7262db66,8c87af2f-1547-480e-9d44-1e5302c4a405,IG Story,VIDEO,1.4.2026 18:47:54,,https://www.instagram.com/stories/akademiciplzen/3865883744142138345,,1123,,,12
vsefalcons,instagram,709fceba-e311-48e7-9057-f54a587abf4a,c455330e-4777-4c41-833b-149b00b1d3f5,IG Story,VIDEO,12.3.2026 16:36:42,SROVNÁVÁ 3:3,https://www.instagram.com/stories/vsefalcons/3851322215308504364,1414,1279,,,
@riderspardubice,instagram,4d6a67ab-9313-4f77-a82e-abb18adbca5d,aca35efc-3d29-4237-bdba-6357145b9e51,IG Story,VIDEO,17.4.2026 14:36:17,1. TŘETINA ZAPOČATA 👊🏻 0:0,https://www.instagram.com/stories/riderspardubice/3877353322017726622,,965,,,
@engineersprague,facebook,afd06d1d-7b1c-4f66-8d93-ce4255ab773c,9694e5d4-de95-401e-8c1f-23c0c25ed8b5,FB Story,VIDEO,2.3.2026 20:12:53,,,,,,,
@riderspardubice,facebook,f99ed6c3-17cc-46f4-a32e-d9b0576ce2df,45420f3f-80a3-42bc-a9d4-0f06734f1559,FB Video,VIDEO,12.4.2026 15:05:35,@unihokejfinalfour těšíme se😎,https://www.facebook.com/reel/2086877262171188/,323,118,2,,
@cvutengineers,instagram,11963a07-7f0f-48e6-9d81-aa63a7ff4a04,7f01104a-bf81-4592-9dcb-2622ab45c735,IG Story,IMAGE,17.4.2026 21:56:49,1 4,https://www.instagram.com/stories/cvutengineers/3877575232492187430,,964,,,2
@cvutengineers,instagram,11963a07-7f0f-48e6-9d81-aa63a7ff4a04,7f5a90ad-6dd4-4f9c-b22a-f42457971c4c,IG Post,IMAGE,13.3.2026 13:42:49,"Bitvu jsme prohráli, ale válka je ještě před náma 🫡

Sezona se blíží do finále a my jdeme dokončit co jsme začali! 

#engprg #srdcelva

📸: @ondra_mann",https://www.instagram.com/p/DV06LI9DB9p/,,12842,502,,25
@cvutengineers,instagram,11963a07-7f0f-48e6-9d81-aa63a7ff4a04,8aad5eab-3920-4048-b88e-2121353cf82c,IG Story,VIDEO,17.4.2026 18:01:37,ZLOMENÁÁÁÁ 🏒 🥲,https://www.instagram.com/stories/cvutengineers/3877456601670270669,,1406,,,2
vsefalcons,instagram,709fceba-e311-48e7-9057-f54a587abf4a,5b1c2184-c306-4ff5-b517-d3d3923a0332,IG Story,VIDEO,8.2.2026 17:44:36,jdeme do vedení,https://www.instagram.com/stories/vsefalcons/3828163575152152944,,965,,,1
@akademiciplzen,instagram,65494228-95bf-4f7b-8e68-d47d7262db66,78a10236-addb-4edb-b1a0-79d3f3b00354,IG Post,IMAGE,6.3.2026 19:48:07,"Jarní bitva už je minulostí! 💥 

Slavnostní buly nám vhodil maskot Olympiády dětí a mládeže, která se uskuteční 24.-28. 1. 2027 u nás v Plzeňském kraji! 🏆

#akademiciplzen 💙 | 📸 @vpotocesevodatoci @novotny_studio.cz",https://www.instagram.com/p/DVjiamNjNgW/,,9154,184,,4
@riderspardubice,instagram,4d6a67ab-9313-4f77-a82e-abb18adbca5d,4312d69c-89d0-4830-be8d-1a62a3070e3b,IG Story,VIDEO,1.4.2026 13:31:09,Děkujeme za podporu!,https://www.instagram.com/stories/riderspardubice/3865724309562220349,,640,,,
vsefalcons,instagram,709fceba-e311-48e7-9057-f54a587abf4a,734806f1-cd0a-488f-b2c5-704c376416f0,IG Story,VIDEO,26.1.2026 16:44:35,POŠLETE KLUKŮM ŠTĚSTÍ DO PRVNÍHO LETOŠNÍHO ZÁPASU 💙 💙,https://www.instagram.com/stories/vsefalcons/3818711276851862756,,891,,,1
@bitvaoprahu,facebook,75e0f41f-82be-4f82-a77b-82ac11135ed2,e759b5c6-2cb0-4402-979d-af3ef6e22ca0,FB Video,VIDEO,12.3.2026 21:52:53,"URAGÁN JMÉNEM UK! 🤯🔥

Poslední dějství finálové bitvy živě na @sport_ct ➕.

@ukkingsprague ⚔️ @cvutengineers o 🥇! #bitvaoprahu",https://www.facebook.com/reel/969725712373468/,130,28,,,
@cvutengineers,instagram,11963a07-7f0f-48e6-9d81-aa63a7ff4a04,41821131-cd65-4748-bbc4-2eb3e855608d,IG Story,VIDEO,17.4.2026 19:19:22,,https://www.instagram.com/stories/cvutengineers/3877495867259535049,,1477,,,1
@riderspardubice,facebook,f99ed6c3-17cc-46f4-a32e-d9b0576ce2df,8f06c526-25f3-4a57-9f03-977df73ce6a5,FB Video,VIDEO,17.4.2026 14:35:27,Začíná tu být horko 😮‍💨🔥,https://www.facebook.com/reel/876442445408828/,504,155,1,,
@united_hk,instagram,b18c071b-0570-48b2-b743-990c668c3c5b,9ffee0a2-745a-4df8-9259-b8ce35459a81,IG Reel,REEL,29.3.2026 15:56:27,"Koupíš Garnier…
a zapomeneš, že první krok = mít vlasy. 😭🏒

#unitedhk #unihokej #uhk #hradeckralove",https://www.instagram.com/reel/DWeV9poiLDE/,,4928,94,,66
@akademiciplzen,instagram,65494228-95bf-4f7b-8e68-d47d7262db66,dd031fde-e994-4ea6-b29d-6ca7f701d1e4,IG Story,VIDEO,10.4.2026 12:56:32,@_adamsobotka,https://www.instagram.com/stories/akademiciplzen/3872229862568363046,,1025,,,2
@riderspardubice,instagram,4d6a67ab-9313-4f77-a82e-abb18adbca5d,967d032a-2975-457f-8e8b-b90075c3d67e,IG Story,IMAGE,17.4.2026 13:31:33,,https://www.instagram.com/stories/riderspardubice/3877320926488692535,,1150,,,1
@hc_muni,instagram,43cd62c8-609d-4ea6-8ce9-cae5242ede0c,42afb632-decb-4a19-9c64-1b0c5e65a270,IG Post,PHOTO,25.3.2026 12:27:17,"🔥 GAME DAY IS HERE🔥
Poslední brněnské derby téhle sezóny je tady, tak si ho pojďme společně pořádně užít a udělat randál! 🐻🥁

Lístky koupíte v biu 🎟️
#hcmuni",https://www.instagram.com/p/DWTq96ECGJG/,,8053,112,,11
@hcnorthwings,facebook,2b08a479-603b-46e4-8a48-2bc0435ccd53,97fc230b-9529-4676-946a-7d4ff3408b87,FB Story,VIDEO,18.3.2026 16:34:14,,,,,,,
@united_hk,instagram,b18c071b-0570-48b2-b743-990c668c3c5b,a22e2681-ce3c-42fd-871d-482f3027b5f8,IG Reel,VIDEO,8.3.2026 18:15:08,"🏒 BAUER Gear Up Challenge
Ještě jeden návrat k momentům z Východočeského derby univerzit.

Během přestávky jsme dali fanouškům výzvu – BAUER Gear Up Challenge.

Úkol byl jasný: 45 vteřin. A obléknout si co nejvíc hokejové výstroje. Helma, chrániče, rukavice…

Kdo to zvládl nejrychleji? Podívej se ve videu.

Díky partnerovi BAUER za skvělý moment derby.

🖤🧡❤️

#unitedhk #unihokej #hokej",https://www.instagram.com/reel/DVohP-1CKBZ/,,3047,43,,
@cvutengineers,instagram,11963a07-7f0f-48e6-9d81-aa63a7ff4a04,5455f048-bbd5-460a-9a28-59e8e3aa854f,IG Post,IMAGE,1.4.2026 10:20:35,"Pojďme si shrnout, jak jsme na tom byli v základní části ⬆️.

Kdo bude náš soupeř pro play-in? To zjistíme už dnes večer! 🔍 Napiš nám do komentářů, koho tipuješ, a vletíme na to společně už 8. 4.! 🦁🔥

#engprg",https://www.instagram.com/p/DWleIjejEc5/,,4838,176,2,18
@riderspardubice,instagram,4d6a67ab-9313-4f77-a82e-abb18adbca5d,e1215bbf-2633-43eb-8bf1-d56629cc915a,IG Story,IMAGE,8.4.2026 17:04:32,,https://www.instagram.com/stories/riderspardubice/3870905139859302046,,792,,,2
vsefalcons,instagram,709fceba-e311-48e7-9057-f54a587abf4a,40ee2725-9c8a-42be-bbb2-5f07958327dc,IG Story,VIDEO,14.3.2026 13:51:25,MADE IT TO 👍🏼,https://www.instagram.com/stories/vsefalcons/3852688582540573035,932,1185,,,1
@univerzitnihokej,facebook,01b45180-0b14-4a14-96e8-d0a4bab1fb9f,877170c6-6c8e-4fae-a7be-7f2db49de039,,IMAGE,16.4.2026 23:38:30,"První den Final Four? Ten stál za to! 😍 Připomeňte si, jak vypadaly semifinálové duely.",https://www.facebook.com/1275398168115026/posts/1287746510213525,835,,2,,
@cvutengineers,instagram,11963a07-7f0f-48e6-9d81-aa63a7ff4a04,e6d9e3bf-1a56-4ed2-82d5-b996ce3608a7,IG Story,VIDEO,8.4.2026 19:11:33,,https://www.instagram.com/stories/cvutengineers/3870969065766703907,,881,,,
vsefalcons,instagram,709fceba-e311-48e7-9057-f54a587abf4a,f55d4281-9bfa-4d9c-bbe7-a4295a33089b,IG Post,ALBUM,11.3.2026 18:43:30,"HOT NEWS 🔥

Už bylo trochu na čase obměnit naši Falcons collection, so here we go 🙂‍↕️

🌸 Holčičí crewneck s nápisem, se kterým souzní snad každá slečna 
🤘🏼Unisex crewneck, kterej bude slušet úplně všem 
🧢 Kšiltovka, která outfit posune ještě o level vejš 

Tohle všechno bude k dostání už zítra na bitvě v naší fanzóně a už brzy i na našem e-shopu 🛍️

Co na merch říkáte? 🤩",https://www.instagram.com/p/DVwS_vLCDNH/,,23705,350,11,215
@univerzitnihokej,facebook,01b45180-0b14-4a14-96e8-d0a4bab1fb9f,0866581c-c448-4f59-bc0a-bd768a07331b,FB Post,IMAGE,9.3.2026 9:03:25,"Moravské derby, finále Bitvy o Prahu a mnoho dalšího! Na co se tento týden těšíte nejvíc? 🤓",https://www.facebook.com/1275398168115026/posts/1257172219937621,548,,1,,
@riderspardubice,instagram,4d6a67ab-9313-4f77-a82e-abb18adbca5d,e5c403f5-9a43-4f46-9817-dcf7eb42dd44,IG Story,VIDEO,31.3.2026 21:31:58,,https://www.instagram.com/stories/riderspardubice/3865241533553636732,,417,,,
@218107044725785,facebook,7a942e3e-6c47-4794-9ba7-bbc7b6d40cb3,bd249c7a-d9ad-4cee-9620-e883572eccfb,FB Video,VIDEO,23.6.2026 8:00:23,"Taky vám už chybí hokej a naši kluci? 🥹🔥

#vsefalcons #icehockey #hockeyboys",https://www.facebook.com/reel/1373545411498259/,403,89,3,,
@united_hk,instagram,b18c071b-0570-48b2-b743-990c668c3c5b,85d95b77-eac7-445c-856a-de6312f3d6c1,IG Story,IMAGE,29.4.2026 19:00:43,,https://www.instagram.com/stories/united_hk/3886183914901350760,,414,,,
vsefalcons,instagram,709fceba-e311-48e7-9057-f54a587abf4a,4344f4fe-4ee4-4efc-8f2a-5637e90f5e8c,IG Reel,REEL,16.3.2026 18:18:36,"Tipovačka s Tipsportem 🔥

Jakého favorita v Extralize máš ty? ✒️⤵️",https://www.instagram.com/reel/DV9HwUSCFmk/,,13908,283,12,38
@univerzitnihokej,facebook,01b45180-0b14-4a14-96e8-d0a4bab1fb9f,d19593b3-8c95-4d8f-8ec7-df00e16d88fa,FB Post,IMAGE,22.3.2026 17:55:39,"V předposledním týdnu základní části překvapili Riders v Ostravě, BOčko naopak sebralo bod druhým Engineers po prodloužení. 🫨 UNIted, Black Dogs i Akademici přestříleli soupeře z nižších pozic a berou 3 body. 🙏🏼",https://www.facebook.com/1275398168115026/posts/1267724078882435,990,,,,
@bitvaoprahu,facebook,75e0f41f-82be-4f82-a77b-82ac11135ed2,b354d0f5-0883-4dfe-8ab8-3ead6d7483af,FB Post,IMAGE,10.3.2026 13:57:54,"Kdo už se taky nemůže dočkat, ruku do komentářů! 🖐🏼
Nenech si to ujít ❤️ lístky na bitvaoprahu.cz",https://www.facebook.com/1441262177797849/posts/1418640410060026,213,,,,
@univerzitnihokej,instagram,1e114592-3529-4cfe-9977-2598454053af,d1fb7151-0f90-4e6b-8b72-77a5bc670566,IG Story,VIDEO,9.4.2026 15:59:36,🎟️,https://www.instagram.com/stories/univerzitnihokej/3871597235460907124,,874,,,
@united_hk,tiktok,7e062517-b9da-416d-b73d-a2c5899a2be6,d52d238c-09ac-4a1a-a0b2-9c592746ff04,TT Video,VIDEO,8.3.2026 10:09:27,🧅 Kaufland Cutting Challenge Vracíme se ještě k momentům z Východočeského derby univerzit. Derby není jen o hokeji. Během přestávky jsme si dali rychlou výzvu – Kaufland Cutting Challenge. Úkol byl jednoduchý: 45 vteřin. Hokejové rukavice. A co nejvíc najemno nakrájet cibuli. Jak to dopadlo? Podívej se ve videu. Díky partnerovi Kaufland za další zábavný moment derby. 🖤🧡❤️ #unitedhk #unihokej #hokej,https://www.tiktok.com/@united_hk/video/7614824806646566166?utm_campaign=tt4d_open_api&utm_source=7348986504397455361,,1040,24,,
@akademiciplzen,instagram,65494228-95bf-4f7b-8e68-d47d7262db66,e08b1de2-af95-488f-9d53-64deeecb0440,IG Story,VIDEO,2.4.2026 9:34:24,,https://www.instagram.com/stories/akademiciplzen/3866329927935360274,,1707,,,1
@cvutengineers,instagram,11963a07-7f0f-48e6-9d81-aa63a7ff4a04,41e591b1-c894-42c5-9bf8-07a6a3907f77,IG Post,IMAGE,4.3.2026 8:33:50,"🚨 GAMEDAY | Dnes hrajeme doma!
V tradičních 20:00 vyzvedneme na našem ledě @united_hk 🔥. Jak tento duel dopadne? Přijď se podívat na Hvězdu a pořádně nám zafandit! Těšíme se 👋🏻. 

#engprg",https://www.instagram.com/p/DVdLZ0MDEBd/,,4828,65,,10
@cvutengineers,instagram,11963a07-7f0f-48e6-9d81-aa63a7ff4a04,fc91c1e7-4439-4aa8-8aab-5ab40b561542,IG Story,VIDEO,4.4.2026 12:35:00,😜 😜,https://www.instagram.com/stories/cvutengineers/3867870418468400266,,1089,,,1
@univerzitnihokej,instagram,1e114592-3529-4cfe-9977-2598454053af,a2323d03-95e7-47db-90a0-51ec4dc5b985,IG Post,IMAGE,3.3.2026 16:47:01,"Základní část končí za 22 dní. ⏳ Body se ještě sbírají, tabulka se může zamotat… ale program Final Four už je jasný. ☝🏻🔥

16. 4. – semifinálový den (2 zápasy)
17. 4. – utkání o bronz & finále 🏆

Dva dny. Čtyři týmy. Jeden titul. 
Vstupenky na finalfour.cz 🎟️",https://www.instagram.com/p/DVbfTfjCHOB/,,8308,136,,35
vsefalcons,instagram,709fceba-e311-48e7-9057-f54a587abf4a,2e36a47c-2493-494c-aa7d-d55c3673aee5,IG Story,VIDEO,12.3.2026 17:40:07,"no není to krásný 🥹 se vrátil z erasmu, jen aby dal gól na bitvě",https://www.instagram.com/stories/vsefalcons/3851356604121743894,1697,1513,,1,3
@BOhokej,facebook,c9082543-a03b-490f-8f97-66d439acce89,8747a0ec-b063-49be-92f2-12e08c999c4a,FB Video,VIDEO,20.3.2026 20:43:42,"Je to tady! 🔥

Sezona se blíží ke svému konci a nás tak čeká poslední domácí utkání základní části! 

Nenechte si to ujít a doražte do RT TORAX ARENY! 🏒

#hockey #lastdance #boostrava",https://www.facebook.com/reel/2407389409726406/,310,107,,,
vsefalcons,instagram,709fceba-e311-48e7-9057-f54a587abf4a,40711d91-fb48-4c3a-99c2-f7474cc3783e,IG Story,VIDEO,25.5.2026 13:19:09,"děkujeme
@vsecz & @ctvsvse 
za prostory 🙏🏼 MY UŽ V TICHOSTI ZVEDÁME
V NAŠÍ ŠKOLNÍ POSILOVNĚ 🏋️‍♂️ 💪🏼",https://www.instagram.com/stories/vsefalcons/3904855899562862087,,3689,,,10
@hcnorthwings,facebook,2b08a479-603b-46e4-8a48-2bc0435ccd53,dbaf30dc-bcae-458f-aefd-c5d3f993f9d5,FB Story,IMAGE,11.3.2026 19:57:09,,,,,,,
@boostrava,instagram,1176ddaf-d366-48a2-9639-3c6694c72c85,f6604887-b06f-425b-9bd1-d2c4e17aacad,IG Reel,VIDEO,18.4.2026 10:52:43,HISTORICKY PRVNÍ FINAL FOUR🔥,https://www.instagram.com/reel/DXRTQeOjJQl/,,2685,70,1,1
@univerzitnihokej,instagram,1e114592-3529-4cfe-9977-2598454053af,2647bc0b-c8a2-4cd0-8932-1477ebbe1105,IG Post,IMAGE,10.4.2026 14:11:57,Směr cesty 16. a 17.4. je jasnej! ➡️ @unihokejfinalfour 📍Zimní stadion Eden,https://www.instagram.com/p/DW9DxBKCLfC/,,15024,344,,3
vsefalcons,instagram,709fceba-e311-48e7-9057-f54a587abf4a,4c19965d-6a9d-49a3-b399-73cd360d387d,IG Reel,VIDEO,9.12.2025 19:41:14,Jdeme do vedení na konci 1️⃣ třetiny! Druhý gól za Falcons si připisuje @_suchos88_ 🔥,https://www.instagram.com/reel/DSDgU6vCHW2/,,8145,177,1,6
vsefalcons,instagram,709fceba-e311-48e7-9057-f54a587abf4a,67798d0e-1443-4c76-ae2f-e0a374c34052,IG Story,VIDEO,14.4.2026 13:22:58,OUTFIT NA POV: 🫵🏼 @unihokejfinalfour,https://www.instagram.com/stories/vsefalcons/3875142278767465660,671,706,,,1
vsefalcons,instagram,709fceba-e311-48e7-9057-f54a587abf4a,81ae8f0c-1ca2-400e-869d-0a26a09129d7,IG Story,VIDEO,8.4.2026 16:27:16,,https://www.instagram.com/stories/vsefalcons/3870886386110871559,909,882,,,2
@united_hk,instagram,b18c071b-0570-48b2-b743-990c668c3c5b,bc2849d4-66b7-4424-815b-2daecf69632c,IG Story,VIDEO,22.4.2026 17:56:30,Sobota už se blíží!,https://www.instagram.com/stories/united_hk/3881078043418590309,,374,,,
@univerzitnihokej,facebook,01b45180-0b14-4a14-96e8-d0a4bab1fb9f,04c3caac-5f7e-4117-b503-dd8ebdaf93ee,FB Post,IMAGE,3.3.2026 21:52:38,Falcons se dnes vyspali lépe než včera a posílají Akademiky zpátky do Plzně bez bodů 🚌,https://www.facebook.com/1275398168115026/posts/1253206820334161,718,,4,,
@univerzitnihokej,instagram,1e114592-3529-4cfe-9977-2598454053af,be1c6d54-dbd5-4234-ac12-44f5a31be403,IG Story,VIDEO,15.4.2026 7:56:19,,https://www.instagram.com/stories/univerzitnihokej/3875702644752826411,,1420,,,43
vsefalcons,instagram,709fceba-e311-48e7-9057-f54a587abf4a,cfd136aa-d061-40b5-817d-6bb06a839def,IG Post,IMAGE,8.4.2026 18:45:14,"Sen, který jsme měli od začátku sezóny. A teď ho žijem, tady s váma ❤️

Falcons, vidíme se za týden v Edenu! @unihokejfinalfour 🥹",https://www.instagram.com/p/DW4Zc22iO1A/,,19081,416,10,64
vsefalcons,instagram,709fceba-e311-48e7-9057-f54a587abf4a,dada7c29-8cc3-4f7e-b282-44be6844a5ae,IG Story,VIDEO,6.3.2026 16:41:37,,https://www.instagram.com/stories/vsefalcons/3846976008717129191,,863,,,3
@cvutengineers,instagram,11963a07-7f0f-48e6-9d81-aa63a7ff4a04,f192ba36-e88d-4396-beef-08c87a30502a,IG Post,PHOTO,25.3.2026 7:41:04,"GAMEDAY | Poslední zápas základní části je tady! 🔥

Dnešní večer bude speciální ✨. Na ledě se naposledy v rámci základní části představí několik hráčů, kteří se po sezoně rozloučí s Engineers 🥺. Přijď jim vyjádřit respekt 🫶🏻 a podpořit nás. 

⏰ 20:00
📍 Zimní stadion Hvězda 
🎟️ Odkaz v biu",https://www.instagram.com/p/DWTJVQtjIwf/,,4978,113,,14
vsefalcons,instagram,709fceba-e311-48e7-9057-f54a587abf4a,1905fa18-a872-46f7-8062-029c955cc139,IG Story,VIDEO,31.3.2026 14:19:45,TRADIČNÍ BRAZILKA ⚽️,https://www.instagram.com/stories/vsefalcons/3865024052398186634,1102,1066,,,1
@univerzitnihokej,facebook,01b45180-0b14-4a14-96e8-d0a4bab1fb9f,511a3e43-b926-4f21-ba76-ae862060be70,FB Post,IMAGE,23.3.2026 21:45:50,"Black Dogs vystrčili růžky a seřezali krále tabulky 🫣 východní Čechy patří Hradci, připisují si 4. výhru proti Riders 💪🏼",https://www.facebook.com/1275398168115026/posts/1268692002118976,576,,3,,
vsefalcons,instagram,709fceba-e311-48e7-9057-f54a587abf4a,86b69f1c-72a3-43cc-b554-26bafc8b0311,IG Story,VIDEO,3.3.2026 18:37:17,PARTNEREM DNEŠNÍHO UTKÁNÍ JE  @mosteckamontazni 👷🏽‍♂️ 🦺,https://www.instagram.com/stories/vsefalcons/3844860152646206821,779,960,,,1
@218107044725785,facebook,7a942e3e-6c47-4794-9ba7-bbc7b6d40cb3,b100f46d-fd8a-4362-a872-4fdbde305c1f,FB Video,VIDEO,14.4.2026 7:17:56,"Party moves, které oživí každou afterku🕺🏽

A dokonce i tu, co bude po @unihokejfinalfour 🤪 Ve čtvrtek i v pátek na vás čeká party přímo vedle zimáku 🥂 Tak vem kámoše a prodlužte si večer 🤘🏼

🎟️ Lístky kupujte na finalfour.cz",https://www.facebook.com/reel/851836427931147/,580,285,10,,
vsefalcons,instagram,709fceba-e311-48e7-9057-f54a587abf4a,16cc5f01-ff70-4658-a3aa-ededbb8ebb55,IG Story,VIDEO,3.3.2026 19:54:10,nic hezčího dnes neuvidíš,https://www.instagram.com/stories/vsefalcons/3844902190402043114,579,758,,,
@riderspardubice,facebook,f99ed6c3-17cc-46f4-a32e-d9b0576ce2df,bbc46856-4f8d-421a-82d8-7554f98a2225,FB Post,IMAGE,12.3.2026 15:39:22,"Poslední zápas v dresu Riders pro @dominikkopecky_99 🔥

Přijď udělat Dominikovi do enteria areny nezapomenutelnou atmosféru a rozloučit se s ním na zápas proti @united_hk! 

🎟️ Vstupenky ve slevě s kódem KOPECKY20 👀",https://www.facebook.com/1592662819534019/posts/1574561141344187,506,,10,,
@univerzitnihokej,instagram,1e114592-3529-4cfe-9977-2598454053af,cb5aceec-cd17-438f-aa0f-cb13713a8bbc,IG Post,IMAGE,5.4.2026 15:36:49,"V semifinále play-in se letošní sezóna uzavřela i pro BOčko. Vyrovnaný duel s Riders dospěl až do prodloužení, které rozhodlo o konečném výsledku.

Ostravo, díky za energii a nasazení, které jste letos ukázali 💪🏼",https://www.instagram.com/p/DWwVgNFCJMn/,,5167,150,,6
vsefalcons,instagram,709fceba-e311-48e7-9057-f54a587abf4a,5f395105-1446-4d26-8765-47808d4c7416,IG Reel,VIDEO,16.2.2026 7:58:23,"Kluci jsou na zítřejší olympijský zápas víc než ready, tak buď i ty 🫵🏼 

Napiš do komentářů “SLEVA” a my ti do DMs pošleme kódík na slevičku na zítřejší zápas 🤪 

Těšíme se na vás 💙",https://www.instagram.com/reel/DUz6jqACHkh/,,6693,68,1,7
vsefalcons,instagram,709fceba-e311-48e7-9057-f54a587abf4a,98700605-7bdb-4bbf-8b6c-34913d56f585,IG Post,IMAGE,11.1.2026 17:48:55,"FALCONS PUB KVÍZ IS BAAAACK!

Minule sklidil velký úspěch, a proto jsme se ho rozhodli udělat znovu a mnohem vymazlenější! 🤓

Čeká vás večer plný zábavy, dobrého piva a pořádné dávky vědomostního adrenalinu. 🧠 Vyhrát můžete bombové ceny, kterými nás vybavil Red Bull, Proud nebo Grant Thornton, a vítěz si domu odnese lístky na Bitvu o Prahu ‼️

Do týmu se může přihlásit 4-5 lidí, vstupné je zdarma a bar s top drinky je samozřejmostí. 🥂

26.2. | Quattro Modulare, Italská budova | 19:00

Registrovat se můžete přes link na profilu. Těšíme se na vás! 💙

#vsefalcons #pubkviz",https://www.instagram.com/p/DTYR2S8iM0B/,,15303,96,,123
@AkademiciPlzen,facebook,d87b94e3-03e8-45d0-b92e-75e9b819545c,a25e60d7-f27c-48c5-a842-e90737aa6d6b,FB Video,VIDEO,24.3.2026 18:37:53,"I náš nejhladovější hráč @_rihastepan_ má před tréninkem spousty energie na rozdávání! ⚡️

#zott #zotthungry #hungrydrinkthis",https://www.facebook.com/reel/1418928949507166/,461,113,2,,
@hcnorthwings,facebook,2b08a479-603b-46e4-8a48-2bc0435ccd53,a6966b33-6226-4d01-a18f-a1675066441b,FB Video,VIDEO,12.3.2026 4:58:54,🎤 | Pozápasové ohlasy z 24.kola @univerzitnihokej v podání @akademiciplzen (Kamil #Hajšman) #univerzitnihokej,https://www.facebook.com/reel/983824994148395/,481,133,3,,
vsefalcons,instagram,709fceba-e311-48e7-9057-f54a587abf4a,d546a648-b5a3-4f41-9aab-cacb822986d7,IG Story,VIDEO,31.3.2026 17:43:47,JDEME DO VEDENÍ! 2 minuty před koncem,https://www.instagram.com/stories/vsefalcons/3865126718658860442,983,850,,1,
vsefalcons,instagram,709fceba-e311-48e7-9057-f54a587abf4a,eafe844c-4821-4b29-a305-c77838779afb,IG Story,VIDEO,13.2.2026 7:26:08,🖐🏼,https://www.instagram.com/stories/vsefalcons/3831476128489953096,555,692,,,2
vsefalcons,instagram,709fceba-e311-48e7-9057-f54a587abf4a,0c2e803b-9a31-40c7-9649-c1a43276ee83,IG Post,CAROUSEL_ALBUM,7.2.2026 20:38:07,"Ohlédnutí za úterním zápasem 📸

Další zápas už v úterý 10. 2. od 19:45 proti Riders.
Přijďte nás podpořit a užít si hokej ještě před startem školy 🚀💙
📷 @martincacha",https://www.instagram.com/p/DUeGrMJCPut/,,5939,123,,5
@riderspardubice,instagram,4d6a67ab-9313-4f77-a82e-abb18adbca5d,2e325bea-eb59-4a39-9e14-f4117bede240,IG Story,VIDEO,13.4.2026 10:13:26,,https://www.instagram.com/stories/riderspardubice/3874322102090530306,,651,,,
@engineersprague,facebook,afd06d1d-7b1c-4f66-8d93-ce4255ab773c,69c20ac4-cd68-4c81-b2eb-350e3bbbc292,FB Story,VIDEO,2.3.2026 20:12:46,,,,,,,
@AkademiciPlzen,facebook,d87b94e3-03e8-45d0-b92e-75e9b819545c,fd34b6bb-17ad-40e3-bccb-62bdbad2e149,FB Post,IMAGE,4.3.2026 17:56:20,"Rozbruslení za námi, POJĎME! 💙

#akademiciplzen #jarnibitva",https://www.facebook.com/1357105236437494/posts/1334713738676644,554,,7,,
vsefalcons,instagram,709fceba-e311-48e7-9057-f54a587abf4a,fd5f24be-3603-4df4-b2b2-71b3958f3047,IG Story,IMAGE,10.2.2026 22:25:48,,https://www.instagram.com/stories/vsefalcons/3829754620528835598,612,812,,,1
@univerzitnihokej,instagram,1e114592-3529-4cfe-9977-2598454053af,585c0050-8dbf-4aab-a689-144e30b70afa,IG Post,IMAGE,9.4.2026 10:26:01,VŠE Falcons přiletí 16.4. taky do Edenu! 🦅 Vstupenky na finalfour.cz 🎟️,https://www.instagram.com/p/DW6FHYnCNh7/,,8915,177,1,16
@akademiciplzen,instagram,65494228-95bf-4f7b-8e68-d47d7262db66,7cc9db3e-8be2-4ba8-a473-f0edb56ba1bf,IG Story,VIDEO,7.4.2026 11:41:37,BRUSLENÍ S AKADEMIKY SE BLÍŽÍ! ⛸️ @akademicifans,https://www.instagram.com/stories/akademiciplzen/3870017832549643955,,1127,,,5
@cvutengineers,instagram,11963a07-7f0f-48e6-9d81-aa63a7ff4a04,b7832d1d-0583-42a0-9376-0e5247799b5a,IG Reel,VIDEO,17.4.2026 18:16:07,"💙🦁DRŽÍME VŠECHNY PALCE!!!!!

Pošli lva pro štěstí do komentářů! ⤵️",https://www.instagram.com/reel/DXPhBhFDNEK/,,11346,253,,14
@univerzitnihokej,facebook,01b45180-0b14-4a14-96e8-d0a4bab1fb9f,e85e3cce-f887-4735-8ade-78245a4370cd,FB Video,VIDEO,18.3.2026 17:36:11,"K hokeji to pivo prostě patří. 😎
A na unihokeji? Jedině @pivoproud 🍻",https://www.facebook.com/reel/1762766331349489/,456,75,,,
vsefalcons,instagram,709fceba-e311-48e7-9057-f54a587abf4a,0315b82b-7b80-4374-9c16-9bdda3d78071,IG Story,VIDEO,8.2.2026 17:47:10,"LUKÁŠ
NOVÁK 93",https://www.instagram.com/stories/vsefalcons/3828164864699319733,,1287,,,1
@united_hk,instagram,b18c071b-0570-48b2-b743-990c668c3c5b,54be7439-b54c-414b-8e5b-9e15eda5090f,IG Post,IMAGE,11.4.2026 18:49:00,"Po dvou sezonách se s UNIted HK loučí i naše fyzioterapeutka Tereza Macholdová.

Terka se během svého působení stala důležitou součástí realizačního týmu a její odborný dohled několikrát pomohl nejen hráčům, ale občas i vedení. No jo… už nejsme nejmladší. 🙂

UNIted HK reprezentovala i na Viking Cupu v Kanadě jako součást výběru Univerzitní ligy ledního hokeje.

Teď ji čekají nové životní výzvy spojené s dokončením studia na Lékařské fakultě UK a návratem do rodného města.

Terko, děkujeme za vše, co jsi pro UNIted HK udělala, a přejeme ti hodně štěstí do další životní kapitoly.

🖤🧡

#unitedhk #unihokej #hokej",https://www.instagram.com/p/DXAILUeiDBV/,,11535,193,4,25
@vutcavaliersbrno,instagram,b384bebf-72f3-4f9d-8b2d-3677709f6966,771ec6f1-b011-4352-b435-e5361fe95472,IG Post,IMAGE,4.3.2026 10:31:20,"GAMEDAY 🔥
V boji o důležité tři body dnes vyzveme @boostrava 👈 
Přijď nás podpořit 🏒
🚌 Doprava zajištěna",https://www.instagram.com/p/DVdY6HSiM9u/,,1106,17,,
vsefalcons,instagram,709fceba-e311-48e7-9057-f54a587abf4a,77a1690f-ba0d-4cf7-b0b0-e5a31d0bc59b,IG Story,IMAGE,20.1.2026 14:04:50,,https://www.instagram.com/stories/vsefalcons/3814282210920923140,,1265,,,8
@riderspardubice,instagram,4d6a67ab-9313-4f77-a82e-abb18adbca5d,7c5d6d4d-a807-487c-a259-cc51c57c968d,IG Reel,VIDEO,17.4.2026 14:54:39,Goalie 🥅❤️‍🔥,https://www.instagram.com/reel/DXPKK0JDCGF/,,6576,184,2,48
@akademici_plzen,tiktok,8f78cb3d-9c53-4c33-9f39-e6526fd8fa1c,84a66fd0-3cb5-4775-b170-26bd3e8a3c15,TT Video,VIDEO,30.3.2026 16:06:48,"Pokud máš hlad jako Ženda, dej si Zott a buď dobrej! 😎😋 #zott #zotthungry #hungrydrinkthis",https://www.tiktok.com/@akademici_plzen/video/7623080773108698390?utm_campaign=tt4d_open_api&utm_source=7348986504397455361,,1765,100,,13
@cvutengineers,instagram,11963a07-7f0f-48e6-9d81-aa63a7ff4a04,e3d7e762-afb0-4f34-99f6-c5cd54939f33,IG Post,ALBUM,25.3.2026 19:26:26,"Do svého 1️⃣0️⃣0️⃣ zápasu dnes nastoupil také KUBA DOHNAL 👏🏼

Díky za všechny sezony, které jsi odehrál s naším znakem na hrudi. Zanechal si tu mnohem víc, než jen skvělé výkony na ledě. 

Přejeme ti jen to nejlepší. 🙏🏻
Jednou Engineer, navždy Engineer! 🦁",https://www.instagram.com/p/DWUbCaoDNkN/,,10573,348,2,7
@218107044725785,facebook,7a942e3e-6c47-4794-9ba7-bbc7b6d40cb3,fe548f08-f6fb-4fb7-a08b-606e477cf85b,FB Video,VIDEO,17.4.2026 14:56:54,"all eyes on @cech.ondrejj & @drabek_adam 🤩

#vsefalcons #finalfour",https://www.facebook.com/reel/1117489860564163/,1050,344,14,,
vsefalcons,instagram,709fceba-e311-48e7-9057-f54a587abf4a,2d19371b-a079-4d77-bb6d-34793ffc456f,IG Reel,VIDEO,24.2.2026 9:31:41,"Survivor mode: ON 🥊

Druhý díl @survivorcs_official již dnes na Kateřinkách od 19:45! 🏝️",https://www.instagram.com/reel/DVIrWaziD9R/,,3797,49,,3
@riderspardubice,instagram,4d6a67ab-9313-4f77-a82e-abb18adbca5d,32ad6c6e-f9c7-4d59-b31f-976856047381,IG Story,VIDEO,2.4.2026 8:47:27,@foxconn_czech 👋,https://www.instagram.com/stories/riderspardubice/3866306292797454042,,611,,,
vsefalcons,instagram,709fceba-e311-48e7-9057-f54a587abf4a,81cd3151-da86-45b7-827e-161d4bc8b5ea,IG Reel,VIDEO,8.6.2026 14:17:14,they counting down the days until summer training ends 💀 #icehockey #vsefalcons #,https://www.instagram.com/reel/DZU_CzRI38q/,,1446,35,,2
vsefalcons,instagram,709fceba-e311-48e7-9057-f54a587abf4a,a80fbb0f-9be1-437d-925f-efe187194e12,IG Story,VIDEO,7.2.2026 21:12:15,PŘÍŠTÍ ZÁPAS UŽ V ÚTERÝ 🎟️ 🦅,https://www.instagram.com/stories/vsefalcons/3827543282444416976,,992,,,
@riderspardubice,instagram,4d6a67ab-9313-4f77-a82e-abb18adbca5d,10733b4b-d158-47cd-8f21-3a72a49e2114,IG Reel,VIDEO,17.4.2026 16:18:38,"Chvilku pro sebe 🫂
@63skorpiz & @radek_bednar_",https://www.instagram.com/reel/DXPTkIuDCJx/,,6947,237,,16
@VUTCavaliersBrno,facebook,3351b43e-4b71-442b-b2f1-920cd6e57ee5,17390d28-c922-4b51-9eb3-f742bab5345a,FB Video,VIDEO,4.4.2026 9:10:25,"Právě nám začíná mezisezónní období, na které se můžeme plně vybavit díky našemu partnerovi @sportega.cz 🏸
Pokud i vy sháníte nové sportovní vybavení, doporučujeme navštívit jejich pobočku📍Křenová 26 Brno
Veškerý sortiment si tam můžete vyzkoušet, abyste měli jistotu, že vám zvolená výbava bude plně vyhovovat😌 Za nás prostě 🔝topka🙌",https://www.facebook.com/reel/962230096270154/,385,134,2,,
vsefalcons,instagram,709fceba-e311-48e7-9057-f54a587abf4a,2bd091eb-8b72-4969-8534-c17ae8aec4f1,IG Story,VIDEO,12.3.2026 14:27:56,GETTIN’ READY 🏒,https://www.instagram.com/stories/vsefalcons/3851257388003240839,1608,1698,,,1
@univerzitnihokej,instagram,1e114592-3529-4cfe-9977-2598454053af,a39196f1-91d1-4b46-8baf-db3233a56f13,IG Reel,VIDEO,12.3.2026 19:04:24,Kdo dneska vyhraje finále @bitvaoprahu ?👀,https://www.instagram.com/reel/DVy6ArAiBtD/,,30031,500,1,215
@hcmuni,facebook,d1f9e9f9-7526-42d4-85aa-13f91e89f7cf,5fb75942-8e31-4554-8112-bd821e01c134,FB Post,IMAGE,4.3.2026 21:24:45,"Pátá sice odbila, ani tak to ale nestačilo ⚔️",https://www.facebook.com/1581741777288398/posts/1557031689759407,403,,2,,
vsefalcons,instagram,709fceba-e311-48e7-9057-f54a587abf4a,768ea0e6-ab98-4225-89c8-dd687928fea4,IG Story,VIDEO,24.3.2026 20:11:30,"NEVZDÁVÁME
SE 💪🏼",https://www.instagram.com/stories/vsefalcons/3860127641319788047,756,559,,,
@riderspardubice,instagram,4d6a67ab-9313-4f77-a82e-abb18adbca5d,e6a3efda-0ebb-4045-91cf-fabf7f5792b8,IG Story,IMAGE,8.4.2026 22:21:57,,https://www.instagram.com/stories/riderspardubice/3871064900730937291,,105,,,
@riderspardubice,instagram,4d6a67ab-9313-4f77-a82e-abb18adbca5d,775bfdfa-3346-4eb6-8f03-7ff44dc6a711,IG Post,IMAGE,4.3.2026 21:00:54,Důležitý zápas VYHRÁN! Další 3 body jsou v Pardubicích!💪🏼🥳,https://www.instagram.com/p/DVeg6pPDAQU/,,5872,94,,13
@hcnorthwings,facebook,2b08a479-603b-46e4-8a48-2bc0435ccd53,f0013a63-b978-40fa-9c2e-e8b458d1fe98,FB Story,VIDEO,18.3.2026 17:57:04,,,,,,,
vsefalcons,instagram,709fceba-e311-48e7-9057-f54a587abf4a,428d2565-d69d-4057-89e8-0641587006a8,IG Story,VIDEO,20.4.2026 16:33:30,VOUSY DOLE A HNED TO JSOU ZAS FEŠÁCI 🫦 🤩,https://www.instagram.com/stories/vsefalcons/3879586670987193178,889,916,,1,4
@hcmuni,facebook,d1f9e9f9-7526-42d4-85aa-13f91e89f7cf,bbd654f4-8c92-4026-8112-35ec4f753857,FB Post,PHOTO,23.3.2026 8:09:52,"Hokej na ledě možná skončil, ale na parketu to teprve začíná! 🏒🔥 Nenech si ujít AFTERPARTY v @maisonclublounge 
Doraž a pojďme společně sezónu zakončit v tom největším stylu!💙

💥 A vstup? Jen za „kilečko“ (100kč)! Lístky bereš rovnou na místě, žádnej stres📍

Na suchu taky nezůstaneš!!! 🥂🍹
Velké panáky za 20kč
Speciální drinky za 120kč

#hcmuni",https://www.facebook.com/1581741777288398/posts/1573577611438148,496,,2,,
@218107044725785,facebook,7a942e3e-6c47-4794-9ba7-bbc7b6d40cb3,ee46d7d0-8301-4f26-b637-c813e8ddedc1,FB Post,IMAGE,8.4.2026 18:45:30,"Sen, který jsme měli od začátku sezóny. A teď ho žijem, tady a teď, s váma ❤️

Falcons, vidíme se za týden v Edenu! @unihokejfinalfour 🥹",https://www.facebook.com/122282816036218300/posts/122283039152218300,1565,,22,,
@218107044725785,facebook,7a942e3e-6c47-4794-9ba7-bbc7b6d40cb3,c3a25d95-7ff5-4110-afc9-834ad16c835c,FB Post,IMAGE,14.3.2026 19:05:27,Těžký týden zakončujeme bodem z Brna.,https://www.facebook.com/122282816036218300/posts/122278835144218300,265,,4,,
@riderspardubice,instagram,4d6a67ab-9313-4f77-a82e-abb18adbca5d,0181021b-421b-4fe5-ac9d-0187747f5f40,IG Story,VIDEO,4.4.2026 13:01:23,,https://www.instagram.com/stories/riderspardubice/3867883651950455030,,728,,,
@hc_muni,instagram,43cd62c8-609d-4ea6-8ce9-cae5242ede0c,0de23c1c-b02a-4d04-bfac-60c0b3c63a6c,IG Story,VIDEO,15.4.2026 18:57:20,DĚKUJEME VŠEM💙,https://www.instagram.com/stories/hc_muni/3876035424682958257,,366,,,
vsefalcons,instagram,709fceba-e311-48e7-9057-f54a587abf4a,062858fe-1e53-4779-bf34-bd85faa19dfb,IG Reel,VIDEO,9.12.2025 21:50:18,Nejprve vyrovnal 2️⃣1️⃣ vteřin do konce… pak rozhodl. @michal.danniel 🔥,https://www.instagram.com/reel/DSDuxieiAyW/,,10507,317,2,7
@riderspardubice,facebook,f99ed6c3-17cc-46f4-a32e-d9b0576ce2df,df7ef1f4-cfa4-4840-ab3a-4e0fbe322a52,FB Video,VIDEO,3.4.2026 16:00:24,"Čistá hlava, čistá hra 🔥🥵
@garnier_czsk",https://www.facebook.com/reel/1903017330349491/,684,215,4,,
@riderspardubice,instagram,4d6a67ab-9313-4f77-a82e-abb18adbca5d,62d2f4b1-d2ef-4da1-b975-09b61665271b,IG Story,VIDEO,17.4.2026 16:39:19,🤏,https://www.instagram.com/stories/riderspardubice/3877415332789150266,,881,,,
@united_hk,instagram,b18c071b-0570-48b2-b743-990c668c3c5b,bc884781-f499-47a8-90aa-14feb8a1f47a,IG Post,PHOTO,31.3.2026 7:51:49,"🔥 Dnes začíná bitva o Final Four.

PLAY-IN.

Jeden zápas, který rozhodne všechno.

Vyhraješ a zůstáváš ve hře.
Prohraješ a sezóna končí.

Dnes jdeme ALL IN.

Drž nám palce.🖤🧡

#unitedhk #unihokej #uhk #hradeckralove",https://www.instagram.com/p/DWioLE7CPCb/,,7331,99,,11
vsefalcons,instagram,709fceba-e311-48e7-9057-f54a587abf4a,bd711ab0-dd5c-4add-bc4a-03904e73d707,IG Story,IMAGE,30.3.2026 9:28:29,"“zítra nejdu na hokej, o nic nejde”
doslova já:",https://www.instagram.com/stories/vsefalcons/3864152663579480034,691,823,,,7
@akademiciplzen,instagram,65494228-95bf-4f7b-8e68-d47d7262db66,12852192-17c5-464a-acfa-192a49ff6333,IG Post,IMAGE,1.4.2026 15:03:14,"Hokejem tenhle večer teprve začíná. 🏒 

Ze stadionu se všichni přesouváme na after do No Limitu. Vidíme se tam! 🕺🏼

#akademiciplzen",https://www.instagram.com/p/DWl99syjP-e/,,12247,154,2,102
vsefalcons,instagram,709fceba-e311-48e7-9057-f54a587abf4a,4cf05b5d-ebc3-4daa-a966-3c216e0b049a,IG Story,VIDEO,8.6.2026 13:44:57,MONDAY DRILL 🥵,https://www.instagram.com/stories/vsefalcons/3915015850474142488,,1018,,,11
vsefalcons,instagram,709fceba-e311-48e7-9057-f54a587abf4a,6ea49123-5037-4c51-88e5-8eef0e1b1db3,IG Story,VIDEO,13.2.2026 13:35:58,🤹🏻‍♂️ @hamrbrmbrm13,https://www.instagram.com/stories/vsefalcons/3831662305474037144,904,904,,,4
@united_hk,instagram,b18c071b-0570-48b2-b743-990c668c3c5b,76c9d0cc-ba92-483b-95ac-fa047d839e81,IG Post,IMAGE,23.4.2026 8:05:42,"Děkujeme MarketingPPC za podporu v sezoně 2025/26.

Digitální agentura, která pomáhá firmám růst díky chytrým online kampaním a práci s daty.

Díky, že stojíte za UNIted HK. 🖤🧡",https://www.instagram.com/p/DXd4LadiOLI/,,826,8,,1
vsefalcons,instagram,709fceba-e311-48e7-9057-f54a587abf4a,f86708a7-3fa9-4f83-a923-53d47904c8a0,IG Story,VIDEO,9.3.2026 11:01:35,MÁME TU DNES NĚKOHO NA ŽIŽKOVĚ? 🤔,https://www.instagram.com/stories/vsefalcons/3848979201252677441,868,,,,1
univerzitnihokej,tiktok,01c88cf9-594f-408e-a45a-95114221acae,e5160e91-eb87-4539-81e6-fb11cfd366d5,TT Video,VIDEO,10.4.2026 15:26:06,"Pražáci, jste ready? 👀🔥 Dvě Bitvy o Prahu nestačily… tak si dáme ještě jedno opáčko. Ale tentokrát o titul celé ligy! 🏆 Ať fandíš UK, ČVUT nebo VŠE – tvůj tým tě potřebuje. 🗓️ 16.-17. dubna | 📍Zimní stadion Eden 🎟️ finalfour.cz",https://www.tiktok.com/@univerzitnihokej/video/7627152206835404035?utm_campaign=tt4d_open_api&utm_source=7348986504397455361,,1049,76,,1
@riderspardubice,instagram,4d6a67ab-9313-4f77-a82e-abb18adbca5d,feec72b1-03c4-480c-8ae3-b7ca7879052b,IG Story,VIDEO,17.4.2026 13:16:25,PŘED ZÁPASEM SE ODEHRÁL MANAŽERSKÝ HOKEJ 🔥 🏒,https://www.instagram.com/stories/riderspardubice/3877313173284213240,,1133,,,
@bitvaoprahu,facebook,75e0f41f-82be-4f82-a77b-82ac11135ed2,58ad3b11-1520-43c8-953c-6db445a48169,FB Post,IMAGE,12.3.2026 19:07:56,"Druhý bronz a vedle toho důležité tři body v boji o @unihokejfinalfour ! 🆕🔜

Gratulujeme @vsecz 🤍 a přejeme hodně štěstí v nadcházejícím play off. 🔥 #bitvaoprahu & @deloittecz",https://www.facebook.com/1441262177797849/posts/1420329453224455,173,,1,,
vsefalcons,instagram,709fceba-e311-48e7-9057-f54a587abf4a,79fe8708-7192-40d7-b11f-097aca5a1b03,IG Reel,VIDEO,9.12.2025 7:58:59,It's timeee…dnes nás čeká vánoční zápas proti @ukkingsprague 😮‍💨 Přijďte nás podpořit a užít si vánoční atmosféru na Hvězdu! 🎄⭐️,https://www.instagram.com/reel/DSCP85bCEzR/,,5567,93,,5
@univerzitnihokej,instagram,1e114592-3529-4cfe-9977-2598454053af,0983c683-556c-4511-8dfc-21b1c8d83ba6,IG Story,VIDEO,12.4.2026 11:51:13,,https://www.instagram.com/stories/univerzitnihokej/3873646544889054856,,1330,,,
vsefalcons,instagram,709fceba-e311-48e7-9057-f54a587abf4a,2d0961f8-0eed-4f62-a517-c00c73c5148c,IG Story,VIDEO,12.2.2026 13:15:36,OSMIFINÁLE ✅ 🤝🏼 @czufarmers,https://www.instagram.com/stories/vsefalcons/3830927284811389134,708,708,,,2
@hc_muni,instagram,43cd62c8-609d-4ea6-8ce9-cae5242ede0c,3f75e464-787b-4ea7-891e-91f57f62ffd4,IG Post,PHOTO,25.3.2026 21:34:10,"Konec dobrý, všechno dobré 🐻💙 Rozloučení se sezonou jak má být 

#hcmuni",https://www.instagram.com/p/DWUpEv-Dqln/,,5400,262,2,36
vsefalcons,instagram,709fceba-e311-48e7-9057-f54a587abf4a,71b182f6-ea03-4dcf-93d6-ffb6c3c30b05,IG Story,VIDEO,3.2.2026 18:46:04,POPŘEJ KUBAŤÁKOVI ŠTĚSTÍ DO PRVNÍHO ZÁPASU PO ZRANĚNÍ,https://www.instagram.com/stories/vsefalcons/3824570615319809186,,909,,,
@univerzitnihokej,facebook,01b45180-0b14-4a14-96e8-d0a4bab1fb9f,8da04b00-1406-4ab5-86b0-40cb3ab5b6f2,FB Post,IMAGE,8.4.2026 21:46:26,"Co zápas, to kino! 🍿 Známe tři účastníky historicky prvního Final Four 🥵

Falcons ovládli výlet v Budějcích, Kings si vyzkoušeli Eden nanečisto a Engineers urvali výhru po dramatických samostatných nájezdech 🔥",https://www.facebook.com/1275398168115026/posts/1281496504171859,794,,7,,
@riderspardubice,instagram,4d6a67ab-9313-4f77-a82e-abb18adbca5d,d32bcfc7-c068-4a6f-9788-a4cb1d8241e7,IG Story,VIDEO,8.4.2026 19:03:01,"KOMERČNÍ 
PŘESTÁVKA 👀 @garnier_czsk",https://www.instagram.com/stories/riderspardubice/3870964847807153276,,559,,,1
@univerzitnihokej,instagram,1e114592-3529-4cfe-9977-2598454053af,70cfec7a-3638-43d7-9799-73f9c35e2c3d,IG Post,IMAGE,12.4.2026 8:24:54,"Šanci na poslední volné místo ve Final Four dnes dostávají Black Dogs a Riders 🙌🏼
Kdo z nich ji využije a doplní tak finálovou čtyřku? 🥵",https://www.instagram.com/p/DXBlo5_iLmO/,,3810,76,,13
@univerzitnihokej,instagram,1e114592-3529-4cfe-9977-2598454053af,6dbe13bf-ad4b-4a53-bc01-001cc1f5d979,IG Story,VIDEO,8.4.2026 17:48:53,UTKÁNÍ ODSTARTOVALO UŽ I NA,https://www.instagram.com/stories/univerzitnihokej/3870927480886423230,,841,,,1
@VUTCavaliersBrno,facebook,3351b43e-4b71-442b-b2f1-920cd6e57ee5,4919669b-2ccc-4d81-9c12-971cfcf37d79,FB Video,VIDEO,21.3.2026 12:20:53,Fanoušci mají vždycky pravdu!,https://www.facebook.com/reel/1632695977923963/,1368,725,3,,
@boostrava,instagram,1176ddaf-d366-48a2-9639-3c6694c72c85,6f168423-c70e-4c62-915c-52aed185e8ba,IG Post,IMAGE,4.3.2026 5:22:33,"🔥GAME DAY🔥 Jedeme do BRNA
@vutcavaliersbrno x @boostrava 
Kdo si odnese 3 body?",https://www.instagram.com/p/DVc1ev9jP2j/,,1881,25,,2
@hcmuni,facebook,d1f9e9f9-7526-42d4-85aa-13f91e89f7cf,c45c08bd-fcdc-40c9-82d7-bf6910476b15,FB Post,PHOTO,25.3.2026 12:27:27,"🔥 GAME DAY IS HERE🔥
Poslední brněnské derby téhle sezóny je tady, tak si ho pojďme společně pořádně užít a udělat randál! 🐻🥁

Lístky koupíte👇🏻

https://hcmuni.enigoo.cz/app/tickets/events/136

#hcmuni",https://www.facebook.com/1581741777288398/posts/1575676091228300,267,,4,,
vsefalcons,instagram,709fceba-e311-48e7-9057-f54a587abf4a,a4da78ca-9d77-4f36-a4b2-68ff4ec542ca,IG Post,CAROUSEL_ALBUM,8.3.2026 13:52:57,"Holky, tenhle je pro vás 😘

S váma je ten hokej o něco hezčí 🌷 děkujeme, že vás máme!",https://www.instagram.com/p/DVoDXAxiCqY/,,5499,189,4,14
vsefalcons,instagram,709fceba-e311-48e7-9057-f54a587abf4a,f41715ed-415c-4299-a3b1-394fc40bc89f,IG Story,VIDEO,17.4.2026 13:14:15,,https://www.instagram.com/stories/vsefalcons/3877312075785573464,953,1068,,,
vsefalcons,instagram,709fceba-e311-48e7-9057-f54a587abf4a,274d68ef-d025-4d15-9d75-e66acb64cf85,IG Story,VIDEO,22.4.2026 13:12:27,FINAL FOUR jdeme opět do ⚽️,https://www.instagram.com/stories/vsefalcons/3880934909162350363,1129,1141,,,41
@united_hk,instagram,b18c071b-0570-48b2-b743-990c668c3c5b,3e8365bf-0dff-4cf0-bb7e-0b67bc9a475c,IG Story,IMAGE,9.4.2026 13:03:11,,https://www.instagram.com/stories/united_hk/3871508452270975321,,624,,,
@218107044725785,facebook,7a942e3e-6c47-4794-9ba7-bbc7b6d40cb3,4916c3e5-6887-4e0b-b129-07ef2783eed9,FB Post,IMAGE,13.3.2026 18:21:10,"Včera to byl samej úsměv 🫶🏼 největší poděkování patří vám, že jste v tom s námi a ženete nás dopředu 🩵 

Teď už zapínáme pásy a letíme dááál 🦅",https://www.facebook.com/122282816036218300/posts/122278687778218300,570,,20,,
vsefalcons,instagram,709fceba-e311-48e7-9057-f54a587abf4a,e9b859c2-eb66-4f35-8dce-36e886c19236,IG Story,VIDEO,12.3.2026 18:22:33,,https://www.instagram.com/stories/vsefalcons/3851375522974551225,1329,1008,,,
@riderspardubice,instagram,4d6a67ab-9313-4f77-a82e-abb18adbca5d,acbe6333-b916-46be-9489-b6100bb877fc,IG Story,VIDEO,17.4.2026 21:48:20,,https://www.instagram.com/stories/riderspardubice/3877570844293902339,,508,,,
vsefalcons,instagram,709fceba-e311-48e7-9057-f54a587abf4a,239485ed-97a4-4011-9392-986ac0952eb6,IG Story,IMAGE,26.1.2026 18:30:59,"2 2 Nábělek 
Ramert",https://www.instagram.com/stories/vsefalcons/3818764827653326001,,847,,,
@AkademiciPlzen,facebook,d87b94e3-03e8-45d0-b92e-75e9b819545c,7cc381b4-9248-4257-acfc-437ac4288f8d,FB Video,VIDEO,17.3.2026 13:21:53,"Ví naši fanoušci, co je ofsajd? 👀
A kdo to pak nejvíc rozjel na afterparty? 😏

Na to se diváků na bitvě zeptala @deniskaurbankova 🎤.
Mrkni, jak to dopadlo!

#akademiciplzen #univerzitnihokej",https://www.facebook.com/reel/1257454349247715/,697,306,4,,
vsefalcons,instagram,709fceba-e311-48e7-9057-f54a587abf4a,26db095c-61c3-419b-aa80-6ff45e66a2fb,IG Story,IMAGE,13.3.2026 16:21:36,,https://www.instagram.com/stories/vsefalcons/3852039360728300298,,823,,,