account_name,social_network_id,carl_account_id,carl_post_id,post_type,media_url_type,published,caption,permalink,impressions,views,likes,comments,shares
vsefalcons,instagram,709fceba-e311-48e7-9057-f54a587abf4a,54854192-32b3-456b-8094-496a640cbfcf,IG Story,IMAGE,8.2.2026 18:38:43,1 3,https://www.instagram.com/stories/vsefalcons/3828190774232136750,,815,,,
@akademiciplzen,instagram,65494228-95bf-4f7b-8e68-d47d7262db66,733df910-52a8-4ad6-abb5-d84d055c9715,IG Story,VIDEO,17.9.2026 19:33:21,@v.holomoj,https://www.instagram.com/stories/akademiciplzen/3988393711561868354,,1073,,,21
@bitvaoprahu,facebook,75e0f41f-82be-4f82-a77b-82ac11135ed2,7a09e0ec-d9bf-4901-926f-973ce239a237,FB Post,IMAGE,12.3.2026 6:05:59,Rise and shine… IT’S BITVA DAY 🥳🤩,https://www.facebook.com/1441262177797849/posts/1419862759937791,162,,,,
@218107044725785,facebook,7a942e3e-6c47-4794-9ba7-bbc7b6d40cb3,7a99b7b2-da4d-4108-a789-65c9c8155cd9,FB Video,VIDEO,18.4.2026 14:48:10,"Tohle se jen tak neokouká 🥹 

🎥 @vojta_kepka 

#vsefalcons #finalfour",https://www.facebook.com/reel/973289335661642/,840,296,19,,
@akademiciplzen,instagram,65494228-95bf-4f7b-8e68-d47d7262db66,c62cecb2-f88f-4acb-85ba-b0afdb316d7e,IG Story,VIDEO,16.9.2026 20:03:29,"ZÍTRA SI TO ALE VYNAHRADÍME, TAK DORAŽ ZAFANDIT!",https://www.instagram.com/stories/akademiciplzen/3987684098013167799,,638,,,3
vsefalcons,instagram,709fceba-e311-48e7-9057-f54a587abf4a,d4d62ea1-9e63-4d25-b395-4956a2cb74cf,IG Story,VIDEO,3.2.2026 19:28:40,OTEVÍRÁ SKÓRE 🎯,https://www.instagram.com/stories/vsefalcons/3824592079720868456,,1342,,,2
@univerzitnihokej,instagram,1e114592-3529-4cfe-9977-2598454053af,096bd75c-90a7-4b66-82a9-aba25500b939,IG Post,IMAGE,28.3.2026 18:38:28,Další semifinále play-in se v úterý odehraje v Ostravě 👉🏼 o postup si to rozdají BOčko s Riders 🫡,https://www.instagram.com/p/DWcDjASCBx3/,,10187,137,,31
vsefalcons,instagram,709fceba-e311-48e7-9057-f54a587abf4a,176564c3-1ada-43cd-b55e-88c0d1651322,IG Story,VIDEO,3.3.2026 18:01:51,jsme doma 🦅 🏟️ @redbullcz 🔋,https://www.instagram.com/stories/vsefalcons/3844842160768201840,725,1044,,,11
@engineersprague,facebook,afd06d1d-7b1c-4f66-8d93-ce4255ab773c,17d932ce-436a-4453-82e2-32aade64f80b,FB Story,IMAGE,1.8.2026 7:48:32,,,,,,,
vsefalcons,instagram,709fceba-e311-48e7-9057-f54a587abf4a,29f34021-09df-46dd-a1d2-ac96faaaf022,IG Story,VIDEO,5.2.2026 20:28:26,SE POMALU BLÍŽÍ,https://www.instagram.com/stories/vsefalcons/3826071676442428125,,798,,,5
vsefalcons,instagram,709fceba-e311-48e7-9057-f54a587abf4a,446e2fc1-1270-4c69-96de-a0012ce83432,IG Story,VIDEO,28.1.2026 20:25:11,TÝMOVÝ TRÉNINK NA FALCONS PUBKVÍZ 🍻 🤓,https://www.instagram.com/stories/vsefalcons/3820271830955475793,,1054,,,5
@engineersprague,facebook,afd06d1d-7b1c-4f66-8d93-ce4255ab773c,6138d4a1-90c9-4dc7-b2eb-e34043292e6d,FB Post,IMAGE,5.8.2026 14:14:15,"První trénink je za námi. 🏒 Po pauze jsme rádi, že jsme zase spolu. Teď už jen poctivě makat.💪",https://www.facebook.com/1560924572517692/posts/1678152157461599,679,,5,,
@cvutengineers,instagram,11963a07-7f0f-48e6-9d81-aa63a7ff4a04,70231d98-33fc-49f9-b765-433b5aec5634,IG Story,VIDEO,9.4.2026 14:19:35,📸,https://www.instagram.com/stories/cvutengineers/3871546896129197113,,785,,,
@cvutengineers,instagram,11963a07-7f0f-48e6-9d81-aa63a7ff4a04,76bd5e68-6dcd-46eb-941d-439be79d6063,IG Post,IMAGE,8.4.2026 21:07:34,Byly to nervy ALE JSME TAM! 🥳🥳🥳,https://www.instagram.com/p/DW4pljjjNnA/,,3064,121,,6
@hc_muni,instagram,43cd62c8-609d-4ea6-8ce9-cae5242ede0c,d78a64e7-448c-4eb1-a96d-d61e0dd26635,IG Post,IMAGE,14.3.2026 9:02:02,"Sobota je tady a s ní další GAMEDAY🔥 Přijďte nás podpořit už ve 13:45!🐻💙 Tentokrát jen za 50Kč

Lístky koupíte u nás v biu🎟️",https://www.instagram.com/p/DV2-WYkjJdv/,,3488,47,,4
@akademiciplzen,instagram,65494228-95bf-4f7b-8e68-d47d7262db66,fbcea44e-5cd9-446b-a1f8-c4edd528ae6b,IG Story,VIDEO,1.4.2026 17:47:31,"DRESY UŽ ZNAJÍ SVÉ MAJITELE, GRATULUJEME! 🤩",https://www.instagram.com/stories/akademiciplzen/3865853344372012385,,1243,,,1
@univerzitnihokej,instagram,1e114592-3529-4cfe-9977-2598454053af,323958a4-f8aa-429a-b3bd-e7f46679f1af,IG Reel,VIDEO,30.3.2026 8:43:03,Zítra startuje PLAY-IN ➡️ boj o postup do @unihokejfinalfour ⚔️,https://www.instagram.com/reel/DWgIse7CCXw/,,12774,124,,20
vsefalcons,instagram,709fceba-e311-48e7-9057-f54a587abf4a,80152847-b598-4e6a-ab17-0698ee4fff97,IG Reel,VIDEO,3.6.2026 13:24:02,off campus actually exist 🤤🤤🤤 #offcampus #garretgraham #deandilaurentis #icehockey,https://www.instagram.com/reel/DZIA-2WoB_O/,,20914,752,5,368
@engineersprague,facebook,afd06d1d-7b1c-4f66-8d93-ce4255ab773c,8b8b3ea1-d7d3-4f94-8fcc-558681c7d781,FB Post,IMAGE,6.8.2026 12:24:51,"Naše kabina je zase o něco hezčí. 🏒

Díky všem, kdo se na tom podíleli. Teď už jen naplnit zdi dalšími vzpomínkami. 🦁💙",https://www.facebook.com/1560924572517692/posts/1679056164037865,628,,12,,
@akademiciplzen,instagram,65494228-95bf-4f7b-8e68-d47d7262db66,8c9652e1-8377-4c47-a359-72ea116a6bcf,IG Post,IMAGE,26.3.2026 20:02:55,"ALL IN.

#akademiciplzen",https://www.instagram.com/p/DWXD-lvDN-b/,,2554,78,,
vsefalcons,instagram,709fceba-e311-48e7-9057-f54a587abf4a,aa4f9eb2-caca-4a58-9a82-44de5c42bd24,IG Story,VIDEO,17.2.2026 19:28:13,NEJLEPŠÍ @sokoli.hnizd0 💙 💙,https://www.instagram.com/stories/vsefalcons/3834743002141056347,681,857,,,2
@218107044725785,facebook,7a942e3e-6c47-4794-9ba7-bbc7b6d40cb3,ac058f36-db47-43b7-9fc3-74148da76c60,FB Post,IMAGE,22.9.2026 20:20:11,Tohle nám chybělo 🚀,https://www.facebook.com/122282816036218300/posts/122307830372218300,348,,5,,
@vutcavaliersbrno,instagram,b384bebf-72f3-4f9d-8b2d-3677709f6966,bd23ce34-584b-4b7e-bd59-4d4821502b9d,IG Story,IMAGE,23.9.2026 18:06:03,,https://www.instagram.com/stories/vutcavaliersbrno/3992698424149600684,,681,,,
vsefalcons,instagram,709fceba-e311-48e7-9057-f54a587abf4a,cf163135-8813-4c01-8e96-bd255473f772,IG Post,ALBUM,13.3.2026 18:20:43,"Včera to byl samej úsměv 🫶🏼 největší poděkování patří vám, že jste v tom s námi a ženete nás dopředu 🩵 

Teď už zapínáme pásy a letíme dááál 🦅

📸 @martincacha @vratapolivka_photo",https://www.instagram.com/p/DV1Z-mtiDpu/,,17526,400,,39
vsefalcons,instagram,709fceba-e311-48e7-9057-f54a587abf4a,d41a31a3-724a-4069-88f0-11618f08ddd4,IG Story,VIDEO,24.2.2026 21:14:09,🪄,https://www.instagram.com/stories/vsefalcons/3839865447206392193,1081,1464,,,2
@univerzitnihokej,instagram,1e114592-3529-4cfe-9977-2598454053af,dcb7db2f-5e79-4d6a-89e5-63b6c6b858af,IG Reel,VIDEO,2.4.2026 16:22:39,Semifinálové drama v Budějovicích 😤 Cavaliers domácí Black Dogs potrápili až do nájezdů.,https://www.instagram.com/reel/DWosEj8iCuh/,,8859,215,,4
@riderspardubice,facebook,f99ed6c3-17cc-46f4-a32e-d9b0576ce2df,e52d6b8a-2558-48bb-86d7-6ce2fe15e6d7,FB Video,VIDEO,9.3.2026 19:43:52,Krásné výroční přeje celý tým Riders 💍🫶,https://www.facebook.com/reel/1372441614651436/,185,76,2,,
@BOhokej,facebook,c9082543-a03b-490f-8f97-66d439acce89,eb4e80d4-07b7-403a-a66b-54bc2025fba5,FB Story,VIDEO,20.8.2026 18:32:36,,https://facebook.com/stories/100133738792962/UzpfSVNDOjE5MDc4MDc4NzM5NTgxODg=/?view_single=1,,,,,
@akademiciplzen,instagram,65494228-95bf-4f7b-8e68-d47d7262db66,0a10bef1-10d8-4d45-81f5-4524f6ad6ce0,IG Reel,VIDEO,14.9.2026 12:38:18,"🏒 Ondra Pšenička s námi na tréninku!

Vyzpovídali jsme pro vás hráče, který má za sebou úspěšné působení na Cornell University v NCAA a který se zapojil do několika našich tréninků. 🇺🇸💪🏻

V sobotu pak naskočil do svého prvního utkání za HC Stadion Litoměřice. 🏒

🎙️ Poslechněte si rozhovor, ve kterém mluví o svém působení na Cornellu, univerzitní lize i o tom, jak se mu s námi trénovalo.

Díky za společné tréninky a držíme palce, Ondro! Ať se daří! 🔥

#akademiciplzen",https://www.instagram.com/reel/DdRIsw2i499/,,18613,576,,29
vsefalcons,instagram,709fceba-e311-48e7-9057-f54a587abf4a,67c647d0-4ace-41be-8f61-293e5dc23f3a,IG Story,VIDEO,17.4.2026 12:07:19,VÍTĚZ!!!! vstupenku pošleme do dms,https://www.instagram.com/stories/vsefalcons/3877278363136065417,1000,1213,,1,
@hc_muni,instagram,43cd62c8-609d-4ea6-8ce9-cae5242ede0c,79662019-e598-47ef-b2b7-e7a2566357c5,IG Post,PHOTO,27.3.2026 12:18:48,"Sezóna 2025/2026 je za námi!🔥
Obrovský respekt a díky všem, co nás přišli podpořit do hlediště🫶🏻 Byla to neuvěřitelná jízda a bez vás by to nebylo ono!
💙DĚKUJEME💙

#hcmuni",https://www.instagram.com/p/DWYzYASjKud/,,5125,179,,10
@cvutengineers,instagram,11963a07-7f0f-48e6-9d81-aa63a7ff4a04,9f4032ff-570c-43d0-ab1a-7214e821bd53,IG Reel,REEL,25.3.2026 22:01:38,"Sice nemaj funkční ruce a nohy ale to Engineerský srdíčko zůstává 🥹💙🦁 

@tomas_sima @22_luky_22",https://www.instagram.com/reel/DWUsZvhDL8T/,,15931,421,,16
@united_hk,instagram,b18c071b-0570-48b2-b743-990c668c3c5b,de236a8b-7085-44f8-8bc4-5dc4467f4fae,IG Story,IMAGE,23.4.2026 8:05:47,,https://www.instagram.com/stories/united_hk/3881505633023339452,,410,,,
@akademiciplzen,instagram,65494228-95bf-4f7b-8e68-d47d7262db66,e8b9a671-ab97-42ff-bebc-4de33e26f825,IG Story,VIDEO,11.8.2026 21:41:59,DRUHÝ TÝDEN DŘINY DRUHÝ TÝDEN DŘINY odstartován 🔥 @fkralicek_8 @gazicek_,https://www.instagram.com/stories/akademiciplzen/3961641764821674153,,315,,,4
@univerzitnihokej,instagram,1e114592-3529-4cfe-9977-2598454053af,e944634b-2a4e-4f3e-9017-a08879e514f0,IG Reel,VIDEO,27.9.2026 18:23:25,"@ondragemov je zpátky a to znamená jediné…vytahujte kalendáře, protože je čas na TOP zápasy! 🔥

30. 9. SEASON OPENER - @czufarmers 🆚 @cvutengineers 
8. 10. @ostravskederby 
15. 10. @hokejovy_souboj_univerzit v Brně
21. 10. @bitvaoplzen 
26. 10. @derbyuniverzit v Pardubicích
3. 11. Souboj dobyvatelů v Ústí
4. 11. @bitva_o_budejce 
19. 11. @bitvaoprahu 

Start už tento týden v Praze, cíl @unihokejfinalfour 🏆 Kde se uvidíme? 👇",https://www.instagram.com/reel/DdzOys7o4aX/,,6865,226,3,27
@hc_muni,instagram,43cd62c8-609d-4ea6-8ce9-cae5242ede0c,08bdfcaa-f8a9-4b9c-b12a-7b8e9425fa54,IG Post,IMAGE,1.4.2026 11:24:37,"Nedosažitelné se stalo skutečností! Sami tomu nemůžeme uvěřit🤯
Míříme na Final Four, které se odehraje 16.–17. dubna v Praha Edenu🏒
🎟️ Lístky na zápasy koupíš v biu 👉🏻 @unihokejfinalfour 

A teď vážně... samozřejmě si z vás jen děláme legraci! Dnes je 1. dubna, takže krásný duben všem! 🐻🫶🏻

#hcmuni #finalfour #firstapril",https://www.instagram.com/p/DWllHE3CD1q/,,6152,217,2,49
@akademiciplzen,instagram,65494228-95bf-4f7b-8e68-d47d7262db66,1ce933ee-e7ee-4f88-8a53-021dcac0775c,IG Post,IMAGE,8.9.2026 14:28:24,"MEDIA DAY 2026 přinesl zásadní změny.
Místo pořadníku v tabulce proběhla kmenová rada. Komu zhasne pochodeň, jde před kameru až jako poslední. 🔥
Předpokládaný konec: 23:00. 🥶

…Děláme si srandu. 😄 Ale máte se na co těšit – letošní výsledek bude stát za to! 😎

#akademiciplzen 💙",https://www.instagram.com/p/DdB5KzxCn3C/,,11132,298,,36
@VUTCavaliersBrno,facebook,3351b43e-4b71-442b-b2f1-920cd6e57ee5,4e1e7ed0-ea46-4471-99b2-8ac607b0ad30,FB Story,IMAGE,23.9.2026 19:25:42,,https://facebook.com/stories/100667195401737/UzpfSVNDOjkxOTk5MDg0NDIyMjE4Mg==/?view_single=1,,,,,
@unitedhk,facebook,bfe6cc29-a387-41b9-9bca-b077722556af,5ac68a1d-290a-4483-83ae-0ac58617c1f3,FB Post,PHOTO,30.3.2026 17:50:34,"Zítra začíná PLAY-IN.

1 zápas, kdy se hraje o všechno. Když vyhrajeme, postupujeme dál do dalších bojů o místo na Final Four.

Přijedeš nás podpořit?

Jedeme ALL IN. 🖤🧡

#unitedhk #unihokej #uhk #hradeckralove",https://www.facebook.com/122180651084388974/posts/122180019656388974,196,,3,,
@united_hk,instagram,b18c071b-0570-48b2-b743-990c668c3c5b,750aa2f8-530e-45fe-9a67-d27608e61d1e,IG Reel,VIDEO,22.7.2026 11:09:12,"Tak kolik bylo stupňů?👀

#unitedhk #unihokej #hradeckralove #uhk",https://www.instagram.com/reel/DbF8pCMoYnj/,,9048,149,3,34
vsefalcons,instagram,709fceba-e311-48e7-9057-f54a587abf4a,2487b4f0-bf4a-4ba9-b632-a462b968a064,IG Post,CAROUSEL_ALBUM,29.1.2026 18:04:36,"Fanoušciiii, jste pořád tady? 🤩

V úterý hrajeme po dlouhé době doma a potřebujeme vás tam! 💙 Přijďte se odměnit za zkouškový a užít si trochu hokejíčku. 🏒

Lístky seženete přes odkaz na profilu! 🎟️

PS. kdo nepřijde fandit je bábovka 😝",https://www.instagram.com/p/DUGp84miOc3/,,13796,176,1,37
univerzitnihokej,tiktok,01c88cf9-594f-408e-a45a-95114221acae,4b27bfeb-3038-486a-a85e-7cb457843b11,TT Video,VIDEO,20.4.2026 15:44:58,"Tohle bylo historicky první Final Four ULLH 🔥 2️⃣ dny, 4️⃣ zápasy a neskutečná atmosféra! 🤩 Děkujeme všem, kteří i u toho byli s námi na tribunách, na ledě i v zákulisí 🙏🏻@ČVUT Engineers Prague 🦁 @UK KINGS PRAGUE @vsefalcons @riderspardubice ",https://www.tiktok.com/@univerzitnihokej/video/7630867918569475350?utm_campaign=tt4d_open_api&utm_source=7348986504397455361,,1402,78,1,5
vsefalcons,instagram,709fceba-e311-48e7-9057-f54a587abf4a,617f8346-6b7c-4cbb-b94d-e80785a8f977,IG Story,VIDEO,24.3.2026 18:36:51,,https://www.instagram.com/stories/vsefalcons/3860079986300463963,829,744,,,
vsefalcons,instagram,709fceba-e311-48e7-9057-f54a587abf4a,94e4dae1-c064-46a2-a738-fa7a73e77307,IG Reel,VIDEO,6.2.2026 17:29:14,"Nebuď jak Stráča a nepropásni úterní match proti @riderspardubice 😜 

Zápas v duchu dostihů a sázek se už blíží, tak kupuj lístky přes odkaz na profilu 🛍️

#vsefalcons",https://www.instagram.com/reel/DUbL0KECMfd/,,11207,206,3,21
@riderspardubice,facebook,f99ed6c3-17cc-46f4-a32e-d9b0576ce2df,a232d863-9518-4625-a83b-4ec9276cfc01,FB Post,IMAGE,10.3.2026 7:42:29,"Vstupenky na Last dance Dominika Kopeckého a Daniela Skrypa nyní jen za 50,- 😎",https://www.facebook.com/1592662819534019/posts/1572442228222745,238,,1,,
@akademiciplzen,instagram,65494228-95bf-4f7b-8e68-d47d7262db66,a80405c2-1804-4618-823f-2c983ea13ca5,IG Post,IMAGE,23.9.2026 12:26:51,"CELÁ SEZÓNA. JEDNA AKADEMIČKA. 💙🏒

S Akademičkou máš domácí zápasy v kapse. A na sobě můžeš mít i naší novou fanouškovskou šálu! 🤩

🥇 GOLD | 1 390 Kč
Všechny domácí zápasy základní části • Jarní Bitva včetně After party • play-off • nová fanouškovská šála

🥈 SILVER | 990 Kč
13 domácích zápasů základní části

🛒 Odkaz na nákup najdeš v našem biu.

#akademiciplzen | 🎨 @hikky.design",https://www.instagram.com/p/DdoTS1BiNEp/,,5654,74,,17
@bitvaoprahu,instagram,d7c8aa06-74fb-4c6c-a7d2-c2fe1bf6d59c,bf7312fb-a79a-48bc-a501-89673c1c9ca6,IG Post,IMAGE,11.3.2026 7:30:33,"Takhle jsou na tom lístky v sektorech univerzit 👀 Ano vidíš správně, už jich tam moc nezbývá! 

Chyť si ten svůj ještě dnes na bitvaoprahu.cz 🎟️",https://www.instagram.com/p/DVvF9vnlyHW/,,26648,184,7,50
vsefalcons,instagram,709fceba-e311-48e7-9057-f54a587abf4a,e5d31e02-07ba-4bdf-94ba-b77cdef4c30e,IG Story,VIDEO,9.3.2026 17:45:18,TRÉNINK MODE ON 💪🏼,https://www.instagram.com/stories/vsefalcons/3849182392573552989,,698,,,
vsefalcons,instagram,709fceba-e311-48e7-9057-f54a587abf4a,00933b10-c6a5-4ae9-a700-2f9e705446d2,IG Story,VIDEO,12.3.2026 17:25:44,🫨 PÁTÁ @_jobas57_,https://www.instagram.com/stories/vsefalcons/3851347000809805794,1752,1587,,,1
@hcnorthwings,facebook,2b08a479-603b-46e4-8a48-2bc0435ccd53,345e3b27-3c7b-4db3-a7f6-1be0dccb3819,FB Story,VIDEO,18.3.2026 17:55:31,,,,,,,
@cvutengineers,instagram,11963a07-7f0f-48e6-9d81-aa63a7ff4a04,76e4a374-2ee8-472a-b2dd-4f0b386e0214,IG Post,IMAGE,12.3.2026 19:24:20,"Do finále Bitvy o Prahu nalétneme v této sestavě!
Teď je ten správný čas ukázat SRDCE LVA 💙. 
Jedeme v tom spolu 🦁!",https://www.instagram.com/p/DVy8dq_DJUt/,,6259,154,,19
@akademiciplzen,instagram,65494228-95bf-4f7b-8e68-d47d7262db66,b0d84bfe-67d1-42ac-80c2-c1bf5c83c3cb,IG Post,IMAGE,9.9.2026 5:00:59,"Jste neskuteční! 🤯🔥

Za první den jste rozebrali 1 734 vstupenek na 13. ročník Bitvy o Plzeň! 🏒⚔️

A tím jste vytvořili historický rekord prvního dne prodeje vstupenek na Bitvu o Plzeň! 🤯🔥

A teď pozor! Do zdražení vstupenek zbývají už jen 3 HODINY. ⏳

Pokud chceš být u největšího studentského večera roku za nejnižší cenu, teď je ta chvíle. 👀

🎟️ Vstupenka na Bitvu: 150 Kč
📲 V aplikaci UNILIFE po propojení s účtem ČSOB: 130 Kč

V 10:00 ceny rostou. Tak neváhej a ulov si svůj lístek ještě teď! 🔥",https://www.instagram.com/p/DdDdE7sqb2F/,,13209,318,1,124
@united_hk,instagram,b18c071b-0570-48b2-b743-990c668c3c5b,bff3aafa-0688-4c5b-996a-5a15b8b9c77a,IG Post,IMAGE,8.4.2026 15:11:36,"Děkujeme za sezonu 2025/26

Minulý týden pro nás skončila sezona.
Vypadli jsme v semifinále Play-In a tím se uzavřela naše cesta ročníkem 2025/26.

Nebyl to konec, jaký jsme si přáli. Ale o to víc si vážíme každého, kdo v tom s námi jel celou sezonu.

Chceme poděkovat každému, kdo dorazil do ČPP arény, sledoval nás, fandil, sdílel, psal nebo stál za námi během celé sezony.

Díky, že jste v tom byli s námi.
🖤🧡

#unitedhk #unihokej #hokej",https://www.instagram.com/p/DW4A_ycCNKY/,,4524,152,2,10
univerzitnihokej,tiktok,01c88cf9-594f-408e-a45a-95114221acae,cea0cb67-d543-4f6f-874e-03e91079dc81,TT Video,VIDEO,17.4.2026 20:31:34,@ČVUT Engineers Prague 🦁 snižuje na jedna dva! 🚀,https://www.tiktok.com/@univerzitnihokej/video/7629828533359054102?utm_campaign=tt4d_open_api&utm_source=7348986504397455361,,1149,76,,1
@univerzitnihokej,facebook,01b45180-0b14-4a14-96e8-d0a4bab1fb9f,049b7297-93e6-473a-9f67-0f2795bba5d2,FB Video,VIDEO,11.3.2026 22:01:15,"Fuuu…byly to nervy, ale domácí BOčko to nakonec urvalo! 🫨",https://www.facebook.com/reel/1047961168398800/,2070,1253,3,,
@riderspardubice,instagram,4d6a67ab-9313-4f77-a82e-abb18adbca5d,062beec0-36e7-461e-9efe-422be55a3c74,IG Reel,VIDEO,16.4.2026 14:34:22,"Rdy na zápas! 🔥
#zapardubice",https://www.instagram.com/reel/DXMjARwDOVd/,,5009,125,1,2
@cvutengineers,instagram,11963a07-7f0f-48e6-9d81-aa63a7ff4a04,5535eed4-126b-4a7a-8171-5cf9d46725a3,IG Post,IMAGE,23.9.2026 10:15:24,"Tři body doma a jedeme dál. 🔥
Proti největšímu rivalovi chutná vítězný start do sezony ještě o něco líp. 👀🏒

📸 @ondra_mann",https://www.instagram.com/p/DdoEpx7DJ0C/,,9986,389,2,16
@riderspardubice,facebook,f99ed6c3-17cc-46f4-a32e-d9b0576ce2df,5c28aa2d-14bd-4aa9-9448-1a8eccb904ab,FB Post,IMAGE,3.3.2026 17:00:08,"🌴 Na včerejší Survivor zápase získala výherkyně našeho Survivor kvízu parádní reprák JBL, který do soutěže věnoval náš dlouhodobý partner @enteria_holding!

Děkujeme a výherkyni gratulujeme a přejme spoustu kvalitní hudby! 

A jestli bys chtěl taky něco vyhrát, tak se zastav na zápase 9. 3. - vstupenky koupíš přes odkaz v BIU 🤫",https://www.facebook.com/1592662819534019/posts/1566881118778856,271,,2,,
@riderspardubice,instagram,4d6a67ab-9313-4f77-a82e-abb18adbca5d,609262bb-06ee-497f-bc63-aea0ff500b81,IG Post,IMAGE,29.8.2026 12:18:35,"Gratulujeme našim dalším úspěšným absolventům k titulu!😍🎓

Inženýrským titulem se pyšní náš bývalý obránce týmu Dominik Kopecký a naše bývalá redaktorka článků Denča Veselá🤩

Do klubu bakalářů se přidává také náš útočník Adam Novotný a Matyáš Sodomka🔥

Všem absolventům ještě jednou gratulujeme a přejeme hodně štěstí v jejich další cestě, ať už na ledě nebo mimo něj!❤️🐎",https://www.instagram.com/p/Dcn64IQCPsa/,,9023,211,,12
@riderspardubice,instagram,4d6a67ab-9313-4f77-a82e-abb18adbca5d,68f729d3-ef17-4874-9c6d-80074702c100,IG Reel,VIDEO,17.4.2026 15:43:51,Padne dneska bronz? To je oč tu běží! 🤯,https://www.instagram.com/reel/DXPPxIaDDbC/,,7357,123,,12
vsefalcons,instagram,709fceba-e311-48e7-9057-f54a587abf4a,6ba07bcc-c15b-451d-b00b-76f16f99b19f,IG Story,VIDEO,2.1.2026 21:29:08,🖋️,https://www.instagram.com/stories/vsefalcons/3801459857606320641,,922,,,
@bitvaoprahu,instagram,d7c8aa06-74fb-4c6c-a7d2-c2fe1bf6d59c,948d58ee-badc-45d4-85ab-4b134b08e227,IG Post,IMAGE,11.3.2026 6:00:27,"3. VLNA prodeje vstupenek končí už dnes o půlnoci 🫨
V den akce už to bude faaakt drahý! 💸 Tak buďte rozumný a kupte si lístek ještě dnes. 

🎟️ bitvaoprahu.cz",https://www.instagram.com/p/DVu7pXqFyag/,,7767,27,2,7
@univerzitnihokej,instagram,1e114592-3529-4cfe-9977-2598454053af,a3b127c4-ffda-49fd-ba87-5aa22e22a21e,IG Post,IMAGE,14.9.2026 17:05:57,"Tik tak ⏰

Poslední týden a naskakujeme zpátky na led! 🔥",https://www.instagram.com/p/DdRnvQIIeAn/,,8685,177,,3
@bitvaoprahu,facebook,75e0f41f-82be-4f82-a77b-82ac11135ed2,c9d0787c-26f9-44e4-ba0d-7cb941755dda,FB Video,VIDEO,12.3.2026 20:36:49,"❤️‍🔥 HALFTIME SHOW v podání @gufrau_official , pohledem @klucisdronem . 🦅👁️",https://www.facebook.com/reel/1196276612579569/,190,61,,,
@united_hk,instagram,b18c071b-0570-48b2-b743-990c668c3c5b,d57de54c-48a1-41c8-a49e-78470a54b298,IG Story,IMAGE,22.9.2026 21:16:34,,https://www.instagram.com/stories/united_hk/3992069544039638356,,254,,,
@bitvaoprahu,instagram,d7c8aa06-74fb-4c6c-a7d2-c2fe1bf6d59c,3a33fdab-582c-46db-ba37-ef8512317b32,IG Reel,VIDEO,12.3.2026 17:37:24,"📣 GÓL POHLEDEM SPEAKERA 👁️

@czufarmers 🚨| #CZU ⚔️ #VSE | #bitvaoprahu",https://www.instagram.com/reel/DVyv-gvDBvD/,,10750,266,2,1
@riderspardubice,instagram,4d6a67ab-9313-4f77-a82e-abb18adbca5d,3faaa463-b02d-4370-8504-86e582304b9b,IG Story,VIDEO,17.4.2026 14:11:22,BONBÓNY ZA PUK PRO HRÁČE OD NEJMLADŠÍHO FANOUŠKA🥹🫶🏻,https://www.instagram.com/stories/riderspardubice/3877340874304919452,,1045,,,3
@univerzitnihokej,facebook,01b45180-0b14-4a14-96e8-d0a4bab1fb9f,4c391e1b-ac13-4154-8f0e-98b06410f7c0,FB Video,VIDEO,9.4.2026 17:22:36,@ukkingsprague si daji 16.4. opáčko v Edenu na @unihokejfinalfour 🎟️ Tentokrat už budou bojovat o titul a pohár Jana Palacha! 🏆 Vstupenky na finalfour.cz,https://www.facebook.com/reel/1257018939879046/,1880,955,10,,
@218107044725785,facebook,7a942e3e-6c47-4794-9ba7-bbc7b6d40cb3,a69c529f-66a5-48d1-a79a-32507425d46e,FB Video,VIDEO,8.9.2026 17:33:42,"Pár jsme jich letos ulovili 🎣 

#vsefalcons",https://www.facebook.com/reel/27237340029275624/,790,345,10,,
@AkademiciPlzen,facebook,d87b94e3-03e8-45d0-b92e-75e9b819545c,cb0b0de2-33e6-4a7b-bd62-8f08055884b1,FB Video,VIDEO,4.3.2026 20:07:24,"Neboj, neprozradíme mu co z toho chceš. 🤫😏

#akademiciplzen",https://www.facebook.com/reel/2784655471877583/,1434,576,4,,
@cvutengineers,instagram,11963a07-7f0f-48e6-9d81-aa63a7ff4a04,83083dae-29f4-4697-a5a0-837a48232c38,IG Story,VIDEO,22.8.2026 18:12:05,"🚨 2.TŘETINA 
ZAČÍNÁ",https://www.instagram.com/stories/cvutengineers/3969508668470986768,,747,,,4
vsefalcons,instagram,709fceba-e311-48e7-9057-f54a587abf4a,891e8290-8c0f-4ee3-bc88-34c6f9702eb8,IG Story,VIDEO,14.3.2026 15:35:56,🤸🏽 @one__timer,https://www.instagram.com/stories/vsefalcons/3852741835605187435,805,864,,,1
vsefalcons,instagram,709fceba-e311-48e7-9057-f54a587abf4a,d87bdf8a-0591-4253-8bec-9f447c752c9a,IG Story,VIDEO,3.3.2026 18:03:11,🦘,https://www.instagram.com/stories/vsefalcons/3844842753960223330,702,899,,,
@cvutengineers,instagram,11963a07-7f0f-48e6-9d81-aa63a7ff4a04,f1573fac-523d-4c47-91d1-3990dc040f98,IG Post,IMAGE,19.3.2026 8:06:05,"Už příští středu nás čeká poslední zápas základní
části. A nebude jen tak ledajaký.

Čeká nás LAST DANCE GAME pro hráče, kteří se s Engineers loučí 💙🦁

V posledních zápasech sezóny uvidíte v našem dresu naposledy Kubu DOHNALA, dvojčata NAJMANOVI, Pepu HYNKA a Vencu
SVACHA 🥹

Doražte jim vzdát respekt za všechno, co pro Engineers odmakali. Nechali tu kus sebe 🫡",https://www.instagram.com/p/DWDwKw0DDeb/,,15003,311,3,32
@bitva_o_budejce,instagram,f977c0af-061e-4c10-813f-da5818f8a748,00472b8b-03d0-4914-8f19-5afc86d98c9b,IG Story,VIDEO,9.9.2026 19:07:24,"📍 BUDĚJCE
🏒 FANOUŠEK
❤️ EMOCE
⚔️ DERBY

Tak schválně… máte všechny ? 👀 📌 

Nezapomeň si je odškrtnout ve své osmisměrce!",https://www.instagram.com/stories/bitva_o_budejce/3982582448482957402,,308,,,1
vsefalcons,instagram,709fceba-e311-48e7-9057-f54a587abf4a,1b2a5887-55b7-46d9-b29b-20390ece37e0,IG Story,VIDEO,26.2.2026 21:05:24,ZDRAVÍME TAKY IMPOSTERY 😁👋🏼 @cvutengineers 👀 @united_hk x,https://www.instagram.com/stories/vsefalcons/3841310620880789941,978,1303,,,5
vsefalcons,instagram,709fceba-e311-48e7-9057-f54a587abf4a,374ea3ae-648f-4c49-b808-886a5d6c18c8,IG Reel,VIDEO,27.3.2026 17:51:01,"Písnička, ke které zná každý správný text 🙂‍↔️ 

Tak si pojďme všichni společně vyřvat hlasivky 31.3. na @icearenakaterinky 📢 Budeme vás potřebovat! 🦅💙

#playin #vsefalcons",https://www.instagram.com/reel/DWZZd65iDWI/,,3616,81,1,4
@boostrava,instagram,1176ddaf-d366-48a2-9639-3c6694c72c85,3cf9f1a5-a7fb-4f35-9dac-6fc33fabdd3a,IG Reel,REEL,30.3.2026 13:10:10,"ZÍTRA to vypukne! Boj o postup do dalšího kola! 
Přijďte se sladit do 🟠 barev BOČKA, dostat triko zdarma a pivko k tomu🍺. 
📍RT TORAX ARENA 
⏰ 19:30",https://www.instagram.com/reel/DWgnLFmDBow/,,4757,58,4,39
@united_hk,instagram,b18c071b-0570-48b2-b743-990c668c3c5b,5a16d159-d0af-48e1-a73c-459bad968bfb,IG Story,IMAGE,22.9.2026 11:41:20,"Na místě tě čeká
Půlnoční soutěž o vstup
do SKYBOXU 🔥",https://www.instagram.com/stories/united_hk/3991780048889216052,,860,,,3
vsefalcons,instagram,709fceba-e311-48e7-9057-f54a587abf4a,64a0e7e1-62f0-4f2f-aafb-7c1d8cc2a8c9,IG Story,VIDEO,24.3.2026 18:46:56,DNEŠNÍ POVINNOST 🍿,https://www.instagram.com/stories/vsefalcons/3860085044673036937,785,777,,,2
vsefalcons,instagram,709fceba-e311-48e7-9057-f54a587abf4a,93b99f40-5279-4cc7-ba0d-7397d07bf796,IG Story,VIDEO,22.9.2026 19:24:19,OTEVÍRÁ SKÓRE @hroud1c6 💥,https://www.instagram.com/stories/vsefalcons/3992013067700951644,,1269,,,6
@vutcavaliersbrno,instagram,b384bebf-72f3-4f9d-8b2d-3677709f6966,ef48ba1a-10db-4669-a0d3-131cf474c15e,IG Story,VIDEO,31.3.2026 7:18:46,@vutvbrne @vutfp,https://www.instagram.com/stories/vutcavaliersbrno/3864812112967158957,,3768,,,3
@univerzitnihokej,instagram,1e114592-3529-4cfe-9977-2598454053af,017c8ae8-ae1c-43ff-844c-455d4ca99016,IG Post,PHOTO,30.3.2026 18:03:46,Jan Zoufal o univerzitním hokeji v Česku i zahraničí! 🇨🇿🌍 Celý článek na webu hokej.cz 👨🏻‍💻,https://www.instagram.com/p/DWhIbbCCE1c/,,8457,199,,8
@united_hk,tiktok,7e062517-b9da-416d-b73d-a2c5899a2be6,24416f89-54a1-4994-876a-0751f1913c80,TT Video,VIDEO,12.4.2026 16:10:49,We listen and we (don’t) judge: Garnier edition💚 #unitedhk #unihokej #hokej,https://www.tiktok.com/@united_hk/video/7627905909041253654?utm_campaign=tt4d_open_api&utm_source=7348986504397455361,,1292,58,,5
@riderspardubice,instagram,4d6a67ab-9313-4f77-a82e-abb18adbca5d,508e0cc5-c2d7-4b68-8c33-3fceef8af3f3,IG Story,VIDEO,31.3.2026 17:34:45,JDEME NA TO!!,https://www.instagram.com/stories/riderspardubice/3865122151263381423,,822,,,
vsefalcons,instagram,709fceba-e311-48e7-9057-f54a587abf4a,932b1030-029c-4963-9f02-0306a030eb6f,IG Post,CAROUSEL_ALBUM,1.2.2026 17:23:30,"už za 2️⃣ dny se vidíme zpátky na @icearenakaterinky 🤩 
lístky sežene přes odkaz na profilu 🎟️",https://www.instagram.com/p/DUOTohKiFj1/,,8223,82,,15
vsefalcons,instagram,709fceba-e311-48e7-9057-f54a587abf4a,cddf6ad2-3810-48b9-aca5-5e5880449012,IG Story,IMAGE,20.9.2026 18:01:06,JSTE READY? 👀,https://www.instagram.com/stories/vsefalcons/3990521608088557699,,723,,,1
@akademiciplzen,instagram,65494228-95bf-4f7b-8e68-d47d7262db66,fbd665af-ee66-4aed-b19b-f6d5bde62566,IG Reel,VIDEO,15.3.2026 19:22:53,"Balance is the key! @kaiser_sim_ 🚴🍰

#akademiciplzen 💙",https://www.instagram.com/reel/DV6qXy8jbBY/,,23162,572,,48
@engineersprague,facebook,afd06d1d-7b1c-4f66-8d93-ce4255ab773c,72305b33-7ee1-4982-b923-e7ce5c7af270,FB Post,IMAGE,2.3.2026 20:44:34,"Poprosíme hodit čepičku do komentářů pro Šachlíka, který se dneska v Pardubicích blýskl hattrickem 🧢😮‍💨",https://www.facebook.com/1560924572517692/posts/1535453795064770,611,,7,,
@unitedhk,facebook,bfe6cc29-a387-41b9-9bca-b077722556af,e1b9c784-107a-4235-9e59-dd457b6b82e5,FB Story,IMAGE,26.9.2026 13:08:32,,https://facebook.com/stories/122099775710388974/UzpfSVNDOjE4MDI0OTYyMDA4OTU2Mzk=/?view_single=1,,,,,
@riderspardubice,facebook,f99ed6c3-17cc-46f4-a32e-d9b0576ce2df,faf78d0e-fa5e-4477-bea6-e8ebc45784dc,FB Post,IMAGE,15.4.2026 9:05:50,"Která sluší víc? 🖤🤍

Originální dresy Riders od @b_hockey_czech pořídíte přímo v Edenu na @unihokejfinalfour! ❤️‍🔥

*do vyprodání zásob",https://www.facebook.com/1592662819534019/posts/1605174311616203,499,,1,,
@AkademiciPlzen,facebook,d87b94e3-03e8-45d0-b92e-75e9b819545c,0ac0d7d9-5530-4b8e-8166-4b0cc00d588c,FB Post,IMAGE,4.3.2026 21:32:13,"2 TĚŽCE VYBOJOVANÉ BODY JSOU DOMA! ⚡️ Poroučíme se, jdeme slavit. 🤭

👑 MVP zápasu: @honza_sibra 

#akademiciplzen #jarnibitva",https://www.facebook.com/1357105236437494/posts/1334820881999263,7241,,68,,
vsefalcons,instagram,709fceba-e311-48e7-9057-f54a587abf4a,7d6c6a98-bd01-45e2-8c4d-9648d48fbf8d,IG Story,VIDEO,9.2.2026 19:47:07,,https://www.instagram.com/stories/vsefalcons/3828949978857391350,,843,,,4
vsefalcons,instagram,709fceba-e311-48e7-9057-f54a587abf4a,c9d1ea64-59ed-4669-9493-213095bef9f3,IG Story,IMAGE,27.4.2026 11:53:21,"Chceme tvůj zážitek
ze zápasů posunout dál. 📌 👇🏼 🔥 Řekni svůj názor
v krátkém dotazníku",https://www.instagram.com/stories/vsefalcons/3884519257786607982,1201,1528,,,3
@riderspardubice,instagram,4d6a67ab-9313-4f77-a82e-abb18adbca5d,f28287d5-5dfd-43f2-881c-d66a71690638,IG Story,VIDEO,17.4.2026 14:01:39,FINAL FOUR ROZBRUSLENÍ 🧊 ❄️,https://www.instagram.com/stories/riderspardubice/3877335892612671332,,1003,,,
@univerzitnihokej,instagram,1e114592-3529-4cfe-9977-2598454053af,0a163bbc-e871-42cc-8871-9bee3556b79f,IG Post,IMAGE,19.3.2026 19:19:07,Swipuj doleva 👈🏼👀,https://www.instagram.com/p/DWE9blqiCs1/,,26235,534,1,8
@riderspardubice,facebook,f99ed6c3-17cc-46f4-a32e-d9b0576ce2df,24f0ff06-5edc-49cc-8917-e9f34b5594de,FB Post,IMAGE,17.4.2026 7:39:37,Nejlepší hráč zápasu a střelec gólu @spinkov23! 🔥🥅,https://www.facebook.com/1592662819534019/posts/1607059084761059,633,,4,,
@riderspardubice,instagram,4d6a67ab-9313-4f77-a82e-abb18adbca5d,67fddbd6-e0cf-4cf8-9f89-03399dc88fc2,IG Story,VIDEO,8.4.2026 21:06:05,,https://www.instagram.com/stories/riderspardubice/3871026725861992219,,113,,,
@akademiciplzen,instagram,65494228-95bf-4f7b-8e68-d47d7262db66,82871f5d-479b-4e66-979e-0a19d8019e99,IG Post,IMAGE,4.3.2026 21:32:08,"2 TĚŽCE VYBOJOVANÉ BODY JSOU DOMA! ⚡️ Poroučíme se, jdeme slavit. 🤭

👑 MVP zápasu: @honza_sibra 

#akademiciplzen #jarnibitva",https://www.instagram.com/p/DVekYj7DNfB/,,33377,602,,25
@cvutengineers,instagram,11963a07-7f0f-48e6-9d81-aa63a7ff4a04,adcdc0b3-28f8-4f98-ad56-ac0e73e15ea6,IG Post,ALBUM,31.3.2026 6:57:42,"To je on! Engineerskej démon 🔥!

David Routa díky svým 54 bodům v základní části překonal rekord ULLH. Celkem vstřelil 19 gólů a získal 35 asistencí. 
GRATULUJEME 🫶🏻.

#engprg",https://www.instagram.com/p/DWiiHw5jCee/,,11251,431,8,22
@engineersprague,facebook,afd06d1d-7b1c-4f66-8d93-ce4255ab773c,cc050743-e6e3-4815-ac52-fc2d1a92a140,FB Story,VIDEO,12.3.2026 22:38:23,,,,,,,
@riderspardubice,instagram,4d6a67ab-9313-4f77-a82e-abb18adbca5d,ebaa471a-891b-45dc-a047-54b120397403,IG Post,IMAGE,8.4.2026 22:20:16,Dnes to bohužel nevyšlo. Máme ještě jednu šanci v Lucky loser game🍀,https://www.instagram.com/p/DW4x-egDHK0/,,3143,58,,2
vsefalcons,instagram,709fceba-e311-48e7-9057-f54a587abf4a,2ce75e34-0089-486a-8337-f89db6a310d1,IG Post,IMAGE,5.3.2026 21:55:05,"Poslední zkouška ohněm před @bitvaoprahu 👊🏼
My jsme je vyřadili loni ve čtvrtfinále, oni nás porazili na podzimní Bitvě. Čeká tě dávka pořádný rivality, tak nás doraž podpořit! 🔥

📅 úterý 10. března
🕑 19:30
📍 Ice Arena Kateřinky
🎟️ lístky koupíš na profilu",https://www.instagram.com/p/DVhMJqgCEU_/,,12858,185,2,105
@riderspardubice,instagram,4d6a67ab-9313-4f77-a82e-abb18adbca5d,5ed1a1eb-886e-4154-bacf-07282e868e93,IG Story,VIDEO,1.9.2026 9:42:53,🔥🔥,https://www.instagram.com/stories/riderspardubice/3976500100927190702,,757,,,
@boostrava,instagram,1176ddaf-d366-48a2-9639-3c6694c72c85,a873940e-b571-46dc-abf0-3551969df8d3,IG Story,VIDEO,21.9.2026 17:36:25,,https://www.instagram.com/stories/boostrava/3991234040577144283,,475,,,
@univerzitnihokej,facebook,01b45180-0b14-4a14-96e8-d0a4bab1fb9f,af9658e5-2b9d-4c2d-a35b-642858d657b9,FB Post,IMAGE,26.3.2026 18:56:16,"I když byla letošní sezóna @hcnorthwings plná překážek, bojovali statečně a odnesli si dokonce pohár ze Souboje dobavytelů 💛

Děkujeme, jsme na vás pyšný a těšíme se zase příští sezónu! 👋🏼",https://www.facebook.com/1275398168115026/posts/1271140548540788,1719,,19,,
@engineersprague,facebook,afd06d1d-7b1c-4f66-8d93-ce4255ab773c,cf10ed15-91cd-4f09-b591-2e2ba64f0958,FB Post,IMAGE,1.8.2026 7:38:59,"Máme tady jeden comeback! 🦁
Na střídačku se vrací legenda Engineers Petr Ujfaluši. Tentokrát v roli asistenta trenéra. 🫡

Ujfi, vítej zpátky doma! Máme radost, že jsi zase součástí #engprg a těšíme se na společnou sezonu. 🔥",https://www.facebook.com/1560924572517692/posts/1673988601211288,1090,,19,,
@218107044725785,facebook,7a942e3e-6c47-4794-9ba7-bbc7b6d40cb3,dcea7030-06ac-4e57-8d6f-51882e876de6,FB Post,ALBUM,29.3.2026 11:38:09,"EMOCE, které chceme zažít v úterý znova 👀 
Jeden zápas. Jedna šance.

A vy u toho prostě musíte být.
🎟️ Vstupenky najdete na našem profilu.",https://www.facebook.com/122282816036218300/posts/122281264010218300,369,,8,,
@riderspardubice,instagram,4d6a67ab-9313-4f77-a82e-abb18adbca5d,fa03bbd2-a4be-49bd-a2b4-f105f266f2cc,IG Story,VIDEO,2.9.2026 7:56:07,,https://www.instagram.com/stories/riderspardubice/3977171147682816289,,1022,,,
@united_hk,instagram,b18c071b-0570-48b2-b743-990c668c3c5b,fefee7b1-e97b-43f2-90d7-41386cb6b8c0,IG Reel,VIDEO,18.7.2026 14:54:39,"Na našem stánku jsme dnes přivítali jednu z legend českého hokeje, Josefa Marhu. Děkujeme za návštěvu! 🏒

#unitedhk #josefmarha #unihokej #hradeckralove #uhk",https://www.instagram.com/reel/Da8DLxio2kT/,,9077,192,,3
@boostrava,instagram,1176ddaf-d366-48a2-9639-3c6694c72c85,0815a605-888e-4964-98f0-3c0bee6039fd,IG Post,IMAGE,10.9.2026 6:15:28,"GAME DAAAAAY‼️🔥 
Dneska je ten den! 🏒 Přijďte podpořit náš tým v atraktivním přátelském utkání proti Opole United!
Možná si říkáte, co jsou vlastně zač. Jde o polský univerzitní klub z Opole, ale nenechte se zmást – většinu jejich kádru tvoří hráči přímo z USA a Kanady, kteří v Polsku studují a hrají. Čeká nás tak parádní hokej v zámořském stylu plný tvrdých soubojů! 🇺🇸🇨🇦
Tak dojdi na Bočko a dej si pivko!",https://www.instagram.com/p/DdGJoj_stJW/,,9734,179,1,29
@riderspardubice,facebook,f99ed6c3-17cc-46f4-a32e-d9b0576ce2df,1fd2ec29-c7d0-44e3-a3b5-f00976026dec,FB Video,VIDEO,5.3.2026 19:13:43,"🐱 V pondělí za námi do enteria areny přijedou @blackdogsbudweis_vste! 🐕

A my při této příležitosti společně podpoříme KoČIČÍ depozitum Lovčice! 

Jak můžete opuštěným kočičkám pomoci s námi? 
- přineste s sebou na zápas kočičí žrádlo - granule, konzervy, ňaminky 
- přispějte finančním darem - ideálně v hotovosti na místě nebo pomocí QR kódu na kostce.

Minulý semestr jsme pomohli pejskům z @farma_u_veselyho_psa, tak pojďme znovu spojit síly a tentokrát pomoci kočičkám z KoČIČÍ depozitum Lovčice! 

Vstupenky za zapas koupíš přes odkaz v BIU!",https://www.facebook.com/reel/1478371013624033/,784,228,11,,
@vutcavaliersbrno,instagram,b384bebf-72f3-4f9d-8b2d-3677709f6966,5d44cf11-db14-4e96-affc-6580251c3581,IG Story,VIDEO,23.9.2026 20:07:17,"🏒 5:4 🎯 @cyril.valach 
NÁS DOSTÁVÁ DO VEDENÍ",https://www.instagram.com/stories/vutcavaliersbrno/3992759474187679891,,560,,,
@cvutengineers,instagram,11963a07-7f0f-48e6-9d81-aa63a7ff4a04,612e15ce-30ff-4d14-992a-d519ef640108,IG Story,VIDEO,22.9.2026 16:40:40,,https://www.instagram.com/stories/cvutengineers/3991930673174433227,,1629,,,2
@218107044725785,facebook,7a942e3e-6c47-4794-9ba7-bbc7b6d40cb3,75ddc366-3115-4ad6-bb24-865c267c80bf,FB Post,IMAGE,17.9.2026 6:26:57,"ať víte co (nebo kdo) vás v úterý čeká a nemáte v tom hokej 🙌🏼

Lístky stále v prodeji v appce UniLife nebo na našem profilu 🎟️",https://www.facebook.com/122282816036218300/posts/122306874326218300,267,,8,,
@univerzitnihokej,instagram,1e114592-3529-4cfe-9977-2598454053af,94cd3ed1-ceb8-4876-aa68-288c1e19ebfe,IG Post,IMAGE,4.3.2026 21:31:47,"Největší hlad na ledě dnes měl @_rihastepan_ 👀🔥

Odměna za výkon?
ZOTT HUNGRY pro dnešního nejhladovějšího hráče. 🥛 #zott #zotthungry #zotthungrydrinkthis",https://www.instagram.com/p/DVeksIVCJa5/,,5977,107,,5
@united_hk,instagram,b18c071b-0570-48b2-b743-990c668c3c5b,cecc2c09-950b-49c5-b5b4-c3bea50d2d2a,IG Reel,VIDEO,2.9.2026 16:52:00,"Hokej je zpátky. Nová sezóna startuje! 

Souboje, góly, led a Otvírák - první domácí zápas nové sezóny.

Buď u toho s námi! 

29. září.
UNIted HK × BO Ostrava.
ČPP aréna.

🎟️ Prodej spouštíme 7. 9.

unitedhk.cz/otvirak",https://www.instagram.com/reel/DcysmqFoXjg/,,5143,136,2,27
vsefalcons,instagram,709fceba-e311-48e7-9057-f54a587abf4a,3f9bdb7b-4def-4594-9dcf-658229a2d091,IG Story,VIDEO,10.2.2026 18:50:52,,https://www.instagram.com/stories/vsefalcons/3829646440712957910,621,810,,,
@hcnorthwings,facebook,2b08a479-603b-46e4-8a48-2bc0435ccd53,686391ff-913d-4185-8701-854326c15174,FB Story,VIDEO,4.3.2026 16:05:24,,,,,,,
@riderspardubice,instagram,4d6a67ab-9313-4f77-a82e-abb18adbca5d,98e14639-0014-4a91-a823-94dd5dd6a167,IG Post,IMAGE,17.4.2026 7:39:26,Nejlepší hráč zápasu a střelec gólu @spinkov23! 🔥🥅,https://www.instagram.com/p/DXOYaVvDCrG/,,2584,84,,6
@218107044725785,facebook,7a942e3e-6c47-4794-9ba7-bbc7b6d40cb3,a365763c-482b-4a68-bdce-4e5b4181a9a2,FB Post,IMAGE,21.9.2026 19:04:29,"Opakování je matka moudrosti. 
Dobrou noc 😴",https://www.facebook.com/122282816036218300/posts/122307621914218300,115,,3,,
@riderspardubice,instagram,4d6a67ab-9313-4f77-a82e-abb18adbca5d,be8767a0-76d5-4003-80e0-c2d5464f29c0,IG Story,VIDEO,1.4.2026 14:51:24,,https://www.instagram.com/stories/riderspardubice/3865764702009995513,,547,,,
@vutcavaliersbrno,instagram,b384bebf-72f3-4f9d-8b2d-3677709f6966,c0a21b31-a270-43a1-99f5-3690bd574c23,IG Story,VIDEO,13.9.2026 15:28:34,,https://www.instagram.com/stories/vutcavaliersbrno/3985371447874326908,,629,,,1
@bitvaoprahu,facebook,75e0f41f-82be-4f82-a77b-82ac11135ed2,131b1de9-5702-47a1-8cfe-119ae8bcec64,FB Video,VIDEO,25.3.2026 18:41:18,"Hokejem u nás večer nikdy nekončí 🙂‍↔️ jestli máš vzpomínky v mlze, je čas si tuhle připomenout 🪩",https://www.facebook.com/reel/2991798127693774/,112,40,3,,
@univerzitnihokej,facebook,01b45180-0b14-4a14-96e8-d0a4bab1fb9f,2d22c60f-ab4b-416f-b9ac-58f46bbc165f,FB Post,IMAGE,13.4.2026 18:45:23,"Vyhraj vstupenky na Beats for Love s našim generálním partnerem ČSOB🎧

Stačí si založit účet přes odkaz v našem biu ☝🏻
Přesměruje tě do aplikace, kde máš během pár minut hotovo ✅

Pro 8️⃣ nejrychlejších máme celodenní vstupenky na @beats.for.love.festival ⚡️🎟️
O dalších 6 se bude soutěžit na @unihokejfinalfour 👀",https://www.facebook.com/1275398168115026/posts/1285196090468567,433,,,,
@boostrava,instagram,1176ddaf-d366-48a2-9639-3c6694c72c85,2d5abb20-d38f-4ec1-8fbb-8765d1e90def,IG Story,VIDEO,21.8.2026 12:33:24,,https://www.instagram.com/stories/boostrava/3968613416310713493,,422,,,
@218107044725785,facebook,7a942e3e-6c47-4794-9ba7-bbc7b6d40cb3,6c2f830c-2516-46bf-918a-7dd2a03fc280,FB Video,VIDEO,5.9.2026 7:27:41,Prošli kluci touhle zkouškou? 🧐,https://www.facebook.com/reel/3606374356179183/,9284,4450,20,,
@engineersprague,facebook,afd06d1d-7b1c-4f66-8d93-ce4255ab773c,773cb1bf-edde-44c3-acd6-663654599cc5,FB Post,IMAGE,23.9.2026 10:15:43,"Tři body doma a jedeme dál. 🔥
Proti největšímu rivalovi chutná vítězný start do sezony ještě o něco líp. 👀🏒

📸 Ondřej Mann",https://www.facebook.com/1560924572517692/posts/1724696389473842,1392,,9,,
@boostrava,instagram,1176ddaf-d366-48a2-9639-3c6694c72c85,7f2a865d-a7be-4cc4-b741-c96344da5c90,IG Story,VIDEO,21.9.2026 17:03:57,JSME ZPÁTKY 🫵 ✨,https://www.instagram.com/stories/boostrava/3991217660964388735,,549,,,
vsefalcons,instagram,709fceba-e311-48e7-9057-f54a587abf4a,c585703e-a72f-4bc3-add0-265a5c0289e0,IG Story,VIDEO,24.3.2026 18:39:38,👣 👣 👣 👣 👣 👣 👣 👣,https://www.instagram.com/stories/vsefalcons/3860081388011683094,814,663,,,
vsefalcons,instagram,709fceba-e311-48e7-9057-f54a587abf4a,eae2af15-0559-4357-8291-5a9d7d474ba6,IG Story,VIDEO,31.3.2026 16:46:59,srovnává 🎯,https://www.instagram.com/stories/vsefalcons/3865098126155638357,989,942,,,
univerzitnihokej,tiktok,01c88cf9-594f-408e-a45a-95114221acae,29e0c88c-1761-4740-98bd-a51663833fec,TT Video,VIDEO,16.4.2026 17:57:21,Nic roztomilejšího už dneska neuvidíte 🥹,https://www.tiktok.com/@univerzitnihokej/video/7629417714058022166?utm_campaign=tt4d_open_api&utm_source=7348986504397455361,,21120,713,1,29
@riderspardubice,instagram,4d6a67ab-9313-4f77-a82e-abb18adbca5d,34a02ef6-d294-4afa-93f7-ed324d8f00d6,IG Story,VIDEO,21.9.2026 6:24:42,,https://www.instagram.com/stories/riderspardubice/3990895875924219662,,1346,,,2
@hc_muni,instagram,43cd62c8-609d-4ea6-8ce9-cae5242ede0c,59973700-6b17-4726-851b-1e7fc5b19b19,IG Reel,VIDEO,15.3.2026 17:00:42,"POV: Jsi maskot, ale žiješ lepší život než půlka týmu 🔥 Zero stres, full vibes, protože na led nemusím a slávu mám i tak 🐻✌🏻

#hcmuni",https://www.instagram.com/reel/DV6ZtXsCAV-/,,7084,206,4,36
@AkademiciPlzen,facebook,d87b94e3-03e8-45d0-b92e-75e9b819545c,5b57074d-58a8-43b6-ab66-3efb988efd59,FB Story,IMAGE,26.9.2026 19:14:06,,https://facebook.com/stories/103234241824606/UzpfSVNDOjE2MDU2NDE5OTc2ODM1NjE=/?view_single=1,,,,,
@riderspardubice,instagram,4d6a67ab-9313-4f77-a82e-abb18adbca5d,62a945d8-ac75-4d9a-9b40-018672ef44ab,IG Post,IMAGE,13.4.2026 12:29:22,"🚨 JSME V TOP4 A TEĎ TO TEPRVE ZAČÍNÁ!

Poprvé v historii 👉 @unihokejfinalfour 
největší akce sezóny, přímý přenos v TV… a my jsme u toho.

🏒 SEMIFINÁLE
🆚 @ukkingsprague 
📍 Zimní stadion Eden, Praha
🕓 16. dubna | 16:30

Tohle není jen zápas.
👉 tohle jsou 2 dny hokeje, emoce, atmosféra a afterparty

Bude nás čekat v pátek boj o zlato nebo bronz! Každopádně v pátek si udělejte místo v kalendáři, bude se bojovat o medaileeee. 

Pojď nás podpořit a být součástí něčeho, co se píše poprvé.

🎟️ Vstupenky koupíš přes odkaz v BIU!",https://www.instagram.com/p/DXEmOgKDAWr/,,10828,127,1,15
@univerzitnihokej,facebook,01b45180-0b14-4a14-96e8-d0a4bab1fb9f,9c3be662-92c4-4146-910a-b000bb6f6aa5,FB Post,IMAGE,14.4.2026 8:43:37,"Vyhraj vstupenky na Beats for Love s našim generálním partnerem ČSOB🎧

Stačí si založit účet přes odkaz v našem biu ☝🏻
Přesměruje tě do aplikace, kde máš během pár minut hotovo ✅

Pro 8️⃣ nejrychlejších máme celodenní vstupenky na @beats.for.love.festival ⚡️🎟️
O dalších 6 se bude soutěžit na @unihokejfinalfour 👀",https://www.facebook.com/1275398168115026/posts/1285591943762315,370,,,,
vsefalcons,instagram,709fceba-e311-48e7-9057-f54a587abf4a,07f7b453-08ff-40a8-a292-0f2266db9bd7,IG Story,VIDEO,22.9.2026 17:52:58,PARTY MODE ON,https://www.instagram.com/stories/vsefalcons/3991967143721208835,,1104,,,1
@cvutengineers,instagram,11963a07-7f0f-48e6-9d81-aa63a7ff4a04,11781d3d-7613-4ca2-94cb-b7bcc2950535,IG Story,IMAGE,22.8.2026 19:24:44,3 0,https://www.instagram.com/stories/cvutengineers/3969545196541222980,,846,,,6
@bitva_o_budejce,instagram,f977c0af-061e-4c10-813f-da5818f8a748,1ab1df53-e833-4ac3-8058-0a949e01588c,IG Story,VIDEO,13.9.2026 8:22:37,,https://www.instagram.com/stories/bitva_o_budejce/3985157015164700788,,778,,,5
@boostrava,instagram,1176ddaf-d366-48a2-9639-3c6694c72c85,8053ada1-28a0-463d-86df-8d36717ff621,IG Story,VIDEO,31.3.2026 18:43:59,HAVLOS SROVNAL  @adam.havel  2:2 🦈,https://www.instagram.com/stories/boostrava/3865157024929870569,,618,,,1
vsefalcons,instagram,709fceba-e311-48e7-9057-f54a587abf4a,9a39b0ae-721d-4e73-85d3-74015e4497ef,IG Story,VIDEO,8.4.2026 17:43:18,MRZÁCI DNES ASPOŇ PODPORUJÍ 🤕 📢,https://www.instagram.com/stories/vsefalcons/3870924710716434922,903,832,,1,3
@218107044725785,facebook,7a942e3e-6c47-4794-9ba7-bbc7b6d40cb3,e5b2eb21-1a56-4b4f-8aec-370a145e8110,FB Post,IMAGE,4.8.2026 14:52:12,Ulovili jsme pár momentek z letních prázdnin 🏖️  Poslední dny odpočinku a v pondělí 10.8. naskakujeme zpátky na led hledat nové Falcons tváře! 🦼🦅,https://www.facebook.com/122282816036218300/posts/122300527280218300,468,,12,,
@univerzitnihokej,instagram,1e114592-3529-4cfe-9977-2598454053af,23d7aa9e-534f-4efc-8f57-e54b3950c7b5,IG Story,VIDEO,18.4.2026 10:25:02,,https://www.instagram.com/stories/univerzitnihokej/3877951828327403665,,1225,,,2
vsefalcons,instagram,709fceba-e311-48e7-9057-f54a587abf4a,6efa4ee4-ee00-4dc0-a97c-96920b2e0c64,IG Story,VIDEO,17.2.2026 22:40:45,@united_hk 🎤,https://www.instagram.com/stories/vsefalcons/3834837780425905551,594,713,,,
@VUTCavaliersBrno,facebook,3351b43e-4b71-442b-b2f1-920cd6e57ee5,f51115b9-b758-4f4a-af30-5ef8dee6331c,FB Story,IMAGE,23.9.2026 19:46:38,,https://facebook.com/stories/100667195401737/UzpfSVNDOjQwODA1ODYxMzIyNDI2MDU=/?view_single=1,,,,,
univerzitnihokej,tiktok,01c88cf9-594f-408e-a45a-95114221acae,04a82652-0d19-4ddc-8c8b-5f55a2829ed2,TT Video,VIDEO,10.4.2026 15:56:34,@vsefalcons postupují do FINAL FOUR🦅👀 🗓️16.-17.4. | 📍Zimní stadion Eden 🎟️ finalfour.cz,https://www.tiktok.com/@univerzitnihokej/video/7627160065631407382?utm_campaign=tt4d_open_api&utm_source=7348986504397455361,,858,44,1,1
@hokejovy_souboj_univerzit,instagram,cb4021a2-14da-41f5-8b43-0502f11720aa,68f89a9f-d2c2-43ce-9615-d3bf18982ac5,IG Story,IMAGE,23.9.2026 12:20:50,,https://www.instagram.com/stories/hokejovy_souboj_univerzit/3992524665308346741,,2548,,,12
@riderspardubice,facebook,f99ed6c3-17cc-46f4-a32e-d9b0576ce2df,ce59a804-e57a-4e42-91bb-f087e4a7abd3,FB Video,VIDEO,17.4.2026 16:18:52,"Chvilku pro sebe 🫂
@63skorpiz & @radek_bednar_",https://www.facebook.com/reel/2141182876423032/,317,129,6,,
@univerzitnihokej,instagram,1e114592-3529-4cfe-9977-2598454053af,34fbb979-329a-448e-af55-b42b834b5b96,IG Post,IMAGE,11.3.2026 21:53:10,Akademici si dnes ugrilovali křídla 🍗 domácí BOčko po dlouhých nájezdech obhájilo Moravské derby 😮‍💨,https://www.instagram.com/p/DVwos12CJzI/,,3718,84,1,3
@riderspardubice,instagram,4d6a67ab-9313-4f77-a82e-abb18adbca5d,a35e2cc4-6454-48af-ac86-2a2a4ac27fa6,IG Story,VIDEO,11.4.2026 20:54:50,,https://www.instagram.com/stories/riderspardubice/3873195382331434076,,259,,,
@united_hk,instagram,b18c071b-0570-48b2-b743-990c668c3c5b,c45e05a5-0e6b-4501-9523-a9b9368b83ee,IG Story,VIDEO,26.8.2026 14:35:12,🏰 za hodinu hrajeme!,https://www.instagram.com/stories/united_hk/3972298577489198082,,670,,,
@univerzitnihokej,instagram,1e114592-3529-4cfe-9977-2598454053af,f99337fb-f5be-4dcb-93c6-6eafa3edc3a4,IG Post,IMAGE,11.3.2026 11:20:09,Brno nebo Ostrava. Kdo dnes ovládne Moravské derby? 🫨,https://www.instagram.com/p/DVvfsetCLbH/,,5236,131,2,6
vsefalcons,instagram,709fceba-e311-48e7-9057-f54a587abf4a,05c04939-7e7a-47b6-ae6a-b59cce726655,IG Story,VIDEO,19.1.2026 16:05:25,TAKY UŽ SE NEMŮŽETE DOČKAT?,https://www.instagram.com/stories/vsefalcons/3813618104085793046,,874,,,
@akademiciplzen,instagram,65494228-95bf-4f7b-8e68-d47d7262db66,11dda7c3-9167-442f-8670-472f4fa43086,IG Story,VIDEO,1.9.2026 22:07:30,,https://www.instagram.com/stories/akademiciplzen/3976874884353277519,,142,,,
@bitvaoprahu,facebook,75e0f41f-82be-4f82-a77b-82ac11135ed2,5b34d4c2-d5c8-457b-9760-307528cf1de8,FB Post,IMAGE,12.3.2026 9:35:00,"Venkovní FANZÓNA bude dnes otevřená už od 16:00 ⏰

Naši partneři si tu pro tebe připravili spoustu zábavy, která tě naladí na to mejdlo, co na tebe čeká vevnitř 🔥

A taky stánek s merchem všech týmů! Kde můžeš ještě na poslední chvíli doladit outfit 😮‍💨",https://www.facebook.com/1441262177797849/posts/1419539573303443,199,,,,
@boostrava,instagram,1176ddaf-d366-48a2-9639-3c6694c72c85,9462f6a3-5a2e-4d6f-bbe8-e2398463b42c,IG Story,VIDEO,22.9.2026 19:23:34,@hcporuba 🏒,https://www.instagram.com/stories/boostrava/3992012660291726962,,257,,,5
@united_hk,instagram,b18c071b-0570-48b2-b743-990c668c3c5b,034e9254-fcbc-459a-be7a-ca1bd1cde006,IG Post,IMAGE,18.3.2026 19:38:14,"🏒 Výhra z Ústí

Vyhráváme 5:3.
Důležité body bereme z venku a ladíme formu na Play-In!

Jedeme dál.
🖤🧡",https://www.instagram.com/p/DWCa0tKiLj8/,,3330,93,,5
@united_hk,instagram,b18c071b-0570-48b2-b743-990c668c3c5b,15eecfc5-cd02-4b85-b21a-158946591f3b,IG Reel,VIDEO,24.9.2026 16:10:03,"Pivní štafetu převzali holky a nezklamali!🍻👯‍♀️

#unitedhk #unihokej #hradeckralove #uhk #pivnistafeta",https://www.instagram.com/reel/DdrRzD4ob1l/,,2967,38,,15
@riderspardubice,instagram,4d6a67ab-9313-4f77-a82e-abb18adbca5d,6b5c66c4-3628-4868-a211-6a19026cef6a,IG Reel,VIDEO,16.3.2026 10:50:28,"Doražte na Kopcův Last Dance už 23. března do enteria areny! 🔥

Vstupenky koupíš přes odkaz v BIU!",https://www.instagram.com/reel/DV8UrXyjI_n/,,7826,166,2,15
@univerzitnihokej,instagram,1e114592-3529-4cfe-9977-2598454053af,c8f7cbac-5c1d-4b30-a53a-376f835ed7c9,IG Post,PHOTO,31.3.2026 11:10:59,Oficiálně vypínáme základní část a zapínáme PLAY-IN MODE 😤,https://www.instagram.com/p/DWi-14niFUJ/,,5167,87,1,2
@BOhokej,facebook,c9082543-a03b-490f-8f97-66d439acce89,d478423b-1de6-4b62-b2a3-d35071fd73c6,FB Story,VIDEO,21.9.2026 20:36:47,,https://facebook.com/stories/100133738792962/UzpfSVNDOjE4NzkxMDkyMTMyMjgyNTE=/?view_single=1,,,,,
vsefalcons,instagram,709fceba-e311-48e7-9057-f54a587abf4a,e193007f-b672-4c4a-9d61-830ea1561906,IG Post,IMAGE,21.9.2026 19:04:18,"Opakování je matka moudrosti. 
Dobrou noc 😴",https://www.instagram.com/p/Ddj3Cyuxz0R/,,3730,84,6,3
@univerzitnihokej,facebook,01b45180-0b14-4a14-96e8-d0a4bab1fb9f,e3aa875d-109d-4411-9030-8875026fab16,FB Post,IMAGE,25.9.2026 7:40:48,"Největší bitvy roku jsou opět tady.💥Haly budou praskat ve švech, buď u toho s námi.",https://www.facebook.com/1275398168115026/posts/1424370633217778,1069,,9,,
@akademiciplzen,instagram,65494228-95bf-4f7b-8e68-d47d7262db66,1101ab28-bbfb-4520-b8fd-7872610524bb,IG Story,VIDEO,9.4.2026 20:42:18,"🤩 FOTOREPORT 
Z DNEŠNÍHO BRUSLENÍ",https://www.instagram.com/stories/akademiciplzen/3871739515455206697,,444,,,1
@riderspardubice,instagram,4d6a67ab-9313-4f77-a82e-abb18adbca5d,a4c34411-6a79-4733-9a45-43c63665cee8,IG Story,VIDEO,24.9.2026 12:43:51,,https://www.instagram.com/stories/riderspardubice/3993261029663996222,,742,,,
vsefalcons,instagram,709fceba-e311-48e7-9057-f54a587abf4a,d6ea65cb-89ee-4c08-8fcd-56436cbca2b6,IG Story,VIDEO,6.2.2026 17:30:45,,https://www.instagram.com/stories/vsefalcons/3826707064886426143,,748,,,
@riderspardubice,facebook,f99ed6c3-17cc-46f4-a32e-d9b0576ce2df,a423def5-9abb-4697-bc96-a5eba52f02cb,FB Video,VIDEO,17.4.2026 14:54:52,Goalie 🥅❤️‍🔥,https://www.facebook.com/reel/1632986334446651/,551,165,2,,
@boostrava,instagram,1176ddaf-d366-48a2-9639-3c6694c72c85,bd7cb543-4a87-4d42-b2bc-efc998a6fbfd,IG Post,IMAGE,20.8.2026 18:25:21,"Dneska jsme chtěli pořádně prověřit nové tváře. 🦈🔥 A byla to bitva až do konce! Skóre se drželo dlouho na dostřel, soupeř ale v závěru pojistil výhru gólem do prázdné branky. 

#hockey #boostrava",https://www.instagram.com/p/DcRZb3cM-7y/,,4006,103,2,7
@akademiciplzen,instagram,65494228-95bf-4f7b-8e68-d47d7262db66,ca1febc2-5077-4d6c-8f33-26a248f2cb82,IG Story,VIDEO,12.9.2026 9:20:09,TAK NEVÁHEJ A PŘIJĎ SI ZAHRÁT! 24. 9. SE CHYSTÁ STUDENTSKÝ TURNAJ! 🎾 @beerik09  @padelslaviaplzen,https://www.instagram.com/stories/akademiciplzen/3984461198182771509,,1538,,,10
@vutcavaliersbrno,instagram,b384bebf-72f3-4f9d-8b2d-3677709f6966,dc8455e4-f25d-41c5-b57c-35cb79cb7118,IG Story,VIDEO,23.9.2026 21:11:07,❤️‍🔥,https://www.instagram.com/stories/vutcavaliersbrno/3992791603119126591,,260,,,
@cvutengineers,instagram,11963a07-7f0f-48e6-9d81-aa63a7ff4a04,eace6375-550f-4a70-85fd-efb202f09c44,IG Story,VIDEO,9.4.2026 14:28:29,"POKUD NA SEZENÍ, SEKTORY D a E SE NACHÁZÍ ZA NAŠÍ STŘÍDAČKOU  JESTLI CHCEŠ NA FINAL FOUR FANDIT S TÍM NEJLEPŠÍM KOTLEM, TAK POŘIZUJ LÍSTKY NA STÁNÍ @engineerskotel",https://www.instagram.com/stories/cvutengineers/3871551372986726515,,843,,,28
@univerzitnihokej,facebook,01b45180-0b14-4a14-96e8-d0a4bab1fb9f,efca520f-7317-44fd-803f-56d0ca717bc6,FB Video,VIDEO,26.3.2026 23:31:13,,https://www.facebook.com/reel/1280278980706660/,,,,,
@vutcavaliersbrno,instagram,b384bebf-72f3-4f9d-8b2d-3677709f6966,fb06995c-bfd8-4054-aa4d-37e84f612236,IG Story,IMAGE,23.9.2026 20:05:48,"🚨5:4
⏰11:23
@cyril.valach",https://www.instagram.com/stories/vutcavaliersbrno/3992758699327383204,,783,,,1
@united_hk,instagram,b18c071b-0570-48b2-b743-990c668c3c5b,fef3cfcb-3308-4b78-bae1-890f7349b839,IG Post,IMAGE,28.7.2026 12:07:10,"Necelý týden do prvního tréninku na ledě. Ještě naposledy se ale vracíme do Tesla Gymu.

V archivu jsme našli moment, kdy náš marketingový ředitel Michal Ševčík očividně předává Matějovi Voděrackému svoje dlouholeté zkušenosti se silovým tréninkem.

Co mu podle vás právě říká? 👇

Nejlepší hlášky doplníme přímo do fotky a zveřejníme ve Stories.",https://www.instagram.com/p/DbVgH7Eoiow/,,5014,57,5,7
@riderspardubice,instagram,4d6a67ab-9313-4f77-a82e-abb18adbca5d,2d478cce-91aa-4fb4-bd6b-79667a984b59,IG Story,VIDEO,21.9.2026 17:00:47,ROZBRUSLENÍ 🔥,https://www.instagram.com/stories/riderspardubice/3991216047440583362,,997,,,
vsefalcons,instagram,709fceba-e311-48e7-9057-f54a587abf4a,9d208de1-a59c-405d-a094-d95e4ff645a5,IG Story,VIDEO,13.3.2026 16:19:53,,https://www.instagram.com/stories/vsefalcons/3852038496861043897,901,848,,,
@riderspardubice,facebook,f99ed6c3-17cc-46f4-a32e-d9b0576ce2df,a368f0db-70db-4761-9918-0ae194b0ba0b,FB Video,VIDEO,26.9.2026 6:55:52,Hand and Fist Challenge - je to těžší než to vypadá 🤪,https://www.facebook.com/reel/1059480343561677/,711,238,4,,
@AkademiciPlzen,facebook,d87b94e3-03e8-45d0-b92e-75e9b819545c,75f25ae6-054b-404a-beb8-67e18ec701b0,FB Post,IMAGE,5.9.2026 19:19:15,"Jedno město. Dvě školy. Jen jeden vítěz. 

13. ročník BITVY O PLZEŇ je tady! 🔥

Na ledě nás čeká další kapitola toho největšího studentského derby. ⚔️ 

Roky rivality. Tisíce fanoušků. Atmosféra, na kterou se nezapomíná. 🤫

Opět tě čeká nezapomenutelná HALFTIME SHOW přímo na ledě a po závěrečné siréně si tenhle večer společně užijeme na legendární Afterparty. 🍻

Teď zbývá jediná otázka…

Překonáme loňský rekord počtu fanoušků? 👀

Spuštění nejlevnějšího předprodeje pouze na 24 hodin už brzy... 🤫⏳",https://www.facebook.com/1357105236437494/posts/1491673749647308,1985,,19,,
@unitedhk,facebook,bfe6cc29-a387-41b9-9bca-b077722556af,a2850a6f-8f32-423f-a8a9-e6c3abad91cb,FB Post,PHOTO,26.3.2026 8:56:50,"Náš útočník Štěpán Kyclt dnes slaví narozeniny.

Všechno nejlepší, Štěpáne! 🎂
Užij si to.

🖤🧡

#unitedhk #unihokej #hokej",https://www.facebook.com/122180651084388974/posts/122179687910388974,205,,1,,
@boostrava,instagram,1176ddaf-d366-48a2-9639-3c6694c72c85,6fc2bccf-edc1-404d-9ecf-62041b1507f3,IG Story,VIDEO,31.3.2026 9:11:44,CELÝ ČLÁNEK,https://www.instagram.com/stories/boostrava/3864868978049176857,,841,,,
@akademiciplzen,instagram,65494228-95bf-4f7b-8e68-d47d7262db66,a5a7377a-78d5-434c-b7d3-b062b31f134c,IG Story,VIDEO,20.8.2026 20:35:34,,https://www.instagram.com/stories/akademiciplzen/3968131303186638355,,520,,,12
@boostrava,instagram,1176ddaf-d366-48a2-9639-3c6694c72c85,bf0f2bf3-4065-4c39-ab1b-eca6ccb1dba4,IG Story,VIDEO,20.8.2026 18:28:31,,https://www.instagram.com/stories/boostrava/3968067436184119361,,478,,,8
@united_hk,instagram,b18c071b-0570-48b2-b743-990c668c3c5b,cf93d152-a3db-4495-a2de-d9f08d0357c1,IG Story,VIDEO,11.4.2026 8:24:17,,https://www.instagram.com/stories/united_hk/3872817319479083660,,640,,,
vsefalcons,instagram,709fceba-e311-48e7-9057-f54a587abf4a,2e560bb1-3e39-4d94-ae36-47612b6ef41f,IG Reel,VIDEO,4.3.2026 16:02:10,Náš hlavní partner @mosteckamontazni včera v hlavní roli! 🚀,https://www.instagram.com/reel/DVd-ywACEP4/,,2172,58,,8
@cvutengineers,instagram,11963a07-7f0f-48e6-9d81-aa63a7ff4a04,5dfc5663-8d4a-4148-86cd-5bf1a64c65b2,IG Post,IMAGE,26.8.2026 16:58:03,"JSME ZPĚT! 🔥 
A začínáme pěkně zostra PRAŽSKÝM DERBY proti @ukkingsprague 
Pojďme společně vytvořit pořádnou atmosféru a oslavit začátek sezony! 

22.9. | 18:45 | ZS HVĚZDA
Lístky v biu na profilu🎟️",https://www.instagram.com/p/DcgsaTQMSLJ/,,29787,529,,404
@univerzitnihokej,facebook,01b45180-0b14-4a14-96e8-d0a4bab1fb9f,a4b1686c-27ab-4f0e-80aa-f445c51cc518,FB Post,IMAGE,9.4.2026 9:45:22,UK Kings se 16.4. vrátí zpět do Edenu 👑 Vstupenky na finalfour.cz 🎟️,https://www.facebook.com/1275398168115026/posts/1281841337470709,506,,2,,
@riderspardubice,instagram,4d6a67ab-9313-4f77-a82e-abb18adbca5d,d535cedf-250b-450b-8337-4499bc702261,IG Story,VIDEO,16.9.2026 9:50:13,@feskaupce @seznamovakfes @fchtpardubice @upce_en @upce_en @fzs_upce @fei_upce @fr_upce @fzs_upce @visitpardubice,https://www.instagram.com/stories/riderspardubice/3987375431842096593,,3960,,,6
@univerzitnihokej,instagram,1e114592-3529-4cfe-9977-2598454053af,620534a3-219f-4c5d-be5a-3b721d2f88c7,IG Story,VIDEO,25.9.2026 6:51:06,NAPSALI O NÁS 👀,https://www.instagram.com/stories/univerzitnihokej/3993808262587266739,,1784,,,1
@akademiciplzen,instagram,65494228-95bf-4f7b-8e68-d47d7262db66,cdd87884-a0d9-4fb8-ae19-5baad7a9377c,IG Post,IMAGE,12.3.2026 11:44:58,"Kup si lístek na zápas a vyhraj lístky do kina! 🍿

Ve středu 1. 4. hrajeme s největší pravděpodobností poslední domácí zápas v téhle sezóně. Jedná se o zápas Play-in (nový formát Play-off). Přijďte udělat pořádný kotel, budeme vás potřebovat! 💙

Všechny, kdo si koupí vstupenku na tento zápas, automaticky zařazujeme do slosování o 2x2 lístky na zítřejší maraton 6 dílů Heated Rivalry v plzeňské Olympii.

Vyhlášení výherců zítra v 10:30. 😎

Nenech si to utéct, kupuj lístky v biu a buď u toho! 🔥

#akademiciplzen",https://www.instagram.com/p/DVyGvwTjCwT/,,10670,156,,83
vsefalcons,instagram,709fceba-e311-48e7-9057-f54a587abf4a,129f0a94-eda6-49dc-88b0-e45a78e9edd7,IG Post,IMAGE,3.3.2026 22:04:38,"Horská dráha 🎢 po včerejší prohře jsme si zlepšili náladu a porážíme Plzeň 👀

Příští týden ale přijde to nejdůležitější - @cvutengineers a pak @bitvaoprahu 😮‍💨 Get ready!",https://www.instagram.com/p/DVcDp45CC3o/,,3064,78,,10
@united_hk,instagram,b18c071b-0570-48b2-b743-990c668c3c5b,614e6970-3f4e-47a0-a3a0-279b0cafdc53,IG Story,VIDEO,24.8.2026 18:06:58,,https://www.instagram.com/stories/united_hk/3970955623944224101,,435,,,
@unitedhk,facebook,bfe6cc29-a387-41b9-9bca-b077722556af,b95b9c34-70fc-426e-84a3-e9722be13816,FB Story,VIDEO,23.8.2026 13:30:08,,https://facebook.com/stories/122099775710388974/UzpfSVNDOjIzMDQzMzA3MDM3MjUzMTM=/?view_single=1,,,,,
@riderspardubice,instagram,4d6a67ab-9313-4f77-a82e-abb18adbca5d,94d51986-373a-4e68-a5c9-a7c61e232e01,IG Story,VIDEO,31.3.2026 18:40:49,2:2 ✨ ✨,https://www.instagram.com/stories/riderspardubice/3865155428141515010,,725,,,
@univerzitnihokej,instagram,1e114592-3529-4cfe-9977-2598454053af,b65e6c99-ce8c-41c2-8bf2-e3a4b6b12a10,IG Reel,VIDEO,8.4.2026 19:25:27,"FALCONS postupují jako první do @unihokejfinalfour 🦅

Fanoušci Eden čeká 🏟️ 16.-17. dubna ➡️ lístky na finalfour.cz 🎟️",https://www.instagram.com/reel/DW4d0ATCNfZ/,,9725,344,,21
@VUTCavaliersBrno,facebook,3351b43e-4b71-442b-b2f1-920cd6e57ee5,67e8b244-42ab-496c-adc0-13be72bdc807,FB Video,VIDEO,4.3.2026 20:34:11,"Spolupráce, kterou ocení nejen přítelkyně, ale taky spoluhráči v kabině 🛁 Čistá hlava, čistá hra 🧼 @garnier_czsk",https://www.facebook.com/reel/1465494908518879/,1541,704,4,,
@unitedhk,facebook,bfe6cc29-a387-41b9-9bca-b077722556af,ec4369a4-e491-4bea-99de-a3fd601439a0,FB Post,IMAGE,28.7.2026 12:07:31,"Necelý týden do prvního tréninku na ledě. Ještě naposledy se ale vracíme do Tesla Gymu.

V archivu jsme našli moment, kdy náš marketingový ředitel Michal Ševčík očividně předává Matějovi Voděrackému svoje dlouholeté zkušenosti se silovým tréninkem.

Co mu podle vás právě říká? 👇

Nejlepší hlášky doplníme přímo do fotky a zveřejníme ve Stories.",https://www.facebook.com/122180651084388974/posts/122189626280388974,413,,4,,
@AkademiciPlzen,facebook,d87b94e3-03e8-45d0-b92e-75e9b819545c,a79c7d4e-bb89-4666-b607-e4e4a015a65c,FB Video,VIDEO,8.8.2026 10:20:48,"Odkdy jsou naši kluci tak sebekritický? 🥲

Vyzpovídali jsme je po prvním tréninku… a takovou upřímnost jsme ani nečekali. 🤯
Trochu to bolí, ale klid — pomalu a jistě jsme zpátky, přehání.☝🏻😁

#akademiciplzen #univerzitnihokej",https://www.facebook.com/reel/1046479214890841/,972,417,6,,
vsefalcons,instagram,709fceba-e311-48e7-9057-f54a587abf4a,dd950184-4e3c-4770-979c-9f62a416c9ba,IG Story,VIDEO,7.5.2026 12:20:44,👉🏼 👈🏼,https://www.instagram.com/stories/vsefalcons/3891780579494520851,,2694,,,11
@univerzitnihokej,instagram,1e114592-3529-4cfe-9977-2598454053af,52549de8-f6cc-4c5f-a6b0-debeec5f58c1,IG Story,VIDEO,8.4.2026 18:27:07,KINGS AGAIN,https://www.instagram.com/stories/univerzitnihokej/3870946753839146823,,784,,,
@bitvaoprahu,facebook,75e0f41f-82be-4f82-a77b-82ac11135ed2,143caa38-b355-4b77-9da5-8c6b1ef59f54,FB Post,IMAGE,11.3.2026 17:37:43,Už zítra je Bitva day! 🫨🫨🥳🥳,https://www.facebook.com/1441262177797849/posts/1419490613308339,202,,,,
@hc_muni,instagram,43cd62c8-609d-4ea6-8ce9-cae5242ede0c,4b41611d-6f0e-4d88-b6c7-f294dad4677e,IG Story,IMAGE,27.9.2026 8:47:35,,https://www.instagram.com/stories/munibearsbrno/3995316436620718227,,741,,,
@unitedhk,facebook,bfe6cc29-a387-41b9-9bca-b077722556af,068e05ac-0358-495f-a1de-6a4075cbf7db,FB Video,VIDEO,20.3.2026 17:22:01,"💋 Pivovarské domy Kiss Cam z derby

Derby není jen o hokeji.

Některé momenty patřily i Kiss Cam.
A někdy to bylo hodně zajímavé 😄

Výherci si odnesli luxusní večeři pro 2 v hodnotě 1500 Kč.

Díky partnerovi @pivovarskedomy za tenhle moment, na který se jen tak nezapomíná.

Podívej se ve videu.

🖤🧡❤️",https://www.facebook.com/reel/767399139530752/,1632,262,4,,
@akademiciplzen,instagram,65494228-95bf-4f7b-8e68-d47d7262db66,71b7510f-2cde-4833-a7c6-a10fea01cd95,IG Story,IMAGE,26.9.2026 12:10:23,NOVĚ ŽIVĚ NA UNIHOKEJ.TV!,https://www.instagram.com/stories/akademiciplzen/3994693741867857314,,1556,,,
@218107044725785,facebook,7a942e3e-6c47-4794-9ba7-bbc7b6d40cb3,c1358534-6398-41de-b4c3-dde1063e2117,FB Post,IMAGE,8.4.2026 22:18:28,"ZAVŘENO! ❌🥅

Matyáš Peyerl vychytal ve finále play-in nulu a proti Black Dogs si připsal rovnou 36 úspěšných zákroků 🧱",https://www.facebook.com/122282816036218300/posts/122283091394218300,1391,,76,,
@united_hk,instagram,b18c071b-0570-48b2-b743-990c668c3c5b,2faada69-51d2-496e-b266-41d7a3251463,IG Story,VIDEO,21.9.2026 6:41:15,,https://www.instagram.com/stories/united_hk/3990904216650053284,,567,,,
vsefalcons,instagram,709fceba-e311-48e7-9057-f54a587abf4a,33efe274-31ff-4892-9937-86e31e6ad5c4,IG Story,VIDEO,2.2.2026 18:34:18,,https://www.instagram.com/stories/vsefalcons/3823839916426320483,,1092,,,1
@bitvaoprahu,instagram,d7c8aa06-74fb-4c6c-a7d2-c2fe1bf6d59c,b93df7ab-eaef-481c-b188-f3eec60168a6,IG Reel,VIDEO,12.3.2026 20:36:36,"❤️‍🔥 METROSTAV HALFTIME SHOW v podání @gufrau_official, @matteo_il_ceco, @_victorkal_ & @frantaprachar pohledem @klucisdronem . 🦅👁️",https://www.instagram.com/reel/DVzEToCjiJS/,,32788,615,2,75
@riderspardubice,instagram,4d6a67ab-9313-4f77-a82e-abb18adbca5d,c9733180-f6f7-4ad8-9f7a-858cf5396a8b,IG Reel,VIDEO,23.9.2026 8:00:50,"Kdo ovládne východní Čechy?🏆 

Tuhle atmosféru, rivalitu mezi dvěma univerzitami si nemůžeš nechat ujít.🙌🏻 

🎟️ Vstupenky jsou v prodeji v aplikaci UniLife, tak nabíhej tam a kup si své místo na tomto nezapomentelném zápase.🤭",https://www.instagram.com/reel/Ddn0vyDI5EY/,,7169,110,,13
@boostrava,instagram,1176ddaf-d366-48a2-9639-3c6694c72c85,9a5ab108-9bc5-4035-981a-5568730f251f,IG Story,VIDEO,11.8.2026 17:44:30,We are back🔥,https://www.instagram.com/stories/boostrava/3961522274746298065,,427,,,1
@univerzitnihokej,facebook,01b45180-0b14-4a14-96e8-d0a4bab1fb9f,110e0518-a5ab-4e6c-9fa6-5f7903802a74,FB Post,IMAGE,5.4.2026 15:37:20,"V semifinále play-in se letošní sezóna uzavřela i pro BOčko. Vyrovnaný duel s Riders dospěl až do prodloužení, které rozhodlo o konečném výsledku.

Ostravo, díky za energii a nasazení, které jste letos ukázali 💪🏼",https://www.facebook.com/1275398168115026/posts/1279026797752163,677,,2,,
@riderspardubice,instagram,4d6a67ab-9313-4f77-a82e-abb18adbca5d,73d66054-9a93-409d-b6af-6b4062d6b785,IG Post,IMAGE,2.4.2026 12:28:01,"V příštím zápase se rozhodne, jestli postoupíme do @unihokejfinalfour !🤩🤩 Buď u toho s námi!

 Finále Play-in
🗓️ 8.4. v 19:30
📍 v ZS Hvězda
⚔️ proti @cvutengineers 

#fináleplayin#riders",https://www.instagram.com/p/DWoRHuejOVY/,,3713,43,,4
@boostrava,instagram,1176ddaf-d366-48a2-9639-3c6694c72c85,c0f28943-5304-4b5b-a80a-6501bac50ba4,IG Story,VIDEO,20.8.2026 16:34:20,,https://www.instagram.com/stories/boostrava/3968009900240152812,,700,,,7
@cvutengineers,instagram,11963a07-7f0f-48e6-9d81-aa63a7ff4a04,f3920ed5-3beb-4a1d-9f92-5a146dc85deb,IG Post,IMAGE,18.3.2026 7:06:57,"🚨 GAMEDAY | Základní část pomalu vrcholí, napětí stoupá a nervy rostou. Jak to dnes celé dopadne? Přijď nás podpořit na Hvězdu, začínáme ve 20:00. 
Budeme vás potřebovat! 🦁

#engprg",https://www.instagram.com/p/DWBEVKrjJ7G/,,4596,76,,5
@riderspardubice,instagram,4d6a67ab-9313-4f77-a82e-abb18adbca5d,89829347-453a-49d2-bc00-1cd9814c5dc9,IG Story,VIDEO,14.4.2026 9:59:51,,https://www.instagram.com/stories/riderspardubice/3875040037280940767,,499,,,
@hcnorthwings,facebook,2b08a479-603b-46e4-8a48-2bc0435ccd53,acf7fd88-d799-44a0-9de9-f15790c12132,FB Post,IMAGE,11.8.2026 12:02:28,"Dočkali se 🏒 💙 💛
Po letní pauze naši hráči konečně obuli brusle ⛸️ a vyrazili polykat první (kilo)metry na ledě ústeckého zimáku 🥅 
V rámci tryoutu se v pondělí hlásila první 20 hráčů, kteří budou bojovat o své místo v týmu 🪽 v nadcházejícím ročníku univerzitní hokejové ligy, která startuje 21. září 2026 📆
Držíme palce a těšíme se na všechny naše fanoušky 🫶
Díky moc Milan Stránský za návštěvu a první ledové 📸",https://www.facebook.com/1583651910433365/posts/1709873021144586,2308,,20,,
@united_hk,instagram,b18c071b-0570-48b2-b743-990c668c3c5b,2620b698-7a66-4448-92d3-1672d1aa1429,IG Story,VIDEO,24.9.2026 16:11:02,,https://www.instagram.com/stories/united_hk/3993365313005066899,,1551,,,1
@univerzitnihokej,facebook,01b45180-0b14-4a14-96e8-d0a4bab1fb9f,4d2d59a0-1d41-4f1e-8eb5-2716d21e58af,FB Post,IMAGE,22.9.2026 15:41:28,"Vstupujeme do 8.sezóny, kterou jsme odstartovali v tiskovou konferencí ve studiu Oneplay Sport 🤩

Přichází největší expanze v historii ligy: nová divize, televizní domov na Oneplay Sport, vlastní VOD platforma unihokej.tv, ligový e-shop a aplikace unilifecz jako největší investiční projekt v historii ULLH. Zároveň startujeme mezinárodní projekt @studyandplay.eu 😮‍💨

Sleduj naše sociální sítě, ať ti nic neunikne! 👀",https://www.facebook.com/1275398168115026/posts/1421927060128802,810,,14,,
@riderspardubice,instagram,4d6a67ab-9313-4f77-a82e-abb18adbca5d,4f42ba55-14f2-4518-bbe8-b93568e0517d,IG Post,IMAGE,19.9.2026 14:34:41,"V září nás čekají dva zápasy. Jeden domácí a jeden venkovní.🔥

Domácí zápas nás čeká už v pondělí 21. září proti @vste_blackdogsbudweis 🙌🏻

O týden později vyrážíme do Ústí nad Labem za @hcnorthwings 👀

🎟️ Vstupenky na domácí zápas najdeš v BIU!",https://www.instagram.com/p/DdeOYOZovic/,,6133,88,,3
@riderspardubice,instagram,4d6a67ab-9313-4f77-a82e-abb18adbca5d,6970ec01-7aca-4ed7-ac03-c7b6e0c01bfd,IG Story,IMAGE,9.4.2026 14:27:11,,https://www.instagram.com/stories/riderspardubice/3871550720822757784,,582,,,1
@AkademiciPlzen,facebook,d87b94e3-03e8-45d0-b92e-75e9b819545c,aa2ce2ec-4adb-4911-aafb-8a9013c8feaf,FB Post,IMAGE,26.3.2026 19:34:37,"Začíná Play-in. Kdo vyhraje, jde do Final Four. Kdo padne, končí! 

UŽ VE STĚEDU 1. 4. JDEME NA TO! 

#akademiciplzen",https://www.facebook.com/1357105236437494/posts/1352721390209212,281,,3,,
@united_hk,instagram,b18c071b-0570-48b2-b743-990c668c3c5b,c02c7c66-fd1f-44ed-85d3-424653118f32,IG Story,VIDEO,13.9.2026 7:55:51,,https://www.instagram.com/stories/united_hk/3985143555517076503,,864,,,
@united_hk,instagram,b18c071b-0570-48b2-b743-990c668c3c5b,42ec3373-997e-443f-bd8f-baff45508256,IG Story,IMAGE,10.8.2026 13:29:28,,https://www.instagram.com/stories/united_hk/3960669093434506488,,1020,,,2
@unitedhk,facebook,bfe6cc29-a387-41b9-9bca-b077722556af,5a2921ce-ba48-4b20-84a2-d47b27345abf,FB Post,IMAGE,25.9.2026 11:39:59,"3 DNY DO KONCE 2. VLNY. ⏳

Do neděle 27. 9. koupíš lístek na Otvírák za 120 Kč.
📱 S ČSOB v aplikaci UniLife máš -20 %.

V den zápasu bude stát 140 Kč.

28. 9. | UNIted HK × BO Ostrava | ČPP aréna

Lístky: unitedhk.cz/otvirak

3 DAYS LEFT IN THE 2ND WAVE. ⏳

You can buy a ticket for Season Opener for 120 CZK until Sunday, Sept 27.
📱 Get 20% off via the ČSOB UniLife app.

On match day, the price will be 140 CZK.

Sept 28 | UNIted HK vs. BO Ostrava | ČPP Aréna

Tickets: unitedhk.cz/en/season-opener",https://www.facebook.com/122180651084388974/posts/122194320026388974,73,,,,
@united_hk,instagram,b18c071b-0570-48b2-b743-990c668c3c5b,88b1ae8f-b2ea-43c3-abf6-f0e4beff13e2,IG Story,IMAGE,26.9.2026 13:05:46,,https://www.instagram.com/stories/united_hk/3994721616165848051,,506,,,
@univerzitnihokej,facebook,01b45180-0b14-4a14-96e8-d0a4bab1fb9f,3b1e10da-119c-443e-be3d-a74fd5e42a17,FB Post,IMAGE,10.3.2026 22:29:31,V Praze to dnes bylo na ostří nože 🔪 Kings jsou zpátky na vítězné vlně a Engineers nechali Falcons bod po nájezdech 🙌🏼,https://www.facebook.com/1275398168115026/posts/1258313036490206,573,,1,,
vsefalcons,instagram,709fceba-e311-48e7-9057-f54a587abf4a,5bc48de0-f328-4df5-8f6c-a63ab59d57c9,IG Story,VIDEO,16.4.2026 16:41:36,další případ,https://www.instagram.com/stories/vsefalcons/3876691640630932156,1099,1058,,,1
@univerzitnihokej,facebook,01b45180-0b14-4a14-96e8-d0a4bab1fb9f,df08914a-51ea-4015-94dd-f02445d5d05d,FB Post,IMAGE,12.3.2026 21:52:41,Tak tuto výhru ti bude závidět celkej kotel! 🍗,https://www.facebook.com/1275398168115026/posts/1259803803007796,480,,1,,
@akademiciplzen,instagram,65494228-95bf-4f7b-8e68-d47d7262db66,5e26d4df-d899-4de8-9cf0-23f0af1ba14d,IG Story,VIDEO,1.4.2026 17:01:58,🔥 UP WARMIN’,https://www.instagram.com/stories/akademiciplzen/3865830427416353185,,1358,,,
@hcnorthwings,facebook,2b08a479-603b-46e4-8a48-2bc0435ccd53,75efc629-b5d3-420b-919b-c9632497c0e4,FB Post,ALBUM,26.3.2026 19:16:01,"Fakt náročná sezóna, ale nepo*rali jsme se z toho a makali do posledního zápasu 💙💛",https://www.facebook.com/1583651910433365/posts/1578715724260317,473,,11,,
@riderspardubice,instagram,4d6a67ab-9313-4f77-a82e-abb18adbca5d,9cbc197f-d4b4-47bf-a777-c1ad81694a36,IG Story,VIDEO,21.9.2026 18:24:57,@__h.e.b.a.__ 😍,https://www.instagram.com/stories/riderspardubice/3991258425665340781,,1028,,,1
@vutcavaliersbrno,instagram,b384bebf-72f3-4f9d-8b2d-3677709f6966,0ff6fe8f-5db1-4fe8-943f-b334299de81f,IG Story,IMAGE,13.9.2026 16:02:41,konec první třetiny,https://www.instagram.com/stories/vutcavaliersbrno/3985388571550830189,,597,,,
vsefalcons,instagram,709fceba-e311-48e7-9057-f54a587abf4a,a1f14db2-a108-4715-a5cb-19e69d08f4fb,IG Story,VIDEO,12.4.2026 13:47:35,‼️ ‼️ @cvutengineers 👋🏼,https://www.instagram.com/stories/vsefalcons/3873705133443936694,767,948,,,19
@univerzitnihokej,facebook,01b45180-0b14-4a14-96e8-d0a4bab1fb9f,addeb847-a79f-423a-8a71-16e0711257a0,FB Video,VIDEO,12.3.2026 18:00:31,Takové pohyby se asi naučil na farmě 🤭,https://www.facebook.com/reel/26107273248881170/,2072,834,7,,
@riderspardubice,instagram,4d6a67ab-9313-4f77-a82e-abb18adbca5d,e00c5671-f1f2-4a24-8efb-afdb5c13f0e6,IG Story,VIDEO,2.4.2026 12:18:01,"O POSTUP DO @unihokejfinalfour HRAJEME V PRAZE, TAK DORAŽ A VYBAV SE DRESEM!",https://www.instagram.com/stories/riderspardubice/3866412277331426831,,1179,,,2
@cvutengineers,instagram,11963a07-7f0f-48e6-9d81-aa63a7ff4a04,147a52e3-1b2a-4755-8548-10126989e151,IG Post,IMAGE,18.3.2026 21:46:12,Hupsík dupsík 😬,https://www.instagram.com/p/DWCpcu0DGSt/,,6630,188,6,9
@akademiciplzen,instagram,65494228-95bf-4f7b-8e68-d47d7262db66,c90c41d6-fd0f-4af2-9171-27103d0efbbb,IG Post,IMAGE,24.9.2026 18:01:27,"Do nové sezóny vstupujeme s novým kapitánem! 🫡🏒

„C“ bude na svém dresu letos nosit náš nejproduktivnější hráč Štěpán Říha. Po jeho boku budou stát asistenti Tomáš Pánek & Adam Dolhý! 👊🏻

Kluci, hodně štěstí do sezóny! 🍀

#akademiciplzen | 🎨 @vpotocesevodatoci",https://www.instagram.com/p/DdreoYHMXTm/,,11176,272,1,13
@univerzitnihokej,facebook,01b45180-0b14-4a14-96e8-d0a4bab1fb9f,e7f6f107-2112-4dd9-9a12-89418433c1bc,FB Post,IMAGE,13.3.2026 16:51:35,UK Kings Prague ovládli tabulku a 1. místo jim už nikdo nevezme! 👑 Na Bitvě o Prahu po výhře převzali pohár ČAUS. 🏆,https://www.facebook.com/1275398168115026/posts/1260391656282344,1774,,8,,
@218107044725785,facebook,7a942e3e-6c47-4794-9ba7-bbc7b6d40cb3,75fb1500-eef0-4865-9bf7-334a3e8eef44,FB Video,VIDEO,16.4.2026 18:29:43,@michal.danniel otevírat skóre semifinále @unihokejfinalfour 🔥🔥🔥,https://www.facebook.com/reel/1446286533350604/,372,127,4,,
@univerzitnihokej,facebook,01b45180-0b14-4a14-96e8-d0a4bab1fb9f,d8878da4-a1cd-481c-842b-5ea8b37b052c,FB Post,IMAGE,26.9.2026 20:54:13,"Druhý zápas týdne pro Ostravu končí prohrou. Akademiky tak čeká dlouhá cesta domů, na oslavu úvodní výhry ale bude času dost 🚌",https://www.facebook.com/1275398168115026/posts/1425963456391829,468,,2,,
@united_hk,instagram,b18c071b-0570-48b2-b743-990c668c3c5b,e396f13d-cd92-462f-a084-3d3bf5a78ad0,IG Story,VIDEO,10.8.2026 17:37:18,pošlete klukům štěstíčko,https://www.instagram.com/stories/united_hk/3960793863777993538,,1031,,,3
@boostrava,instagram,1176ddaf-d366-48a2-9639-3c6694c72c85,b1c6efc0-cdb5-4642-b540-5e28459608e3,IG Reel,VIDEO,23.3.2026 10:26:06,"Sezona se chýlí ke konci a nás čeká poslední zápas základní části! 

Přijďte před play-in ukázat, že BOčko drží při sobě a jde slyšet! 🔥

#ostrava #hockeygame #boostrava",https://www.instagram.com/reel/DWOTiviDJwb/,,3236,48,,19
@united_hk,instagram,b18c071b-0570-48b2-b743-990c668c3c5b,bfa50bfe-6f36-4653-b663-b6a9cf3b8226,IG Story,VIDEO,26.9.2026 14:46:11,,https://www.instagram.com/stories/united_hk/3994772204612542667,,397,,,
@univerzitnihokej,instagram,1e114592-3529-4cfe-9977-2598454053af,dc0fd425-826d-40a0-ac09-7c64aaefdf42,IG Story,IMAGE,26.9.2026 9:16:41,,https://www.instagram.com/stories/univerzitnihokej/3994606311123227362,,3493,,,2
@united_hk,instagram,b18c071b-0570-48b2-b743-990c668c3c5b,39690c82-27ef-419f-8041-81f0c1cbc881,IG Story,VIDEO,8.4.2026 7:10:32,,https://www.instagram.com/stories/united_hk/3870606025032221041,,599,,,
@boostrava,instagram,1176ddaf-d366-48a2-9639-3c6694c72c85,60a1b0c1-6bf4-45b0-8f39-2debc55fdf16,IG Story,VIDEO,19.8.2026 19:25:12,@ostravskederby,https://www.instagram.com/stories/boostrava/3967371134559356986,,842,,,1
@united_hk,instagram,b18c071b-0570-48b2-b743-990c668c3c5b,a97cbdd3-4cd9-48b0-88c8-340a33461869,IG Story,IMAGE,22.9.2026 18:00:38,,https://www.instagram.com/stories/united_hk/3991970944834356832,,522,,,
@VUTCavaliersBrno,facebook,3351b43e-4b71-442b-b2f1-920cd6e57ee5,e709eea7-5922-4662-a054-b40d4d002950,FB Story,IMAGE,21.9.2026 18:53:17,,https://facebook.com/stories/100667195401737/UzpfSVNDOjEwOTc1MzkzMzI2MTU5MDU=/?view_single=1,,,,,
vsefalcons,instagram,709fceba-e311-48e7-9057-f54a587abf4a,0a02c193-4c00-4982-84ad-3165e04a2afa,IG Story,VIDEO,8.6.2026 13:49:07,DĚKUJEME ZA PROSTORY @vsecz @ctvsvse 🙏🏼 (kluci to tu milují),https://www.instagram.com/stories/vsefalcons/3915017950167843793,,1454,,,2
@vutcavaliersbrno,instagram,b384bebf-72f3-4f9d-8b2d-3677709f6966,62f57c07-cae5-4a11-9d26-2a19af1d015b,IG Story,VIDEO,23.9.2026 18:26:50,,https://www.instagram.com/stories/vutcavaliersbrno/3992708916491872667,,646,,,
@riderspardubice,instagram,4d6a67ab-9313-4f77-a82e-abb18adbca5d,95cd9788-afe6-4bb1-b5ec-876ace2f68ac,IG Story,VIDEO,12.4.2026 14:37:40,,https://www.instagram.com/stories/riderspardubice/3873730316271902818,,1131,,,7
@riderspardubice,instagram,4d6a67ab-9313-4f77-a82e-abb18adbca5d,a69a4520-ddcb-480d-aede-d2b46e1e9aa3,IG Post,IMAGE,2.3.2026 21:20:57,Dnešní duel s @cvutengineers bohužel nevyšel.😭,https://www.instagram.com/p/DVZZxoZDLQz/,,2655,32,2,4
@united_hk,instagram,b18c071b-0570-48b2-b743-990c668c3c5b,d99f5d9b-6390-485f-826b-d639b43fcfa3,IG Story,IMAGE,10.8.2026 19:18:20,5:4 @vlach_andrej  takhle se to OTÁČÍÍÍ!!! 🥅🥅🥅🥅🥅,https://www.instagram.com/stories/united_hk/3960844804212446361,,1091,,,7
vsefalcons,instagram,709fceba-e311-48e7-9057-f54a587abf4a,893eac0d-4dfb-43b0-9be0-ae39a224c7f2,IG Reel,VIDEO,17.4.2026 14:56:40,"all eyes on @cech.ondrejj & @drabek_adam 🤩

#vsefalcons #finalfour",https://www.instagram.com/reel/DXPKUgsiPzy/,,13184,403,7,45
@cvutengineers,instagram,11963a07-7f0f-48e6-9d81-aa63a7ff4a04,998815ae-d413-4d78-971f-f701025e282a,IG Story,VIDEO,10.4.2026 10:53:43,@ondra_mann,https://www.instagram.com/stories/cvutengineers/3872168054860066135,,1266,,,2
@AkademiciPlzen,facebook,d87b94e3-03e8-45d0-b92e-75e9b819545c,a69a8892-29c5-4d5a-a08c-ca26566ae9e8,FB Video,VIDEO,2.8.2026 20:46:03,"Na posledním tréninku jsme kluky vyzpovídali ohledně budoucnosti. 👶 

Položili jsme jim jednoduchou otázku: „Komu z kabiny bys nesvěřil svoje dítě?“ 

Na odpovědi se skoro všichni shodli… Filipe, máš pro nás nějaké vysvětlení? 😅

Zítra nás čeká první trénink na ledě v nové sezóně. Uvidíme se zítra! 🫢🏒

#akademiciplzen #univerzitnihokej #unihockey",https://www.facebook.com/reel/2163743887816450/,3548,1795,13,,
@riderspardubice,facebook,f99ed6c3-17cc-46f4-a32e-d9b0576ce2df,52a7e4e4-5450-47df-a979-334dc0c6009b,FB Post,IMAGE,20.3.2026 7:21:34,"V pondělí pro první příchozí @pivoproud u vstupu zdarma! 🤩

🎟️ Vstupenky na derby proti @united_hk koupíš přes odkaz v BIU!",https://www.facebook.com/1592662819534019/posts/1581270447339923,154,,,,
@vutcavaliersbrno,instagram,b384bebf-72f3-4f9d-8b2d-3677709f6966,71d08c0a-30ad-459e-8ffc-1cffda4d8f9b,IG Story,VIDEO,22.9.2026 16:19:28,,https://www.instagram.com/stories/vutcavaliersbrno/3991920289822312830,,830,,,16
@united_hk,instagram,b18c071b-0570-48b2-b743-990c668c3c5b,aaebf378-d86e-4c5e-811d-d1a91e9b959f,IG Story,IMAGE,13.9.2026 17:01:08,🥅🥅🥅🥅🥅🥅🥅 7:3 @daniel_dundaa,https://www.instagram.com/stories/united_hk/3985418056054112199,,555,,,3
@riderspardubice,instagram,4d6a67ab-9313-4f77-a82e-abb18adbca5d,9148e239-d651-48e1-8ef0-959db3ab8155,IG Story,VIDEO,21.9.2026 17:07:11,dnes v bráně @marek.zaruba1 🍀,https://www.instagram.com/stories/riderspardubice/3991219273532036336,,1162,,,
@univerzitnihokej,instagram,1e114592-3529-4cfe-9977-2598454053af,011fb0c6-998f-4644-be11-915177820811,IG Post,IMAGE,22.9.2026 21:33:39,"Dva napínavé vyprodané pražské zápasy! 🙌🏻

Opáčko finále minulé sezóny? Letos pro @cvutengineers 🦁 Engineer si vzali odvetu a do nové sezóny vstupují naplno 💥
Falcons zápas protáhli až do prodloužení a také si připisují první výherní domácí zápas 🦅",https://www.instagram.com/p/DdmteksiM7r/,,7718,323,,4
@cvutengineers,instagram,11963a07-7f0f-48e6-9d81-aa63a7ff4a04,04d456bd-1f3b-4f82-9f29-1fca3b6e8972,IG Reel,VIDEO,2.4.2026 16:11:19,"Ve středu 8. dubna naběhneme na @riderspardubice, tak jim pojďme ukázat jak vypadá MODRÝ PEKLO 💙🔥

FINÁLE PLAY-IN | ZS Hvězda Praha | 8.4. 19:30",https://www.instagram.com/reel/DWoq4eMjDLU/,,16341,288,2,25
vsefalcons,instagram,709fceba-e311-48e7-9057-f54a587abf4a,183c84ed-3310-438a-8b81-b54863d7c9f7,IG Story,VIDEO,17.4.2026 13:19:18,PAŤA the pozorovatel 👀,https://www.instagram.com/stories/vsefalcons/3877314601092150418,934,1011,,,2
@riderspardubice,facebook,f99ed6c3-17cc-46f4-a32e-d9b0576ce2df,40070f59-ea7e-4fc4-835c-17ed99ac5744,FB Post,IMAGE,8.4.2026 22:20:20,Dnes to bohužel nevyšlo. Máme ještě jednu šanci v Lucky loser game🍀,https://www.facebook.com/1592662819534019/posts/1599602825506685,253,,3,,
@riderspardubice,instagram,4d6a67ab-9313-4f77-a82e-abb18adbca5d,d277073c-4506-4442-905c-c133ff74ddc1,IG Reel,VIDEO,17.4.2026 13:00:39,"Je to tu, svátek univerzitního hokeje, poslední zápasy sezóny. 

Pojďme si to užít a zabojovat o placku! 🐎🐎🐎❤️‍🔥",https://www.instagram.com/reel/DXO8uJ0jIWE/,,37427,2742,6,457
@akademiciplzen,instagram,65494228-95bf-4f7b-8e68-d47d7262db66,e864ba57-8385-45a9-9237-32d3ae256d94,IG Post,IMAGE,4.3.2026 17:56:12,"Rozbruslení za námi, POJĎME! 💙

📸 @vpotocesevodatoci 

#akademiciplzen #jarnibitva",https://www.instagram.com/p/DVeMBG8jFeX/,,7235,157,1,2
@akademiciplzen,instagram,65494228-95bf-4f7b-8e68-d47d7262db66,312f17ab-5690-4d7b-bc30-683ddfe24d2e,IG Story,VIDEO,17.9.2026 18:09:54,WARM UP WARM UP JDEME NA NĚ! 🤜🏻🤛🏻,https://www.instagram.com/stories/akademiciplzen/3988351717191998238,,1119,,,
vsefalcons,instagram,709fceba-e311-48e7-9057-f54a587abf4a,4b6d2acb-ce93-47b8-8104-85ddc92b4de6,IG Story,VIDEO,17.4.2026 10:28:39,"ZASOUTĚŽÍME SI O JEDEN LÍSTEK NA DNEŠNÍ ZÁPAS, CO VY NA TO? 😏 KDO A V KOLIKÁTÉ MINUTĚ VE VČEREJŠÍM ZÁPASE VYSTŘELIL PRVNÍ GÓL? ve 14:00 vyhlásíme vítěze 🦅",https://www.instagram.com/stories/vsefalcons/3877228723447541248,1051,1298,,,2
vsefalcons,instagram,709fceba-e311-48e7-9057-f54a587abf4a,9177717a-8407-416c-87c7-b92712045266,IG Reel,VIDEO,16.4.2026 18:29:27,@michal.danniel otevírat skóre semifinále @unihokejfinalfour 🔥🔥🔥,https://www.instagram.com/reel/DXM94oQiCU6/,,7280,180,,4
@hc_muni,instagram,43cd62c8-609d-4ea6-8ce9-cae5242ede0c,a3c07169-b827-424f-a3f5-d2a49cc85d79,IG Reel,VIDEO,30.8.2026 21:15:37,"Střípky z dnešního přípravného utkání proti @vutcavaliersbrno 🔥 Parádní nájezd, hodně radosti, gólových oslav, nových střelců a hlavně první výhra! 🍀
Nezastavujeme a makáme dál 💪🏻#desetfakultjednarodina #hcmuni",https://www.instagram.com/reel/Dcrc3lEubkf/,,9956,234,,43
@united_hk,tiktok,7e062517-b9da-416d-b73d-a2c5899a2be6,c861ff3b-e715-4ceb-9c81-6759ec969e6e,TT Video,VIDEO,28.4.2026 8:26:26,"V sobotu jsme byli součástí Hradeckého Majálesu a byla to jízda!🏒🔥 Na našem stánku jste si mohli vyzkoušet střelbu na branku - a že tam padalo gólů💥 Bylo super vidět vás všechny a nasát tu skvělou atmosféru🙏 Děkujeme, že jste se u nás zastavili a už teď se těšíme na další akci, kde se zase potkáme!🧡 #unitedhk #unihokej #hokej #majales",https://www.tiktok.com/@united_hk/video/7633723591070174467?utm_campaign=tt4d_open_api&utm_source=7348986504397455361,,2161,121,3,5
vsefalcons,instagram,709fceba-e311-48e7-9057-f54a587abf4a,f6831f3b-8d91-472f-aae3-b254f80bc35a,IG Reel,VIDEO,30.3.2026 17:35:12,Nakrmili jsme naše rybičky po tréninku s @kfc_cz fanouškovským kyblíkem 🎣🍗,https://www.instagram.com/reel/DWhGIDEiEAi/,,5208,120,1,7
@univerzitnihokej,facebook,01b45180-0b14-4a14-96e8-d0a4bab1fb9f,00036aae-31ff-44b9-9ae0-2fea5cf7980e,FB Video,VIDEO,8.4.2026 20:08:24,@ukkingsprague si dají příští týden opáčko v Edenu! 🤭,https://www.facebook.com/reel/1369389821901351/,1575,732,4,,
@hc_muni,instagram,43cd62c8-609d-4ea6-8ce9-cae5242ede0c,19eb6092-7be5-4d50-9c59-40b110f21a51,IG Story,VIDEO,22.9.2026 16:44:58,,https://www.instagram.com/stories/hc_muni/3991932837779398081,,676,,,
@akademiciplzen,instagram,65494228-95bf-4f7b-8e68-d47d7262db66,311db96d-68eb-4947-8d86-8d9a7b88818d,IG Reel,VIDEO,7.4.2026 13:57:28,"Nechali jsme na ledě všechno.
Bojovali jsme do poslední chvíle, ale jediný gól v prodloužení rozhodl o našem konci v letošní sezoně.

Děkujeme vám za každou podporu, za každý hlas z tribuny a za to, že jste byli celou sezonu s námi. Bez vás by to nebylo ono. 💙

Slibujeme, že se vrátíme silnější — a doufáme, že znovu s vámi po boku!

#akademiciplzen | 🎥 @yzproduction.cz",https://www.instagram.com/reel/DW1TGvhjDAi/,,6563,174,,9
@akademiciplzen,instagram,65494228-95bf-4f7b-8e68-d47d7262db66,3a10edb5-2bc9-4183-afb1-80b051c29d82,IG Story,IMAGE,26.9.2026 19:13:54,,https://www.instagram.com/stories/akademiciplzen/3994906901357338212,,993,,,
@univerzitnihokej,instagram,1e114592-3529-4cfe-9977-2598454053af,b0ee4c44-aca8-435e-9fd3-0102994f99b8,IG Post,IMAGE,14.3.2026 19:12:20,"Ctrl C + Ctrl V? Dva brněnské zápasy, dva pražští rivalové, dva stejné výsledky. Dva body zůstávají MUNI i Cavaliers 👏🏼",https://www.instagram.com/p/DV4ErfFiDVc/,,4017,118,,
@united_hk,instagram,b18c071b-0570-48b2-b743-990c668c3c5b,e236c43a-987b-4b53-8ae6-64def399ff2b,IG Story,VIDEO,27.8.2026 15:24:47,@tom_teuber  čerstvý pan Bakalář na ledě 🎉 🏒 🎓 GRATULUJEME,https://www.instagram.com/stories/united_hk/3973048346406864370,,674,,,2
@univerzitnihokej,instagram,1e114592-3529-4cfe-9977-2598454053af,e8eece83-619c-4da0-814e-240e0870fd16,IG Reel,VIDEO,5.3.2026 15:49:20,NEUVĚŘITELNÝ ZÁVĚR ZÁPASU 🫨 @akademiciplzen zvládli vstřelit rovnou dvě branky během jednoho prodloužení 👀,https://www.instagram.com/reel/DVggo8hiMtD/,,115547,4060,13,884
@univerzitnihokej,instagram,1e114592-3529-4cfe-9977-2598454053af,faf0b7a9-e8dd-4c6c-ab21-c1dae97ecd00,IG Story,VIDEO,24.9.2026 9:14:24,,https://www.instagram.com/stories/univerzitnihokej/3993155608282416793,,2033,,,
@riderspardubice,instagram,4d6a67ab-9313-4f77-a82e-abb18adbca5d,02655eb8-28fe-46a1-94ad-9be42b3ecebc,IG Post,IMAGE,24.9.2026 15:00:23,A tohle byl Příliv na @upce_cz 😍,https://www.instagram.com/p/DdrKD4aCHoM/,,6958,205,1,7
@hcnorthwings,facebook,2b08a479-603b-46e4-8a48-2bc0435ccd53,46e08d9a-e02e-4e82-a435-c53ebe3623dc,FB Story,IMAGE,18.8.2026 18:17:09,,,,,,,
vsefalcons,instagram,709fceba-e311-48e7-9057-f54a587abf4a,724358e0-6092-492e-9eae-9acb1227e26a,IG Story,VIDEO,26.2.2026 18:00:11,ZA OKAMŽIK ZAČÍNÁME 🍻,https://www.instagram.com/stories/vsefalcons/3841217362511024503,1106,1811,,,6
@hc_muni,instagram,43cd62c8-609d-4ea6-8ce9-cae5242ede0c,7644ed18-629b-4512-bdfb-f7b8156f9812,IG Reel,VIDEO,19.3.2026 14:16:39,"Vyber si svou bojovou výbavu na zápas! ⚔️🏒
a) Jen hlasivky a MUNI šálu 🗣️🔥
b) Odpověď a)☝🏻
c) K šále si přibalím i dres 👕

A jestli ti chybí náš merch, doraz ve středu o něco dřív, ať si stihneš něco v klidu pořídit! 💙🐻

#hcmuni #desetfakultjednauniverzita",https://www.instagram.com/reel/DWEaIWbCE6B/,,21881,279,,72
@univerzitnihokej,instagram,1e114592-3529-4cfe-9977-2598454053af,79c20167-86bd-4e2e-97db-3a4ecbd2b5a9,IG Story,VIDEO,8.4.2026 7:01:13,,https://www.instagram.com/stories/univerzitnihokej/3870601485058854489,,4678,,,1
vsefalcons,instagram,709fceba-e311-48e7-9057-f54a587abf4a,8eab3686-8b9f-4ca0-bea8-bfe66eadc4d1,IG Reel,VIDEO,30.3.2026 9:00:12,"Zítřejší zápas bude znamenat buď začátek naší cesty do Final Four, nebo konec sezóny. Buď u toho s námi, protože teď jde o všechno 🫵🏼

Lístky najdeš na profilu 🎟️",https://www.instagram.com/reel/DWgKv5NCMlb/,,7060,118,5,19
vsefalcons,instagram,709fceba-e311-48e7-9057-f54a587abf4a,c24b8627-9798-4e48-ad0a-e5971e489ab8,IG Post,IMAGE,19.4.2026 13:38:51,Bronzová nám sluší 😋,https://www.instagram.com/p/DXULIeOiIq7/,,9505,258,5,66
@hcnorthwings,facebook,2b08a479-603b-46e4-8a48-2bc0435ccd53,e8e219e2-ddcb-4bbb-830a-4b02f3237618,FB Story,VIDEO,31.8.2026 17:37:11,,https://facebook.com/stories/101955925269645/UzpfSVNDOjI1NzQyNjc5Njk3MTQwNTM=/?view_single=1,,,,,
@unitedhk,facebook,bfe6cc29-a387-41b9-9bca-b077722556af,f16b7a48-467d-46d8-855b-56897d754916,FB Post,IMAGE,25.7.2026 13:41:31,"🎂 Dnes slaví narozeniny náš útočník Jaroslav Prášek.

Jardo, všechno nejlepší, hlavně hodně zdraví a povedený vstup do nové sezony.

Užij si to.",https://www.facebook.com/122180651084388974/posts/122189414498388974,166,,1,,
vsefalcons,instagram,709fceba-e311-48e7-9057-f54a587abf4a,f84f7975-210d-4ad9-9c60-8dbc18ff511e,IG Post,IMAGE,15.5.2026 12:22:31,"Další sezona se blíží a my hledáme novou krev. 🔥
Hledáme hráče, kteří chtějí růst, makat a reprezentovat VŠE Falcons Prague. 🦅

Myslíš, že na to máš? 👀
📩 Napiš nám a rovnou přilož svoje hokejové CV na hokej@vsefalcons.cz",https://www.instagram.com/p/DYW_EMvCLoc/,,9888,133,1,43
@akademiciplzen,instagram,65494228-95bf-4f7b-8e68-d47d7262db66,3c35321f-6931-4de3-877c-6ff005599023,IG Story,VIDEO,9.4.2026 20:43:09,,https://www.instagram.com/stories/akademiciplzen/3871739949439837171,,385,,,
@univerzitnihokej,facebook,01b45180-0b14-4a14-96e8-d0a4bab1fb9f,48ff293f-872c-4114-8bff-60474078f1f4,FB Post,PHOTO,31.3.2026 20:13:27,Druhým postupujícím finalistou se stávají @riderspardubice 🐎,https://www.facebook.com/1275398168115026/posts/1275115321476644,764,,,,
vsefalcons,instagram,709fceba-e311-48e7-9057-f54a587abf4a,69f0c669-a8fa-4d25-a989-e2b50674344b,IG Story,VIDEO,3.3.2026 18:39:17,🎤,https://www.instagram.com/stories/vsefalcons/3844860924222016124,671,854,,,
vsefalcons,instagram,709fceba-e311-48e7-9057-f54a587abf4a,8ed71224-eed3-4aef-ac60-0040e08fa32c,IG Story,VIDEO,5.5.2026 10:39:41,,https://www.instagram.com/stories/vsefalcons/3890280244456254958,,698,,,1
@218107044725785,facebook,7a942e3e-6c47-4794-9ba7-bbc7b6d40cb3,a40c4351-95b2-4dd3-80cc-c000141a2295,FB Video,VIDEO,19.4.2026 9:16:17,"Tohle je za pokutu, ne? @mila_prehled_22 🤔",https://www.facebook.com/reel/1278283550425730/,447,193,6,,
vsefalcons,instagram,709fceba-e311-48e7-9057-f54a587abf4a,ac2d4a2d-ad5f-4ec0-ae0f-5c20989ffa7e,IG Story,VIDEO,17.4.2026 13:54:36,💋 PUSINKA A LETSGO NA ROZBRUSLENÍ,https://www.instagram.com/stories/vsefalcons/3877332357946574631,919,998,,1,2
@riderspardubice,instagram,4d6a67ab-9313-4f77-a82e-abb18adbca5d,b057fce6-a685-4cc6-b078-adb6a607729a,IG Story,IMAGE,12.4.2026 13:32:00,JDEME DO PRODLOUŽENÍ,https://www.instagram.com/stories/riderspardubice/3873697358362235471,,1055,,,
@riderspardubice,instagram,4d6a67ab-9313-4f77-a82e-abb18adbca5d,f1575309-8c50-49e9-ba82-21f824294f00,IG Story,VIDEO,14.4.2026 18:58:29,"ČEKÁNÍ NA ČTVRTEK 
SI MŮŽETE ZKRÁTIT ZDE:",https://www.instagram.com/stories/riderspardubice/3875311202482623158,,320,,,1
vsefalcons,instagram,709fceba-e311-48e7-9057-f54a587abf4a,0a2754cc-4ac9-425b-a76e-a09b76c2efca,IG Story,VIDEO,14.9.2026 18:05:27,@grantthorntoncz  děkujeme za pozvání! 🤝🏼 UŽ TŘETÍ ZAHÁJENÍ SEZÓNY S NAŠÍM GENERÁLNÍM PARTNEREM,https://www.instagram.com/stories/vsefalcons/3986175166144636410,,1169,,,3
vsefalcons,instagram,709fceba-e311-48e7-9057-f54a587abf4a,a6727137-f893-4e1d-9f80-0514666f5a87,IG Story,VIDEO,3.3.2026 18:50:19,🤔,https://www.instagram.com/stories/vsefalcons/3844866480869527290,661,815,,,1
vsefalcons,instagram,709fceba-e311-48e7-9057-f54a587abf4a,aa8cb18e-d7b2-4f37-bd47-71494ecf6a31,IG Story,VIDEO,17.2.2026 10:54:26,"ušetři & buď  u boje
o umístění v tabulce ⚠️ POSLEDNÍ MOŽNOST ⚠️",https://www.instagram.com/stories/vsefalcons/3834480074989034699,753,1022,,,
@riderspardubice,facebook,f99ed6c3-17cc-46f4-a32e-d9b0576ce2df,c677076a-49f8-4bcb-813f-b2b52b171ffc,FB Video,VIDEO,21.9.2026 20:38:31,U mikrofonu @beny_m15 nejlepší hráč zápasu 😍,https://www.facebook.com/reel/1597963035040934/,673,239,5,,
vsefalcons,instagram,709fceba-e311-48e7-9057-f54a587abf4a,fe4fbd5f-a842-47cb-925c-f303a4918455,IG Story,VIDEO,9.3.2026 17:30:46,HEZKÉ PONDĚLÍ VŠEM 👀 😏,https://www.instagram.com/stories/vsefalcons/3849175090013458635,,,,,
@bitva_o_budejce,instagram,f977c0af-061e-4c10-813f-da5818f8a748,0b74a31d-e7fa-4eb4-a4da-0e45f14692e6,IG Story,VIDEO,17.9.2026 12:07:45,"TAKHLE TO VYPADALO LONI…
ALE JAKÁ SHOW ČEKÁ BITVU LETOS? 👀🔥
TĚŠÍTE SE? 
UŽ MÁŠ LÍSTEK? 🎫",https://www.instagram.com/stories/bitva_o_budejce/3988169647907944012,,1702,,,3
@united_hk,instagram,b18c071b-0570-48b2-b743-990c668c3c5b,38c3bc37-8ece-46c8-9c39-2906b3d3364c,IG Reel,VIDEO,17.3.2026 18:29:43,"🍕 Pizza Panda na derby

Trička ve vzduchu.
Vouchery pro fanoušky.
A zase o něco lepší atmosféra v hale.

Díky partnerovi Pizza Panda, který podpořil Východočeské derby univerzit a postaral se o tenhle moment přímo v hledišti.

Mrkni na video.

🖤🧡❤️",https://www.instagram.com/reel/DV_uE7ViCoz/,,3240,63,,3
@akademiciplzen,instagram,65494228-95bf-4f7b-8e68-d47d7262db66,3d512f16-319f-4388-a7a9-a4ab71d1fad6,IG Story,VIDEO,10.9.2026 19:12:56,A NEBYLO DOST! 2 : 0 ŠTĚPÁN ŘÍHA při chuti je i @_rihastepan_,https://www.instagram.com/stories/akademiciplzen/3983310021320290940,,992,,,6
vsefalcons,instagram,709fceba-e311-48e7-9057-f54a587abf4a,5bb8ab28-e470-4cad-9899-2872e19dcd1d,IG Story,VIDEO,2.3.2026 18:24:32,WARM UP 🔥,https://www.instagram.com/stories/vsefalcons/3844128782043073450,634,798,,,
@unitedhk,facebook,bfe6cc29-a387-41b9-9bca-b077722556af,7b776ae9-88c7-4065-8650-20aa4c7f8116,FB Post,IMAGE,8.4.2026 7:09:38,"Náš obránce Ondra Štembera dnes slaví narozeniny.

Všechno nejlepší, Ondro! 🎂
Užij si to.",https://www.facebook.com/122180651084388974/posts/122180732618388974,338,,1,,
@vutcavaliersbrno,instagram,b384bebf-72f3-4f9d-8b2d-3677709f6966,9570523e-eef7-47cd-9c5b-50219397ed90,IG Story,VIDEO,16.9.2026 15:53:37,,https://www.instagram.com/stories/vutcavaliersbrno/3987558424618998123,,609,,,
@boostrava,instagram,1176ddaf-d366-48a2-9639-3c6694c72c85,a5e6bb6c-fa4c-48d9-8965-c05492cafe7b,IG Story,VIDEO,21.9.2026 18:36:20,"POŠLI NÁM ŠTĚSTÍ, AŤ TO TAM PADNE",https://www.instagram.com/stories/boostrava/3991264137803742378,,408,,,
@riderspardubice,instagram,4d6a67ab-9313-4f77-a82e-abb18adbca5d,a96dec12-42f5-4c01-bed8-63d8eec4a637,IG Reel,VIDEO,23.3.2026 13:30:07,"Svůj zápas dnes @hcpce hraje v Brně a my jim držíme palce a my si to dnes střihneme na domácím ledě v enteria areně! 

🎟️ Vstupenky koupíš přes odkaz v BIU!",https://www.instagram.com/reel/DWOod8GDF5J/,,9771,250,,37
@univerzitnihokej,facebook,01b45180-0b14-4a14-96e8-d0a4bab1fb9f,6c75fde4-ba19-417e-89db-1a20785fe7ce,FB Post,IMAGE,2.3.2026 21:45:56,"Dneska není o čem 🙌🏼 týmy z vyšších pozic v tabulce předvedli, co umí, a nenechali se obrat o jediný bod 📈",https://www.facebook.com/1275398168115026/posts/1252455037076006,537,,3,,
@riderspardubice,facebook,f99ed6c3-17cc-46f4-a32e-d9b0576ce2df,a58833a3-5f0b-484f-86a3-9c4799506e4c,FB Video,VIDEO,4.3.2026 13:54:11,"Přestávka v režii @enteria_holding ! 🚀 Led patří fanouškům a jejich přesné mušce. Děkujeme za spolupráci!
#přestávkovásoutěž#enteriaholding",https://www.facebook.com/reel/1136710581872814/,275,103,3,,
@engineersprague,facebook,afd06d1d-7b1c-4f66-8d93-ce4255ab773c,a91b4948-ec6f-4008-9efa-022fd35305be,FB Story,VIDEO,4.3.2026 20:53:20,,,,,,,
vsefalcons,instagram,709fceba-e311-48e7-9057-f54a587abf4a,d5301d51-1c95-4842-8a4b-e70d5e8e5490,IG Reel,VIDEO,9.2.2026 14:29:18,"Kluci slíbili, že když vyprodáte @icearenakaterinky tak po zápase všichni zazpívají tuhle vypalovačku našich mladých let 🤪 To je o důvod víc přijít ne? 😏

Lístky můžete koupit přes odkaz na profilu, těšíme se na vás! 💙",https://www.instagram.com/reel/DUiluF4iNbp/,,7322,196,5,67
vsefalcons,instagram,709fceba-e311-48e7-9057-f54a587abf4a,f474e745-df44-450d-8a7d-015471264fdd,IG Post,IMAGE,8.4.2026 7:47:59,"Soupeř, kterého už dobře známe. Finále play-in dnes odehrajeme v Českých Budějovicích.

Fandit můžete na dálku na ČT sport+ 🍿",https://www.instagram.com/p/DW3OPC2iIZE/,,4910,80,,10
@cvutengineers,instagram,11963a07-7f0f-48e6-9d81-aa63a7ff4a04,118504ce-8912-4b49-ad4d-08cf2ff46d40,IG Story,VIDEO,20.9.2026 17:44:04,,https://www.instagram.com/stories/cvutengineers/3990513030626334965,,757,,,
vsefalcons,instagram,709fceba-e311-48e7-9057-f54a587abf4a,52d19229-a00b-4b48-8556-d787950dfd49,IG Story,VIDEO,10.4.2026 17:39:54,😳 🌶️,https://www.instagram.com/stories/vsefalcons/3872372573484911771,731,655,,,1
@VUTCavaliersBrno,facebook,3351b43e-4b71-442b-b2f1-920cd6e57ee5,6754ca0f-1ce3-4382-a35d-e1de3aa43e1f,FB Story,IMAGE,23.9.2026 18:42:33,,https://facebook.com/stories/100667195401737/UzpfSVNDOjIyNjcxODE3NzA3NDUzMDM=/?view_single=1,,,,,
@riderspardubice,instagram,4d6a67ab-9313-4f77-a82e-abb18adbca5d,6e03dfea-d816-4748-b46e-2880a40fd89c,IG Post,IMAGE,14.4.2026 9:40:21,"Poprvé v historii na 👉 @unihokejfinalfour 

Jedeme do Prahy reprezentovat Riders, Pardubice i naši univerzitu –
a bojovat s pražskými týmy o titul vládce ligy.

🏒 SEMIFINÁLE
🆚 @ukkingsprague
📍 Zimní stadion Eden, Praha
🕓 16. dubna | 16:30

👉 2 dny plný hokeje, atmosféry a afterparty

Ve čtvrtek se rozhodne, jestli půjdeme do finále, nebo o bronz – každopádně v pátek se hraje o medaile.

Pojď do toho s námi a buď u toho.

🎟️ Vstupenky najdeš v BIU.",https://www.instagram.com/p/DXG3qPvjJxu/,,19698,345,1,16
@boostrava,instagram,1176ddaf-d366-48a2-9639-3c6694c72c85,8017acfe-5b1e-488e-a6b4-04c7181fdef0,IG Post,IMAGE,22.9.2026 15:07:26,"Na sobotu pro tebe máme super deal! 🔥

Kup si lístky na Porubu a na BOčko můžeš zdarma 👀

#hockey #match #students #2liga",https://www.instagram.com/p/DdmApZxszzS/,,5237,99,,26
@hc_muni,instagram,43cd62c8-609d-4ea6-8ce9-cae5242ede0c,a6058335-2632-4132-8bf1-2b3eb458d809,IG Reel,VIDEO,2.3.2026 18:30:40,"Chystáme se na divokou jízdu!🔥⚔️
Ve středu jdeme zkrotit @riderspardubice , tak buď u toho!💙🐻

Lístky koupíte u nás v biu🎟️

#hcmuni",https://www.instagram.com/reel/DVZGDw7DmDT/,,11010,242,,19
@riderspardubice,instagram,4d6a67ab-9313-4f77-a82e-abb18adbca5d,a69e9d5f-2feb-4f7a-9eb5-08b65cdfed05,IG Story,VIDEO,8.4.2026 19:56:34,NERVYYY 😬,https://www.instagram.com/stories/riderspardubice/3870991740560284209,,452,,,1
@engineersprague,facebook,afd06d1d-7b1c-4f66-8d93-ce4255ab773c,1feaf378-b37f-4411-b6fd-5fbeec747c20,FB Story,VIDEO,12.3.2026 21:21:38,,,,,,,
@derbyuniverzit,instagram,be83cfc5-0fa6-4f25-987e-ef890dd591ee,5a9ce6c7-5695-4126-b13b-75d3e4957786,IG Story,VIDEO,26.9.2026 12:48:42,,https://www.instagram.com/stories/derbyuniverzit/3994713021690690229,,270,,,
vsefalcons,instagram,709fceba-e311-48e7-9057-f54a587abf4a,7284d8c5-62d6-4e8d-9d3c-63699a1ad6e8,IG Story,VIDEO,3.2.2026 22:50:51,🎙️ SOUROZENCKÝ DUO NA ROZHOVORU,https://www.instagram.com/stories/vsefalcons/3824693833133243611,,1339,,1,13
@boostrava,instagram,1176ddaf-d366-48a2-9639-3c6694c72c85,ccd3e740-1352-48db-8e2e-8b89e025da22,IG Post,IMAGE,17.3.2026 21:27:19,"Dnešní zápas se nevyvedl dle našich představ ☹️ 

Do toho zítřejšího ale jdeme silnější 💪

#boostrava #hockey",https://www.instagram.com/p/DWACPZ7DB6e/,,1666,33,,16
@unitedhk,facebook,bfe6cc29-a387-41b9-9bca-b077722556af,d2e14c83-d04f-4e92-894f-489db12419d0,FB Post,PHOTO,31.3.2026 19:17:56,"Jeden zápas rozhodl všechno.
Bohužel to nevyšlo a sezóna tím pro nás končí.

Mrzí to. Ale díky všem, co byli s námi🧡
#unitedhk #unihokej #hokej",https://www.facebook.com/122180651084388974/posts/122180136776388974,304,,1,,
@hcnorthwings,facebook,2b08a479-603b-46e4-8a48-2bc0435ccd53,0a8a5dd4-17ee-4483-a432-ce011d0e7c2a,FB Story,IMAGE,18.3.2026 18:49:26,,,,,,,
@cvutengineers,instagram,11963a07-7f0f-48e6-9d81-aa63a7ff4a04,1165f4e9-da2f-4839-9815-6859f3127d54,IG Story,IMAGE,29.4.2026 18:14:44,🙏🏻,https://www.instagram.com/stories/cvutengineers/3886160758988109857,,804,,,
vsefalcons,instagram,709fceba-e311-48e7-9057-f54a587abf4a,23d2b086-da91-4289-8e96-d9f6c2122ad1,IG Story,VIDEO,14.3.2026 15:59:50,ťukec pro štěstí,https://www.instagram.com/stories/vsefalcons/3852753237132721827,765,735,,,
vsefalcons,instagram,709fceba-e311-48e7-9057-f54a587abf4a,4963f268-dbc5-4fa3-99b4-71fe5a999645,IG Story,VIDEO,24.3.2026 17:42:23,a historicky zaznamenáný běh @michal.danniel -1 social girl 🏃‍♂️💨,https://www.instagram.com/stories/vsefalcons/3860052596035719118,,921,,,
@univerzitnihokej,instagram,1e114592-3529-4cfe-9977-2598454053af,5d41eef5-1b2e-4438-acdd-72c01f5ed134,IG Post,IMAGE,2.3.2026 8:16:38,"Program na tento týden? Opravdu nabitý 🔋
Kromě mnoho zajímavých utkání se ve středu podíváme na TOP zápas do 📍Plzně",https://www.instagram.com/p/DVYAGdmCCTe/,,3163,79,,1
@cvutengineers,instagram,11963a07-7f0f-48e6-9d81-aa63a7ff4a04,7579d27c-a192-44b6-b996-5a47c21cb2aa,IG Post,IMAGE,22.3.2026 14:49:45,"Chceš se stát součástí ČVUT ENGPRG? Ať už na ledě, nebo ve fanclubu se srdcem lva? 🦁

Tak tady máš termíny přihlášek na jednotlivé fakulty ČVUT, ať neprošvihneš svoji šanci studovat na jedné z nejlepších univerzit v Praze 😎💙

#cvut #engprg",https://www.instagram.com/p/DWMMzrEDLG0/,,14468,188,,99
@united_hk,instagram,b18c071b-0570-48b2-b743-990c668c3c5b,105a9f3a-163f-49cf-ae8c-91c26e8d178c,IG Story,IMAGE,24.9.2026 15:13:51,,https://www.instagram.com/stories/united_hk/3993336576544929222,,604,,,2
vsefalcons,instagram,709fceba-e311-48e7-9057-f54a587abf4a,41bce642-7bb4-4927-a602-4d55e31c0a21,IG Story,VIDEO,27.2.2026 1:49:33,,https://www.instagram.com/stories/vsefalcons/3841453621229666242,995,1249,,1,6
vsefalcons,instagram,709fceba-e311-48e7-9057-f54a587abf4a,5dc39136-a2d9-4f40-9f86-29fe8fb3ccb0,IG Story,VIDEO,17.2.2026 20:07:55,PŘESTAVKOVÉ VYSTOUPENÍ děkujeme @skk.sparta ⛸️,https://www.instagram.com/stories/vsefalcons/3834776595261347021,1097,1316,,,3
@engineersprague,facebook,afd06d1d-7b1c-4f66-8d93-ce4255ab773c,81b900ff-777a-4ddc-9b89-c2fd43281621,FB Video,VIDEO,12.3.2026 20:22:07,😮‍💨,https://www.facebook.com/reel/1289775823207186/,1287,325,12,,
@cvutengineers,instagram,11963a07-7f0f-48e6-9d81-aa63a7ff4a04,982b23c0-62e8-4f51-8af6-d6647598b3f8,IG Story,VIDEO,23.8.2026 15:20:30,@tomashlavi,https://www.instagram.com/stories/cvutengineers/3970147047286022938,,1025,,,1
@univerzitnihokej,instagram,1e114592-3529-4cfe-9977-2598454053af,d62dff08-7df1-4379-a310-6e3b617f470d,IG Reel,VIDEO,19.4.2026 18:17:14,"Výměna studia za stadion, aby audiokniha HR měla tu pravou atmosféru 🎧🔥",https://www.instagram.com/reel/DXUqzWWCF4k/,,78993,2906,34,1932
vsefalcons,instagram,709fceba-e311-48e7-9057-f54a587abf4a,e58f1353-d983-4c3c-848f-38a785c482c8,IG Post,IMAGE,18.9.2026 20:24:53,"V posledním přípravném zápase aka pražské derby jsme nejdříve dvakrát dorovnali skóre, nakonec podhléháme @ukkingsprague 

Tohle ale ještě nic neznamená. Sezóna začíná až v úterý, těšíme se na tebe! 🫵🏼",https://www.instagram.com/p/DdcRKnPoECA/,,3297,67,,5
@united_hk,instagram,b18c071b-0570-48b2-b743-990c668c3c5b,1f4f30b2-e1cc-4f41-9f10-8dc361d801a2,IG Story,VIDEO,19.9.2026 17:36:54,,https://www.instagram.com/stories/united_hk/3989784687421209368,,386,,,1
vsefalcons,instagram,709fceba-e311-48e7-9057-f54a587abf4a,213aef68-c8d8-44cd-81aa-be9640302501,IG Story,IMAGE,22.9.2026 20:33:55,2 2 Ramert,https://www.instagram.com/stories/vsefalcons/3992048071308558144,,719,,,1
vsefalcons,instagram,709fceba-e311-48e7-9057-f54a587abf4a,26f69464-c785-4c94-9d58-b51358257cda,IG Story,VIDEO,13.2.2026 17:28:11,TĚŽKO NA CVIČIŠTI 📸 V ÚTERÝ NA BOJIŠTI,https://www.instagram.com/stories/vsefalcons/3831779150478742764,602,706,,,
@cvutengineers,instagram,11963a07-7f0f-48e6-9d81-aa63a7ff4a04,73df6030-4af8-49d0-9402-140549cf6481,IG Post,IMAGE,31.7.2026 10:09:23,"Děkujeme za všechno a hodně štěstí, Hučis! 💙🦁

Náš asistent trenéra Petr Hučko míří za novou výzvou – bude trénovat profesionální hokej v Itálii. 🇮🇹

Děkujeme, že jsi byl součástí #engprg. Přejeme ti spoustu úspěchů a věříme, že se zase někdy potkáme. Arrivederci! 🤌🏼",https://www.instagram.com/p/DbdATnJsR8s/,,10610,262,6,15
vsefalcons,instagram,709fceba-e311-48e7-9057-f54a587abf4a,74cafb88-837c-4351-bd16-7010c661fc49,IG Reel,VIDEO,2.2.2026 18:31:58,"Bóřa vás zve na zítřejší zápas 🥹 A když už vás zve i trenér, tak je to fakt důvod přijít! 

Těšíme se na vás! 💙 jo a lístky seženete na profilu 🎟️",https://www.instagram.com/reel/DUQ_6ysjME0/,,6910,80,,7
@bitvaoprahu,instagram,d7c8aa06-74fb-4c6c-a7d2-c2fe1bf6d59c,808260c6-ad2d-41c6-88b1-bc9d0f7aeef3,IG Story,VIDEO,10.4.2026 14:51:16,,https://www.instagram.com/stories/bitvaoprahu/3872287613965313391,,897,,,1
@riderspardubice,facebook,f99ed6c3-17cc-46f4-a32e-d9b0576ce2df,5bc7f928-3d41-4043-b010-ef36838da35f,FB Post,IMAGE,12.3.2026 13:00:08,"Poslední zápas v dresu Riders pro @dominikkopecky_99 🔥

Přijď udělat Dominikovi do enteria areny nezapomenutelnou atmosféru a rozloučit se s ním na zápas proti @united_hk! 

🎟️ Vstupenky ve slevě s kódem KOPECKY20 👀",https://www.facebook.com/1592662819534019/posts/1574435694690065,268,,1,,
@univerzitnihokej,facebook,01b45180-0b14-4a14-96e8-d0a4bab1fb9f,ce9fa040-77b2-43f0-a12f-73759546607f,FB Video,VIDEO,22.4.2026 7:13:29,Martin Sýkora si prošel univerzitním hokejem v @akademiciplzen 👀 Den před Final Four pískal GAME 7 Sparta 🆚 Pardubice. A pochvaluje si atmosféru @unihokejfinalfour 🙌🏻,https://www.facebook.com/reel/26761623806823740/,4335,1955,18,,
@cvutengineers,instagram,11963a07-7f0f-48e6-9d81-aa63a7ff4a04,15fdefca-2416-467e-8125-4bde3a55c89d,IG Story,VIDEO,8.4.2026 16:37:45,ROZCVIČKA POD DOHLEDEM @jankreglcoach 🧐,https://www.instagram.com/stories/cvutengineers/3870891680899820838,,1483,,,3
@united_hk,instagram,b18c071b-0570-48b2-b743-990c668c3c5b,731b1d4c-73a0-4311-9c28-562eec06b4f7,IG Story,VIDEO,20.9.2026 11:38:49,,https://www.instagram.com/stories/united_hk/3990329214682815345,,946,,,1
@univerzitnihokej,instagram,1e114592-3529-4cfe-9977-2598454053af,82469665-e7af-452b-b791-7072900082f7,IG Post,IMAGE,13.3.2026 15:12:20,2️⃣ poháry a ještě zásoba ZOTT HUNGRY! 😱 @adam_janousek střelec prvního gólu finálového zápasu @bitvaoprahu 👀👏🏻 #zott #zotthungry #zotthungrydrinkthis,https://www.instagram.com/p/DV1EFNpCGF0/,,8036,123,1,9
vsefalcons,instagram,709fceba-e311-48e7-9057-f54a587abf4a,0857a667-6e10-48b9-8931-f56210a26bde,IG Reel,VIDEO,7.3.2026 18:14:45,"Hot or not 🤔

Přijďte to holky radši v úterý omrknout na @icearenakaterinky ať po Bitvě na afterce máte jasno 😏

🗓️ 10. března ⏰ 19:45 ⚔️ @cvutengineers",https://www.instagram.com/reel/DVl8D9giP5W/,,19173,146,12,175
vsefalcons,instagram,709fceba-e311-48e7-9057-f54a587abf4a,4a3d1522-ea33-41b0-ae4d-5573c9bfc673,IG Reel,VIDEO,22.1.2026 20:00:27,Kluků nová flirtovací technika. 🫦 Který z nich by si našel slečnu jako první? 📩,https://www.instagram.com/reel/DT01m-eCKXN/,,4864,70,2,26
@univerzitnihokej,facebook,01b45180-0b14-4a14-96e8-d0a4bab1fb9f,98fad086-e00e-4461-9ad5-6bd2d3c33c55,FB Post,IMAGE,11.3.2026 21:53:23,Akademici si dnes ugrilovali křídla 🍗 domácí BOčko po dlouhých nájezdech obhájilo Moravské derby 😮‍💨,https://www.facebook.com/1275398168115026/posts/1259026253085551,444,,1,,
@riderspardubice,instagram,4d6a67ab-9313-4f77-a82e-abb18adbca5d,f4230dfd-4428-4623-a824-0aa4c6450305,IG Post,IMAGE,2.3.2026 16:15:53,"Na kterého našeho SURVIVORA se dneska těšíte? 🔥🌴

🎟️ Vstupenky na zápas najdete v BIU!",https://www.instagram.com/p/DVY28oOjBI8/,,6552,156,,53
@riderspardubice,instagram,4d6a67ab-9313-4f77-a82e-abb18adbca5d,15ac53a1-a3f5-4cdf-a4a2-f8e96e37efff,IG Story,VIDEO,10.4.2026 9:07:03,,https://www.instagram.com/stories/riderspardubice/3872114364623122078,,571,,,1
univerzitnihokej,tiktok,01c88cf9-594f-408e-a45a-95114221acae,1718b08c-dc8f-49c9-9ef9-0a3ac5dea7ae,TT Video,VIDEO,18.4.2026 14:38:10,Poslední vteřiny před vypuknutím oslav @UK KINGS PRAGUE 👑🤩,https://www.tiktok.com/@univerzitnihokej/video/7630108543236033814?utm_campaign=tt4d_open_api&utm_source=7348986504397455361,,5528,159,,4
@riderspardubice,instagram,4d6a67ab-9313-4f77-a82e-abb18adbca5d,4404db6e-e914-4450-af51-4f986b43af51,IG Reel,REEL,30.3.2026 19:20:09,"Takže jak funguje to final four? 👀

A v úterý nás čeká Ostrava!",https://www.instagram.com/reel/DWhSMBOEWgO/,,7777,160,10,30
@bitvaoprahu,facebook,75e0f41f-82be-4f82-a77b-82ac11135ed2,5abe153b-3e3a-4150-96e8-ada343d40f1c,FB Video,VIDEO,9.3.2026 18:06:55,"🏆 POHÁR ČTYŘ UNIVERZIT
…o co se vlastně hraje?

Po podzimním semifinále jsou karty rozdaný:
🥉 o bronz: ČZU vs VŠE
👑 o zlato a pohár: UK vs ČVUT

Teď drží každý tým půlku poháru.
Ve čtvrtek se rozhodne, kdo si ho odnese celý a s ním i titul vládce Prahy. 

❓Obhájí UK loňské vítězství? Nebo tentokrát ovládne Prahu ČVUT?

Rozhodne se už ve čtvrtek.
🎟️ bitvaoprahu.cz",https://www.facebook.com/reel/1271063018239392/,1102,294,3,,
@boostrava,instagram,1176ddaf-d366-48a2-9639-3c6694c72c85,67fed500-7899-49d3-8055-d3462a247784,IG Story,VIDEO,26.9.2026 19:49:26,0 2,https://www.instagram.com/stories/boostrava/3994924795128713027,,368,,,1
@riderspardubice,instagram,4d6a67ab-9313-4f77-a82e-abb18adbca5d,18a07548-70fa-4c26-8ede-7f63ee656745,IG Story,VIDEO,31.3.2026 17:27:06,KOTEL SI ROZCVIČUJE  HLASIVKY!,https://www.instagram.com/stories/riderspardubice/3865118308760850388,,985,,,2
vsefalcons,instagram,709fceba-e311-48e7-9057-f54a587abf4a,23df6727-e1f7-476e-bdbd-f2441b3b87a9,IG Reel,VIDEO,2.3.2026 8:24:27,"Dnes vyrážíme do Jižních Čech. 🚌

Ale tím tento týdne teprve začínáme. Zítra doma. A tam vás chceme slyšet. 📣",https://www.instagram.com/reel/DVYA8O4CPYv/,,7104,114,,6
@engineersprague,facebook,afd06d1d-7b1c-4f66-8d93-ce4255ab773c,36f39b98-37dc-449a-b367-85e84ead5497,FB Story,VIDEO,12.3.2026 21:03:44,,,,,,,
@hc_muni,instagram,43cd62c8-609d-4ea6-8ce9-cae5242ede0c,8fb085c3-c05e-4e63-baca-09013005e526,IG Post,ALBUM,26.3.2026 16:23:51,"Poslední zápas ve velkém stylu!🐻🏒 Děkujeme moc všem za podporu a vidíme se příští sezonu 💙

📸 @zdeny_99 

#hcmuni",https://www.instagram.com/p/DWWq8C8DOWo/,,26978,415,,76
@engineersprague,facebook,afd06d1d-7b1c-4f66-8d93-ce4255ab773c,c1a79a83-d9a8-485c-984f-4de3e5cbe94a,FB Story,VIDEO,4.3.2026 20:37:41,,,,,,,
@united_hk,instagram,b18c071b-0570-48b2-b743-990c668c3c5b,e5ff4682-44e0-4ed8-b895-1eba0c3b029e,IG Story,VIDEO,28.8.2026 20:18:14,,https://www.instagram.com/stories/united_hk/3973920824427561218,,361,,,
@cvutengineers,instagram,11963a07-7f0f-48e6-9d81-aa63a7ff4a04,572ae762-a646-4a3c-87f5-b33271f224e0,IG Reel,VIDEO,17.4.2026 17:42:21,@engineerskotel je definice SRDCE LVA 🦁😮‍💨,https://www.instagram.com/reel/DXPdQSnjNjg/,,11594,248,,34
@hcnorthwings,facebook,2b08a479-603b-46e4-8a48-2bc0435ccd53,0a011f23-5685-4e91-a006-a2df6fb86067,FB Story,VIDEO,31.8.2026 13:02:31,,https://facebook.com/stories/101955925269645/UzpfSVNDOjEwMTk0MzA4NTc3MjMyNjk=/?view_single=1,,,,,
@riderspardubice,instagram,4d6a67ab-9313-4f77-a82e-abb18adbca5d,65e13776-5f6d-4c68-b91f-55d198d74cb9,IG Story,VIDEO,31.3.2026 20:38:57,🥹🥹🥹,https://www.instagram.com/stories/riderspardubice/3865214852730200984,,633,,,
@AkademiciPlzen,facebook,d87b94e3-03e8-45d0-b92e-75e9b819545c,8564ef94-271a-4050-bb44-a4d71d94f80a,FB Video,VIDEO,8.4.2026 13:26:33,"Chceš vyhrát 100 000 Kč? 👀 Založ si účet u ČSOB a jsi ve hře! 💙

A jestli náhodou budeš na @unihokejfinalfour , nezapomeň, že s kartou ČSOB tam na tebe čeká 20% cashback na pivo a drinky! 🍻

Link na založení účtu najdeš u nás ve stories! 

#akademiciplzen",https://www.facebook.com/reel/787576224427054/,1315,653,7,,
vsefalcons,instagram,709fceba-e311-48e7-9057-f54a587abf4a,b84b4e51-7e48-4e7d-8793-40570b0d88a1,IG Post,IMAGE,12.4.2026 15:00:13,"Takhle vypadal náš poslední zápas proti @cvutengineers ⚔️

A už ve čtvrtek se s nimi utkáme znovu, jenže tento zápas bude znamenat MNOHEM více 🫨 Potřebujeme vás všechny u toho 📢

🎟️ Vstupenky na @unihokejfinalfour seženeš na profilu a můžeš použit kód “VSEFANS” ať fandíš levněji",https://www.instagram.com/p/DXCS4T-CDkc/,,3737,147,,13
@univerzitnihokej,facebook,01b45180-0b14-4a14-96e8-d0a4bab1fb9f,eaf5b8fc-3ce8-4054-baa6-b843df229333,FB Post,IMAGE,12.3.2026 10:55:46,Pražský den D je tady! Kdo dnes urve bronz na @bitvaoprahu ? 🫨,https://www.facebook.com/1275398168115026/posts/1259419946379515,819,,1,,
@united_hk,instagram,b18c071b-0570-48b2-b743-990c668c3c5b,ec39b94f-ce32-49ff-9794-f0648bdd1119,IG Reel,VIDEO,20.3.2026 17:21:39,"💋 Pivovarské domy Kiss Cam z derby

Derby není jen o hokeji.

Některé momenty patřily i Kiss Cam.
A někdy to bylo hodně zajímavé 😄

Výherci si odnesli luxusní večeři pro 2 v hodnotě 1500 Kč.

Díky partnerovi @pivovarskedomy za tenhle moment, na který se jen tak nezapomíná.

Podívej se ve videu.

🖤🧡❤️",https://www.instagram.com/reel/DWHUeEOiDTj/,,3486,69,,3
vsefalcons,instagram,709fceba-e311-48e7-9057-f54a587abf4a,f742b0ad-b24b-4f0c-ac86-ac5f1d91413e,IG Reel,VIDEO,3.6.2026 6:32:01,getting hot in here 🥵🧯 #icehockey #boys #vsefalcons #hot #hockeyplayers,https://www.instagram.com/reel/DZHR_2OIj5G/,,5024,102,1,24
@akademiciplzen,instagram,65494228-95bf-4f7b-8e68-d47d7262db66,f837f448-9d97-44da-bb4b-3ce73ac3118c,IG Story,VIDEO,3.4.2026 9:08:13,"BRUSLENÍ S AKADEMIKY BRUSLENÍ S AKADEMIKY přijď  za námi uzavřít sezónu přímo na led! 💙 KDY:  VE ČTVRTEK 9.4. V 18:30
KDE:  LOGSPEED CZ ARÉNA. 
S SEBOU:  VLASTNÍ BRUSLE + HELMA ⛸️ 📝",https://www.instagram.com/stories/akademiciplzen/3867041519593348939,,1958,,,43
@riderspardubice,instagram,4d6a67ab-9313-4f77-a82e-abb18adbca5d,ff1669a7-6417-482b-ae1d-17e5d8b4452a,IG Reel,VIDEO,12.4.2026 17:03:31,Kdo za námi dorazí do Prahy? ❤️‍🔥,https://www.instagram.com/reel/DXCg6ygDG8d/,,11199,304,2,6
@riderspardubice,instagram,4d6a67ab-9313-4f77-a82e-abb18adbca5d,0d8f3492-1dd0-41f0-818a-55cb7357af6f,IG Post,IMAGE,16.4.2026 8:19:55,"GAMEDAY 😎

🏒 SEMIFINÁLE
🆚 @ukkingsprague
📍 Zimní stadion Eden, Praha
🕓 16. dubna | 16:30

🎟️ Vstupenky koupíš přes odkaz v BIU!",https://www.instagram.com/p/DXL4IlqDPJE/,,5020,52,,5
@218107044725785,facebook,7a942e3e-6c47-4794-9ba7-bbc7b6d40cb3,15bf0adb-89a1-4bd2-b267-35fd18cb04aa,FB Video,VIDEO,17.3.2026 9:00:07,"KSN v podání @vosmajz_97 🤩

#vsefalcons",https://www.facebook.com/reel/1474566874349434/,455,198,2,,
@hcmuni,facebook,d1f9e9f9-7526-42d4-85aa-13f91e89f7cf,a07e1b93-b132-43c2-ab12-bd150932e5a4,FB Post,PHOTO,25.3.2026 21:34:15,"Konec dobrý, všechno dobré 🐻💙 Rozloučení se sezonou jak má být 

#hcmuni",https://www.facebook.com/1581741777288398/posts/1576067817855794,609,,6,,
@univerzitnihokej,facebook,01b45180-0b14-4a14-96e8-d0a4bab1fb9f,c4521901-950b-4abd-aaf5-efcff6d7a702,FB Post,IMAGE,4.3.2026 8:44:24,"Dnes jedeme za vámi do západních Čech! 😍
Otázka je jednoduchá: komu budete fandit? 🫨",https://www.facebook.com/1275398168115026/posts/1253503636971146,1026,,3,,
@AkademiciPlzen,facebook,d87b94e3-03e8-45d0-b92e-75e9b819545c,154f1e56-8837-43bd-9734-2266e1ba84a9,FB Video,VIDEO,14.9.2026 12:38:32,"🏒 Ondra Pšenička s námi na tréninku!

Vyzpovídali jsme pro vás hráče, který má za sebou úspěšné působení na Cornell University v NCAA a který se zapojil do několika našich tréninků. 🇺🇸💪🏻

V sobotu pak naskočil do svého prvního utkání za HC Stadion Litoměřice. 🏒

🎙️ Poslechněte si rozhovor, ve kterém mluví o svém působení na Cornellu, univerzitní lize i o tom, jak se mu s námi trénovalo.

Díky za společné tréninky a držíme palce, Ondro! Ať se daří! 🔥

#akademiciplzen",https://www.facebook.com/reel/1630415521770120/,1946,1000,16,,
@univerzitnihokej,instagram,1e114592-3529-4cfe-9977-2598454053af,1e7fb263-5faa-4485-af27-faf474911985,IG Post,IMAGE,9.3.2026 15:39:55,"Minulou sezonu si výherkyně odnesla šek na čtvrt milionu od ČSOB 💙 Letos hrajeme o 1️⃣0️⃣0️⃣ 0️⃣0️⃣0️⃣ Kč. Kdo je získá tentokrát? 👀

🔗 Založ si účet u ČSOB přes odkaz v našem biu a možná to budeš právě ty. 🫵🏻",https://www.instagram.com/p/DVq0ZYUCAlT/,,6341,73,,1
vsefalcons,instagram,709fceba-e311-48e7-9057-f54a587abf4a,3173b176-5208-4744-b223-61478f091415,IG Post,CAROUSEL_ALBUM,18.2.2026 16:00:00,Tohohle gólu od @michal.danniel se nemůžeme nabažit 🤤🤤,https://www.instagram.com/p/DU57spWCOsy/,,2995,76,,9
@bitvaoprahu,instagram,d7c8aa06-74fb-4c6c-a7d2-c2fe1bf6d59c,89d9ec10-895f-497a-b888-edc756d11600,IG Post,IMAGE,10.3.2026 13:57:34,"Kdo už se taky nemůže dočkat, ruku do komentářů! 🖐🏼
Nenech si to ujít ❤️ lístky na bitvaoprahu.cz",https://www.instagram.com/p/DVtM4-rjFxt/,,10909,109,3,14
@united_hk,instagram,b18c071b-0570-48b2-b743-990c668c3c5b,9977f963-260a-4b27-8ffe-b80218505769,IG Post,IMAGE,24.4.2026 8:37:50,"Dnes patří díky všem dalším partnerům, bez kterých by sezona 2025/26 nevznikla.
Pizza Panda, Pasta Cook & Look, LevnePneu.cz, Agress.cz, iAutodíly.cz, Trotina Group a aptour.

Díky, že stojíte za UNIted HK.
🖤🧡",https://www.instagram.com/p/DXggqJdCM7J/,,1128,13,,
vsefalcons,instagram,709fceba-e311-48e7-9057-f54a587abf4a,9d41f237-dbfd-4333-bc55-4e0186d67114,IG Reel,VIDEO,3.2.2026 8:12:02,"Máme pro vás oznámení! 📣

Jsme zpět na domácím ledě, dnes 19:45, Ice Arena Kateřinky! 🏟️",https://www.instagram.com/reel/DUSeEeMDPhs/,,4459,49,,7
@hcmuni,facebook,d1f9e9f9-7526-42d4-85aa-13f91e89f7cf,a33b163f-9662-4d06-bee0-b2f154997280,FB Video,VIDEO,25.3.2026 17:08:10,"Nojo, o @kfc_cz by se kluci i poprali🍗🐻 Jak úspěšní jste v našem kvízu byli vy? 

PS: žádné kuře nepřišlo vniveč 🫶🏻

#kfcplechovykyblik #kfc",https://www.facebook.com/reel/1572196510527901/,1027,303,1,,
@univerzitnihokej,facebook,01b45180-0b14-4a14-96e8-d0a4bab1fb9f,b296d3fc-6686-4d29-bcbd-c00b6cddb47c,FB Post,IMAGE,27.3.2026 16:55:07,"A letošní sezóna definitivně skončila také pro brněnské medvědy z @hc_muni , kteří nedosáhli na play-in 💔

Děkujeme, i na vás se budeme těšit zase na podzim! 🤗",https://www.facebook.com/1275398168115026/posts/1271905195130990,566,,,,
@cvutengineers,instagram,11963a07-7f0f-48e6-9d81-aa63a7ff4a04,b504ecea-3846-4b15-872f-673d743eb113,IG Story,IMAGE,8.4.2026 19:46:46,1 1,https://www.instagram.com/stories/cvutengineers/3870986792455667909,,754,,,1
@united_hk,instagram,b18c071b-0570-48b2-b743-990c668c3c5b,eeaf4fd8-6060-4ebd-97b9-673fe3fafa23,IG Reel,VIDEO,15.4.2026 12:51:59,"❤️ Duben ve znamení pomoci

Naši kluci tentokrát nešli bojovat na led, ale pomáhat jinak – zapojili se do akce Daruj krev ve spolupráci s @transfuzni_fnhk . 🩸🏒

Každá kapka se počítá a může někomu zachránit život.

👉 Pokud půjdeš darovat krev během dubna, můžeš se zapojit do tomboly a vyhrát skvělé ceny od sponzorů. Stačí jen po odběru vyplnit formulář, který najdeš v biu na @ifmsa_cz_hk . 

Přidej se taky a udělej něco, co má skutečný smysl.❤️

#unitedhk #unihokej #hokej",https://www.instagram.com/reel/DXJybqTCBaU/,,3999,77,,13
@AkademiciPlzen,facebook,d87b94e3-03e8-45d0-b92e-75e9b819545c,3bab2957-5fab-4d47-bcd9-75f262d2a0ae,FB Video,VIDEO,25.9.2026 13:07:42,"ALUMNI GAME – PRVNÍ DOMÁCÍ ZÁPAS SEZÓNY 🏡🏒

Přijď se rozloučit a poděkovat hráčům z loňské sezóny! 👋🏻

🗓️ 29. 9. 2026
🕖 19:15
📍 LOGSPEED CZ Aréna

Pro prvních 100 návštěvníků máme připravený Proud zdarma. 🍻

‼️ Ještě nemáš lístek na Bitvu? 😶‍🌫️
Na zápase můžeš vyhrát 2× vstupenku na Bitvu o Plzeň + Afterparty a k tomu zásobu energie od @redbullcz ! 🤩
🪽

A navíc – kdo dorazí, se jako první dozví, jaký interpret letos ovládne HALFTIME SHOW! 🔥

Přijď i ty vytvořit na zimáku vítěznou atmosféru. 🫵🏻

🎟️ Vstupenky najdeš v odkazu v biu.
📲 V aplikaci UniLife navíc 20% sleva díky @csobcz !

#akademiciplzen",https://www.facebook.com/reel/1099294416369359/,761,280,9,,
vsefalcons,instagram,709fceba-e311-48e7-9057-f54a587abf4a,5ce90c6d-0604-4403-974c-ed75af1ee841,IG Post,CAROUSEL_ALBUM,21.1.2026 14:36:57,Roztomilost lvl. 10000 🥹🥹,https://www.instagram.com/p/DTxr0_8iAzJ/,,11230,267,8,75
@riderspardubice,instagram,4d6a67ab-9313-4f77-a82e-abb18adbca5d,71c489dd-9fba-49ec-91fd-91c2abf2812c,IG Post,IMAGE,13.9.2026 10:25:09,"Dnes nás čeká další přípravné utkání a to proti @vutcavaliersbrno 🔥

KDY: 17:15⏰
KDE: zimní stadion Kuřim📍",https://www.instagram.com/p/DdOVQTpROev/,,4328,90,,4
@akademiciplzen,instagram,65494228-95bf-4f7b-8e68-d47d7262db66,b1d29a5f-8db3-41c1-9a5e-3911073a2d63,IG Post,IMAGE,24.3.2026 20:04:22,"Zítra hrajeme poslední zápas základní části proti @czufarmers !👊🏻

Zetor jsme jim zakázali… 🚜❌
tak jsme sami zvědaví, s čím se zítra objeví. 👀

Doraz nás podpořit a udělejme z toho pořádnej závěr! 🔥

🗓️ 25. 3. | 19:00
📍 LOGSPEED CZ Aréna

#akademiciplzen 💙",https://www.instagram.com/p/DWR5_jrjIlq/,,4857,74,,5
@hcnorthwings,facebook,2b08a479-603b-46e4-8a48-2bc0435ccd53,f821eb90-e21b-41b6-b9d1-c2d61ae3e8e5,FB Story,VIDEO,1.4.2026 15:00:03,,,,,,,
@218107044725785,facebook,7a942e3e-6c47-4794-9ba7-bbc7b6d40cb3,998e806c-33cf-4976-816a-03acf4d67a78,FB Video,VIDEO,13.8.2026 17:11:07,"Nový vůdce našeho hnízda! 🦅 David Ohnutek přebírá VŠE Falcons Prague jako nový hlavní trenér. 🔥

Dlouhodobě se specializuje na player development a individuální rozvoj hráčů. Zkušenosti sbíral jako dovednostní trenér Bílých Tygrů Liberec, v Dánsku jako šéftrenér mládeže Herning IK a následně u kategorií U17 a U20 ve Frederikshavnu. 🇨🇿🇩🇰

Do našeho hnízda přináší mezinárodní zkušenosti, důraz na rozvoj hráčů a vítěznou mentalitu. 💪

Vítej v týmu, Davide! 🦅",https://www.facebook.com/reel/1026404206902979/,470,156,15,,
@hc_muni,instagram,43cd62c8-609d-4ea6-8ce9-cae5242ede0c,c0ac5278-a66a-422c-bfca-d606a0428d44,IG Story,VIDEO,25.8.2026 17:22:03,"VE DRUHÉ TŘETINĚ UPRAVIL SKÓRE @jakubmodl 
 První zápas= první gól 🎩",https://www.instagram.com/stories/hc_muni/3971657939681199122,,1363,,,5
@united_hk,instagram,b18c071b-0570-48b2-b743-990c668c3c5b,cff0fc5a-699f-491b-a2ba-4abcbaf37844,IG Post,IMAGE,24.9.2026 14:27:49,"AFTERPARTY TEĎ ZA 80 KČ. 🎧

Po Otvíráku se přesouváme na Meet & Greet Afterparty na Náplavku.

🎟️ 80 Kč do 27. 9.
🎟️ 100 Kč v den akce

Za Infinity DJs zahrají:
🎧 Andrew Galaxy
🎧 Mathew Dry

🕙 22:00
📍 NãPLAVKA café & music bar

28. 9. po zápase UNIted HK × BO Ostrava

---
AFTERPARTY NOW 80 CZK. 🎧

After the Season Opener, we’re heading to the Meet & Greet Afterparty at Naplavka Music bar.

🎟️ 80 CZK until Sept 27
🎟️ 100 CZK on the day of the event

Infinity DJs lineup:
🎧 Andrew Galaxy
🎧 Mathew Dry

🕙 10:00 PM
📍 NãPLAVKA café & music bar

Sept 28 – after the UNIted HK vs. BO Ostrava match.",https://www.instagram.com/p/DdrGVVaiJ6w/,,5635,64,,19
@bitvaoprahu,facebook,75e0f41f-82be-4f82-a77b-82ac11135ed2,45b63f74-b608-4a32-9d15-dbb3b77532fa,FB Post,IMAGE,12.3.2026 21:10:20,"🇨🇿 Dvojnásobný medailista z olympijských her v Miláně je mezi námi! 🤩🙏🏼

Tím není nikdo jiný než Metoděj Jílek! 🎩 #bitvaoprahu",https://www.facebook.com/1441262177797849/posts/1420389763218424,846,,12,,
@akademiciplzen,instagram,65494228-95bf-4f7b-8e68-d47d7262db66,9c9f7244-ae9c-43f5-8197-00b857ac6735,IG Story,VIDEO,1.4.2026 19:52:05,,https://www.instagram.com/stories/akademiciplzen/3865916035140711149,,926,,,
@cvutengineers,instagram,11963a07-7f0f-48e6-9d81-aa63a7ff4a04,a10fac30-a0de-4396-a904-9e32c811ac46,IG Story,VIDEO,17.4.2026 17:13:43,🇧🇷 🇧🇷 🇧🇷 🇧🇷 🇧🇷 🇧🇷,https://www.instagram.com/stories/cvutengineers/3877432398539670630,,1488,,,1
@engineersprague,facebook,afd06d1d-7b1c-4f66-8d93-ce4255ab773c,b39bc2a6-1b90-4795-9798-25791763ff1f,FB Story,IMAGE,8.9.2026 11:05:45,,https://facebook.com/stories/136066081670222/UzpfSVNDOjI1Mjg2NjAwMzc2MzExNzY=/?view_single=1,,,,,
@united_hk,instagram,b18c071b-0570-48b2-b743-990c668c3c5b,2f1f648f-65fb-4536-b376-9524263abdc9,IG Story,VIDEO,13.9.2026 15:49:10,1.TŘETINĚ po VEDEME! 🎉 🎉,https://www.instagram.com/stories/united_hk/3985381819079460718,,590,,,1
@hc_muni,instagram,43cd62c8-609d-4ea6-8ce9-cae5242ede0c,735327da-15ba-449b-850a-22af4413f03e,IG Post,IMAGE,9.3.2026 9:30:29,"Nemáš plány na víkend? Tak vyraž na hokej 🏒 Další domácí zápas proti @czufarmers 🔥Trochu netradičně v sobotu!🐻💙 
A pozor jen za 50,-

Lístky koupíš v našem biu🎟️",https://www.instagram.com/p/DVqKHjtjP8W/,,3437,28,,4
@hcnorthwings,facebook,2b08a479-603b-46e4-8a48-2bc0435ccd53,18a7c779-dda2-46e0-aef2-8fab35cf056a,FB Post,IMAGE,4.8.2026 5:31:15,"⚠️ Máme tu letošní TRYOUT ⚠️
Univerzitní liga ledního hokeje startuje 21. září 2026, ale my už nyní musíme vybírat nadané a týmové hráče 💛💙

Letošní TRYOUT má 3 termíny 📆
🔹️pondělí 10. 8. od 20:15
🔹️úterý 11. 8. od 19:15
🔹️středa 12. 8. od 20:30
🔸️čtvrtek 13. 8. přátelské utkání od 18:00

 📌 Místo: ústecký zimní stadion

Přijď na TRYOUT a ukaž, co v Tobě je 💪 Staň se týmovým hráčem a bojuj za náš Sever 🫶

#univerzitnihokej #hcnorthwings #myjsmeujep #icehockey",https://www.facebook.com/1583651910433365/posts/1702643388534216,1267,,7,,
@unitedhk,facebook,bfe6cc29-a387-41b9-9bca-b077722556af,1519ced7-bb4e-48b3-adab-f34201578f12,FB Video,VIDEO,29.3.2026 15:56:45,"Koupíš Garnier…
a zapomeneš, že první krok = mít vlasy. 😭🏒

#unitedhk #unihokej #uhk #hradeckralove",https://www.facebook.com/reel/1478383900620523/,1436,711,3,,
@univerzitnihokej,instagram,1e114592-3529-4cfe-9977-2598454053af,18b537bc-7601-4939-84c8-574944bf6166,IG Post,IMAGE,2.4.2026 19:39:45,Poslední finálový PLAY-IN duel se odehraje pro změnu v Budějovicích! Postaví se proti sobě Black Dogs a Falcons 🔥,https://www.instagram.com/p/DWpC64oiOXN/,,7008,196,,10
@univerzitnihokej,instagram,1e114592-3529-4cfe-9977-2598454053af,b4528eda-8612-4941-820a-fb278c77d731,IG Post,IMAGE,15.3.2026 14:11:41,"Už je nás 1️⃣3️⃣ 0️⃣0️⃣0️⃣ a pořád rosteme! 🚀 Díky, že jste u toho s námi! 🙏🏻🤩",https://www.instagram.com/p/DV6GamdiImg/,,4692,195,1,8
@univerzitnihokej,instagram,1e114592-3529-4cfe-9977-2598454053af,b9e49b11-2030-465e-b3bc-35cc6c51e1ee,IG Post,IMAGE,8.4.2026 20:37:49,@cvutengineers Final Four na vás čeká! 👋🏻 Vidíme se v Edenu 16.4. 🔥,https://www.instagram.com/p/DW4mVh-CFSR/,,5854,133,1,12
@univerzitnihokej,facebook,01b45180-0b14-4a14-96e8-d0a4bab1fb9f,af5ced69-742e-4091-969a-d424443040b3,FB Video,VIDEO,12.3.2026 20:51:02,Jak se vám líbila HALFTIME SHOW? 🤯🔥,https://www.facebook.com/reel/2147036366075800/,458,254,4,,
@VUTCavaliersBrno,facebook,3351b43e-4b71-442b-b2f1-920cd6e57ee5,d5e121a9-9db2-44fa-a837-14344edb7142,FB Video,VIDEO,27.3.2026 11:55:06,"Kudrnaté vlasy potřebují víc než jen vodu. 💧

S novým Flexi Hold Gelem od @garnier_czsk máš definici a hydrataci vyřešenou během vteřiny. Pevná fixace, co drží, ať se na hřišti děje cokoliv.

Čistá hlava, čistá hra✌️",https://www.facebook.com/reel/2066297154229008/,759,266,7,,
@AkademiciPlzen,facebook,d87b94e3-03e8-45d0-b92e-75e9b819545c,3ab1b105-61de-47b5-a3fe-51b7ef21dd35,FB Video,VIDEO,4.3.2026 22:39:54,"pure RADOST without trending audio 😏🤩🕺🏼😛🥸😻✨

(zkus napočítat, kolikrát někdo @honza_sibra shodil helmu)

#akademiciplzen 💙",https://www.facebook.com/reel/1444372614092956/,4066,1880,62,,
@cvutengineers,instagram,11963a07-7f0f-48e6-9d81-aa63a7ff4a04,8f7a0fb4-5351-4da3-a4f9-0fed4ea53896,IG Post,IMAGE,2.3.2026 20:11:54,"Také z druhého letošního výletu do města perníků si odvážíme tři body do tabulky ✅

Uz pozítří se budeme snažit přidat další, tentokrát proti UNITED HK 👀",https://www.instagram.com/p/DVZRrf-DIsW/,,2803,86,,2
@united_hk,instagram,b18c071b-0570-48b2-b743-990c668c3c5b,df979f99-83d3-46df-a393-6d3cae72c52e,IG Story,VIDEO,21.9.2026 11:30:58,,https://www.instagram.com/stories/united_hk/3991050031930540850,,912,,,4
@engineersprague,facebook,afd06d1d-7b1c-4f66-8d93-ce4255ab773c,e3cb924a-a344-42da-a5aa-090ba226036c,FB Story,VIDEO,4.3.2026 20:03:15,,,,,,,
vsefalcons,instagram,709fceba-e311-48e7-9057-f54a587abf4a,182a362d-30cf-405d-893a-ddb14a83c69d,IG Post,IMAGE,18.4.2026 20:27:02,"1st Final Four, 2nd Season, 3rd Place 🥉✌🏼",https://www.instagram.com/p/DXSVDMiiGL9/,,5408,209,1,14
vsefalcons,instagram,709fceba-e311-48e7-9057-f54a587abf4a,51bc644c-2c7b-4f21-b52e-9c7a0fd63d57,IG Story,VIDEO,12.3.2026 16:00:20,,https://www.instagram.com/stories/vsefalcons/3851303880395092741,1455,1349,,,
@vutcavaliersbrno,instagram,b384bebf-72f3-4f9d-8b2d-3677709f6966,fadb40f0-ea9b-49ae-bc58-efa99aa0cc4e,IG Reel,VIDEO,24.8.2026 12:19:09,sestřih z víkendového tryoutu 🏒,https://www.instagram.com/reel/DcbC1bRoesh/,,5136,106,,22
vsefalcons,instagram,709fceba-e311-48e7-9057-f54a587abf4a,c689ff40-b804-4afc-a576-c16c04418d95,IG Reel,VIDEO,15.1.2026 11:11:16,"BRUSLENÍ SE ŠKOLÁKAMA JE ZA NÁMI ⛸️

Ve spolupráci s @mcpraha3 jsme měli tu možnost, strávit čas na ledě s dětmi ze základních škol a naučit je pořádně bruslit. 🤓

Pojali jsme to zábavnou formou, aby si to užili, prohlubovali lásku k bruslení a třeba se jednoho dne taky staly součástí našeho týmu. 🏒

Děkujeme a těšíme se na další spolupráci! 💙",https://www.instagram.com/reel/DTh1_0qiL0_/,,8286,147,1,5
@riderspardubice,instagram,4d6a67ab-9313-4f77-a82e-abb18adbca5d,1f52e1b0-d9b4-4069-916b-757e65883e42,IG Story,VIDEO,2.4.2026 15:54:20,FINÁLE  PLAY-IN JE ZA DVEŘMI! 🚪 🗣️,https://www.instagram.com/stories/riderspardubice/3866521186813651258,,528,,,
@akademiciplzen,instagram,65494228-95bf-4f7b-8e68-d47d7262db66,7557d124-a809-40a4-9f4c-a9443a64e5fb,IG Story,VIDEO,1.4.2026 17:16:36,@lokajda2  JE READY! 🤜🏼🤛🏼,https://www.instagram.com/stories/akademiciplzen/3865837791808898202,,1276,,,
@boostrava,instagram,1176ddaf-d366-48a2-9639-3c6694c72c85,f53ed0d8-7b8a-4999-896b-f950a1be4fe5,IG Post,IMAGE,21.9.2026 6:10:35,"Žraloci jdou do boje! 🦈

Dneska odstartujeme novou sezonu! Přijď nás podpořit 🔥

#hockey #start #match",https://www.instagram.com/p/Ddie0EUsD7y/,,2517,45,,10
@engineersprague,facebook,afd06d1d-7b1c-4f66-8d93-ce4255ab773c,08a36084-de7f-49f4-b08f-7fddf511d9ad,FB Post,IMAGE,21.9.2026 18:49:16,"Tohle je naše sestava pro sezonu 2026/2027 🔥.

⚔️ Jste připraveni? Startujeme už zítra!!! 

#engprg #srdcelva",https://www.facebook.com/1560924572517692/posts/1723141306296017,2259,,51,,
@united_hk,instagram,b18c071b-0570-48b2-b743-990c668c3c5b,8f8dcb5e-aeee-4b52-8738-fc2b3fa18d30,IG Post,IMAGE,18.9.2026 11:59:27,"ZA 3 DNY KONČÍ 1. VLNA. ⏳

Pokud víš, že na Otvírák dorazíš, teď je nejlepší chvíle koupit lístek.

🎟️ 90 Kč
📱 72 Kč v UniLife s účtem u ČSOB
📅 V den zápasu 140 Kč

28. 9. | UNIted HK × BO Ostrava | ČPP aréna

unitedhk.cz/otvirak

FIRST WAVE ENDS IN 3 DAYS. ⏳

If you already know you’re coming to the Season Opener, now is the best time to get your ticket.

🎟️ 90 CZK
📱 72 CZK in UniLife with a ČSOB account
📅 140 CZK on match day

28 Sep | UNIted HK × BO Ostrava | ČPP Arena

unitedhk.cz/en/season-opener",https://www.instagram.com/p/DdbYlhlCG4y/,,3438,23,,7
@akademiciplzen,instagram,65494228-95bf-4f7b-8e68-d47d7262db66,4cc252ed-36d9-4cad-8582-cd77cde24c9c,IG Post,IMAGE,18.3.2026 10:59:59,"GAMEDAY 🔥
Dnes vyrážíme na poslední venkovní zápas základní části — čeká nás výjezd do Brna za @vutcavaliersbrno ! 🚌

Udržíme 4. místo v tabulce? 👀
Buď u toho s námi a sleduj zápas online od 19:45 na Tipsportu! 🎥

#akademiciplzen | 📸 @vpotocesevodatoci @novotny_studio.cz",https://www.instagram.com/p/DWBfg4jDND5/,,11413,201,,47
@hokejovy_souboj_univerzit,instagram,cb4021a2-14da-41f5-8b43-0502f11720aa,6af1913f-780c-4fd9-9fbd-9dd28d4b096e,IG Story,VIDEO,14.9.2026 11:02:00,@muni_cz @vut_cz @univerzitnihokej @hc_muni @vutcavaliersbrno,https://www.instagram.com/stories/hokejovy_souboj_univerzit/3985962038241054799,,1330,,,1
@univerzitnihokej,instagram,1e114592-3529-4cfe-9977-2598454053af,a7e575fe-d48a-4377-b02e-78b8307f5216,IG Story,VIDEO,31.3.2026 12:04:45,🖥️,https://www.instagram.com/stories/univerzitnihokej/3864956194758620034,,1251,,,4
@unitedhk,facebook,bfe6cc29-a387-41b9-9bca-b077722556af,adb592fe-0730-491e-b4e3-ac6d6489e425,FB Post,IMAGE,7.9.2026 8:06:19,"PRVNÍ VLNA LÍSTKŮ JE VENKU.

28. září otevíráme domácí sezónu v ČPP aréně.

🏒 UNIted HK × BO Ostrava
🎟️ 1. vlna: 90 Kč
📱 v UniLife s účtem u ČSOB: 72 Kč

První vlna platí do 20. 9. Pak cena poroste.

A tentokrát nezačínáme až prvním buly. Program před arénou rozjíždíme už v 17:00.

Lístky a všechno k Otvíráku: unitedhk.cz/otvirak",https://www.facebook.com/122180651084388974/posts/122192792420388974,289,,1,,
@bitvaoprahu,instagram,d7c8aa06-74fb-4c6c-a7d2-c2fe1bf6d59c,0976cd42-887d-474f-b539-8b5f3d03e276,IG Post,IMAGE,9.3.2026 17:59:30,"JDEME DO FINÁLE 🔥
Poslední lupeny na bitvaoprahu.cz 🎟️",https://www.instagram.com/p/DVrEDekDIfk/,,7028,115,1,10
@akademiciplzen,instagram,65494228-95bf-4f7b-8e68-d47d7262db66,0c33ce98-e139-420d-a543-c7e0252579ae,IG Post,ALBUM,29.3.2026 13:23:51,"Co je to vlastně to PLAY-IN? 🧐

Tady máš celý návod, jak se dostat až do Final Four.
Dočti až do konce a budeš zas o něco chytřejší. 🧠💡",https://www.instagram.com/p/DWeEuUWDApg/,,13451,194,,4
vsefalcons,instagram,709fceba-e311-48e7-9057-f54a587abf4a,40990590-b591-4cc3-9304-7e9068614216,IG Story,VIDEO,12.2.2026 11:04:01,,https://www.instagram.com/stories/vsefalcons/3830861055895594324,765,1159,,,1
@unitedhk,facebook,bfe6cc29-a387-41b9-9bca-b077722556af,88ae3f22-7f0b-4c7d-a4bc-27adba12940b,FB Post,IMAGE,13.4.2026 7:53:14,"Každá éra jednou končí.
Od nové sezony s námi nebude pokračovat trenér Jakub Loučka.

Kuba byl s námi u zrodu UNIted HK a má velký podíl na tom, kam jsme klub za dva roky posunuli.
Pomohl nastavit týmové DNA, řád a systém, ze kterých se můžeme dál odrazit.

Život před Kubu postavil nové výzvy, kterým se teď bude věnovat naplno — stejně jako se naplno věnoval UNIted HK.

Kubo, díky za čas a energii, kterou jsi do UNIted HK vložil.
Držíme ti palce a přejeme, ať se ti daří v osobním i pracovním životě.

🖤🧡

#unitedhk #unihokej #hokej",https://www.facebook.com/122180651084388974/posts/122181138062388974,2448,,6,,
@univerzitnihokej,facebook,01b45180-0b14-4a14-96e8-d0a4bab1fb9f,2f0b02cb-3674-4464-b650-d2808eee0c87,FB Post,IMAGE,10.3.2026 17:35:31,"🎬 Vyhraj lístky do CineStar na maraton Heated Rivalry! 🔥 Asi k tomu seriálu nemusíme nic dodávat. Tohle prostě chceš vidět na velkém plátně.

Jak se zapojit:
1️⃣ Sleduj náš profil @univerzitnihokej
2️⃣ Do komentáře označ člověka, se kterým bys na maraton vyrazil

📅 Výherce vyhlásíme 12. 3. v 10:00.",https://www.facebook.com/1275398168115026/posts/1258166049838238,357,,1,,
@unitedhk,facebook,bfe6cc29-a387-41b9-9bca-b077722556af,9253f561-6667-404b-adf7-48c9cc06e514,FB Story,IMAGE,22.9.2026 21:16:52,,https://facebook.com/stories/122099775710388974/UzpfSVNDOjQzMzI5MDQ4MDY4NTI5MjI=/?view_single=1,,,,,
@riderspardubice,instagram,4d6a67ab-9313-4f77-a82e-abb18adbca5d,ced68d27-cc17-40b7-9ee4-d526417c7256,IG Post,IMAGE,13.4.2026 9:45:48,"Jdeme do @unihokejfinalfour, a to si určitě zaslouží vybavit se našim dresem! 😍

Stačí si přes náš odkaz v BIU založit účet u @csobcz , do soukromé zprávy nám napiš “hotovo” a po kontrole čísla účtu ti předáme dres Riders! 

Tohle je šance vybavit na Final Four do Prahy, ukázat, jak fandí Hockeytown a získat výhody účtu u ČSOB! 🤩

*Soutěž platí pouze do rozdání zásob - konec zásob oznámíme v komentáři pod tímto příspěvkem.",https://www.instagram.com/p/DXETnU8DF3b/,,2077,36,,4
vsefalcons,instagram,709fceba-e311-48e7-9057-f54a587abf4a,4f04d55a-da41-4c22-96b8-8171dad16505,IG Reel,VIDEO,24.3.2026 11:24:14,"Dneska nás čeká dlouhá cesta 🚌 Ostravo, vyjíždíme 👋🏻",https://www.instagram.com/reel/DWQ-87kCMR6/,,4148,101,,1
@univerzitnihokej,facebook,01b45180-0b14-4a14-96e8-d0a4bab1fb9f,50a70cc0-7053-4dc8-adb7-ade2e3be05f7,FB Post,IMAGE,12.3.2026 16:00:12,FANZÓNA SE PLNÍ 👀🫨 Za chvíli začíná @bitvaoprahu 🔥,https://www.facebook.com/1275398168115026/posts/1259609633027213,730,,,,
@AkademiciPlzen,facebook,d87b94e3-03e8-45d0-b92e-75e9b819545c,c7030261-160c-4bcb-a68c-35b174bad293,FB Post,IMAGE,26.3.2026 19:38:32,"Všechno nebo nic.

#akademiciplzen",https://www.facebook.com/1357105236437494/posts/1352723526875665,293,,1,,
vsefalcons,instagram,709fceba-e311-48e7-9057-f54a587abf4a,f01dd052-af23-4214-9749-1b5f52ede312,IG Reel,VIDEO,22.9.2026 16:27:18,JSME ZPÁTKY DOMA 👋🏼,https://www.instagram.com/reel/DdmKOrKIETJ/,,7517,178,1,27
@riderspardubice,instagram,4d6a67ab-9313-4f77-a82e-abb18adbca5d,f7af36e4-8049-4622-992e-554e6f5baa93,IG Story,VIDEO,12.4.2026 11:38:31,DALŠÍ GÓL + @danmatys_ radost🥳 @d.dostal_  2:0,https://www.instagram.com/stories/riderspardubice/3873640248626686866,,2597,,,6
@unitedhk,facebook,bfe6cc29-a387-41b9-9bca-b077722556af,59622508-3c54-46f8-ada4-2490abfd71b9,FB Story,VIDEO,13.9.2026 15:21:29,,https://facebook.com/stories/122099775710388974/UzpfSVNDOjE2Mjc2NzcwNDU1Nzc5MjY=/?view_single=1,,,,,
@riderspardubice,instagram,4d6a67ab-9313-4f77-a82e-abb18adbca5d,7dba9539-3b49-47cb-b3e8-007d19ac2d95,IG Story,VIDEO,13.4.2026 7:45:39,,https://www.instagram.com/stories/riderspardubice/3874248532270306020,,686,,,1
@hcmuni,facebook,d1f9e9f9-7526-42d4-85aa-13f91e89f7cf,488aced2-907c-4c59-8d74-619678fff2ec,FB Post,IMAGE,16.3.2026 15:00:39,"Sobotní jízda ve snímcích ⚔️🔥 Jak jste si užili víkendový zápas vy? 🐻💙 

📸 @vavra_photo  

#hcnuni",https://www.facebook.com/1581741777288398/posts/1567097618752814,526,,8,,
@BOhokej,facebook,c9082543-a03b-490f-8f97-66d439acce89,83287c13-aaa2-4c05-9cdc-55af77052d77,FB Post,IMAGE,14.9.2026 19:22:21,"Narozeniny dnes slaví Janec! 🎂

Všechno nejlepší, Dane! 🎉",https://www.facebook.com/1477974067675582/posts/1629267439212910,229,,,,
@akademiciplzen,instagram,65494228-95bf-4f7b-8e68-d47d7262db66,b2d9340d-50cc-414a-a7f9-5d6a915d4db2,IG Post,IMAGE,26.9.2026 21:21:16,"PRVNÍ ZÁPAS – PRVNÍ VÝHRA! 👑

I přes vysokou marodku si z Ostravy odvážíme 3 body! 🔥

⚡️ 2× Pánek
⚡️ 2× Říha

A teď už v úterý poprvé doma na Alumni Game! 🏡
Vidíme se od 19:15 v LOGSPEED CZ Aréně. 🤩

#akademiciplzen 💙",https://www.instagram.com/p/Ddw_IeBMrDK/,,29375,538,1,68
@vutcavaliersbrno,instagram,b384bebf-72f3-4f9d-8b2d-3677709f6966,a172cbb1-b2ad-4d54-b0c2-3e231919ec0f,IG Reel,REEL,24.3.2026 15:58:17,🏒 Včerejší trénink s dětmi z @hcmysterykurim ❤️‍🔥,https://www.instagram.com/reel/DWReGH3CM1G/,,3081,80,2,3
vsefalcons,instagram,709fceba-e311-48e7-9057-f54a587abf4a,ccfad1d6-1b29-4536-be5f-95c97d2a234e,IG Post,IMAGE,7.9.2026 13:54:56,"Slíbili jsme, že vás čeká víc než jen zápas. 👀

Zábava startuje už hodinu před buly a jede dál celý zápas. Doraz oslavit začátek semestru a sezóny od začátku do konce ve velkým stylu. 🙌🏼

📅 úterý 22. září
🕖 19:00 – Pop-up party před zimákem
🏒 20:00 – Falcons vs. @united_hk 
📍 Ice Aréna Kateřinky

Na co se můžeš těšit?
🎧 DJ
🎮 Gaming zóna
🍹 Bar
🤝 Stánky partnerů
… a mnoho dalšího 😮‍💨

Semestr takhle ještě nezačínal. Pojďme si to užít 🦅
Odkaz na vstupenky najdeš na našem profilu 🎟️

#welcometofalcons",https://www.instagram.com/p/Dc_Pp0tIavM/,,6755,100,2,71
@hokejovy_souboj_univerzit,instagram,cb4021a2-14da-41f5-8b43-0502f11720aa,e55f08b7-6e76-40ca-9255-6221eab2e923,IG Story,IMAGE,27.9.2026 14:44:56,,https://www.instagram.com/stories/hokejovy_souboj_univerzit/3995496302116645592,,1233,,,5
@united_hk,instagram,b18c071b-0570-48b2-b743-990c668c3c5b,e70cfce4-e761-43f1-b2ef-63e0100ea84e,IG Post,PHOTO,23.3.2026 22:31:12,"Vyhráváme v Pardubicích 6:1.

Poslední zápas základní části, který měl ukázat, jak jsme na tom.
A odpověď? Jsme připravení.

Play-In máme jistý.
Forma naladěná.

A derby?
To jsme si vzali pro sebe.

Jedeme dál. 🖤🧡

#unitedhk #unihokej #hokej",https://www.instagram.com/p/DWPml9oiHzb/,,4286,169,1,8
@boostrava,instagram,1176ddaf-d366-48a2-9639-3c6694c72c85,12f5b77e-f6c6-4aac-9e33-45d25781e8b8,IG Story,VIDEO,25.4.2026 16:27:35,,https://www.instagram.com/stories/boostrava/3883207729913579471,,585,,,
@univerzitnihokej,instagram,1e114592-3529-4cfe-9977-2598454053af,e1d3e522-9603-448f-be37-569ec0279e0f,IG Story,VIDEO,17.4.2026 20:50:23,,https://www.instagram.com/stories/univerzitnihokej/3877541798553870154,,1356,,,2
@univerzitnihokej,instagram,1e114592-3529-4cfe-9977-2598454053af,da27d6bd-4cb9-4d3f-b9b8-d1335d90de22,IG Story,VIDEO,21.8.2026 16:14:11,,https://www.instagram.com/stories/univerzitnihokej/3968724519078100210,,1014,,,1
@AkademiciPlzen,facebook,d87b94e3-03e8-45d0-b92e-75e9b819545c,3a613338-6e23-4c4f-b464-1adb63b96081,FB Post,IMAGE,16.3.2026 14:13:00,"Na Jarní bitvě jsme měli možnost přivítat i hráče fotbalového týmu Západočeské univerzity, kteří s sebou přivezli pohár za své vůbec první vítězství v Univerzitní fotbalové lize! 🏆
Ještě jednou gratulujeme kluci! 🤝🏻

📸 @vpotocesevodatoci",https://www.facebook.com/1357105236437494/posts/1343952831086068,1261,,9,,
@univerzitnihokej,facebook,01b45180-0b14-4a14-96e8-d0a4bab1fb9f,61f106ee-a8b5-4fb4-98bb-6ba41188b1ca,FB Post,IMAGE,12.3.2026 19:55:16,@kauflandcesko hráči utkání o🥉,https://www.facebook.com/1275398168115026/posts/1259745926346917,543,,10,,
@AkademiciPlzen,facebook,d87b94e3-03e8-45d0-b92e-75e9b819545c,ac274f13-5664-4e71-813a-b4b7f5466917,FB Post,IMAGE,8.9.2026 6:26:42,"Letos tě už nečeká bitva o místa. Jen bitva na ledě! 🥊

Předprodej startuje už DNES v 10:00, tak nezaspi ty nejvýhodnější vstupenky! 🤑

🚨 NOVINKA! Letos poprvé prodáváme místenky. Vyber si své místo a zajisti ty nejlepší sedadla sobě i svým kámošům.

⏰ Prvních 24 hodin pořídíš vstupenky za zvýhodněnou cenu 150 Kč (120 Kč s Unilife)!

#akademiciplzen | 🎨 káťa 🥵",https://www.facebook.com/1357105236437494/posts/1493759136105436,600,,2,,
@vutcavaliersbrno,instagram,b384bebf-72f3-4f9d-8b2d-3677709f6966,defb2230-1b7d-403b-b21f-5ed00bb21ce2,IG Story,VIDEO,21.9.2026 17:49:15,🏒 @cyril.valach  1:0 první gól zápasu,https://www.instagram.com/stories/vutcavaliersbrno/3991240589949016381,,933,,,3
@united_hk,instagram,b18c071b-0570-48b2-b743-990c668c3c5b,e537d3da-b9e4-4335-822a-b1401fe29caf,IG Story,VIDEO,22.9.2026 20:25:07,"Na 2:2 srovnává
@kopecky_pepik",https://www.instagram.com/stories/united_hk/3992043686657055454,,421,,,1
vsefalcons,instagram,709fceba-e311-48e7-9057-f54a587abf4a,45413f5d-d8c8-479d-b66e-adbaf450139c,IG Story,VIDEO,23.3.2026 20:05:26,💤 NĚKDO DOMA U VEČERNÍČKU MY NA TRÉNINKU,https://www.instagram.com/stories/vsefalcons/3859399796389861765,1201,941,,1,
@unitedhk,facebook,bfe6cc29-a387-41b9-9bca-b077722556af,7661315b-38e7-4ce9-9866-f80b9e443868,FB Post,IMAGE,17.9.2026 15:22:31,"Četli jste už rozhovor s naším předsedou Jardou Waltrem? 👀

V aktuálním čísle Salonky HK mluví o univerzitním hokeji v Hradci, UNIted HK i o tom, kam chceme celý projekt posouvat.

📰 Najdete nás v tištěném vydání
💻 nebo online na Salonky HK

https://1url.cz/@salonky-united",https://www.facebook.com/122180651084388974/posts/122193626372388974,148,,,,
@vutcavaliersbrno,instagram,b384bebf-72f3-4f9d-8b2d-3677709f6966,864872ee-1bb7-4194-870a-0e05bb3607c9,IG Story,VIDEO,23.9.2026 18:11:23,🙌😍,https://www.instagram.com/stories/vutcavaliersbrno/3992701130160757901,,666,,,1
@bitvaoprahu,facebook,75e0f41f-82be-4f82-a77b-82ac11135ed2,c015ecb9-e39f-49a0-b1c1-1f7ff85398b9,FB Video,VIDEO,17.3.2026 18:21:01,🆕😋 Jak chutná nevědomky bezový květ od @vilgainczsk ? 🔋,https://www.facebook.com/reel/2058221281408131/,127,27,,,
@akademiciplzen,instagram,65494228-95bf-4f7b-8e68-d47d7262db66,ed6cc5cb-7773-4249-b062-14e52b839a64,IG Story,VIDEO,10.9.2026 18:46:01,,https://www.instagram.com/stories/akademiciplzen/3983296462662148533,,913,,,2
@boostrava,instagram,1176ddaf-d366-48a2-9639-3c6694c72c85,a77c4141-6fd5-4eb5-9d32-2963d12e44e1,IG Story,VIDEO,1.9.2026 8:30:02,,https://www.instagram.com/stories/boostrava/3976463468412544310,,827,,,
@united_hk,instagram,b18c071b-0570-48b2-b743-990c668c3c5b,54801d08-76df-4f41-8089-d2dc2ddd2c2e,IG Story,VIDEO,25.9.2026 15:00:30,,https://www.instagram.com/stories/united_hk/3994054626005414909,,407,,,
@united_hk,instagram,b18c071b-0570-48b2-b743-990c668c3c5b,ccdac387-e3e6-46a6-b8d0-c931b18acf45,IG Story,VIDEO,18.9.2026 12:03:40,,https://www.instagram.com/stories/united_hk/3988892170567871960,,1574,,,9
@vutcavaliersbrno,instagram,b384bebf-72f3-4f9d-8b2d-3677709f6966,39531048-e30e-4d74-99cf-4850dd91e964,IG Story,VIDEO,15.9.2026 16:25:22,,https://www.instagram.com/stories/vutcavaliersbrno/3986849620755487702,,429,,,2
@VUTCavaliersBrno,facebook,3351b43e-4b71-442b-b2f1-920cd6e57ee5,77c4170c-f9e1-43d4-ab46-7eabcd32e1d7,FB Story,IMAGE,23.9.2026 18:06:17,,https://facebook.com/stories/100667195401737/UzpfSVNDOjEwNzQwMjI4MTE5MDk1MDU=/?view_single=1,,,,,
@univerzitnihokej,instagram,1e114592-3529-4cfe-9977-2598454053af,cfaf6f5c-8ab5-45f1-a4f0-910f15d65820,IG Story,VIDEO,31.3.2026 12:38:03,,https://www.instagram.com/stories/univerzitnihokej/3864972806584823917,,1247,,,
@bitvaoprahu,facebook,75e0f41f-82be-4f82-a77b-82ac11135ed2,09f0ab61-9e42-43e1-a149-9055b2077ab8,FB Post,IMAGE,9.3.2026 17:59:34,"JDEME DO FINÁLE 🔥
Poslední lupeny na bitvaoprahu.cz 🎟️",https://www.facebook.com/1441262177797849/posts/1418049260119141,207,,,,
@bitvaoprahu,instagram,d7c8aa06-74fb-4c6c-a7d2-c2fe1bf6d59c,56f71876-8f99-49e4-bd17-ca8c5ccdc55f,IG Post,IMAGE,11.3.2026 18:42:59,"Program zítřejšího večera, aby ti niiiiiic neuteklo! 🫡🥳

Lístky ještě pořád můžeš koupit 👉🏻 bitvaoprahu.cz🎟️",https://www.instagram.com/p/DVwS79Wjkp3/,,39383,716,1,707
vsefalcons,instagram,709fceba-e311-48e7-9057-f54a587abf4a,cc4ea514-dbea-4958-b36d-73cfc531eb11,IG Story,VIDEO,16.4.2026 16:39:41,"@hamrbrmbrm13  když nemá stylově čepici, má ponožky",https://www.instagram.com/stories/vsefalcons/3876690635189144889,1367,1363,,,3
@univerzitnihokej,facebook,01b45180-0b14-4a14-96e8-d0a4bab1fb9f,ba213105-e2bc-480c-90f4-f792c7ba4ca0,FB Post,IMAGE,11.9.2026 11:41:26,"🚨 Hledáme posily do marketingového týmu

Máme volné 3 pozice:

🎥 Videomaker/ka — natáčíš zápasy, aftermovies a atmošku, co jde cítit i přes obrazovku
🎨 Grafik/grafička — děláš vizuály, co jsou na první pohled poznat
📱 Social media executive — vymýšlíš obsah, sleduješ trendy a víš, co na sítích funguje

Zkušenosti vítány, ale chuť učit se a láska k hokeji je klíčová 🔥 Přihlas se přes odkaz v biu 👆",https://www.facebook.com/1275398168115026/posts/1412295951091913,647,,4,,
vsefalcons,instagram,709fceba-e311-48e7-9057-f54a587abf4a,1009c044-b408-4745-8b6b-9ab8e89abccc,IG Story,VIDEO,26.1.2026 16:08:51,,https://www.instagram.com/stories/vsefalcons/3818693286131407121,,972,,,1
@akademiciplzen,instagram,65494228-95bf-4f7b-8e68-d47d7262db66,c2e10a7f-4062-42e4-9d51-587f34f7c71e,IG Story,IMAGE,17.9.2026 19:30:07,,https://www.instagram.com/stories/akademiciplzen/3988392077606196248,,833,,,
@cvutengineers,instagram,11963a07-7f0f-48e6-9d81-aa63a7ff4a04,d46ff6a0-084b-4d54-83a4-730ef7649675,IG Story,VIDEO,22.8.2026 18:26:15,⭐️ GOAAAAAAAAAL @adam_hvezda,https://www.instagram.com/stories/cvutengineers/3969515790919324099,,961,,,5
@hcmuni,facebook,d1f9e9f9-7526-42d4-85aa-13f91e89f7cf,a3b380d9-3ae2-485a-8c1a-3d2c8246e6d8,FB Post,IMAGE,23.9.2026 12:33:16,"Na ledě lídři, v kabině opory💙 Tohle je naše kapitánské trio ‼️
Céčko na hrudi bude letos hrdě nosit Jan Morev🫡 Záda mu budou krýt asistenti Matěj Drlík a Jaroslav Řehák🔥

#MUNIBears",https://www.facebook.com/1581741777288398/posts/1746116564184251,765,,10,,
@united_hk,instagram,b18c071b-0570-48b2-b743-990c668c3c5b,bcdfa526-550a-4a99-bb02-af64b7dd3f56,IG Story,IMAGE,26.9.2026 12:04:45,,https://www.instagram.com/stories/united_hk/3994690905471966641,,566,,,2
@akademiciplzen,instagram,65494228-95bf-4f7b-8e68-d47d7262db66,d95fee86-ccbf-4de9-9094-8d2212aebe06,IG Story,VIDEO,1.4.2026 16:47:13,,https://www.instagram.com/stories/akademiciplzen/3865822994925102662,,1488,,,1
@riderspardubice,instagram,4d6a67ab-9313-4f77-a82e-abb18adbca5d,c344a6e9-3f58-4d9f-859e-0aed0a3aeb8c,IG Post,IMAGE,17.3.2026 21:47:42,Dnes povedený zápas v Ostravě! Odvážíme si do Pardubic 3 body!💪🏼,https://www.instagram.com/p/DWAEsvpDLu3/,,3927,107,1,11
@riderspardubice,instagram,4d6a67ab-9313-4f77-a82e-abb18adbca5d,0385ead7-e9f2-4beb-999a-3f292190ae14,IG Story,VIDEO,12.4.2026 18:37:45,"POJEDEM UKÁZAT PRAZE
JAK SE FANDÍ V HOCKEYTOWNU!",https://www.instagram.com/stories/riderspardubice/3873851444004942451,,524,,,1
@united_hk,instagram,b18c071b-0570-48b2-b743-990c668c3c5b,7250ec5f-5b37-49a1-a3c7-61c97668f0d9,IG Story,VIDEO,21.4.2026 11:43:31,"Jsme připraveni.
Ve 14 hodin má značkách!",https://www.instagram.com/stories/united_hk/3880165506640544510,,844,,,1
@riderspardubice,instagram,4d6a67ab-9313-4f77-a82e-abb18adbca5d,d429dd2a-a61d-4428-899b-feb75b71620e,IG Post,IMAGE,2.9.2026 7:55:02,"Druhý přípravný zápas je tady!🔥

📅KDY: dnes v 20:00
📍KDE: Horácká arena Jihlava",https://www.instagram.com/p/DcxvsGMxyQe/,,4213,65,,7
@boostrava,instagram,1176ddaf-d366-48a2-9639-3c6694c72c85,2061065d-cf47-4c20-8cd0-9984b9f85c4e,IG Story,VIDEO,17.9.2026 6:46:32,,https://www.instagram.com/stories/boostrava/3988007755398787239,,655,,,
@vutcavaliersbrno,instagram,b384bebf-72f3-4f9d-8b2d-3677709f6966,5e5bb4d6-5301-473d-bf38-cf3469f782af,IG Story,VIDEO,22.8.2026 14:55:19,,https://www.instagram.com/stories/vutcavaliersbrno/3969409632271115682,,595,,,1
@riderspardubice,facebook,f99ed6c3-17cc-46f4-a32e-d9b0576ce2df,e2ecdcd9-8dd5-447e-9a24-6295e59e5b9f,FB Post,IMAGE,16.4.2026 20:53:04,"🏒 BOJ O BROZN!

🆚 @vsefalcons 
📍 Zimní stadion Eden, Praha
🕓 17. dubna | 16:30

Pojď nás podpořit a být součástí něčeho, co se píše poprvé.

🎟️ Vstupenky koupíš přes odkaz v BIU!",https://www.facebook.com/1592662819534019/posts/1606617701471864,357,,5,,
@hcnorthwings,facebook,2b08a479-603b-46e4-8a48-2bc0435ccd53,bf7a7fc4-dee8-41fa-bdc4-0cbc1e58ae53,FB Story,VIDEO,11.3.2026 17:02:44,,,,,,,
@engineersprague,facebook,afd06d1d-7b1c-4f66-8d93-ce4255ab773c,c3eff2cf-dabd-462d-accd-2c89c1b94b5c,FB Post,IMAGE,31.7.2026 10:09:33,"Děkujeme za všechno a hodně štěstí, Hučis! 💙🦁

Náš asistent trenéra Petr Hučko míří za novou výzvou – bude trénovat profesionální hokej v Itálii. 🇮🇹

Děkujeme, že jsi byl součástí #engprg. Přejeme ti spoustu úspěchů a věříme, že se zase někdy potkáme. Arrivederci! 🤌🏼",https://www.facebook.com/1560924572517692/posts/1673122361297912,2230,,16,,
@united_hk,instagram,b18c071b-0570-48b2-b743-990c668c3c5b,4ed90e45-9df2-494c-b7ac-087a77dc39a2,IG Story,VIDEO,9.4.2026 12:43:22,,https://www.instagram.com/stories/united_hk/3871498314059392672,,1407,,,1
@unitedhk,facebook,bfe6cc29-a387-41b9-9bca-b077722556af,da75f1ae-8b0c-410c-98a6-f3892e4ee359,FB Post,IMAGE,18.8.2026 9:04:58,"Na tréninku jsme měli návštěvu. 👀

Česko → Finsko → NCAA → AHL → NHL.

Poznáš podle nápověd, kdo si s námi zatrénoval?

Tipy piš do komentářů. Jméno si zatím necháme pro sebe.",https://www.facebook.com/122180651084388974/posts/122191226942388974,2486,,3,,
@unitedhk,facebook,bfe6cc29-a387-41b9-9bca-b077722556af,eed9bef6-7e23-478e-9703-c9483091fccd,FB Video,VIDEO,19.8.2026 12:47:59,"Včera jsme dali pár nápověd. Dnes přidáváme další. 👀

Už víš?

Jméno ještě neprozradíme. Zítra jo....",https://www.facebook.com/reel/1613497650294406/,332,80,,,
@akademiciplzen,instagram,65494228-95bf-4f7b-8e68-d47d7262db66,9d788d0f-92a4-434c-afa8-16ecf19c60a2,IG Post,IMAGE,18.9.2026 13:16:09,"ČTYŘIKRÁT DOMA, ČTYŘIKRÁT VÝHRA! 🔥

Příprava je za námi a z celkem pěti utkání si odnášíme čtyři vítězství! 💙

VŠE Falcons Prague ✅
ČVUT Engineers Prague ✅
UK Kings Prague ✅❌
Black Dogs Budweis ✅

Teď už ale končí sranda – příště půjde o první ligové body!

Doraž na naše první ligové utkání už 29. 9. od 19:15 a buď u toho s námi! 👊🏻💙

#akademiciplzen | 📸 @vpotocesevodatoci",https://www.instagram.com/p/DdbhXQlAm0o/,,7343,157,,34
@united_hk,instagram,b18c071b-0570-48b2-b743-990c668c3c5b,ae38b940-81f4-41e4-ac68-b12f5416926d,IG Story,VIDEO,23.8.2026 14:34:52,,https://www.instagram.com/stories/united_hk/3970124175183983373,,685,,,1
@hc_muni,instagram,43cd62c8-609d-4ea6-8ce9-cae5242ede0c,841be4f2-1a2c-4d99-8430-0dc1f8735048,IG Story,VIDEO,30.8.2026 12:16:11,ZDRAVÍME Z DALŠÍHO PŘÁTELÁKU 👋,https://www.instagram.com/stories/hc_muni/3975127736871977486,,1069,,,3
@boostrava,instagram,1176ddaf-d366-48a2-9639-3c6694c72c85,d9dfc758-d7f8-4aae-b45c-5d8b777bc9d7,IG Story,VIDEO,14.4.2026 10:49:33,,https://www.instagram.com/stories/boostrava/3875065059391317425,,373,,,
@univerzitnihokej,facebook,01b45180-0b14-4a14-96e8-d0a4bab1fb9f,d2003cf4-3085-499e-9f3e-b2f2c76fa38d,FB Post,IMAGE,23.3.2026 8:16:22,"Cílová rovinka základní části je tady! 🏁 Čeká nás východočeské a brněnské derby, celé to pak zakončí ve středu posledním zápasem Engineers s North Wings 👊🏼",https://www.facebook.com/1275398168115026/posts/1268190725502437,443,,1,,
@akademiciplzen,instagram,65494228-95bf-4f7b-8e68-d47d7262db66,04ddbbee-fa8b-4dbc-9b71-30bd0d72e227,IG Story,VIDEO,14.9.2026 12:44:47,TAK JSME HO ROVNOU VYZPOVÍDALI 👀 🎙️ POSLECHNI SI JEHO DOJMY Z CORNELLU A UNIVERZITNÍ LIGY! 🇺🇸 @univerzitnihokej  @pseena26,https://www.instagram.com/stories/akademiciplzen/3986013892538835273,,1439,,,3
@218107044725785,facebook,7a942e3e-6c47-4794-9ba7-bbc7b6d40cb3,92fa1e12-c1cd-4fb8-84ca-99ec7817fc16,FB Story,VIDEO,23.9.2026 6:35:17,,https://facebook.com/stories/122096877530218300/UzpfSVNDOjI1MTA4ODY1ODk0MDkwNjI=/?view_single=1,,,,,
vsefalcons,instagram,709fceba-e311-48e7-9057-f54a587abf4a,d932227b-d06d-4167-b068-52d117b4a43a,IG Story,VIDEO,22.9.2026 19:38:57,PŘIOSTŘUJE SE… 🥶,https://www.instagram.com/stories/vsefalcons/3992020434643606807,,1043,,,11
@engineersprague,facebook,afd06d1d-7b1c-4f66-8d93-ce4255ab773c,16c9135f-8487-4c3d-ae2f-b230d49d7453,FB Story,VIDEO,12.3.2026 21:57:24,,,,,,,