account_name,social_network_id,carl_account_id,carl_post_id,post_type,media_url_type,published,caption,permalink,impressions,views,likes,comments,shares
@riderspardubice,instagram,4d6a67ab-9313-4f77-a82e-abb18adbca5d,66d79413-10aa-470a-912a-f41b49fc340b,IG Story,VIDEO,28.4.2026 16:15:45,,https://www.instagram.com/stories/riderspardubice/3885376100683758809,,714,,,
@univerzitnihokej,instagram,1e114592-3529-4cfe-9977-2598454053af,85d6a5b9-e4e4-4204-96d5-112b4c1ed1cd,IG Story,VIDEO,17.4.2026 14:53:03,,https://www.instagram.com/stories/univerzitnihokej/3877361945875610714,,1716,,,
@united_hk,instagram,b18c071b-0570-48b2-b743-990c668c3c5b,c3d376e1-8167-4637-9de8-bebdc3099bf5,IG Post,IMAGE,27.4.2026 11:12:14,"S UNIted HK se loučí i náš asistent trenéra Mario Kellner.

Mario byl důležitou součástí realizačního týmu a podílel se na tom, jak tým fungoval na ledě i mimo něj.
Svoji práci dělal poctivě a vždy ve prospěch týmu.

Díky za čas, energii a všechno, co jsi pro UNIted HK udělal.

Přejeme ti hodně štěstí do další životní kapitoly.
🖤🧡",https://www.instagram.com/p/DXogtEMCFRd/,,4987,110,1,13
vsefalcons,instagram,709fceba-e311-48e7-9057-f54a587abf4a,c81b9e15-1163-4f2d-a639-7b44328fad40,IG Story,VIDEO,3.2.2026 19:06:37,🍿 🛋️ A KDO SE NEZVLÁDL DOSTAVIT,https://www.instagram.com/stories/vsefalcons/3824581006674368086,,1186,,,1
@riderspardubice,instagram,4d6a67ab-9313-4f77-a82e-abb18adbca5d,e8e6464e-b533-416b-8c3c-173096e43b1b,IG Post,IMAGE,2.3.2026 9:13:38,"Dnes si Riders vezmou do duelu @cvutengineers !🔥 Kdo tento duel zvládne jako vítěz?

Survivor game
🗓️ 2. 3. v 19:00
📍 v Enteria Arena
⚔️ proti @cvutengineers 

Vstupenky zakoupíš v BIU!🎟️🥥
#riders#survivorgame#survivor",https://www.instagram.com/p/DVYGS9aDANA/,,3947,27,,4
@riderspardubice,instagram,4d6a67ab-9313-4f77-a82e-abb18adbca5d,85c07faa-8f76-4101-b044-be7eb05a4aa4,IG Story,VIDEO,4.4.2026 22:25:15,,https://www.instagram.com/stories/riderspardubice/3868167456921766740,,111,,,
@univerzitnihokej,facebook,01b45180-0b14-4a14-96e8-d0a4bab1fb9f,d9863777-ac4b-4cc8-98fe-401be4e2a4cd,FB Post,IMAGE,18.3.2026 10:35:20,"❤️‍🔥 Jarní část TOP utkání za námi, @unihokejfinalfour🔜",https://www.facebook.com/1275398168115026/posts/1264018495919660,1046,,3,,
@univerzitnihokej,instagram,1e114592-3529-4cfe-9977-2598454053af,144b638d-d0e9-435d-8af2-8ed5bae94db1,IG Reel,VIDEO,11.3.2026 19:38:38,Kluci v Ostravě se toho taky nebojí👀,https://www.instagram.com/reel/DVwZIhNiLTr/,,11202,209,,61
@riderspardubice,instagram,4d6a67ab-9313-4f77-a82e-abb18adbca5d,325a6843-f3db-4e46-a998-33076aec1fbf,IG Story,VIDEO,8.4.2026 19:23:55,1:1,https://www.instagram.com/stories/riderspardubice/3870976725539189644,,491,,,
@cvutengineers,instagram,11963a07-7f0f-48e6-9d81-aa63a7ff4a04,6d0c1acf-024a-43fb-8cc6-c01161d9b3c6,IG Reel,VIDEO,17.4.2026 16:47:25,"Tak kdo se v tom má vyznat taky… 🤷🏼‍♀️🤷🏼‍♀️

Gear: @b_hockey_czech",https://www.instagram.com/reel/DXPWiMBDAJZ/,,22399,401,2,16
vsefalcons,instagram,709fceba-e311-48e7-9057-f54a587abf4a,305eacef-708a-45ee-86e5-4764cd3bf100,IG Story,VIDEO,17.2.2026 11:54:53,ČECHÝŇO VČERA MĚL VÁŽNEJ CALL,https://www.instagram.com/stories/vsefalcons/3834510556044785897,739,1027,,,2
@BOhokej,facebook,c9082543-a03b-490f-8f97-66d439acce89,5cd7bf06-eec9-4d68-be55-823ab0539400,FB Post,ALBUM,26.3.2026 8:17:13,"POSLEDNÍ ZÁPAS základní části máme za sebou!🔥
Teď se chystáme na PLAY-IN, kde už půjde o všechno!
Věříme ve Vaši maximální podporu☘️",https://www.facebook.com/1477974067675582/posts/1472980991508223,409,,2,,
@bitvaoprahu,facebook,75e0f41f-82be-4f82-a77b-82ac11135ed2,c856ad6c-80d6-4e5c-be77-9029a85a5aed,FB Post,IMAGE,12.3.2026 22:36:14,"Tradičně už plný barák! 🏟️🔥

Jste úžasní, vážíme si každého z vás! 🙏🏼 #bitvaoprahu",https://www.facebook.com/1441262177797849/posts/1420430376547696,332,,1,,
@univerzitnihokej,instagram,1e114592-3529-4cfe-9977-2598454053af,ded04504-06db-4c01-ae5d-37704d83306c,IG Post,IMAGE,10.3.2026 22:29:19,V Praze to dnes bylo na ostří nože 🔪 Kings jsou zpátky na vítězné vlně a Engineers nechali Falcons bod po nájezdech 🙌🏼,https://www.instagram.com/p/DVuICv7iDM0/,,3539,94,,2
@bitvaoprahu,instagram,d7c8aa06-74fb-4c6c-a7d2-c2fe1bf6d59c,0b34c83b-13d5-469f-b7df-29b73517177e,IG Reel,VIDEO,12.3.2026 13:59:08,"Udělej dneska na Bitvě dobrej skutek! ❤️‍🩹

Přímo na hale za sektorem UK a ČZU najdeš zápisová místa do registru dárců kostní dřeně. Tak se tam zastav! 👊🏼",https://www.instagram.com/reel/DVyXBMbDEyA/,,19055,121,2,12
vsefalcons,instagram,709fceba-e311-48e7-9057-f54a587abf4a,17060e2f-9265-4f2d-9ce2-df95480f7128,IG Story,VIDEO,16.4.2026 18:30:16,,https://www.instagram.com/stories/vsefalcons/3876746351803388109,1051,839,,1,
vsefalcons,instagram,709fceba-e311-48e7-9057-f54a587abf4a,4259ce33-c6e2-46a2-86a4-c520312bb824,IG Story,VIDEO,2.3.2026 18:27:41,@tomas_bartonn 🤝 @fanda__david,https://www.instagram.com/stories/vsefalcons/3844130346585566724,655,814,,,4
@218107044725785,facebook,7a942e3e-6c47-4794-9ba7-bbc7b6d40cb3,5d0dbb52-679b-40eb-922d-9541a3b5deb0,FB Video,VIDEO,12.3.2026 17:23:38,KSN 🤩,https://www.facebook.com/reel/775453088687858/,481,244,7,,
@akademiciplzen,instagram,65494228-95bf-4f7b-8e68-d47d7262db66,6f6c6b0b-e5db-4ef3-a4f4-0bfb4a69f125,IG Story,VIDEO,15.4.2026 13:56:02,"1. STAHUJ APKU ČSOB
2. KLIKNI NA ODKAZ
3. VYHRAJ! 1. STAHUJ APKU ČSOB
2. KLIKNI NA ODKAZ
3. VYHRAJ!",https://www.instagram.com/stories/akademiciplzen/3875883694762520064,,943,,,
vsefalcons,instagram,709fceba-e311-48e7-9057-f54a587abf4a,279a7da1-9a56-4008-a5d1-347d71fa2aea,IG Reel,VIDEO,3.3.2026 9:04:55,"Kdo z kluků si zaslouží mic na dnešním zápase? 🤓

📅dneska 📍 @icearenakaterinky ⏰ 19:45",https://www.instagram.com/reel/DVaqMhGCNl2/,,3201,77,,6
vsefalcons,instagram,709fceba-e311-48e7-9057-f54a587abf4a,349957a3-1109-4c60-b54d-96ea3738b315,IG Story,VIDEO,26.2.2026 20:29:01,VEČEREM PROVÁZÍ NAŠE OBLÍBENÁ DVOJKA @cech.ondrejj 🤝🏼 @alan.david6 🎤,https://www.instagram.com/stories/vsefalcons/3841292270238750590,1432,2150,,,2
@riderspardubice,facebook,f99ed6c3-17cc-46f4-a32e-d9b0576ce2df,a08c8d66-2784-4d0a-a6d3-5cd475f2ccce,FB Post,IMAGE,11.3.2026 13:15:11,"🔥🏒 Kup si vstupenku na poslední domácí zápas semestru a automaticky se zařadíš do slosování o dvě vstupenky na páteční maraton Heated Rivalry v Pardubicích! 

Slosování ve čtvrtek večer 😎

@hbomaxczsk",https://www.facebook.com/1592662819534019/posts/1573488191451482,189,,1,,
@univerzitnihokej,facebook,01b45180-0b14-4a14-96e8-d0a4bab1fb9f,c8147af7-475a-448b-9153-f8e646d41300,FB Post,IMAGE,10.4.2026 14:12:18,Směr cesty 16. a 17.4. je jasnej! ➡️ @unihokejfinalfour 📍Zimní stadion Eden,https://www.facebook.com/1275398168115026/posts/1282743127380530,1082,,8,,
vsefalcons,instagram,709fceba-e311-48e7-9057-f54a587abf4a,d8278dbd-e50b-4ba3-a0b7-d78ef17313ae,IG Reel,VIDEO,4.2.2026 10:25:36,"Sent this to the Super Bowl halftime show casting.
@badbunnypr hasn’t replied yet, but we’re staying ready. 💃🏻🕺🏻

#superbowl #badbunny",https://www.instagram.com/reel/DUVQ8iTiDBv/,,14626,382,1,121
@boostrava,instagram,1176ddaf-d366-48a2-9639-3c6694c72c85,fd6efd25-d177-42b5-a768-3ab8ffb8b702,IG Post,IMAGE,16.3.2026 20:04:48,"Nenechte si ujít zápas s Pardubicemi! 🍀

Ke vstupence vás čeká pivko a zelená zdarma! 🍻
Vstupenky najdeš v biu 🎫

#hockey #ostrava #stpatricksday2026",https://www.instagram.com/p/DV9T4ciDOZf/,,4651,26,,21
vsefalcons,instagram,709fceba-e311-48e7-9057-f54a587abf4a,3bc37d09-0119-4c9e-8600-d7a8cef5fe6b,IG Story,VIDEO,12.3.2026 15:28:03,,https://www.instagram.com/stories/vsefalcons/3851287659872315003,1476,1299,,,
@united_hk,instagram,b18c071b-0570-48b2-b743-990c668c3c5b,5d0eabb5-bf89-4dce-ad25-a866eb763b83,IG Story,VIDEO,22.4.2026 18:30:44,,https://www.instagram.com/stories/united_hk/3881095258209579012,,356,,,
@vutcavaliersbrno,instagram,b384bebf-72f3-4f9d-8b2d-3677709f6966,cd5b4446-7bec-49a0-b7b1-632caf8aa7a6,IG Reel,VIDEO,6.3.2026 11:59:15,"daly jsme klukům jednorázový foťák na @hokejovy_souboj_univerzit a takto to dopadlo🤩
inspirováno @lifeonfilm",https://www.instagram.com/reel/DVisaahCC7A/,,10275,212,5,15
vsefalcons,instagram,709fceba-e311-48e7-9057-f54a587abf4a,11082307-f8c7-4078-9337-94288458a534,IG Reel,VIDEO,5.3.2026 9:59:25,"Soutěž pro vás ‼️ 

Kdo z vás do komentářů napíše kolikrát řekl @bulvafilip “vole”, vyhrává dva lístky na úterní zápas 🤩",https://www.instagram.com/reel/DVf5jeiiF-r/,,4422,119,7,38
@riderspardubice,instagram,4d6a67ab-9313-4f77-a82e-abb18adbca5d,926d7b8c-f6f6-46a0-bc1e-15b0373cd484,IG Story,VIDEO,12.4.2026 13:52:44,,https://www.instagram.com/stories/riderspardubice/3873707704695133898,,1208,,,
@boostrava,instagram,1176ddaf-d366-48a2-9639-3c6694c72c85,990e0404-6b5c-40c5-96b4-9820963f4f63,IG Reel,REEL,27.3.2026 19:16:30,"Paparazzi už to ví… Tak si to zapiš taky! 👀

31.3. nás čeká play-in a půjde o všechno! 🔥

#savethedate #hockey #hockeygame",https://www.instagram.com/reel/DWZjMLmDF-G/,,8639,93,,36
vsefalcons,instagram,709fceba-e311-48e7-9057-f54a587abf4a,9efd1783-b5ec-4c66-9185-38fa9386dfb4,IG Story,VIDEO,3.2.2026 17:41:10,dneska tady máme jeden COMEBACK @jan_kubata 🏒 🥹❤️‍🩹,https://www.instagram.com/stories/vsefalcons/3824537963812410912,,1582,,,2
@bitvaoprahu,instagram,d7c8aa06-74fb-4c6c-a7d2-c2fe1bf6d59c,a466e14a-83e9-4cf8-ac56-f83d6879006d,IG Post,IMAGE,11.3.2026 17:37:38,Už zítra je Bitva day! 🫨🫨🥳🥳,https://www.instagram.com/p/DVwLT_NDA-r/,,12024,61,,9
@bitvaoprahu,instagram,d7c8aa06-74fb-4c6c-a7d2-c2fe1bf6d59c,c54e3933-1543-4cf0-a9fe-3c5c63f5156c,IG Post,IMAGE,12.3.2026 22:51:47,"👑 OBHAJOBA KINGS! 🏆🥇

Gratulujeme staronovým vládcům, @ukkingsprague . 🎩",https://www.instagram.com/p/DVzUNHVDPu2/,,112832,3902,7,255
@boostrava,instagram,1176ddaf-d366-48a2-9639-3c6694c72c85,f8b6c6f0-60b9-483d-a19b-b3f1d543ffef,IG Post,IMAGE,4.3.2026 21:15:01,"Vítězíme! 🦈

Další 3 body znamenají již 6. výhru v řadě! 🔥🎉

#win #hockey #žraloci",https://www.instagram.com/p/DVeiKU9jInr/,,1532,41,,1
@riderspardubice,instagram,4d6a67ab-9313-4f77-a82e-abb18adbca5d,64c803fe-a285-4655-b521-f3c3a30da6c4,IG Story,VIDEO,8.4.2026 7:31:52,,https://www.instagram.com/stories/riderspardubice/3870616904293708860,,869,,,1
vsefalcons,instagram,709fceba-e311-48e7-9057-f54a587abf4a,b9b977e9-fb56-4ebd-bed2-43f288fc0141,IG Story,VIDEO,16.4.2026 10:00:56,ZA PÁR HODIN  JDEME DO BOJE 🦅,https://www.instagram.com/stories/vsefalcons/3876489899180354086,2313,2693,,1,2
@AkademiciPlzen,facebook,d87b94e3-03e8-45d0-b92e-75e9b819545c,e2a660fc-02bf-4688-aad2-646dd5ff0ba7,FB Post,IMAGE,3.3.2026 15:57:04,"JARNÍ BITVA UŽ ZÍTRA! 👊🏻

Doraž včas na Proud, Redbull nebo svařák do fanzóny, nalaď hlasivky a pojď z toho udělat večer, na kterej se bude vzpomínat!

🕰️ 17:30 otevření fanzóny
📍 LOGSPEED CZ Aréna
🎟️ Lístky najdeš v biu nebo na plzenskabitva.cz

Tak co, bude nás ještě víc než loni? 🔥
#akademiciplzen",https://www.facebook.com/1357105236437494/posts/1333889612092390,628,,16,,
@unitedhk,facebook,bfe6cc29-a387-41b9-9bca-b077722556af,5d2ba16f-9e11-4c0a-88d4-3d90b648d5ad,FB Video,VIDEO,25.3.2026 16:15:02,"Založíš účet do konce března?
Pak jsi ve hře o 100 000 Kč. 😏

A to není všechno:

⚡ rychlé a jednoduché založení online
💸 odměna 1 500 Kč za založení účtu
🍻 20 % cashback na drinky na UNIted HK afterparty

Takže jestli účet ještě nemáš… možná je teď ideální čas.

#unitedhk #unihokej #hokej",https://www.facebook.com/reel/27101900679411991/,354,104,1,,
vsefalcons,instagram,709fceba-e311-48e7-9057-f54a587abf4a,7829fd34-90f6-4532-a3ad-2d6f41917179,IG Post,IMAGE,8.2.2026 8:05:05,"FALCONS PUB KVÍZ IS BAAAACK!

Minule sklidil velký úspěch, a proto jsme se ho rozhodli udělat znovu a mnohem vymazlenější! 🤓

Čeká vás večer plný zábavy, dobrého piva a pořádné dávky vědomostního adrenalinu. 🧠 Vyhrát můžete bombové ceny, kterými nás vybavil Red Bull, Proud nebo Grant Thornton, a vítěz si domu odnese lístky na Bitvu o Prahu ‼️

Do týmu se může přihlásit 4-5 lidí, vstupné je zdarma a bar s top drinky je samozřejmostí. 🥂

26.2. | Akademický klub, Italská budova | 19:00

Registrovat se můžete přes link na profilu. Těšíme se na vás! 💙

#vsefalcons #pubkviz",https://www.instagram.com/p/DUfVN8rCCRx/,,9855,30,,31
vsefalcons,instagram,709fceba-e311-48e7-9057-f54a587abf4a,b815cf33-46d3-47ae-abd5-e6bea0eaa05a,IG Story,VIDEO,31.3.2026 15:30:23,,https://www.instagram.com/stories/vsefalcons/3865059549900230502,999,986,,1,3
@univerzitnihokej,instagram,1e114592-3529-4cfe-9977-2598454053af,4f8e391c-bfaa-473f-a272-142580ee6844,IG Post,IMAGE,11.3.2026 9:11:40,Moravské derby je tady! Souboj @boostrava a @hc_muni můžete sledovat dnes od 19:00 na ČT sport 🍿,https://www.instagram.com/p/DVvQ9FxiOJ3/,,10150,104,,12
@vutcavaliersbrno,instagram,b384bebf-72f3-4f9d-8b2d-3677709f6966,902bb45e-dad0-423c-b0c1-6284434ed60b,IG Story,IMAGE,1.4.2026 17:56:28,,https://www.instagram.com/stories/vutcavaliersbrno/3865857846361480882,,475,,,
@218107044725785,facebook,7a942e3e-6c47-4794-9ba7-bbc7b6d40cb3,aade16f7-db31-49b3-882e-7edef3654aa7,FB Video,VIDEO,12.3.2026 14:26:05,Jsme na místě 🥵,https://www.facebook.com/reel/1111260461130429/,627,270,12,,
@riderspardubice,instagram,4d6a67ab-9313-4f77-a82e-abb18adbca5d,5b2cbaa6-f5d1-4846-b012-4a6fc75c7619,IG Reel,VIDEO,5.3.2026 19:13:27,"🐱 V pondělí za námi do enteria areny přijedou @blackdogsbudweis_vste! 🐕

A my při této příležitosti společně podpoříme KoČIČÍ depozitum Lovčice! 

Jak můžete opuštěným kočičkám pomoci s námi? 
- přineste s sebou na zápas kočičí žrádlo - granule, konzervy, ňaminky 
- přispějte finančním darem - ideálně v hotovosti na místě nebo pomocí QR kódu na kostce.

Minulý semestr jsme pomohli pejskům z @farma_u_veselyho_psa, tak pojďme znovu spojit síly a tentokrát pomoci kočičkám z KoČIČÍ depozitum Lovčice! 

Vstupenky za zapas koupíš přes odkaz v BIU!",https://www.instagram.com/reel/DVg5lJoDLRh/,,6337,68,,14
@riderspardubice,instagram,4d6a67ab-9313-4f77-a82e-abb18adbca5d,82063097-d118-4de0-a0fc-68048bd3eaf9,IG Reel,VIDEO,16.4.2026 16:30:54,Fanoušci mají jasno! ❤️‍🔥,https://www.instagram.com/reel/DXMwWmcDKvw/,,5495,132,,25
@riderspardubice,instagram,4d6a67ab-9313-4f77-a82e-abb18adbca5d,a3a48143-39f1-4795-90fb-63dc48e44415,IG Post,IMAGE,9.3.2026 16:31:52,"POZOR POZOR! 😍

Dneska do druhé přestávky sháníme soutěžící, kteří si zahrají o voucher do SKYBOXU od @enteria_holding na poslední zápas sezony! 

Kdo si dnes zahraje o takovýhle luxus?",https://www.instagram.com/p/DVq5l82DBNN/,,4029,59,5,4
@akademiciplzen,instagram,65494228-95bf-4f7b-8e68-d47d7262db66,d4d68be8-b3a3-4550-83e2-4d6161e1d09a,IG Story,VIDEO,6.4.2026 20:21:56,@jakubvotoupal,https://www.instagram.com/stories/akademiciplzen/3869554939983069245,,778,,,2
@riderspardubice,facebook,f99ed6c3-17cc-46f4-a32e-d9b0576ce2df,2924dfb4-735b-4a0e-9de5-6bd8e2528451,FB Video,VIDEO,16.4.2026 14:22:51,Jsme v Praze ❤️‍🔥🐎,https://www.facebook.com/reel/1491593522542990/,310,90,1,,
@univerzitnihokej,facebook,01b45180-0b14-4a14-96e8-d0a4bab1fb9f,1cd8e3ef-f4e9-4d67-93a1-302a2dfa80e7,FB Post,IMAGE,30.3.2026 16:04:37,Všechny zápasy PLAY-IN sledujte živě na @sport_ct ➕📺 Program zápasů u nás na profilu! 👆🏻,https://www.facebook.com/1275398168115026/posts/1274232244898285,935,,4,,
vsefalcons,instagram,709fceba-e311-48e7-9057-f54a587abf4a,95a82af2-cda1-4b92-b56e-86564bbe927e,IG Story,VIDEO,12.3.2026 19:40:08,,https://www.instagram.com/stories/vsefalcons/3851414512838698852,1253,912,,,
@univerzitnihokej,instagram,1e114592-3529-4cfe-9977-2598454053af,d0b45844-4645-4c8b-84d9-1d1e509a0f71,IG Story,STORY,31.3.2026 12:06:54,NEBO NA SPOTIFY 🎧 👇🏼,https://www.instagram.com/stories/univerzitnihokej/3864957128746255946,,1111,,,
@akademiciplzen,instagram,65494228-95bf-4f7b-8e68-d47d7262db66,3429804e-4733-4779-b49b-614374aa6162,IG Story,VIDEO,4.4.2026 19:19:08,📝,https://www.instagram.com/stories/akademiciplzen/3868073783005563756,,1123,,,5
vsefalcons,instagram,709fceba-e311-48e7-9057-f54a587abf4a,3689f4b2-65d9-44e1-9b26-3932c6e65d9f,IG Story,VIDEO,14.3.2026 16:29:50,@_jobas57_  NAVYŠUJE,https://www.instagram.com/stories/vsefalcons/3852770179730164820,754,726,,,
@united_hk,tiktok,7e062517-b9da-416d-b73d-a2c5899a2be6,46e67ace-064c-4cf9-a2a3-f1942ea43383,TT Video,VIDEO,20.3.2026 18:47:32,"💋 Kiss Cam z derby Derby není jen o hokeji. Některé momenty patřily i Kiss Cam. A někdy to bylo hodně zajímavé 😄 Výherci si odnesli luxusní večeři pro 2 v hodnotě 1500 Kč. Díky partnerovi Pivovarské domy za tenhle moment, na který se jen tak nezapomíná. Podívej se ve videu. 🖤🧡❤️ @Univerzitní hokej 🏒 ",https://www.tiktok.com/@united_hk/video/7619411347696078102?utm_campaign=tt4d_open_api&utm_source=7348986504397455361,,1420,38,,
@united_hk,instagram,b18c071b-0570-48b2-b743-990c668c3c5b,d53ead82-d720-471b-a185-396b37cdb176,IG Post,PHOTO,26.3.2026 8:56:40,"Náš útočník Štěpán Kyclt dnes slaví narozeniny.

Všechno nejlepší, Štěpáne! 🎂
Užij si to.

🖤🧡

#unitedhk #unihokej #hokej",https://www.instagram.com/p/DWV3vreCBXD/,,2179,29,,
vsefalcons,instagram,709fceba-e311-48e7-9057-f54a587abf4a,d6185d60-ed70-4c32-b46a-c63c47a16f39,IG Story,VIDEO,3.3.2026 18:30:13,BAGO time ⚽️,https://www.instagram.com/stories/vsefalcons/3844856355400224833,704,842,,,
vsefalcons,instagram,709fceba-e311-48e7-9057-f54a587abf4a,da5cbc89-af62-42b6-a729-b5fa74a92a0c,IG Story,VIDEO,26.1.2026 15:20:29,JSME NA MÍSTĚ ❄️ ❄️,https://www.instagram.com/stories/vsefalcons/3818668926897268778,,1178,,,1
@univerzitnihokej,facebook,01b45180-0b14-4a14-96e8-d0a4bab1fb9f,00bc087c-286c-4127-9431-ad5802f272e2,FB Post,IMAGE,1.4.2026 19:25:15,"O největší drama se postarali Black Dogs, kteří porážejí Cavaliers až na samostatné nájezdy 😮‍💨",https://www.facebook.com/1275398168115026/posts/1275944821393694,878,,7,,
@hcnorthwings,facebook,2b08a479-603b-46e4-8a48-2bc0435ccd53,33efd8d5-98db-4a39-9a75-09d05236cc26,FB Story,VIDEO,1.4.2026 14:45:32,,,,,,,
@riderspardubice,instagram,4d6a67ab-9313-4f77-a82e-abb18adbca5d,cc10efc7-46b6-4ee8-8660-3c013a675d4b,IG Post,IMAGE,17.4.2026 11:56:55,"Napiš do komentáře svého nejoblíbenějšího hráče a my vylosujeme dva z vás, kteří vyhrají vstupenky na dnešní FF! 🥉",https://www.instagram.com/p/DXO1kgNjMfo/,,1212,32,2,2
@bitvaoprahu,instagram,d7c8aa06-74fb-4c6c-a7d2-c2fe1bf6d59c,f282a2a5-123a-49b8-afcf-401e8d629222,IG Post,IMAGE,11.3.2026 19:30:17,Jakej si na after vymyslíš program necháme na tobě...😏 ale hrát ti k tomu bude tenhle našláplej lineup 🕺🪩,https://www.instagram.com/p/DVwYU_7FxSq/,,19500,136,1,82
@engineersprague,facebook,afd06d1d-7b1c-4f66-8d93-ce4255ab773c,9f077cc8-785a-4bfe-97d4-5c53f912f251,FB Story,IMAGE,12.3.2026 22:31:19,,,,,,,
@riderspardubice,instagram,4d6a67ab-9313-4f77-a82e-abb18adbca5d,bb162ab4-283c-4ab7-b6bf-692ad818d8b4,IG Post,IMAGE,12.4.2026 13:55:18,Tohle je crazyyy! Všichni jdeme nabíhejme vyprodat vstupenky na @unihokejfinalfour! 🤯🤯,https://www.instagram.com/p/DXCLS7IjAmg/,,21225,435,15,61
vsefalcons,instagram,709fceba-e311-48e7-9057-f54a587abf4a,4d4281bd-9735-43a5-9358-d1907413600f,IG Story,VIDEO,14.3.2026 14:46:24,BRAZILKA  před zápasem ⚽️ ⚽️,https://www.instagram.com/stories/vsefalcons/3852716246827581597,894,1005,,,
@riderspardubice,instagram,4d6a67ab-9313-4f77-a82e-abb18adbca5d,8a2d0f06-bea4-4894-b63e-5132ad6c197a,IG Story,VIDEO,17.4.2026 16:30:58,,https://www.instagram.com/stories/riderspardubice/3877411142662680035,,895,,,
vsefalcons,instagram,709fceba-e311-48e7-9057-f54a587abf4a,bce1e907-6c7d-453e-a9f3-ebdc0ab9c41b,IG Story,VIDEO,3.3.2026 20:39:29,@___pajer24 👏🏻 🙅🏻,https://www.instagram.com/stories/vsefalcons/3844921448188120053,643,837,,,4
@engineersprague,facebook,afd06d1d-7b1c-4f66-8d93-ce4255ab773c,c9b92b6d-f25c-4ebb-a467-082af4018f09,FB Story,IMAGE,10.3.2026 21:13:02,,,,,,,
@cvutengineers,instagram,11963a07-7f0f-48e6-9d81-aa63a7ff4a04,fbff76f9-9501-4165-b75a-c26d240a3f06,IG Post,IMAGE,12.4.2026 14:56:50,"ONE TEAM ONE DREAM 
Čekají nás nejdůležitější zápasy této sezony. Buďte u toho s námi a ukažte, kdo má to pravé #SRDCELVA 🦁.

#engprg",https://www.instagram.com/p/DXCSfhvDBu8/,,6453,228,1,15
@riderspardubice,instagram,4d6a67ab-9313-4f77-a82e-abb18adbca5d,245788ee-5bda-4bb7-8fd8-2485fa6374cc,IG Story,VIDEO,12.4.2026 13:03:00,KOTEL KOTLUJE!  DÍKY!,https://www.instagram.com/stories/riderspardubice/3873682672434555821,,1105,,,
@united_hk,instagram,b18c071b-0570-48b2-b743-990c668c3c5b,5610be79-8149-4a0b-a553-3ba9ccad0e2a,IG Story,IMAGE,14.4.2026 10:20:11,,https://www.instagram.com/stories/united_hk/3875050295139023162,,731,,,
vsefalcons,instagram,709fceba-e311-48e7-9057-f54a587abf4a,a62119b7-8db1-4e10-a7ca-41eece621c5b,IG Story,VIDEO,13.2.2026 7:53:15,FRAJEREM SE STANEŠ POUZE JEDNÍM ZPŮSOBEM 🙂‍↕️,https://www.instagram.com/stories/vsefalcons/3831489780714612914,551,720,,,
@univerzitnihokej,instagram,1e114592-3529-4cfe-9977-2598454053af,44401e82-1887-4f4b-b98e-a4c917752cb1,IG Post,ALBUM,31.3.2026 8:49:36,"PRVNÍ DUEL PLAY-IN 😤

Falcons 🆚 UNIted
Jeden zápas. Jedna šance. Kdo postoupí do finále? 👇🏻",https://www.instagram.com/p/DWiu7T5CC3M/,,11385,210,,19
@riderspardubice,instagram,4d6a67ab-9313-4f77-a82e-abb18adbca5d,467129d9-b840-4f3b-964f-13ae118b6d9f,IG Story,VIDEO,31.3.2026 19:04:38,,https://www.instagram.com/stories/riderspardubice/3865167392058118351,,696,,,
@boostrava,instagram,1176ddaf-d366-48a2-9639-3c6694c72c85,a4f798b7-4d77-40da-b494-5b42c82765c3,IG Post,IMAGE,14.4.2026 10:25:52,"Rádi bychom poděkovali trenérovi Honzovi Dětskému za tři úspěšné roky, které jsme mohli strávit pod jeho vedením.
Děkujeme za jeho přístup, podporu, trpělivost i nasazení, které nám po celou dobu předával.

Odnášíme si spoustu zkušeností i společných vzpomínek, na které budeme rádi vzpomínat.
Věříme, že se naše cesty v budoucnu ještě setkají.

Přejeme mnoho úspěchů do další etapy a ještě jednou VELKÉ DÍKY✨",https://www.instagram.com/p/DXG8v-oDNNJ/,,6768,204,2,44
@218107044725785,facebook,7a942e3e-6c47-4794-9ba7-bbc7b6d40cb3,aae04cec-af63-42e7-a101-0d4ca1b9cd2a,FB Post,IMAGE,12.4.2026 15:00:27,"Takhle vypadal náš poslední zápas proti @cvutengineers ⚔️

A už ve čtvrtek se s nimi utkáme znovu, jenže tento zápas bude znamenat MNOHEM více 🫨 Potřebujeme vás všechny u toho 📢

🎟️ Vstupenky na @unihokejfinalfour seženeš na profilu a můžeš použit kód “VSEFANS” ať fandíš levněji",https://www.facebook.com/122282816036218300/posts/122283645914218300,443,,13,,
vsefalcons,instagram,709fceba-e311-48e7-9057-f54a587abf4a,baa36078-b432-41bf-accd-2cc1dade586b,IG Reel,REEL,11.3.2026 7:21:22,"Natrénováno máme, teď to jen ukázat na ledě 😤 

Přijďte nás zítra podpořit na @bitvaoprahu 💪🏼 Budeme vás potřebovat víc, než kdy jindy! 💙

#vsefalcons #bitvaoprahu",https://www.instagram.com/reel/DVvE071iOkr/,,5946,79,4,21
@riderspardubice,instagram,4d6a67ab-9313-4f77-a82e-abb18adbca5d,da9344bf-b049-438e-9435-e918634b2354,IG Story,VIDEO,12.4.2026 13:20:43,EMOCE SE STUPŇUJÍ! 😬 +NESKUTEČNÝ @63skorpiz  2:2,https://www.instagram.com/stories/riderspardubice/3873691622768915357,,1074,,,
@univerzitnihokej,instagram,1e114592-3529-4cfe-9977-2598454053af,e08b20e6-8659-45f8-a7ff-a8c0b5e68b68,IG Reel,VIDEO,12.3.2026 18:00:19,Takové pohyby se asi naučil na farmě 🤭,https://www.instagram.com/reel/DVyyw1RCNJV/,,8741,172,,29
@akademiciplzen,instagram,65494228-95bf-4f7b-8e68-d47d7262db66,eaf2abd5-1b36-47cd-8f6b-e4cfabd0f600,IG Reel,VIDEO,17.3.2026 13:21:42,"Ví naši fanoušci, co je ofsajd? 👀
A kdo to pak nejvíc rozjel na afterparty? 😏

Na to se diváků na bitvě zeptala @deniskaurbankova 🎤.
Mrkni, jak to dopadlo!

#akademiciplzen #univerzitnihokej",https://www.instagram.com/reel/DV_KLZbDI7B/,,14820,311,2,57
vsefalcons,instagram,709fceba-e311-48e7-9057-f54a587abf4a,5a62c8a7-ad61-4a4c-836a-ddcecaa062f5,IG Story,VIDEO,17.1.2026 17:33:33,,https://www.instagram.com/stories/vsefalcons/3812213031682200506,,712,,,
@218107044725785,facebook,7a942e3e-6c47-4794-9ba7-bbc7b6d40cb3,260045e7-0272-4d57-907d-7691c327d0a9,FB Post,IMAGE,11.3.2026 17:42:17,"Tak toto? 🥹 JSTE BLÁÁÁZNI ❤️

Vážíme si každýho z vás a už zejtra se všichni vidíme na @bitvaoprahu 🥉",https://www.facebook.com/122282816036218300/posts/122278376702218300,223,,12,,
@riderspardubice,instagram,4d6a67ab-9313-4f77-a82e-abb18adbca5d,4daf729d-c0b9-4ec0-ba13-ccf91865767c,IG Story,VIDEO,12.4.2026 13:03:54,VÝBORNÝ ZÁKROK 👏🏻👏🏻 @63skorpiz  2:1,https://www.instagram.com/stories/riderspardubice/3873683161372985119,,1080,,,
@cvutengineers,instagram,11963a07-7f0f-48e6-9d81-aa63a7ff4a04,aadaa9c7-d279-42bc-a246-a69bdd8b402e,IG Post,IMAGE,4.3.2026 21:45:44,"Dneska zůstaly 3 body doma na Hvězdě ✊🏼
No a příští týden bude nabitej 🫡 be ready!

#engprg #win",https://www.instagram.com/p/DVel7p4DNaU/,,3069,91,,3
vsefalcons,instagram,709fceba-e311-48e7-9057-f54a587abf4a,fc7f8e66-30d3-4df1-b529-2a4ac282ca4f,IG Reel,VIDEO,26.5.2026 12:21:10,"Tak uvidíme jak to nakonec letos dopadne 👀

#ms2026",https://www.instagram.com/reel/DYzTfVpoksP/,,89579,2291,82,154
@riderspardubice,instagram,4d6a67ab-9313-4f77-a82e-abb18adbca5d,17b4d444-5e6a-4bd1-9bd4-4f6f462f70d6,IG Post,IMAGE,17.4.2026 15:30:19,Druhá třetina před námi! 🏒,https://www.instagram.com/p/DXPOTNRjFgB/,,2912,66,,2
@univerzitnihokej,instagram,1e114592-3529-4cfe-9977-2598454053af,9c0c11b5-d23c-43a7-a2b0-514469a87b40,IG Story,VIDEO,18.4.2026 10:25:24,,https://www.instagram.com/stories/univerzitnihokej/3877952009991115457,,1217,,,1
vsefalcons,instagram,709fceba-e311-48e7-9057-f54a587abf4a,d2871e67-3608-45a0-9c2d-7ddc1f6a6f84,IG Story,VIDEO,10.3.2026 23:32:22,,https://www.instagram.com/stories/vsefalcons/3850081853306881917,759,,,,
@united_hk,tiktok,7e062517-b9da-416d-b73d-a2c5899a2be6,57c137a4-8119-47b5-9efe-ca615e39824d,TT Video,VIDEO,9.3.2026 19:52:07,"🔥 Plná ČPP Aréna, derby Hradec vs. Pardubice a Halftime Show Adama Mišíka. Východočeské derby univerzit znovu ukázalo, jak vypadá studentský hokej ve velkém stylu v rámci Univerzitní ligy ledního hokeje. Do arény dorazilo 2 379 fanoušků, kteří vytvořili skvělou atmosféru od prvního buly až do posledních minut. Na ledě tvrdý souboj UNIted HK a Riders Univerzita Pardubice. O přestávce velká show – Adam Mišík, který rozpálil celou halu. 🎥 Mrkni na oficiální aftermovie a připomeň si nejlepší momenty z jednoho z největších univerzitních hokejových eventů ve východních Čechách. 🌐 Více info: www.unitedhk.cz/derby #unitedhk #unihokej #hokej",https://www.tiktok.com/@united_hk/video/7615346051091860759?utm_campaign=tt4d_open_api&utm_source=7348986504397455361,,771,43,1,1
vsefalcons,instagram,709fceba-e311-48e7-9057-f54a587abf4a,36ca414f-4348-41d9-aa2c-ca4006d6fdd6,IG Story,VIDEO,11.4.2026 9:35:30,včera jsme něco tvořili @garnier_czsk 🤫,https://www.instagram.com/stories/vsefalcons/3872853463096928927,1202,1345,,1,8
@AkademiciPlzen,facebook,d87b94e3-03e8-45d0-b92e-75e9b819545c,ebfae5c4-1d9c-46c8-931d-11d508be788c,FB Video,VIDEO,27.4.2026 20:04:18,"Zavzpomínali jsme na Jarní bitvu… a přenesli se až do devadesátek! 🎞️
Chybí vám taky ta atmosféra? Nesmutněte, už příští týden oznámíme datum Bitvy o Plzeň! 🔥

#akademiciplzen 💙",https://www.facebook.com/reel/1651183299271454/,746,335,2,,
@AkademiciPlzen,facebook,d87b94e3-03e8-45d0-b92e-75e9b819545c,f77b18e1-d255-466a-831a-65dfd827cdf4,FB Video,VIDEO,3.3.2026 8:30:54,"5 důvodů, proč přijít na Bitvu už v 17:30! 🕺🏼🪽🍻

#akademiciplzen #jarnibitva",https://www.facebook.com/reel/26197849436570204/,1383,513,9,,
@united_hk,instagram,b18c071b-0570-48b2-b743-990c668c3c5b,c17aa6d2-3893-4097-afe3-d8e33a8110ef,IG Reel,VIDEO,10.3.2026 17:42:41,"Světla zhasínají. 
Příběh hokejistů začíná. 🏒🎬

🎟️Zapoj se do soutěže:

2x2 lístky na maratón první série Heated Rivalry v kinách CineStar pro tebe a tvého kámoše! 

📌Podmínky soutěže:
1) označ, s kým bys seriál chtěl/a vidět 
2) dej like na post

Ve čtvrtek vylosujeme 2 výherce, kteří si můžou premiéru užít přímo z první rady!

#unitedhk #unihokej #hbomax #heatedrivalry",https://www.instagram.com/reel/DVtlHMiiH0W/,,5574,138,19,42
@cvutengineers,instagram,11963a07-7f0f-48e6-9d81-aa63a7ff4a04,678476ab-940f-4180-879f-b25d0c635fcc,IG Story,VIDEO,17.4.2026 19:52:32,🚨🚨🚨 JE TAM!!!!! @bernattomas16,https://www.instagram.com/stories/cvutengineers/3877512537017482629,,1287,,,
vsefalcons,instagram,709fceba-e311-48e7-9057-f54a587abf4a,a1f3c4ec-b1b5-4d82-b637-82fff04080e4,IG Story,VIDEO,13.3.2026 16:17:44,,https://www.instagram.com/stories/vsefalcons/3852037555323721563,972,923,,,
@riderspardubice,instagram,4d6a67ab-9313-4f77-a82e-abb18adbca5d,a5e01015-e760-4100-9ccd-cc2be0eb332c,IG Story,VIDEO,12.4.2026 12:27:36,STŘÍDÁNÍ MUSÍ BÝT🏒 2:0,https://www.instagram.com/stories/riderspardubice/3873664877906909193,,1074,,,
@riderspardubice,facebook,f99ed6c3-17cc-46f4-a32e-d9b0576ce2df,b5ecb15e-28ab-45da-b64f-1a293a3fdc1d,FB Post,PHOTO,31.3.2026 10:01:19,"Dnes důležitý zápas v Ostravě- PLAY-IN!👊🏻🔥

Play-in
🗓️ 31.3. v 19:30
📍 v RT Torax Arena 
⚔️ proti @boostrava 

#playin#riders",https://www.facebook.com/1592662819534019/posts/1591934322940202,303,,6,,
@univerzitnihokej,facebook,01b45180-0b14-4a14-96e8-d0a4bab1fb9f,c778b4ad-8976-4d9a-a910-c207839cfc18,FB Post,PHOTO,30.3.2026 18:04:05,Jan Zoufal o univerzitním hokeji v Česku i zahraničí! 🇨🇿🌍 Celý článek na webu hokej.cz 👨🏻‍💻,https://www.facebook.com/1275398168115026/posts/1274304248224418,1706,,16,,
@cvutengineers,instagram,11963a07-7f0f-48e6-9d81-aa63a7ff4a04,ebf4153d-8b38-48ce-a850-47668696d8e8,IG Story,VIDEO,8.4.2026 18:06:30,MÁME ZA SEBOU NEPROMĚNĚNOU 5 MINUTOUVOU PŘESILOVKU 😮‍💨,https://www.instagram.com/stories/cvutengineers/3870936358080776110,,957,,,
@riderspardubice,facebook,f99ed6c3-17cc-46f4-a32e-d9b0576ce2df,7ef2d11e-63fc-4b4c-b12a-52955ecc9d84,FB Post,IMAGE,3.3.2026 10:35:24,"Hlásíme důležitý zápas, bude se hrát o postup do play-off!🚨🗣️

Venkovní zápas
🗓️ 4.3. v 19:30
📍 ve Sportcentrum Lužánky
⚔️ proti @hc_muni 

#riders#venkovnízápas",https://www.facebook.com/1592662819534019/posts/1566621892138112,148,,1,,
@bitvaoprahu,facebook,75e0f41f-82be-4f82-a77b-82ac11135ed2,e56c2718-de3f-4bd6-ae87-f01c2060ba2a,FB Post,IMAGE,12.3.2026 9:45:02,"Tohle si otevři, až po 3 pivu ztratíš kámoše v davu... 👀",https://www.facebook.com/1441262177797849/posts/1419974623259938,183,,1,,
@univerzitnihokej,facebook,01b45180-0b14-4a14-96e8-d0a4bab1fb9f,0d09a2b7-d1b7-43dd-a402-f8b4928d95f1,FB Post,IMAGE,8.4.2026 19:37:47,"@ukkingsprague také vás vítáme v @unihokejfinalfour 👋🏻 Vidíme se 16. 4. na Edenu 🏟️

Vstupenky na finalfour.cz 🎟️",https://www.facebook.com/1275398168115026/posts/1281439667510876,404,,3,,
@united_hk,instagram,b18c071b-0570-48b2-b743-990c668c3c5b,0e0e3ed4-b6fd-4510-8f3e-9605afb248b8,IG Story,VIDEO,11.4.2026 14:43:37,Poběž s námi 🏃🏼,https://www.instagram.com/stories/united_hk/3873008702231979592,,546,,,
vsefalcons,instagram,709fceba-e311-48e7-9057-f54a587abf4a,25e65f9b-b439-46c1-9dff-8afd59347a10,IG Story,VIDEO,24.2.2026 22:16:09,,https://www.instagram.com/stories/vsefalcons/3839896628618609325,614,831,,,
@univerzitnihokej,instagram,1e114592-3529-4cfe-9977-2598454053af,cce4c84b-23b5-4fe3-ad5e-062c1a77fff2,IG Story,VIDEO,17.4.2026 16:33:14,,https://www.instagram.com/stories/univerzitnihokej/3877412362844166122,,1638,,,
@univerzitnihokej,facebook,01b45180-0b14-4a14-96e8-d0a4bab1fb9f,10c138ba-4cdc-40d4-915c-d56133322167,FB Post,ALBUM,31.3.2026 8:49:54,"PRVNÍ DUEL PLAY-IN 😤

Falcons 🆚 UNIted
Jeden zápas. Jedna šance. Kdo postoupí do finále? 👇🏻",https://www.facebook.com/1275398168115026/posts/1274714014850108,281,,2,,
@univerzitnihokej,facebook,01b45180-0b14-4a14-96e8-d0a4bab1fb9f,993b1088-8022-4253-a521-36d8e50f908a,FB Video,VIDEO,2.4.2026 16:22:51,Semifinálové drama v Budějovicích 😤 Cavaliers domácí Black Dogs potrápili až do nájezdů.,https://www.facebook.com/reel/1302653698430910/,2749,1412,8,,
vsefalcons,instagram,709fceba-e311-48e7-9057-f54a587abf4a,adca0a34-86e2-4a62-bb4b-5d3cc5a51cdd,IG Story,VIDEO,10.2.2026 18:49:00,🕺 @jan_kubata  PLAYLIST V POŘÁDKU,https://www.instagram.com/stories/vsefalcons/3829645520767832049,660,852,,,
vsefalcons,instagram,709fceba-e311-48e7-9057-f54a587abf4a,c580611e-7e79-403a-b842-7b32d4701eaf,IG Reel,VIDEO,6.4.2026 16:28:04,"Asi se shodneme, že by kluci měli zůstat u omotávání hokejek 🤦🏽‍♀️

#vsefalcons",https://www.instagram.com/reel/DWy__YpCKTy/,,,158,6,25
vsefalcons,instagram,709fceba-e311-48e7-9057-f54a587abf4a,79860911-2016-44b4-9091-d0d9a0cba12e,IG Story,VIDEO,12.3.2026 18:07:39,TO LÍTÁÁÁ 🦅,https://www.instagram.com/stories/vsefalcons/3851367988729494897,1332,1027,,,
@cvutengineers,instagram,11963a07-7f0f-48e6-9d81-aa63a7ff4a04,a110e345-3ac2-4fc8-aa4e-45cf493e78e2,IG Story,IMAGE,9.4.2026 16:47:04,Alky byl včera jakože…,https://www.instagram.com/stories/cvutengineers/3871621120311218164,,711,,,
@riderspardubice,facebook,f99ed6c3-17cc-46f4-a32e-d9b0576ce2df,734676a3-e752-4c13-b789-d036d95d3df1,FB Post,IMAGE,15.3.2026 20:00:18,"Po posledním domácím zápase této sezony nás čeká afterparty v @dydybaba! 🤩🪩

Tak doražte na zápas a pak se všichni potkáme v Dýdý!",https://www.facebook.com/1592662819534019/posts/1577299241070377,501,,2,,
vsefalcons,instagram,709fceba-e311-48e7-9057-f54a587abf4a,860e8727-66a6-4c82-b95a-c6e0098058d3,IG Story,IMAGE,30.3.2026 9:30:19,,https://www.instagram.com/stories/vsefalcons/3864153540902051335,675,778,,,2
@bitvaoprahu,instagram,d7c8aa06-74fb-4c6c-a7d2-c2fe1bf6d59c,700fda2a-8c4a-4bad-b7a5-579ac4d010ae,IG Story,VIDEO,10.4.2026 14:50:02,,https://www.instagram.com/stories/bitvaoprahu/3872286990565913677,,1017,,,1
@akademiciplzen,instagram,65494228-95bf-4f7b-8e68-d47d7262db66,c80a4f99-9832-496b-8088-8c8d1b980636,IG Story,VIDEO,24.4.2026 15:41:37,@vpotocesevodatoci,https://www.instagram.com/stories/akademiciplzen/3882459709458646539,,1035,,,2
vsefalcons,instagram,709fceba-e311-48e7-9057-f54a587abf4a,2378a6d1-6ec2-4bf6-aaf7-dc35834afa8f,IG Story,VIDEO,8.1.2026 7:31:18,@_jobas57_ 🎩,https://www.instagram.com/stories/vsefalcons/3805386811434892077,,1541,,,3
@riderspardubice,instagram,4d6a67ab-9313-4f77-a82e-abb18adbca5d,00550237-8e73-4484-a9c5-a298514ecb94,IG Story,VIDEO,14.4.2026 14:37:25,,https://www.instagram.com/stories/riderspardubice/3875179741276061523,,482,,,1
vsefalcons,instagram,709fceba-e311-48e7-9057-f54a587abf4a,7880d0bd-2d00-4e7a-945d-9537e177c05d,IG Story,VIDEO,1.6.2026 14:03:26,PONDĚLNÍ MAKAČKA 😮‍💨 🥵,https://www.instagram.com/stories/vsefalcons/3909951699900988541,,1029,,,
@engineersprague,facebook,afd06d1d-7b1c-4f66-8d93-ce4255ab773c,e59802bc-aa2b-41b0-a932-a6184bd8d7cb,FB Story,VIDEO,10.3.2026 21:37:10,,,,,,,
@hcmuni,facebook,d1f9e9f9-7526-42d4-85aa-13f91e89f7cf,7c80baa1-cf38-4efd-a813-a097a77dfcac,FB Post,IMAGE,9.3.2026 9:30:32,"Nemáš plány na víkend? Tak vyraž na hokej 🏒 Další domácí zápas proti @czufarmers 🔥Trochu netradičně v sobotu!🐻💙 
A pozor jen za 50,-

Lístky koupíš tady https://hcmuni.enigoo.cz/app/tickets/events 🎟️",https://www.facebook.com/1581741777288398/posts/1560793032716606,301,,2,,
@riderspardubice,facebook,f99ed6c3-17cc-46f4-a32e-d9b0576ce2df,374868b1-cdb3-4418-b990-c641f7fef2e2,FB Video,VIDEO,1.4.2026 16:08:29,"Pokračujeme, nekončíme!🫡",https://www.facebook.com/reel/1617754682604559/,610,169,12,,
@akademiciplzen,instagram,65494228-95bf-4f7b-8e68-d47d7262db66,8f993dda-3a15-4e1a-8fbd-1cb5dcd48a55,IG Story,VIDEO,1.4.2026 16:39:24,,https://www.instagram.com/stories/akademiciplzen/3865819056582705340,,1503,,,
@hcnorthwings,facebook,2b08a479-603b-46e4-8a48-2bc0435ccd53,0cc62fb0-6afd-4df7-8e5c-77c67964586f,FB Video,VIDEO,12.3.2026 10:15:10,🎥 | Přinášíme sestřih branek 24. kola @univerzitnihokej ve kterém studenti @ujepul - HC North Wings podlehli celku @akademiciplzen na domácím ledě 🏒 #univerzitnihokej,https://www.facebook.com/reel/1524737392830859/,363,106,,,
@engineersprague,facebook,afd06d1d-7b1c-4f66-8d93-ce4255ab773c,687d6eb1-de46-49de-9ff0-ce5be354020e,FB Post,IMAGE,9.4.2026 13:25:53,"Tahle výhra byla sladká 🤤 

@unihokejfinalfour 🔜

📸: @ondra_mann",https://www.facebook.com/1560924572517692/posts/1568134618463354,1263,,10,,
@akademiciplzen,instagram,65494228-95bf-4f7b-8e68-d47d7262db66,ba39c344-f719-43bf-8780-baf73de4d2d2,IG Story,VIDEO,31.3.2026 19:37:52,,https://www.instagram.com/stories/akademiciplzen/3865184106477059956,,832,,,1
@bitvaoprahu,instagram,d7c8aa06-74fb-4c6c-a7d2-c2fe1bf6d59c,5e9a722e-b395-4cbe-92fd-6bc74bbf51fd,IG Story,VIDEO,13.4.2026 17:27:13,"🔥 prostě všechno tak,
jak to máme nejradši",https://www.instagram.com/stories/bitvaoprahu/3874540476053593610,,811,,,
@218107044725785,facebook,7a942e3e-6c47-4794-9ba7-bbc7b6d40cb3,6eaec223-e132-48eb-854d-c80f3f0e63dd,FB Video,VIDEO,20.3.2026 17:31:13,@hamrbrmbrm13 na micu nebo spíš všichni ostatní na micu? 🤔,https://www.facebook.com/reel/1467057604928346/,332,115,2,,
vsefalcons,instagram,709fceba-e311-48e7-9057-f54a587abf4a,da4b2528-29ae-4dfe-8fe6-3ae78cfef33a,IG Post,PHOTO,11.3.2026 17:42:08,"Tak toto? 🥹 JSTE BLÁÁÁZNI ❤️

Vážíme si každýho z vás a už zejtra se všichni vidíme na @bitvaoprahu 🥉",https://www.instagram.com/p/DVwL-PoCKDT/,,3495,108,,3
@cvutengineers,instagram,11963a07-7f0f-48e6-9d81-aa63a7ff4a04,e8a985c3-9ddc-4c6f-8b23-4c82011acbf3,IG Story,VIDEO,17.4.2026 22:00:12,DĚKUJEME 🦁 lepší fanoušky bychom těžko hledali🥹,https://www.instagram.com/stories/cvutengineers/3877576718802533556,,981,,,
vsefalcons,instagram,709fceba-e311-48e7-9057-f54a587abf4a,1502c61b-04d0-4447-b2db-19fcca432761,IG Reel,VIDEO,19.4.2026 11:35:35,Pojďte si s náma pro medaile 😍,https://www.instagram.com/reel/DXT88ebiP2w/,,7381,247,,9
@akademiciplzen,instagram,65494228-95bf-4f7b-8e68-d47d7262db66,f1137f76-d7da-42d5-92a4-12abb25833dc,IG Story,VIDEO,9.4.2026 9:55:50,CHCEŠ MÍT PŘEHLED O STUDENTSKÝCH AKCÍCH? STAHUJ NOVOU APLIKACI! 📱,https://www.instagram.com/stories/akademiciplzen/3871414145057031917,,1167,,,1
@bitvaoprahu,facebook,75e0f41f-82be-4f82-a77b-82ac11135ed2,be9a4d85-657e-46d1-a1a6-416285469b02,FB Post,IMAGE,11.3.2026 18:43:07,"Program zítřejšího večera, aby ti niiiiiic neuteklo! 🫡🥳

Lístky ještě pořád můžeš koupit 👉🏻 bitvaoprahu.cz🎟️",https://www.facebook.com/1441262177797849/posts/1419525453304855,231,,,,
@riderspardubice,instagram,4d6a67ab-9313-4f77-a82e-abb18adbca5d,e8250866-8220-4ff9-ae8a-a9c8a868c7be,IG Story,VIDEO,12.4.2026 13:09:25,ZAPNI ZVUK A POSLECHNI SI ATMOSFÉRU LUCKY LOSER ZÁPASU 💆🏼‍♀️ 💆🏼,https://www.instagram.com/stories/riderspardubice/3873687083013693006,,1081,,,
@univerzitnihokej,instagram,1e114592-3529-4cfe-9977-2598454053af,9cf65ff1-5cb6-447e-837f-86fec5490a60,IG Story,VIDEO,10.4.2026 10:28:43,BUDEME PSÁT HISTORII UNIHOKEJE V ČESKU 🏆 🫵🏻,https://www.instagram.com/stories/univerzitnihokej/3872155537588679951,,1442,,,1
vsefalcons,instagram,709fceba-e311-48e7-9057-f54a587abf4a,8228c78d-66fd-402c-93b0-cc67d4543a79,IG Reel,VIDEO,9.12.2025 20:20:19,FRIENDLY REMINDER!🔔 Poslední možnost získat bodíky na cviku 🥶,https://www.instagram.com/reel/DSDkvvpiL5u/,,15170,377,,20
@bitvaoprahu,facebook,75e0f41f-82be-4f82-a77b-82ac11135ed2,e2871a0a-0451-4d66-abd7-df7fac2815d0,FB Post,IMAGE,10.3.2026 6:00:07,"S účtem u ČSOB dostaneš z afterparty Bitvy o Prahu 20% zpět z útraty 🤑

Stačí si založit účet u @csobcz přes odkaz v biu @univerzitnihokej 
Afterparty může bolet, účet už o něco míň 🫡",https://www.facebook.com/1441262177797849/posts/1418087006782033,217,,,,
@akademiciplzen,instagram,65494228-95bf-4f7b-8e68-d47d7262db66,273fe58e-45b7-4d92-bdaa-ff52b8c85535,IG Post,IMAGE,8.3.2026 19:36:55,"Dnes slavíme všechny ženy, které jsou součástí Akademiků, ať už na tribunách, nebo v zákulisí. 💙
Krásný Mezinárodní den žen! 🌷

#mezinarodnidenzen #akademiciplzen | 📸 @vpotocesevodatoci @novotny_studio.cz @novacek_photography",https://www.instagram.com/p/DVoquV0jDQY/,,47744,2525,7,273
vsefalcons,instagram,709fceba-e311-48e7-9057-f54a587abf4a,3a0f1b8a-d7d7-4833-a24b-f775604502cc,IG Post,IMAGE,8.4.2026 22:18:12,"ZAVŘENO! ❌🥅

Matyáš Peyerl vychytal ve finále play-in nulu a proti Black Dogs si připsal rovnou 36 úspěšných zákroků 🧱",https://www.instagram.com/p/DW4x0v0CIcs/,,6322,209,6,17
@univerzitnihokej,facebook,01b45180-0b14-4a14-96e8-d0a4bab1fb9f,e0d33119-c3cc-4788-915e-fbfb5c0bb832,FB Video,VIDEO,26.3.2026 16:45:37,Game on. Hair on point. 💆🏻‍♂️ @garnier_czsk 💚,https://www.facebook.com/reel/942638491469915/,410,86,1,,
vsefalcons,instagram,709fceba-e311-48e7-9057-f54a587abf4a,0345d053-6906-4314-91f3-732747540112,IG Story,VIDEO,17.4.2026 14:56:58,,https://www.instagram.com/stories/vsefalcons/3877363917961874242,892,891,,2,
@riderspardubice,instagram,4d6a67ab-9313-4f77-a82e-abb18adbca5d,4530facb-cabf-410c-b5f7-a5951edb2aa6,IG Story,VIDEO,13.4.2026 9:48:12,,https://www.instagram.com/stories/riderspardubice/3874309405244450208,,647,,,
@cvutengineers,instagram,11963a07-7f0f-48e6-9d81-aa63a7ff4a04,5c02cb0f-e682-450e-b0a0-f9f4c5a1e38c,IG Reel,VIDEO,8.3.2026 11:52:30,"Kluci chtěli těm našim #engprg ženám udělat radost…🥹

Všem vám přejeme krásné MDŽ, bez vás by to nešlo! Buďte pořád tak úžasný! 🩷",https://www.instagram.com/reel/DVn1G2MDFQu/,,16083,540,1,74
vsefalcons,instagram,709fceba-e311-48e7-9057-f54a587abf4a,79020c66-d1e2-401e-b3f6-716df16fc1de,IG Reel,REEL,12.3.2026 8:33:43,"Je to TADY! 🔥
Dneska vás chceme vidět i slyšet. Protože… kdo neskáče, není Falcon! 🦅",https://www.instagram.com/reel/DVxxk2YiK2n/,,7622,203,,21
vsefalcons,instagram,709fceba-e311-48e7-9057-f54a587abf4a,7af7c695-b164-48b2-8be8-9bda8695b8f2,IG Story,VIDEO,16.4.2026 16:15:19,LAST TOUCHES 😋,https://www.instagram.com/stories/vsefalcons/3876678404229573930,1128,1154,,,
@univerzitnihokej,instagram,1e114592-3529-4cfe-9977-2598454053af,96a938c2-aad8-455d-ba4b-8a7ccdb2108a,IG Story,IMAGE,8.4.2026 20:59:16,2 1 po SN,https://www.instagram.com/stories/univerzitnihokej/3871023301363518224,,450,,,
vsefalcons,instagram,709fceba-e311-48e7-9057-f54a587abf4a,d7d87c64-8282-465e-8f48-a471603ff45d,IG Story,IMAGE,13.3.2026 16:20:54,,https://www.instagram.com/stories/vsefalcons/3852039008532595197,860,790,,,
vsefalcons,instagram,709fceba-e311-48e7-9057-f54a587abf4a,32c84cdc-ecfc-49ed-b147-ea5d303caab6,IG Story,VIDEO,10.3.2026 18:59:32,@grantthorntoncz 👋🏻,https://www.instagram.com/stories/vsefalcons/3849944564048091018,1035,,,,10
vsefalcons,instagram,709fceba-e311-48e7-9057-f54a587abf4a,d11933e3-6c1b-4391-9fe5-849563a5ce2d,IG Story,IMAGE,14.3.2026 18:26:54,4 3,https://www.instagram.com/stories/vsefalcons/3852827205856443576,747,607,,,
vsefalcons,instagram,709fceba-e311-48e7-9057-f54a587abf4a,e2e51b87-6d61-40b8-abbd-ad373d7fdcc4,IG Story,VIDEO,12.3.2026 16:43:07,,https://www.instagram.com/stories/vsefalcons/3851325413834379774,1404,1288,,,
@riderspardubice,instagram,4d6a67ab-9313-4f77-a82e-abb18adbca5d,5c986b8f-b5f2-4c8f-9749-c74943d4fbb6,IG Story,VIDEO,31.3.2026 18:45:12,FANDÍ SE JAKO O ZÁVOD 🏁 🏎️ 🔥,https://www.instagram.com/stories/riderspardubice/3865157646466995880,,1043,,,3
@218107044725785,facebook,7a942e3e-6c47-4794-9ba7-bbc7b6d40cb3,79acb849-43ce-4508-bc73-dca0f87a1536,FB Video,VIDEO,10.4.2026 18:22:27,"Jsme trochu v nešťastný situaci… neznáme soupeře ani čas semifinále. 😏

Řešení? Jednoduchý.
Kup si denní vstupenku a dej si rovnou 2️⃣ zápasy + double dávku show. 🔥 Nebo si počkej do neděle, kdy už bude jasno. 👀
Vstupenky na finalfour.cz a nezapomeň využít náš kód VSEFANS! 🎟️",https://www.facebook.com/reel/1932520997630657/,455,136,3,,
vsefalcons,instagram,709fceba-e311-48e7-9057-f54a587abf4a,c7dbc658-2d79-4153-af09-6eac7239cfad,IG Story,VIDEO,26.2.2026 19:11:47,ať vám to líp myslí 🥰  @kfc_cz 🍦 😋 🤤,https://www.instagram.com/stories/vsefalcons/3841253400524636560,1040,1506,,,14
vsefalcons,instagram,709fceba-e311-48e7-9057-f54a587abf4a,d8b5a0d8-c880-44d6-a4f1-919020571c94,IG Story,VIDEO,10.3.2026 19:06:19,"ČESTNÁ BULY Ing. Brabenec Tomáš, Ph.D. LLM. doc. Ing. Petr Dvořák, Ph.D. 🤝🏻",https://www.instagram.com/stories/vsefalcons/3849948730921380229,1011,985,,,7
vsefalcons,instagram,709fceba-e311-48e7-9057-f54a587abf4a,fe170338-b184-4ce4-8a42-d33f9e840275,IG Story,VIDEO,14.3.2026 15:33:36,DNEŠNÍ KÁPO @jan_kubata 🧑🏽‍✈️,https://www.instagram.com/stories/vsefalcons/3852740006930602229,820,855,,2,2
@akademiciplzen,instagram,65494228-95bf-4f7b-8e68-d47d7262db66,c4fd12ba-3ca9-45af-8d78-f1932955aa82,IG Post,PHOTO,29.3.2026 9:16:42,"9 000! 🤯 Jste neskuteční. Obrovské díky, že jste s námi! 🏒💙

#akademiciplzen",https://www.instagram.com/p/DWdoW_QDNqR/,,6507,204,4,5
@akademiciplzen,instagram,65494228-95bf-4f7b-8e68-d47d7262db66,d5b3f90a-4f32-4972-aada-d24b334a1acf,IG Post,IMAGE,20.4.2026 12:52:05,"POV: máš přístup do alba „oblíbené“ v galeriích našich hráčů 👀📸💙 

#akademiciplzen",https://www.instagram.com/p/DXWqk5VjD6H/,,20977,376,2,33
vsefalcons,instagram,709fceba-e311-48e7-9057-f54a587abf4a,76dda5e5-eaa5-49e4-961c-23ef6cd6c83f,IG Post,IMAGE,26.2.2026 8:07:24,"It’s Falcons pub kvíz day! 🍻

Nebylo by možné ho uspořádat bez našich parterů, kterým moc děkujeme za hodnotné ceny 🤝🏼💙

Máte se na co těšit a my se těšíme na vás! 🤩",https://www.instagram.com/p/DVNr3XXiKOT/,,2255,44,,8
@univerzitnihokej,facebook,01b45180-0b14-4a14-96e8-d0a4bab1fb9f,a776a6be-6278-484a-8680-f0283d0db349,FB Video,VIDEO,16.3.2026 17:31:10,Bez kebabu od Kauflandu by to nebyla ta pravá @bitvaoprahu 🌯🔥,https://www.facebook.com/reel/943740614814433/,1118,234,,,
vsefalcons,instagram,709fceba-e311-48e7-9057-f54a587abf4a,ba4e72da-bb1a-4a33-88a8-6c6ea78812c1,IG Story,VIDEO,12.3.2026 16:01:33,,https://www.instagram.com/stories/vsefalcons/3851304517283392035,1429,1327,,,
vsefalcons,instagram,709fceba-e311-48e7-9057-f54a587abf4a,bc4f766d-90b0-4dd0-be6f-ad2717a4754b,IG Story,VIDEO,24.2.2026 18:26:51,BAGO jedno ⚽️,https://www.instagram.com/stories/vsefalcons/3839781225917626596,801,1002,,,
@riderspardubice,instagram,4d6a67ab-9313-4f77-a82e-abb18adbca5d,8069396a-55d0-4068-8822-00823bddb0b3,IG Story,IMAGE,12.4.2026 12:57:40,2:1,https://www.instagram.com/stories/riderspardubice/3873679997458452315,,1089,,,
@hcnorthwings,facebook,2b08a479-603b-46e4-8a48-2bc0435ccd53,b8c6bdec-78dd-442a-8413-04a043376650,FB Story,VIDEO,4.3.2026 16:21:36,,,,,,,
@bitvaoprahu,instagram,d7c8aa06-74fb-4c6c-a7d2-c2fe1bf6d59c,b9641acf-defe-445a-8216-e47154b7fafa,IG Post,IMAGE,10.3.2026 13:11:32,"UŽ VE ČTVRTEK…⏳

🎓4 největší pražské univerzity | ČZU • VŠE • UK •ČVUT
🎤Metrostav halftime show | Gufrau • Victor Kal. • MAT213
🏒🔥Show na ledě, i v hledišti 

…to je BITVA O PRAHU 🤩
Budeš s námi u největší sportovní události letního semestru?
🎟️bitvaoprahu.cz",https://www.instagram.com/p/DVtINcwjG5k/,,23467,424,2,21
vsefalcons,instagram,709fceba-e311-48e7-9057-f54a587abf4a,d18104cc-74ca-4065-8866-6e3244f2a434,IG Post,IMAGE,5.1.2026 11:50:07,"Bronzová tečka za skvělým výkonem @unihokejrepre na @vikingcupofc 🥉

Jsme na vás hrdí! ❤️🦅",https://www.instagram.com/p/DTIMBJjCFnU/,,8657,217,,
@united_hk,tiktok,7e062517-b9da-416d-b73d-a2c5899a2be6,df14fe93-fae4-48fd-b9d9-9c669f47f9d8,TT Video,VIDEO,10.3.2026 22:07:27,"Světla zhasínají.  Příběh hokejistů začíná. 🏒🎬 🎟️Zapoj se do soutěže: 2x2 lístky na maratón první série Heated Rivalry v kinách CineStar pro tebe a tvého kámoše!  📌Podmínky soutěže: 1) označ, s kým bys seriál chtěl/a vidět  2) dej like na post Ve čtvrtek vylosujeme 2 výherce, kteří si můžou premiéru užít přímo z první rady! #unitedhk #unihokej #hbomax #heatedrivalry",https://www.tiktok.com/@united_hk/video/7615752002194230550?utm_campaign=tt4d_open_api&utm_source=7348986504397455361,,2308,97,1,23
vsefalcons,instagram,709fceba-e311-48e7-9057-f54a587abf4a,23ae774c-4b88-4987-a7b5-41d96f9e42a3,IG Reel,VIDEO,26.3.2026 17:20:17,"Bitva o Prahu >>>

Kdo si chce připomenout elektrizující atmosféru tohoto večera, už tohle úterý na Kateřinkách dáme repete! 🫨

Zápas, ve kterým jde o hodně, a tak tam potřebujeme slyšet každého z vás! 🦅

👉🏼 vstupenky k dostání přes odkaz na profilu",https://www.instagram.com/reel/DWWxJp0iDy9/,,5334,179,,28
@cvutengineers,instagram,11963a07-7f0f-48e6-9d81-aa63a7ff4a04,63a0dfab-02d9-4053-b72c-e7d51a93fce1,IG Story,VIDEO,1.4.2026 12:27:40,🎟️ 🎟️,https://www.instagram.com/stories/cvutengineers/3865692377386323898,,194,,,
@riderspardubice,instagram,4d6a67ab-9313-4f77-a82e-abb18adbca5d,97027ea4-ab03-44cc-ae34-99a165ff6f43,IG Story,VIDEO,19.4.2026 12:23:50,,https://www.instagram.com/stories/riderspardubice/3878736265969722175,,818,,,1
vsefalcons,instagram,709fceba-e311-48e7-9057-f54a587abf4a,9c9ab8d3-cdf9-45b8-84f7-728ad31ac7a0,IG Story,VIDEO,13.3.2026 16:21:04,,https://www.instagram.com/stories/vsefalcons/3852039091521087748,853,779,,,
@riderspardubice,instagram,4d6a67ab-9313-4f77-a82e-abb18adbca5d,a48c17eb-d1a4-4a70-a94d-ae0b100fdb65,IG Post,IMAGE,8.3.2026 6:00:00,"Krásně MDŽ 💐

Bez vás by to nešlo. 🫶",https://www.instagram.com/p/DVnNVkDjGPp/,,6105,209,,10
vsefalcons,instagram,709fceba-e311-48e7-9057-f54a587abf4a,f7ef1189-38eb-4d7f-bc39-be001b94e5dd,IG Story,VIDEO,24.3.2026 18:41:17,STARTING LINE 😮‍💨,https://www.instagram.com/stories/vsefalcons/3860082213241009697,790,728,,,1
vsefalcons,instagram,709fceba-e311-48e7-9057-f54a587abf4a,5036ed9e-4944-4d58-a980-22e6f32b8b35,IG Story,VIDEO,3.3.2026 19:16:04,otevírá skóre,https://www.instagram.com/stories/vsefalcons/3844879456242528033,656,992,,,1
@united_hk,instagram,b18c071b-0570-48b2-b743-990c668c3c5b,76a6f894-0678-433e-8678-bf28da5c31ab,IG Post,IMAGE,8.4.2026 7:09:14,"Náš obránce Ondra Štembera dnes slaví narozeniny.

Všechno nejlepší, Ondro! 🎂
Užij si to.",https://www.instagram.com/p/DW3JyuGCNm3/,,1838,17,,4
@univerzitnihokej,instagram,1e114592-3529-4cfe-9977-2598454053af,c38e853c-b307-496d-a5f3-9ffb41ea7f26,IG Post,IMAGE,13.4.2026 8:54:03,"Program na čtvrtek? Máme! 😤

Kings budou v prvním semifinále bojovat proti Riders, později se pak proti sobě postaví pražské celky Engineers a Falcons 🤜🏼🤛🏼",https://www.instagram.com/p/DXENxVIiDCb/,,3895,99,,21
@bitvaoprahu,instagram,d7c8aa06-74fb-4c6c-a7d2-c2fe1bf6d59c,1ad7b12b-9530-49ac-9000-51fb31e44308,IG Reel,VIDEO,9.3.2026 18:06:44,"🏆 POHÁR ČTYŘ UNIVERZIT
…o co se vlastně hraje?

Po podzimním semifinále jsou karty rozdaný:
🥉 o bronz: ČZU vs VŠE
👑 o zlato a pohár: UK vs ČVUT

Teď drží každý tým půlku poháru.
Ve čtvrtek se rozhodne, kdo si ho odnese celý a s ním i titul vládce Prahy. 

❓Obhájí UK loňské vítězství? Nebo tentokrát ovládne Prahu ČVUT?

Rozhodne se už ve čtvrtek.
🎟️ bitvaoprahu.cz",https://www.instagram.com/reel/DVrD-FZjCWK/,,17798,166,,19
vsefalcons,instagram,709fceba-e311-48e7-9057-f54a587abf4a,83369347-3c59-4d51-9b25-5592f39c4a24,IG Story,VIDEO,20.4.2026 15:54:26,@grantthorntoncz  DĚKUJEME NAŠEMU GENERÁLNÍMU PARTNEROVI ZA SPOLUPRÁCI V LETOŠNÍ SEZONĚ 🙏🏻 Těšíme se na další…,https://www.instagram.com/stories/vsefalcons/3879567049152324743,1089,1110,,,2
@bitvaoprahu,facebook,75e0f41f-82be-4f82-a77b-82ac11135ed2,e82eca97-aed2-4c14-b67e-e13dcb27f491,FB Video,VIDEO,12.3.2026 21:24:52,🇨🇿 Holešovice lit up. 💡💡💡,https://www.facebook.com/reel/1416893500179864/,159,54,1,,
@hcmuni,facebook,d1f9e9f9-7526-42d4-85aa-13f91e89f7cf,41fb36f3-02a4-40ae-b8d8-1f02eaeaf190,FB Video,VIDEO,27.3.2026 12:15:13,"Před posledním zápasem nás čekalo i těžké loučení. Po několika letech jsme se rozloučili s důležitými postavami v historii HC MUNI.
Své působení u Medvědů završil bývalý vynikající hráč Jiří Čtvrtníček, který poslední čtyři sezony vedl kádr jako hlavní trenér. Loučíme se i s Honzou Sedlákem, který rovněž oblékal dres Masaryčky a následně u týmu působil jako asistent trenéra a sportovní manažer.
Kluci, DĚKUJEME za všechno a přejeme jen to dobré do další životní etapy. A přijďte se na nás někdy podívat, budeme se těšit 💙

#hcmuni",https://www.facebook.com/reel/1271975764438928/,2581,857,12,,
vsefalcons,instagram,709fceba-e311-48e7-9057-f54a587abf4a,4af92a52-3c5b-4b77-b27c-d6830df13f56,IG Story,VIDEO,17.2.2026 9:12:26,"dneska hokej,
zítra 🥳",https://www.instagram.com/stories/vsefalcons/3834428740290012379,760,1027,,,1
@akademiciplzen,instagram,65494228-95bf-4f7b-8e68-d47d7262db66,4cf6bc12-d481-48ac-91f2-94692a2e3f9a,IG Story,VIDEO,17.4.2026 19:47:20,,https://www.instagram.com/stories/akademiciplzen/3877509973316242984,,889,,,
vsefalcons,instagram,709fceba-e311-48e7-9057-f54a587abf4a,6f97eaad-4492-4575-a6d5-9808b2bacdc5,IG Story,VIDEO,18.3.2026 12:04:08,@veolia_cz  NA VELETRHU ŠANCE 🤩,https://www.instagram.com/stories/vsefalcons/3855533667695207054,1256,1392,,,
@hcmuni,facebook,d1f9e9f9-7526-42d4-85aa-13f91e89f7cf,e2efc2dd-28bc-4caa-b2e2-76f4c238f430,FB Post,IMAGE,5.3.2026 10:24:15,"Včerejší divoká přestřelka ve fotkách🔥🎯 Děkujeme všem za podporu, vidíme se příští týden opět u nás na Lužánkách🐻💙

#hcmuni",https://www.facebook.com/1581741777288398/posts/1557438343052075,678,,3,,
vsefalcons,instagram,709fceba-e311-48e7-9057-f54a587abf4a,0082d435-2b08-406c-98e0-1c2438ce6506,IG Story,VIDEO,31.3.2026 15:31:34,nechť ať kluci navaří,https://www.instagram.com/stories/vsefalcons/3865060189246343464,984,998,,1,
vsefalcons,instagram,709fceba-e311-48e7-9057-f54a587abf4a,9993ee7c-5edb-4386-8806-be5c4c2c660f,IG Reel,VIDEO,24.12.2025 12:03:05,"Doufáme, že nejen kluci, ale i vy všichni najdete o Vánocích přesně to, co si přejete. 🎄
Krásné Vánoce a klidné svátky přeje celý tým Falcons 🦅",https://www.instagram.com/reel/DSpTjm8iDdU/,,7222,209,5,28
@univerzitnihokej,instagram,1e114592-3529-4cfe-9977-2598454053af,53d9389e-f789-41c8-a4d5-43f9cee44452,IG Reel,VIDEO,25.3.2026 13:03:33,"Minulou sezonu si výherkyně odnesla šek na čtvrt milionu od ČSOB. 💙 

Letos hrajeme o 1️⃣0️⃣0️⃣ 0️⃣0️⃣0️⃣ Kč. Kdo je získá tentokrát? 👀

🔗 Založ si účet u ČSOB přes odkaz v našem biu a možná to budeš právě ty. 🫵🏻",https://www.instagram.com/reel/DWTucuHiABR/,,7944,112,,7
@hcnorthwings,facebook,2b08a479-603b-46e4-8a48-2bc0435ccd53,e6edd936-ec58-4fac-a3d1-d30f588982d0,FB Video,VIDEO,4.3.2026 20:46:27,🎤 | Pozápasové ohlasy z 23. kola @univerzitnihokej v podání @czufarmers (Matěj #Pavlovic) #univerzitnihokej,https://www.facebook.com/reel/845585501856973/,242,88,,,
@univerzitnihokej,instagram,1e114592-3529-4cfe-9977-2598454053af,095c49dc-8773-4175-8112-f4988719632a,IG Post,IMAGE,28.3.2026 19:06:38,V jižních Čechách půjde ve středu o všechno 🥵 Black Dogs vyzvou k souboji brněnské Cavaliers ⚔️,https://www.instagram.com/p/DWcG8-iiL7J/,,7454,172,1,15
@riderspardubice,instagram,4d6a67ab-9313-4f77-a82e-abb18adbca5d,de02193b-876b-42f9-9241-b2dcc22b8038,IG Reel,VIDEO,2.4.2026 6:56:25,"Finále play-in v Praze proti @cvutengineers! ⚡️

Zápas, kde jde o postup do @unihokejfinalfour 🤩",https://www.instagram.com/reel/DWnrYJhjBZ2/,,4613,76,,5
vsefalcons,instagram,709fceba-e311-48e7-9057-f54a587abf4a,0d2cdacf-d39c-4e72-b621-7ebae962cfe4,IG Story,VIDEO,10.2.2026 19:00:03,,https://www.instagram.com/stories/vsefalcons/3829651063305698763,639,892,,,8
@bitvaoprahu,facebook,75e0f41f-82be-4f82-a77b-82ac11135ed2,2dbe5c33-287f-434d-ae21-1cc54551627b,FB Post,IMAGE,12.3.2026 20:30:36,"RUKU NA SRDCE! ❤️‍🔥🔥 Všichni jsme tak trochu blázni. 🤪

📸 @vratapolivka_photo & @novacek_photography",https://www.facebook.com/1441262177797849/posts/1420371573220243,278,,1,,
@cvutengineers,instagram,11963a07-7f0f-48e6-9d81-aa63a7ff4a04,42709450-dae2-4d45-8758-d220a670cfa3,IG Post,IMAGE,17.4.2026 21:48:31,"Teď to bolí. Dali jsme do toho všechno. Do poslední vteřiny.
Tentokrát to na zlato nestačilo.

Díky, že jste v tom jeli s náma celou sezonu. Pro ten pohár se vrátíme. Silnější.

#engprg #srdcelva",https://www.instagram.com/p/DXP5V95DErh/,,6045,226,,6
@riderspardubice,facebook,f99ed6c3-17cc-46f4-a32e-d9b0576ce2df,79347951-ae38-460e-97c5-7ab87fc3d7bb,FB Post,IMAGE,24.3.2026 13:37:14,"Včera jsme se na domácím ledě rozloučili s @dominikkopecky_99 a @daniel.skryp, pro které je toto poslední sezona v dresu Riders ❤️‍🩹

Díky kluci za vše, co jste Riders dali a přejeme vám mnoho úspěchů!",https://www.facebook.com/1592662819534019/posts/1585474470252854,754,,1,,
@univerzitnihokej,facebook,01b45180-0b14-4a14-96e8-d0a4bab1fb9f,8f73dab9-199e-4cd4-b41a-ce82a3c2398e,FB Video,VIDEO,11.3.2026 19:38:51,Kluci v Ostravě se toho taky nebojí👀,https://www.facebook.com/reel/905770902437874/,1745,716,3,,
@cvutengineers,instagram,11963a07-7f0f-48e6-9d81-aa63a7ff4a04,d496f958-5b87-40b5-94e6-96c4ae50e88e,IG Story,VIDEO,2.4.2026 12:07:20,,https://www.instagram.com/stories/cvutengineers/3866406892247759651,,937,,,3
@BOhokej,facebook,c9082543-a03b-490f-8f97-66d439acce89,5d4286c4-b61c-45f8-a591-0144051755cd,FB Post,IMAGE,18.3.2026 11:28:37,"GAME DAY🔥 JEDEME DO PRAHY 
Sleduj živě a nebo doraz na Hvězdu!
@cvutengineers x @boostrava",https://www.facebook.com/1477974067675582/posts/1465711505568505,146,,2,,
vsefalcons,instagram,709fceba-e311-48e7-9057-f54a587abf4a,7d5f292a-7b52-4374-9e9d-ac2eb619f1e7,IG Story,VIDEO,14.3.2026 17:12:53,"JONÁŠ JOBÁNEK nás posílá potřetí
do vedení 😜",https://www.instagram.com/stories/vsefalcons/3852789971920935073,749,713,,,1
vsefalcons,instagram,709fceba-e311-48e7-9057-f54a587abf4a,999d292b-7bda-4b89-bbaa-bacecea78806,IG Story,VIDEO,16.4.2026 17:46:29,MARODI JAKO no.  1 SUPPORT,https://www.instagram.com/stories/vsefalcons/3876724271191969454,1030,987,,,4
@AkademiciPlzen,facebook,d87b94e3-03e8-45d0-b92e-75e9b819545c,d7501d2c-0fe1-4786-9a77-48d6c0c87ee0,FB Video,VIDEO,5.3.2026 20:38:55,"Zařvat si a zatancovat, to prostě k sladké výhře patří! 😝🏆

#akademiciplzen 💙",https://www.facebook.com/reel/1960188794598098/,1083,355,9,,
@akademiciplzen,instagram,65494228-95bf-4f7b-8e68-d47d7262db66,271d12d3-5f1d-4e1b-abac-9945ceaa2b6d,IG Post,IMAGE,26.3.2026 20:01:57,"Všechno nebo nic.

#akademiciplzen",https://www.instagram.com/p/DWXD1u1DMdR/,,3880,148,,1
@cvutengineers,instagram,11963a07-7f0f-48e6-9d81-aa63a7ff4a04,a41f128e-c4a5-4fe6-8a7c-4ac842899563,IG Post,IMAGE,10.3.2026 21:38:36,"2 body jsou naše! Po samostatných nájezdech si odvážíme z Kateřinek cenné body 🔥. Hlavní vrchol týdne nás ale ještě čeká, Bitva o Prahu je za dveřmi. Vidíme se ve čtvrtek ENGPRG 💙.",https://www.instagram.com/p/DVuCB_FjW17/,,4246,100,,5
@cvutengineers,instagram,11963a07-7f0f-48e6-9d81-aa63a7ff4a04,a41f4421-a369-45fa-88af-8f3a3f2bca06,IG Story,VIDEO,8.4.2026 16:03:20,ENGPRG BOYS 🦁 spotted v neskutečným stylu😮‍💨,https://www.instagram.com/stories/cvutengineers/3870874369472126402,,1361,,,10
@engineersprague,facebook,afd06d1d-7b1c-4f66-8d93-ce4255ab773c,a583c5aa-e433-435a-9973-67fd9cedefe1,FB Post,IMAGE,17.4.2026 10:49:02,"Polední rozbruslení za námi, atmosféra byla/je dobrá 🤓

Těšíme se na večer 👀

📸: @ondra_mann 

#srdcelva",https://www.facebook.com/1560924572517692/posts/1574912124452270,1016,,14,,
@riderspardubice,instagram,4d6a67ab-9313-4f77-a82e-abb18adbca5d,d64b202f-9537-400b-bcd9-c4c85ad4747f,IG Story,VIDEO,17.4.2026 15:30:35,2. TŘETINA 🤗 1:2,https://www.instagram.com/stories/riderspardubice/3877380656582101606,,902,,,
@cvutengineers,instagram,11963a07-7f0f-48e6-9d81-aa63a7ff4a04,e0bafd50-2280-4fb7-85d2-e4370a2178ca,IG Story,VIDEO,29.4.2026 7:07:16,VČEREJŠÍ BRUSLENÍ  s #engprg family🥹 👉🏻,https://www.instagram.com/stories/cvutengineers/3885824645576580327,,1991,,,14
vsefalcons,instagram,709fceba-e311-48e7-9057-f54a587abf4a,2f65e9ad-31bb-40b0-803d-e038e8c0a94b,IG Story,VIDEO,12.4.2026 22:23:11,@ppulda_,https://www.instagram.com/stories/vsefalcons/3873964625343574747,655,112,,,
@univerzitnihokej,instagram,1e114592-3529-4cfe-9977-2598454053af,4b7f8ec1-30dc-4cf6-906c-9f9c2c1606c8,IG Story,IMAGE,8.4.2026 19:51:43,1 1,https://www.instagram.com/stories/univerzitnihokej/3870989310539336318,,660,,,
@akademiciplzen,instagram,65494228-95bf-4f7b-8e68-d47d7262db66,73ec6953-34ba-484b-882b-78df1a9db789,IG Story,IMAGE,18.4.2026 10:02:24,,https://www.instagram.com/stories/akademiciplzen/3877940426221310365,,1031,,,4
@univerzitnihokej,instagram,1e114592-3529-4cfe-9977-2598454053af,c6643db8-7ba2-4d1b-b96e-b94a67d4c2d9,IG Story,VIDEO,10.4.2026 14:55:40,,https://www.instagram.com/stories/univerzitnihokej/3872289871901495298,,797,,,
vsefalcons,instagram,709fceba-e311-48e7-9057-f54a587abf4a,58413a77-0ea5-4fdb-a987-d6926a91733e,IG Story,VIDEO,8.4.2026 9:24:28,,https://www.instagram.com/stories/vsefalcons/3870673579289387978,1349,1653,,1,11
@univerzitnihokej,instagram,1e114592-3529-4cfe-9977-2598454053af,5855497f-35d7-4748-a1ab-12999e7067a6,IG Post,IMAGE,2.4.2026 12:08:11,"Ve finále play-in si to rozdají pražští rivalové! 👀 Už ve středu se rozhodne, kdo postoupí do @unihokejfinalfour 😮‍💨",https://www.instagram.com/p/DWoPPlRCItU/,,13062,230,,31
@unitedhk,facebook,bfe6cc29-a387-41b9-9bca-b077722556af,82b91954-abfa-4da8-866c-7463e6325b1d,FB Video,VIDEO,14.3.2026 10:30:21,"Včera jsme to dali na velkém plátně 🎬🏒

Heated Rivalry maraton v CineStaru.
Děkujeme @hbomaxczsk 

#unitedhk #cinestar #heatedrivalry #hbomax",https://www.facebook.com/reel/1586738969108958/,344,78,2,,
@cvutengineers,instagram,11963a07-7f0f-48e6-9d81-aa63a7ff4a04,99441135-9148-48fe-94ac-dd5a06a7bea5,IG Story,VIDEO,17.4.2026 8:47:43,,https://www.instagram.com/stories/cvutengineers/3877177978308541842,,1803,,,
vsefalcons,instagram,709fceba-e311-48e7-9057-f54a587abf4a,765a0fda-b56e-4ee6-8bae-024dae0c01d2,IG Story,VIDEO,3.2.2026 19:07:08,ZPÁTKY DOMA 👀,https://www.instagram.com/stories/vsefalcons/3824581235742119658,,935,,,
@riderspardubice,facebook,f99ed6c3-17cc-46f4-a32e-d9b0576ce2df,80705603-f27b-4159-9104-3c3571fcabe1,FB Post,IMAGE,12.3.2026 7:15:13,"V pondělí jsme opět společně pomáhali.

Tentokrát KoČIČÍmu depozitu Lovčice. 😻

Děkujeme!",https://www.facebook.com/1592662819534019/posts/1574217614711873,217,,2,,
@218107044725785,facebook,7a942e3e-6c47-4794-9ba7-bbc7b6d40cb3,8e3d67d4-7451-4130-85d8-ce6cc9db0812,FB Video,VIDEO,17.3.2026 20:17:10,"Garnier Fructis je u nás v šatně cenný zboží 🧴💆‍♂️
Kdo má, nepůjčuje. Kdo nemá, lituje. 😄",https://www.facebook.com/reel/2702593906765097/,428,150,3,,
vsefalcons,instagram,709fceba-e311-48e7-9057-f54a587abf4a,9cbcd23a-a266-4edc-9e1b-afc4434118a6,IG Story,VIDEO,10.4.2026 14:52:57,"JDEME SI PRO TITUL, 
BUĎ U TOHO S NÁMI 🦅 🏆 kód:VSEFANS pro -15%",https://www.instagram.com/stories/vsefalcons/3872288505623762728,718,698,,,4
vsefalcons,instagram,709fceba-e311-48e7-9057-f54a587abf4a,c8e8fb99-8504-4250-81be-1b71d6d60873,IG Story,IMAGE,17.2.2026 20:21:28,1 3,https://www.instagram.com/stories/vsefalcons/3834765477579101417,616,801,,,
@unitedhk,facebook,bfe6cc29-a387-41b9-9bca-b077722556af,8d814ec5-cf61-41fb-87e4-f9121269ff29,FB Post,IMAGE,8.4.2026 15:11:57,"Děkujeme za sezonu 2025/26

Minulý týden pro nás skončila sezona.
Vypadli jsme v semifinále Play-In a tím se uzavřela naše cesta ročníkem 2025/26.

Nebyl to konec, jaký jsme si přáli. Ale o to víc si vážíme každého, kdo v tom s námi jel celou sezonu.

Chceme poděkovat každému, kdo dorazil do ČPP arény, sledoval nás, fandil, sdílel, psal nebo stál za námi během celé sezony.

Díky, že jste v tom byli s námi.
🖤🧡

#unitedhk #unihokej #hokej",https://www.facebook.com/122180651084388974/posts/122180767850388974,461,,9,,
@riderspardubice,instagram,4d6a67ab-9313-4f77-a82e-abb18adbca5d,c5266005-b041-4ea9-b8d5-a0e79540ae97,IG Story,IMAGE,31.3.2026 16:29:07,,https://www.instagram.com/stories/riderspardubice/3865089102605714852,,1119,,,1
@univerzitnihokej,instagram,1e114592-3529-4cfe-9977-2598454053af,63cf91c6-9538-4971-9091-1827395e03d8,IG Story,IMAGE,8.4.2026 18:57:24,1 1,https://www.instagram.com/stories/univerzitnihokej/3870961974649612239,,749,,,
@cvutengineers,instagram,11963a07-7f0f-48e6-9d81-aa63a7ff4a04,a314cb73-6275-49e3-a681-c540a4b204bf,IG Story,IMAGE,8.4.2026 20:38:16,2 1,https://www.instagram.com/stories/cvutengineers/3871012714714034154,,734,,,2
vsefalcons,instagram,709fceba-e311-48e7-9057-f54a587abf4a,03373b88-3fb0-4fbd-b655-1d68aaa9b6a4,IG Reel,VIDEO,31.1.2026 20:56:54,"did they win? 🤔 
#vsefalcons #vse #gofalconsgo #univerzitnihokej",https://www.instagram.com/reel/DUMGyF8CKuK/,,412871,12030,213,1025
vsefalcons,instagram,709fceba-e311-48e7-9057-f54a587abf4a,6513418d-d390-47ab-acdf-535ee3b1f61d,IG Post,IMAGE,25.2.2026 21:13:52,"PUK PAK PIVO? 🍺
Úterý = Falcons zápas, ale ne jen tak ledajaký 👀 Ve spolupráci s @mosteckamontazni 🛠️ vás čeká speciální program 🥳 jo a přijedou @akademiciplzen 

📅 úterý 3. března
🕑 19:30
📍 Ice Arena Kateřinky
🎟️ lístky na profilu",https://www.instagram.com/p/DVMhEwECKlA/,,8552,101,1,53
vsefalcons,instagram,709fceba-e311-48e7-9057-f54a587abf4a,4e7f68c3-707b-4c6a-8c03-62340ca259ee,IG Post,CAROUSEL_ALBUM,10.2.2026 17:57:39,Game mode: ON 🔥,https://www.instagram.com/p/DUlisc7iNkw/,,13936,278,1,72
@riderspardubice,instagram,4d6a67ab-9313-4f77-a82e-abb18adbca5d,ca88cbb9-82d2-4780-bdc7-acd9b113aab4,IG Reel,VIDEO,3.4.2026 16:00:08,"Čistá hlava, čistá hra 🔥🥵
@garnier_czsk",https://www.instagram.com/reel/DWrOmMSxJG6/,,6311,179,,24
@riderspardubice,instagram,4d6a67ab-9313-4f77-a82e-abb18adbca5d,6a82699f-e729-4575-bcdb-c729d3bfa9e7,IG Story,VIDEO,14.4.2026 9:45:43,🎟️,https://www.instagram.com/stories/riderspardubice/3875032930083165722,,586,,,
vsefalcons,instagram,709fceba-e311-48e7-9057-f54a587abf4a,aa9c9353-561a-415e-a0ad-7602e1777045,IG Story,VIDEO,13.3.2026 17:01:30,,https://www.instagram.com/stories/vsefalcons/3852059444423206662,825,699,,,
vsefalcons,instagram,709fceba-e311-48e7-9057-f54a587abf4a,f698d5e6-772a-437c-b15c-7156ab135014,IG Story,VIDEO,24.2.2026 21:40:09,Kryštof Chymo na micu 🎙️,https://www.instagram.com/stories/vsefalcons/3839878593623123215,633,799,,,8
@united_hk,instagram,b18c071b-0570-48b2-b743-990c668c3c5b,2f364b91-a20e-4948-bca1-4b262b999ee4,IG Story,VIDEO,10.4.2026 15:48:43,,https://www.instagram.com/stories/united_hk/3872316519279504348,,413,,,
@univerzitnihokej,instagram,1e114592-3529-4cfe-9977-2598454053af,3b97b04c-65db-4900-849c-1f25b9670deb,IG Post,IMAGE,8.4.2026 19:29:00,@vsefalcons vítáme vás ve @unihokejfinalfour 👋🏻 Vidíme se 16.4. na Edenu! 🔥,https://www.instagram.com/p/DW4edbSCPDI/,,8729,181,,22
@univerzitnihokej,facebook,01b45180-0b14-4a14-96e8-d0a4bab1fb9f,4300e9d2-6bd3-4f17-b0a9-32a8f66b52b6,FB Post,IMAGE,25.3.2026 18:14:31,"ZNÁME PRVNÍ DVOJICI PLAY-IN! 📣
Na pražských Kateřinkách se v úterý utkají @vsefalcons proti @united_hk o postup do finále play-in 🥵",https://www.facebook.com/1275398168115026/posts/1270234815298028,1683,,5,,
@univerzitnihokej,instagram,1e114592-3529-4cfe-9977-2598454053af,a34c2e06-b5c8-408d-a1eb-ac8f3a1f3e5f,IG Post,IMAGE,6.4.2026 8:09:47,"Veselé Velikonoce 🐣 Prokousali jsme se skořápkou a to nejlepší čeká uvnitř 👀
Final Four se blíží… 🔥",https://www.instagram.com/p/DWyHI-ZiHfh/,,3183,112,,2
vsefalcons,instagram,709fceba-e311-48e7-9057-f54a587abf4a,c9cdee1b-acd1-4c96-a709-db29db6fd29d,IG Story,VIDEO,1.6.2026 14:14:55,@vsecz @ctvsvse  PRO DNEŠEK HOTOVO 🫡 💪🏼,https://www.instagram.com/stories/vsefalcons/3909957517836863367,,1176,,,5
vsefalcons,instagram,709fceba-e311-48e7-9057-f54a587abf4a,f13f219c-46cc-472d-a53e-f86637f660e5,IG Reel,VIDEO,11.2.2026 20:36:55,Dlouho očekávaný @strnyjan na micu je tady 🤓,https://www.instagram.com/reel/DUoZr6iCPyh/,,5623,75,1,25
@cvutengineers,instagram,11963a07-7f0f-48e6-9d81-aa63a7ff4a04,b34a6685-3b70-47b4-96bb-337a1e51fff7,IG Story,VIDEO,5.4.2026 17:39:07,🫵🏻,https://www.instagram.com/stories/cvutengineers/3868748236970537696,,758,,,1
@akademiciplzen,instagram,65494228-95bf-4f7b-8e68-d47d7262db66,0d239c73-29bb-439e-89be-a874e4d27ec2,IG Post,PHOTO,29.3.2026 18:16:12,"Play-in je tady! 🤜🏼🤛🏼

Ve středu 1. 4. jdeme na led proti @czufarmers a jde o všechno! Kdo chce ušetřit na lístku, má čas jen do dnešní půlnoci. ⏳

👉🏼 Dnes za 100 Kč, od zítra za 150 Kč.
Lístky najdeš v biu nebo ve stories. Tak vidíme se ve středu na tribuně? 💙

#akademiciplzen",https://www.instagram.com/p/DWelnTdjNZ0/,,5101,44,,15
@riderspardubice,instagram,4d6a67ab-9313-4f77-a82e-abb18adbca5d,25d7b568-4f83-436d-a644-ea40d36e8281,IG Story,VIDEO,17.4.2026 16:01:21,,https://www.instagram.com/stories/riderspardubice/3877396223598834604,,865,,,
vsefalcons,instagram,709fceba-e311-48e7-9057-f54a587abf4a,29aa666c-4f37-4fae-8256-72fe054b09aa,IG Story,VIDEO,13.3.2026 16:21:48,,https://www.instagram.com/stories/vsefalcons/3852039467758561451,851,861,,,42
vsefalcons,instagram,709fceba-e311-48e7-9057-f54a587abf4a,5e94339a-9703-4f7c-ac05-5399ffc432ba,IG Reel,VIDEO,29.3.2026 16:13:14,"Tak co, podrží kluci z @united_hk chlapy z @mountfieldhk a budou nabírat síly na novou sezonu společně? 😏

Přijďte to zjistit v úterý v 17:00 na @icearenakaterinky ‼️ Budeme vás potřebovat! 🦅

👉🏼 vstupenky k dostání na profilu 

#vsefalcons #playin",https://www.instagram.com/reel/DWeYCZiiEEA/,,4692,132,2,10
@AkademiciPlzen,facebook,d87b94e3-03e8-45d0-b92e-75e9b819545c,89a52ae8-a8ca-4a68-9c05-b03480dfac95,FB Video,VIDEO,10.4.2026 17:32:29,"Hra bez gólmana není pro slabé povahy. 🫣

Na posledním tréninku si @_jakubsucha_  vyzkoušel, jaké to je být v bráně – občas na to ale možná zapomněl! 😆

#akademiciplzen 💙",https://www.facebook.com/reel/1197475985636191/,2051,860,6,,
@univerzitnihokej,facebook,01b45180-0b14-4a14-96e8-d0a4bab1fb9f,b7368d90-0d3b-4bfa-b3db-9d2291dfbd50,FB Post,IMAGE,27.3.2026 11:10:33,"@adammisik díky, že sis udělal zastávku na unihokeji v Hradci! 👀

Držíme palce dnes ve Fórum Karlín. 🙌",https://www.facebook.com/1275398168115026/posts/1271672408487602,851,,4,,
@akademiciplzen,instagram,65494228-95bf-4f7b-8e68-d47d7262db66,c30f198e-837c-4d7b-a73c-fdb6088c2ec4,IG Story,VIDEO,9.4.2026 12:55:29,TĚŠÍME SE NA VÁS DNES V 18:30 NA LEDĚ! ⛸️,https://www.instagram.com/stories/akademiciplzen/3871504566013719515,,981,,,4
@riderspardubice,instagram,4d6a67ab-9313-4f77-a82e-abb18adbca5d,e8aaa39b-3fc4-4c60-8214-78f184cb82eb,IG Story,VIDEO,12.4.2026 13:35:05,DOLADIT TAKTIKU🏒,https://www.instagram.com/stories/riderspardubice/3873698917930273287,,1134,,,
@cvutengineers,instagram,11963a07-7f0f-48e6-9d81-aa63a7ff4a04,e9e6220e-b1bf-40d4-96f5-c172573e844e,IG Reel,VIDEO,22.4.2026 18:31:34,"S červenejma vlajkama je stejně větší sranda🤭

#hokejisti #engprg",https://www.instagram.com/reel/DXca-PDDJej/,,290131,11262,302,5159
@vutcavaliersbrno,instagram,b384bebf-72f3-4f9d-8b2d-3677709f6966,5e9f9a10-ccac-42fa-b10b-73c70af9dad1,IG Post,IMAGE,14.4.2026 13:07:23,Ohlédnutí za sezonou🙂‍↕️❤️,https://www.instagram.com/p/DXHPjoYCAzY/,,8224,165,,32
@akademiciplzen,instagram,65494228-95bf-4f7b-8e68-d47d7262db66,91dd321e-75ef-4efb-9173-9039a7feab47,IG Post,IMAGE,18.3.2026 22:22:49,"3 VÝHRY V ŘADĚ! 👊🏻

Z Brna vezeme výhru 1:4 a držíme si tak 4. místo v tabulce. 🍫 Hráčem zápasu se stává Jíří Beníšek. 👑

Jsme READY na poslední domácí zápas základní části! Přijď nás 25. 3. podpořit a pojďme to společně uzavřít vítězně! 💙

#akademiciplzen",https://www.instagram.com/p/DWCsnLdjAqL/,,20667,284,1,27
@univerzitnihokej,instagram,1e114592-3529-4cfe-9977-2598454053af,454c0379-55c1-4718-92fe-60da5c85f877,IG Post,PHOTO,31.3.2026 19:45:24,Falcons si v prodloužení zajistili místo ve finále PLAY-IN 🦅🔥,https://www.instagram.com/p/DWj519JCBTa/,,7652,228,1,9
@akademiciplzen,instagram,65494228-95bf-4f7b-8e68-d47d7262db66,a6793631-7026-4474-843a-4fbb7329b3a2,IG Post,IMAGE,2.4.2026 15:20:40,"Těžko se teď hledají slova. Včerejším zápasem pro nás sezona 25/26 bohužel končí. Obrovské díky vám všem za podporu! 💙🏒 

#akademiciplzen",https://www.instagram.com/p/DWolOd-jIdQ/,,16168,410,1,38
@bitvaoprahu,facebook,75e0f41f-82be-4f82-a77b-82ac11135ed2,c3bd8cdd-7b32-4061-95c1-05fd15142f4d,FB Post,ALBUM,15.3.2026 20:41:36,Repete kdy? 🥹 Nějak se toho čtvrtečního finále nemůžem nabažit ❤️,https://www.facebook.com/1441262177797849/posts/1422705696320164,342,,2,,
@akademiciplzen,instagram,65494228-95bf-4f7b-8e68-d47d7262db66,aa4d15d4-25cb-49db-a5f8-f385c3b567dc,IG Story,VIDEO,7.4.2026 12:32:46,ZAFANDI ZÍTRA NAŠIM VOLEJBALISTŮM 👊🏻,https://www.instagram.com/stories/akademiciplzen/3870043576331964602,,1036,,,
@united_hk,instagram,b18c071b-0570-48b2-b743-990c668c3c5b,3c8fcfe7-ca7c-46e0-b8dc-7daf74903ea1,IG Post,IMAGE,19.4.2026 11:15:31,"Děkujeme společnosti Ventio za podporu v sezoně 2025/26.

Spojení tradice a inovací v oblastech projektování, ekologie, recyklace a developmentu.

Díky, že stojíte za UNIted HK. 🖤🧡",https://www.instagram.com/p/DXT6uIuiB6U/,,811,10,,
@riderspardubice,instagram,4d6a67ab-9313-4f77-a82e-abb18adbca5d,db9d1bec-19fd-4e0f-b715-696bee10c74c,IG Post,IMAGE,3.3.2026 14:09:47,"🔥👏 Tak tahle včerejší střela do branky během přestávkové soutěže od dámského týmu byla naprosto přesná a holky si vystřílely dvě moderní powerbanky od @enteria_holding!

Gratulujeme holkám a čekáme je na tryoutu 💪
A děkujeme @enteria_holding za krásné ceny! 🧡

A jestli chceš vyhrát něco i ty, stav se na zápase 9. 3. - vstupenky koupíš v BIU 🤫

📸 @radimjoska7",https://www.instagram.com/p/DVbNT-1DPr6/,,6036,111,1,11
@218107044725785,facebook,7a942e3e-6c47-4794-9ba7-bbc7b6d40cb3,7c91ae95-3e0f-441f-853c-4a657f8e7f2d,FB Post,IMAGE,8.4.2026 7:48:14,"Soupeř, kterého už dobře známe. Finále play-in dnes odehrajeme v Českých Budějovicích.

Fandit můžete na dálku na ČT sport+ 🍿",https://www.facebook.com/122282816036218300/posts/122282920406218300,313,,10,,
@united_hk,instagram,b18c071b-0570-48b2-b743-990c668c3c5b,d6dcffdb-9e93-4f68-a63c-f4bde2192ffd,IG Story,VIDEO,22.4.2026 18:32:07,,https://www.instagram.com/stories/united_hk/3881095968556862584,,314,,,
@AkademiciPlzen,facebook,d87b94e3-03e8-45d0-b92e-75e9b819545c,5297dbcb-9807-4c7a-8eb0-279f1b99c6c2,FB Post,IMAGE,7.3.2026 19:56:43,"O Afterparty Jarní bitvy se bude mluvit ještě hodně dlouho… 🧨🪩
Kdo byl, ví. Kdo nebyl, příště nesmí chybět!

#akademiciplzen | 📸 @vpotocesevodatoci",https://www.facebook.com/1357105236437494/posts/1337043701776981,2315,,8,,
vsefalcons,instagram,709fceba-e311-48e7-9057-f54a587abf4a,7bf40f8e-a6ae-43e3-9c47-111131491b08,IG Story,VIDEO,17.4.2026 14:11:58,S KÝM DNESKA MŮŽEME POČÍTAT?,https://www.instagram.com/stories/vsefalcons/3877341089564746014,885,918,,,2
@riderspardubice,instagram,4d6a67ab-9313-4f77-a82e-abb18adbca5d,d04e9b63-df56-4057-b852-8f016941b671,IG Reel,VIDEO,12.4.2026 15:17:00,Tenhle moment nezapomeneme! 🫶,https://www.instagram.com/reel/DXCUotFjOLj/,,10066,373,,11
@univerzitnihokej,instagram,1e114592-3529-4cfe-9977-2598454053af,d4a3bd0a-47c6-46b9-b9f7-22b1700f1728,IG Reel,VIDEO,21.4.2026 16:00:02,"Co se stane ve sprchách…
zůstane ve sprchách 😏🚿",https://www.instagram.com/reel/DXZkxiACKub/,,121354,5482,57,3896
@AkademiciPlzen,facebook,d87b94e3-03e8-45d0-b92e-75e9b819545c,9b8239a1-3e2f-496f-b45a-99de2353cb5d,FB Post,IMAGE,2.4.2026 15:18:18,"Těžko se teď hledají slova. Včerejším zápasem pro nás sezona 25/26 bohužel končí. Obrovské díky vám všem za podporu! 💙🏒 

#akademiciplzen",https://www.facebook.com/1357105236437494/posts/1358331332981551,489,,27,,
vsefalcons,instagram,709fceba-e311-48e7-9057-f54a587abf4a,502f1e49-3eba-42e7-958b-bc466fed4fd3,IG Story,VIDEO,23.5.2026 19:37:11,@_jobas57_,https://www.instagram.com/stories/vsefalcons/3903596747305824748,,519,,,6
@hc_muni,instagram,43cd62c8-609d-4ea6-8ce9-cae5242ede0c,991e0e94-7645-4c18-b21c-88b572d8b4c6,IG Post,IMAGE,18.3.2026 7:40:01,"Derby jak Brno!💙❤️ Poslední zápas základní části bude stát za to 🐻⚔️ Tak si ho nenech ujít a přijď příští středu k nám na Lužánky!

Lístky seženeš u nás v biu 🎟️",https://www.instagram.com/p/DWBIEdLiGQh/,,47156,625,,342
@engineersprague,facebook,afd06d1d-7b1c-4f66-8d93-ce4255ab773c,bdf588fd-965d-455f-a861-0e0c0a361ddf,FB Post,IMAGE,4.3.2026 21:45:47,"Dneska zůstaly 3 body doma na Hvězdě ✊🏼
No a příští týden bude nabitej 🫡 be ready!

#engprg #win",https://www.facebook.com/1560924572517692/posts/1537135281563288,383,,5,,
@unitedhk,facebook,bfe6cc29-a387-41b9-9bca-b077722556af,16a0f0d8-2b80-4ecc-a8e4-77418834e70a,FB Post,IMAGE,27.4.2026 11:12:25,"S UNIted HK se loučí i náš asistent trenéra Mario Kellner.

Mario byl důležitou součástí realizačního týmu a podílel se na tom, jak tým fungoval na ledě i mimo něj.
Svoji práci dělal poctivě a vždy ve prospěch týmu.

Díky za čas, energii a všechno, co jsi pro UNIted HK udělal.

Přejeme ti hodně štěstí do další životní kapitoly.
🖤🧡",https://www.facebook.com/122180651084388974/posts/122182542464388974,2267,,,,
@united_hk,instagram,b18c071b-0570-48b2-b743-990c668c3c5b,936ced53-e131-4968-bb60-4e9fc008f695,IG Story,IMAGE,9.4.2026 13:04:30,,https://www.instagram.com/stories/united_hk/3871509131991472381,,521,,,
@riderspardubice,instagram,4d6a67ab-9313-4f77-a82e-abb18adbca5d,b422e6c1-144c-4af7-be40-257b068dd9f9,IG Post,ALBUM,26.3.2026 19:34:36,Kolik Kopců vidíš na obrázku? 🙌🧔🏻🫶,https://www.instagram.com/p/DWXAxFgDH4b/,,7023,246,,11
@univerzitnihokej,instagram,1e114592-3529-4cfe-9977-2598454053af,3a01ca50-c061-42e7-a82e-7acadb63d84f,IG Reel,VIDEO,8.4.2026 21:56:07,@vsefalcons si své místo ve FINAL FOUR zajistili! 🎟️ Zajisti si i ty své a kupuj vstupenky na finalfour.cz 🫵🏻🔥,https://www.instagram.com/reel/DW4vKJiiMot/,,10223,217,1,10
@engineersprague,facebook,afd06d1d-7b1c-4f66-8d93-ce4255ab773c,4df01b66-e6b1-4817-bde2-50271bd4d219,FB Post,IMAGE,2.3.2026 10:35:22,"🚨 GAMEDAY | Dnes vyrážíme bojovat do Pardubic!
Přivezeme si zpět do Prahy cenné 3 body? Fandit můžete od 19:00 na TV Tipsport ⚔️. 

#engprg #srdcelva",https://www.facebook.com/1560924572517692/posts/1535010301775786,444,,4,,
@BOhokej,facebook,c9082543-a03b-490f-8f97-66d439acce89,6f56f750-a354-4a10-8571-0f8095784e7f,FB Post,PHOTO,31.3.2026 7:49:18,"🔔 PLAY IN už dnes! 

Jestli ještě nemáš vstupenku na poslední domácí zápas, tak ji najdeš v biu! 

#hockey #lastdance #hockeygame",https://www.facebook.com/1477974067675582/posts/1477209747752014,208,,1,,
@riderspardubice,instagram,4d6a67ab-9313-4f77-a82e-abb18adbca5d,293636e1-5b6c-42cb-84d9-053ac96e18c0,IG Story,VIDEO,15.4.2026 18:40:23,JSME NA MÍSTĚ 📍 RDY NA ZÍTRA?,https://www.instagram.com/stories/riderspardubice/3876026824077875462,,746,,,3
@united_hk,instagram,b18c071b-0570-48b2-b743-990c668c3c5b,c409efee-705f-43c2-bbb5-9659b8d40460,IG Story,VIDEO,22.4.2026 18:30:29,,https://www.instagram.com/stories/united_hk/3881095145508601252,,357,,,
@riderspardubice,facebook,f99ed6c3-17cc-46f4-a32e-d9b0576ce2df,d072c387-58dd-42e5-ac34-72643875538a,FB Video,VIDEO,16.3.2026 10:50:43,"Doražte na Kopcův Last Dance už 23. března do enteria areny! 🔥

Vstupenky koupíš přes odkaz v BIU!",https://www.facebook.com/reel/1279700687423432/,1398,564,13,,
@univerzitnihokej,instagram,1e114592-3529-4cfe-9977-2598454053af,6ad63531-2e7b-451c-974d-ab1260e254a3,IG Story,VIDEO,18.4.2026 10:24:55,,https://www.instagram.com/stories/univerzitnihokej/3877951768046884970,,1279,,,
vsefalcons,instagram,709fceba-e311-48e7-9057-f54a587abf4a,3480fa1b-ba0c-4b2f-b956-80ec61750184,IG Story,VIDEO,25.5.2026 13:13:05,"říkáte si, že jste nás dlouho neviděli? 🔍",https://www.instagram.com/stories/vsefalcons/3904852925776174230,,1228,,,
@riderspardubice,instagram,4d6a67ab-9313-4f77-a82e-abb18adbca5d,667cfc35-487f-465e-91ee-3e9b6b4c04cd,IG Post,IMAGE,15.4.2026 9:05:30,"Která sluší víc? 🖤🤍

Originální dresy Riders od @b_hockey_czech pořídíte přímo v Edenu na @unihokejfinalfour! ❤️‍🔥

*do vyprodání zásob",https://www.instagram.com/p/DXJYbWNDA5T/,,26008,460,1,55
@united_hk,instagram,b18c071b-0570-48b2-b743-990c668c3c5b,a3660637-4122-4d87-8dbe-64ba1a1e6ddc,IG Story,VIDEO,13.4.2026 5:49:06,,https://www.instagram.com/stories/united_hk/3874189080175113006,,768,,,
@akademiciplzen,instagram,65494228-95bf-4f7b-8e68-d47d7262db66,93df4255-e394-480a-8fa7-3a2101e5db84,IG Reel,VIDEO,10.4.2026 17:32:17,"Hra bez gólmana není pro slabé povahy. 🫣

Na posledním tréninku si @_jakubsucha_  vyzkoušel, jaké to je být v bráně – občas na to ale možná zapomněl! 😆

#akademiciplzen 💙",https://www.instagram.com/reel/DW9ZPF4jMa9/,,11802,214,,4
@riderspardubice,instagram,4d6a67ab-9313-4f77-a82e-abb18adbca5d,6d0146b9-8e24-4011-a2db-b75604a8485e,IG Story,VIDEO,12.4.2026 14:15:27,,https://www.instagram.com/stories/riderspardubice/3873719142461504780,,1479,,,2
@riderspardubice,instagram,4d6a67ab-9313-4f77-a82e-abb18adbca5d,c64bcc22-4481-40f6-9b1a-872b6fee09d6,IG Post,IMAGE,9.3.2026 9:43:26,"🐱 Dnes za námi přijedou @blackdogsbudweis_vste ! 🐕

A my při této příležitosti společně podpoříme KoČIČÍ depozitum Lovčice! 

Jak můžete opuštěným kočičkám pomoci s námi? 
- přineste s sebou na zápas kočičí žrádlo - granule, konzervy, ňaminky 
- přispějte finančním darem - ideálně v hotovosti na místě nebo pomocí QR kódu na kostce.

Zápas pro tlapky vol. 2
🗓️ 9.3. v 19:15
📍 v Enteria Arena
⚔️ proti @blackdogsbudweis_vste 

Minulý semestr jsme pomohli pejskům z @farma_u_veselyho_psa, tak pojďme znovu spojit síly a tentokrát pomoci kočičkám z KoČIČÍ depozitum Lovčice! 

Vstupenky za zapas koupíš přes odkaz v BIU!🎟️🐱
#zápasprotlapkyvol2#riders",https://www.instagram.com/p/DVqLaaXjIX5/,,3300,27,,2
@cvutengineers,instagram,11963a07-7f0f-48e6-9d81-aa63a7ff4a04,8bc1bdd3-f95c-4c4f-850d-f8788dce4910,IG Story,VIDEO,31.3.2026 19:10:53,@kfc_cz,https://www.instagram.com/stories/cvutengineers/3865170544933271613,,702,,,
vsefalcons,instagram,709fceba-e311-48e7-9057-f54a587abf4a,14b3065f-846a-476e-926a-a115a10ec2cc,IG Reel,VIDEO,3.3.2026 19:48:52,Děkujeme za krásné zpestření večera @skk.sparta 🤩,https://www.instagram.com/reel/DVbz_GZiLks/,,4114,98,1,5
@AkademiciPlzen,facebook,d87b94e3-03e8-45d0-b92e-75e9b819545c,484c76be-8ff2-4bec-a425-59e3675d5ae9,FB Post,IMAGE,17.4.2026 19:41:41,"Zdravíme z historicky prvního Final Four! 🧊👋🏻

#akademiciplzen #ullh",https://www.facebook.com/1357105236437494/posts/1370476491767035,2218,,14,,
vsefalcons,instagram,709fceba-e311-48e7-9057-f54a587abf4a,693d45d9-0807-4bfa-8701-567640556d21,IG Post,IMAGE,27.3.2026 10:58:28,"PLAY-IN 🟰 jeden zápas, jedna šance 😮‍💨 

V úterý hrajeme o všechno. Buď konec… nebo postup a boj o @unihokejfinalfour 💪🏻 

Potřebujeme naposledy plný hnízdo, který nás dotáhne k vítězství! 🦅

Vstupenky u nás na profilu! 🎟️",https://www.instagram.com/p/DWYqftSCGDi/,,11007,166,,5
vsefalcons,instagram,709fceba-e311-48e7-9057-f54a587abf4a,757c3f5c-e6a7-413b-97ab-4949b52ab9ee,IG Story,VIDEO,9.3.2026 20:43:45,ZAČÍNÁME UŽ V 15:15 🥁,https://www.instagram.com/stories/vsefalcons/3849272201715440094,665,,,,
@univerzitnihokej,instagram,1e114592-3529-4cfe-9977-2598454053af,cb83ab8d-4e69-4848-8152-802280451270,IG Post,IMAGE,25.3.2026 18:14:16,"ZNÁME PRVNÍ DVOJICI PLAY-IN! 📣
Na pražských Kateřinkách se v úterý utkají @vsefalcons proti @united_hk o postup do finále play-in 🥵",https://www.instagram.com/p/DWUSCLBCKZh/,,8848,246,,23
vsefalcons,instagram,709fceba-e311-48e7-9057-f54a587abf4a,fe6e1ca0-b1f7-4b89-a4e4-de53fdcd23ff,IG Story,VIDEO,3.3.2026 19:22:16,a je tam… 🚀,https://www.instagram.com/stories/vsefalcons/3844882625953559174,974,1471,,,11
vsefalcons,instagram,709fceba-e311-48e7-9057-f54a587abf4a,194599da-6d52-488c-9943-29cf61ef9954,IG Story,VIDEO,19.4.2026 9:21:25,,https://www.instagram.com/stories/vsefalcons/3878644457134374235,952,1237,,2,7
@riderspardubice,instagram,4d6a67ab-9313-4f77-a82e-abb18adbca5d,3770e3f7-8ad2-4fdd-a9b3-b451c68f5f32,IG Story,VIDEO,10.4.2026 7:58:55,V NEDĚLI MÁME JEŠTĚ  ŠANCIII 🔥,https://www.instagram.com/stories/riderspardubice/3872080641655590527,,588,,,1
@univerzitnihokej,facebook,01b45180-0b14-4a14-96e8-d0a4bab1fb9f,3f4c5d66-f6b8-42d4-a667-cf356bf1b7fc,FB Video,VIDEO,2.4.2026 15:11:32,,https://www.facebook.com/reel/26237112079292465/,2592,1411,7,,
vsefalcons,instagram,709fceba-e311-48e7-9057-f54a587abf4a,482f4511-0dec-448c-b01f-b4e5e982aee6,IG Story,VIDEO,10.2.2026 18:50:32,DNES U VSTUPU SI MŮŽETE ✏️ VSADIT,https://www.instagram.com/stories/vsefalcons/3829646293274750914,652,860,,,1
@bitvaoprahu,facebook,75e0f41f-82be-4f82-a77b-82ac11135ed2,6fa84223-afb6-49c1-b3c6-296213f1dc88,FB Video,VIDEO,11.3.2026 17:02:46,"Nudnej kariérní spot was never an option. Kariéra v Kauflandu is very much an option.

Plnou verzi si dejte tady: https://youtu.be/CBHBSXT36dY?is=hct7-wxzOZG9dkcP 

#kauflandcesko #teamkaufland",https://www.facebook.com/reel/789559020877200/,288,86,,,
vsefalcons,instagram,709fceba-e311-48e7-9057-f54a587abf4a,8418500f-6ff3-4b2e-94b4-217a0d3a3529,IG Post,IMAGE,3.2.2026 21:57:19,Dneska za 3 body. Vidíme se zase za týden 🐎,https://www.instagram.com/p/DUT8dPWiD8N/,,2270,76,1,8
@cvutengineers,instagram,11963a07-7f0f-48e6-9d81-aa63a7ff4a04,bc041f71-ac88-4d86-b63f-c35421fd4c83,IG Post,IMAGE,8.4.2026 21:15:02,"JSME TAM! FINAL FOUR here we go! 🦁💙🔥

Děkujeme, že jste na týhle šílený cestě byli s náma… vidíme se v Edenu! 🫡

Lístky na finalfour.cz",https://www.instagram.com/p/DW4pxtDDPSh/,,11219,259,,17
vsefalcons,instagram,709fceba-e311-48e7-9057-f54a587abf4a,d93b7a58-7de9-4198-bc80-3a9acf705e85,IG Story,VIDEO,17.2.2026 21:18:18,otáčí 5 minut před koncem 😮‍💨,https://www.instagram.com/stories/vsefalcons/3834794114139336541,606,856,,,
@akademiciplzen,instagram,65494228-95bf-4f7b-8e68-d47d7262db66,22a98fd8-a1b0-4d3f-9aa2-887cdd0462fa,IG Story,VIDEO,1.4.2026 19:35:59,JSTE  NESKUTEČNÍ!,https://www.instagram.com/stories/akademiciplzen/3865907944655434287,,1142,,,
@vutcavaliersbrno,instagram,b384bebf-72f3-4f9d-8b2d-3677709f6966,cce83768-ddb6-4bcb-964d-eed8f63df04f,IG Story,VIDEO,11.4.2026 8:39:01,,https://www.instagram.com/stories/vutcavaliersbrno/3872825035563996043,,632,,,
vsefalcons,instagram,709fceba-e311-48e7-9057-f54a587abf4a,d0568f9a-cbed-48e4-8729-c86638c2fb49,IG Story,VIDEO,10.2.2026 19:01:02,👊🏼 DEJ SI S KLUKAMA PĚSTIČKU PRO ŠTĚSTÍ,https://www.instagram.com/stories/vsefalcons/3829651570296375737,639,905,,,
vsefalcons,instagram,709fceba-e311-48e7-9057-f54a587abf4a,f54e1e29-a234-4df6-97bc-652c0a24b33c,IG Story,VIDEO,8.4.2026 18:15:33,@___pajer24 drží 🧱,https://www.instagram.com/stories/vsefalcons/3870941377706081897,887,808,,1,
@univerzitnihokej,instagram,1e114592-3529-4cfe-9977-2598454053af,a44f3338-a67d-438f-94ab-9243b8fbd690,IG Post,IMAGE,11.4.2026 19:42:40,"Skladba NAVŽDYCKY BLÁZEN se stala skladbou roku 🏆 Gratulujeme @gufrau_official ➕ @10vpoli ➕ @_victorkal_ 🙌🏻 Interpreti se zastavili i u nás na @bitvaoprahu 🔥

📸 @ceny_andel & @bitvaoprahu",https://www.instagram.com/p/DXAOaIHCGh5/,,19483,1155,,22
@bitvaoprahu,instagram,d7c8aa06-74fb-4c6c-a7d2-c2fe1bf6d59c,f089572b-24a7-47ea-8d98-a10d660db714,IG Reel,VIDEO,11.3.2026 17:02:36,"Nudnej kariérní spot was never an option. Kariéra v Kauflandu is very much an option.
#kauflandcesko #teamkaufland",https://www.instagram.com/reel/DVwHV5pDC4N/,,23609,340,10,251
vsefalcons,instagram,709fceba-e311-48e7-9057-f54a587abf4a,1ce1284c-8d81-4a40-98ad-2c60d7a2501d,IG Story,VIDEO,17.2.2026 20:37:33,OLYMPIJSKÝ KAHOOT 🤓 mezitřetinový,https://www.instagram.com/stories/vsefalcons/3834773608421981730,612,864,,,2
@cvutengineers,instagram,11963a07-7f0f-48e6-9d81-aa63a7ff4a04,367b2747-bc99-44d3-bfdf-0ecd18839f82,IG Post,IMAGE,18.3.2026 21:45:43,"Dneska rozhodovaly detaily, ale 2 body zůstavaj u nás doma na Hvězdičce! 🫡

Vidíme se zase příští týden!",https://www.instagram.com/p/DWCo9B_DDT6/,,3103,117,,3
vsefalcons,instagram,709fceba-e311-48e7-9057-f54a587abf4a,42f9e5c1-51b9-48b8-9b63-71ab014d5a0a,IG Story,VIDEO,10.2.2026 18:36:51,warm up 🔥,https://www.instagram.com/stories/vsefalcons/3829639408349929728,706,914,,,
vsefalcons,instagram,709fceba-e311-48e7-9057-f54a587abf4a,bae5132c-da3e-47b1-b788-01c54455a37b,IG Post,IMAGE,16.4.2026 20:56:03,"Dnes to nevyšlo podle představ, ale nevzdáváme se a bojujeme dál! 💪🏼

Děkujeme všem za podporu a vidíme se zítra zase v Edenu 🦅 Vstupenky můžete zakoupit na finalfour.cz 🎟️",https://www.instagram.com/p/DXNOyEbiHSW/,,5607,127,,11
@univerzitnihokej,instagram,1e114592-3529-4cfe-9977-2598454053af,f6ab51b8-f01b-43d5-8947-04fb57fe0e9c,IG Reel,VIDEO,28.4.2026 15:55:44,"Slovy našeho táty marketingu: “Děláme si, co chceme” ✌🏻 Co jsme dělali na @unihokejfinalfour můžete vidět na našem YouTube! 🎥",https://www.instagram.com/reel/DXrlYbviDsK/,,7039,197,1,19
vsefalcons,instagram,709fceba-e311-48e7-9057-f54a587abf4a,32194943-f6b1-4754-930e-059efc1baf6d,IG Reel,VIDEO,9.4.2026 11:47:06,"Tři nebo tisíc je docela rozdíl, ale jak se říká, proti gustu žádný dišputát 🤓 

#vsefalcons",https://www.instagram.com/reel/DW6OFGDCDkv/,,13600,175,10,117
@engineersprague,facebook,afd06d1d-7b1c-4f66-8d93-ce4255ab773c,5b4d5f46-3f81-44e3-acf6-ee4be279b8bd,FB Post,ALBUM,12.3.2026 19:24:26,"Do finále Bitvy o Prahu nalétneme v této sestavě!
Teď je ten správný čas ukázat SRDCE LVA 💙. 
Jedeme v tom spolu 🦁!",https://www.facebook.com/1560924572517692/posts/1543606407582842,495,,4,,
vsefalcons,instagram,709fceba-e311-48e7-9057-f54a587abf4a,ce4a06b2-2b63-4db4-8017-9d3dde70e32f,IG Story,VIDEO,17.2.2026 19:27:52,☄️,https://www.instagram.com/stories/vsefalcons/3834738557093158822,,840,,,1
univerzitnihokej,tiktok,01c88cf9-594f-408e-a45a-95114221acae,993bf1b9-d005-49f1-82f3-f13b0f67b84b,TT Video,VIDEO,21.4.2026 16:21:27,"Jdeš si přebírat medaili, ale prvně se potřebuješ upravit, aby ti to slušelo na fotkách 📸 (ne že by to kluci potřebovali 🤭)",https://www.tiktok.com/@univerzitnihokej/video/7631248419188739350?utm_campaign=tt4d_open_api&utm_source=7348986504397455361,,3799,273,,11
@riderspardubice,facebook,f99ed6c3-17cc-46f4-a32e-d9b0576ce2df,f621fb42-d41a-4f77-a037-b7a23d288784,FB Video,VIDEO,18.3.2026 18:25:55,"Tak co, objeví se Skrypák jako nový bombshell v Love Islandu?😂 A obarví si Kopejda hlavu před play-in?

Přijď 23.3. do Enteria Areny podpořit kluky a hlavně @daniel.skryp a @dominikkopecky_99 ! Je to jejich poslední zápas za Riders!🔥

Lastdance
🗓️ 23.3. v 19:45
📍 v Enteria Arena 
⚔️ proti @united_hk 

Odkaz na vstupenky najdeš v BIU!🎟️ (I se slevičkou!🤭)

#lastdance#riders",https://www.facebook.com/reel/1305268478186717/,216,78,,,
@boostrava,instagram,1176ddaf-d366-48a2-9639-3c6694c72c85,0919a1ad-9d76-4e53-90c5-a5d9f6f4633b,IG Story,VIDEO,31.3.2026 18:00:01,@bo_kotel  Pov: si součástí,https://www.instagram.com/stories/boostrava/3865134891646373911,,665,,,12
vsefalcons,instagram,709fceba-e311-48e7-9057-f54a587abf4a,3f9ce322-7755-47ab-82ef-610ecb07b420,IG Reel,VIDEO,5.2.2026 17:47:22,"Nově pokořený rekord v říkáni “vole” ve videu aka @patrik_nabelek na micu 🎙️🛍️ 

#vsefalcons",https://www.instagram.com/reel/DUYpSh7CEpp/,,4538,125,4,22
@riderspardubice,instagram,4d6a67ab-9313-4f77-a82e-abb18adbca5d,4b1cc5e6-535b-45ef-82d6-fdc38e43c303,IG Story,VIDEO,1.4.2026 10:46:29,,https://www.instagram.com/stories/riderspardubice/3865641451883594079,,730,,,2
vsefalcons,instagram,709fceba-e311-48e7-9057-f54a587abf4a,7ff1cb59-10e3-4742-9df0-695919a690e6,IG Story,VIDEO,13.3.2026 16:19:12,,https://www.instagram.com/stories/vsefalcons/3852038151686640837,930,834,,,
vsefalcons,instagram,709fceba-e311-48e7-9057-f54a587abf4a,d2d7f9fe-6456-41e0-9668-e89d3c4e9443,IG Reel,VIDEO,8.6.2026 14:07:41,last one is the one we think 🤔 #icehockey #vsefalcons,https://www.instagram.com/reel/DZU-DW_on96/,,3582,33,,1
vsefalcons,instagram,709fceba-e311-48e7-9057-f54a587abf4a,d58af445-2388-41b2-90a5-2ebb5c52ae73,IG Story,VIDEO,28.1.2026 17:47:43,👷🏽,https://www.instagram.com/stories/vsefalcons/3820192730416962891,,959,,,
vsefalcons,instagram,709fceba-e311-48e7-9057-f54a587abf4a,54279403-110b-4e37-a20d-d94a0489d8f8,IG Post,CAROUSEL_ALBUM,8.3.2026 20:45:08,"Rivalita, která nikdy nevychladne! 🔥 V úterý vás potřebujeme v naší chatě na Kateřinkách! 🏟️👀",https://www.instagram.com/p/DVoyh5oCCaT/,,3865,99,1,9
@riderspardubice,instagram,4d6a67ab-9313-4f77-a82e-abb18adbca5d,706dc6c5-c5f0-4d31-ad99-37a344af54dd,IG Post,IMAGE,4.3.2026 9:01:06,"Venkovní zápas v Brně!🗣️🏒

Venkovní zápas
🗓️ 4.3. v 19:30
📍 ve Sportcentrum Lužánky
⚔️ proti @hc_muni 

#riders#venkovnízápas",https://www.instagram.com/p/DVdOoAEjEZh/,,2240,21,,6
@riderspardubice,facebook,f99ed6c3-17cc-46f4-a32e-d9b0576ce2df,7b1c6f8e-f41b-49cd-850a-2b24ced0d91c,FB Post,IMAGE,28.4.2026 17:24:15,"Tahle sezona byla jízda a my děkujeme všem partnerům za to, že stáli při nás! 👏

#děkujeme",https://www.facebook.com/1592662819534019/posts/1617586293708338,821,,14,,
vsefalcons,instagram,709fceba-e311-48e7-9057-f54a587abf4a,8e61d0e1-6997-4c41-bcb1-bc7ed6eda81d,IG Story,VIDEO,12.3.2026 17:56:31,,https://www.instagram.com/stories/vsefalcons/3851362449396102998,1371,1089,,,
vsefalcons,instagram,709fceba-e311-48e7-9057-f54a587abf4a,a3c761e8-94e5-4173-a577-c5151395b991,IG Story,VIDEO,26.1.2026 16:27:46,🔜 ROZBRUSLENÍ 😎,https://www.instagram.com/stories/vsefalcons/3818702795038001163,,957,,,1
@AkademiciPlzen,facebook,d87b94e3-03e8-45d0-b92e-75e9b819545c,c191553a-e572-4e2c-9c12-2dbbf305527a,FB Post,IMAGE,13.3.2026 13:40:21,"Náš nejproduktivnější hráč znovu úřadoval. 💥

Kamil Hajšman si v zápase proti @hcnorthwings připsal 3 góly a 2 asistence a po zásluze se stal hráčem zápasu.

Mrkni na jeho gólovou show. 🎥

#akademiciplzen 💙",https://www.facebook.com/1357105236437494/posts/1341513381330013,887,,3,,
@bitvaoprahu,facebook,75e0f41f-82be-4f82-a77b-82ac11135ed2,35fad6cb-c056-4caf-abcf-5f674f309ffb,FB Video,VIDEO,12.3.2026 16:52:14,"Farmáři hledají ženu, anyone? 🤠💚 

#bitvaoprahu | @czufarmers ⚔️ @vsefalcons",https://www.facebook.com/reel/936729148831597/,1209,506,6,,
@unitedhk,facebook,bfe6cc29-a387-41b9-9bca-b077722556af,41700574-8bc1-4c30-9690-eb2a7b9326cd,FB Video,VIDEO,8.3.2026 9:52:37,"🧅 Kaufland Cutting Challenge
Vracíme se ještě k momentům z Východočeského derby univerzit.

Derby není jen o hokeji.

Během přestávky jsme si dali rychlou výzvu – Kaufland Cutting Challenge.

Úkol byl jednoduchý: 45 vteřin. Hokejové rukavice. A co nejvíc najemno nakrájet cibuli.

Jak to dopadlo? Podívej se ve videu.

Díky partnerovi Kaufland za další zábavný moment derby.

🖤🧡❤️

#unitedhk #unihokej #hokej",https://www.facebook.com/reel/26377726768490349/,346,96,2,,
@united_hk,instagram,b18c071b-0570-48b2-b743-990c668c3c5b,b1edd1e2-5fc7-4259-b896-7053a5148f4b,IG Story,IMAGE,25.4.2026 12:46:58,"Vítězka Univerziády
v ledním hokeji @_andu.la_31  nás
přišla podpořit!",https://www.instagram.com/stories/united_hk/3883096702726975046,,960,,,
@riderspardubice,facebook,f99ed6c3-17cc-46f4-a32e-d9b0576ce2df,c9ff7733-1f62-4643-b23a-1135d96f1ef6,FB Post,IMAGE,3.3.2026 14:09:54,"🔥👏 Tak tahle včerejší střela do branky během přestávkové soutěže od dámského týmu byla naprosto přesná a holky si vystřílely dvě moderní powerbanky od @enteria_holding!

Gratulujeme holkám a čekáme je na tryoutu 💪
A děkujeme @enteria_holding za krásné ceny! 🧡",https://www.facebook.com/1592662819534019/posts/1566763032123998,399,,3,,
@univerzitnihokej,instagram,1e114592-3529-4cfe-9977-2598454053af,33515a1e-6185-47dc-8e75-7e4c2087734d,IG Story,VIDEO,6.4.2026 19:17:55,vrchol sezóny se blíží… 👀,https://www.instagram.com/stories/univerzitnihokej/3869522725740007235,,696,,,
vsefalcons,instagram,709fceba-e311-48e7-9057-f54a587abf4a,a6a0b4bb-99d9-45d6-9c3f-15c0603b22f6,IG Story,VIDEO,12.2.2026 10:57:07,"vezmeš si svých pět švestek
a jdeš 👈🏼",https://www.instagram.com/stories/vsefalcons/3830857566150770362,781,1113,,,2
@univerzitnihokej,instagram,1e114592-3529-4cfe-9977-2598454053af,0a314910-4338-4acd-90ff-f35cb3d6ce39,IG Post,PHOTO,31.3.2026 6:17:41,Cesta do @unihokejfinalfour startuje dnes! 🔥 Letos jen jeden zápas rozhodne o osudu našich týmů. Kdo se probojuje do Edenu a získá Pohár Jana Palacha? 🏆,https://www.instagram.com/p/DWidSvjCH0w/,,19717,493,6,26
@univerzitnihokej,facebook,01b45180-0b14-4a14-96e8-d0a4bab1fb9f,1e0165db-3bd2-4f8e-b119-8886e5260237,FB Post,IMAGE,6.4.2026 8:08:19,"Veselé Velikonoce 🐣 Prokousali jsme se skořápkou a to nejlepší je uvnitř 👀
Final Four se blíží… 🔥",https://www.facebook.com/1275398168115026/posts/1279524521035724,341,,,,
vsefalcons,instagram,709fceba-e311-48e7-9057-f54a587abf4a,5a2f66d8-aa7e-4b91-99ee-35732ee254f4,IG Story,VIDEO,16.3.2026 11:48:04,MERCH UŽ MŮŽETE NAKUPOVAT ONLINE 🛍️,https://www.instagram.com/stories/vsefalcons/3854076013760268267,857,941,,,
@bitvaoprahu,instagram,d7c8aa06-74fb-4c6c-a7d2-c2fe1bf6d59c,c9a54823-4e17-4ff2-bfab-bc2cfe6c8b85,IG Reel,REEL,13.3.2026 14:24:01,"Kterou příchuť od @vilgainczsk máš nejraději? 😋

Hoď nám do komentářů tu svoji a dej ostatním vědět, která za to prostě stojí. 👍🏼 #bitvaoprahu",https://www.instagram.com/reel/DV0-fOqjGEb/,,20875,263,,77
@bitvaoprahu,instagram,d7c8aa06-74fb-4c6c-a7d2-c2fe1bf6d59c,3e6b757f-4ace-4f8a-806f-56ad4a498767,IG Reel,VIDEO,12.3.2026 16:51:58,"Farmáři hledají ženu, anyone? 🤠💚 

#bitvaoprahu | @czufarmers ⚔️ @vsefalcons",https://www.instagram.com/reel/DVyqqtSjNk3/,,8266,227,2,28
vsefalcons,instagram,709fceba-e311-48e7-9057-f54a587abf4a,0966e9cb-afc0-4800-9b39-a065aadb6f33,IG Story,IMAGE,12.3.2026 16:41:28,"3 3 Theimer
Lev
Fibigr",https://www.instagram.com/stories/vsefalcons/3851324588420552300,1409,1248,,,
vsefalcons,instagram,709fceba-e311-48e7-9057-f54a587abf4a,4a73021c-53b2-45ea-9f80-491651281141,IG Story,IMAGE,3.3.2026 21:21:12,3 1,https://www.instagram.com/stories/vsefalcons/3844942432005848803,649,801,,,1
@cvutengineers,instagram,11963a07-7f0f-48e6-9d81-aa63a7ff4a04,b2f86027-7375-4878-adf8-ff90d35cdcd0,IG Story,VIDEO,8.4.2026 17:28:10,,https://www.instagram.com/stories/cvutengineers/3870917029654211487,,1026,,,3
vsefalcons,instagram,709fceba-e311-48e7-9057-f54a587abf4a,fd0e18a3-f8ea-4aa4-8481-3f61cfddf6bc,IG Story,VIDEO,12.3.2026 14:55:27,@sokoli.hnizd0 🪹 💙,https://www.instagram.com/stories/vsefalcons/3851271246663126238,1661,1640,,,6
vsefalcons,instagram,709fceba-e311-48e7-9057-f54a587abf4a,77adeb85-4044-463d-97a1-eaec920fe8bd,IG Story,VIDEO,23.3.2026 20:48:45,kluci potřebujou help ? ? ? MÁME TADY NĚJAKÉHO MACHRA NA MAKRO?,https://www.instagram.com/stories/vsefalcons/3859421629906451809,1161,800,,3,3
vsefalcons,instagram,709fceba-e311-48e7-9057-f54a587abf4a,cfca0208-e7b5-43a7-b1f3-c28aa269cb3c,IG Story,VIDEO,6.3.2026 16:41:33,,https://www.instagram.com/stories/vsefalcons/3846975977645732990,,922,,,
@akademiciplzen,instagram,65494228-95bf-4f7b-8e68-d47d7262db66,e1f9d862-d44c-4c1f-acdb-efd4a0f2d74b,IG Story,VIDEO,1.4.2026 19:14:26,,https://www.instagram.com/stories/akademiciplzen/3865897095198954138,,1126,,,
@univerzitnihokej,instagram,1e114592-3529-4cfe-9977-2598454053af,9af8b828-c089-4ada-bb5c-c475f14f0014,IG Story,IMAGE,17.4.2026 20:16:16,,https://www.instagram.com/stories/univerzitnihokej/3877524640498371876,,1373,,,
@hcnorthwings,facebook,2b08a479-603b-46e4-8a48-2bc0435ccd53,26b66286-5f9d-48de-a095-4303260aa1a4,FB Post,IMAGE,7.4.2026 17:50:53,"🚨 POZOR 🚨 ACHTUNG 🚨 ATTENTION 🚨
Stále máte možnost se zúčastnit soutěže o 100.000 Kč od generálního partnera univerzitní ligy 💰 viz naše bio a ČSOB

🏒 V rámci FINAL FOUR v Praze 16. a 17. dubna Vás čeká příjemný cashback při platbách kartou od ČSOB 💳 a to se vyplatí 🪙",https://www.facebook.com/1583651910433365/posts/1589629983168891,317,,,,
vsefalcons,instagram,709fceba-e311-48e7-9057-f54a587abf4a,084010ad-6053-4c45-bfb2-d782652e3102,IG Story,VIDEO,15.4.2026 9:39:43,🙌🏼 👀,https://www.instagram.com/stories/vsefalcons/3875754688734083516,706,842,,2,1
@riderspardubice,instagram,4d6a67ab-9313-4f77-a82e-abb18adbca5d,e1501b58-9b41-4bd6-a8a9-550d68e27dad,IG Post,IMAGE,14.3.2026 17:00:00,"V dresu Riders 23. března uvidíme naposledy na ledě i @daniel.skryp 👏

Přijďte se s nim rozloučit a vytvořit mu na posledním domácím zápase nezapomenutelnou atmosféru! 🔥

Vstupenky koupíte přes odkaz v BIU s kódem “skryp20” dokonce s 20% slevou! 🎟️",https://www.instagram.com/p/DV31ksMjKt4/,,4189,66,6,11
@cvutengineers,instagram,11963a07-7f0f-48e6-9d81-aa63a7ff4a04,18195176-cd1a-476f-95dd-11de21250884,IG Story,VIDEO,2.4.2026 16:20:47,👇🏻🎟️,https://www.instagram.com/stories/cvutengineers/3866534490751649052,,600,,,
@akademiciplzen,instagram,65494228-95bf-4f7b-8e68-d47d7262db66,5cd25da0-8601-4827-b337-b2e94366dc03,IG Story,VIDEO,31.3.2026 20:10:53,@albert_schacherl,https://www.instagram.com/stories/akademiciplzen/3865200719091752118,,684,,,1
vsefalcons,instagram,709fceba-e311-48e7-9057-f54a587abf4a,d8c8de8b-a9fb-4b24-a7cb-277f9c9b31a2,IG Story,VIDEO,22.2.2026 6:41:10,,https://www.instagram.com/stories/vsefalcons/3837976479947090990,,238,,,
@riderspardubice,facebook,f99ed6c3-17cc-46f4-a32e-d9b0576ce2df,18b73c73-cddd-4ca4-a413-d42edfea7113,FB Post,ALBUM,31.3.2026 6:00:12,"Záda nám “kryje” náš partner @foxconn_czech 👋

Jak myslíte že dopadne dnešní zápas? 🤨",https://www.facebook.com/1592662819534019/posts/1591799142953720,395,,4,,
@hcnorthwings,facebook,2b08a479-603b-46e4-8a48-2bc0435ccd53,2366cfc0-8669-41f9-a8fc-4f0c859ecb0e,FB Post,IMAGE,12.3.2026 9:34:19,"Ohlédnutí 📸 za domácím utkáním 24. kola proti Akademikům z Plzně. Foto by @mistr.31 
#myjsmeujep #hcnorthwings #univerzitnihokej #icehockey",https://www.facebook.com/1583651910433365/posts/1565318892266667,359,,4,,
univerzitnihokej,tiktok,01c88cf9-594f-408e-a45a-95114221acae,abc3de28-ea77-4271-bff1-0373c249933a,TT Video,VIDEO,9.4.2026 17:28:34,@UK KINGS PRAGUE postupují do Final Four v Edenu! 16.-17. dubna lístky na finalfour.cz 🎟️,https://www.tiktok.com/@univerzitnihokej/video/7626812703058709782?utm_campaign=tt4d_open_api&utm_source=7348986504397455361,,1008,43,,3
@riderspardubice,instagram,4d6a67ab-9313-4f77-a82e-abb18adbca5d,7617845b-8842-495f-9b33-298e59003188,IG Story,VIDEO,14.4.2026 16:40:02,,https://www.instagram.com/stories/riderspardubice/3875241464997628658,,417,,,
@univerzitnihokej,facebook,01b45180-0b14-4a14-96e8-d0a4bab1fb9f,bea50336-24df-473c-aa2c-1189795af1c6,FB Post,IMAGE,2.3.2026 9:30:43,"@ukkingsprague mají ve vedoucí pozici výrazný bodový náskok, ale hned za nimi to vypadá ještě na pořádný boj o umístění 🔥 máme se na co těšit! 🙂‍↕️",https://www.facebook.com/1275398168115026/posts/1252018367119673,411,,,,
@univerzitnihokej,instagram,1e114592-3529-4cfe-9977-2598454053af,c2c40601-672a-4ec9-bb6e-a2a5acbc3a4a,IG Story,VIDEO,18.4.2026 10:32:23,,https://www.instagram.com/stories/univerzitnihokej/3877955528030690781,,1106,,,
@univerzitnihokej,instagram,1e114592-3529-4cfe-9977-2598454053af,fd4f47f9-3509-4a93-912c-42cfaed49f28,IG Reel,VIDEO,11.3.2026 18:32:16,MORAVSKÉ DERBY ⚔️ Sledujte živě na @ctsport 📺,https://www.instagram.com/reel/DVwRiJ-iHnE/,,17530,264,,21
@riderspardubice,instagram,4d6a67ab-9313-4f77-a82e-abb18adbca5d,0702c153-6135-416f-81b9-74784203cacc,IG Post,PHOTO,26.3.2026 10:12:34,"Je to tady! Play-in v Ostravě! 🔥

Play-in
🗓️ 31.3. v 19:30
📍 v RT Torax Arena 
⚔️ proti @boostrava 

#playin#riders",https://www.instagram.com/p/DWWAJKbDKlf/,,2107,51,,1
@akademiciplzen,instagram,65494228-95bf-4f7b-8e68-d47d7262db66,5a98c949-981e-43e9-afe3-b80c920ea68e,IG Reel,VIDEO,15.4.2026 13:44:04,"Kuba VS. Mája ⚔️

Porovnali jsme síly dvou přeborníků na ledě – hokejisty a krasobruslařky! 🧊

Disciplíny nám nadiktovaly nápoje Zott (a že to nebyla žádná sranda 😄), takže po výkonu přišla i zasloužená odměna.

Kdo tenhle battle ovládl? 👀👇🏻

#zott #zotthungry #hungrydrinkthis",https://www.instagram.com/reel/DXJ28OIjEc8/,,7939,183,,14
vsefalcons,instagram,709fceba-e311-48e7-9057-f54a587abf4a,620696ee-4a09-41da-a8a2-410ae729891c,IG Story,IMAGE,8.4.2026 19:14:09,0 4 Čech,https://www.instagram.com/stories/vsefalcons/3870970404672136051,875,645,,1,1
@univerzitnihokej,instagram,1e114592-3529-4cfe-9977-2598454053af,362c3305-191d-4e11-b45c-4320c605d58f,IG Story,VIDEO,18.4.2026 10:25:14,,https://www.instagram.com/stories/univerzitnihokej/3877951924033031101,,1211,,,
vsefalcons,instagram,709fceba-e311-48e7-9057-f54a587abf4a,cb6099d0-fe2d-48ec-9183-6ac8591130fe,IG Story,IMAGE,14.3.2026 18:12:39,3 3,https://www.instagram.com/stories/vsefalcons/3852820035425316337,750,626,,,
@riderspardubice,instagram,4d6a67ab-9313-4f77-a82e-abb18adbca5d,fcc39bd2-1b75-49d5-9481-b2f327061b04,IG Post,IMAGE,13.4.2026 10:12:17,"Hello, překvápko 🎁❤️‍🔥",https://www.instagram.com/p/DXEWk3IjAkO/,,8092,184,1,5
@AkademiciPlzen,facebook,d87b94e3-03e8-45d0-b92e-75e9b819545c,52e37264-8a26-46e2-8e4e-f5ebe2dff551,FB Post,IMAGE,11.3.2026 20:41:36,"Tak to byla JÍZDA!💨
Z Ústí vezeme výhru 1:9 nad @hcnorthwings a s ní bodovou hostinu. 🍝

Kamil Hajšman: hattrick + 2 asistence a hráč zápasu 👑
David Roubal: 2 góly + 3 asistence
Štěpán Říha: 2 góly + 2 asistence

#akademiciplzen 💙",https://www.facebook.com/1357105236437494/posts/1340170021464349,4720,,40,,
vsefalcons,instagram,709fceba-e311-48e7-9057-f54a587abf4a,03f11b38-d502-4aea-a519-8ed8b6f3e37b,IG Story,VIDEO,26.1.2026 17:13:33,👊🏼 @patrik_nabelek,https://www.instagram.com/stories/vsefalcons/3818725827076980512,,1135,,,10
vsefalcons,instagram,709fceba-e311-48e7-9057-f54a587abf4a,32f6b39b-2b8c-4a11-a837-4eb681598f9a,IG Reel,VIDEO,8.4.2026 17:38:40,KSN 😋,https://www.instagram.com/reel/DW4RqJ9iMQ7/,,7888,183,2,9
@riderspardubice,instagram,4d6a67ab-9313-4f77-a82e-abb18adbca5d,5fb6c78f-cf06-4a75-9c19-4dc5b4daa9ba,IG Story,VIDEO,17.4.2026 15:41:02,BRANKÁŘSKÉ DUO OPĚT V AKCI @63skorpiz  @radek_bednar_ 🐎,https://www.instagram.com/stories/riderspardubice/3877385941531020395,,1378,,,3
@VUTCavaliersBrno,facebook,3351b43e-4b71-442b-b2f1-920cd6e57ee5,1bdb0b8d-b27b-4d7e-9158-25755391edf9,FB Video,VIDEO,12.3.2026 10:33:06,taková naše autobusová klasika,https://www.facebook.com/reel/1424637819458794/,361,178,1,,
@engineersprague,facebook,afd06d1d-7b1c-4f66-8d93-ce4255ab773c,02706055-e8d1-4fbd-91c7-f32956672f0e,FB Story,VIDEO,2.3.2026 18:58:10,,,,,,,
vsefalcons,instagram,709fceba-e311-48e7-9057-f54a587abf4a,1e52587f-3735-4b33-8351-e3c3cabf1b83,IG Story,VIDEO,24.2.2026 18:33:56,🤖,https://www.instagram.com/stories/vsefalcons/3839784804824928823,768,955,,,2
@univerzitnihokej,instagram,1e114592-3529-4cfe-9977-2598454053af,6c16c393-5967-47db-a1aa-68a6c98d05d9,IG Story,VIDEO,13.4.2026 16:18:34,,https://www.instagram.com/stories/univerzitnihokej/3874505936580663115,,811,,,
@BOhokej,facebook,c9082543-a03b-490f-8f97-66d439acce89,14647f6c-039c-4f1d-9fc0-136fd6ea70b3,FB Post,IMAGE,24.3.2026 7:20:48,"POSLEDNÍ DOMÁCÍ UTKÁNÍ PŘED PLAY IN!🌟
Pivka, soutěže na ledě a super podívaná! 
Lístky koupíš na místě nebo přes odkaz v BIU✨
Tak doraž!🏒",https://www.facebook.com/1477974067675582/posts/1471015835038072,209,,2,,
@hcnorthwings,facebook,2b08a479-603b-46e4-8a48-2bc0435ccd53,865d3429-ee08-4f12-9597-773271501129,FB Post,PHOTO,15.3.2026 15:41:41,"Poslední DOMÁCÍ 💙💛 utkání sezóny je TADY 🏒 Ve středu 18. března 2026 od 18:00 na ústeckém zimáku 🕕

Soupeřem nám bude tým @united_hk 

Rádi Vás všechny uvidíme v hledišti a budeme moc rádi, když všichni dorazíte 🫶
Občerstvení, soutěže a výhry budou připraveny jen a jen pro Vás 🎁

Vidíme se ve středu na zimáku 🧊🏟",https://www.facebook.com/1583651910433365/posts/1568175805314309,374,,2,,
@united_hk,tiktok,7e062517-b9da-416d-b73d-a2c5899a2be6,d171d3f9-c8cd-4d42-8d08-be3bf1d06a9f,TT Video,VIDEO,19.6.2026 18:20:27,"Super kšiltovka!!! Díky 🤩 @iSport.cz, Deník Sport  @Univerzitní hokej 🏒 ",https://www.tiktok.com/@united_hk/video/7653173111717711126?utm_campaign=tt4d_open_api&utm_source=7348986504397455361,,662,27,,1
@VUTCavaliersBrno,facebook,3351b43e-4b71-442b-b2f1-920cd6e57ee5,0b49f622-edc7-4f86-873e-94c74149d086,FB Video,VIDEO,6.3.2026 11:59:33,"daly jsme klukům jednorázový foťák na @hokejovy_souboj_univerzit a takto to dopadlo🤩
inspirováno @lifeonfilm",https://www.facebook.com/reel/1412134606791867/,605,223,3,,
@univerzitnihokej,facebook,01b45180-0b14-4a14-96e8-d0a4bab1fb9f,3ba25ad9-126f-41b5-a6b3-902962277ced,FB Post,IMAGE,11.4.2026 19:43:01,"Skladba NAVŽDYCKY BLÁZEN se stala skladbou roku 🏆 Gratulujeme @gufrau_official ➕ @10vpoli ➕ @_victorkal_ 🙌🏻 Interpreti se zastavili i u nás na @bitvaoprahu 🔥

📸 @ceny_andel & @bitvaoprahu",https://www.facebook.com/1275398168115026/posts/1283684923953017,791,,6,,
vsefalcons,instagram,709fceba-e311-48e7-9057-f54a587abf4a,60373d9b-eb29-4a89-85b5-8dac40b8ec56,IG Story,VIDEO,13.3.2026 17:00:58,,https://www.instagram.com/stories/vsefalcons/3852059175350237587,844,821,,,
vsefalcons,instagram,709fceba-e311-48e7-9057-f54a587abf4a,a693f9b5-a096-4b1f-baee-e31025396cfa,IG Story,VIDEO,24.3.2026 17:20:49,🏟️ 📍,https://www.instagram.com/stories/vsefalcons/3860041725087604160,920,992,,1,4
@bitvaoprahu,instagram,d7c8aa06-74fb-4c6c-a7d2-c2fe1bf6d59c,2ca18007-e758-48a5-84a3-270b59543078,IG Story,VIDEO,22.4.2026 15:34:10,MALÁ VZPOMÍNKA🥹💙,https://www.instagram.com/stories/bitvaoprahu/3881006347605271387,,1244,,,6
@hcmuni,facebook,d1f9e9f9-7526-42d4-85aa-13f91e89f7cf,91f6c694-103a-4343-8b2e-d11b61655513,FB Post,IMAGE,14.3.2026 16:14:46,"Série je zlomena, je to doma! 👊🏻 slavíme vítězství 4:3 v prodloužení🎉🏒

#hcmuni",https://www.facebook.com/1581741777288398/posts/1565369118925664,624,,12,,
@univerzitnihokej,facebook,01b45180-0b14-4a14-96e8-d0a4bab1fb9f,d36d552c-60d8-49e4-a758-e8f75fbd9e56,,TEXT,18.4.2026 5:38:15,Králové univerzitní ligy jsou z Karlovky! 🏆,https://www.facebook.com/1275398168115026/posts/1288684480119728,1435,,12,,
vsefalcons,instagram,709fceba-e311-48e7-9057-f54a587abf4a,00a923c6-d34e-4a94-bd6e-a72ee6c36bd2,IG Story,VIDEO,21.2.2026 10:34:44,💙 🦅,https://www.instagram.com/stories/vsefalcons/3837369259030754469,630,757,,,
@united_hk,instagram,b18c071b-0570-48b2-b743-990c668c3c5b,2f4967e2-cb26-4739-b497-2823afc6d305,IG Story,VIDEO,15.4.2026 11:21:56,,https://www.instagram.com/stories/united_hk/3875805977647802701,,559,,,
vsefalcons,instagram,709fceba-e311-48e7-9057-f54a587abf4a,30b55ab3-458d-45e6-8092-418ed998c183,IG Story,VIDEO,31.3.2026 15:05:51,👀,https://www.instagram.com/stories/vsefalcons/3865047227169269865,1022,904,,,
@unitedhk,facebook,bfe6cc29-a387-41b9-9bca-b077722556af,6e923a1a-5ad4-4b99-af8b-298d9dbfb1b3,FB Post,IMAGE,22.4.2026 8:07:04,"Děkujeme společnosti JCI a.s. za podporu v sezoně 2025/26.

Pojišťovací zprostředkovatel, který pomáhá s výběrem a správou pojištění pro jednotlivce i firmy.

Díky, že stojíte za UNIted HK. 🖤🧡",https://www.facebook.com/122180651084388974/posts/122182117682388974,155,,,,
@vutcavaliersbrno,instagram,b384bebf-72f3-4f9d-8b2d-3677709f6966,6d50e18c-faf5-4b43-9f87-723f35b4f338,IG Reel,REEL,21.3.2026 12:20:41,Fanoušci mají vždycky pravdu!,https://www.instagram.com/reel/DWJXB4FCCdx/,,8345,85,3,27
@hcmuni,facebook,d1f9e9f9-7526-42d4-85aa-13f91e89f7cf,6e90085c-0bee-4ba5-8fbe-78d7106cecfe,FB Video,VIDEO,15.4.2026 15:51:18,"DÍKY VÁM máme úžasných 42 200Kč pro Honzíka ❤️ Peníze využije na jeho rehabilitace a důležité pomůcky

Kdo by chtěl ještě přispět, odkaz na transparentní účet najdete u nás v biu👆🏻",https://www.facebook.com/reel/1470093451517877/,462,193,1,,
@riderspardubice,instagram,4d6a67ab-9313-4f77-a82e-abb18adbca5d,da82ebcb-596a-4ff2-a6fc-7b3e38d29b94,IG Story,VIDEO,8.4.2026 6:19:51,,https://www.instagram.com/stories/riderspardubice/3870580655658919210,,969,,,
@218107044725785,facebook,7a942e3e-6c47-4794-9ba7-bbc7b6d40cb3,933df2fb-7c07-46b0-aa96-75b788ed59cf,FB Video,VIDEO,14.3.2026 10:16:29,Třetí zápas v jednom týdnu a dnes se vyrazíme po D1 do Brna 👋🏻,https://www.facebook.com/reel/1448611646818095/,889,351,18,,
@cvutengineers,instagram,11963a07-7f0f-48e6-9d81-aa63a7ff4a04,a8846043-5a2b-47fd-ac13-5cea47d3c515,IG Post,IMAGE,16.4.2026 21:16:37,"JSME VE FINÁLE 🔥
Zítra nás čeká ten nejočekávanější vrchol sezony. 
Ukažme všem #srdcelva 💙",https://www.instagram.com/p/DXNQuQ3jIPX/,,4975,188,,7
vsefalcons,instagram,709fceba-e311-48e7-9057-f54a587abf4a,51a8fe04-32ea-4a73-987f-2ed3e60cf417,IG Story,VIDEO,26.1.2026 17:00:40,💨 LETSGOOOO,https://www.instagram.com/stories/vsefalcons/3818719351910476355,,856,,,1
vsefalcons,instagram,709fceba-e311-48e7-9057-f54a587abf4a,8d86ac6b-69a2-4b28-a57b-bbe40ceb8ecf,IG Story,VIDEO,13.4.2026 16:22:27,BOYS ARE BACK IN TOWN ❌ ON ICE,https://www.instagram.com/stories/vsefalcons/3874507877905916241,,840,,,
@riderspardubice,instagram,4d6a67ab-9313-4f77-a82e-abb18adbca5d,d47d2137-4306-42d7-b15b-c03ff73fca20,IG Story,VIDEO,5.4.2026 8:27:03,,https://www.instagram.com/stories/riderspardubice/3868470348090236965,,553,,,
@united_hk,instagram,b18c071b-0570-48b2-b743-990c668c3c5b,e5de976a-41a0-4401-85c2-f0db188a4229,IG Story,VIDEO,17.4.2026 20:07:09,,https://www.instagram.com/stories/united_hk/3877519781125432336,,341,,,6
@univerzitnihokej,instagram,1e114592-3529-4cfe-9977-2598454053af,b38476b1-bc80-463e-b1bc-bea46cc9a05f,IG Story,VIDEO,31.3.2026 19:27:39,,https://www.instagram.com/stories/univerzitnihokej/3865178969142234180,,871,,,
@united_hk,instagram,b18c071b-0570-48b2-b743-990c668c3c5b,f805917d-412b-46d2-8b05-c9262e24ad15,IG Story,VIDEO,8.4.2026 15:16:43,,https://www.instagram.com/stories/united_hk/3870850695394023741,,1753,,,2
@bitvaoprahu,facebook,75e0f41f-82be-4f82-a77b-82ac11135ed2,7e849231-4e21-4d04-96ce-3fab8bdef933,FB Post,IMAGE,11.3.2026 6:00:09,"3. VLNA prodeje vstupenek končí už dnes o půlnoci 🫨
V den akce už to bude faaakt drahý! 💸 Tak buďte rozumný a kupte si lístek ještě dnes. 

🎟️ bitvaoprahu.cz",https://www.facebook.com/1441262177797849/posts/1418945703362830,207,,,,
@akademiciplzen,instagram,65494228-95bf-4f7b-8e68-d47d7262db66,acf2a368-c2de-446a-afec-652d8b2c7a42,IG Story,VIDEO,2.4.2026 15:24:08,,https://www.instagram.com/stories/akademiciplzen/3866506069225005638,,1239,,,1
@riderspardubice,instagram,4d6a67ab-9313-4f77-a82e-abb18adbca5d,43e613bf-6413-4afa-a17b-afdc917e1427,IG Story,VIDEO,12.4.2026 13:27:30,3 MINUTY DO KONCE 😬 2:2,https://www.instagram.com/stories/riderspardubice/3873697075129282186,,1006,,,
@boostrava,instagram,1176ddaf-d366-48a2-9639-3c6694c72c85,ab2008fb-883a-4a63-b734-d33e9816f18c,IG Reel,VIDEO,15.4.2026 16:35:03,Přejeme to VŠEM! Ať vyhraje ten nejlepší✨ a my se na vás těšíme v příští sezóně!😜 Máte se na co těšit 🦈,https://www.instagram.com/reel/DXKLrbGDAcl/,,4146,106,,5
@univerzitnihokej,instagram,1e114592-3529-4cfe-9977-2598454053af,53bb217f-a2eb-4d10-b33f-e07e47f3370e,IG Reel,VIDEO,11.3.2026 22:01:04,"Fuuu…byly to nervy, ale domácí BOčko to nakonec urvalo! 🫨",https://www.instagram.com/reel/DVwpbubiHCa/,,19094,447,2,22
@univerzitnihokej,facebook,01b45180-0b14-4a14-96e8-d0a4bab1fb9f,e8ec15d9-952f-41dc-9614-97b5621c8909,FB Post,IMAGE,9.4.2026 14:16:57,"Určitě se ptáte, jak to teď bude vypadat v @unihokejfinalfour 👀

Rozhodne se až v neděli v Lucky Loser zápase, kde se utkají Black Dogs a Riders. Podle toho, kdo vyhraje, se nastaví dvojice pro Final Four:

👉 Pokud vyhrají Riders:
UK Kings vs. Riders
ČVUT Engineers vs. VŠE Falcons

👉 Pokud vyhrají Black Dogs:
UK Kings vs. VŠE Falcons
ČVUT Engineers vs. Black Dogs

Jasno bude v neděli. Do té doby podržíme nejlevnější vstupenky. 🎟️",https://www.facebook.com/1275398168115026/posts/1282003267454516,1132,,4,,
@cvutengineers,instagram,11963a07-7f0f-48e6-9d81-aa63a7ff4a04,42e65500-9996-4fd3-ae3c-d5de7b1e0200,IG Story,VIDEO,17.4.2026 18:06:19,"KEPTYN 
READY 🫡",https://www.instagram.com/stories/cvutengineers/3877458864530791288,,1334,,,
@unitedhk,facebook,bfe6cc29-a387-41b9-9bca-b077722556af,35b4f197-9250-41c7-9013-0ecd605d4df5,FB Post,PHOTO,28.3.2026 11:10:06,"Už jen 3 dny do startu PLAY-IN!

1 zápas. Všechno nebo nic.

Tenhle večer rozhodne.

31.3. Praha.

ALL IN 🖤🧡

#unitedhk #unihokej #hokej",https://www.facebook.com/122180651084388974/posts/122179847534388974,281,,1,,
@univerzitnihokej,facebook,01b45180-0b14-4a14-96e8-d0a4bab1fb9f,3c144b1d-94ce-4603-8502-86fb765b2fe8,FB Video,VIDEO,12.3.2026 9:16:15,KFC Chicken detective🕵🏼‍♀️🍗,https://www.facebook.com/reel/910428958528275/,2338,1026,9,,
@riderspardubice,facebook,f99ed6c3-17cc-46f4-a32e-d9b0576ce2df,eea239e4-187b-4bb4-8958-ab155c091f6f,FB Post,IMAGE,12.4.2026 15:49:20,JSME VE @unihokejfinalfour !!!!!,https://www.facebook.com/1592662819534019/posts/1602824248517876,229,,6,,
@bitvaoprahu,instagram,d7c8aa06-74fb-4c6c-a7d2-c2fe1bf6d59c,bfa2a274-8b88-4864-99fc-798460dfb6a9,IG Post,IMAGE,12.3.2026 19:07:50,"Druhý bronz a vedle toho důležité tři body v boji o @unihokejfinalfour ! 🆕🔜

Gratulujeme @vsecz 🤍 a přejeme hodně štěstí v nadcházejícím play off. 🔥 #bitvaoprahu & @deloittecz",https://www.instagram.com/p/DVy6Fj-Dkf7/,,20267,486,2,26
@riderspardubice,instagram,4d6a67ab-9313-4f77-a82e-abb18adbca5d,b02a334f-daef-46ec-913b-2d32351649b0,IG Story,VIDEO,17.4.2026 14:41:34,@novas_28 🚨 🚨 1:0 GÓÓÓÓÓL,https://www.instagram.com/stories/riderspardubice/3877355977549055900,,989,,,
@hcnorthwings,facebook,2b08a479-603b-46e4-8a48-2bc0435ccd53,1a41eb60-355e-46ca-8086-2689c074a0b2,FB Story,VIDEO,25.3.2026 18:52:22,,,,,,,
@univerzitnihokej,facebook,01b45180-0b14-4a14-96e8-d0a4bab1fb9f,56a0d910-5562-4788-9989-c3a8a753fe14,FB Post,IMAGE,10.4.2026 16:22:26,"Z posledních příček až do finále play-in. ČZU Farmers byli krok od Final Four, nakonec ale jejich cesta končí právě tady.

Díky za ukázku toho, že je důležité se nevzdávat! 👏🏼",https://www.facebook.com/1275398168115026/posts/1282825647372278,776,,3,,
vsefalcons,instagram,709fceba-e311-48e7-9057-f54a587abf4a,3f67c19e-9fd0-4d0a-b87e-c6aa47cf00cb,IG Story,IMAGE,31.12.2025 11:13:13,🦅,https://www.instagram.com/stories/vsefalcons/3799700340442953410,,831,,,
vsefalcons,instagram,709fceba-e311-48e7-9057-f54a587abf4a,58715e38-133e-4f92-ab41-40648660ec73,IG Story,IMAGE,22.1.2026 8:17:14,,https://www.instagram.com/stories/vsefalcons/3815556816210295056,,1086,,,
vsefalcons,instagram,709fceba-e311-48e7-9057-f54a587abf4a,7685c8fe-230f-42bb-98ed-f61fa9d8f5d8,IG Story,VIDEO,26.1.2026 18:37:38,3. TŘETINA začíná,https://www.instagram.com/stories/vsefalcons/3818768175420954767,,852,,,
vsefalcons,instagram,709fceba-e311-48e7-9057-f54a587abf4a,7e36fb4d-30db-4fd4-87b0-dc994f13d342,IG Story,VIDEO,11.3.2026 18:44:33,JE TO VENKU!,https://www.instagram.com/stories/vsefalcons/3850661758843238298,1224,656,,,
vsefalcons,instagram,709fceba-e311-48e7-9057-f54a587abf4a,87e5256f-8a42-4d46-8997-a0d61c666116,IG Story,IMAGE,8.2.2026 17:51:06,"1 3 David
Drábek
Novák",https://www.instagram.com/stories/vsefalcons/3828166811108006272,,851,,,1
@riderspardubice,instagram,4d6a67ab-9313-4f77-a82e-abb18adbca5d,b431c85c-1566-411c-8277-8a6e18ae6994,IG Post,IMAGE,10.3.2026 7:42:24,"Vstupenky na Last dance Dominika Kopeckého a Daniela Skrypa nyní jen za 50,- 😎",https://www.instagram.com/p/DVsia6qDCV4/,,2119,37,,7
vsefalcons,instagram,709fceba-e311-48e7-9057-f54a587abf4a,b79ed296-d813-43be-955e-cbfeefd6e878,IG Story,VIDEO,14.3.2026 15:42:54,KDO BUDE DNEŠNÍ JEDNIČKA ? ?,https://www.instagram.com/stories/vsefalcons/3852744688277130276,770,755,,1,
@bitvaoprahu,instagram,d7c8aa06-74fb-4c6c-a7d2-c2fe1bf6d59c,e97f5792-db0b-4f2c-afa4-1922187b0fb4,IG Post,IMAGE,12.3.2026 21:10:13,"🇨🇿 Dvojnásobný medailista z olympijských her v Miláně je mezi námi! 🤩🙏🏼

Tím není nikdo jiný než Metoděj Jílek! 🎩 #bitvaoprahu",https://www.instagram.com/p/DVzIlMODutd/,,213461,10746,1,330
@AkademiciPlzen,facebook,d87b94e3-03e8-45d0-b92e-75e9b819545c,06974fdb-b7b9-4e89-8350-3ce39f25af32,FB Post,IMAGE,18.3.2026 22:22:55,"3 VÝHRY V ŘADĚ! 👊🏻

Z Brna vezeme výhru 1:4 a držíme si tak 4. místo v tabulce. 🍫 Hráčem zápasu se stává Jíří Beníšek. 👑

Jsme READY na poslední domácí zápas základní části! Přijď nás 25. 3. podpořit a pojďme to společně uzavřít vítězně! 💙

#akademiciplzen",https://www.facebook.com/1357105236437494/posts/1345811964233488,6675,,57,,
vsefalcons,instagram,709fceba-e311-48e7-9057-f54a587abf4a,2c088016-988e-4817-ab16-d55c0773b309,IG Story,VIDEO,9.4.2026 7:57:55,už za týden míříme do Edenu 🔜,https://www.instagram.com/stories/vsefalcons/3871354877611931778,752,832,,,1
@univerzitnihokej,instagram,1e114592-3529-4cfe-9977-2598454053af,58bf8637-7be8-4d01-bd65-c8fc495e8415,IG Post,IMAGE,12.3.2026 21:52:31,Tak tuto výhru ti bude závidět celkej kotel! 🍗,https://www.instagram.com/p/DVzNPXLCPM0/,,3866,68,,10
@hcnorthwings,facebook,2b08a479-603b-46e4-8a48-2bc0435ccd53,690c3418-d9e6-4426-aa30-67b31623e739,FB Video,VIDEO,19.3.2026 8:08:02,🎤 | Pozápasové ohlasy z 25. kola @univerzitnihokej v podání kapitána @hcnorthwings (Adam #Šubrt) #univerzitnihokej,https://www.facebook.com/reel/953961007139831/,531,240,3,,
vsefalcons,instagram,709fceba-e311-48e7-9057-f54a587abf4a,99394075-4aa0-400c-b168-c379b9611ddf,IG Story,VIDEO,8.2.2026 17:43:02,SROVNÁVÁ 🎯,https://www.instagram.com/stories/vsefalcons/3828162771406042706,,1376,,,1
@univerzitnihokej,instagram,1e114592-3529-4cfe-9977-2598454053af,a1c579bc-53a9-4461-be17-ceb514d2b640,IG Post,IMAGE,25.3.2026 22:39:50,"Na závěr základní části nechyběly nájezdy, prodloužení ani gólový koncert 🎻 Farmers urvali 2 body v Plzni, brněnské derby patří MUNI a Engineers navařili desítku 🚨
…a teď už směr play-in 🔜",https://www.instagram.com/p/DWUxK7tCAjc/,,5375,132,,8
vsefalcons,instagram,709fceba-e311-48e7-9057-f54a587abf4a,0381b3c5-769b-417b-80f1-b07fa3696ab5,IG Story,VIDEO,8.3.2026 7:34:06,@strnyjan,https://www.instagram.com/stories/vsefalcons/3848149991445547052,,965,,,2
vsefalcons,instagram,709fceba-e311-48e7-9057-f54a587abf4a,04673c5a-1337-4e44-b1d6-05b637cc6c9c,IG Story,VIDEO,12.3.2026 16:16:57,SROVNÁVÁME 👀,https://www.instagram.com/stories/vsefalcons/3851312263516951836,1408,1320,,,
vsefalcons,instagram,709fceba-e311-48e7-9057-f54a587abf4a,0b00ed68-22e0-45f0-8417-144e16ddf84f,IG Story,VIDEO,11.1.2026 17:56:00,👆🏼 REGISTROVAT SE MŮŽETE,https://www.instagram.com/stories/vsefalcons/3807875553261277639,,697,,,1
vsefalcons,instagram,709fceba-e311-48e7-9057-f54a587abf4a,24a9c569-4820-4246-8b32-ed2c6b5fd0be,IG Story,VIDEO,10.2.2026 10:36:44,,https://www.instagram.com/stories/vsefalcons/3829397735841734659,687,1014,,,6
@hc_muni,instagram,43cd62c8-609d-4ea6-8ce9-cae5242ede0c,2d43c833-502c-4ffe-b71b-cfba11f92b7a,IG Reel,REEL,25.3.2026 17:07:59,"Nojo, o @kfc_cz by se kluci i poprali🍗🐻 Jak úspěšní jste v našem kvízu byli vy? 

PS: žádné kuře nepřišlo vniveč 🫶🏻

#kfcplechovykyblik #kfc",https://www.instagram.com/reel/DWUKPdoDM2o/,,6068,104,,8
vsefalcons,instagram,709fceba-e311-48e7-9057-f54a587abf4a,54535825-d695-4183-9bb2-064f5699b1da,IG Story,VIDEO,10.2.2026 20:47:43,🚀,https://www.instagram.com/stories/vsefalcons/3829705462220589594,,977,,,
@hcmuni,facebook,d1f9e9f9-7526-42d4-85aa-13f91e89f7cf,07f96ee5-98b6-4817-89cc-e32d6a8f4caf,FB Video,VIDEO,6.3.2026 18:11:46,"Mrkněte na první gól @filas_vasek v @univerzitnihokej !!!🔥🏒💙

#hcmuni",https://www.facebook.com/reel/2098455937670864/,2437,1296,14,,
@univerzitnihokej,instagram,1e114592-3529-4cfe-9977-2598454053af,b6500821-e8c9-4534-8740-3e4bfcfa6e80,IG Post,IMAGE,23.3.2026 21:45:40,"Black Dogs vystrčili růžky a seřezali krále tabulky 🫣 východní Čechy patří Hradci, připisují si 4. výhru proti Riders 💪🏼",https://www.instagram.com/p/DWPhYejDC76/,,8810,182,,42
vsefalcons,instagram,709fceba-e311-48e7-9057-f54a587abf4a,0ab7914a-883e-4699-81d4-965d73d6a831,IG Story,VIDEO,3.2.2026 18:35:51,@vosmajz_97  cam 📽️,https://www.instagram.com/stories/vsefalcons/3824567260086278633,,1441,,,1
@AkademiciPlzen,facebook,d87b94e3-03e8-45d0-b92e-75e9b819545c,2f5b71ad-3efd-400b-94cd-1990fcc4098f,FB Video,VIDEO,25.3.2026 18:00:29,"Dnes do první linie proti @czufarmers nastupuje tahle sestava! Jen do nich, kluci. ✨

#akademiciplzen 

#AKA vs #CZU",https://www.facebook.com/reel/1424756915471003/,1057,448,13,,
vsefalcons,instagram,709fceba-e311-48e7-9057-f54a587abf4a,5196cbd8-4978-4f54-bf5a-fc73d71f2bf6,IG Story,VIDEO,14.3.2026 15:53:09,DOBRÝ PLAYLIST  must have 💯,https://www.instagram.com/stories/vsefalcons/3852749864450922233,766,779,,,
vsefalcons,instagram,709fceba-e311-48e7-9057-f54a587abf4a,64dc7188-25ca-47bd-8daa-391efca4d90f,IG Story,VIDEO,15.1.2026 11:13:23,@mcpraha3 🤝🏼 @vsecz,https://www.instagram.com/stories/vsefalcons/3810572080916245445,,4009,,,1
@akademiciplzen,instagram,65494228-95bf-4f7b-8e68-d47d7262db66,bb731746-71ce-49be-85af-477cdb8c3808,IG Story,IMAGE,2.4.2026 0:43:12,,https://www.instagram.com/stories/akademiciplzen/3866062570775539944,,2058,,,2
@univerzitnihokej,facebook,01b45180-0b14-4a14-96e8-d0a4bab1fb9f,37f4a432-d424-4c8a-aa98-973bd06d88bf,FB Video,VIDEO,11.3.2026 18:32:26,MORAVSKÉ DERBY ⚔️ Sledujte živě na @ctsport 📺,https://www.facebook.com/reel/920877407214740/,1503,502,5,,
vsefalcons,instagram,709fceba-e311-48e7-9057-f54a587abf4a,bd636c4e-b803-4fad-894d-37333cb86254,IG Story,VIDEO,2.2.2026 17:15:52,"nedočkavec 6 minut
před tréninkem 🥹",https://www.instagram.com/stories/vsefalcons/3823800453092372016,,1223,,,2
@engineersprague,facebook,afd06d1d-7b1c-4f66-8d93-ce4255ab773c,4495d929-8dfa-442d-9b1a-485da6c75484,FB Story,VIDEO,4.3.2026 19:17:37,,,,,,,
@akademiciplzen,instagram,65494228-95bf-4f7b-8e68-d47d7262db66,6118e644-4cda-433a-9bec-479d1f14b472,IG Post,ALBUM,30.3.2026 10:50:22,"PLAY-IN MODE ON! 🔥

Ta nejnapínavější část sezony právě začíná. Emoce pojedou na maximum a ve středu chceme přesně takovou atmosféru, jakou umíte vytvořit jen vy. 🫵🏻

📍 1. 4. | 19:00 | LOGSPEED CZ Aréna
🎟️ Lístky najdeš v biu nebo na webu

#akademiciplzen 💙",https://www.instagram.com/p/DWgX9BcjKsj/,,26121,770,3,72
vsefalcons,instagram,709fceba-e311-48e7-9057-f54a587abf4a,840002d2-5254-4d90-a181-644b97fb395e,IG Story,VIDEO,28.3.2026 19:24:32,"🫵🏻 POTŘEBUJEME TĚ
V ÚTERÝ NA TRIBUNĚ!",https://www.instagram.com/stories/vsefalcons/3863003085895371860,865,677,,,2
@riderspardubice,instagram,4d6a67ab-9313-4f77-a82e-abb18adbca5d,898ac601-c3d6-4bb2-9576-87dadb5cc8b1,IG Story,VIDEO,13.4.2026 12:35:00,🎟️,https://www.instagram.com/stories/riderspardubice/3874393356143168181,,568,,,
vsefalcons,instagram,709fceba-e311-48e7-9057-f54a587abf4a,ed604f20-e3e3-4f6b-8757-5c6c49539951,IG Story,VIDEO,8.3.2026 14:05:11,😘 🫶🏼,https://www.instagram.com/stories/vsefalcons/3848346822850937707,660,819,,,
@cvutengineers,instagram,11963a07-7f0f-48e6-9d81-aa63a7ff4a04,f8970262-4f31-45fc-baed-355b55db4f3d,IG Story,VIDEO,1.4.2026 8:40:02,🔥 🔥,https://www.instagram.com/stories/cvutengineers/3865577783280049146,,76,,,
@cvutengineers,instagram,11963a07-7f0f-48e6-9d81-aa63a7ff4a04,b1f7c56d-e369-4481-96cd-da3d54ebaae5,IG Post,IMAGE,17.4.2026 10:48:49,"Polední rozbruslení za námi, atmosféra byla/je dobrá 🤓

Těšíme se na večer 👀

📸: @ondra_mann 

#srdcelva",https://www.instagram.com/p/DXOuFZBDCh9/,,5092,123,,8
vsefalcons,instagram,709fceba-e311-48e7-9057-f54a587abf4a,7abd9cf7-8324-4664-acb1-6d56c9763d20,IG Story,VIDEO,3.2.2026 18:40:40,SÝÝÝÝR 📸 🧀,https://www.instagram.com/stories/vsefalcons/3824567894458012045,,913,,,
@akademiciplzen,instagram,65494228-95bf-4f7b-8e68-d47d7262db66,feec603f-f38a-4711-bcd5-0dedd1813d5c,IG Post,IMAGE,3.3.2026 15:54:50,"JARNÍ BITVA UŽ ZÍTRA! 👊🏻

Doraž včas na Proud, Redbull nebo svařák do fanzóny, nalaď hlasivky a pojď z toho udělat večer, na kterej se bude vzpomínat!

🕰️ 17:30 otevření fanzóny
📍 LOGSPEED CZ Aréna
🎟️ Lístky najdeš v biu nebo na plzenskabitva.cz

Tak co, bude nás ještě víc než loni? 🔥
#akademiciplzen",https://www.instagram.com/p/DVbXwrhDPGt/,,2675,59,,1
@univerzitnihokej,instagram,1e114592-3529-4cfe-9977-2598454053af,2db1584a-caa6-431f-95f4-0687441041af,IG Post,IMAGE,6.3.2026 8:57:44,@zlatak30 se inspiroval v NCAA. 🫨 Tohle jsme nedávno viděli u @michael_hrabal v UMass.,https://www.instagram.com/p/DViX-_GiI_2/,,26008,556,1,19
@hcnorthwings,facebook,2b08a479-603b-46e4-8a48-2bc0435ccd53,49e49deb-b90c-44ec-b516-7db9ae8dac36,FB Story,VIDEO,2.3.2026 18:54:18,,,,,,,
@united_hk,instagram,b18c071b-0570-48b2-b743-990c668c3c5b,89156323-2cd8-4dd7-85a7-a06adfc7c9c7,IG Post,IMAGE,15.3.2026 11:34:04,"Náš útočník Radek Bíman dnes slaví narozeniny.

Všechno nejlepší, Radku! 🎂
Užij si to.

🖤🧡",https://www.instagram.com/p/DV51BE2iDlx/,,2882,64,1,5
@univerzitnihokej,facebook,01b45180-0b14-4a14-96e8-d0a4bab1fb9f,b79a1970-8f55-4f15-b882-a3db2322c6be,FB Post,IMAGE,2.3.2026 8:16:51,"Program na tento týden? Opravdu nabitý 🔋
Kromě mnoho zajímavých utkání se ve středu podíváme na TOP zápas do 📍Plzně",https://www.facebook.com/1275398168115026/posts/1251978200457023,343,,2,,
@united_hk,instagram,b18c071b-0570-48b2-b743-990c668c3c5b,d80ca8d3-451f-45f2-902c-d587c4ca82e6,IG Story,VIDEO,25.4.2026 12:21:18,"KDY? TRY - OUT 
 🎯",https://www.instagram.com/stories/united_hk/3883083523930214274,,943,,,
vsefalcons,instagram,709fceba-e311-48e7-9057-f54a587abf4a,f956e795-bd2a-4769-8307-2e2819e36870,IG Story,VIDEO,12.2.2026 13:07:20,POV: jsi s námi na střídačce,https://www.instagram.com/stories/vsefalcons/3830923135956818094,728,958,,,4
@univerzitnihokej,instagram,1e114592-3529-4cfe-9977-2598454053af,99f33367-2a6c-492e-9c63-12ec4cdc28e6,IG Post,IMAGE,12.3.2026 21:06:50,Tak který tým si odnesl víc peněz? 💰,https://www.instagram.com/p/DVzIMVBiN0J/,,11548,240,,54
@bitvaoprahu,instagram,d7c8aa06-74fb-4c6c-a7d2-c2fe1bf6d59c,c5b8da47-46da-4888-aaa4-9eadfdfc5f07,IG Story,VIDEO,10.4.2026 14:56:24,S KÓDEM BITVA15 UŠETŘÍŠ 🤑 🎟️ 🎟️,https://www.instagram.com/stories/bitvaoprahu/3872290199804088521,,850,,,3
vsefalcons,instagram,709fceba-e311-48e7-9057-f54a587abf4a,32c3e9b2-9390-42f7-9b1f-f7fd22c5e354,IG Story,VIDEO,10.2.2026 19:18:21,"Proč nejsi jinde
aspoň o pár cenťásků 🤏🏻",https://www.instagram.com/stories/vsefalcons/3829660293760859840,627,952,,,1
@cvutengineers,instagram,11963a07-7f0f-48e6-9d81-aa63a7ff4a04,d0876eb8-b16a-4b8e-b399-e0ba1dd5ba16,IG Post,IMAGE,17.4.2026 8:42:20,"Ještě něco málo ze včerejší vítězný radosti 🥳
Dneska je cíl jasnej!

20:15 | ZIMNÍ STADION EDEN | UK vs ENG 
Chceme tě tam vidět! 🫵🏼

📸: @ondra_mann",https://www.instagram.com/p/DXOfnBwDLcj/,,8634,278,1,11
@bitvaoprahu,instagram,d7c8aa06-74fb-4c6c-a7d2-c2fe1bf6d59c,306c41d5-83c5-4c23-af22-2e3edf05e639,IG Post,IMAGE,13.3.2026 12:52:35,"🏆🏆 Královské ráno! Žijete všichni? 😀

📸 @vratapolivka_photo , @matyasklapa , @radekkasik1",https://www.instagram.com/p/DV00bUIjCKI/,,26264,807,,176
@univerzitnihokej,instagram,1e114592-3529-4cfe-9977-2598454053af,4947b9fb-87ff-4156-af7c-6d408a228b4a,IG Story,VIDEO,12.4.2026 15:12:45,OD ZÍTRA SE ZDRAŽUJÍ VSTUPENKY MŮJ TÝM POSTOUPIL DO @unihokejfinalfour 🚨 🥳 🙌🏻 🤯,https://www.instagram.com/stories/univerzitnihokej/3873747978158609299,,1438,,,1
@boostrava,instagram,1176ddaf-d366-48a2-9639-3c6694c72c85,8899a1ac-fb83-499a-ab96-4d975cf9ac5c,IG Post,IMAGE,4.3.2026 21:20:01,"Naši vítězové! 🦈

#hockey #winners",https://www.instagram.com/p/DVei045jOtf/,,10533,196,1,23
@riderspardubice,instagram,4d6a67ab-9313-4f77-a82e-abb18adbca5d,9ab2f050-1550-4f31-acff-2e7057fe7ab6,IG Story,VIDEO,3.4.2026 7:48:04,,https://www.instagram.com/stories/riderspardubice/3867001180732009455,,599,,,1
@univerzitnihokej,instagram,1e114592-3529-4cfe-9977-2598454053af,9d728274-d513-4b55-b324-b8e0ef70b910,IG Reel,VIDEO,12.3.2026 22:11:15,"Myslíte si, že by byl @metodej_jilek dobrej v hokeji? 👇🏻👀",https://www.instagram.com/reel/DVzOyuUCEFR/,,57618,2571,3,212
@akademiciplzen,instagram,65494228-95bf-4f7b-8e68-d47d7262db66,daa2564e-fae2-44b8-bdae-34e4652de34e,IG Story,VIDEO,1.4.2026 15:10:56,,https://www.instagram.com/stories/akademiciplzen/3865774527955633902,,1658,,,14
@hcnorthwings,facebook,2b08a479-603b-46e4-8a48-2bc0435ccd53,1468da8f-7a52-4905-9b87-802f5bbead96,FB Video,VIDEO,5.3.2026 7:59:03,🎥 | Přinášíme sestřih branek 23. kola @univerzitnihokej ve kterém studenti @ujepul - HC North Wings podlehli celku @czufarmers na domácím ledě v poměru 1:5🏒 #univerzitnihokej,https://www.facebook.com/reel/1246404513627047/,324,84,3,,
vsefalcons,instagram,709fceba-e311-48e7-9057-f54a587abf4a,7bc14117-e49f-423d-bc98-32b29dce29f6,IG Story,VIDEO,15.1.2026 9:49:44,👯,https://www.instagram.com/stories/vsefalcons/3810529931139015612,,1685,,,2
vsefalcons,instagram,709fceba-e311-48e7-9057-f54a587abf4a,7bc2947f-fd0f-41c4-9d19-ef2369605088,IG Story,VIDEO,3.3.2026 19:25:04,KDO TU DNES NENÍ 📺 🛋️,https://www.instagram.com/stories/vsefalcons/3844883981854584101,646,812,,,
vsefalcons,instagram,709fceba-e311-48e7-9057-f54a587abf4a,b5314a42-3b47-4c55-91dd-7a4fbdf998ad,IG Story,VIDEO,26.2.2026 20:55:05,za občerstvení děkujeme @kauflandcesko 🍿,https://www.instagram.com/stories/vsefalcons/3841305406261983803,983,1317,,,50
@cvutengineers,instagram,11963a07-7f0f-48e6-9d81-aa63a7ff4a04,c58fc56a-5788-4764-9123-3a25b5d91a16,IG Post,IMAGE,18.3.2026 19:29:46,"100 zápasů. Jedno jméno… Matouš Najman 👏🏼

Další legenda Engineers, která zanechala stopu, na kterou se nezapomíná. Matouši, díky za všechno! 💙

Přejeme ti spoustů úspěchů… a ať tě nikdy neopustí srdce lva 🦁",https://www.instagram.com/p/DWCZ2vJjMpG/,,10166,344,,9
@univerzitnihokej,facebook,01b45180-0b14-4a14-96e8-d0a4bab1fb9f,12fe15d6-3e54-4b4d-b632-839a16f34875,FB Video,VIDEO,12.3.2026 22:11:27,"Myslíte si, že by byl @metodej_jilek dobrej v hokeji? 👇🏻👀",https://www.facebook.com/reel/956471700139737/,507,217,3,,
@univerzitnihokej,instagram,1e114592-3529-4cfe-9977-2598454053af,578b5b5c-c19b-48bb-9bff-2d3234f6e035,IG Post,IMAGE,8.4.2026 21:45:54,"Co zápas, to kino! 🍿 Známe tři účastníky historicky prvního Final Four 🥵

Falcons ovládli výlet v Budějcích, Kings si vyzkoušeli Eden nanečisto a Engineers urvali výhru po dramatických samostatných nájezdech 🔥",https://www.instagram.com/p/DW4uIJVCOqS/,,5889,262,,9
@cvutengineers,instagram,11963a07-7f0f-48e6-9d81-aa63a7ff4a04,6c8ce250-dc5f-48e6-836e-5ff566365a9a,IG Story,VIDEO,8.4.2026 18:41:29,,https://www.instagram.com/stories/cvutengineers/3870953940578002604,,1743,,,2
@united_hk,instagram,b18c071b-0570-48b2-b743-990c668c3c5b,526238c9-6d73-4079-aae8-829e5ea46176,IG Story,VIDEO,22.4.2026 18:31:12,,https://www.instagram.com/stories/united_hk/3881095492662773263,,331,,,
vsefalcons,instagram,709fceba-e311-48e7-9057-f54a587abf4a,281264d4-72fd-4852-b714-f710795a590a,IG Story,VIDEO,18.1.2026 11:03:52,@ramert.16,https://www.instagram.com/stories/vsefalcons/3812741551500096165,,820,,,5
vsefalcons,instagram,709fceba-e311-48e7-9057-f54a587abf4a,b97d525e-5888-46f1-b813-99fc2dd7a0a7,IG Story,VIDEO,13.2.2026 13:52:49,,https://www.instagram.com/stories/vsefalcons/3831670806724278456,883,1059,,,5
@united_hk,instagram,b18c071b-0570-48b2-b743-990c668c3c5b,f51784dc-2ba0-42fe-8848-d0a9da16fe8b,IG Story,IMAGE,22.4.2026 8:07:00,,https://www.instagram.com/stories/united_hk/3880781448647060631,,849,,,
@riderspardubice,instagram,4d6a67ab-9313-4f77-a82e-abb18adbca5d,ba61b1fa-0779-4ee6-86cc-fc06a80247fc,IG Story,IMAGE,17.4.2026 13:34:34,@tipsport_cz,https://www.instagram.com/stories/riderspardubice/3877322442461199422,,1107,,,
@univerzitnihokej,instagram,1e114592-3529-4cfe-9977-2598454053af,eee3bf4f-6451-4e75-a837-6cf244051737,IG Reel,VIDEO,12.3.2026 18:03:03,Za takovou střelou by se nestyděli ani naši hráči! 🤯 @csobcz cash on ice 💸,https://www.instagram.com/reel/DVyzCcBCNu2/,,7746,106,,12
@akademiciplzen,instagram,65494228-95bf-4f7b-8e68-d47d7262db66,fcd809b5-ea07-4d99-bb86-3de5fd07916e,IG Reel,VIDEO,21.3.2026 17:16:10,"Šampóny od @garnier_czsk dělají po tréninku ve sprchách vyloženě zázraky. 🤯✨

#garnierfructis #cistahlava #cistahra #ad",https://www.instagram.com/reel/DWJ37CuDHm0/,,10618,260,1,68
@cvutengineers,instagram,11963a07-7f0f-48e6-9d81-aa63a7ff4a04,ff94c2e0-a07e-4fe1-bfd5-3363796914b4,IG Reel,VIDEO,17.4.2026 6:48:23,"🚨 FINÁLE FINAL FOUR JE TADY!

 Na tento moment jsme dlouho čekali. Teď je čas jít do boje o titul mistra ULLH. Na ledě necháme všechno. 🙏🏻

Dnes od 20:15 ukážeme, v kom bije skutečné srdce lva. 🦁",https://www.instagram.com/reel/DXOSBGhDImv/,,8383,124,,16
@engineersprague,facebook,afd06d1d-7b1c-4f66-8d93-ce4255ab773c,f4305a72-a822-46ed-8d9a-6ac584a9199c,FB Post,IMAGE,4.3.2026 8:33:55,"🚨 GAMEDAY | Dnes hrajeme doma!
V tradičních 20:00 vyzvedneme na našem ledě @united_hk 🔥. Jak tento duel dopadne? Přijď se podívat na Hvězdu a pořádně nám zafandit! Těšíme se 👋🏻. 

#engprg",https://www.facebook.com/1560924572517692/posts/1536634661613350,279,,4,,
@akademici_plzen,tiktok,8f78cb3d-9c53-4c33-9f39-e6526fd8fa1c,077f365c-4b37-4d23-902f-d5b4f50feae2,TT Video,VIDEO,27.4.2026 21:32:11,"Zavzpomínali jsme na Jarní bitvu… a přenesli se až do devadesátek! 🎞️ Chybí vám taky ta atmosféra? Nesmutněte, už příští týden oznámíme datum Bitvy o Plzeň! 🔥 #akademiciplzen 💙 #hockey #universitystudent #gameday ",https://www.tiktok.com/@akademici_plzen/video/7633554991655046422?utm_campaign=tt4d_open_api&utm_source=7348986504397455361,,1348,67,,3
@cvutengineers,instagram,11963a07-7f0f-48e6-9d81-aa63a7ff4a04,6e9d44b1-93a6-4b23-bb0a-e80fe580c543,IG Post,ALBUM,24.3.2026 18:08:58,"Zejtra vítězný repete? 🤞🏼

ENG vs NWU | 25. 3. | 20:00",https://www.instagram.com/p/DWRtYKBjOT0/,,9321,189,,2
@univerzitnihokej,instagram,1e114592-3529-4cfe-9977-2598454053af,79b64d06-5634-4595-a134-0a1e84c4a933,IG Story,VIDEO,17.4.2026 14:53:30,,https://www.instagram.com/stories/univerzitnihokej/3877362175832490597,,1669,,,2
@akademiciplzen,instagram,65494228-95bf-4f7b-8e68-d47d7262db66,9ed60cb4-ec4e-4c2a-926b-134232695a2b,IG Story,VIDEO,8.4.2026 13:28:24,,https://www.instagram.com/stories/akademiciplzen/3870796406890204498,,1591,,,
vsefalcons,instagram,709fceba-e311-48e7-9057-f54a587abf4a,69303f8b-4cf9-4c85-b7a4-6f9b4846eab4,IG Post,IMAGE,25.1.2026 17:56:18,"Zkouškové je (skoro) za námi, je čas vrátit se na zimák! 🤓 V prvním domácím zápase tohoto roku se utkáme s @hcnorthwings 🦅 

Hlavním partnerem zápasu je @mosteckamontazni 🤝🏽 

Už nám chybíte, tak se za námi zastavte! 🥹💙",https://www.instagram.com/p/DT8V0obiKQL/,,6168,63,,28
@univerzitnihokej,instagram,1e114592-3529-4cfe-9977-2598454053af,9f92cc7f-f513-4b84-8ff7-d23b1c5af9f1,IG Post,IMAGE,9.3.2026 9:03:12,"Moravské derby, finále Bitvy o Prahu a mnoho dalšího! Na co se tento týden těšíte nejvíc? 🤓",https://www.instagram.com/p/DVqG_syiFoc/,,6902,177,,17
vsefalcons,instagram,709fceba-e311-48e7-9057-f54a587abf4a,6810566c-d823-4ba5-81de-1110733dadaf,IG Story,VIDEO,12.3.2026 14:41:45,BRAZILKA  musí být,https://www.instagram.com/stories/vsefalcons/3851264353517475511,1554,1540,,,1
@riderspardubice,facebook,f99ed6c3-17cc-46f4-a32e-d9b0576ce2df,6e4e4825-8a65-4b5d-8be2-ced43b96280d,FB Post,IMAGE,17.4.2026 18:29:50,"Děkujeme 🫶

Dneska to necinklo, ale rvali jsme se a nenechali jsme to nikomu zadarmo.

Dokázali jsme se po nepříliš ideálním začátku sezóny zvednout a dotáhnout to mezi 4 nejlepší týmy ligy a zahrát si na historicky prvním @unihokejfinalfour v Edenu. 

A to už nám nikdy nikdo nevezme. 

Děkujeme všem, kteří nám fandili a speciálně těm, kteří při nás stáli od začátku sezony nebo dokonce těm kteří při nás stojí od začátku Riders samotných. Vážíme si toho.",https://www.facebook.com/1592662819534019/posts/1607527561380878,2144,,54,,
vsefalcons,instagram,709fceba-e311-48e7-9057-f54a587abf4a,4db65391-8f96-40cb-8da3-06b4182756da,IG Story,IMAGE,30.3.2026 9:28:28,"my, když si zítra na zápase vyřvete hlasivky společně s @sokoli.hnizd0",https://www.instagram.com/stories/vsefalcons/3864152671598956842,821,986,,,4
vsefalcons,instagram,709fceba-e311-48e7-9057-f54a587abf4a,95ce45ab-ebe3-4e39-8d83-8aa595cb2609,IG Reel,VIDEO,17.4.2026 16:03:35,"🤤🤤🤤

#vsefalcons #finalfour",https://www.instagram.com/reel/DXPR-yeDNvR/,,5629,92,1,2
vsefalcons,instagram,709fceba-e311-48e7-9057-f54a587abf4a,bc12a9a9-5148-42b7-81aa-3ae135f300a1,IG Story,VIDEO,14.3.2026 15:32:19,ROZBRUSLENÍ,https://www.instagram.com/stories/vsefalcons/3852739357526521963,849,849,,,
@riderspardubice,facebook,f99ed6c3-17cc-46f4-a32e-d9b0576ce2df,d314ef03-649d-4e16-8717-16d0540d3112,FB Video,VIDEO,26.4.2026 12:34:50,,https://www.facebook.com/reel/2036444483604619/,1077,461,6,,
vsefalcons,instagram,709fceba-e311-48e7-9057-f54a587abf4a,f3e6fbe7-e6b2-45aa-8ceb-8161a6480c7a,IG Post,IMAGE,8.2.2026 21:00:44,"@bitvaoprahu nanečisto pro nás skončila vítězně, ta pravá nás ale teprve čeká 🔥

Nejlevnější lístky můžeš koupit do pátku na bitvaoprahu.cz 🎟️",https://www.instagram.com/p/DUgtJbOiLid/,,2270,100,1,1
@bitvaoprahu,facebook,75e0f41f-82be-4f82-a77b-82ac11135ed2,576a5d72-0427-43ce-9ef9-3d59e7eefd57,FB Post,IMAGE,12.3.2026 9:00:08,"Nevíš co na sebe? 😔 Teď už jo! Obleč se do barev tvojí univerzity ať všichni ví, komu fandíš 🫡

Tak co, bude to červená❤️, modrá💙, zelená💚 nebo bílá🤍? 

Finálový večer Bitva o Prahu 🏒
Poslední lístky 👉🏼 bitvaoprahu.cz🎟️",https://www.facebook.com/1441262177797849/posts/1419535129970554,167,,,,
vsefalcons,instagram,709fceba-e311-48e7-9057-f54a587abf4a,16acfc41-cd6e-4905-a8d8-88c565ac3836,IG Story,VIDEO,8.2.2026 17:49:06,"🥁 KOTEL
READY @sokoli.hnizd0",https://www.instagram.com/stories/vsefalcons/3828165944480922697,,926,,,2
@hc_muni,instagram,43cd62c8-609d-4ea6-8ce9-cae5242ede0c,530841b7-a171-42fb-96a3-4e9a6d363d79,IG Post,IMAGE,10.4.2026 14:43:21,"Stehlík&Bros zahrají pro dobrou věc 🎶 💙 
Podpořte spolu se zakladatelem HC MUNI @stehla81 malého Honzíka, který od narození bojuje se vzácným genetickým onemocněním 🥹 Každý příspěvek mu pomůže na cestě k potřebným terapiím či pomůckám. Přispět můžete skrze QR kód ve stories. 
Předem moc děkujeme 🧸

#desetfakultjednarodina",https://www.instagram.com/p/DW9HXEIjBUY/,,3629,46,,10
@cvutengineers,instagram,11963a07-7f0f-48e6-9d81-aa63a7ff4a04,9090ab2a-7dc7-46aa-ae14-4df0d351ae54,IG Story,VIDEO,12.4.2026 6:28:41,1. VLNA NEJLEVNĚJŠÍCH LÍSTKŮ KONČÍ UŽ DNES  VYUŽIJ KÓD ENGFANS,https://www.instagram.com/stories/cvutengineers/3873484208304032151,,1145,,,7
@united_hk,instagram,b18c071b-0570-48b2-b743-990c668c3c5b,9d36361e-0e51-461b-9e4c-208b90241c9c,IG Post,PHOTO,24.3.2026 13:21:26,"💥Za týden jdeme do PLAY-IN.
31.3. Zápas o VŠE s VŠE Falcons v Praze!

1 zápas. Žádná druhá šance.

👉 Jak to funguje?
Vyhraješ = zůstáváš ve hře o Final Four.
Prohraješ = konec sezóny.

ALL IN

#unitedhk #unihokej #hokej",https://www.instagram.com/p/DWRMQJYCMlQ/,,7663,119,1,46
@univerzitnihokej,facebook,01b45180-0b14-4a14-96e8-d0a4bab1fb9f,9d5baab9-c755-44c6-ae4c-438f25039b5a,FB Video,VIDEO,12.3.2026 21:13:07,"Sice prohrávají, ale slavit umí…🔥",https://www.facebook.com/reel/822241420134224/,205,79,1,,
@218107044725785,facebook,7a942e3e-6c47-4794-9ba7-bbc7b6d40cb3,b07ca80f-abac-4b9d-8186-42aceeb3e40b,FB Post,IMAGE,21.4.2026 18:39:25,"Druhá sezóna, podruhé v TOP 4 a letos rovnou s medailema na krku🥉

Byla to horská dráha a velký počet zranění nám nic neulehčoval. Sice jsme nedoletěli až na samotný vrchol, ale to, co jsme během té cesty vytvořili, má pro nás mnohem větší hodnotu.

Děkujeme všem, kteří byli součástí - fanouškům z našeho hnízda za podporu, partnerům za důvěru a všem ostatním, kteří za námi stáli - ať už na ledě nebo mimo něj. 🩵 Loučíme se a už se těšíme, co přinese příští sezóna… protože my letíme dál Vzhůru k výškám 👆🏼

Go Falcons! 🦅",https://www.facebook.com/122282816036218300/posts/122285181680218300,1620,,37,,
@univerzitnihokej,instagram,1e114592-3529-4cfe-9977-2598454053af,ed225584-3d92-4b2c-8362-876f4e0136d4,IG Reel,VIDEO,5.3.2026 19:01:38,"Je hladoveeej🤤🤤

#zott #zotthungry #zotthungrydrinkthis",https://www.instagram.com/reel/DVg37IdCCB2/,,9321,216,6,43
vsefalcons,instagram,709fceba-e311-48e7-9057-f54a587abf4a,197ab564-7377-41c3-9383-2fab05b41a87,IG Reel,VIDEO,17.2.2026 21:16:41,"CTRL C + CTRL V

Michal Daniel otočil zápas 5 minut před koncem, během 40 vteřin 😮‍💨",https://www.instagram.com/reel/DU36s85CBlp/,,10585,199,,5
vsefalcons,instagram,709fceba-e311-48e7-9057-f54a587abf4a,7aa2b7cb-9d01-4878-9982-09fd6509452f,IG Post,IMAGE,17.2.2026 22:03:59,"Takový otočky my můžem 🙂‍↔️
@michal.danniel zajistil první výhru proti @united_hk 💪🏼

Tohle je ale teprve začátek - máme před sebou další důležité zápasy, tak stay tuned a vidíme se zase za týden! 🦅",https://www.instagram.com/p/DU3_y6AiDVG/,,1932,78,,3