account_name,social_network_id,carl_account_id,carl_post_id,post_type,media_url_type,published,caption,permalink,impressions,views,likes,comments,shares
@united_hk,tiktok,7e062517-b9da-416d-b73d-a2c5899a2be6,112e893d-854a-453f-8306-891f6c61671c,TT Video,VIDEO,29.3.2026 15:59:23,"Koupíš Garnier… a zapomeneš, že první krok = mít vlasy. 😭🏒 #unitedhk #unihokej #uhk #hradeckralove @Univerzitní hokej 🏒 @garnier_czsk ",https://www.tiktok.com/@united_hk/video/7622707768436264214?utm_campaign=tt4d_open_api&utm_source=7348986504397455361,,2554,111,2,16
@united_hk,instagram,b18c071b-0570-48b2-b743-990c668c3c5b,1deac005-6914-4c7e-b6ff-3a45601b53f9,IG Story,VIDEO,15.4.2026 18:56:38,,https://www.instagram.com/stories/united_hk/3876034994405684780,,388,,,
@united_hk,instagram,b18c071b-0570-48b2-b743-990c668c3c5b,41152bc5-f92a-437f-aeb5-33310d33b239,IG Post,IMAGE,17.7.2026 8:48:01,"Než skočíme zpátky do bruslí, ještě jedno ohlédnutí za závěrečným dnem letní přípravy.

🏐 ⛱️ Tradiční plážový volejbal ve Vysoké nad Labem.
Trochu pohybu, trochu srandy a poslední letní souboj mimo led.

Turnaj ovládla dvojice Petr Kubíček a Daniel Dunda.
Asistent trenéra ukázal, že umí rozdávat pokyny i body. 😏",https://www.instagram.com/p/Da40mNACHzs/,,7396,175,,22
@VUTCavaliersBrno,facebook,3351b43e-4b71-442b-b2f1-920cd6e57ee5,426eebcb-7feb-41f2-9bd0-5a9c82688d42,FB Story,IMAGE,2.10.2026 1:38:00,,https://facebook.com/stories/100667195401737/UzpfSVNDOjI0OTEwMTY4NjE0MjAyODQ=/?view_single=1,,,,,
@univerzitnihokej,instagram,1e114592-3529-4cfe-9977-2598454053af,44db01c9-9911-48d4-a611-eead39b8f66e,IG Reel,VIDEO,20.7.2026 14:37:52,"Celou sezónu putoval šek na 100 000 Kč za svým výhercem. Cesta nakonec skončila v Brně 🚗 

Důkaz, že mít účet u ČSOB se opravdu vyplácí 💳
Na další sezónu chystáme s @csobcz další benefity a odměny pro fanoušky ULLH. 🚨",https://www.instagram.com/reel/DbBK6XlojVw/,,3525,63,,2
vsefalcons,instagram,709fceba-e311-48e7-9057-f54a587abf4a,5dc586cb-7de2-431c-a950-bf6489cc66a4,IG Story,VIDEO,10.3.2026 18:07:36,👀,https://www.instagram.com/stories/vsefalcons/3849918398293653099,914,,,1,1
@cvutengineers,instagram,11963a07-7f0f-48e6-9d81-aa63a7ff4a04,6021ba0b-59b8-4d6e-a24f-cf1d0acf657e,IG Story,VIDEO,22.8.2026 17:44:06,DIEGOVA ŠANCE 🤙🏻,https://www.instagram.com/stories/cvutengineers/3969494573839578969,,886,,,1
@cvutengineers,instagram,11963a07-7f0f-48e6-9d81-aa63a7ff4a04,6c743b6a-e00a-43ca-a59f-17aa3e612425,IG Post,IMAGE,6.8.2026 12:24:36,"Naše kabina je zase o něco hezčí. 🏒

Díky všem, kdo se na tom podíleli. Teď už jen naplnit zdi dalšími vzpomínkami. 🦁💙",https://www.instagram.com/p/DbstSBPjBKb/,,8295,220,,19
@univerzitnihokej,facebook,01b45180-0b14-4a14-96e8-d0a4bab1fb9f,8e77d7f5-6e1a-41d6-8618-00098141fc61,FB Story,STORY,5.10.2026 17:25:37,,https://facebook.com/stories/111014331220088/UzpfSVNDOjE1NjU0ODQ1NTE5ODM4MzY=/?view_single=1,,,,,
vsefalcons,instagram,709fceba-e311-48e7-9057-f54a587abf4a,8f844c1a-d692-4702-b640-0cdb5543914f,IG Story,VIDEO,26.1.2026 15:31:59,,https://www.instagram.com/stories/vsefalcons/3818674708720136527,,1095,,,5
@united_hk,instagram,b18c071b-0570-48b2-b743-990c668c3c5b,90e4908d-f2ad-496b-9432-52f6b1723fa9,IG Reel,VIDEO,27.8.2026 13:31:48,"Označ parťáka, se kterým budeš tuhle sezónu chodit na zápasy🏒💬

#unitedhk #unihokej #hradeckralove #uhk",https://www.instagram.com/reel/Dci5RdoIlay/,,7970,226,4,38
@cvutengineers,instagram,11963a07-7f0f-48e6-9d81-aa63a7ff4a04,c564acdd-667a-4cc2-ac6a-7666e8fbeaba,IG Story,VIDEO,22.8.2026 18:38:17,,https://www.instagram.com/stories/cvutengineers/3969521828728988464,,655,,,1
@unitedhk,facebook,bfe6cc29-a387-41b9-9bca-b077722556af,c6b3c993-0ab2-4287-96a7-61b50c6e6316,FB Story,VIDEO,22.9.2026 20:27:00,,https://facebook.com/stories/122099775710388974/UzpfSVNDOjI1NTMwODk2OTE4NTkzMTU=/?view_single=1,,,,,
vsefalcons,instagram,709fceba-e311-48e7-9057-f54a587abf4a,cf6e1b52-4908-4067-9b9b-0fc4ee07b454,IG Story,VIDEO,16.3.2026 11:49:23,,https://www.instagram.com/stories/vsefalcons/3854076685108923815,816,1010,,1,42
vsefalcons,instagram,709fceba-e311-48e7-9057-f54a587abf4a,d9a7ff5f-9b80-4470-aa20-b764540c41bd,IG Story,VIDEO,12.3.2026 16:43:25,,https://www.instagram.com/stories/vsefalcons/3851325569183000388,1399,1242,,,
@AkademiciPlzen,facebook,d87b94e3-03e8-45d0-b92e-75e9b819545c,e4cea69b-764d-4282-92bc-96a36123882b,FB Post,IMAGE,2.10.2026 19:46:00,"AKA NA LEDĚ, AKA NA SOBĚ! 💙

Na Bitvu a všechny naše zápasy potřebuješ pořádný outfit. A my jsme se postarali, abys měl/a z čeho vybírat. 👀🔥

🧣 Šála — 300 Kč
🧢 Kulich — 450 Kč
🏒 Loňský dres — 500 Kč
👕 Modrá mikina — 1 100 Kč
🏒 Personalizovaný dres — 1 100 Kč

Vlastní jméno + číslo? Napiš si na něj, co chceš! 😎(Cena personalizovaného dresu se může mírně lišit v závislosti na výrobci.)

🛒 eshop.univerzitnihokej.cz
📍 na domácích zápasech
📩 nebo nám napiš do DM

O outfit máš vystaráno. Teď už jen vyrazit ho předvést.🔥 Ukaž, že jsi hrdý Akademik! 💙

#akademiciplzen | 🎨 Hikky | grafický designér",https://www.facebook.com/1357105236437494/posts/1516686997145983,599,,3,,
@hcnorthwings,facebook,2b08a479-603b-46e4-8a48-2bc0435ccd53,ff4b6fd6-90ff-405c-a1fe-9eaeeae981ca,FB Story,VIDEO,30.9.2026 17:16:26,,https://facebook.com/stories/101955925269645/UzpfSVNDOjIxNjQyMDI3NDA4MDQ3NDk=/?view_single=1,,,,,
@218107044725785,facebook,7a942e3e-6c47-4794-9ba7-bbc7b6d40cb3,1944a132-93d8-4d9d-8250-505757b940d3,FB Post,IMAGE,12.3.2026 10:38:53,"Jste připravení? 🫨 Kdybyste náhodou nevěděli, co před @bitvaoprahu stihnout, tak jsme vám to sepsali 👆🏻
Teď je to na vás. Tribuna musí být slyšet až na led. 🤍",https://www.facebook.com/122282816036218300/posts/122278481702218300,280,,8,,
@hc_muni,instagram,43cd62c8-609d-4ea6-8ce9-cae5242ede0c,75e577ca-4245-4381-a610-c56a9f22de25,IG Post,PHOTO,21.3.2026 14:50:57,"🚨 LAST CALL! 🚨 Náš led! Naše pravidla! Poslední zápas sezóny a navíc derby s @vutcavaliersbrno 🔥🥶🐻

19:30 na Lužánkách 📍

Lístky koupíš u nás v biu 🎟️
#hcmuni",https://www.instagram.com/p/DWJnXW_jFPA/,,6077,86,,6
@akademiciplzen,instagram,65494228-95bf-4f7b-8e68-d47d7262db66,8832c5d7-453d-4d0d-a8b8-a1b04b9575a2,IG Story,VIDEO,13.9.2026 6:19:09,@t_pain_6 @_rihastepan_ @gazicek_ @benisek_jiri @lukas.folda072 @dejv_hynek @michael.balak @v.holomoj @kaiser_sim_ @_adamsobotka @dolhyc17 @ @beerik09,https://www.instagram.com/stories/akademiciplzen/3985094872590870264,,3238,,,10
@cvutengineers,instagram,11963a07-7f0f-48e6-9d81-aa63a7ff4a04,cce55898-830b-4792-a0e2-e516aea9fabf,IG Reel,VIDEO,12.3.2026 20:21:34,😮‍💨,https://www.instagram.com/reel/DVzC5CWDN9D/,,8123,327,,4
@akademiciplzen,instagram,65494228-95bf-4f7b-8e68-d47d7262db66,df4de9c1-bb26-489c-acc8-99073c40b778,IG Post,IMAGE,16.9.2026 10:43:29,"ALUMNI GAME – PRVNÍ DOMÁCÍ ZÁPAS SEZÓNY 🏡🏒

Přijď se rozloučit a poděkovat hráčům z loňské sezóny! 👋🏻

🗓️ 29. 9. 2026
🕖 19:15
📍 LOGSPEED CZ Aréna

Pro prvních 100 návštěvníků máme připravený Proud zdarma. 🍻

‼️ Ještě nemáš lístek na Bitvu? 😶‍🌫️
Na zápase můžeš vyhrát 2× vstupenku na Bitvu o Plzeň + Afterparty a k tomu zásobu energie od @redbullcz ! 🤩🪽

Přijď i ty vytvořit na zimáku vítěznou atmosféru. 🫵🏻

🎟️ Vstupenky najdeš v odkazu v biu.
📲 V aplikaci UniLife navíc 20% sleva díky @csobcz !

#akademiciplzen | 🎨 @vpotocesevodatoci",https://www.instagram.com/p/DdWF_IdiuPk/,,8825,110,,22
vsefalcons,instagram,709fceba-e311-48e7-9057-f54a587abf4a,f532af0a-4885-455e-b24a-0288659bf2f9,IG Story,VIDEO,28.1.2026 17:45:58,@hamrbrmbrm13,https://www.instagram.com/stories/vsefalcons/3820191695581509776,,1300,,,5
@akademiciplzen,instagram,65494228-95bf-4f7b-8e68-d47d7262db66,13bf01ec-b680-4864-b9e6-7937897de267,IG Story,VIDEO,1.4.2026 17:17:27,@lukas.folda072,https://www.instagram.com/stories/akademiciplzen/3865838221490180362,,1337,,,
@hcnorthwings,facebook,2b08a479-603b-46e4-8a48-2bc0435ccd53,6625b462-d5c6-4662-92be-4f4ee4ef04e0,FB Story,VIDEO,23.9.2026 18:52:09,,https://facebook.com/stories/101955925269645/UzpfSVNDOjE4MDk4OTU0NTcwMjYwOTA=/?view_single=1,,,,,
@riderspardubice,instagram,4d6a67ab-9313-4f77-a82e-abb18adbca5d,70be2c50-46d3-437c-bc15-5944e15eae3f,IG Post,IMAGE,11.3.2026 10:29:56,"Emoce vyhraného zápasu 🔥🤩

A 23. března nás čeká Last Dance! Poslední domácí zápas sezony a zároveň poslední zápas v dresu Riders pro @dominikkopecky_99 a @daniel.skryp!

📸 @radimjoska7",https://www.instagram.com/p/DVvagrnjJQ2/,,6772,165,2,11
@univerzitnihokej,instagram,1e114592-3529-4cfe-9977-2598454053af,b9586553-1f2a-45e3-b17f-4723947def88,IG Reel,VIDEO,4.10.2026 11:42:45,"Když se bitva o Zlin zvrhne o karaoke s @haddawayofficial 🎤🔥
Tahle atmosféra neměla chybu!",https://www.instagram.com/reel/DeEjIM5IJPl/,,20153,427,1,178
@united_hk,instagram,b18c071b-0570-48b2-b743-990c668c3c5b,c8e519af-1e73-479a-ae6c-952798c3c263,IG Story,IMAGE,18.4.2026 9:15:34,,https://www.instagram.com/stories/united_hk/3877916865842400864,,597,,,
@riderspardubice,instagram,4d6a67ab-9313-4f77-a82e-abb18adbca5d,fb72032f-be91-4b1d-b730-8e12041518f8,IG Post,IMAGE,11.9.2026 12:54:14,"Téměř za týden odstartujeme další sezónu v @univerzitnihokej 😍

Nemáš ještě lístky? 🤔 V BIU máš odkaz, kde je koupíš! 

21.9. v 19:30 se vidíme! 

PS: po zápase je after v @dydybaba 🤭",https://www.instagram.com/p/DdJcvXbo1zK/,,6959,107,1,33
vsefalcons,instagram,709fceba-e311-48e7-9057-f54a587abf4a,3051ed00-6881-4dad-a69c-e173f54aa0d9,IG Story,VIDEO,15.4.2026 9:39:09,📌 🏝️,https://www.instagram.com/stories/vsefalcons/3875754415617781831,735,853,,1,1
@boostrava,instagram,1176ddaf-d366-48a2-9639-3c6694c72c85,50884d0c-7f9c-48b6-beb0-08299f617e36,IG Story,VIDEO,21.9.2026 19:29:13,VEDEMEEEE 🦈 2:1 @kuba_belan,https://www.instagram.com/stories/boostrava/3991290739145106598,,451,,,1
@unitedhk,facebook,bfe6cc29-a387-41b9-9bca-b077722556af,5d118397-a982-472d-a426-cf39b17d79b8,FB Story,IMAGE,6.9.2026 17:36:47,,https://facebook.com/stories/122099775710388974/UzpfSVNDOjE3Mzg1NzgzODQ3MTkyNjU=/?view_single=1,,,,,
@united_hk,instagram,b18c071b-0570-48b2-b743-990c668c3c5b,6c1a8f59-042d-460e-a89a-94a4ae94e716,IG Post,IMAGE,16.7.2026 17:21:00,"V sobotu 18. července budeme u toho. 🚲

UNIted HK najdete na akci Den s cyklisty na Smetanově nábřeží před restaurací Náplavka v Hradci Králové.

Od 10:00 do 17:00 se za námi můžete zastavit u stánku, pokecat o univerzitním hokeji a zároveň podpořit charitativní akci, jejíž výtěžek půjde na Nadační fond seko onkologie, spolek Dlouhá cesta a handicapovaného sportovce.

Na místě bude program pro děti i dospělé, cyklojízda směr Kuks, dražba dresů a sportovních předmětů, doprovodný program a další aktivity.

Vstup na akci je zdarma.

Stavte se za námi na Náplavce. Rádi vás uvidíme.",https://www.instagram.com/p/Da3Kf-7oGPV/,,3098,17,,3
vsefalcons,instagram,709fceba-e311-48e7-9057-f54a587abf4a,ce76ebbe-95cf-4355-8e5f-dbbe4fd6ef77,IG Story,VIDEO,17.2.2026 19:07:12,,https://www.instagram.com/stories/vsefalcons/3834728091952363467,633,836,,,2
@unitedhk,facebook,bfe6cc29-a387-41b9-9bca-b077722556af,1640321b-fa92-483b-b492-2ba544cb4d2c,FB Story,IMAGE,6.9.2026 15:59:33,,https://facebook.com/stories/122099775710388974/UzpfSVNDOjE3OTcyODkwNjQ2MDE2NzM=/?view_single=1,,,,,
@cvutengineers,instagram,11963a07-7f0f-48e6-9d81-aa63a7ff4a04,3035d4a9-d5e0-43f7-8646-9a0baebe3d4b,IG Post,IMAGE,17.4.2026 18:18:39,"NAPOSLEDY V TÉTO SEZONĚ 🔥
LET’S GO ENGINEERS 🫶🏻",https://www.instagram.com/p/DXPhbCGDFex/,,2579,54,,
vsefalcons,instagram,709fceba-e311-48e7-9057-f54a587abf4a,32e002a2-e4c8-42b4-bd4f-e9ecfb29f1c9,IG Post,IMAGE,14.8.2026 14:54:13,"Na cestě do třetí sezóny 🚀

Try out máme za sebou, teď už jen trénovat a vlítnout zpátky do formy 💪🏼",https://www.instagram.com/p/DcBkw0ziGna/,,10484,241,1,54
@united_hk,instagram,b18c071b-0570-48b2-b743-990c668c3c5b,627a0840-eecf-4d4a-bbbe-a5390484f0cc,IG Post,IMAGE,6.9.2026 14:04:35,"ZÍTRA JDOU LÍSTKY VEN.

🎟️ 90 Kč
📱 72 Kč v UniLife s účtem u ČSOB

První vlna startuje zítra a poběží do 20. 9.

Otvírák 28. 9. | ČPP aréna

unitedhk.cz/otvirak",https://www.instagram.com/p/Dc8tW71IBro/,,1596,14,1,1
@univerzitnihokej,instagram,1e114592-3529-4cfe-9977-2598454053af,9be8d4e7-b230-49fd-813e-3148dcb12597,IG Post,IMAGE,21.8.2026 15:45:16,Chyběli jsme vám? Za měsíc jsme zpět! 🔥,https://www.instagram.com/p/DcTrODkIicX/,,16090,332,6,19
@united_hk,instagram,b18c071b-0570-48b2-b743-990c668c3c5b,9f827522-4000-45f5-8106-221c5fc61bb3,IG Story,IMAGE,22.9.2026 18:59:01,Stav po první třetině.,https://www.instagram.com/stories/united_hk/3992000339531828503,,442,,,
@united_hk,instagram,b18c071b-0570-48b2-b743-990c668c3c5b,e801d1e2-c282-46dc-af1b-e356712d6178,IG Story,VIDEO,25.4.2026 11:55:37,@garnier_czsk  DĚKUJEME 🌞 DĚKUJEME ZA DÁREČKY ZA DÁREČKY 🌞,https://www.instagram.com/stories/united_hk/3883070683244716573,,1072,,,2
@bitvaoprahu,facebook,75e0f41f-82be-4f82-a77b-82ac11135ed2,f1a0434f-ace8-497b-b5c1-4e5761647ee7,FB Video,VIDEO,12.3.2026 16:19:32,"ZAČÍNÁME! 🔥

Hala se nám začíná plnit! 🥁 Malé pražské univerzitní derby sleduj živě na @sport_ct ➕. 📺

#bitvaoprahu | @czufarmers ⚔️ @vsefalcons",https://www.facebook.com/reel/1470697467995613/,3523,1193,6,,
@AkademiciPlzen,facebook,d87b94e3-03e8-45d0-b92e-75e9b819545c,252907b1-a8af-436a-b66c-50f14e6ce46f,FB Post,IMAGE,24.9.2026 18:01:46,"Do nové sezóny vstupujeme s novým kapitánem! 🫡🏒

„C“ bude na svém dresu letos nosit náš nejproduktivnější hráč Štěpán Říha. Po jeho boku budou stát asistenti Tomáš Pánek & Adam Dolhý! 👊🏻

Kluci, hodně štěstí do sezóny! 🍀

#akademiciplzen | 🎨 káťa 🥵",https://www.facebook.com/1357105236437494/posts/1508485941299422,629,,7,,
@hcmuni,facebook,d1f9e9f9-7526-42d4-85aa-13f91e89f7cf,3e1aa0dd-1a00-423d-954e-4e11b82c957d,FB Story,VIDEO,28.9.2026 17:34:04,,https://facebook.com/stories/107477761381481/UzpfSVNDOjE0MDcwNjg4MjA4OTQ0NDg=/?view_single=1,,,,,
vsefalcons,instagram,709fceba-e311-48e7-9057-f54a587abf4a,4261173e-17dd-4f9b-873f-bbcb15dceef5,IG Story,VIDEO,10.3.2026 22:47:26,🎤 @jan_kubata,https://www.instagram.com/stories/vsefalcons/3850059319828025219,1257,306,,,
@VUTCavaliersBrno,facebook,3351b43e-4b71-442b-b2f1-920cd6e57ee5,980339bc-240a-4c3e-90a5-ca72351bbd27,FB Story,IMAGE,23.9.2026 18:42:33,,https://facebook.com/stories/100667195401737/UzpfSVNDOjE1NjA0Mjk5MDUzNjUyNzA=/?view_single=1,,,,,
@riderspardubice,instagram,4d6a67ab-9313-4f77-a82e-abb18adbca5d,a3b22bd3-be42-454f-bb13-9fc2e20af32f,IG Reel,VIDEO,4.8.2026 10:30:14,we are so ready🔥😮‍💨,https://www.instagram.com/reel/DbnWfYyI6dp/,,5937,160,,13
@akademiciplzen,instagram,65494228-95bf-4f7b-8e68-d47d7262db66,a3bf88e6-2f04-46c1-b8e9-aa628d6ef6ea,IG Post,IMAGE,8.9.2026 19:42:29,"⏰Času na koupení těch nejlevnějších lístků už moc nezbývá…

🎟️ Vstupenka na Bitvu? Běžně dnes za 150 Kč.
📲 V aplikaci UNILIFE jen za 130 Kč po propojení s účtem ČSOB.

Nejen hokej, ale celý studentský život v jedné aplikaci. 🏒📲

UNILIFE ti přinese:
✅ 20% slevu na vstupenky po propojení s účtem ČSOB
✅ vstupenky bez PDF a hledání v e-mailu
✅ přehled akcí ve tvém městě
✅ výhody a slevy u partnerů

Tak na nic nečekej – v nejlepších sektorech zbývají poslední volná místa! ⚠️

#akademiciplzen",https://www.instagram.com/p/DdCdg6qsyPa/,,11897,133,,76
@cvutengineers,instagram,11963a07-7f0f-48e6-9d81-aa63a7ff4a04,ce29dce5-775e-4819-a6d2-827f72481c58,IG Story,VIDEO,22.9.2026 18:20:37,1 2,https://www.instagram.com/stories/cvutengineers/3991980974313087969,,1206,,,2
@742626308943576,facebook,afcb2720-0a77-4413-95f4-2247bcb8a565,939150d2-eae8-4d02-8470-d09a21d21e97,FB Post,IMAGE,4.9.2026 7:00:29,"60 dní do BITVY. 🏒🔥
Dvě univerzity.
Jedno město.
Jedna aréna.
A pořádná bitva o Budějce. ⚔️

📅 4. 11. 2026
📍 Budvar aréna

Už brzy odhalíme víc. 👀

Jsi ready na BITVU O BUDĚJCE?

#BitvaOBudějce #Budějce #VŠTE #JU hokej BudvarArena",https://www.facebook.com/122132173953029080/posts/122144720319029080,43,,2,,
@riderspardubice,instagram,4d6a67ab-9313-4f77-a82e-abb18adbca5d,9c046086-b4d2-4ff6-8656-d269aad913d9,IG Story,VIDEO,17.4.2026 14:56:20,,https://www.instagram.com/stories/riderspardubice/3877363465086330680,,918,,,
@engineersprague,facebook,afd06d1d-7b1c-4f66-8d93-ce4255ab773c,b31a258f-211c-47d6-ac23-5289103d2e30,FB Story,IMAGE,22.8.2026 18:37:44,,https://facebook.com/stories/136066081670222/UzpfSVNDOjE1NjA3NjkxNzI0MTAxNTQ=/?view_single=1,,,,,
@riderspardubice,instagram,4d6a67ab-9313-4f77-a82e-abb18adbca5d,063f3cbd-96d7-4897-b286-950fa1b195f2,IG Story,VIDEO,21.9.2026 18:24:02,V kotli je pořádně horko🥁🔥,https://www.instagram.com/stories/riderspardubice/3991257958025630216,,982,,,7
@united_hk,instagram,b18c071b-0570-48b2-b743-990c668c3c5b,21f0ff16-a2b3-4c00-b531-fbc4e5e40b12,IG Story,IMAGE,17.4.2026 8:25:38,,https://www.instagram.com/stories/united_hk/3877166958563067773,,638,,,
@univerzitnihokej,instagram,1e114592-3529-4cfe-9977-2598454053af,390f44ff-7326-4956-acef-d215bf6d6ce5,IG Reel,VIDEO,4.3.2026 19:26:38,"KFC CHICKEN DETECTIVE 🕵🏻‍♂️🔍
Fanouškovské menu na vás čeká v restauracích KFC🍗",https://www.instagram.com/reel/DVeWCDQiDu0/,,11626,244,3,12
@riderspardubice,facebook,f99ed6c3-17cc-46f4-a32e-d9b0576ce2df,47282e5d-58d2-41dd-9e18-e9c87fffc90d,FB Video,VIDEO,9.3.2026 18:29:44,Kluci vědí jak to chodí! 🍻,https://www.facebook.com/reel/1346839960796925/,7071,4218,30,,
univerzitnihokej,tiktok,01c88cf9-594f-408e-a45a-95114221acae,621e3ccd-b7f0-479d-bb0f-9778f8ff978b,TT Video,VIDEO,14.4.2026 5:49:42,Engineers fans kotel volá 🦁 Kdo bude nejvíc slyšet? 📣 🎟️ finalfour.cz,https://www.tiktok.com/@univerzitnihokej/video/7628487971053817110?utm_campaign=tt4d_open_api&utm_source=7348986504397455361,,655,28,,
@riderspardubice,instagram,4d6a67ab-9313-4f77-a82e-abb18adbca5d,80a8b4ff-579e-495c-8b35-dd43fe14918b,IG Post,IMAGE,29.9.2026 16:30:01,"U nás se budou hrát rovnou dvě derby!!👊🏻

Během první přestávky nás čeká jedno menší derby mladších žáků Pardubic a Hradce Králové ročníku 2016.🔥

Nezmeškej tenhle okamžik a doraž 26. října na nejlepší utkání semestru! 🤩

🎟️Lístky kupuj přes aplikaci UniLife.",https://www.instagram.com/p/Dd4LaBBRMtd/,,10591,211,,37
vsefalcons,instagram,709fceba-e311-48e7-9057-f54a587abf4a,aadd2c42-15f1-47db-b101-bf822a2c9a3b,IG Story,VIDEO,13.3.2026 16:17:13,DÁME SI TEĎ VAŠE POV 😎,https://www.instagram.com/stories/vsefalcons/3852037209327156910,1004,934,,,
@univerzitnihokej,instagram,1e114592-3529-4cfe-9977-2598454053af,16611037-eb51-4dc4-85bf-0d5d6071647c,IG Story,VIDEO,5.10.2026 12:51:32,,https://www.instagram.com/stories/univerzitnihokej/4001237711645595650,,197,,,
@riderspardubice,instagram,4d6a67ab-9313-4f77-a82e-abb18adbca5d,39be54c7-ffab-464b-8c12-6a2d708d8af4,IG Reel,VIDEO,30.9.2026 10:53:18,"Honza Stolín, náš kapitán, nám prozradil, co pro něho znamená derby s UHK UNIted Hradec Králové. 👊🏻🔥

🎟️ Lístky koupíš v aplikaci UniLife, tak neváhej a kupuj, tohle si nechceš nechat ujít!",https://www.instagram.com/reel/Dd6JwMmx6d5/,,2954,72,1,2
vsefalcons,instagram,709fceba-e311-48e7-9057-f54a587abf4a,6f32ac52-181b-42d1-81bc-eb6f65c06ac5,IG Reel,REEL,14.3.2026 12:37:33,"Unposted záběry, které si nemůžeme nechat jen pro sebe 💙🏆",https://www.instagram.com/reel/DV3XNWUCAdO/,,7771,234,3,1
@vutcavaliersbrno,instagram,b384bebf-72f3-4f9d-8b2d-3677709f6966,9a3463a8-5e6f-465c-a1a9-d17411394c49,IG Story,VIDEO,28.9.2026 16:05:20,,https://www.instagram.com/stories/vutcavaliersbrno/3996261544106675322,,507,,,6
vsefalcons,instagram,709fceba-e311-48e7-9057-f54a587abf4a,b4da6fd3-8b91-41b3-ab4c-dac37e2d103a,IG Reel,REEL,17.3.2026 20:16:55,"Garnier Fructis je u nás v šatně cenný zboží 🧴💆‍♂️
Kdo má, nepůjčuje. Kdo nemá, lituje. 😄",https://www.instagram.com/reel/DV_6NPQiJHt/,,9873,146,4,27
vsefalcons,instagram,709fceba-e311-48e7-9057-f54a587abf4a,1068aaaa-54fe-4112-a74e-6dfcb0d31ec0,IG Story,VIDEO,9.2.2026 19:46:41,,https://www.instagram.com/stories/vsefalcons/3828949780861080987,,1332,,,13
vsefalcons,instagram,709fceba-e311-48e7-9057-f54a587abf4a,40c7f6b4-6437-4adb-984d-09377c76a7a3,IG Story,VIDEO,22.7.2026 15:20:52,HELE TEN BRO JE OD NÁS 😏 @cech.ondrejj 🎮,https://www.instagram.com/stories/vsefalcons/3946954408974290678,,1501,,,5
vsefalcons,instagram,709fceba-e311-48e7-9057-f54a587abf4a,5216fbd9-a531-4234-b17e-a2948516bd00,IG Post,IMAGE,4.10.2026 19:07:48,"One night, two parties 🏒🎶

First we cheer together at the Erasmus Game, then we keep the vibes going at the afterparty in El Magico! Meet the Falcons, make new friends and celebrate Erasmus in Prague 🌍

Tag who you’re bringing 👇",https://www.instagram.com/p/DeFWD5jINFn/,,6434,105,1,56
@hc_muni,instagram,43cd62c8-609d-4ea6-8ce9-cae5242ede0c,612d0d73-10dc-4dcb-8d17-a280c037ca86,IG Post,IMAGE,12.3.2026 12:43:04,"Bojovali jsme až do konce, ale nájezdy jsou loterie 
Hlavy nahoře – jdeme dál! 🔥💪🏻

Vidíme se v sobotu na Lužánkách!!! 💙

#hcmuni",https://www.instagram.com/p/DVyOJJDjF4l/,,3476,85,,4
@218107044725785,facebook,7a942e3e-6c47-4794-9ba7-bbc7b6d40cb3,978a3fa8-3e59-42db-b0a6-21d119cab044,FB Story,IMAGE,22.9.2026 19:41:09,,https://facebook.com/stories/122096877530218300/UzpfSVNDOjEwODAwMjEwNzgyMTA3NDI=/?view_single=1,,,,,
@cvutengineers,instagram,11963a07-7f0f-48e6-9d81-aa63a7ff4a04,b8852752-e909-4ba9-a291-6e563b61f8e3,IG Post,IMAGE,9.4.2026 16:42:07,"Úspěšnost 97,62 % a k tomu 6 ze 7 nájezdů 😮‍💨 Tohle byla Alťákova show 🧱 

#engprg",https://www.instagram.com/p/DW6wKDYDKPH/,,39711,1134,1,44
@vutcavaliersbrno,instagram,b384bebf-72f3-4f9d-8b2d-3677709f6966,bc31bd09-562b-447d-bbf6-5b780527babf,IG Post,IMAGE,9.3.2026 14:58:32,Díky @b_hockey_czech🏒 nám to sluší na ledě i mimo něj❤️‍🔥,https://www.instagram.com/p/DVqvqPEiLSf/,,6655,107,,4
@cvutengineers,instagram,11963a07-7f0f-48e6-9d81-aa63a7ff4a04,ff458180-3f0a-4826-a42b-66be6795bc75,IG Story,VIDEO,30.9.2026 19:14:00,HOŠI DĚKUJEM 🫶🏻,https://www.instagram.com/stories/cvutengineers/3997806101923686386,,1012,,,
vsefalcons,instagram,709fceba-e311-48e7-9057-f54a587abf4a,15e29455-b01e-4b18-9a6a-ebe145866aaa,IG Story,VIDEO,8.2.2026 17:19:09,,https://www.instagram.com/stories/vsefalcons/3828150763247931249,,1113,,,2
vsefalcons,instagram,709fceba-e311-48e7-9057-f54a587abf4a,4044a1f3-58aa-46e6-a157-45e43e05cfbb,IG Post,CAROUSEL_ALBUM,19.1.2026 10:33:24,"Za týden se vracíme zpět na led v plné síle! 💪🏼 
🔜 Winter Classic vs. 🐕‍🦺

📸 @radimjoska7",https://www.instagram.com/p/DTsGXaoCNYl/,,6238,161,,2
@boostrava,instagram,1176ddaf-d366-48a2-9639-3c6694c72c85,59ea23b6-7d06-4cad-b4c2-f26eee0f98d7,IG Story,VIDEO,26.9.2026 20:21:36,SNIŽUJEME 🧨 1:2 @_.mhudec._ 🏒,https://www.instagram.com/stories/boostrava/3994941649922586779,,319,,,6
@AkademiciPlzen,facebook,d87b94e3-03e8-45d0-b92e-75e9b819545c,7f16f646-e7d7-46eb-bf3b-9666c07195bb,FB Post,IMAGE,26.3.2026 20:02:59,"ALL IN.

#akademiciplzen",https://www.facebook.com/1357105236437494/posts/1352739620207389,334,,2,,
@riderspardubice,instagram,4d6a67ab-9313-4f77-a82e-abb18adbca5d,a2218060-d21e-4437-875f-f66d59dca4c7,IG Reel,VIDEO,6.4.2026 19:21:55,"V úterý @hcpce, ve středu my! 🏒
Hockeytown 🔥",https://www.instagram.com/reel/DWzT6Y4EexY/,,7439,186,9,3
@united_hk,tiktok,7e062517-b9da-416d-b73d-a2c5899a2be6,b86786f3-47d7-47f0-962b-62f3cb632411,TT Video,VIDEO,26.3.2026 17:03:18,PLAY-IN se blíží. Začíná bitva o Final Four! 1 zápas. Všechno nebo nic. Vyhraješ → jedeš dál. Prohraješ → konec sezóny. ALL IN. #unitedhk #unihokej #hokej @Univerzitní hokej 🏒 ,https://www.tiktok.com/@united_hk/video/7621610993277357334?utm_campaign=tt4d_open_api&utm_source=7348986504397455361,,977,51,,2
vsefalcons,instagram,709fceba-e311-48e7-9057-f54a587abf4a,f5502335-a2b0-4625-b967-423b5016587d,IG Story,VIDEO,22.9.2026 16:48:59,Rozcvička v plném proudu!⚽️,https://www.instagram.com/stories/vsefalcons/3991935095765758164,,1332,,,
@cvutengineers,instagram,11963a07-7f0f-48e6-9d81-aa63a7ff4a04,2ab5da57-02fd-4fa3-873d-bcd8f8a367b0,IG Story,VIDEO,9.9.2026 14:17:33,,https://www.instagram.com/stories/cvutengineers/3982436588491422610,,995,,,
@bitvaoprahu,facebook,75e0f41f-82be-4f82-a77b-82ac11135ed2,4abc06d9-c616-4f9c-b4b9-903993d18170,FB Story,STORY,5.10.2026 16:54:38,,https://facebook.com/stories/106257401298340/UzpfSVNDOjE2NTIyNzAxMDY0MzMwMjI=/?view_single=1,,,,,
vsefalcons,instagram,709fceba-e311-48e7-9057-f54a587abf4a,8659ad2c-046c-4fcd-a503-d5ff1962711c,IG Story,VIDEO,12.3.2026 13:06:26,PRO JAKOU SI DNES PŘIJDEŠ?,https://www.instagram.com/stories/vsefalcons/3851216358944029556,1652,1855,,,9
univerzitnihokej,tiktok,01c88cf9-594f-408e-a45a-95114221acae,8b07d8c0-88bf-4a22-a773-8fa4b78bdad9,TT Video,VIDEO,16.4.2026 18:05:59,Shrek is... elitní centr první lajny?,https://www.tiktok.com/@univerzitnihokej/video/7629419942508514582?utm_campaign=tt4d_open_api&utm_source=7348986504397455361,,1107,67,,2
vsefalcons,instagram,709fceba-e311-48e7-9057-f54a587abf4a,a7a9ed41-8b4b-42e3-a94d-7dcbc1138e91,IG Story,VIDEO,23.6.2026 19:20:31,,https://www.instagram.com/stories/vsefalcons/3926056542050764729,,714,,,1
@univerzitnihokej,facebook,01b45180-0b14-4a14-96e8-d0a4bab1fb9f,be38632a-1693-460a-99dc-bf1e7c677db7,FB Video,VIDEO,4.3.2026 21:01:04,"BAUER Gear Up Challenge 🧤
Stopky běží. Kdo se oblékne nejrychleji?",https://www.facebook.com/reel/1478326090392034/,1824,740,2,,
vsefalcons,instagram,709fceba-e311-48e7-9057-f54a587abf4a,09c236b9-7f8d-42d2-a029-46849397a960,IG Reel,VIDEO,6.12.2025 8:53:53,"A jak se vy vyrovnáváte s mediálním tlakem? 🧐 Dejte Hroudičovi nějaké tipy. ⬇️

#vsefalcons",https://www.instagram.com/reel/DR6n3CpiCzh/,,5094,108,4,15
vsefalcons,instagram,709fceba-e311-48e7-9057-f54a587abf4a,1eadbc0a-37e3-430a-872b-4fb02993933c,IG Story,IMAGE,16.4.2026 18:58:20,,https://www.instagram.com/stories/vsefalcons/3876760643575524899,1074,794,,,2
@riderspardubice,instagram,4d6a67ab-9313-4f77-a82e-abb18adbca5d,3ccc17ff-3f20-4aac-9886-034b7886567b,IG Story,VIDEO,17.4.2026 16:46:38,1:3,https://www.instagram.com/stories/riderspardubice/3877418995825826900,,870,,,
@univerzitnihokej,instagram,1e114592-3529-4cfe-9977-2598454053af,9a6804c7-6785-40b3-b9be-ea3cb937cc54,IG Reel,VIDEO,22.4.2026 7:13:15,Matěj Sýkora si prošel univerzitním hokejem v @akademiciplzen 👀 Den před Final Four pískal extraligové utkání. Co říkal na atmosféru @unihokejfinalfour? 🙌🏻,https://www.instagram.com/reel/DXbMdDViFjT/,,19252,636,3,75
@cvutengineers,instagram,11963a07-7f0f-48e6-9d81-aa63a7ff4a04,a10c7577-e265-46ac-a40e-8b6d9e8faf34,IG Story,IMAGE,23.9.2026 15:09:06,NEJLEPŠÍ KOTEL 🫶🏻,https://www.instagram.com/stories/cvutengineers/3992609356700728356,,1449,,,4
@univerzitnihokej,instagram,1e114592-3529-4cfe-9977-2598454053af,b51977b1-ddd9-450a-bc55-ab3485aafa88,IG Story,VIDEO,17.4.2026 20:16:24,,https://www.instagram.com/stories/univerzitnihokej/3877524689526470759,,1348,,,
@218107044725785,facebook,7a942e3e-6c47-4794-9ba7-bbc7b6d40cb3,b611e8fd-0449-42ec-a241-7a12976185c0,,TEXT,28.5.2026 12:26:44,"Za každým zápasem VŠE Falcons stojí hodiny práce v zákulisí. Abychom netrávili zbytečný čas nad administrativou a doklady, sjednocujeme procesy s celou ligou a přecházíme na cloudové účetnictví Evala.
Pro náš klub to znamená jedno prostředí pro sběr dokladů i komunikaci. Žádné zdlouhavé dohledávání, ale rychlost a efektivita.
Získaný čas obratem investujeme do rozvoje našeho týmu a přípravy další sezóny. Partnerství, které posouvá univerzitní hokej zase o krok dál! Celý článek čtěte zde:

https://www.evala.cz/blog/jak-univerzitni-hokej-digitalizuje-ucetnictvi-a-zjednodusuje-praci-s-doklady?fbclid=IwY2xjawSFEVRleHRuA2FlbQIxMQBzcnRjBmFwcF9pZBAyMjIwMzkxNzg4MjAwODkyAAEeaqUumDzYk8_jK8P6ueooBnHTICP1hzbo1FYWT34kkF2iU3XsxqKNmUfcrLs_aem_8BBZthXxwiYL5K-8TsnaRA",https://www.facebook.com/122282816036218300/posts/122290582418218300,361,,2,,
@hc_muni,instagram,43cd62c8-609d-4ea6-8ce9-cae5242ede0c,c7409e85-9445-4f38-abd5-6ee537ae671a,IG Story,VIDEO,29.9.2026 19:16:18,FULL HOUSE,https://www.instagram.com/stories/munibearsbrno/3997082501780532247,,909,,,7
@cvutengineers,instagram,11963a07-7f0f-48e6-9d81-aa63a7ff4a04,c777be30-20e3-45cb-93c0-38103f789da8,IG Story,VIDEO,22.9.2026 17:05:50,BOJUJEME ⚔️ ⚔️,https://www.instagram.com/stories/cvutengineers/3991943351255227728,,1415,,,
@univerzitnihokej,facebook,01b45180-0b14-4a14-96e8-d0a4bab1fb9f,189d7a65-909b-47fc-aec0-fe5321b641b1,FB Post,IMAGE,15.3.2026 18:56:40,"Další dva TOP zápasy máme za sebou a dokonce už známe vítěze letošní základní části 💪🏼 play-in a @unihokejfinalfour se pomalu blíží, jste ready? 😎",https://www.facebook.com/1275398168115026/posts/1261975222790654,795,,1,,
@united_hk,instagram,b18c071b-0570-48b2-b743-990c668c3c5b,1a83bc08-13a7-4e69-b2ab-755af7c4bc87,IG Reel,VIDEO,8.8.2026 9:10:14,"První led. První trénink. A konečně zase tam, kde máme být. 🏒

Sezona se pomalu rozjíždí.",https://www.instagram.com/reel/DbxgZyzIHS-/,,4123,121,2,5
@united_hk,instagram,b18c071b-0570-48b2-b743-990c668c3c5b,1c149d1b-6c74-4f60-9eec-6fe7987b42a2,IG Reel,REEL,26.3.2026 16:58:25,"PLAY-IN se blíží. Začíná bitva o Final Four!
1 zápas.
Všechno nebo nic.

Vyhraješ → jedeš dál.
Prohraješ → konec sezóny.

ALL IN.

#unitedhk #unihokej #hokej",https://www.instagram.com/reel/DWWuyxWiHza/,,3243,108,,8
@univerzitnihokej,instagram,1e114592-3529-4cfe-9977-2598454053af,203028c9-1a65-4a99-8cea-24b43ae5436f,IG Post,IMAGE,12.3.2026 12:06:18,Stanou se vládcem Prahy znovu @ukkingsprague nebo tentokrát zvítězí @cvutengineers ? 💪🏼,https://www.instagram.com/p/DVyKQXmiGaq/,,12120,281,4,97
@engineersprague,facebook,afd06d1d-7b1c-4f66-8d93-ce4255ab773c,208c2620-ce03-48c3-a53c-911c5fd859d7,,TEXT,25.3.2026 9:32:44,"Od rozpačitého startu až po stříbrné emoce Bitvy o Prahu. Přečtěte si rekapitulaci o tom, jak se tým semknul, kdo ovládá kanadské bodování ligy a s jakými výzvami budeme vstupovat do nadcházejícího play-in. Konec základní části již dnes od 20:00 na Hvězdě! 🦁",https://www.facebook.com/1560924572517692/posts/1554807436462739,723,,7,,
@univerzitnihokej,instagram,1e114592-3529-4cfe-9977-2598454053af,3a9b1c20-cbb1-4c82-b2fd-d71cb935d5be,IG Post,ALBUM,31.3.2026 20:17:54,Stejný výsledek. Stejný scénář. Oba postupy do finále play-in vybojovali @vsefalcons i @riderspardubice v prodloužení. 🤯,https://www.instagram.com/p/DWj9slpiMmV/,,4743,188,,17
@univerzitnihokej,instagram,1e114592-3529-4cfe-9977-2598454053af,4aa58fa0-e90c-454d-8c8b-782c9979a999,IG Reel,VIDEO,16.3.2026 15:48:22,Když Proud zvedne celou halu 🌊,https://www.instagram.com/reel/DV82vajiFuV/,,5039,190,,5
univerzitnihokej,tiktok,01c88cf9-594f-408e-a45a-95114221acae,bfe6bc7c-a6bf-4b3f-bc8e-a6997f65828d,TT Video,VIDEO,2.10.2026 21:08:07,Tomu říkáme HALFTIME SHOW u nás! ❤️‍🔥❤️‍🔥,https://www.tiktok.com/@univerzitnihokej/video/7692180260728671510?utm_campaign=tt4d_open_api&utm_source=7348986504397455361,,1350,86,,9
@BOhokej,facebook,c9082543-a03b-490f-8f97-66d439acce89,16572f7f-3353-4978-ba38-dfdee93c65f6,FB Story,VIDEO,8.9.2026 17:26:56,,https://facebook.com/stories/100133738792962/UzpfSVNDOjQ0MjYwNDY2Nzc3MDc3Njc=/?view_single=1,,,,,
vsefalcons,instagram,709fceba-e311-48e7-9057-f54a587abf4a,4465e354-11fe-4650-967d-2a388887db2e,IG Story,VIDEO,17.3.2026 18:46:39,Co to máš na sobě předsedo? 🥶 🫣,https://www.instagram.com/stories/vsefalcons/3855011490134802755,1043,829,,4,8
@riderspardubice,instagram,4d6a67ab-9313-4f77-a82e-abb18adbca5d,a06fa661-94f4-4d03-b584-be11eb015937,IG Story,VIDEO,19.9.2026 14:35:12,,https://www.instagram.com/stories/riderspardubice/3989693199584625487,,541,,,1
@riderspardubice,instagram,4d6a67ab-9313-4f77-a82e-abb18adbca5d,aa0f55de-99b9-4c58-8e16-4d31ea4d8fab,IG Post,IMAGE,16.4.2026 17:13:36,"Tohle byl souboj na ostří nože, přestože jsme na konci zápasu tlačili, tak konečné skóre je ve prospěch @ukkingsprague a my se zítra budeme rvát o bronz! 🥉",https://www.instagram.com/p/DXM1JXyjAL1/,,4497,93,,6
@218107044725785,facebook,7a942e3e-6c47-4794-9ba7-bbc7b6d40cb3,ab08a7e9-fde4-4318-bf87-deefd360042d,FB Post,IMAGE,19.4.2026 13:39:05,Bronz nám sluší 😋,https://www.facebook.com/122282816036218300/posts/122284811588218300,839,,16,,
@united_hk,instagram,b18c071b-0570-48b2-b743-990c668c3c5b,bd3aeb9d-d01a-494f-a7c0-13f0b052d708,IG Story,IMAGE,24.4.2026 8:38:08,,https://www.instagram.com/stories/united_hk/3882246693651520244,,426,,,
@united_hk,instagram,b18c071b-0570-48b2-b743-990c668c3c5b,c9fb1421-867c-4bc6-aa7f-0f83e212441b,IG Reel,VIDEO,2.10.2026 13:19:21,"Styling Challenge přímo v ČPP aréně. ✂️

Barber a kadeřník Viktor Borčický se na Otvíráku postaral o jednu z těch soutěží, které na běžném hokeji úplně nepotkáš.

Díky Viktore za podporu UNIted HK a za to, že jsi byl u našeho prvního domácího večera sezóny. 🖤🧡

#allforunited",https://www.instagram.com/reel/Dd_knEjI60z/,,4505,79,2,8
@united_hk,instagram,b18c071b-0570-48b2-b743-990c668c3c5b,3e730605-d7ad-4e51-ac24-94b3928a65b1,IG Post,IMAGE,14.4.2026 16:28:22,"VYHRAJ VSTUPENKY NA
@beats.for.love.festival s naším generálním partnerem @csobcz 🎶

Založ si účet skrz odkaz 👉 bit.ly/unihokejcsob
 a prvních 8 z Vás si užije
@beats.for.love.festival zdarma 🔥",https://www.instagram.com/p/DXHmjMSiGRs/,,1594,8,,
@bitva_o_budejce,instagram,f977c0af-061e-4c10-813f-da5818f8a748,a856bc9e-67b8-4d67-9590-9274da178ab4,IG Story,VIDEO,28.9.2026 7:15:32,,https://www.instagram.com/stories/bitva_o_budejce/3995994883026063585,,566,,,
@bitva_o_budejce,instagram,f977c0af-061e-4c10-813f-da5818f8a748,cd7021cf-7ce3-48b7-9272-aff1a9fefee6,IG Story,VIDEO,9.9.2026 19:10:45,"🚨 ZÍTRA – 10. ZÁŘÍ – VELKÉ FINÁLE! 🔟

Zbývají už jen POSLEDNÍ 2 SLOVA. 👀

A pozor! Finále odstartujeme DOPOLEDNE. ⏰

Po zveřejnění slov začíná závod. 🏃‍♀️💨
Kdo jako první pošle správně vyškrtanou osmisměrku, vyhrává tričko JU nebo VŠTE podle svého výběru! 🏆🎓

Buď zítra ready. 👀🔥",https://www.instagram.com/stories/bitva_o_budejce/3982584128234650160,,281,,,3
vsefalcons,instagram,709fceba-e311-48e7-9057-f54a587abf4a,d012a71a-7019-49fd-86a7-479c42ceff7c,IG Story,VIDEO,3.2.2026 19:46:04,1. třetina,https://www.instagram.com/stories/vsefalcons/3824600799896970862,,873,,,
@univerzitnihokej,instagram,1e114592-3529-4cfe-9977-2598454053af,d2b52cd4-7ec0-46f8-87d2-8bd1d9c40b79,IG Post,IMAGE,2.4.2026 15:43:57,"Engineers už znají svého soupeře, na domácí půdě vyzvou Riders 🐴
Ve středu se rozhodne, kdo půjde do @unihokejfinalfour 👀",https://www.instagram.com/p/DWon72uiFuD/,,4262,134,1,2
vsefalcons,instagram,709fceba-e311-48e7-9057-f54a587abf4a,eb68f222-ae67-414c-9d62-f178c05c6f0b,IG Story,VIDEO,3.3.2026 19:16:49,"2 den, 2 gól",https://www.instagram.com/stories/vsefalcons/3844879852411343441,654,1003,,,
vsefalcons,instagram,709fceba-e311-48e7-9057-f54a587abf4a,ff009ed7-9516-43e5-b631-4665ef5e8659,IG Reel,VIDEO,6.4.2026 21:53:37,"they should stick to wrapping their sticks 🫣

#vsefalcons #icehockey",https://www.instagram.com/reel/DWzlQLyiDj_/,,,27,,2
univerzitnihokej,tiktok,01c88cf9-594f-408e-a45a-95114221acae,7ff15554-be24-4869-b98e-7ff63c7ecd6d,TT Video,VIDEO,16.4.2026 19:47:03,Srovnání zápasu bylo rychlé. 🚀🚀,https://www.tiktok.com/@univerzitnihokej/video/7629445976557718806?utm_campaign=tt4d_open_api&utm_source=7348986504397455361,,1053,80,,
@united_hk,instagram,b18c071b-0570-48b2-b743-990c668c3c5b,a4542a52-e011-4966-9a35-ff6790a1537c,IG Story,IMAGE,23.4.2026 18:37:26,,https://www.instagram.com/stories/united_hk/3881823540655696465,,323,,,
@cvutengineers,instagram,11963a07-7f0f-48e6-9d81-aa63a7ff4a04,ba89c14c-3a60-4d25-81c5-07d8ab896963,IG Story,VIDEO,30.9.2026 18:34:56,🏒 JE TAAAAM!,https://www.instagram.com/stories/cvutengineers/3997786407913154782,,1669,,,4
@akademiciplzen,instagram,65494228-95bf-4f7b-8e68-d47d7262db66,17305e4b-77f6-40b3-a389-3f174a40f910,IG Story,IMAGE,16.9.2026 19:01:22,,https://www.instagram.com/stories/akademiciplzen/3987652838530077977,,774,,,
vsefalcons,instagram,709fceba-e311-48e7-9057-f54a587abf4a,4256a1dc-94e2-4a85-9a91-95f0f5c64b79,IG Story,VIDEO,23.6.2026 19:00:56,GALAVEČER  na půdě @vsecz 🤵,https://www.instagram.com/stories/vsefalcons/3926046714679020616,,1469,,,6
@united_hk,instagram,b18c071b-0570-48b2-b743-990c668c3c5b,4269cc86-6dc6-4768-bc85-0a0b696031d6,IG Story,VIDEO,15.9.2026 12:31:03,🎟️,https://www.instagram.com/stories/united_hk/3986731657826200420,,623,,,6
@riderspardubice,instagram,4d6a67ab-9313-4f77-a82e-abb18adbca5d,599855ae-f28e-4e0a-a0d0-b8d303b86336,IG Story,VIDEO,17.4.2026 15:32:53,,https://www.instagram.com/stories/riderspardubice/3877381886058476625,,910,,,
@united_hk,instagram,b18c071b-0570-48b2-b743-990c668c3c5b,5bd42b3f-281f-4bd4-acf6-29eb4133043e,IG Post,IMAGE,21.9.2026 11:29:49,"ZA TÝDEN OTEVÍRÁME SEZÓNU. 🏒

📅 pondělí 28. 9.
🏒 UNIted HK × BO Ostrava
📍 ČPP aréna

17:00 Pop-up party před arénou
18:45 Slavnostní zahájení 
19:00 První buly
22:00 Meet & Greet Afterparty na Naplavce

Pop-up party před arénou, program během zápasu a večer Meet & Greet Afterparty na Náplavce.

Všechno k Otvíráku: unitedhk.cz/otvirak",https://www.instagram.com/p/DdjDkVto_BX/,,3222,36,1,35
vsefalcons,instagram,709fceba-e311-48e7-9057-f54a587abf4a,5f8a803d-bccc-4834-8471-19d6a277e5b6,IG Story,VIDEO,30.3.2026 9:11:27,🎟️,https://www.instagram.com/stories/vsefalcons/3864144110579929744,755,868,,,2
@univerzitnihokej,facebook,01b45180-0b14-4a14-96e8-d0a4bab1fb9f,7ae3bd0f-9080-4d5b-83a0-1174818221e0,FB Post,IMAGE,15.3.2026 14:12:02,"Už je nás 1️⃣3️⃣ 0️⃣0️⃣0️⃣ a pořád rosteme! 🚀 Díky, že jste u toho s námi! 🙏🏻🤩",https://www.facebook.com/1275398168115026/posts/1261794419475401,724,,6,,
vsefalcons,instagram,709fceba-e311-48e7-9057-f54a587abf4a,980b69f9-8aff-4304-892c-44801598db88,IG Story,VIDEO,30.9.2026 19:48:29,SLAST PRO UŠI @sokoli.hnizd0 📢 💙,https://www.instagram.com/stories/vsefalcons/3997823436889580202,,996,,,5
@cvutengineers,instagram,11963a07-7f0f-48e6-9d81-aa63a7ff4a04,adb95407-29e1-44a2-a945-765078003827,IG Story,VIDEO,22.8.2026 17:20:25,DNEŠNÍ KAPITÁN  @matyy_.8  C,https://www.instagram.com/stories/cvutengineers/3969483720088108982,,1393,,,34
vsefalcons,instagram,709fceba-e311-48e7-9057-f54a587abf4a,eb390fdb-5b9e-4a2a-aabf-2e85f31b5102,IG Story,VIDEO,26.2.2026 12:06:47,"‼️ DŮLEŽITÉ INFO ‼️ 🍺 kdo bude mít na sobě Falcons merch, má jedno pivo na nás 💰doporučujeme mít hotovost PUB KVÍZ ⏰ začínáme v 19:00, ale udělejte si raději časovou rezervu a přijďte dřív 👋🏼",https://www.instagram.com/stories/vsefalcons/3841039470862824940,1109,1630,,,20
@unitedhk,facebook,bfe6cc29-a387-41b9-9bca-b077722556af,13b074a9-599a-4e62-bb86-7d14cdc1c60f,FB Post,IMAGE,2.10.2026 16:06:41,"HLEDÁME POSILY DO ORGANIZAČNÍHO TÝMU. 🏒

Chceš být u domácích zápasů UNIted HK trochu blíž než z tribuny?

Hledáme lidi, kteří nám pomůžou přímo v ČPP aréně - s organizací zápasu, soutěžemi, partnery a děním kolem ledu.

Nemusíš mít zkušenosti z hokeje. Potřebujeme hlavně spolehlivost, chuť pomoct a být součástí týmu.

Máš zájem? Napiš nám do DM a domluvíme se. 📩

#allforunited",https://www.facebook.com/122180651084388974/posts/122194969886388974,150,,,,
@bitvaoprahu,instagram,d7c8aa06-74fb-4c6c-a7d2-c2fe1bf6d59c,57506a39-ee2b-4c80-9bb1-2f1f0b95a255,IG Post,IMAGE,12.3.2026 8:00:46,"Drobný korunky nech doma... je rok 2026 všude jedem kartou 💳
a jakou jinou než tou od @csobcz 🩵

S tou máš totiž spoustu výhod - 20% cashback na after, merch, nebo bonus až 1 500,- 🤑",https://www.instagram.com/p/DVxuNuSl25k/,,6370,86,,48
@vutcavaliersbrno,instagram,b384bebf-72f3-4f9d-8b2d-3677709f6966,7c1c3df0-83d9-4776-9701-df6e0449d0a1,IG Post,IMAGE,18.7.2026 11:21:18,"Hokej a studium jdou u nás ruku v ruce 🤝
🎓 Naše kabina je na konci akademického roku zase o něco vzdělanější! 👏

Obrovská gratulace patří našim hráčům a členům realizačního týmu, kteří úspěšně dokončili své vysokoškolské studium a získali bakalářské a inženýrské tituly 🎓
Jsme hrdí, že vedle sportovních úspěchů zvládají i náročnou akademickou cestu ❤️

🎓 Bc. Nesim Harmim (útočník)
📍 VUT CESA
📚 Sportovní technologie

🎓 Bc. Michal Martinčík (brankář)
📍 VUT FAST
📚 Ekonomika a management stavebnictví

🎓 Ing. Tomáš Novák (útočník)
📍 Univerzita obrany – Fakulta vojenských technologií
📚 Řízení letového provozu

🎓 Bc. Adam Běhal (brankář)
📍 Newton University
📚 Ekonomika a management

🎓 Ing. Jakub Jančí (asistent trenéra A-týmu, bývalý hráč)
📍 VUT FEKT
📚 Mikroelektronika

Gratulujeme všem absolventům k tomuto významnému milníku a přejeme jim mnoho dalších úspěchů – jak na hřišti, tak ve studijním a profesním životě! 💪🎉

#studujahraj",https://www.instagram.com/p/Da7qSKFodso/,,6859,121,,3
@univerzitnihokej,instagram,1e114592-3529-4cfe-9977-2598454053af,97a28cd5-19b5-4a10-b43b-7ce9227ab26a,IG Reel,VIDEO,12.3.2026 23:08:00,@ukkingsprague jeden pohár prostě nestačí! Naprostí vládci Prahy a zároveň vítězové základní části! 🏆,https://www.instagram.com/reel/DVzVhn1iPGk/,,21951,744,1,32
@unitedhk,facebook,bfe6cc29-a387-41b9-9bca-b077722556af,b6702596-1e9c-4e06-aa7f-f7d68ffeb281,FB Post,IMAGE,21.9.2026 18:32:15,"2. VLNA JE VENKU.

Do neděle 27. 9.:
🎟️ 120 Kč
📱 -20 % s ČSOB v aplikaci UniLife

V den zápasu 140 Kč.

28. 9. | UNIted HK × BO Ostrava | ČPP aréna

Lístky: unitedhk.cz/otvirak",https://www.facebook.com/122180651084388974/posts/122193974726388974,136,,,,
vsefalcons,instagram,709fceba-e311-48e7-9057-f54a587abf4a,cdd944ad-3ca8-44c9-a042-b6f309e0ae23,IG Story,VIDEO,12.3.2026 18:06:14,,https://www.instagram.com/stories/vsefalcons/3851367298338697579,1343,1023,,,
@univerzitnihokej,facebook,01b45180-0b14-4a14-96e8-d0a4bab1fb9f,cfb5d0a7-cd36-4e9b-a8e6-0083669c0602,FB Post,IMAGE,4.8.2026 10:07:29,"🏒 Hledáme novou hokejovou tvář.

Žiješ hokejem, umíš nadchnout ostatní a před kamerou to rozjedeš rychleji než puk na ledě?
Kaufland, dlouhodobý partner českého hokeje, hledá nové hokejové moderátory, kteří se stanou tvářemi jeho obsahu na sociálních sítích. Budeš přinášet atmosféru a nejlepší momenty ze zápasů, univerzitních akcí i dalších míst, kde to žije hokejem.

Co tě čeká?
🎤Krátké rozhovory s hráči, studenty a fanoušky,
📱 ankety, rychlá Q&A a trendová videa,
🏟 natáčení na stadionech a univerzitních akcích,
👀 momenty ze zákulisí a reakce na aktuální hokejové dění
🛒 občas také natáčení přímo v prodejnách Kaufland – např. ankety o fandění, zápasech nebo o tom, který snack je skutečným MVP hokejového večera.

Nehledáme klasického sportovního komentátora ani chodící hokejovou encyklopedii.
Hledáme přirozenou osobnost, která se nebojí oslovit cizí lidi, umí rychle reagovat, má smysl pro humor a před kamerou působí jako člověk, ne jako někdo, kdo právě recituje maturitní otázku.

Hodíš se k nám, když:
👉🏻 máš opravdový vztah k hokeji,
👉🏻 umíš dobře a přirozeně mluvit česky,
👉🏻 jsi komunikativní, pohotový/á a energický/á,
👉🏻 zvládneš improvizovat a nezalekneš se kamery,
👉🏻 jsi spolehlivý/á a můžeš cestovat za natáčením.

Zkušenosti s moderováním nebo tvorbou obsahu jsou výhodou, ale rozhodně ne podmínkou. Pokud zkušenosti již máš, připiš nám je do mailu. Důležitější je tvoje osobnost, přirozený projev a chuť předávat dál nadšení pro hokej. Scénáře dostaneš předem od našeho týmu. Žádné dlouhé biflování nehrozí. Stačí pochopit zadání a před kamerou ho podat přirozeně, klidně vlastními slovy.

Jak se přihlásit?
Pošli nám přátelské představení a jednoduché video (45 až 60s) natočené na telefon, ve kterém nám řekneš:
1. Kdo jsi a jaký máš vztah k hokeji,
2. Výhodou, ale ne podmínkou: krátká video ukázka (do 30s) jak bys pozval/a fanoušky na univerzitní hokejový zápas.

A nemusíš do toho jít sám/sama. Máš sourozence, kamaráda nebo kamarádku, se kterými vám to před kamerou funguje? Přihlaste se jako hokejová dvojice a natočte video spolu.
📩 Přihlášky posílejte do 14.8. na marketa.maliskova@storytlrs.cz",https://www.facebook.com/1275398168115026/posts/1379262254395283,914,,6,,
@riderspardubice,instagram,4d6a67ab-9313-4f77-a82e-abb18adbca5d,d38e3964-9ada-4ec1-be32-04ec3b760ad9,IG Post,IMAGE,27.9.2026 11:52:17,"Je čas znovu zaplnit malou halu!🔥

Tady je každý souboj slyšet. ✊🏻

Každá střela má svůj zvuk. Každá emoce je cítit na tribunách. A právě vaše podpora může být tím, co nás požene dopředu. 📣

📅 pondělí 5. října v 19:30
📍enteria arena - malá hala
🎟️Vstupenky najdeš v UniLife aplikaci",https://www.instagram.com/p/Ddyh-36xgIy/,,4899,96,1,15
vsefalcons,instagram,709fceba-e311-48e7-9057-f54a587abf4a,ebb34929-a481-47f6-b34e-bd614de719ac,IG Story,IMAGE,24.2.2026 22:15:35,"TĚŠÍME SE NA VÁS ZASE
V ÚTERÝ 🩵 see you next Tuesday! 🏒",https://www.instagram.com/stories/vsefalcons/3839896342130880932,635,883,,,1
@vutcavaliersbrno,instagram,b384bebf-72f3-4f9d-8b2d-3677709f6966,af0b3d1a-4b2d-47cb-a15a-cbd210a388a6,IG Post,IMAGE,21.9.2026 5:04:28,"SEZONA ZAČÍNÁ 🔥
K prvnímu utkání letošní sezony, nastoupí Kavalíři na ledě @boostrava v 19:30 🏒
Držte nám palce! ❤️🖤",https://www.instagram.com/p/DdiXPGWo_UJ/,,3211,52,,1
@BOhokej,facebook,c9082543-a03b-490f-8f97-66d439acce89,b169d528-065b-47cc-89bf-1d8404add3b7,FB Post,IMAGE,4.3.2026 21:20:06,"Naši vítězové! 🦈

#hockey #winners",https://www.facebook.com/1477974067675582/posts/1454480773358245,2602,,29,,
@united_hk,instagram,b18c071b-0570-48b2-b743-990c668c3c5b,c26fccf1-8362-457b-a7a9-d06bdbe9f5cc,IG Story,VIDEO,23.8.2026 14:36:38,,https://www.instagram.com/stories/united_hk/3970125310422689786,,592,,,1
@univerzitnihokej,instagram,1e114592-3529-4cfe-9977-2598454053af,edc8363e-147f-4d71-8f77-4883aeab63f4,IG Post,IMAGE,1.4.2026 10:24:05,"Semifinále play-in pokračuje! 👇🏼

Black Dogs 🆚 Cavaliers
Vstupenka do finále je jen jedna. Kdo ji získá?",https://www.instagram.com/p/DWleiNgiIoQ/,,9851,155,,20
vsefalcons,instagram,709fceba-e311-48e7-9057-f54a587abf4a,0a517492-5eed-496f-abe2-2ac3d6bf0f44,IG Story,VIDEO,24.3.2026 18:28:11,Nálada v Ostravě 👌🏻,https://www.instagram.com/stories/vsefalcons/3860075640473039423,861,851,,,10
@riderspardubice,facebook,f99ed6c3-17cc-46f4-a32e-d9b0576ce2df,1cda4020-bef1-46a7-87d5-3a3b6150b46b,FB Post,IMAGE,15.3.2026 16:51:51,"V pondělí 23. března se uvidíme v letošní sezoně naposledy na domácím ledě! 👋🤩

Vstupenky koupíš přes odkaz v BIU!  🎟️",https://www.facebook.com/1592662819534019/posts/1577183921081909,371,,9,,
vsefalcons,instagram,709fceba-e311-48e7-9057-f54a587abf4a,2c8d01c6-e076-4aa2-a32d-428c7f574116,IG Story,VIDEO,10.2.2026 23:21:41,"🎙️ David
Straka",https://www.instagram.com/stories/vsefalcons/3829783796417843112,599,599,,,
@218107044725785,facebook,7a942e3e-6c47-4794-9ba7-bbc7b6d40cb3,643d352d-7e3b-489d-9cb7-e8cd0bbe579e,FB Story,STORY,5.10.2026 17:39:53,,https://facebook.com/stories/122096877530218300/UzpfSVNDOjExMzE0MDY2ODkyMTc4MjE=/?view_single=1,,,,,
@akademiciplzen,instagram,65494228-95bf-4f7b-8e68-d47d7262db66,8d25ab7a-27c5-43ce-8ad7-87dc00377364,IG Post,IMAGE,2.10.2026 12:19:31,"BÍLÉ PEKLO, KDE JSTE?! 👀🔥

Zatímco ZČU plní tribuny, medici zaostávají. 😮‍💨
Tak co, dokážete letos konečně ukázat, kdo má silnější hlas? 🗣️

21. 10. 2026 | 18:30 | LOGSPEED CZ Aréna

🎟️ Kup lístek v aplikaci UniLife a přijď ukázat, že BÍLÉ PEKLO ŽIJE. 😈🩺 

Získej 20% slevu po propojení s účtem ČSOB, a to jak na zápas, tak na Afterparty! 🪩",https://www.instagram.com/p/Dd_djpniqjB/,,15700,281,1,88
vsefalcons,instagram,709fceba-e311-48e7-9057-f54a587abf4a,9df480e6-5f33-433c-943a-b46cc5a086df,IG Story,IMAGE,26.1.2026 19:08:30,"4 4 Theimer
Suchan",https://www.instagram.com/stories/vsefalcons/3818783708388278396,,957,,,
@hcmuni,facebook,d1f9e9f9-7526-42d4-85aa-13f91e89f7cf,af314db5-732c-4226-bfdd-a948a881571a,FB Post,IMAGE,12.3.2026 12:43:09,"Bojovali jsme až do konce, ale nájezdy jsou loterie 
Hlavy nahoře – jdeme dál! 🔥💪🏻

Vidíme se v sobotu na Lužánkách!!! 💙

#hcmuni",https://www.facebook.com/1581741777288398/posts/1563473925781850,407,,5,,
@riderspardubice,instagram,4d6a67ab-9313-4f77-a82e-abb18adbca5d,c069dece-756c-4b60-92ae-fe7a53eca940,IG Post,IMAGE,21.9.2026 18:22:42,"Jan Stolín, náš kapitán, dnes odehrál svůj 100. zápas v @univerzitnihokej !😍

Gratulujeme a ať se daří!🐎",https://www.instagram.com/p/DdjyXArxYUL/,,8440,195,,14
vsefalcons,instagram,709fceba-e311-48e7-9057-f54a587abf4a,f1b7a10f-bbe1-4856-bed6-f8d89d686594,IG Reel,VIDEO,8.4.2026 19:28:15,"FINAL F*CKING FOUR ‼️‼️‼️ 

Vidíme se příští týden v Edenu 👀 Lístky už teď k dostání na profilu 🎟️

#vsefalcons #univerzitnihokej",https://www.instagram.com/reel/DW4eRVZCB_C/,,16632,451,1,24
@unitedhk,facebook,bfe6cc29-a387-41b9-9bca-b077722556af,1493f8f1-98c5-485e-8937-f0e84b911f62,FB Post,IMAGE,18.4.2026 9:15:41,"Děkujeme Královéhradeckému kraji za podporu v sezoně 2025/26.

Kraj se podílí na rozvoji sportu, vzdělávání i regionálního života, ve kterém má univerzitní hokej své místo.

Vážíme si vaší podpory. 🖤🧡",https://www.facebook.com/122180651084388974/posts/122181612626388974,175,,,,
@hc_muni,instagram,43cd62c8-609d-4ea6-8ce9-cae5242ede0c,7b65281d-0aff-4ea7-a56e-a94632c5a9c4,IG Story,VIDEO,13.9.2026 12:22:21,,https://www.instagram.com/stories/hc_muni/3985281802595904110,,787,,,
@cvutengineers,instagram,11963a07-7f0f-48e6-9d81-aa63a7ff4a04,92523b88-30f8-48c8-a1c5-2bdbae6efd31,IG Story,VIDEO,17.4.2026 18:19:06,,https://www.instagram.com/stories/cvutengineers/3877465557742397804,,1342,,,
@akademiciplzen,instagram,65494228-95bf-4f7b-8e68-d47d7262db66,bc9ad4cc-eab6-4f11-911c-480d82656537,IG Post,IMAGE,21.9.2026 14:51:29,"SEMESTR ZAČAL. TEĎ UŽ JDE DO TUHÉHO. 🔥

Začátek akademického roku.
A přesně za měsíc se Plzeň rozdělí na dvě strany.

MODRÉ NEBE vs. BÍLÉ PEKLO ⚔️

21. 10. 2026 | 18:30 | LOGSPEED CZ Aréna, Plzeň

Jedno město. Dvě školy. Jen jeden vládce Plzně.
Který kotel bude hlasitější?

🎟️ Vstupenky najdeš v biu nebo v aplikaci UniLife – Díky propojení s ČSOB máš 20% slevu na zápas i Afterparty.

Zbývá měsíc. Začni si připravovat hlasivky, protože to uteče rychleji, než si myslíš..⏳🔥

#akademiciplzen | 🎨 @hikky.design",https://www.instagram.com/p/DdjaGeJirif/,,12300,220,,28
vsefalcons,instagram,709fceba-e311-48e7-9057-f54a587abf4a,ca24e8b0-a0f8-4e0a-981a-288056231080,IG Story,VIDEO,22.9.2026 16:32:19,POP-UP  PÁRTY loading..,https://www.instagram.com/stories/vsefalcons/3991926487963424269,,1464,,,1
vsefalcons,instagram,709fceba-e311-48e7-9057-f54a587abf4a,10a526b3-3dba-4b2d-bc74-0019879458d9,IG Story,VIDEO,6.3.2026 11:05:33,@alan.david6,https://www.instagram.com/stories/vsefalcons/3846806860665994129,,1111,,,8
@riderspardubice,instagram,4d6a67ab-9313-4f77-a82e-abb18adbca5d,2f854342-b492-4542-ab2a-273a0680c7ad,IG Story,VIDEO,8.4.2026 17:08:09,PLAY-IN ROZBRUSLENÍ ⭐️ ⭐️,https://www.instagram.com/stories/riderspardubice/3870907785374648495,,705,,,
@boostrava,instagram,1176ddaf-d366-48a2-9639-3c6694c72c85,ff6ec22b-dc75-4ad1-8706-f75f29278708,IG Post,IMAGE,18.3.2026 21:42:40,"Z Prahy si odvážíme bod! 🔥

#hockey #boostrava",https://www.instagram.com/p/DWCokHkjA9m/,,1702,34,,3
@univerzitnihokej,instagram,1e114592-3529-4cfe-9977-2598454053af,35b568de-68fb-446b-96ba-50d28a37e8d2,IG Story,VIDEO,17.4.2026 16:33:18,,https://www.instagram.com/stories/univerzitnihokej/3877412404116069404,,1627,,,
vsefalcons,instagram,709fceba-e311-48e7-9057-f54a587abf4a,77d4735f-9b9c-4487-a38c-795d04def84a,IG Reel,VIDEO,17.2.2026 17:10:04,"Boys are in da haus! 🦅 

#vsefalcons #gofalconsgo #vse",https://www.instagram.com/reel/DU3est_iImc/,,13951,237,2,24
@riderspardubice,instagram,4d6a67ab-9313-4f77-a82e-abb18adbca5d,8ce20dc3-c443-412b-8770-5b0cb3910c95,IG Story,VIDEO,11.9.2026 12:56:38,,https://www.instagram.com/stories/riderspardubice/3983845382190314285,,1751,,,2
@unitedhk,facebook,bfe6cc29-a387-41b9-9bca-b077722556af,d9a364fd-90a2-4bb7-bf67-e63e694a18a1,FB Story,IMAGE,14.9.2026 16:56:53,,https://facebook.com/stories/122099775710388974/UzpfSVNDOjIyMzc2MjI2MDY4MTAwNDY=/?view_single=1,,,,,
@cvutengineers,instagram,11963a07-7f0f-48e6-9d81-aa63a7ff4a04,1a017a75-07de-49b7-a923-3b698249fdc6,IG Post,IMAGE,19.3.2026 18:27:49,"Ohlédnutí za včerejškem očima @ondra_mann 📸.

Příští týden se vidíme 👋🏻!",https://www.instagram.com/p/DWE3j4JDLkY/,,4858,231,,8
@univerzitnihokej,facebook,01b45180-0b14-4a14-96e8-d0a4bab1fb9f,1c9b21a5-737e-4e5c-a57b-ee25e7537518,FB Video,VIDEO,29.3.2026 18:51:49,"Jak skloubit medicínu s Univerzitním hokejem? 👨🏻‍⚕️ Strávili jsme den s @albert.skalsky z @ukkingsprague , celý díl najdete online na našem YouTube 🍿",https://www.facebook.com/reel/2664269530612685/,1255,334,1,,
@218107044725785,facebook,7a942e3e-6c47-4794-9ba7-bbc7b6d40cb3,482c9147-9a59-4185-a7fd-5e5337f10604,FB Post,IMAGE,17.4.2026 9:22:12,Znovu a lépe. Dnes vyrážíme do boje o 3. místo 👊🏼,https://www.facebook.com/122282816036218300/posts/122284466330218300,237,,13,,
vsefalcons,instagram,709fceba-e311-48e7-9057-f54a587abf4a,5bfbe893-7a10-46f0-8604-357513b7fa12,IG Story,VIDEO,31.5.2026 10:09:23,,https://www.instagram.com/stories/vsefalcons/3909109147199100628,,800,,,
@218107044725785,facebook,7a942e3e-6c47-4794-9ba7-bbc7b6d40cb3,6a890a08-19a9-44a0-af6d-dd8d02e931c1,FB Video,VIDEO,22.3.2026 19:45:19,"Kluci už jsou na naše otázky asi tak zvyklí, že už nepoznají rage bait od normálu 🤭",https://www.facebook.com/reel/2125407071334452/,682,288,6,,
@hcmuni,facebook,d1f9e9f9-7526-42d4-85aa-13f91e89f7cf,b886500a-0fe3-47bc-8cce-e9e7f66a6744,FB Post,PHOTO,21.3.2026 14:51:07,"🚨 LAST CALL! 🚨 Náš led! Naše pravidla! Poslední zápas sezóny a navíc derby s @vutcavaliersbrno 🔥🥶🐻

19:30 na Lužánkách 📍

🎟️Lístky koupíš tady👇🏻

https://hcmuni.enigoo.cz/app/tickets/events/136

#hcmuni",https://www.facebook.com/1581741777288398/posts/1571924581603451,761,,7,,
vsefalcons,instagram,709fceba-e311-48e7-9057-f54a587abf4a,e6c480f0-42c4-4ac8-86aa-8038da9d90c9,IG Story,IMAGE,20.9.2026 11:43:53,ale…,https://www.instagram.com/stories/vsefalcons/3990331750334154848,,982,,,
@akademiciplzen,instagram,65494228-95bf-4f7b-8e68-d47d7262db66,18903a2f-e85a-41ef-a393-6bdb5065dc70,IG Story,VIDEO,23.4.2026 16:29:31,"PŘIPOJ SE K NAŠEMU TÝMU – AŤ UŽ POBĚŽÍŠ NA BOLEVÁKU, NEBO KDEKOLIV JINDE! 📱 @benisek_jiri",https://www.instagram.com/stories/akademiciplzen/3881759038409335992,,699,,,
@akademiciplzen,instagram,65494228-95bf-4f7b-8e68-d47d7262db66,5c954987-34e1-47d2-9100-20b6ee60118f,IG Post,IMAGE,13.3.2026 13:39:56,"Náš nejproduktivnější hráč znovu úřadoval. 💥

Kamil Hajšman si v zápase proti @hcnorthwings připsal 3 góly a 2 asistence a po zásluze se stal hráčem zápasu.

Mrkni na jeho gólovou show. 🎥

#akademiciplzen 💙",https://www.instagram.com/p/DV052FGDDbk/,,5587,105,2,2
vsefalcons,instagram,709fceba-e311-48e7-9057-f54a587abf4a,8a702962-6f72-478e-9e5f-09434c4ede91,IG Story,VIDEO,22.9.2026 17:09:46,,https://www.instagram.com/stories/vsefalcons/3991945321864780958,,1239,,,
@BOhokej,facebook,c9082543-a03b-490f-8f97-66d439acce89,a5190240-980e-4300-b523-0403dfb873b0,FB Post,IMAGE,24.3.2026 22:17:02,"Základní část zakončujeme vítězně! 🧨

Dosáhli jsme hranice 50 bodů a pokračujeme do PLAY-IN! 🦈

#hockey #ullh #winners",https://www.facebook.com/1477974067675582/posts/1471592818313707,449,,4,,
@engineersprague,facebook,afd06d1d-7b1c-4f66-8d93-ce4255ab773c,cb6c1d0f-175c-4ae2-b88b-17022fd660a1,FB Story,IMAGE,27.8.2026 19:02:08,,https://facebook.com/stories/136066081670222/UzpfSVNDOjE2MjA3MjQzNzMwOTQzOTU=/?view_single=1,,,,,
@akademiciplzen,instagram,65494228-95bf-4f7b-8e68-d47d7262db66,f9e91a09-caf3-4f9b-b8a8-039f8a76fb98,IG Post,IMAGE,25.9.2026 19:39:51,"KDO LETOS OVLÁDNE HALFTIME SHOW NA BITVĚ O PLZEŇ? 👀🔥

To se můžeš jako jeden z prvních dozvědět už příští úterý na ALUMNI GAME! 🤫

📅 21. 10. 2026 | 18:30
📍 LOGSPEED CZ Aréna

A pokud dorazíš mezi prvními 100 fanoušky, máš u nás Proud zdarma! 🍻

Tak doraž a zjisti jako první, kdo letos ovládne HALFTIME SHOW! 👀🔥

#akademiciplzen | 🎨 @hikky.design",https://www.instagram.com/p/DduOl3YCjp2/,,10485,235,,49
vsefalcons,instagram,709fceba-e311-48e7-9057-f54a587abf4a,7933aadf-1758-43ae-833e-fb6bdf736619,IG Story,VIDEO,8.2.2026 17:19:44,,https://www.instagram.com/stories/vsefalcons/3828151025459045934,,900,,,
@united_hk,instagram,b18c071b-0570-48b2-b743-990c668c3c5b,8628610c-eca2-4412-b82d-04d6cb5e6c79,IG Story,VIDEO,21.9.2026 6:05:42,,https://www.instagram.com/stories/united_hk/3990886347405034811,,600,,,1
@akademiciplzen,instagram,65494228-95bf-4f7b-8e68-d47d7262db66,41c281d1-c6fa-455b-b41f-cd5951247050,IG Story,VIDEO,2.4.2026 0:42:06,,https://www.instagram.com/stories/akademiciplzen/3866062020063450434,,1788,,,
@riderspardubice,instagram,4d6a67ab-9313-4f77-a82e-abb18adbca5d,71012323-27c7-4581-bf31-927ca1ef7ce2,IG Story,VIDEO,22.9.2026 17:47:58,,https://www.instagram.com/stories/riderspardubice/3991964554359223002,,484,,,
@riderspardubice,instagram,4d6a67ab-9313-4f77-a82e-abb18adbca5d,71a4be90-d8de-4357-a013-beb51f7fb79f,IG Story,VIDEO,8.4.2026 20:16:19,NÁJEZDY ✊✊✊,https://www.instagram.com/stories/riderspardubice/3871001675440420738,,412,,,1
vsefalcons,instagram,709fceba-e311-48e7-9057-f54a587abf4a,f959cc21-3713-44c6-861e-9c437a45ff2a,IG Story,VIDEO,16.1.2026 11:22:11,POMALU ALE JISTĚ SE PUB KVÍZ PLNÍ,https://www.instagram.com/stories/vsefalcons/3811301229158990964,,731,,,13
@riderspardubice,instagram,4d6a67ab-9313-4f77-a82e-abb18adbca5d,23f6662b-456e-4d4e-82b6-3ff90ae86808,IG Story,VIDEO,12.4.2026 15:51:24,,https://www.instagram.com/stories/riderspardubice/3873767432573976591,,864,,,
@cvutengineers,instagram,11963a07-7f0f-48e6-9d81-aa63a7ff4a04,1bf74a1e-9087-45a7-ab83-534888e4fb4d,IG Post,IMAGE,24.9.2026 9:59:44,"Naše zóna na @strahovopenair nemohla chybět! 🦁🏒
Mohli jste ulovit náš merch nebo otestovat svou mušku střelou na bránu. 🎯
Díky všem, kdo se za námi zastavili! 🧡💙",https://www.instagram.com/p/Ddqnp7GjE1c/,,11926,247,1,4
@akademiciplzen,instagram,65494228-95bf-4f7b-8e68-d47d7262db66,4ce16844-65cb-4520-ad2c-407abd69dcaa,IG Story,IMAGE,26.9.2026 17:38:41,👉🏻 👈🏻,https://www.instagram.com/stories/akademiciplzen/3994858982698273475,,1341,,,16
@hcmuni,facebook,d1f9e9f9-7526-42d4-85aa-13f91e89f7cf,4a9e3174-a6aa-47f9-a9c7-06691a1092d8,FB Story,VIDEO,13.9.2026 12:15:34,,https://facebook.com/stories/107477761381481/UzpfSVNDOjIxNTI1MTI3NjIwMTAxNzM=/?view_single=1,,,,,
vsefalcons,instagram,709fceba-e311-48e7-9057-f54a587abf4a,605a7cde-8ef7-476f-bdfa-1845c6870cc6,IG Story,VIDEO,17.2.2026 7:34:54,,https://www.instagram.com/stories/vsefalcons/3834379675590261814,813,978,,,
vsefalcons,instagram,709fceba-e311-48e7-9057-f54a587abf4a,7b8fd415-e7c7-4a34-a754-69233c3d4e89,IG Story,VIDEO,16.4.2026 18:17:56,FIREEEEEEEEEE,https://www.instagram.com/stories/vsefalcons/3876739402403689145,1037,791,,,
@engineersprague,facebook,afd06d1d-7b1c-4f66-8d93-ce4255ab773c,fb35886c-b10b-4c31-8654-0e7e279420a1,FB Video,VIDEO,8.3.2026 11:53:04,"Kluci chtěli těm našim #engprg ženám udělat radost…🥹

Všem vám přejeme krásné MDŽ, bez vás by to nešlo! Buďte pořád tak úžasný! 🩷",https://www.facebook.com/reel/2502491876874183/,607,229,7,,
@riderspardubice,instagram,4d6a67ab-9313-4f77-a82e-abb18adbca5d,009d4f51-09cf-40fd-aa51-d47f93fa89de,IG Story,VIDEO,3.4.2026 16:50:28,,https://www.instagram.com/stories/riderspardubice/3867274181201397973,,428,,,
@AkademiciPlzen,facebook,d87b94e3-03e8-45d0-b92e-75e9b819545c,dc2f3f2d-2441-466b-be82-121c3e87c8c4,FB Story,IMAGE,17.9.2026 19:30:17,,https://facebook.com/stories/103234241824606/UzpfSVNDOjI0NTc0MDI2NDQ3NTQyODI=/?view_single=1,,,,,
@bitva_o_budejce,instagram,f977c0af-061e-4c10-813f-da5818f8a748,e1970ebb-7505-4b1f-9bd6-6c8ba6fc699b,IG Story,VIDEO,2.10.2026 11:46:37,"🎟️ CHCEŠ LÍSTKY ZDARMA NA BITVU? 👀

Tak si je přijď vysoutěžit v pondělí! 🔥
🏒 Black Dogs 🆚 Farmers Prague
📅 5. 10. | 19:30
📍 Pouzar
👀 Možná právě ty si odneseš lístek na Bitvu!",https://www.instagram.com/stories/bitva_o_budejce/3999030494112804333,,2968,,,3
@cvutengineers,instagram,11963a07-7f0f-48e6-9d81-aa63a7ff4a04,aa3d3284-92cf-4e4b-a546-6871e3309246,IG Story,IMAGE,27.8.2026 19:01:56,"4 2 🎯 HOLANIK 
🎯 PÉREZ",https://www.instagram.com/stories/cvutengineers/3973157603691765943,,646,,,1
@bitvaoprahu,instagram,d7c8aa06-74fb-4c6c-a7d2-c2fe1bf6d59c,c613a54c-5de3-4b5c-9fe9-abcebf0f4b71,IG Reel,VIDEO,12.3.2026 22:03:39,"🚨 COMEBACK IS REAL ⁉️

Finálová bitva o zlato živě právě teď na @sport_ct ➕.",https://www.instagram.com/reel/DVzOSRjDPoV/,,17065,287,7,4
@riderspardubice,instagram,4d6a67ab-9313-4f77-a82e-abb18adbca5d,f4011b24-9d2d-4329-b129-3ceec22449fb,IG Story,VIDEO,21.9.2026 16:53:56,Takhle se k nám dostanete😍,https://www.instagram.com/stories/riderspardubice/3991214450954225990,,1067,,,4
vsefalcons,instagram,709fceba-e311-48e7-9057-f54a587abf4a,333453ed-daef-4600-a3af-0c0af2cecf5d,IG Story,VIDEO,22.9.2026 18:30:43,,https://www.instagram.com/stories/vsefalcons/3991986066676034467,,1025,,,
vsefalcons,instagram,709fceba-e311-48e7-9057-f54a587abf4a,0f221f01-3ad5-4494-8139-cd65f55f7a00,IG Story,VIDEO,17.9.2026 19:35:31,za rohem SEZÓNA 😮‍💨,https://www.instagram.com/stories/vsefalcons/3988394818992096978,,572,,,3
@vutcavaliersbrno,instagram,b384bebf-72f3-4f9d-8b2d-3677709f6966,894f3fef-1517-4459-91de-0a829199858b,IG Story,VIDEO,13.9.2026 15:40:05,a můžeme začít! 🏒,https://www.instagram.com/stories/vutcavaliersbrno/3985377229915345542,,599,,,
@akademiciplzen,instagram,65494228-95bf-4f7b-8e68-d47d7262db66,9b57687c-82a6-44ac-875a-61264a9ee14c,IG Story,VIDEO,27.8.2026 16:59:23,RAZ DVA TŘI… 🤜🏻🤛🏻,https://www.instagram.com/stories/akademiciplzen/3973095943125660393,,983,,,2
@riderspardubice,instagram,4d6a67ab-9313-4f77-a82e-abb18adbca5d,196aa79b-9ffa-4689-8108-b37e9c00c70b,IG Story,VIDEO,8.4.2026 18:22:57,⛄️🌨️❄️ @radek_bednar_  O:0,https://www.instagram.com/stories/riderspardubice/3870948822797257191,,627,,,3
@cvutengineers,instagram,11963a07-7f0f-48e6-9d81-aa63a7ff4a04,ff3f22a1-760d-4dd2-8210-97b6ea1160f4,IG Reel,REEL,31.3.2026 19:09:35,"Sooooo close 🥺

#kfc",https://www.instagram.com/reel/DWj1zlajKst/,,25934,484,2,38
@riderspardubice,instagram,4d6a67ab-9313-4f77-a82e-abb18adbca5d,99c67566-bbf7-4724-b7e5-5369403dc856,IG Story,VIDEO,21.9.2026 18:28:58,@novas_28 😍,https://www.instagram.com/stories/riderspardubice/3991260449266052745,,1168,,,3
vsefalcons,instagram,709fceba-e311-48e7-9057-f54a587abf4a,614400ec-575d-4767-a7fe-aa0fca93c234,IG Story,VIDEO,28.5.2026 19:35:54,,https://www.instagram.com/stories/vsefalcons/3907219896530378812,,483,,,
vsefalcons,instagram,709fceba-e311-48e7-9057-f54a587abf4a,62bad0a1-b660-4524-8099-49a547b7a161,IG Story,VIDEO,16.1.2026 18:58:47,👷🏽 DĚKUJEME ZA PODPORU!,https://www.instagram.com/stories/vsefalcons/3811531031132537583,,653,,,
@riderspardubice,instagram,4d6a67ab-9313-4f77-a82e-abb18adbca5d,76aba9e1-7e45-492a-81b0-fa4d6e8ca3bc,IG Story,VIDEO,21.9.2026 20:40:16,@marek.zaruba1 🤩,https://www.instagram.com/stories/riderspardubice/3991326536078810374,,495,,,2
vsefalcons,instagram,709fceba-e311-48e7-9057-f54a587abf4a,a8e1bfaa-e02d-4508-b126-5b0cacbbd53a,IG Story,VIDEO,12.4.2026 15:39:03,👈🏼,https://www.instagram.com/stories/vsefalcons/3873761217865063945,,730,,,1
univerzitnihokej,tiktok,01c88cf9-594f-408e-a45a-95114221acae,80bc3d6c-473b-4e0e-a206-adebc565b81e,TT Video,VIDEO,17.4.2026 16:53:26,🎺 Gól který poslal @vsefalcons do vedení!! 2:1 🎺,https://www.tiktok.com/@univerzitnihokej/video/7629772313902337302?utm_campaign=tt4d_open_api&utm_source=7348986504397455361,,2058,100,,2
@hcnorthwings,facebook,2b08a479-603b-46e4-8a48-2bc0435ccd53,c58c1684-5077-4179-bb36-c62004181087,FB Post,PHOTO,23.3.2026 18:53:58,"💙 DĚKUJEME 💛
Strašně moc si vážíme všech našich fanoušků 🫶 a příznivců, kteří si v této sezóně našli svůj vzácný čas a věnovali ho nám, aby nás podpořili a fandili ústeckému univerzitnímu týmu 🏒 na zimáku v Ústí a v Povrlech 🏟 nebo i u TV 🖥
Byli jste opravdu ÚŽASNÍ a my všichni Vám všem za to z celého našeho hokejového srdce DĚKUJEME 🙏
Celkem vás přišlo přes 4 100 👏 a my společně věříme, že se další sezónu budeme vídat na tribunách ústeckého zimáku v takové krásné fanouškovské atmosféře, jako letos 👏👏👏

#univerzitnihokej #myjsmeujep #hcnorthwings #icehockey",https://www.facebook.com/1583651910433365/posts/1575778347887388,429,,5,,
@univerzitnihokej,facebook,01b45180-0b14-4a14-96e8-d0a4bab1fb9f,12e10c92-f681-4d34-9212-7dbcb2bc60e9,FB Post,IMAGE,19.3.2026 11:52:11,"Osudí se rychle plní 👀 Zbývá posledních 90 míst. 🎱

Založ si účet u ČSOB přes link v našem biu a zajisti si svoje místo ve hře o 100 000 Kč 💰",https://www.facebook.com/1275398168115026/posts/1264806559174187,279,,,,
@VUTCavaliersBrno,facebook,3351b43e-4b71-442b-b2f1-920cd6e57ee5,a9069a32-5b7d-4adf-8931-008a4f23738a,FB Video,VIDEO,17.8.2026 11:17:28,TRYOUT už je za dveřmi🔥 takhle jsme se na něj připravovali během volného tréninku!🤩,https://www.facebook.com/reel/991687277220588/,690,334,3,,
@riderspardubice,instagram,4d6a67ab-9313-4f77-a82e-abb18adbca5d,06399eb5-9f4d-41e6-9588-f76db484d50c,IG Story,VIDEO,17.4.2026 17:07:58,,https://www.instagram.com/stories/riderspardubice/3877429718463324237,,823,,,
@akademiciplzen,instagram,65494228-95bf-4f7b-8e68-d47d7262db66,1e926468-14a3-47c0-a2ab-d1d6c7c22f19,IG Story,VIDEO,28.8.2026 13:11:31,@v.holomoj,https://www.instagram.com/stories/akademiciplzen/3973706010304747509,,1073,,,1
@vutcavaliersbrno,instagram,b384bebf-72f3-4f9d-8b2d-3677709f6966,432b02dd-d1f0-4f48-b690-f11a4f60ff51,IG Post,IMAGE,3.10.2026 10:05:47,"Over 200 fans at our Season Opener! 🏒🔥
Thank you for your incredible support! ❤️
We can’t wait to see you on October 7th at our next home game. 🙌
See you in the stands! 🏟️",https://www.instagram.com/p/DeBzgHoiMM5/,,3760,116,,4
@218107044725785,facebook,7a942e3e-6c47-4794-9ba7-bbc7b6d40cb3,563cfed2-56cd-41ae-a83c-0b4a873cf378,FB Post,IMAGE,11.6.2026 17:08:38,"Představujeme vám exkluzivní Falcons nominaci na letošní Fifa World Cup ⚽️🏆

Který z našich kluků má podle tebe největší šanci na Zlatý míč? Hlasuj v komentářích! 👇

#vsefalcons #fifaworldcup",https://www.facebook.com/122282816036218300/posts/122292790850218300,456,,8,,
@cvutengineers,instagram,11963a07-7f0f-48e6-9d81-aa63a7ff4a04,87e7c4a0-ad9f-47b6-a4b5-34d0f0c60e1e,IG Story,VIDEO,18.9.2026 16:16:17,,https://www.instagram.com/stories/cvutengineers/3989019323502754713,,854,,,1
@AkademiciPlzen,facebook,d87b94e3-03e8-45d0-b92e-75e9b819545c,249d7957-428f-42e5-941d-d7803720d2e2,FB Story,IMAGE,27.8.2026 19:29:28,,https://facebook.com/stories/103234241824606/UzpfSVNDOjEwMTA2NjYzNDUzMTQyNzU=/?view_single=1,,,,,
@akademiciplzen,instagram,65494228-95bf-4f7b-8e68-d47d7262db66,80bf3b36-173c-459d-947d-857e521a3fb6,IG Story,VIDEO,27.8.2026 17:03:51,ŠTĚPÁN ŘÍHA! V 1. MINUTĚ DÁVÁ GÓL DNEŠNÍ KAPITÁN ŠTĚPÁN ŘÍHA! @_rihastepan_,https://www.instagram.com/stories/akademiciplzen/3973098192648313903,,1073,,,5
@unitedhk,facebook,bfe6cc29-a387-41b9-9bca-b077722556af,ff0f897a-2b86-4a85-965f-f63ce0d92ffd,FB Video,VIDEO,15.4.2026 12:52:10,"❤️ Duben ve znamení pomoci

Naši kluci tentokrát nešli bojovat na led, ale pomáhat jinak – zapojili se do akce Daruj krev ve spolupráci s @transfuzni_fnhk . 🩸🏒

Každá kapka se počítá a může někomu zachránit život.

👉 Pokud půjdeš darovat krev během dubna, můžeš se zapojit do tomboly a vyhrát skvělé ceny od sponzorů. Stačí jen po odběru vyplnit formulář, který najdeš v biu na @ifmsa_cz_hk . 

Přidej se taky a udělej něco, co má skutečný smysl.❤️

#unitedhk #unihokej #hokej",https://www.facebook.com/reel/2369075113611639/,364,131,1,,
vsefalcons,instagram,709fceba-e311-48e7-9057-f54a587abf4a,65c77c50-d811-48b8-b683-a2f918da2d68,IG Story,IMAGE,31.3.2026 17:01:51,1 1 Daniel,https://www.instagram.com/stories/vsefalcons/3865105586597676310,981,833,,,
@akademiciplzen,instagram,65494228-95bf-4f7b-8e68-d47d7262db66,a161c519-cd42-4d65-b3ac-9817dc021959,IG Story,VIDEO,24.4.2026 15:37:59,@lesa_matousek,https://www.instagram.com/stories/akademiciplzen/3882457890355464382,,1066,,,1
@bitvaoprahu,facebook,75e0f41f-82be-4f82-a77b-82ac11135ed2,114123fe-e239-4392-8182-b70a3e154ac8,FB Post,PHOTO,13.3.2026 18:12:44,"📣 Speakeři na @univerzitnihokej >>> 🗣️🗣️

Souhlasíš s námi? 👀 #bitvaoprahu",https://www.facebook.com/1441262177797849/posts/1421075239816543,388,,1,,
@akademiciplzen,instagram,65494228-95bf-4f7b-8e68-d47d7262db66,8053b74d-5937-4a13-904e-1d71f04459b3,IG Story,VIDEO,26.9.2026 20:40:20,@_rihastepan_,https://www.instagram.com/stories/akademiciplzen/3994950409474831719,,616,,,
@cvutengineers,instagram,11963a07-7f0f-48e6-9d81-aa63a7ff4a04,e6a796f1-5299-4fb2-8d80-06c20a3fa811,IG Story,IMAGE,18.4.2026 18:16:42,@adam_hvezda,https://www.instagram.com/stories/cvutengineers/3878189215775474283,,785,,,4
@riderspardubice,instagram,4d6a67ab-9313-4f77-a82e-abb18adbca5d,ff71fc8d-b9c1-4ff1-b07c-d9e385843f1b,IG Story,IMAGE,28.9.2026 12:07:12,,https://www.instagram.com/stories/riderspardubice/3996141688959056354,,948,,,3
@cvutengineers,instagram,11963a07-7f0f-48e6-9d81-aa63a7ff4a04,6c2ddda1-8c76-489b-92bf-e896b11c18c5,IG Story,VIDEO,30.9.2026 19:02:18,1 2,https://www.instagram.com/stories/cvutengineers/3997800161405066026,,1065,,,6
vsefalcons,instagram,709fceba-e311-48e7-9057-f54a587abf4a,795972e0-f894-4934-8f84-a82ad65d67e6,IG Reel,REEL,20.3.2026 17:30:52,@hamrbrmbrm13 na micu nebo spíš všichni ostatní na micu? 🤔,https://www.instagram.com/reel/DWHTW6iiHg6/,,5312,95,1,9
@riderspardubice,instagram,4d6a67ab-9313-4f77-a82e-abb18adbca5d,88e2f365-2652-40b9-9097-5d491fbdf8f4,IG Story,VIDEO,15.4.2026 15:24:07,KDO S NÁMI JEDE? 😎,https://www.instagram.com/stories/riderspardubice/3875928037389038019,,709,,,
@BOhokej,facebook,c9082543-a03b-490f-8f97-66d439acce89,a18575b3-e9b4-4f77-93b0-db37ca921391,FB Story,VIDEO,21.9.2026 22:40:51,,https://facebook.com/stories/100133738792962/UzpfSVNDOjI1NTI1MzI2MDg1MjM3ODY=/?view_single=1,,,,,
@united_hk,instagram,b18c071b-0570-48b2-b743-990c668c3c5b,2b55f0b8-9bfb-4392-b742-3580b3b96984,IG Post,IMAGE,30.9.2026 18:10:54,"Takhle vypadal Otvírák sezóny 2026/27! 🏒🔥

Vybrali jsme pár fotek z večera, ale tím to nekončí. Celou fotogalerii najdeš na unitedhk.cz/fotky. Odkaz najdeš v BIU. 

Najdeš se na fotkách? 👀 Klidně si je stáhni, sdílej a označ nás!

#allforunited",https://www.instagram.com/p/Dd68om-iFDq/,,8013,225,2,58
@cvutengineers,instagram,11963a07-7f0f-48e6-9d81-aa63a7ff4a04,e48c8a76-4ddc-4c9f-8ad5-490523a450b3,IG Story,VIDEO,16.4.2026 6:38:30,JEDEN TÝM  JEDEN SEN,https://www.instagram.com/stories/cvutengineers/3876388248587389834,,45,,,
@engineersprague,facebook,afd06d1d-7b1c-4f66-8d93-ce4255ab773c,e371236c-a113-4463-a7f3-362d8a759dc8,FB Post,IMAGE,9.4.2026 16:42:22,"Úspěšnost 97,62 % a k tomu 6 ze 7 nájezdů 😮‍💨 Tohle byla Alťákova show 🧱 

#engprg",https://www.facebook.com/1560924572517692/posts/1568276795115803,2743,,46,,
@riderspardubice,instagram,4d6a67ab-9313-4f77-a82e-abb18adbca5d,5289adab-3154-474b-9a8f-1f77635e9ff2,IG Story,VIDEO,26.8.2026 17:41:55,🔥 @novas_28 VYROVNÁVÁ,https://www.instagram.com/stories/riderspardubice/3972392574551952139,,1072,,,4
vsefalcons,instagram,709fceba-e311-48e7-9057-f54a587abf4a,5b888054-d7b9-423e-a2fb-5a52f4fd3bea,IG Post,CAROUSEL_ALBUM,13.1.2026 19:20:09,"Společnost Veolia ve spolupráci s Českým registrem dárců krvetvorných buněk pořádá nábor nových potenciálních dárců krvetvorných buněk. 🩸

Zápis do registru je jednoduchý a časově nenáročný. Zahrnuje vyplnění dotazníku a krátký, bezbolestný odběr vzorku formou stěru v dutině ústní. Před odběrem je nutné být přibližně 30 minut nalačno. Základními podmínkami účasti jsou věk do 40 let a dobrý zdravotní stav. 🙌🏼

Podrobné informace naleznete na webu www.darujzivot.cz. 📲

Zařazením do registru se můžete stát součástí systému, který dává pacientům s vážným onemocněním krve šanci na uzdravení. V některých případech může být právě jeden konkrétní dárce jedinou možnou nadějí na záchranu života. 🚑

20. ledna 2026, 11:00–17:00 | Green Table, nádvoří Florentina, Na Florenci 15, 110 00 Praha 1",https://www.instagram.com/p/DTdl4T1CF5q/,,2168,28,2,
@boostrava,instagram,1176ddaf-d366-48a2-9639-3c6694c72c85,84cc4ec6-38ec-4156-b9f5-27561924135f,IG Story,VIDEO,21.9.2026 22:40:21,JSTE TADY? 👀 OH YEAAH,https://www.instagram.com/stories/boostrava/3991386948056685496,,33,,,
@bitvaoprahu,instagram,d7c8aa06-74fb-4c6c-a7d2-c2fe1bf6d59c,99712498-2730-46b3-b74c-7f67bb8cdc2d,IG Reel,REEL,27.3.2026 17:28:55,"Ty nejlepší momenty se neodehrávají vždycky jenom na ledě. 🤭

Děkujeme @mamashelterprague za to, že s námi už 3 roky baví naše fans. 💋",https://www.instagram.com/reel/DWZWswGjGCg/,,9415,221,,36
@engineersprague,facebook,afd06d1d-7b1c-4f66-8d93-ce4255ab773c,ad1c8285-0bf7-4a7d-bbd6-1efbf2cfc475,FB Story,VIDEO,30.9.2026 16:31:58,,https://facebook.com/stories/136066081670222/UzpfSVNDOjIzNTYwOTEzOTUxNzg0MDQ=/?view_single=1,,,,,
@riderspardubice,instagram,4d6a67ab-9313-4f77-a82e-abb18adbca5d,1e8f9c69-b0fb-4555-b6c9-fed54f7f6914,IG Story,VIDEO,23.9.2026 8:02:01,,https://www.instagram.com/stories/riderspardubice/3992394456820647884,,579,,,
@cvutengineers,instagram,11963a07-7f0f-48e6-9d81-aa63a7ff4a04,53d2d657-dd87-4736-ad4f-f4d8d3656fc5,IG Story,VIDEO,27.9.2026 20:29:57,,https://www.instagram.com/stories/cvutengineers/3995669969253497654,,631,,,
@univerzitnihokej,facebook,01b45180-0b14-4a14-96e8-d0a4bab1fb9f,6531b997-a927-462b-aead-80108f662d5a,FB Post,IMAGE,24.3.2026 21:57:09,Ostrava uzavírá základní část výhrou za tři body 💥,https://www.facebook.com/1275398168115026/posts/1269514555370054,353,,,,
@univerzitnihokej,facebook,01b45180-0b14-4a14-96e8-d0a4bab1fb9f,74a7e64c-969b-4484-a8f7-06c2c381d098,FB Post,IMAGE,14.9.2026 17:06:14,"Tik tak ⏰

Poslední týden a naskakujeme zpátky na led! 🔥",https://www.facebook.com/1275398168115026/posts/1415119250809583,485,,2,,
@bitvaoprahu,instagram,d7c8aa06-74fb-4c6c-a7d2-c2fe1bf6d59c,48c0a1d3-10a3-4ea5-b5c3-b5e4d4f285bd,IG Post,IMAGE,12.3.2026 18:41:28,"🥉 BRONZ A TŘI BODY NAVRCH! ✅

Gratulujeme k obhajobě 3. místa , @vsefalcons ! 🎩👏🏼",https://www.instagram.com/p/DVy3jpfjulc/,,72267,1998,2,101
@cvutengineers,instagram,11963a07-7f0f-48e6-9d81-aa63a7ff4a04,84146009-194a-4dec-961f-8ed502954e8f,IG Story,IMAGE,17.4.2026 20:19:00,📸 @novacek_photography,https://www.instagram.com/stories/cvutengineers/3877525998711654761,,1389,,,1
vsefalcons,instagram,709fceba-e311-48e7-9057-f54a587abf4a,e4fa80b5-c9a3-48c8-bb7e-29cf3df92383,IG Story,IMAGE,3.2.2026 20:21:59,3 0 Theimer 2x,https://www.instagram.com/stories/vsefalcons/3824619805446010821,,1015,,,1
@united_hk,instagram,b18c071b-0570-48b2-b743-990c668c3c5b,08a4c852-7329-431c-b094-57959e665fb1,IG Post,IMAGE,17.4.2026 8:25:30,"Děkujeme městu Hradec Králové za podporu v této sezoně.

Město dlouhodobě podporuje sport, studenty i komunitní život, jehož jsme součástí.

Díky, že v tom jedeme společně. 🖤🧡",https://www.instagram.com/p/DXOdrRBCCIK/,,1239,24,,1
@united_hk,instagram,b18c071b-0570-48b2-b743-990c668c3c5b,95b3bb9b-4480-48d0-8483-396ae5663a58,IG Story,VIDEO,13.4.2026 17:51:19,,https://www.instagram.com/stories/united_hk/3874552410978965544,,414,,,
@akademiciplzen,instagram,65494228-95bf-4f7b-8e68-d47d7262db66,d615e65e-db7e-4c08-8d66-24074507b103,IG Story,VIDEO,29.9.2026 20:03:36,@v.holomoj,https://www.instagram.com/stories/akademiciplzen/3997106268049007806,,1104,,,2
@akademiciplzen,instagram,65494228-95bf-4f7b-8e68-d47d7262db66,5591ea8d-1969-418a-a0c9-950d90b8c33e,IG Story,IMAGE,1.4.2026 19:48:08,,https://www.instagram.com/stories/akademiciplzen/3865914047560715286,,1000,,,1
@univerzitnihokej,facebook,01b45180-0b14-4a14-96e8-d0a4bab1fb9f,b4d89f09-8ee3-4390-b115-7592aeca29a2,FB Post,IMAGE,6.3.2026 8:58:09,@zlatak30 se inspiroval v NCAA. 🫨 Tohle jsme nedávno viděli u @michael_hrabal v UMass.,https://www.facebook.com/1275398168115026/posts/1254981490156694,222,,,,
@VUTCavaliersBrno,facebook,3351b43e-4b71-442b-b2f1-920cd6e57ee5,c4d3db2c-967d-448d-b19a-a360aab68bde,FB Video,VIDEO,24.9.2026 6:49:44,"🤯 WOW! 🤩 
Vyrovnávací gól v podání @grulda14 👈",https://www.facebook.com/reel/1666905371780875/,789,375,8,,
@united_hk,instagram,b18c071b-0570-48b2-b743-990c668c3c5b,ec364d2f-d7bb-4630-82fd-06ae1b87ca30,IG Story,VIDEO,28.9.2026 15:52:30,tak na co máte chuť? 🌭 🍟 🌭,https://www.instagram.com/stories/united_hk/3996255106714051742,,1094,,,1
vsefalcons,instagram,709fceba-e311-48e7-9057-f54a587abf4a,16644059-4ab4-43ff-ab4a-635f9df9c6a0,IG Story,VIDEO,12.3.2026 15:27:11,ROZBRUSLENÍ IS ON 💨,https://www.instagram.com/stories/vsefalcons/3851287209135622148,1498,1332,,,
@hcmuni,facebook,d1f9e9f9-7526-42d4-85aa-13f91e89f7cf,f76220f1-33a2-49b1-bb5f-c0ad6a7d2c62,FB Post,IMAGE,10.4.2026 14:43:33,"Stehlík&Bros zahrají pro dobrou věc 🎶 💙  
Podpořte spolu se zakladatelem HC MUNI @stehla81 malého Honzíka, který od narození bojuje se vzácným genetickým onemocněním 🥹 Každý příspěvek mu pomůže na cestě k potřebným terapiím či pomůckám. Přispět můžete skrze QR kód ve stories. 
Předem moc děkujeme 🧸

#desetfakultjednarodina",https://www.facebook.com/1581741777288398/posts/1589927656469810,221,,2,,
@hcnorthwings,facebook,2b08a479-603b-46e4-8a48-2bc0435ccd53,4dbef43a-f48c-4f03-9ee3-eebf893e03f2,FB Story,VIDEO,18.8.2026 15:38:42,,,,,,,
vsefalcons,instagram,709fceba-e311-48e7-9057-f54a587abf4a,7d4e1ffb-246e-4d1d-8869-b84816e8bf5a,IG Story,VIDEO,17.2.2026 18:48:09,,https://www.instagram.com/stories/vsefalcons/3834718515416799659,663,920,,,10
@riderspardubice,instagram,4d6a67ab-9313-4f77-a82e-abb18adbca5d,3a3cbad5-60f1-40b1-ab59-012d07f7133b,IG Story,IMAGE,31.3.2026 17:10:55,@tipsportcz,https://www.instagram.com/stories/riderspardubice/3865110143013027345,,876,,,
@boostrava,instagram,1176ddaf-d366-48a2-9639-3c6694c72c85,4a02500f-c7e8-4b9d-82ed-8d4b4b0fda8a,IG Story,VIDEO,31.3.2026 21:20:50,,https://www.instagram.com/stories/boostrava/3865238050133824974,,412,,,1
@cvutengineers,instagram,11963a07-7f0f-48e6-9d81-aa63a7ff4a04,8fe915d8-6297-4d44-bb9f-fd699e8baff4,IG Story,VIDEO,27.8.2026 15:19:56,⚽️ ⚽️ ⚽️ ⚽️,https://www.instagram.com/stories/cvutengineers/3973045881993433771,,987,,,3
@engineersprague,facebook,afd06d1d-7b1c-4f66-8d93-ce4255ab773c,5914f69d-eade-4a21-8e32-28dce975de77,FB Story,VIDEO,2.3.2026 19:02:40,,,,,,,
@riderspardubice,instagram,4d6a67ab-9313-4f77-a82e-abb18adbca5d,2568dd86-0b89-49e5-ac45-0e9743a2833b,IG Story,VIDEO,2.9.2026 19:15:01,@krebsik_61 😎,https://www.instagram.com/stories/riderspardubice/3977512874264335178,,796,,,2
@218107044725785,facebook,7a942e3e-6c47-4794-9ba7-bbc7b6d40cb3,c073836c-b0de-4241-a4fe-b18d190ebbb1,FB Video,VIDEO,16.3.2026 18:18:55,"Tipovačka s Tipsportem 🔥

Jakého favorita v Extralize máš ty? ✒️⤵️",https://www.facebook.com/reel/26068911376126900/,649,291,5,,
vsefalcons,instagram,709fceba-e311-48e7-9057-f54a587abf4a,27b01700-d7bc-4279-a721-63a9b12d11b7,IG Story,VIDEO,22.9.2026 19:11:09,@sokoli.hnizd0🪹🏒,https://www.instagram.com/stories/vsefalcons/3992006426901370609,,956,,,
@cvutengineers,instagram,11963a07-7f0f-48e6-9d81-aa63a7ff4a04,89447ee4-6053-4ead-ad5f-75fb8be7af90,IG Story,VIDEO,22.9.2026 18:43:52,🧢 🧢 🧢 🧢 🧢 🧢 HATTRICK,https://www.instagram.com/stories/cvutengineers/3991992709640132535,,1323,,,
@engineersprague,facebook,afd06d1d-7b1c-4f66-8d93-ce4255ab773c,b34861ae-f934-4885-b3c4-65522a5918c8,FB Post,ALBUM,12.3.2026 18:37:40,VŠICHNI ZA JEDNOHO 🦁 JEDEN ZA VŠECHNY,https://www.facebook.com/1560924572517692/posts/1543579240918892,492,,5,,
@218107044725785,facebook,7a942e3e-6c47-4794-9ba7-bbc7b6d40cb3,09196cbf-e62f-4a84-8876-4e8312d19e49,FB Post,IMAGE,13.9.2026 8:59:56,"Pokračujeme už 22. září 🫶🏼 buď toho součástí!

Vstupenky najdeš v appce UniLife nebo přes odkaz na profilu 🎟️",https://www.facebook.com/122282816036218300/posts/122306342744218300,317,,7,,
@riderspardubice,instagram,4d6a67ab-9313-4f77-a82e-abb18adbca5d,aeb8ce23-4a60-4d21-b33e-5fdcfc6d6d9d,IG Story,VIDEO,10.9.2026 14:26:17,@seznamovakupce,https://www.instagram.com/stories/riderspardubice/3983165751019715848,,1476,,,7
@riderspardubice,instagram,4d6a67ab-9313-4f77-a82e-abb18adbca5d,e9ec997c-93b1-4e7c-9124-3cd56afdfdef,IG Story,VIDEO,21.9.2026 19:45:56,,https://www.instagram.com/stories/riderspardubice/3991299139782689922,,853,,,13
@VUTCavaliersBrno,facebook,3351b43e-4b71-442b-b2f1-920cd6e57ee5,4b69b614-1c51-4fdb-905a-61a6f210eb35,FB Story,VIDEO,19.9.2026 7:02:35,,https://facebook.com/stories/100667195401737/UzpfSVNDOjI4OTg3OTU1OTYwODg4Nzky/?view_single=1,,,,,
@akademiciplzen,instagram,65494228-95bf-4f7b-8e68-d47d7262db66,4d3cf980-9fe5-4042-a42e-31f0ab0388e9,IG Story,VIDEO,10.9.2026 19:44:50,3 : 1 ŠTĚPÁN ŘÍHA dnešní zápas diriguje 💣 @_rihastepan_,https://www.instagram.com/stories/akademiciplzen/3983326090151913455,,856,,,5
@united_hk,instagram,b18c071b-0570-48b2-b743-990c668c3c5b,b8dd1b43-d044-4fd5-accc-b2fa077c2b42,IG Story,VIDEO,13.4.2026 17:51:40,,https://www.instagram.com/stories/united_hk/3874552585562646855,,442,,,
@unitedhk,facebook,bfe6cc29-a387-41b9-9bca-b077722556af,f519078c-b9cf-41f3-aa66-a0ff71adf08b,FB Post,IMAGE,28.9.2026 12:56:35,"ZA 2 HODINY TO OTEVŘEME!🥁

17:00 pop-up party před ČPP Arénou. A co na Vás čeká?

🎧 Infinity Vibe DJ’s
🍔 Studentské menu od Panda Truck
☕️ Kávové speciality od Starbucks
🍵 Matcha limonády od Amity Drinks
🍻 Čepované pivo od Proud
🎨 Zábavné aktivity, malování transparentů a stánky partnerů 

Tak se přijď naladit ještě před prvním buly! Těšíme se na Vás!🏒",https://www.facebook.com/122180651084388974/posts/122194597658388974,127,,1,,
@hcmuni,facebook,d1f9e9f9-7526-42d4-85aa-13f91e89f7cf,dc8cd6b3-b6b0-4071-a698-fe0d44161298,FB Video,VIDEO,19.3.2026 14:16:53,"Vyber si svou bojovou výbavu na zápas! ⚔️🏒
a) Jen hlasivky a MUNI šálu 🗣️🔥
b) Odpověď a)☝🏻
c) K šále si přibalím i dres 👕

A jestli ti chybí náš merch, doraz ve středu o něco dřív, ať si stihneš něco v klidu pořídit! 💙🐻

#hcmuni #desetfakultjednauniverzita",https://www.facebook.com/reel/1982501865962172/,1099,499,8,,
@hcmuni,facebook,d1f9e9f9-7526-42d4-85aa-13f91e89f7cf,e1091139-3aca-4294-bd28-aaa66682baa6,FB Story,IMAGE,1.10.2026 10:11:50,,https://facebook.com/stories/107477761381481/UzpfSVNDOjExMTE5MTM2ODc4Njg0MDk=/?view_single=1,,,,,
@hcnorthwings,facebook,2b08a479-603b-46e4-8a48-2bc0435ccd53,e21ccf73-c413-4cd4-b8d2-fa13845dfff5,FB Video,VIDEO,1.10.2026 7:07:04,🎤 | Pozápasové ohlasy z 2.kola @univerzitnihokej v podání @riderspardubice (Adam #Novotný) #univerzitnihokej,https://www.facebook.com/reel/1805127690623290/,686,265,,,
@riderspardubice,instagram,4d6a67ab-9313-4f77-a82e-abb18adbca5d,76cfada6-8053-45d6-adc2-cb9243a63d7c,IG Post,IMAGE,12.3.2026 15:39:16,"Poslední zápas v dresu Riders pro @dominikkopecky_99 🔥

Přijď udělat Dominikovi do enteria areny nezapomenutelnou atmosféru a rozloučit se s ním na zápas proti @united_hk! 

🎟️ Vstupenky ve slevě s kódem KOPECKY20 👀",https://www.instagram.com/p/DVyipXMjI9n/,,8146,109,,20
@univerzitnihokej,facebook,01b45180-0b14-4a14-96e8-d0a4bab1fb9f,a8b80ca5-bf43-4ae2-ba34-b6c79f74fcb6,FB Post,IMAGE,2.10.2026 18:59:00,WHAT IS LOVE ❤️‍🔥 Haddawayoffical that was crazy! 🤯,https://www.facebook.com/1275398168115026/posts/1431908235797351,1129,,6,,
@riderspardubice,instagram,4d6a67ab-9313-4f77-a82e-abb18adbca5d,94fa1e61-2d67-448f-9d21-d461962b3f78,IG Story,VIDEO,21.9.2026 5:00:27,,https://www.instagram.com/stories/riderspardubice/3990853602666655082,,1420,,,1
@united_hk,instagram,b18c071b-0570-48b2-b743-990c668c3c5b,46927ff1-3e74-445c-9777-1b4149e4a80c,IG Story,VIDEO,28.9.2026 18:48:47,2. PŘESTÁVKOVÁ  SOUTĚŽ 🛍️ @futurumhradec,https://www.instagram.com/stories/united_hk/3996343850326569480,,838,,,2
@univerzitnihokej,facebook,01b45180-0b14-4a14-96e8-d0a4bab1fb9f,973ccc4f-b199-4268-9bbe-32ddbd250282,FB Post,IMAGE,28.9.2026 8:18:05,Přinášíme nabitý program tohoto týdne🏒,https://www.facebook.com/1275398168115026/posts/1427354516252723,668,,3,,
@riderspardubice,instagram,4d6a67ab-9313-4f77-a82e-abb18adbca5d,0cc52d79-c66b-4d32-b654-abdcacfbc304,IG Story,VIDEO,2.10.2026 8:30:20,,https://www.instagram.com/stories/riderspardubice/3998931637337421353,,991,,,2
@riderspardubice,instagram,4d6a67ab-9313-4f77-a82e-abb18adbca5d,31705df3-b60b-4015-b215-a85b414d3f90,IG Story,VIDEO,12.4.2026 12:06:35,ŠŤASTNÝ DOSTÁL,https://www.instagram.com/stories/riderspardubice/3873654289512322867,,1180,,,
@akademiciplzen,instagram,65494228-95bf-4f7b-8e68-d47d7262db66,b533704c-0f49-4585-bc02-6e50b639a827,IG Story,VIDEO,1.4.2026 17:18:15,@lukas.folda072,https://www.instagram.com/stories/akademiciplzen/3865838619462499026,,1370,,,1
@vutcavaliersbrno,instagram,b384bebf-72f3-4f9d-8b2d-3677709f6966,13e3c807-18a2-400a-88cb-6d5e1cda9a7c,IG Story,VIDEO,23.9.2026 9:44:52,,https://www.instagram.com/stories/vutcavaliersbrno/3992446171355821252,,1015,,,
@united_hk,instagram,b18c071b-0570-48b2-b743-990c668c3c5b,d00e678e-0fbb-4ce2-8cc5-98a16629b220,IG Story,VIDEO,20.4.2026 18:47:29,,https://www.instagram.com/stories/united_hk/3879654146592781325,,365,,,
@akademiciplzen,instagram,65494228-95bf-4f7b-8e68-d47d7262db66,21b221f0-fa95-463a-8231-e3c7ea9ab8fb,IG Story,VIDEO,23.8.2026 10:48:25,5 + 2,https://www.instagram.com/stories/akademiciplzen/3970010105609208788,,1036,,,1
@united_hk,instagram,b18c071b-0570-48b2-b743-990c668c3c5b,07557945-7558-4d99-a756-243aeb5397d4,IG Post,IMAGE,6.9.2026 8:08:55,"DNES HRAJEME.

Další přípravný zápas před startem sezóny. Tentokrát proti UK Kings.

🏒 UK Kings × UNIted HK
🕠 17:30 rozbruslení
🕠 17:45 začátek utkání",https://www.instagram.com/p/Dc8Ep9TI9B2/,,3174,56,3,7
@unitedhk,facebook,bfe6cc29-a387-41b9-9bca-b077722556af,08917127-b8fe-4fbe-939a-653e23a5fd29,FB Post,IMAGE,17.8.2026 13:49:58,"Rodina partnerů UNIted HK se rozšiřuje.

Pro sezonu 2026/27 vítáme čtyři nové partnery — Amity drinks, Futurum Hradec Králové, Lékárny IPC a Montela MH.

Díky za důvěru a vítejte v UNIted HK.

Těšíme se na společnou sezonu.",https://www.facebook.com/122180651084388974/posts/122191157468388974,286,,5,,
@bitvaoprahu,instagram,d7c8aa06-74fb-4c6c-a7d2-c2fe1bf6d59c,306c41d5-83c5-4c23-af22-2e3edf05e639,IG Post,IMAGE,13.3.2026 12:52:35,"🏆🏆 Královské ráno! Žijete všichni? 😀

📸 @vratapolivka_photo , @matyasklapa , @radekkasik1",https://www.instagram.com/p/DV00bUIjCKI/,,26264,807,,176
@akademiciplzen,instagram,65494228-95bf-4f7b-8e68-d47d7262db66,3f365345-0c7f-4d83-ac14-61c65216feaa,IG Story,VIDEO,13.9.2026 16:22:20,PADELOVÝ,https://www.instagram.com/stories/akademiciplzen/3985398467395748926,,938,,,
@univerzitnihokej,instagram,1e114592-3529-4cfe-9977-2598454053af,4947b9fb-87ff-4156-af7c-6d408a228b4a,IG Story,VIDEO,12.4.2026 15:12:45,OD ZÍTRA SE ZDRAŽUJÍ VSTUPENKY MŮJ TÝM POSTOUPIL DO @unihokejfinalfour 🚨 🥳 🙌🏻 🤯,https://www.instagram.com/stories/univerzitnihokej/3873747978158609299,,1438,,,1
@univerzitnihokej,instagram,1e114592-3529-4cfe-9977-2598454053af,4fc537ac-1140-4b95-96bd-67321a3cb197,IG Post,IMAGE,11.9.2026 11:40:49,"🚨 Hledáme posily do marketingového týmu

Máme volné 3 pozice:

🎥 Videomaker/ka — natáčíš zápasy, aftermovies a atmošku, co jde cítit i přes obrazovku
🎨 Grafik/grafička — děláš vizuály, co jsou na první pohled poznat
📱 Social media executive — vymýšlíš obsah, sleduješ trendy a víš, co na sítích funguje

Zkušenosti vítány, ale chuť učit se a láska k hokeji je klíčová 🔥 Přihlas se přes odkaz v biu 👆",https://www.instagram.com/p/DdJU44diCN8/,,16266,204,1,79
@boostrava,instagram,1176ddaf-d366-48a2-9639-3c6694c72c85,8899a1ac-fb83-499a-ab96-4d975cf9ac5c,IG Post,IMAGE,4.3.2026 21:20:01,"Naši vítězové! 🦈

#hockey #winners",https://www.instagram.com/p/DVei045jOtf/,,10533,196,1,23
@riderspardubice,instagram,4d6a67ab-9313-4f77-a82e-abb18adbca5d,9ab2f050-1550-4f31-acff-2e7057fe7ab6,IG Story,VIDEO,3.4.2026 7:48:04,,https://www.instagram.com/stories/riderspardubice/3867001180732009455,,599,,,1
@univerzitnihokej,instagram,1e114592-3529-4cfe-9977-2598454053af,9d728274-d513-4b55-b324-b8e0ef70b910,IG Reel,VIDEO,12.3.2026 22:11:15,"Myslíte si, že by byl @metodej_jilek dobrej v hokeji? 👇🏻👀",https://www.instagram.com/reel/DVzOyuUCEFR/,,57618,2571,3,212
@cvutengineers,instagram,11963a07-7f0f-48e6-9d81-aa63a7ff4a04,b1f7c56d-e369-4481-96cd-da3d54ebaae5,IG Post,IMAGE,17.4.2026 10:48:49,"Polední rozbruslení za námi, atmosféra byla/je dobrá 🤓

Těšíme se na večer 👀

📸: @ondra_mann 

#srdcelva",https://www.instagram.com/p/DXOuFZBDCh9/,,5092,123,,8
@hokejovy_souboj_univerzit,instagram,cb4021a2-14da-41f5-8b43-0502f11720aa,c6aea906-a01b-438d-bdcc-f9a4595789ad,IG Story,VIDEO,19.9.2026 7:01:29,,https://www.instagram.com/stories/hokejovy_souboj_univerzit/3989464830746360966,,2015,,,3
@akademiciplzen,instagram,65494228-95bf-4f7b-8e68-d47d7262db66,daa2564e-fae2-44b8-bdae-34e4652de34e,IG Story,VIDEO,1.4.2026 15:10:56,,https://www.instagram.com/stories/akademiciplzen/3865774527955633902,,1658,,,14
@VUTCavaliersBrno,facebook,3351b43e-4b71-442b-b2f1-920cd6e57ee5,eb554c87-ddc7-45f8-92aa-4b70bd920e0b,FB Story,STORY,2.10.2026 1:37:33,,https://facebook.com/stories/100667195401737/UzpfSVNDOjI0Mzk2NDc2MTAxOTU4NzA=/?view_single=1,,,,,
vsefalcons,instagram,709fceba-e311-48e7-9057-f54a587abf4a,ebd9dacd-6e94-481d-8766-25feffc06816,IG Reel,VIDEO,14.7.2026 18:06:45,"Někteří ptáci potřebují občas trochu času, než najdou své hnízdo. 🪺 Z Black Dogs k nám od nové sezóny přilétá student naší univerzity, Jan Vavřík 🤝🏼

Vavřa, vítej doma!",https://www.instagram.com/reel/DayF3BKotIZ/,,11833,290,6,54
vsefalcons,instagram,709fceba-e311-48e7-9057-f54a587abf4a,04673c5a-1337-4e44-b1d6-05b637cc6c9c,IG Story,VIDEO,12.3.2026 16:16:57,SROVNÁVÁME 👀,https://www.instagram.com/stories/vsefalcons/3851312263516951836,1408,1320,,,
@cvutengineers,instagram,11963a07-7f0f-48e6-9d81-aa63a7ff4a04,1f38cb0f-b571-417c-9a30-ba688ecccd08,IG Post,IMAGE,1.10.2026 10:37:26,"Včerejší výhra objektivem @ondra_mann 📸 
Děkujeme všem, kteří nás hnali dopředu 🫶🏻

#engprg",https://www.instagram.com/p/Dd8tiMnDIz2/,,10333,344,2,20
@AkademiciPlzen,facebook,d87b94e3-03e8-45d0-b92e-75e9b819545c,603e1906-17ac-40e8-aa79-fb160081b646,FB Story,VIDEO,29.9.2026 20:14:07,,https://facebook.com/stories/103234241824606/UzpfSVNDOjE4MjQ4Mjc5MTg2NzIyNjk=/?view_single=1,,,,,
@univerzitnihokej,instagram,1e114592-3529-4cfe-9977-2598454053af,99f33367-2a6c-492e-9c63-12ec4cdc28e6,IG Post,IMAGE,12.3.2026 21:06:50,Tak který tým si odnesl víc peněz? 💰,https://www.instagram.com/p/DVzIMVBiN0J/,,11548,240,,54
@riderspardubice,instagram,4d6a67ab-9313-4f77-a82e-abb18adbca5d,a0fdc3b9-7c04-4853-95a8-26e9495a87a1,IG Story,VIDEO,14.9.2026 19:39:19,@fchtpardubice  už zítra!!,https://www.instagram.com/stories/riderspardubice/3986222400157097605,,437,,,1
@akademiciplzen,instagram,65494228-95bf-4f7b-8e68-d47d7262db66,bb731746-71ce-49be-85af-477cdb8c3808,IG Story,IMAGE,2.4.2026 0:43:12,,https://www.instagram.com/stories/akademiciplzen/3866062570775539944,,2058,,,2
@bitvaoprahu,instagram,d7c8aa06-74fb-4c6c-a7d2-c2fe1bf6d59c,c5b8da47-46da-4888-aaa4-9eadfdfc5f07,IG Story,VIDEO,10.4.2026 14:56:24,S KÓDEM BITVA15 UŠETŘÍŠ 🤑 🎟️ 🎟️,https://www.instagram.com/stories/bitvaoprahu/3872290199804088521,,850,,,3
vsefalcons,instagram,709fceba-e311-48e7-9057-f54a587abf4a,0381b3c5-769b-417b-80f1-b07fa3696ab5,IG Story,VIDEO,8.3.2026 7:34:06,@strnyjan,https://www.instagram.com/stories/vsefalcons/3848149991445547052,,965,,,2
vsefalcons,instagram,709fceba-e311-48e7-9057-f54a587abf4a,0b00ed68-22e0-45f0-8417-144e16ddf84f,IG Story,VIDEO,11.1.2026 17:56:00,👆🏼 REGISTROVAT SE MŮŽETE,https://www.instagram.com/stories/vsefalcons/3807875553261277639,,697,,,1
@akademiciplzen,instagram,65494228-95bf-4f7b-8e68-d47d7262db66,0ee7d4d6-191b-4fe2-9174-b70dc2dc36a3,IG Story,VIDEO,10.9.2026 19:21:21,@benisek_jiri 📸 🫳🏻,https://www.instagram.com/stories/akademiciplzen/3983314241553443207,,993,,,1
vsefalcons,instagram,709fceba-e311-48e7-9057-f54a587abf4a,24a9c569-4820-4246-8b32-ed2c6b5fd0be,IG Story,VIDEO,10.2.2026 10:36:44,,https://www.instagram.com/stories/vsefalcons/3829397735841734659,687,1014,,,6
@hc_muni,instagram,43cd62c8-609d-4ea6-8ce9-cae5242ede0c,2d43c833-502c-4ffe-b71b-cfba11f92b7a,IG Reel,REEL,25.3.2026 17:07:59,"Nojo, o @kfc_cz by se kluci i poprali🍗🐻 Jak úspěšní jste v našem kvízu byli vy? 

PS: žádné kuře nepřišlo vniveč 🫶🏻

#kfcplechovykyblik #kfc",https://www.instagram.com/reel/DWUKPdoDM2o/,,6068,104,,8
vsefalcons,instagram,709fceba-e311-48e7-9057-f54a587abf4a,54535825-d695-4183-9bb2-064f5699b1da,IG Story,VIDEO,10.2.2026 20:47:43,🚀,https://www.instagram.com/stories/vsefalcons/3829705462220589594,,977,,,
vsefalcons,instagram,709fceba-e311-48e7-9057-f54a587abf4a,7e4e68ae-d319-4d74-94e6-04975ed0a82f,IG Story,VIDEO,28.9.2026 16:37:29,,https://www.instagram.com/stories/vsefalcons/3996277750930913821,,1144,,,25
@boostrava,instagram,1176ddaf-d366-48a2-9639-3c6694c72c85,83813122-844a-466e-9f38-bf9ff1cf58d3,IG Story,VIDEO,1.10.2026 8:29:26,,https://www.instagram.com/stories/boostrava/3998206456922696887,,485,,,3
@218107044725785,facebook,7a942e3e-6c47-4794-9ba7-bbc7b6d40cb3,eea921ff-7601-4754-ad24-5602fcf7e750,FB Story,VIDEO,22.9.2026 19:33:13,,https://facebook.com/stories/122096877530218300/UzpfSVNDOjI4Mzk3NzE1MjQ5OTIyMDEw/?view_single=1,,,,,
@AkademiciPlzen,facebook,d87b94e3-03e8-45d0-b92e-75e9b819545c,18ffac87-4580-42cc-abe6-98b6227b961e,FB Story,IMAGE,29.9.2026 22:13:01,,https://facebook.com/stories/103234241824606/UzpfSVNDOjExMjQ0OTU5NzY5MDU5ODc=/?view_single=1,,,,,
vsefalcons,instagram,709fceba-e311-48e7-9057-f54a587abf4a,32c3e9b2-9390-42f7-9b1f-f7fd22c5e354,IG Story,VIDEO,10.2.2026 19:18:21,"Proč nejsi jinde
aspoň o pár cenťásků 🤏🏻",https://www.instagram.com/stories/vsefalcons/3829660293760859840,627,952,,,1
@united_hk,instagram,b18c071b-0570-48b2-b743-990c668c3c5b,8869340a-5378-4953-9fd1-80befbed1ca4,IG Reel,VIDEO,2.10.2026 11:10:36,"Postavit pyramidu z matchy zní jednoduše. Dokud nezačne běžet čas. 😄

Amity Drinks byly součástí Otvíráku už před arénou a během večera přišla na řadu i Matcha Pyramida Challenge.

Díky Amity za podporu UNIted HK a za společný start sezóny. 🖤🧡

#allforunited",https://www.instagram.com/reel/Dd_WEF3opiM/,,2564,42,1,2
@riderspardubice,instagram,4d6a67ab-9313-4f77-a82e-abb18adbca5d,ac9c97b4-7836-4b95-9957-fa87854d3d13,IG Story,VIDEO,2.9.2026 18:39:32,,https://www.instagram.com/stories/riderspardubice/3977494987789128666,,795,,,1
@cvutengineers,instagram,11963a07-7f0f-48e6-9d81-aa63a7ff4a04,d0876eb8-b16a-4b8e-b399-e0ba1dd5ba16,IG Post,IMAGE,17.4.2026 8:42:20,"Ještě něco málo ze včerejší vítězný radosti 🥳
Dneska je cíl jasnej!

20:15 | ZIMNÍ STADION EDEN | UK vs ENG 
Chceme tě tam vidět! 🫵🏼

📸: @ondra_mann",https://www.instagram.com/p/DXOfnBwDLcj/,,8634,278,1,11
@univerzitnihokej,instagram,1e114592-3529-4cfe-9977-2598454053af,2db1584a-caa6-431f-95f4-0687441041af,IG Post,IMAGE,6.3.2026 8:57:44,@zlatak30 se inspiroval v NCAA. 🫨 Tohle jsme nedávno viděli u @michael_hrabal v UMass.,https://www.instagram.com/p/DViX-_GiI_2/,,26008,556,1,19
@riderspardubice,instagram,4d6a67ab-9313-4f77-a82e-abb18adbca5d,3f9ca78f-974a-41e8-b779-009c652f9159,IG Post,IMAGE,15.9.2026 10:37:36,"Stále tápáš nad tím, jak koupit lístky na naše zápasy? 

Tady jsme si pro vás připravili jednoduchý návod! 

Tak nabíhej na odkaz v našem BIU a nepropásni první zápas této sezóny🎟️",https://www.instagram.com/p/DdTg1UaCH_k/,,2722,37,,4
@hcnorthwings,facebook,2b08a479-603b-46e4-8a48-2bc0435ccd53,49e49deb-b90c-44ec-b516-7db9ae8dac36,FB Story,VIDEO,2.3.2026 18:54:18,,,,,,,
@BOhokej,facebook,c9082543-a03b-490f-8f97-66d439acce89,675c6bfd-fcfb-4a3e-938c-e81d1002494b,FB Story,VIDEO,10.9.2026 20:08:10,,https://facebook.com/stories/100133738792962/UzpfSVNDOjE4OTM5MTU0MDE1Njk3OTM=/?view_single=1,,,,,
@united_hk,instagram,b18c071b-0570-48b2-b743-990c668c3c5b,89156323-2cd8-4dd7-85a7-a06adfc7c9c7,IG Post,IMAGE,15.3.2026 11:34:04,"Náš útočník Radek Bíman dnes slaví narozeniny.

Všechno nejlepší, Radku! 🎂
Užij si to.

🖤🧡",https://www.instagram.com/p/DV51BE2iDlx/,,2882,64,1,5
@univerzitnihokej,facebook,01b45180-0b14-4a14-96e8-d0a4bab1fb9f,b79a1970-8f55-4f15-b882-a3db2322c6be,FB Post,IMAGE,2.3.2026 8:16:51,"Program na tento týden? Opravdu nabitý 🔋
Kromě mnoho zajímavých utkání se ve středu podíváme na TOP zápas do 📍Plzně",https://www.facebook.com/1275398168115026/posts/1251978200457023,343,,2,,
@united_hk,instagram,b18c071b-0570-48b2-b743-990c668c3c5b,d80ca8d3-451f-45f2-902c-d587c4ca82e6,IG Story,VIDEO,25.4.2026 12:21:18,"KDY? TRY - OUT 
 🎯",https://www.instagram.com/stories/united_hk/3883083523930214274,,943,,,
@vutcavaliersbrno,instagram,b384bebf-72f3-4f9d-8b2d-3677709f6966,db941f4f-57ab-46f0-af11-f1ea31a8bbce,IG Story,IMAGE,29.9.2026 19:43:01,"🚨4:3
⏰19:37
@cyril.valach",https://www.instagram.com/stories/vutcavaliersbrno/3997095881720529815,,820,,,1
vsefalcons,instagram,709fceba-e311-48e7-9057-f54a587abf4a,f956e795-bd2a-4769-8307-2e2819e36870,IG Story,VIDEO,12.2.2026 13:07:20,POV: jsi s námi na střídačce,https://www.instagram.com/stories/vsefalcons/3830923135956818094,728,958,,,4
vsefalcons,instagram,709fceba-e311-48e7-9057-f54a587abf4a,3f67c19e-9fd0-4d0a-b87e-c6aa47cf00cb,IG Story,IMAGE,31.12.2025 11:13:13,🦅,https://www.instagram.com/stories/vsefalcons/3799700340442953410,,831,,,
vsefalcons,instagram,709fceba-e311-48e7-9057-f54a587abf4a,58715e38-133e-4f92-ab41-40648660ec73,IG Story,IMAGE,22.1.2026 8:17:14,,https://www.instagram.com/stories/vsefalcons/3815556816210295056,,1086,,,
@boostrava,instagram,1176ddaf-d366-48a2-9639-3c6694c72c85,5eec7f68-de7d-46d6-b669-1224adefe28c,IG Post,IMAGE,28.9.2026 20:06:07,"Bereme bod! 🏒

Dnešní utkání dospělo až k samostatným nájezdům, kde byli úspěšnější domácí 🙁",https://www.instagram.com/p/Dd1_1iasgxY/,,1793,40,,2
@united_hk,instagram,b18c071b-0570-48b2-b743-990c668c3c5b,6c481651-ade1-4a23-b7a0-d79dbd166b71,IG Story,VIDEO,19.9.2026 17:36:33,,https://www.instagram.com/stories/united_hk/3989784484509144613,,382,,,
@boostrava,instagram,1176ddaf-d366-48a2-9639-3c6694c72c85,6d633a97-c6a0-4b33-9e56-8f5c533fd9fc,IG Story,VIDEO,22.9.2026 17:16:48,,https://www.instagram.com/stories/boostrava/3991948857067716361,,358,,,
vsefalcons,instagram,709fceba-e311-48e7-9057-f54a587abf4a,7685c8fe-230f-42bb-98ed-f61fa9d8f5d8,IG Story,VIDEO,26.1.2026 18:37:38,3. TŘETINA začíná,https://www.instagram.com/stories/vsefalcons/3818768175420954767,,852,,,
@unitedhk,facebook,bfe6cc29-a387-41b9-9bca-b077722556af,776d335d-a815-453f-9eef-bdfec929c54a,FB Video,VIDEO,24.9.2026 16:10:25,"Pivní štafetu převzali holky a nezklamali!🍻👯‍♀️

#unitedhk #unihokej #hradeckralove #uhk #pivnistafeta",https://www.facebook.com/reel/945581098609648/,186,84,1,,
@akademiciplzen,instagram,65494228-95bf-4f7b-8e68-d47d7262db66,7da6008d-84b0-4424-84ca-5ca36c0f3d66,IG Story,VIDEO,27.8.2026 19:22:13,🙌🏻 JE TO NAŠE!,https://www.instagram.com/stories/akademiciplzen/3973167844837591456,,674,,,1
vsefalcons,instagram,709fceba-e311-48e7-9057-f54a587abf4a,7e36fb4d-30db-4fd4-87b0-dc994f13d342,IG Story,VIDEO,11.3.2026 18:44:33,JE TO VENKU!,https://www.instagram.com/stories/vsefalcons/3850661758843238298,1224,656,,,
vsefalcons,instagram,709fceba-e311-48e7-9057-f54a587abf4a,87e5256f-8a42-4d46-8997-a0d61c666116,IG Story,IMAGE,8.2.2026 17:51:06,"1 3 David
Drábek
Novák",https://www.instagram.com/stories/vsefalcons/3828166811108006272,,851,,,1
@riderspardubice,instagram,4d6a67ab-9313-4f77-a82e-abb18adbca5d,b431c85c-1566-411c-8277-8a6e18ae6994,IG Post,IMAGE,10.3.2026 7:42:24,"Vstupenky na Last dance Dominika Kopeckého a Daniela Skrypa nyní jen za 50,- 😎",https://www.instagram.com/p/DVsia6qDCV4/,,2119,37,,7
vsefalcons,instagram,709fceba-e311-48e7-9057-f54a587abf4a,b79ed296-d813-43be-955e-cbfeefd6e878,IG Story,VIDEO,14.3.2026 15:42:54,KDO BUDE DNEŠNÍ JEDNIČKA ? ?,https://www.instagram.com/stories/vsefalcons/3852744688277130276,770,755,,1,
@bitvaoprahu,instagram,d7c8aa06-74fb-4c6c-a7d2-c2fe1bf6d59c,e97f5792-db0b-4f2c-afa4-1922187b0fb4,IG Post,IMAGE,12.3.2026 21:10:13,"🇨🇿 Dvojnásobný medailista z olympijských her v Miláně je mezi námi! 🤩🙏🏼

Tím není nikdo jiný než Metoděj Jílek! 🎩 #bitvaoprahu",https://www.instagram.com/p/DVzIlMODutd/,,213461,10746,1,330
@univerzitnihokej,instagram,1e114592-3529-4cfe-9977-2598454053af,360888b4-3ae1-47e3-bd54-9522f0da5712,IG Post,IMAGE,21.9.2026 20:29:03,"První výhry sezony si připisují Riders a Ostrava 👀

Riders byli pro Black Dogs osudní už v play-in minulé sezony, a ani tentokrát jim nedali šanci. Ostrava to dnes měla o něco napínavější, rozhodli až v nájezdech. 🫡",https://www.instagram.com/p/DdkBSeokeJ-/,,8865,268,,46
@riderspardubice,instagram,4d6a67ab-9313-4f77-a82e-abb18adbca5d,37719f24-343d-49ca-854d-16f8f3354afb,IG Story,IMAGE,28.9.2026 9:09:46,,https://www.instagram.com/stories/riderspardubice/3996052380810597458,,1127,,,11
@engineersprague,facebook,afd06d1d-7b1c-4f66-8d93-ce4255ab773c,4495d929-8dfa-442d-9b1a-485da6c75484,FB Story,VIDEO,4.3.2026 19:17:37,,,,,,,
@univerzitnihokej,instagram,1e114592-3529-4cfe-9977-2598454053af,a36f751e-d383-41f4-afa0-2ced1b5a2a42,IG Post,IMAGE,4.10.2026 15:34:23,"Druhý týden je za námi! 👌🏻 Pražské derby patří Engineers a Falcons, ale @bitvaoprahu teprve rozhodne o vládci Prahy!",https://www.instagram.com/p/DeE9WCyIasQ/,,5122,123,,3
@hcnorthwings,facebook,2b08a479-603b-46e4-8a48-2bc0435ccd53,af26b591-496b-4dd4-bdca-671f27e110f8,FB Story,VIDEO,4.3.2026 16:16:37,,,,,,,
vsefalcons,instagram,709fceba-e311-48e7-9057-f54a587abf4a,b5314a42-3b47-4c55-91dd-7a4fbdf998ad,IG Story,VIDEO,26.2.2026 20:55:05,za občerstvení děkujeme @kauflandcesko 🍿,https://www.instagram.com/stories/vsefalcons/3841305406261983803,983,1317,,,50
vsefalcons,instagram,709fceba-e311-48e7-9057-f54a587abf4a,bd636c4e-b803-4fad-894d-37333cb86254,IG Story,VIDEO,2.2.2026 17:15:52,"nedočkavec 6 minut
před tréninkem 🥹",https://www.instagram.com/stories/vsefalcons/3823800453092372016,,1223,,,2
@engineersprague,facebook,afd06d1d-7b1c-4f66-8d93-ce4255ab773c,c0a961dd-9ccc-4664-892a-aaad6bc0d4c9,FB Story,VIDEO,4.8.2026 19:15:04,,,,,,,
vsefalcons,instagram,709fceba-e311-48e7-9057-f54a587abf4a,f3e6fbe7-e6b2-45aa-8ceb-8161a6480c7a,IG Post,IMAGE,8.2.2026 21:00:44,"@bitvaoprahu nanečisto pro nás skončila vítězně, ta pravá nás ale teprve čeká 🔥

Nejlevnější lístky můžeš koupit do pátku na bitvaoprahu.cz 🎟️",https://www.instagram.com/p/DUgtJbOiLid/,,2270,100,1,1
@riderspardubice,instagram,4d6a67ab-9313-4f77-a82e-abb18adbca5d,0d8fa4b4-d0a3-4b04-b40d-ec6f4829c733,IG Story,VIDEO,21.9.2026 17:46:44,@pivoproud  zásobuje fanoušky 🤝🏻,https://www.instagram.com/stories/riderspardubice/3991239172316793270,,1428,,,14
@riderspardubice,instagram,4d6a67ab-9313-4f77-a82e-abb18adbca5d,ba61b1fa-0779-4ee6-86cc-fc06a80247fc,IG Story,IMAGE,17.4.2026 13:34:34,@tipsport_cz,https://www.instagram.com/stories/riderspardubice/3877322442461199422,,1107,,,
@hcmuni,facebook,d1f9e9f9-7526-42d4-85aa-13f91e89f7cf,d14b454c-d2ae-4c35-9c29-8c9d3f5cabbf,FB Video,VIDEO,30.8.2026 21:15:52,"Střípky z dnešního přípravného utkání proti @vutcavaliersbrno 🔥 Parádní nájezd, hodně radosti, gólových oslav, nových střelců a hlavně první výhra! 🍀
Nezastavujeme a makáme dál 💪🏻#desetfakultjednarodina #hcmuni",https://www.facebook.com/reel/1583186620487747/,2489,1294,10,,
@univerzitnihokej,instagram,1e114592-3529-4cfe-9977-2598454053af,eee3bf4f-6451-4e75-a837-6cf244051737,IG Reel,VIDEO,12.3.2026 18:03:03,Za takovou střelou by se nestyděli ani naši hráči! 🤯 @csobcz cash on ice 💸,https://www.instagram.com/reel/DVyzCcBCNu2/,,7746,106,,12
@akademiciplzen,instagram,65494228-95bf-4f7b-8e68-d47d7262db66,fcd809b5-ea07-4d99-bb86-3de5fd07916e,IG Reel,VIDEO,21.3.2026 17:16:10,"Šampóny od @garnier_czsk dělají po tréninku ve sprchách vyloženě zázraky. 🤯✨

#garnierfructis #cistahlava #cistahra #ad",https://www.instagram.com/reel/DWJ37CuDHm0/,,10618,260,1,68
@cvutengineers,instagram,11963a07-7f0f-48e6-9d81-aa63a7ff4a04,ff94c2e0-a07e-4fe1-bfd5-3363796914b4,IG Reel,VIDEO,17.4.2026 6:48:23,"🚨 FINÁLE FINAL FOUR JE TADY!

 Na tento moment jsme dlouho čekali. Teď je čas jít do boje o titul mistra ULLH. Na ledě necháme všechno. 🙏🏻

Dnes od 20:15 ukážeme, v kom bije skutečné srdce lva. 🦁",https://www.instagram.com/reel/DXOSBGhDImv/,,8383,124,,16
@united_hk,instagram,b18c071b-0570-48b2-b743-990c668c3c5b,3b135da0-63ec-4d82-b1d2-4ab0ac736477,IG Post,IMAGE,26.9.2026 17:44:14,"OTVÍRÁK OD 17:00 AŽ DO AFTERPARTY. 🔥

🕔 17:00 - Pop-up party před ČPP arénou
Infinity Vibe DJs, Panda Truck, Starbucks, Amity Drinks, Proud, transparenty a stánky partnerů.

🚪 18:15 - otevíráme vstupy do arény
🎤 18:45 - slavnostní zahájení sezóny
🏒 19:00 - UNIted HK × BO Ostrava
☕ 1. přestávka - soutěž se Starbucks
🛍️ 2. přestávka - soutěž s Futurum Hradec Králové
🎧 22:00 - Meet & Greet Afterparty na Náplavce

🎟️ Zápas do neděle 120 Kč, v den zápasu 140 Kč
📱 -20 % s ČSOB v aplikaci UniLife
🎉 Afterparty do neděle 80 Kč, v den akce 100 Kč

unitedhk.cz/otvirak

OTVÍRÁK OD 17:00 AŽ DO AFTERPARTY. 🔥

🕔 17:00 - Pop-up party před ČPP arénou
Infinity Vibe DJs, Panda Truck, Starbucks, Amity Drinks, Proud, transparenty a stánky partnerů.

🚪 18:15 - otevíráme vstupy do arény
🎤 18:45 - slavnostní zahájení sezóny
🏒 19:00 - UNIted HK × BO Ostrava
☕ 1. přestávka - soutěž se Starbucks
🛍️ 2. přestávka - soutěž s Futurum Hradec Králové
🎧 22:00 - Meet & Greet Afterparty na Náplavce

🎟️ Zápas do neděle 120 Kč, v den zápasu 140 Kč
📱 -20 % s ČSOB v aplikaci UniLife
🎉 Afterparty do neděle 80 Kč, v den akce 100 Kč

unitedhk.cz/otvirak

SEASON OPENER: FROM 5 PM THROUGH TO THE AFTERPARTY. 🔥

🕔 5:00 PM – Pre-game pop-up party in front of the ČPP Arena
Infinity Vibe DJs, Panda Truck, Starbucks, Amity Drinks, Proud, banners, and partner booths.

🚪 6:15 PM – Arena doors open
🎤 6:45 PM – Official season opening ceremony
🏒 7:00 PM – UNIted HK vs. BO Ostrava
☕ 1st Intermission – Starbucks contest
🛍️ 2nd Intermission – Futurum Hradec Králové contest
🎧 10:00 PM – Meet & Greet Afterparty at Náplavka

🎟️ Match tickets: 120 CZK until Sunday, 140 CZK on game day
📱 20% off with ČSOB in the UniLife app
🎉 Afterparty tickets: 80 CZK until Sunday, 100 CZK on the day of the event

unitedhk.cz/en/season-opener

SEASON OPENER: FROM 5 PM THROUGH TO THE AFTERPARTY. 🔥

🕔 5:00 PM – Pre-game pop-up party in front of the ČPP Arena
Infinity Vibe DJs, Panda Truck, Starbucks, Amity Drinks, Proud, banners, and partner booths.

🚪 6:15 PM – Arena doors open
🎤 6:45 PM – Official season opening ceremony
🏒 7:00 PM – UNIted HK vs. BO Ostrava
☕ 1st Intermission – Starbucks contest
🛍️ 2nd I",https://www.instagram.com/p/DdwmZtViNfT/,,4970,69,1,46
@VUTCavaliersBrno,facebook,3351b43e-4b71-442b-b2f1-920cd6e57ee5,4f47d66e-c94e-4eb2-b8ae-3a1e662eb021,FB Story,IMAGE,2.10.2026 1:38:26,,https://facebook.com/stories/100667195401737/UzpfSVNDOjIxNTI1MzUxNzg5NzQyOTE=/?view_single=1,,,,,
vsefalcons,instagram,709fceba-e311-48e7-9057-f54a587abf4a,7abd9cf7-8324-4664-acb1-6d56c9763d20,IG Story,VIDEO,3.2.2026 18:40:40,SÝÝÝÝR 📸 🧀,https://www.instagram.com/stories/vsefalcons/3824567894458012045,,913,,,
@AkademiciPlzen,facebook,d87b94e3-03e8-45d0-b92e-75e9b819545c,b0637772-20a4-4bf4-bf65-4a79d2e0870b,FB Video,VIDEO,28.9.2026 9:21:59,"Nejen hokej, ale celý studentský život v jedné aplikaci. 🏒📲

S UniLife máš na jednom místě vstupenky, studentské akce ve městě, výhody a slevy u partnerů i přehled toho, co se právě děje. 👀

A jak to funguje? Mrkni na video! 👆

🏒 Vstupenky na hokej koupíš přímo v aplikaci a nemusíš pak hledat PDF v e-mailu.
🎉 Studentské akce najdeš přehledně na jednom místě.
🎁 Výhody a slevy můžeš využívat přímo přes aplikaci.
💳 ČSOB klienti si po ověření účtu mohou odemknout exkluzivní výhody — třeba 20% slevu na naše vstupenky.

A co z toho máš už zítra? 👀

Stáhni si UniLife, kup si přes ni vstupenku na Alumni Game, využij 20% slevu a pokud dorazíš mezi prvními 100 fanoušky, Proud máš od nás zdarma! 🍻🏒

👉 UniLife najdeš v App Store i Google Play.

#akademiciplzen 💙",https://www.facebook.com/reel/1660395975417933/,492,145,3,,
@akademiciplzen,instagram,65494228-95bf-4f7b-8e68-d47d7262db66,feec603f-f38a-4711-bcd5-0dedd1813d5c,IG Post,IMAGE,3.3.2026 15:54:50,"JARNÍ BITVA UŽ ZÍTRA! 👊🏻

Doraž včas na Proud, Redbull nebo svařák do fanzóny, nalaď hlasivky a pojď z toho udělat večer, na kterej se bude vzpomínat!

🕰️ 17:30 otevření fanzóny
📍 LOGSPEED CZ Aréna
🎟️ Lístky najdeš v biu nebo na plzenskabitva.cz

Tak co, bude nás ještě víc než loni? 🔥
#akademiciplzen",https://www.instagram.com/p/DVbXwrhDPGt/,,2675,59,,1
@hcnorthwings,facebook,2b08a479-603b-46e4-8a48-2bc0435ccd53,1468da8f-7a52-4905-9b87-802f5bbead96,FB Video,VIDEO,5.3.2026 7:59:03,🎥 | Přinášíme sestřih branek 23. kola @univerzitnihokej ve kterém studenti @ujepul - HC North Wings podlehli celku @czufarmers na domácím ledě v poměru 1:5🏒 #univerzitnihokej,https://www.facebook.com/reel/1246404513627047/,324,84,3,,
@VUTCavaliersBrno,facebook,3351b43e-4b71-442b-b2f1-920cd6e57ee5,25ad6705-5ce2-4d75-beed-a6ecdf5d1705,FB Post,IMAGE,23.9.2026 9:33:05,"GAMEDAY! 🔥

Čekání je u konce. Hokej je zpátky a dneska to na zimáku pořádně rozjedeme! 👊

Kavalíři se poprvé po letní pauze představí doma a ty u toho nesmíš chybět 🍻🏒

📅 DNES | 23. 9.
🕢 19:45
📍 Zimní stadion Kuřim
🏒 Kavalíři 🆚 UJEP NORTH WINGS ÚSTÍ NAD LABEM

🚌 Doprava zajištěna
🎟️ Lístky stále v prodeji

Vezmi kámoše, spolužáky nebo spolubydlící a přijď si užít pořádný středeční večer na zimáku! 🔥",https://www.facebook.com/1743815981086842/posts/1743797407755366,281,,1,,
@riderspardubice,instagram,4d6a67ab-9313-4f77-a82e-abb18adbca5d,65115c53-e6d9-494d-b058-fd3fad653065,IG Post,IMAGE,8.9.2026 17:03:55,"21.9.2026

Den, kdy to vše znovu vypukne. V pondělí 21.9. Ve spolupráci s @biolifeplazmacentrum Riders vyzvou na domácím ledě @blackdogsbudweis_vste a odstartují nový ročník ULLH. 

Lístky už jsou v prodeji, tak neváhej a kup si lístek přes odkaz v našem BIU. 

Těšíme se na vás!🔥🫶🏻",https://www.instagram.com/p/DdCKrXRxG_k/,,24041,178,,71
vsefalcons,instagram,709fceba-e311-48e7-9057-f54a587abf4a,7bc14117-e49f-423d-bc98-32b29dce29f6,IG Story,VIDEO,15.1.2026 9:49:44,👯,https://www.instagram.com/stories/vsefalcons/3810529931139015612,,1685,,,2
vsefalcons,instagram,709fceba-e311-48e7-9057-f54a587abf4a,7bc2947f-fd0f-41c4-9d19-ef2369605088,IG Story,VIDEO,3.3.2026 19:25:04,KDO TU DNES NENÍ 📺 🛋️,https://www.instagram.com/stories/vsefalcons/3844883981854584101,646,812,,,
@united_hk,instagram,b18c071b-0570-48b2-b743-990c668c3c5b,b84e0aa3-bc3f-4276-a879-d294d18c4dd5,IG Post,IMAGE,14.9.2026 16:38:42,"OTVÍRÁK ZAČÍNÁ 28.9. UŽ V 17:00. 🔥

Otvírák sezóny startuje ještě před prvním buly. Před ČPP arénou rozjedeme pop-up party a tentokrát už víš přesně, co tě čeká.

🎧 Infinity Vibe DJ's
🍔 Studentské menu od Panda Truck
☕ Kávové speciality od Starbucks
🥤 Matcha limonády od Amity Drinks
🍺 Čepované pivo Proud
🎨 Zábavné aktivity, malování transparentů a stánky partnerů

Tohle všechno od 17:00 před ČPP arénou. Pak se přesouváme dovnitř na Otvírák sezóny proti BO Ostrava. 🏒

📅 28. 9.
🕔 Pop-up party od 17:00
🏒 UNIted HK × BO Ostrava

🎟️ Teď běží 1. vlna vstupenek za 90 Kč
📱 V UniLife s účtem u ČSOB za 72 Kč

unitedhk.cz/otvirak",https://www.instagram.com/p/DdRlXSbiAqc/,,9305,115,,166
@cvutengineers,instagram,11963a07-7f0f-48e6-9d81-aa63a7ff4a04,c58fc56a-5788-4764-9123-3a25b5d91a16,IG Post,IMAGE,18.3.2026 19:29:46,"100 zápasů. Jedno jméno… Matouš Najman 👏🏼

Další legenda Engineers, která zanechala stopu, na kterou se nezapomíná. Matouši, díky za všechno! 💙

Přejeme ti spoustů úspěchů… a ať tě nikdy neopustí srdce lva 🦁",https://www.instagram.com/p/DWCZ2vJjMpG/,,10166,344,,9
@united_hk,instagram,b18c071b-0570-48b2-b743-990c668c3c5b,eda7362d-a81d-4905-9e59-0e2ea14f2838,IG Reel,VIDEO,1.10.2026 16:58:23,"Nákupní štafeta v ČPP aréně. 🛍️🔥

Futurum Hradec Králové se na Otvíráku postaralo o jednu z přestávkových soutěží a bylo s námi i během programu před arénou.

Díky za podporu UNIted HK. Tohle byla teprve první společná akce sezóny. 🖤🧡

#allforunited",https://www.instagram.com/reel/Dd9Y29sotRE/,,2997,35,1,3
vsefalcons,instagram,709fceba-e311-48e7-9057-f54a587abf4a,197ab564-7377-41c3-9383-2fab05b41a87,IG Reel,VIDEO,17.2.2026 21:16:41,"CTRL C + CTRL V

Michal Daniel otočil zápas 5 minut před koncem, během 40 vteřin 😮‍💨",https://www.instagram.com/reel/DU36s85CBlp/,,10585,199,,5
vsefalcons,instagram,709fceba-e311-48e7-9057-f54a587abf4a,510ba4b3-b6c4-4c03-9622-06f7d9ec42ac,IG Story,VIDEO,31.5.2026 10:10:18,,https://www.instagram.com/stories/vsefalcons/3909109634166197652,,741,,,4
@unitedhk,facebook,bfe6cc29-a387-41b9-9bca-b077722556af,a446c16c-7591-41e9-9d53-c62749ef11a0,FB Story,IMAGE,6.9.2026 16:00:01,,https://facebook.com/stories/122099775710388974/UzpfSVNDOjEwNTEzMzIxNTc2NjE5NjI=/?view_single=1,,,,,
vsefalcons,instagram,709fceba-e311-48e7-9057-f54a587abf4a,e4920d73-ddd0-4c3f-82a7-2fd79f939c8b,IG Story,VIDEO,2.10.2026 18:23:37,PÁTKY ani nezastavujem 🔥,https://www.instagram.com/stories/vsefalcons/3999230285882911500,,963,,,3
@cvutengineers,instagram,11963a07-7f0f-48e6-9d81-aa63a7ff4a04,f8970262-4f31-45fc-baed-355b55db4f3d,IG Story,VIDEO,1.4.2026 8:40:02,🔥 🔥,https://www.instagram.com/stories/cvutengineers/3865577783280049146,,76,,,
@742626308943576,facebook,afcb2720-0a77-4413-95f4-2247bcb8a565,5fa724bf-d5a2-4dc4-a7f9-d97fd3aeb6da,FB Post,IMAGE,13.9.2026 8:02:21,"🔥 CO JE V CENĚ?
🏒 Hokejová Bitva o Budějce
⭐ VIP zóna a možnost potkat se s VIP hosty
🍽️ Občerstvení
🥤 Pití
🎉 Vstup na afterparty

Tohle všechno za 2 500 Kč.
A pozor – VIP vstupenek máme pouze 20! 👀",https://www.facebook.com/122132173953029080/posts/122145321033029080,18,,,,
@akademiciplzen,instagram,65494228-95bf-4f7b-8e68-d47d7262db66,6118e644-4cda-433a-9bec-479d1f14b472,IG Post,ALBUM,30.3.2026 10:50:22,"PLAY-IN MODE ON! 🔥

Ta nejnapínavější část sezony právě začíná. Emoce pojedou na maximum a ve středu chceme přesně takovou atmosféru, jakou umíte vytvořit jen vy. 🫵🏻

📍 1. 4. | 19:00 | LOGSPEED CZ Aréna
🎟️ Lístky najdeš v biu nebo na webu

#akademiciplzen 💙",https://www.instagram.com/p/DWgX9BcjKsj/,,26121,770,3,72
vsefalcons,instagram,709fceba-e311-48e7-9057-f54a587abf4a,840002d2-5254-4d90-a181-644b97fb395e,IG Story,VIDEO,28.3.2026 19:24:32,"🫵🏻 POTŘEBUJEME TĚ
V ÚTERÝ NA TRIBUNĚ!",https://www.instagram.com/stories/vsefalcons/3863003085895371860,865,677,,,2
@riderspardubice,instagram,4d6a67ab-9313-4f77-a82e-abb18adbca5d,898ac601-c3d6-4bb2-9576-87dadb5cc8b1,IG Story,VIDEO,13.4.2026 12:35:00,🎟️,https://www.instagram.com/stories/riderspardubice/3874393356143168181,,568,,,
@bitva_o_budejce,instagram,f977c0af-061e-4c10-813f-da5818f8a748,eb4cbf5d-f13a-4af1-a175-1e9b6f144568,IG Post,IMAGE,2.9.2026 8:00:01,"Ještě než napíšeme další kapitolu, pojďme si společně připomenout atmosféru loňského ročníku. 🏒🖤💛

Emoce, souboje, skvělá atmosféra a hlavně vy! 🙌
A už teď se nemůžeme dočkat, co přinese letošní Bitva o Budějce. 👀🔥

Už brzy… 🔜
#BitvaOBudějce #Fotovzpomínka #Budějce 🏒",https://www.instagram.com/p/DcxwgcCjAGe/,,17770,435,,48
vsefalcons,instagram,709fceba-e311-48e7-9057-f54a587abf4a,ed604f20-e3e3-4f6b-8757-5c6c49539951,IG Story,VIDEO,8.3.2026 14:05:11,😘 🫶🏼,https://www.instagram.com/stories/vsefalcons/3848346822850937707,660,819,,,
@vutcavaliersbrno,instagram,b384bebf-72f3-4f9d-8b2d-3677709f6966,fc775be9-c85f-4525-976e-04a6ac29fc7d,IG Story,VIDEO,23.8.2026 15:27:53,Druhý den tryoutu je u KONCE ❤️‍🔥 @miraslovacek,https://www.instagram.com/stories/vutcavaliersbrno/3970150804937539065,,893,,,1
@riderspardubice,instagram,4d6a67ab-9313-4f77-a82e-abb18adbca5d,ff4e959f-0b85-4c8e-817d-b59ffe7f4dab,IG Post,IMAGE,29.9.2026 11:44:08,"Zítra hrajeme venku proti @hcnorthwings 🐥🔥

Koukat na nás můžete přes unihokej.tv🤪

Ale nebuďte smutní, příští pondělí se vidíme doma na malé hale, lístky v aplikaci UniLife🤩",https://www.instagram.com/p/Dd3rFPjRwH7/,,2514,88,1,
@hcmuni,facebook,d1f9e9f9-7526-42d4-85aa-13f91e89f7cf,07f96ee5-98b6-4817-89cc-e32d6a8f4caf,FB Video,VIDEO,6.3.2026 18:11:46,"Mrkněte na první gól @filas_vasek v @univerzitnihokej !!!🔥🏒💙

#hcmuni",https://www.facebook.com/reel/2098455937670864/,2437,1296,14,,
@vutcavaliersbrno,instagram,b384bebf-72f3-4f9d-8b2d-3677709f6966,2cff528f-2ef0-43f7-9501-2cb922c0e356,IG Reel,VIDEO,30.9.2026 7:17:35,"Včerejší výjezd do Plzně je za námi! 🏒 
S Akademiky jsme sehráli vyrovnaný zápas, s konečným stavem 4:3. 
Pojď se podívat, jak náš den v Plzni vypadal.🥰",https://www.instagram.com/reel/Dd5xYGro53T/,,2851,86,,9
@engineersprague,facebook,afd06d1d-7b1c-4f66-8d93-ce4255ab773c,51caebad-14a8-432e-b49f-36001277a2e6,FB Video,VIDEO,21.9.2026 12:51:28,"Nějak se nám poslední dobou rozrůstá fanouškovská základna…👀😆
Zitra čekáme na Hvězdě i tebe! 🦁",https://www.facebook.com/reel/1092252809853339/,1740,881,13,,
vsefalcons,instagram,709fceba-e311-48e7-9057-f54a587abf4a,69303f8b-4cf9-4c85-b7a4-6f9b4846eab4,IG Post,IMAGE,25.1.2026 17:56:18,"Zkouškové je (skoro) za námi, je čas vrátit se na zimák! 🤓 V prvním domácím zápase tohoto roku se utkáme s @hcnorthwings 🦅 

Hlavním partnerem zápasu je @mosteckamontazni 🤝🏽 

Už nám chybíte, tak se za námi zastavte! 🥹💙",https://www.instagram.com/p/DT8V0obiKQL/,,6168,63,,28
@bitvaoprahu,instagram,d7c8aa06-74fb-4c6c-a7d2-c2fe1bf6d59c,d2e7c461-ebeb-4a65-afe5-3777022061d4,IG Post,IMAGE,12.3.2026 15:46:14,"FIRST GAME COMIN’! ⏳🔜

Bitva o bronz: Kdo dnes urve malé pražské derby? 🔥",https://www.instagram.com/p/DVyjgSGjCYr/,,20817,187,1,11
@united_hk,instagram,b18c071b-0570-48b2-b743-990c668c3c5b,dc14bcaf-ff9c-4f30-9891-af90772e940e,IG Story,IMAGE,10.8.2026 18:51:57,pozitivně do  3. třetiny,https://www.instagram.com/stories/united_hk/3960831547921680659,,917,,,2
@hcmuni,facebook,d1f9e9f9-7526-42d4-85aa-13f91e89f7cf,0b361bce-15b3-4b67-ad5d-4723a07b1383,FB Post,IMAGE,25.8.2026 9:20:15,"První ostrý test je tady ⚡️
Zápasové tempo si vyzkoušíme proti druholigovému Prostějovu! Jak si Medvědi pod vedením nového kouče a s obměněným kádrem povedou? 🐻",https://www.facebook.com/1581741777288398/posts/1717974460331795,790,,6,,
@united_hk,instagram,b18c071b-0570-48b2-b743-990c668c3c5b,40f64ffc-450a-4955-9c10-46a8e7715f4a,IG Reel,VIDEO,14.3.2026 10:30:02,"Včera jsme to dali na velkém plátně 🎬🏒

Heated Rivalry maraton v CineStaru.
Děkujeme @hbomaxczsk 

#unitedhk #cinestar #heatedrivalry #hbomax",https://www.instagram.com/reel/DV3IdJICKlD/,,78567,6345,44,2348
@univerzitnihokej,facebook,01b45180-0b14-4a14-96e8-d0a4bab1fb9f,6ac9dd37-cebf-40ef-a071-365c6e3576e2,FB Post,IMAGE,22.9.2026 16:32:10,"Nejzábavnější hokej v Česku míří na Oneplay Sport 🔥

Čeká na vás 2️⃣8️⃣ TOP zápasů s redakčním týmem Oneplay Sport za kamerou. Uzavřeli jsme několikaletou smlouvu a věříme, že přeneseme atmosféru našich vyprodaných hal přímo do vašeho obýváku!",https://www.facebook.com/1275398168115026/posts/1421968193458022,2296,,24,,
@univerzitnihokej,instagram,1e114592-3529-4cfe-9977-2598454053af,b6500821-e8c9-4534-8740-3e4bfcfa6e80,IG Post,IMAGE,23.3.2026 21:45:40,"Black Dogs vystrčili růžky a seřezali krále tabulky 🫣 východní Čechy patří Hradci, připisují si 4. výhru proti Riders 💪🏼",https://www.instagram.com/p/DWPhYejDC76/,,8810,182,,42
@univerzitnihokej,instagram,1e114592-3529-4cfe-9977-2598454053af,da6a9cc2-b138-4afc-b8b3-f1c2912aa0ba,IG Reel,VIDEO,22.4.2026 15:02:35,Zapsat se takové legendě do paměti je pro nás obrovská čest 💙  Děkujeme za krásná slova @helenavondrackovacz 🙏🏻 Celý díl na herohero.co/cestmir 🎥,https://www.instagram.com/reel/DXcCJo7CJ58/,,85904,2589,16,300
vsefalcons,instagram,709fceba-e311-48e7-9057-f54a587abf4a,f9343e37-9def-4666-a3fb-f09b99e3094c,IG Story,VIDEO,24.8.2026 15:29:58,👔 😎 a buď cool jako filip,https://www.instagram.com/stories/vsefalcons/3970876591429256830,,776,,,14
@riderspardubice,facebook,f99ed6c3-17cc-46f4-a32e-d9b0576ce2df,f9931061-d7ad-40a6-9552-30065b15750d,FB Post,IMAGE,9.3.2026 22:24:20,"Poslední zápas v dresu Riders pro @dominikkopecky_99 a @daniel.skryp! 🔥

Přijď kluky podpořit a rozloučit se s nimi na zápas proti @united_hk! 

Prvních 50 vstupenek za 50 Kč už teď přes odkaz v BIU!",https://www.facebook.com/1592662819534019/posts/1572162808250687,901,,8,,
@AkademiciPlzen,facebook,d87b94e3-03e8-45d0-b92e-75e9b819545c,06974fdb-b7b9-4e89-8350-3ce39f25af32,FB Post,IMAGE,18.3.2026 22:22:55,"3 VÝHRY V ŘADĚ! 👊🏻

Z Brna vezeme výhru 1:4 a držíme si tak 4. místo v tabulce. 🍫 Hráčem zápasu se stává Jíří Beníšek. 👑

Jsme READY na poslední domácí zápas základní části! Přijď nás 25. 3. podpořit a pojďme to společně uzavřít vítězně! 💙

#akademiciplzen",https://www.facebook.com/1357105236437494/posts/1345811964233488,6675,,57,,
vsefalcons,instagram,709fceba-e311-48e7-9057-f54a587abf4a,2c088016-988e-4817-ab16-d55c0773b309,IG Story,VIDEO,9.4.2026 7:57:55,už za týden míříme do Edenu 🔜,https://www.instagram.com/stories/vsefalcons/3871354877611931778,752,832,,,1
@univerzitnihokej,instagram,1e114592-3529-4cfe-9977-2598454053af,58bf8637-7be8-4d01-bd65-c8fc495e8415,IG Post,IMAGE,12.3.2026 21:52:31,Tak tuto výhru ti bude závidět celkej kotel! 🍗,https://www.instagram.com/p/DVzNPXLCPM0/,,3866,68,,10
@hcnorthwings,facebook,2b08a479-603b-46e4-8a48-2bc0435ccd53,690c3418-d9e6-4426-aa30-67b31623e739,FB Video,VIDEO,19.3.2026 8:08:02,🎤 | Pozápasové ohlasy z 25. kola @univerzitnihokej v podání kapitána @hcnorthwings (Adam #Šubrt) #univerzitnihokej,https://www.facebook.com/reel/953961007139831/,531,240,3,,
vsefalcons,instagram,709fceba-e311-48e7-9057-f54a587abf4a,6a0e2546-fd39-4fb8-abb3-eb1a890df2f2,IG Story,VIDEO,22.9.2026 18:15:50,,https://www.instagram.com/stories/vsefalcons/3991978604220698853,,1201,,,
vsefalcons,instagram,709fceba-e311-48e7-9057-f54a587abf4a,99394075-4aa0-400c-b168-c379b9611ddf,IG Story,VIDEO,8.2.2026 17:43:02,SROVNÁVÁ 🎯,https://www.instagram.com/stories/vsefalcons/3828162771406042706,,1376,,,1
@univerzitnihokej,instagram,1e114592-3529-4cfe-9977-2598454053af,a1c579bc-53a9-4461-be17-ceb514d2b640,IG Post,IMAGE,25.3.2026 22:39:50,"Na závěr základní části nechyběly nájezdy, prodloužení ani gólový koncert 🎻 Farmers urvali 2 body v Plzni, brněnské derby patří MUNI a Engineers navařili desítku 🚨
…a teď už směr play-in 🔜",https://www.instagram.com/p/DWUxK7tCAjc/,,5375,132,,8
@unitedhk,facebook,bfe6cc29-a387-41b9-9bca-b077722556af,fff82c0f-6619-45ea-8d23-759d88807bc3,FB Story,IMAGE,6.9.2026 17:09:48,,https://facebook.com/stories/122099775710388974/UzpfSVNDOjE4MzI5MDEzMDQ3ODgxNDQ=/?view_single=1,,,,,
@univerzitnihokej,facebook,01b45180-0b14-4a14-96e8-d0a4bab1fb9f,12fe15d6-3e54-4b4d-b632-839a16f34875,FB Video,VIDEO,12.3.2026 22:11:27,"Myslíte si, že by byl @metodej_jilek dobrej v hokeji? 👇🏻👀",https://www.facebook.com/reel/956471700139737/,507,217,3,,
@univerzitnihokej,instagram,1e114592-3529-4cfe-9977-2598454053af,578b5b5c-c19b-48bb-9bff-2d3234f6e035,IG Post,IMAGE,8.4.2026 21:45:54,"Co zápas, to kino! 🍿 Známe tři účastníky historicky prvního Final Four 🥵

Falcons ovládli výlet v Budějcích, Kings si vyzkoušeli Eden nanečisto a Engineers urvali výhru po dramatických samostatných nájezdech 🔥",https://www.instagram.com/p/DW4uIJVCOqS/,,5889,262,,9
@cvutengineers,instagram,11963a07-7f0f-48e6-9d81-aa63a7ff4a04,6c8ce250-dc5f-48e6-836e-5ff566365a9a,IG Story,VIDEO,8.4.2026 18:41:29,,https://www.instagram.com/stories/cvutengineers/3870953940578002604,,1743,,,2
@vutcavaliersbrno,instagram,b384bebf-72f3-4f9d-8b2d-3677709f6966,77b380e4-6f3a-4a09-884f-28093c926362,IG Story,IMAGE,13.9.2026 17:26:48,🥅🥅🥅 utkání zakončil @_lukas.plhal_ s třetím gólem,https://www.instagram.com/stories/vutcavaliersbrno/3985430963227776468,,604,,,
@cvutengineers,instagram,11963a07-7f0f-48e6-9d81-aa63a7ff4a04,c2f8db5a-19dd-4cf2-b7b7-8327fd610757,IG Story,VIDEO,30.9.2026 23:16:08,UKRADLI JSME SHOW NA  @vitejte_na_cvut,https://www.instagram.com/stories/cvutengineers/3997927960933581731,,190,,,1
@riderspardubice,facebook,f99ed6c3-17cc-46f4-a32e-d9b0576ce2df,ffb7ff8c-0763-4c95-bc18-48ba4e21f8fe,FB Video,VIDEO,31.8.2026 8:27:31,,https://www.facebook.com/reel/964935999340206/,499,125,3,,
vsefalcons,instagram,709fceba-e311-48e7-9057-f54a587abf4a,0ab7914a-883e-4699-81d4-965d73d6a831,IG Story,VIDEO,3.2.2026 18:35:51,@vosmajz_97  cam 📽️,https://www.instagram.com/stories/vsefalcons/3824567260086278633,,1441,,,1
@AkademiciPlzen,facebook,d87b94e3-03e8-45d0-b92e-75e9b819545c,2f5b71ad-3efd-400b-94cd-1990fcc4098f,FB Video,VIDEO,25.3.2026 18:00:29,"Dnes do první linie proti @czufarmers nastupuje tahle sestava! Jen do nich, kluci. ✨

#akademiciplzen 

#AKA vs #CZU",https://www.facebook.com/reel/1424756915471003/,1057,448,13,,
vsefalcons,instagram,709fceba-e311-48e7-9057-f54a587abf4a,5196cbd8-4978-4f54-bf5a-fc73d71f2bf6,IG Story,VIDEO,14.3.2026 15:53:09,DOBRÝ PLAYLIST  must have 💯,https://www.instagram.com/stories/vsefalcons/3852749864450922233,766,779,,,
@bitva_o_budejce,instagram,f977c0af-061e-4c10-813f-da5818f8a748,5d04f96c-b507-4cfd-877f-fd270b91f584,IG Post,IMAGE,12.9.2026 17:25:34,"🎟️ PRVNÍ VLNA JE VENKU!
Ceny jsou tady. 👀
Kdo kupuje teď, šetří. 🔥

💙 ČSOB účet = 20% sleva

JU × VŠTE
4. 11. 2026 | Budvar aréna",https://www.instagram.com/p/DdMgeLrMYSU/,,11382,136,,209
vsefalcons,instagram,709fceba-e311-48e7-9057-f54a587abf4a,64dc7188-25ca-47bd-8daa-391efca4d90f,IG Story,VIDEO,15.1.2026 11:13:23,@mcpraha3 🤝🏼 @vsecz,https://www.instagram.com/stories/vsefalcons/3810572080916245445,,4009,,,1
@AkademiciPlzen,facebook,d87b94e3-03e8-45d0-b92e-75e9b819545c,cfec5dcb-f48b-44b9-a12c-d46d64f67372,FB Post,IMAGE,28.8.2026 13:05:49,"🏆 VÍTĚZSTVÍ! 

Také náš druhý přípravný zápas končí vítězně! Tentokrát jsme vyzvali loňské finalisty Final Four, ČVUT Engineers Prague 🦁 , a po povedeném výkonu bereme výhru 4:2. 💥

💣 O naše góly se postarali:
Štěpán Říha
Šimon Kaiser
Václav Šmíd
Jakub Šucha

Děkujeme všem fanouškům, kteří dorazili a dopomohli nám k vítězství. 💙

Jedeme dál! 👊🏻

#akademiciplzen | 📸 káťa 🥵",https://www.facebook.com/1357105236437494/posts/1484378730376810,1167,,7,,
@united_hk,tiktok,7e062517-b9da-416d-b73d-a2c5899a2be6,3af36916-6bc9-4efa-bfc7-6e4d3684de32,TT Video,VIDEO,2.10.2026 13:22:37,"Styling Challenge přímo v ČPP aréně. ✂️ Barber a kadeřník Viktor Borčický se na Otvíráku postaral o jednu z těch soutěží, které na běžném hokeji úplně nepotkáš. Díky Viktore za podporu UNIted HK a za to, že jsi byl u našeho prvního domácího večera sezóny. 🖤🧡 #allforunited ",https://www.tiktok.com/@united_hk/video/7692060287310105878?utm_campaign=tt4d_open_api&utm_source=7348986504397455361,,419,6,,1
@boostrava,instagram,1176ddaf-d366-48a2-9639-3c6694c72c85,4ca6fc8f-c1c7-4fd7-8634-5e8dc6a4a088,IG Story,VIDEO,14.9.2026 16:51:46,,https://www.instagram.com/stories/boostrava/3986138052552357663,,323,,,2
@vutcavaliersbrno,instagram,b384bebf-72f3-4f9d-8b2d-3677709f6966,ba48ccee-46ca-492c-9e06-4d5be8b78b95,IG Story,VIDEO,14.9.2026 11:04:22,,https://www.instagram.com/stories/vutcavaliersbrno/3985963197856797774,,739,,,2
@unitedhk,facebook,bfe6cc29-a387-41b9-9bca-b077722556af,e4f8be99-511e-4894-bdce-764ca07da32a,FB Story,VIDEO,28.9.2026 16:20:00,,https://facebook.com/stories/122099775710388974/UzpfSVNDOjEzODM0NjY1MjcyODEwNzQ=/?view_single=1,,,,,
@akademici_plzen,tiktok,8f78cb3d-9c53-4c33-9f39-e6526fd8fa1c,077f365c-4b37-4d23-902f-d5b4f50feae2,TT Video,VIDEO,27.4.2026 21:32:11,"Zavzpomínali jsme na Jarní bitvu… a přenesli se až do devadesátek! 🎞️ Chybí vám taky ta atmosféra? Nesmutněte, už příští týden oznámíme datum Bitvy o Plzeň! 🔥 #akademiciplzen 💙 #hockey #universitystudent #gameday ",https://www.tiktok.com/@akademici_plzen/video/7633554991655046422?utm_campaign=tt4d_open_api&utm_source=7348986504397455361,,1348,67,,3
@engineersprague,facebook,afd06d1d-7b1c-4f66-8d93-ce4255ab773c,3167fab9-5593-4c74-93db-79f25703257d,FB Story,IMAGE,11.9.2026 17:04:43,,https://facebook.com/stories/136066081670222/UzpfSVNDOjIwOTI4MDA3NTg3ODk3ODg=/?view_single=1,,,,,
@united_hk,instagram,b18c071b-0570-48b2-b743-990c668c3c5b,334a4fdf-6806-4ada-90c0-689d43a63549,IG Story,IMAGE,14.9.2026 16:57:54,,https://www.instagram.com/stories/united_hk/3986141146616298736,,327,,,
@cvutengineers,instagram,11963a07-7f0f-48e6-9d81-aa63a7ff4a04,6e9d44b1-93a6-4b23-bb0a-e80fe580c543,IG Post,ALBUM,24.3.2026 18:08:58,"Zejtra vítězný repete? 🤞🏼

ENG vs NWU | 25. 3. | 20:00",https://www.instagram.com/p/DWRtYKBjOT0/,,9321,189,,2
@univerzitnihokej,instagram,1e114592-3529-4cfe-9977-2598454053af,79b64d06-5634-4595-a134-0a1e84c4a933,IG Story,VIDEO,17.4.2026 14:53:30,,https://www.instagram.com/stories/univerzitnihokej/3877362175832490597,,1669,,,2
@akademiciplzen,instagram,65494228-95bf-4f7b-8e68-d47d7262db66,9ed60cb4-ec4e-4c2a-926b-134232695a2b,IG Story,VIDEO,8.4.2026 13:28:24,,https://www.instagram.com/stories/akademiciplzen/3870796406890204498,,1591,,,
@AkademiciPlzen,facebook,d87b94e3-03e8-45d0-b92e-75e9b819545c,a090b50a-f027-497f-940b-1af7621aeea7,FB Story,IMAGE,26.9.2026 20:52:00,,https://facebook.com/stories/103234241824606/UzpfSVNDOjE1Mjk0MDQxNjI1NDcxOTc=/?view_single=1,,,,,
@riderspardubice,instagram,4d6a67ab-9313-4f77-a82e-abb18adbca5d,cd5f06f9-7ce2-4b67-bd92-3884f2a71853,IG Story,VIDEO,2.9.2026 7:52:38,,https://www.instagram.com/stories/riderspardubice/3977169393138366381,,1032,,,3
@cvutengineers,instagram,11963a07-7f0f-48e6-9d81-aa63a7ff4a04,da290fe6-c6e7-4199-8d3d-47d6c381be2b,IG Story,VIDEO,22.8.2026 19:21:34,,https://www.instagram.com/stories/cvutengineers/3969543947164636806,,597,,,1
@engineersprague,facebook,afd06d1d-7b1c-4f66-8d93-ce4255ab773c,f4305a72-a822-46ed-8d9a-6ac584a9199c,FB Post,IMAGE,4.3.2026 8:33:55,"🚨 GAMEDAY | Dnes hrajeme doma!
V tradičních 20:00 vyzvedneme na našem ledě @united_hk 🔥. Jak tento duel dopadne? Přijď se podívat na Hvězdu a pořádně nám zafandit! Těšíme se 👋🏻. 

#engprg",https://www.facebook.com/1560924572517692/posts/1536634661613350,279,,4,,
@united_hk,instagram,b18c071b-0570-48b2-b743-990c668c3c5b,060fee9b-4a51-4dc4-bfc2-ae5bfefb6787,IG Story,VIDEO,4.10.2026 7:58:04,🥅 🏒,https://www.instagram.com/stories/united_hk/4000364951331414190,,814,,,2
@univerzitnihokej,facebook,01b45180-0b14-4a14-96e8-d0a4bab1fb9f,37f4a432-d424-4c8a-aa98-973bd06d88bf,FB Video,VIDEO,11.3.2026 18:32:26,MORAVSKÉ DERBY ⚔️ Sledujte živě na @ctsport 📺,https://www.facebook.com/reel/920877407214740/,1503,502,5,,
@cvutengineers,instagram,11963a07-7f0f-48e6-9d81-aa63a7ff4a04,85f69cd9-a343-4cde-96a3-1751dfc4dee0,IG Post,IMAGE,22.7.2026 9:54:37,"Nejen že jsou vtipný, hezký a šikovný… jsou i chytrý! 🤓

Gratulujeme všem ke studijním úspěchům. Ať už vás po létě čeká navazující studium, nebo nová životní etapa, přejeme hodně štěstí. 💙🦁

#engprg",https://www.instagram.com/p/DbF0MZKjNQn/,,53802,1152,7,87
@VUTCavaliersBrno,facebook,3351b43e-4b71-442b-b2f1-920cd6e57ee5,8e3331a6-cf0c-481b-90ee-0566e85c915c,FB Story,IMAGE,23.9.2026 20:10:22,,https://facebook.com/stories/100667195401737/UzpfSVNDOjMzNjA3OTc3NzQwOTI4NjU=/?view_single=1,,,,,
vsefalcons,instagram,709fceba-e311-48e7-9057-f54a587abf4a,91b1981b-213c-4c8b-8267-460ca8174ac0,IG Story,VIDEO,4.10.2026 19:40:40,check this out 👈🏼,https://www.instagram.com/stories/vsefalcons/4000718583218363218,,590,,,
vsefalcons,instagram,709fceba-e311-48e7-9057-f54a587abf4a,a7b2fb30-35d2-4f88-adb0-909e391479d8,IG Story,VIDEO,20.8.2026 9:05:54,,https://www.instagram.com/stories/vsefalcons/3967784181161271309,,1287,,,14
@engineersprague,facebook,afd06d1d-7b1c-4f66-8d93-ce4255ab773c,5e7210c0-f6b6-40bc-98d3-f8c6b7dce8d7,,IMAGE,22.9.2026 11:24:43,"Časná srpnová příprava, asistent trenéra Petr Ujfaluši na střídačce a řada nových tváří v kabině. Tým má za sebou letní dril i tři náročné prověrky a teď jde rovnou do tuhého. Nový ligový ročník zahájí repríza loňského finále proti úhlavnímu rivalovi z UK Kings Prague. Přijďte dnes na ZS Hvězda pomoci vybojovat první body!",https://www.facebook.com/1560924572517692/posts/1723770772899737,413,,4,,
@united_hk,instagram,b18c071b-0570-48b2-b743-990c668c3c5b,75fd7393-64a0-4d67-8972-d06854f667fb,IG Story,VIDEO,4.10.2026 18:14:03,Ladíme na zítra,https://www.instagram.com/stories/united_hk/4000675032300270930,,607,,,7
vsefalcons,instagram,709fceba-e311-48e7-9057-f54a587abf4a,8f328d1a-ab3b-4f6a-9375-1aca4468f424,IG Story,VIDEO,11.7.2026 19:00:37,,https://www.instagram.com/stories/vsefalcons/3939092489113749311,,633,,,2
@218107044725785,facebook,7a942e3e-6c47-4794-9ba7-bbc7b6d40cb3,32659237-62e3-4d65-9115-44b7c6b59bb9,FB Video,VIDEO,17.8.2026 16:12:02,"Nezaujatý mic’up by @jirkafibigr a @alenjurak11 🎙️

Kluci na tryoutu zahodili dresy a vyzkoušeli si roli rozhodčích. Že by jim to dvakrát šlo, se říct nedá, takže se těšíme, až budou zase zpátky ve hře 🤓

PS. @stracajunior kdo je ta Eliška? 🧐",https://www.facebook.com/reel/2005468546804426/,507,245,6,,
@218107044725785,facebook,7a942e3e-6c47-4794-9ba7-bbc7b6d40cb3,6eaaba46-f3d8-4ea0-a5ca-cdcf31439960,FB Post,IMAGE,20.8.2026 20:45:11,První přípravný zápas pro nás končí prohrou 😐,https://www.facebook.com/122282816036218300/posts/122302992326218300,236,,,,
@hc_muni,instagram,43cd62c8-609d-4ea6-8ce9-cae5242ede0c,cb95dcfc-5c58-435e-916f-a5d83c9f432c,IG Story,VIDEO,5.10.2026 4:53:43,PREVIEW PŘEDZÁPASOVÉ PŘEDZÁPASOVÉ PREVIEW 👆,https://www.instagram.com/stories/munibearsbrno/4000996935921068277,,51,,,
@VUTCavaliersBrno,facebook,3351b43e-4b71-442b-b2f1-920cd6e57ee5,dcb22d43-c4df-445b-855f-e6b7646ad391,FB Story,IMAGE,2.10.2026 1:38:49,,https://facebook.com/stories/100667195401737/UzpfSVNDOjI4NTUzMjA3MzQxMDA5MzM5/?view_single=1,,,,,
@BOhokej,facebook,c9082543-a03b-490f-8f97-66d439acce89,9a56df9a-200c-4bce-9df1-838c6d6d178a,FB Post,IMAGE,21.9.2026 15:33:18,"Dneska slaví narozeniny Sedlo! 🦈

Všechno nejlepší, Adame 🎉",https://www.facebook.com/1477974067675582/posts/1635711035235217,239,,1,,
@riderspardubice,instagram,4d6a67ab-9313-4f77-a82e-abb18adbca5d,12b87318-ea0a-4920-901b-c804856eba44,IG Post,IMAGE,10.3.2026 19:51:31,"Další venkovní zápas!🤩

Venkovní zápas
🗓️ 17.3. v 19:30
📍 v RT Torax Arena 
⚔️ proti @boostrava 

#venkovnízápas#riders",https://www.instagram.com/p/DVt1vuekXcM/,,2425,34,,4
@united_hk,instagram,b18c071b-0570-48b2-b743-990c668c3c5b,3053a140-43e8-476e-9b52-ad3040f38bf3,IG Story,IMAGE,14.9.2026 16:54:35,,https://www.instagram.com/stories/united_hk/3986139479455947169,,489,,,1
vsefalcons,instagram,709fceba-e311-48e7-9057-f54a587abf4a,5718cd43-4628-48d3-9358-942592bc3e65,IG Story,VIDEO,24.4.2026 7:52:14,,https://www.instagram.com/stories/vsefalcons/3882223451838632451,723,822,,,5
@hcmuni,facebook,d1f9e9f9-7526-42d4-85aa-13f91e89f7cf,6b4c878d-a278-4ed4-8c81-a23f95bd3aa6,FB Video,VIDEO,17.3.2026 10:50:41,"Bez tebe to nebude ono! Doraz ve středu na tribuny!! ⚔️🔥
Vidíme se v 19:30 na Lužánkách 📍

Lístky koupíš v biu 🎟️

#hcmuni",https://www.facebook.com/reel/940613421851062/,1885,568,6,,
vsefalcons,instagram,709fceba-e311-48e7-9057-f54a587abf4a,8374a384-2299-4c9d-8ee2-833003a34902,IG Reel,REEL,12.3.2026 14:25:56,Jsme na místě 🥵,https://www.instagram.com/reel/DVyaBXjiBG4/,,6574,198,1,31
@united_hk,instagram,b18c071b-0570-48b2-b743-990c668c3c5b,9d36361e-0e51-461b-9e4c-208b90241c9c,IG Post,PHOTO,24.3.2026 13:21:26,"💥Za týden jdeme do PLAY-IN.
31.3. Zápas o VŠE s VŠE Falcons v Praze!

1 zápas. Žádná druhá šance.

👉 Jak to funguje?
Vyhraješ = zůstáváš ve hře o Final Four.
Prohraješ = konec sezóny.

ALL IN

#unitedhk #unihokej #hokej",https://www.instagram.com/p/DWRMQJYCMlQ/,,7663,119,1,46
@akademiciplzen,instagram,65494228-95bf-4f7b-8e68-d47d7262db66,39fe3035-9515-4bf8-8509-d965ef3919a1,IG Story,IMAGE,22.9.2026 13:23:02,"KAMPUS BORY 📍 @rokjedna_zcu 
@zcuplzen  PŘIJĎ SI VYSTŘELIT LÍSTEK ZDARMA NA PRVNÍ ZÁPAS! 🎫",https://www.instagram.com/stories/akademiciplzen/3991831241803602335,,2022,,,15
@riderspardubice,instagram,4d6a67ab-9313-4f77-a82e-abb18adbca5d,854991af-e068-4951-9702-e3b6117a9c82,IG Story,VIDEO,10.9.2026 10:00:51,,https://www.instagram.com/stories/riderspardubice/3983032126123663113,,2591,,,2
@boostrava,instagram,1176ddaf-d366-48a2-9639-3c6694c72c85,19567f7f-1e1d-4beb-a1af-2c4e7b006f76,IG Story,VIDEO,17.9.2026 18:24:57,"KDYŽ DÁM GÓL, PUSŤ MI TAM TUHLE 😜 @djanecek_ :",https://www.instagram.com/stories/boostrava/3988359375051613026,,553,,,7
vsefalcons,instagram,709fceba-e311-48e7-9057-f54a587abf4a,15a00091-9aab-4134-a436-e13d5f9c39cd,IG Post,IMAGE,23.6.2026 18:51:08,"Letošní sezónu jsme oficiálně uzavřeli na slavnostním galavečeru ⭐️

Zavzpomínali jsme na to nejlepší z ledu i mimo něj, ocenili nejúspěšnější hráče a rozloučili se s těmi, kteří nás opouští. Kromě hokeje šlo ale hlavně o to být spolu, utužit vztahy a připomenout si, že Falcons jsou víc než jen tým. 🤝🏼",https://www.instagram.com/p/DZ8GippiHpX/,,7701,195,2,36
vsefalcons,instagram,709fceba-e311-48e7-9057-f54a587abf4a,6810566c-d823-4ba5-81de-1110733dadaf,IG Story,VIDEO,12.3.2026 14:41:45,BRAZILKA  musí být,https://www.instagram.com/stories/vsefalcons/3851264353517475511,1554,1540,,,1
@univerzitnihokej,facebook,01b45180-0b14-4a14-96e8-d0a4bab1fb9f,b04f7ba1-ea67-44d3-a223-75cc41e641be,FB Video,VIDEO,29.7.2026 17:09:26,"Kolej? Menza? Permanentka na desítky let? Zjistili jsme, co všechno by si za výhru mohl dovolit 😄
Mít účet u ČSOB se prostě vyplácí a na další sezónu s nimi chystáme ještě víc benefitů a odměn pro fanoušky ULLH 👀
Díky @csob, generálnímu partnerovi ULLH 🩵",https://www.facebook.com/reel/1065389443109879/,581,199,1,,
@unitedhk,facebook,bfe6cc29-a387-41b9-9bca-b077722556af,be48e903-476c-4fdd-9524-9fd70e3a3952,FB Story,STORY,5.10.2026 16:49:08,,https://facebook.com/stories/122099775710388974/UzpfSVNDOjE0MTUzNzY4Mzc0NDM2MzA=/?view_single=1,,,,,
@bitvaoprahu,facebook,75e0f41f-82be-4f82-a77b-82ac11135ed2,e808efa3-9166-4e3f-aaa9-37d33ebbaeb5,FB Video,VIDEO,12.3.2026 18:20:02,"FALCONS JSOU BLÍZKO! 🦅🥉

Finálový večer @bitvaoprahu můžete sledovat živě na @sport_ct ➕. 📺",https://www.facebook.com/reel/1479012263830385/,137,33,,,
@vutcavaliersbrno,instagram,b384bebf-72f3-4f9d-8b2d-3677709f6966,4939dd4c-3164-4ce7-8fd9-7455f47e8a59,IG Reel,VIDEO,26.8.2026 15:14:57,Kdo z kluků byl nejblíž?,https://www.instagram.com/reel/DcggcIYogC4/,,10097,188,1,55
@united_hk,instagram,b18c071b-0570-48b2-b743-990c668c3c5b,526238c9-6d73-4079-aae8-829e5ea46176,IG Story,VIDEO,22.4.2026 18:31:12,,https://www.instagram.com/stories/united_hk/3881095492662773263,,331,,,
@hc_muni,instagram,43cd62c8-609d-4ea6-8ce9-cae5242ede0c,b0dd118d-3419-4b61-8ffa-229f3574bb65,IG Story,VIDEO,5.10.2026 3:45:32,,https://www.instagram.com/stories/munibearsbrno/4000962623201362154,,26,,,
@univerzitnihokej,facebook,01b45180-0b14-4a14-96e8-d0a4bab1fb9f,04d75656-60f8-4a84-8bb1-f5c409b0fda0,FB Video,VIDEO,12.3.2026 16:38:52,"Pražští kluci už okoukali, jak se to v Brně dělá 💋",https://www.facebook.com/reel/1117565137163537/,1769,648,9,,
@riderspardubice,instagram,4d6a67ab-9313-4f77-a82e-abb18adbca5d,9e96651b-4f7c-439f-92e7-7dcc9112aab6,IG Story,VIDEO,12.4.2026 13:58:02,🎟️,https://www.instagram.com/stories/riderspardubice/3873710367465825468,,1223,,,1
@bitva_o_budejce,instagram,f977c0af-061e-4c10-813f-da5818f8a748,d3a7d364-507a-4fed-9768-5da2c6c56924,IG Story,VIDEO,30.9.2026 12:05:44,,https://www.instagram.com/stories/bitva_o_budejce/3997590552782695083,,503,,,
@unitedhk,facebook,bfe6cc29-a387-41b9-9bca-b077722556af,f0594217-1ef2-4b00-87a7-e754f860b20b,FB Post,IMAGE,9.4.2026 12:41:55,"Každá sezona přináší i loučení v Univerzitní hokej.

Od další sezony s námi nebudou pokračovat Jakub Kochan, Marek Ladman, Vladimír Mičian, Jiří Šrámek a Tomáš Teuber.

Děkujeme za čas, energii, zápasy, kabinu i všechno, co jste do UNIted HK vložili.
Každý z vás zanechal v našem týmu svoji stopu a byl součástí cesty, kterou jsme za první roky klubu společně prošli.

Díky, chlapi.
🖤🧡

#unitedhk #unihokej #hokej",https://www.facebook.com/122180651084388974/posts/122180838314388974,1123,,9,,
vsefalcons,instagram,709fceba-e311-48e7-9057-f54a587abf4a,17ac2476-ca0f-42e6-ae59-c0a71444e87a,IG Story,VIDEO,15.4.2026 5:46:57,@viznertom,https://www.instagram.com/stories/vsefalcons/3875637527747233410,723,849,,2,3
@univerzitnihokej,facebook,01b45180-0b14-4a14-96e8-d0a4bab1fb9f,48165b2c-7bfc-4a20-8624-aff47bda68eb,FB Post,IMAGE,18.4.2026 19:16:28,Šampioni si navíc odnáší šek od našeho partnera @b_hockey_czech 🙌🏻,https://www.facebook.com/1275398168115026/posts/1289214493400060,1467,,14,,
@cvutengineers,instagram,11963a07-7f0f-48e6-9d81-aa63a7ff4a04,559a9ae3-f2a1-4aa4-870b-97f0936b3555,IG Reel,VIDEO,1.10.2026 14:24:10,"Na příští středu je plán na večer jasnej. ✅

📅 7. 10. | ⏰ 19:45 | 📍Zimní stadion Hvězda 

Vidíme se na (plný) tribuně! 
🎟️Lupeny v aplikaci UniLife

#engprg",https://www.instagram.com/reel/Dd9HLR7MhBS/,,6878,166,,16
@boostrava,instagram,1176ddaf-d366-48a2-9639-3c6694c72c85,5cc5ae08-92f9-4f6d-a29e-f987d7bfc650,IG Story,VIDEO,20.8.2026 8:26:48,PRVNÍ ZÁPAS SEZÓNY JE TADY!,https://www.instagram.com/stories/boostrava/3967764503894737379,,793,,,2
@riderspardubice,facebook,f99ed6c3-17cc-46f4-a32e-d9b0576ce2df,b1d0eca8-8461-4a30-9c0d-ce74f133b327,FB Video,VIDEO,27.4.2026 10:50:50,"Tahle jízda je u konce! Děkujeme všem za neskutečnou podporu. 🐎 Tato sezóna byla naprosto unikátní – zažili jsme historicky první Final Four a Riders u toho nesměli chybět!

P.S.: Jak teď máme bez těch hezkých hokejistů jako žít? Ptám se pro kamarádku... 🙋‍♀️",https://www.facebook.com/reel/1398184518993354/,246,110,3,,
@akademiciplzen,instagram,65494228-95bf-4f7b-8e68-d47d7262db66,ceeea672-9aa5-4fb0-84f6-36510015ae9b,IG Story,VIDEO,1.4.2026 17:40:46,,https://www.instagram.com/stories/akademiciplzen/3865849939108876522,,1234,,,
@univerzitnihokej,facebook,01b45180-0b14-4a14-96e8-d0a4bab1fb9f,6a47d997-7f57-4aac-a140-5ce5ef0be1f4,FB Story,VIDEO,3.10.2026 9:27:38,,https://facebook.com/stories/111014331220088/UzpfSVNDOjExMTQwODg2NDEwMTg0Nzg=/?view_single=1,,,,,
@riderspardubice,instagram,4d6a67ab-9313-4f77-a82e-abb18adbca5d,8679ba03-5b2b-4ebf-aa52-e36c8134301a,IG Story,VIDEO,21.9.2026 17:02:19,Fanoušci ready😍🔥,https://www.instagram.com/stories/riderspardubice/3991216795092016773,,1060,,,7
@akademiciplzen,instagram,65494228-95bf-4f7b-8e68-d47d7262db66,b484f97c-a895-40d5-84d9-fc3c18c50fc0,IG Reel,VIDEO,25.9.2026 13:07:25,"ALUMNI GAME – PRVNÍ DOMÁCÍ ZÁPAS SEZÓNY 🏡🏒

Přijď se rozloučit a poděkovat hráčům z loňské sezóny! 👋🏻

🗓️ 29. 9. 2026
🕖 19:15
📍 LOGSPEED CZ Aréna

Pro prvních 100 návštěvníků máme připravený Proud zdarma. 🍻

‼️ Ještě nemáš lístek na Bitvu? 😶‍🌫️
Na zápase můžeš vyhrát 2× vstupenku na Bitvu o Plzeň + Afterparty a k tomu zásobu energie od @redbullcz ! 🤩
🪽

A navíc – kdo dorazí, se jako první dozví, jaký interpret letos ovládne HALFTIME SHOW! 🔥

Přijď i ty vytvořit na zimáku vítěznou atmosféru. 🫵🏻

🎟️ Vstupenky najdeš v odkazu v biu.
📲 V aplikaci UniLife navíc 20% sleva díky @csobcz !

#akademiciplzen",https://www.instagram.com/reel/DdthVmJKUMV/,,15231,261,2,92
@riderspardubice,instagram,4d6a67ab-9313-4f77-a82e-abb18adbca5d,bf0f61d1-d9ac-4182-b6b2-6dc119e50ee6,IG Story,IMAGE,12.4.2026 11:00:21,,https://www.instagram.com/stories/riderspardubice/3873620936088120486,,1430,,,
@riderspardubice,instagram,4d6a67ab-9313-4f77-a82e-abb18adbca5d,c818e4b9-45cb-4071-bec8-16a9a317f51d,IG Reel,VIDEO,19.9.2026 14:06:44,"🚨UŽ V PONDĚLÍ TO VYPUKNE!

V pondělí 21. září přivítáme na led @vste_blackdogsbudweis 🔥
 
Partnerem zápasu je @biolifeplazmacentrum a můžete se těšit na kvíz a na soutěž na ledě!👀

📅KDY: 21. září v 19:30
📍KDE: enteria arena 

🎟️ Vstupenky najdeš v BIU, tak nabíhej tam a nenech si ujít nejlepší start semestru!😍

PS: po zápase afterparty v @dydybaba 🤭",https://www.instagram.com/reel/DdeKNybojB6/,,7202,99,,20
@riderspardubice,facebook,f99ed6c3-17cc-46f4-a32e-d9b0576ce2df,d314ef03-649d-4e16-8717-16d0540d3112,FB Video,VIDEO,26.4.2026 12:34:50,,https://www.facebook.com/reel/2036444483604619/,1077,461,6,,
vsefalcons,instagram,709fceba-e311-48e7-9057-f54a587abf4a,61a3e84c-e757-4625-80b0-3d82d98026c4,IG Post,IMAGE,6.7.2026 8:00:03,"GraduATE! 🤓

S koncem akademického roku tu máme jednu příjemnou povinnost a to pogratulovat těm, kteří v uplynulých dnech úspěšně zvládli státnice 📚

Patří vám obrovské uznání, že jste dokázali skloubit náročnou sezónu s plněním akademických povinností a došli si pro zasloužené tituly 🏆

V týmu máme opět o něco více vysokoškolsky vzdělaných hlav, kterým přejeme mnoho úspěchů v další kapitole studia i kariéry! 🎓",https://www.instagram.com/p/DacacIEDlAB/,,24431,460,8,88
@united_hk,instagram,b18c071b-0570-48b2-b743-990c668c3c5b,8560af6f-4bd3-47a9-9f60-7f6583d24749,IG Story,VIDEO,22.4.2026 18:32:19,,https://www.instagram.com/stories/united_hk/3881096052451362688,,320,,,
vsefalcons,instagram,709fceba-e311-48e7-9057-f54a587abf4a,281264d4-72fd-4852-b714-f710795a590a,IG Story,VIDEO,18.1.2026 11:03:52,@ramert.16,https://www.instagram.com/stories/vsefalcons/3812741551500096165,,820,,,5
vsefalcons,instagram,709fceba-e311-48e7-9057-f54a587abf4a,5cd0e8f4-a51b-4249-aa94-a9d6ca7ec433,IG Story,IMAGE,30.9.2026 18:21:32,3 1 Theimer,https://www.instagram.com/stories/vsefalcons/3997779646788841229,,1071,,,1
@akademiciplzen,instagram,65494228-95bf-4f7b-8e68-d47d7262db66,7a4b1068-10cf-405f-8ceb-6f4c6c3d2eb9,IG Story,VIDEO,5.10.2026 11:49:47,💣 @t_pain_6 @k.sieger @kaiser_sim_ @_vaclav_smid_ @fousek_dan @michael.balak @ales_hofi @dejv_hynek @ondrej_culek @fanda__19 @_jakubsucha_ @_rihastepan_ @benisek_jiri @martin_fort23 @max2sousa @gazicek_ @lukas.folda072 @akademicifans,https://www.instagram.com/stories/akademiciplzen/4001206362418900713,,819,,,6
vsefalcons,instagram,709fceba-e311-48e7-9057-f54a587abf4a,16acfc41-cd6e-4905-a8d8-88c565ac3836,IG Story,VIDEO,8.2.2026 17:49:06,"🥁 KOTEL
READY @sokoli.hnizd0",https://www.instagram.com/stories/vsefalcons/3828165944480922697,,926,,,2
@united_hk,instagram,b18c071b-0570-48b2-b743-990c668c3c5b,3436c184-edda-49c2-ae22-baa21902d8b7,IG Story,VIDEO,15.9.2026 14:36:34,@ifmsa_cz_hk  @asociace_studentu_mediciny  DNES ROZDÁVÁME HOKEJOVOU RADOST BUDOUCÍM LÉKAŘŮM 🏒 🥼,https://www.instagram.com/stories/united_hk/3986794782487231948,,1018,,,11
@united_hk,tiktok,7e062517-b9da-416d-b73d-a2c5899a2be6,3aeec7da-13ba-4804-a852-c78db08e24bd,TT Video,VIDEO,15.9.2026 12:33:14,Tak na co ještě čekáš?👀 #unitedhk #uhk #hradeckralove #unihokej ,https://www.tiktok.com/@united_hk/video/7685739115404446998?utm_campaign=tt4d_open_api&utm_source=7348986504397455361,,3643,223,2,18
@akademiciplzen,instagram,65494228-95bf-4f7b-8e68-d47d7262db66,3c43234e-64a2-4de8-afdb-4fe4b641fe42,IG Story,VIDEO,22.9.2026 16:52:08,📋 🖊️ @fousek_dan @fanda__19 @max2sousa @michael.balak @ales_hofi @dejv_hynek @k.sieger @_vaclav_smid_ @_kraatass_19 @pida_vojacek @alesmazi_10 @nastoupil_filip,https://www.instagram.com/stories/akademiciplzen/3991936446415766591,,2588,,,9
@cvutengineers,instagram,11963a07-7f0f-48e6-9d81-aa63a7ff4a04,6f3c126d-bc95-4fb0-b22e-bdb9e344f20b,IG Story,VIDEO,8.4.2026 17:40:32,VÍTEJTE V MODRYM PEKLE 😈,https://www.instagram.com/stories/cvutengineers/3870923303108229836,,1011,,,1
@riderspardubice,instagram,4d6a67ab-9313-4f77-a82e-abb18adbca5d,b91b56bb-e679-4e40-8698-c86e05e900f7,IG Story,IMAGE,17.4.2026 20:45:55,,https://www.instagram.com/stories/riderspardubice/3877539546766561999,,570,,,
@vutcavaliersbrno,instagram,b384bebf-72f3-4f9d-8b2d-3677709f6966,4397435f-a9b4-45c1-865d-6d9dfa961265,IG Story,VIDEO,22.8.2026 10:32:18,,https://www.instagram.com/stories/vutcavaliersbrno/3969277242102051811,,1039,,,11
@univerzitnihokej,instagram,1e114592-3529-4cfe-9977-2598454053af,9021c2e5-a4ff-4cb0-89f9-587d4eaccc8d,IG Story,VIDEO,22.9.2026 13:58:54,,https://www.instagram.com/stories/univerzitnihokej/3991849915625541136,,1732,,,
@hcnorthwings,facebook,2b08a479-603b-46e4-8a48-2bc0435ccd53,d5c697ae-316a-4fae-b0fe-37faf2600aff,FB Story,VIDEO,4.3.2026 13:42:45,,,,,,,
@boostrava,instagram,1176ddaf-d366-48a2-9639-3c6694c72c85,3b20dcb7-52fd-46ad-98e0-9952c33301e6,IG Story,VIDEO,26.9.2026 11:59:32,,https://www.instagram.com/stories/boostrava/3994688271900517939,,555,,,1
@riderspardubice,instagram,4d6a67ab-9313-4f77-a82e-abb18adbca5d,47e0bb3b-b9cf-4cfb-bd57-5923ced1fe84,IG Story,VIDEO,8.4.2026 18:11:42,,https://www.instagram.com/stories/riderspardubice/3870938954640165019,,624,,,
@riderspardubice,instagram,4d6a67ab-9313-4f77-a82e-abb18adbca5d,6e230508-d91b-435e-be31-f7e9b3263005,IG Story,VIDEO,30.9.2026 17:42:28,,https://www.instagram.com/stories/riderspardubice/3997759985283085040,,582,,,
@vutcavaliersbrno,instagram,b384bebf-72f3-4f9d-8b2d-3677709f6966,d62d146d-56d8-4ed1-a770-8b9b7e7e90fa,IG Story,VIDEO,22.9.2026 17:43:25,,https://www.instagram.com/stories/vutcavaliersbrno/3991962268513894173,,639,,,
@boostrava,instagram,1176ddaf-d366-48a2-9639-3c6694c72c85,0a26bcd0-1bde-4f15-b00f-1c20fbeaea83,IG Story,IMAGE,28.9.2026 18:03:45,,https://www.instagram.com/stories/boostrava/3996321141962358999,,350,,,1
@riderspardubice,facebook,f99ed6c3-17cc-46f4-a32e-d9b0576ce2df,4ebd2af8-52c9-498e-8e7b-40124a6deca3,FB Post,IMAGE,14.3.2026 17:01:12,"V dresu Riders 23. března uvidíme naposledy na ledě i @daniel.skryp 👏

Přijďte se s nim rozloučit a vytvořit mu na posledním domácím zápase nezapomenutelnou atmosféru! 🔥

Vstupenky koupíte přes odkaz v BIU s kódem “skryp20” dokonce s 20% slevou! 🎟️",https://www.facebook.com/1592662819534019/posts/1576340554499579,175,,,,
@riderspardubice,facebook,f99ed6c3-17cc-46f4-a32e-d9b0576ce2df,6e4e4825-8a65-4b5d-8be2-ced43b96280d,FB Post,IMAGE,17.4.2026 18:29:50,"Děkujeme 🫶

Dneska to necinklo, ale rvali jsme se a nenechali jsme to nikomu zadarmo.

Dokázali jsme se po nepříliš ideálním začátku sezóny zvednout a dotáhnout to mezi 4 nejlepší týmy ligy a zahrát si na historicky prvním @unihokejfinalfour v Edenu. 

A to už nám nikdy nikdo nevezme. 

Děkujeme všem, kteří nám fandili a speciálně těm, kteří při nás stáli od začátku sezony nebo dokonce těm kteří při nás stojí od začátku Riders samotných. Vážíme si toho.",https://www.facebook.com/1592662819534019/posts/1607527561380878,2144,,54,,
@united_hk,instagram,b18c071b-0570-48b2-b743-990c668c3c5b,f35b9786-4508-428e-8479-89f79d53b533,IG Story,VIDEO,5.10.2026 12:57:43,,https://www.instagram.com/stories/united_hk/4001240541794163948,,78,,,
@AkademiciPlzen,facebook,d87b94e3-03e8-45d0-b92e-75e9b819545c,5eaece43-dfb7-4bb7-9e7c-f1277e7bc8c5,FB Video,VIDEO,15.4.2026 13:44:18,"Kuba VS. Mája ⚔️

Porovnali jsme síly dvou přeborníků na ledě – hokejisty a krasobruslařky! 🧊

Disciplíny nám nadiktovaly nápoje Zott (a že to nebyla žádná sranda 😄), takže po výkonu přišla i zasloužená odměna.

Kdo tenhle battle ovládl? 👀👇🏻

#zott #zotthungry #hungrydrinkthis",https://www.facebook.com/reel/1909790429679691/,1988,793,16,,
@cvutengineers,instagram,11963a07-7f0f-48e6-9d81-aa63a7ff4a04,b9551a96-7809-4f40-80dc-68117df2c943,IG Story,VIDEO,8.4.2026 18:58:06,1 1,https://www.instagram.com/stories/cvutengineers/3870962295379917240,,889,,,2