account_name,social_network_id,carl_account_id,carl_post_id,post_type,media_url_type,published,caption,permalink,impressions,views,likes,comments,shares
vsefalcons,instagram,709fceba-e311-48e7-9057-f54a587abf4a,1b2a5887-55b7-46d9-b29b-20390ece37e0,IG Story,VIDEO,26.2.2026 21:05:24,ZDRAVÍME TAKY IMPOSTERY 😁👋🏼 @cvutengineers 👀 @united_hk x,https://www.instagram.com/stories/vsefalcons/3841310620880789941,978,1303,,,5
vsefalcons,instagram,709fceba-e311-48e7-9057-f54a587abf4a,29f34021-09df-46dd-a1d2-ac96faaaf022,IG Story,VIDEO,5.2.2026 20:28:26,SE POMALU BLÍŽÍ,https://www.instagram.com/stories/vsefalcons/3826071676442428125,,798,,,5
vsefalcons,instagram,709fceba-e311-48e7-9057-f54a587abf4a,374ea3ae-648f-4c49-b808-886a5d6c18c8,IG Reel,VIDEO,27.3.2026 17:51:01,"Písnička, ke které zná každý správný text 🙂‍↔️ 

Tak si pojďme všichni společně vyřvat hlasivky 31.3. na @icearenakaterinky 📢 Budeme vás potřebovat! 🦅💙

#playin #vsefalcons",https://www.instagram.com/reel/DWZZd65iDWI/,,3616,81,1,4
@boostrava,instagram,1176ddaf-d366-48a2-9639-3c6694c72c85,3cf9f1a5-a7fb-4f35-9dac-6fc33fabdd3a,IG Reel,REEL,30.3.2026 13:10:10,"ZÍTRA to vypukne! Boj o postup do dalšího kola! 
Přijďte se sladit do 🟠 barev BOČKA, dostat triko zdarma a pivko k tomu🍺. 
📍RT TORAX ARENA 
⏰ 19:30",https://www.instagram.com/reel/DWgnLFmDBow/,,4757,58,4,39
@univerzitnihokej,facebook,01b45180-0b14-4a14-96e8-d0a4bab1fb9f,4c391e1b-ac13-4154-8f0e-98b06410f7c0,FB Video,VIDEO,9.4.2026 17:22:36,@ukkingsprague si daji 16.4. opáčko v Edenu na @unihokejfinalfour 🎟️ Tentokrat už budou bojovat o titul a pohár Jana Palacha! 🏆 Vstupenky na finalfour.cz,https://www.facebook.com/reel/1257018939879046/,1880,955,10,,
@riderspardubice,facebook,f99ed6c3-17cc-46f4-a32e-d9b0576ce2df,5c28aa2d-14bd-4aa9-9448-1a8eccb904ab,FB Post,IMAGE,3.3.2026 17:00:08,"🌴 Na včerejší Survivor zápase získala výherkyně našeho Survivor kvízu parádní reprák JBL, který do soutěže věnoval náš dlouhodobý partner @enteria_holding!

Děkujeme a výherkyni gratulujeme a přejme spoustu kvalitní hudby! 

A jestli bys chtěl taky něco vyhrát, tak se zastav na zápase 9. 3. - vstupenky koupíš přes odkaz v BIU 🤫",https://www.facebook.com/1592662819534019/posts/1566881118778856,271,,2,,
vsefalcons,instagram,709fceba-e311-48e7-9057-f54a587abf4a,64a0e7e1-62f0-4f2f-aafb-7c1d8cc2a8c9,IG Story,VIDEO,24.3.2026 18:46:56,DNEŠNÍ POVINNOST 🍿,https://www.instagram.com/stories/vsefalcons/3860085044673036937,785,777,,,2
@vutcavaliersbrno,instagram,b384bebf-72f3-4f9d-8b2d-3677709f6966,ef48ba1a-10db-4669-a0d3-131cf474c15e,IG Story,VIDEO,31.3.2026 7:18:46,@vutvbrne @vutfp,https://www.instagram.com/stories/vutcavaliersbrno/3864812112967158957,,3768,,,3
vsefalcons,instagram,709fceba-e311-48e7-9057-f54a587abf4a,54854192-32b3-456b-8094-496a640cbfcf,IG Story,IMAGE,8.2.2026 18:38:43,1 3,https://www.instagram.com/stories/vsefalcons/3828190774232136750,,815,,,
@bitvaoprahu,facebook,75e0f41f-82be-4f82-a77b-82ac11135ed2,7a09e0ec-d9bf-4901-926f-973ce239a237,FB Post,IMAGE,12.3.2026 6:05:59,Rise and shine… IT’S BITVA DAY 🥳🤩,https://www.facebook.com/1441262177797849/posts/1419862759937791,162,,,,
@218107044725785,facebook,7a942e3e-6c47-4794-9ba7-bbc7b6d40cb3,7a99b7b2-da4d-4108-a789-65c9c8155cd9,FB Video,VIDEO,18.4.2026 14:48:10,"Tohle se jen tak neokouká 🥹 

🎥 @vojta_kepka 

#vsefalcons #finalfour",https://www.facebook.com/reel/973289335661642/,840,296,19,,
vsefalcons,instagram,709fceba-e311-48e7-9057-f54a587abf4a,d4d62ea1-9e63-4d25-b395-4956a2cb74cf,IG Story,VIDEO,3.2.2026 19:28:40,OTEVÍRÁ SKÓRE 🎯,https://www.instagram.com/stories/vsefalcons/3824592079720868456,,1342,,,2
@univerzitnihokej,facebook,01b45180-0b14-4a14-96e8-d0a4bab1fb9f,049b7297-93e6-473a-9f67-0f2795bba5d2,FB Video,VIDEO,11.3.2026 22:01:15,"Fuuu…byly to nervy, ale domácí BOčko to nakonec urvalo! 🫨",https://www.facebook.com/reel/1047961168398800/,2070,1253,3,,
@riderspardubice,instagram,4d6a67ab-9313-4f77-a82e-abb18adbca5d,062beec0-36e7-461e-9efe-422be55a3c74,IG Reel,VIDEO,16.4.2026 14:34:22,"Rdy na zápas! 🔥
#zapardubice",https://www.instagram.com/reel/DXMjARwDOVd/,,5009,125,1,2
@riderspardubice,instagram,4d6a67ab-9313-4f77-a82e-abb18adbca5d,68f729d3-ef17-4874-9c6d-80074702c100,IG Reel,VIDEO,17.4.2026 15:43:51,Padne dneska bronz? To je oč tu běží! 🤯,https://www.instagram.com/reel/DXPPxIaDDbC/,,7357,123,,12
vsefalcons,instagram,709fceba-e311-48e7-9057-f54a587abf4a,6ba07bcc-c15b-451d-b00b-76f16f99b19f,IG Story,VIDEO,2.1.2026 21:29:08,🖋️,https://www.instagram.com/stories/vsefalcons/3801459857606320641,,922,,,
@bitvaoprahu,instagram,d7c8aa06-74fb-4c6c-a7d2-c2fe1bf6d59c,948d58ee-badc-45d4-85ab-4b134b08e227,IG Post,IMAGE,11.3.2026 6:00:27,"3. VLNA prodeje vstupenek končí už dnes o půlnoci 🫨
V den akce už to bude faaakt drahý! 💸 Tak buďte rozumný a kupte si lístek ještě dnes. 

🎟️ bitvaoprahu.cz",https://www.instagram.com/p/DVu7pXqFyag/,,7767,27,2,7
@bitvaoprahu,facebook,75e0f41f-82be-4f82-a77b-82ac11135ed2,c9d0787c-26f9-44e4-ba0d-7cb941755dda,FB Video,VIDEO,12.3.2026 20:36:49,"❤️‍🔥 HALFTIME SHOW v podání @gufrau_official , pohledem @klucisdronem . 🦅👁️",https://www.facebook.com/reel/1196276612579569/,190,61,,,
vsefalcons,instagram,709fceba-e311-48e7-9057-f54a587abf4a,2487b4f0-bf4a-4ba9-b632-a462b968a064,IG Post,CAROUSEL_ALBUM,29.1.2026 18:04:36,"Fanoušciiii, jste pořád tady? 🤩

V úterý hrajeme po dlouhé době doma a potřebujeme vás tam! 💙 Přijďte se odměnit za zkouškový a užít si trochu hokejíčku. 🏒

Lístky seženete přes odkaz na profilu! 🎟️

PS. kdo nepřijde fandit je bábovka 😝",https://www.instagram.com/p/DUGp84miOc3/,,13796,176,1,37
univerzitnihokej,tiktok,01c88cf9-594f-408e-a45a-95114221acae,4b27bfeb-3038-486a-a85e-7cb457843b11,TT Video,VIDEO,20.4.2026 15:44:58,"Tohle bylo historicky první Final Four ULLH 🔥 2️⃣ dny, 4️⃣ zápasy a neskutečná atmosféra! 🤩 Děkujeme všem, kteří i u toho byli s námi na tribunách, na ledě i v zákulisí 🙏🏻@ČVUT Engineers Prague 🦁 @UK KINGS PRAGUE @vsefalcons @riderspardubice ",https://www.tiktok.com/@univerzitnihokej/video/7630867918569475350?utm_campaign=tt4d_open_api&utm_source=7348986504397455361,,1402,78,1,5
vsefalcons,instagram,709fceba-e311-48e7-9057-f54a587abf4a,617f8346-6b7c-4cbb-b94d-e80785a8f977,IG Story,VIDEO,24.3.2026 18:36:51,,https://www.instagram.com/stories/vsefalcons/3860079986300463963,829,744,,,
vsefalcons,instagram,709fceba-e311-48e7-9057-f54a587abf4a,94e4dae1-c064-46a2-a738-fa7a73e77307,IG Reel,VIDEO,6.2.2026 17:29:14,"Nebuď jak Stráča a nepropásni úterní match proti @riderspardubice 😜 

Zápas v duchu dostihů a sázek se už blíží, tak kupuj lístky přes odkaz na profilu 🛍️

#vsefalcons",https://www.instagram.com/reel/DUbL0KECMfd/,,11207,206,3,21
@riderspardubice,facebook,f99ed6c3-17cc-46f4-a32e-d9b0576ce2df,a232d863-9518-4625-a83b-4ec9276cfc01,FB Post,IMAGE,10.3.2026 7:42:29,"Vstupenky na Last dance Dominika Kopeckého a Daniela Skrypa nyní jen za 50,- 😎",https://www.facebook.com/1592662819534019/posts/1572442228222745,238,,1,,
@bitvaoprahu,instagram,d7c8aa06-74fb-4c6c-a7d2-c2fe1bf6d59c,bf7312fb-a79a-48bc-a501-89673c1c9ca6,IG Post,IMAGE,11.3.2026 7:30:33,"Takhle jsou na tom lístky v sektorech univerzit 👀 Ano vidíš správně, už jich tam moc nezbývá! 

Chyť si ten svůj ještě dnes na bitvaoprahu.cz 🎟️",https://www.instagram.com/p/DVvF9vnlyHW/,,26648,184,7,50
vsefalcons,instagram,709fceba-e311-48e7-9057-f54a587abf4a,e5d31e02-07ba-4bdf-94ba-b77cdef4c30e,IG Story,VIDEO,9.3.2026 17:45:18,TRÉNINK MODE ON 💪🏼,https://www.instagram.com/stories/vsefalcons/3849182392573552989,,698,,,
@univerzitnihokej,instagram,1e114592-3529-4cfe-9977-2598454053af,017c8ae8-ae1c-43ff-844c-455d4ca99016,IG Post,PHOTO,30.3.2026 18:03:46,Jan Zoufal o univerzitním hokeji v Česku i zahraničí! 🇨🇿🌍 Celý článek na webu hokej.cz 👨🏻‍💻,https://www.instagram.com/p/DWhIbbCCE1c/,,8457,199,,8
vsefalcons,instagram,709fceba-e311-48e7-9057-f54a587abf4a,176564c3-1ada-43cd-b55e-88c0d1651322,IG Story,VIDEO,3.3.2026 18:01:51,jsme doma 🦅 🏟️ @redbullcz 🔋,https://www.instagram.com/stories/vsefalcons/3844842160768201840,725,1044,,,11
@united_hk,tiktok,7e062517-b9da-416d-b73d-a2c5899a2be6,24416f89-54a1-4994-876a-0751f1913c80,TT Video,VIDEO,12.4.2026 16:10:49,We listen and we (don’t) judge: Garnier edition💚 #unitedhk #unihokej #hokej,https://www.tiktok.com/@united_hk/video/7627905909041253654?utm_campaign=tt4d_open_api&utm_source=7348986504397455361,,1292,58,,5
@riderspardubice,instagram,4d6a67ab-9313-4f77-a82e-abb18adbca5d,508e0cc5-c2d7-4b68-8c33-3fceef8af3f3,IG Story,VIDEO,31.3.2026 17:34:45,JDEME NA TO!!,https://www.instagram.com/stories/riderspardubice/3865122151263381423,,822,,,
vsefalcons,instagram,709fceba-e311-48e7-9057-f54a587abf4a,67c647d0-4ace-41be-8f61-293e5dc23f3a,IG Story,VIDEO,17.4.2026 12:07:19,VÍTĚZ!!!! vstupenku pošleme do dms,https://www.instagram.com/stories/vsefalcons/3877278363136065417,1000,1213,,1,
vsefalcons,instagram,709fceba-e311-48e7-9057-f54a587abf4a,932b1030-029c-4963-9f02-0306a030eb6f,IG Post,CAROUSEL_ALBUM,1.2.2026 17:23:30,"už za 2️⃣ dny se vidíme zpátky na @icearenakaterinky 🤩 
lístky sežene přes odkaz na profilu 🎟️",https://www.instagram.com/p/DUOTohKiFj1/,,8223,82,,15
@akademiciplzen,instagram,65494228-95bf-4f7b-8e68-d47d7262db66,fbd665af-ee66-4aed-b19b-f6d5bde62566,IG Reel,VIDEO,15.3.2026 19:22:53,"Balance is the key! @kaiser_sim_ 🚴🍰

#akademiciplzen 💙",https://www.instagram.com/reel/DV6qXy8jbBY/,,23162,572,,48
@hc_muni,instagram,43cd62c8-609d-4ea6-8ce9-cae5242ede0c,08bdfcaa-f8a9-4b9c-b12a-7b8e9425fa54,IG Post,IMAGE,1.4.2026 11:24:37,"Nedosažitelné se stalo skutečností! Sami tomu nemůžeme uvěřit🤯
Míříme na Final Four, které se odehraje 16.–17. dubna v Praha Edenu🏒
🎟️ Lístky na zápasy koupíš v biu 👉🏻 @unihokejfinalfour 

A teď vážně... samozřejmě si z vás jen děláme legraci! Dnes je 1. dubna, takže krásný duben všem! 🐻🫶🏻

#hcmuni #finalfour #firstapril",https://www.instagram.com/p/DWllHE3CD1q/,,6152,217,2,49
@unitedhk,facebook,bfe6cc29-a387-41b9-9bca-b077722556af,5ac68a1d-290a-4483-83ae-0ac58617c1f3,FB Post,PHOTO,30.3.2026 17:50:34,"Zítra začíná PLAY-IN.

1 zápas, kdy se hraje o všechno. Když vyhrajeme, postupujeme dál do dalších bojů o místo na Final Four.

Přijedeš nás podpořit?

Jedeme ALL IN. 🖤🧡

#unitedhk #unihokej #uhk #hradeckralove",https://www.facebook.com/122180651084388974/posts/122180019656388974,196,,3,,
@united_hk,instagram,b18c071b-0570-48b2-b743-990c668c3c5b,750aa2f8-530e-45fe-9a67-d27608e61d1e,IG Reel,VIDEO,22.7.2026 11:09:12,"Tak kolik bylo stupňů?👀

#unitedhk #unihokej #hradeckralove #uhk",https://www.instagram.com/reel/DbF8pCMoYnj/,,8912,147,3,33
@akademiciplzen,instagram,65494228-95bf-4f7b-8e68-d47d7262db66,e8b9a671-ab97-42ff-bebc-4de33e26f825,IG Story,VIDEO,11.8.2026 21:41:59,DRUHÝ TÝDEN DŘINY DRUHÝ TÝDEN DŘINY odstartován 🔥 @fkralicek_8 @gazicek_,https://www.instagram.com/stories/akademiciplzen/3961641764821674153,,315,,,4
@cvutengineers,instagram,11963a07-7f0f-48e6-9d81-aa63a7ff4a04,76bd5e68-6dcd-46eb-941d-439be79d6063,IG Post,IMAGE,8.4.2026 21:07:34,Byly to nervy ALE JSME TAM! 🥳🥳🥳,https://www.instagram.com/p/DW4pljjjNnA/,,3064,121,,6
@hc_muni,instagram,43cd62c8-609d-4ea6-8ce9-cae5242ede0c,79662019-e598-47ef-b2b7-e7a2566357c5,IG Post,PHOTO,27.3.2026 12:18:48,"Sezóna 2025/2026 je za námi!🔥
Obrovský respekt a díky všem, co nás přišli podpořit do hlediště🫶🏻 Byla to neuvěřitelná jízda a bez vás by to nebylo ono!
💙DĚKUJEME💙

#hcmuni",https://www.instagram.com/p/DWYzYASjKud/,,5125,179,,10
@cvutengineers,instagram,11963a07-7f0f-48e6-9d81-aa63a7ff4a04,9f4032ff-570c-43d0-ab1a-7214e821bd53,IG Reel,REEL,25.3.2026 22:01:38,"Sice nemaj funkční ruce a nohy ale to Engineerský srdíčko zůstává 🥹💙🦁 

@tomas_sima @22_luky_22",https://www.instagram.com/reel/DWUsZvhDL8T/,,15931,421,,16
@united_hk,instagram,b18c071b-0570-48b2-b743-990c668c3c5b,de236a8b-7085-44f8-8bc4-5dc4467f4fae,IG Story,IMAGE,23.4.2026 8:05:47,,https://www.instagram.com/stories/united_hk/3881505633023339452,,410,,,
@AkademiciPlzen,facebook,d87b94e3-03e8-45d0-b92e-75e9b819545c,0ac0d7d9-5530-4b8e-8166-4b0cc00d588c,FB Post,IMAGE,4.3.2026 21:32:13,"2 TĚŽCE VYBOJOVANÉ BODY JSOU DOMA! ⚡️ Poroučíme se, jdeme slavit. 🤭

👑 MVP zápasu: @honza_sibra 

#akademiciplzen #jarnibitva",https://www.facebook.com/1357105236437494/posts/1334820881999263,7241,,68,,
@univerzitnihokej,instagram,1e114592-3529-4cfe-9977-2598454053af,323958a4-f8aa-429a-b3bd-e7f46679f1af,IG Reel,VIDEO,30.3.2026 8:43:03,Zítra startuje PLAY-IN ➡️ boj o postup do @unihokejfinalfour ⚔️,https://www.instagram.com/reel/DWgIse7CCXw/,,12774,124,,20
vsefalcons,instagram,709fceba-e311-48e7-9057-f54a587abf4a,7d6c6a98-bd01-45e2-8c4d-9648d48fbf8d,IG Story,VIDEO,9.2.2026 19:47:07,,https://www.instagram.com/stories/vsefalcons/3828949978857391350,,843,,,4
vsefalcons,instagram,709fceba-e311-48e7-9057-f54a587abf4a,c9d1ea64-59ed-4669-9493-213095bef9f3,IG Story,IMAGE,27.4.2026 11:53:21,"Chceme tvůj zážitek
ze zápasů posunout dál. 📌 👇🏼 🔥 Řekni svůj názor
v krátkém dotazníku",https://www.instagram.com/stories/vsefalcons/3884519257786607982,1201,1528,,,3
@riderspardubice,instagram,4d6a67ab-9313-4f77-a82e-abb18adbca5d,f28287d5-5dfd-43f2-881c-d66a71690638,IG Story,VIDEO,17.4.2026 14:01:39,FINAL FOUR ROZBRUSLENÍ 🧊 ❄️,https://www.instagram.com/stories/riderspardubice/3877335892612671332,,1003,,,
vsefalcons,instagram,709fceba-e311-48e7-9057-f54a587abf4a,891e8290-8c0f-4ee3-bc88-34c6f9702eb8,IG Story,VIDEO,14.3.2026 15:35:56,🤸🏽 @one__timer,https://www.instagram.com/stories/vsefalcons/3852741835605187435,805,864,,,1
vsefalcons,instagram,709fceba-e311-48e7-9057-f54a587abf4a,d87bdf8a-0591-4253-8bec-9f447c752c9a,IG Story,VIDEO,3.3.2026 18:03:11,🦘,https://www.instagram.com/stories/vsefalcons/3844842753960223330,702,899,,,
@cvutengineers,instagram,11963a07-7f0f-48e6-9d81-aa63a7ff4a04,f1573fac-523d-4c47-91d1-3990dc040f98,IG Post,IMAGE,19.3.2026 8:06:05,"Už příští středu nás čeká poslední zápas základní
části. A nebude jen tak ledajaký.

Čeká nás LAST DANCE GAME pro hráče, kteří se s Engineers loučí 💙🦁

V posledních zápasech sezóny uvidíte v našem dresu naposledy Kubu DOHNALA, dvojčata NAJMANOVI, Pepu HYNKA a Vencu
SVACHA 🥹

Doražte jim vzdát respekt za všechno, co pro Engineers odmakali. Nechali tu kus sebe 🫡",https://www.instagram.com/p/DWDwKw0DDeb/,,15003,311,3,32
vsefalcons,instagram,709fceba-e311-48e7-9057-f54a587abf4a,00933b10-c6a5-4ae9-a700-2f9e705446d2,IG Story,VIDEO,12.3.2026 17:25:44,🫨 PÁTÁ @_jobas57_,https://www.instagram.com/stories/vsefalcons/3851347000809805794,1752,1587,,,1
@hcnorthwings,facebook,2b08a479-603b-46e4-8a48-2bc0435ccd53,345e3b27-3c7b-4db3-a7f6-1be0dccb3819,FB Story,VIDEO,18.3.2026 17:55:31,,,,,,,
@cvutengineers,instagram,11963a07-7f0f-48e6-9d81-aa63a7ff4a04,76e4a374-2ee8-472a-b2dd-4f0b386e0214,IG Post,IMAGE,12.3.2026 19:24:20,"Do finále Bitvy o Prahu nalétneme v této sestavě!
Teď je ten správný čas ukázat SRDCE LVA 💙. 
Jedeme v tom spolu 🦁!",https://www.instagram.com/p/DVy8dq_DJUt/,,6259,154,,19
@united_hk,instagram,b18c071b-0570-48b2-b743-990c668c3c5b,bff3aafa-0688-4c5b-996a-5a15b8b9c77a,IG Post,IMAGE,8.4.2026 15:11:36,"Děkujeme za sezonu 2025/26

Minulý týden pro nás skončila sezona.
Vypadli jsme v semifinále Play-In a tím se uzavřela naše cesta ročníkem 2025/26.

Nebyl to konec, jaký jsme si přáli. Ale o to víc si vážíme každého, kdo v tom s námi jel celou sezonu.

Chceme poděkovat každému, kdo dorazil do ČPP arény, sledoval nás, fandil, sdílel, psal nebo stál za námi během celé sezony.

Díky, že jste v tom byli s námi.
🖤🧡

#unitedhk #unihokej #hokej",https://www.instagram.com/p/DW4A_ycCNKY/,,4524,152,2,10
univerzitnihokej,tiktok,01c88cf9-594f-408e-a45a-95114221acae,cea0cb67-d543-4f6f-874e-03e91079dc81,TT Video,VIDEO,17.4.2026 20:31:34,@ČVUT Engineers Prague 🦁 snižuje na jedna dva! 🚀,https://www.tiktok.com/@univerzitnihokej/video/7629828533359054102?utm_campaign=tt4d_open_api&utm_source=7348986504397455361,,1149,76,,1
@bitvaoprahu,instagram,d7c8aa06-74fb-4c6c-a7d2-c2fe1bf6d59c,3a33fdab-582c-46db-ba37-ef8512317b32,IG Reel,VIDEO,12.3.2026 17:37:24,"📣 GÓL POHLEDEM SPEAKERA 👁️

@czufarmers 🚨| #CZU ⚔️ #VSE | #bitvaoprahu",https://www.instagram.com/reel/DVyv-gvDBvD/,,10750,266,2,1
@riderspardubice,instagram,4d6a67ab-9313-4f77-a82e-abb18adbca5d,3faaa463-b02d-4370-8504-86e582304b9b,IG Story,VIDEO,17.4.2026 14:11:22,BONBÓNY ZA PUK PRO HRÁČE OD NEJMLADŠÍHO FANOUŠKA🥹🫶🏻,https://www.instagram.com/stories/riderspardubice/3877340874304919452,,1045,,,3
@AkademiciPlzen,facebook,d87b94e3-03e8-45d0-b92e-75e9b819545c,cb0b0de2-33e6-4a7b-bd62-8f08055884b1,FB Video,VIDEO,4.3.2026 20:07:24,"Neboj, neprozradíme mu co z toho chceš. 🤫😏

#akademiciplzen",https://www.facebook.com/reel/2784655471877583/,1434,576,4,,
@riderspardubice,instagram,4d6a67ab-9313-4f77-a82e-abb18adbca5d,94d51986-373a-4e68-a5c9-a7c61e232e01,IG Story,VIDEO,31.3.2026 18:40:49,2:2 ✨ ✨,https://www.instagram.com/stories/riderspardubice/3865155428141515010,,725,,,
@univerzitnihokej,instagram,1e114592-3529-4cfe-9977-2598454053af,b65e6c99-ce8c-41c2-8bf2-e3a4b6b12a10,IG Reel,VIDEO,8.4.2026 19:25:27,"FALCONS postupují jako první do @unihokejfinalfour 🦅

Fanoušci Eden čeká 🏟️ 16.-17. dubna ➡️ lístky na finalfour.cz 🎟️",https://www.instagram.com/reel/DW4d0ATCNfZ/,,9725,344,,21
vsefalcons,instagram,709fceba-e311-48e7-9057-f54a587abf4a,80152847-b598-4e6a-ab17-0698ee4fff97,IG Reel,VIDEO,3.6.2026 13:24:02,off campus actually exist 🤤🤤🤤 #offcampus #garretgraham #deandilaurentis #icehockey,https://www.instagram.com/reel/DZIA-2WoB_O/,,20914,752,5,368
@engineersprague,facebook,afd06d1d-7b1c-4f66-8d93-ce4255ab773c,8b8b3ea1-d7d3-4f94-8fcc-558681c7d781,FB Post,IMAGE,6.8.2026 12:24:51,"Naše kabina je zase o něco hezčí. 🏒

Díky všem, kdo se na tom podíleli. Teď už jen naplnit zdi dalšími vzpomínkami. 🦁💙",https://www.facebook.com/1560924572517692/posts/1679056164037865,553,,11,,
@akademiciplzen,instagram,65494228-95bf-4f7b-8e68-d47d7262db66,8c9652e1-8377-4c47-a359-72ea116a6bcf,IG Post,IMAGE,26.3.2026 20:02:55,"ALL IN.

#akademiciplzen",https://www.instagram.com/p/DWXD-lvDN-b/,,2554,78,,
vsefalcons,instagram,709fceba-e311-48e7-9057-f54a587abf4a,aa4f9eb2-caca-4a58-9a82-44de5c42bd24,IG Story,VIDEO,17.2.2026 19:28:13,NEJLEPŠÍ @sokoli.hnizd0 💙 💙,https://www.instagram.com/stories/vsefalcons/3834743002141056347,681,857,,,2
vsefalcons,instagram,709fceba-e311-48e7-9057-f54a587abf4a,cf163135-8813-4c01-8e96-bd255473f772,IG Post,ALBUM,13.3.2026 18:20:43,"Včera to byl samej úsměv 🫶🏼 největší poděkování patří vám, že jste v tom s námi a ženete nás dopředu 🩵 

Teď už zapínáme pásy a letíme dááál 🦅

📸 @martincacha @vratapolivka_photo",https://www.instagram.com/p/DV1Z-mtiDpu/,,17526,400,,39
vsefalcons,instagram,709fceba-e311-48e7-9057-f54a587abf4a,d41a31a3-724a-4069-88f0-11618f08ddd4,IG Story,VIDEO,24.2.2026 21:14:09,🪄,https://www.instagram.com/stories/vsefalcons/3839865447206392193,1081,1464,,,2
@univerzitnihokej,instagram,1e114592-3529-4cfe-9977-2598454053af,dcb7db2f-5e79-4d6a-89e5-63b6c6b858af,IG Reel,VIDEO,2.4.2026 16:22:39,Semifinálové drama v Budějovicích 😤 Cavaliers domácí Black Dogs potrápili až do nájezdů.,https://www.instagram.com/reel/DWosEj8iCuh/,,8859,215,,4
@riderspardubice,facebook,f99ed6c3-17cc-46f4-a32e-d9b0576ce2df,e52d6b8a-2558-48bb-86d7-6ce2fe15e6d7,FB Video,VIDEO,9.3.2026 19:43:52,Krásné výroční přeje celý tým Riders 💍🫶,https://www.facebook.com/reel/1372441614651436/,185,76,2,,
vsefalcons,instagram,709fceba-e311-48e7-9057-f54a587abf4a,05c04939-7e7a-47b6-ae6a-b59cce726655,IG Story,VIDEO,19.1.2026 16:05:25,TAKY UŽ SE NEMŮŽETE DOČKAT?,https://www.instagram.com/stories/vsefalcons/3813618104085793046,,874,,,
@unitedhk,facebook,bfe6cc29-a387-41b9-9bca-b077722556af,068e05ac-0358-495f-a1de-6a4075cbf7db,FB Video,VIDEO,20.3.2026 17:22:01,"💋 Pivovarské domy Kiss Cam z derby

Derby není jen o hokeji.

Některé momenty patřily i Kiss Cam.
A někdy to bylo hodně zajímavé 😄

Výherci si odnesli luxusní večeři pro 2 v hodnotě 1500 Kč.

Díky partnerovi @pivovarskedomy za tenhle moment, na který se jen tak nezapomíná.

Podívej se ve videu.

🖤🧡❤️",https://www.facebook.com/reel/767399139530752/,1632,262,4,,
@cvutengineers,instagram,11963a07-7f0f-48e6-9d81-aa63a7ff4a04,adcdc0b3-28f8-4f98-ad56-ac0e73e15ea6,IG Post,ALBUM,31.3.2026 6:57:42,"To je on! Engineerskej démon 🔥!

David Routa díky svým 54 bodům v základní části překonal rekord ULLH. Celkem vstřelil 19 gólů a získal 35 asistencí. 
GRATULUJEME 🫶🏻.

#engprg",https://www.instagram.com/p/DWiiHw5jCee/,,11251,431,8,22
@218107044725785,facebook,7a942e3e-6c47-4794-9ba7-bbc7b6d40cb3,c1358534-6398-41de-b4c3-dde1063e2117,FB Post,IMAGE,8.4.2026 22:18:28,"ZAVŘENO! ❌🥅

Matyáš Peyerl vychytal ve finále play-in nulu a proti Black Dogs si připsal rovnou 36 úspěšných zákroků 🧱",https://www.facebook.com/122282816036218300/posts/122283091394218300,1391,,76,,
@riderspardubice,facebook,f99ed6c3-17cc-46f4-a32e-d9b0576ce2df,1fd2ec29-c7d0-44e3-a3b5-f00976026dec,FB Video,VIDEO,5.3.2026 19:13:43,"🐱 V pondělí za námi do enteria areny přijedou @blackdogsbudweis_vste! 🐕

A my při této příležitosti společně podpoříme KoČIČÍ depozitum Lovčice! 

Jak můžete opuštěným kočičkám pomoci s námi? 
- přineste s sebou na zápas kočičí žrádlo - granule, konzervy, ňaminky 
- přispějte finančním darem - ideálně v hotovosti na místě nebo pomocí QR kódu na kostce.

Minulý semestr jsme pomohli pejskům z @farma_u_veselyho_psa, tak pojďme znovu spojit síly a tentokrát pomoci kočičkám z KoČIČÍ depozitum Lovčice! 

Vstupenky za zapas koupíš přes odkaz v BIU!",https://www.facebook.com/reel/1478371013624033/,784,228,11,,
@univerzitnihokej,instagram,1e114592-3529-4cfe-9977-2598454053af,94cd3ed1-ceb8-4876-aa68-288c1e19ebfe,IG Post,IMAGE,4.3.2026 21:31:47,"Největší hlad na ledě dnes měl @_rihastepan_ 👀🔥

Odměna za výkon?
ZOTT HUNGRY pro dnešního nejhladovějšího hráče. 🥛 #zott #zotthungry #zotthungrydrinkthis",https://www.instagram.com/p/DVeksIVCJa5/,,5977,107,,5
@univerzitnihokej,instagram,1e114592-3529-4cfe-9977-2598454053af,34fbb979-329a-448e-af55-b42b834b5b96,IG Post,IMAGE,11.3.2026 21:53:10,Akademici si dnes ugrilovali křídla 🍗 domácí BOčko po dlouhých nájezdech obhájilo Moravské derby 😮‍💨,https://www.instagram.com/p/DVwos12CJzI/,,3718,84,1,3
@AkademiciPlzen,facebook,d87b94e3-03e8-45d0-b92e-75e9b819545c,a79c7d4e-bb89-4666-b607-e4e4a015a65c,FB Video,VIDEO,8.8.2026 10:20:48,"Odkdy jsou naši kluci tak sebekritický? 🥲

Vyzpovídali jsme je po prvním tréninku… a takovou upřímnost jsme ani nečekali. 🤯
Trochu to bolí, ale klid — pomalu a jistě jsme zpátky, přehání.☝🏻😁

#akademiciplzen #univerzitnihokej",https://www.facebook.com/reel/1046479214890841/,844,374,6,,
univerzitnihokej,tiktok,01c88cf9-594f-408e-a45a-95114221acae,04a82652-0d19-4ddc-8c8b-5f55a2829ed2,TT Video,VIDEO,10.4.2026 15:56:34,@vsefalcons postupují do FINAL FOUR🦅👀 🗓️16.-17.4. | 📍Zimní stadion Eden 🎟️ finalfour.cz,https://www.tiktok.com/@univerzitnihokej/video/7627160065631407382?utm_campaign=tt4d_open_api&utm_source=7348986504397455361,,858,44,1,1
@univerzitnihokej,facebook,01b45180-0b14-4a14-96e8-d0a4bab1fb9f,110e0518-a5ab-4e6c-9fa6-5f7903802a74,FB Post,IMAGE,5.4.2026 15:37:20,"V semifinále play-in se letošní sezóna uzavřela i pro BOčko. Vyrovnaný duel s Riders dospěl až do prodloužení, které rozhodlo o konečném výsledku.

Ostravo, díky za energii a nasazení, které jste letos ukázali 💪🏼",https://www.facebook.com/1275398168115026/posts/1279026797752163,677,,2,,
@riderspardubice,instagram,4d6a67ab-9313-4f77-a82e-abb18adbca5d,73d66054-9a93-409d-b6af-6b4062d6b785,IG Post,IMAGE,2.4.2026 12:28:01,"V příštím zápase se rozhodne, jestli postoupíme do @unihokejfinalfour !🤩🤩 Buď u toho s námi!

 Finále Play-in
🗓️ 8.4. v 19:30
📍 v ZS Hvězda
⚔️ proti @cvutengineers 

#fináleplayin#riders",https://www.instagram.com/p/DWoRHuejOVY/,,3713,43,,4
@cvutengineers,instagram,11963a07-7f0f-48e6-9d81-aa63a7ff4a04,f3920ed5-3beb-4a1d-9f92-5a146dc85deb,IG Post,IMAGE,18.3.2026 7:06:57,"🚨 GAMEDAY | Základní část pomalu vrcholí, napětí stoupá a nervy rostou. Jak to dnes celé dopadne? Přijď nás podpořit na Hvězdu, začínáme ve 20:00. 
Budeme vás potřebovat! 🦁

#engprg",https://www.instagram.com/p/DWBEVKrjJ7G/,,4596,76,,5
@unitedhk,facebook,bfe6cc29-a387-41b9-9bca-b077722556af,a2850a6f-8f32-423f-a8a9-e6c3abad91cb,FB Post,PHOTO,26.3.2026 8:56:50,"Náš útočník Štěpán Kyclt dnes slaví narozeniny.

Všechno nejlepší, Štěpáne! 🎂
Užij si to.

🖤🧡

#unitedhk #unihokej #hokej",https://www.facebook.com/122180651084388974/posts/122179687910388974,205,,1,,
@riderspardubice,facebook,f99ed6c3-17cc-46f4-a32e-d9b0576ce2df,a423def5-9abb-4697-bc96-a5eba52f02cb,FB Video,VIDEO,17.4.2026 14:54:52,Goalie 🥅❤️‍🔥,https://www.facebook.com/reel/1632986334446651/,551,165,2,,
@hcnorthwings,facebook,2b08a479-603b-46e4-8a48-2bc0435ccd53,acf7fd88-d799-44a0-9de9-f15790c12132,FB Post,IMAGE,11.8.2026 12:02:28,"Dočkali se 🏒 💙 💛
Po letní pauze naši hráči konečně obuli brusle ⛸️ a vyrazili polykat první (kilo)metry na ledě ústeckého zimáku 🥅 
V rámci tryoutu se v pondělí hlásila první 20 hráčů, kteří budou bojovat o své místo v týmu 🪽 v nadcházejícím ročníku univerzitní hokejové ligy, která startuje 21. září 2026 📆
Držíme palce a těšíme se na všechny naše fanoušky 🫶
Díky moc Milan Stránský za návštěvu a první ledové 📸",https://www.facebook.com/1583651910433365/posts/1709873021144586,1572,,14,,
@unitedhk,facebook,bfe6cc29-a387-41b9-9bca-b077722556af,ec4369a4-e491-4bea-99de-a3fd601439a0,FB Post,IMAGE,28.7.2026 12:07:31,"Necelý týden do prvního tréninku na ledě. Ještě naposledy se ale vracíme do Tesla Gymu.

V archivu jsme našli moment, kdy náš marketingový ředitel Michal Ševčík očividně předává Matějovi Voděrackému svoje dlouholeté zkušenosti se silovým tréninkem.

Co mu podle vás právě říká? 👇

Nejlepší hlášky doplníme přímo do fotky a zveřejníme ve Stories.",https://www.facebook.com/122180651084388974/posts/122189626280388974,396,,4,,
@riderspardubice,facebook,f99ed6c3-17cc-46f4-a32e-d9b0576ce2df,faf78d0e-fa5e-4477-bea6-e8ebc45784dc,FB Post,IMAGE,15.4.2026 9:05:50,"Která sluší víc? 🖤🤍

Originální dresy Riders od @b_hockey_czech pořídíte přímo v Edenu na @unihokejfinalfour! ❤️‍🔥

*do vyprodání zásob",https://www.facebook.com/1592662819534019/posts/1605174311616203,499,,1,,
@united_hk,instagram,b18c071b-0570-48b2-b743-990c668c3c5b,034e9254-fcbc-459a-be7a-ca1bd1cde006,IG Post,IMAGE,18.3.2026 19:38:14,"🏒 Výhra z Ústí

Vyhráváme 5:3.
Důležité body bereme z venku a ladíme formu na Play-In!

Jedeme dál.
🖤🧡",https://www.instagram.com/p/DWCa0tKiLj8/,,3330,93,,5
@univerzitnihokej,instagram,1e114592-3529-4cfe-9977-2598454053af,0a163bbc-e871-42cc-8871-9bee3556b79f,IG Post,IMAGE,19.3.2026 19:19:07,Swipuj doleva 👈🏼👀,https://www.instagram.com/p/DWE9blqiCs1/,,26235,534,1,8
vsefalcons,instagram,709fceba-e311-48e7-9057-f54a587abf4a,3f9bdb7b-4def-4594-9dcf-658229a2d091,IG Story,VIDEO,10.2.2026 18:50:52,,https://www.instagram.com/stories/vsefalcons/3829646440712957910,621,810,,,
@boostrava,instagram,1176ddaf-d366-48a2-9639-3c6694c72c85,9a5ab108-9bc5-4035-981a-5568730f251f,IG Story,VIDEO,11.8.2026 17:44:30,We are back🔥,https://www.instagram.com/stories/boostrava/3961522274746298065,,427,,,1
@united_hk,instagram,b18c071b-0570-48b2-b743-990c668c3c5b,fefee7b1-e97b-43f2-90d7-41386cb6b8c0,IG Reel,VIDEO,18.7.2026 14:54:39,"Na našem stánku jsme dnes přivítali jednu z legend českého hokeje, Josefa Marhu. Děkujeme za návštěvu! 🏒

#unitedhk #josefmarha #unihokej #hradeckralove #uhk",https://www.instagram.com/reel/Da8DLxio2kT/,,9077,192,,3
@riderspardubice,instagram,4d6a67ab-9313-4f77-a82e-abb18adbca5d,62a945d8-ac75-4d9a-9b40-018672ef44ab,IG Post,IMAGE,13.4.2026 12:29:22,"🚨 JSME V TOP4 A TEĎ TO TEPRVE ZAČÍNÁ!

Poprvé v historii 👉 @unihokejfinalfour 
největší akce sezóny, přímý přenos v TV… a my jsme u toho.

🏒 SEMIFINÁLE
🆚 @ukkingsprague 
📍 Zimní stadion Eden, Praha
🕓 16. dubna | 16:30

Tohle není jen zápas.
👉 tohle jsou 2 dny hokeje, emoce, atmosféra a afterparty

Bude nás čekat v pátek boj o zlato nebo bronz! Každopádně v pátek si udělejte místo v kalendáři, bude se bojovat o medaileeee. 

Pojď nás podpořit a být součástí něčeho, co se píše poprvé.

🎟️ Vstupenky koupíš přes odkaz v BIU!",https://www.instagram.com/p/DXEmOgKDAWr/,,10828,127,1,15
@riderspardubice,instagram,4d6a67ab-9313-4f77-a82e-abb18adbca5d,89829347-453a-49d2-bc00-1cd9814c5dc9,IG Story,VIDEO,14.4.2026 9:59:51,,https://www.instagram.com/stories/riderspardubice/3875040037280940767,,499,,,
vsefalcons,instagram,709fceba-e311-48e7-9057-f54a587abf4a,9d208de1-a59c-405d-a094-d95e4ff645a5,IG Story,VIDEO,13.3.2026 16:19:53,,https://www.instagram.com/stories/vsefalcons/3852038496861043897,901,848,,,
@engineersprague,facebook,afd06d1d-7b1c-4f66-8d93-ce4255ab773c,cf10ed15-91cd-4f09-b591-2e2ba64f0958,FB Post,IMAGE,1.8.2026 7:38:59,"Máme tady jeden comeback! 🦁
Na střídačku se vrací legenda Engineers Petr Ujfaluši. Tentokrát v roli asistenta trenéra. 🫡

Ujfi, vítej zpátky doma! Máme radost, že jsi zase součástí #engprg a těšíme se na společnou sezonu. 🔥",https://www.facebook.com/1560924572517692/posts/1673988601211288,1058,,19,,
@univerzitnihokej,instagram,1e114592-3529-4cfe-9977-2598454053af,096bd75c-90a7-4b66-82a9-aba25500b939,IG Post,IMAGE,28.3.2026 18:38:28,Další semifinále play-in se v úterý odehraje v Ostravě 👉🏼 o postup si to rozdají BOčko s Riders 🫡,https://www.instagram.com/p/DWcDjASCBx3/,,10187,137,,31
@hc_muni,instagram,43cd62c8-609d-4ea6-8ce9-cae5242ede0c,59973700-6b17-4726-851b-1e7fc5b19b19,IG Reel,VIDEO,15.3.2026 17:00:42,"POV: Jsi maskot, ale žiješ lepší život než půlka týmu 🔥 Zero stres, full vibes, protože na led nemusím a slávu mám i tak 🐻✌🏻

#hcmuni",https://www.instagram.com/reel/DV6ZtXsCAV-/,,7084,206,4,36
@bitvaoprahu,facebook,75e0f41f-82be-4f82-a77b-82ac11135ed2,5b34d4c2-d5c8-457b-9760-307528cf1de8,FB Post,IMAGE,12.3.2026 9:35:00,"Venkovní FANZÓNA bude dnes otevřená už od 16:00 ⏰

Naši partneři si tu pro tebe připravili spoustu zábavy, která tě naladí na to mejdlo, co na tebe čeká vevnitř 🔥

A taky stánek s merchem všech týmů! Kde můžeš ještě na poslední chvíli doladit outfit 😮‍💨",https://www.facebook.com/1441262177797849/posts/1419539573303443,199,,,,
@univerzitnihokej,instagram,1e114592-3529-4cfe-9977-2598454053af,52549de8-f6cc-4c5f-a6b0-debeec5f58c1,IG Story,VIDEO,8.4.2026 18:27:07,KINGS AGAIN,https://www.instagram.com/stories/univerzitnihokej/3870946753839146823,,784,,,
vsefalcons,instagram,709fceba-e311-48e7-9057-f54a587abf4a,dd950184-4e3c-4770-979c-9f62a416c9ba,IG Story,VIDEO,7.5.2026 12:20:44,👉🏼 👈🏼,https://www.instagram.com/stories/vsefalcons/3891780579494520851,,2694,,,11
@bitvaoprahu,facebook,75e0f41f-82be-4f82-a77b-82ac11135ed2,143caa38-b355-4b77-9da5-8c6b1ef59f54,FB Post,IMAGE,11.3.2026 17:37:43,Už zítra je Bitva day! 🫨🫨🥳🥳,https://www.facebook.com/1441262177797849/posts/1419490613308339,202,,,,
vsefalcons,instagram,709fceba-e311-48e7-9057-f54a587abf4a,2ce75e34-0089-486a-8337-f89db6a310d1,IG Post,IMAGE,5.3.2026 21:55:05,"Poslední zkouška ohněm před @bitvaoprahu 👊🏼
My jsme je vyřadili loni ve čtvrtfinále, oni nás porazili na podzimní Bitvě. Čeká tě dávka pořádný rivality, tak nás doraž podpořit! 🔥

📅 úterý 10. března
🕑 19:30
📍 Ice Arena Kateřinky
🎟️ lístky koupíš na profilu",https://www.instagram.com/p/DVhMJqgCEU_/,,12858,185,2,105
vsefalcons,instagram,709fceba-e311-48e7-9057-f54a587abf4a,6efa4ee4-ee00-4dc0-a97c-96920b2e0c64,IG Story,VIDEO,17.2.2026 22:40:45,@united_hk 🎤,https://www.instagram.com/stories/vsefalcons/3834837780425905551,594,713,,,
@akademiciplzen,instagram,65494228-95bf-4f7b-8e68-d47d7262db66,cdd87884-a0d9-4fb8-ae19-5baad7a9377c,IG Post,IMAGE,12.3.2026 11:44:58,"Kup si lístek na zápas a vyhraj lístky do kina! 🍿

Ve středu 1. 4. hrajeme s největší pravděpodobností poslední domácí zápas v téhle sezóně. Jedná se o zápas Play-in (nový formát Play-off). Přijďte udělat pořádný kotel, budeme vás potřebovat! 💙

Všechny, kdo si koupí vstupenku na tento zápas, automaticky zařazujeme do slosování o 2x2 lístky na zítřejší maraton 6 dílů Heated Rivalry v plzeňské Olympii.

Vyhlášení výherců zítra v 10:30. 😎

Nenech si to utéct, kupuj lístky v biu a buď u toho! 🔥

#akademiciplzen",https://www.instagram.com/p/DVyGvwTjCwT/,,10670,156,,83
univerzitnihokej,tiktok,01c88cf9-594f-408e-a45a-95114221acae,29e0c88c-1761-4740-98bd-a51663833fec,TT Video,VIDEO,16.4.2026 17:57:21,Nic roztomilejšího už dneska neuvidíte 🥹,https://www.tiktok.com/@univerzitnihokej/video/7629417714058022166?utm_campaign=tt4d_open_api&utm_source=7348986504397455361,,21120,713,1,29
@univerzitnihokej,facebook,01b45180-0b14-4a14-96e8-d0a4bab1fb9f,9c3be662-92c4-4146-910a-b000bb6f6aa5,FB Post,IMAGE,14.4.2026 8:43:37,"Vyhraj vstupenky na Beats for Love s našim generálním partnerem ČSOB🎧

Stačí si založit účet přes odkaz v našem biu ☝🏻
Přesměruje tě do aplikace, kde máš během pár minut hotovo ✅

Pro 8️⃣ nejrychlejších máme celodenní vstupenky na @beats.for.love.festival ⚡️🎟️
O dalších 6 se bude soutěžit na @unihokejfinalfour 👀",https://www.facebook.com/1275398168115026/posts/1285591943762315,370,,,,
@hcnorthwings,facebook,2b08a479-603b-46e4-8a48-2bc0435ccd53,686391ff-913d-4185-8701-854326c15174,FB Story,VIDEO,4.3.2026 16:05:24,,,,,,,
@riderspardubice,instagram,4d6a67ab-9313-4f77-a82e-abb18adbca5d,98e14639-0014-4a91-a823-94dd5dd6a167,IG Post,IMAGE,17.4.2026 7:39:26,Nejlepší hráč zápasu a střelec gólu @spinkov23! 🔥🥅,https://www.instagram.com/p/DXOYaVvDCrG/,,2584,84,,6
@riderspardubice,instagram,4d6a67ab-9313-4f77-a82e-abb18adbca5d,be8767a0-76d5-4003-80e0-c2d5464f29c0,IG Story,VIDEO,1.4.2026 14:51:24,,https://www.instagram.com/stories/riderspardubice/3865764702009995513,,547,,,
@engineersprague,facebook,afd06d1d-7b1c-4f66-8d93-ce4255ab773c,17d932ce-436a-4453-82e2-32aade64f80b,FB Story,IMAGE,1.8.2026 7:48:32,,,,,,,
vsefalcons,instagram,709fceba-e311-48e7-9057-f54a587abf4a,446e2fc1-1270-4c69-96de-a0012ce83432,IG Story,VIDEO,28.1.2026 20:25:11,TÝMOVÝ TRÉNINK NA FALCONS PUBKVÍZ 🍻 🤓,https://www.instagram.com/stories/vsefalcons/3820271830955475793,,1054,,,5
@engineersprague,facebook,afd06d1d-7b1c-4f66-8d93-ce4255ab773c,6138d4a1-90c9-4dc7-b2eb-e34043292e6d,FB Post,IMAGE,5.8.2026 14:14:15,"První trénink je za námi. 🏒 Po pauze jsme rádi, že jsme zase spolu. Teď už jen poctivě makat.💪",https://www.facebook.com/1560924572517692/posts/1678152157461599,639,,5,,
@cvutengineers,instagram,11963a07-7f0f-48e6-9d81-aa63a7ff4a04,70231d98-33fc-49f9-b765-433b5aec5634,IG Story,VIDEO,9.4.2026 14:19:35,📸,https://www.instagram.com/stories/cvutengineers/3871546896129197113,,785,,,
@hc_muni,instagram,43cd62c8-609d-4ea6-8ce9-cae5242ede0c,d78a64e7-448c-4eb1-a96d-d61e0dd26635,IG Post,IMAGE,14.3.2026 9:02:02,"Sobota je tady a s ní další GAMEDAY🔥 Přijďte nás podpořit už ve 13:45!🐻💙 Tentokrát jen za 50Kč

Lístky koupíte u nás v biu🎟️",https://www.instagram.com/p/DV2-WYkjJdv/,,3488,47,,4
@akademiciplzen,instagram,65494228-95bf-4f7b-8e68-d47d7262db66,fbcea44e-5cd9-446b-a1f8-c4edd528ae6b,IG Story,VIDEO,1.4.2026 17:47:31,"DRESY UŽ ZNAJÍ SVÉ MAJITELE, GRATULUJEME! 🤩",https://www.instagram.com/stories/akademiciplzen/3865853344372012385,,1243,,,1
@engineersprague,facebook,afd06d1d-7b1c-4f66-8d93-ce4255ab773c,72305b33-7ee1-4982-b923-e7ce5c7af270,FB Post,IMAGE,2.3.2026 20:44:34,"Poprosíme hodit čepičku do komentářů pro Šachlíka, který se dneska v Pardubicích blýskl hattrickem 🧢😮‍💨",https://www.facebook.com/1560924572517692/posts/1535453795064770,611,,7,,
@riderspardubice,facebook,f99ed6c3-17cc-46f4-a32e-d9b0576ce2df,24f0ff06-5edc-49cc-8917-e9f34b5594de,FB Post,IMAGE,17.4.2026 7:39:37,Nejlepší hráč zápasu a střelec gólu @spinkov23! 🔥🥅,https://www.facebook.com/1592662819534019/posts/1607059084761059,633,,4,,
@riderspardubice,instagram,4d6a67ab-9313-4f77-a82e-abb18adbca5d,67fddbd6-e0cf-4cf8-9f89-03399dc88fc2,IG Story,VIDEO,8.4.2026 21:06:05,,https://www.instagram.com/stories/riderspardubice/3871026725861992219,,113,,,
@akademiciplzen,instagram,65494228-95bf-4f7b-8e68-d47d7262db66,82871f5d-479b-4e66-979e-0a19d8019e99,IG Post,IMAGE,4.3.2026 21:32:08,"2 TĚŽCE VYBOJOVANÉ BODY JSOU DOMA! ⚡️ Poroučíme se, jdeme slavit. 🤭

👑 MVP zápasu: @honza_sibra 

#akademiciplzen #jarnibitva",https://www.instagram.com/p/DVekYj7DNfB/,,33377,602,,25
@engineersprague,facebook,afd06d1d-7b1c-4f66-8d93-ce4255ab773c,cc050743-e6e3-4815-ac52-fc2d1a92a140,FB Story,VIDEO,12.3.2026 22:38:23,,,,,,,
@riderspardubice,instagram,4d6a67ab-9313-4f77-a82e-abb18adbca5d,ebaa471a-891b-45dc-a047-54b120397403,IG Post,IMAGE,8.4.2026 22:20:16,Dnes to bohužel nevyšlo. Máme ještě jednu šanci v Lucky loser game🍀,https://www.instagram.com/p/DW4x-egDHK0/,,3143,58,,2
@univerzitnihokej,facebook,01b45180-0b14-4a14-96e8-d0a4bab1fb9f,af9658e5-2b9d-4c2d-a35b-642858d657b9,FB Post,IMAGE,26.3.2026 18:56:16,"I když byla letošní sezóna @hcnorthwings plná překážek, bojovali statečně a odnesli si dokonce pohár ze Souboje dobavytelů 💛

Děkujeme, jsme na vás pyšný a těšíme se zase příští sezónu! 👋🏼",https://www.facebook.com/1275398168115026/posts/1271140548540788,1719,,19,,
@218107044725785,facebook,7a942e3e-6c47-4794-9ba7-bbc7b6d40cb3,dcea7030-06ac-4e57-8d6f-51882e876de6,FB Post,ALBUM,29.3.2026 11:38:09,"EMOCE, které chceme zažít v úterý znova 👀 
Jeden zápas. Jedna šance.

A vy u toho prostě musíte být.
🎟️ Vstupenky najdete na našem profilu.",https://www.facebook.com/122282816036218300/posts/122281264010218300,369,,8,,
@riderspardubice,instagram,4d6a67ab-9313-4f77-a82e-abb18adbca5d,a35e2cc4-6454-48af-ac86-2a2a4ac27fa6,IG Story,VIDEO,11.4.2026 20:54:50,,https://www.instagram.com/stories/riderspardubice/3873195382331434076,,259,,,
@univerzitnihokej,instagram,1e114592-3529-4cfe-9977-2598454053af,f99337fb-f5be-4dcb-93c6-6eafa3edc3a4,IG Post,IMAGE,11.3.2026 11:20:09,Brno nebo Ostrava. Kdo dnes ovládne Moravské derby? 🫨,https://www.instagram.com/p/DVvfsetCLbH/,,5236,131,2,6
vsefalcons,instagram,709fceba-e311-48e7-9057-f54a587abf4a,2e560bb1-3e39-4d94-ae36-47612b6ef41f,IG Reel,VIDEO,4.3.2026 16:02:10,Náš hlavní partner @mosteckamontazni včera v hlavní roli! 🚀,https://www.instagram.com/reel/DVd-ywACEP4/,,2172,58,,8
vsefalcons,instagram,709fceba-e311-48e7-9057-f54a587abf4a,33efe274-31ff-4892-9937-86e31e6ad5c4,IG Story,VIDEO,2.2.2026 18:34:18,,https://www.instagram.com/stories/vsefalcons/3823839916426320483,,1092,,,1
@bitvaoprahu,instagram,d7c8aa06-74fb-4c6c-a7d2-c2fe1bf6d59c,b93df7ab-eaef-481c-b188-f3eec60168a6,IG Reel,VIDEO,12.3.2026 20:36:36,"❤️‍🔥 METROSTAV HALFTIME SHOW v podání @gufrau_official, @matteo_il_ceco, @_victorkal_ & @frantaprachar pohledem @klucisdronem . 🦅👁️",https://www.instagram.com/reel/DVzEToCjiJS/,,32788,615,2,75
@riderspardubice,facebook,f99ed6c3-17cc-46f4-a32e-d9b0576ce2df,ce59a804-e57a-4e42-91bb-f087e4a7abd3,FB Video,VIDEO,17.4.2026 16:18:52,"Chvilku pro sebe 🫂
@63skorpiz & @radek_bednar_",https://www.facebook.com/reel/2141182876423032/,317,129,6,,
@univerzitnihokej,instagram,1e114592-3529-4cfe-9977-2598454053af,23d7aa9e-534f-4efc-8f57-e54b3950c7b5,IG Story,VIDEO,18.4.2026 10:25:02,,https://www.instagram.com/stories/univerzitnihokej/3877951828327403665,,1225,,,2
@bitvaoprahu,facebook,75e0f41f-82be-4f82-a77b-82ac11135ed2,131b1de9-5702-47a1-8cfe-119ae8bcec64,FB Video,VIDEO,25.3.2026 18:41:18,"Hokejem u nás večer nikdy nekončí 🙂‍↔️ jestli máš vzpomínky v mlze, je čas si tuhle připomenout 🪩",https://www.facebook.com/reel/2991798127693774/,112,40,3,,
@univerzitnihokej,facebook,01b45180-0b14-4a14-96e8-d0a4bab1fb9f,2d22c60f-ab4b-416f-b9ac-58f46bbc165f,FB Post,IMAGE,13.4.2026 18:45:23,"Vyhraj vstupenky na Beats for Love s našim generálním partnerem ČSOB🎧

Stačí si založit účet přes odkaz v našem biu ☝🏻
Přesměruje tě do aplikace, kde máš během pár minut hotovo ✅

Pro 8️⃣ nejrychlejších máme celodenní vstupenky na @beats.for.love.festival ⚡️🎟️
O dalších 6 se bude soutěžit na @unihokejfinalfour 👀",https://www.facebook.com/1275398168115026/posts/1285196090468567,433,,,,
vsefalcons,instagram,709fceba-e311-48e7-9057-f54a587abf4a,c585703e-a72f-4bc3-add0-265a5c0289e0,IG Story,VIDEO,24.3.2026 18:39:38,👣 👣 👣 👣 👣 👣 👣 👣,https://www.instagram.com/stories/vsefalcons/3860081388011683094,814,663,,,
vsefalcons,instagram,709fceba-e311-48e7-9057-f54a587abf4a,eae2af15-0559-4357-8291-5a9d7d474ba6,IG Story,VIDEO,31.3.2026 16:46:59,srovnává 🎯,https://www.instagram.com/stories/vsefalcons/3865098126155638357,989,942,,,
@boostrava,instagram,1176ddaf-d366-48a2-9639-3c6694c72c85,8053ada1-28a0-463d-86df-8d36717ff621,IG Story,VIDEO,31.3.2026 18:43:59,HAVLOS SROVNAL  @adam.havel  2:2 🦈,https://www.instagram.com/stories/boostrava/3865157024929870569,,618,,,1
vsefalcons,instagram,709fceba-e311-48e7-9057-f54a587abf4a,9a39b0ae-721d-4e73-85d3-74015e4497ef,IG Story,VIDEO,8.4.2026 17:43:18,MRZÁCI DNES ASPOŇ PODPORUJÍ 🤕 📢,https://www.instagram.com/stories/vsefalcons/3870924710716434922,903,832,,1,3
@218107044725785,facebook,7a942e3e-6c47-4794-9ba7-bbc7b6d40cb3,e5b2eb21-1a56-4b4f-8aec-370a145e8110,FB Post,IMAGE,4.8.2026 14:52:12,Ulovili jsme pár momentek z letních prázdnin 🏖️  Poslední dny odpočinku a v pondělí 10.8. naskakujeme zpátky na led hledat nové Falcons tváře! 🦼🦅,https://www.facebook.com/122282816036218300/posts/122300527280218300,402,,12,,
@akademiciplzen,instagram,65494228-95bf-4f7b-8e68-d47d7262db66,1101ab28-bbfb-4520-b8fd-7872610524bb,IG Story,VIDEO,9.4.2026 20:42:18,"🤩 FOTOREPORT 
Z DNEŠNÍHO BRUSLENÍ",https://www.instagram.com/stories/akademiciplzen/3871739515455206697,,444,,,1
vsefalcons,instagram,709fceba-e311-48e7-9057-f54a587abf4a,d6ea65cb-89ee-4c08-8fcd-56436cbca2b6,IG Story,VIDEO,6.2.2026 17:30:45,,https://www.instagram.com/stories/vsefalcons/3826707064886426143,,748,,,
@riderspardubice,instagram,4d6a67ab-9313-4f77-a82e-abb18adbca5d,6b5c66c4-3628-4868-a211-6a19026cef6a,IG Reel,VIDEO,16.3.2026 10:50:28,"Doražte na Kopcův Last Dance už 23. března do enteria areny! 🔥

Vstupenky koupíš přes odkaz v BIU!",https://www.instagram.com/reel/DV8UrXyjI_n/,,7826,166,2,15
@univerzitnihokej,instagram,1e114592-3529-4cfe-9977-2598454053af,c8f7cbac-5c1d-4b30-a53a-376f835ed7c9,IG Post,PHOTO,31.3.2026 11:10:59,Oficiálně vypínáme základní část a zapínáme PLAY-IN MODE 😤,https://www.instagram.com/p/DWi-14niFUJ/,,5167,87,1,2
@cvutengineers,instagram,11963a07-7f0f-48e6-9d81-aa63a7ff4a04,eace6375-550f-4a70-85fd-efb202f09c44,IG Story,VIDEO,9.4.2026 14:28:29,"POKUD NA SEZENÍ, SEKTORY D a E SE NACHÁZÍ ZA NAŠÍ STŘÍDAČKOU  JESTLI CHCEŠ NA FINAL FOUR FANDIT S TÍM NEJLEPŠÍM KOTLEM, TAK POŘIZUJ LÍSTKY NA STÁNÍ @engineerskotel",https://www.instagram.com/stories/cvutengineers/3871551372986726515,,843,,,28
@univerzitnihokej,facebook,01b45180-0b14-4a14-96e8-d0a4bab1fb9f,efca520f-7317-44fd-803f-56d0ca717bc6,FB Video,VIDEO,26.3.2026 23:31:13,,https://www.facebook.com/reel/1280278980706660/,,,,,
@united_hk,instagram,b18c071b-0570-48b2-b743-990c668c3c5b,fef3cfcb-3308-4b78-bae1-890f7349b839,IG Post,IMAGE,28.7.2026 12:07:10,"Necelý týden do prvního tréninku na ledě. Ještě naposledy se ale vracíme do Tesla Gymu.

V archivu jsme našli moment, kdy náš marketingový ředitel Michal Ševčík očividně předává Matějovi Voděrackému svoje dlouholeté zkušenosti se silovým tréninkem.

Co mu podle vás právě říká? 👇

Nejlepší hlášky doplníme přímo do fotky a zveřejníme ve Stories.",https://www.instagram.com/p/DbVgH7Eoiow/,,4844,56,5,7
@boostrava,instagram,1176ddaf-d366-48a2-9639-3c6694c72c85,6fc2bccf-edc1-404d-9ecf-62041b1507f3,IG Story,VIDEO,31.3.2026 9:11:44,CELÝ ČLÁNEK,https://www.instagram.com/stories/boostrava/3864868978049176857,,841,,,
@united_hk,instagram,b18c071b-0570-48b2-b743-990c668c3c5b,cf93d152-a3db-4495-a2de-d9f08d0357c1,IG Story,VIDEO,11.4.2026 8:24:17,,https://www.instagram.com/stories/united_hk/3872817319479083660,,640,,,
@univerzitnihokej,facebook,01b45180-0b14-4a14-96e8-d0a4bab1fb9f,a4b1686c-27ab-4f0e-80aa-f445c51cc518,FB Post,IMAGE,9.4.2026 9:45:22,UK Kings se 16.4. vrátí zpět do Edenu 👑 Vstupenky na finalfour.cz 🎟️,https://www.facebook.com/1275398168115026/posts/1281841337470709,506,,2,,
@VUTCavaliersBrno,facebook,3351b43e-4b71-442b-b2f1-920cd6e57ee5,67e8b244-42ab-496c-adc0-13be72bdc807,FB Video,VIDEO,4.3.2026 20:34:11,"Spolupráce, kterou ocení nejen přítelkyně, ale taky spoluhráči v kabině 🛁 Čistá hlava, čistá hra 🧼 @garnier_czsk",https://www.facebook.com/reel/1465494908518879/,1541,704,4,,
vsefalcons,instagram,709fceba-e311-48e7-9057-f54a587abf4a,129f0a94-eda6-49dc-88b0-e45a78e9edd7,IG Post,IMAGE,3.3.2026 22:04:38,"Horská dráha 🎢 po včerejší prohře jsme si zlepšili náladu a porážíme Plzeň 👀

Příští týden ale přijde to nejdůležitější - @cvutengineers a pak @bitvaoprahu 😮‍💨 Get ready!",https://www.instagram.com/p/DVcDp45CC3o/,,3064,78,,10
vsefalcons,instagram,709fceba-e311-48e7-9057-f54a587abf4a,5bc48de0-f328-4df5-8f6c-a63ab59d57c9,IG Story,VIDEO,16.4.2026 16:41:36,další případ,https://www.instagram.com/stories/vsefalcons/3876691640630932156,1099,1058,,,1
@univerzitnihokej,facebook,01b45180-0b14-4a14-96e8-d0a4bab1fb9f,df08914a-51ea-4015-94dd-f02445d5d05d,FB Post,IMAGE,12.3.2026 21:52:41,Tak tuto výhru ti bude závidět celkej kotel! 🍗,https://www.facebook.com/1275398168115026/posts/1259803803007796,480,,1,,
@riderspardubice,instagram,4d6a67ab-9313-4f77-a82e-abb18adbca5d,6970ec01-7aca-4ed7-ac03-c7b6e0c01bfd,IG Story,IMAGE,9.4.2026 14:27:11,,https://www.instagram.com/stories/riderspardubice/3871550720822757784,,582,,,1
@AkademiciPlzen,facebook,d87b94e3-03e8-45d0-b92e-75e9b819545c,aa2ce2ec-4adb-4911-aafb-8a9013c8feaf,FB Post,IMAGE,26.3.2026 19:34:37,"Začíná Play-in. Kdo vyhraje, jde do Final Four. Kdo padne, končí! 

UŽ VE STĚEDU 1. 4. JDEME NA TO! 

#akademiciplzen",https://www.facebook.com/1357105236437494/posts/1352721390209212,281,,3,,
@united_hk,instagram,b18c071b-0570-48b2-b743-990c668c3c5b,42ec3373-997e-443f-bd8f-baff45508256,IG Story,IMAGE,10.8.2026 13:29:28,,https://www.instagram.com/stories/united_hk/3960669093434506488,,1020,,,2
@univerzitnihokej,facebook,01b45180-0b14-4a14-96e8-d0a4bab1fb9f,3b1e10da-119c-443e-be3d-a74fd5e42a17,FB Post,IMAGE,10.3.2026 22:29:31,V Praze to dnes bylo na ostří nože 🔪 Kings jsou zpátky na vítězné vlně a Engineers nechali Falcons bod po nájezdech 🙌🏼,https://www.facebook.com/1275398168115026/posts/1258313036490206,573,,1,,
@akademiciplzen,instagram,65494228-95bf-4f7b-8e68-d47d7262db66,5e26d4df-d899-4de8-9cf0-23f0af1ba14d,IG Story,VIDEO,1.4.2026 17:01:58,🔥 UP WARMIN’,https://www.instagram.com/stories/akademiciplzen/3865830427416353185,,1358,,,
@hcnorthwings,facebook,2b08a479-603b-46e4-8a48-2bc0435ccd53,75efc629-b5d3-420b-919b-c9632497c0e4,FB Post,ALBUM,26.3.2026 19:16:01,"Fakt náročná sezóna, ale nepo*rali jsme se z toho a makali do posledního zápasu 💙💛",https://www.facebook.com/1583651910433365/posts/1578715724260317,473,,11,,
vsefalcons,instagram,709fceba-e311-48e7-9057-f54a587abf4a,a1f14db2-a108-4715-a5cb-19e69d08f4fb,IG Story,VIDEO,12.4.2026 13:47:35,‼️ ‼️ @cvutengineers 👋🏼,https://www.instagram.com/stories/vsefalcons/3873705133443936694,767,948,,,19
@univerzitnihokej,facebook,01b45180-0b14-4a14-96e8-d0a4bab1fb9f,addeb847-a79f-423a-8a71-16e0711257a0,FB Video,VIDEO,12.3.2026 18:00:31,Takové pohyby se asi naučil na farmě 🤭,https://www.facebook.com/reel/26107273248881170/,2072,834,7,,
@riderspardubice,instagram,4d6a67ab-9313-4f77-a82e-abb18adbca5d,e00c5671-f1f2-4a24-8efb-afdb5c13f0e6,IG Story,VIDEO,2.4.2026 12:18:01,"O POSTUP DO @unihokejfinalfour HRAJEME V PRAZE, TAK DORAŽ A VYBAV SE DRESEM!",https://www.instagram.com/stories/riderspardubice/3866412277331426831,,1179,,,2
@cvutengineers,instagram,11963a07-7f0f-48e6-9d81-aa63a7ff4a04,147a52e3-1b2a-4755-8548-10126989e151,IG Post,IMAGE,18.3.2026 21:46:12,Hupsík dupsík 😬,https://www.instagram.com/p/DWCpcu0DGSt/,,6630,188,6,9
@218107044725785,facebook,7a942e3e-6c47-4794-9ba7-bbc7b6d40cb3,75fb1500-eef0-4865-9bf7-334a3e8eef44,FB Video,VIDEO,16.4.2026 18:29:43,@michal.danniel otevírat skóre semifinále @unihokejfinalfour 🔥🔥🔥,https://www.facebook.com/reel/1446286533350604/,372,127,4,,
@united_hk,instagram,b18c071b-0570-48b2-b743-990c668c3c5b,e396f13d-cd92-462f-a084-3d3bf5a78ad0,IG Story,VIDEO,10.8.2026 17:37:18,pošlete klukům štěstíčko,https://www.instagram.com/stories/united_hk/3960793863777993538,,1031,,,3
@united_hk,instagram,b18c071b-0570-48b2-b743-990c668c3c5b,39690c82-27ef-419f-8041-81f0c1cbc881,IG Story,VIDEO,8.4.2026 7:10:32,,https://www.instagram.com/stories/united_hk/3870606025032221041,,599,,,
@univerzitnihokej,facebook,01b45180-0b14-4a14-96e8-d0a4bab1fb9f,e7f6f107-2112-4dd9-9a12-89418433c1bc,FB Post,IMAGE,13.3.2026 16:51:35,UK Kings Prague ovládli tabulku a 1. místo jim už nikdo nevezme! 👑 Na Bitvě o Prahu po výhře převzali pohár ČAUS. 🏆,https://www.facebook.com/1275398168115026/posts/1260391656282344,1774,,8,,
@boostrava,instagram,1176ddaf-d366-48a2-9639-3c6694c72c85,b1c6efc0-cdb5-4642-b540-5e28459608e3,IG Reel,VIDEO,23.3.2026 10:26:06,"Sezona se chýlí ke konci a nás čeká poslední zápas základní části! 

Přijďte před play-in ukázat, že BOčko drží při sobě a jde slyšet! 🔥

#ostrava #hockeygame #boostrava",https://www.instagram.com/reel/DWOTiviDJwb/,,3236,48,,19
vsefalcons,instagram,709fceba-e311-48e7-9057-f54a587abf4a,893eac0d-4dfb-43b0-9be0-ae39a224c7f2,IG Reel,VIDEO,17.4.2026 14:56:40,"all eyes on @cech.ondrejj & @drabek_adam 🤩

#vsefalcons #finalfour",https://www.instagram.com/reel/DXPKUgsiPzy/,,13184,403,7,45
@cvutengineers,instagram,11963a07-7f0f-48e6-9d81-aa63a7ff4a04,998815ae-d413-4d78-971f-f701025e282a,IG Story,VIDEO,10.4.2026 10:53:43,@ondra_mann,https://www.instagram.com/stories/cvutengineers/3872168054860066135,,1266,,,2
@AkademiciPlzen,facebook,d87b94e3-03e8-45d0-b92e-75e9b819545c,a69a8892-29c5-4d5a-a08c-ca26566ae9e8,FB Video,VIDEO,2.8.2026 20:46:03,"Na posledním tréninku jsme kluky vyzpovídali ohledně budoucnosti. 👶 

Položili jsme jim jednoduchou otázku: „Komu z kabiny bys nesvěřil svoje dítě?“ 

Na odpovědi se skoro všichni shodli… Filipe, máš pro nás nějaké vysvětlení? 😅

Zítra nás čeká první trénink na ledě v nové sezóně. Uvidíme se zítra! 🫢🏒

#akademiciplzen #univerzitnihokej #unihockey",https://www.facebook.com/reel/2163743887816450/,3462,1766,13,,
vsefalcons,instagram,709fceba-e311-48e7-9057-f54a587abf4a,0a02c193-4c00-4982-84ad-3165e04a2afa,IG Story,VIDEO,8.6.2026 13:49:07,DĚKUJEME ZA PROSTORY @vsecz @ctvsvse 🙏🏼 (kluci to tu milují),https://www.instagram.com/stories/vsefalcons/3915017950167843793,,1454,,,2
@riderspardubice,instagram,4d6a67ab-9313-4f77-a82e-abb18adbca5d,95cd9788-afe6-4bb1-b5ec-876ace2f68ac,IG Story,VIDEO,12.4.2026 14:37:40,,https://www.instagram.com/stories/riderspardubice/3873730316271902818,,1131,,,7
@riderspardubice,instagram,4d6a67ab-9313-4f77-a82e-abb18adbca5d,a69a4520-ddcb-480d-aede-d2b46e1e9aa3,IG Post,IMAGE,2.3.2026 21:20:57,Dnešní duel s @cvutengineers bohužel nevyšel.😭,https://www.instagram.com/p/DVZZxoZDLQz/,,2655,32,2,4
@united_hk,instagram,b18c071b-0570-48b2-b743-990c668c3c5b,d99f5d9b-6390-485f-826b-d639b43fcfa3,IG Story,IMAGE,10.8.2026 19:18:20,5:4 @vlach_andrej  takhle se to OTÁČÍÍÍ!!! 🥅🥅🥅🥅🥅,https://www.instagram.com/stories/united_hk/3960844804212446361,,1091,,,7
@riderspardubice,facebook,f99ed6c3-17cc-46f4-a32e-d9b0576ce2df,52a7e4e4-5450-47df-a979-334dc0c6009b,FB Post,IMAGE,20.3.2026 7:21:34,"V pondělí pro první příchozí @pivoproud u vstupu zdarma! 🤩

🎟️ Vstupenky na derby proti @united_hk koupíš přes odkaz v BIU!",https://www.facebook.com/1592662819534019/posts/1581270447339923,154,,,,
vsefalcons,instagram,709fceba-e311-48e7-9057-f54a587abf4a,1905fa18-a872-46f7-8062-029c955cc139,IG Story,VIDEO,31.3.2026 14:19:45,TRADIČNÍ BRAZILKA ⚽️,https://www.instagram.com/stories/vsefalcons/3865024052398186634,1102,1066,,,1
vsefalcons,instagram,709fceba-e311-48e7-9057-f54a587abf4a,239485ed-97a4-4011-9392-986ac0952eb6,IG Story,IMAGE,26.1.2026 18:30:59,"2 2 Nábělek 
Ramert",https://www.instagram.com/stories/vsefalcons/3818764827653326001,,847,,,
@akademiciplzen,instagram,65494228-95bf-4f7b-8e68-d47d7262db66,667593c0-e08f-4a0b-b17b-e9635b63a3ac,IG Story,VIDEO,10.4.2026 17:17:24,STŘÍPKY ze včerejšího bruslení 🏒,https://www.instagram.com/stories/akademiciplzen/3872361242195452947,,854,,,
@bitvaoprahu,instagram,d7c8aa06-74fb-4c6c-a7d2-c2fe1bf6d59c,cd68c94c-f940-4d5e-bfd4-8c603327da43,IG Reel,VIDEO,12.3.2026 21:52:41,"URAGÁN JMÉNEM UK! 🤯🔥

#UKP ⚔️ #ENG | @k.chymo 🚨| #bitvaoprahu",https://www.instagram.com/reel/DVzMzrTjH0E/,,29063,621,5,25
vsefalcons,instagram,709fceba-e311-48e7-9057-f54a587abf4a,dada7c29-8cc3-4f7e-b282-44be6844a5ae,IG Story,VIDEO,6.3.2026 16:41:37,,https://www.instagram.com/stories/vsefalcons/3846976008717129191,,863,,,3
vsefalcons,instagram,709fceba-e311-48e7-9057-f54a587abf4a,e79a1740-3f8e-4657-80f0-931153a33455,IG Story,IMAGE,12.3.2026 18:53:42,"9 4 Lev
Fibigr",https://www.instagram.com/stories/vsefalcons/3851391140658444690,1317,1021,,,4
vsefalcons,instagram,709fceba-e311-48e7-9057-f54a587abf4a,378e4355-6feb-48d7-b951-4da93c440f44,IG Story,IMAGE,14.3.2026 16:39:41,"2 2 Vosmík
Jobánek",https://www.instagram.com/stories/vsefalcons/3852773238459912020,757,719,,,
@united_hk,instagram,b18c071b-0570-48b2-b743-990c668c3c5b,3e8365bf-0dff-4cf0-bb7e-0b67bc9a475c,IG Story,IMAGE,9.4.2026 13:03:11,,https://www.instagram.com/stories/united_hk/3871508452270975321,,624,,,
@univerzitnihokej,instagram,1e114592-3529-4cfe-9977-2598454053af,585c0050-8dbf-4aab-a689-144e30b70afa,IG Post,IMAGE,9.4.2026 10:26:01,VŠE Falcons přiletí 16.4. taky do Edenu! 🦅 Vstupenky na finalfour.cz 🎟️,https://www.instagram.com/p/DW6FHYnCNh7/,,8915,177,1,16
vsefalcons,instagram,709fceba-e311-48e7-9057-f54a587abf4a,67798d0e-1443-4c76-ae2f-e0a374c34052,IG Story,VIDEO,14.4.2026 13:22:58,OUTFIT NA POV: 🫵🏼 @unihokejfinalfour,https://www.instagram.com/stories/vsefalcons/3875142278767465660,671,706,,,1
vsefalcons,instagram,709fceba-e311-48e7-9057-f54a587abf4a,81cd3151-da86-45b7-827e-161d4bc8b5ea,IG Reel,VIDEO,8.6.2026 14:17:14,they counting down the days until summer training ends 💀 #icehockey #vsefalcons #,https://www.instagram.com/reel/DZU_CzRI38q/,,1446,35,,2
@riderspardubice,instagram,4d6a67ab-9313-4f77-a82e-abb18adbca5d,a2cbe3c2-a313-4d62-817e-6e8c28e105ee,IG Story,VIDEO,12.4.2026 14:55:00,,https://www.instagram.com/stories/riderspardubice/3873739046631810718,,1018,,,1
vsefalcons,instagram,709fceba-e311-48e7-9057-f54a587abf4a,0315b82b-7b80-4374-9c16-9bdda3d78071,IG Story,VIDEO,8.2.2026 17:47:10,"LUKÁŠ
NOVÁK 93",https://www.instagram.com/stories/vsefalcons/3828164864699319733,,1287,,,1
@univerzitnihokej,instagram,1e114592-3529-4cfe-9977-2598454053af,2647bc0b-c8a2-4cd0-8932-1477ebbe1105,IG Post,IMAGE,10.4.2026 14:11:57,Směr cesty 16. a 17.4. je jasnej! ➡️ @unihokejfinalfour 📍Zimní stadion Eden,https://www.instagram.com/p/DW9DxBKCLfC/,,15024,344,,3
@united_hk,instagram,b18c071b-0570-48b2-b743-990c668c3c5b,54be7439-b54c-414b-8e5b-9e15eda5090f,IG Post,IMAGE,11.4.2026 18:49:00,"Po dvou sezonách se s UNIted HK loučí i naše fyzioterapeutka Tereza Macholdová.

Terka se během svého působení stala důležitou součástí realizačního týmu a její odborný dohled několikrát pomohl nejen hráčům, ale občas i vedení. No jo… už nejsme nejmladší. 🙂

UNIted HK reprezentovala i na Viking Cupu v Kanadě jako součást výběru Univerzitní ligy ledního hokeje.

Teď ji čekají nové životní výzvy spojené s dokončením studia na Lékařské fakultě UK a návratem do rodného města.

Terko, děkujeme za vše, co jsi pro UNIted HK udělala, a přejeme ti hodně štěstí do další životní kapitoly.

🖤🧡

#unitedhk #unihokej #hokej",https://www.instagram.com/p/DXAILUeiDBV/,,11535,193,4,25
@vutcavaliersbrno,instagram,b384bebf-72f3-4f9d-8b2d-3677709f6966,771ec6f1-b011-4352-b435-e5361fe95472,IG Post,IMAGE,4.3.2026 10:31:20,"GAMEDAY 🔥
V boji o důležité tři body dnes vyzveme @boostrava 👈 
Přijď nás podpořit 🏒
🚌 Doprava zajištěna",https://www.instagram.com/p/DVdY6HSiM9u/,,1106,17,,
vsefalcons,instagram,709fceba-e311-48e7-9057-f54a587abf4a,77a1690f-ba0d-4cf7-b0b0-e5a31d0bc59b,IG Story,IMAGE,20.1.2026 14:04:50,,https://www.instagram.com/stories/vsefalcons/3814282210920923140,,1265,,,8
@riderspardubice,instagram,4d6a67ab-9313-4f77-a82e-abb18adbca5d,7c5d6d4d-a807-487c-a259-cc51c57c968d,IG Reel,VIDEO,17.4.2026 14:54:39,Goalie 🥅❤️‍🔥,https://www.instagram.com/reel/DXPKK0JDCGF/,,6576,184,2,48
@akademici_plzen,tiktok,8f78cb3d-9c53-4c33-9f39-e6526fd8fa1c,84a66fd0-3cb5-4775-b170-26bd3e8a3c15,TT Video,VIDEO,30.3.2026 16:06:48,"Pokud máš hlad jako Ženda, dej si Zott a buď dobrej! 😎😋 #zott #zotthungry #hungrydrinkthis",https://www.tiktok.com/@akademici_plzen/video/7623080773108698390?utm_campaign=tt4d_open_api&utm_source=7348986504397455361,,1765,100,,13
@cvutengineers,instagram,11963a07-7f0f-48e6-9d81-aa63a7ff4a04,e3d7e762-afb0-4f34-99f6-c5cd54939f33,IG Post,ALBUM,25.3.2026 19:26:26,"Do svého 1️⃣0️⃣0️⃣ zápasu dnes nastoupil také KUBA DOHNAL 👏🏼

Díky za všechny sezony, které jsi odehrál s naším znakem na hrudi. Zanechal si tu mnohem víc, než jen skvělé výkony na ledě. 

Přejeme ti jen to nejlepší. 🙏🏻
Jednou Engineer, navždy Engineer! 🦁",https://www.instagram.com/p/DWUbCaoDNkN/,,10573,348,2,7
@univerzitnihokej,facebook,01b45180-0b14-4a14-96e8-d0a4bab1fb9f,e85e3cce-f887-4735-8ade-78245a4370cd,FB Video,VIDEO,18.3.2026 17:36:11,"K hokeji to pivo prostě patří. 😎
A na unihokeji? Jedině @pivoproud 🍻",https://www.facebook.com/reel/1762766331349489/,456,75,,,
@218107044725785,facebook,7a942e3e-6c47-4794-9ba7-bbc7b6d40cb3,fe548f08-f6fb-4fb7-a08b-606e477cf85b,FB Video,VIDEO,17.4.2026 14:56:54,"all eyes on @cech.ondrejj & @drabek_adam 🤩

#vsefalcons #finalfour",https://www.facebook.com/reel/1117489860564163/,1050,344,14,,
vsefalcons,instagram,709fceba-e311-48e7-9057-f54a587abf4a,0c2e803b-9a31-40c7-9649-c1a43276ee83,IG Post,CAROUSEL_ALBUM,7.2.2026 20:38:07,"Ohlédnutí za úterním zápasem 📸

Další zápas už v úterý 10. 2. od 19:45 proti Riders.
Přijďte nás podpořit a užít si hokej ještě před startem školy 🚀💙
📷 @martincacha",https://www.instagram.com/p/DUeGrMJCPut/,,5939,123,,5
@akademiciplzen,instagram,65494228-95bf-4f7b-8e68-d47d7262db66,12852192-17c5-464a-acfa-192a49ff6333,IG Post,IMAGE,1.4.2026 15:03:14,"Hokejem tenhle večer teprve začíná. 🏒 

Ze stadionu se všichni přesouváme na after do No Limitu. Vidíme se tam! 🕺🏼

#akademiciplzen",https://www.instagram.com/p/DWl99syjP-e/,,12247,154,2,102
@univerzitnihokej,facebook,01b45180-0b14-4a14-96e8-d0a4bab1fb9f,1b06fec3-686e-4bd9-b89d-1f3986ca43da,FB Post,IMAGE,27.3.2026 19:04:12,"Základní část skončila ⏩️ začíná Play-In 🔥

Čekají nás semifinálové bitvy, vítězové jdou do finále Play-In. A odtud už vede jediná cesta ➡️ @unihokejfinalfour a boj o absolutního šampiona letošní sezóny! 😮‍💨🏆

Jedna šance. Žádná oprava. 👀",https://www.facebook.com/1275398168115026/posts/1271984115123098,741,,2,,
vsefalcons,instagram,709fceba-e311-48e7-9057-f54a587abf4a,71b182f6-ea03-4dcf-93d6-ffb6c3c30b05,IG Story,VIDEO,3.2.2026 18:46:04,POPŘEJ KUBAŤÁKOVI ŠTĚSTÍ DO PRVNÍHO ZÁPASU PO ZRANĚNÍ,https://www.instagram.com/stories/vsefalcons/3824570615319809186,,909,,,
@riderspardubice,facebook,f99ed6c3-17cc-46f4-a32e-d9b0576ce2df,846d2279-7f42-4444-9be4-976c28281e93,FB Post,IMAGE,4.3.2026 8:00:10,"🐱 V pondělí za námi do enteria areny přijedou @blackdogsbudweis_vste! 🐕

A my při této příležitosti společně podpoříme KoČIČÍ depozitum Lovčice! 

Jak můžete opuštěným kočičkám pomoci s námi? 
- přineste s sebou na zápas očičí žrádlo - granule, konzervy, ňaminky 
- přispějte finančním darem - ideálně v hotovosti na místě nebo pomocí QR kódu na kostce.

Minulý semestr jsme pomohli pejskům z @farma_u_veselyho_psa, tak pojďme znovu spojit síly a tentokrát pomoci kočičkám z KoČIČÍ depozitum Lovčice! 

Vstupenky za zapas koupíš přes odkaz v BIU!",https://www.facebook.com/1592662819534019/posts/1567407572059544,1404,,11,,
@united_hk,instagram,b18c071b-0570-48b2-b743-990c668c3c5b,bc2849d4-66b7-4424-815b-2daecf69632c,IG Story,VIDEO,22.4.2026 17:56:30,Sobota už se blíží!,https://www.instagram.com/stories/united_hk/3881078043418590309,,374,,,
@VUTCavaliersBrno,facebook,3351b43e-4b71-442b-b2f1-920cd6e57ee5,17390d28-c922-4b51-9eb3-f742bab5345a,FB Video,VIDEO,4.4.2026 9:10:25,"Právě nám začíná mezisezónní období, na které se můžeme plně vybavit díky našemu partnerovi @sportega.cz 🏸
Pokud i vy sháníte nové sportovní vybavení, doporučujeme navštívit jejich pobočku📍Křenová 26 Brno
Veškerý sortiment si tam můžete vyzkoušet, abyste měli jistotu, že vám zvolená výbava bude plně vyhovovat😌 Za nás prostě 🔝topka🙌",https://www.facebook.com/reel/962230096270154/,385,134,2,,
@VUTCavaliersBrno,facebook,3351b43e-4b71-442b-b2f1-920cd6e57ee5,4919669b-2ccc-4d81-9c12-971cfcf37d79,FB Video,VIDEO,21.3.2026 12:20:53,Fanoušci mají vždycky pravdu!,https://www.facebook.com/reel/1632695977923963/,1368,725,3,,
vsefalcons,instagram,709fceba-e311-48e7-9057-f54a587abf4a,5eb69b9e-73e8-4bde-94fc-fcad3ac02273,IG Story,VIDEO,17.2.2026 22:45:33,@michal.danniel 🎤,https://www.instagram.com/stories/vsefalcons/3834838069413464803,1007,1316,,,3
@univerzitnihokej,instagram,1e114592-3529-4cfe-9977-2598454053af,cb5aceec-cd17-438f-aa0f-cb13713a8bbc,IG Post,IMAGE,5.4.2026 15:36:49,"V semifinále play-in se letošní sezóna uzavřela i pro BOčko. Vyrovnaný duel s Riders dospěl až do prodloužení, které rozhodlo o konečném výsledku.

Ostravo, díky za energii a nasazení, které jste letos ukázali 💪🏼",https://www.instagram.com/p/DWwVgNFCJMn/,,5167,150,,6
vsefalcons,instagram,709fceba-e311-48e7-9057-f54a587abf4a,26db095c-61c3-419b-aa80-6ff45e66a2fb,IG Story,IMAGE,13.3.2026 16:21:36,,https://www.instagram.com/stories/vsefalcons/3852039360728300298,,823,,,
vsefalcons,instagram,709fceba-e311-48e7-9057-f54a587abf4a,98700605-7bdb-4bbf-8b6c-34913d56f585,IG Post,IMAGE,11.1.2026 17:48:55,"FALCONS PUB KVÍZ IS BAAAACK!

Minule sklidil velký úspěch, a proto jsme se ho rozhodli udělat znovu a mnohem vymazlenější! 🤓

Čeká vás večer plný zábavy, dobrého piva a pořádné dávky vědomostního adrenalinu. 🧠 Vyhrát můžete bombové ceny, kterými nás vybavil Red Bull, Proud nebo Grant Thornton, a vítěz si domu odnese lístky na Bitvu o Prahu ‼️

Do týmu se může přihlásit 4-5 lidí, vstupné je zdarma a bar s top drinky je samozřejmostí. 🥂

26.2. | Quattro Modulare, Italská budova | 19:00

Registrovat se můžete přes link na profilu. Těšíme se na vás! 💙

#vsefalcons #pubkviz",https://www.instagram.com/p/DTYR2S8iM0B/,,15303,96,,123
vsefalcons,instagram,709fceba-e311-48e7-9057-f54a587abf4a,bd711ab0-dd5c-4add-bc4a-03904e73d707,IG Story,IMAGE,30.3.2026 9:28:29,"“zítra nejdu na hokej, o nic nejde”
doslova já:",https://www.instagram.com/stories/vsefalcons/3864152663579480034,691,823,,,7
vsefalcons,instagram,709fceba-e311-48e7-9057-f54a587abf4a,062858fe-1e53-4779-bf34-bd85faa19dfb,IG Reel,VIDEO,9.12.2025 21:50:18,Nejprve vyrovnal 2️⃣1️⃣ vteřin do konce… pak rozhodl. @michal.danniel 🔥,https://www.instagram.com/reel/DSDuxieiAyW/,,10507,317,2,7
vsefalcons,instagram,709fceba-e311-48e7-9057-f54a587abf4a,81ae8f0c-1ca2-400e-869d-0a26a09129d7,IG Story,VIDEO,8.4.2026 16:27:16,,https://www.instagram.com/stories/vsefalcons/3870886386110871559,909,882,,,2
@riderspardubice,facebook,f99ed6c3-17cc-46f4-a32e-d9b0576ce2df,df7ef1f4-cfa4-4840-ab3a-4e0fbe322a52,FB Video,VIDEO,3.4.2026 16:00:24,"Čistá hlava, čistá hra 🔥🥵
@garnier_czsk",https://www.facebook.com/reel/1903017330349491/,684,215,4,,
vsefalcons,instagram,709fceba-e311-48e7-9057-f54a587abf4a,eafe844c-4821-4b29-a305-c77838779afb,IG Story,VIDEO,13.2.2026 7:26:08,🖐🏼,https://www.instagram.com/stories/vsefalcons/3831476128489953096,555,692,,,2
@riderspardubice,instagram,4d6a67ab-9313-4f77-a82e-abb18adbca5d,0181021b-421b-4fe5-ac9d-0187747f5f40,IG Story,VIDEO,4.4.2026 13:01:23,,https://www.instagram.com/stories/riderspardubice/3867883651950455030,,728,,,
@hc_muni,instagram,43cd62c8-609d-4ea6-8ce9-cae5242ede0c,0de23c1c-b02a-4d04-bfac-60c0b3c63a6c,IG Story,VIDEO,15.4.2026 18:57:20,DĚKUJEME VŠEM💙,https://www.instagram.com/stories/hc_muni/3876035424682958257,,366,,,
vsefalcons,instagram,709fceba-e311-48e7-9057-f54a587abf4a,16cc5f01-ff70-4658-a3aa-ededbb8ebb55,IG Story,VIDEO,3.3.2026 19:54:10,nic hezčího dnes neuvidíš,https://www.instagram.com/stories/vsefalcons/3844902190402043114,579,758,,,
@cvutengineers,instagram,11963a07-7f0f-48e6-9d81-aa63a7ff4a04,b7832d1d-0583-42a0-9376-0e5247799b5a,IG Reel,VIDEO,17.4.2026 18:16:07,"💙🦁DRŽÍME VŠECHNY PALCE!!!!!

Pošli lva pro štěstí do komentářů! ⤵️",https://www.instagram.com/reel/DXPhBhFDNEK/,,11346,253,,14
vsefalcons,instagram,709fceba-e311-48e7-9057-f54a587abf4a,2bd091eb-8b72-4969-8534-c17ae8aec4f1,IG Story,VIDEO,12.3.2026 14:27:56,GETTIN’ READY 🏒,https://www.instagram.com/stories/vsefalcons/3851257388003240839,1608,1698,,,1
@218107044725785,facebook,7a942e3e-6c47-4794-9ba7-bbc7b6d40cb3,c3a25d95-7ff5-4110-afc9-834ad16c835c,FB Post,IMAGE,14.3.2026 19:05:27,Těžký týden zakončujeme bodem z Brna.,https://www.facebook.com/122282816036218300/posts/122278835144218300,265,,4,,
vsefalcons,instagram,709fceba-e311-48e7-9057-f54a587abf4a,4c19965d-6a9d-49a3-b399-73cd360d387d,IG Reel,VIDEO,9.12.2025 19:41:14,Jdeme do vedení na konci 1️⃣ třetiny! Druhý gól za Falcons si připisuje @_suchos88_ 🔥,https://www.instagram.com/reel/DSDgU6vCHW2/,,8145,177,1,6
@riderspardubice,instagram,4d6a67ab-9313-4f77-a82e-abb18adbca5d,acbe6333-b916-46be-9489-b6100bb877fc,IG Story,VIDEO,17.4.2026 21:48:20,,https://www.instagram.com/stories/riderspardubice/3877570844293902339,,508,,,
@univerzitnihokej,instagram,1e114592-3529-4cfe-9977-2598454053af,f4a63ad1-5f56-4962-9ae3-5d87711051c0,IG Story,VIDEO,10.4.2026 10:26:33,,https://www.instagram.com/stories/univerzitnihokej/3872154383945328631,,1272,,,6
@unitedhk,facebook,bfe6cc29-a387-41b9-9bca-b077722556af,300e18bd-63d2-422b-9cd4-58ef2a65b16d,FB Post,IMAGE,16.7.2026 17:21:15,"V sobotu 18. července budeme u toho. 🚲

UNIted HK najdete na akci Den s cyklisty na Smetanově nábřeží před restaurací Náplavka v Hradci Králové.

Od 10:00 do 17:00 se za námi můžete zastavit u stánku, pokecat o univerzitním hokeji a zároveň podpořit charitativní akci, jejíž výtěžek půjde na Nadační fond seko onkologie, spolek Dlouhá cesta a handicapovaného sportovce.

Na místě bude program pro děti i dospělé, cyklojízda směr Kuks, dražba dresů a sportovních předmětů, doprovodný program a další aktivity.

Vstup na akci je zdarma.

Stavte se za námi na Náplavce. Rádi vás uvidíme.",https://www.facebook.com/122180651084388974/posts/122188802582388974,479,,2,,
@riderspardubice,facebook,f99ed6c3-17cc-46f4-a32e-d9b0576ce2df,bbc46856-4f8d-421a-82d8-7554f98a2225,FB Post,IMAGE,12.3.2026 15:39:22,"Poslední zápas v dresu Riders pro @dominikkopecky_99 🔥

Přijď udělat Dominikovi do enteria areny nezapomenutelnou atmosféru a rozloučit se s ním na zápas proti @united_hk! 

🎟️ Vstupenky ve slevě s kódem KOPECKY20 👀",https://www.facebook.com/1592662819534019/posts/1574561141344187,506,,10,,
@univerzitnihokej,facebook,01b45180-0b14-4a14-96e8-d0a4bab1fb9f,04c3caac-5f7e-4117-b503-dd8ebdaf93ee,FB Post,IMAGE,3.3.2026 21:52:38,Falcons se dnes vyspali lépe než včera a posílají Akademiky zpátky do Plzně bez bodů 🚌,https://www.facebook.com/1275398168115026/posts/1253206820334161,718,,4,,
@univerzitnihokej,instagram,1e114592-3529-4cfe-9977-2598454053af,be1c6d54-dbd5-4234-ac12-44f5a31be403,IG Story,VIDEO,15.4.2026 7:56:19,,https://www.instagram.com/stories/univerzitnihokej/3875702644752826411,,1420,,,43
vsefalcons,instagram,709fceba-e311-48e7-9057-f54a587abf4a,cfd136aa-d061-40b5-817d-6bb06a839def,IG Post,IMAGE,8.4.2026 18:45:14,"Sen, který jsme měli od začátku sezóny. A teď ho žijem, tady s váma ❤️

Falcons, vidíme se za týden v Edenu! @unihokejfinalfour 🥹",https://www.instagram.com/p/DW4Zc22iO1A/,,19081,416,10,64
@cvutengineers,instagram,11963a07-7f0f-48e6-9d81-aa63a7ff4a04,f192ba36-e88d-4396-beef-08c87a30502a,IG Post,PHOTO,25.3.2026 7:41:04,"GAMEDAY | Poslední zápas základní části je tady! 🔥

Dnešní večer bude speciální ✨. Na ledě se naposledy v rámci základní části představí několik hráčů, kteří se po sezoně rozloučí s Engineers 🥺. Přijď jim vyjádřit respekt 🫶🏻 a podpořit nás. 

⏰ 20:00
📍 Zimní stadion Hvězda 
🎟️ Odkaz v biu",https://www.instagram.com/p/DWTJVQtjIwf/,,4978,113,,14
@riderspardubice,instagram,4d6a67ab-9313-4f77-a82e-abb18adbca5d,2e325bea-eb59-4a39-9e14-f4117bede240,IG Story,VIDEO,13.4.2026 10:13:26,,https://www.instagram.com/stories/riderspardubice/3874322102090530306,,651,,,
vsefalcons,instagram,709fceba-e311-48e7-9057-f54a587abf4a,5f395105-1446-4d26-8765-47808d4c7416,IG Reel,VIDEO,16.2.2026 7:58:23,"Kluci jsou na zítřejší olympijský zápas víc než ready, tak buď i ty 🫵🏼 

Napiš do komentářů “SLEVA” a my ti do DMs pošleme kódík na slevičku na zítřejší zápas 🤪 

Těšíme se na vás 💙",https://www.instagram.com/reel/DUz6jqACHkh/,,6693,68,1,7
@AkademiciPlzen,facebook,d87b94e3-03e8-45d0-b92e-75e9b819545c,a25e60d7-f27c-48c5-a842-e90737aa6d6b,FB Video,VIDEO,24.3.2026 18:37:53,"I náš nejhladovější hráč @_rihastepan_ má před tréninkem spousty energie na rozdávání! ⚡️

#zott #zotthungry #hungrydrinkthis",https://www.facebook.com/reel/1418928949507166/,461,113,2,,
@hcnorthwings,facebook,2b08a479-603b-46e4-8a48-2bc0435ccd53,a6966b33-6226-4d01-a18f-a1675066441b,FB Video,VIDEO,12.3.2026 4:58:54,🎤 | Pozápasové ohlasy z 24.kola @univerzitnihokej v podání @akademiciplzen (Kamil #Hajšman) #univerzitnihokej,https://www.facebook.com/reel/983824994148395/,481,133,3,,
vsefalcons,instagram,709fceba-e311-48e7-9057-f54a587abf4a,d546a648-b5a3-4f41-9aab-cacb822986d7,IG Story,VIDEO,31.3.2026 17:43:47,JDEME DO VEDENÍ! 2 minuty před koncem,https://www.instagram.com/stories/vsefalcons/3865126718658860442,983,850,,1,
@hc_muni,instagram,43cd62c8-609d-4ea6-8ce9-cae5242ede0c,3f75e464-787b-4ea7-891e-91f57f62ffd4,IG Post,PHOTO,25.3.2026 21:34:10,"Konec dobrý, všechno dobré 🐻💙 Rozloučení se sezonou jak má být 

#hcmuni",https://www.instagram.com/p/DWUpEv-Dqln/,,5400,262,2,36
vsefalcons,instagram,709fceba-e311-48e7-9057-f54a587abf4a,a80fbb0f-9be1-437d-925f-efe187194e12,IG Story,VIDEO,7.2.2026 21:12:15,PŘÍŠTÍ ZÁPAS UŽ V ÚTERÝ 🎟️ 🦅,https://www.instagram.com/stories/vsefalcons/3827543282444416976,,992,,,
@hcmuni,facebook,d1f9e9f9-7526-42d4-85aa-13f91e89f7cf,c45c08bd-fcdc-40c9-82d7-bf6910476b15,FB Post,PHOTO,25.3.2026 12:27:27,"🔥 GAME DAY IS HERE🔥
Poslední brněnské derby téhle sezóny je tady, tak si ho pojďme společně pořádně užít a udělat randál! 🐻🥁

Lístky koupíte👇🏻

https://hcmuni.enigoo.cz/app/tickets/events/136

#hcmuni",https://www.facebook.com/1581741777288398/posts/1575676091228300,267,,4,,
vsefalcons,instagram,709fceba-e311-48e7-9057-f54a587abf4a,e9b859c2-eb66-4f35-8dce-36e886c19236,IG Story,VIDEO,12.3.2026 18:22:33,,https://www.instagram.com/stories/vsefalcons/3851375522974551225,1329,1008,,,
@hc_muni,instagram,43cd62c8-609d-4ea6-8ce9-cae5242ede0c,682aab9f-32fa-4b20-b018-e910071afc27,IG Story,VIDEO,10.4.2026 15:38:28,,https://www.instagram.com/stories/hc_muni/3872311373153972214,,837,,,3
@united_hk,instagram,b18c071b-0570-48b2-b743-990c668c3c5b,76c9d0cc-ba92-483b-95ac-fa047d839e81,IG Post,IMAGE,23.4.2026 8:05:42,"Děkujeme MarketingPPC za podporu v sezoně 2025/26.

Digitální agentura, která pomáhá firmám růst díky chytrým online kampaním a práci s daty.

Díky, že stojíte za UNIted HK. 🖤🧡",https://www.instagram.com/p/DXd4LadiOLI/,,826,8,,1
@univerzitnihokej,instagram,1e114592-3529-4cfe-9977-2598454053af,c70cf485-a1b3-4073-a93e-a6a3fc339bce,IG Story,VIDEO,31.3.2026 12:38:30,,https://www.instagram.com/stories/univerzitnihokej/3864973034989814711,,10702,,,1
@univerzitnihokej,facebook,01b45180-0b14-4a14-96e8-d0a4bab1fb9f,ea76c99b-3306-4c5a-a17f-4c957967d497,FB Post,PHOTO,31.3.2026 6:18:08,Cesta do @unihokejfinalfour startuje dnes! 🔥 Kdo se probojuje do Edenu a získá Pohár Jana Palacha? 🏆,https://www.facebook.com/1275398168115026/posts/1274640951524081,730,,9,,
@akademiciplzen,instagram,65494228-95bf-4f7b-8e68-d47d7262db66,7cc9db3e-8be2-4ba8-a473-f0edb56ba1bf,IG Story,VIDEO,7.4.2026 11:41:37,BRUSLENÍ S AKADEMIKY SE BLÍŽÍ! ⛸️ @akademicifans,https://www.instagram.com/stories/akademiciplzen/3870017832549643955,,1127,,,5
vsefalcons,instagram,709fceba-e311-48e7-9057-f54a587abf4a,2d19371b-a079-4d77-bb6d-34793ffc456f,IG Reel,VIDEO,24.2.2026 9:31:41,"Survivor mode: ON 🥊

Druhý díl @survivorcs_official již dnes na Kateřinkách od 19:45! 🏝️",https://www.instagram.com/reel/DVIrWaziD9R/,,3797,49,,3
@united_hk,instagram,b18c071b-0570-48b2-b743-990c668c3c5b,3103bf73-1b0b-4344-8d27-069fa20eb6ee,IG Story,VIDEO,12.8.2026 14:32:52,,https://www.instagram.com/stories/united_hk/3962150555203710031,,484,,,
@riderspardubice,instagram,4d6a67ab-9313-4f77-a82e-abb18adbca5d,32ad6c6e-f9c7-4d59-b31f-976856047381,IG Story,VIDEO,2.4.2026 8:47:27,@foxconn_czech 👋,https://www.instagram.com/stories/riderspardubice/3866306292797454042,,611,,,
@engineersprague,facebook,afd06d1d-7b1c-4f66-8d93-ce4255ab773c,69c20ac4-cd68-4c81-b2eb-350e3bbbc292,FB Story,VIDEO,2.3.2026 20:12:46,,,,,,,
@AkademiciPlzen,facebook,d87b94e3-03e8-45d0-b92e-75e9b819545c,fd34b6bb-17ad-40e3-bccb-62bdbad2e149,FB Post,IMAGE,4.3.2026 17:56:20,"Rozbruslení za námi, POJĎME! 💙

#akademiciplzen #jarnibitva",https://www.facebook.com/1357105236437494/posts/1334713738676644,554,,7,,
vsefalcons,instagram,709fceba-e311-48e7-9057-f54a587abf4a,fd5f24be-3603-4df4-b2b2-71b3958f3047,IG Story,IMAGE,10.2.2026 22:25:48,,https://www.instagram.com/stories/vsefalcons/3829754620528835598,612,812,,,1
@univerzitnihokej,instagram,1e114592-3529-4cfe-9977-2598454053af,a39196f1-91d1-4b46-8baf-db3233a56f13,IG Reel,VIDEO,12.3.2026 19:04:24,Kdo dneska vyhraje finále @bitvaoprahu ?👀,https://www.instagram.com/reel/DVy6ArAiBtD/,,30031,500,1,215
@hcnorthwings,facebook,2b08a479-603b-46e4-8a48-2bc0435ccd53,c6a73e81-44e4-427d-a428-bb04372ee173,FB Video,VIDEO,4.3.2026 20:48:53,🎤 | Pozápasové ohlasy z 23. kola @univerzitnihokej v podání @hcnorthwings (Oldřich #Vojíř) #univerzitnihokej,https://www.facebook.com/reel/942427535409296/,755,301,2,,
vsefalcons,instagram,709fceba-e311-48e7-9057-f54a587abf4a,428d2565-d69d-4057-89e8-0641587006a8,IG Story,VIDEO,20.4.2026 16:33:30,VOUSY DOLE A HNED TO JSOU ZAS FEŠÁCI 🫦 🤩,https://www.instagram.com/stories/vsefalcons/3879586670987193178,889,916,,1,4
@hcmuni,facebook,d1f9e9f9-7526-42d4-85aa-13f91e89f7cf,bbd654f4-8c92-4026-8112-35ec4f753857,FB Post,PHOTO,23.3.2026 8:09:52,"Hokej na ledě možná skončil, ale na parketu to teprve začíná! 🏒🔥 Nenech si ujít AFTERPARTY v @maisonclublounge 
Doraž a pojďme společně sezónu zakončit v tom největším stylu!💙

💥 A vstup? Jen za „kilečko“ (100kč)! Lístky bereš rovnou na místě, žádnej stres📍

Na suchu taky nezůstaneš!!! 🥂🍹
Velké panáky za 20kč
Speciální drinky za 120kč

#hcmuni",https://www.facebook.com/1581741777288398/posts/1573577611438148,496,,2,,
vsefalcons,instagram,709fceba-e311-48e7-9057-f54a587abf4a,deca305e-0b44-4d93-968d-c849801c6def,IG Post,IMAGE,4.8.2026 14:51:47,Ulovili jsme pár momentek z letních prázdnin 🏖️ Poslední dny odpočinku a v pondělí 10.8. naskakujeme zpátky na led hledat nové Falcons tváře! 🦅,https://www.instagram.com/p/Dbn0iRjCFYp/,,4190,111,1,45
@218107044725785,facebook,7a942e3e-6c47-4794-9ba7-bbc7b6d40cb3,ee46d7d0-8301-4f26-b637-c813e8ddedc1,FB Post,IMAGE,8.4.2026 18:45:30,"Sen, který jsme měli od začátku sezóny. A teď ho žijem, tady a teď, s váma ❤️

Falcons, vidíme se za týden v Edenu! @unihokejfinalfour 🥹",https://www.facebook.com/122282816036218300/posts/122283039152218300,1565,,22,,
@riderspardubice,instagram,4d6a67ab-9313-4f77-a82e-abb18adbca5d,62d2f4b1-d2ef-4da1-b975-09b61665271b,IG Story,VIDEO,17.4.2026 16:39:19,🤏,https://www.instagram.com/stories/riderspardubice/3877415332789150266,,881,,,
@united_hk,instagram,b18c071b-0570-48b2-b743-990c668c3c5b,bc884781-f499-47a8-90aa-14feb8a1f47a,IG Post,PHOTO,31.3.2026 7:51:49,"🔥 Dnes začíná bitva o Final Four.

PLAY-IN.

Jeden zápas, který rozhodne všechno.

Vyhraješ a zůstáváš ve hře.
Prohraješ a sezóna končí.

Dnes jdeme ALL IN.

Drž nám palce.🖤🧡

#unitedhk #unihokej #uhk #hradeckralove",https://www.instagram.com/p/DWioLE7CPCb/,,7331,99,,11
vsefalcons,instagram,709fceba-e311-48e7-9057-f54a587abf4a,4cf05b5d-ebc3-4daa-a966-3c216e0b049a,IG Story,VIDEO,8.6.2026 13:44:57,MONDAY DRILL 🥵,https://www.instagram.com/stories/vsefalcons/3915015850474142488,,1018,,,11
vsefalcons,instagram,709fceba-e311-48e7-9057-f54a587abf4a,6ea49123-5037-4c51-88e5-8eef0e1b1db3,IG Story,VIDEO,13.2.2026 13:35:58,🤹🏻‍♂️ @hamrbrmbrm13,https://www.instagram.com/stories/vsefalcons/3831662305474037144,904,904,,,4
vsefalcons,instagram,709fceba-e311-48e7-9057-f54a587abf4a,f86708a7-3fa9-4f83-a923-53d47904c8a0,IG Story,VIDEO,9.3.2026 11:01:35,MÁME TU DNES NĚKOHO NA ŽIŽKOVĚ? 🤔,https://www.instagram.com/stories/vsefalcons/3848979201252677441,868,,,,1
@riderspardubice,instagram,4d6a67ab-9313-4f77-a82e-abb18adbca5d,10733b4b-d158-47cd-8f21-3a72a49e2114,IG Reel,VIDEO,17.4.2026 16:18:38,"Chvilku pro sebe 🫂
@63skorpiz & @radek_bednar_",https://www.instagram.com/reel/DXPTkIuDCJx/,,6947,237,,16
@hcmuni,facebook,d1f9e9f9-7526-42d4-85aa-13f91e89f7cf,5fb75942-8e31-4554-8112-bd821e01c134,FB Post,IMAGE,4.3.2026 21:24:45,"Pátá sice odbila, ani tak to ale nestačilo ⚔️",https://www.facebook.com/1581741777288398/posts/1557031689759407,403,,2,,
vsefalcons,instagram,709fceba-e311-48e7-9057-f54a587abf4a,768ea0e6-ab98-4225-89c8-dd687928fea4,IG Story,VIDEO,24.3.2026 20:11:30,"NEVZDÁVÁME
SE 💪🏼",https://www.instagram.com/stories/vsefalcons/3860127641319788047,756,559,,,
@riderspardubice,instagram,4d6a67ab-9313-4f77-a82e-abb18adbca5d,e6a3efda-0ebb-4045-91cf-fabf7f5792b8,IG Story,IMAGE,8.4.2026 22:21:57,,https://www.instagram.com/stories/riderspardubice/3871064900730937291,,105,,,
@AkademiciPlzen,facebook,d87b94e3-03e8-45d0-b92e-75e9b819545c,7cc381b4-9248-4257-acfc-437ac4288f8d,FB Video,VIDEO,17.3.2026 13:21:53,"Ví naši fanoušci, co je ofsajd? 👀
A kdo to pak nejvíc rozjel na afterparty? 😏

Na to se diváků na bitvě zeptala @deniskaurbankova 🎤.
Mrkni, jak to dopadlo!

#akademiciplzen #univerzitnihokej",https://www.facebook.com/reel/1257454349247715/,697,306,4,,
@riderspardubice,instagram,4d6a67ab-9313-4f77-a82e-abb18adbca5d,775bfdfa-3346-4eb6-8f03-7ff44dc6a711,IG Post,IMAGE,4.3.2026 21:00:54,Důležitý zápas VYHRÁN! Další 3 body jsou v Pardubicích!💪🏼🥳,https://www.instagram.com/p/DVeg6pPDAQU/,,5872,94,,13
@unitedhk,facebook,bfe6cc29-a387-41b9-9bca-b077722556af,ccd02db8-ef6b-4bdb-80bb-c5897f22333b,FB Post,IMAGE,10.8.2026 13:21:34,"MATCH DAY. 🏒

Dnes nás čeká první přátelský zápas nové sezony.

V ČPP aréně se potkáme se ŠAVŠ Raccoons, univerzitní tým z Mladé Boleslavi.

🕡 18:30
📍 ČPP aréna
🎟️ Vstup zdarma

Vidíme se na zimáku.",https://www.facebook.com/122180651084388974/posts/122190607436388974,232,,2,,
@hcnorthwings,facebook,2b08a479-603b-46e4-8a48-2bc0435ccd53,f0013a63-b978-40fa-9c2e-e8b458d1fe98,FB Story,VIDEO,18.3.2026 17:57:04,,,,,,,
@bitvaoprahu,facebook,75e0f41f-82be-4f82-a77b-82ac11135ed2,58ad3b11-1520-43c8-953c-6db445a48169,FB Post,IMAGE,12.3.2026 19:07:56,"Druhý bronz a vedle toho důležité tři body v boji o @unihokejfinalfour ! 🆕🔜

Gratulujeme @vsecz 🤍 a přejeme hodně štěstí v nadcházejícím play off. 🔥 #bitvaoprahu & @deloittecz",https://www.facebook.com/1441262177797849/posts/1420329453224455,173,,1,,
vsefalcons,instagram,709fceba-e311-48e7-9057-f54a587abf4a,79fe8708-7192-40d7-b11f-097aca5a1b03,IG Reel,VIDEO,9.12.2025 7:58:59,It's timeee…dnes nás čeká vánoční zápas proti @ukkingsprague 😮‍💨 Přijďte nás podpořit a užít si vánoční atmosféru na Hvězdu! 🎄⭐️,https://www.instagram.com/reel/DSCP85bCEzR/,,5567,93,,5
@univerzitnihokej,facebook,01b45180-0b14-4a14-96e8-d0a4bab1fb9f,511a3e43-b926-4f21-ba76-ae862060be70,FB Post,IMAGE,23.3.2026 21:45:50,"Black Dogs vystrčili růžky a seřezali krále tabulky 🫣 východní Čechy patří Hradci, připisují si 4. výhru proti Riders 💪🏼",https://www.facebook.com/1275398168115026/posts/1268692002118976,576,,3,,
vsefalcons,instagram,709fceba-e311-48e7-9057-f54a587abf4a,86b69f1c-72a3-43cc-b554-26bafc8b0311,IG Story,VIDEO,3.3.2026 18:37:17,PARTNEREM DNEŠNÍHO UTKÁNÍ JE  @mosteckamontazni 👷🏽‍♂️ 🦺,https://www.instagram.com/stories/vsefalcons/3844860152646206821,779,960,,,1
@218107044725785,facebook,7a942e3e-6c47-4794-9ba7-bbc7b6d40cb3,b100f46d-fd8a-4362-a872-4fdbde305c1f,FB Video,VIDEO,14.4.2026 7:17:56,"Party moves, které oživí každou afterku🕺🏽

A dokonce i tu, co bude po @unihokejfinalfour 🤪 Ve čtvrtek i v pátek na vás čeká party přímo vedle zimáku 🥂 Tak vem kámoše a prodlužte si večer 🤘🏼

🎟️ Lístky kupujte na finalfour.cz",https://www.facebook.com/reel/851836427931147/,580,285,10,,
@riderspardubice,instagram,4d6a67ab-9313-4f77-a82e-abb18adbca5d,5878312d-7dd3-4b59-ac0c-cc4815a224fd,IG Reel,VIDEO,5.8.2026 7:51:46,"Je nám jasný, že vás zajímá, jak se kluci připravovali na letošní sezonu🤔 
Tak tady máte přehled😎",https://www.instagram.com/reel/DbppBkaxST6/,,6001,158,,32
@univerzitnihokej,instagram,1e114592-3529-4cfe-9977-2598454053af,70cfec7a-3638-43d7-9799-73f9c35e2c3d,IG Post,IMAGE,12.4.2026 8:24:54,"Šanci na poslední volné místo ve Final Four dnes dostávají Black Dogs a Riders 🙌🏼
Kdo z nich ji využije a doplní tak finálovou čtyřku? 🥵",https://www.instagram.com/p/DXBlo5_iLmO/,,3810,76,,13
univerzitnihokej,tiktok,01c88cf9-594f-408e-a45a-95114221acae,e5160e91-eb87-4539-81e6-fb11cfd366d5,TT Video,VIDEO,10.4.2026 15:26:06,"Pražáci, jste ready? 👀🔥 Dvě Bitvy o Prahu nestačily… tak si dáme ještě jedno opáčko. Ale tentokrát o titul celé ligy! 🏆 Ať fandíš UK, ČVUT nebo VŠE – tvůj tým tě potřebuje. 🗓️ 16.-17. dubna | 📍Zimní stadion Eden 🎟️ finalfour.cz",https://www.tiktok.com/@univerzitnihokej/video/7627152206835404035?utm_campaign=tt4d_open_api&utm_source=7348986504397455361,,1049,76,,1
@univerzitnihokej,instagram,1e114592-3529-4cfe-9977-2598454053af,0983c683-556c-4511-8dfc-21b1c8d83ba6,IG Story,VIDEO,12.4.2026 11:51:13,,https://www.instagram.com/stories/univerzitnihokej/3873646544889054856,,1330,,,
vsefalcons,instagram,709fceba-e311-48e7-9057-f54a587abf4a,2d0961f8-0eed-4f62-a517-c00c73c5148c,IG Story,VIDEO,12.2.2026 13:15:36,OSMIFINÁLE ✅ 🤝🏼 @czufarmers,https://www.instagram.com/stories/vsefalcons/3830927284811389134,708,708,,,2
vsefalcons,instagram,709fceba-e311-48e7-9057-f54a587abf4a,a4da78ca-9d77-4f36-a4b2-68ff4ec542ca,IG Post,CAROUSEL_ALBUM,8.3.2026 13:52:57,"Holky, tenhle je pro vás 😘

S váma je ten hokej o něco hezčí 🌷 děkujeme, že vás máme!",https://www.instagram.com/p/DVoDXAxiCqY/,,5499,189,4,14
vsefalcons,instagram,709fceba-e311-48e7-9057-f54a587abf4a,f41715ed-415c-4299-a3b1-394fc40bc89f,IG Story,VIDEO,17.4.2026 13:14:15,,https://www.instagram.com/stories/vsefalcons/3877312075785573464,953,1068,,,
vsefalcons,instagram,709fceba-e311-48e7-9057-f54a587abf4a,274d68ef-d025-4d15-9d75-e66acb64cf85,IG Story,VIDEO,22.4.2026 13:12:27,FINAL FOUR jdeme opět do ⚽️,https://www.instagram.com/stories/vsefalcons/3880934909162350363,1129,1141,,,41
@univerzitnihokej,facebook,01b45180-0b14-4a14-96e8-d0a4bab1fb9f,8da04b00-1406-4ab5-86b0-40cb3ab5b6f2,FB Post,IMAGE,8.4.2026 21:46:26,"Co zápas, to kino! 🍿 Známe tři účastníky historicky prvního Final Four 🥵

Falcons ovládli výlet v Budějcích, Kings si vyzkoušeli Eden nanečisto a Engineers urvali výhru po dramatických samostatných nájezdech 🔥",https://www.facebook.com/1275398168115026/posts/1281496504171859,794,,7,,
@riderspardubice,instagram,4d6a67ab-9313-4f77-a82e-abb18adbca5d,d32bcfc7-c068-4a6f-9788-a4cb1d8241e7,IG Story,VIDEO,8.4.2026 19:03:01,"KOMERČNÍ 
PŘESTÁVKA 👀 @garnier_czsk",https://www.instagram.com/stories/riderspardubice/3870964847807153276,,559,,,1
@boostrava,instagram,1176ddaf-d366-48a2-9639-3c6694c72c85,6f168423-c70e-4c62-915c-52aed185e8ba,IG Post,IMAGE,4.3.2026 5:22:33,"🔥GAME DAY🔥 Jedeme do BRNA
@vutcavaliersbrno x @boostrava 
Kdo si odnese 3 body?",https://www.instagram.com/p/DVc1ev9jP2j/,,1881,25,,2
@univerzitnihokej,instagram,1e114592-3529-4cfe-9977-2598454053af,6dbe13bf-ad4b-4a53-bc01-001cc1f5d979,IG Story,VIDEO,8.4.2026 17:48:53,UTKÁNÍ ODSTARTOVALO UŽ I NA,https://www.instagram.com/stories/univerzitnihokej/3870927480886423230,,841,,,1
@218107044725785,facebook,7a942e3e-6c47-4794-9ba7-bbc7b6d40cb3,4916c3e5-6887-4e0b-b129-07ef2783eed9,FB Post,IMAGE,13.3.2026 18:21:10,"Včera to byl samej úsměv 🫶🏼 největší poděkování patří vám, že jste v tom s námi a ženete nás dopředu 🩵 

Teď už zapínáme pásy a letíme dááál 🦅",https://www.facebook.com/122282816036218300/posts/122278687778218300,570,,20,,
@riderspardubice,instagram,4d6a67ab-9313-4f77-a82e-abb18adbca5d,feec72b1-03c4-480c-8ae3-b7ca7879052b,IG Story,VIDEO,17.4.2026 13:16:25,PŘED ZÁPASEM SE ODEHRÁL MANAŽERSKÝ HOKEJ 🔥 🏒,https://www.instagram.com/stories/riderspardubice/3877313173284213240,,1133,,,
@cvutengineers,instagram,11963a07-7f0f-48e6-9d81-aa63a7ff4a04,18e6316a-2694-458a-a018-99e47ad0b56f,IG Story,VIDEO,12.4.2026 14:04:05,"Ve Final Four se potkáme 
s @vsefalcons 🤩",https://www.instagram.com/stories/cvutengineers/3873713443694209126,,894,,,7
vsefalcons,instagram,709fceba-e311-48e7-9057-f54a587abf4a,84af9be2-0f49-4d86-b007-5e17d6dd086d,IG Story,VIDEO,12.2.2026 19:56:28,TĚŠÍME SE NA TEBE! 💙,https://www.instagram.com/stories/vsefalcons/3831129012949237539,574,746,,1,2
@univerzitnihokej,instagram,1e114592-3529-4cfe-9977-2598454053af,649f0547-3d64-4f4f-a906-c89892c88bd5,IG Story,VIDEO,8.4.2026 8:52:58,NĚCO DNESKA SPUSTÍME 🤫 @unilifecz,https://www.instagram.com/stories/univerzitnihokej/3870657724476341103,,1600,,,1
@univerzitnihokej,facebook,01b45180-0b14-4a14-96e8-d0a4bab1fb9f,84f962d5-9561-45e8-afcb-d516a66b2984,FB Post,IMAGE,12.3.2026 21:07:06,Tak který tým si odnesl víc peněz? 💰,https://www.facebook.com/1275398168115026/posts/1259782893009887,449,,,,
vsefalcons,instagram,709fceba-e311-48e7-9057-f54a587abf4a,705a5d2e-a543-457c-bcdd-543cc44a4712,IG Story,VIDEO,8.4.2026 18:40:19,4:0,https://www.instagram.com/stories/vsefalcons/3870953415685755219,959,790,,,3
@akademiciplzen,instagram,65494228-95bf-4f7b-8e68-d47d7262db66,11a6b6eb-eda2-4a4d-8917-b01865e331c2,IG Reel,VIDEO,1.4.2026 11:55:58,"🐣 SOUTĚŽ O DRESY 🏒

Najdi dnes na stadionu schované vajíčko, dones ho moderátorovi a nový dres je tvůj! 👀

V tomhle fitu budeš na všech zápasech za hvězdu. ⭐️
A pozor… tohle není jediná dnešní nadílka 🤫
Doraz na zápas a zjistíš víc.

#akademiciplzen 💙",https://www.instagram.com/reel/DWloHNUDKSm/,,12312,256,2,65
@univerzitnihokej,instagram,1e114592-3529-4cfe-9977-2598454053af,1ab5d12f-2c0e-4948-b3b8-085090ba1695,IG Reel,VIDEO,9.4.2026 17:22:19,@ukkingsprague si daji 16.4. opáčko v Edenu na @unihokejfinalfour 🎟️ Tentokrat už budou bojovat o titul a pohár Jana Palacha! 🏆 Vstupenky na finalfour.cz,https://www.instagram.com/reel/DW60AUuCBbG/,,10045,178,1,16
@akademiciplzen,instagram,65494228-95bf-4f7b-8e68-d47d7262db66,5857362a-395b-4150-ad7d-13a199e3a7ea,IG Story,VIDEO,6.4.2026 21:19:25,☀️ 🤝🏻 AKADEMICI SUMMER CITY FEST MY BUDEME U TOHO! a ty?,https://www.instagram.com/stories/akademiciplzen/3869583871302185763,,361,,,
@riderspardubice,instagram,4d6a67ab-9313-4f77-a82e-abb18adbca5d,987e4f2f-cca1-4694-890c-0da6aa54b44a,IG Story,VIDEO,2.4.2026 7:57:21,"ROZHÝBEJME UNIVERZITU 
V PLNÉM PROUDU!",https://www.instagram.com/stories/riderspardubice/3866281110959607889,,649,,,
@cvutengineers,instagram,11963a07-7f0f-48e6-9d81-aa63a7ff4a04,b45b2a37-b1fd-44b0-b93b-4c93925b233f,IG Story,VIDEO,3.4.2026 6:31:32,NÁS DĚLÍ OD FINAL FOUR JEDEN JEDINEJ ZÁPAS…,https://www.instagram.com/stories/cvutengineers/3866962660663527435,,1012,,,5
@hcnorthwings,facebook,2b08a479-603b-46e4-8a48-2bc0435ccd53,459798c8-2d13-4aa4-a239-0e76985116e6,FB Story,VIDEO,4.3.2026 11:04:07,,,,,,,
@AkademiciPlzen,facebook,d87b94e3-03e8-45d0-b92e-75e9b819545c,cb3e00d8-a472-44c4-8d0d-4d746e4243a2,FB Post,IMAGE,26.3.2026 19:33:26,"Všechno nebo nic. 

#akademiciplzen",https://www.facebook.com/1357105236437494/posts/1352720673542617,317,,1,,
@cvutengineers,instagram,11963a07-7f0f-48e6-9d81-aa63a7ff4a04,39dc87ee-175f-414a-8195-725973dfb34f,IG Story,VIDEO,15.4.2026 17:11:44,📍 ENGINEERS HLÁSÍ PŘÍJEZD 🦁,https://www.instagram.com/stories/cvutengineers/3875982217797450174,,1205,,,5
@united_hk,instagram,b18c071b-0570-48b2-b743-990c668c3c5b,a74c4b69-e5fd-4625-80cb-54794294ae21,IG Story,VIDEO,13.4.2026 17:51:52,,https://www.instagram.com/stories/united_hk/3874552665648695075,,433,,,
@akademiciplzen,instagram,65494228-95bf-4f7b-8e68-d47d7262db66,e4d278c6-1e02-418b-97a9-87033630efc4,IG Story,VIDEO,1.4.2026 18:49:29,POŠLI ALBIMU ČTYŘLÍSTEK PRO ŠTĚSTÍ!,https://www.instagram.com/stories/akademiciplzen/3865884572642993566,,1135,,,
@riderspardubice,instagram,4d6a67ab-9313-4f77-a82e-abb18adbca5d,69fb7e24-95ac-444b-af51-7da981b1a78b,IG Story,VIDEO,31.3.2026 20:37:22,NYNÍ NÁS NA NAŠÍ CESTĚ DO FINAL FOUR ČEKÁ ZÁPAS VE FINÁLE PLAY-IN!,https://www.instagram.com/stories/riderspardubice/3865214057741840236,,617,,,
@riderspardubice,instagram,4d6a67ab-9313-4f77-a82e-abb18adbca5d,bb324ab6-6b6d-4d64-9eeb-210d8760f95e,IG Story,VIDEO,8.4.2026 19:27:25,1:1,https://www.instagram.com/stories/riderspardubice/3870977113059325267,,492,,,1
@akademici_plzen,tiktok,8f78cb3d-9c53-4c33-9f39-e6526fd8fa1c,28e9a08c-a018-4a73-85bb-2ea2e598f8c9,TT Video,VIDEO,9.3.2026 18:55:54,"Generální manažer a trenér @Dominik Beer v rozhovoru pro @ČT sport o tom, jak se @Univerzitní hokej 🏒 za poslední roky posunul. 🚀🚀🚀 #akademiciplzen",https://www.tiktok.com/@akademici_plzen/video/7615331568395062550?utm_campaign=tt4d_open_api&utm_source=7348986504397455361,,2454,110,,2
@univerzitnihokej,instagram,1e114592-3529-4cfe-9977-2598454053af,48f5fcf1-054c-484a-a513-119699ae1e3d,IG Story,IMAGE,17.4.2026 20:16:33,,https://www.instagram.com/stories/univerzitnihokej/3877524782114675731,,1269,,,
@univerzitnihokej,facebook,01b45180-0b14-4a14-96e8-d0a4bab1fb9f,dc3cf947-e852-4a7c-96b9-ea5a2d3436df,FB Video,VIDEO,5.3.2026 15:49:32,NEUVĚŘITELNÝ ZÁVĚR ZÁPASU 🫨 @akademiciplzen zvládli vstřelit rovnou dvě branky během jednoho prodloužení 👀,https://www.facebook.com/reel/2513070415806056/,96943,56735,471,,
@riderspardubice,instagram,4d6a67ab-9313-4f77-a82e-abb18adbca5d,ba0b5211-6254-4387-9b25-5b5711bd557f,IG Story,VIDEO,12.4.2026 11:17:44,NÁŠ KOTLÍK NEZKLAMAL!,https://www.instagram.com/stories/riderspardubice/3873630573558559377,,1485,,,3
@riderspardubice,facebook,f99ed6c3-17cc-46f4-a32e-d9b0576ce2df,f96e04de-2bef-467c-86b0-d00411e14408,FB Post,IMAGE,16.4.2026 8:20:06,"GAMEDAY 😎

🏒 SEMIFINÁLE
🆚 @ukkingsprague
📍 Zimní stadion Eden, Praha
🕓 16. dubna | 16:30

🎟️ Vstupenky koupíš přes odkaz v BIU!",https://www.facebook.com/1592662819534019/posts/1606075618192739,191,,2,,
@unitedhk,facebook,bfe6cc29-a387-41b9-9bca-b077722556af,5d2ba16f-9e11-4c0a-88d4-3d90b648d5ad,FB Video,VIDEO,25.3.2026 16:15:02,"Založíš účet do konce března?
Pak jsi ve hře o 100 000 Kč. 😏

A to není všechno:

⚡ rychlé a jednoduché založení online
💸 odměna 1 500 Kč za založení účtu
🍻 20 % cashback na drinky na UNIted HK afterparty

Takže jestli účet ještě nemáš… možná je teď ideální čas.

#unitedhk #unihokej #hokej",https://www.facebook.com/reel/27101900679411991/,354,104,1,,
vsefalcons,instagram,709fceba-e311-48e7-9057-f54a587abf4a,7829fd34-90f6-4532-a3ad-2d6f41917179,IG Post,IMAGE,8.2.2026 8:05:05,"FALCONS PUB KVÍZ IS BAAAACK!

Minule sklidil velký úspěch, a proto jsme se ho rozhodli udělat znovu a mnohem vymazlenější! 🤓

Čeká vás večer plný zábavy, dobrého piva a pořádné dávky vědomostního adrenalinu. 🧠 Vyhrát můžete bombové ceny, kterými nás vybavil Red Bull, Proud nebo Grant Thornton, a vítěz si domu odnese lístky na Bitvu o Prahu ‼️

Do týmu se může přihlásit 4-5 lidí, vstupné je zdarma a bar s top drinky je samozřejmostí. 🥂

26.2. | Akademický klub, Italská budova | 19:00

Registrovat se můžete přes link na profilu. Těšíme se na vás! 💙

#vsefalcons #pubkviz",https://www.instagram.com/p/DUfVN8rCCRx/,,9855,30,,31
vsefalcons,instagram,709fceba-e311-48e7-9057-f54a587abf4a,b815cf33-46d3-47ae-abd5-e6bea0eaa05a,IG Story,VIDEO,31.3.2026 15:30:23,,https://www.instagram.com/stories/vsefalcons/3865059549900230502,999,986,,1,3
@univerzitnihokej,facebook,01b45180-0b14-4a14-96e8-d0a4bab1fb9f,1cd8e3ef-f4e9-4d67-93a1-302a2dfa80e7,FB Post,IMAGE,30.3.2026 16:04:37,Všechny zápasy PLAY-IN sledujte živě na @sport_ct ➕📺 Program zápasů u nás na profilu! 👆🏻,https://www.facebook.com/1275398168115026/posts/1274232244898285,935,,4,,
vsefalcons,instagram,709fceba-e311-48e7-9057-f54a587abf4a,95a82af2-cda1-4b92-b56e-86564bbe927e,IG Story,VIDEO,12.3.2026 19:40:08,,https://www.instagram.com/stories/vsefalcons/3851414512838698852,1253,912,,,
@univerzitnihokej,instagram,1e114592-3529-4cfe-9977-2598454053af,d0b45844-4645-4c8b-84d9-1d1e509a0f71,IG Story,STORY,31.3.2026 12:06:54,NEBO NA SPOTIFY 🎧 👇🏼,https://www.instagram.com/stories/univerzitnihokej/3864957128746255946,,1111,,,
@riderspardubice,instagram,4d6a67ab-9313-4f77-a82e-abb18adbca5d,e8e6464e-b533-416b-8c3c-173096e43b1b,IG Post,IMAGE,2.3.2026 9:13:38,"Dnes si Riders vezmou do duelu @cvutengineers !🔥 Kdo tento duel zvládne jako vítěz?

Survivor game
🗓️ 2. 3. v 19:00
📍 v Enteria Arena
⚔️ proti @cvutengineers 

Vstupenky zakoupíš v BIU!🎟️🥥
#riders#survivorgame#survivor",https://www.instagram.com/p/DVYGS9aDANA/,,3947,27,,4
@bitvaoprahu,instagram,d7c8aa06-74fb-4c6c-a7d2-c2fe1bf6d59c,0b34c83b-13d5-469f-b7df-29b73517177e,IG Reel,VIDEO,12.3.2026 13:59:08,"Udělej dneska na Bitvě dobrej skutek! ❤️‍🩹

Přímo na hale za sektorem UK a ČZU najdeš zápisová místa do registru dárců kostní dřeně. Tak se tam zastav! 👊🏼",https://www.instagram.com/reel/DVyXBMbDEyA/,,19055,121,2,12
@riderspardubice,facebook,f99ed6c3-17cc-46f4-a32e-d9b0576ce2df,2924dfb4-735b-4a0e-9de5-6bd8e2528451,FB Video,VIDEO,16.4.2026 14:22:51,Jsme v Praze ❤️‍🔥🐎,https://www.facebook.com/reel/1491593522542990/,310,90,1,,
@bitvaoprahu,facebook,75e0f41f-82be-4f82-a77b-82ac11135ed2,c856ad6c-80d6-4e5c-be77-9029a85a5aed,FB Post,IMAGE,12.3.2026 22:36:14,"Tradičně už plný barák! 🏟️🔥

Jste úžasní, vážíme si každého z vás! 🙏🏼 #bitvaoprahu",https://www.facebook.com/1441262177797849/posts/1420430376547696,332,,1,,
vsefalcons,instagram,709fceba-e311-48e7-9057-f54a587abf4a,d8278dbd-e50b-4ba3-a0b7-d78ef17313ae,IG Reel,VIDEO,4.2.2026 10:25:36,"Sent this to the Super Bowl halftime show casting.
@badbunnypr hasn’t replied yet, but we’re staying ready. 💃🏻🕺🏻

#superbowl #badbunny",https://www.instagram.com/reel/DUVQ8iTiDBv/,,14626,382,1,121
@univerzitnihokej,instagram,1e114592-3529-4cfe-9977-2598454053af,144b638d-d0e9-435d-8af2-8ed5bae94db1,IG Reel,VIDEO,11.3.2026 19:38:38,Kluci v Ostravě se toho taky nebojí👀,https://www.instagram.com/reel/DVwZIhNiLTr/,,11202,209,,61
@riderspardubice,instagram,4d6a67ab-9313-4f77-a82e-abb18adbca5d,325a6843-f3db-4e46-a998-33076aec1fbf,IG Story,VIDEO,8.4.2026 19:23:55,1:1,https://www.instagram.com/stories/riderspardubice/3870976725539189644,,491,,,
@cvutengineers,instagram,11963a07-7f0f-48e6-9d81-aa63a7ff4a04,6d0c1acf-024a-43fb-8cc6-c01161d9b3c6,IG Reel,VIDEO,17.4.2026 16:47:25,"Tak kdo se v tom má vyznat taky… 🤷🏼‍♀️🤷🏼‍♀️

Gear: @b_hockey_czech",https://www.instagram.com/reel/DXPWiMBDAJZ/,,22399,401,2,16
vsefalcons,instagram,709fceba-e311-48e7-9057-f54a587abf4a,279a7da1-9a56-4008-a5d1-347d71fa2aea,IG Reel,VIDEO,3.3.2026 9:04:55,"Kdo z kluků si zaslouží mic na dnešním zápase? 🤓

📅dneska 📍 @icearenakaterinky ⏰ 19:45",https://www.instagram.com/reel/DVaqMhGCNl2/,,3201,77,,6
vsefalcons,instagram,709fceba-e311-48e7-9057-f54a587abf4a,349957a3-1109-4c60-b54d-96ea3738b315,IG Story,VIDEO,26.2.2026 20:29:01,VEČEREM PROVÁZÍ NAŠE OBLÍBENÁ DVOJKA @cech.ondrejj 🤝🏼 @alan.david6 🎤,https://www.instagram.com/stories/vsefalcons/3841292270238750590,1432,2150,,,2
@riderspardubice,instagram,4d6a67ab-9313-4f77-a82e-abb18adbca5d,5b2cbaa6-f5d1-4846-b012-4a6fc75c7619,IG Reel,VIDEO,5.3.2026 19:13:27,"🐱 V pondělí za námi do enteria areny přijedou @blackdogsbudweis_vste! 🐕

A my při této příležitosti společně podpoříme KoČIČÍ depozitum Lovčice! 

Jak můžete opuštěným kočičkám pomoci s námi? 
- přineste s sebou na zápas kočičí žrádlo - granule, konzervy, ňaminky 
- přispějte finančním darem - ideálně v hotovosti na místě nebo pomocí QR kódu na kostce.

Minulý semestr jsme pomohli pejskům z @farma_u_veselyho_psa, tak pojďme znovu spojit síly a tentokrát pomoci kočičkám z KoČIČÍ depozitum Lovčice! 

Vstupenky za zapas koupíš přes odkaz v BIU!",https://www.instagram.com/reel/DVg5lJoDLRh/,,6337,68,,14
@riderspardubice,instagram,4d6a67ab-9313-4f77-a82e-abb18adbca5d,82063097-d118-4de0-a0fc-68048bd3eaf9,IG Reel,VIDEO,16.4.2026 16:30:54,Fanoušci mají jasno! ❤️‍🔥,https://www.instagram.com/reel/DXMwWmcDKvw/,,5495,132,,25
@riderspardubice,instagram,4d6a67ab-9313-4f77-a82e-abb18adbca5d,a3a48143-39f1-4795-90fb-63dc48e44415,IG Post,IMAGE,9.3.2026 16:31:52,"POZOR POZOR! 😍

Dneska do druhé přestávky sháníme soutěžící, kteří si zahrají o voucher do SKYBOXU od @enteria_holding na poslední zápas sezony! 

Kdo si dnes zahraje o takovýhle luxus?",https://www.instagram.com/p/DVq5l82DBNN/,,4029,59,5,4
@akademiciplzen,instagram,65494228-95bf-4f7b-8e68-d47d7262db66,d4d68be8-b3a3-4550-83e2-4d6161e1d09a,IG Story,VIDEO,6.4.2026 20:21:56,@jakubvotoupal,https://www.instagram.com/stories/akademiciplzen/3869554939983069245,,778,,,2
@univerzitnihokej,facebook,01b45180-0b14-4a14-96e8-d0a4bab1fb9f,10c138ba-4cdc-40d4-915c-d56133322167,FB Post,ALBUM,31.3.2026 8:49:54,"PRVNÍ DUEL PLAY-IN 😤

Falcons 🆚 UNIted
Jeden zápas. Jedna šance. Kdo postoupí do finále? 👇🏻",https://www.facebook.com/1275398168115026/posts/1274714014850108,281,,2,,
@univerzitnihokej,instagram,1e114592-3529-4cfe-9977-2598454053af,4f8e391c-bfaa-473f-a272-142580ee6844,IG Post,IMAGE,11.3.2026 9:11:40,Moravské derby je tady! Souboj @boostrava a @hc_muni můžete sledovat dnes od 19:00 na ČT sport 🍿,https://www.instagram.com/p/DVvQ9FxiOJ3/,,10150,104,,12
@univerzitnihokej,facebook,01b45180-0b14-4a14-96e8-d0a4bab1fb9f,993b1088-8022-4253-a521-36d8e50f908a,FB Video,VIDEO,2.4.2026 16:22:51,Semifinálové drama v Budějovicích 😤 Cavaliers domácí Black Dogs potrápili až do nájezdů.,https://www.facebook.com/reel/1302653698430910/,2749,1412,8,,
vsefalcons,instagram,709fceba-e311-48e7-9057-f54a587abf4a,adca0a34-86e2-4a62-bb4b-5d3cc5a51cdd,IG Story,VIDEO,10.2.2026 18:49:00,🕺 @jan_kubata  PLAYLIST V POŘÁDKU,https://www.instagram.com/stories/vsefalcons/3829645520767832049,660,852,,,
@united_hk,instagram,b18c071b-0570-48b2-b743-990c668c3c5b,c17aa6d2-3893-4097-afe3-d8e33a8110ef,IG Reel,VIDEO,10.3.2026 17:42:41,"Světla zhasínají. 
Příběh hokejistů začíná. 🏒🎬

🎟️Zapoj se do soutěže:

2x2 lístky na maratón první série Heated Rivalry v kinách CineStar pro tebe a tvého kámoše! 

📌Podmínky soutěže:
1) označ, s kým bys seriál chtěl/a vidět 
2) dej like na post

Ve čtvrtek vylosujeme 2 výherce, kteří si můžou premiéru užít přímo z první rady!

#unitedhk #unihokej #hbomax #heatedrivalry",https://www.instagram.com/reel/DVtlHMiiH0W/,,5574,138,19,42
vsefalcons,instagram,709fceba-e311-48e7-9057-f54a587abf4a,c580611e-7e79-403a-b842-7b32d4701eaf,IG Reel,VIDEO,6.4.2026 16:28:04,"Asi se shodneme, že by kluci měli zůstat u omotávání hokejek 🤦🏽‍♀️

#vsefalcons",https://www.instagram.com/reel/DWy__YpCKTy/,,,158,6,25
@vutcavaliersbrno,instagram,b384bebf-72f3-4f9d-8b2d-3677709f6966,cd5b4446-7bec-49a0-b7b1-632caf8aa7a6,IG Reel,VIDEO,6.3.2026 11:59:15,"daly jsme klukům jednorázový foťák na @hokejovy_souboj_univerzit a takto to dopadlo🤩
inspirováno @lifeonfilm",https://www.instagram.com/reel/DVisaahCC7A/,,10275,212,5,15
@univerzitnihokej,instagram,1e114592-3529-4cfe-9977-2598454053af,ded04504-06db-4c01-ae5d-37704d83306c,IG Post,IMAGE,10.3.2026 22:29:19,V Praze to dnes bylo na ostří nože 🔪 Kings jsou zpátky na vítězné vlně a Engineers nechali Falcons bod po nájezdech 🙌🏼,https://www.instagram.com/p/DVuICv7iDM0/,,3539,94,,2
@riderspardubice,instagram,4d6a67ab-9313-4f77-a82e-abb18adbca5d,64c803fe-a285-4655-b521-f3c3a30da6c4,IG Story,VIDEO,8.4.2026 7:31:52,,https://www.instagram.com/stories/riderspardubice/3870616904293708860,,869,,,1
vsefalcons,instagram,709fceba-e311-48e7-9057-f54a587abf4a,b9b977e9-fb56-4ebd-bed2-43f288fc0141,IG Story,VIDEO,16.4.2026 10:00:56,ZA PÁR HODIN  JDEME DO BOJE 🦅,https://www.instagram.com/stories/vsefalcons/3876489899180354086,2313,2693,,1,2
@AkademiciPlzen,facebook,d87b94e3-03e8-45d0-b92e-75e9b819545c,e2a660fc-02bf-4688-aad2-646dd5ff0ba7,FB Post,IMAGE,3.3.2026 15:57:04,"JARNÍ BITVA UŽ ZÍTRA! 👊🏻

Doraž včas na Proud, Redbull nebo svařák do fanzóny, nalaď hlasivky a pojď z toho udělat večer, na kterej se bude vzpomínat!

🕰️ 17:30 otevření fanzóny
📍 LOGSPEED CZ Aréna
🎟️ Lístky najdeš v biu nebo na plzenskabitva.cz

Tak co, bude nás ještě víc než loni? 🔥
#akademiciplzen",https://www.facebook.com/1357105236437494/posts/1333889612092390,628,,16,,
@riderspardubice,instagram,4d6a67ab-9313-4f77-a82e-abb18adbca5d,85c07faa-8f76-4101-b044-be7eb05a4aa4,IG Story,VIDEO,4.4.2026 22:25:15,,https://www.instagram.com/stories/riderspardubice/3868167456921766740,,111,,,
@hc_muni,instagram,43cd62c8-609d-4ea6-8ce9-cae5242ede0c,c0eac1a3-f240-4e06-bd78-3c20b9fcf825,IG Story,IMAGE,11.8.2026 11:42:22,ICE ON DAY 2 🔥 TRY OUT,https://www.instagram.com/stories/hc_muni/3961339967125224377,,1363,,,5
@univerzitnihokej,facebook,01b45180-0b14-4a14-96e8-d0a4bab1fb9f,d9863777-ac4b-4cc8-98fe-401be4e2a4cd,FB Post,IMAGE,18.3.2026 10:35:20,"❤️‍🔥 Jarní část TOP utkání za námi, @unihokejfinalfour🔜",https://www.facebook.com/1275398168115026/posts/1264018495919660,1046,,3,,
vsefalcons,instagram,709fceba-e311-48e7-9057-f54a587abf4a,3689f4b2-65d9-44e1-9b26-3932c6e65d9f,IG Story,VIDEO,14.3.2026 16:29:50,@_jobas57_  NAVYŠUJE,https://www.instagram.com/stories/vsefalcons/3852770179730164820,754,726,,,
vsefalcons,instagram,709fceba-e311-48e7-9057-f54a587abf4a,3bc37d09-0119-4c9e-8600-d7a8cef5fe6b,IG Story,VIDEO,12.3.2026 15:28:03,,https://www.instagram.com/stories/vsefalcons/3851287659872315003,1476,1299,,,
@united_hk,tiktok,7e062517-b9da-416d-b73d-a2c5899a2be6,57c137a4-8119-47b5-9efe-ca615e39824d,TT Video,VIDEO,9.3.2026 19:52:07,"🔥 Plná ČPP Aréna, derby Hradec vs. Pardubice a Halftime Show Adama Mišíka. Východočeské derby univerzit znovu ukázalo, jak vypadá studentský hokej ve velkém stylu v rámci Univerzitní ligy ledního hokeje. Do arény dorazilo 2 379 fanoušků, kteří vytvořili skvělou atmosféru od prvního buly až do posledních minut. Na ledě tvrdý souboj UNIted HK a Riders Univerzita Pardubice. O přestávce velká show – Adam Mišík, který rozpálil celou halu. 🎥 Mrkni na oficiální aftermovie a připomeň si nejlepší momenty z jednoho z největších univerzitních hokejových eventů ve východních Čechách. 🌐 Více info: www.unitedhk.cz/derby #unitedhk #unihokej #hokej",https://www.tiktok.com/@united_hk/video/7615346051091860759?utm_campaign=tt4d_open_api&utm_source=7348986504397455361,,771,43,1,1
@hc_muni,instagram,43cd62c8-609d-4ea6-8ce9-cae5242ede0c,76a27517-7f8f-4710-a2b6-489d5a85562d,IG Story,VIDEO,12.8.2026 8:54:04,,https://www.instagram.com/stories/hc_muni/3961980068717035330,,1933,,,14
@riderspardubice,instagram,4d6a67ab-9313-4f77-a82e-abb18adbca5d,cc10efc7-46b6-4ee8-8660-3c013a675d4b,IG Post,IMAGE,17.4.2026 11:56:55,"Napiš do komentáře svého nejoblíbenějšího hráče a my vylosujeme dva z vás, kteří vyhrají vstupenky na dnešní FF! 🥉",https://www.instagram.com/p/DXO1kgNjMfo/,,1212,32,2,2
@united_hk,instagram,b18c071b-0570-48b2-b743-990c668c3c5b,5d0eabb5-bf89-4dce-ad25-a866eb763b83,IG Story,VIDEO,22.4.2026 18:30:44,,https://www.instagram.com/stories/united_hk/3881095258209579012,,356,,,
vsefalcons,instagram,709fceba-e311-48e7-9057-f54a587abf4a,17060e2f-9265-4f2d-9ce2-df95480f7128,IG Story,VIDEO,16.4.2026 18:30:16,,https://www.instagram.com/stories/vsefalcons/3876746351803388109,1051,839,,1,
vsefalcons,instagram,709fceba-e311-48e7-9057-f54a587abf4a,4259ce33-c6e2-46a2-86a4-c520312bb824,IG Story,VIDEO,2.3.2026 18:27:41,@tomas_bartonn 🤝 @fanda__david,https://www.instagram.com/stories/vsefalcons/3844130346585566724,655,814,,,4
@218107044725785,facebook,7a942e3e-6c47-4794-9ba7-bbc7b6d40cb3,5d0dbb52-679b-40eb-922d-9541a3b5deb0,FB Video,VIDEO,12.3.2026 17:23:38,KSN 🤩,https://www.facebook.com/reel/775453088687858/,481,244,7,,
@akademiciplzen,instagram,65494228-95bf-4f7b-8e68-d47d7262db66,6f6c6b0b-e5db-4ef3-a4f4-0bfb4a69f125,IG Story,VIDEO,15.4.2026 13:56:02,"1. STAHUJ APKU ČSOB
2. KLIKNI NA ODKAZ
3. VYHRAJ! 1. STAHUJ APKU ČSOB
2. KLIKNI NA ODKAZ
3. VYHRAJ!",https://www.instagram.com/stories/akademiciplzen/3875883694762520064,,943,,,
@akademiciplzen,instagram,65494228-95bf-4f7b-8e68-d47d7262db66,3429804e-4733-4779-b49b-614374aa6162,IG Story,VIDEO,4.4.2026 19:19:08,📝,https://www.instagram.com/stories/akademiciplzen/3868073783005563756,,1123,,,5
@univerzitnihokej,instagram,1e114592-3529-4cfe-9977-2598454053af,44401e82-1887-4f4b-b98e-a4c917752cb1,IG Post,ALBUM,31.3.2026 8:49:36,"PRVNÍ DUEL PLAY-IN 😤

Falcons 🆚 UNIted
Jeden zápas. Jedna šance. Kdo postoupí do finále? 👇🏻",https://www.instagram.com/p/DWiu7T5CC3M/,,11385,210,,19
@riderspardubice,instagram,4d6a67ab-9313-4f77-a82e-abb18adbca5d,66d79413-10aa-470a-912a-f41b49fc340b,IG Story,VIDEO,28.4.2026 16:15:45,,https://www.instagram.com/stories/riderspardubice/3885376100683758809,,714,,,
vsefalcons,instagram,709fceba-e311-48e7-9057-f54a587abf4a,305eacef-708a-45ee-86e5-4764cd3bf100,IG Story,VIDEO,17.2.2026 11:54:53,ČECHÝŇO VČERA MĚL VÁŽNEJ CALL,https://www.instagram.com/stories/vsefalcons/3834510556044785897,739,1027,,,2
@BOhokej,facebook,c9082543-a03b-490f-8f97-66d439acce89,5cd7bf06-eec9-4d68-be55-823ab0539400,FB Post,ALBUM,26.3.2026 8:17:13,"POSLEDNÍ ZÁPAS základní části máme za sebou!🔥
Teď se chystáme na PLAY-IN, kde už půjde o všechno!
Věříme ve Vaši maximální podporu☘️",https://www.facebook.com/1477974067675582/posts/1472980991508223,409,,2,,
vsefalcons,instagram,709fceba-e311-48e7-9057-f54a587abf4a,a1f3c4ec-b1b5-4d82-b637-82fff04080e4,IG Story,VIDEO,13.3.2026 16:17:44,,https://www.instagram.com/stories/vsefalcons/3852037555323721563,972,923,,,
@akademiciplzen,instagram,65494228-95bf-4f7b-8e68-d47d7262db66,c80a4f99-9832-496b-8088-8c8d1b980636,IG Story,VIDEO,24.4.2026 15:41:37,@vpotocesevodatoci,https://www.instagram.com/stories/akademiciplzen/3882459709458646539,,1035,,,2
vsefalcons,instagram,709fceba-e311-48e7-9057-f54a587abf4a,fc7f8e66-30d3-4df1-b529-2a4ac282ca4f,IG Reel,VIDEO,26.5.2026 12:21:10,"Tak uvidíme jak to nakonec letos dopadne 👀

#ms2026",https://www.instagram.com/reel/DYzTfVpoksP/,,89579,2291,82,154
@riderspardubice,facebook,f99ed6c3-17cc-46f4-a32e-d9b0576ce2df,734676a3-e752-4c13-b789-d036d95d3df1,FB Post,IMAGE,15.3.2026 20:00:18,"Po posledním domácím zápase této sezony nás čeká afterparty v @dydybaba! 🤩🪩

Tak doražte na zápas a pak se všichni potkáme v Dýdý!",https://www.facebook.com/1592662819534019/posts/1577299241070377,501,,2,,
@united_hk,tiktok,7e062517-b9da-416d-b73d-a2c5899a2be6,46e67ace-064c-4cf9-a2a3-f1942ea43383,TT Video,VIDEO,20.3.2026 18:47:32,"💋 Kiss Cam z derby Derby není jen o hokeji. Některé momenty patřily i Kiss Cam. A někdy to bylo hodně zajímavé 😄 Výherci si odnesli luxusní večeři pro 2 v hodnotě 1500 Kč. Díky partnerovi Pivovarské domy za tenhle moment, na který se jen tak nezapomíná. Podívej se ve videu. 🖤🧡❤️ @Univerzitní hokej 🏒 ",https://www.tiktok.com/@united_hk/video/7619411347696078102?utm_campaign=tt4d_open_api&utm_source=7348986504397455361,,1420,38,,
vsefalcons,instagram,709fceba-e311-48e7-9057-f54a587abf4a,4d4281bd-9735-43a5-9358-d1907413600f,IG Story,VIDEO,14.3.2026 14:46:24,BRAZILKA  před zápasem ⚽️ ⚽️,https://www.instagram.com/stories/vsefalcons/3852716246827581597,894,1005,,,
@riderspardubice,instagram,4d6a67ab-9313-4f77-a82e-abb18adbca5d,8a2d0f06-bea4-4894-b63e-5132ad6c197a,IG Story,VIDEO,17.4.2026 16:30:58,,https://www.instagram.com/stories/riderspardubice/3877411142662680035,,895,,,
vsefalcons,instagram,709fceba-e311-48e7-9057-f54a587abf4a,bce1e907-6c7d-453e-a9f3-ebdc0ab9c41b,IG Story,VIDEO,3.3.2026 20:39:29,@___pajer24 👏🏻 🙅🏻,https://www.instagram.com/stories/vsefalcons/3844921448188120053,643,837,,,4
@engineersprague,facebook,afd06d1d-7b1c-4f66-8d93-ce4255ab773c,c9b92b6d-f25c-4ebb-a467-082af4018f09,FB Story,IMAGE,10.3.2026 21:13:02,,,,,,,
@cvutengineers,instagram,11963a07-7f0f-48e6-9d81-aa63a7ff4a04,fbff76f9-9501-4165-b75a-c26d240a3f06,IG Post,IMAGE,12.4.2026 14:56:50,"ONE TEAM ONE DREAM 
Čekají nás nejdůležitější zápasy této sezony. Buďte u toho s námi a ukažte, kdo má to pravé #SRDCELVA 🦁.

#engprg",https://www.instagram.com/p/DXCSfhvDBu8/,,6453,228,1,15
vsefalcons,instagram,709fceba-e311-48e7-9057-f54a587abf4a,36ca414f-4348-41d9-aa2c-ca4006d6fdd6,IG Story,VIDEO,11.4.2026 9:35:30,včera jsme něco tvořili @garnier_czsk 🤫,https://www.instagram.com/stories/vsefalcons/3872853463096928927,1202,1345,,1,8
vsefalcons,instagram,709fceba-e311-48e7-9057-f54a587abf4a,79860911-2016-44b4-9091-d0d9a0cba12e,IG Story,VIDEO,12.3.2026 18:07:39,TO LÍTÁÁÁ 🦅,https://www.instagram.com/stories/vsefalcons/3851367988729494897,1332,1027,,,
vsefalcons,instagram,709fceba-e311-48e7-9057-f54a587abf4a,860e8727-66a6-4c82-b95a-c6e0098058d3,IG Story,IMAGE,30.3.2026 9:30:19,,https://www.instagram.com/stories/vsefalcons/3864153540902051335,675,778,,,2
@218107044725785,facebook,7a942e3e-6c47-4794-9ba7-bbc7b6d40cb3,260045e7-0272-4d57-907d-7691c327d0a9,FB Post,IMAGE,11.3.2026 17:42:17,"Tak toto? 🥹 JSTE BLÁÁÁZNI ❤️

Vážíme si každýho z vás a už zejtra se všichni vidíme na @bitvaoprahu 🥉",https://www.facebook.com/122282816036218300/posts/122278376702218300,223,,12,,
@riderspardubice,instagram,4d6a67ab-9313-4f77-a82e-abb18adbca5d,4daf729d-c0b9-4ec0-ba13-ccf91865767c,IG Story,VIDEO,12.4.2026 13:03:54,VÝBORNÝ ZÁKROK 👏🏻👏🏻 @63skorpiz  2:1,https://www.instagram.com/stories/riderspardubice/3873683161372985119,,1080,,,
@cvutengineers,instagram,11963a07-7f0f-48e6-9d81-aa63a7ff4a04,aadaa9c7-d279-42bc-a246-a69bdd8b402e,IG Post,IMAGE,4.3.2026 21:45:44,"Dneska zůstaly 3 body doma na Hvězdě ✊🏼
No a příští týden bude nabitej 🫡 be ready!

#engprg #win",https://www.instagram.com/p/DVel7p4DNaU/,,3069,91,,3
@univerzitnihokej,facebook,01b45180-0b14-4a14-96e8-d0a4bab1fb9f,00bc087c-286c-4127-9431-ad5802f272e2,FB Post,IMAGE,1.4.2026 19:25:15,"O největší drama se postarali Black Dogs, kteří porážejí Cavaliers až na samostatné nájezdy 😮‍💨",https://www.facebook.com/1275398168115026/posts/1275944821393694,878,,7,,
@hcnorthwings,facebook,2b08a479-603b-46e4-8a48-2bc0435ccd53,33efd8d5-98db-4a39-9a75-09d05236cc26,FB Story,VIDEO,1.4.2026 14:45:32,,,,,,,
vsefalcons,instagram,709fceba-e311-48e7-9057-f54a587abf4a,c81b9e15-1163-4f2d-a639-7b44328fad40,IG Story,VIDEO,3.2.2026 19:06:37,🍿 🛋️ A KDO SE NEZVLÁDL DOSTAVIT,https://www.instagram.com/stories/vsefalcons/3824581006674368086,,1186,,,1
@bitvaoprahu,instagram,d7c8aa06-74fb-4c6c-a7d2-c2fe1bf6d59c,f282a2a5-123a-49b8-afcf-401e8d629222,IG Post,IMAGE,11.3.2026 19:30:17,Jakej si na after vymyslíš program necháme na tobě...😏 ale hrát ti k tomu bude tenhle našláplej lineup 🕺🪩,https://www.instagram.com/p/DVwYU_7FxSq/,,19500,136,1,82
@cvutengineers,instagram,11963a07-7f0f-48e6-9d81-aa63a7ff4a04,4a192c65-1522-4bfe-8bf2-0ca267818136,IG Post,IMAGE,1.8.2026 7:38:45,"Máme tady jeden comeback! 🦁
Na střídačku se vrací legenda Engineers Petr Ujfaluši. Tentokrát v roli asistenta trenéra. 🫡

Ujfi, vítej zpátky doma! Máme radost, že jsi zase součástí #engprg a těšíme se na společnou sezonu. 🔥",https://www.instagram.com/p/DbfUKoDsccM/,,6796,180,5,14
@engineersprague,facebook,afd06d1d-7b1c-4f66-8d93-ce4255ab773c,9f077cc8-785a-4bfe-97d4-5c53f912f251,FB Story,IMAGE,12.3.2026 22:31:19,,,,,,,
@riderspardubice,instagram,4d6a67ab-9313-4f77-a82e-abb18adbca5d,bb162ab4-283c-4ab7-b6bf-692ad818d8b4,IG Post,IMAGE,12.4.2026 13:55:18,Tohle je crazyyy! Všichni jdeme nabíhejme vyprodat vstupenky na @unihokejfinalfour! 🤯🤯,https://www.instagram.com/p/DXCLS7IjAmg/,,21225,435,15,61
vsefalcons,instagram,709fceba-e311-48e7-9057-f54a587abf4a,d6185d60-ed70-4c32-b46a-c63c47a16f39,IG Story,VIDEO,3.3.2026 18:30:13,BAGO time ⚽️,https://www.instagram.com/stories/vsefalcons/3844856355400224833,704,842,,,
@boostrava,instagram,1176ddaf-d366-48a2-9639-3c6694c72c85,fd6efd25-d177-42b5-a768-3ab8ffb8b702,IG Post,IMAGE,16.3.2026 20:04:48,"Nenechte si ujít zápas s Pardubicemi! 🍀

Ke vstupence vás čeká pivko a zelená zdarma! 🍻
Vstupenky najdeš v biu 🎫

#hockey #ostrava #stpatricksday2026",https://www.instagram.com/p/DV9T4ciDOZf/,,4651,26,,21
@univerzitnihokej,instagram,1e114592-3529-4cfe-9977-2598454053af,85d6a5b9-e4e4-4204-96d5-112b4c1ed1cd,IG Story,VIDEO,17.4.2026 14:53:03,,https://www.instagram.com/stories/univerzitnihokej/3877361945875610714,,1716,,,
@united_hk,instagram,b18c071b-0570-48b2-b743-990c668c3c5b,c3d376e1-8167-4637-9de8-bebdc3099bf5,IG Post,IMAGE,27.4.2026 11:12:14,"S UNIted HK se loučí i náš asistent trenéra Mario Kellner.

Mario byl důležitou součástí realizačního týmu a podílel se na tom, jak tým fungoval na ledě i mimo něj.
Svoji práci dělal poctivě a vždy ve prospěch týmu.

Díky za čas, energii a všechno, co jsi pro UNIted HK udělal.

Přejeme ti hodně štěstí do další životní kapitoly.
🖤🧡",https://www.instagram.com/p/DXogtEMCFRd/,,4987,110,1,13
vsefalcons,instagram,709fceba-e311-48e7-9057-f54a587abf4a,11082307-f8c7-4078-9337-94288458a534,IG Reel,VIDEO,5.3.2026 9:59:25,"Soutěž pro vás ‼️ 

Kdo z vás do komentářů napíše kolikrát řekl @bulvafilip “vole”, vyhrává dva lístky na úterní zápas 🤩",https://www.instagram.com/reel/DVf5jeiiF-r/,,4422,119,7,38
@riderspardubice,instagram,4d6a67ab-9313-4f77-a82e-abb18adbca5d,926d7b8c-f6f6-46a0-bc1e-15b0373cd484,IG Story,VIDEO,12.4.2026 13:52:44,,https://www.instagram.com/stories/riderspardubice/3873707704695133898,,1208,,,
@boostrava,instagram,1176ddaf-d366-48a2-9639-3c6694c72c85,990e0404-6b5c-40c5-96b4-9820963f4f63,IG Reel,REEL,27.3.2026 19:16:30,"Paparazzi už to ví… Tak si to zapiš taky! 👀

31.3. nás čeká play-in a půjde o všechno! 🔥

#savethedate #hockey #hockeygame",https://www.instagram.com/reel/DWZjMLmDF-G/,,8639,93,,36
vsefalcons,instagram,709fceba-e311-48e7-9057-f54a587abf4a,9efd1783-b5ec-4c66-9185-38fa9386dfb4,IG Story,VIDEO,3.2.2026 17:41:10,dneska tady máme jeden COMEBACK @jan_kubata 🏒 🥹❤️‍🩹,https://www.instagram.com/stories/vsefalcons/3824537963812410912,,1582,,,2
@bitvaoprahu,instagram,d7c8aa06-74fb-4c6c-a7d2-c2fe1bf6d59c,a466e14a-83e9-4cf8-ac56-f83d6879006d,IG Post,IMAGE,11.3.2026 17:37:38,Už zítra je Bitva day! 🫨🫨🥳🥳,https://www.instagram.com/p/DVwLT_NDA-r/,,12024,61,,9
@bitvaoprahu,instagram,d7c8aa06-74fb-4c6c-a7d2-c2fe1bf6d59c,c54e3933-1543-4cf0-a9fe-3c5c63f5156c,IG Post,IMAGE,12.3.2026 22:51:47,"👑 OBHAJOBA KINGS! 🏆🥇

Gratulujeme staronovým vládcům, @ukkingsprague . 🎩",https://www.instagram.com/p/DVzUNHVDPu2/,,112832,3902,7,255
@boostrava,instagram,1176ddaf-d366-48a2-9639-3c6694c72c85,f8b6c6f0-60b9-483d-a19b-b3f1d543ffef,IG Post,IMAGE,4.3.2026 21:15:01,"Vítězíme! 🦈

Další 3 body znamenají již 6. výhru v řadě! 🔥🎉

#win #hockey #žraloci",https://www.instagram.com/p/DVeiKU9jInr/,,1532,41,,1
@vutcavaliersbrno,instagram,b384bebf-72f3-4f9d-8b2d-3677709f6966,902bb45e-dad0-423c-b0c1-6284434ed60b,IG Story,IMAGE,1.4.2026 17:56:28,,https://www.instagram.com/stories/vutcavaliersbrno/3865857846361480882,,475,,,
@218107044725785,facebook,7a942e3e-6c47-4794-9ba7-bbc7b6d40cb3,aade16f7-db31-49b3-882e-7edef3654aa7,FB Video,VIDEO,12.3.2026 14:26:05,Jsme na místě 🥵,https://www.facebook.com/reel/1111260461130429/,627,270,12,,
vsefalcons,instagram,709fceba-e311-48e7-9057-f54a587abf4a,5a62c8a7-ad61-4a4c-836a-ddcecaa062f5,IG Story,VIDEO,17.1.2026 17:33:33,,https://www.instagram.com/stories/vsefalcons/3812213031682200506,,604,,,
@bitvaoprahu,instagram,d7c8aa06-74fb-4c6c-a7d2-c2fe1bf6d59c,700fda2a-8c4a-4bad-b7a5-579ac4d010ae,IG Story,VIDEO,10.4.2026 14:50:02,,https://www.instagram.com/stories/bitvaoprahu/3872286990565913677,,1017,,,1
@riderspardubice,instagram,4d6a67ab-9313-4f77-a82e-abb18adbca5d,245788ee-5bda-4bb7-8fd8-2485fa6374cc,IG Story,VIDEO,12.4.2026 13:03:00,KOTEL KOTLUJE!  DÍKY!,https://www.instagram.com/stories/riderspardubice/3873682672434555821,,1105,,,
@united_hk,instagram,b18c071b-0570-48b2-b743-990c668c3c5b,5610be79-8149-4a0b-a553-3ba9ccad0e2a,IG Story,IMAGE,14.4.2026 10:20:11,,https://www.instagram.com/stories/united_hk/3875050295139023162,,731,,,
vsefalcons,instagram,709fceba-e311-48e7-9057-f54a587abf4a,a62119b7-8db1-4e10-a7ca-41eece621c5b,IG Story,VIDEO,13.2.2026 7:53:15,FRAJEREM SE STANEŠ POUZE JEDNÍM ZPŮSOBEM 🙂‍↕️,https://www.instagram.com/stories/vsefalcons/3831489780714612914,551,551,,,
@riderspardubice,facebook,f99ed6c3-17cc-46f4-a32e-d9b0576ce2df,a08c8d66-2784-4d0a-a6d3-5cd475f2ccce,FB Post,IMAGE,11.3.2026 13:15:11,"🔥🏒 Kup si vstupenku na poslední domácí zápas semestru a automaticky se zařadíš do slosování o dvě vstupenky na páteční maraton Heated Rivalry v Pardubicích! 

Slosování ve čtvrtek večer 😎

@hbomaxczsk",https://www.facebook.com/1592662819534019/posts/1573488191451482,189,,1,,
@univerzitnihokej,facebook,01b45180-0b14-4a14-96e8-d0a4bab1fb9f,c8147af7-475a-448b-9153-f8e646d41300,FB Post,IMAGE,10.4.2026 14:12:18,Směr cesty 16. a 17.4. je jasnej! ➡️ @unihokejfinalfour 📍Zimní stadion Eden,https://www.facebook.com/1275398168115026/posts/1282743127380530,1082,,8,,
@united_hk,instagram,b18c071b-0570-48b2-b743-990c668c3c5b,d53ead82-d720-471b-a185-396b37cdb176,IG Post,PHOTO,26.3.2026 8:56:40,"Náš útočník Štěpán Kyclt dnes slaví narozeniny.

Všechno nejlepší, Štěpáne! 🎂
Užij si to.

🖤🧡

#unitedhk #unihokej #hokej",https://www.instagram.com/p/DWV3vreCBXD/,,2179,29,,
vsefalcons,instagram,709fceba-e311-48e7-9057-f54a587abf4a,da5cbc89-af62-42b6-a729-b5fa74a92a0c,IG Story,VIDEO,26.1.2026 15:20:29,JSME NA MÍSTĚ ❄️ ❄️,https://www.instagram.com/stories/vsefalcons/3818668926897268778,,1178,,,1
@riderspardubice,instagram,4d6a67ab-9313-4f77-a82e-abb18adbca5d,467129d9-b840-4f3b-964f-13ae118b6d9f,IG Story,VIDEO,31.3.2026 19:04:38,,https://www.instagram.com/stories/riderspardubice/3865167392058118351,,696,,,
@engineersprague,facebook,afd06d1d-7b1c-4f66-8d93-ce4255ab773c,57c9b902-3d7c-4603-a954-dc8fe86fa61d,FB Post,IMAGE,22.7.2026 9:54:52,"Nejen že jsou vtipný, hezký a šikovný… jsou i chytrý! 🤓

Gratulujeme všem ke studijním úspěchům. Ať už vás po létě čeká navazující studium, nebo nová životní etapa, přejeme hodně štěstí. 💙🦁

#engprg",https://www.facebook.com/1560924572517692/posts/1664641452146003,4511,,33,,
@boostrava,instagram,1176ddaf-d366-48a2-9639-3c6694c72c85,a4f798b7-4d77-40da-b494-5b42c82765c3,IG Post,IMAGE,14.4.2026 10:25:52,"Rádi bychom poděkovali trenérovi Honzovi Dětskému za tři úspěšné roky, které jsme mohli strávit pod jeho vedením.
Děkujeme za jeho přístup, podporu, trpělivost i nasazení, které nám po celou dobu předával.

Odnášíme si spoustu zkušeností i společných vzpomínek, na které budeme rádi vzpomínat.
Věříme, že se naše cesty v budoucnu ještě setkají.

Přejeme mnoho úspěchů do další etapy a ještě jednou VELKÉ DÍKY✨",https://www.instagram.com/p/DXG8v-oDNNJ/,,6768,204,2,44
@218107044725785,facebook,7a942e3e-6c47-4794-9ba7-bbc7b6d40cb3,aae04cec-af63-42e7-a101-0d4ca1b9cd2a,FB Post,IMAGE,12.4.2026 15:00:27,"Takhle vypadal náš poslední zápas proti @cvutengineers ⚔️

A už ve čtvrtek se s nimi utkáme znovu, jenže tento zápas bude znamenat MNOHEM více 🫨 Potřebujeme vás všechny u toho 📢

🎟️ Vstupenky na @unihokejfinalfour seženeš na profilu a můžeš použit kód “VSEFANS” ať fandíš levněji",https://www.facebook.com/122282816036218300/posts/122283645914218300,443,,13,,
vsefalcons,instagram,709fceba-e311-48e7-9057-f54a587abf4a,baa36078-b432-41bf-accd-2cc1dade586b,IG Reel,REEL,11.3.2026 7:21:22,"Natrénováno máme, teď to jen ukázat na ledě 😤 

Přijďte nás zítra podpořit na @bitvaoprahu 💪🏼 Budeme vás potřebovat víc, než kdy jindy! 💙

#vsefalcons #bitvaoprahu",https://www.instagram.com/reel/DVvE071iOkr/,,5946,79,4,21
@riderspardubice,instagram,4d6a67ab-9313-4f77-a82e-abb18adbca5d,da9344bf-b049-438e-9435-e918634b2354,IG Story,VIDEO,12.4.2026 13:20:43,EMOCE SE STUPŇUJÍ! 😬 +NESKUTEČNÝ @63skorpiz  2:2,https://www.instagram.com/stories/riderspardubice/3873691622768915357,,1074,,,
@univerzitnihokej,instagram,1e114592-3529-4cfe-9977-2598454053af,e08b20e6-8659-45f8-a7ff-a8c0b5e68b68,IG Reel,VIDEO,12.3.2026 18:00:19,Takové pohyby se asi naučil na farmě 🤭,https://www.instagram.com/reel/DVyyw1RCNJV/,,8741,172,,29
@akademiciplzen,instagram,65494228-95bf-4f7b-8e68-d47d7262db66,eaf2abd5-1b36-47cd-8f6b-e4cfabd0f600,IG Reel,VIDEO,17.3.2026 13:21:42,"Ví naši fanoušci, co je ofsajd? 👀
A kdo to pak nejvíc rozjel na afterparty? 😏

Na to se diváků na bitvě zeptala @deniskaurbankova 🎤.
Mrkni, jak to dopadlo!

#akademiciplzen #univerzitnihokej",https://www.instagram.com/reel/DV_KLZbDI7B/,,14820,311,2,57
@riderspardubice,instagram,4d6a67ab-9313-4f77-a82e-abb18adbca5d,17b4d444-5e6a-4bd1-9bd4-4f6f462f70d6,IG Post,IMAGE,17.4.2026 15:30:19,Druhá třetina před námi! 🏒,https://www.instagram.com/p/DXPOTNRjFgB/,,2912,66,,2
@univerzitnihokej,instagram,1e114592-3529-4cfe-9977-2598454053af,9c0c11b5-d23c-43a7-a2b0-514469a87b40,IG Story,VIDEO,18.4.2026 10:25:24,,https://www.instagram.com/stories/univerzitnihokej/3877952009991115457,,1217,,,1
vsefalcons,instagram,709fceba-e311-48e7-9057-f54a587abf4a,d2871e67-3608-45a0-9c2d-7ddc1f6a6f84,IG Story,VIDEO,10.3.2026 23:32:22,,https://www.instagram.com/stories/vsefalcons/3850081853306881917,759,,,,
@cvutengineers,instagram,11963a07-7f0f-48e6-9d81-aa63a7ff4a04,ebf4153d-8b38-48ce-a850-47668696d8e8,IG Story,VIDEO,8.4.2026 18:06:30,MÁME ZA SEBOU NEPROMĚNĚNOU 5 MINUTOUVOU PŘESILOVKU 😮‍💨,https://www.instagram.com/stories/cvutengineers/3870936358080776110,,957,,,
@AkademiciPlzen,facebook,d87b94e3-03e8-45d0-b92e-75e9b819545c,ebfae5c4-1d9c-46c8-931d-11d508be788c,FB Video,VIDEO,27.4.2026 20:04:18,"Zavzpomínali jsme na Jarní bitvu… a přenesli se až do devadesátek! 🎞️
Chybí vám taky ta atmosféra? Nesmutněte, už příští týden oznámíme datum Bitvy o Plzeň! 🔥

#akademiciplzen 💙",https://www.facebook.com/reel/1651183299271454/,746,335,2,,
@AkademiciPlzen,facebook,d87b94e3-03e8-45d0-b92e-75e9b819545c,f77b18e1-d255-466a-831a-65dfd827cdf4,FB Video,VIDEO,3.3.2026 8:30:54,"5 důvodů, proč přijít na Bitvu už v 17:30! 🕺🏼🪽🍻

#akademiciplzen #jarnibitva",https://www.facebook.com/reel/26197849436570204/,1383,513,9,,
@cvutengineers,instagram,11963a07-7f0f-48e6-9d81-aa63a7ff4a04,678476ab-940f-4180-879f-b25d0c635fcc,IG Story,VIDEO,17.4.2026 19:52:32,🚨🚨🚨 JE TAM!!!!! @bernattomas16,https://www.instagram.com/stories/cvutengineers/3877512537017482629,,1287,,,
@riderspardubice,instagram,4d6a67ab-9313-4f77-a82e-abb18adbca5d,a5e01015-e760-4100-9ccd-cc2be0eb332c,IG Story,VIDEO,12.4.2026 12:27:36,STŘÍDÁNÍ MUSÍ BÝT🏒 2:0,https://www.instagram.com/stories/riderspardubice/3873664877906909193,,1074,,,
@riderspardubice,facebook,f99ed6c3-17cc-46f4-a32e-d9b0576ce2df,b5ecb15e-28ab-45da-b64f-1a293a3fdc1d,FB Post,PHOTO,31.3.2026 10:01:19,"Dnes důležitý zápas v Ostravě- PLAY-IN!👊🏻🔥

Play-in
🗓️ 31.3. v 19:30
📍 v RT Torax Arena 
⚔️ proti @boostrava 

#playin#riders",https://www.facebook.com/1592662819534019/posts/1591934322940202,303,,6,,
@univerzitnihokej,facebook,01b45180-0b14-4a14-96e8-d0a4bab1fb9f,c778b4ad-8976-4d9a-a910-c207839cfc18,FB Post,PHOTO,30.3.2026 18:04:05,Jan Zoufal o univerzitním hokeji v Česku i zahraničí! 🇨🇿🌍 Celý článek na webu hokej.cz 👨🏻‍💻,https://www.facebook.com/1275398168115026/posts/1274304248224418,1706,,16,,
@riderspardubice,facebook,f99ed6c3-17cc-46f4-a32e-d9b0576ce2df,7ef2d11e-63fc-4b4c-b12a-52955ecc9d84,FB Post,IMAGE,3.3.2026 10:35:24,"Hlásíme důležitý zápas, bude se hrát o postup do play-off!🚨🗣️

Venkovní zápas
🗓️ 4.3. v 19:30
📍 ve Sportcentrum Lužánky
⚔️ proti @hc_muni 

#riders#venkovnízápas",https://www.facebook.com/1592662819534019/posts/1566621892138112,148,,1,,
@bitvaoprahu,facebook,75e0f41f-82be-4f82-a77b-82ac11135ed2,e56c2718-de3f-4bd6-ae87-f01c2060ba2a,FB Post,IMAGE,12.3.2026 9:45:02,"Tohle si otevři, až po 3 pivu ztratíš kámoše v davu... 👀",https://www.facebook.com/1441262177797849/posts/1419974623259938,183,,1,,
vsefalcons,instagram,709fceba-e311-48e7-9057-f54a587abf4a,2378a6d1-6ec2-4bf6-aaf7-dc35834afa8f,IG Story,VIDEO,8.1.2026 7:31:18,@_jobas57_ 🎩,https://www.instagram.com/stories/vsefalcons/3805386811434892077,,1541,,,3
@univerzitnihokej,facebook,01b45180-0b14-4a14-96e8-d0a4bab1fb9f,0d09a2b7-d1b7-43dd-a402-f8b4928d95f1,FB Post,IMAGE,8.4.2026 19:37:47,"@ukkingsprague také vás vítáme v @unihokejfinalfour 👋🏻 Vidíme se 16. 4. na Edenu 🏟️

Vstupenky na finalfour.cz 🎟️",https://www.facebook.com/1275398168115026/posts/1281439667510876,404,,3,,
@united_hk,instagram,b18c071b-0570-48b2-b743-990c668c3c5b,0e0e3ed4-b6fd-4510-8f3e-9605afb248b8,IG Story,VIDEO,11.4.2026 14:43:37,Poběž s námi 🏃🏼,https://www.instagram.com/stories/united_hk/3873008702231979592,,546,,,
vsefalcons,instagram,709fceba-e311-48e7-9057-f54a587abf4a,25e65f9b-b439-46c1-9dff-8afd59347a10,IG Story,VIDEO,24.2.2026 22:16:09,,https://www.instagram.com/stories/vsefalcons/3839896628618609325,614,831,,,
@univerzitnihokej,instagram,1e114592-3529-4cfe-9977-2598454053af,cce4c84b-23b5-4fe3-ad5e-062c1a77fff2,IG Story,VIDEO,17.4.2026 16:33:14,,https://www.instagram.com/stories/univerzitnihokej/3877412362844166122,,1638,,,
@hcmuni,facebook,d1f9e9f9-7526-42d4-85aa-13f91e89f7cf,7c80baa1-cf38-4efd-a813-a097a77dfcac,FB Post,IMAGE,9.3.2026 9:30:32,"Nemáš plány na víkend? Tak vyraž na hokej 🏒 Další domácí zápas proti @czufarmers 🔥Trochu netradičně v sobotu!🐻💙 
A pozor jen za 50,-

Lístky koupíš tady https://hcmuni.enigoo.cz/app/tickets/events 🎟️",https://www.facebook.com/1581741777288398/posts/1560793032716606,301,,2,,
@cvutengineers,instagram,11963a07-7f0f-48e6-9d81-aa63a7ff4a04,a110e345-3ac2-4fc8-aa4e-45cf493e78e2,IG Story,IMAGE,9.4.2026 16:47:04,Alky byl včera jakože…,https://www.instagram.com/stories/cvutengineers/3871621120311218164,,711,,,
@riderspardubice,instagram,4d6a67ab-9313-4f77-a82e-abb18adbca5d,00550237-8e73-4484-a9c5-a298514ecb94,IG Story,VIDEO,14.4.2026 14:37:25,,https://www.instagram.com/stories/riderspardubice/3875179741276061523,,482,,,1
vsefalcons,instagram,709fceba-e311-48e7-9057-f54a587abf4a,7880d0bd-2d00-4e7a-945d-9537e177c05d,IG Story,VIDEO,1.6.2026 14:03:26,PONDĚLNÍ MAKAČKA 😮‍💨 🥵,https://www.instagram.com/stories/vsefalcons/3909951699900988541,,1029,,,
@engineersprague,facebook,afd06d1d-7b1c-4f66-8d93-ce4255ab773c,e59802bc-aa2b-41b0-a932-a6184bd8d7cb,FB Story,VIDEO,10.3.2026 21:37:10,,,,,,,
@riderspardubice,facebook,f99ed6c3-17cc-46f4-a32e-d9b0576ce2df,374868b1-cdb3-4418-b990-c641f7fef2e2,FB Video,VIDEO,1.4.2026 16:08:29,"Pokračujeme, nekončíme!🫡",https://www.facebook.com/reel/1617754682604559/,610,169,12,,
@akademiciplzen,instagram,65494228-95bf-4f7b-8e68-d47d7262db66,8f993dda-3a15-4e1a-8fbd-1cb5dcd48a55,IG Story,VIDEO,1.4.2026 16:39:24,,https://www.instagram.com/stories/akademiciplzen/3865819056582705340,,1503,,,
@hcnorthwings,facebook,2b08a479-603b-46e4-8a48-2bc0435ccd53,0cc62fb0-6afd-4df7-8e5c-77c67964586f,FB Video,VIDEO,12.3.2026 10:15:10,🎥 | Přinášíme sestřih branek 24. kola @univerzitnihokej ve kterém studenti @ujepul - HC North Wings podlehli celku @akademiciplzen na domácím ledě 🏒 #univerzitnihokej,https://www.facebook.com/reel/1524737392830859/,363,106,,,
@engineersprague,facebook,afd06d1d-7b1c-4f66-8d93-ce4255ab773c,687d6eb1-de46-49de-9ff0-ce5be354020e,FB Post,IMAGE,9.4.2026 13:25:53,"Tahle výhra byla sladká 🤤 

@unihokejfinalfour 🔜

📸: @ondra_mann",https://www.facebook.com/1560924572517692/posts/1568134618463354,1263,,10,,
@akademiciplzen,instagram,65494228-95bf-4f7b-8e68-d47d7262db66,ba39c344-f719-43bf-8780-baf73de4d2d2,IG Story,VIDEO,31.3.2026 19:37:52,,https://www.instagram.com/stories/akademiciplzen/3865184106477059956,,832,,,1
@bitvaoprahu,instagram,d7c8aa06-74fb-4c6c-a7d2-c2fe1bf6d59c,5e9a722e-b395-4cbe-92fd-6bc74bbf51fd,IG Story,VIDEO,13.4.2026 17:27:13,"🔥 prostě všechno tak,
jak to máme nejradši",https://www.instagram.com/stories/bitvaoprahu/3874540476053593610,,811,,,
@218107044725785,facebook,7a942e3e-6c47-4794-9ba7-bbc7b6d40cb3,6eaec223-e132-48eb-854d-c80f3f0e63dd,FB Video,VIDEO,20.3.2026 17:31:13,@hamrbrmbrm13 na micu nebo spíš všichni ostatní na micu? 🤔,https://www.facebook.com/reel/1467057604928346/,332,115,2,,
vsefalcons,instagram,709fceba-e311-48e7-9057-f54a587abf4a,da4b2528-29ae-4dfe-8fe6-3ae78cfef33a,IG Post,PHOTO,11.3.2026 17:42:08,"Tak toto? 🥹 JSTE BLÁÁÁZNI ❤️

Vážíme si každýho z vás a už zejtra se všichni vidíme na @bitvaoprahu 🥉",https://www.instagram.com/p/DVwL-PoCKDT/,,3495,108,,3
vsefalcons,instagram,709fceba-e311-48e7-9057-f54a587abf4a,1502c61b-04d0-4447-b2db-19fcca432761,IG Reel,VIDEO,19.4.2026 11:35:35,Pojďte si s náma pro medaile 😍,https://www.instagram.com/reel/DXT88ebiP2w/,,7381,247,,9
@cvutengineers,instagram,11963a07-7f0f-48e6-9d81-aa63a7ff4a04,e8a985c3-9ddc-4c6f-8b23-4c82011acbf3,IG Story,VIDEO,17.4.2026 22:00:12,DĚKUJEME 🦁 lepší fanoušky bychom těžko hledali🥹,https://www.instagram.com/stories/cvutengineers/3877576718802533556,,981,,,
@bitvaoprahu,facebook,75e0f41f-82be-4f82-a77b-82ac11135ed2,be9a4d85-657e-46d1-a1a6-416285469b02,FB Post,IMAGE,11.3.2026 18:43:07,"Program zítřejšího večera, aby ti niiiiiic neuteklo! 🫡🥳

Lístky ještě pořád můžeš koupit 👉🏻 bitvaoprahu.cz🎟️",https://www.facebook.com/1441262177797849/posts/1419525453304855,231,,,,
@riderspardubice,instagram,4d6a67ab-9313-4f77-a82e-abb18adbca5d,e8250866-8220-4ff9-ae8a-a9c8a868c7be,IG Story,VIDEO,12.4.2026 13:09:25,ZAPNI ZVUK A POSLECHNI SI ATMOSFÉRU LUCKY LOSER ZÁPASU 💆🏼‍♀️ 💆🏼,https://www.instagram.com/stories/riderspardubice/3873687083013693006,,1081,,,
@akademiciplzen,instagram,65494228-95bf-4f7b-8e68-d47d7262db66,f1137f76-d7da-42d5-92a4-12abb25833dc,IG Story,VIDEO,9.4.2026 9:55:50,CHCEŠ MÍT PŘEHLED O STUDENTSKÝCH AKCÍCH? STAHUJ NOVOU APLIKACI! 📱,https://www.instagram.com/stories/akademiciplzen/3871414145057031917,,1167,,,1
@univerzitnihokej,instagram,1e114592-3529-4cfe-9977-2598454053af,9cf65ff1-5cb6-447e-837f-86fec5490a60,IG Story,VIDEO,10.4.2026 10:28:43,BUDEME PSÁT HISTORII UNIHOKEJE V ČESKU 🏆 🫵🏻,https://www.instagram.com/stories/univerzitnihokej/3872155537588679951,,1442,,,1
@united_hk,instagram,b18c071b-0570-48b2-b743-990c668c3c5b,955537b0-f94d-4c56-80b2-4d76cd43754e,IG Story,IMAGE,10.8.2026 19:37:53,💥 🤙 🏰 VÍŤEZSTVÍ!!,https://www.instagram.com/stories/united_hk/3960854571362304365,,1024,,,4
vsefalcons,instagram,709fceba-e311-48e7-9057-f54a587abf4a,8228c78d-66fd-402c-93b0-cc67d4543a79,IG Reel,VIDEO,9.12.2025 20:20:19,FRIENDLY REMINDER!🔔 Poslední možnost získat bodíky na cviku 🥶,https://www.instagram.com/reel/DSDkvvpiL5u/,,15170,377,,20
@bitvaoprahu,facebook,75e0f41f-82be-4f82-a77b-82ac11135ed2,e2871a0a-0451-4d66-abd7-df7fac2815d0,FB Post,IMAGE,10.3.2026 6:00:07,"S účtem u ČSOB dostaneš z afterparty Bitvy o Prahu 20% zpět z útraty 🤑

Stačí si založit účet u @csobcz přes odkaz v biu @univerzitnihokej 
Afterparty může bolet, účet už o něco míň 🫡",https://www.facebook.com/1441262177797849/posts/1418087006782033,217,,,,
@bitvaoprahu,facebook,75e0f41f-82be-4f82-a77b-82ac11135ed2,2e9828c1-ca1c-4df5-8bbf-7f77df795ccb,FB Post,IMAGE,11.3.2026 11:00:11,Královská rodino... uvidíme se v průvodu? 👀👑,https://www.facebook.com/1441262177797849/posts/1418948903362510,231,,,,
@united_hk,instagram,b18c071b-0570-48b2-b743-990c668c3c5b,3f405b66-8c5f-4ccc-a4a5-da9a2cc7100a,IG Story,VIDEO,10.8.2026 18:21:43,@savvyx12  předseda = muž pro všechno,https://www.instagram.com/stories/united_hk/3960816235046263668,,972,,,4
@hcnorthwings,facebook,2b08a479-603b-46e4-8a48-2bc0435ccd53,48c3ee6d-2958-4e55-a31e-7e53d7f72eed,FB Story,VIDEO,4.3.2026 10:55:27,,,,,,,
vsefalcons,instagram,709fceba-e311-48e7-9057-f54a587abf4a,550d0dd8-6e1e-4e9e-a677-c3022fa5b11d,IG Story,VIDEO,13.3.2026 16:25:02,,https://www.instagram.com/stories/vsefalcons/3852041085493186763,830,776,,,
@united_hk,instagram,b18c071b-0570-48b2-b743-990c668c3c5b,9e886c47-01bb-4090-b1df-67c2196149de,IG Reel,VIDEO,12.4.2026 16:04:36,"We listen and we (don’t) judge: Garnier edition💚

#unitedhk #unihokej #hokej",https://www.instagram.com/reel/DXCZ8b_iIoT/,,3398,73,,5
vsefalcons,instagram,709fceba-e311-48e7-9057-f54a587abf4a,bc369f50-73ff-41d8-a012-950ced630c49,IG Reel,VIDEO,10.4.2026 18:22:13,"Jsme trochu v nešťastný situaci… neznáme soupeře ani čas semifinále @unihokejfinalfour 😏

Řešení? Jednoduchý.
Kup si denní vstupenku a dej si rovnou 2️⃣ zápasy + double dávku show. 🔥 Nebo si počkej do neděle, kdy už bude jasno. 👀
Vstupenky na finalfour.cz a nezapomeň využít náš kód VSEFANS! 🎟️",https://www.instagram.com/reel/DW9gBlSiFIH/,,4819,110,5,25
@cvutengineers,instagram,11963a07-7f0f-48e6-9d81-aa63a7ff4a04,c78a3783-75fb-4193-9f77-86adca5e5166,IG Story,VIDEO,17.4.2026 20:01:35,1 2,https://www.instagram.com/stories/cvutengineers/3877517139284636716,,1266,,,
@univerzitnihokej,instagram,1e114592-3529-4cfe-9977-2598454053af,fc668e55-acd3-412e-bcef-3acaa4a4d089,IG Story,VIDEO,12.4.2026 11:52:39,,https://www.instagram.com/stories/univerzitnihokej/3873647270453331497,,1306,,,
@riderspardubice,facebook,f99ed6c3-17cc-46f4-a32e-d9b0576ce2df,1f6e461f-5422-4efa-ae11-4dcc69529011,FB Post,IMAGE,13.4.2026 9:45:57,"Jdeme do @unihokejfinalfour, a to si určitě zaslouží vybavit se našim dresem! 😍

Stačí si přes náš odkaz v BIU založit účet u @csobcz , do soukromé zprávy nám napiš “hotovo” a po kontrole čísla účtu ti předáme dres Riders! 

Tohle je šance vybavit na Final Four do Prahy, ukázat, jak fandí Hockeytown a získat výhody účtu u ČSOB! 🤩

*Soutěž platí pouze do rozdání zásob - konec zásob oznámíme v komentáři pod tímto příspěvkem.",https://www.facebook.com/1592662819534019/posts/1603436685123299,136,,,,
@hcnorthwings,facebook,2b08a479-603b-46e4-8a48-2bc0435ccd53,36a0d79e-21c3-47ab-90cd-b1543efa28ef,FB Story,IMAGE,4.3.2026 10:26:46,,,,,,,
vsefalcons,instagram,709fceba-e311-48e7-9057-f54a587abf4a,788be1b3-3439-4180-8c6b-4976a776526a,IG Story,VIDEO,26.2.2026 20:12:30,@veolia_cz  KOLO JE ZA NÁMI 🥳,https://www.instagram.com/stories/vsefalcons/3841283960492005483,1151,1740,,,13
vsefalcons,instagram,709fceba-e311-48e7-9057-f54a587abf4a,c1f158de-25cc-40c2-941d-9a859c65af7b,IG Story,VIDEO,11.3.2026 13:59:21,💂‍♀️ A JEŠTĚ JEDNU NOVINKU PRO VÁS MÁME 😏,https://www.instagram.com/stories/vsefalcons/3850518218091793530,953,1087,,,
@univerzitnihokej,instagram,1e114592-3529-4cfe-9977-2598454053af,97e1b232-5252-4d6a-a2a0-a6aa5f0729f1,IG Story,VIDEO,8.4.2026 7:00:05,,https://www.instagram.com/stories/univerzitnihokej/3870600909063495026,,4726,,,1
vsefalcons,instagram,709fceba-e311-48e7-9057-f54a587abf4a,a806326f-e27a-4a25-b4d5-523457f45096,IG Story,VIDEO,15.1.2026 16:03:12,,https://www.instagram.com/stories/vsefalcons/3810717901297029385,,934,,,2
vsefalcons,instagram,709fceba-e311-48e7-9057-f54a587abf4a,bac28d5d-e648-4aa3-bbb9-eff8cd58fa2d,IG Story,VIDEO,31.3.2026 17:38:55,nervy pracujou  poslední vteřiny do konce,https://www.instagram.com/stories/vsefalcons/3865124300952969138,986,829,,,
@BOhokej,facebook,c9082543-a03b-490f-8f97-66d439acce89,d2950208-eceb-4a5a-90ed-232359ba87ec,FB Post,IMAGE,4.3.2026 5:22:36,"🔥GAME DAY🔥 Jedeme do BRNA
@vutcavaliersbrno x @boostrava 
Kdo si odveze 3 body?",https://www.facebook.com/1477974067675582/posts/1453913526748303,277,,1,,
@cvutengineers,instagram,11963a07-7f0f-48e6-9d81-aa63a7ff4a04,db3b51f4-c13e-4503-9c49-9bc1a6df81e4,IG Post,ALBUM,27.3.2026 19:35:43,"Poslední ohlédnutí za základní částí 🦁.

#engprg 
📸 @cermanpavel_",https://www.instagram.com/p/DWZlsLJjIMU/,,4302,223,,4
vsefalcons,instagram,709fceba-e311-48e7-9057-f54a587abf4a,fecc6e53-08fc-4b3c-ae4d-7ded5cb03a8a,IG Reel,VIDEO,10.6.2026 13:14:19,tak jakej? 😎 #vsefalcons #icehockey,https://www.instagram.com/reel/DZaBkJZI8XK/,,3676,61,,6
vsefalcons,instagram,709fceba-e311-48e7-9057-f54a587abf4a,2ba5f6be-d20c-44b6-9f74-e3b3fe5c2664,IG Story,IMAGE,8.2.2026 19:32:17,1 3,https://www.instagram.com/stories/vsefalcons/3828217736786904636,,812,,,2
@boostrava,instagram,1176ddaf-d366-48a2-9639-3c6694c72c85,5e23d49e-6859-47f7-9236-93ba4b8e6f03,IG Post,IMAGE,4.3.2026 14:40:34,"JEDEME DO BRNA⚡️
Koukni co na to říká náš útočník Patrik🎙️",https://www.instagram.com/p/DVd1Y6TDKD8/,,2954,66,2,1
vsefalcons,instagram,709fceba-e311-48e7-9057-f54a587abf4a,6a2fe3d9-a5f4-4811-8dd6-5704fb06d7f3,IG Story,VIDEO,3.2.2026 18:37:36,dobrý songy na rozbruslení 🎶,https://www.instagram.com/stories/vsefalcons/3824566365978126191,,954,,,
@hcnorthwings,facebook,2b08a479-603b-46e4-8a48-2bc0435ccd53,6b63527a-c435-4f49-a17c-ecc2a472297d,FB Story,VIDEO,11.3.2026 19:48:06,,,,,,,
@united_hk,instagram,b18c071b-0570-48b2-b743-990c668c3c5b,979a200b-f549-425b-9409-45769b43cf7a,IG Story,IMAGE,19.4.2026 11:16:05,,https://www.instagram.com/stories/united_hk/3878702303280628247,,610,,,1
vsefalcons,instagram,709fceba-e311-48e7-9057-f54a587abf4a,a9854920-eff6-44b5-96d5-56306bd57469,IG Story,VIDEO,12.3.2026 15:24:57,@sokoli.hnizd0 🪹 FANS NA MÍSTĚ,https://www.instagram.com/stories/vsefalcons/3851286118943726612,1636,1468,,,1
@bitvaoprahu,facebook,75e0f41f-82be-4f82-a77b-82ac11135ed2,cfc1de2b-2176-4aa4-9e7a-6df163270c8c,FB Post,IMAGE,12.3.2026 22:51:55,"👑 OBHAJOBA KINGS! 🏆🥇

Gratulujeme staronovým vládcům, @ukkingsprague . 🎩",https://www.facebook.com/1441262177797849/posts/1420437706546963,211,,,,
vsefalcons,instagram,709fceba-e311-48e7-9057-f54a587abf4a,e4ecde5a-9cf2-4f5b-86c2-04dac1e59a67,IG Story,IMAGE,26.1.2026 16:11:27,,https://www.instagram.com/stories/vsefalcons/3818694599032504131,,961,,,1
@united_hk,tiktok,7e062517-b9da-416d-b73d-a2c5899a2be6,34d97895-f550-425e-a965-f7bf4754d091,TT Video,VIDEO,15.4.2026 12:57:33,"❤️ Duben ve znamení pomoci Naši kluci tentokrát nešli bojovat na led, ale pomáhat jinak – zapojili se do akce Daruj krev ve spolupráci s @transfuzni_fnhk . 🩸🏒 Každá kapka se počítá a může někomu zachránit život. 👉 Pokud půjdeš darovat krev během dubna, můžeš se zapojit do tomboly a vyhrát skvělé ceny od sponzorů. Stačí jen po odběru vyplnit formulář, který najdeš v biu na instagramu @ifmsa_cz_hk .  Přidej se taky a udělej něco, co má skutečný smysl.❤️ #unitedhk #unihokej #hokej",https://www.tiktok.com/@united_hk/video/7628969359331036439?utm_campaign=tt4d_open_api&utm_source=7348986504397455361,,793,41,,1
@akademiciplzen,instagram,65494228-95bf-4f7b-8e68-d47d7262db66,3cd898df-ad61-4470-ab2e-92eef7db9452,IG Post,IMAGE,3.3.2026 15:57:00,"JARNÍ BITVA UŽ ZÍTRA! 👊🏻

Doraž včas na Proud, Redbull nebo svařák do fanzóny, nalaď hlasivky a pojď z toho udělat večer, na kterej se bude vzpomínat!

🕰️ 17:30 otevření fanzóny
📍 LOGSPEED CZ Aréna
🎟️ Lístky najdeš v biu nebo na plzenskabitva.cz

Tak co, bude nás ještě víc než loni? 🔥
#akademiciplzen",https://www.instagram.com/p/DVbZXwDDE3v/,,7176,119,,19
vsefalcons,instagram,709fceba-e311-48e7-9057-f54a587abf4a,4ff39c98-6af4-48c2-917a-9752c3a6c152,IG Story,VIDEO,9.3.2026 20:40:16,,https://www.instagram.com/stories/vsefalcons/3849270448404047007,675,,,,
@AkademiciPlzen,facebook,d87b94e3-03e8-45d0-b92e-75e9b819545c,7e17e837-7457-420b-9f99-1d5a2dfd6be7,FB Video,VIDEO,1.4.2026 11:56:11,"🐣 SOUTĚŽ O DRESY 🏒

Najdi dnes na stadionu schované vajíčko, dones ho moderátorovi a nový dres je tvůj! 👀

V tomhle fitu budeš na všech zápasech za hvězdu. ⭐️
A pozor… tohle není jediná dnešní nadílka 🤫
Doraz na zápas a zjistíš víc.

#akademiciplzen 💙",https://www.facebook.com/reel/907166625465759/,884,237,4,,
@akademiciplzen,instagram,65494228-95bf-4f7b-8e68-d47d7262db66,aaa5f9ef-b842-4336-bf59-d0fc2562ce03,IG Post,IMAGE,13.4.2026 10:22:47,"Poslední trénink plný úsměvů, výměny rolí a dokonce i menší bitky. 👀🥊

Seriózní příprava na další sezónu proběhne někdy příště😁

#akademiciplzen 💙 | 📸 @vpotocesevodatoci",https://www.instagram.com/p/DXEX7PADJDI/,,9891,206,,11
@akademiciplzen,instagram,65494228-95bf-4f7b-8e68-d47d7262db66,7dcd04ae-6381-4eda-8e3f-2b462297dfd1,IG Post,IMAGE,16.7.2026 12:23:58,"MVP sezóny 🏆

Tomáš Pánek si z letošního Galavečera odnesl ocenění pro nejužitečnějšího hráče sezóny.

Jako asistent kapitána byl jedním z lídrů našeho týmu na ledě i v kabině. Aktuálně dokončil bakalářské studium, s univerzitním výběrem vybojoval bronz na Viking Cupu v Kanadě, reprezentoval nás na US College Tripu a svými výkony si vysloužil také pozvánku na přípravný kemp před Zimními světovými univerzitními hrami 2027.

Jsme hrdí, že součástí našeho týmu je právě takový srdcař! 💙

#akademiciplzen | 🎥 @yzproduction.cz | 📷 @vpotocesevodatoci",https://www.instagram.com/p/Da2ohAtjJ3l/,,20104,357,7,11
vsefalcons,instagram,709fceba-e311-48e7-9057-f54a587abf4a,854b83d5-f366-4015-bb45-a50ff39ff937,IG Story,VIDEO,13.1.2026 18:28:13,,https://www.instagram.com/stories/vsefalcons/3809341331579869525,,1461,,,6
@univerzitnihokej,instagram,1e114592-3529-4cfe-9977-2598454053af,a993a89d-dac0-4a07-a9ad-d6bcac3b8ead,IG Post,IMAGE,9.3.2026 21:25:00,Tomu říkáme začátek týdne! 🫨 prodloužení rozhodlo a Riders doma porážejí Black Dogs 🐎,https://www.instagram.com/p/DVrb43ciKCm/,,4746,97,,19
vsefalcons,instagram,709fceba-e311-48e7-9057-f54a587abf4a,bf12cc16-e3e3-4ddf-aaa9-99e002ed177d,IG Story,VIDEO,10.3.2026 22:52:43,🎤 @cvutengineers,https://www.instagram.com/stories/vsefalcons/3850061957726521880,755,229,,,6
@univerzitnihokej,facebook,01b45180-0b14-4a14-96e8-d0a4bab1fb9f,05019364-db07-425d-88a6-464f5564ad7f,FB Post,IMAGE,1.4.2026 20:00:28,"Semifinále PLAY-IN? Drama až do konce 🤯 

Black Dogs rozhodli až v samostatných nájezdech, v Plzni vyhráli outsideři Farmers. 😮‍💨",https://www.facebook.com/1275398168115026/posts/1275963344725175,494,,1,,
vsefalcons,instagram,709fceba-e311-48e7-9057-f54a587abf4a,465ce256-c403-410c-bef1-e58dd7b252d1,IG Story,VIDEO,16.4.2026 16:47:17,,https://www.instagram.com/stories/vsefalcons/3876694481172978032,1080,1043,,,3
@hc_muni,instagram,43cd62c8-609d-4ea6-8ce9-cae5242ede0c,51b9289e-dbf5-4ab4-9ace-725904cc88d1,IG Story,VIDEO,11.4.2026 21:17:09,"💥 ⏰  ZÍTRA ČEKÁ JIRKU DALŠÍ ZÁPAS! 
 LET’S  GO FOR THAT",https://www.instagram.com/stories/hc_muni/3873206614602209055,,232,,,
vsefalcons,instagram,709fceba-e311-48e7-9057-f54a587abf4a,7981bba6-6f71-4bd3-8015-c44057427d63,IG Story,VIDEO,14.4.2026 13:23:26,"KDO NEMÁ, MŮŽE KOUPIT NA MÍSTĚ 🔥 🛍️",https://www.instagram.com/stories/vsefalcons/3875142513287761993,638,695,,,2
vsefalcons,instagram,709fceba-e311-48e7-9057-f54a587abf4a,7f3a329a-d6b2-40a4-b8ed-a620e062f91a,IG Story,VIDEO,1.4.2026 20:14:24,,https://www.instagram.com/stories/vsefalcons/3865927385757575658,798,454,,,
vsefalcons,instagram,709fceba-e311-48e7-9057-f54a587abf4a,ab0dc9a6-a50f-43c9-b2f9-94d5edd77f40,IG Story,VIDEO,2.3.2026 17:46:07,📍,https://www.instagram.com/stories/vsefalcons/3844109418082390229,686,970,,,1
vsefalcons,instagram,709fceba-e311-48e7-9057-f54a587abf4a,c7338846-6b0e-4699-9481-a6a7ca06b65b,IG Story,VIDEO,26.1.2026 19:00:00,🎯 KÁPO DÁVÁ GÓL,https://www.instagram.com/stories/vsefalcons/3818779430533757124,,112,,,
@united_hk,instagram,b18c071b-0570-48b2-b743-990c668c3c5b,7c84769a-d7ba-4796-9fc5-34fcc3024744,IG Post,IMAGE,9.4.2026 12:41:40,"Každá sezona přináší i loučení v @univerzitnihokej.

Od další sezony s námi nebudou pokračovat Jakub Kochan, Marek Ladman, Vladimír Mičian, Jiří Šrámek a Tomáš Teuber.

Děkujeme za čas, energii, zápasy, kabinu i všechno, co jste do UNIted HK vložili.
Každý z vás zanechal v našem týmu svoji stopu a byl součástí cesty, kterou jsme za první roky klubu společně prošli.

Díky, chlapi.
🖤🧡

#unitedhk #unihokej #hokej",https://www.instagram.com/p/DW6Uo98iJkZ/,,10803,310,,74
@hcnorthwings,facebook,2b08a479-603b-46e4-8a48-2bc0435ccd53,5fe3866a-18e8-4f63-9bcb-675994bdc1ef,FB Post,IMAGE,5.3.2026 13:00:06,"23. kolo a utkání proti ČZU Farmers před skvělou diváckou kulisou pohledem @mistr.31 
Thanks for erasmus students visit 🫶
#univerzitnihokej #myjsmeujep #hcnorthwings #icehockey",https://www.facebook.com/1583651910433365/posts/1559465129518710,1224,,8,,
vsefalcons,instagram,709fceba-e311-48e7-9057-f54a587abf4a,a1dbaee0-0998-4946-b778-774149aa91e9,IG Story,VIDEO,22.2.2026 15:59:48,KMENOVÝ FOCENÍ behind the scenes 📸 🧌,https://www.instagram.com/stories/vsefalcons/3838257736232749071,728,940,,,1
@riderspardubice,instagram,4d6a67ab-9313-4f77-a82e-abb18adbca5d,74c2b475-84b4-4eb8-bc48-8715df9c7489,IG Post,IMAGE,16.4.2026 15:25:05,"Po první třetině 0:0 👀

📸 @honza.chlad",https://www.instagram.com/p/DXMo5-eDE3q/,,8702,212,,8
@akademiciplzen,instagram,65494228-95bf-4f7b-8e68-d47d7262db66,6170c3cc-0f82-4b96-b066-034e4a6b58ac,IG Post,IMAGE,3.4.2026 19:42:58,"Gratulujeme @_marcelmarcel a @filip_prikryl k nominaci na reprezentační kemp v Karlových Varech před mistrovstvím světa @ceskyhokej! 🇨🇿🤩

Dva plzeňští odchovanci z @telhcz se před závěrem naší sezóny objevili i na našich trénincích, a my jim teď budeme držet palce na další velké výzvě. 🔥

Kluci, posíláme vám z Plzně hodně štěstí!",https://www.instagram.com/p/DWroFZljIIL/,,23342,720,,27
@univerzitnihokej,instagram,1e114592-3529-4cfe-9977-2598454053af,81133015-3bc1-4a3a-b0af-c933915e2e43,IG Reel,VIDEO,8.4.2026 20:08:10,@ukkingsprague si dají příští týden opáčko v Edenu! 🤭,https://www.instagram.com/reel/DW4izVsCLYQ/,,5927,220,,5
vsefalcons,instagram,709fceba-e311-48e7-9057-f54a587abf4a,4ea9ee12-fefc-43eb-a0f4-cda25d769801,IG Story,VIDEO,5.2.2026 17:57:27,,https://www.instagram.com/stories/vsefalcons/3825995979413811158,,884,,,
vsefalcons,instagram,709fceba-e311-48e7-9057-f54a587abf4a,8da31611-0c53-4e64-b50e-39f2b479bc3f,IG Story,VIDEO,3.6.2026 6:55:35,🥵 DOBRÉ RÁNO,https://www.instagram.com/stories/vsefalcons/3911185889430633327,741,607,,,
vsefalcons,instagram,709fceba-e311-48e7-9057-f54a587abf4a,1f3f8c59-ffe3-40f5-8fd2-6a6ae2e32e2c,IG Post,IMAGE,15.6.2026 16:28:52,"Po dvou sezónách se loučíme s naším hlavním trenérem, Milanem Boříkem. Bóřa, díky za odvedenou práci, za to, co jsi nás naučil, a za vzpomínky, kterých rozhodně není málo. ❤️‍🩹🥉

Přejeme ti hodně štěstí a úspěchů na tvé další cestě ✊🏼
#JednouFalconNavzdyFalcon",https://www.instagram.com/p/DZnP5msCLqf/,,12507,348,9,44
vsefalcons,instagram,709fceba-e311-48e7-9057-f54a587abf4a,5531d935-0f9d-40c1-81f2-2445475eeba8,IG Story,VIDEO,3.3.2026 19:55:30,naše trenérské trio 🧑‍🧒‍🧒,https://www.instagram.com/stories/vsefalcons/3844899283363481074,629,847,,,1
vsefalcons,instagram,709fceba-e311-48e7-9057-f54a587abf4a,8ea39e1a-6fed-4bf0-85a6-5e2466897e7e,IG Story,VIDEO,9.4.2026 7:56:49,"🥳 dobré ráno, tohle nebyl sen",https://www.instagram.com/stories/vsefalcons/3871354244280364303,786,914,,1,
@bitvaoprahu,facebook,75e0f41f-82be-4f82-a77b-82ac11135ed2,bff9f277-80a8-4632-9c70-768fb518a01f,FB Post,IMAGE,10.3.2026 13:11:38,"UŽ VE ČTVRTEK…⏳

🎓4 největší pražské univerzity | ČZU • VŠE • UK •ČVUT
🎤Metrostav halftime show | Gufrau • Victor Kal. • MAT213
🏒🔥Show na ledě, i v hledišti 

…to je BITVA O PRAHU 🤩
Budeš s námi u největší sportovní události letního semestru?
🎟️bitvaoprahu.cz",https://www.facebook.com/1441262177797849/posts/1418610976729636,539,,5,,