account_name,social_network_id,carl_account_id,carl_post_id,post_type,media_url_type,published,caption,permalink,impressions,views,likes,comments,shares
@hcnorthwings,facebook,2b08a479-603b-46e4-8a48-2bc0435ccd53,49ced60f-c3a3-4f80-8c65-39d071c70d44,FB Story,VIDEO,4.3.2026 16:14:09,,,,,,,
vsefalcons,instagram,709fceba-e311-48e7-9057-f54a587abf4a,5e30b30b-7b1f-4df5-85e8-10b2db2a1a7d,IG Story,IMAGE,3.2.2026 19:34:54,1 0  Hamršmíd,https://www.instagram.com/stories/vsefalcons/3824595180183887805,,917,,,
vsefalcons,instagram,709fceba-e311-48e7-9057-f54a587abf4a,6e051317-ba77-4913-af9b-ed464f7730a7,IG Story,VIDEO,15.4.2026 8:57:58,JEŠTĚ NEVÍŠ CO SI VZÍT ZÍTRA NA SEBE? TOHLE POŘÍDÍŠ I NA MÍSTĚ 🤩,https://www.instagram.com/stories/vsefalcons/3875733668258157170,749,837,,,4
@vutcavaliersbrno,instagram,b384bebf-72f3-4f9d-8b2d-3677709f6966,6edab800-dfd5-4751-bc20-3c41f7c50f36,IG Post,IMAGE,5.3.2026 10:44:54,"Fotoreport ze včerejšího utkání proti @boostrava 🏒👊🏽

📸 @vladisek

#unihokej #vutbrno #vutcavaliersbrno #boostrava",https://www.instagram.com/p/DVf_dDsiOe5/,,3173,92,1,5
vsefalcons,instagram,709fceba-e311-48e7-9057-f54a587abf4a,9e999e2f-a864-4905-aefb-9ab289256e4e,IG Story,IMAGE,10.3.2026 23:31:01,🩵,https://www.instagram.com/stories/vsefalcons/3850081195421923792,765,152,,,
@riderspardubice,instagram,4d6a67ab-9313-4f77-a82e-abb18adbca5d,c04c7b9a-df8d-4757-9052-2ab281704990,IG Story,VIDEO,17.4.2026 14:56:42,,https://www.instagram.com/stories/riderspardubice/3877363600335891876,,941,,,
@engineersprague,facebook,afd06d1d-7b1c-4f66-8d93-ce4255ab773c,d46420ef-d7f2-46be-b565-d26a9c0816a7,FB Story,VIDEO,12.3.2026 20:47:38,,,,,,,
@univerzitnihokej,instagram,1e114592-3529-4cfe-9977-2598454053af,e325fbba-ad2f-4c87-a06b-7424ad82654f,IG Post,IMAGE,15.3.2026 18:56:21,"Další dva TOP zápasy máme za sebou a dokonce už známe vítěze letošní základní části 💪🏼 play-in a @unihokejfinalfour se pomalu blíží, jste ready? 😎",https://www.instagram.com/p/DV6nA36CNyu/,,4321,93,,3
vsefalcons,instagram,709fceba-e311-48e7-9057-f54a587abf4a,0faae83d-61f1-4285-8683-2ca8d8d7a538,IG Story,VIDEO,14.1.2026 9:06:23,@fanda_david,https://www.instagram.com/stories/vsefalcons/3809783330875419633,,841,,,14
vsefalcons,instagram,709fceba-e311-48e7-9057-f54a587abf4a,788582a2-c948-40d2-af6a-b245ebbe3555,IG Story,VIDEO,21.4.2026 18:25:21,ZÍTRA SE VIDÍME NA JAROVĚ! 👋🏼,https://www.instagram.com/stories/vsefalcons/3880367777160668977,858,656,,,3
@akademiciplzen,instagram,65494228-95bf-4f7b-8e68-d47d7262db66,81df8de5-4c0d-4c02-98b8-955786847f0d,IG Post,IMAGE,7.3.2026 19:56:36,"O Afterparty Jarní bitvy se bude mluvit ještě hodně dlouho… 🧨🪩
Kdo byl, ví. Kdo nebyl, příště nesmí chybět!

#akademiciplzen | 📸 @vpotocesevodatoci",https://www.instagram.com/p/DVmILlTDOFW/,,22812,478,,87
@united_hk,instagram,b18c071b-0570-48b2-b743-990c668c3c5b,ebe7c071-15bd-471c-8ab5-b43a086ad5db,IG Post,IMAGE,9.3.2026 16:48:00,"🎂 Narozeniny – Jirka Šrámek

Náš hráč Jirka Šrámek dnes slaví narozeniny.

Všechno nejlepší, Jirko! 🎂
Užij si to.

🖤🧡",https://www.instagram.com/p/DVq8L_3CKtK/,,2039,38,,2
@vutcavaliersbrno,instagram,b384bebf-72f3-4f9d-8b2d-3677709f6966,3e77b39f-9639-471f-a095-de1a4751fb57,IG Reel,VIDEO,16.3.2026 8:21:35,Hattrick @jerabekdmnk ze sobotního utkání proti VŠE Falcons Prague 👈,https://www.instagram.com/reel/DV8DtTtCO_j/,,5968,138,1,13
@riderspardubice,instagram,4d6a67ab-9313-4f77-a82e-abb18adbca5d,563e1b8f-5be4-436c-a674-e9c38a84d587,IG Story,VIDEO,14.4.2026 6:31:11,,https://www.instagram.com/stories/riderspardubice/3874935015415249706,,652,,,
@bitvaoprahu,instagram,d7c8aa06-74fb-4c6c-a7d2-c2fe1bf6d59c,deee6b77-1b95-4265-83f3-ce6c907b711d,IG Reel,VIDEO,12.3.2026 17:51:32,"🚨 POD VÍKO A PÁTÁ ODBYLA! 🖐🏼

Falcons odskakují do vedení! ➡️ Živě na @sport_ct ➕.",https://www.instagram.com/reel/DVyxK8yDMsV/,,16392,278,,15
@univerzitnihokej,instagram,1e114592-3529-4cfe-9977-2598454053af,3fa5a6e2-557d-49dd-8719-19d244398281,IG Post,IMAGE,8.3.2026 17:25:28,"Fuha, to byl týden 😮‍💨 Pro některé týmy obzvlášť ziskový, Engineers a Black Dogs si připsali rovnou 6 bodů. 🙌🏼",https://www.instagram.com/p/DVobrh1iOvT/,,3051,69,,2
vsefalcons,instagram,709fceba-e311-48e7-9057-f54a587abf4a,6a1e3d67-f60e-42a4-8dce-6ced95c3d9a7,IG Story,VIDEO,2.3.2026 18:40:36,,https://www.instagram.com/stories/vsefalcons/3844136789179115115,644,828,,,1
@riderspardubice,facebook,f99ed6c3-17cc-46f4-a32e-d9b0576ce2df,94f8c557-06a0-4401-8493-90e29638a8f5,FB Post,IMAGE,17.3.2026 21:47:52,Dnes povedený zápas v Ostravě! Odvážíme si do Pardubic 3 body!💪🏼,https://www.facebook.com/1592662819534019/posts/1579141367552831,137,,4,,
vsefalcons,instagram,709fceba-e311-48e7-9057-f54a587abf4a,d18dd584-e724-4bb2-b6af-1bada6d026da,IG Reel,VIDEO,17.2.2026 7:33:17,"GAMEDAY 🚨
První den ve škole? Splněno.
Teď si zasloužíš odměnu. 🔥

Doraz na hokej a vypni hlavu. Odkaz na lístky v biu👆🏻",https://www.instagram.com/reel/DU2cebACNOT/,,4428,66,,5
@hcnorthwings,facebook,2b08a479-603b-46e4-8a48-2bc0435ccd53,36059bd6-d46c-44bb-8c72-1dba6c731e9a,FB Story,VIDEO,2.3.2026 18:32:52,,,,,,,
@univerzitnihokej,instagram,1e114592-3529-4cfe-9977-2598454053af,7d987f16-f322-495a-8224-3947ab8d9b95,IG Post,IMAGE,12.3.2026 10:55:34,Pražský den D je tady! Kdo dnes urve bronz na @bitvaoprahu ? 🫨,https://www.instagram.com/p/DVyB-skCIvi/,,11474,160,1,42
vsefalcons,instagram,709fceba-e311-48e7-9057-f54a587abf4a,919ccaf0-6adb-44e0-b929-9d4830e04019,IG Story,VIDEO,8.4.2026 17:25:38,nezahálel a rázem přidává další,https://www.instagram.com/stories/vsefalcons/3870915827516054369,896,826,,,3
@riderspardubice,instagram,4d6a67ab-9313-4f77-a82e-abb18adbca5d,b403fd7b-620a-4d9b-bea9-469cf0682bc2,IG Story,VIDEO,17.4.2026 15:07:32,NOVOTNÝ,https://www.instagram.com/stories/riderspardubice/3877369151623030646,,923,,,
@univerzitnihokej,facebook,01b45180-0b14-4a14-96e8-d0a4bab1fb9f,c1fdb243-8ca7-41d9-b7de-2652358e270d,FB Post,IMAGE,28.3.2026 19:14:06,Poslední semifinálový duel vypukne v Plzni 🔥 Farmers se ve vyřazovací části vrátí zpět na půdu Akademiků 🔙,https://www.facebook.com/1275398168115026/posts/1272792498375593,1320,,1,,
@bitvaoprahu,instagram,d7c8aa06-74fb-4c6c-a7d2-c2fe1bf6d59c,f94754f8-474f-4f8d-b6e3-ef001a5db666,IG Post,IMAGE,12.3.2026 9:00:52,"Nevíš co na sebe? 😔 Teď už jo! Obleč se do barev tvojí univerzity ať všichni ví, komu fandíš 🫡

Tak co, bude to červená❤️, modrá💙, zelená💚 nebo bílá🤍? 

Finálový večer Bitva o Prahu 🏒
Poslední lístky 👉🏼 bitvaoprahu.cz🎟️",https://www.instagram.com/p/DVx1FYgDEKM/,,11141,251,,74
@bitvaoprahu,facebook,75e0f41f-82be-4f82-a77b-82ac11135ed2,fdd21ef5-f76b-4e37-b99f-89b5193a49b0,FB Video,VIDEO,12.3.2026 17:51:48,"🚨 POD VÍKO A PÁTÁ ODBYLA! 🖐🏼

Falcons odskakují do vedení! ➡️ Živě na @sport_ct ➕.",https://www.facebook.com/reel/1475194137284777/,1227,563,4,,
@cvutengineers,instagram,11963a07-7f0f-48e6-9d81-aa63a7ff4a04,1e62bda2-1261-416c-b4e5-3c761a0b52f1,IG Post,IMAGE,5.3.2026 19:28:41,"Kdo nepřišel, o hodně přišel 🤓 S Hradcem to bylo drama až do konce, ale o to líp to vítězství chutná 🤤

📸: @ondra_mann

#srdcelva #engprg",https://www.instagram.com/p/DVg7Zb4jJXd/,,6744,163,,3
@united_hk,instagram,b18c071b-0570-48b2-b743-990c668c3c5b,2a7c57ed-bfb0-4df2-9f80-aa42f713782f,IG Story,VIDEO,21.4.2026 11:44:53,,https://www.instagram.com/stories/united_hk/3880166178266030427,,849,,,3
vsefalcons,instagram,709fceba-e311-48e7-9057-f54a587abf4a,321e97ff-e663-43aa-8d83-e6791b19be95,IG Story,VIDEO,24.3.2026 16:16:13,BUSTED Na cestách jedině do @kfc_cz 👀 🕵🏻‍♂️,https://www.instagram.com/stories/vsefalcons/3860009210507489737,978,1153,,,5
vsefalcons,instagram,709fceba-e311-48e7-9057-f54a587abf4a,35ff69ba-39df-4725-94bb-56d06224a9ce,IG Post,IMAGE,11.2.2026 8:15:39,"Nový semestr je za dveřmi a s ním i série našich domácích zápasů, na které si teď můžeš pořídit balíček s pořádnou slevičkou 🥳
Čeká tě spoustu zábavných aktivit, soutěží a vypjatých utkání, protože konec základní části se blíží 🥶

Balíček pořídíš přes odkaz na profilu.
Akce platí do 17. února.",https://www.instagram.com/p/DUnDHigCI8i/,,8956,72,,33
vsefalcons,instagram,709fceba-e311-48e7-9057-f54a587abf4a,47e5c520-6562-4acf-932a-75a7c2d34a78,IG Story,VIDEO,6.3.2026 19:00:44,,https://www.instagram.com/stories/vsefalcons/3847046026020577272,,751,,,2
vsefalcons,instagram,709fceba-e311-48e7-9057-f54a587abf4a,8f5c480d-1f4b-419d-9a28-7eeecd7d1f11,IG Story,VIDEO,3.3.2026 23:29:15,"Jakub
HROUDA 🎙️",https://www.instagram.com/stories/vsefalcons/3845006955433741157,948,948,,2,5
@AkademiciPlzen,facebook,d87b94e3-03e8-45d0-b92e-75e9b819545c,99ae9bc3-928c-4c25-b4ea-10e0adf35895,FB Post,IMAGE,20.4.2026 12:52:11,"POV: máš přístup do alba „oblíbené“ v galeriích našich hráčů 👀📸💙 

#akademiciplzen",https://www.facebook.com/1357105236437494/posts/1372565521558132,957,,7,,
@akademiciplzen,instagram,65494228-95bf-4f7b-8e68-d47d7262db66,29680abc-02bc-4122-a7b3-9cfa7cfbde67,IG Story,VIDEO,1.4.2026 19:13:53,GOOOOOOL! vyrovnáno!,https://www.instagram.com/stories/akademiciplzen/3865896822913113973,,1066,,,
vsefalcons,instagram,709fceba-e311-48e7-9057-f54a587abf4a,2fa8d8b8-d319-43e6-b190-c382bdec876f,IG Reel,VIDEO,8.1.2026 16:10:11,akorát že vůbec 😶‍🌫️,https://www.instagram.com/reel/DTQYFjfCG8D/,,20511,258,5,43
@akademiciplzen,instagram,65494228-95bf-4f7b-8e68-d47d7262db66,3a86626c-df6a-40d5-b631-72a4f66d5b78,IG Story,VIDEO,1.4.2026 16:47:14,,https://www.instagram.com/stories/akademiciplzen/3865823002340643151,,,,,
@univerzitnihokej,instagram,1e114592-3529-4cfe-9977-2598454053af,5b400470-5cf0-4fd4-af32-da017a9d3623,IG Story,VIDEO,8.4.2026 18:46:38,A KOMU FANDÍŠ TY? 🤔,https://www.instagram.com/stories/univerzitnihokej/3870956541616630210,,757,,,
@univerzitnihokej,instagram,1e114592-3529-4cfe-9977-2598454053af,ce947262-6d1b-42f1-a0a9-00b993c40f64,IG Story,VIDEO,8.4.2026 18:27:52,4 2,https://www.instagram.com/stories/univerzitnihokej/3870947087286297048,,745,,,
vsefalcons,instagram,709fceba-e311-48e7-9057-f54a587abf4a,ff0026c9-4816-471d-b724-44ff38a67f78,IG Story,VIDEO,13.3.2026 16:20:29,,https://www.instagram.com/stories/vsefalcons/3852038805368879881,878,839,,,2
@akademiciplzen,instagram,65494228-95bf-4f7b-8e68-d47d7262db66,08d836be-8680-4b7f-b19e-4a41e349b84f,IG Story,VIDEO,7.4.2026 17:44:02,VIDÍTE TO TAKY? 😯 @beerik09 🤝🏻 @tomas_ceperko,https://www.instagram.com/stories/akademiciplzen/3870200345054164727,,2285,,,3
univerzitnihokej,tiktok,01c88cf9-594f-408e-a45a-95114221acae,836c53cb-6d87-4078-801a-3b9ed7a21f82,TT Video,VIDEO,16.4.2026 15:03:29,Příchod ve velkém stylu! 🔥,https://www.tiktok.com/@univerzitnihokej/video/7629372902089002242?utm_campaign=tt4d_open_api&utm_source=7348986504397455361,,753,73,1,
@unitedhk,facebook,bfe6cc29-a387-41b9-9bca-b077722556af,c4e5703f-1dea-4fd1-b111-562877d10675,FB Post,PHOTO,31.3.2026 7:51:58,"🔥 Dnes začíná bitva o Final Four.

PLAY-IN.

Jeden zápas, který rozhodne všechno.

Vyhraješ a zůstáváš ve hře.
Prohraješ a sezóna končí.

Dnes jdeme ALL IN.

Drž nám palce.🖤🧡

#unitedhk #unihokej #uhk #hradeckralove",https://www.facebook.com/122180651084388974/posts/122180091506388974,273,,5,,
vsefalcons,instagram,709fceba-e311-48e7-9057-f54a587abf4a,06d62636-c6f5-4471-8df9-d3f481001659,IG Story,VIDEO,17.2.2026 19:49:43,1. TŘETINA,https://www.instagram.com/stories/vsefalcons/3834749490217671686,619,754,,,
@united_hk,instagram,b18c071b-0570-48b2-b743-990c668c3c5b,3c614286-9e1c-42e8-af54-5331650daedc,IG Story,VIDEO,15.4.2026 12:53:52,,https://www.instagram.com/stories/united_hk/3875852413181657502,,510,,,3
@riderspardubice,facebook,f99ed6c3-17cc-46f4-a32e-d9b0576ce2df,d7de6c70-ca9d-4ecd-bffc-bb72762a9323,FB Post,IMAGE,10.3.2026 19:51:35,"Další venkovní zápas!🤩

Venkovní zápas
🗓️ 17.3. v 19:30
📍 v RT Torax Arena 
⚔️ proti @boostrava 

#venkovnízápas#riders",https://www.facebook.com/1592662819534019/posts/1572927184840916,157,,1,,
vsefalcons,instagram,709fceba-e311-48e7-9057-f54a587abf4a,ea6aa820-c9a4-4148-8e6b-ba7c7164a90f,IG Story,VIDEO,3.2.2026 20:59:02,LUKÁŠ NOVÁK 💥,https://www.instagram.com/stories/vsefalcons/3824637567048408862,,1417,,,2
@univerzitnihokej,instagram,1e114592-3529-4cfe-9977-2598454053af,050a51df-b637-47c1-8fd0-283276a38840,IG Reel,VIDEO,6.3.2026 19:24:30,"Final Four sem, Final Four tam…
Ale kdo ho vlastně bude hrát? 🤔 Ondra vám hezky ve videu ukáže, jak se týmy dostanou mezi nejlepší čtyřku. 👆🏻
🗓️16.-17. duben | 🏟️ Zimní stadion Eden",https://www.instagram.com/reel/DVjfY8OiCYM/,,16131,364,2,106
@riderspardubice,instagram,4d6a67ab-9313-4f77-a82e-abb18adbca5d,5e5963f6-2181-432f-8b2a-c1e4be126ec8,IG Post,IMAGE,9.3.2026 22:29:31,"Dnes se zadařilo!🥳 Sice po prodloužení, ale 2 další body jsou doma!",https://www.instagram.com/p/DVrjEv1jG_5/,,2906,62,,3
@riderspardubice,instagram,4d6a67ab-9313-4f77-a82e-abb18adbca5d,9fecef2d-9134-4539-804a-32658dde6ca7,IG Post,IMAGE,15.3.2026 16:51:40,"V pondělí 23. března se uvidíme v letošní sezoně naposledy na domácím ledě! 👋🤩

Vstupenky koupíš přes odkaz v BIU! 🎟️",https://www.instagram.com/p/DV6ZYD4jIE2/,,2608,73,,7
@riderspardubice,facebook,f99ed6c3-17cc-46f4-a32e-d9b0576ce2df,a0e51f0f-6a8b-420b-82ed-453d42bd36a7,FB Post,IMAGE,24.3.2026 2:39:44,Dnes bohužel prohra.,https://www.facebook.com/1592662819534019/posts/1585033786963589,187,,,,
@engineersprague,facebook,afd06d1d-7b1c-4f66-8d93-ce4255ab773c,d38d2bd3-8f96-4589-9e69-5f21ea9eda5b,FB Story,IMAGE,12.3.2026 21:31:24,,,,,,,
@univerzitnihokej,instagram,1e114592-3529-4cfe-9977-2598454053af,4633d5e0-aca9-44f4-9c4d-7bb233eb28bb,IG Story,VIDEO,11.4.2026 15:21:45,,https://www.instagram.com/stories/univerzitnihokej/3873027736000302210,,805,,,2
@riderspardubice,facebook,f99ed6c3-17cc-46f4-a32e-d9b0576ce2df,4b3a33e3-f831-4d8e-a3b0-73fe3b21cec7,FB Video,VIDEO,16.4.2026 14:34:43,,https://www.facebook.com/reel/952393037372708/,775,245,10,,
@bitvaoprahu,instagram,d7c8aa06-74fb-4c6c-a7d2-c2fe1bf6d59c,73db16a7-1d4e-43d8-8332-afbbcfb48753,IG Post,IMAGE,9.3.2026 8:36:10,"Jídlo a pití zdarma po celou dobu akce, ten nejlepší výhled a afterparty jako bonus? 🫨 To všechno může být ve čtvrtek tvoje, stačí se zapojit do soutěže!

PODMÍNKY:
1) označ do komentáře kámoše, kterýho chceš jako svýho VIP parťáka 🤝🏼
2) sleduj profil @bitvaoprahu 👈🏼

Soutěž probíhá do středy 10:00. Hodně štěstí! 🍀",https://www.instagram.com/p/DVqBtpxjKsE/,,21866,366,332,44
@riderspardubice,facebook,f99ed6c3-17cc-46f4-a32e-d9b0576ce2df,7fe47f77-8ae0-4492-bd0f-f4d3bff7b07e,FB Video,VIDEO,12.4.2026 15:17:18,Tenhle moment nezapomeneme! 🫶,https://www.facebook.com/reel/962669956136599/,5110,2993,47,,
vsefalcons,instagram,709fceba-e311-48e7-9057-f54a587abf4a,30f9b115-6274-4fdf-ba03-f06599b83c95,IG Story,VIDEO,20.1.2026 17:53:19,❓ ❓ ❓,https://www.instagram.com/stories/vsefalcons/3814397205021227342,,1067,,,1
vsefalcons,instagram,709fceba-e311-48e7-9057-f54a587abf4a,6783c27c-a7f1-4149-8122-499ce770d319,IG Story,VIDEO,12.3.2026 16:13:09,🎯,https://www.instagram.com/stories/vsefalcons/3851310381255927730,1423,1304,,,
vsefalcons,instagram,709fceba-e311-48e7-9057-f54a587abf4a,bfa858b8-bd45-428b-b321-304b0598c4eb,IG Reel,VIDEO,3.3.2026 19:15:13,Tenhle gól byl doslova perfektní a nádhernej 🤤🤤,https://www.instagram.com/reel/DVbwJP4CGlR/,,5119,92,,1
vsefalcons,instagram,709fceba-e311-48e7-9057-f54a587abf4a,2a9ff7ec-4ff4-43ac-9e80-d07da2c2dad3,IG Story,VIDEO,12.3.2026 16:24:51,KOTEL JEDE BOMBY 🥁,https://www.instagram.com/stories/vsefalcons/3851316915302093863,1387,1291,,,7
@cvutengineers,instagram,11963a07-7f0f-48e6-9d81-aa63a7ff4a04,a9bad2e0-d2c1-4695-a744-c55c1c10f018,IG Reel,VIDEO,4.4.2026 12:29:53,"Kdo si s tím podle vás poradil nejlíp? 🤸🏻🦁

#engprg",https://www.instagram.com/reel/DWtbDP3jMPC/,,82822,1396,,67
@bitvaoprahu,instagram,d7c8aa06-74fb-4c6c-a7d2-c2fe1bf6d59c,d07d94af-34ad-486e-ab68-1e6129151b3b,IG Post,IMAGE,12.3.2026 22:41:53,Ideální rande 🟰 Bitva o Prahu?! 😍,https://www.instagram.com/p/DVzSja6DEtI/,,9723,127,,1
vsefalcons,instagram,709fceba-e311-48e7-9057-f54a587abf4a,e4bfd9cf-797c-4948-92ec-32b4618bda66,IG Story,VIDEO,8.4.2026 16:02:22,,https://www.instagram.com/stories/vsefalcons/3870873881481369434,930,852,,,
@univerzitnihokej,facebook,01b45180-0b14-4a14-96e8-d0a4bab1fb9f,ee82b4bc-039f-40ab-add7-1f4fc0881c5c,FB Post,IMAGE,8.4.2026 11:02:11,"Studentský život v kapse 📱 Seznam se s apkou @unilifecz 🚀

Zápasy, eventy ve městě a výhody, který nechceš minout. Tak stahuj aplikaci do svého telefonu! 📲",https://www.facebook.com/1275398168115026/posts/1281129584208551,306,,1,,
@riderspardubice,instagram,4d6a67ab-9313-4f77-a82e-abb18adbca5d,43e0e04a-abd1-4c49-b552-1e4fc0bb1b7f,IG Story,VIDEO,31.3.2026 20:57:30,,https://www.instagram.com/stories/riderspardubice/3865224192019192282,,524,,,
vsefalcons,instagram,709fceba-e311-48e7-9057-f54a587abf4a,6d17a8ce-8dd6-4e07-b9a7-d447b5ca2d96,IG Post,CAROUSEL_ALBUM,23.2.2026 15:42:45,"Survivor game už zítra! 🔥

Pokud ještě nemáš lístky, tak je ideální čas to změnit, jinak přijdeš o hodně 😏 Tak šup šup na profil a vidíme se zítra 👋🏼",https://www.instagram.com/p/DVGxlyliDCW/,,5463,120,,17
vsefalcons,instagram,709fceba-e311-48e7-9057-f54a587abf4a,819d4d1f-a82b-432d-8463-ea5437ffd55c,IG Story,VIDEO,31.3.2026 15:05:00,🤖 🦾 🦿,https://www.instagram.com/stories/vsefalcons/3865046788109541709,1040,944,,,2
@cvutengineers,instagram,11963a07-7f0f-48e6-9d81-aa63a7ff4a04,c5e91a7c-4388-4830-bdeb-878e6219d8f8,IG Story,VIDEO,8.4.2026 17:15:23,GAME MODE ON,https://www.instagram.com/stories/cvutengineers/3870910610531952809,,995,,,
@akademiciplzen,instagram,65494228-95bf-4f7b-8e68-d47d7262db66,fe13fa30-e749-4e56-9004-8bbf5c3b3dcd,IG Story,VIDEO,1.4.2026 19:51:05,,https://www.instagram.com/stories/akademiciplzen/3865915534164642703,,931,,,
@cvutengineers,instagram,11963a07-7f0f-48e6-9d81-aa63a7ff4a04,d073f8b2-8845-4f6c-acbb-a04bf341fc81,IG Post,IMAGE,16.4.2026 21:23:04,"1/2 To nejdůležitější nás ještě čeká ✨

17.4. 
Zimní stadion Eden 
ENG vs. UK
Finále ULLH",https://www.instagram.com/p/DXNRunBDJKx/,,2141,104,,1
vsefalcons,instagram,709fceba-e311-48e7-9057-f54a587abf4a,db98ecc2-763b-48df-a9df-9ef80fdc450b,IG Story,VIDEO,3.2.2026 19:50:57,@hcnorthwings 🌬️ severní vítr do prahy dovezl sníh,https://www.instagram.com/stories/vsefalcons/3824603280693554983,,1778,,,2
@cvutengineers,instagram,11963a07-7f0f-48e6-9d81-aa63a7ff4a04,f3cd427e-eff1-4251-9fce-6e95f412d686,IG Post,IMAGE,1.4.2026 19:57:32,"Jdeme na Riders! 🐎
Soupeře pro play-in už známe, teď jde opravdu o všechno. 
Buďte u toho s námi 🔥. Let’s go ENGINEERS🦁.

#engprg #srdcelva",https://www.instagram.com/p/DWmebd7DAFL/,,10495,176,,49
@riderspardubice,facebook,f99ed6c3-17cc-46f4-a32e-d9b0576ce2df,f91c3366-6857-49b9-a933-a40c8ee38317,FB Video,VIDEO,6.4.2026 19:22:09,"V úterý @hcpce, ve středu my! 🏒
Hockeytown 🔥",https://www.facebook.com/reel/1253702206965614/,911,329,4,,
@bitvaoprahu,instagram,d7c8aa06-74fb-4c6c-a7d2-c2fe1bf6d59c,1ebe5ec8-4763-4fc9-a740-a4d7fdb67403,IG Post,IMAGE,11.3.2026 11:02:17,Pochod s vidlema? To jen ČZU míří na zimák! 👨🏻‍🌾🔥,https://www.instagram.com/p/DVveMXgF07q/,,8598,65,,71
@riderspardubice,facebook,f99ed6c3-17cc-46f4-a32e-d9b0576ce2df,83ecb542-deb6-4fe0-8106-73fc76c069d4,FB Post,IMAGE,23.3.2026 8:03:51,"Poslední zápas v dresu Riders pro @dominikkopecky_99 a @daniel.skryp! 🔥

Přijď kluky podpořit a rozloučit se s nimi v derby proti @united_hk! 

Lastdance
🗓️ 23.3. v 19:45
📍 v Enteria Arena 
⚔️ proti @united_hk 

Odkaz na vstupenky najdeš v BIU!🎟️ (I se slevičkou!🤭)

#lastdance#riders",https://www.facebook.com/1592662819534019/posts/1584254290374872,150,,,,
vsefalcons,instagram,709fceba-e311-48e7-9057-f54a587abf4a,9d83798a-ffb5-4a6e-b056-5a655ba8e02b,IG Story,VIDEO,10.2.2026 18:45:18,kápo na hanbě,https://www.instagram.com/stories/vsefalcons/3829643659260250601,663,846,,,
@univerzitnihokej,facebook,01b45180-0b14-4a14-96e8-d0a4bab1fb9f,e8f246bc-f0b1-4ba2-884a-beb511bd23eb,FB Video,VIDEO,12.3.2026 19:04:36,Kdo dneska vyhraje finále @bitvaoprahu ?👀,https://www.facebook.com/reel/1185019127040639/,295,113,,,
@riderspardubice,facebook,f99ed6c3-17cc-46f4-a32e-d9b0576ce2df,0f83188f-6436-4f0b-bb77-87be7f95a00c,FB Post,IMAGE,17.4.2026 11:57:08,"Napiš do komentáře svého nejoblíbenějšího hráče a my vylosujeme dva z vás, kteří vyhrají vstupenky na dnešní FF! 🥉",https://www.facebook.com/1592662819534019/posts/1607223468077954,241,,2,,
vsefalcons,instagram,709fceba-e311-48e7-9057-f54a587abf4a,19b7c9be-75de-4623-aedd-2306da71df05,IG Reel,VIDEO,3.2.2026 22:25:01,zlepšení nálady po minulém týdnu 🎉,https://www.instagram.com/reel/DUT_oC-iCEn/,,3568,104,,1
vsefalcons,instagram,709fceba-e311-48e7-9057-f54a587abf4a,7fce158a-8e00-4b76-a3c6-dbe57f478393,IG Story,VIDEO,15.2.2026 10:59:33,,https://www.instagram.com/stories/vsefalcons/3833033105900842111,681,681,,,
vsefalcons,instagram,709fceba-e311-48e7-9057-f54a587abf4a,ac869b8e-349f-4b4b-9f94-6eb4fb2addcd,IG Story,VIDEO,13.3.2026 17:13:05,,https://www.instagram.com/stories/vsefalcons/3852065279840898521,818,669,,,
@bitvaoprahu,facebook,75e0f41f-82be-4f82-a77b-82ac11135ed2,d5b7880e-961d-4629-b8fa-887bba3398c4,FB Post,IMAGE,12.3.2026 18:41:34,"🥉BRONZ PRO VŠE A TŘI BODY! ✅

Gratulujeme k obhajobě 3. místa , @vsefalcons ! 🎩👏🏼",https://www.facebook.com/1441262177797849/posts/1420314896559244,170,,2,,
@riderspardubice,instagram,4d6a67ab-9313-4f77-a82e-abb18adbca5d,e5689652-dd5c-482a-8adc-7f5f83a0c62c,IG Story,IMAGE,8.4.2026 15:52:24,JSME NA MÍSTĚ⭐️,https://www.instagram.com/stories/riderspardubice/3870868834223920451,,812,,,1
@vutcavaliersbrno,instagram,b384bebf-72f3-4f9d-8b2d-3677709f6966,8dafab58-22bc-4740-9448-d7a936fe8dba,IG Reel,REEL,25.3.2026 21:21:28,"Děkujeme za podporu v průběhu celé základní části❤️ Tím to ale nekončí, příští týden hrajeme první zápas play-in proti @blackdogsbudweis_vste 🏒",https://www.instagram.com/reel/DWUn_7SCN2L/,,3014,52,,2
vsefalcons,instagram,709fceba-e311-48e7-9057-f54a587abf4a,5ddd5d90-070f-48ff-9c29-2edcd91cd034,IG Story,VIDEO,10.3.2026 18:39:15,@fn0026 🔍,https://www.instagram.com/stories/vsefalcons/3849934344802584456,1237,,,,1
@vutcavaliersbrno,instagram,b384bebf-72f3-4f9d-8b2d-3677709f6966,4bce0514-46a7-49e4-9978-16df139e5a12,IG Story,VIDEO,1.4.2026 16:45:47,V Budějovicích domáci prostředí ☺️,https://www.instagram.com/stories/vutcavaliersbrno/3865822273965926213,,555,,,
@bitvaoprahu,facebook,75e0f41f-82be-4f82-a77b-82ac11135ed2,527172df-c449-4880-beb2-aa72743bbb75,FB Post,IMAGE,11.3.2026 11:00:11,VŠE Falcons fans... JSTE READY?! 🦅,https://www.facebook.com/1441262177797849/posts/1418948013362599,206,,,,
@univerzitnihokej,instagram,1e114592-3529-4cfe-9977-2598454053af,b4116232-477a-4f35-843c-0fbb501d7c0c,IG Reel,VIDEO,18.3.2026 17:35:52,"K hokeji to pivo prostě patří. 😎
A na unihokeji? Jedině @pivoproud 🍻",https://www.instagram.com/reel/DWCMTiyCHkJ/,,5133,61,1,
@AkademiciPlzen,facebook,d87b94e3-03e8-45d0-b92e-75e9b819545c,dc87a36f-1f4d-4978-ba4c-f676b3016703,FB Video,VIDEO,28.3.2026 12:30:03,"Tak co, užili jste si Jarní bitvu? 👀🔥
Protože to nejdůležitější teprve přichází…

Už 1. 4. nás čeká poslední domácí zápas sezony, kterým zároveň odstartujeme vyřazovací část soutěže. Buď u toho s námi a vytvořme doma vítěznou atmosféru! 💙

🎟️ Lístky najdeš v odkaze v biu nebo na
akademiciplzen.enigoo.cz

#akademiciplzen | 🎥 @yzproduction.cz",https://www.facebook.com/reel/2212279562641168/,431,185,2,,
@univerzitnihokej,facebook,01b45180-0b14-4a14-96e8-d0a4bab1fb9f,52191f7f-0d8f-4711-9a2d-54441f897249,FB Video,VIDEO,4.3.2026 19:27:40,"KFC CHICKEN DETECTIVE 🕵🏻‍♂️🔍
Fanouškovské menu na vás čeká v restauracích KFC🍗",https://www.facebook.com/reel/1609044147094083/,2103,1197,3,,
vsefalcons,instagram,709fceba-e311-48e7-9057-f54a587abf4a,213178ab-98b3-42c4-8ca2-9f273dc4c96a,IG Story,VIDEO,31.3.2026 7:50:40,BOREC NA KONEC aneb,https://www.instagram.com/stories/vsefalcons/3864828272018218904,1073,1359,,5,7
vsefalcons,instagram,709fceba-e311-48e7-9057-f54a587abf4a,2ba1374f-5240-4d57-bb4c-701ffa035c19,IG Story,VIDEO,15.4.2026 8:59:20,A TAKHLE HAPPY BUDEŠ! 🤪,https://www.instagram.com/stories/vsefalcons/3875734361752782510,728,849,,1,4
vsefalcons,instagram,709fceba-e311-48e7-9057-f54a587abf4a,3957588d-b38d-4e75-b18c-49b492c7e657,IG Story,VIDEO,3.2.2026 19:10:39,dnes to bude čistá hra powered by @garnier_czsk 💆🏻‍♂️,https://www.instagram.com/stories/vsefalcons/3824582985094041331,,2380,,,1
vsefalcons,instagram,709fceba-e311-48e7-9057-f54a587abf4a,7e70b5f5-f4bf-44c1-913e-5f78a794f1d9,IG Story,VIDEO,10.3.2026 20:54:21,🥵 JE TO DRAMA,https://www.instagram.com/stories/vsefalcons/3850002309774335715,793,,,,
@riderspardubice,instagram,4d6a67ab-9313-4f77-a82e-abb18adbca5d,8a707224-cab6-4d53-b7a4-ad8721b8667b,IG Reel,VIDEO,4.3.2026 13:53:55,"Přestávka v režii @enteria_holding ! 🚀 Led patří fanouškům a jejich přesné mušce. Děkujeme za spolupráci!
#přestávkovásoutěž#enteriaholding",https://www.instagram.com/reel/DVdwFKKjK4H/,,4433,83,,17
@bitvaoprahu,facebook,75e0f41f-82be-4f82-a77b-82ac11135ed2,bce84f88-a636-4985-82f3-bb6cd8bc5c62,FB Video,VIDEO,10.3.2026 17:18:00,Hokeeeej je dobreeeeej 👉🏼 lístky na bitvaoprahu.cz 🎟️,https://www.facebook.com/reel/1256738979117088/,1044,471,3,,
vsefalcons,instagram,709fceba-e311-48e7-9057-f54a587abf4a,16158a66-d82c-4521-b50f-a9a7f0c879e6,IG Story,IMAGE,13.3.2026 16:53:02,,https://www.instagram.com/stories/vsefalcons/3852055182590925042,852,872,,,5
vsefalcons,instagram,709fceba-e311-48e7-9057-f54a587abf4a,a1d1491a-4720-46ba-80d2-c72c66ad7485,IG Story,VIDEO,3.3.2026 12:22:44,"KDO SI SPRÁVNĚ TIPNE, KOLIK GÓLŮ SKÓROVAL @michal.danniel 
ZA POSLEDNÍCH 5 ZÁPASŮ 2 lupeny jsou jeho",https://www.instagram.com/stories/vsefalcons/3844671378096167993,1104,1533,,,4
@bitvaoprahu,facebook,75e0f41f-82be-4f82-a77b-82ac11135ed2,5d2de9ab-7185-47db-8787-971c05771592,FB Post,IMAGE,10.4.2026 13:38:05,"Bitva o Prahu v Edenu?! 🫨

Už příští týden se odehraje Final Four, kde čtyři nejlepší týmy budou bojovat o titul mistra 🏆 a rovnou tři z nich dobře znáte 😏

Ať už jsi fanoušek Falcons, Kings nebo Engineers, pojď podpořit svůj tým na nejdůležitější akci sezóny 🔥

Lístky v prodeji na finalfour.cz 🎟️",https://www.facebook.com/1441262177797849/posts/1443789917545075,252,,4,,
@vutcavaliersbrno,instagram,b384bebf-72f3-4f9d-8b2d-3677709f6966,a01e8f84-7455-49c7-857e-97c4495c5923,IG Story,VIDEO,31.3.2026 21:02:24,,https://www.instagram.com/stories/vutcavaliersbrno/3865226655702771549,,283,,,
@AkademiciPlzen,facebook,d87b94e3-03e8-45d0-b92e-75e9b819545c,a618d825-fbba-4fcd-b859-5966186a6214,FB Post,IMAGE,6.3.2026 19:48:29,"Jarní bitva už je minulostí! 💥 

Slavnostní buly nám vhodil maskot Olympiády dětí a mládeže, která se uskuteční 24.-28. 1. 2027 u nás v Plzeňském kraji! 🏆

#akademiciplzen 💙 | 📸 @vpotocesevodatoci @novotny_studio.cz",https://www.facebook.com/1357105236437494/posts/1336284845186200,416,,4,,
vsefalcons,instagram,709fceba-e311-48e7-9057-f54a587abf4a,3ebde160-fba7-4103-a2c5-35c92b45bad5,IG Story,VIDEO,28.3.2026 19:27:26,PLAY-IN MODE trénujeme i v sobotu 🫡 🔥,https://www.instagram.com/stories/vsefalcons/3863004569320044403,819,646,,,3
@riderspardubice,instagram,4d6a67ab-9313-4f77-a82e-abb18adbca5d,b2989d6d-db96-434c-9ef3-fcc9342eccef,IG Reel,REEL,31.3.2026 20:35:21,"Tohle je naše cesta na které nás nyní čeká zápas ve finále play-in, který rozhodne, jestli se potkáme v Praze na @unihokejfinalfour‼️🤩🤩🤩🤩🤩",https://www.instagram.com/reel/DWj_it1DGlf/,,7918,125,1,10
vsefalcons,instagram,709fceba-e311-48e7-9057-f54a587abf4a,2f260989-01e3-450c-81ca-85d544f24608,IG Story,VIDEO,17.3.2026 9:01:10,,https://www.instagram.com/stories/vsefalcons/3854716794661566960,987,1228,,,
@vutcavaliersbrno,instagram,b384bebf-72f3-4f9d-8b2d-3677709f6966,a5da2428-1869-403c-afc8-ef13bdab2596,IG Post,PHOTO,26.3.2026 9:54:28,"VRCHOL SEZONY JE TADY 🔥 
Do Play-in postupujeme z 10. místa a příští týden se utkáme s @blackdogsbudweis_vste, kteří se po základní části umístili na 3. místě 👈
Jeden zápas, který vše rozhodne 🏒",https://www.instagram.com/p/DWV4ko0CLW4/,,3609,88,,6
vsefalcons,instagram,709fceba-e311-48e7-9057-f54a587abf4a,b14944b7-2557-4099-986a-aa0335437e73,IG Story,VIDEO,18.2.2026 7:55:16,,https://www.instagram.com/stories/vsefalcons/3835114677101698029,574,738,,,
@bitvaoprahu,instagram,d7c8aa06-74fb-4c6c-a7d2-c2fe1bf6d59c,c7d4361a-f932-49a3-945b-93a992e1a307,IG Post,PHOTO,13.3.2026 18:27:44,"📣 Speakeři na @univerzitnihokej >>> 🗣️🗣️

Jsi stejného názoru? 👀 #bitvaoprahu",https://www.instagram.com/p/DV1algxjPob/,,51341,1423,6,428
@united_hk,instagram,b18c071b-0570-48b2-b743-990c668c3c5b,eba0731d-2ac7-4f43-af0f-8b5c1ab3f751,IG Story,VIDEO,9.4.2026 18:31:57,,https://www.instagram.com/stories/united_hk/3871673732720799833,,363,,,
@vutcavaliersbrno,instagram,b384bebf-72f3-4f9d-8b2d-3677709f6966,0d56fcd6-2351-4100-8ac7-325705943fee,IG Post,IMAGE,1.4.2026 19:38:18,"Z celého kavalírského srdce děkujeme všem fanouškům za podporu v letošní sezoně ❤️
Dnešním dnem pro nás sezona sice skončila, ale určitě není na místě věšet hlavy 👈 přinesla i spoustu krásných momentů 🏒 Přece jen… jsme v ní dvojnásobní vládci Brna 😏 🏆
Těšíme se na Vás zase v září 🙌",https://www.instagram.com/p/DWmd6MPiDmq/,,8663,389,4,16
@cvutengineers,instagram,11963a07-7f0f-48e6-9d81-aa63a7ff4a04,188aead6-72ad-4b90-a635-5b2463d74a5b,IG Story,VIDEO,17.4.2026 18:25:33,GAME ON 🔥,https://www.instagram.com/stories/cvutengineers/3877468639146561181,,1348,,,
@united_hk,instagram,b18c071b-0570-48b2-b743-990c668c3c5b,dd5e9b31-c1f6-4179-8c0d-81144dc112a5,IG Story,IMAGE,9.4.2026 13:04:31,,https://www.instagram.com/stories/united_hk/3871509132335421384,,517,,,1
@hc_muni,instagram,43cd62c8-609d-4ea6-8ce9-cae5242ede0c,3162ce63-3b47-44c4-be1b-a1549e28f634,IG Story,VIDEO,11.4.2026 21:18:56,,https://www.instagram.com/stories/hc_muni/3873207587546518660,,209,,,
@riderspardubice,instagram,4d6a67ab-9313-4f77-a82e-abb18adbca5d,ea36792d-74ce-490e-9f88-4a43a2894d9c,IG Story,IMAGE,17.4.2026 21:47:26,,https://www.instagram.com/stories/riderspardubice/3877570507734577739,,495,,,
@hc_muni,instagram,43cd62c8-609d-4ea6-8ce9-cae5242ede0c,f1da025a-6148-4da8-a042-5cb0cf659bdc,IG Post,IMAGE,16.3.2026 8:42:43,"Ve středu v 19:30 jdeme znovu do boje! 🔥
Přijď nás podpořit na Lužánky a pomoct vytvořit skvělou atmosféru! 🐻💙

Lístky koupíš u nás v biu 🎟️

#hcmuni",https://www.instagram.com/p/DV8Fk60jIdL/,,3606,48,,2
@bitvaoprahu,facebook,75e0f41f-82be-4f82-a77b-82ac11135ed2,22f96e28-8a7d-4386-973d-ce6a5c04b7d7,FB Post,IMAGE,11.3.2026 11:02:00,Tenhle pochod bude doslova MODRÝ PEKLO! 👹,https://www.facebook.com/1441262177797849/posts/1418950366695697,231,,,,
@engineersprague,facebook,afd06d1d-7b1c-4f66-8d93-ce4255ab773c,6dd34abf-9a51-405e-b762-8c272669eba1,FB Story,VIDEO,4.3.2026 21:56:31,,,,,,,
vsefalcons,instagram,709fceba-e311-48e7-9057-f54a587abf4a,773a90b2-71e4-461c-a65b-3f51fc6df318,IG Story,IMAGE,30.3.2026 9:28:31,my až zítra budeme slavit výhru,https://www.instagram.com/stories/vsefalcons/3864152671280229884,,,,,
@univerzitnihokej,instagram,1e114592-3529-4cfe-9977-2598454053af,aecc2f1f-16bb-4b3c-93d8-694996f614e0,IG Reel,VIDEO,16.3.2026 17:30:58,Bez kebabu od Kauflandu by to nebyla ta pravá @bitvaoprahu 🌯🔥,https://www.instagram.com/reel/DV9CPAjiLwQ/,,7788,120,,12
@bitvaoprahu,instagram,d7c8aa06-74fb-4c6c-a7d2-c2fe1bf6d59c,bdc2be10-5a9d-442f-8184-6eae5478d113,IG Reel,VIDEO,9.3.2026 17:02:01,"I tuhle písničku si společně zazpíváme už ve čtvrtek! 🗣️

Lístky na bitvaoprahu.cz 🎟️",https://www.instagram.com/reel/DVq9pqkiF3-/,,75572,2474,11,478
@univerzitnihokej,instagram,1e114592-3529-4cfe-9977-2598454053af,4cf0d6ba-8d83-4501-91d1-57666038e83a,IG Post,ALBUM,31.3.2026 10:02:27,"Dnešní druhý duel PLAY-IN👀

Ostrava 🆚 Riders 
Jeden zápas, který o všem rozhodne! Kdo postoupí do finále? 👇🏻",https://www.instagram.com/p/DWi3Q6RiONi/,,8539,142,,10
@united_hk,instagram,b18c071b-0570-48b2-b743-990c668c3c5b,e4568d0f-26d0-46c0-9b3f-89e1aee1296f,IG Story,IMAGE,27.4.2026 11:12:52,,https://www.instagram.com/stories/united_hk/3884498878938545974,,739,,,1
@cvutengineers,instagram,11963a07-7f0f-48e6-9d81-aa63a7ff4a04,f4a16f7c-a17a-4a92-b109-e3f4d923496e,IG Story,VIDEO,17.4.2026 22:55:53,,https://www.instagram.com/stories/cvutengineers/3877604809767685897,,970,,,
@boostrava,instagram,1176ddaf-d366-48a2-9639-3c6694c72c85,648e6137-ccd3-4e74-9b17-2808576caf5f,IG Reel,REEL,31.3.2026 21:55:59,"Vyraž s @kfc_cz kyblíkem do boje! 🔥

To jak ho využiješ je jen na tobě! 🍗

#kfc #kyblik",https://www.instagram.com/reel/DWkIwO5DOdt/,,6496,216,1,21
@riderspardubice,facebook,f99ed6c3-17cc-46f4-a32e-d9b0576ce2df,31d281dd-83b8-4906-ab2e-1d02ca0e428c,FB Video,VIDEO,30.3.2026 15:47:23,"Kluci zašli na fanouškovské menu do @kfc_cz , snacky zmizely rychle, ale kyblík v jejich životech zůstane už napořád ♥️

Co teď kyblík asi na kolejích dělá? 👀 
Tipujte do komentářů 👇",https://www.facebook.com/reel/1994233238179595/,598,172,5,,
vsefalcons,instagram,709fceba-e311-48e7-9057-f54a587abf4a,e18e2cab-b7d2-4c86-b07c-92b872d4e020,IG Reel,VIDEO,23.3.2026 20:13:17,Čas běží kluci…⏱️ 10 vteřinová challenge 👀,https://www.instagram.com/reel/DWPWnwTCGNM/,,5782,212,4,21
@univerzitnihokej,facebook,01b45180-0b14-4a14-96e8-d0a4bab1fb9f,c98254a4-7b4b-4583-99e0-2d219713878a,FB Video,VIDEO,30.3.2026 8:43:14,Zítra startuje PLAY-IN ➡️ boj o postup do @unihokejfinalfour ⚔️,https://www.facebook.com/reel/1235890805250434/,1135,230,4,,
@boostrava,instagram,1176ddaf-d366-48a2-9639-3c6694c72c85,5ba96b0e-ca4b-4acd-90ad-f17ab95a9264,IG Story,VIDEO,31.3.2026 21:27:23,,https://www.instagram.com/stories/boostrava/3865239323356724518,,745,,,1
@riderspardubice,instagram,4d6a67ab-9313-4f77-a82e-abb18adbca5d,739d9237-0171-4c6e-832c-5a6938fde79f,IG Story,VIDEO,8.4.2026 20:06:48,,https://www.instagram.com/stories/riderspardubice/3870996890360320229,,551,,,4
@cvutengineers,instagram,11963a07-7f0f-48e6-9d81-aa63a7ff4a04,dc1a446c-74a4-4684-b271-31a5a779fce8,IG Story,IMAGE,8.4.2026 18:08:33,0 0,https://www.instagram.com/stories/cvutengineers/3870937361165328368,,931,,,
@riderspardubice,facebook,f99ed6c3-17cc-46f4-a32e-d9b0576ce2df,3bb0d4b1-ccbe-4b7e-8466-409781582157,FB Post,IMAGE,16.4.2026 17:13:40,"Tohle byl souboj na ostří nože, přestože jsme na konci zápasu tlačili, tak konečné skóre je ve prospěch @ukkingsprague a my se zítra budeme rvát o bronz! 🥉",https://www.facebook.com/1592662819534019/posts/1606458034821164,873,,13,,
vsefalcons,instagram,709fceba-e311-48e7-9057-f54a587abf4a,ced26e83-ac64-4298-9d7a-66e53d1b782e,IG Story,VIDEO,3.2.2026 8:57:05,,https://www.instagram.com/stories/vsefalcons/3824274149649193887,,997,,,
vsefalcons,instagram,709fceba-e311-48e7-9057-f54a587abf4a,74c547eb-2c9a-483a-a314-c46a6b46bda0,IG Story,VIDEO,10.3.2026 22:47:35,,https://www.instagram.com/stories/vsefalcons/3850059347015513216,764,251,,,1
@riderspardubice,instagram,4d6a67ab-9313-4f77-a82e-abb18adbca5d,6793a4f7-0d6c-474c-b7b6-28d844b8de99,IG Story,VIDEO,6.4.2026 7:35:55,,https://www.instagram.com/stories/riderspardubice/3869169395826427687,,843,,,1
@akademiciplzen,instagram,65494228-95bf-4f7b-8e68-d47d7262db66,91ed32c2-2fa9-4841-a54f-329450204095,IG Story,VIDEO,18.4.2026 10:13:28,,https://www.instagram.com/stories/akademiciplzen/3877942044987797631,,978,,,
univerzitnihokej,tiktok,01c88cf9-594f-408e-a45a-95114221acae,f3170b8d-18be-46e8-9387-e443c6f9bfd0,TT Video,VIDEO,19.4.2026 10:39:40,Jsou fanoušci @ČVUT Engineers Prague 🦁 opravdu ti nejlepší? 🦁,https://www.tiktok.com/@univerzitnihokej/video/7630418174386703638?utm_campaign=tt4d_open_api&utm_source=7348986504397455361,,3830,131,,5
@BOhokej,facebook,c9082543-a03b-490f-8f97-66d439acce89,ca2d2e42-3929-4877-92cc-895b3f4803ad,FB Video,VIDEO,1.4.2026 16:36:37,"DĚKUJEME fanouškům a @bo_kotel za neskutečnou podporu v letošní sezóně. Vážíme si Vaši podpory a doufáme, že za námi budete stát i nadále. 
Vaši ŽRALOCI🦈❤️‍🩹",https://www.facebook.com/reel/919382640988644/,583,192,5,,
@riderspardubice,instagram,4d6a67ab-9313-4f77-a82e-abb18adbca5d,318e81d8-4942-4c25-8c95-0f2188f41453,IG Story,VIDEO,1.4.2026 16:09:23,,https://www.instagram.com/stories/riderspardubice/3865804005641578206,,498,,,
@akademiciplzen,instagram,65494228-95bf-4f7b-8e68-d47d7262db66,a10e8a64-9d5d-4ef0-a762-ac1c5db1ac11,IG Story,IMAGE,9.4.2026 9:57:13,,https://www.instagram.com/stories/akademiciplzen/3871414839868688528,,1134,,,
@riderspardubice,facebook,f99ed6c3-17cc-46f4-a32e-d9b0576ce2df,1a63d390-d636-4bb5-b6c1-9f4e2d7e3712,FB Post,IMAGE,15.4.2026 6:00:11,"Jedeme do Prahy reprezentovat na @unihokejfinalfour Riders, Pardubice i naši @upce_cz a bojovat s pražskými týmy o titul vládce ligy. ♥️

🏒 SEMIFINÁLE
🆚 @ukkingsprague
📍 Zimní stadion Eden, Praha
🕓 16. dubna | 16:30

👉 2 dny plný hokeje, atmosféry a afterparty

Ve čtvrtek se rozhodne, jestli půjdeme do finále, nebo o bronz – každopádně v pátek se hraje o medaile.

Pojď do toho s námi a buď u toho.

🎟️ Vstupenky najdeš v BIU.",https://www.facebook.com/1592662819534019/posts/1605059924960975,911,,16,,
@riderspardubice,instagram,4d6a67ab-9313-4f77-a82e-abb18adbca5d,72ca2875-a567-403b-a644-dca889883246,IG Story,VIDEO,8.4.2026 6:58:23,DNES VYRÁŽÍME DO PRAHY!,https://www.instagram.com/stories/riderspardubice/3870600055212493169,,891,,,
@unitedhk,facebook,bfe6cc29-a387-41b9-9bca-b077722556af,bd85dbfd-56db-4db5-9a34-1d15831c90b2,FB Video,VIDEO,9.3.2026 19:40:41,"🔥 Plná ČPP Aréna, derby Hradec vs. Pardubice a Halftime Show Adama Mišíka.

Východočeské derby univerzit znovu ukázalo, jak vypadá studentský hokej ve velkém stylu v rámci Univerzitní ligy ledního hokeje.
Do arény dorazilo 2 379 fanoušků, kteří vytvořili skvělou atmosféru od prvního buly až do posledních minut.

Na ledě tvrdý souboj UNIted HK a Riders Univerzita Pardubice.
O přestávce velká show – Adam Mišík, který rozpálil celou halu.

🎥 Mrkni na oficiální aftermovie a připomeň si nejlepší momenty z jednoho z největších univerzitních hokejových eventů ve východních Čechách.

🌐 Více info:
www.unitedhk.cz/derby

#unitedhk #unihokej #hokej",https://www.facebook.com/reel/1289277289790222/,191,38,3,,
@univerzitnihokej,facebook,01b45180-0b14-4a14-96e8-d0a4bab1fb9f,088256db-78fd-4c2a-9629-38a9d1f39966,FB Post,IMAGE,6.4.2026 8:09:55,"Veselé Velikonoce 🐣 Prokousali jsme se skořápkou a to nejlepší čeká uvnitř 👀
Final Four se blíží… 🔥",https://www.facebook.com/1275398168115026/posts/1279525517702291,496,,5,,
@bitvaoprahu,instagram,d7c8aa06-74fb-4c6c-a7d2-c2fe1bf6d59c,2d8955c5-9b11-4ba2-bc3f-3b8e9843abb1,IG Reel,VIDEO,12.3.2026 17:01:23,"TICK, TICK, BOOM! 🚨🎯

Bitva o bronz živě na @sport_ct ➕. 📺 #bitvaoprahu",https://www.instagram.com/reel/DVyr0ZiDGcu/,,12406,215,,4
@univerzitnihokej,instagram,1e114592-3529-4cfe-9977-2598454053af,fc668e55-acd3-412e-bcef-3acaa4a4d089,IG Story,VIDEO,12.4.2026 11:52:39,,https://www.instagram.com/stories/univerzitnihokej/3873647270453331497,,1306,,,
@riderspardubice,facebook,f99ed6c3-17cc-46f4-a32e-d9b0576ce2df,1f6e461f-5422-4efa-ae11-4dcc69529011,FB Post,IMAGE,13.4.2026 9:45:57,"Jdeme do @unihokejfinalfour, a to si určitě zaslouží vybavit se našim dresem! 😍

Stačí si přes náš odkaz v BIU založit účet u @csobcz , do soukromé zprávy nám napiš “hotovo” a po kontrole čísla účtu ti předáme dres Riders! 

Tohle je šance vybavit na Final Four do Prahy, ukázat, jak fandí Hockeytown a získat výhody účtu u ČSOB! 🤩

*Soutěž platí pouze do rozdání zásob - konec zásob oznámíme v komentáři pod tímto příspěvkem.",https://www.facebook.com/1592662819534019/posts/1603436685123299,136,,,,
@hcnorthwings,facebook,2b08a479-603b-46e4-8a48-2bc0435ccd53,36a0d79e-21c3-47ab-90cd-b1543efa28ef,FB Story,IMAGE,4.3.2026 10:26:46,,,,,,,
vsefalcons,instagram,709fceba-e311-48e7-9057-f54a587abf4a,788be1b3-3439-4180-8c6b-4976a776526a,IG Story,VIDEO,26.2.2026 20:12:30,@veolia_cz  KOLO JE ZA NÁMI 🥳,https://www.instagram.com/stories/vsefalcons/3841283960492005483,1151,1740,,,13
vsefalcons,instagram,709fceba-e311-48e7-9057-f54a587abf4a,c1f158de-25cc-40c2-941d-9a859c65af7b,IG Story,VIDEO,11.3.2026 13:59:21,💂‍♀️ A JEŠTĚ JEDNU NOVINKU PRO VÁS MÁME 😏,https://www.instagram.com/stories/vsefalcons/3850518218091793530,953,1087,,,
@bitvaoprahu,facebook,75e0f41f-82be-4f82-a77b-82ac11135ed2,2e9828c1-ca1c-4df5-8bbf-7f77df795ccb,FB Post,IMAGE,11.3.2026 11:00:11,Královská rodino... uvidíme se v průvodu? 👀👑,https://www.facebook.com/1441262177797849/posts/1418948903362510,231,,,,
@hcnorthwings,facebook,2b08a479-603b-46e4-8a48-2bc0435ccd53,48c3ee6d-2958-4e55-a31e-7e53d7f72eed,FB Story,VIDEO,4.3.2026 10:55:27,,,,,,,
vsefalcons,instagram,709fceba-e311-48e7-9057-f54a587abf4a,550d0dd8-6e1e-4e9e-a677-c3022fa5b11d,IG Story,VIDEO,13.3.2026 16:25:02,,https://www.instagram.com/stories/vsefalcons/3852041085493186763,830,776,,,
@united_hk,instagram,b18c071b-0570-48b2-b743-990c668c3c5b,9e886c47-01bb-4090-b1df-67c2196149de,IG Reel,VIDEO,12.4.2026 16:04:36,"We listen and we (don’t) judge: Garnier edition💚

#unitedhk #unihokej #hokej",https://www.instagram.com/reel/DXCZ8b_iIoT/,,3398,73,,5
vsefalcons,instagram,709fceba-e311-48e7-9057-f54a587abf4a,bc369f50-73ff-41d8-a012-950ced630c49,IG Reel,VIDEO,10.4.2026 18:22:13,"Jsme trochu v nešťastný situaci… neznáme soupeře ani čas semifinále @unihokejfinalfour 😏

Řešení? Jednoduchý.
Kup si denní vstupenku a dej si rovnou 2️⃣ zápasy + double dávku show. 🔥 Nebo si počkej do neděle, kdy už bude jasno. 👀
Vstupenky na finalfour.cz a nezapomeň využít náš kód VSEFANS! 🎟️",https://www.instagram.com/reel/DW9gBlSiFIH/,,4819,110,5,25
@cvutengineers,instagram,11963a07-7f0f-48e6-9d81-aa63a7ff4a04,c78a3783-75fb-4193-9f77-86adca5e5166,IG Story,VIDEO,17.4.2026 20:01:35,1 2,https://www.instagram.com/stories/cvutengineers/3877517139284636716,,1266,,,
vsefalcons,instagram,709fceba-e311-48e7-9057-f54a587abf4a,1f3f8c59-ffe3-40f5-8fd2-6a6ae2e32e2c,IG Post,IMAGE,15.6.2026 16:28:52,"Po dvou sezónách se loučíme s naším hlavním trenérem, Milanem Boříkem. Bóřa, díky za odvedenou práci, za to, co jsi nás naučil, a za vzpomínky, kterých rozhodně není málo. ❤️‍🩹🥉

Přejeme ti hodně štěstí a úspěchů na tvé další cestě ✊🏼
#JednouFalconNavzdyFalcon",https://www.instagram.com/p/DZnP5msCLqf/,,12507,348,9,44
vsefalcons,instagram,709fceba-e311-48e7-9057-f54a587abf4a,5531d935-0f9d-40c1-81f2-2445475eeba8,IG Story,VIDEO,3.3.2026 19:55:30,naše trenérské trio 🧑‍🧒‍🧒,https://www.instagram.com/stories/vsefalcons/3844899283363481074,629,847,,,1
vsefalcons,instagram,709fceba-e311-48e7-9057-f54a587abf4a,7981bba6-6f71-4bd3-8015-c44057427d63,IG Story,VIDEO,14.4.2026 13:23:26,"KDO NEMÁ, MŮŽE KOUPIT NA MÍSTĚ 🔥 🛍️",https://www.instagram.com/stories/vsefalcons/3875142513287761993,638,695,,,2
vsefalcons,instagram,709fceba-e311-48e7-9057-f54a587abf4a,8ea39e1a-6fed-4bf0-85a6-5e2466897e7e,IG Story,VIDEO,9.4.2026 7:56:49,"🥳 dobré ráno, tohle nebyl sen",https://www.instagram.com/stories/vsefalcons/3871354244280364303,786,914,,1,
@bitvaoprahu,facebook,75e0f41f-82be-4f82-a77b-82ac11135ed2,bff9f277-80a8-4632-9c70-768fb518a01f,FB Post,IMAGE,10.3.2026 13:11:38,"UŽ VE ČTVRTEK…⏳

🎓4 největší pražské univerzity | ČZU • VŠE • UK •ČVUT
🎤Metrostav halftime show | Gufrau • Victor Kal. • MAT213
🏒🔥Show na ledě, i v hledišti 

…to je BITVA O PRAHU 🤩
Budeš s námi u největší sportovní události letního semestru?
🎟️bitvaoprahu.cz",https://www.facebook.com/1441262177797849/posts/1418610976729636,539,,5,,
vsefalcons,instagram,709fceba-e311-48e7-9057-f54a587abf4a,4ea9ee12-fefc-43eb-a0f4-cda25d769801,IG Story,VIDEO,5.2.2026 17:57:27,,https://www.instagram.com/stories/vsefalcons/3825995979413811158,,884,,,
vsefalcons,instagram,709fceba-e311-48e7-9057-f54a587abf4a,8da31611-0c53-4e64-b50e-39f2b479bc3f,IG Story,VIDEO,3.6.2026 6:55:35,🥵 DOBRÉ RÁNO,https://www.instagram.com/stories/vsefalcons/3911185889430633327,741,607,,,
@univerzitnihokej,facebook,01b45180-0b14-4a14-96e8-d0a4bab1fb9f,05019364-db07-425d-88a6-464f5564ad7f,FB Post,IMAGE,1.4.2026 20:00:28,"Semifinále PLAY-IN? Drama až do konce 🤯 

Black Dogs rozhodli až v samostatných nájezdech, v Plzni vyhráli outsideři Farmers. 😮‍💨",https://www.facebook.com/1275398168115026/posts/1275963344725175,494,,1,,
vsefalcons,instagram,709fceba-e311-48e7-9057-f54a587abf4a,465ce256-c403-410c-bef1-e58dd7b252d1,IG Story,VIDEO,16.4.2026 16:47:17,,https://www.instagram.com/stories/vsefalcons/3876694481172978032,1080,1043,,,3
@hc_muni,instagram,43cd62c8-609d-4ea6-8ce9-cae5242ede0c,51b9289e-dbf5-4ab4-9ace-725904cc88d1,IG Story,VIDEO,11.4.2026 21:17:09,"💥 ⏰  ZÍTRA ČEKÁ JIRKU DALŠÍ ZÁPAS! 
 LET’S  GO FOR THAT",https://www.instagram.com/stories/hc_muni/3873206614602209055,,232,,,
vsefalcons,instagram,709fceba-e311-48e7-9057-f54a587abf4a,7f3a329a-d6b2-40a4-b8ed-a620e062f91a,IG Story,VIDEO,1.4.2026 20:14:24,,https://www.instagram.com/stories/vsefalcons/3865927385757575658,798,454,,,
vsefalcons,instagram,709fceba-e311-48e7-9057-f54a587abf4a,ab0dc9a6-a50f-43c9-b2f9-94d5edd77f40,IG Story,VIDEO,2.3.2026 17:46:07,📍,https://www.instagram.com/stories/vsefalcons/3844109418082390229,686,970,,,1
vsefalcons,instagram,709fceba-e311-48e7-9057-f54a587abf4a,c7338846-6b0e-4699-9481-a6a7ca06b65b,IG Story,VIDEO,26.1.2026 19:00:00,🎯 KÁPO DÁVÁ GÓL,https://www.instagram.com/stories/vsefalcons/3818779430533757124,,112,,,
vsefalcons,instagram,709fceba-e311-48e7-9057-f54a587abf4a,68a94c5d-7dbe-46f5-93a4-69dd1e15d292,IG Story,VIDEO,16.4.2026 18:12:53,GO FALCONS GO,https://www.instagram.com/stories/vsefalcons/3876737515461806124,1044,837,,,1
@AkademiciPlzen,facebook,d87b94e3-03e8-45d0-b92e-75e9b819545c,f9fc2df6-0a53-47ee-b70a-daa44dcd2835,FB Post,PHOTO,30.3.2026 20:58:41,"🚨 Deadline alert! 🚨

🎓 Na ZČU nezačíná jen studium. Začínají tu i zážitky, kamarádi, studentskej život… a taky univerzitní hokej. 🏒

Jestli chceš být od příštího roku součástí toho všeho, mrkni na termíny přihlášek na bakalářské studium a hlavně je nepropásni. ⏳

Ulož si tenhle post a pošli ho dál někomu, kdo ještě pořád říká, že „je čas“. 👀

#akademiciplzen 💙",https://www.facebook.com/1357105236437494/posts/1356047273209957,670,,1,,
vsefalcons,instagram,709fceba-e311-48e7-9057-f54a587abf4a,4ff39c98-6af4-48c2-917a-9752c3a6c152,IG Story,VIDEO,9.3.2026 20:40:16,,https://www.instagram.com/stories/vsefalcons/3849270448404047007,675,,,,
@riderspardubice,instagram,4d6a67ab-9313-4f77-a82e-abb18adbca5d,74c2b475-84b4-4eb8-bc48-8715df9c7489,IG Post,IMAGE,16.4.2026 15:25:05,"Po první třetině 0:0 👀

📸 @honza.chlad",https://www.instagram.com/p/DXMo5-eDE3q/,,8702,212,,8
@riderspardubice,instagram,4d6a67ab-9313-4f77-a82e-abb18adbca5d,3e338adf-e2fe-413a-b5fc-636a0991d58c,IG Post,IMAGE,14.4.2026 14:16:15,"Pardubáci jedeme do Prahyyyy! 🥁

Sejdeme se před druhou hodinou na Pardubice hl. n. a ve 14:00 vyrazíme směr zimní stadion Eden! 

Na sebe merch nebo červený outfit a do ruky na cestu dostanete @pivoproud 🍻

Těšíte se?!",https://www.instagram.com/p/DXHXcBADLt-/,,10337,142,,14
@univerzitnihokej,facebook,01b45180-0b14-4a14-96e8-d0a4bab1fb9f,4f17020b-0776-444f-9233-317fede2f166,FB Video,VIDEO,26.3.2026 23:31:13,,https://www.facebook.com/reel/1901942360467314/,,,,,
@akademiciplzen,instagram,65494228-95bf-4f7b-8e68-d47d7262db66,5d313440-399f-454f-a170-52d5ad066abf,IG Reel,VIDEO,27.4.2026 20:04:05,"Zavzpomínali jsme na Jarní bitvu… a přenesli se až do devadesátek! 🎞️
Chybí vám taky ta atmosféra? Nesmutněte, už příští týden oznámíme datum Bitvy o Plzeň! 🔥

#akademiciplzen 💙",https://www.instagram.com/reel/DXpc-c0DPLO/,,12857,342,,31
@boostrava,instagram,1176ddaf-d366-48a2-9639-3c6694c72c85,5e23d49e-6859-47f7-9236-93ba4b8e6f03,IG Post,IMAGE,4.3.2026 14:40:34,"JEDEME DO BRNA⚡️
Koukni co na to říká náš útočník Patrik🎙️",https://www.instagram.com/p/DVd1Y6TDKD8/,,2954,66,2,1
vsefalcons,instagram,709fceba-e311-48e7-9057-f54a587abf4a,6f39c624-6867-4ac4-b183-04dd800ec25a,IG Post,CAROUSEL_ALBUM,27.2.2026 17:03:09,"Na podzim to bylo jen zahřívací kolo 🔥 Finálový večer @bitvaoprahu se blíží a my vás potřebujeme zpátky na tribuně 12. 3. 📣

A jestli se vám nechce čekat…
Už v úterý hrajeme na Kateřinkách! 🦅",https://www.instagram.com/p/DVRN-MUiE9D/,,12654,246,,19
@univerzitnihokej,instagram,1e114592-3529-4cfe-9977-2598454053af,81133015-3bc1-4a3a-b0af-c933915e2e43,IG Reel,VIDEO,8.4.2026 20:08:10,@ukkingsprague si dají příští týden opáčko v Edenu! 🤭,https://www.instagram.com/reel/DW4izVsCLYQ/,,5927,220,,5
vsefalcons,instagram,709fceba-e311-48e7-9057-f54a587abf4a,8696d668-b1a3-4b8c-ab29-bbdb15b08a9d,IG Story,IMAGE,22.1.2026 8:19:48,✍🏼 @alan.david6,https://www.instagram.com/stories/vsefalcons/3815558104390100827,,1301,,,2
vsefalcons,instagram,709fceba-e311-48e7-9057-f54a587abf4a,a1dbaee0-0998-4946-b778-774149aa91e9,IG Story,VIDEO,22.2.2026 15:59:48,KMENOVÝ FOCENÍ behind the scenes 📸 🧌,https://www.instagram.com/stories/vsefalcons/3838257736232749071,728,940,,,1
@univerzitnihokej,facebook,01b45180-0b14-4a14-96e8-d0a4bab1fb9f,b953d3b1-548d-4b3d-84f7-0a888f0f4563,FB Post,IMAGE,7.4.2026 8:15:37,"Zítřejší menu 🤤 Poslední krok do @unihokejfinalfour 🚀
3️⃣ týmy projdou. Kdo bude zítra výhercem?👇🏻",https://www.facebook.com/1275398168115026/posts/1280290217625821,486,,3,,
@akademiciplzen,instagram,65494228-95bf-4f7b-8e68-d47d7262db66,cb01ee2e-2ac8-464f-8be2-381e92931790,IG Reel,VIDEO,7.3.2026 12:56:42,"Jarní bitva doručila! 🚀 Nevíme jak vy, ale my tu energii vstřebáváme doteď. Absolutní strop, díky moc všem! 💙

edit: @jirikhozman",https://www.instagram.com/reel/DVlXpOJjB6i/,,11019,284,6,31
@united_hk,tiktok,7e062517-b9da-416d-b73d-a2c5899a2be6,34d97895-f550-425e-a965-f7bf4754d091,TT Video,VIDEO,15.4.2026 12:57:33,"❤️ Duben ve znamení pomoci Naši kluci tentokrát nešli bojovat na led, ale pomáhat jinak – zapojili se do akce Daruj krev ve spolupráci s @transfuzni_fnhk . 🩸🏒 Každá kapka se počítá a může někomu zachránit život. 👉 Pokud půjdeš darovat krev během dubna, můžeš se zapojit do tomboly a vyhrát skvělé ceny od sponzorů. Stačí jen po odběru vyplnit formulář, který najdeš v biu na instagramu @ifmsa_cz_hk .  Přidej se taky a udělej něco, co má skutečný smysl.❤️ #unitedhk #unihokej #hokej",https://www.tiktok.com/@united_hk/video/7628969359331036439?utm_campaign=tt4d_open_api&utm_source=7348986504397455361,,793,41,,1
@akademiciplzen,instagram,65494228-95bf-4f7b-8e68-d47d7262db66,3cd898df-ad61-4470-ab2e-92eef7db9452,IG Post,IMAGE,3.3.2026 15:57:00,"JARNÍ BITVA UŽ ZÍTRA! 👊🏻

Doraž včas na Proud, Redbull nebo svařák do fanzóny, nalaď hlasivky a pojď z toho udělat večer, na kterej se bude vzpomínat!

🕰️ 17:30 otevření fanzóny
📍 LOGSPEED CZ Aréna
🎟️ Lístky najdeš v biu nebo na plzenskabitva.cz

Tak co, bude nás ještě víc než loni? 🔥
#akademiciplzen",https://www.instagram.com/p/DVbZXwDDE3v/,,7176,119,,19
@AkademiciPlzen,facebook,d87b94e3-03e8-45d0-b92e-75e9b819545c,7e17e837-7457-420b-9f99-1d5a2dfd6be7,FB Video,VIDEO,1.4.2026 11:56:11,"🐣 SOUTĚŽ O DRESY 🏒

Najdi dnes na stadionu schované vajíčko, dones ho moderátorovi a nový dres je tvůj! 👀

V tomhle fitu budeš na všech zápasech za hvězdu. ⭐️
A pozor… tohle není jediná dnešní nadílka 🤫
Doraz na zápas a zjistíš víc.

#akademiciplzen 💙",https://www.facebook.com/reel/907166625465759/,884,237,4,,
@akademiciplzen,instagram,65494228-95bf-4f7b-8e68-d47d7262db66,aaa5f9ef-b842-4336-bf59-d0fc2562ce03,IG Post,IMAGE,13.4.2026 10:22:47,"Poslední trénink plný úsměvů, výměny rolí a dokonce i menší bitky. 👀🥊

Seriózní příprava na další sezónu proběhne někdy příště😁

#akademiciplzen 💙 | 📸 @vpotocesevodatoci",https://www.instagram.com/p/DXEX7PADJDI/,,9891,206,,11
@united_hk,instagram,b18c071b-0570-48b2-b743-990c668c3c5b,7c84769a-d7ba-4796-9fc5-34fcc3024744,IG Post,IMAGE,9.4.2026 12:41:40,"Každá sezona přináší i loučení v @univerzitnihokej.

Od další sezony s námi nebudou pokračovat Jakub Kochan, Marek Ladman, Vladimír Mičian, Jiří Šrámek a Tomáš Teuber.

Děkujeme za čas, energii, zápasy, kabinu i všechno, co jste do UNIted HK vložili.
Každý z vás zanechal v našem týmu svoji stopu a byl součástí cesty, kterou jsme za první roky klubu společně prošli.

Díky, chlapi.
🖤🧡

#unitedhk #unihokej #hokej",https://www.instagram.com/p/DW6Uo98iJkZ/,,10803,310,,74
@univerzitnihokej,instagram,1e114592-3529-4cfe-9977-2598454053af,97e1b232-5252-4d6a-a2a0-a6aa5f0729f1,IG Story,VIDEO,8.4.2026 7:00:05,,https://www.instagram.com/stories/univerzitnihokej/3870600909063495026,,4726,,,1
vsefalcons,instagram,709fceba-e311-48e7-9057-f54a587abf4a,a806326f-e27a-4a25-b4d5-523457f45096,IG Story,VIDEO,15.1.2026 16:03:12,,https://www.instagram.com/stories/vsefalcons/3810717901297029385,,934,,,2
vsefalcons,instagram,709fceba-e311-48e7-9057-f54a587abf4a,bac28d5d-e648-4aa3-bbb9-eff8cd58fa2d,IG Story,VIDEO,31.3.2026 17:38:55,nervy pracujou  poslední vteřiny do konce,https://www.instagram.com/stories/vsefalcons/3865124300952969138,986,829,,,
@BOhokej,facebook,c9082543-a03b-490f-8f97-66d439acce89,d2950208-eceb-4a5a-90ed-232359ba87ec,FB Post,IMAGE,4.3.2026 5:22:36,"🔥GAME DAY🔥 Jedeme do BRNA
@vutcavaliersbrno x @boostrava 
Kdo si odveze 3 body?",https://www.facebook.com/1477974067675582/posts/1453913526748303,277,,1,,
@cvutengineers,instagram,11963a07-7f0f-48e6-9d81-aa63a7ff4a04,db3b51f4-c13e-4503-9c49-9bc1a6df81e4,IG Post,ALBUM,27.3.2026 19:35:43,"Poslední ohlédnutí za základní částí 🦁.

#engprg 
📸 @cermanpavel_",https://www.instagram.com/p/DWZlsLJjIMU/,,4302,223,,4
vsefalcons,instagram,709fceba-e311-48e7-9057-f54a587abf4a,fecc6e53-08fc-4b3c-ae4d-7ded5cb03a8a,IG Reel,VIDEO,10.6.2026 13:14:19,tak jakej? 😎 #vsefalcons #icehockey,https://www.instagram.com/reel/DZaBkJZI8XK/,,3676,61,,6
vsefalcons,instagram,709fceba-e311-48e7-9057-f54a587abf4a,854b83d5-f366-4015-bb45-a50ff39ff937,IG Story,VIDEO,13.1.2026 18:28:13,,https://www.instagram.com/stories/vsefalcons/3809341331579869525,,1461,,,6
@univerzitnihokej,instagram,1e114592-3529-4cfe-9977-2598454053af,a993a89d-dac0-4a07-a9ad-d6bcac3b8ead,IG Post,IMAGE,9.3.2026 21:25:00,Tomu říkáme začátek týdne! 🫨 prodloužení rozhodlo a Riders doma porážejí Black Dogs 🐎,https://www.instagram.com/p/DVrb43ciKCm/,,4746,97,,19
vsefalcons,instagram,709fceba-e311-48e7-9057-f54a587abf4a,bf12cc16-e3e3-4ddf-aaa9-99e002ed177d,IG Story,VIDEO,10.3.2026 22:52:43,🎤 @cvutengineers,https://www.instagram.com/stories/vsefalcons/3850061957726521880,755,229,,,6
@akademiciplzen,instagram,65494228-95bf-4f7b-8e68-d47d7262db66,6170c3cc-0f82-4b96-b066-034e4a6b58ac,IG Post,IMAGE,3.4.2026 19:42:58,"Gratulujeme @_marcelmarcel a @filip_prikryl k nominaci na reprezentační kemp v Karlových Varech před mistrovstvím světa @ceskyhokej! 🇨🇿🤩

Dva plzeňští odchovanci z @telhcz se před závěrem naší sezóny objevili i na našich trénincích, a my jim teď budeme držet palce na další velké výzvě. 🔥

Kluci, posíláme vám z Plzně hodně štěstí!",https://www.instagram.com/p/DWroFZljIIL/,,23342,720,,27
@hcnorthwings,facebook,2b08a479-603b-46e4-8a48-2bc0435ccd53,5fe3866a-18e8-4f63-9bcb-675994bdc1ef,FB Post,IMAGE,5.3.2026 13:00:06,"23. kolo a utkání proti ČZU Farmers před skvělou diváckou kulisou pohledem @mistr.31 
Thanks for erasmus students visit 🫶
#univerzitnihokej #myjsmeujep #hcnorthwings #icehockey",https://www.facebook.com/1583651910433365/posts/1559465129518710,1224,,8,,
vsefalcons,instagram,709fceba-e311-48e7-9057-f54a587abf4a,e4ecde5a-9cf2-4f5b-86c2-04dac1e59a67,IG Story,IMAGE,26.1.2026 16:11:27,,https://www.instagram.com/stories/vsefalcons/3818694599032504131,,961,,,1
@univerzitnihokej,facebook,01b45180-0b14-4a14-96e8-d0a4bab1fb9f,3858a6df-c56f-496f-8fac-4fbd8d31fd7d,FB Video,VIDEO,24.3.2026 15:30:50,Červená mánie a pár vzpomínek na @bitvaoprahu ❤️,https://www.facebook.com/reel/1290574579630629/,1616,742,6,,
@united_hk,instagram,b18c071b-0570-48b2-b743-990c668c3c5b,89e9d459-6bae-4d9e-b6ae-128044a0a87e,IG Story,VIDEO,26.4.2026 10:28:27,,https://www.instagram.com/stories/united_hk/3883751574510027606,,886,,,1
@akademiciplzen,instagram,65494228-95bf-4f7b-8e68-d47d7262db66,4918bff6-676c-4464-aeef-6b0e7f7fb694,IG Story,VIDEO,31.3.2026 19:57:15,⏳,https://www.instagram.com/stories/akademiciplzen/3865193879356315900,,723,,,5
@218107044725785,facebook,7a942e3e-6c47-4794-9ba7-bbc7b6d40cb3,74e7b85a-af43-4476-ad33-800598ebf81c,,TEXT,14.4.2026 11:23:05,,https://www.facebook.com/122282816036218300/posts/122283920588218300,133,,6,,
@cvutengineers,instagram,11963a07-7f0f-48e6-9d81-aa63a7ff4a04,ad31f77d-e6ac-47bb-b230-10e974ca4bd1,IG Reel,VIDEO,6.4.2026 16:01:15,"Kdo je v šatně šipkový master a kdo umí hrát na saxofon? 🎷 🤔🎯 Aneb, co jdi jde nejlíp oproti ostatním klukům ⬆️.",https://www.instagram.com/reel/DWy8pzpDO6_/,,22471,719,9,106
vsefalcons,instagram,709fceba-e311-48e7-9057-f54a587abf4a,2ba5f6be-d20c-44b6-9f74-e3b3fe5c2664,IG Story,IMAGE,8.2.2026 19:32:17,1 3,https://www.instagram.com/stories/vsefalcons/3828217736786904636,,812,,,2
vsefalcons,instagram,709fceba-e311-48e7-9057-f54a587abf4a,6a2fe3d9-a5f4-4811-8dd6-5704fb06d7f3,IG Story,VIDEO,3.2.2026 18:37:36,dobrý songy na rozbruslení 🎶,https://www.instagram.com/stories/vsefalcons/3824566365978126191,,954,,,
@hcnorthwings,facebook,2b08a479-603b-46e4-8a48-2bc0435ccd53,6b63527a-c435-4f49-a17c-ecc2a472297d,FB Story,VIDEO,11.3.2026 19:48:06,,,,,,,
@united_hk,instagram,b18c071b-0570-48b2-b743-990c668c3c5b,979a200b-f549-425b-9409-45769b43cf7a,IG Story,IMAGE,19.4.2026 11:16:05,,https://www.instagram.com/stories/united_hk/3878702303280628247,,610,,,1
vsefalcons,instagram,709fceba-e311-48e7-9057-f54a587abf4a,a9854920-eff6-44b5-96d5-56306bd57469,IG Story,VIDEO,12.3.2026 15:24:57,@sokoli.hnizd0 🪹 FANS NA MÍSTĚ,https://www.instagram.com/stories/vsefalcons/3851286118943726612,1636,1468,,,1
@bitvaoprahu,facebook,75e0f41f-82be-4f82-a77b-82ac11135ed2,cfc1de2b-2176-4aa4-9e7a-6df163270c8c,FB Post,IMAGE,12.3.2026 22:51:55,"👑 OBHAJOBA KINGS! 🏆🥇

Gratulujeme staronovým vládcům, @ukkingsprague . 🎩",https://www.facebook.com/1441262177797849/posts/1420437706546963,211,,,,
@BOhokej,facebook,c9082543-a03b-490f-8f97-66d439acce89,3146f164-76b6-4bfe-a7af-8256eae34cd9,FB Video,VIDEO,28.3.2026 15:11:14,"PLAY-IN JE TADY!🔥 teď jde o všechno! 
Tak vezmi kamarády a přijď podpořit naše kluky a udělat pořádný BORDEL!📣",https://www.facebook.com/reel/2147286609390154/,412,141,5,,
vsefalcons,instagram,709fceba-e311-48e7-9057-f54a587abf4a,3cededd8-594e-4ab0-abc7-36775f11495f,IG Story,VIDEO,24.3.2026 18:07:43,"protáhnout nohy
 po dlouhé cestě 🦿 🥱",https://www.instagram.com/stories/vsefalcons/3860065322292223815,880,891,,,1
vsefalcons,instagram,709fceba-e311-48e7-9057-f54a587abf4a,bad06917-b679-4b45-8a9b-6b8348a90d50,IG Story,VIDEO,3.2.2026 8:51:54,DOMÁCÍ ZÁPAS = MIC’D UP,https://www.instagram.com/stories/vsefalcons/3824271789027805813,,1041,,,8
vsefalcons,instagram,709fceba-e311-48e7-9057-f54a587abf4a,2bf068b8-0ba1-4e4d-bbc7-ee7a48f3da36,IG Reel,VIDEO,14.4.2026 7:17:42,"Party moves, které oživí každou afterku🕺🏽

A dokonce i tu, co bude po @unihokejfinalfour 🤪 Ve čtvrtek i v pátek na vás čeká party přímo vedle zimáku 🥂 Tak vem kámoše a prodlužte si večer 🤘🏼

🎟️ Lístky kupujte na finalfour.cz",https://www.instagram.com/reel/DXGfwvTCIhH/,,10954,286,17,27
vsefalcons,instagram,709fceba-e311-48e7-9057-f54a587abf4a,979d21b5-44d4-420e-883d-bed40a087ea7,IG Story,VIDEO,3.2.2026 18:57:15,,https://www.instagram.com/stories/vsefalcons/3824576226610699840,,968,,,3
@hcnorthwings,facebook,2b08a479-603b-46e4-8a48-2bc0435ccd53,1025e98e-f42f-44fa-8741-647bff5c06ac,FB Story,VIDEO,4.3.2026 14:44:35,,,,,,,
vsefalcons,instagram,709fceba-e311-48e7-9057-f54a587abf4a,bde269de-e6bf-47e4-9f97-c5e675c2d8d4,IG Post,ALBUM,12.3.2026 15:58:22,"Proti @czufarmers dnes nastupujeme v této sestavě 👆🏼
Pokud tu nejste s námi, sledujte na ČT sport plus 📺",https://www.instagram.com/p/DVyk5IJiMmc/,,8574,92,,17
vsefalcons,instagram,709fceba-e311-48e7-9057-f54a587abf4a,d27a2bd8-006a-452b-9ce0-48ccc42469a0,IG Post,IMAGE,9.4.2026 13:23:51,"Ten moment, kdy si uvědomíš, že to nebyl jen sen.
PLAY-IN ✅ a teď míříme do @unihokejfinalfour bojovat o titul 🏆

Vstupenky na finalfour.cz 🎟️ Využij náš promo kód na 15% slevu “VSEFANS” 🤑",https://www.instagram.com/p/DW6Zd1mCPwv/,,8527,179,,11
@hcnorthwings,facebook,2b08a479-603b-46e4-8a48-2bc0435ccd53,05ee54ec-d011-415b-8f1c-30d4a8766e17,FB Story,VIDEO,25.3.2026 19:08:01,,,,,,,
@univerzitnihokej,instagram,1e114592-3529-4cfe-9977-2598454053af,61e1b9c1-5f04-4d21-9bd1-1c929ce7f720,IG Story,VIDEO,1.4.2026 17:02:54,Spustili jsme prodej vstupenek na jednotlivé zápasy Final Four 🎟️,https://www.instagram.com/stories/univerzitnihokej/3865830886499442397,,905,,,6
@hcmuni,facebook,d1f9e9f9-7526-42d4-85aa-13f91e89f7cf,af0b2fa6-6b7c-4cbb-8262-6ab71acd5d90,FB Post,IMAGE,4.3.2026 9:45:36,"GAMEDAY JE TADY!🔥 Už dneska vyzveme sousedy v tabulce @riderspardubice v bitvě o důležité 3 body⚔️
U toho nesmíš chybět!🐻💙

Lístky seženeš na https://hcmuni.enigoo.cz/app/tickets/events/133 🎟️",https://www.facebook.com/1581741777288398/posts/1556580919804484,288,,2,,
vsefalcons,instagram,709fceba-e311-48e7-9057-f54a587abf4a,d6d2bf56-007a-4ce1-9323-9a702a85f9fd,IG Story,VIDEO,30.1.2026 18:00:44,,https://www.instagram.com/stories/vsefalcons/3821648683133841288,,705,,,
vsefalcons,instagram,709fceba-e311-48e7-9057-f54a587abf4a,8b3c378d-3ee0-49c9-8b4a-c2c3afd8ddb8,IG Reel,VIDEO,28.3.2026 18:29:21,"Nikdo moc neví, jak ten play-in přesně funguje… 🫣
Ale jedno je jasný 👉🏻 V úterý 31.3. hrajeme poslední domácí zápas a potřebujeme zase plné hnízdo! 🫵🏻🪺",https://www.instagram.com/reel/DWcCl5DCB5w/,,4188,105,1,8
@bitvaoprahu,instagram,d7c8aa06-74fb-4c6c-a7d2-c2fe1bf6d59c,940c7bba-e1fd-4ad0-8646-b471085b1472,IG Reel,VIDEO,10.3.2026 17:20:15,Hokeeeej je dobreeeeej 👉🏼 lístky na bitvaoprahu.cz 🎟️,https://www.instagram.com/reel/DVtkiEKFdIV/,,27337,749,1,188
@riderspardubice,instagram,4d6a67ab-9313-4f77-a82e-abb18adbca5d,fb5731ab-3698-43e8-a236-a5bad296a20a,IG Reel,REEL,27.3.2026 13:04:51,"💸 100 000 Kč může být tvých!

Stačí si založit účet u @csob přes náš odkaz v biu a jsi ve hře 👇

👉 automaticky jdeš do slosování o 100 000 Kč
👉 můžeš získat až 1 500 Kč bonus
👉 a spoustu dalších výhod 

A jo… losujeme už brzy ⏳

Takže jestli to chceš stihnout, je ideální čas 👀

🔗 odkaz v biu",https://www.instagram.com/reel/DWY42jnjEdp/,,5078,123,,20
@218107044725785,facebook,7a942e3e-6c47-4794-9ba7-bbc7b6d40cb3,fd63bdcd-77fe-4187-a3e7-ae5f1696acf0,FB Video,VIDEO,10.3.2026 19:35:31,NESKUTEČNÝ zákrok @hroud1c6 🥵 Navyšujeme skóre na 2:0 💨,https://www.facebook.com/reel/805936839204177/,216,78,6,,
@univerzitnihokej,instagram,1e114592-3529-4cfe-9977-2598454053af,59f82e94-34c1-4213-b29b-de9d84f281dc,IG Story,VIDEO,8.4.2026 7:02:02,,https://www.instagram.com/stories/univerzitnihokej/3870601891696629060,,4430,,,4
@univerzitnihokej,facebook,01b45180-0b14-4a14-96e8-d0a4bab1fb9f,8bec4248-34d1-43b8-b054-95f76a3e3b41,FB Video,VIDEO,12.3.2026 17:02:57,#unihokej partneři baví fans v zóně! 🙌🏻🥰,https://www.facebook.com/reel/940298125166570/,1007,163,3,,
@hcnorthwings,facebook,2b08a479-603b-46e4-8a48-2bc0435ccd53,0d400c88-1505-42d3-8071-629f40403f67,FB Story,VIDEO,4.3.2026 15:59:22,,,,,,,
@united_hk,instagram,b18c071b-0570-48b2-b743-990c668c3c5b,8332911a-3861-4892-bda8-c04e2af05797,IG Story,IMAGE,9.4.2026 13:04:28,,https://www.instagram.com/stories/united_hk/3871509126715045144,,622,,,
@akademiciplzen,instagram,65494228-95bf-4f7b-8e68-d47d7262db66,b00cdb18-6419-443d-b452-9023740cfa2b,IG Post,IMAGE,3.3.2026 12:22:24,"SPĚCHEJ, abys stihnul 3. vlnu lístků! ⏳
Dnes za 250,- , zítra už za 300,- 🥶

Odkaz na vstupenky najdeš v biu nebo na plzenskabitva.cz",https://www.instagram.com/p/DVbAu4eDOBt/,,4262,36,,3
@united_hk,instagram,b18c071b-0570-48b2-b743-990c668c3c5b,887dfdf5-a42d-4228-8ca4-a101ac6c1f7a,IG Post,IMAGE,23.3.2026 13:10:55,"🏒 Dnes do Pardubic
Dnes nás čeká poslední zápas základní části.
Vyrážíme do Pardubic na derby.
Play-In máme jistý.
Teď ladíme formu na to nejdůležitější, co přijde.
A derby?
To chceš vyhrát vždycky. 😏
Drž nám palce. 🖤🧡

#unitedhk #unihokej #hokej",https://www.instagram.com/p/DWOmdprCPii/,,4370,51,,8
@riderspardubice,facebook,f99ed6c3-17cc-46f4-a32e-d9b0576ce2df,4a751a2a-7147-4775-995b-332ab3fdc504,FB Post,IMAGE,2.3.2026 16:15:59,"Na kterého našeho SURVIVORA se dneska těšíte? 🔥🌴

🎟️ Vstupenky na zápas najdete v BIU!",https://www.facebook.com/1592662819534019/posts/1565971095536525,357,,3,,
@bitvaoprahu,facebook,75e0f41f-82be-4f82-a77b-82ac11135ed2,9b5cffe6-ee9b-406b-8836-af75f309e38e,FB Post,IMAGE,11.3.2026 7:30:00,"Takhle jsou na tom lístky v sektorech univerzit 👀 Ano vidíš správně, už jich tam moc nezbývá! 

Chyť si ten svůj ještě dnes na bitvaoprahu.cz 🎟️",https://www.facebook.com/1441262177797849/posts/1418959450028122,234,,,,
@cvutengineers,instagram,11963a07-7f0f-48e6-9d81-aa63a7ff4a04,004bb497-66ed-40bc-977d-41c94a80158b,IG Post,IMAGE,2.3.2026 10:35:16,"🚨 GAMEDAY | Dnes vyrážíme bojovat do Pardubic!
Přivezeme si zpět do Prahy cenné 3 body? Fandit můžete od 19:00 na TV Tipsport ⚔️. 

#engprg #srdcelva",https://www.instagram.com/p/DVYPpqrDJcM/,,3633,61,,3
vsefalcons,instagram,709fceba-e311-48e7-9057-f54a587abf4a,671b1719-89f9-4675-a0c3-7e58cabcdfa0,IG Reel,VIDEO,9.3.2026 21:36:36,"Zítra. 19:30. Kateřinky.

Lístky na profilu. Dobrou noc.",https://www.instagram.com/reel/DVrc8WeCDp3/,,4901,86,,7
@univerzitnihokej,instagram,1e114592-3529-4cfe-9977-2598454053af,691b57b9-1c7e-4c60-b9c6-3e84554bc14c,IG Post,IMAGE,7.4.2026 8:15:06,"Zítřejší menu 🤤 Poslední krok do @unihokejfinalfour 🚀
3️⃣ týmy projdou. Kdo bude zítra výhercem?👇🏻",https://www.instagram.com/p/DW0siyEiPyP/,,9282,235,1,28
@united_hk,instagram,b18c071b-0570-48b2-b743-990c668c3c5b,cbe359a3-3e16-485e-8afd-7ead2c525c5c,IG Story,VIDEO,22.4.2026 18:31:21,,https://www.instagram.com/stories/united_hk/3881095588771042747,,308,,,
@riderspardubice,instagram,4d6a67ab-9313-4f77-a82e-abb18adbca5d,041253e3-ad80-4a50-a0d6-b80adfdbc838,IG Story,VIDEO,8.4.2026 20:00:22,JEN TO PROMĚNIT 🍀 PRODLOUŽENÍ VŘE,https://www.instagram.com/stories/riderspardubice/3870993658330295728,,442,,,
@bitvaoprahu,facebook,75e0f41f-82be-4f82-a77b-82ac11135ed2,4763e435-78db-4695-abdb-5fad1bf3cfe0,FB Post,IMAGE,12.3.2026 20:55:11,"✨ O tohle tady dnes večer jde! Tento skvost z dílny @cvutpraha je opět pohromadě. 🏆✨

📸 @vratapolivka_photo | #bitvaoprahu",https://www.facebook.com/1441262177797849/posts/1420383139885753,250,,1,,
@riderspardubice,facebook,f99ed6c3-17cc-46f4-a32e-d9b0576ce2df,7329bde4-575b-494c-be83-043d52e22094,FB Post,IMAGE,16.4.2026 16:42:18,Co nesmí chybět v pardubickém kotli? 🎷,https://www.facebook.com/1592662819534019/posts/1606435011490133,614,,8,,
@hcnorthwings,facebook,2b08a479-603b-46e4-8a48-2bc0435ccd53,e0cc826a-b794-4f2e-bb9d-0b43ce7b9233,FB Post,ALBUM,19.3.2026 10:06:25,"Poslední domácí utkání sezóny proti týmu United Hradec Králové. Díky moc všem fanouškům za fandění a podporu 💙💛
Foto by @mistr.31 a @czechsportphoto 

#univerzitnihokej #myjsmeujep #hcnorthwings #icehockey #lasthomedance",https://www.facebook.com/1583651910433365/posts/1571469508318272,907,,7,,
@bitvaoprahu,facebook,75e0f41f-82be-4f82-a77b-82ac11135ed2,614e8a39-9765-4eb3-bb7f-26a2d9136d5b,FB Video,VIDEO,27.3.2026 17:29:16,"Ty nejlepší momenty se neodehrávají vždycky jenom na ledě. 🤭

Děkujeme @mamashelterprague za to, že s námi už 3 roky baví naše fans. 💋",https://www.facebook.com/reel/1241657174360515/,1795,872,9,,
@akademiciplzen,instagram,65494228-95bf-4f7b-8e68-d47d7262db66,919ba84d-0b52-4708-a61c-cb0ed570d61a,IG Post,IMAGE,26.3.2026 20:02:32,"Začíná Play-in. Kdo vyhraje, jde do Final Four. Kdo padne, končí! 

UŽ VE STŘEDU 1. 4. JDEME NA TO!

#akademiciplzen",https://www.instagram.com/p/DWXD6X7DDng/,,4962,128,,11
@riderspardubice,instagram,4d6a67ab-9313-4f77-a82e-abb18adbca5d,f205b114-07da-4beb-82a8-2e560a26bfee,IG Story,VIDEO,31.3.2026 14:24:12,,https://www.instagram.com/stories/riderspardubice/3865026242227777812,,1839,,,24
@univerzitnihokej,instagram,1e114592-3529-4cfe-9977-2598454053af,7f20310b-253f-4f01-a162-03d82e582d4d,IG Reel,VIDEO,24.3.2026 15:30:29,Červená mánie a pár vzpomínek na @bitvaoprahu ❤️,https://www.instagram.com/reel/DWRazCOCLCf/,,13320,419,,46
@riderspardubice,facebook,f99ed6c3-17cc-46f4-a32e-d9b0576ce2df,ae29fabe-408b-440c-9be4-67916c37a5f3,FB Video,VIDEO,17.4.2026 9:16:06,"Jak to bude vypadat v Edenu dnes? 🔥

Dnes hrajeme o bronz proti @vsefalcons v 16:30 na zimním stadionu Eden!",https://www.facebook.com/reel/961880913320830/,383,114,2,,
@bitvaoprahu,facebook,75e0f41f-82be-4f82-a77b-82ac11135ed2,b54ccc77-1ac9-4811-a868-6f61898b177b,FB Post,IMAGE,10.3.2026 16:29:48,"Hlad a hokej prostě nejdou dohromady 🙂‍↔️ Proto pro vás máme pro vás řešení jménem PARTYBOX 🥳

Kromě pořádný party dostanete v 1. třetině finálového utkání 🥇 nadupanej kyblík od @kfc_cz 🍗

V prodeji na bitvaoprahu.cz 🎟️",https://www.facebook.com/1441262177797849/posts/1418729350051132,231,,,,
@riderspardubice,instagram,4d6a67ab-9313-4f77-a82e-abb18adbca5d,324420b3-f124-43d9-92ca-fffbef95994d,IG Story,VIDEO,15.4.2026 23:09:11,,https://www.instagram.com/stories/riderspardubice/3876162120782202265,,63,,,
@hcmuni,facebook,d1f9e9f9-7526-42d4-85aa-13f91e89f7cf,38df0f41-d51f-4d12-b500-98c14ba1d8cd,FB Post,IMAGE,16.3.2026 8:42:48,"Ve středu v 19:30 jdeme znovu do boje! 🔥
Přijď nás podpořit na Lužánky a pomoct vytvořit skvělou atmosféru! 🐻💙

Lístky koupíš u nás v biu 🎟️

#hcmuni",https://www.facebook.com/1581741777288398/posts/1566837438778832,289,,6,,
@akademiciplzen,instagram,65494228-95bf-4f7b-8e68-d47d7262db66,9d50faf7-c0e2-482d-b900-a34458ca6dbc,IG Reel,VIDEO,24.3.2026 18:37:41,"I náš nejhladovější hráč @_rihastepan_ má před tréninkem spousty energie na rozdávání! ⚡️

#zott #zotthungry #hungrydrinkthis",https://www.instagram.com/reel/DWRwjeWDLSX/,,9514,153,3,16
@univerzitnihokej,instagram,1e114592-3529-4cfe-9977-2598454053af,c1e17335-048b-4e18-a2a1-cd87b4b9932a,IG Post,IMAGE,24.3.2026 21:56:42,Ostrava uzavírá základní část výhrou za tři body 💥,https://www.instagram.com/p/DWSGH0kCKyv/,,2026,65,,
vsefalcons,instagram,709fceba-e311-48e7-9057-f54a587abf4a,f820250c-d283-47e8-be13-23530b045bf8,IG Story,VIDEO,26.5.2026 12:23:56,,https://www.instagram.com/stories/vsefalcons/3905552888533375957,,731,,,
@vutcavaliersbrno,instagram,b384bebf-72f3-4f9d-8b2d-3677709f6966,98d1ec08-265c-4db1-9e64-7b83bd8866c0,IG Story,IMAGE,1.4.2026 19:13:23,,https://www.instagram.com/stories/vutcavaliersbrno/3865896565852358961,,547,,,1
@hc_muni,instagram,43cd62c8-609d-4ea6-8ce9-cae5242ede0c,9d468d8d-7c49-4383-a9e8-1c139103fa75,IG Story,VIDEO,29.4.2026 15:49:21,🏃🏼 🏃🏼‍♀️ 🏃🏼‍♂️ 💪🏻 🔥,https://www.instagram.com/stories/hc_muni/3886087493305279838,,503,,,1
vsefalcons,instagram,709fceba-e311-48e7-9057-f54a587abf4a,f5f3680b-1f8e-4713-a518-78b7391ae532,IG Story,VIDEO,12.2.2026 15:42:24,🩵🦅 UŽITO. @___pajer24  @alenjurak11  @one__timer  @vosmajz_97  @stracajunior  @patrik_nabelek  @vopi26  děkujeme za pozvání!,https://www.instagram.com/stories/vsefalcons/3831001141329033851,,4213,,,12
@riderspardubice,instagram,4d6a67ab-9313-4f77-a82e-abb18adbca5d,29b0caec-e983-4819-b811-53709549c7be,IG Story,VIDEO,31.3.2026 19:24:34,STÁLE 2:2,https://www.instagram.com/stories/riderspardubice/3865177439152640873,,691,,,
@AkademiciPlzen,facebook,d87b94e3-03e8-45d0-b92e-75e9b819545c,8f4f479f-bb68-40cc-b89c-13ce25d6ba89,FB Post,IMAGE,4.3.2026 19:47:15,"DNES JE VÁS TU 2106! 🚀💙 Moc děkujeme všem, kdo dnes dorazil, udělali jsme nový rekord návštěvnosti Jarní bitvy! 🔥

🎨 @jirikhozman 
📸 @vpotocesevodatoci / @novacek_photography 

#akademiciplzen #jarnibitva",https://www.facebook.com/1357105236437494/posts/1334775048670513,1568,,22,,
vsefalcons,instagram,709fceba-e311-48e7-9057-f54a587abf4a,d49aec71-279d-4107-ad7c-534c78fb14ae,IG Story,VIDEO,3.2.2026 21:06:12,ta cinkla 🔔,https://www.instagram.com/stories/vsefalcons/3824641144017924850,,896,,,
@hcmuni,facebook,d1f9e9f9-7526-42d4-85aa-13f91e89f7cf,653e24fe-8b5d-44db-ac1c-1eeef47b9690,FB Post,IMAGE,20.3.2026 13:33:55,"Jak už bývá zvykem, na derby s @vutcavaliersbrno je vždycky pořádně veselo💙❤️
Tak si ho nenech ujít i tentokrát a přijď ve středu!⚔️

Lístky seženeš tady https://hcmuni.enigoo.cz/app/tickets/events 🎫",https://www.facebook.com/1581741777288398/posts/1570836191712290,554,,5,,
@engineersprague,facebook,afd06d1d-7b1c-4f66-8d93-ce4255ab773c,68ac892f-12ee-49e6-b54c-276a711384c4,FB Post,IMAGE,2.3.2026 20:11:59,"Také z druhého letošního výletu do města perníků si odvážíme tři body do tabulky ✅

Uz pozítří se budeme snažit přidat další, tentokrát proti UNITED HK 👀",https://www.facebook.com/1560924572517692/posts/1535435601733256,654,,5,,
@218107044725785,facebook,7a942e3e-6c47-4794-9ba7-bbc7b6d40cb3,a1b64919-dac1-4fdc-a837-09f0a1b5c1e0,FB Post,IMAGE,13.4.2026 14:09:25,"Justin i během vystoupení fandí Falcons. Justin je cool. Buď cool jako Justin a fandi ve čtvrtek Falcons 🦅

👉🏼 Vstupenky na @unihokejfinalfour seženeš na profilu a s kódem “VSEFANS” máš slevu 15 % 🤑",https://www.facebook.com/122282816036218300/posts/122283786632218300,323,,2,,
@AkademiciPlzen,facebook,d87b94e3-03e8-45d0-b92e-75e9b819545c,5bf95658-6569-4924-bad6-c11ad48f4212,FB Post,IMAGE,24.3.2026 20:04:27,"Zítra hrajeme poslední zápas základní části proti @czufarmers !👊🏻

Zetor jsme jim zakázali… 🚜❌
tak jsme sami zvědaví, s čím se zítra objeví. 👀

Doraz nás podpořit a udělejme z toho pořádnej závěr! 🔥

🗓️ 25. 3. | 19:00
📍 LOGSPEED CZ Aréna

#akademiciplzen 💙",https://www.facebook.com/1357105236437494/posts/1350953440386007,505,,2,,
@riderspardubice,instagram,4d6a67ab-9313-4f77-a82e-abb18adbca5d,897ec5db-1999-4e7a-802c-2a95dc4bfacd,IG Story,VIDEO,13.4.2026 9:42:36,,https://www.instagram.com/stories/riderspardubice/3874306579625728533,,657,,,1
@hcmuni,facebook,d1f9e9f9-7526-42d4-85aa-13f91e89f7cf,dc58e141-6b8b-4442-9c44-bc4223be917a,FB Post,IMAGE,19.3.2026 15:53:47,"Kluci do toho včera dali úplně všechno🏒🐻 Jste ready na poslední zápas sezony a pořádné derby?🔥 

#hcmuni",https://www.facebook.com/1581741777288398/posts/1569909978471578,508,,6,,
@united_hk,instagram,b18c071b-0570-48b2-b743-990c668c3c5b,8c9da658-22a4-4f26-a96e-20d9d08c25d9,IG Story,VIDEO,16.4.2026 12:04:02,,https://www.instagram.com/stories/united_hk/3876551936895899881,,543,,,
vsefalcons,instagram,709fceba-e311-48e7-9057-f54a587abf4a,48a82c9f-eff3-4036-a3b7-36f9a349853a,IG Reel,VIDEO,3.3.2026 10:12:21,"BACK2️⃣BACK! 🔥
Včerejší zápas hážeme za hlavu. Dneska jedeme znovu. Doma, před váma. 🦅",https://www.instagram.com/reel/DVayFx6iAxU/,,3580,71,,4
@riderspardubice,instagram,4d6a67ab-9313-4f77-a82e-abb18adbca5d,9a10b22b-6327-49ed-8323-7cb7050a0e2e,IG Story,VIDEO,15.4.2026 9:00:01,"MRKNĚTE NA @upce_cz 
HRAJEME O VSTUPENKY!",https://www.instagram.com/stories/riderspardubice/3875734719409437212,,734,,,
@riderspardubice,instagram,4d6a67ab-9313-4f77-a82e-abb18adbca5d,8e23135a-1dda-4b27-a3d3-cf4ed3489c5a,IG Reel,REEL,30.3.2026 15:47:06,"Kluci zašli na fanouškovské menu do @kfc_cz , snacky zmizely rychle, ale kyblík v jejich životech zůstane už napořád ♥️

Co teď kyblík asi na kolejích dělá? 👀 
Tipujte do komentářů 👇",https://www.instagram.com/reel/DWg52XbDEHp/,,6350,90,11,14
@riderspardubice,instagram,4d6a67ab-9313-4f77-a82e-abb18adbca5d,225f5a21-96dc-495d-8071-45a98346d062,IG Reel,VIDEO,15.4.2026 10:38:10,"Hra končí když padne král♟️🔥

I my už jsme se dali do tréninku @ukkingsprague 💪

Těšíme se na semifinále! 🐎",https://www.instagram.com/reel/DXJi8ldDCR4/,,7492,146,1,15
@riderspardubice,instagram,4d6a67ab-9313-4f77-a82e-abb18adbca5d,8ae9b652-86cc-44c8-b30a-5f11fab54883,IG Story,VIDEO,10.4.2026 8:03:32,ZBYLO NÁM JEŠTĚ PÁR DRESŮ NĚKDO VÝBAVIČKU NA LUSKY LOSERS?,https://www.instagram.com/stories/riderspardubice/3872082393566077461,,571,,,8
@univerzitnihokej,instagram,1e114592-3529-4cfe-9977-2598454053af,a7c73549-467f-4752-954a-310236b19387,IG Story,VIDEO,17.4.2026 14:52:53,,https://www.instagram.com/stories/univerzitnihokej/3877361862778081279,,1746,,,
@cvutengineers,instagram,11963a07-7f0f-48e6-9d81-aa63a7ff4a04,e0a49b29-e023-4362-94ff-3267b33f6d9d,IG Story,VIDEO,17.4.2026 18:10:12,POŠLI KLUKŮM ŠTĚSTÍČKO,https://www.instagram.com/stories/cvutengineers/3877460960181239487,,1283,,,
vsefalcons,instagram,709fceba-e311-48e7-9057-f54a587abf4a,f4b46da9-37aa-4874-aaba-d4e185fe3892,IG Story,VIDEO,17.4.2026 15:32:28,@sokoli.hnizd0 🪹 💙,https://www.instagram.com/stories/vsefalcons/3877381675999321324,1007,1073,,,4
@218107044725785,facebook,7a942e3e-6c47-4794-9ba7-bbc7b6d40cb3,56f8d922-ae4b-47b1-bf8b-e1e92f7af058,FB Video,VIDEO,8.4.2026 17:38:50,KSN 😋,https://www.facebook.com/reel/5349867398570960/,402,185,5,,
@riderspardubice,facebook,f99ed6c3-17cc-46f4-a32e-d9b0576ce2df,3222fdc4-5cd6-4489-bdb2-947d98f68691,FB Post,IMAGE,19.3.2026 8:45:21,"Je derby! 🔥

Přijď na poslední domácí zapas semestru opět zažít tradiční rivalitu mezi dvěma sousedícími městy - Pardubice a Hradec Králové! 

Vstupenky koupíš přes odkaz v BIU 👀",https://www.facebook.com/1592662819534019/posts/1580335600766741,308,,3,,
vsefalcons,instagram,709fceba-e311-48e7-9057-f54a587abf4a,f6946839-58dd-4236-bfcd-7fc1a0cb95bb,IG Story,VIDEO,7.6.2026 16:19:46,,https://www.instagram.com/stories/vsefalcons/3914369009575275182,,600,,,3
@vutcavaliersbrno,instagram,b384bebf-72f3-4f9d-8b2d-3677709f6966,a4f0b1b6-93c3-4fd9-ba36-1e8888207b7c,IG Story,IMAGE,1.4.2026 14:45:56,"SLEDOVAT NÁS MŮŽETE 
V 18:30",https://www.instagram.com/stories/vutcavaliersbrno/3865761953029317744,,617,,,
@riderspardubice,instagram,4d6a67ab-9313-4f77-a82e-abb18adbca5d,cde6d122-4228-4e98-8249-fa980cc4ce27,IG Story,VIDEO,8.4.2026 20:23:09,@63skorpiz 🍀👏,https://www.instagram.com/stories/riderspardubice/3871005111531678931,,413,,,
@united_hk,tiktok,7e062517-b9da-416d-b73d-a2c5899a2be6,112e893d-854a-453f-8306-891f6c61671c,TT Video,VIDEO,29.3.2026 15:59:23,"Koupíš Garnier… a zapomeneš, že první krok = mít vlasy. 😭🏒 #unitedhk #unihokej #uhk #hradeckralove @Univerzitní hokej 🏒 @garnier_czsk ",https://www.tiktok.com/@united_hk/video/7622707768436264214?utm_campaign=tt4d_open_api&utm_source=7348986504397455361,,2554,111,2,16
@united_hk,instagram,b18c071b-0570-48b2-b743-990c668c3c5b,1deac005-6914-4c7e-b6ff-3a45601b53f9,IG Story,VIDEO,15.4.2026 18:56:38,,https://www.instagram.com/stories/united_hk/3876034994405684780,,388,,,
vsefalcons,instagram,709fceba-e311-48e7-9057-f54a587abf4a,5dc586cb-7de2-431c-a950-bf6489cc66a4,IG Story,VIDEO,10.3.2026 18:07:36,👀,https://www.instagram.com/stories/vsefalcons/3849918398293653099,914,,,1,1
vsefalcons,instagram,709fceba-e311-48e7-9057-f54a587abf4a,8f844c1a-d692-4702-b640-0cdb5543914f,IG Story,VIDEO,26.1.2026 15:31:59,,https://www.instagram.com/stories/vsefalcons/3818674708720136527,,1095,,,5
vsefalcons,instagram,709fceba-e311-48e7-9057-f54a587abf4a,cf6e1b52-4908-4067-9b9b-0fc4ee07b454,IG Story,VIDEO,16.3.2026 11:49:23,,https://www.instagram.com/stories/vsefalcons/3854076685108923815,816,1010,,1,42
vsefalcons,instagram,709fceba-e311-48e7-9057-f54a587abf4a,d9a7ff5f-9b80-4470-aa20-b764540c41bd,IG Story,VIDEO,12.3.2026 16:43:25,,https://www.instagram.com/stories/vsefalcons/3851325569183000388,1399,1242,,,
@univerzitnihokej,instagram,1e114592-3529-4cfe-9977-2598454053af,390f44ff-7326-4956-acef-d215bf6d6ce5,IG Reel,VIDEO,4.3.2026 19:26:38,"KFC CHICKEN DETECTIVE 🕵🏻‍♂️🔍
Fanouškovské menu na vás čeká v restauracích KFC🍗",https://www.instagram.com/reel/DVeWCDQiDu0/,,11626,244,3,12
@united_hk,instagram,b18c071b-0570-48b2-b743-990c668c3c5b,3e730605-d7ad-4e51-ac24-94b3928a65b1,IG Post,IMAGE,14.4.2026 16:28:22,"VYHRAJ VSTUPENKY NA
@beats.for.love.festival s naším generálním partnerem @csobcz 🎶

Založ si účet skrz odkaz 👉 bit.ly/unihokejcsob
 a prvních 8 z Vás si užije
@beats.for.love.festival zdarma 🔥",https://www.instagram.com/p/DXHmjMSiGRs/,,1594,8,,
@vutcavaliersbrno,instagram,b384bebf-72f3-4f9d-8b2d-3677709f6966,bc31bd09-562b-447d-bbf6-5b780527babf,IG Post,IMAGE,9.3.2026 14:58:32,Díky @b_hockey_czech🏒 nám to sluší na ledě i mimo něj❤️‍🔥,https://www.instagram.com/p/DVqvqPEiLSf/,,6655,107,,4
vsefalcons,instagram,709fceba-e311-48e7-9057-f54a587abf4a,d012a71a-7019-49fd-86a7-479c42ceff7c,IG Story,VIDEO,3.2.2026 19:46:04,1. třetina,https://www.instagram.com/stories/vsefalcons/3824600799896970862,,873,,,
@univerzitnihokej,instagram,1e114592-3529-4cfe-9977-2598454053af,d2b52cd4-7ec0-46f8-87d2-8bd1d9c40b79,IG Post,IMAGE,2.4.2026 15:43:57,"Engineers už znají svého soupeře, na domácí půdě vyzvou Riders 🐴
Ve středu se rozhodne, kdo půjde do @unihokejfinalfour 👀",https://www.instagram.com/p/DWon72uiFuD/,,4262,134,1,2
vsefalcons,instagram,709fceba-e311-48e7-9057-f54a587abf4a,eb68f222-ae67-414c-9d62-f178c05c6f0b,IG Story,VIDEO,3.3.2026 19:16:49,"2 den, 2 gól",https://www.instagram.com/stories/vsefalcons/3844879852411343441,654,1003,,,
vsefalcons,instagram,709fceba-e311-48e7-9057-f54a587abf4a,ff009ed7-9516-43e5-b631-4665ef5e8659,IG Reel,VIDEO,6.4.2026 21:53:37,"they should stick to wrapping their sticks 🫣

#vsefalcons #icehockey",https://www.instagram.com/reel/DWzlQLyiDj_/,,,27,,2
vsefalcons,instagram,709fceba-e311-48e7-9057-f54a587abf4a,3051ed00-6881-4dad-a69c-e173f54aa0d9,IG Story,VIDEO,15.4.2026 9:39:09,📌 🏝️,https://www.instagram.com/stories/vsefalcons/3875754415617781831,735,853,,1,1
vsefalcons,instagram,709fceba-e311-48e7-9057-f54a587abf4a,ce76ebbe-95cf-4355-8e5f-dbbe4fd6ef77,IG Story,VIDEO,17.2.2026 19:07:12,,https://www.instagram.com/stories/vsefalcons/3834728091952363467,633,836,,,2
vsefalcons,instagram,709fceba-e311-48e7-9057-f54a587abf4a,6f32ac52-181b-42d1-81bc-eb6f65c06ac5,IG Reel,REEL,14.3.2026 12:37:33,"Unposted záběry, které si nemůžeme nechat jen pro sebe 💙🏆",https://www.instagram.com/reel/DV3XNWUCAdO/,,7771,234,3,1
vsefalcons,instagram,709fceba-e311-48e7-9057-f54a587abf4a,b4da6fd3-8b91-41b3-ab4c-dac37e2d103a,IG Reel,REEL,17.3.2026 20:16:55,"Garnier Fructis je u nás v šatně cenný zboží 🧴💆‍♂️
Kdo má, nepůjčuje. Kdo nemá, lituje. 😄",https://www.instagram.com/reel/DV_6NPQiJHt/,,9873,146,4,27
@riderspardubice,instagram,4d6a67ab-9313-4f77-a82e-abb18adbca5d,9c046086-b4d2-4ff6-8656-d269aad913d9,IG Story,VIDEO,17.4.2026 14:56:20,,https://www.instagram.com/stories/riderspardubice/3877363465086330680,,918,,,
vsefalcons,instagram,709fceba-e311-48e7-9057-f54a587abf4a,4256a1dc-94e2-4a85-9a91-95f0f5c64b79,IG Story,VIDEO,23.6.2026 19:00:56,GALAVEČER  na půdě @vsecz 🤵,https://www.instagram.com/stories/vsefalcons/3926046714679020616,,1469,,,6
@riderspardubice,instagram,4d6a67ab-9313-4f77-a82e-abb18adbca5d,599855ae-f28e-4e0a-a0d0-b8d303b86336,IG Story,VIDEO,17.4.2026 15:32:53,,https://www.instagram.com/stories/riderspardubice/3877381886058476625,,910,,,
vsefalcons,instagram,709fceba-e311-48e7-9057-f54a587abf4a,5f8a803d-bccc-4834-8471-19d6a277e5b6,IG Story,VIDEO,30.3.2026 9:11:27,🎟️,https://www.instagram.com/stories/vsefalcons/3864144110579929744,755,868,,,2
@univerzitnihokej,facebook,01b45180-0b14-4a14-96e8-d0a4bab1fb9f,7ae3bd0f-9080-4d5b-83a0-1174818221e0,FB Post,IMAGE,15.3.2026 14:12:02,"Už je nás 1️⃣3️⃣ 0️⃣0️⃣0️⃣ a pořád rosteme! 🚀 Díky, že jste u toho s námi! 🙏🏻🤩",https://www.facebook.com/1275398168115026/posts/1261794419475401,724,,6,,
@univerzitnihokej,instagram,1e114592-3529-4cfe-9977-2598454053af,9a6804c7-6785-40b3-b9be-ea3cb937cc54,IG Reel,VIDEO,22.4.2026 7:13:15,Matěj Sýkora si prošel univerzitním hokejem v @akademiciplzen 👀 Den před Final Four pískal extraligové utkání. Co říkal na atmosféru @unihokejfinalfour? 🙌🏻,https://www.instagram.com/reel/DXbMdDViFjT/,,19252,636,3,75
vsefalcons,instagram,709fceba-e311-48e7-9057-f54a587abf4a,eb390fdb-5b9e-4a2a-aabf-2e85f31b5102,IG Story,VIDEO,26.2.2026 12:06:47,"‼️ DŮLEŽITÉ INFO ‼️ 🍺 kdo bude mít na sobě Falcons merch, má jedno pivo na nás 💰doporučujeme mít hotovost PUB KVÍZ ⏰ začínáme v 19:00, ale udělejte si raději časovou rezervu a přijďte dřív 👋🏼",https://www.instagram.com/stories/vsefalcons/3841039470862824940,1109,1630,,,20
vsefalcons,instagram,709fceba-e311-48e7-9057-f54a587abf4a,15e29455-b01e-4b18-9a6a-ebe145866aaa,IG Story,VIDEO,8.2.2026 17:19:09,,https://www.instagram.com/stories/vsefalcons/3828150763247931249,,1113,,,2
vsefalcons,instagram,709fceba-e311-48e7-9057-f54a587abf4a,4044a1f3-58aa-46e6-a157-45e43e05cfbb,IG Post,CAROUSEL_ALBUM,19.1.2026 10:33:24,"Za týden se vracíme zpět na led v plné síle! 💪🏼 
🔜 Winter Classic vs. 🐕‍🦺

📸 @radimjoska7",https://www.instagram.com/p/DTsGXaoCNYl/,,6238,161,,2
@hc_muni,instagram,43cd62c8-609d-4ea6-8ce9-cae5242ede0c,75e577ca-4245-4381-a610-c56a9f22de25,IG Post,PHOTO,21.3.2026 14:50:57,"🚨 LAST CALL! 🚨 Náš led! Naše pravidla! Poslední zápas sezóny a navíc derby s @vutcavaliersbrno 🔥🥶🐻

19:30 na Lužánkách 📍

Lístky koupíš u nás v biu 🎟️
#hcmuni",https://www.instagram.com/p/DWJnXW_jFPA/,,6077,86,,6
@AkademiciPlzen,facebook,d87b94e3-03e8-45d0-b92e-75e9b819545c,7f16f646-e7d7-46eb-bf3b-9666c07195bb,FB Post,IMAGE,26.3.2026 20:02:59,"ALL IN.

#akademiciplzen",https://www.facebook.com/1357105236437494/posts/1352739620207389,334,,2,,
@riderspardubice,instagram,4d6a67ab-9313-4f77-a82e-abb18adbca5d,a2218060-d21e-4437-875f-f66d59dca4c7,IG Reel,VIDEO,6.4.2026 19:21:55,"V úterý @hcpce, ve středu my! 🏒
Hockeytown 🔥",https://www.instagram.com/reel/DWzT6Y4EexY/,,7439,186,9,3
@united_hk,tiktok,7e062517-b9da-416d-b73d-a2c5899a2be6,b86786f3-47d7-47f0-962b-62f3cb632411,TT Video,VIDEO,26.3.2026 17:03:18,PLAY-IN se blíží. Začíná bitva o Final Four! 1 zápas. Všechno nebo nic. Vyhraješ → jedeš dál. Prohraješ → konec sezóny. ALL IN. #unitedhk #unihokej #hokej @Univerzitní hokej 🏒 ,https://www.tiktok.com/@united_hk/video/7621610993277357334?utm_campaign=tt4d_open_api&utm_source=7348986504397455361,,977,51,,2
@218107044725785,facebook,7a942e3e-6c47-4794-9ba7-bbc7b6d40cb3,1944a132-93d8-4d9d-8250-505757b940d3,FB Post,IMAGE,12.3.2026 10:38:53,"Jste připravení? 🫨 Kdybyste náhodou nevěděli, co před @bitvaoprahu stihnout, tak jsme vám to sepsali 👆🏻
Teď je to na vás. Tribuna musí být slyšet až na led. 🤍",https://www.facebook.com/122282816036218300/posts/122278481702218300,280,,8,,
@cvutengineers,instagram,11963a07-7f0f-48e6-9d81-aa63a7ff4a04,cce55898-830b-4792-a0e2-e516aea9fabf,IG Reel,VIDEO,12.3.2026 20:21:34,😮‍💨,https://www.instagram.com/reel/DVzC5CWDN9D/,,8123,327,,4
vsefalcons,instagram,709fceba-e311-48e7-9057-f54a587abf4a,f532af0a-4885-455e-b24a-0288659bf2f9,IG Story,VIDEO,28.1.2026 17:45:58,@hamrbrmbrm13,https://www.instagram.com/stories/vsefalcons/3820191695581509776,,1300,,,5
@cvutengineers,instagram,11963a07-7f0f-48e6-9d81-aa63a7ff4a04,3035d4a9-d5e0-43f7-8646-9a0baebe3d4b,IG Post,IMAGE,17.4.2026 18:18:39,"NAPOSLEDY V TÉTO SEZONĚ 🔥
LET’S GO ENGINEERS 🫶🏻",https://www.instagram.com/p/DXPhbCGDFex/,,2579,54,,
@united_hk,instagram,b18c071b-0570-48b2-b743-990c668c3c5b,e801d1e2-c282-46dc-af1b-e356712d6178,IG Story,VIDEO,25.4.2026 11:55:37,@garnier_czsk  DĚKUJEME 🌞 DĚKUJEME ZA DÁREČKY ZA DÁREČKY 🌞,https://www.instagram.com/stories/united_hk/3883070683244716573,,1072,,,2
@bitvaoprahu,facebook,75e0f41f-82be-4f82-a77b-82ac11135ed2,f1a0434f-ace8-497b-b5c1-4e5761647ee7,FB Video,VIDEO,12.3.2026 16:19:32,"ZAČÍNÁME! 🔥

Hala se nám začíná plnit! 🥁 Malé pražské univerzitní derby sleduj živě na @sport_ct ➕. 📺

#bitvaoprahu | @czufarmers ⚔️ @vsefalcons",https://www.facebook.com/reel/1470697467995613/,3523,1193,6,,
@akademiciplzen,instagram,65494228-95bf-4f7b-8e68-d47d7262db66,13bf01ec-b680-4864-b9e6-7937897de267,IG Story,VIDEO,1.4.2026 17:17:27,@lukas.folda072,https://www.instagram.com/stories/akademiciplzen/3865838221490180362,,1337,,,
@riderspardubice,instagram,4d6a67ab-9313-4f77-a82e-abb18adbca5d,70be2c50-46d3-437c-bc15-5944e15eae3f,IG Post,IMAGE,11.3.2026 10:29:56,"Emoce vyhraného zápasu 🔥🤩

A 23. března nás čeká Last Dance! Poslední domácí zápas sezony a zároveň poslední zápas v dresu Riders pro @dominikkopecky_99 a @daniel.skryp!

📸 @radimjoska7",https://www.instagram.com/p/DVvagrnjJQ2/,,6772,165,2,11
@united_hk,instagram,b18c071b-0570-48b2-b743-990c668c3c5b,c8e519af-1e73-479a-ae6c-952798c3c263,IG Story,IMAGE,18.4.2026 9:15:34,,https://www.instagram.com/stories/united_hk/3877916865842400864,,597,,,
univerzitnihokej,tiktok,01c88cf9-594f-408e-a45a-95114221acae,7ff15554-be24-4869-b98e-7ff63c7ecd6d,TT Video,VIDEO,16.4.2026 19:47:03,Srovnání zápasu bylo rychlé. 🚀🚀,https://www.tiktok.com/@univerzitnihokej/video/7629445976557718806?utm_campaign=tt4d_open_api&utm_source=7348986504397455361,,1053,80,,
@united_hk,instagram,b18c071b-0570-48b2-b743-990c668c3c5b,a4542a52-e011-4966-9a35-ff6790a1537c,IG Story,IMAGE,23.4.2026 18:37:26,,https://www.instagram.com/stories/united_hk/3881823540655696465,,323,,,
vsefalcons,instagram,709fceba-e311-48e7-9057-f54a587abf4a,1068aaaa-54fe-4112-a74e-6dfcb0d31ec0,IG Story,VIDEO,9.2.2026 19:46:41,,https://www.instagram.com/stories/vsefalcons/3828949780861080987,,1332,,,13
vsefalcons,instagram,709fceba-e311-48e7-9057-f54a587abf4a,40c7f6b4-6437-4adb-984d-09377c76a7a3,IG Story,VIDEO,22.7.2026 15:20:52,HELE TEN BRO JE OD NÁS 😏 @cech.ondrejj 🎮,https://www.instagram.com/stories/vsefalcons/3946954408974290678,,1501,,,5
@hc_muni,instagram,43cd62c8-609d-4ea6-8ce9-cae5242ede0c,612d0d73-10dc-4dcb-8d17-a280c037ca86,IG Post,IMAGE,12.3.2026 12:43:04,"Bojovali jsme až do konce, ale nájezdy jsou loterie 
Hlavy nahoře – jdeme dál! 🔥💪🏻

Vidíme se v sobotu na Lužánkách!!! 💙

#hcmuni",https://www.instagram.com/p/DVyOJJDjF4l/,,3476,85,,4
@cvutengineers,instagram,11963a07-7f0f-48e6-9d81-aa63a7ff4a04,b8852752-e909-4ba9-a291-6e563b61f8e3,IG Post,IMAGE,9.4.2026 16:42:07,"Úspěšnost 97,62 % a k tomu 6 ze 7 nájezdů 😮‍💨 Tohle byla Alťákova show 🧱 

#engprg",https://www.instagram.com/p/DW6wKDYDKPH/,,39711,1134,1,44
@BOhokej,facebook,c9082543-a03b-490f-8f97-66d439acce89,b169d528-065b-47cc-89bf-1d8404add3b7,FB Post,IMAGE,4.3.2026 21:20:06,"Naši vítězové! 🦈

#hockey #winners",https://www.facebook.com/1477974067675582/posts/1454480773358245,2602,,29,,
@univerzitnihokej,instagram,1e114592-3529-4cfe-9977-2598454053af,edc8363e-147f-4d71-8f77-4883aeab63f4,IG Post,IMAGE,1.4.2026 10:24:05,"Semifinále play-in pokračuje! 👇🏼

Black Dogs 🆚 Cavaliers
Vstupenka do finále je jen jedna. Kdo ji získá?",https://www.instagram.com/p/DWleiNgiIoQ/,,9851,155,,20
vsefalcons,instagram,709fceba-e311-48e7-9057-f54a587abf4a,09c236b9-7f8d-42d2-a029-46849397a960,IG Reel,VIDEO,6.12.2025 8:53:53,"A jak se vy vyrovnáváte s mediálním tlakem? 🧐 Dejte Hroudičovi nějaké tipy. ⬇️

#vsefalcons",https://www.instagram.com/reel/DR6n3CpiCzh/,,5094,108,4,15
vsefalcons,instagram,709fceba-e311-48e7-9057-f54a587abf4a,4465e354-11fe-4650-967d-2a388887db2e,IG Story,VIDEO,17.3.2026 18:46:39,Co to máš na sobě předsedo? 🥶 🫣,https://www.instagram.com/stories/vsefalcons/3855011490134802755,1043,829,,4,8
@riderspardubice,instagram,4d6a67ab-9313-4f77-a82e-abb18adbca5d,aa0f55de-99b9-4c58-8e16-4d31ea4d8fab,IG Post,IMAGE,16.4.2026 17:13:36,"Tohle byl souboj na ostří nože, přestože jsme na konci zápasu tlačili, tak konečné skóre je ve prospěch @ukkingsprague a my se zítra budeme rvát o bronz! 🥉",https://www.instagram.com/p/DXM1JXyjAL1/,,4497,93,,6
@218107044725785,facebook,7a942e3e-6c47-4794-9ba7-bbc7b6d40cb3,ab08a7e9-fde4-4318-bf87-deefd360042d,FB Post,IMAGE,19.4.2026 13:39:05,Bronz nám sluší 😋,https://www.facebook.com/122282816036218300/posts/122284811588218300,839,,16,,
@united_hk,instagram,b18c071b-0570-48b2-b743-990c668c3c5b,bd3aeb9d-d01a-494f-a7c0-13f0b052d708,IG Story,IMAGE,24.4.2026 8:38:08,,https://www.instagram.com/stories/united_hk/3882246693651520244,,426,,,
@univerzitnihokej,facebook,01b45180-0b14-4a14-96e8-d0a4bab1fb9f,189d7a65-909b-47fc-aec0-fe5321b641b1,FB Post,IMAGE,15.3.2026 18:56:40,"Další dva TOP zápasy máme za sebou a dokonce už známe vítěze letošní základní části 💪🏼 play-in a @unihokejfinalfour se pomalu blíží, jste ready? 😎",https://www.facebook.com/1275398168115026/posts/1261975222790654,795,,1,,
@united_hk,instagram,b18c071b-0570-48b2-b743-990c668c3c5b,1c149d1b-6c74-4f60-9eec-6fe7987b42a2,IG Reel,REEL,26.3.2026 16:58:25,"PLAY-IN se blíží. Začíná bitva o Final Four!
1 zápas.
Všechno nebo nic.

Vyhraješ → jedeš dál.
Prohraješ → konec sezóny.

ALL IN.

#unitedhk #unihokej #hokej",https://www.instagram.com/reel/DWWuyxWiHza/,,3243,108,,8
vsefalcons,instagram,709fceba-e311-48e7-9057-f54a587abf4a,1eadbc0a-37e3-430a-872b-4fb02993933c,IG Story,IMAGE,16.4.2026 18:58:20,,https://www.instagram.com/stories/vsefalcons/3876760643575524899,1074,794,,,2
@univerzitnihokej,instagram,1e114592-3529-4cfe-9977-2598454053af,203028c9-1a65-4a99-8cea-24b43ae5436f,IG Post,IMAGE,12.3.2026 12:06:18,Stanou se vládcem Prahy znovu @ukkingsprague nebo tentokrát zvítězí @cvutengineers ? 💪🏼,https://www.instagram.com/p/DVyKQXmiGaq/,,12120,281,4,97
@engineersprague,facebook,afd06d1d-7b1c-4f66-8d93-ce4255ab773c,208c2620-ce03-48c3-a53c-911c5fd859d7,,TEXT,25.3.2026 9:32:44,"Od rozpačitého startu až po stříbrné emoce Bitvy o Prahu. Přečtěte si rekapitulaci o tom, jak se tým semknul, kdo ovládá kanadské bodování ligy a s jakými výzvami budeme vstupovat do nadcházejícího play-in. Konec základní části již dnes od 20:00 na Hvězdě! 🦁",https://www.facebook.com/1560924572517692/posts/1554807436462739,723,,7,,
@univerzitnihokej,instagram,1e114592-3529-4cfe-9977-2598454053af,3a9b1c20-cbb1-4c82-b2fd-d71cb935d5be,IG Post,ALBUM,31.3.2026 20:17:54,Stejný výsledek. Stejný scénář. Oba postupy do finále play-in vybojovali @vsefalcons i @riderspardubice v prodloužení. 🤯,https://www.instagram.com/p/DWj9slpiMmV/,,4743,188,,17
@univerzitnihokej,instagram,1e114592-3529-4cfe-9977-2598454053af,4aa58fa0-e90c-454d-8c8b-782c9979a999,IG Reel,VIDEO,16.3.2026 15:48:22,Když Proud zvedne celou halu 🌊,https://www.instagram.com/reel/DV82vajiFuV/,,5039,190,,5
@univerzitnihokej,instagram,1e114592-3529-4cfe-9977-2598454053af,35b568de-68fb-446b-96ba-50d28a37e8d2,IG Story,VIDEO,17.4.2026 16:33:18,,https://www.instagram.com/stories/univerzitnihokej/3877412404116069404,,1627,,,
@engineersprague,facebook,afd06d1d-7b1c-4f66-8d93-ce4255ab773c,fb35886c-b10b-4c31-8654-0e7e279420a1,FB Video,VIDEO,8.3.2026 11:53:04,"Kluci chtěli těm našim #engprg ženám udělat radost…🥹

Všem vám přejeme krásné MDŽ, bez vás by to nešlo! Buďte pořád tak úžasný! 🩷",https://www.facebook.com/reel/2502491876874183/,607,229,7,,
@akademiciplzen,instagram,65494228-95bf-4f7b-8e68-d47d7262db66,5c954987-34e1-47d2-9100-20b6ee60118f,IG Post,IMAGE,13.3.2026 13:39:56,"Náš nejproduktivnější hráč znovu úřadoval. 💥

Kamil Hajšman si v zápase proti @hcnorthwings připsal 3 góly a 2 asistence a po zásluze se stal hráčem zápasu.

Mrkni na jeho gólovou show. 🎥

#akademiciplzen 💙",https://www.instagram.com/p/DV052FGDDbk/,,5587,105,2,2
vsefalcons,instagram,709fceba-e311-48e7-9057-f54a587abf4a,795972e0-f894-4934-8f84-a82ad65d67e6,IG Reel,REEL,20.3.2026 17:30:52,@hamrbrmbrm13 na micu nebo spíš všichni ostatní na micu? 🤔,https://www.instagram.com/reel/DWHTW6iiHg6/,,5312,95,1,9
univerzitnihokej,tiktok,01c88cf9-594f-408e-a45a-95114221acae,80bc3d6c-473b-4e0e-a206-adebc565b81e,TT Video,VIDEO,17.4.2026 16:53:26,🎺 Gól který poslal @vsefalcons do vedení!! 2:1 🎺,https://www.tiktok.com/@univerzitnihokej/video/7629772313902337302?utm_campaign=tt4d_open_api&utm_source=7348986504397455361,,2058,100,,2
@riderspardubice,instagram,4d6a67ab-9313-4f77-a82e-abb18adbca5d,88e2f365-2652-40b9-9097-5d491fbdf8f4,IG Story,VIDEO,15.4.2026 15:24:07,KDO S NÁMI JEDE? 😎,https://www.instagram.com/stories/riderspardubice/3875928037389038019,,709,,,
vsefalcons,instagram,709fceba-e311-48e7-9057-f54a587abf4a,f1b7a10f-bbe1-4856-bed6-f8d89d686594,IG Reel,VIDEO,8.4.2026 19:28:15,"FINAL F*CKING FOUR ‼️‼️‼️ 

Vidíme se příští týden v Edenu 👀 Lístky už teď k dostání na profilu 🎟️

#vsefalcons #univerzitnihokej",https://www.instagram.com/reel/DW4eRVZCB_C/,,16632,451,1,24
vsefalcons,instagram,709fceba-e311-48e7-9057-f54a587abf4a,4261173e-17dd-4f9b-873f-bbcb15dceef5,IG Story,VIDEO,10.3.2026 22:47:26,🎤 @jan_kubata,https://www.instagram.com/stories/vsefalcons/3850059319828025219,1257,306,,,
@bitvaoprahu,instagram,d7c8aa06-74fb-4c6c-a7d2-c2fe1bf6d59c,48c0a1d3-10a3-4ea5-b5c3-b5e4d4f285bd,IG Post,IMAGE,12.3.2026 18:41:28,"🥉 BRONZ A TŘI BODY NAVRCH! ✅

Gratulujeme k obhajobě 3. místa , @vsefalcons ! 🎩👏🏼",https://www.instagram.com/p/DVy3jpfjulc/,,72267,1998,2,101
@cvutengineers,instagram,11963a07-7f0f-48e6-9d81-aa63a7ff4a04,84146009-194a-4dec-961f-8ed502954e8f,IG Story,IMAGE,17.4.2026 20:19:00,📸 @novacek_photography,https://www.instagram.com/stories/cvutengineers/3877525998711654761,,1389,,,1
vsefalcons,instagram,709fceba-e311-48e7-9057-f54a587abf4a,e4fa80b5-c9a3-48c8-bb7e-29cf3df92383,IG Story,IMAGE,3.2.2026 20:21:59,3 0 Theimer 2x,https://www.instagram.com/stories/vsefalcons/3824619805446010821,,1015,,,1
@boostrava,instagram,1176ddaf-d366-48a2-9639-3c6694c72c85,ff6ec22b-dc75-4ad1-8706-f75f29278708,IG Post,IMAGE,18.3.2026 21:42:40,"Z Prahy si odvážíme bod! 🔥

#hockey #boostrava",https://www.instagram.com/p/DWCokHkjA9m/,,1702,34,,3
@united_hk,instagram,b18c071b-0570-48b2-b743-990c668c3c5b,21f0ff16-a2b3-4c00-b531-fbc4e5e40b12,IG Story,IMAGE,17.4.2026 8:25:38,,https://www.instagram.com/stories/united_hk/3877166958563067773,,638,,,
@riderspardubice,facebook,f99ed6c3-17cc-46f4-a32e-d9b0576ce2df,47282e5d-58d2-41dd-9e18-e9c87fffc90d,FB Video,VIDEO,9.3.2026 18:29:44,Kluci vědí jak to chodí! 🍻,https://www.facebook.com/reel/1346839960796925/,7071,4218,30,,
univerzitnihokej,tiktok,01c88cf9-594f-408e-a45a-95114221acae,621e3ccd-b7f0-479d-bb0f-9778f8ff978b,TT Video,VIDEO,14.4.2026 5:49:42,Engineers fans kotel volá 🦁 Kdo bude nejvíc slyšet? 📣 🎟️ finalfour.cz,https://www.tiktok.com/@univerzitnihokej/video/7628487971053817110?utm_campaign=tt4d_open_api&utm_source=7348986504397455361,,655,28,,
vsefalcons,instagram,709fceba-e311-48e7-9057-f54a587abf4a,aadd2c42-15f1-47db-b101-bf822a2c9a3b,IG Story,VIDEO,13.3.2026 16:17:13,DÁME SI TEĎ VAŠE POV 😎,https://www.instagram.com/stories/vsefalcons/3852037209327156910,1004,934,,,
@riderspardubice,instagram,4d6a67ab-9313-4f77-a82e-abb18adbca5d,3ccc17ff-3f20-4aac-9886-034b7886567b,IG Story,VIDEO,17.4.2026 16:46:38,1:3,https://www.instagram.com/stories/riderspardubice/3877418995825826900,,870,,,
@engineersprague,facebook,afd06d1d-7b1c-4f66-8d93-ce4255ab773c,e371236c-a113-4463-a7f3-362d8a759dc8,FB Post,IMAGE,9.4.2026 16:42:22,"Úspěšnost 97,62 % a k tomu 6 ze 7 nájezdů 😮‍💨 Tohle byla Alťákova show 🧱 

#engprg",https://www.facebook.com/1560924572517692/posts/1568276795115803,2743,,46,,
vsefalcons,instagram,709fceba-e311-48e7-9057-f54a587abf4a,5b888054-d7b9-423e-a2fb-5a52f4fd3bea,IG Post,CAROUSEL_ALBUM,13.1.2026 19:20:09,"Společnost Veolia ve spolupráci s Českým registrem dárců krvetvorných buněk pořádá nábor nových potenciálních dárců krvetvorných buněk. 🩸

Zápis do registru je jednoduchý a časově nenáročný. Zahrnuje vyplnění dotazníku a krátký, bezbolestný odběr vzorku formou stěru v dutině ústní. Před odběrem je nutné být přibližně 30 minut nalačno. Základními podmínkami účasti jsou věk do 40 let a dobrý zdravotní stav. 🙌🏼

Podrobné informace naleznete na webu www.darujzivot.cz. 📲

Zařazením do registru se můžete stát součástí systému, který dává pacientům s vážným onemocněním krve šanci na uzdravení. V některých případech může být právě jeden konkrétní dárce jedinou možnou nadějí na záchranu života. 🚑

20. ledna 2026, 11:00–17:00 | Green Table, nádvoří Florentina, Na Florenci 15, 110 00 Praha 1",https://www.instagram.com/p/DTdl4T1CF5q/,,2168,28,2,
vsefalcons,instagram,709fceba-e311-48e7-9057-f54a587abf4a,62bad0a1-b660-4524-8099-49a547b7a161,IG Story,VIDEO,16.1.2026 18:58:47,👷🏽 DĚKUJEME ZA PODPORU!,https://www.instagram.com/stories/vsefalcons/3811531031132537583,,653,,,
univerzitnihokej,tiktok,01c88cf9-594f-408e-a45a-95114221acae,8b07d8c0-88bf-4a22-a773-8fa4b78bdad9,TT Video,VIDEO,16.4.2026 18:05:59,Shrek is... elitní centr první lajny?,https://www.tiktok.com/@univerzitnihokej/video/7629419942508514582?utm_campaign=tt4d_open_api&utm_source=7348986504397455361,,1107,67,,2
@bitvaoprahu,instagram,d7c8aa06-74fb-4c6c-a7d2-c2fe1bf6d59c,99712498-2730-46b3-b74c-7f67bb8cdc2d,IG Reel,REEL,27.3.2026 17:28:55,"Ty nejlepší momenty se neodehrávají vždycky jenom na ledě. 🤭

Děkujeme @mamashelterprague za to, že s námi už 3 roky baví naše fans. 💋",https://www.instagram.com/reel/DWZWswGjGCg/,,9415,221,,36
vsefalcons,instagram,709fceba-e311-48e7-9057-f54a587abf4a,10a526b3-3dba-4b2d-bc74-0019879458d9,IG Story,VIDEO,6.3.2026 11:05:33,@alan.david6,https://www.instagram.com/stories/vsefalcons/3846806860665994129,,1111,,,8
@univerzitnihokej,facebook,01b45180-0b14-4a14-96e8-d0a4bab1fb9f,6531b997-a927-462b-aead-80108f662d5a,FB Post,IMAGE,24.3.2026 21:57:09,Ostrava uzavírá základní část výhrou za tři body 💥,https://www.facebook.com/1275398168115026/posts/1269514555370054,353,,,,
@bitvaoprahu,instagram,d7c8aa06-74fb-4c6c-a7d2-c2fe1bf6d59c,57506a39-ee2b-4c80-9bb1-2f1f0b95a255,IG Post,IMAGE,12.3.2026 8:00:46,"Drobný korunky nech doma... je rok 2026 všude jedem kartou 💳
a jakou jinou než tou od @csobcz 🩵

S tou máš totiž spoustu výhod - 20% cashback na after, merch, nebo bonus až 1 500,- 🤑",https://www.instagram.com/p/DVxuNuSl25k/,,6370,86,,48
@univerzitnihokej,instagram,1e114592-3529-4cfe-9977-2598454053af,97a28cd5-19b5-4a10-b43b-7ce9227ab26a,IG Reel,VIDEO,12.3.2026 23:08:00,@ukkingsprague jeden pohár prostě nestačí! Naprostí vládci Prahy a zároveň vítězové základní části! 🏆,https://www.instagram.com/reel/DVzVhn1iPGk/,,21951,744,1,32
@univerzitnihokej,facebook,01b45180-0b14-4a14-96e8-d0a4bab1fb9f,be38632a-1693-460a-99dc-bf1e7c677db7,FB Video,VIDEO,4.3.2026 21:01:04,"BAUER Gear Up Challenge 🧤
Stopky běží. Kdo se oblékne nejrychleji?",https://www.facebook.com/reel/1478326090392034/,1824,740,2,,
vsefalcons,instagram,709fceba-e311-48e7-9057-f54a587abf4a,cdd944ad-3ca8-44c9-a042-b6f309e0ae23,IG Story,VIDEO,12.3.2026 18:06:14,,https://www.instagram.com/stories/vsefalcons/3851367298338697579,1343,1023,,,
vsefalcons,instagram,709fceba-e311-48e7-9057-f54a587abf4a,ebb34929-a481-47f6-b34e-bd614de719ac,IG Story,IMAGE,24.2.2026 22:15:35,"TĚŠÍME SE NA VÁS ZASE
V ÚTERÝ 🩵 see you next Tuesday! 🏒",https://www.instagram.com/stories/vsefalcons/3839896342130880932,635,883,,,1
vsefalcons,instagram,709fceba-e311-48e7-9057-f54a587abf4a,77d4735f-9b9c-4487-a38c-795d04def84a,IG Reel,VIDEO,17.2.2026 17:10:04,"Boys are in da haus! 🦅 

#vsefalcons #gofalconsgo #vse",https://www.instagram.com/reel/DU3est_iImc/,,13951,237,2,24
@cvutengineers,instagram,11963a07-7f0f-48e6-9d81-aa63a7ff4a04,1a017a75-07de-49b7-a923-3b698249fdc6,IG Post,IMAGE,19.3.2026 18:27:49,"Ohlédnutí za včerejškem očima @ondra_mann 📸.

Příští týden se vidíme 👋🏻!",https://www.instagram.com/p/DWE3j4JDLkY/,,4858,231,,8
@akademiciplzen,instagram,65494228-95bf-4f7b-8e68-d47d7262db66,5591ea8d-1969-418a-a0c9-950d90b8c33e,IG Story,IMAGE,1.4.2026 19:48:08,,https://www.instagram.com/stories/akademiciplzen/3865914047560715286,,1000,,,1
vsefalcons,instagram,709fceba-e311-48e7-9057-f54a587abf4a,65c77c50-d811-48b8-b683-a2f918da2d68,IG Story,IMAGE,31.3.2026 17:01:51,1 1 Daniel,https://www.instagram.com/stories/vsefalcons/3865105586597676310,981,833,,,
@univerzitnihokej,facebook,01b45180-0b14-4a14-96e8-d0a4bab1fb9f,b4d89f09-8ee3-4390-b115-7592aeca29a2,FB Post,IMAGE,6.3.2026 8:58:09,@zlatak30 se inspiroval v NCAA. 🫨 Tohle jsme nedávno viděli u @michael_hrabal v UMass.,https://www.facebook.com/1275398168115026/posts/1254981490156694,222,,,,
@united_hk,instagram,b18c071b-0570-48b2-b743-990c668c3c5b,08a4c852-7329-431c-b094-57959e665fb1,IG Post,IMAGE,17.4.2026 8:25:30,"Děkujeme městu Hradec Králové za podporu v této sezoně.

Město dlouhodobě podporuje sport, studenty i komunitní život, jehož jsme součástí.

Díky, že v tom jedeme společně. 🖤🧡",https://www.instagram.com/p/DXOdrRBCCIK/,,1239,24,,1
@united_hk,instagram,b18c071b-0570-48b2-b743-990c668c3c5b,95b3bb9b-4480-48d0-8483-396ae5663a58,IG Story,VIDEO,13.4.2026 17:51:19,,https://www.instagram.com/stories/united_hk/3874552410978965544,,414,,,
vsefalcons,instagram,709fceba-e311-48e7-9057-f54a587abf4a,8659ad2c-046c-4fcd-a503-d5ff1962711c,IG Story,VIDEO,12.3.2026 13:06:26,PRO JAKOU SI DNES PŘIJDEŠ?,https://www.instagram.com/stories/vsefalcons/3851216358944029556,1652,1855,,,9
vsefalcons,instagram,709fceba-e311-48e7-9057-f54a587abf4a,a7a9ed41-8b4b-42e3-a94d-7dcbc1138e91,IG Story,VIDEO,23.6.2026 19:20:31,,https://www.instagram.com/stories/vsefalcons/3926056542050764729,,714,,,1
vsefalcons,instagram,709fceba-e311-48e7-9057-f54a587abf4a,16644059-4ab4-43ff-ab4a-635f9df9c6a0,IG Story,VIDEO,12.3.2026 15:27:11,ROZBRUSLENÍ IS ON 💨,https://www.instagram.com/stories/vsefalcons/3851287209135622148,1498,1332,,,
@hcmuni,facebook,d1f9e9f9-7526-42d4-85aa-13f91e89f7cf,f76220f1-33a2-49b1-bb5f-c0ad6a7d2c62,FB Post,IMAGE,10.4.2026 14:43:33,"Stehlík&Bros zahrají pro dobrou věc 🎶 💙  
Podpořte spolu se zakladatelem HC MUNI @stehla81 malého Honzíka, který od narození bojuje se vzácným genetickým onemocněním 🥹 Každý příspěvek mu pomůže na cestě k potřebným terapiím či pomůckám. Přispět můžete skrze QR kód ve stories. 
Předem moc děkujeme 🧸

#desetfakultjednarodina",https://www.facebook.com/1581741777288398/posts/1589927656469810,221,,2,,
@univerzitnihokej,facebook,01b45180-0b14-4a14-96e8-d0a4bab1fb9f,1c9b21a5-737e-4e5c-a57b-ee25e7537518,FB Video,VIDEO,29.3.2026 18:51:49,"Jak skloubit medicínu s Univerzitním hokejem? 👨🏻‍⚕️ Strávili jsme den s @albert.skalsky z @ukkingsprague , celý díl najdete online na našem YouTube 🍿",https://www.facebook.com/reel/2664269530612685/,1255,334,1,,
@218107044725785,facebook,7a942e3e-6c47-4794-9ba7-bbc7b6d40cb3,482c9147-9a59-4185-a7fd-5e5337f10604,FB Post,IMAGE,17.4.2026 9:22:12,Znovu a lépe. Dnes vyrážíme do boje o 3. místo 👊🏼,https://www.facebook.com/122282816036218300/posts/122284466330218300,237,,13,,
vsefalcons,instagram,709fceba-e311-48e7-9057-f54a587abf4a,5bfbe893-7a10-46f0-8604-357513b7fa12,IG Story,VIDEO,31.5.2026 10:09:23,,https://www.instagram.com/stories/vsefalcons/3909109147199100628,,800,,,
@218107044725785,facebook,7a942e3e-6c47-4794-9ba7-bbc7b6d40cb3,6a890a08-19a9-44a0-af6d-dd8d02e931c1,FB Video,VIDEO,22.3.2026 19:45:19,"Kluci už jsou na naše otázky asi tak zvyklí, že už nepoznají rage bait od normálu 🤭",https://www.facebook.com/reel/2125407071334452/,682,288,6,,
@hcmuni,facebook,d1f9e9f9-7526-42d4-85aa-13f91e89f7cf,b886500a-0fe3-47bc-8cce-e9e7f66a6744,FB Post,PHOTO,21.3.2026 14:51:07,"🚨 LAST CALL! 🚨 Náš led! Naše pravidla! Poslední zápas sezóny a navíc derby s @vutcavaliersbrno 🔥🥶🐻

19:30 na Lužánkách 📍

🎟️Lístky koupíš tady👇🏻

https://hcmuni.enigoo.cz/app/tickets/events/136

#hcmuni",https://www.facebook.com/1581741777288398/posts/1571924581603451,761,,7,,
@akademiciplzen,instagram,65494228-95bf-4f7b-8e68-d47d7262db66,18903a2f-e85a-41ef-a393-6bdb5065dc70,IG Story,VIDEO,23.4.2026 16:29:31,"PŘIPOJ SE K NAŠEMU TÝMU – AŤ UŽ POBĚŽÍŠ NA BOLEVÁKU, NEBO KDEKOLIV JINDE! 📱 @benisek_jiri",https://www.instagram.com/stories/akademiciplzen/3881759038409335992,,699,,,
vsefalcons,instagram,709fceba-e311-48e7-9057-f54a587abf4a,7b8fd415-e7c7-4a34-a754-69233c3d4e89,IG Story,VIDEO,16.4.2026 18:17:56,FIREEEEEEEEEE,https://www.instagram.com/stories/vsefalcons/3876739402403689145,1037,791,,,
@bitvaoprahu,instagram,d7c8aa06-74fb-4c6c-a7d2-c2fe1bf6d59c,c613a54c-5de3-4b5c-9fe9-abcebf0f4b71,IG Reel,VIDEO,12.3.2026 22:03:39,"🚨 COMEBACK IS REAL ⁉️

Finálová bitva o zlato živě právě teď na @sport_ct ➕.",https://www.instagram.com/reel/DVzOSRjDPoV/,,17065,287,7,4
@univerzitnihokej,instagram,1e114592-3529-4cfe-9977-2598454053af,b51977b1-ddd9-450a-bc55-ab3485aafa88,IG Story,VIDEO,17.4.2026 20:16:24,,https://www.instagram.com/stories/univerzitnihokej/3877524689526470759,,1348,,,
@218107044725785,facebook,7a942e3e-6c47-4794-9ba7-bbc7b6d40cb3,b611e8fd-0449-42ec-a241-7a12976185c0,,TEXT,28.5.2026 12:26:44,"Za každým zápasem VŠE Falcons stojí hodiny práce v zákulisí. Abychom netrávili zbytečný čas nad administrativou a doklady, sjednocujeme procesy s celou ligou a přecházíme na cloudové účetnictví Evala.
Pro náš klub to znamená jedno prostředí pro sběr dokladů i komunikaci. Žádné zdlouhavé dohledávání, ale rychlost a efektivita.
Získaný čas obratem investujeme do rozvoje našeho týmu a přípravy další sezóny. Partnerství, které posouvá univerzitní hokej zase o krok dál! Celý článek čtěte zde:

https://www.evala.cz/blog/jak-univerzitni-hokej-digitalizuje-ucetnictvi-a-zjednodusuje-praci-s-doklady?fbclid=IwY2xjawSFEVRleHRuA2FlbQIxMQBzcnRjBmFwcF9pZBAyMjIwMzkxNzg4MjAwODkyAAEeaqUumDzYk8_jK8P6ueooBnHTICP1hzbo1FYWT34kkF2iU3XsxqKNmUfcrLs_aem_8BBZthXxwiYL5K-8TsnaRA",https://www.facebook.com/122282816036218300/posts/122290582418218300,361,,2,,
@unitedhk,facebook,bfe6cc29-a387-41b9-9bca-b077722556af,1493f8f1-98c5-485e-8937-f0e84b911f62,FB Post,IMAGE,18.4.2026 9:15:41,"Děkujeme Královéhradeckému kraji za podporu v sezoně 2025/26.

Kraj se podílí na rozvoji sportu, vzdělávání i regionálního života, ve kterém má univerzitní hokej své místo.

Vážíme si vaší podpory. 🖤🧡",https://www.facebook.com/122180651084388974/posts/122181612626388974,175,,,,
vsefalcons,instagram,709fceba-e311-48e7-9057-f54a587abf4a,2c8d01c6-e076-4aa2-a32d-428c7f574116,IG Story,VIDEO,10.2.2026 23:21:41,"🎙️ David
Straka",https://www.instagram.com/stories/vsefalcons/3829783796417843112,599,599,,,
@cvutengineers,instagram,11963a07-7f0f-48e6-9d81-aa63a7ff4a04,92523b88-30f8-48c8-a1c5-2bdbae6efd31,IG Story,VIDEO,17.4.2026 18:19:06,,https://www.instagram.com/stories/cvutengineers/3877465557742397804,,1342,,,
@riderspardubice,instagram,4d6a67ab-9313-4f77-a82e-abb18adbca5d,2f854342-b492-4542-ab2a-273a0680c7ad,IG Story,VIDEO,8.4.2026 17:08:09,PLAY-IN ROZBRUSLENÍ ⭐️ ⭐️,https://www.instagram.com/stories/riderspardubice/3870907785374648495,,705,,,
@riderspardubice,instagram,4d6a67ab-9313-4f77-a82e-abb18adbca5d,009d4f51-09cf-40fd-aa51-d47f93fa89de,IG Story,VIDEO,3.4.2026 16:50:28,,https://www.instagram.com/stories/riderspardubice/3867274181201397973,,428,,,
@riderspardubice,facebook,f99ed6c3-17cc-46f4-a32e-d9b0576ce2df,1cda4020-bef1-46a7-87d5-3a3b6150b46b,FB Post,IMAGE,15.3.2026 16:51:51,"V pondělí 23. března se uvidíme v letošní sezoně naposledy na domácím ledě! 👋🤩

Vstupenky koupíš přes odkaz v BIU!  🎟️",https://www.facebook.com/1592662819534019/posts/1577183921081909,371,,9,,
vsefalcons,instagram,709fceba-e311-48e7-9057-f54a587abf4a,0a517492-5eed-496f-abe2-2ac3d6bf0f44,IG Story,VIDEO,24.3.2026 18:28:11,Nálada v Ostravě 👌🏻,https://www.instagram.com/stories/vsefalcons/3860075640473039423,861,851,,,10
vsefalcons,instagram,709fceba-e311-48e7-9057-f54a587abf4a,9df480e6-5f33-433c-943a-b46cc5a086df,IG Story,IMAGE,26.1.2026 19:08:30,"4 4 Theimer
Suchan",https://www.instagram.com/stories/vsefalcons/3818783708388278396,,957,,,
@hcmuni,facebook,d1f9e9f9-7526-42d4-85aa-13f91e89f7cf,af314db5-732c-4226-bfdd-a948a881571a,FB Post,IMAGE,12.3.2026 12:43:09,"Bojovali jsme až do konce, ale nájezdy jsou loterie 
Hlavy nahoře – jdeme dál! 🔥💪🏻

Vidíme se v sobotu na Lužánkách!!! 💙

#hcmuni",https://www.facebook.com/1581741777288398/posts/1563473925781850,407,,5,,
vsefalcons,instagram,709fceba-e311-48e7-9057-f54a587abf4a,7933aadf-1758-43ae-833e-fb6bdf736619,IG Story,VIDEO,8.2.2026 17:19:44,,https://www.instagram.com/stories/vsefalcons/3828151025459045934,,900,,,
@riderspardubice,instagram,4d6a67ab-9313-4f77-a82e-abb18adbca5d,23f6662b-456e-4d4e-82b6-3ff90ae86808,IG Story,VIDEO,12.4.2026 15:51:24,,https://www.instagram.com/stories/riderspardubice/3873767432573976591,,864,,,
@akademiciplzen,instagram,65494228-95bf-4f7b-8e68-d47d7262db66,41c281d1-c6fa-455b-b41f-cd5951247050,IG Story,VIDEO,2.4.2026 0:42:06,,https://www.instagram.com/stories/akademiciplzen/3866062020063450434,,1788,,,
@riderspardubice,instagram,4d6a67ab-9313-4f77-a82e-abb18adbca5d,71a4be90-d8de-4357-a013-beb51f7fb79f,IG Story,VIDEO,8.4.2026 20:16:19,NÁJEZDY ✊✊✊,https://www.instagram.com/stories/riderspardubice/3871001675440420738,,412,,,1
vsefalcons,instagram,709fceba-e311-48e7-9057-f54a587abf4a,f959cc21-3713-44c6-861e-9c437a45ff2a,IG Story,VIDEO,16.1.2026 11:22:11,POMALU ALE JISTĚ SE PUB KVÍZ PLNÍ,https://www.instagram.com/stories/vsefalcons/3811301229158990964,,731,,,13
vsefalcons,instagram,709fceba-e311-48e7-9057-f54a587abf4a,605a7cde-8ef7-476f-bdfa-1845c6870cc6,IG Story,VIDEO,17.2.2026 7:34:54,,https://www.instagram.com/stories/vsefalcons/3834379675590261814,813,978,,,
@BOhokej,facebook,c9082543-a03b-490f-8f97-66d439acce89,a5190240-980e-4300-b523-0403dfb873b0,FB Post,IMAGE,24.3.2026 22:17:02,"Základní část zakončujeme vítězně! 🧨

Dosáhli jsme hranice 50 bodů a pokračujeme do PLAY-IN! 🦈

#hockey #ullh #winners",https://www.facebook.com/1477974067675582/posts/1471592818313707,449,,4,,
vsefalcons,instagram,709fceba-e311-48e7-9057-f54a587abf4a,614400ec-575d-4767-a7fe-aa0fca93c234,IG Story,VIDEO,28.5.2026 19:35:54,,https://www.instagram.com/stories/vsefalcons/3907219896530378812,,483,,,
vsefalcons,instagram,709fceba-e311-48e7-9057-f54a587abf4a,a8e1bfaa-e02d-4508-b126-5b0cacbbd53a,IG Story,VIDEO,12.4.2026 15:39:03,👈🏼,https://www.instagram.com/stories/vsefalcons/3873761217865063945,,730,,,1
@218107044725785,facebook,7a942e3e-6c47-4794-9ba7-bbc7b6d40cb3,563cfed2-56cd-41ae-a83c-0b4a873cf378,FB Post,IMAGE,11.6.2026 17:08:38,"Představujeme vám exkluzivní Falcons nominaci na letošní Fifa World Cup ⚽️🏆

Který z našich kluků má podle tebe největší šanci na Zlatý míč? Hlasuj v komentářích! 👇

#vsefalcons #fifaworldcup",https://www.facebook.com/122282816036218300/posts/122292790850218300,456,,8,,
@unitedhk,facebook,bfe6cc29-a387-41b9-9bca-b077722556af,ff0f897a-2b86-4a85-965f-f63ce0d92ffd,FB Video,VIDEO,15.4.2026 12:52:10,"❤️ Duben ve znamení pomoci

Naši kluci tentokrát nešli bojovat na led, ale pomáhat jinak – zapojili se do akce Daruj krev ve spolupráci s @transfuzni_fnhk . 🩸🏒

Každá kapka se počítá a může někomu zachránit život.

👉 Pokud půjdeš darovat krev během dubna, můžeš se zapojit do tomboly a vyhrát skvělé ceny od sponzorů. Stačí jen po odběru vyplnit formulář, který najdeš v biu na @ifmsa_cz_hk . 

Přidej se taky a udělej něco, co má skutečný smysl.❤️

#unitedhk #unihokej #hokej",https://www.facebook.com/reel/2369075113611639/,364,131,1,,
@univerzitnihokej,facebook,01b45180-0b14-4a14-96e8-d0a4bab1fb9f,12e10c92-f681-4d34-9212-7dbcb2bc60e9,FB Post,IMAGE,19.3.2026 11:52:11,"Osudí se rychle plní 👀 Zbývá posledních 90 míst. 🎱

Založ si účet u ČSOB přes link v našem biu a zajisti si svoje místo ve hře o 100 000 Kč 💰",https://www.facebook.com/1275398168115026/posts/1264806559174187,279,,,,
@riderspardubice,instagram,4d6a67ab-9313-4f77-a82e-abb18adbca5d,196aa79b-9ffa-4689-8108-b37e9c00c70b,IG Story,VIDEO,8.4.2026 18:22:57,⛄️🌨️❄️ @radek_bednar_  O:0,https://www.instagram.com/stories/riderspardubice/3870948822797257191,,627,,,3
@cvutengineers,instagram,11963a07-7f0f-48e6-9d81-aa63a7ff4a04,ff3f22a1-760d-4dd2-8210-97b6ea1160f4,IG Reel,REEL,31.3.2026 19:09:35,"Sooooo close 🥺

#kfc",https://www.instagram.com/reel/DWj1zlajKst/,,25934,484,2,38
@riderspardubice,instagram,4d6a67ab-9313-4f77-a82e-abb18adbca5d,06399eb5-9f4d-41e6-9588-f76db484d50c,IG Story,VIDEO,17.4.2026 17:07:58,,https://www.instagram.com/stories/riderspardubice/3877429718463324237,,823,,,
@cvutengineers,instagram,11963a07-7f0f-48e6-9d81-aa63a7ff4a04,e48c8a76-4ddc-4c9f-8ad5-490523a450b3,IG Story,VIDEO,16.4.2026 6:38:30,JEDEN TÝM  JEDEN SEN,https://www.instagram.com/stories/cvutengineers/3876388248587389834,,45,,,
@hcnorthwings,facebook,2b08a479-603b-46e4-8a48-2bc0435ccd53,c58c1684-5077-4179-bb36-c62004181087,FB Post,PHOTO,23.3.2026 18:53:58,"💙 DĚKUJEME 💛
Strašně moc si vážíme všech našich fanoušků 🫶 a příznivců, kteří si v této sezóně našli svůj vzácný čas a věnovali ho nám, aby nás podpořili a fandili ústeckému univerzitnímu týmu 🏒 na zimáku v Ústí a v Povrlech 🏟 nebo i u TV 🖥
Byli jste opravdu ÚŽASNÍ a my všichni Vám všem za to z celého našeho hokejového srdce DĚKUJEME 🙏
Celkem vás přišlo přes 4 100 👏 a my společně věříme, že se další sezónu budeme vídat na tribunách ústeckého zimáku v takové krásné fanouškovské atmosféře, jako letos 👏👏👏

#univerzitnihokej #myjsmeujep #hcnorthwings #icehockey",https://www.facebook.com/1583651910433365/posts/1575778347887388,429,,5,,
@bitvaoprahu,facebook,75e0f41f-82be-4f82-a77b-82ac11135ed2,114123fe-e239-4392-8182-b70a3e154ac8,FB Post,PHOTO,13.3.2026 18:12:44,"📣 Speakeři na @univerzitnihokej >>> 🗣️🗣️

Souhlasíš s námi? 👀 #bitvaoprahu",https://www.facebook.com/1441262177797849/posts/1421075239816543,388,,1,,
@cvutengineers,instagram,11963a07-7f0f-48e6-9d81-aa63a7ff4a04,e6a796f1-5299-4fb2-8d80-06c20a3fa811,IG Story,IMAGE,18.4.2026 18:16:42,@adam_hvezda,https://www.instagram.com/stories/cvutengineers/3878189215775474283,,785,,,4
@riderspardubice,instagram,4d6a67ab-9313-4f77-a82e-abb18adbca5d,3a3cbad5-60f1-40b1-ab59-012d07f7133b,IG Story,IMAGE,31.3.2026 17:10:55,@tipsportcz,https://www.instagram.com/stories/riderspardubice/3865110143013027345,,876,,,
@boostrava,instagram,1176ddaf-d366-48a2-9639-3c6694c72c85,4a02500f-c7e8-4b9d-82ed-8d4b4b0fda8a,IG Story,VIDEO,31.3.2026 21:20:50,,https://www.instagram.com/stories/boostrava/3865238050133824974,,412,,,1
vsefalcons,instagram,709fceba-e311-48e7-9057-f54a587abf4a,7d4e1ffb-246e-4d1d-8869-b84816e8bf5a,IG Story,VIDEO,17.2.2026 18:48:09,,https://www.instagram.com/stories/vsefalcons/3834718515416799659,663,920,,,10
@akademiciplzen,instagram,65494228-95bf-4f7b-8e68-d47d7262db66,a161c519-cd42-4d65-b3ac-9817dc021959,IG Story,VIDEO,24.4.2026 15:37:59,@lesa_matousek,https://www.instagram.com/stories/akademiciplzen/3882457890355464382,,1066,,,1
@riderspardubice,instagram,4d6a67ab-9313-4f77-a82e-abb18adbca5d,31705df3-b60b-4015-b215-a85b414d3f90,IG Story,VIDEO,12.4.2026 12:06:35,ŠŤASTNÝ DOSTÁL,https://www.instagram.com/stories/riderspardubice/3873654289512322867,,1180,,,
@engineersprague,facebook,afd06d1d-7b1c-4f66-8d93-ce4255ab773c,5914f69d-eade-4a21-8e32-28dce975de77,FB Story,VIDEO,2.3.2026 19:02:40,,,,,,,
@engineersprague,facebook,afd06d1d-7b1c-4f66-8d93-ce4255ab773c,b34861ae-f934-4885-b3c4-65522a5918c8,FB Post,ALBUM,12.3.2026 18:37:40,VŠICHNI ZA JEDNOHO 🦁 JEDEN ZA VŠECHNY,https://www.facebook.com/1560924572517692/posts/1543579240918892,492,,5,,
@riderspardubice,instagram,4d6a67ab-9313-4f77-a82e-abb18adbca5d,76cfada6-8053-45d6-adc2-cb9243a63d7c,IG Post,IMAGE,12.3.2026 15:39:16,"Poslední zápas v dresu Riders pro @dominikkopecky_99 🔥

Přijď udělat Dominikovi do enteria areny nezapomenutelnou atmosféru a rozloučit se s ním na zápas proti @united_hk! 

🎟️ Vstupenky ve slevě s kódem KOPECKY20 👀",https://www.instagram.com/p/DVyipXMjI9n/,,8146,109,,20
@united_hk,instagram,b18c071b-0570-48b2-b743-990c668c3c5b,b8dd1b43-d044-4fd5-accc-b2fa077c2b42,IG Story,VIDEO,13.4.2026 17:51:40,,https://www.instagram.com/stories/united_hk/3874552585562646855,,442,,,
@akademiciplzen,instagram,65494228-95bf-4f7b-8e68-d47d7262db66,b533704c-0f49-4585-bc02-6e50b639a827,IG Story,VIDEO,1.4.2026 17:18:15,@lukas.folda072,https://www.instagram.com/stories/akademiciplzen/3865838619462499026,,1370,,,1
@hcmuni,facebook,d1f9e9f9-7526-42d4-85aa-13f91e89f7cf,dc8cd6b3-b6b0-4071-a698-fe0d44161298,FB Video,VIDEO,19.3.2026 14:16:53,"Vyber si svou bojovou výbavu na zápas! ⚔️🏒
a) Jen hlasivky a MUNI šálu 🗣️🔥
b) Odpověď a)☝🏻
c) K šále si přibalím i dres 👕

A jestli ti chybí náš merch, doraz ve středu o něco dřív, ať si stihneš něco v klidu pořídit! 💙🐻

#hcmuni #desetfakultjednauniverzita",https://www.facebook.com/reel/1982501865962172/,1099,499,8,,
@218107044725785,facebook,7a942e3e-6c47-4794-9ba7-bbc7b6d40cb3,c073836c-b0de-4241-a4fe-b18d190ebbb1,FB Video,VIDEO,16.3.2026 18:18:55,"Tipovačka s Tipsportem 🔥

Jakého favorita v Extralize máš ty? ✒️⤵️",https://www.facebook.com/reel/26068911376126900/,649,291,5,,
@united_hk,instagram,b18c071b-0570-48b2-b743-990c668c3c5b,d00e678e-0fbb-4ce2-8cc5-98a16629b220,IG Story,VIDEO,20.4.2026 18:47:29,,https://www.instagram.com/stories/united_hk/3879654146592781325,,365,,,
@bitvaoprahu,instagram,d7c8aa06-74fb-4c6c-a7d2-c2fe1bf6d59c,3e6b757f-4ace-4f8a-806f-56ad4a498767,IG Reel,VIDEO,12.3.2026 16:51:58,"Farmáři hledají ženu, anyone? 🤠💚 

#bitvaoprahu | @czufarmers ⚔️ @vsefalcons",https://www.instagram.com/reel/DVyqqtSjNk3/,,8266,227,2,28
vsefalcons,instagram,709fceba-e311-48e7-9057-f54a587abf4a,42f9e5c1-51b9-48b8-9b63-71ab014d5a0a,IG Story,VIDEO,10.2.2026 18:36:51,warm up 🔥,https://www.instagram.com/stories/vsefalcons/3829639408349929728,706,914,,,
@bitvaoprahu,facebook,75e0f41f-82be-4f82-a77b-82ac11135ed2,35fad6cb-c056-4caf-abcf-5f674f309ffb,FB Video,VIDEO,12.3.2026 16:52:14,"Farmáři hledají ženu, anyone? 🤠💚 

#bitvaoprahu | @czufarmers ⚔️ @vsefalcons",https://www.facebook.com/reel/936729148831597/,1209,506,6,,
vsefalcons,instagram,709fceba-e311-48e7-9057-f54a587abf4a,cfca0208-e7b5-43a7-b1f3-c28aa269cb3c,IG Story,VIDEO,6.3.2026 16:41:33,,https://www.instagram.com/stories/vsefalcons/3846975977645732990,,922,,,
@akademiciplzen,instagram,65494228-95bf-4f7b-8e68-d47d7262db66,e1f9d862-d44c-4c1f-acdb-efd4a0f2d74b,IG Story,VIDEO,1.4.2026 19:14:26,,https://www.instagram.com/stories/akademiciplzen/3865897095198954138,,1126,,,
@unitedhk,facebook,bfe6cc29-a387-41b9-9bca-b077722556af,41700574-8bc1-4c30-9690-eb2a7b9326cd,FB Video,VIDEO,8.3.2026 9:52:37,"🧅 Kaufland Cutting Challenge
Vracíme se ještě k momentům z Východočeského derby univerzit.

Derby není jen o hokeji.

Během přestávky jsme si dali rychlou výzvu – Kaufland Cutting Challenge.

Úkol byl jednoduchý: 45 vteřin. Hokejové rukavice. A co nejvíc najemno nakrájet cibuli.

Jak to dopadlo? Podívej se ve videu.

Díky partnerovi Kaufland za další zábavný moment derby.

🖤🧡❤️

#unitedhk #unihokej #hokej",https://www.facebook.com/reel/26377726768490349/,346,96,2,,
vsefalcons,instagram,709fceba-e311-48e7-9057-f54a587abf4a,54279403-110b-4e37-a20d-d94a0489d8f8,IG Post,CAROUSEL_ALBUM,8.3.2026 20:45:08,"Rivalita, která nikdy nevychladne! 🔥 V úterý vás potřebujeme v naší chatě na Kateřinkách! 🏟️👀",https://www.instagram.com/p/DVoyh5oCCaT/,,3865,99,1,9
@engineersprague,facebook,afd06d1d-7b1c-4f66-8d93-ce4255ab773c,5b4d5f46-3f81-44e3-acf6-ee4be279b8bd,FB Post,ALBUM,12.3.2026 19:24:26,"Do finále Bitvy o Prahu nalétneme v této sestavě!
Teď je ten správný čas ukázat SRDCE LVA 💙. 
Jedeme v tom spolu 🦁!",https://www.facebook.com/1560924572517692/posts/1543606407582842,495,,4,,
vsefalcons,instagram,709fceba-e311-48e7-9057-f54a587abf4a,8418500f-6ff3-4b2e-94b4-217a0d3a3529,IG Post,IMAGE,3.2.2026 21:57:19,Dneska za 3 body. Vidíme se zase za týden 🐎,https://www.instagram.com/p/DUT8dPWiD8N/,,2270,76,1,8
@united_hk,instagram,b18c071b-0570-48b2-b743-990c668c3c5b,b1edd1e2-5fc7-4259-b896-7053a5148f4b,IG Story,IMAGE,25.4.2026 12:46:58,"Vítězka Univerziády
v ledním hokeji @_andu.la_31  nás
přišla podpořit!",https://www.instagram.com/stories/united_hk/3883096702726975046,,960,,,
@riderspardubice,facebook,f99ed6c3-17cc-46f4-a32e-d9b0576ce2df,c9ff7733-1f62-4643-b23a-1135d96f1ef6,FB Post,IMAGE,3.3.2026 14:09:54,"🔥👏 Tak tahle včerejší střela do branky během přestávkové soutěže od dámského týmu byla naprosto přesná a holky si vystřílely dvě moderní powerbanky od @enteria_holding!

Gratulujeme holkám a čekáme je na tryoutu 💪
A děkujeme @enteria_holding za krásné ceny! 🧡",https://www.facebook.com/1592662819534019/posts/1566763032123998,399,,3,,
@VUTCavaliersBrno,facebook,3351b43e-4b71-442b-b2f1-920cd6e57ee5,0b49f622-edc7-4f86-873e-94c74149d086,FB Video,VIDEO,6.3.2026 11:59:33,"daly jsme klukům jednorázový foťák na @hokejovy_souboj_univerzit a takto to dopadlo🤩
inspirováno @lifeonfilm",https://www.facebook.com/reel/1412134606791867/,605,223,3,,
@univerzitnihokej,facebook,01b45180-0b14-4a14-96e8-d0a4bab1fb9f,3ba25ad9-126f-41b5-a6b3-902962277ced,FB Post,IMAGE,11.4.2026 19:43:01,"Skladba NAVŽDYCKY BLÁZEN se stala skladbou roku 🏆 Gratulujeme @gufrau_official ➕ @10vpoli ➕ @_victorkal_ 🙌🏻 Interpreti se zastavili i u nás na @bitvaoprahu 🔥

📸 @ceny_andel & @bitvaoprahu",https://www.facebook.com/1275398168115026/posts/1283684923953017,791,,6,,
vsefalcons,instagram,709fceba-e311-48e7-9057-f54a587abf4a,60373d9b-eb29-4a89-85b5-8dac40b8ec56,IG Story,VIDEO,13.3.2026 17:00:58,,https://www.instagram.com/stories/vsefalcons/3852059175350237587,844,821,,,
vsefalcons,instagram,709fceba-e311-48e7-9057-f54a587abf4a,a693f9b5-a096-4b1f-baee-e31025396cfa,IG Story,VIDEO,24.3.2026 17:20:49,🏟️ 📍,https://www.instagram.com/stories/vsefalcons/3860041725087604160,920,992,,1,4
vsefalcons,instagram,709fceba-e311-48e7-9057-f54a587abf4a,0966e9cb-afc0-4800-9b39-a065aadb6f33,IG Story,IMAGE,12.3.2026 16:41:28,"3 3 Theimer
Lev
Fibigr",https://www.instagram.com/stories/vsefalcons/3851324588420552300,1409,1248,,,
vsefalcons,instagram,709fceba-e311-48e7-9057-f54a587abf4a,4a73021c-53b2-45ea-9f80-491651281141,IG Story,IMAGE,3.3.2026 21:21:12,3 1,https://www.instagram.com/stories/vsefalcons/3844942432005848803,649,801,,,1
@cvutengineers,instagram,11963a07-7f0f-48e6-9d81-aa63a7ff4a04,b2f86027-7375-4878-adf8-ff90d35cdcd0,IG Story,VIDEO,8.4.2026 17:28:10,,https://www.instagram.com/stories/cvutengineers/3870917029654211487,,1026,,,3
vsefalcons,instagram,709fceba-e311-48e7-9057-f54a587abf4a,fd0e18a3-f8ea-4aa4-8481-3f61cfddf6bc,IG Story,VIDEO,12.3.2026 14:55:27,@sokoli.hnizd0 🪹 💙,https://www.instagram.com/stories/vsefalcons/3851271246663126238,1661,1640,,,6
vsefalcons,instagram,709fceba-e311-48e7-9057-f54a587abf4a,084010ad-6053-4c45-bfb2-d782652e3102,IG Story,VIDEO,15.4.2026 9:39:43,🙌🏼 👀,https://www.instagram.com/stories/vsefalcons/3875754688734083516,706,842,,2,1
@univerzitnihokej,instagram,1e114592-3529-4cfe-9977-2598454053af,0a314910-4338-4acd-90ff-f35cb3d6ce39,IG Post,PHOTO,31.3.2026 6:17:41,Cesta do @unihokejfinalfour startuje dnes! 🔥 Letos jen jeden zápas rozhodne o osudu našich týmů. Kdo se probojuje do Edenu a získá Pohár Jana Palacha? 🏆,https://www.instagram.com/p/DWidSvjCH0w/,,19717,493,6,26
@akademiciplzen,instagram,65494228-95bf-4f7b-8e68-d47d7262db66,5cd25da0-8601-4827-b337-b2e94366dc03,IG Story,VIDEO,31.3.2026 20:10:53,@albert_schacherl,https://www.instagram.com/stories/akademiciplzen/3865200719091752118,,684,,,1
vsefalcons,instagram,709fceba-e311-48e7-9057-f54a587abf4a,d58af445-2388-41b2-90a5-2ebb5c52ae73,IG Story,VIDEO,28.1.2026 17:47:43,👷🏽,https://www.instagram.com/stories/vsefalcons/3820192730416962891,,959,,,
@univerzitnihokej,facebook,01b45180-0b14-4a14-96e8-d0a4bab1fb9f,1e0165db-3bd2-4f8e-b119-8886e5260237,FB Post,IMAGE,6.4.2026 8:08:19,"Veselé Velikonoce 🐣 Prokousali jsme se skořápkou a to nejlepší je uvnitř 👀
Final Four se blíží… 🔥",https://www.facebook.com/1275398168115026/posts/1279524521035724,341,,,,
vsefalcons,instagram,709fceba-e311-48e7-9057-f54a587abf4a,5a2f66d8-aa7e-4b91-99ee-35732ee254f4,IG Story,VIDEO,16.3.2026 11:48:04,MERCH UŽ MŮŽETE NAKUPOVAT ONLINE 🛍️,https://www.instagram.com/stories/vsefalcons/3854076013760268267,857,941,,,
@bitvaoprahu,instagram,d7c8aa06-74fb-4c6c-a7d2-c2fe1bf6d59c,c9a54823-4e17-4ff2-bfab-bc2cfe6c8b85,IG Reel,REEL,13.3.2026 14:24:01,"Kterou příchuť od @vilgainczsk máš nejraději? 😋

Hoď nám do komentářů tu svoji a dej ostatním vědět, která za to prostě stojí. 👍🏼 #bitvaoprahu",https://www.instagram.com/reel/DV0-fOqjGEb/,,20875,263,,77
@univerzitnihokej,instagram,1e114592-3529-4cfe-9977-2598454053af,33515a1e-6185-47dc-8e75-7e4c2087734d,IG Story,VIDEO,6.4.2026 19:17:55,vrchol sezóny se blíží… 👀,https://www.instagram.com/stories/univerzitnihokej/3869522725740007235,,696,,,
vsefalcons,instagram,709fceba-e311-48e7-9057-f54a587abf4a,7ff1cb59-10e3-4742-9df0-695919a690e6,IG Story,VIDEO,13.3.2026 16:19:12,,https://www.instagram.com/stories/vsefalcons/3852038151686640837,930,834,,,
vsefalcons,instagram,709fceba-e311-48e7-9057-f54a587abf4a,a6a0b4bb-99d9-45d6-9c3f-15c0603b22f6,IG Story,VIDEO,12.2.2026 10:57:07,"vezmeš si svých pět švestek
a jdeš 👈🏼",https://www.instagram.com/stories/vsefalcons/3830857566150770362,781,781,,,2
@akademiciplzen,instagram,65494228-95bf-4f7b-8e68-d47d7262db66,22a98fd8-a1b0-4d3f-9aa2-887cdd0462fa,IG Story,VIDEO,1.4.2026 19:35:59,JSTE  NESKUTEČNÍ!,https://www.instagram.com/stories/akademiciplzen/3865907944655434287,,1142,,,
@vutcavaliersbrno,instagram,b384bebf-72f3-4f9d-8b2d-3677709f6966,cce83768-ddb6-4bcb-964d-eed8f63df04f,IG Story,VIDEO,11.4.2026 8:39:01,,https://www.instagram.com/stories/vutcavaliersbrno/3872825035563996043,,632,,,
vsefalcons,instagram,709fceba-e311-48e7-9057-f54a587abf4a,d0568f9a-cbed-48e4-8729-c86638c2fb49,IG Story,VIDEO,10.2.2026 19:01:02,👊🏼 DEJ SI S KLUKAMA PĚSTIČKU PRO ŠTĚSTÍ,https://www.instagram.com/stories/vsefalcons/3829651570296375737,639,905,,,
vsefalcons,instagram,709fceba-e311-48e7-9057-f54a587abf4a,f54e1e29-a234-4df6-97bc-652c0a24b33c,IG Story,VIDEO,8.4.2026 18:15:33,@___pajer24 drží 🧱,https://www.instagram.com/stories/vsefalcons/3870941377706081897,887,808,,1,
vsefalcons,instagram,709fceba-e311-48e7-9057-f54a587abf4a,32194943-f6b1-4754-930e-059efc1baf6d,IG Reel,VIDEO,9.4.2026 11:47:06,"Tři nebo tisíc je docela rozdíl, ale jak se říká, proti gustu žádný dišputát 🤓 

#vsefalcons",https://www.instagram.com/reel/DW6OFGDCDkv/,,13600,175,10,117
vsefalcons,instagram,709fceba-e311-48e7-9057-f54a587abf4a,ce4a06b2-2b63-4db4-8017-9d3dde70e32f,IG Story,VIDEO,17.2.2026 19:27:52,☄️,https://www.instagram.com/stories/vsefalcons/3834738557093158822,,840,,,1
vsefalcons,instagram,709fceba-e311-48e7-9057-f54a587abf4a,fe6e1ca0-b1f7-4b89-a4e4-de53fdcd23ff,IG Story,VIDEO,3.3.2026 19:22:16,a je tam… 🚀,https://www.instagram.com/stories/vsefalcons/3844882625953559174,974,1471,,,11
vsefalcons,instagram,709fceba-e311-48e7-9057-f54a587abf4a,757c3f5c-e6a7-413b-97ab-4949b52ab9ee,IG Story,VIDEO,9.3.2026 20:43:45,ZAČÍNÁME UŽ V 15:15 🥁,https://www.instagram.com/stories/vsefalcons/3849272201715440094,665,,,,
vsefalcons,instagram,709fceba-e311-48e7-9057-f54a587abf4a,77adeb85-4044-463d-97a1-eaec920fe8bd,IG Story,VIDEO,23.3.2026 20:48:45,kluci potřebujou help ? ? ? MÁME TADY NĚJAKÉHO MACHRA NA MAKRO?,https://www.instagram.com/stories/vsefalcons/3859421629906451809,1161,800,,3,3
vsefalcons,instagram,709fceba-e311-48e7-9057-f54a587abf4a,1ce1284c-8d81-4a40-98ad-2c60d7a2501d,IG Story,VIDEO,17.2.2026 20:37:33,OLYMPIJSKÝ KAHOOT 🤓 mezitřetinový,https://www.instagram.com/stories/vsefalcons/3834773608421981730,612,864,,,2
univerzitnihokej,tiktok,01c88cf9-594f-408e-a45a-95114221acae,993bf1b9-d005-49f1-82f3-f13b0f67b84b,TT Video,VIDEO,21.4.2026 16:21:27,"Jdeš si přebírat medaili, ale prvně se potřebuješ upravit, aby ti to slušelo na fotkách 📸 (ne že by to kluci potřebovali 🤭)",https://www.tiktok.com/@univerzitnihokej/video/7631248419188739350?utm_campaign=tt4d_open_api&utm_source=7348986504397455361,,3799,273,,11
@riderspardubice,facebook,f99ed6c3-17cc-46f4-a32e-d9b0576ce2df,f621fb42-d41a-4f77-a037-b7a23d288784,FB Video,VIDEO,18.3.2026 18:25:55,"Tak co, objeví se Skrypák jako nový bombshell v Love Islandu?😂 A obarví si Kopejda hlavu před play-in?

Přijď 23.3. do Enteria Areny podpořit kluky a hlavně @daniel.skryp a @dominikkopecky_99 ! Je to jejich poslední zápas za Riders!🔥

Lastdance
🗓️ 23.3. v 19:45
📍 v Enteria Arena 
⚔️ proti @united_hk 

Odkaz na vstupenky najdeš v BIU!🎟️ (I se slevičkou!🤭)

#lastdance#riders",https://www.facebook.com/reel/1305268478186717/,216,78,,,
vsefalcons,instagram,709fceba-e311-48e7-9057-f54a587abf4a,194599da-6d52-488c-9943-29cf61ef9954,IG Story,VIDEO,19.4.2026 9:21:25,,https://www.instagram.com/stories/vsefalcons/3878644457134374235,952,1237,,2,7
@riderspardubice,instagram,4d6a67ab-9313-4f77-a82e-abb18adbca5d,3770e3f7-8ad2-4fdd-a9b3-b451c68f5f32,IG Story,VIDEO,10.4.2026 7:58:55,V NEDĚLI MÁME JEŠTĚ  ŠANCIII 🔥,https://www.instagram.com/stories/riderspardubice/3872080641655590527,,588,,,1
@univerzitnihokej,facebook,01b45180-0b14-4a14-96e8-d0a4bab1fb9f,3f4c5d66-f6b8-42d4-a667-cf356bf1b7fc,FB Video,VIDEO,2.4.2026 15:11:32,,https://www.facebook.com/reel/26237112079292465/,2592,1411,7,,
vsefalcons,instagram,709fceba-e311-48e7-9057-f54a587abf4a,482f4511-0dec-448c-b01f-b4e5e982aee6,IG Story,VIDEO,10.2.2026 18:50:32,DNES U VSTUPU SI MŮŽETE ✏️ VSADIT,https://www.instagram.com/stories/vsefalcons/3829646293274750914,652,860,,,1
@bitvaoprahu,facebook,75e0f41f-82be-4f82-a77b-82ac11135ed2,6fa84223-afb6-49c1-b3c6-296213f1dc88,FB Video,VIDEO,11.3.2026 17:02:46,"Nudnej kariérní spot was never an option. Kariéra v Kauflandu is very much an option.

Plnou verzi si dejte tady: https://youtu.be/CBHBSXT36dY?is=hct7-wxzOZG9dkcP 

#kauflandcesko #teamkaufland",https://www.facebook.com/reel/789559020877200/,288,86,,,
@cvutengineers,instagram,11963a07-7f0f-48e6-9d81-aa63a7ff4a04,bc041f71-ac88-4d86-b63f-c35421fd4c83,IG Post,IMAGE,8.4.2026 21:15:02,"JSME TAM! FINAL FOUR here we go! 🦁💙🔥

Děkujeme, že jste na týhle šílený cestě byli s náma… vidíme se v Edenu! 🫡

Lístky na finalfour.cz",https://www.instagram.com/p/DW4pxtDDPSh/,,11219,259,,17
vsefalcons,instagram,709fceba-e311-48e7-9057-f54a587abf4a,d93b7a58-7de9-4198-bc80-3a9acf705e85,IG Story,VIDEO,17.2.2026 21:18:18,otáčí 5 minut před koncem 😮‍💨,https://www.instagram.com/stories/vsefalcons/3834794114139336541,606,856,,,
vsefalcons,instagram,709fceba-e311-48e7-9057-f54a587abf4a,1e52587f-3735-4b33-8351-e3c3cabf1b83,IG Story,VIDEO,24.2.2026 18:33:56,🤖,https://www.instagram.com/stories/vsefalcons/3839784804824928823,768,955,,,2
@hcnorthwings,facebook,2b08a479-603b-46e4-8a48-2bc0435ccd53,26b66286-5f9d-48de-a095-4303260aa1a4,FB Post,IMAGE,7.4.2026 17:50:53,"🚨 POZOR 🚨 ACHTUNG 🚨 ATTENTION 🚨
Stále máte možnost se zúčastnit soutěže o 100.000 Kč od generálního partnera univerzitní ligy 💰 viz naše bio a ČSOB

🏒 V rámci FINAL FOUR v Praze 16. a 17. dubna Vás čeká příjemný cashback při platbách kartou od ČSOB 💳 a to se vyplatí 🪙",https://www.facebook.com/1583651910433365/posts/1589629983168891,317,,,,
@bitvaoprahu,instagram,d7c8aa06-74fb-4c6c-a7d2-c2fe1bf6d59c,2ca18007-e758-48a5-84a3-270b59543078,IG Story,VIDEO,22.4.2026 15:34:10,MALÁ VZPOMÍNKA🥹💙,https://www.instagram.com/stories/bitvaoprahu/3881006347605271387,,1244,,,6
@hcmuni,facebook,d1f9e9f9-7526-42d4-85aa-13f91e89f7cf,91f6c694-103a-4343-8b2e-d11b61655513,FB Post,IMAGE,14.3.2026 16:14:46,"Série je zlomena, je to doma! 👊🏻 slavíme vítězství 4:3 v prodloužení🎉🏒

#hcmuni",https://www.facebook.com/1581741777288398/posts/1565369118925664,624,,12,,
@univerzitnihokej,instagram,1e114592-3529-4cfe-9977-2598454053af,a44f3338-a67d-438f-94ab-9243b8fbd690,IG Post,IMAGE,11.4.2026 19:42:40,"Skladba NAVŽDYCKY BLÁZEN se stala skladbou roku 🏆 Gratulujeme @gufrau_official ➕ @10vpoli ➕ @_victorkal_ 🙌🏻 Interpreti se zastavili i u nás na @bitvaoprahu 🔥

📸 @ceny_andel & @bitvaoprahu",https://www.instagram.com/p/DXAOaIHCGh5/,,19483,1155,,22
@univerzitnihokej,facebook,01b45180-0b14-4a14-96e8-d0a4bab1fb9f,d36d552c-60d8-49e4-a758-e8f75fbd9e56,,TEXT,18.4.2026 5:38:15,Králové univerzitní ligy jsou z Karlovky! 🏆,https://www.facebook.com/1275398168115026/posts/1288684480119728,1435,,12,,
vsefalcons,instagram,709fceba-e311-48e7-9057-f54a587abf4a,d8c8de8b-a9fb-4b24-a7cb-277f9c9b31a2,IG Story,VIDEO,22.2.2026 6:41:10,,https://www.instagram.com/stories/vsefalcons/3837976479947090990,,238,,,
@riderspardubice,instagram,4d6a67ab-9313-4f77-a82e-abb18adbca5d,fcc39bd2-1b75-49d5-9481-b2f327061b04,IG Post,IMAGE,13.4.2026 10:12:17,"Hello, překvápko 🎁❤️‍🔥",https://www.instagram.com/p/DXEWk3IjAkO/,,8092,184,1,5
vsefalcons,instagram,709fceba-e311-48e7-9057-f54a587abf4a,693d45d9-0807-4bfa-8701-567640556d21,IG Post,IMAGE,27.3.2026 10:58:28,"PLAY-IN 🟰 jeden zápas, jedna šance 😮‍💨 

V úterý hrajeme o všechno. Buď konec… nebo postup a boj o @unihokejfinalfour 💪🏻 

Potřebujeme naposledy plný hnízdo, který nás dotáhne k vítězství! 🦅

Vstupenky u nás na profilu! 🎟️",https://www.instagram.com/p/DWYqftSCGDi/,,11007,166,,5
vsefalcons,instagram,709fceba-e311-48e7-9057-f54a587abf4a,8e61d0e1-6997-4c41-bcb1-bc7ed6eda81d,IG Story,VIDEO,12.3.2026 17:56:31,,https://www.instagram.com/stories/vsefalcons/3851362449396102998,1371,1089,,,
vsefalcons,instagram,709fceba-e311-48e7-9057-f54a587abf4a,51a8fe04-32ea-4a73-987f-2ed3e60cf417,IG Story,VIDEO,26.1.2026 17:00:40,💨 LETSGOOOO,https://www.instagram.com/stories/vsefalcons/3818719351910476355,,856,,,1
@riderspardubice,instagram,4d6a67ab-9313-4f77-a82e-abb18adbca5d,5fb6c78f-cf06-4a75-9c19-4dc5b4daa9ba,IG Story,VIDEO,17.4.2026 15:41:02,BRANKÁŘSKÉ DUO OPĚT V AKCI @63skorpiz  @radek_bednar_ 🐎,https://www.instagram.com/stories/riderspardubice/3877385941531020395,,1378,,,3
vsefalcons,instagram,709fceba-e311-48e7-9057-f54a587abf4a,620696ee-4a09-41da-a8a2-410ae729891c,IG Story,IMAGE,8.4.2026 19:14:09,0 4 Čech,https://www.instagram.com/stories/vsefalcons/3870970404672136051,875,645,,1,1
@hcmuni,facebook,d1f9e9f9-7526-42d4-85aa-13f91e89f7cf,6e90085c-0bee-4ba5-8fbe-78d7106cecfe,FB Video,VIDEO,15.4.2026 15:51:18,"DÍKY VÁM máme úžasných 42 200Kč pro Honzíka ❤️ Peníze využije na jeho rehabilitace a důležité pomůcky

Kdo by chtěl ještě přispět, odkaz na transparentní účet najdete u nás v biu👆🏻",https://www.facebook.com/reel/1470093451517877/,462,193,1,,
vsefalcons,instagram,709fceba-e311-48e7-9057-f54a587abf4a,8d86ac6b-69a2-4b28-a57b-bbe40ceb8ecf,IG Story,VIDEO,13.4.2026 16:22:27,BOYS ARE BACK IN TOWN ❌ ON ICE,https://www.instagram.com/stories/vsefalcons/3874507877905916241,,840,,,
@riderspardubice,instagram,4d6a67ab-9313-4f77-a82e-abb18adbca5d,d47d2137-4306-42d7-b15b-c03ff73fca20,IG Story,VIDEO,5.4.2026 8:27:03,,https://www.instagram.com/stories/riderspardubice/3868470348090236965,,553,,,
@riderspardubice,instagram,4d6a67ab-9313-4f77-a82e-abb18adbca5d,7617845b-8842-495f-9b33-298e59003188,IG Story,VIDEO,14.4.2026 16:40:02,,https://www.instagram.com/stories/riderspardubice/3875241464997628658,,417,,,
@univerzitnihokej,facebook,01b45180-0b14-4a14-96e8-d0a4bab1fb9f,bea50336-24df-473c-aa2c-1189795af1c6,FB Post,IMAGE,2.3.2026 9:30:43,"@ukkingsprague mají ve vedoucí pozici výrazný bodový náskok, ale hned za nimi to vypadá ještě na pořádný boj o umístění 🔥 máme se na co těšit! 🙂‍↕️",https://www.facebook.com/1275398168115026/posts/1252018367119673,411,,,,
@univerzitnihokej,instagram,1e114592-3529-4cfe-9977-2598454053af,c2c40601-672a-4ec9-bb6e-a2a5acbc3a4a,IG Story,VIDEO,18.4.2026 10:32:23,,https://www.instagram.com/stories/univerzitnihokej/3877955528030690781,,1106,,,
@univerzitnihokej,instagram,1e114592-3529-4cfe-9977-2598454053af,fd4f47f9-3509-4a93-912c-42cfaed49f28,IG Reel,VIDEO,11.3.2026 18:32:16,MORAVSKÉ DERBY ⚔️ Sledujte živě na @ctsport 📺,https://www.instagram.com/reel/DVwRiJ-iHnE/,,17530,264,,21
@vutcavaliersbrno,instagram,b384bebf-72f3-4f9d-8b2d-3677709f6966,6d50e18c-faf5-4b43-9f87-723f35b4f338,IG Reel,REEL,21.3.2026 12:20:41,Fanoušci mají vždycky pravdu!,https://www.instagram.com/reel/DWJXB4FCCdx/,,8345,85,3,27
univerzitnihokej,tiktok,01c88cf9-594f-408e-a45a-95114221acae,abc3de28-ea77-4271-bff1-0373c249933a,TT Video,VIDEO,9.4.2026 17:28:34,@UK KINGS PRAGUE postupují do Final Four v Edenu! 16.-17. dubna lístky na finalfour.cz 🎟️,https://www.tiktok.com/@univerzitnihokej/video/7626812703058709782?utm_campaign=tt4d_open_api&utm_source=7348986504397455361,,1008,43,,3
@riderspardubice,instagram,4d6a67ab-9313-4f77-a82e-abb18adbca5d,da82ebcb-596a-4ff2-a6fc-7b3e38d29b94,IG Story,VIDEO,8.4.2026 6:19:51,,https://www.instagram.com/stories/riderspardubice/3870580655658919210,,969,,,
@univerzitnihokej,instagram,1e114592-3529-4cfe-9977-2598454053af,362c3305-191d-4e11-b45c-4320c605d58f,IG Story,VIDEO,18.4.2026 10:25:14,,https://www.instagram.com/stories/univerzitnihokej/3877951924033031101,,1211,,,
vsefalcons,instagram,709fceba-e311-48e7-9057-f54a587abf4a,cb6099d0-fe2d-48ec-9183-6ac8591130fe,IG Story,IMAGE,14.3.2026 18:12:39,3 3,https://www.instagram.com/stories/vsefalcons/3852820035425316337,750,626,,,