account_name,social_network_id,carl_account_id,carl_post_id,post_type,media_url_type,published,caption,permalink,impressions,views,likes,comments,shares
vsefalcons,instagram,709fceba-e311-48e7-9057-f54a587abf4a,06d62636-c6f5-4471-8df9-d3f481001659,IG Story,VIDEO,17.2.2026 19:49:43,1. TŘETINA,https://www.instagram.com/stories/vsefalcons/3834749490217671686,619,754,,,
@univerzitnihokej,instagram,1e114592-3529-4cfe-9977-2598454053af,3fa5a6e2-557d-49dd-8719-19d244398281,IG Post,IMAGE,8.3.2026 17:25:28,"Fuha, to byl týden 😮‍💨 Pro některé týmy obzvlášť ziskový, Engineers a Black Dogs si připsali rovnou 6 bodů. 🙌🏼",https://www.instagram.com/p/DVobrh1iOvT/,,3051,69,,2
vsefalcons,instagram,709fceba-e311-48e7-9057-f54a587abf4a,788582a2-c948-40d2-af6a-b245ebbe3555,IG Story,VIDEO,21.4.2026 18:25:21,ZÍTRA SE VIDÍME NA JAROVĚ! 👋🏼,https://www.instagram.com/stories/vsefalcons/3880367777160668977,858,656,,,3
@cvutengineers,instagram,11963a07-7f0f-48e6-9d81-aa63a7ff4a04,d073f8b2-8845-4f6c-acbb-a04bf341fc81,IG Post,IMAGE,16.4.2026 21:23:04,"1/2 To nejdůležitější nás ještě čeká ✨

17.4. 
Zimní stadion Eden 
ENG vs. UK
Finále ULLH",https://www.instagram.com/p/DXNRunBDJKx/,,2141,104,,1
vsefalcons,instagram,709fceba-e311-48e7-9057-f54a587abf4a,db98ecc2-763b-48df-a9df-9ef80fdc450b,IG Story,VIDEO,3.2.2026 19:50:57,@hcnorthwings 🌬️ severní vítr do prahy dovezl sníh,https://www.instagram.com/stories/vsefalcons/3824603280693554983,,1778,,,2
@cvutengineers,instagram,11963a07-7f0f-48e6-9d81-aa63a7ff4a04,f3cd427e-eff1-4251-9fce-6e95f412d686,IG Post,IMAGE,1.4.2026 19:57:32,"Jdeme na Riders! 🐎
Soupeře pro play-in už známe, teď jde opravdu o všechno. 
Buďte u toho s námi 🔥. Let’s go ENGINEERS🦁.

#engprg #srdcelva",https://www.instagram.com/p/DWmebd7DAFL/,,10495,176,,49
@riderspardubice,facebook,f99ed6c3-17cc-46f4-a32e-d9b0576ce2df,f91c3366-6857-49b9-a933-a40c8ee38317,FB Video,VIDEO,6.4.2026 19:22:09,"V úterý @hcpce, ve středu my! 🏒
Hockeytown 🔥",https://www.facebook.com/reel/1253702206965614/,911,329,4,,
@cvutengineers,instagram,11963a07-7f0f-48e6-9d81-aa63a7ff4a04,1e62bda2-1261-416c-b4e5-3c761a0b52f1,IG Post,IMAGE,5.3.2026 19:28:41,"Kdo nepřišel, o hodně přišel 🤓 S Hradcem to bylo drama až do konce, ale o to líp to vítězství chutná 🤤

📸: @ondra_mann

#srdcelva #engprg",https://www.instagram.com/p/DVg7Zb4jJXd/,,6744,163,,3
@akademiciplzen,instagram,65494228-95bf-4f7b-8e68-d47d7262db66,29680abc-02bc-4122-a7b3-9cfa7cfbde67,IG Story,VIDEO,1.4.2026 19:13:53,GOOOOOOL! vyrovnáno!,https://www.instagram.com/stories/akademiciplzen/3865896822913113973,,1066,,,
vsefalcons,instagram,709fceba-e311-48e7-9057-f54a587abf4a,2fa8d8b8-d319-43e6-b190-c382bdec876f,IG Reel,VIDEO,8.1.2026 16:10:11,akorát že vůbec 😶‍🌫️,https://www.instagram.com/reel/DTQYFjfCG8D/,,20511,258,5,43
@akademiciplzen,instagram,65494228-95bf-4f7b-8e68-d47d7262db66,3a86626c-df6a-40d5-b631-72a4f66d5b78,IG Story,VIDEO,1.4.2026 16:47:14,,https://www.instagram.com/stories/akademiciplzen/3865823002340643151,,,,,
@univerzitnihokej,instagram,1e114592-3529-4cfe-9977-2598454053af,5b400470-5cf0-4fd4-af32-da017a9d3623,IG Story,VIDEO,8.4.2026 18:46:38,A KOMU FANDÍŠ TY? 🤔,https://www.instagram.com/stories/univerzitnihokej/3870956541616630210,,757,,,
@univerzitnihokej,instagram,1e114592-3529-4cfe-9977-2598454053af,ce947262-6d1b-42f1-a0a9-00b993c40f64,IG Story,VIDEO,8.4.2026 18:27:52,4 2,https://www.instagram.com/stories/univerzitnihokej/3870947087286297048,,745,,,
vsefalcons,instagram,709fceba-e311-48e7-9057-f54a587abf4a,ff0026c9-4816-471d-b724-44ff38a67f78,IG Story,VIDEO,13.3.2026 16:20:29,,https://www.instagram.com/stories/vsefalcons/3852038805368879881,878,839,,,2
@hcnorthwings,facebook,2b08a479-603b-46e4-8a48-2bc0435ccd53,36059bd6-d46c-44bb-8c72-1dba6c731e9a,FB Story,VIDEO,2.3.2026 18:32:52,,,,,,,
@univerzitnihokej,instagram,1e114592-3529-4cfe-9977-2598454053af,7d987f16-f322-495a-8224-3947ab8d9b95,IG Post,IMAGE,12.3.2026 10:55:34,Pražský den D je tady! Kdo dnes urve bronz na @bitvaoprahu ? 🫨,https://www.instagram.com/p/DVyB-skCIvi/,,11474,160,1,42
vsefalcons,instagram,709fceba-e311-48e7-9057-f54a587abf4a,919ccaf0-6adb-44e0-b929-9d4830e04019,IG Story,VIDEO,8.4.2026 17:25:38,nezahálel a rázem přidává další,https://www.instagram.com/stories/vsefalcons/3870915827516054369,896,826,,,3
@riderspardubice,instagram,4d6a67ab-9313-4f77-a82e-abb18adbca5d,b403fd7b-620a-4d9b-bea9-469cf0682bc2,IG Story,VIDEO,17.4.2026 15:07:32,NOVOTNÝ,https://www.instagram.com/stories/riderspardubice/3877369151623030646,,923,,,
@univerzitnihokej,facebook,01b45180-0b14-4a14-96e8-d0a4bab1fb9f,c1fdb243-8ca7-41d9-b7de-2652358e270d,FB Post,IMAGE,28.3.2026 19:14:06,Poslední semifinálový duel vypukne v Plzni 🔥 Farmers se ve vyřazovací části vrátí zpět na půdu Akademiků 🔙,https://www.facebook.com/1275398168115026/posts/1272792498375593,1320,,1,,
@bitvaoprahu,instagram,d7c8aa06-74fb-4c6c-a7d2-c2fe1bf6d59c,f94754f8-474f-4f8d-b6e3-ef001a5db666,IG Post,IMAGE,12.3.2026 9:00:52,"Nevíš co na sebe? 😔 Teď už jo! Obleč se do barev tvojí univerzity ať všichni ví, komu fandíš 🫡

Tak co, bude to červená❤️, modrá💙, zelená💚 nebo bílá🤍? 

Finálový večer Bitva o Prahu 🏒
Poslední lístky 👉🏼 bitvaoprahu.cz🎟️",https://www.instagram.com/p/DVx1FYgDEKM/,,11141,251,,74
@bitvaoprahu,facebook,75e0f41f-82be-4f82-a77b-82ac11135ed2,fdd21ef5-f76b-4e37-b99f-89b5193a49b0,FB Video,VIDEO,12.3.2026 17:51:48,"🚨 POD VÍKO A PÁTÁ ODBYLA! 🖐🏼

Falcons odskakují do vedení! ➡️ Živě na @sport_ct ➕.",https://www.facebook.com/reel/1475194137284777/,1227,563,4,,
vsefalcons,instagram,709fceba-e311-48e7-9057-f54a587abf4a,2f260989-01e3-450c-81ca-85d544f24608,IG Story,VIDEO,17.3.2026 9:01:10,,https://www.instagram.com/stories/vsefalcons/3854716794661566960,987,1228,,,
@hc_muni,instagram,43cd62c8-609d-4ea6-8ce9-cae5242ede0c,3162ce63-3b47-44c4-be1b-a1549e28f634,IG Story,VIDEO,11.4.2026 21:18:56,,https://www.instagram.com/stories/hc_muni/3873207587546518660,,209,,,
vsefalcons,instagram,709fceba-e311-48e7-9057-f54a587abf4a,3ebde160-fba7-4103-a2c5-35c92b45bad5,IG Story,VIDEO,28.3.2026 19:27:26,PLAY-IN MODE trénujeme i v sobotu 🫡 🔥,https://www.instagram.com/stories/vsefalcons/3863004569320044403,819,646,,,3
vsefalcons,instagram,709fceba-e311-48e7-9057-f54a587abf4a,819d4d1f-a82b-432d-8463-ea5437ffd55c,IG Story,VIDEO,31.3.2026 15:05:00,🤖 🦾 🦿,https://www.instagram.com/stories/vsefalcons/3865046788109541709,1040,944,,,2
@riderspardubice,instagram,4d6a67ab-9313-4f77-a82e-abb18adbca5d,ea36792d-74ce-490e-9f88-4a43a2894d9c,IG Story,IMAGE,17.4.2026 21:47:26,,https://www.instagram.com/stories/riderspardubice/3877570507734577739,,495,,,
@hc_muni,instagram,43cd62c8-609d-4ea6-8ce9-cae5242ede0c,f1da025a-6148-4da8-a042-5cb0cf659bdc,IG Post,IMAGE,16.3.2026 8:42:43,"Ve středu v 19:30 jdeme znovu do boje! 🔥
Přijď nás podpořit na Lužánky a pomoct vytvořit skvělou atmosféru! 🐻💙

Lístky koupíš u nás v biu 🎟️

#hcmuni",https://www.instagram.com/p/DV8Fk60jIdL/,,3606,48,,2
@united_hk,instagram,b18c071b-0570-48b2-b743-990c668c3c5b,3c614286-9e1c-42e8-af54-5331650daedc,IG Story,VIDEO,15.4.2026 12:53:52,,https://www.instagram.com/stories/united_hk/3875852413181657502,,510,,,3
@riderspardubice,facebook,f99ed6c3-17cc-46f4-a32e-d9b0576ce2df,d7de6c70-ca9d-4ecd-bffc-bb72762a9323,FB Post,IMAGE,10.3.2026 19:51:35,"Další venkovní zápas!🤩

Venkovní zápas
🗓️ 17.3. v 19:30
📍 v RT Torax Arena 
⚔️ proti @boostrava 

#venkovnízápas#riders",https://www.facebook.com/1592662819534019/posts/1572927184840916,157,,1,,
vsefalcons,instagram,709fceba-e311-48e7-9057-f54a587abf4a,ea6aa820-c9a4-4148-8e6b-ba7c7164a90f,IG Story,VIDEO,3.2.2026 20:59:02,LUKÁŠ NOVÁK 💥,https://www.instagram.com/stories/vsefalcons/3824637567048408862,,1417,,,2
@bitvaoprahu,facebook,75e0f41f-82be-4f82-a77b-82ac11135ed2,5d2de9ab-7185-47db-8787-971c05771592,FB Post,IMAGE,10.4.2026 13:38:05,"Bitva o Prahu v Edenu?! 🫨

Už příští týden se odehraje Final Four, kde čtyři nejlepší týmy budou bojovat o titul mistra 🏆 a rovnou tři z nich dobře znáte 😏

Ať už jsi fanoušek Falcons, Kings nebo Engineers, pojď podpořit svůj tým na nejdůležitější akci sezóny 🔥

Lístky v prodeji na finalfour.cz 🎟️",https://www.facebook.com/1441262177797849/posts/1443789917545075,252,,4,,
vsefalcons,instagram,709fceba-e311-48e7-9057-f54a587abf4a,6e051317-ba77-4913-af9b-ed464f7730a7,IG Story,VIDEO,15.4.2026 8:57:58,JEŠTĚ NEVÍŠ CO SI VZÍT ZÍTRA NA SEBE? TOHLE POŘÍDÍŠ I NA MÍSTĚ 🤩,https://www.instagram.com/stories/vsefalcons/3875733668258157170,749,837,,,4
@vutcavaliersbrno,instagram,b384bebf-72f3-4f9d-8b2d-3677709f6966,a01e8f84-7455-49c7-857e-97c4495c5923,IG Story,VIDEO,31.3.2026 21:02:24,,https://www.instagram.com/stories/vutcavaliersbrno/3865226655702771549,,283,,,
@AkademiciPlzen,facebook,d87b94e3-03e8-45d0-b92e-75e9b819545c,a618d825-fbba-4fcd-b859-5966186a6214,FB Post,IMAGE,6.3.2026 19:48:29,"Jarní bitva už je minulostí! 💥 

Slavnostní buly nám vhodil maskot Olympiády dětí a mládeže, která se uskuteční 24.-28. 1. 2027 u nás v Plzeňském kraji! 🏆

#akademiciplzen 💙 | 📸 @vpotocesevodatoci @novotny_studio.cz",https://www.facebook.com/1357105236437494/posts/1336284845186200,416,,4,,
vsefalcons,instagram,709fceba-e311-48e7-9057-f54a587abf4a,bfa858b8-bd45-428b-b321-304b0598c4eb,IG Reel,VIDEO,3.3.2026 19:15:13,Tenhle gól byl doslova perfektní a nádhernej 🤤🤤,https://www.instagram.com/reel/DVbwJP4CGlR/,,5119,92,,1
@univerzitnihokej,instagram,1e114592-3529-4cfe-9977-2598454053af,050a51df-b637-47c1-8fd0-283276a38840,IG Reel,VIDEO,6.3.2026 19:24:30,"Final Four sem, Final Four tam…
Ale kdo ho vlastně bude hrát? 🤔 Ondra vám hezky ve videu ukáže, jak se týmy dostanou mezi nejlepší čtyřku. 👆🏻
🗓️16.-17. duben | 🏟️ Zimní stadion Eden",https://www.instagram.com/reel/DVjfY8OiCYM/,,16131,364,2,106
@riderspardubice,instagram,4d6a67ab-9313-4f77-a82e-abb18adbca5d,5e5963f6-2181-432f-8b2a-c1e4be126ec8,IG Post,IMAGE,9.3.2026 22:29:31,"Dnes se zadařilo!🥳 Sice po prodloužení, ale 2 další body jsou doma!",https://www.instagram.com/p/DVrjEv1jG_5/,,2906,62,,3
@riderspardubice,instagram,4d6a67ab-9313-4f77-a82e-abb18adbca5d,9fecef2d-9134-4539-804a-32658dde6ca7,IG Post,IMAGE,15.3.2026 16:51:40,"V pondělí 23. března se uvidíme v letošní sezoně naposledy na domácím ledě! 👋🤩

Vstupenky koupíš přes odkaz v BIU! 🎟️",https://www.instagram.com/p/DV6ZYD4jIE2/,,2608,73,,7
@riderspardubice,facebook,f99ed6c3-17cc-46f4-a32e-d9b0576ce2df,a0e51f0f-6a8b-420b-82ed-453d42bd36a7,FB Post,IMAGE,24.3.2026 2:39:44,Dnes bohužel prohra.,https://www.facebook.com/1592662819534019/posts/1585033786963589,187,,,,
@engineersprague,facebook,afd06d1d-7b1c-4f66-8d93-ce4255ab773c,d38d2bd3-8f96-4589-9e69-5f21ea9eda5b,FB Story,IMAGE,12.3.2026 21:31:24,,,,,,,
@vutcavaliersbrno,instagram,b384bebf-72f3-4f9d-8b2d-3677709f6966,3e77b39f-9639-471f-a095-de1a4751fb57,IG Reel,VIDEO,16.3.2026 8:21:35,Hattrick @jerabekdmnk ze sobotního utkání proti VŠE Falcons Prague 👈,https://www.instagram.com/reel/DV8DtTtCO_j/,,5968,138,1,13
@riderspardubice,instagram,4d6a67ab-9313-4f77-a82e-abb18adbca5d,563e1b8f-5be4-436c-a674-e9c38a84d587,IG Story,VIDEO,14.4.2026 6:31:11,,https://www.instagram.com/stories/riderspardubice/3874935015415249706,,652,,,
@bitvaoprahu,instagram,d7c8aa06-74fb-4c6c-a7d2-c2fe1bf6d59c,deee6b77-1b95-4265-83f3-ce6c907b711d,IG Reel,VIDEO,12.3.2026 17:51:32,"🚨 POD VÍKO A PÁTÁ ODBYLA! 🖐🏼

Falcons odskakují do vedení! ➡️ Živě na @sport_ct ➕.",https://www.instagram.com/reel/DVyxK8yDMsV/,,16392,278,,15
@univerzitnihokej,instagram,1e114592-3529-4cfe-9977-2598454053af,e325fbba-ad2f-4c87-a06b-7424ad82654f,IG Post,IMAGE,15.3.2026 18:56:21,"Další dva TOP zápasy máme za sebou a dokonce už známe vítěze letošní základní části 💪🏼 play-in a @unihokejfinalfour se pomalu blíží, jste ready? 😎",https://www.instagram.com/p/DV6nA36CNyu/,,4321,93,,3
@riderspardubice,facebook,f99ed6c3-17cc-46f4-a32e-d9b0576ce2df,4b3a33e3-f831-4d8e-a3b0-73fe3b21cec7,FB Video,VIDEO,16.4.2026 14:34:43,,https://www.facebook.com/reel/952393037372708/,775,245,10,,
@bitvaoprahu,instagram,d7c8aa06-74fb-4c6c-a7d2-c2fe1bf6d59c,73db16a7-1d4e-43d8-8332-afbbcfb48753,IG Post,IMAGE,9.3.2026 8:36:10,"Jídlo a pití zdarma po celou dobu akce, ten nejlepší výhled a afterparty jako bonus? 🫨 To všechno může být ve čtvrtek tvoje, stačí se zapojit do soutěže!

PODMÍNKY:
1) označ do komentáře kámoše, kterýho chceš jako svýho VIP parťáka 🤝🏼
2) sleduj profil @bitvaoprahu 👈🏼

Soutěž probíhá do středy 10:00. Hodně štěstí! 🍀",https://www.instagram.com/p/DVqBtpxjKsE/,,21866,366,332,44
@akademiciplzen,instagram,65494228-95bf-4f7b-8e68-d47d7262db66,08d836be-8680-4b7f-b19e-4a41e349b84f,IG Story,VIDEO,7.4.2026 17:44:02,VIDÍTE TO TAKY? 😯 @beerik09 🤝🏻 @tomas_ceperko,https://www.instagram.com/stories/akademiciplzen/3870200345054164727,,2285,,,3
univerzitnihokej,tiktok,01c88cf9-594f-408e-a45a-95114221acae,836c53cb-6d87-4078-801a-3b9ed7a21f82,TT Video,VIDEO,16.4.2026 15:03:29,Příchod ve velkém stylu! 🔥,https://www.tiktok.com/@univerzitnihokej/video/7629372902089002242?utm_campaign=tt4d_open_api&utm_source=7348986504397455361,,753,73,1,
vsefalcons,instagram,709fceba-e311-48e7-9057-f54a587abf4a,8f5c480d-1f4b-419d-9a28-7eeecd7d1f11,IG Story,VIDEO,3.3.2026 23:29:15,"Jakub
HROUDA 🎙️",https://www.instagram.com/stories/vsefalcons/3845006955433741157,948,948,,2,5
@unitedhk,facebook,bfe6cc29-a387-41b9-9bca-b077722556af,c4e5703f-1dea-4fd1-b111-562877d10675,FB Post,PHOTO,31.3.2026 7:51:58,"🔥 Dnes začíná bitva o Final Four.

PLAY-IN.

Jeden zápas, který rozhodne všechno.

Vyhraješ a zůstáváš ve hře.
Prohraješ a sezóna končí.

Dnes jdeme ALL IN.

Drž nám palce.🖤🧡

#unitedhk #unihokej #uhk #hradeckralove",https://www.facebook.com/122180651084388974/posts/122180091506388974,273,,5,,
@hcnorthwings,facebook,2b08a479-603b-46e4-8a48-2bc0435ccd53,49ced60f-c3a3-4f80-8c65-39d071c70d44,FB Story,VIDEO,4.3.2026 16:14:09,,,,,,,
vsefalcons,instagram,709fceba-e311-48e7-9057-f54a587abf4a,5e30b30b-7b1f-4df5-85e8-10b2db2a1a7d,IG Story,IMAGE,3.2.2026 19:34:54,1 0  Hamršmíd,https://www.instagram.com/stories/vsefalcons/3824595180183887805,,917,,,
@vutcavaliersbrno,instagram,b384bebf-72f3-4f9d-8b2d-3677709f6966,6edab800-dfd5-4751-bc20-3c41f7c50f36,IG Post,IMAGE,5.3.2026 10:44:54,"Fotoreport ze včerejšího utkání proti @boostrava 🏒👊🏽

📸 @vladisek

#unihokej #vutbrno #vutcavaliersbrno #boostrava",https://www.instagram.com/p/DVf_dDsiOe5/,,3173,92,1,5
vsefalcons,instagram,709fceba-e311-48e7-9057-f54a587abf4a,9e999e2f-a864-4905-aefb-9ab289256e4e,IG Story,IMAGE,10.3.2026 23:31:01,🩵,https://www.instagram.com/stories/vsefalcons/3850081195421923792,765,152,,,
@riderspardubice,instagram,4d6a67ab-9313-4f77-a82e-abb18adbca5d,c04c7b9a-df8d-4757-9052-2ab281704990,IG Story,VIDEO,17.4.2026 14:56:42,,https://www.instagram.com/stories/riderspardubice/3877363600335891876,,941,,,
@engineersprague,facebook,afd06d1d-7b1c-4f66-8d93-ce4255ab773c,d46420ef-d7f2-46be-b565-d26a9c0816a7,FB Story,VIDEO,12.3.2026 20:47:38,,,,,,,
vsefalcons,instagram,709fceba-e311-48e7-9057-f54a587abf4a,6a1e3d67-f60e-42a4-8dce-6ced95c3d9a7,IG Story,VIDEO,2.3.2026 18:40:36,,https://www.instagram.com/stories/vsefalcons/3844136789179115115,644,828,,,1
@riderspardubice,facebook,f99ed6c3-17cc-46f4-a32e-d9b0576ce2df,94f8c557-06a0-4401-8493-90e29638a8f5,FB Post,IMAGE,17.3.2026 21:47:52,Dnes povedený zápas v Ostravě! Odvážíme si do Pardubic 3 body!💪🏼,https://www.facebook.com/1592662819534019/posts/1579141367552831,137,,4,,
vsefalcons,instagram,709fceba-e311-48e7-9057-f54a587abf4a,d18dd584-e724-4bb2-b6af-1bada6d026da,IG Reel,VIDEO,17.2.2026 7:33:17,"GAMEDAY 🚨
První den ve škole? Splněno.
Teď si zasloužíš odměnu. 🔥

Doraz na hokej a vypni hlavu. Odkaz na lístky v biu👆🏻",https://www.instagram.com/reel/DU2cebACNOT/,,4428,66,,5
@united_hk,instagram,b18c071b-0570-48b2-b743-990c668c3c5b,2a7c57ed-bfb0-4df2-9f80-aa42f713782f,IG Story,VIDEO,21.4.2026 11:44:53,,https://www.instagram.com/stories/united_hk/3880166178266030427,,849,,,3
vsefalcons,instagram,709fceba-e311-48e7-9057-f54a587abf4a,321e97ff-e663-43aa-8d83-e6791b19be95,IG Story,VIDEO,24.3.2026 16:16:13,BUSTED Na cestách jedině do @kfc_cz 👀 🕵🏻‍♂️,https://www.instagram.com/stories/vsefalcons/3860009210507489737,978,1153,,,5
vsefalcons,instagram,709fceba-e311-48e7-9057-f54a587abf4a,35ff69ba-39df-4725-94bb-56d06224a9ce,IG Post,IMAGE,11.2.2026 8:15:39,"Nový semestr je za dveřmi a s ním i série našich domácích zápasů, na které si teď můžeš pořídit balíček s pořádnou slevičkou 🥳
Čeká tě spoustu zábavných aktivit, soutěží a vypjatých utkání, protože konec základní části se blíží 🥶

Balíček pořídíš přes odkaz na profilu.
Akce platí do 17. února.",https://www.instagram.com/p/DUnDHigCI8i/,,8956,72,,33
vsefalcons,instagram,709fceba-e311-48e7-9057-f54a587abf4a,47e5c520-6562-4acf-932a-75a7c2d34a78,IG Story,VIDEO,6.3.2026 19:00:44,,https://www.instagram.com/stories/vsefalcons/3847046026020577272,,751,,,2
@AkademiciPlzen,facebook,d87b94e3-03e8-45d0-b92e-75e9b819545c,99ae9bc3-928c-4c25-b4ea-10e0adf35895,FB Post,IMAGE,20.4.2026 12:52:11,"POV: máš přístup do alba „oblíbené“ v galeriích našich hráčů 👀📸💙 

#akademiciplzen",https://www.facebook.com/1357105236437494/posts/1372565521558132,957,,7,,
@riderspardubice,facebook,f99ed6c3-17cc-46f4-a32e-d9b0576ce2df,7fe47f77-8ae0-4492-bd0f-f4d3bff7b07e,FB Video,VIDEO,12.4.2026 15:17:18,Tenhle moment nezapomeneme! 🫶,https://www.facebook.com/reel/962669956136599/,5110,2993,47,,
vsefalcons,instagram,709fceba-e311-48e7-9057-f54a587abf4a,5ddd5d90-070f-48ff-9c29-2edcd91cd034,IG Story,VIDEO,10.3.2026 18:39:15,@fn0026 🔍,https://www.instagram.com/stories/vsefalcons/3849934344802584456,1237,,,,1
@vutcavaliersbrno,instagram,b384bebf-72f3-4f9d-8b2d-3677709f6966,a5da2428-1869-403c-afc8-ef13bdab2596,IG Post,PHOTO,26.3.2026 9:54:28,"VRCHOL SEZONY JE TADY 🔥 
Do Play-in postupujeme z 10. místa a příští týden se utkáme s @blackdogsbudweis_vste, kteří se po základní části umístili na 3. místě 👈
Jeden zápas, který vše rozhodne 🏒",https://www.instagram.com/p/DWV4ko0CLW4/,,3609,88,,6
vsefalcons,instagram,709fceba-e311-48e7-9057-f54a587abf4a,b14944b7-2557-4099-986a-aa0335437e73,IG Story,VIDEO,18.2.2026 7:55:16,,https://www.instagram.com/stories/vsefalcons/3835114677101698029,574,574,,,
vsefalcons,instagram,709fceba-e311-48e7-9057-f54a587abf4a,0faae83d-61f1-4285-8683-2ca8d8d7a538,IG Story,VIDEO,14.1.2026 9:06:23,@fanda_david,https://www.instagram.com/stories/vsefalcons/3809783330875419633,,841,,,14
@akademiciplzen,instagram,65494228-95bf-4f7b-8e68-d47d7262db66,81df8de5-4c0d-4c02-98b8-955786847f0d,IG Post,IMAGE,7.3.2026 19:56:36,"O Afterparty Jarní bitvy se bude mluvit ještě hodně dlouho… 🧨🪩
Kdo byl, ví. Kdo nebyl, příště nesmí chybět!

#akademiciplzen | 📸 @vpotocesevodatoci",https://www.instagram.com/p/DVmILlTDOFW/,,22812,478,,87
@united_hk,instagram,b18c071b-0570-48b2-b743-990c668c3c5b,ebe7c071-15bd-471c-8ab5-b43a086ad5db,IG Post,IMAGE,9.3.2026 16:48:00,"🎂 Narozeniny – Jirka Šrámek

Náš hráč Jirka Šrámek dnes slaví narozeniny.

Všechno nejlepší, Jirko! 🎂
Užij si to.

🖤🧡",https://www.instagram.com/p/DVq8L_3CKtK/,,2039,38,,2
@univerzitnihokej,instagram,1e114592-3529-4cfe-9977-2598454053af,4633d5e0-aca9-44f4-9c4d-7bb233eb28bb,IG Story,VIDEO,11.4.2026 15:21:45,,https://www.instagram.com/stories/univerzitnihokej/3873027736000302210,,805,,,2
vsefalcons,instagram,709fceba-e311-48e7-9057-f54a587abf4a,16158a66-d82c-4521-b50f-a9a7f0c879e6,IG Story,IMAGE,13.3.2026 16:53:02,,https://www.instagram.com/stories/vsefalcons/3852055182590925042,852,872,,,5
@bitvaoprahu,instagram,d7c8aa06-74fb-4c6c-a7d2-c2fe1bf6d59c,bdc2be10-5a9d-442f-8184-6eae5478d113,IG Reel,VIDEO,9.3.2026 17:02:01,"I tuhle písničku si společně zazpíváme už ve čtvrtek! 🗣️

Lístky na bitvaoprahu.cz 🎟️",https://www.instagram.com/reel/DVq9pqkiF3-/,,75572,2474,11,478
@cvutengineers,instagram,11963a07-7f0f-48e6-9d81-aa63a7ff4a04,f4a16f7c-a17a-4a92-b109-e3f4d923496e,IG Story,VIDEO,17.4.2026 22:55:53,,https://www.instagram.com/stories/cvutengineers/3877604809767685897,,970,,,
vsefalcons,instagram,709fceba-e311-48e7-9057-f54a587abf4a,6783c27c-a7f1-4149-8122-499ce770d319,IG Story,VIDEO,12.3.2026 16:13:09,🎯,https://www.instagram.com/stories/vsefalcons/3851310381255927730,1423,1304,,,
@riderspardubice,facebook,f99ed6c3-17cc-46f4-a32e-d9b0576ce2df,0f83188f-6436-4f0b-bb77-87be7f95a00c,FB Post,IMAGE,17.4.2026 11:57:08,"Napiš do komentáře svého nejoblíbenějšího hráče a my vylosujeme dva z vás, kteří vyhrají vstupenky na dnešní FF! 🥉",https://www.facebook.com/1592662819534019/posts/1607223468077954,241,,2,,
vsefalcons,instagram,709fceba-e311-48e7-9057-f54a587abf4a,19b7c9be-75de-4623-aedd-2306da71df05,IG Reel,VIDEO,3.2.2026 22:25:01,zlepšení nálady po minulém týdnu 🎉,https://www.instagram.com/reel/DUT_oC-iCEn/,,3568,104,,1
vsefalcons,instagram,709fceba-e311-48e7-9057-f54a587abf4a,7fce158a-8e00-4b76-a3c6-dbe57f478393,IG Story,VIDEO,15.2.2026 10:59:33,,https://www.instagram.com/stories/vsefalcons/3833033105900842111,681,841,,,
@univerzitnihokej,facebook,01b45180-0b14-4a14-96e8-d0a4bab1fb9f,ee82b4bc-039f-40ab-add7-1f4fc0881c5c,FB Post,IMAGE,8.4.2026 11:02:11,"Studentský život v kapse 📱 Seznam se s apkou @unilifecz 🚀

Zápasy, eventy ve městě a výhody, který nechceš minout. Tak stahuj aplikaci do svého telefonu! 📲",https://www.facebook.com/1275398168115026/posts/1281129584208551,306,,1,,
@vutcavaliersbrno,instagram,b384bebf-72f3-4f9d-8b2d-3677709f6966,4bce0514-46a7-49e4-9978-16df139e5a12,IG Story,VIDEO,1.4.2026 16:45:47,V Budějovicích domáci prostředí ☺️,https://www.instagram.com/stories/vutcavaliersbrno/3865822273965926213,,555,,,
@bitvaoprahu,facebook,75e0f41f-82be-4f82-a77b-82ac11135ed2,527172df-c449-4880-beb2-aa72743bbb75,FB Post,IMAGE,11.3.2026 11:00:11,VŠE Falcons fans... JSTE READY?! 🦅,https://www.facebook.com/1441262177797849/posts/1418948013362599,206,,,,
@univerzitnihokej,instagram,1e114592-3529-4cfe-9977-2598454053af,b4116232-477a-4f35-843c-0fbb501d7c0c,IG Reel,VIDEO,18.3.2026 17:35:52,"K hokeji to pivo prostě patří. 😎
A na unihokeji? Jedině @pivoproud 🍻",https://www.instagram.com/reel/DWCMTiyCHkJ/,,5133,61,1,
@AkademiciPlzen,facebook,d87b94e3-03e8-45d0-b92e-75e9b819545c,dc87a36f-1f4d-4978-ba4c-f676b3016703,FB Video,VIDEO,28.3.2026 12:30:03,"Tak co, užili jste si Jarní bitvu? 👀🔥
Protože to nejdůležitější teprve přichází…

Už 1. 4. nás čeká poslední domácí zápas sezony, kterým zároveň odstartujeme vyřazovací část soutěže. Buď u toho s námi a vytvořme doma vítěznou atmosféru! 💙

🎟️ Lístky najdeš v odkaze v biu nebo na
akademiciplzen.enigoo.cz

#akademiciplzen | 🎥 @yzproduction.cz",https://www.facebook.com/reel/2212279562641168/,431,185,2,,
@bitvaoprahu,instagram,d7c8aa06-74fb-4c6c-a7d2-c2fe1bf6d59c,c7d4361a-f932-49a3-945b-93a992e1a307,IG Post,PHOTO,13.3.2026 18:27:44,"📣 Speakeři na @univerzitnihokej >>> 🗣️🗣️

Jsi stejného názoru? 👀 #bitvaoprahu",https://www.instagram.com/p/DV1algxjPob/,,51341,1423,6,428
@united_hk,instagram,b18c071b-0570-48b2-b743-990c668c3c5b,eba0731d-2ac7-4f43-af0f-8b5c1ab3f751,IG Story,VIDEO,9.4.2026 18:31:57,,https://www.instagram.com/stories/united_hk/3871673732720799833,,363,,,
vsefalcons,instagram,709fceba-e311-48e7-9057-f54a587abf4a,2a9ff7ec-4ff4-43ac-9e80-d07da2c2dad3,IG Story,VIDEO,12.3.2026 16:24:51,KOTEL JEDE BOMBY 🥁,https://www.instagram.com/stories/vsefalcons/3851316915302093863,1387,1291,,,7
@cvutengineers,instagram,11963a07-7f0f-48e6-9d81-aa63a7ff4a04,a9bad2e0-d2c1-4695-a744-c55c1c10f018,IG Reel,VIDEO,4.4.2026 12:29:53,"Kdo si s tím podle vás poradil nejlíp? 🤸🏻🦁

#engprg",https://www.instagram.com/reel/DWtbDP3jMPC/,,82822,1396,,67
@bitvaoprahu,instagram,d7c8aa06-74fb-4c6c-a7d2-c2fe1bf6d59c,d07d94af-34ad-486e-ab68-1e6129151b3b,IG Post,IMAGE,12.3.2026 22:41:53,Ideální rande 🟰 Bitva o Prahu?! 😍,https://www.instagram.com/p/DVzSja6DEtI/,,9723,127,,1
vsefalcons,instagram,709fceba-e311-48e7-9057-f54a587abf4a,e4bfd9cf-797c-4948-92ec-32b4618bda66,IG Story,VIDEO,8.4.2026 16:02:22,,https://www.instagram.com/stories/vsefalcons/3870873881481369434,930,852,,,
vsefalcons,instagram,709fceba-e311-48e7-9057-f54a587abf4a,3957588d-b38d-4e75-b18c-49b492c7e657,IG Story,VIDEO,3.2.2026 19:10:39,dnes to bude čistá hra powered by @garnier_czsk 💆🏻‍♂️,https://www.instagram.com/stories/vsefalcons/3824582985094041331,,2380,,,1
vsefalcons,instagram,709fceba-e311-48e7-9057-f54a587abf4a,9d83798a-ffb5-4a6e-b056-5a655ba8e02b,IG Story,VIDEO,10.2.2026 18:45:18,kápo na hanbě,https://www.instagram.com/stories/vsefalcons/3829643659260250601,663,846,,,
vsefalcons,instagram,709fceba-e311-48e7-9057-f54a587abf4a,a1d1491a-4720-46ba-80d2-c72c66ad7485,IG Story,VIDEO,3.3.2026 12:22:44,"KDO SI SPRÁVNĚ TIPNE, KOLIK GÓLŮ SKÓROVAL @michal.danniel 
ZA POSLEDNÍCH 5 ZÁPASŮ 2 lupeny jsou jeho",https://www.instagram.com/stories/vsefalcons/3844671378096167993,1104,1533,,,4
vsefalcons,instagram,709fceba-e311-48e7-9057-f54a587abf4a,213178ab-98b3-42c4-8ca2-9f273dc4c96a,IG Story,VIDEO,31.3.2026 7:50:40,BOREC NA KONEC aneb,https://www.instagram.com/stories/vsefalcons/3864828272018218904,1073,1359,,5,7
vsefalcons,instagram,709fceba-e311-48e7-9057-f54a587abf4a,2ba1374f-5240-4d57-bb4c-701ffa035c19,IG Story,VIDEO,15.4.2026 8:59:20,A TAKHLE HAPPY BUDEŠ! 🤪,https://www.instagram.com/stories/vsefalcons/3875734361752782510,728,849,,1,4
vsefalcons,instagram,709fceba-e311-48e7-9057-f54a587abf4a,7e70b5f5-f4bf-44c1-913e-5f78a794f1d9,IG Story,VIDEO,10.3.2026 20:54:21,🥵 JE TO DRAMA,https://www.instagram.com/stories/vsefalcons/3850002309774335715,793,,,,
@riderspardubice,instagram,4d6a67ab-9313-4f77-a82e-abb18adbca5d,8a707224-cab6-4d53-b7a4-ad8721b8667b,IG Reel,VIDEO,4.3.2026 13:53:55,"Přestávka v režii @enteria_holding ! 🚀 Led patří fanouškům a jejich přesné mušce. Děkujeme za spolupráci!
#přestávkovásoutěž#enteriaholding",https://www.instagram.com/reel/DVdwFKKjK4H/,,4433,83,,17
@bitvaoprahu,facebook,75e0f41f-82be-4f82-a77b-82ac11135ed2,bce84f88-a636-4985-82f3-bb6cd8bc5c62,FB Video,VIDEO,10.3.2026 17:18:00,Hokeeeej je dobreeeeej 👉🏼 lístky na bitvaoprahu.cz 🎟️,https://www.facebook.com/reel/1256738979117088/,1044,471,3,,
@bitvaoprahu,instagram,d7c8aa06-74fb-4c6c-a7d2-c2fe1bf6d59c,1ebe5ec8-4763-4fc9-a740-a4d7fdb67403,IG Post,IMAGE,11.3.2026 11:02:17,Pochod s vidlema? To jen ČZU míří na zimák! 👨🏻‍🌾🔥,https://www.instagram.com/p/DVveMXgF07q/,,8598,65,,71
@vutcavaliersbrno,instagram,b384bebf-72f3-4f9d-8b2d-3677709f6966,8dafab58-22bc-4740-9448-d7a936fe8dba,IG Reel,REEL,25.3.2026 21:21:28,"Děkujeme za podporu v průběhu celé základní části❤️ Tím to ale nekončí, příští týden hrajeme první zápas play-in proti @blackdogsbudweis_vste 🏒",https://www.instagram.com/reel/DWUn_7SCN2L/,,3014,52,,2
@cvutengineers,instagram,11963a07-7f0f-48e6-9d81-aa63a7ff4a04,188aead6-72ad-4b90-a635-5b2463d74a5b,IG Story,VIDEO,17.4.2026 18:25:33,GAME ON 🔥,https://www.instagram.com/stories/cvutengineers/3877468639146561181,,1348,,,
@united_hk,instagram,b18c071b-0570-48b2-b743-990c668c3c5b,dd5e9b31-c1f6-4179-8c0d-81144dc112a5,IG Story,IMAGE,9.4.2026 13:04:31,,https://www.instagram.com/stories/united_hk/3871509132335421384,,517,,,1
vsefalcons,instagram,709fceba-e311-48e7-9057-f54a587abf4a,ac869b8e-349f-4b4b-9f94-6eb4fb2addcd,IG Story,VIDEO,13.3.2026 17:13:05,,https://www.instagram.com/stories/vsefalcons/3852065279840898521,818,669,,,
@bitvaoprahu,facebook,75e0f41f-82be-4f82-a77b-82ac11135ed2,d5b7880e-961d-4629-b8fa-887bba3398c4,FB Post,IMAGE,12.3.2026 18:41:34,"🥉BRONZ PRO VŠE A TŘI BODY! ✅

Gratulujeme k obhajobě 3. místa , @vsefalcons ! 🎩👏🏼",https://www.facebook.com/1441262177797849/posts/1420314896559244,170,,2,,
@riderspardubice,instagram,4d6a67ab-9313-4f77-a82e-abb18adbca5d,e5689652-dd5c-482a-8adc-7f5f83a0c62c,IG Story,IMAGE,8.4.2026 15:52:24,JSME NA MÍSTĚ⭐️,https://www.instagram.com/stories/riderspardubice/3870868834223920451,,812,,,1
@univerzitnihokej,facebook,01b45180-0b14-4a14-96e8-d0a4bab1fb9f,52191f7f-0d8f-4711-9a2d-54441f897249,FB Video,VIDEO,4.3.2026 19:27:40,"KFC CHICKEN DETECTIVE 🕵🏻‍♂️🔍
Fanouškovské menu na vás čeká v restauracích KFC🍗",https://www.facebook.com/reel/1609044147094083/,2103,1197,3,,
@riderspardubice,instagram,4d6a67ab-9313-4f77-a82e-abb18adbca5d,b2989d6d-db96-434c-9ef3-fcc9342eccef,IG Reel,REEL,31.3.2026 20:35:21,"Tohle je naše cesta na které nás nyní čeká zápas ve finále play-in, který rozhodne, jestli se potkáme v Praze na @unihokejfinalfour‼️🤩🤩🤩🤩🤩",https://www.instagram.com/reel/DWj_it1DGlf/,,7918,125,1,10
@vutcavaliersbrno,instagram,b384bebf-72f3-4f9d-8b2d-3677709f6966,0d56fcd6-2351-4100-8ac7-325705943fee,IG Post,IMAGE,1.4.2026 19:38:18,"Z celého kavalírského srdce děkujeme všem fanouškům za podporu v letošní sezoně ❤️
Dnešním dnem pro nás sezona sice skončila, ale určitě není na místě věšet hlavy 👈 přinesla i spoustu krásných momentů 🏒 Přece jen… jsme v ní dvojnásobní vládci Brna 😏 🏆
Těšíme se na Vás zase v září 🙌",https://www.instagram.com/p/DWmd6MPiDmq/,,8663,389,4,16
vsefalcons,instagram,709fceba-e311-48e7-9057-f54a587abf4a,30f9b115-6274-4fdf-ba03-f06599b83c95,IG Story,VIDEO,20.1.2026 17:53:19,❓ ❓ ❓,https://www.instagram.com/stories/vsefalcons/3814397205021227342,,1067,,,1
@akademiciplzen,instagram,65494228-95bf-4f7b-8e68-d47d7262db66,fe13fa30-e749-4e56-9004-8bbf5c3b3dcd,IG Story,VIDEO,1.4.2026 19:51:05,,https://www.instagram.com/stories/akademiciplzen/3865915534164642703,,931,,,
@bitvaoprahu,facebook,75e0f41f-82be-4f82-a77b-82ac11135ed2,22f96e28-8a7d-4386-973d-ce6a5c04b7d7,FB Post,IMAGE,11.3.2026 11:02:00,Tenhle pochod bude doslova MODRÝ PEKLO! 👹,https://www.facebook.com/1441262177797849/posts/1418950366695697,231,,,,
@engineersprague,facebook,afd06d1d-7b1c-4f66-8d93-ce4255ab773c,6dd34abf-9a51-405e-b762-8c272669eba1,FB Story,VIDEO,4.3.2026 21:56:31,,,,,,,
@riderspardubice,instagram,4d6a67ab-9313-4f77-a82e-abb18adbca5d,43e0e04a-abd1-4c49-b552-1e4fc0bb1b7f,IG Story,VIDEO,31.3.2026 20:57:30,,https://www.instagram.com/stories/riderspardubice/3865224192019192282,,524,,,
vsefalcons,instagram,709fceba-e311-48e7-9057-f54a587abf4a,773a90b2-71e4-461c-a65b-3f51fc6df318,IG Story,IMAGE,30.3.2026 9:28:31,my až zítra budeme slavit výhru,https://www.instagram.com/stories/vsefalcons/3864152671280229884,,,,,
@univerzitnihokej,instagram,1e114592-3529-4cfe-9977-2598454053af,aecc2f1f-16bb-4b3c-93d8-694996f614e0,IG Reel,VIDEO,16.3.2026 17:30:58,Bez kebabu od Kauflandu by to nebyla ta pravá @bitvaoprahu 🌯🔥,https://www.instagram.com/reel/DV9CPAjiLwQ/,,7788,120,,12
@univerzitnihokej,instagram,1e114592-3529-4cfe-9977-2598454053af,4cf0d6ba-8d83-4501-91d1-57666038e83a,IG Post,ALBUM,31.3.2026 10:02:27,"Dnešní druhý duel PLAY-IN👀

Ostrava 🆚 Riders 
Jeden zápas, který o všem rozhodne! Kdo postoupí do finále? 👇🏻",https://www.instagram.com/p/DWi3Q6RiONi/,,8539,142,,10
@united_hk,instagram,b18c071b-0570-48b2-b743-990c668c3c5b,e4568d0f-26d0-46c0-9b3f-89e1aee1296f,IG Story,IMAGE,27.4.2026 11:12:52,,https://www.instagram.com/stories/united_hk/3884498878938545974,,739,,,1
vsefalcons,instagram,709fceba-e311-48e7-9057-f54a587abf4a,6d17a8ce-8dd6-4e07-b9a7-d447b5ca2d96,IG Post,CAROUSEL_ALBUM,23.2.2026 15:42:45,"Survivor game už zítra! 🔥

Pokud ještě nemáš lístky, tak je ideální čas to změnit, jinak přijdeš o hodně 😏 Tak šup šup na profil a vidíme se zítra 👋🏼",https://www.instagram.com/p/DVGxlyliDCW/,,5463,120,,17
@cvutengineers,instagram,11963a07-7f0f-48e6-9d81-aa63a7ff4a04,c5e91a7c-4388-4830-bdeb-878e6219d8f8,IG Story,VIDEO,8.4.2026 17:15:23,GAME MODE ON,https://www.instagram.com/stories/cvutengineers/3870910610531952809,,995,,,
@riderspardubice,facebook,f99ed6c3-17cc-46f4-a32e-d9b0576ce2df,83ecb542-deb6-4fe0-8106-73fc76c069d4,FB Post,IMAGE,23.3.2026 8:03:51,"Poslední zápas v dresu Riders pro @dominikkopecky_99 a @daniel.skryp! 🔥

Přijď kluky podpořit a rozloučit se s nimi v derby proti @united_hk! 

Lastdance
🗓️ 23.3. v 19:45
📍 v Enteria Arena 
⚔️ proti @united_hk 

Odkaz na vstupenky najdeš v BIU!🎟️ (I se slevičkou!🤭)

#lastdance#riders",https://www.facebook.com/1592662819534019/posts/1584254290374872,150,,,,
@univerzitnihokej,facebook,01b45180-0b14-4a14-96e8-d0a4bab1fb9f,e8f246bc-f0b1-4ba2-884a-beb511bd23eb,FB Video,VIDEO,12.3.2026 19:04:36,Kdo dneska vyhraje finále @bitvaoprahu ?👀,https://www.facebook.com/reel/1185019127040639/,295,113,,,
@boostrava,instagram,1176ddaf-d366-48a2-9639-3c6694c72c85,648e6137-ccd3-4e74-9b17-2808576caf5f,IG Reel,REEL,31.3.2026 21:55:59,"Vyraž s @kfc_cz kyblíkem do boje! 🔥

To jak ho využiješ je jen na tobě! 🍗

#kfc #kyblik",https://www.instagram.com/reel/DWkIwO5DOdt/,,6496,216,1,21
@riderspardubice,facebook,f99ed6c3-17cc-46f4-a32e-d9b0576ce2df,31d281dd-83b8-4906-ab2e-1d02ca0e428c,FB Video,VIDEO,30.3.2026 15:47:23,"Kluci zašli na fanouškovské menu do @kfc_cz , snacky zmizely rychle, ale kyblík v jejich životech zůstane už napořád ♥️

Co teď kyblík asi na kolejích dělá? 👀 
Tipujte do komentářů 👇",https://www.facebook.com/reel/1994233238179595/,598,172,5,,
vsefalcons,instagram,709fceba-e311-48e7-9057-f54a587abf4a,e18e2cab-b7d2-4c86-b07c-92b872d4e020,IG Reel,VIDEO,23.3.2026 20:13:17,Čas běží kluci…⏱️ 10 vteřinová challenge 👀,https://www.instagram.com/reel/DWPWnwTCGNM/,,5782,212,4,21
@boostrava,instagram,1176ddaf-d366-48a2-9639-3c6694c72c85,5ba96b0e-ca4b-4acd-90ad-f17ab95a9264,IG Story,VIDEO,31.3.2026 21:27:23,,https://www.instagram.com/stories/boostrava/3865239323356724518,,745,,,1
@riderspardubice,instagram,4d6a67ab-9313-4f77-a82e-abb18adbca5d,739d9237-0171-4c6e-832c-5a6938fde79f,IG Story,VIDEO,8.4.2026 20:06:48,,https://www.instagram.com/stories/riderspardubice/3870996890360320229,,551,,,4
@cvutengineers,instagram,11963a07-7f0f-48e6-9d81-aa63a7ff4a04,dc1a446c-74a4-4684-b271-31a5a779fce8,IG Story,IMAGE,8.4.2026 18:08:33,0 0,https://www.instagram.com/stories/cvutengineers/3870937361165328368,,931,,,
@univerzitnihokej,facebook,01b45180-0b14-4a14-96e8-d0a4bab1fb9f,c98254a4-7b4b-4583-99e0-2d219713878a,FB Video,VIDEO,30.3.2026 8:43:14,Zítra startuje PLAY-IN ➡️ boj o postup do @unihokejfinalfour ⚔️,https://www.facebook.com/reel/1235890805250434/,1135,230,4,,
@riderspardubice,facebook,f99ed6c3-17cc-46f4-a32e-d9b0576ce2df,3bb0d4b1-ccbe-4b7e-8466-409781582157,FB Post,IMAGE,16.4.2026 17:13:40,"Tohle byl souboj na ostří nože, přestože jsme na konci zápasu tlačili, tak konečné skóre je ve prospěch @ukkingsprague a my se zítra budeme rvát o bronz! 🥉",https://www.facebook.com/1592662819534019/posts/1606458034821164,873,,13,,
vsefalcons,instagram,709fceba-e311-48e7-9057-f54a587abf4a,ced26e83-ac64-4298-9d7a-66e53d1b782e,IG Story,VIDEO,3.2.2026 8:57:05,,https://www.instagram.com/stories/vsefalcons/3824274149649193887,,997,,,
vsefalcons,instagram,709fceba-e311-48e7-9057-f54a587abf4a,74c547eb-2c9a-483a-a314-c46a6b46bda0,IG Story,VIDEO,10.3.2026 22:47:35,,https://www.instagram.com/stories/vsefalcons/3850059347015513216,764,251,,,1
@riderspardubice,instagram,4d6a67ab-9313-4f77-a82e-abb18adbca5d,6793a4f7-0d6c-474c-b7b6-28d844b8de99,IG Story,VIDEO,6.4.2026 7:35:55,,https://www.instagram.com/stories/riderspardubice/3869169395826427687,,843,,,1
@akademiciplzen,instagram,65494228-95bf-4f7b-8e68-d47d7262db66,91ed32c2-2fa9-4841-a54f-329450204095,IG Story,VIDEO,18.4.2026 10:13:28,,https://www.instagram.com/stories/akademiciplzen/3877942044987797631,,978,,,
univerzitnihokej,tiktok,01c88cf9-594f-408e-a45a-95114221acae,f3170b8d-18be-46e8-9387-e443c6f9bfd0,TT Video,VIDEO,19.4.2026 10:39:40,Jsou fanoušci @ČVUT Engineers Prague 🦁 opravdu ti nejlepší? 🦁,https://www.tiktok.com/@univerzitnihokej/video/7630418174386703638?utm_campaign=tt4d_open_api&utm_source=7348986504397455361,,3830,131,,5
@riderspardubice,instagram,4d6a67ab-9313-4f77-a82e-abb18adbca5d,318e81d8-4942-4c25-8c95-0f2188f41453,IG Story,VIDEO,1.4.2026 16:09:23,,https://www.instagram.com/stories/riderspardubice/3865804005641578206,,498,,,
@akademiciplzen,instagram,65494228-95bf-4f7b-8e68-d47d7262db66,a10e8a64-9d5d-4ef0-a762-ac1c5db1ac11,IG Story,IMAGE,9.4.2026 9:57:13,,https://www.instagram.com/stories/akademiciplzen/3871414839868688528,,1134,,,
@BOhokej,facebook,c9082543-a03b-490f-8f97-66d439acce89,ca2d2e42-3929-4877-92cc-895b3f4803ad,FB Video,VIDEO,1.4.2026 16:36:37,"DĚKUJEME fanouškům a @bo_kotel za neskutečnou podporu v letošní sezóně. Vážíme si Vaši podpory a doufáme, že za námi budete stát i nadále. 
Vaši ŽRALOCI🦈❤️‍🩹",https://www.facebook.com/reel/919382640988644/,583,192,5,,
@riderspardubice,facebook,f99ed6c3-17cc-46f4-a32e-d9b0576ce2df,1a63d390-d636-4bb5-b6c1-9f4e2d7e3712,FB Post,IMAGE,15.4.2026 6:00:11,"Jedeme do Prahy reprezentovat na @unihokejfinalfour Riders, Pardubice i naši @upce_cz a bojovat s pražskými týmy o titul vládce ligy. ♥️

🏒 SEMIFINÁLE
🆚 @ukkingsprague
📍 Zimní stadion Eden, Praha
🕓 16. dubna | 16:30

👉 2 dny plný hokeje, atmosféry a afterparty

Ve čtvrtek se rozhodne, jestli půjdeme do finále, nebo o bronz – každopádně v pátek se hraje o medaile.

Pojď do toho s námi a buď u toho.

🎟️ Vstupenky najdeš v BIU.",https://www.facebook.com/1592662819534019/posts/1605059924960975,911,,16,,
@riderspardubice,instagram,4d6a67ab-9313-4f77-a82e-abb18adbca5d,72ca2875-a567-403b-a644-dca889883246,IG Story,VIDEO,8.4.2026 6:58:23,DNES VYRÁŽÍME DO PRAHY!,https://www.instagram.com/stories/riderspardubice/3870600055212493169,,891,,,
@unitedhk,facebook,bfe6cc29-a387-41b9-9bca-b077722556af,bd85dbfd-56db-4db5-9a34-1d15831c90b2,FB Video,VIDEO,9.3.2026 19:40:41,"🔥 Plná ČPP Aréna, derby Hradec vs. Pardubice a Halftime Show Adama Mišíka.

Východočeské derby univerzit znovu ukázalo, jak vypadá studentský hokej ve velkém stylu v rámci Univerzitní ligy ledního hokeje.
Do arény dorazilo 2 379 fanoušků, kteří vytvořili skvělou atmosféru od prvního buly až do posledních minut.

Na ledě tvrdý souboj UNIted HK a Riders Univerzita Pardubice.
O přestávce velká show – Adam Mišík, který rozpálil celou halu.

🎥 Mrkni na oficiální aftermovie a připomeň si nejlepší momenty z jednoho z největších univerzitních hokejových eventů ve východních Čechách.

🌐 Více info:
www.unitedhk.cz/derby

#unitedhk #unihokej #hokej",https://www.facebook.com/reel/1289277289790222/,191,38,3,,
@univerzitnihokej,facebook,01b45180-0b14-4a14-96e8-d0a4bab1fb9f,088256db-78fd-4c2a-9629-38a9d1f39966,FB Post,IMAGE,6.4.2026 8:09:55,"Veselé Velikonoce 🐣 Prokousali jsme se skořápkou a to nejlepší čeká uvnitř 👀
Final Four se blíží… 🔥",https://www.facebook.com/1275398168115026/posts/1279525517702291,496,,5,,
vsefalcons,instagram,709fceba-e311-48e7-9057-f54a587abf4a,2094ff00-0b25-4415-a349-317539e82d35,IG Story,VIDEO,12.3.2026 18:54:36,,https://www.instagram.com/stories/vsefalcons/3851391593550994349,1304,995,,,1
@bitvaoprahu,instagram,d7c8aa06-74fb-4c6c-a7d2-c2fe1bf6d59c,25b55f1c-90e9-4be8-a189-daf2c652e0e4,IG Reel,VIDEO,12.3.2026 21:24:41,🇨🇿 Holešovice lit up. 💡💡💡,https://www.instagram.com/reel/DVzKAhgDKFz/,,23743,955,1,47
@univerzitnihokej,instagram,1e114592-3529-4cfe-9977-2598454053af,7dbd7216-c85c-46dd-98e8-4ba3807235b5,IG Post,IMAGE,14.4.2026 8:43:12,"Vyhraj vstupenky na Beats for Love s našim generálním partnerem ČSOB🎧

Stačí si založit účet přes odkaz v našem biu ☝🏻
Přesměruje tě do aplikace, kde máš během pár minut hotovo ✅

Pro 8️⃣ nejrychlejších máme celodenní vstupenky na @beats.for.love.festival ⚡️🎟️
O dalších 6 se bude soutěžit na @unihokejfinalfour 👀",https://www.instagram.com/p/DXGxUtgiArb/,,9224,21,,10
@bitvaoprahu,instagram,d7c8aa06-74fb-4c6c-a7d2-c2fe1bf6d59c,0910f753-f572-464b-97b0-a916285d67a4,IG Post,IMAGE,12.3.2026 9:35:18,"Venkovní FANZÓNA bude dnes otevřená už od 16:00 ⏰

Naši partneři si tu pro tebe připravili spoustu zábavy, která tě naladí na to mejdlo, co na tebe čeká vevnitř 🔥

A taky stánek s merchem všech týmů! Kde můžeš ještě na poslední chvíli doladit outfit 😮‍💨",https://www.instagram.com/p/DVx5CLEDJam/,,7151,134,,21
@bitvaoprahu,instagram,d7c8aa06-74fb-4c6c-a7d2-c2fe1bf6d59c,5ea5d14e-666a-49e4-8e0f-615e87a763ea,IG Post,ALBUM,15.3.2026 20:41:26,Repete kdy? 🥹 Nějak se toho čtvrtečního finále nemůžem nabažit ❤️,https://www.instagram.com/p/DV6zrBdjs0R/,,11997,457,,14
@riderspardubice,facebook,f99ed6c3-17cc-46f4-a32e-d9b0576ce2df,a43ba04a-b6d8-4f9c-b3dc-221ce5c8accd,FB Post,IMAGE,14.4.2026 14:16:31,"Pardubáci jedeme do Prahyyyy! 🥁

Sejdeme se před druhou hodinou na Pardubice hl. n. a ve 14:00 vyrazíme směr zimní stadion Eden! 

Na sebe merch nebo červený outfit a do ruky na cestu dostanete @pivoproud 🍻

Těšíte se?!",https://www.facebook.com/1592662819534019/posts/1604500838350217,282,,4,,
@univerzitnihokej,instagram,1e114592-3529-4cfe-9977-2598454053af,cfe9a177-d9df-4244-8be9-7a5c2d39d155,IG Reel,VIDEO,12.3.2026 9:16:07,KFC Chicken detective🕵🏼‍♀️🍗,https://www.instagram.com/reel/DVx2kQWiJJj/,,8773,187,2,11
vsefalcons,instagram,709fceba-e311-48e7-9057-f54a587abf4a,077537c0-2573-4863-97c4-d086cd9c22e8,IG Reel,VIDEO,9.3.2026 11:26:19,"Kluci očividně nepoznají rozdíl mezi rage bait otázkou a naši normální otázkou 🤷🏽‍♀️

#vsefalcons",https://www.instagram.com/reel/DVqXF1BCFUx/,,245,4,,1
@univerzitnihokej,facebook,01b45180-0b14-4a14-96e8-d0a4bab1fb9f,2e585ba1-d4c6-431e-b0b0-46eb7ea323b9,FB Post,IMAGE,10.4.2026 9:57:39,"LUCKY LOSER = ještě jedna šance probojovat se do @unihokejfinalfour 🏆

V neděli se o všem rozhodne a budeme vědět všechny 4️⃣ týmy! 🔥",https://www.facebook.com/1275398168115026/posts/1282597390728437,843,,3,,
vsefalcons,instagram,709fceba-e311-48e7-9057-f54a587abf4a,42bf27c0-6dc7-4159-ab7e-5582baaefc9f,IG Story,VIDEO,24.3.2026 19:00:39,srovnává skóre,https://www.instagram.com/stories/vsefalcons/3860092327201135091,783,714,,,1
@AkademiciPlzen,facebook,d87b94e3-03e8-45d0-b92e-75e9b819545c,e0d43eec-c505-4f3d-ab2d-6a20a41ad8c4,FB Video,VIDEO,7.4.2026 13:57:43,"Nechali jsme na ledě všechno.
Bojovali jsme do poslední chvíle, ale jediný gól v prodloužení rozhodl o našem konci v letošní sezoně.

Děkujeme vám za každou podporu, za každý hlas z tribuny a za to, že jste byli celou sezonu s námi. Bez vás by to nebylo ono. 💙

Slibujeme, že se vrátíme silnější — a doufáme, že znovu s vámi po boku!

#akademiciplzen | 🎥 @yzproduction.cz",https://www.facebook.com/reel/25892675250415488/,843,328,15,,
@218107044725785,facebook,7a942e3e-6c47-4794-9ba7-bbc7b6d40cb3,6805d705-9b80-4d93-9cff-5a15110a3ea7,FB Post,ALBUM,27.3.2026 10:58:54,"PLAY-IN 🟰 jeden zápas, jedna šance 😮‍💨 

V úterý hrajeme o všechno. Buď konec… nebo postup a boj o @unihokejfinalfour 💪🏻 

Potřebujeme naposledy plný hnízdo, který nás dotáhne k vítězství! 🦅

Vstupenky u nás na profilu! 🎟️",https://www.facebook.com/122282816036218300/posts/122280924260218300,299,,4,,
@AkademiciPlzen,facebook,d87b94e3-03e8-45d0-b92e-75e9b819545c,6c662a47-1fbd-476a-b725-f47ab00b0071,FB Video,VIDEO,3.3.2026 20:09:38,"Chceš se napít za free na after? 🍹 Zítra máš ideální šanci!

— Doraž zítra v 17:30 do fanzóny, 
— ohákni se do modrobílého,
— dones ten největší transparent, co zvládneš vyrobit! 🏒

Doraž udělat kotel, vidíme se tam! 💙

#akademiciplzen #jarnibitva",https://www.facebook.com/reel/1645011893341150/,559,239,2,,
@bitvaoprahu,instagram,d7c8aa06-74fb-4c6c-a7d2-c2fe1bf6d59c,7b15923c-65bd-4183-bba4-b903f9869b8d,IG Post,IMAGE,11.3.2026 11:02:16,Tenhle pochod bude doslova MODRÝ PEKLO! 👹,https://www.instagram.com/p/DVveMVMFycR/,,8196,133,,43
@riderspardubice,instagram,4d6a67ab-9313-4f77-a82e-abb18adbca5d,8dc8feb3-4328-484d-b7f7-04a0c64574a3,IG Story,VIDEO,8.4.2026 19:01:12,ŠPINKA,https://www.instagram.com/stories/riderspardubice/3870963870484003112,,551,,,
@riderspardubice,instagram,4d6a67ab-9313-4f77-a82e-abb18adbca5d,cb120745-6108-4945-b65a-aa4d1e18d8b0,IG Post,IMAGE,28.4.2026 17:24:00,"Tahle sezona byla jízda a my děkujeme všem partnerům za to, že stáli při nás! 👏

#děkujeme",https://www.instagram.com/p/DXruoubjAir/,,1914,116,,
vsefalcons,instagram,709fceba-e311-48e7-9057-f54a587abf4a,e98f5f03-9d12-4b28-868f-010cea83e223,IG Post,CAROUSEL_ALBUM,21.2.2026 10:31:57,"Zápasy bez fanoušků: 🥱📉🥀
Zápasy s fanoušky: 🤩🚀🏆

Bez vás to není takový, tak nás v úterý přijďte podpořit, ať se nám hraje líp! 💙 Vstupenky sežene na profilu 🛍️",https://www.instagram.com/p/DVBEbsfCN1h/,,4728,102,,9
vsefalcons,instagram,709fceba-e311-48e7-9057-f54a587abf4a,fc9709e8-a4aa-4386-bc53-cd8d796cdb49,IG Story,VIDEO,10.3.2026 18:25:38,DETAILY ✨ a šup na led,https://www.instagram.com/stories/vsefalcons/3849927492123527741,859,,,,1
@cvutengineers,instagram,11963a07-7f0f-48e6-9d81-aa63a7ff4a04,604cc358-5bf8-4672-9890-ac7dd16f0a97,IG Story,IMAGE,17.4.2026 19:03:12,0 0 2,https://www.instagram.com/stories/cvutengineers/3877487844579407018,,1347,,,6
vsefalcons,instagram,709fceba-e311-48e7-9057-f54a587abf4a,8f83204f-0f74-45bb-b1d3-d89f242b2950,IG Story,VIDEO,16.4.2026 8:27:16,,https://www.instagram.com/stories/vsefalcons/3876442850414086167,1208,1474,,1,
vsefalcons,instagram,709fceba-e311-48e7-9057-f54a587abf4a,e7f30e5b-c9ac-468e-ab88-d4f9b9e8ac9e,IG Post,IMAGE,10.2.2026 22:00:55,"Těžký.

Příští týden s čistým štítem. 🫶🏼",https://www.instagram.com/p/DUl-FxniM-R/,,2387,47,,2
vsefalcons,instagram,709fceba-e311-48e7-9057-f54a587abf4a,133846c9-794d-46cd-8c1a-57b75c17aafe,IG Story,VIDEO,17.4.2026 13:50:39,ROZHEJBAT BOKY PŘED ZÁPASEM part 2,https://www.instagram.com/stories/vsefalcons/3877330384300065550,926,1064,,,4
vsefalcons,instagram,709fceba-e311-48e7-9057-f54a587abf4a,e123a688-8b0c-492d-afca-ce98ae87bece,IG Reel,VIDEO,31.3.2026 18:35:29,Jonáš Jobánek nám v prodloužení proti @united_hk zajistil POSTUP DO FINÁLE PLAY-IN 💪🏼🥹,https://www.instagram.com/reel/DWjxoJEiPoH/,,13526,366,1,18
@univerzitnihokej,instagram,1e114592-3529-4cfe-9977-2598454053af,f1e40697-ad41-4d3e-b6bf-695d72aedcb2,IG Post,IMAGE,10.3.2026 17:35:21,"🎬 Vyhraj lístky do CineStar na maraton Heated Rivalry s @hbomaxczsk ! 🔥 Asi k tomu seriálu nemusíme nic dodávat. Tohle prostě chceš vidět na velkém plátně.

Jak se zapojit:
1️⃣ Sleduj náš profil @univerzitnihokej
2️⃣ Do komentáře označ člověka, se kterým bys na maraton vyrazil

📅 Výherce vyhlásíme 12. 3. v 10:00.",https://www.instagram.com/p/DVtlOC_CGdr/,,15261,367,143,279
@univerzitnihokej,instagram,1e114592-3529-4cfe-9977-2598454053af,055da508-e6c5-4b6e-bfe0-3b7874d3c57a,IG Story,VIDEO,8.4.2026 17:42:19,a další… 🔥,https://www.instagram.com/stories/univerzitnihokej/3870924209983598692,,866,,,
vsefalcons,instagram,709fceba-e311-48e7-9057-f54a587abf4a,4029ba33-abea-4e76-b0c4-7709d69b5d48,IG Story,VIDEO,7.4.2026 6:14:17,jak kluci (ne)umí se skřipcem 👧🏽,https://www.instagram.com/stories/vsefalcons/3869862746128928074,802,960,,1,1
@akademiciplzen,instagram,65494228-95bf-4f7b-8e68-d47d7262db66,a0208dc1-0741-4164-abdd-48ed8dcb612c,IG Story,VIDEO,7.4.2026 11:25:08,"NÁŠ MAREK BLÁHA Z @lfp_unikarlova S ŘEDITELEM FAKULTNÍ NEMOCNICE MUDR. VÁCLAVEM ŠIMÁNKEM, PH.D. 🦷",https://www.instagram.com/stories/akademiciplzen/3870009541199184350,,1155,,,
@hcmuni,facebook,d1f9e9f9-7526-42d4-85aa-13f91e89f7cf,ac4dd67f-f0a5-41b4-bcd3-b1f51842ebc8,FB Video,VIDEO,24.3.2026 8:31:31,"Nabíhejte na náš LAST DANCE sezóny proti VUT❗️🔥

středa 19:30 📍Lužánky

🎟️Lístky koupíš zde: 👇🏻

https://hcmuni.enigoo.cz/app/tickets/events/136
#hcmuni",https://www.facebook.com/reel/947124154795501/,967,438,12,,
vsefalcons,instagram,709fceba-e311-48e7-9057-f54a587abf4a,7302ec7e-01ec-4e9f-9b1c-8780a2f5e096,IG Story,IMAGE,24.3.2026 19:07:07,1 2 Jurak,https://www.instagram.com/stories/vsefalcons/3860095203730270382,779,647,,,
@cvutengineers,instagram,11963a07-7f0f-48e6-9d81-aa63a7ff4a04,8f6acb98-60f7-4962-b3b0-3c03f3e25bea,IG Post,IMAGE,12.3.2026 23:17:42,Dali jsme do toho všechno a teď koukáme dopředu! 🫡,https://www.instagram.com/p/DVzWfk0jLbR/,,5679,206,,12
@hcmuni,facebook,d1f9e9f9-7526-42d4-85aa-13f91e89f7cf,da2a8a7e-d588-4a86-bbf9-aabe121ff3c6,FB Video,VIDEO,15.3.2026 17:00:58,"POV: Jsi maskot, ale žiješ lepší život než půlka týmu 🔥 Zero stres, full vibes, protože na led nemusím a slávu mám i tak 🐻✌🏻

#hcmuni",https://www.facebook.com/reel/2238733709867255/,1925,395,11,,
vsefalcons,instagram,709fceba-e311-48e7-9057-f54a587abf4a,e32e5649-4743-4436-8861-7ebbcbab66da,IG Reel,VIDEO,28.2.2026 17:58:53,"Máme tu ještě jeden restík 😬

Přejeme hezkou sobotu s Kubaťákem 🍿📺",https://www.instagram.com/reel/DVT5CZPiPv4/,,7070,163,3,23
vsefalcons,instagram,709fceba-e311-48e7-9057-f54a587abf4a,4792372e-faf1-4c6c-918a-501eab11d7e9,IG Story,VIDEO,24.3.2026 20:19:21,snižuje na 4:3,https://www.instagram.com/stories/vsefalcons/3860131588260525261,758,536,,,
@akademiciplzen,instagram,65494228-95bf-4f7b-8e68-d47d7262db66,5d3394aa-0d0e-439a-8693-fb01c045a8db,IG Reel,REEL,28.3.2026 12:29:49,"Tak co, užili jste si Jarní bitvu? 👀🔥
Protože to nejdůležitější teprve přichází…

Už 1. 4. nás čeká poslední domácí zápas sezony, kterým zároveň odstartujeme vyřazovací část soutěže. Buď u toho s námi a vytvořme doma vítěznou atmosféru! 💙

🎟️ Lístky najdeš v odkaze v biu nebo na
akademiciplzen.enigoo.cz

#akademiciplzen | 🎥 @yzproduction.cz",https://www.instagram.com/reel/DWbZFh3jD4V/,,7226,202,,2
vsefalcons,instagram,709fceba-e311-48e7-9057-f54a587abf4a,7f146670-a1aa-4bff-bd08-b0d93c2a64f4,IG Story,VIDEO,11.4.2026 14:45:32,,https://www.instagram.com/stories/vsefalcons/3873009505558626345,866,781,,,1
@riderspardubice,facebook,f99ed6c3-17cc-46f4-a32e-d9b0576ce2df,a7c3d0fd-57ef-41b6-bbc6-4bc0760d67dc,FB Post,IMAGE,16.4.2026 15:25:17,Po první třetině 0:0 👀,https://www.facebook.com/1592662819534019/posts/1606382821495352,808,,7,,
@riderspardubice,facebook,f99ed6c3-17cc-46f4-a32e-d9b0576ce2df,cd0e308d-fb52-47ac-83a1-e62ac8bef97c,FB Post,IMAGE,17.4.2026 16:28:33,Otočíme to v poslední třetině? 🤯,https://www.facebook.com/1592662819534019/posts/1607436634723304,398,,4,,
@riderspardubice,facebook,f99ed6c3-17cc-46f4-a32e-d9b0576ce2df,daaa4668-f4e8-490b-90a8-5e333d7fab49,FB Video,VIDEO,12.4.2026 17:03:46,Kdo za námi dorazí do Prahy? ❤️‍🔥,https://www.facebook.com/reel/1216415310355244/,1127,441,11,,
@cvutengineers,instagram,11963a07-7f0f-48e6-9d81-aa63a7ff4a04,f6099667-8724-482e-9261-1716c6fa7ea6,IG Post,IMAGE,12.3.2026 8:13:08,"Finále Bitvy o Prahu je konečně tady! ⚔️

Čekání skončilo. Už dnes od 20:00 vypukne dlouho očekávaný duel proti UK 🔥. Slibujeme napínavou bitvu a vyhrocenou atmosféru, ve které se rozhodne o jediném – kdo ovládne Prahu. 🗝️🦁

Buďte u toho s námi. Těšíme se na vás! 👋🏻

Dnes | 20:00 | Finále Bitvy",https://www.instagram.com/p/DVxupS9DJKJ/,,7691,122,,10
@united_hk,instagram,b18c071b-0570-48b2-b743-990c668c3c5b,5ed989a8-6e41-4597-8346-997b5622b439,IG Story,VIDEO,11.4.2026 18:53:19,,https://www.instagram.com/stories/united_hk/3873134221577426503,,412,,,
@BOhokej,facebook,c9082543-a03b-490f-8f97-66d439acce89,0688bcc8-915e-4496-a4ea-c90949189df5,FB Post,IMAGE,17.4.2026 8:02:30,"Sezónu 25/26 máme za sebou🔥
Velké poděkování patří našemu generálnímu partnerovi @vitkovice.steel a všem ostatním za podporu, důvěru a spolupráci. Vážíme si toho, že jste součástí naší cesty! 
DĚKUJEME🧡",https://www.facebook.com/1477974067675582/posts/1491909529615369,701,,6,,
@univerzitnihokej,instagram,1e114592-3529-4cfe-9977-2598454053af,369afb48-7cdb-49ab-9f91-86440a3d4628,IG Story,VIDEO,7.4.2026 19:32:12,,https://www.instagram.com/stories/univerzitnihokej/3870254759756182996,,665,,,
vsefalcons,instagram,709fceba-e311-48e7-9057-f54a587abf4a,53bbdf75-83cf-47f4-8a49-3cf06b7a23e7,IG Story,VIDEO,6.1.2026 19:54:05,,https://www.instagram.com/stories/vsefalcons/3804311128965176963,,1046,,,1
vsefalcons,instagram,709fceba-e311-48e7-9057-f54a587abf4a,62d67565-a203-44f8-aaa1-1ce864bb73b2,IG Story,VIDEO,30.1.2026 18:02:06,,https://www.instagram.com/stories/vsefalcons/3821649366528567878,,640,,,1
@univerzitnihokej,instagram,1e114592-3529-4cfe-9977-2598454053af,a7f447f7-5124-4ded-ace2-cf6d764f60e8,IG Post,IMAGE,8.4.2026 7:40:21,"Po páté v letošní sezoně se střetnou Black Dogs s Falcons 😮‍💨 Tentokrát jde o všechno, protože vítěz postupuje do @unihokejfinalfour 🎟️

Komu budete dneska fandit? 👇🏻",https://www.instagram.com/p/DW3NXG_iMwp/,,8566,191,,9
vsefalcons,instagram,709fceba-e311-48e7-9057-f54a587abf4a,158ab0c3-29e3-40c4-b34c-85342389d040,IG Story,VIDEO,31.3.2026 16:27:55,@one__timer 🐇 chytil jsi ho?,https://www.instagram.com/stories/vsefalcons/3865088544654003594,983,1028,,2,5
@boostrava,instagram,1176ddaf-d366-48a2-9639-3c6694c72c85,54a2b5b5-3ac8-4f28-9f9b-713939fc699b,IG Post,PHOTO,31.3.2026 21:15:25,"Sezona pro nás prvním zápasem play-in skončila ☹️

Děkujeme všem za uplynulou sezonu 🔥

#hockey #playin #lastdance",https://www.instagram.com/p/DWkBviDDLOW/,,2489,59,3,6
@boostrava,instagram,1176ddaf-d366-48a2-9639-3c6694c72c85,6e1af44f-5322-45bb-affa-2664222d2bb4,IG Post,IMAGE,18.3.2026 8:09:54,"Děkujeme všem, kteří dorazili na včerejší utkání a zapojili se do soutěže o ceny od @b_hockey_czech 🏒
Ceny si převzali také dva nejlepší hráči utkání👏",https://www.instagram.com/p/DWBMDNEDLGi/,,16647,309,,21
vsefalcons,instagram,709fceba-e311-48e7-9057-f54a587abf4a,7f271527-054f-491f-b5c2-4ddfe50dda9f,IG Story,VIDEO,14.4.2026 11:06:56,"Jestli si chceš zkrátit čekání, můžeš dnes podpořit kluky na florbale 👈🏼",https://www.instagram.com/stories/vsefalcons/3875073806637221367,637,740,,,
@cvutengineers,instagram,11963a07-7f0f-48e6-9d81-aa63a7ff4a04,94a44792-7730-4d0d-8d0d-d6caf314e97f,IG Story,VIDEO,8.4.2026 20:14:52,"JEDEN TÝM, JEDEN CÍL ✨ ✨",https://www.instagram.com/stories/cvutengineers/3871000965948377786,,722,,,
vsefalcons,instagram,709fceba-e311-48e7-9057-f54a587abf4a,a9169882-b132-4823-9a22-35d435f8b5a4,IG Story,VIDEO,12.2.2026 13:09:59,HOP @stracajunior 🐎,https://www.instagram.com/stories/vsefalcons/3830924443363311698,1232,1679,,,1
@univerzitnihokej,facebook,01b45180-0b14-4a14-96e8-d0a4bab1fb9f,d6fbd6f4-08cd-413b-80e2-aee6f1fc190d,FB Post,ALBUM,31.3.2026 10:02:48,"Dnešní druhý duel PLAY-IN👀

Ostrava 🆚 Riders 
Jeden zápas, který o všem rozhodne! Kdo postoupí do finále? 👇🏻",https://www.facebook.com/1275398168115026/posts/1274750808179762,289,,,,
@cvutengineers,instagram,11963a07-7f0f-48e6-9d81-aa63a7ff4a04,f74f8318-1fe4-43b3-9658-b620da1b0a81,IG Story,VIDEO,7.4.2026 17:30:34,TĚŠÍME SE NA VÁS!,https://www.instagram.com/stories/cvutengineers/3870193465430949775,,723,,,
vsefalcons,instagram,709fceba-e311-48e7-9057-f54a587abf4a,2d950905-3e07-432c-a799-b460cf904c0b,IG Story,IMAGE,24.3.2026 20:03:09,4 1,https://www.instagram.com/stories/vsefalcons/3860123408075872777,768,575,,,
vsefalcons,instagram,709fceba-e311-48e7-9057-f54a587abf4a,54f912f5-875a-4d61-a320-f3a4d8917aaa,IG Story,VIDEO,13.5.2026 13:55:17,OBĚD S REKTOREM děkujeme za pozvání 🙏🏻 👀,https://www.instagram.com/stories/vsefalcons/3896176620473958935,,1128,,,17
@riderspardubice,instagram,4d6a67ab-9313-4f77-a82e-abb18adbca5d,cad27a2a-31d0-4483-94a0-a4f4a5653e81,IG Post,IMAGE,16.3.2026 17:27:57,"Na zápase tě bude čekat tohle ikonické duo moderátorů! 🔥🔥

Kdo se těší? 

Vstupenky koupíš přes odkaz v BIU! 🔗",https://www.instagram.com/p/DV9CRCXDDPQ/,,9640,197,5,38
@riderspardubice,instagram,4d6a67ab-9313-4f77-a82e-abb18adbca5d,d8d40050-2b67-4f0d-8ddd-9f017adc586a,IG Story,VIDEO,12.4.2026 21:12:05,,https://www.instagram.com/stories/riderspardubice/3873928844315238431,,214,,,
@boostrava,instagram,1176ddaf-d366-48a2-9639-3c6694c72c85,f02f430a-64d8-4004-a97b-618352f8d607,IG Story,VIDEO,31.3.2026 17:40:19,@bujak_dominik  V ZÁVĚSU SROVNÁNO 1:1,https://www.instagram.com/stories/boostrava/3865124991813819829,,634,,,1
@univerzitnihokej,instagram,1e114592-3529-4cfe-9977-2598454053af,25904e4c-e20d-4ce8-a2b5-34fef62e1d22,IG Story,VIDEO,14.4.2026 11:45:44,MÁŠ UŽ SPLNĚNO? 🎟️,https://www.instagram.com/stories/univerzitnihokej/3875093339888473128,,851,,,
@engineersprague,facebook,afd06d1d-7b1c-4f66-8d93-ce4255ab773c,a8895c61-7cef-49f4-a6c4-9b547a6e3867,FB Story,VIDEO,4.3.2026 21:23:59,,,,,,,
@united_hk,instagram,b18c071b-0570-48b2-b743-990c668c3c5b,b4a7a568-3786-4dc1-a131-30e9c23fd8a5,IG Post,IMAGE,22.3.2026 10:22:16,"Náš kapitán Matěj Havlíček dnes slaví narozeniny.

Díky za vedení týmu a práci na ledě i mimo něj.
Užij si to, kapitáne! 🎂

🖤🧡",https://www.instagram.com/p/DWLuXkrCL2d/,,2909,61,,3
@univerzitnihokej,instagram,1e114592-3529-4cfe-9977-2598454053af,b597e161-5b20-4157-a898-fdb4d0d70126,IG Post,IMAGE,22.3.2026 18:24:32,"A jak vypadá naše tabulka před koncem základní části? 🤔
Po vedoucích Kings se drží na 2. místě Engineers, těsně za nimi Black Dogs. Akademici i BOčko mají před sebou rozhodující zápasy, stejně tak Cavaliers a Farmers. ⚔️",https://www.instagram.com/p/DWMlkVqiLo3/,,9465,210,,8
@akademiciplzen,instagram,65494228-95bf-4f7b-8e68-d47d7262db66,ba90b79a-8c58-43c1-b7f1-a20676938772,IG Reel,VIDEO,18.3.2026 18:57:23,"Jak to vypadá v kabině, když se vyhraje důležitý zápas proti UK Kings? Nálada přesně, jak má být! 🙌🏻🔥

Budeme slavit i dnes? 👀
Sleduj zápas proti @vutcavaliersbrno PRÁVĚ TEĎ na Tipsportu! 🎥

#akademiciplzen 💙",https://www.instagram.com/reel/DWCV8BRjPYk/,,6902,245,,
vsefalcons,instagram,709fceba-e311-48e7-9057-f54a587abf4a,08eab895-cc38-41ca-b2f2-474faeab2a71,IG Reel,VIDEO,28.2.2026 8:52:26,"Beloved erasmus students at our tuesday game 🌏💙

The next game is this Tuesday so come and support us in this important match 🤜🏽🤛🏽

You can get tickets on the profile 🎟️

#vsefalcons #erasmus",https://www.instagram.com/reel/DVS6hpkiH07/,,9919,183,,40
@bitvaoprahu,facebook,75e0f41f-82be-4f82-a77b-82ac11135ed2,494ddfc8-4cee-4453-b546-5179cb9b9f83,FB Video,VIDEO,13.3.2026 14:24:09,"Kterou příchuť od @vilgainczsk máš nejraději? 😋

Hoď nám do komentářů tu svoji a dej ostatním vědět, která za to prostě stojí. 👍🏼 #bitvaoprahu",https://www.facebook.com/reel/1290040026444542/,969,201,2,,
vsefalcons,instagram,709fceba-e311-48e7-9057-f54a587abf4a,52508683-c57e-4fb9-a099-6b4ca29ca6d2,IG Story,VIDEO,26.1.2026 16:33:45,,https://www.instagram.com/stories/vsefalcons/3818705808385387283,,895,,,
@hcmuni,facebook,d1f9e9f9-7526-42d4-85aa-13f91e89f7cf,c5fc929e-50ad-46e4-b6b3-d7c8366b92ef,FB Post,IMAGE,18.3.2026 7:40:11,"Derby jak Brno!💙❤️ Poslední zápas základní části bude stát za to 🐻⚔️ Tak si ho nenech ujít a přijď příští středu k nám na Lužánky!

Lístky seženeš u nás v biu🎟️",https://www.facebook.com/1581741777288398/posts/1568708061925103,567,,4,,
vsefalcons,instagram,709fceba-e311-48e7-9057-f54a587abf4a,ce8d7b7c-b763-4d86-9ccf-609509e2628a,IG Story,VIDEO,29.1.2026 18:07:06,🥧 📣,https://www.instagram.com/stories/vsefalcons/3820927104234036349,,803,,,
vsefalcons,instagram,709fceba-e311-48e7-9057-f54a587abf4a,477f1902-41c7-4c1c-a07e-72dbc337654a,IG Post,IMAGE,21.4.2026 18:39:10,"Druhá sezóna, podruhé v TOP 4 a letos rovnou s medailema na krku🥉

Byla to horská dráha a velký počet zranění nám nic neulehčoval. Sice jsme nedoletěli až na samotný vrchol, ale to, co jsme během té cesty vytvořili, má pro nás mnohem větší hodnotu.

Děkujeme všem, kteří byli součástí - fanouškům z našeho hnízda za podporu, partnerům za důvěru a všem ostatním, kteří za námi stáli - ať už na ledě nebo mimo něj. 🩵 Loučíme se a už se těšíme, co přinese příští sezóna… protože my letíme dál Vzhůru k výškám 👆🏼

Go Falcons! 🦅",https://www.instagram.com/p/DXZ2wJ7CIKb/,,10109,248,10,6
@akademiciplzen,instagram,65494228-95bf-4f7b-8e68-d47d7262db66,84f4f081-f3f7-45a2-ae2e-7d955559fe0a,IG Story,VIDEO,1.4.2026 10:38:14,"👆🏻 ⚔️ HEAD 2 HEAD KOUKNI, JAK SI OPROTI FARMÁŘŮM VEDEME",https://www.instagram.com/stories/akademiciplzen/3865637277854876991,,1798,,,
@hcmuni,facebook,d1f9e9f9-7526-42d4-85aa-13f91e89f7cf,3465f213-9708-4a8f-836b-10e9747a8259,FB Post,IMAGE,18.3.2026 9:49:13,"GAME DAY JE TADY 🔥🔥🔥 doufáme, že se uvidíme v 19:30 na Lužánkách💙👊🏻

Lístky koupíš u nás v biu🎟️

#hcmuni",https://www.facebook.com/1581741777288398/posts/1568771585252084,252,,4,,
@AkademiciPlzen,facebook,d87b94e3-03e8-45d0-b92e-75e9b819545c,53e82c91-7e70-4569-95dd-64aac6fcb314,FB Video,VIDEO,15.3.2026 19:23:05,"Queen of multitasking @kaiser_sim_ 🚴🍰

#akademiciplzen 💙",https://www.facebook.com/reel/916995060909032/,2133,951,2,,
@unitedhk,facebook,bfe6cc29-a387-41b9-9bca-b077722556af,6e2b423e-9c11-4ed3-b645-16a9c4fc39d7,FB Video,VIDEO,12.4.2026 16:04:54,"We listen and we don’t judge: Garnier edition💚

#unitedhk #unihokej #hokej",https://www.facebook.com/reel/1652145659372113/,408,136,1,,
vsefalcons,instagram,709fceba-e311-48e7-9057-f54a587abf4a,72cb3c70-a81b-470d-94a0-78c81e5dae57,IG Story,VIDEO,17.4.2026 14:57:39,,https://www.instagram.com/stories/vsefalcons/3877364120974586760,1197,1214,,1,1
@bitvaoprahu,facebook,75e0f41f-82be-4f82-a77b-82ac11135ed2,7beb4251-1b9f-4782-809a-f99c60b2bcde,FB Post,IMAGE,8.3.2026 8:00:00,"POV: Nevíš ráno co na sebe a tak se koukneš jaký bude počasí... 

Merch všech univerzitních týmů bude v prodeji na místě v den zápasu před halou! 🤝🏻",https://www.facebook.com/1441262177797849/posts/1415745487016185,275,,2,,
@riderspardubice,instagram,4d6a67ab-9313-4f77-a82e-abb18adbca5d,e64f09d0-b27d-49c5-9691-97852f80e3ed,IG Story,VIDEO,31.3.2026 20:26:56,,https://www.instagram.com/stories/riderspardubice/3865208891081038424,,610,,,1
vsefalcons,instagram,709fceba-e311-48e7-9057-f54a587abf4a,41f7bae9-6406-4d57-b63d-5da854361bd0,IG Reel,VIDEO,31.12.2025 13:38:18,"Rok s rokem se sešel a my vám klasicky přinášíme unposted highlights z tohoto roku. 😎

Děkujeme, že jste u toho byli s námi a vidíme se novém roce! 💙 A moc to dneska nepřežeňte. 🤪",https://www.instagram.com/reel/DS7f0jLCEr1/,,11380,342,13,32
@univerzitnihokej,instagram,1e114592-3529-4cfe-9977-2598454053af,eb78f87c-5a72-478b-b3c5-77d5be0d6059,IG Post,PHOTO,31.3.2026 20:13:06,Druhým postupujícím finalistou se stávají @riderspardubice 🐎,https://www.instagram.com/p/DWj8auACEvt/,,18068,324,8,39
@univerzitnihokej,instagram,1e114592-3529-4cfe-9977-2598454053af,f98c1f36-06e6-46ed-abbf-2cc7e859eb06,IG Story,VIDEO,17.4.2026 16:33:25,,https://www.instagram.com/stories/univerzitnihokej/3877412459950654429,,1590,,,
@hc_muni,instagram,43cd62c8-609d-4ea6-8ce9-cae5242ede0c,6d62e519-4dad-43f5-9a06-1d030d840ddd,IG Post,IMAGE,4.3.2026 9:45:33,"GAMEDAY JE TADY!🔥 Už dneska vyzveme sousedy v tabulce @riderspardubice v bitvě o důležité 3 body⚔️
U toho nesmíš chybět!🐻💙

Lístky seženeš u nás v biu🎟️",https://www.instagram.com/p/DVdT3hXjGR1/,,3282,47,,1
@bitvaoprahu,instagram,d7c8aa06-74fb-4c6c-a7d2-c2fe1bf6d59c,9e4b6594-ced2-4a41-a66c-23f7898a2786,IG Reel,VIDEO,13.3.2026 6:18:39,"Fantastický finálový večer a strhující podívaná, opět díky vám! 🙏🏼🚀

MOC DĚKUJEME! 💯 #bitvaoprahu 🔜 @unihokejfinalfour",https://www.instagram.com/reel/DV0HFSkjNAA/,,28374,743,,34
@univerzitnihokej,instagram,1e114592-3529-4cfe-9977-2598454053af,d53528b9-053d-4c9e-b77a-bdb2cb6d8b3c,IG Story,IMAGE,17.4.2026 16:33:38,,https://www.instagram.com/stories/univerzitnihokej/3877412582871673841,,1626,,,5
vsefalcons,instagram,709fceba-e311-48e7-9057-f54a587abf4a,9799f26e-a536-4345-9e54-481ebeabf46c,IG Story,IMAGE,2.3.2026 19:03:08,0 1 Daniel,https://www.instagram.com/stories/vsefalcons/3844148158662202080,633,805,,,
@riderspardubice,instagram,4d6a67ab-9313-4f77-a82e-abb18adbca5d,1d7cc955-2dd2-405d-8f76-16b4a0950310,IG Post,IMAGE,17.4.2026 16:28:18,Otočíme to v poslední třetině? 🤯,https://www.instagram.com/p/DXPU70zjPNL/,,4793,84,,8
@riderspardubice,instagram,4d6a67ab-9313-4f77-a82e-abb18adbca5d,2b205c23-b44a-4fb2-8100-4889c5102b07,IG Reel,VIDEO,12.4.2026 18:01:12,Rozhodující gól od @beny_m15 🥅🏒,https://www.instagram.com/reel/DXCngfKDKP7/,,13862,505,15,29
@riderspardubice,instagram,4d6a67ab-9313-4f77-a82e-abb18adbca5d,63eddb34-8635-4865-b659-767cf4588628,IG Story,VIDEO,8.4.2026 19:00:44,"@63skorpiz 
a jeho maska  @garnier_czsk 🚿",https://www.instagram.com/stories/riderspardubice/3870963635460325034,,542,,,
@engineersprague,facebook,afd06d1d-7b1c-4f66-8d93-ce4255ab773c,9948380b-421a-4d9d-a31b-b9f8e6d39e97,FB Story,IMAGE,10.3.2026 19:34:55,,,,,,,
@univerzitnihokej,instagram,1e114592-3529-4cfe-9977-2598454053af,9e601a09-c84f-49db-aaf7-a3dfb30ab0c6,IG Post,IMAGE,12.3.2026 15:59:57,FANZÓNA SE PLNÍ 👀🫨 Za chvíli začíná @bitvaoprahu 🔥,https://www.instagram.com/p/DVylEorCPhg/,,23436,694,,35
@riderspardubice,instagram,4d6a67ab-9313-4f77-a82e-abb18adbca5d,3a649657-9208-41bb-bb78-12125587c661,IG Post,PHOTO,31.3.2026 21:26:22,Postupujeme do finále Play-in!!!!!! Pište do komentáře“🥳”!,https://www.instagram.com/p/DWkFa9TDBg-/,,3821,101,,8
@riderspardubice,facebook,f99ed6c3-17cc-46f4-a32e-d9b0576ce2df,4773d426-c74d-43ea-996c-fef85d992be8,FB Video,VIDEO,23.3.2026 13:30:27,"Svůj zápas dnes @hcpce hraje v Brně a my jim držíme palce a my si to dnes střihneme na domácím ledě v enteria areně! 

🎟️ Vstupenky koupíš přes odkaz v BIU!",https://www.facebook.com/reel/1483183203521829/,10347,4632,73,,
vsefalcons,instagram,709fceba-e311-48e7-9057-f54a587abf4a,7ddb35eb-415b-47f1-b194-bfab7bf478b2,IG Reel,VIDEO,17.2.2026 20:05:25,"O přestávce patřil led malé krasobruslařce z @skk.sparta ⛸️✨ K olympiádě neodmyslitelně tento sport patří a u nás nemohl chybět. 

Děkujeme za vystoupení! 🫶🏻",https://www.instagram.com/reel/DU3yhVACPgN/,,6228,182,3,5
univerzitnihokej,tiktok,01c88cf9-594f-408e-a45a-95114221acae,9310264b-89f1-4d1c-8f4b-5f11773d56e2,TT Video,VIDEO,16.4.2026 18:53:49,Otočí @ČVUT Engineers Prague 🦁 vývoj zápasu? 🧐,https://www.tiktok.com/@univerzitnihokej/video/7629432258956479766?utm_campaign=tt4d_open_api&utm_source=7348986504397455361,,971,40,,1
@AkademiciPlzen,facebook,d87b94e3-03e8-45d0-b92e-75e9b819545c,a17448b7-fdf9-419e-86b0-7e54f3022c3a,FB Video,VIDEO,4.3.2026 17:21:22,"JDEME NA TO! 🔥💙 

#akademiciplzen #jarnibitva",https://www.facebook.com/reel/1977181226526819/,1824,759,12,,
@univerzitnihokej,facebook,01b45180-0b14-4a14-96e8-d0a4bab1fb9f,d4d3407b-722b-456c-9fd8-4128dfe60578,FB Post,IMAGE,2.4.2026 19:40:11,Poslední finálový duel se odehraje pro změnu v Budějovicích! Postaví se proti sobě Black Dogs a Falcons 🔥,https://www.facebook.com/1275398168115026/posts/1276787177976125,687,,8,,
@univerzitnihokej,instagram,1e114592-3529-4cfe-9977-2598454053af,b7bc22d3-d4b3-4db1-ad08-fa5ee2fbb176,IG Story,IMAGE,17.4.2026 20:16:53,,https://www.instagram.com/stories/univerzitnihokej/3877524946648995913,,1357,,,
@univerzitnihokej,facebook,01b45180-0b14-4a14-96e8-d0a4bab1fb9f,4032ba39-f9e2-4805-a788-7f999997e31b,FB Video,VIDEO,12.3.2026 23:08:11,@ukkingsprague jeden pohár prostě nestačí! Naprostí vládci Prahy a zároveň vítězové základní části! 🏆,https://www.facebook.com/reel/1964093797791432/,1446,704,38,,
vsefalcons,instagram,709fceba-e311-48e7-9057-f54a587abf4a,404b5c37-32f8-4467-97bd-15e3ab681870,IG Story,VIDEO,4.5.2026 7:59:14,,https://www.instagram.com/stories/vsefalcons/3889474720521259859,682,94,,,
vsefalcons,instagram,709fceba-e311-48e7-9057-f54a587abf4a,701b0966-c328-4e9e-8f81-62f753c9fa29,IG Story,VIDEO,10.2.2026 18:37:43,@_klobrc  PODPORA NEJVĚTŠÍ I KDYŽ NEMŮŽE BÝT NA LEDĚ 🤕 🫶🏻,https://www.instagram.com/stories/vsefalcons/3829639854917472427,,963,,,2
@univerzitnihokej,instagram,1e114592-3529-4cfe-9977-2598454053af,c6277f06-38dd-4cb5-a244-7bcc17c53a0b,IG Post,IMAGE,11.3.2026 21:34:56,ZOTT nejhladovější hráč @pastak22 🥛Otevřel skóre zápasu a teď si otevře zásobu ZOTT HUNGRY 🤤,https://www.instagram.com/p/DVwmBAVCH-X/,,9020,167,,20
@engineersprague,facebook,afd06d1d-7b1c-4f66-8d93-ce4255ab773c,cf1076d7-f66c-4b5a-a595-f3617d2d0dc6,FB Post,PHOTO,10.3.2026 21:38:40,"2 body jsou naše! Po samostatných nájezdech si odvážíme z Kateřinek cenné body 🔥.  Hlavní vrchol týdne nás ale ještě čeká, Bitva o Prahu je za dveřmi. Vidíme se ve čtvrtek ENGPRG 💙.",https://www.facebook.com/1560924572517692/posts/1542007354409414,726,,6,,
@cvutengineers,instagram,11963a07-7f0f-48e6-9d81-aa63a7ff4a04,0e73565a-55ae-41d3-84db-e55ce69baeee,IG Story,VIDEO,17.4.2026 16:50:27,,https://www.instagram.com/stories/cvutengineers/3877420669462180363,,1531,,,
@univerzitnihokej,instagram,1e114592-3529-4cfe-9977-2598454053af,3d7332e6-7d17-4998-8674-97ed98fd1871,IG Post,IMAGE,30.3.2026 16:04:21,Všechny zápasy PLAY-IN sledujte živě na @sport_ct ➕📺 Program zápasů u nás na profilu! 👆🏻,https://www.instagram.com/p/DWg7kpNiKbw/,,12615,147,,26
vsefalcons,instagram,709fceba-e311-48e7-9057-f54a587abf4a,e846bbe6-c72a-4c07-a2e5-0f0128a2ef25,IG Story,VIDEO,31.3.2026 16:02:21,*a nebo školní lavice 📺,https://www.instagram.com/stories/vsefalcons/3865075649786453038,987,952,,,
vsefalcons,instagram,709fceba-e311-48e7-9057-f54a587abf4a,f6b10d27-0725-4bec-9a9a-8e7d616c0dbb,IG Story,IMAGE,13.3.2026 16:20:44,,https://www.instagram.com/stories/vsefalcons/3852038927054045775,873,838,,,
@hcnorthwings,facebook,2b08a479-603b-46e4-8a48-2bc0435ccd53,a344c298-88ce-4293-a767-22f38fad9832,FB Post,IMAGE,15.4.2026 11:52:25,"Za měsíc STARTUJE Mistrovství světa v ledním hokeji 🏒🏆
Univerzitní amfiteátr 🏟 bude opět vysílat vybrané přenosy českého národního týmu 🇨🇿 v jedinečné atmosféře pod širým nebem 🌤
Čeká Vás FANZÓNA se soutěžemi a tipováním výsledku 🥅 utkání o ceny 🎁
Občerstvení 🍺 beer&grill 🌭 zajistí opět naše Kavárna Kampuska 🍰
Těšíme se na Vás všechny 🙂

#myjsmeujep #mistrovstvisveta #icehockey",https://www.facebook.com/1583651910433365/posts/1596312495833973,596,,3,,
@riderspardubice,instagram,4d6a67ab-9313-4f77-a82e-abb18adbca5d,63e06f48-5f3c-4a65-b2cc-20270a5a143b,IG Story,VIDEO,12.4.2026 12:18:38,2:0,https://www.instagram.com/stories/riderspardubice/3873660704339527517,,1087,,,
@akademiciplzen,instagram,65494228-95bf-4f7b-8e68-d47d7262db66,74542f05-93a7-40a5-93a7-2a79d6e12dcb,IG Reel,VIDEO,2.3.2026 14:45:56,"UŽ JEN 2 DNY! ⏳ Neříkejte nám, že ještě nemáte lístek. 🤫 

Poslední šance to napravit je PRÁVĚ TEĎ! 

Nechceme slyšet žádné výmluvy, chceme vás slyšet na tribunách! 😉💙 

🎟️ Lístky v biu.

#akademiciplzen #jarnibitva",https://www.instagram.com/reel/DVYroZdDAxX/,,5404,143,,4
@univerzitnihokej,instagram,1e114592-3529-4cfe-9977-2598454053af,80174fd5-9ce6-4c02-b590-3913d338e1a2,IG Reel,VIDEO,12.3.2026 17:02:46,#unihokej partneři baví fans v zóně! 🙌🏻🥰,https://www.instagram.com/reel/DVysB6ViC7O/,,4932,43,,13
vsefalcons,instagram,709fceba-e311-48e7-9057-f54a587abf4a,74285ef7-1d60-461a-8c6b-28816fd2212f,IG Post,IMAGE,2.3.2026 21:59:30,Z Budějc se dnes vracíme bez bodů 🤕,https://www.instagram.com/p/DVZeRYkCG30/,,1508,20,,
vsefalcons,instagram,709fceba-e311-48e7-9057-f54a587abf4a,cd3b8b11-d211-4e2d-b930-f6c3c54b31af,IG Story,VIDEO,3.3.2026 21:24:11,3 bodíky domaaa,https://www.instagram.com/stories/vsefalcons/3844943929909182768,645,791,,,
@hcnorthwings,facebook,2b08a479-603b-46e4-8a48-2bc0435ccd53,f340e485-3738-4cf1-b4e6-ca713a282154,FB Video,VIDEO,16.3.2026 17:20:54,"Ve STŘEDU NAPOSLEDY 🥺

Středa 18. od 18:00 – to si zapište za uši a přijďte si s námi užít #LASTDANCE. 🏒🔥

Poslední domácí zápas sezóny, to si NESMÍTE nechat ujít!🍻

⏰ středa 18.03.2026 | 18:00
📍 Zimní stadion Ústí nad Labem
⚔️ @united_hk 

#univerzitnihokej #myjsmeujep #ceskyhokej #lastdance",https://www.facebook.com/reel/916545467939399/,1176,555,6,,
@unitedhk,facebook,bfe6cc29-a387-41b9-9bca-b077722556af,4a8524e7-a066-475d-9e5b-fece2a335313,FB Video,VIDEO,23.3.2026 16:31:16,"KFC kyblík. Kreativita bez limitů🍗🔥
Jídlo, kbelík… a najednou máš půlku studentského vybavení👩‍🎓
Jak ho využiješ ty?👀
#kfc #kfcplechovykyblik #unitedhk #unihokej",https://www.facebook.com/reel/946238847873993/,719,306,1,,
vsefalcons,instagram,709fceba-e311-48e7-9057-f54a587abf4a,5af70354-36e3-4794-8bdd-8a905d657ba5,IG Story,VIDEO,26.1.2026 13:58:47,BALÍME SE 🔜 Hluboká nad Vltavou 👋🏻,https://www.instagram.com/stories/vsefalcons/3818627864602403592,,1323,,,2
@riderspardubice,instagram,4d6a67ab-9313-4f77-a82e-abb18adbca5d,9403a1ec-6f6a-43ef-9bdd-f6c9205c19e2,IG Post,IMAGE,1.4.2026 18:42:12,"Jdeme do finále play-in, a to si určitě zaslouží vybavit se našim dresem! 😍

Stačí si přes náš odkaz v BIU založit účet u ČSOB, do soukromé zprávy nám napiš “hotovo” a po kontrole čísla účtu ti předáme dres Riders! 

Tohle je šance vybavit se na finále play-in a získat výhody účtu u ČSOB! 🤩

*Soutěž platí pouze do rozdání zásob - konec zásob oznámíme v komentáři pod tímto příspěvkem.",https://www.instagram.com/p/DWmWE5RjH8m/,,4284,26,,3
vsefalcons,instagram,709fceba-e311-48e7-9057-f54a587abf4a,958c2120-8df3-4dfe-986f-74d7e1281f6c,IG Reel,VIDEO,14.2.2026 13:40:17,"Láska prochází žaludkem“ 🍽️
Ale projde i testem znalostí? 👀 Jak dobře znají hráči svoje přítelkyně? 

Doufáme, že jsme nikomu z nich nepokazili Valentýn! ❤️‍🩹",https://www.instagram.com/reel/DUvYAAxCExs/,,11424,186,9,33
@bitvaoprahu,facebook,75e0f41f-82be-4f82-a77b-82ac11135ed2,a628a417-aba7-4e5f-8dfe-74e6304925cf,FB Post,ALBUM,14.3.2026 16:18:24,"🇨🇿 THIS SHOW HAD IT ALL! 🪩❤️‍🔥

@foundsoundofficial | 📸 @radekkasik1 | #bitvaoprahu",https://www.facebook.com/1441262177797849/posts/1421782936412440,307,,1,,
vsefalcons,instagram,709fceba-e311-48e7-9057-f54a587abf4a,d9263d6b-01e5-450a-a89c-4fce6984d4f5,IG Story,VIDEO,8.4.2026 15:58:08,➡️⬅️⬆️⬇️↗️↘️↙️↖️,https://www.instagram.com/stories/vsefalcons/3870871751529879128,948,876,,,3
vsefalcons,instagram,709fceba-e311-48e7-9057-f54a587abf4a,ee6a4740-3f53-478f-ba30-0f135d8047c4,IG Story,IMAGE,16.4.2026 19:51:44,,https://www.instagram.com/stories/vsefalcons/3876787520222532958,1071,706,,,
@riderspardubice,instagram,4d6a67ab-9313-4f77-a82e-abb18adbca5d,b22fc17d-1e2f-4b2e-bb3e-695de8e35723,IG Post,IMAGE,20.3.2026 13:00:00,"Vousy + teplákovka = Kopec 

Tak doraž na poslední domácí zápas semestru ve vousech i ty! 

🎟️ Vstupenky koupíš přes odkaz v BIU!",https://www.instagram.com/p/DWG22N7DPMg/,,3873,59,1,19
@riderspardubice,instagram,4d6a67ab-9313-4f77-a82e-abb18adbca5d,56c3117d-cdf1-4baa-bd7c-757784bb8894,IG Story,VIDEO,17.4.2026 16:53:30,JE TAM! ❤️‍🔥,https://www.instagram.com/stories/riderspardubice/3877422393790833899,,882,,,1
vsefalcons,instagram,709fceba-e311-48e7-9057-f54a587abf4a,aaab2766-b07e-44fc-8d13-33b96a0f45ce,IG Story,VIDEO,21.1.2026 14:39:32,⤵️ DENNÍ DÁVKA ROZTOMILOSTI,https://www.instagram.com/stories/vsefalcons/3815024429562890599,,881,,,
@cvutengineers,instagram,11963a07-7f0f-48e6-9d81-aa63a7ff4a04,98b759b0-aa78-493c-94e2-ff5e8aa64831,IG Story,VIDEO,8.4.2026 21:57:53,,https://www.instagram.com/stories/cvutengineers/3871052789158040298,,332,,,
vsefalcons,instagram,709fceba-e311-48e7-9057-f54a587abf4a,f99fe662-7037-4895-9586-e876b8956fa5,IG Story,VIDEO,10.1.2026 16:51:45,,https://www.instagram.com/stories/vsefalcons/3807118473663350345,,753,,,
@bitvaoprahu,facebook,75e0f41f-82be-4f82-a77b-82ac11135ed2,57f6e411-b4aa-4e2f-8a94-de12d3604c5d,FB Video,VIDEO,12.3.2026 13:59:20,"Udělej dneska na Bitvě dobrej skutek! ❤️‍🩹

Přímo na hale za sektorem UK a ČZU najdeš zápisová místa do registru dárců kostní dřeně. Tak se tam zastav! 👊🏼",https://www.facebook.com/reel/1455435872692611/,389,116,1,,
@218107044725785,facebook,7a942e3e-6c47-4794-9ba7-bbc7b6d40cb3,a16ecae5-6b6d-49ab-b5b9-6108cd7ca5b3,FB Video,VIDEO,13.4.2026 17:42:26,"Final four ve zkratce: dva dny, zábava, atmosféra a hlavně BOJ O TITUL ‼️

U toho prostě nesmíš chybět 💪🏼 Vstupenky koupíš na finalfour.cz 🎟️ Kód VSEFANS pro slevičku 🤫 

#vsefalcons #finalfour",https://www.facebook.com/reel/1456213492646773/,631,226,9,,
@univerzitnihokej,facebook,01b45180-0b14-4a14-96e8-d0a4bab1fb9f,b3fd9cc1-b6b1-4dff-b6b0-cec7342ef85d,FB Post,IMAGE,12.4.2026 8:25:26,"Šanci na poslední volné místo ve Final Four dnes dostávají Black Dogs a Riders 🙌🏼
Kdo z nich ji využije a doplní tak finálovou čtyřku? 🥵",https://www.facebook.com/1275398168115026/posts/1284047603916749,380,,2,,
@riderspardubice,facebook,f99ed6c3-17cc-46f4-a32e-d9b0576ce2df,b6d16fd4-9ec9-48f8-bc17-5b1b98bbb912,FB Post,IMAGE,4.3.2026 21:00:59,Důležitý zápas VYHRÁN! Další 3 body jsou v Pardubicích!💪🏼🥳,https://www.facebook.com/1592662819534019/posts/1567950005338634,338,,8,,
@riderspardubice,facebook,f99ed6c3-17cc-46f4-a32e-d9b0576ce2df,3eae6011-856f-4054-ad5c-6ff60acd2708,FB Video,VIDEO,27.3.2026 13:04:58,"💸 100 000 Kč může být tvých!

Stačí si založit účet u @csob přes náš odkaz v biu a jsi ve hře 👇

👉 automaticky jdeš do slosování o 100 000 Kč
👉 můžeš získat až 1 500 Kč bonus
👉 a spoustu dalších výhod 

A jo… losujeme už brzy ⏳

Takže jestli to chceš stihnout, je ideální čas 👀

🔗 odkaz v biu",https://www.facebook.com/reel/1238646718380244/,497,166,3,,
@united_hk,instagram,b18c071b-0570-48b2-b743-990c668c3c5b,4b0c68ca-6fb5-4ed6-a632-f4ea090bb099,IG Story,VIDEO,12.4.2026 11:41:04,,https://www.instagram.com/stories/united_hk/3873641316160644267,,694,,,
vsefalcons,instagram,709fceba-e311-48e7-9057-f54a587abf4a,79819629-946f-4642-bb01-75fac989f2d2,IG Story,IMAGE,17.2.2026 19:32:27,1 1 Strnad,https://www.instagram.com/stories/vsefalcons/3834740804627776261,618,775,,,
vsefalcons,instagram,709fceba-e311-48e7-9057-f54a587abf4a,c5f1e16e-3044-49a6-95e9-95e2fc5579f3,IG Story,VIDEO,8.4.2026 15:56:51,👋🏼,https://www.instagram.com/stories/vsefalcons/3870871094156606099,963,933,,,1
vsefalcons,instagram,709fceba-e311-48e7-9057-f54a587abf4a,ad5bde8e-f6f0-4043-992a-ce53c6075d59,IG Post,IMAGE,13.4.2026 14:09:15,"Justin i během vystoupení fandí Falcons. Justin je cool. Buď cool jako Justin a fandi ve čtvrtek Falcons 🦅

👉🏼 Vstupenky na @unihokejfinalfour seženeš na profilu a s kódem “VSEFANS” máš slevu 15 % 🤑",https://www.instagram.com/p/DXEx13oCOxq/,,3619,116,,11
@engineersprague,facebook,afd06d1d-7b1c-4f66-8d93-ce4255ab773c,d8b061dc-320f-4228-be75-09630e602be2,FB Story,VIDEO,2.3.2026 20:06:33,,,,,,,
@univerzitnihokej,instagram,1e114592-3529-4cfe-9977-2598454053af,e95f3c59-cc11-43d5-8f09-f7728aba09f9,IG Story,VIDEO,12.4.2026 13:04:38,OD ZÍTRA ZDRAŽUJEME SAMOSTATNÉ VSTUPENKY 💸,https://www.instagram.com/stories/univerzitnihokej/3873683498678616231,,1239,,,2
@riderspardubice,instagram,4d6a67ab-9313-4f77-a82e-abb18adbca5d,999b687b-c867-4587-a6d9-a9eea43c61e8,IG Story,VIDEO,17.4.2026 15:36:06,,https://www.instagram.com/stories/riderspardubice/3877383460004618084,,929,,,
@218107044725785,facebook,7a942e3e-6c47-4794-9ba7-bbc7b6d40cb3,c17c0b5b-8e50-4998-b7a5-3a6c1592fcf2,FB Video,VIDEO,12.3.2026 8:33:56,"Je to TADY! 🔥
Dneska vás chceme vidět i slyšet. Protože… kdo neskáče, není Falcon! 🦅",https://www.facebook.com/reel/1045772441946417/,676,278,9,,
@AkademiciPlzen,facebook,d87b94e3-03e8-45d0-b92e-75e9b819545c,96ff165f-0d04-40a0-87fb-72b11851e121,FB Post,IMAGE,4.3.2026 11:28:14,"Co na dnešní utkání říká kapitán týmu Jakub Šucha? 🎤

Buďte u důležitého utkání s námi a pomozte nám vyhrát! 
Otevíráme FANZÓNU už v 17:30. 🤹
Poslední lístky najdeš v biu a na plzenskabitva.cz, nebo nás sleduj v 18:50 na ČT sport! 📺

#akademiciplzen 💙",https://www.facebook.com/1357105236437494/posts/1334479805366704,682,,5,,
vsefalcons,instagram,709fceba-e311-48e7-9057-f54a587abf4a,1ef6d706-2fcf-4ffc-8630-e1fb10a4fd05,IG Story,VIDEO,17.4.2026 17:52:04,BRONZ JE NÁŠ 🥉,https://www.instagram.com/stories/vsefalcons/3877451926900372873,1446,1246,,1,7
@218107044725785,facebook,7a942e3e-6c47-4794-9ba7-bbc7b6d40cb3,423ed249-10c7-4ddf-90b5-e6ab9941984e,FB Post,IMAGE,18.4.2026 20:27:15,"1st Final Four, 2nd Season, 3rd Place 🥉✌🏼",https://www.facebook.com/122282816036218300/posts/122284700882218300,1126,,44,,
@akademiciplzen,instagram,65494228-95bf-4f7b-8e68-d47d7262db66,5c07a949-b3da-4278-9239-014260464bfd,IG Story,VIDEO,15.4.2026 13:48:34,JAK SI VEDL KUBA PROTI KRASOBRUSLAŘCE MÁJE? 🧐,https://www.instagram.com/stories/akademiciplzen/3875880024209680330,,1256,,,
@hc_muni,instagram,43cd62c8-609d-4ea6-8ce9-cae5242ede0c,a7bd5784-9f89-4cc8-886f-3236bf4cd868,IG Reel,VIDEO,8.3.2026 11:32:39,"Náš starting grid je připraven!!!🐻🚨💙Tak kdo to letos vyhraje?🏁🏎️
Napiš do komentáře! 💬

#hcmuni",https://www.instagram.com/reel/DVny7GRjCcs/,,5297,133,1,31
@hcnorthwings,facebook,2b08a479-603b-46e4-8a48-2bc0435ccd53,f3141484-1c04-490e-9c50-af9557cfa14d,FB Video,VIDEO,19.3.2026 8:11:29,🎥 | Přinášíme sestřih branek 25. kola @univerzitnihokej ve kterém studenti @ujepul - HC North Wings podlehli celku @united_hk na domácím ledě v poměru 3:5🏒 #univerzitnihokej,https://www.facebook.com/reel/1239877411629570/,240,58,2,,
@riderspardubice,instagram,4d6a67ab-9313-4f77-a82e-abb18adbca5d,9c45b901-55db-4119-aee7-b054a203a41f,IG Story,VIDEO,14.4.2026 11:45:42,,https://www.instagram.com/stories/riderspardubice/3875093319420526450,,548,,,1
@hc_muni,instagram,43cd62c8-609d-4ea6-8ce9-cae5242ede0c,bd1cb14b-e0ae-4719-96c7-5e602de178f9,IG Post,IMAGE,5.3.2026 10:24:03,"Včerejší divoká přestřelka ve fotkách🔥🎯 Děkujeme všem za podporu, vidíme se příští týden opět u nás na Lužánkách🐻💙

📸 @zdeny_99 

#hcmuni",https://www.instagram.com/p/DVf9EW_CLFJ/,,7854,174,,17
@riderspardubice,instagram,4d6a67ab-9313-4f77-a82e-abb18adbca5d,7d35dfe1-286d-4cf6-9605-c4b467c3f293,IG Story,VIDEO,12.4.2026 12:25:08,@d.dostal_ OPĚT V AKCI🔥 2:0,https://www.instagram.com/stories/riderspardubice/3873663637189884700,,1086,,,1
@vutcavaliersbrno,instagram,b384bebf-72f3-4f9d-8b2d-3677709f6966,a0022f37-93ab-44ac-a55e-a93c693b1864,IG Reel,REEL,18.3.2026 9:57:05,@ada.behal on 🔥,https://www.instagram.com/reel/DWBYPcGiKjL/,,3413,88,,3
vsefalcons,instagram,709fceba-e311-48e7-9057-f54a587abf4a,0ccb653d-0619-4c3f-ae1c-eb28ac0154a8,IG Post,IMAGE,9.12.2025 22:15:55,"Je potřeba tohle vůbec komentovat?

😮‍💨🫶🏼🦅",https://www.instagram.com/p/DSDyLAcCLjt/,,10818,204,3,32
vsefalcons,instagram,709fceba-e311-48e7-9057-f54a587abf4a,27f6690e-25ba-4638-9d3a-837cdee47cd8,IG Story,VIDEO,10.3.2026 19:38:48,2:0,https://www.instagram.com/stories/vsefalcons/3849964317156344248,801,,,,4
@hc_muni,instagram,43cd62c8-609d-4ea6-8ce9-cae5242ede0c,e614c142-2396-433d-9e38-e2d3eaa2432d,IG Reel,REEL,24.3.2026 8:31:22,"Nabíhejte na náš LAST DANCE sezóny proti VUT❗️🔥

středa 19:30 📍Lužánky

Lístky koupíš u nás v biu 🎟️
#hcmuni",https://www.instagram.com/reel/DWQqqgmAPkn/,,17449,665,2,106
@AkademiciPlzen,facebook,d87b94e3-03e8-45d0-b92e-75e9b819545c,c7e9610d-c73e-4fdc-bbbb-c4c8af509183,FB Video,VIDEO,9.3.2026 18:17:38,"Generální manažer a trenér @beerik09 v rozhovoru pro @sport_ct o tom, kam se @univerzitnihokej za poslední roky posunul. 🚀🚀🚀

#akademiciplzen",https://www.facebook.com/reel/2340317439768907/,1202,505,14,,
@univerzitnihokej,facebook,01b45180-0b14-4a14-96e8-d0a4bab1fb9f,0e786a72-7e2d-41e9-a45e-6c65f5ad2fc1,FB Post,IMAGE,1.4.2026 19:25:07,Farmers dnes podruhé překvapili Akademiky a v prodloužení si vybojovali postup do finále PLAY-IN! 🚀,https://www.facebook.com/1275398168115026/posts/1275944744727035,742,,6,,
@akademiciplzen,instagram,65494228-95bf-4f7b-8e68-d47d7262db66,5185c77d-2011-4c8c-b4d7-981d21495110,IG Story,VIDEO,1.4.2026 10:30:58,🎫 @_rihastepan_ @lokajda2 @honza_sibra @kuba_stochl  @_jakubsucha_ @morawetzmates @martin_fort23 @t_pain_6 @uts.zcu @zcuplzen @ifmsa_cz_plzen @medicivakci @akademicifans @iaeste_zcu_pilsen @benisek_jiri @blaha_8 @ondrej_culek @hajsmi20 @v.holomoj @lesa_matousek,https://www.instagram.com/stories/akademiciplzen/3865633621461993611,,4031,,,10
@engineersprague,facebook,afd06d1d-7b1c-4f66-8d93-ce4255ab773c,566b9f46-36a9-4772-a15b-423859e88664,FB Story,VIDEO,2.3.2026 18:10:34,,,,,,,
@akademiciplzen,instagram,65494228-95bf-4f7b-8e68-d47d7262db66,93a41734-dc83-4c61-8d5a-34ff89959764,IG Story,VIDEO,31.3.2026 19:29:55,"PŘIPRAVENI NA VŠECHNY MODELY ZETORŮ, SE KTERÝMI @czufarmers  ZÍTRA DORAZÍ! 🚜🚜🚜 NA POMOC DORAZIL @tomas_ceperko 🎓",https://www.instagram.com/stories/akademiciplzen/3865180122777441259,,1597,,,1
vsefalcons,instagram,709fceba-e311-48e7-9057-f54a587abf4a,af986f1d-b2fa-4bf4-8590-d6365a7bc17d,IG Story,VIDEO,14.4.2026 7:30:29,i say DISCO you say PARTY 🪩 🕺🏽,https://www.instagram.com/stories/vsefalcons/3874966378524495199,633,731,,,
@cvutengineers,instagram,11963a07-7f0f-48e6-9d81-aa63a7ff4a04,19c7dda1-02a4-406e-907b-0adb86cfbf8e,IG Story,VIDEO,8.4.2026 20:09:02,JDEME NA NÁJEZDY,https://www.instagram.com/stories/cvutengineers/3870998040379414551,,698,,,3
@univerzitnihokej,facebook,01b45180-0b14-4a14-96e8-d0a4bab1fb9f,50cf437a-f87f-4054-9708-4d57016208ca,FB Post,IMAGE,11.3.2026 11:20:20,Brno nebo Ostrava. Kdo dnes ovládne Moravské derby? 🫨,https://www.facebook.com/1275398168115026/posts/1258671556454354,1333,,,,
@riderspardubice,instagram,4d6a67ab-9313-4f77-a82e-abb18adbca5d,5509176b-971a-4b47-8603-bf63f083fadd,IG Post,IMAGE,20.3.2026 15:47:58,"Hey Erasmus students! 🌍✨

Looking for a unique Czech student experience? Join us for an unforgettable night full of energy, emotions, and true university spirit! 🏒🔥

Come and enjoy a University Hockey Derby – a traditional rivalry between two neighboring cities, Pardubice and Hradec Králové. Expect loud fans, minigames for fans and an incredible atmosphere you don’t want to miss!

📅 March 23
🕢 7:45 PM
📍 Enteria Arena, Pardubice

This game is also special as it’s the last home match of the regular season – and a final farewell to two key players of the Riders team. Let’s give them a proper send-off together ❤️

🎟️ Get your ticket in BIO!",https://www.instagram.com/p/DWHJ6CjDP8A/,,1914,33,,4
vsefalcons,instagram,709fceba-e311-48e7-9057-f54a587abf4a,184ff755-11e1-4605-9be4-e7246f623528,IG Story,VIDEO,24.2.2026 18:51:39,,https://www.instagram.com/stories/vsefalcons/3839793726084393698,699,944,,,
@riderspardubice,facebook,f99ed6c3-17cc-46f4-a32e-d9b0576ce2df,36b84d4d-9af3-4d2d-912d-4736e416d51e,FB Post,IMAGE,2.3.2026 21:21:00,Dnešní duel s @cvutengineers bohužel nevyšel.😭,https://www.facebook.com/1592662819534019/posts/1566184132181888,161,,,,
@riderspardubice,instagram,4d6a67ab-9313-4f77-a82e-abb18adbca5d,d1f4a5c3-83ba-4c5c-8d1a-4d3d650ef17a,IG Story,VIDEO,17.4.2026 21:48:07,,https://www.instagram.com/stories/riderspardubice/3877570719664358445,,503,,,
vsefalcons,instagram,709fceba-e311-48e7-9057-f54a587abf4a,99e1476d-737c-4c25-a9e1-e7c7872272bc,IG Story,IMAGE,12.3.2026 17:41:37,"7 3 Jurak 2x
Vosmík 2x",https://www.instagram.com/stories/vsefalcons/3851354861354909138,1381,1209,,,2
@univerzitnihokej,instagram,1e114592-3529-4cfe-9977-2598454053af,215b7bf3-b72a-485e-b6c9-69120fe9f570,IG Story,VIDEO,8.4.2026 19:17:14,JDEME DO 3. TŘETINY,https://www.instagram.com/stories/univerzitnihokej/3870971935274332608,,722,,,
@univerzitnihokej,instagram,1e114592-3529-4cfe-9977-2598454053af,6e7b379d-8cce-4074-be9c-5f4b86e5d3aa,IG Story,VIDEO,12.4.2026 14:37:32,HLAVNĚ V KLIDU,https://www.instagram.com/stories/univerzitnihokej/3873730288161439794,,1131,,,
vsefalcons,instagram,709fceba-e311-48e7-9057-f54a587abf4a,8735f8f6-f1fe-49fa-a749-1d405513cd68,IG Story,IMAGE,30.3.2026 9:28:30,@united_hk protože zítra hrajou poslední zápas sezony,https://www.instagram.com/stories/vsefalcons/3864152658403706348,,,,,
@218107044725785,facebook,7a942e3e-6c47-4794-9ba7-bbc7b6d40cb3,685f3236-2784-4b77-ae13-f6a150cdb192,FB Post,IMAGE,12.4.2026 19:29:57,"Soupeř, čas i místo jsou jasné. Semifinále @unihokejfinalfour sehrajeme proti @cvutengineers , které dobře známe 👊🏼

Teď vás potřebujeme víc, než kdy jindy. 👉🏼🏆

Vstupenky na finalfour.cz
SLEVOVÝ KÓD: VSEFANS 🤑",https://www.facebook.com/122282816036218300/posts/122283676142218300,218,,9,,
@riderspardubice,facebook,f99ed6c3-17cc-46f4-a32e-d9b0576ce2df,c1137bf1-89e4-4132-8eec-19baa69b9cfd,FB Post,IMAGE,9.3.2026 22:29:34,"Dnes se zadařilo!🥳 Sice po prodloužení, ale 2 další body jsou v tabulce!",https://www.facebook.com/1592662819534019/posts/1572165208250447,192,,6,,
@riderspardubice,instagram,4d6a67ab-9313-4f77-a82e-abb18adbca5d,a55bf17b-4c66-4c1f-a39d-b1258bec408b,IG Story,VIDEO,1.4.2026 10:38:37,,https://www.instagram.com/stories/riderspardubice/3865637468670588170,,699,,,
@BOhokej,facebook,c9082543-a03b-490f-8f97-66d439acce89,03816dfd-811a-436b-81d4-3e2b25102f44,FB Post,IMAGE,14.4.2026 10:26:04,"Rádi bychom poděkovali trenérovi Honzovi Dětskému za tři úspěšné roky, které jsme mohli strávit pod jeho vedením.
Děkujeme za jeho přístup, podporu, trpělivost i nasazení, které nám po celou dobu předával.

Odnášíme si spoustu zkušeností i společných vzpomínek, na které budeme rádi vzpomínat.
Věříme, že se naše cesty v budoucnu ještě setkají.

Přejeme mnoho úspěchů do další etapy a ještě jednou VELKÉ DÍKY✨",https://www.facebook.com/1477974067675582/posts/1489225883217067,830,,5,,
@AkademiciPlzen,facebook,d87b94e3-03e8-45d0-b92e-75e9b819545c,19676740-0ae5-483e-8799-624d381dfa85,FB Post,ALBUM,29.3.2026 13:23:57,"Co je to vlastně to PLAY-IN? 🧐

Tady máš celý návod, jak se dostat až do Final Four.
Dočti až do konce a budeš zas o něco chytřejší. 🧠💡",https://www.facebook.com/1357105236437494/posts/1354986759982675,774,,5,,
@united_hk,instagram,b18c071b-0570-48b2-b743-990c668c3c5b,301991c9-8bd4-4057-858f-eff807c3572c,IG Post,PHOTO,30.3.2026 17:50:24,"Zítra začíná PLAY-IN.

1 zápas, kdy se hraje o všechno. Když vyhrajeme, postupujeme dál do dalších bojů o místo na Final Four.

Přijedeš nás podpořit?

Jedeme ALL IN. 🖤🧡

#unitedhk #unihokej #uhk #hradeckralove",https://www.instagram.com/p/DWhHyYbiLcJ/,,2735,39,,3
@hcmuni,facebook,d1f9e9f9-7526-42d4-85aa-13f91e89f7cf,7d0dfd75-1174-4462-94f7-3eff0626436f,FB Post,IMAGE,14.3.2026 9:07:36,"GAMEDAY je tady! 🔥
Dnes nás čeká další bitva na domácím ledě 🏒⚔️
A ty u toho nesmíš chybět! 🐻💙

Lístky kupuj tady https://hcmuni.enigoo.cz/app/tickets/events 🎟️

#hcmuni",https://www.facebook.com/1581741777288398/posts/1565089512286958,236,,2,,
@riderspardubice,instagram,4d6a67ab-9313-4f77-a82e-abb18adbca5d,d11cbff1-cf86-4dc1-a08a-f9d8dfd82b90,IG Post,IMAGE,15.4.2026 6:00:03,"Jedeme do Prahy reprezentovat na @unihokejfinalfour Riders, Pardubice i naši @upce_cz a bojovat s pražskými týmy o titul vládce ligy. ♥️

🏒 SEMIFINÁLE
🆚 @ukkingsprague
📍 Zimní stadion Eden, Praha
🕓 16. dubna | 16:30

👉 2 dny plný hokeje, atmosféry a afterparty

Ve čtvrtek se rozhodne, jestli půjdeme do finále, nebo o bronz – každopádně v pátek se hraje o medaile.

Pojď do toho s námi a buď u toho.

🎟️ Vstupenky najdeš v BIU.",https://www.instagram.com/p/DXJDdBpjAgQ/,,5018,88,,1
@hc_muni,instagram,43cd62c8-609d-4ea6-8ce9-cae5242ede0c,d66e9320-50f3-49ed-a417-d89a265fe3e0,IG Post,IMAGE,19.3.2026 11:41:49,"COLD mode ON🔥, tím se řídí náš @_novas_44_ 
8 gólů, 4 asistence, 6 zápasů⚔️
Nejmladší hráč @univerzitnihokej a nejlepší střelec MUNI🏒

#hcmuni",https://www.instagram.com/p/DWEIkVXiE6_/,,4194,109,1,1
@univerzitnihokej,instagram,1e114592-3529-4cfe-9977-2598454053af,e353ea2d-336b-4986-802e-0b2aa85eaf6c,IG Post,IMAGE,12.4.2026 13:58:39,"FINAL FOUR JE KOMPLETNÍ! ✅

Tahle čtyřka bude už ve čtvrtek a pátek bojovat o titul 🏆

Jak bude vypadat program čtvrtečních semifinále?
🕐 16:30 | @ukkingsprague vs. @riderspardubice 
🕐 20:15 | @cvutengineers vs. @vsefalcons 

Nejlevnější lístky najdeš právě teď na finalfour.cz 🎟️",https://www.instagram.com/p/DXCL1YTiI_i/,,39028,597,3,283
vsefalcons,instagram,709fceba-e311-48e7-9057-f54a587abf4a,5ae7fe94-9301-4cf8-bdff-4a0f7f60e5b3,IG Story,VIDEO,24.2.2026 19:02:56,SOUBOJ DVOU KMENŮ ZAČÍNÁ 🏝️,https://www.instagram.com/stories/vsefalcons/3839799398662420984,,884,,,2
vsefalcons,instagram,709fceba-e311-48e7-9057-f54a587abf4a,944f3fbf-99e0-4ddb-9615-e203be47cf89,IG Reel,VIDEO,1.3.2026 8:29:43,"win or lose? 🤔 

#vsefalcons #vse",https://www.instagram.com/reel/DVVcpaLCHLz/,,312,5,,1
vsefalcons,instagram,709fceba-e311-48e7-9057-f54a587abf4a,c4baa825-a230-4374-962d-a98638d9d92f,IG Reel,VIDEO,10.2.2026 7:37:49,"GAMEDAY
Na ledě dostihy, na tribunách sázky! 🏇🎲
Vidíme se v 19:45 na Kateřinkách 🫵🏻🔥",https://www.instagram.com/reel/DUka2uQiGDA/,,3795,60,,5
@hc_muni,instagram,43cd62c8-609d-4ea6-8ce9-cae5242ede0c,fa33e31d-b760-438b-b08d-d2fe1045a944,IG Post,IMAGE,20.3.2026 13:33:47,"Jak už bývá zvykem, na derby s @vutcavaliersbrno je vždycky pořádně veselo💙❤️
Tak si ho nenech ujít i tentokrát!⚔️

Lístky seženeš u nás v biu🎟️",https://www.instagram.com/p/DWG6tHNDLkP/,,10215,239,2,18
@riderspardubice,instagram,4d6a67ab-9313-4f77-a82e-abb18adbca5d,a38fec0c-965d-40a7-978f-7a9b1290335c,IG Reel,VIDEO,12.4.2026 15:05:25,@unihokejfinalfour těšíme se😎,https://www.instagram.com/reel/DXCTaRVDAEF/,,7265,301,1,53
@AkademiciPlzen,facebook,d87b94e3-03e8-45d0-b92e-75e9b819545c,3d7496b2-433a-49be-b2b5-af769d6b4547,FB Video,VIDEO,7.3.2026 12:56:56,"Jarní bitva doručila! 🚀 Nevíme jak vy, ale my tu energii vstřebáváme doteď. Absolutní strop, díky moc všem! 💙

edit: @jirikhozman",https://www.facebook.com/reel/1424364699188755/,626,162,2,,
vsefalcons,instagram,709fceba-e311-48e7-9057-f54a587abf4a,43481f13-6209-46d3-8521-c1350c853823,IG Story,IMAGE,24.2.2026 22:15:39,,https://www.instagram.com/stories/vsefalcons/3839896370266265795,618,946,,,4
@riderspardubice,instagram,4d6a67ab-9313-4f77-a82e-abb18adbca5d,88c9e7bf-367e-4145-bba1-3a1312caa9d1,IG Story,VIDEO,12.4.2026 18:16:14,"s @foxconn_czech 
v zádech",https://www.instagram.com/stories/riderspardubice/3873840331028719270,,606,,,
vsefalcons,instagram,709fceba-e311-48e7-9057-f54a587abf4a,8d64ec0c-65f6-4592-a994-34072da68112,IG Story,VIDEO,13.3.2026 16:20:02,,https://www.instagram.com/stories/vsefalcons/3852038576838031686,894,808,,,
@boostrava,instagram,1176ddaf-d366-48a2-9639-3c6694c72c85,bb7f3e60-8618-416b-b094-b4721daebd10,IG Story,VIDEO,27.4.2026 19:05:44,,https://www.instagram.com/stories/boostrava/3884736882219478190,,390,,,
@riderspardubice,facebook,f99ed6c3-17cc-46f4-a32e-d9b0576ce2df,db093e18-5f35-42e2-b12b-693dd71ed23d,FB Post,IMAGE,20.3.2026 13:00:22,"Vousy + teplákovka = Kopec 

Tak doraž na poslední domácí zápas semestru ve vousech i ty! 

🎟️ Vstupenky koupíš přes odkaz v BIU!",https://www.facebook.com/1592662819534019/posts/1581537760646525,220,,1,,
vsefalcons,instagram,709fceba-e311-48e7-9057-f54a587abf4a,550b8c3d-c5ba-4abe-a2b6-80bf9f578637,IG Story,VIDEO,24.4.2026 10:40:19,🏃🏽,https://www.instagram.com/stories/vsefalcons/3882293854137238060,641,718,,1,2
@cvutengineers,instagram,11963a07-7f0f-48e6-9d81-aa63a7ff4a04,112cba1b-47ca-43fa-b7a8-f7cbade79913,IG Post,IMAGE,2.3.2026 20:44:22,"Poprosíme hodit čepičku do komentářů pro Šachlíka, který se dneska v Pardubicích blýskl hattrickem 🧢😮‍💨",https://www.instagram.com/p/DVZVrGWjKDS/,,9952,292,20,29
@united_hk,instagram,b18c071b-0570-48b2-b743-990c668c3c5b,178d1191-14f8-47ee-a9ec-3346d9515e79,IG Story,VIDEO,28.4.2026 6:30:06,,https://www.instagram.com/stories/united_hk/3885081144098069617,,579,,,
@univerzitnihokej,instagram,1e114592-3529-4cfe-9977-2598454053af,44d53ae5-9ef3-4984-bc86-00ac8e4ba33f,IG Story,VIDEO,17.4.2026 9:07:43,,https://www.instagram.com/stories/univerzitnihokej/3877181789462611058,,2038,,,
@boostrava,instagram,1176ddaf-d366-48a2-9639-3c6694c72c85,6e60ab5f-3e9d-4818-94d6-eb80d1e9eb01,IG Post,IMAGE,18.3.2026 11:28:32,"GAME DAY🔥 JEDEME DO PRAHY 
Sleduj živě a nebo doraz na Hvězdu!
@cvutengineers x @boostrava",https://www.instagram.com/p/DWBifgBDLX5/,,1978,25,,8
@univerzitnihokej,instagram,1e114592-3529-4cfe-9977-2598454053af,8e3649d9-ba03-4148-bc5f-76273fa57458,IG Post,PHOTO,1.4.2026 4:00:14,"Doprava na @unihokejfinalfour vyřešena ✅ Speciální Final Four tramvaj tě doveze až do Edenu 🚊
Tak kdo nastupuje? 👀",https://www.instagram.com/p/DWkx2hJCNts/,,20395,395,5,46
@univerzitnihokej,facebook,01b45180-0b14-4a14-96e8-d0a4bab1fb9f,e18c6c90-5f6b-4fd7-b08a-4c2cdf3a62f0,FB Post,IMAGE,1.4.2026 10:35:36,"Semifinále play-in dnes večer uzavře duel v plzeňské aréně 🙌🏼

Akademici 🆚 Farmers
Kdo zvítězí a bude o krok blíž k Final Four?",https://www.facebook.com/1275398168115026/posts/1275576008097242,326,,3,,
@bitvaoprahu,instagram,d7c8aa06-74fb-4c6c-a7d2-c2fe1bf6d59c,74f2c683-2789-47d6-b372-1506c7b3f537,IG Reel,VIDEO,12.3.2026 18:19:42,"FALCONS JSOU BLÍZKO! 🦅🥉

Finálový večer @bitvaoprahu můžete sledovat živě na @sport_ct ➕. 📺",https://www.instagram.com/reel/DVy0yipjLOD/,,15203,266,,11
vsefalcons,instagram,709fceba-e311-48e7-9057-f54a587abf4a,7c0ebd22-cad6-4af7-99c8-4a82fa28d8ad,IG Post,CAROUSEL_ALBUM,16.1.2026 18:55:52,"Montujeme vztahy s @mosteckamontazni 📢

Našim novým hlavním partnerem se stává Mostecká montážní. 👷🏽‍♂️ Spojili jsme síly, protože týmová práce je klíčem k úspěchu, a díky Vám můžeme dosahovat lepších výsledků na ledě i mimo něj. 🥅

Děkujeme za podporu a těšíme se na to, co společně dokážeme. 🤝🏼",https://www.instagram.com/p/DTlRfEBCKIg/,,4065,100,,6
vsefalcons,instagram,709fceba-e311-48e7-9057-f54a587abf4a,ee9a18a1-2064-425a-8e66-563176196330,IG Story,VIDEO,8.2.2026 8:06:52,‼️ZMĚNA MÍSTNOSTI‼️,https://www.instagram.com/stories/vsefalcons/3827872758168600844,,940,,,
@univerzitnihokej,facebook,01b45180-0b14-4a14-96e8-d0a4bab1fb9f,11099c44-b1a5-4a68-a6c0-37b8411dc65e,FB Post,IMAGE,8.4.2026 8:32:45,"Finále play-in přinese pražské derby 🔥
Všechny výhry na straně UK Kings, ale Farmers ukázali minulý týden, že umí překvapit. 🫡

Na jaké straně Prahy dnes budete stát? 👇🏻",https://www.facebook.com/1275398168115026/posts/1281051500883026,298,,2,,
@univerzitnihokej,instagram,1e114592-3529-4cfe-9977-2598454053af,59b40c84-d678-4de6-b039-7a80ae9dff0b,IG Reel,VIDEO,30.3.2026 12:09:32,"Uvidíme tady traktory, koně nebo snad plzeňský pivo? Kreativitě se meze nekladou 🫰🏼",https://www.instagram.com/reel/DWggQ6NCKcm/,,8574,169,76,6
vsefalcons,instagram,709fceba-e311-48e7-9057-f54a587abf4a,a50f1245-70f9-4f6b-91e4-cae9d93519b9,IG Story,IMAGE,13.3.2026 16:19:33,,https://www.instagram.com/stories/vsefalcons/3852038330137486630,919,897,,,3
@cvutengineers,instagram,11963a07-7f0f-48e6-9d81-aa63a7ff4a04,c78f0f4f-ccaa-47aa-bcf5-3ca4afce4a5a,IG Story,VIDEO,13.4.2026 15:01:43,DÁME DO TOHO VŠECHNO! PROTOŽE MÁME #SRDCELVA,https://www.instagram.com/stories/cvutengineers/3874467196638628599,,698,,,3
vsefalcons,instagram,709fceba-e311-48e7-9057-f54a587abf4a,1ce96ef1-4357-41d9-aec8-dcb1a4700556,IG Story,VIDEO,3.2.2026 20:12:12,už zase pálí ostrými 🌶️,https://www.instagram.com/stories/vsefalcons/3824613972964315744,,1008,,,
@hcnorthwings,facebook,2b08a479-603b-46e4-8a48-2bc0435ccd53,6ee969c9-3b3e-4141-bfe1-24c512e55cb0,FB Story,VIDEO,4.3.2026 15:48:17,,,,,,,
@engineersprague,facebook,afd06d1d-7b1c-4f66-8d93-ce4255ab773c,81c643e0-aab1-46c7-af73-f138c1b54982,FB Post,PHOTO,12.3.2026 8:13:12,"Finále Bitvy o Prahu je konečně tady! ⚔️

Čekání skončilo. Už dnes od 20:00 vypukne dlouho očekávaný duel proti UK 🔥. Slibujeme napínavou bitvu a vyhrocenou atmosféru, ve které se rozhodne o jediném – kdo ovládne Prahu. 🗝️🦁

Buďte u toho s námi. Těšíme se na vás! 👋🏻

Dnes | 20:00 | Finále",https://www.facebook.com/1560924572517692/posts/1543166240960192,323,,4,,
vsefalcons,instagram,709fceba-e311-48e7-9057-f54a587abf4a,503d76d6-67be-4a23-969a-46fd2cceca11,IG Story,VIDEO,2.4.2026 8:54:17,🤫,https://www.instagram.com/stories/vsefalcons/3866309741924331828,1039,1242,,,4
vsefalcons,instagram,709fceba-e311-48e7-9057-f54a587abf4a,8b733a7d-b968-403a-950e-8272b8f66dd4,IG Post,ALBUM,12.3.2026 10:38:41,"Jste připravení? 🫨 Kdybyste náhodou nevěděli, co před @bitvaoprahu stihnout, tak jsme vám to sepsali 👆🏻
Teď je to na vás. Tribuna musí být slyšet až na led. 🤍",https://www.instagram.com/p/DVyAToCiGwx/,,14423,254,,46
@univerzitnihokej,instagram,1e114592-3529-4cfe-9977-2598454053af,ecd12d86-9175-42da-b879-0fdbecdbcf65,IG Post,IMAGE,27.3.2026 16:54:44,"A letošní sezóna definitivně skončila také pro brněnské medvědy z @hc_muni , kteří nedosáhli na play-in 💔

Děkujeme, i na vás se budeme těšit zase na podzim! 🤗",https://www.instagram.com/p/DWZTRFeCNMB/,,4030,143,,2
@united_hk,instagram,b18c071b-0570-48b2-b743-990c668c3c5b,40c5c46b-e34c-49ef-9b7a-7e256b60935a,IG Story,IMAGE,25.4.2026 11:09:27,Díky za návštěvu @novas.a_16,https://www.instagram.com/stories/united_hk/3883047622818707904,,1326,,,12
vsefalcons,instagram,709fceba-e311-48e7-9057-f54a587abf4a,56a80ad3-0119-4ef4-a1e1-185858a54cdc,IG Story,VIDEO,11.2.2026 20:44:51,,https://www.instagram.com/stories/vsefalcons/3830428589875534429,752,1114,,,2
@riderspardubice,instagram,4d6a67ab-9313-4f77-a82e-abb18adbca5d,602fe2e8-f830-44d2-9be5-4fc8da492dfe,IG Story,VIDEO,10.4.2026 12:15:47,@stolda_10,https://www.instagram.com/stories/riderspardubice/3872209354795802721,,464,,,
vsefalcons,instagram,709fceba-e311-48e7-9057-f54a587abf4a,f7af3804-3556-4883-9302-ccab2555d53b,IG Story,VIDEO,10.2.2026 18:42:24,TAKY SCHVALUJE @hamrbrmbrm13 🎶,https://www.instagram.com/stories/vsefalcons/3829642194693185983,,1286,,,1
vsefalcons,instagram,709fceba-e311-48e7-9057-f54a587abf4a,1f3013f3-6e5d-41bf-a00c-24de4c7f654b,IG Story,VIDEO,17.4.2026 13:14:45,🇧🇷,https://www.instagram.com/stories/vsefalcons/3877312321018169865,939,1021,,,1
@united_hk,instagram,b18c071b-0570-48b2-b743-990c668c3c5b,23f123cc-89fa-44f0-8d94-f79c33405966,IG Reel,VIDEO,8.3.2026 9:52:22,"🧅 Kaufland Cutting Challenge
Vracíme se ještě k momentům z Východočeského derby univerzit.

Derby není jen o hokeji.

Během přestávky jsme si dali rychlou výzvu – Kaufland Cutting Challenge.

Úkol byl jednoduchý: 45 vteřin. Hokejové rukavice. A co nejvíc najemno nakrájet cibuli.

Jak to dopadlo? Podívej se ve videu.

Díky partnerovi Kaufland za další zábavný moment derby.

🖤🧡❤️

#unitedhk #unihokej #hokej",https://www.instagram.com/reel/DVnnqdpiBER/,,2779,27,,10
@hc_muni,instagram,43cd62c8-609d-4ea6-8ce9-cae5242ede0c,bd9ec13c-d04c-4abc-8684-ea08dcc74c97,IG Story,VIDEO,14.4.2026 8:52:38,🎉,https://www.instagram.com/stories/hc_muni/3875006210126177378,,503,,,
@univerzitnihokej,facebook,01b45180-0b14-4a14-96e8-d0a4bab1fb9f,dcae0d09-85a7-4413-a79c-726c21c28b37,FB Post,IMAGE,8.4.2026 19:29:17,@vsefalcons vítáme vás ve @unihokejfinalfour 👋🏻 Vidíme se 16.4. na Edenu! 🔥,https://www.facebook.com/1275398168115026/posts/1281435227511320,676,,5,,
vsefalcons,instagram,709fceba-e311-48e7-9057-f54a587abf4a,1586d9cf-5d1e-4a20-a08a-a9dc05be78f7,IG Post,IMAGE,11.6.2026 17:08:22,"Představujeme vám exkluzivní Falcons nominaci na letošní Fifa World Cup ⚽️🏆

Který z našich kluků má podle tebe největší šanci na Zlatý míč? Hlasuj v komentářích! 👇

#vsefalcons #fifaworldcup",https://www.instagram.com/p/DZdBPcEiJSh/,,5948,163,,107
@engineersprague,facebook,afd06d1d-7b1c-4f66-8d93-ce4255ab773c,7015b940-2b3f-41e2-9631-bb1234a82b1b,FB Story,VIDEO,2.3.2026 19:00:12,,,,,,,
@univerzitnihokej,facebook,01b45180-0b14-4a14-96e8-d0a4bab1fb9f,8a471db9-2a6a-4ae4-bf22-f282d4cdddf4,FB Video,VIDEO,12.3.2026 15:20:48,My jsme ready 👀 a co vy?,https://www.facebook.com/reel/1237087931735468/,1310,395,6,,
@univerzitnihokej,instagram,1e114592-3529-4cfe-9977-2598454053af,9e2c6c76-23fd-4330-a11b-9f2a0a607976,IG Post,IMAGE,23.3.2026 8:15:50,"Cílová rovinka základní části je tady! 🏁 Čeká nás východočeské a brněnské derby, celé to pak zakončí ve středu posledním zápasem Engineers s North Wings 👊🏼",https://www.instagram.com/p/DWOEs-4iAq_/,,4992,105,,10
@hcnorthwings,facebook,2b08a479-603b-46e4-8a48-2bc0435ccd53,385a393d-b5d7-4888-bdff-4b64a025a861,FB Video,VIDEO,19.3.2026 8:06:25,🎤 | Pozápasové ohlasy z 25. kola @univerzitnihokej v podání @united_hk (Filip #Samek) #univerzitnihokej,https://www.facebook.com/reel/1583298599599537/,289,95,,,
vsefalcons,instagram,709fceba-e311-48e7-9057-f54a587abf4a,ebc379e9-a33d-456d-a1c9-74d208b91169,IG Story,VIDEO,12.2.2026 15:38:01,,https://www.instagram.com/stories/vsefalcons/3830998929496355923,692,923,,,1
vsefalcons,instagram,709fceba-e311-48e7-9057-f54a587abf4a,2ba0b232-e849-4b33-9330-5807c4bc8ead,IG Story,VIDEO,12.3.2026 15:55:07,,https://www.instagram.com/stories/vsefalcons/3851302428813610334,1459,1290,,,3
vsefalcons,instagram,709fceba-e311-48e7-9057-f54a587abf4a,73b75456-95c8-448a-9c67-2761fefccf73,IG Story,IMAGE,24.2.2026 20:24:03,0 3,https://www.instagram.com/stories/vsefalcons/3839840208376313118,669,937,,,8
@hcnorthwings,facebook,2b08a479-603b-46e4-8a48-2bc0435ccd53,6c0c8251-8c45-42eb-b97d-687929aaa3d8,FB Story,VIDEO,11.3.2026 16:35:12,,,,,,,
@univerzitnihokej,instagram,1e114592-3529-4cfe-9977-2598454053af,f8ac0317-0ab5-4956-90ea-0a161bf2c4c4,IG Post,IMAGE,18.3.2026 22:09:37,"Dnes bodovaly týmy hostujících, Engineers si pak obhájili druhý bod v prodloužení. ✌🏼",https://www.instagram.com/p/DWCsJhFCGbO/,,4202,92,,2
@bitvaoprahu,instagram,d7c8aa06-74fb-4c6c-a7d2-c2fe1bf6d59c,300541cd-a59e-4738-aab1-f3f7acd5d499,IG Post,IMAGE,12.3.2026 6:05:54,Rise and shine… IT’S BITVA DAY 🥳🤩,https://www.instagram.com/p/DVxg8M-jMCI/,,35565,477,4,84
@riderspardubice,instagram,4d6a67ab-9313-4f77-a82e-abb18adbca5d,73611911-fbd7-4dbd-8dc9-28ff4cf1ffbe,IG Post,IMAGE,17.4.2026 7:52:39,"Pardubáci jedeme do Prahyyyy! 🥁
Po druheee! 😂

Sejdeme se před druhou hodinou na Pardubice hl. n. a ve 14:00 vyrazíme směr zimní stadion Eden! 

Však to znáte, stejně jako včera!",https://www.instagram.com/p/DXOZzrqjJCf/,,3680,106,1,7
@riderspardubice,facebook,f99ed6c3-17cc-46f4-a32e-d9b0576ce2df,8b46845a-e69f-4388-90cd-08cbbed7a5cf,FB Post,IMAGE,26.3.2026 8:31:30,"Čeká nás PLAY-IIIIN! 💣

V pondělí jsme uzavřeli základní část a jdeme do play-in! Kdo se za námi staví v Ostravě!

🙌 A pojďme se taky ještě rychle vysvětlit, jak funguje play-in: 

👉 Týmy na 3.–10. místě nastoupí do semifinále play-in, odkud vítězové postupují do finále play-in. Týmy na 1.–2. místě jdou rovnou do finále play-in, kde se bojuje o přímý postup. 👀 Vše se hraje na jeden zápas.

👉 Dva lépe nasazené týmy, které prohrají ve finále play-in, dostanou ještě jednu šanci v tzv. lucky loser zápase o poslední postupové místo.

👉 4 nejlepší týmy se následně utkají na @unihokejfinalfour 16.–17. dubna v pražském Edenu.",https://www.facebook.com/1592662819534019/posts/1587293630070938,530,,3,,
vsefalcons,instagram,709fceba-e311-48e7-9057-f54a587abf4a,e02889c9-ee5e-466c-817b-51615b79384c,IG Story,VIDEO,8.2.2026 16:21:34,📍 vlaštovky doletěly 🦅,https://www.instagram.com/stories/vsefalcons/3828121772126389657,,1021,,,3
vsefalcons,instagram,709fceba-e311-48e7-9057-f54a587abf4a,8238c6ad-f28d-42d3-860f-ef8e80e723bc,IG Reel,VIDEO,10.3.2026 6:53:37,Dneska bude na Kateřinkách horko! 🤭,https://www.instagram.com/reel/DVscpMxCBS5/,,3752,52,3,9
@boostrava,instagram,1176ddaf-d366-48a2-9639-3c6694c72c85,f3860e3a-0544-45a0-a68d-463ba19a3669,IG Story,VIDEO,31.3.2026 11:44:02,,https://www.instagram.com/stories/boostrava/3864945619844771540,,784,,,1
vsefalcons,instagram,709fceba-e311-48e7-9057-f54a587abf4a,f490046c-363a-41f5-81fd-8aa42d2f339e,IG Story,VIDEO,22.1.2026 20:01:32,,https://www.instagram.com/stories/vsefalcons/3815911303198316774,,825,,,1
@cvutengineers,instagram,11963a07-7f0f-48e6-9d81-aa63a7ff4a04,f7d76728-8c67-43cc-8560-4a0b90d686fc,IG Story,VIDEO,8.4.2026 16:31:59,💆🏻‍♂️ ⚽️ Teď  FOČUS a pak už jenom FOCUS,https://www.instagram.com/stories/cvutengineers/3870888771076255365,,1200,,,
@engineersprague,facebook,afd06d1d-7b1c-4f66-8d93-ce4255ab773c,af14f385-6434-4883-9fd3-01193e5caff6,FB Story,VIDEO,12.3.2026 19:56:50,,,,,,,
vsefalcons,instagram,709fceba-e311-48e7-9057-f54a587abf4a,cd0ee6ed-7862-4834-a8df-3de56f9ffb1b,IG Story,VIDEO,24.2.2026 20:51:47,,https://www.instagram.com/stories/vsefalcons/3839857124415374070,654,966,,,3
@univerzitnihokej,instagram,1e114592-3529-4cfe-9977-2598454053af,31e2b07f-ec1e-43db-8b72-f3c10419f151,IG Post,IMAGE,9.4.2026 9:45:13,UK Kings se 16.4. vrátí zpět do Edenu 👑 Vstupenky na finalfour.cz 🎟️,https://www.instagram.com/p/DW6AcjyCJxX/,,8622,202,1,10
@univerzitnihokej,facebook,01b45180-0b14-4a14-96e8-d0a4bab1fb9f,d8261642-3238-4e7f-95cc-788641f3be35,FB Video,VIDEO,12.3.2026 18:03:14,Za takovou střelou by se nestyděli ani naši hráči! 🤯 @csobcz cash on ice 💸,https://www.facebook.com/reel/3430637717101475/,1330,360,1,,
vsefalcons,instagram,709fceba-e311-48e7-9057-f54a587abf4a,e8fb7db2-7a1f-4d37-baa9-455dd175ae4d,IG Story,VIDEO,27.3.2026 7:54:40,,https://www.instagram.com/stories/vsefalcons/3861931077426248862,884,1063,,,2
vsefalcons,instagram,709fceba-e311-48e7-9057-f54a587abf4a,442b4ac5-17b2-4fb9-aff7-3a02b2c3184e,IG Story,VIDEO,16.4.2026 16:46:06,předzápasové mediální povinnosti @michal.danniel na micu 🎙️,https://www.instagram.com/stories/vsefalcons/3876693852203539228,1087,1039,,,2
@akademiciplzen,instagram,65494228-95bf-4f7b-8e68-d47d7262db66,66139a5b-9de7-4ce1-8099-08b5f98fe52e,IG Story,VIDEO,1.4.2026 19:52:39,,https://www.instagram.com/stories/akademiciplzen/3865916320076569805,,839,,,
@riderspardubice,facebook,f99ed6c3-17cc-46f4-a32e-d9b0576ce2df,97c04f67-5fbf-4a65-a704-b57f2afd7056,FB Post,IMAGE,14.3.2026 11:56:06,"👋

Last Dance už 23. března 🔥
Sleva na vstupenky 20 % “kopecky20” a “skryp20”",https://www.facebook.com/1592662819534019/posts/1576133357853632,229,,2,,
@univerzitnihokej,instagram,1e114592-3529-4cfe-9977-2598454053af,0d45ad58-0979-4cbb-a4f3-c87a753999f7,IG Story,VIDEO,8.4.2026 17:09:32,Falcons otevírají zápas 🦅,https://www.instagram.com/stories/univerzitnihokej/3870907706580155760,,939,,,
@boostrava,instagram,1176ddaf-d366-48a2-9639-3c6694c72c85,a81fcb81-68a5-4669-aadf-b679f0f1be73,IG Post,IMAGE,24.3.2026 7:20:42,"POSLEDNÍ DOMÁCÍ UTKÁNÍ PŘED PLAY-IN!
Pivka, soutěže na ledě a super podívaná! 
Lístky koupíš na místě nebo přes odkaz v BIU✨
Tak doraž!🏒",https://www.instagram.com/p/DWQiigljP9N/,,1820,32,,6
vsefalcons,instagram,709fceba-e311-48e7-9057-f54a587abf4a,81f0274e-15ef-463f-ac6a-70dd55a04c52,IG Story,VIDEO,3.3.2026 19:00:30,,https://www.instagram.com/stories/vsefalcons/3844871584087605125,665,849,,,1
@riderspardubice,facebook,f99ed6c3-17cc-46f4-a32e-d9b0576ce2df,f320a82f-10fa-4647-b3ca-0cb3d97aeac6,FB Post,IMAGE,13.4.2026 12:29:31,"🚨 JSME V TOP4 A TEĎ TO TEPRVE ZAČÍNÁ!

Poprvé v historii 👉 @unihokejfinalfour 
největší akce sezóny, přímý přenos v TV… a my jsme u toho.

🏒 SEMIFINÁLE
🆚 @ukkingsprague 
📍 Zimní stadion Eden, Praha
🕓 16. dubna | 16:30

Tohle není jen zápas.
👉 tohle jsou 2 dny hokeje, emoce, atmosféra a afterparty

Pojď nás podpořit a být součástí něčeho, co se píše poprvé.",https://www.facebook.com/1592662819534019/posts/1603535451780089,2646,,19,,
@riderspardubice,instagram,4d6a67ab-9313-4f77-a82e-abb18adbca5d,811ec7f7-e868-4d82-b8f4-1ab33369ea88,IG Reel,VIDEO,16.4.2026 14:22:35,Jsme v Praze ❤️‍🔥🐎,https://www.instagram.com/reel/DXMhrZyDD3A/,,3694,125,,3
@riderspardubice,instagram,4d6a67ab-9313-4f77-a82e-abb18adbca5d,8388606e-9c87-48ca-9e2f-b2d2c324ee1a,IG Story,IMAGE,12.4.2026 11:03:02,@tipsportcz,https://www.instagram.com/stories/riderspardubice/3873622288835045361,,1303,,,
@univerzitnihokej,facebook,01b45180-0b14-4a14-96e8-d0a4bab1fb9f,6af736ca-e841-4355-9d69-c692e623f2d6,FB Post,IMAGE,28.3.2026 18:38:55,Další semifinále play-in se v úterý odehraje v Ostravě 👉🏼 o postup si to rozdají BOčko s Riders 🫡,https://www.facebook.com/1275398168115026/posts/1272773431710833,967,,1,,
@engineersprague,facebook,afd06d1d-7b1c-4f66-8d93-ce4255ab773c,85f80c28-8bb0-4d9a-8882-7320bc237b00,FB Post,PHOTO,12.3.2026 22:38:13,"Dneska to nedopadlo podle našich představ… Vy jste při nás ale i tak stáli, a za to vám DĚKUJEME. 💙

Vrátíme se silnější 🫡",https://www.facebook.com/1560924572517692/posts/1543708354239314,613,,2,,
@akademiciplzen,instagram,65494228-95bf-4f7b-8e68-d47d7262db66,a19a61fb-28fc-4a30-937b-3c595b869467,IG Post,IMAGE,4.3.2026 19:47:08,"DNES JE VÁS TU 2106! 🚀💙 Moc děkujeme všem, kdo dnes dorazil, udělali jsme nový rekord návštěvnosti Jarní bitvy! 🔥

🎨 @jirikhozman 
📸 @vpotocesevodatoci / @novacek_photography 

#akademiciplzen #jarnibitva",https://www.instagram.com/p/DVeYtrsDDd7/,,25113,706,1,35
@univerzitnihokej,instagram,1e114592-3529-4cfe-9977-2598454053af,ad132152-636d-4093-9880-02ce74df066c,IG Reel,VIDEO,29.3.2026 18:51:40,"Jak skloubit medicínu s Univerzitním hokejem? 👨🏻‍⚕️ Strávili jsme den s @albert.skalsky z @ukkingsprague , celý díl najdete online na našem YouTube 🍿",https://www.instagram.com/reel/DWepykQiMiP/,,9058,254,1,18
vsefalcons,instagram,709fceba-e311-48e7-9057-f54a587abf4a,aff203e5-8aad-4456-b4bd-c892cd82616e,IG Story,VIDEO,13.4.2026 19:46:46,🤪⚔️🏆 @unihokejfinalfour =,https://www.instagram.com/stories/vsefalcons/3874610760248755610,715,643,,1,
@united_hk,instagram,b18c071b-0570-48b2-b743-990c668c3c5b,c896275b-5103-43b4-be27-ac7832183542,IG Story,IMAGE,17.4.2026 14:38:51,"Manažerský hokej byl v topu!
Modrý tým vyhrál 9:8",https://www.instagram.com/stories/united_hk/3877354832411516110,,717,,,2
vsefalcons,instagram,709fceba-e311-48e7-9057-f54a587abf4a,c1fd627e-e8e0-470d-9561-b03f56714201,IG Reel,VIDEO,23.2.2026 7:16:54,"Jak to bylo s tou skrytou imunitou ví jen @vsandholzova 🤷🏼‍♀️ My ale víme jednu jistou věc 👉🏻 zítra tě chceme vidět na zimáku! 😎 Doraz fandit. Bude to stát za to.

Zdravíme, Verčo 👋🏻",https://www.instagram.com/reel/DVF3D-XiH92/,,4493,79,,5
@riderspardubice,instagram,4d6a67ab-9313-4f77-a82e-abb18adbca5d,19d439aa-96a3-43f0-acc1-ebf86ff42204,IG Story,VIDEO,8.4.2026 18:32:45,@skekopardubice  Vinky,https://www.instagram.com/stories/riderspardubice/3870949546859995592,,607,,,6
@univerzitnihokej,facebook,01b45180-0b14-4a14-96e8-d0a4bab1fb9f,3344069c-f3ab-42f6-be7d-84616ff00f90,FB Post,IMAGE,27.3.2026 18:09:10,"Základní část skončila ⏩️ začíná Play-In 🔥 A jak to bude vypadat? ☝🏻

Čekají nás semifinálové bitvy, vítězové jdou do finále Play-In. A odtud už vede jediná cesta ➡️ @unihokejfinalfour a boj o absolutního šampiona letošní sezóny! 😮‍💨🏆

Jedna šance. Žádná oprava. 👀",https://www.facebook.com/1275398168115026/posts/1271951968459646,1025,,6,,
@cvutengineers,instagram,11963a07-7f0f-48e6-9d81-aa63a7ff4a04,375e3e3b-50ea-4b38-a451-7e1d33d2a0cf,IG Reel,VIDEO,12.3.2026 18:12:36,"Sorry not sorry 🤷🏼‍♀️🤷🏻‍♂️ 

ČVUT, JDEME SI PRO TO! 🦁

#engprg #bitvaoprahu",https://www.instagram.com/reel/DVyz6SiDLAh/,,23771,477,7,175
@akademiciplzen,instagram,65494228-95bf-4f7b-8e68-d47d7262db66,9df0e14a-a6cb-45e6-acb0-66df48e1ba35,IG Story,VIDEO,1.4.2026 19:51:24,,https://www.instagram.com/stories/akademiciplzen/3865915695846710923,,948,,,1
@engineersprague,facebook,afd06d1d-7b1c-4f66-8d93-ce4255ab773c,e533a073-3c2e-4f8a-adb5-8a68a1218a80,FB Story,IMAGE,2.3.2026 19:17:51,,,,,,,
@united_hk,instagram,b18c071b-0570-48b2-b743-990c668c3c5b,09f46764-d566-407a-9440-f79f9cfe1e34,IG Story,VIDEO,22.4.2026 17:57:34,Sobota už za chvilku tady 😉,https://www.instagram.com/stories/united_hk/3881078575986176206,,386,,,
@united_hk,instagram,b18c071b-0570-48b2-b743-990c668c3c5b,d149697a-1b61-44c0-ab4b-f8cdabf1417b,IG Story,IMAGE,9.4.2026 13:04:29,,https://www.instagram.com/stories/united_hk/3871509127864283536,,582,,,
vsefalcons,instagram,709fceba-e311-48e7-9057-f54a587abf4a,e43aef31-934b-4aaf-9602-7ab5c1a424ed,IG Story,VIDEO,12.4.2026 14:13:57,🫵🏼 A ŽE JSTE TO ZROVNA VY máme pro vás na @unihokejfinalfour slevu NA 15 % 🛒,https://www.instagram.com/stories/vsefalcons/3873718384198176644,687,875,,1,14
vsefalcons,instagram,709fceba-e311-48e7-9057-f54a587abf4a,5999c21a-d374-4fd7-95ea-8b624ef510b9,IG Story,VIDEO,26.1.2026 17:23:36,@___pajer24 🥶,https://www.instagram.com/stories/vsefalcons/3818731860583292413,,997,,,2
@univerzitnihokej,instagram,1e114592-3529-4cfe-9977-2598454053af,997f7fdd-8b28-4b18-b2ee-ba24d1ce8827,IG Reel,VIDEO,21.3.2026 9:57:53,Zápasy vašima očima nás baví nejvíc 😋,https://www.instagram.com/reel/DWJGo11iHlt/,,17491,515,5,49
vsefalcons,instagram,709fceba-e311-48e7-9057-f54a587abf4a,7886de3c-e1d4-4306-a971-cfb717b93603,IG Story,VIDEO,24.2.2026 22:16:13,,https://www.instagram.com/stories/vsefalcons/3839896659404830476,596,815,,,1
vsefalcons,instagram,709fceba-e311-48e7-9057-f54a587abf4a,9c2442a4-0b2d-4c4c-b471-e52329df0db9,IG Story,VIDEO,3.1.2026 23:03:21,POSÍLÁME VELKOU GRATULACI DO KANADY! 🥳,https://www.instagram.com/stories/vsefalcons/3802232046454622628,,786,,,1
vsefalcons,instagram,709fceba-e311-48e7-9057-f54a587abf4a,a697e5e8-b58a-44af-91ff-bb8cbca849c5,IG Story,VIDEO,11.3.2026 7:16:45,,https://www.instagram.com/stories/vsefalcons/3850315583741019082,763,1054,,,7
@univerzitnihokej,instagram,1e114592-3529-4cfe-9977-2598454053af,5bae44ca-8988-4c40-9ed1-5e9fcb735ba0,IG Post,IMAGE,28.3.2026 19:13:46,Poslední semifinálový duel vypukne v Plzni 🔥 Farmers se ve vyřazovací části vrátí zpět na půdu Akademiků 🔙,https://www.instagram.com/p/DWcHT1hiENU/,,8850,191,,18
@riderspardubice,instagram,4d6a67ab-9313-4f77-a82e-abb18adbca5d,8b3295c2-95cc-40d6-be69-6cc60c8d6c9f,IG Story,VIDEO,8.4.2026 18:23:29,"@foxconn_czech 
KRYJE ZÁDA JAKO VŽDY 💪",https://www.instagram.com/stories/riderspardubice/3870944888406228634,,625,,,
@riderspardubice,instagram,4d6a67ab-9313-4f77-a82e-abb18adbca5d,a53342ff-ac43-44b0-a091-8e865501d788,IG Story,VIDEO,28.4.2026 21:04:55,👏,https://www.instagram.com/stories/riderspardubice/3885521558878050124,,237,,,
@riderspardubice,instagram,4d6a67ab-9313-4f77-a82e-abb18adbca5d,01746781-e343-4ec6-b836-4f326bf53249,IG Post,IMAGE,17.3.2026 8:41:52,"Další venkovní zápas!🤩 Tentokrát v Ostravě!

Venkovní zápas
🗓️ 17.3. v 19:30
📍 v RT Torax Arena 
⚔️ proti @boostrava 

#venkovnízápas#riders",https://www.instagram.com/p/DV-qzl3jDEv/,,2417,26,,2
@united_hk,instagram,b18c071b-0570-48b2-b743-990c668c3c5b,f00da499-365f-4614-9bf9-2b755175933d,IG Reel,REEL,25.3.2026 16:14:39,"Založíš účet do konce března?
Pak jsi ve hře o 100 000 Kč. 😏

A to není všechno:

⚡ rychlé a jednoduché založení online
💸 odměna 1 500 Kč za založení účtu
🍻 20 % cashback na drinky na UNIted HK afterparty

Takže jestli účet ještě nemáš… možná je teď ideální čas.

#unitedhk #unihokej #hokej",https://www.instagram.com/reel/DWUE7AyiDw8/,,3432,72,,22
@united_hk,instagram,b18c071b-0570-48b2-b743-990c668c3c5b,b888521b-a029-4081-bd82-2d5bd59cf19d,IG Story,IMAGE,17.4.2026 14:38:50,,https://www.instagram.com/stories/united_hk/3877354823125359207,,702,,,2
@univerzitnihokej,instagram,1e114592-3529-4cfe-9977-2598454053af,d18d1cd9-4b5c-4220-9ecd-3fb92708ff33,IG Reel,VIDEO,2.4.2026 15:11:18,Jonáš Jobánek tímto gólem v prodloužení zajistil postup @vsefalcons do finále PLAY-IN 🦅,https://www.instagram.com/reel/DWoj3LPCHVV/,,10747,329,2,9
@218107044725785,facebook,7a942e3e-6c47-4794-9ba7-bbc7b6d40cb3,c852f188-6a9c-4289-b6e6-e1d47fc499da,FB Post,PHOTO,24.3.2026 22:33:26,"Poslední zápas základní části nám nevyšel. To nejdůležitější je ale před námi, a to už za týden v úterý.
👉🏼 PLAY-IN",https://www.facebook.com/122282816036218300/posts/122280481490218300,208,,1,,
@akademiciplzen,instagram,65494228-95bf-4f7b-8e68-d47d7262db66,5148995f-abd5-44da-be20-9e8cda721675,IG Reel,VIDEO,5.3.2026 20:38:40,"Zařvat si a zatancovat, to prostě k sladké výhře patří! 😝🏆

#akademiciplzen 💙",https://www.instagram.com/reel/DVhDULkDFil/,,12986,399,,11
@AkademiciPlzen,facebook,d87b94e3-03e8-45d0-b92e-75e9b819545c,54cf8f9a-a239-436b-abed-e2d88ae5c236,FB Video,VIDEO,18.3.2026 18:57:36,"Jak to vypadá v kabině, když se vyhraje důležitý zápas proti UK Kings? Nálada přesně, jak má být! 🙌🏻🔥

Budeme slavit i dnes? 👀
Sleduj zápas proti @vutcavaliersbrno PRÁVĚ TEĎ na Tipsportu! 🎥

#akademiciplzen 💙",https://www.facebook.com/reel/1993249351228591/,952,410,11,,
@univerzitnihokej,facebook,01b45180-0b14-4a14-96e8-d0a4bab1fb9f,4eb346f3-8a0d-46c3-8509-056d76fa0cfc,FB Post,IMAGE,11.3.2026 9:11:50,Moravské derby je tady! Souboj @boostrava a @hc_muni můžete sledovat dnes od 19:00 na ČT sport 🍿,https://www.facebook.com/1275398168115026/posts/1258606049794238,257,,1,,
@riderspardubice,facebook,f99ed6c3-17cc-46f4-a32e-d9b0576ce2df,12f9b6e4-baa5-4f96-8c81-7d3a48eec8c2,FB Post,IMAGE,13.3.2026 17:04:47,"Soutěž o voucher pro tři osoby do SKYBOXu od @enteria_holding 🤩🥂

Označ v komentářích dva kamarády, se kterými bys zašel na Last Dance a příští týden ve čtvrtek vyslovujeme dva výherce voucherů, kteří si užijí poslední zápas semestru s jedinečným výhledem! 👏🥳

*podmínkou účasti je zveřejnění jednoho stories ze skyboxu během zápasu na vaše sociální sítě s označením účtu @riderspardubice a @enteria_holding",https://www.facebook.com/1592662819534019/posts/1575487301251571,137,,,,
@univerzitnihokej,facebook,01b45180-0b14-4a14-96e8-d0a4bab1fb9f,4863b819-72f2-4505-b451-6224c3e4714b,FB Video,VIDEO,8.4.2026 19:25:40,"FALCONS postupují jako první do @unihokejfinalfour 🦅

Fanoušci Eden čeká 🏟️ 16.-17. dubna ➡️ lístky na finalfour.cz 🎟️",https://www.facebook.com/reel/920090124187461/,1836,750,8,,
@riderspardubice,facebook,f99ed6c3-17cc-46f4-a32e-d9b0576ce2df,d55632bb-a0a2-4e19-a0fe-81e1ce4edb4b,FB Video,VIDEO,30.3.2026 19:20:17,"Takže jak funguje to final four? 👀

A v úterý nás čeká Ostrava!",https://www.facebook.com/reel/1497933135387690/,630,322,9,,
vsefalcons,instagram,709fceba-e311-48e7-9057-f54a587abf4a,2114fdb1-481e-4550-93aa-7fcf84b663f6,IG Story,VIDEO,5.1.2026 18:51:06,JAK MOC KLUKŮM CHUTNAL DNEŠNÍ TRÉNINK? we back we back we back,https://www.instagram.com/stories/vsefalcons/3803554670543685704,,1510,,,2
@univerzitnihokej,instagram,1e114592-3529-4cfe-9977-2598454053af,5252f105-723d-43cf-9343-ff55f84dee62,IG Story,VIDEO,28.4.2026 16:13:20,❓ CO JSME DĚLALI NA @unihokejfinalfour,https://www.instagram.com/stories/univerzitnihokej/3885374314950225131,,2265,,,3
@vutcavaliersbrno,instagram,b384bebf-72f3-4f9d-8b2d-3677709f6966,23557c93-b3e7-4ed1-b2ed-fc72e853885e,IG Story,VIDEO,1.4.2026 10:37:05,,https://www.instagram.com/stories/vutcavaliersbrno/3865636702085766229,,661,,,8
@bitvaoprahu,facebook,75e0f41f-82be-4f82-a77b-82ac11135ed2,70f81bef-6424-41b1-99c6-93dd81ce697e,FB Post,IMAGE,12.3.2026 6:01:49,Rise and shine… IT’S BITVA DAY 🥳🤩,https://www.facebook.com/1441262177797849/posts/1419860526604681,170,,1,,
@218107044725785,facebook,7a942e3e-6c47-4794-9ba7-bbc7b6d40cb3,dfce0c6d-7b69-4f02-9c97-821b7b1f0757,FB Post,PHOTO,24.3.2026 21:06:33,"TEĎ NEBO NIKDY 🫵🏼
Play-in je tady. Poslední zápas doma. Jediná šance postoupit dál.

Buď u toho s námi, protože teď jde o všechno. 🙏🏼

📅 úterý 31. března
🕑 17:00
📍 Ice Arena Kateřinky
🎟️ lístky na profilu",https://www.facebook.com/122282816036218300/posts/122280467912218300,463,,4,,
vsefalcons,instagram,709fceba-e311-48e7-9057-f54a587abf4a,018970ce-7a83-436e-b3c1-300d998d4c50,IG Story,VIDEO,22.2.2026 14:39:14,,https://www.instagram.com/stories/vsefalcons/3838217096547567740,1150,1487,,,1
@cvutengineers,instagram,11963a07-7f0f-48e6-9d81-aa63a7ff4a04,ecbc16ea-5b5c-488e-82d5-d1b9277396e8,IG Story,VIDEO,29.4.2026 7:10:03,🫶🏼,https://www.instagram.com/stories/cvutengineers/3885825980682260459,,2391,,,10
vsefalcons,instagram,709fceba-e311-48e7-9057-f54a587abf4a,4b5cc584-beda-4489-825b-e952ad358dcd,IG Post,IMAGE,24.3.2026 22:33:18,"Poslední zápas základní části nám nevyšel. To nejdůležitější je ale před námi, a to už za týden v úterý.
👉🏼 PLAY-IN",https://www.instagram.com/p/DWSLfLqiJxs/,,1601,31,,
@unitedhk,facebook,bfe6cc29-a387-41b9-9bca-b077722556af,9734571a-f736-4cfb-bf0c-12492debb393,FB Post,IMAGE,17.4.2026 8:25:39,"Děkujeme městu Hradec Králové za podporu v této sezoně.

Město dlouhodobě podporuje sport, studenty i komunitní život, jehož jsme součástí.

Díky, že v tom jedeme společně. 🖤🧡",https://www.facebook.com/122180651084388974/posts/122181513818388974,193,,2,,
@cvutengineers,instagram,11963a07-7f0f-48e6-9d81-aa63a7ff4a04,a0770b99-19af-4e40-9fea-849621695349,IG Story,VIDEO,14.4.2026 17:20:08,GETTING  READY ✨ ✨,https://www.instagram.com/stories/cvutengineers/3875261664874780724,,790,,,4
@univerzitnihokej,instagram,1e114592-3529-4cfe-9977-2598454053af,e65680b7-cee1-493a-9fb4-5593ae551e2f,IG Story,VIDEO,11.4.2026 15:20:37,,https://www.instagram.com/stories/univerzitnihokej/3873027203818621568,,893,,,
@hcmuni,facebook,d1f9e9f9-7526-42d4-85aa-13f91e89f7cf,db40fddd-e8e4-4138-b966-46f028f00fd9,FB Video,VIDEO,2.3.2026 18:30:57,"Chystáme se na divokou jízdu!🔥⚔️
Ve středu jdeme zkrotit @riderspardubice , tak buď u toho!💙🐻

Lístky koupíte tady 👉🏻 https://hcmuni.enigoo.cz/app/tickets/events 🎟️
 
#hcmuni",https://www.facebook.com/reel/1160892262663585/,397,184,6,,
@univerzitnihokej,instagram,1e114592-3529-4cfe-9977-2598454053af,ef2e1f2e-d229-45c3-8104-49374d956292,IG Story,VIDEO,8.4.2026 18:21:53,@danielvesely_cz,https://www.instagram.com/stories/univerzitnihokej/3870944073385295397,,785,,,
@cvutengineers,instagram,11963a07-7f0f-48e6-9d81-aa63a7ff4a04,22b3fb9c-e71f-4410-a451-0b59488778df,IG Post,IMAGE,16.4.2026 20:12:30,"Pojďme dokončit co jsme začali! 🤞🏼🦁

📸: @ondra_mann",https://www.instagram.com/p/DXNJzGJjGGG/,,2487,174,,
@bitvaoprahu,instagram,d7c8aa06-74fb-4c6c-a7d2-c2fe1bf6d59c,233e4691-ecb4-4c9a-af62-439f843e9be2,IG Reel,REEL,13.3.2026 20:01:14,"🇨🇿 Vítej zpátky doma, Metoději! 👑👏🏼

@metodej_jilek 🎩 #bitvaoprahu | #univerzitnihokej",https://www.instagram.com/reel/DV1lGaljuRM/,,56883,2773,6,104
@engineersprague,facebook,afd06d1d-7b1c-4f66-8d93-ce4255ab773c,399cf4df-5f0f-4bed-9c76-e74597418194,FB Post,ALBUM,13.3.2026 13:42:55,"Bitvu jsme prohráli, ale válka je ještě před náma 🫡

Sezona se blíží do finále a my jdeme dokončit co jsme začali! 

#engprg #srdcelva",https://www.facebook.com/1560924572517692/posts/1544209614189188,802,,10,,
vsefalcons,instagram,709fceba-e311-48e7-9057-f54a587abf4a,9d415f65-64f6-4ee8-8506-925e1e25eaa7,IG Story,VIDEO,16.4.2026 17:37:12,PUSINKY PRO FANYNKY 💋,https://www.instagram.com/stories/vsefalcons/3876719610917604588,,936,,,8
@cvutengineers,instagram,11963a07-7f0f-48e6-9d81-aa63a7ff4a04,baf589ff-ea47-4a97-9c43-bd1df61263ae,IG Story,VIDEO,2.4.2026 12:04:26,,https://www.instagram.com/stories/cvutengineers/3866405447922353003,,992,,,2
@univerzitnihokej,instagram,1e114592-3529-4cfe-9977-2598454053af,ebf48223-ad05-4c23-b247-8604834de4f0,IG Post,IMAGE,12.4.2026 13:45:57,"RIDERS JSOU VE FINAL FOUR! 🐴

Vyhrávají lucky loser zápas a doplňuji pražskou trojci v boji o titul! 🏆
🗓️16-17. duben | 🏟️ Zimní stadion Eden",https://www.instagram.com/p/DXCKYaQiHCV/,,17222,333,2,102
vsefalcons,instagram,709fceba-e311-48e7-9057-f54a587abf4a,55dffd37-e31a-437e-8de2-71a1d34054b0,IG Story,VIDEO,8.4.2026 16:31:14,pěstička pro štěstí,https://www.instagram.com/stories/vsefalcons/3870888557334260493,905,906,,2,1
@218107044725785,facebook,7a942e3e-6c47-4794-9ba7-bbc7b6d40cb3,adc97b6c-f8d4-4111-99b5-c722a5729e92,FB Video,VIDEO,9.3.2026 11:26:33,"Kluci očividně nepoznají rozdíl mezi rage bait otázkou a naši normální otázkou 🤷🏽‍♀️

#vsefalcons",https://www.facebook.com/reel/1719695345660194/,351,139,6,,
@cvutengineers,instagram,11963a07-7f0f-48e6-9d81-aa63a7ff4a04,4d29404b-38e9-4523-b4ea-c6dd656448fb,IG Story,VIDEO,18.4.2026 11:21:59,,https://www.instagram.com/stories/cvutengineers/3877980355055867975,,1245,,,2
@united_hk,instagram,b18c071b-0570-48b2-b743-990c668c3c5b,a0d5de42-6e08-4ccb-be58-5ee03816866d,IG Story,VIDEO,27.4.2026 12:32:11,,https://www.instagram.com/stories/united_hk/3884538538742015699,,721,,,6
@univerzitnihokej,instagram,1e114592-3529-4cfe-9977-2598454053af,d5243e66-97a8-42f0-9ce2-d44f86fa178b,IG Story,VIDEO,8.4.2026 18:15:50,Kings přidávají TŘETÍ BRANKU 🎯🎯🎯,https://www.instagram.com/stories/univerzitnihokej/3870941580282623467,,772,,,
@univerzitnihokej,instagram,1e114592-3529-4cfe-9977-2598454053af,6098013a-007f-4c19-9b52-4174cfb4bee3,IG Story,VIDEO,8.4.2026 19:45:33,😳 DRAMA DO POSLEDNÍ MINUTY,https://www.instagram.com/stories/univerzitnihokej/3870986200211280551,,665,,,
@akademiciplzen,instagram,65494228-95bf-4f7b-8e68-d47d7262db66,c8d71058-d2b4-48ac-a4e5-76a09daf1923,IG Story,IMAGE,1.4.2026 18:34:39,,https://www.instagram.com/stories/akademiciplzen/3865877064260001113,,1074,,,
@univerzitnihokej,facebook,01b45180-0b14-4a14-96e8-d0a4bab1fb9f,2bfd367f-25ae-4ed9-ac66-061382a8781b,FB Post,IMAGE,16.3.2026 10:03:26,"Tento týden bude pro některé týmy oddechový, ale v úterý a čtvrtek se přeci jen můžete těšit na zajímavá utkání 💪🏼",https://www.facebook.com/1275398168115026/posts/1262442089410634,280,,1,,
vsefalcons,instagram,709fceba-e311-48e7-9057-f54a587abf4a,2c97ebd8-fa6f-42ee-b7ae-e68c86e9857c,IG Story,VIDEO,14.7.2026 18:18:48,,https://www.instagram.com/stories/vsefalcons/3941245825174738422,,627,,,
vsefalcons,instagram,709fceba-e311-48e7-9057-f54a587abf4a,7a743e45-8435-49b8-aa51-a17b212996b6,IG Story,VIDEO,16.2.2026 18:41:34,,https://www.instagram.com/stories/vsefalcons/3833990444380357289,989,1199,,,3
vsefalcons,instagram,709fceba-e311-48e7-9057-f54a587abf4a,94ed3309-f5fa-4230-ac1a-06263ffe4011,IG Reel,REEL,17.3.2026 15:52:20,"Happy St. Patrick’s day! 💚

#vsefalcons",https://www.instagram.com/reel/DV_cC2ICCX1/,,364279,14125,94,1003
vsefalcons,instagram,709fceba-e311-48e7-9057-f54a587abf4a,441c12c6-f2cf-466d-af38-eba6167d974c,IG Story,VIDEO,16.4.2026 16:30:26,NAKRMIT RYBIČKY PŘED ZÁPASEM 🐠 @kauflandcesko,https://www.instagram.com/stories/vsefalcons/3876685964135382000,,1103,,,1
@univerzitnihokej,instagram,1e114592-3529-4cfe-9977-2598454053af,857327bc-e384-4a0d-984a-8282ef4f317f,IG Story,VIDEO,8.4.2026 18:39:28,EMOCE po gólu 🔥,https://www.instagram.com/stories/univerzitnihokej/3870952967616636467,,774,,,1
vsefalcons,instagram,709fceba-e311-48e7-9057-f54a587abf4a,9d50a2e1-8ed7-4289-9f5e-c74f1010ea2a,IG Story,VIDEO,19.4.2026 21:47:39,"PĚKNÁ, CO?",https://www.instagram.com/stories/vsefalcons/3879020046370521378,873,195,,,
@cvutengineers,instagram,11963a07-7f0f-48e6-9d81-aa63a7ff4a04,aaab9cac-feb3-4c14-8ac9-ea9c6425e7c8,IG Story,IMAGE,9.4.2026 16:53:16,"97,62% ÚSP 6 ze 7 nájezdů ✅ ✅",https://www.instagram.com/stories/cvutengineers/3871624247483602277,,680,,,5
@akademiciplzen,instagram,65494228-95bf-4f7b-8e68-d47d7262db66,cf2d7272-821e-4d3c-b869-fc3e331b8bc6,IG Story,VIDEO,27.4.2026 20:07:31,,https://www.instagram.com/stories/akademiciplzen/3884767870383334526,,603,,,
@hc_muni,instagram,43cd62c8-609d-4ea6-8ce9-cae5242ede0c,da8d66d3-ac54-4e27-b983-42a389e7c9b5,IG Post,IMAGE,2.3.2026 11:06:55,"Blíží se nám MDŽ, a proto jsme si pro naše fanynky připravili malý dáreček ke středečnímu zápasu 💙🐾🐻

Stačí se podívat na tlapku🫶🏻

#hcmuni",https://www.instagram.com/p/DVYTlvSDBu1/,,12284,226,,8
vsefalcons,instagram,709fceba-e311-48e7-9057-f54a587abf4a,ef6201c3-8d10-4cab-98a4-701eee80675a,IG Story,VIDEO,12.2.2026 19:54:12,BTW TĚCH ÚTERKŮ BUDE VÍC 🛒 👉🏼,https://www.instagram.com/stories/vsefalcons/3831127873205883050,591,788,,,1
vsefalcons,instagram,709fceba-e311-48e7-9057-f54a587abf4a,24c7bf7a-558a-4a4a-84fb-bb940540140d,IG Story,VIDEO,10.3.2026 19:57:28,🎯,https://www.instagram.com/stories/vsefalcons/3849973796249855750,802,,,,4
@univerzitnihokej,facebook,01b45180-0b14-4a14-96e8-d0a4bab1fb9f,73b0c229-ce0e-4c91-94ff-d73df2c9fea3,FB Post,IMAGE,8.3.2026 7:56:40,"Děkujeme všem ženám, které jsou součástí univerzitního hokeje. 🌸 Krásný Mezinárodní den žen! 🥰",https://www.facebook.com/1275398168115026/posts/1256407460014097,1725,,10,,
@univerzitnihokej,facebook,01b45180-0b14-4a14-96e8-d0a4bab1fb9f,8c7487df-b5e0-4394-9ef7-7c65368d3ca1,FB Video,VIDEO,16.3.2026 15:48:34,Když Proud zvedne celou halu 🌊,https://www.facebook.com/reel/1561124485592009/,2350,937,5,,
@riderspardubice,instagram,4d6a67ab-9313-4f77-a82e-abb18adbca5d,b8f0b7c5-6163-4ba6-b7f7-e225c1886b29,IG Story,VIDEO,17.4.2026 15:46:00,,https://www.instagram.com/stories/riderspardubice/3877388396197102858,,927,,,
@univerzitnihokej,facebook,01b45180-0b14-4a14-96e8-d0a4bab1fb9f,0448d73c-650c-493c-9b23-153486ee40f7,FB Video,VIDEO,8.4.2026 21:56:15,@vsefalcons si své místo ve FINAL FOUR zajistili! 🎟️ Zajisti si i ty své a kupuj vstupenky na finalfour.cz 🫵🏻🔥,https://www.facebook.com/reel/1293620809369465/,1508,589,8,,
@cvutengineers,instagram,11963a07-7f0f-48e6-9d81-aa63a7ff4a04,0ca96f55-d3d8-4341-94c4-307be26cf2a8,IG Reel,VIDEO,16.4.2026 18:05:19,"Ticho před bouří ⛈️

Za chvíli jdeme na to 🦁

#srdcelva",https://www.instagram.com/reel/DXM62NRDESd/,,4002,152,,2
@akademiciplzen,instagram,65494228-95bf-4f7b-8e68-d47d7262db66,76f734bd-2888-4dd9-8137-346b20fd11cd,IG Post,IMAGE,17.4.2026 19:41:34,"Zdravíme z historicky prvního Final Four! 🧊👋🏻

#akademiciplzen #ullh",https://www.instagram.com/p/DXPrDXbjBBu/,,25607,574,,14
vsefalcons,instagram,709fceba-e311-48e7-9057-f54a587abf4a,a517cbfb-cccd-4a80-a382-6fa31823c87d,IG Post,IMAGE,16.4.2026 8:24:37,"Jdeme psát historii. Dnes se rozhodne, jestli zítra budeme hrát o titul 🏆

Nejdůležitější dva dny sezóny. Pojďte si je užít s námi. Těšíme se na vás ❤️‍🔥",https://www.instagram.com/p/DXL4yV1COD-/,,6724,102,1,22
@riderspardubice,facebook,f99ed6c3-17cc-46f4-a32e-d9b0576ce2df,f757d752-92ec-4b15-8765-9438045e62b8,FB Post,IMAGE,17.3.2026 8:42:02,"Další venkovní zápas!🤩 Tentokrát v Ostravě!

Venkovní zápas
🗓️ 17.3. v 19:30
📍 v RT Torax Arena 
⚔️ proti @boostrava 

#venkovnízápas#riders",https://www.facebook.com/1592662819534019/posts/1578615740938727,177,,1,,
vsefalcons,instagram,709fceba-e311-48e7-9057-f54a587abf4a,f7640bde-8bb0-4cb6-8a9c-025da14e3924,IG Story,VIDEO,17.4.2026 14:01:40,"ahoj, pajas 👋🏼",https://www.instagram.com/stories/vsefalcons/3877335955577296248,913,953,,,1
@riderspardubice,instagram,4d6a67ab-9313-4f77-a82e-abb18adbca5d,bdcc53a9-d080-443a-b4e7-5f195f3d7e47,IG Story,VIDEO,12.4.2026 12:15:00,@machosta_15 😏👊🏻 2:0,https://www.instagram.com/stories/riderspardubice/3873658926256634044,,1517,,,1
vsefalcons,instagram,709fceba-e311-48e7-9057-f54a587abf4a,24b6def3-59e9-435a-a5d6-b4a722717f2d,IG Story,VIDEO,3.3.2026 12:22:31,"CO ŘÍKÁTE 
NA RYCHLO SOUTĚŽ 
O LÍSTKY 
NA DNEŠNÍ ZÁPAS? 🤔 😱 🫣 🤩",https://www.instagram.com/stories/vsefalcons/3844671267022607133,731,950,,,
@riderspardubice,facebook,f99ed6c3-17cc-46f4-a32e-d9b0576ce2df,24ec50d5-d1ec-42ac-bd47-6a9cc24b725e,FB Post,IMAGE,16.4.2026 6:00:12,"GAMEDAY 😎

🏒 SEMIFINÁLE
🆚 @ukkingsprague
📍 Zimní stadion Eden, Praha
🕓 16. dubna | 16:30

Včera vybojovalo @hcpce postup do finále. A přesně to nám dává další motivaci bojovat za náš Hockeytown! ❤️‍🔥🐎",https://www.facebook.com/1592662819534019/posts/1605984691535165,397,,9,,
@cvutengineers,instagram,11963a07-7f0f-48e6-9d81-aa63a7ff4a04,7fcf6316-2219-4b3b-84e8-79f37743b7c4,IG Post,IMAGE,17.4.2026 21:51:22,Děkujeme všem se srdcem lva za neskutečnou sezonu. Mělo to všechno! 🦁,https://www.instagram.com/p/DXP5seMDK2y/,,15586,388,5,34
@218107044725785,facebook,7a942e3e-6c47-4794-9ba7-bbc7b6d40cb3,9f78ad9e-ae4b-472b-962b-878b3db92b7e,FB Video,VIDEO,26.5.2026 12:21:24,"Tak uvidíme jak to nakonec letos dopadne 👀

#ms2026",https://www.facebook.com/reel/1695911338388818/,22065,10715,271,,
@univerzitnihokej,instagram,1e114592-3529-4cfe-9977-2598454053af,dbe8b423-8414-43d4-bf03-4819282cc38e,IG Reel,VIDEO,12.3.2026 23:09:13,My nejradši kombinaci obojího 🙂‍↕️,https://www.instagram.com/reel/DVzWIhViKie/,,89640,3412,27,1410
@united_hk,instagram,b18c071b-0570-48b2-b743-990c668c3c5b,809b17f1-2365-4618-90c7-8bb68c581c73,IG Story,VIDEO,25.4.2026 13:20:09,!BUDEME SE TĚŠIT! BUDEME SE TĚŠIT,https://www.instagram.com/stories/united_hk/3883113222723116965,,820,,,
@riderspardubice,instagram,4d6a67ab-9313-4f77-a82e-abb18adbca5d,a416c875-bf42-408f-a955-f101ae736e2a,IG Story,VIDEO,12.4.2026 14:07:49,JSME VE  @unihokejfinalfour !!!!!!!!!,https://www.instagram.com/stories/riderspardubice/3873715445635514722,,1541,,,8
@univerzitnihokej,facebook,01b45180-0b14-4a14-96e8-d0a4bab1fb9f,297ef324-eb69-46ae-a9e3-5db5c59695c0,FB Video,VIDEO,4.3.2026 19:04:01,"ZOTT nejhladovější hráč zápasu? @rihastepan 👀🚀

Na ledě byl při chuti, a nebyl sám.
Hlad měla dnes i tribuna, takže ZOTT HUNGRY putuje i mezi fanoušky! 🥛🔥
#zott #zotthungry #zotthungrydrinkthis",https://www.facebook.com/reel/759807096929422/,700,414,2,,
vsefalcons,instagram,709fceba-e311-48e7-9057-f54a587abf4a,527031ad-5e38-4c19-a4b3-ec272a57bfe8,IG Story,VIDEO,17.4.2026 16:19:24,popřejte klukům štěstíčko,https://www.instagram.com/stories/vsefalcons/3877405288529940184,858,843,,1,2
vsefalcons,instagram,709fceba-e311-48e7-9057-f54a587abf4a,57db0de4-42cb-47f8-8396-f577c30586e3,IG Story,IMAGE,1.2.2026 17:27:20,🥳,https://www.instagram.com/stories/vsefalcons/3823081419446955523,,849,,,
@univerzitnihokej,facebook,01b45180-0b14-4a14-96e8-d0a4bab1fb9f,89046b21-94a8-4923-8ae1-a2a3b6f32501,FB Post,IMAGE,30.3.2026 10:41:30,"Zítra startují semifinálové boje PLAY-IN ⚔️
Žádné odvety, žádné opravy. 😤Jen jedna šance postoupit do finále play-in 🔥",https://www.facebook.com/1275398168115026/posts/1274032434918266,467,,1,,
@univerzitnihokej,instagram,1e114592-3529-4cfe-9977-2598454053af,a5f5722d-9b3e-470e-81cb-4f18438625ab,IG Post,IMAGE,9.4.2026 9:10:33,📍Next stop @unihokejfinalfour v Edenu 16.4.🫨 Vstupenky na finalfour.cz 🎟️,https://www.instagram.com/p/DW58erqiDVJ/,,12235,271,1,21
vsefalcons,instagram,709fceba-e311-48e7-9057-f54a587abf4a,e710a8db-55d0-42b3-a1f6-a5d4248f2dbe,IG Story,VIDEO,24.2.2026 19:48:35,1. TŘETINA je za námi 💨,https://www.instagram.com/stories/vsefalcons/3839822363189843218,662,805,,,
vsefalcons,instagram,709fceba-e311-48e7-9057-f54a587abf4a,040c7995-94de-406a-8081-14f2cce38331,IG Story,VIDEO,19.1.2026 17:36:02,doslova,https://www.instagram.com/stories/vsefalcons/3813663729212994487,,884,,,
vsefalcons,instagram,709fceba-e311-48e7-9057-f54a587abf4a,a1eb202f-ea0c-474b-ae59-4f11a9ec4166,IG Story,VIDEO,3.2.2026 21:09:48,PÁTÁ!,https://www.instagram.com/stories/vsefalcons/3824642956628341028,,1059,,,
@hcmuni,facebook,d1f9e9f9-7526-42d4-85aa-13f91e89f7cf,fd701f41-09d2-4d3b-b486-60f77d4d54ae,FB Video,VIDEO,3.4.2026 16:44:20,"Tohle nemůže říct jen tak někdo🚨🔥

#hcmuni",https://www.facebook.com/reel/1518077673023080/,2850,1417,7,,
vsefalcons,instagram,709fceba-e311-48e7-9057-f54a587abf4a,830cc4bf-7a3b-4fa6-8476-c7300c159f63,IG Story,VIDEO,16.4.2026 18:23:08,,https://www.instagram.com/stories/vsefalcons/3876742736313358715,1040,833,,,
vsefalcons,instagram,709fceba-e311-48e7-9057-f54a587abf4a,ca2d2d0b-55b3-4655-aa25-f3a7b950ddd9,IG Post,IMAGE,25.6.2026 14:02:14,"Apple emojis jsou fajn, ale něco jim chybí 🫣 Kdo s námi podepisuje petici pro tuhle novou dávku smajlíků? 📝

#vsefalcons",https://www.instagram.com/p/DaAu9yeuuu9/,,7604,181,,20
@riderspardubice,facebook,f99ed6c3-17cc-46f4-a32e-d9b0576ce2df,1d274a31-51b7-4eda-8218-5b9633975faa,FB Post,IMAGE,14.4.2026 9:40:34,"Poprvé v historii na 👉 @unihokejfinalfour 

Jedeme do Prahy reprezentovat Riders, Pardubice i naši univerzitu –
a bojovat s pražskými týmy o titul vládce ligy.

🏒 SEMIFINÁLE
🆚 @ukkingsprague
📍 Zimní stadion Eden, Praha
🕓 16. dubna | 16:30

👉 2 dny plný hokeje, atmosféry a afterparty

Ve čtvrtek se rozhodne, jestli půjdeme do finále, nebo o bronz – každopádně v pátek se hraje o medaile.

Pojď do toho s námi a buď u toho.

🎟️ Vstupenky najdeš v BIU.",https://www.facebook.com/1592662819534019/posts/1604317175035250,6250,,82,,
vsefalcons,instagram,709fceba-e311-48e7-9057-f54a587abf4a,22020aea-5503-4c3a-89dd-2b69de3d50d7,IG Story,VIDEO,22.4.2026 15:17:11,STAVTE SE U NÁS NA STÁNKU 🏒 🦅 📍,https://www.instagram.com/stories/vsefalcons/3880997742462124777,1113,981,,,1
@hcmuni,facebook,d1f9e9f9-7526-42d4-85aa-13f91e89f7cf,48423614-9aa9-4f2b-8eb9-ff51eff58077,FB Video,VIDEO,9.3.2026 14:46:34,"Pregame bonding 🔥
Tým 🤝 fanoušci 🤝 dobrý jídlo 🍗
Díky našemu partnerovi @kfc_cz za skvělou ochutnávku!
Smažák Zinger si taky dejte, doporučuje 10/10 Medvědů 🐻

#hcmuni #desetfakultjednarodina #kfc",https://www.facebook.com/reel/1675291787222662/,2088,847,5,,
@vutcavaliersbrno,instagram,b384bebf-72f3-4f9d-8b2d-3677709f6966,e3e3626f-c2d4-43a5-8464-9a474309b4aa,IG Reel,VIDEO,12.3.2026 10:32:57,taková naše autobusová klasika,https://www.instagram.com/reel/DVx_N8HiGzp/,,52071,1527,9,78
@univerzitnihokej,facebook,01b45180-0b14-4a14-96e8-d0a4bab1fb9f,badc9ef8-7bb0-4c96-8289-80f94fc158ca,FB Post,IMAGE,9.4.2026 9:10:45,📍Next stop @unihokejfinalfour v Edenu 16.4.🫨 Vstupenky na finalfour.cz 🎟️,https://www.facebook.com/1275398168115026/posts/1281821867472656,578,,2,,
@riderspardubice,facebook,f99ed6c3-17cc-46f4-a32e-d9b0576ce2df,20b4b7b2-18bd-4e8e-b06d-ee60a7acf978,FB Post,IMAGE,8.3.2026 6:00:10,"Krásně MDŽ 💐

Bez vás by to nešlo. 🫶",https://www.facebook.com/1592662819534019/posts/1570747668392201,373,,7,,
@vutcavaliersbrno,instagram,b384bebf-72f3-4f9d-8b2d-3677709f6966,3c1154e8-0ab1-4421-b223-f8b4f35c3619,IG Post,PHOTO,17.3.2026 11:37:44,"Poslední domácí zápas základní části je za dveřmi 👈 
Zítra proti @akademiciplzen 🔥",https://www.instagram.com/p/DV--8V6iFVw/,,3092,33,1,2
univerzitnihokej,tiktok,01c88cf9-594f-408e-a45a-95114221acae,4d5d3bd5-84c6-4e65-9158-3e63780d7586,TT Video,VIDEO,16.4.2026 16:27:22,"Tenhle gól byl tak dobrej, že jsme si ho museli pustit i pozpátku. ⏪",https://www.tiktok.com/@univerzitnihokej/video/7629394523562511638?utm_campaign=tt4d_open_api&utm_source=7348986504397455361,,1316,72,,
@boostrava,instagram,1176ddaf-d366-48a2-9639-3c6694c72c85,79c1b251-8165-44b7-a102-cbb1e227f598,IG Story,IMAGE,17.4.2026 19:39:15,,https://www.instagram.com/stories/boostrava/3877505995446682063,,525,,,
@univerzitnihokej,instagram,1e114592-3529-4cfe-9977-2598454053af,9cef53d1-e39a-4271-8269-71d34dfb75bc,IG Story,VIDEO,17.4.2026 14:53:23,,https://www.instagram.com/stories/univerzitnihokej/3877362110191686040,,1779,,,
@hc_muni,instagram,43cd62c8-609d-4ea6-8ce9-cae5242ede0c,168bd802-dd75-4446-ae2f-8d93c17f0833,IG Reel,VIDEO,17.3.2026 10:50:26,"Bez tebe to nebude ono! Doraž ve středu na tribuny!! ⚔️🔥
Vidíme se v 19:30 na Lužánkách 📍

Lístky koupíš v biu 🎟️

#hcmuni",https://www.instagram.com/reel/DV-5dIsDH0D/,,5894,173,2,27
@akademiciplzen,instagram,65494228-95bf-4f7b-8e68-d47d7262db66,28a46aa9-7a26-4082-a633-a6024ba6d13a,IG Reel,VIDEO,23.4.2026 8:38:26,"Běžíme pro ty, kteří nemohou! ⚡️

🗓️ 10. května ve 13:00 startuje Wings for Life World Run v Plzni! 

Můžeš se těšit na:
•  unikátní běh, kdy tě dohání catcher car 🏎️
•  hudbu, chill zónu u @pivstro_bolevak a drinky od @redbullcz ☀️⛱️
•  atmosféru, která tě nabije energií! 🔋

100 % tvého startovného jde na výzkum poranění míchy, tak poběž s námi a podpoř dobrou věc!

Registrace na: 
🔗https://www.wingsforlifeworldrun.com/cs

Nezáleží na tom, jestli uběhneš kilometr nebo maraton, v tomhle závodě vítězí každý, kdo se zapojí! 🏅",https://www.instagram.com/reel/DXd7Q0VjFQq/,,8656,192,6,74
@riderspardubice,instagram,4d6a67ab-9313-4f77-a82e-abb18adbca5d,4eff9d91-23e0-4cf3-bbdd-3c52626d0cd7,IG Story,VIDEO,7.4.2026 19:32:37,🔥🔥🔥,https://www.instagram.com/stories/riderspardubice/3870254899318080945,,391,,,