account_name,social_network_id,carl_account_id,carl_post_id,post_type,media_url_type,published,caption,permalink,impressions,views,likes,comments,shares
vsefalcons,instagram,709fceba-e311-48e7-9057-f54a587abf4a,06d62636-c6f5-4471-8df9-d3f481001659,IG Story,VIDEO,17.2.2026 19:49:43,1. TŘETINA,https://www.instagram.com/stories/vsefalcons/3834749490217671686,619,754,,,
@univerzitnihokej,instagram,1e114592-3529-4cfe-9977-2598454053af,3fa5a6e2-557d-49dd-8719-19d244398281,IG Post,IMAGE,8.3.2026 17:25:28,"Fuha, to byl týden 😮‍💨 Pro některé týmy obzvlášť ziskový, Engineers a Black Dogs si připsali rovnou 6 bodů. 🙌🏼",https://www.instagram.com/p/DVobrh1iOvT/,,3051,69,,2
vsefalcons,instagram,709fceba-e311-48e7-9057-f54a587abf4a,788582a2-c948-40d2-af6a-b245ebbe3555,IG Story,VIDEO,21.4.2026 18:25:21,ZÍTRA SE VIDÍME NA JAROVĚ! 👋🏼,https://www.instagram.com/stories/vsefalcons/3880367777160668977,858,656,,,3
@vutcavaliersbrno,instagram,b384bebf-72f3-4f9d-8b2d-3677709f6966,3e77b39f-9639-471f-a095-de1a4751fb57,IG Reel,VIDEO,16.3.2026 8:21:35,Hattrick @jerabekdmnk ze sobotního utkání proti VŠE Falcons Prague 👈,https://www.instagram.com/reel/DV8DtTtCO_j/,,5968,138,1,13
@riderspardubice,instagram,4d6a67ab-9313-4f77-a82e-abb18adbca5d,563e1b8f-5be4-436c-a674-e9c38a84d587,IG Story,VIDEO,14.4.2026 6:31:11,,https://www.instagram.com/stories/riderspardubice/3874935015415249706,,652,,,
@bitvaoprahu,instagram,d7c8aa06-74fb-4c6c-a7d2-c2fe1bf6d59c,deee6b77-1b95-4265-83f3-ce6c907b711d,IG Reel,VIDEO,12.3.2026 17:51:32,"🚨 POD VÍKO A PÁTÁ ODBYLA! 🖐🏼

Falcons odskakují do vedení! ➡️ Živě na @sport_ct ➕.",https://www.instagram.com/reel/DVyxK8yDMsV/,,16392,278,,15
@univerzitnihokej,instagram,1e114592-3529-4cfe-9977-2598454053af,e325fbba-ad2f-4c87-a06b-7424ad82654f,IG Post,IMAGE,15.3.2026 18:56:21,"Další dva TOP zápasy máme za sebou a dokonce už známe vítěze letošní základní části 💪🏼 play-in a @unihokejfinalfour se pomalu blíží, jste ready? 😎",https://www.instagram.com/p/DV6nA36CNyu/,,4321,93,,3
vsefalcons,instagram,709fceba-e311-48e7-9057-f54a587abf4a,6a1e3d67-f60e-42a4-8dce-6ced95c3d9a7,IG Story,VIDEO,2.3.2026 18:40:36,,https://www.instagram.com/stories/vsefalcons/3844136789179115115,644,828,,,1
@riderspardubice,facebook,f99ed6c3-17cc-46f4-a32e-d9b0576ce2df,94f8c557-06a0-4401-8493-90e29638a8f5,FB Post,IMAGE,17.3.2026 21:47:52,Dnes povedený zápas v Ostravě! Odvážíme si do Pardubic 3 body!💪🏼,https://www.facebook.com/1592662819534019/posts/1579141367552831,137,,4,,
vsefalcons,instagram,709fceba-e311-48e7-9057-f54a587abf4a,d18dd584-e724-4bb2-b6af-1bada6d026da,IG Reel,VIDEO,17.2.2026 7:33:17,"GAMEDAY 🚨
První den ve škole? Splněno.
Teď si zasloužíš odměnu. 🔥

Doraz na hokej a vypni hlavu. Odkaz na lístky v biu👆🏻",https://www.instagram.com/reel/DU2cebACNOT/,,4428,66,,5
@united_hk,instagram,b18c071b-0570-48b2-b743-990c668c3c5b,3c614286-9e1c-42e8-af54-5331650daedc,IG Story,VIDEO,15.4.2026 12:53:52,,https://www.instagram.com/stories/united_hk/3875852413181657502,,510,,,3
@univerzitnihokej,instagram,1e114592-3529-4cfe-9977-2598454053af,ce947262-6d1b-42f1-a0a9-00b993c40f64,IG Story,VIDEO,8.4.2026 18:27:52,4 2,https://www.instagram.com/stories/univerzitnihokej/3870947087286297048,,745,,,
@riderspardubice,facebook,f99ed6c3-17cc-46f4-a32e-d9b0576ce2df,d7de6c70-ca9d-4ecd-bffc-bb72762a9323,FB Post,IMAGE,10.3.2026 19:51:35,"Další venkovní zápas!🤩

Venkovní zápas
🗓️ 17.3. v 19:30
📍 v RT Torax Arena 
⚔️ proti @boostrava 

#venkovnízápas#riders",https://www.facebook.com/1592662819534019/posts/1572927184840916,157,,1,,
vsefalcons,instagram,709fceba-e311-48e7-9057-f54a587abf4a,ea6aa820-c9a4-4148-8e6b-ba7c7164a90f,IG Story,VIDEO,3.2.2026 20:59:02,LUKÁŠ NOVÁK 💥,https://www.instagram.com/stories/vsefalcons/3824637567048408862,,1417,,,2
vsefalcons,instagram,709fceba-e311-48e7-9057-f54a587abf4a,0faae83d-61f1-4285-8683-2ca8d8d7a538,IG Story,VIDEO,14.1.2026 9:06:23,@fanda_david,https://www.instagram.com/stories/vsefalcons/3809783330875419633,,841,,,14
@akademiciplzen,instagram,65494228-95bf-4f7b-8e68-d47d7262db66,81df8de5-4c0d-4c02-98b8-955786847f0d,IG Post,IMAGE,7.3.2026 19:56:36,"O Afterparty Jarní bitvy se bude mluvit ještě hodně dlouho… 🧨🪩
Kdo byl, ví. Kdo nebyl, příště nesmí chybět!

#akademiciplzen | 📸 @vpotocesevodatoci",https://www.instagram.com/p/DVmILlTDOFW/,,22812,478,,87
@united_hk,instagram,b18c071b-0570-48b2-b743-990c668c3c5b,ebe7c071-15bd-471c-8ab5-b43a086ad5db,IG Post,IMAGE,9.3.2026 16:48:00,"🎂 Narozeniny – Jirka Šrámek

Náš hráč Jirka Šrámek dnes slaví narozeniny.

Všechno nejlepší, Jirko! 🎂
Užij si to.

🖤🧡",https://www.instagram.com/p/DVq8L_3CKtK/,,2039,38,,2
@hcnorthwings,facebook,2b08a479-603b-46e4-8a48-2bc0435ccd53,49ced60f-c3a3-4f80-8c65-39d071c70d44,FB Story,VIDEO,4.3.2026 16:14:09,,,,,,,
vsefalcons,instagram,709fceba-e311-48e7-9057-f54a587abf4a,5e30b30b-7b1f-4df5-85e8-10b2db2a1a7d,IG Story,IMAGE,3.2.2026 19:34:54,1 0  Hamršmíd,https://www.instagram.com/stories/vsefalcons/3824595180183887805,,917,,,
vsefalcons,instagram,709fceba-e311-48e7-9057-f54a587abf4a,6e051317-ba77-4913-af9b-ed464f7730a7,IG Story,VIDEO,15.4.2026 8:57:58,JEŠTĚ NEVÍŠ CO SI VZÍT ZÍTRA NA SEBE? TOHLE POŘÍDÍŠ I NA MÍSTĚ 🤩,https://www.instagram.com/stories/vsefalcons/3875733668258157170,749,837,,,4
@vutcavaliersbrno,instagram,b384bebf-72f3-4f9d-8b2d-3677709f6966,6edab800-dfd5-4751-bc20-3c41f7c50f36,IG Post,IMAGE,5.3.2026 10:44:54,"Fotoreport ze včerejšího utkání proti @boostrava 🏒👊🏽

📸 @vladisek

#unihokej #vutbrno #vutcavaliersbrno #boostrava",https://www.instagram.com/p/DVf_dDsiOe5/,,3173,92,1,5
vsefalcons,instagram,709fceba-e311-48e7-9057-f54a587abf4a,9e999e2f-a864-4905-aefb-9ab289256e4e,IG Story,IMAGE,10.3.2026 23:31:01,🩵,https://www.instagram.com/stories/vsefalcons/3850081195421923792,765,152,,,
@riderspardubice,instagram,4d6a67ab-9313-4f77-a82e-abb18adbca5d,c04c7b9a-df8d-4757-9052-2ab281704990,IG Story,VIDEO,17.4.2026 14:56:42,,https://www.instagram.com/stories/riderspardubice/3877363600335891876,,941,,,
@engineersprague,facebook,afd06d1d-7b1c-4f66-8d93-ce4255ab773c,d46420ef-d7f2-46be-b565-d26a9c0816a7,FB Story,VIDEO,12.3.2026 20:47:38,,,,,,,
@riderspardubice,facebook,f99ed6c3-17cc-46f4-a32e-d9b0576ce2df,4b3a33e3-f831-4d8e-a3b0-73fe3b21cec7,FB Video,VIDEO,16.4.2026 14:34:43,,https://www.facebook.com/reel/952393037372708/,775,245,10,,
@bitvaoprahu,instagram,d7c8aa06-74fb-4c6c-a7d2-c2fe1bf6d59c,73db16a7-1d4e-43d8-8332-afbbcfb48753,IG Post,IMAGE,9.3.2026 8:36:10,"Jídlo a pití zdarma po celou dobu akce, ten nejlepší výhled a afterparty jako bonus? 🫨 To všechno může být ve čtvrtek tvoje, stačí se zapojit do soutěže!

PODMÍNKY:
1) označ do komentáře kámoše, kterýho chceš jako svýho VIP parťáka 🤝🏼
2) sleduj profil @bitvaoprahu 👈🏼

Soutěž probíhá do středy 10:00. Hodně štěstí! 🍀",https://www.instagram.com/p/DVqBtpxjKsE/,,21866,366,332,44
@cvutengineers,instagram,11963a07-7f0f-48e6-9d81-aa63a7ff4a04,1e62bda2-1261-416c-b4e5-3c761a0b52f1,IG Post,IMAGE,5.3.2026 19:28:41,"Kdo nepřišel, o hodně přišel 🤓 S Hradcem to bylo drama až do konce, ale o to líp to vítězství chutná 🤤

📸: @ondra_mann

#srdcelva #engprg",https://www.instagram.com/p/DVg7Zb4jJXd/,,6744,163,,3
@akademiciplzen,instagram,65494228-95bf-4f7b-8e68-d47d7262db66,29680abc-02bc-4122-a7b3-9cfa7cfbde67,IG Story,VIDEO,1.4.2026 19:13:53,GOOOOOOL! vyrovnáno!,https://www.instagram.com/stories/akademiciplzen/3865896822913113973,,1066,,,
vsefalcons,instagram,709fceba-e311-48e7-9057-f54a587abf4a,2fa8d8b8-d319-43e6-b190-c382bdec876f,IG Reel,VIDEO,8.1.2026 16:10:11,akorát že vůbec 😶‍🌫️,https://www.instagram.com/reel/DTQYFjfCG8D/,,20511,258,5,43
@akademiciplzen,instagram,65494228-95bf-4f7b-8e68-d47d7262db66,3a86626c-df6a-40d5-b631-72a4f66d5b78,IG Story,VIDEO,1.4.2026 16:47:14,,https://www.instagram.com/stories/akademiciplzen/3865823002340643151,,,,,
@univerzitnihokej,instagram,1e114592-3529-4cfe-9977-2598454053af,5b400470-5cf0-4fd4-af32-da017a9d3623,IG Story,VIDEO,8.4.2026 18:46:38,A KOMU FANDÍŠ TY? 🤔,https://www.instagram.com/stories/univerzitnihokej/3870956541616630210,,757,,,
vsefalcons,instagram,709fceba-e311-48e7-9057-f54a587abf4a,ff0026c9-4816-471d-b724-44ff38a67f78,IG Story,VIDEO,13.3.2026 16:20:29,,https://www.instagram.com/stories/vsefalcons/3852038805368879881,878,839,,,2
@riderspardubice,facebook,f99ed6c3-17cc-46f4-a32e-d9b0576ce2df,7fe47f77-8ae0-4492-bd0f-f4d3bff7b07e,FB Video,VIDEO,12.4.2026 15:17:18,Tenhle moment nezapomeneme! 🫶,https://www.facebook.com/reel/962669956136599/,5110,2993,47,,
@univerzitnihokej,instagram,1e114592-3529-4cfe-9977-2598454053af,4633d5e0-aca9-44f4-9c4d-7bb233eb28bb,IG Story,VIDEO,11.4.2026 15:21:45,,https://www.instagram.com/stories/univerzitnihokej/3873027736000302210,,805,,,2
@riderspardubice,instagram,4d6a67ab-9313-4f77-a82e-abb18adbca5d,5e5963f6-2181-432f-8b2a-c1e4be126ec8,IG Post,IMAGE,9.3.2026 22:29:31,"Dnes se zadařilo!🥳 Sice po prodloužení, ale 2 další body jsou doma!",https://www.instagram.com/p/DVrjEv1jG_5/,,2906,62,,3
@cvutengineers,instagram,11963a07-7f0f-48e6-9d81-aa63a7ff4a04,d073f8b2-8845-4f6c-acbb-a04bf341fc81,IG Post,IMAGE,16.4.2026 21:23:04,"1/2 To nejdůležitější nás ještě čeká ✨

17.4. 
Zimní stadion Eden 
ENG vs. UK
Finále ULLH",https://www.instagram.com/p/DXNRunBDJKx/,,2141,104,,1
vsefalcons,instagram,709fceba-e311-48e7-9057-f54a587abf4a,db98ecc2-763b-48df-a9df-9ef80fdc450b,IG Story,VIDEO,3.2.2026 19:50:57,@hcnorthwings 🌬️ severní vítr do prahy dovezl sníh,https://www.instagram.com/stories/vsefalcons/3824603280693554983,,1778,,,2
@cvutengineers,instagram,11963a07-7f0f-48e6-9d81-aa63a7ff4a04,f3cd427e-eff1-4251-9fce-6e95f412d686,IG Post,IMAGE,1.4.2026 19:57:32,"Jdeme na Riders! 🐎
Soupeře pro play-in už známe, teď jde opravdu o všechno. 
Buďte u toho s námi 🔥. Let’s go ENGINEERS🦁.

#engprg #srdcelva",https://www.instagram.com/p/DWmebd7DAFL/,,10495,176,,49
@riderspardubice,facebook,f99ed6c3-17cc-46f4-a32e-d9b0576ce2df,f91c3366-6857-49b9-a933-a40c8ee38317,FB Video,VIDEO,6.4.2026 19:22:09,"V úterý @hcpce, ve středu my! 🏒
Hockeytown 🔥",https://www.facebook.com/reel/1253702206965614/,911,329,4,,
vsefalcons,instagram,709fceba-e311-48e7-9057-f54a587abf4a,2f260989-01e3-450c-81ca-85d544f24608,IG Story,VIDEO,17.3.2026 9:01:10,,https://www.instagram.com/stories/vsefalcons/3854716794661566960,987,1228,,,
vsefalcons,instagram,709fceba-e311-48e7-9057-f54a587abf4a,5ddd5d90-070f-48ff-9c29-2edcd91cd034,IG Story,VIDEO,10.3.2026 18:39:15,@fn0026 🔍,https://www.instagram.com/stories/vsefalcons/3849934344802584456,1237,,,,1
@vutcavaliersbrno,instagram,b384bebf-72f3-4f9d-8b2d-3677709f6966,a5da2428-1869-403c-afc8-ef13bdab2596,IG Post,PHOTO,26.3.2026 9:54:28,"VRCHOL SEZONY JE TADY 🔥 
Do Play-in postupujeme z 10. místa a příští týden se utkáme s @blackdogsbudweis_vste, kteří se po základní části umístili na 3. místě 👈
Jeden zápas, který vše rozhodne 🏒",https://www.instagram.com/p/DWV4ko0CLW4/,,3609,88,,6
vsefalcons,instagram,709fceba-e311-48e7-9057-f54a587abf4a,b14944b7-2557-4099-986a-aa0335437e73,IG Story,VIDEO,18.2.2026 7:55:16,,https://www.instagram.com/stories/vsefalcons/3835114677101698029,574,738,,,
@hcnorthwings,facebook,2b08a479-603b-46e4-8a48-2bc0435ccd53,36059bd6-d46c-44bb-8c72-1dba6c731e9a,FB Story,VIDEO,2.3.2026 18:32:52,,,,,,,
@univerzitnihokej,instagram,1e114592-3529-4cfe-9977-2598454053af,7d987f16-f322-495a-8224-3947ab8d9b95,IG Post,IMAGE,12.3.2026 10:55:34,Pražský den D je tady! Kdo dnes urve bronz na @bitvaoprahu ? 🫨,https://www.instagram.com/p/DVyB-skCIvi/,,11474,160,1,42
vsefalcons,instagram,709fceba-e311-48e7-9057-f54a587abf4a,919ccaf0-6adb-44e0-b929-9d4830e04019,IG Story,VIDEO,8.4.2026 17:25:38,nezahálel a rázem přidává další,https://www.instagram.com/stories/vsefalcons/3870915827516054369,896,826,,,3
@riderspardubice,instagram,4d6a67ab-9313-4f77-a82e-abb18adbca5d,b403fd7b-620a-4d9b-bea9-469cf0682bc2,IG Story,VIDEO,17.4.2026 15:07:32,NOVOTNÝ,https://www.instagram.com/stories/riderspardubice/3877369151623030646,,923,,,
@univerzitnihokej,facebook,01b45180-0b14-4a14-96e8-d0a4bab1fb9f,c1fdb243-8ca7-41d9-b7de-2652358e270d,FB Post,IMAGE,28.3.2026 19:14:06,Poslední semifinálový duel vypukne v Plzni 🔥 Farmers se ve vyřazovací části vrátí zpět na půdu Akademiků 🔙,https://www.facebook.com/1275398168115026/posts/1272792498375593,1320,,1,,
@bitvaoprahu,instagram,d7c8aa06-74fb-4c6c-a7d2-c2fe1bf6d59c,f94754f8-474f-4f8d-b6e3-ef001a5db666,IG Post,IMAGE,12.3.2026 9:00:52,"Nevíš co na sebe? 😔 Teď už jo! Obleč se do barev tvojí univerzity ať všichni ví, komu fandíš 🫡

Tak co, bude to červená❤️, modrá💙, zelená💚 nebo bílá🤍? 

Finálový večer Bitva o Prahu 🏒
Poslední lístky 👉🏼 bitvaoprahu.cz🎟️",https://www.instagram.com/p/DVx1FYgDEKM/,,11141,251,,74
@bitvaoprahu,facebook,75e0f41f-82be-4f82-a77b-82ac11135ed2,fdd21ef5-f76b-4e37-b99f-89b5193a49b0,FB Video,VIDEO,12.3.2026 17:51:48,"🚨 POD VÍKO A PÁTÁ ODBYLA! 🖐🏼

Falcons odskakují do vedení! ➡️ Živě na @sport_ct ➕.",https://www.facebook.com/reel/1475194137284777/,1227,563,4,,
@akademiciplzen,instagram,65494228-95bf-4f7b-8e68-d47d7262db66,08d836be-8680-4b7f-b19e-4a41e349b84f,IG Story,VIDEO,7.4.2026 17:44:02,VIDÍTE TO TAKY? 😯 @beerik09 🤝🏻 @tomas_ceperko,https://www.instagram.com/stories/akademiciplzen/3870200345054164727,,2285,,,3
univerzitnihokej,tiktok,01c88cf9-594f-408e-a45a-95114221acae,836c53cb-6d87-4078-801a-3b9ed7a21f82,TT Video,VIDEO,16.4.2026 15:03:29,Příchod ve velkém stylu! 🔥,https://www.tiktok.com/@univerzitnihokej/video/7629372902089002242?utm_campaign=tt4d_open_api&utm_source=7348986504397455361,,753,73,1,
vsefalcons,instagram,709fceba-e311-48e7-9057-f54a587abf4a,8f5c480d-1f4b-419d-9a28-7eeecd7d1f11,IG Story,VIDEO,3.3.2026 23:29:15,"Jakub
HROUDA 🎙️",https://www.instagram.com/stories/vsefalcons/3845006955433741157,948,948,,2,5
@unitedhk,facebook,bfe6cc29-a387-41b9-9bca-b077722556af,c4e5703f-1dea-4fd1-b111-562877d10675,FB Post,PHOTO,31.3.2026 7:51:58,"🔥 Dnes začíná bitva o Final Four.

PLAY-IN.

Jeden zápas, který rozhodne všechno.

Vyhraješ a zůstáváš ve hře.
Prohraješ a sezóna končí.

Dnes jdeme ALL IN.

Drž nám palce.🖤🧡

#unitedhk #unihokej #uhk #hradeckralove",https://www.facebook.com/122180651084388974/posts/122180091506388974,273,,5,,
@univerzitnihokej,instagram,1e114592-3529-4cfe-9977-2598454053af,050a51df-b637-47c1-8fd0-283276a38840,IG Reel,VIDEO,6.3.2026 19:24:30,"Final Four sem, Final Four tam…
Ale kdo ho vlastně bude hrát? 🤔 Ondra vám hezky ve videu ukáže, jak se týmy dostanou mezi nejlepší čtyřku. 👆🏻
🗓️16.-17. duben | 🏟️ Zimní stadion Eden",https://www.instagram.com/reel/DVjfY8OiCYM/,,16131,364,2,106
@riderspardubice,instagram,4d6a67ab-9313-4f77-a82e-abb18adbca5d,9fecef2d-9134-4539-804a-32658dde6ca7,IG Post,IMAGE,15.3.2026 16:51:40,"V pondělí 23. března se uvidíme v letošní sezoně naposledy na domácím ledě! 👋🤩

Vstupenky koupíš přes odkaz v BIU! 🎟️",https://www.instagram.com/p/DV6ZYD4jIE2/,,2608,73,,7
@riderspardubice,facebook,f99ed6c3-17cc-46f4-a32e-d9b0576ce2df,a0e51f0f-6a8b-420b-82ed-453d42bd36a7,FB Post,IMAGE,24.3.2026 2:39:44,Dnes bohužel prohra.,https://www.facebook.com/1592662819534019/posts/1585033786963589,187,,,,
@engineersprague,facebook,afd06d1d-7b1c-4f66-8d93-ce4255ab773c,d38d2bd3-8f96-4589-9e69-5f21ea9eda5b,FB Story,IMAGE,12.3.2026 21:31:24,,,,,,,
@hc_muni,instagram,43cd62c8-609d-4ea6-8ce9-cae5242ede0c,3162ce63-3b47-44c4-be1b-a1549e28f634,IG Story,VIDEO,11.4.2026 21:18:56,,https://www.instagram.com/stories/hc_muni/3873207587546518660,,209,,,
vsefalcons,instagram,709fceba-e311-48e7-9057-f54a587abf4a,3ebde160-fba7-4103-a2c5-35c92b45bad5,IG Story,VIDEO,28.3.2026 19:27:26,PLAY-IN MODE trénujeme i v sobotu 🫡 🔥,https://www.instagram.com/stories/vsefalcons/3863004569320044403,819,646,,,3
vsefalcons,instagram,709fceba-e311-48e7-9057-f54a587abf4a,819d4d1f-a82b-432d-8463-ea5437ffd55c,IG Story,VIDEO,31.3.2026 15:05:00,🤖 🦾 🦿,https://www.instagram.com/stories/vsefalcons/3865046788109541709,1040,944,,,2
@riderspardubice,instagram,4d6a67ab-9313-4f77-a82e-abb18adbca5d,ea36792d-74ce-490e-9f88-4a43a2894d9c,IG Story,IMAGE,17.4.2026 21:47:26,,https://www.instagram.com/stories/riderspardubice/3877570507734577739,,495,,,
@hc_muni,instagram,43cd62c8-609d-4ea6-8ce9-cae5242ede0c,f1da025a-6148-4da8-a042-5cb0cf659bdc,IG Post,IMAGE,16.3.2026 8:42:43,"Ve středu v 19:30 jdeme znovu do boje! 🔥
Přijď nás podpořit na Lužánky a pomoct vytvořit skvělou atmosféru! 🐻💙

Lístky koupíš u nás v biu 🎟️

#hcmuni",https://www.instagram.com/p/DV8Fk60jIdL/,,3606,48,,2
@riderspardubice,instagram,4d6a67ab-9313-4f77-a82e-abb18adbca5d,43e0e04a-abd1-4c49-b552-1e4fc0bb1b7f,IG Story,VIDEO,31.3.2026 20:57:30,,https://www.instagram.com/stories/riderspardubice/3865224192019192282,,524,,,
vsefalcons,instagram,709fceba-e311-48e7-9057-f54a587abf4a,6d17a8ce-8dd6-4e07-b9a7-d447b5ca2d96,IG Post,CAROUSEL_ALBUM,23.2.2026 15:42:45,"Survivor game už zítra! 🔥

Pokud ještě nemáš lístky, tak je ideální čas to změnit, jinak přijdeš o hodně 😏 Tak šup šup na profil a vidíme se zítra 👋🏼",https://www.instagram.com/p/DVGxlyliDCW/,,5463,120,,17
@cvutengineers,instagram,11963a07-7f0f-48e6-9d81-aa63a7ff4a04,c5e91a7c-4388-4830-bdeb-878e6219d8f8,IG Story,VIDEO,8.4.2026 17:15:23,GAME MODE ON,https://www.instagram.com/stories/cvutengineers/3870910610531952809,,995,,,
@akademiciplzen,instagram,65494228-95bf-4f7b-8e68-d47d7262db66,fe13fa30-e749-4e56-9004-8bbf5c3b3dcd,IG Story,VIDEO,1.4.2026 19:51:05,,https://www.instagram.com/stories/akademiciplzen/3865915534164642703,,931,,,
vsefalcons,instagram,709fceba-e311-48e7-9057-f54a587abf4a,321e97ff-e663-43aa-8d83-e6791b19be95,IG Story,VIDEO,24.3.2026 16:16:13,BUSTED Na cestách jedině do @kfc_cz 👀 🕵🏻‍♂️,https://www.instagram.com/stories/vsefalcons/3860009210507489737,978,1153,,,5
vsefalcons,instagram,709fceba-e311-48e7-9057-f54a587abf4a,773a90b2-71e4-461c-a65b-3f51fc6df318,IG Story,IMAGE,30.3.2026 9:28:31,my až zítra budeme slavit výhru,https://www.instagram.com/stories/vsefalcons/3864152671280229884,,,,,
vsefalcons,instagram,709fceba-e311-48e7-9057-f54a587abf4a,ac869b8e-349f-4b4b-9f94-6eb4fb2addcd,IG Story,VIDEO,13.3.2026 17:13:05,,https://www.instagram.com/stories/vsefalcons/3852065279840898521,818,669,,,
@univerzitnihokej,instagram,1e114592-3529-4cfe-9977-2598454053af,aecc2f1f-16bb-4b3c-93d8-694996f614e0,IG Reel,VIDEO,16.3.2026 17:30:58,Bez kebabu od Kauflandu by to nebyla ta pravá @bitvaoprahu 🌯🔥,https://www.instagram.com/reel/DV9CPAjiLwQ/,,7788,120,,12
@bitvaoprahu,instagram,d7c8aa06-74fb-4c6c-a7d2-c2fe1bf6d59c,bdc2be10-5a9d-442f-8184-6eae5478d113,IG Reel,VIDEO,9.3.2026 17:02:01,"I tuhle písničku si společně zazpíváme už ve čtvrtek! 🗣️

Lístky na bitvaoprahu.cz 🎟️",https://www.instagram.com/reel/DVq9pqkiF3-/,,75572,2474,11,478
@bitvaoprahu,facebook,75e0f41f-82be-4f82-a77b-82ac11135ed2,d5b7880e-961d-4629-b8fa-887bba3398c4,FB Post,IMAGE,12.3.2026 18:41:34,"🥉BRONZ PRO VŠE A TŘI BODY! ✅

Gratulujeme k obhajobě 3. místa , @vsefalcons ! 🎩👏🏼",https://www.facebook.com/1441262177797849/posts/1420314896559244,170,,2,,
@cvutengineers,instagram,11963a07-7f0f-48e6-9d81-aa63a7ff4a04,a9bad2e0-d2c1-4695-a744-c55c1c10f018,IG Reel,VIDEO,4.4.2026 12:29:53,"Kdo si s tím podle vás poradil nejlíp? 🤸🏻🦁

#engprg",https://www.instagram.com/reel/DWtbDP3jMPC/,,82822,1396,,67
vsefalcons,instagram,709fceba-e311-48e7-9057-f54a587abf4a,16158a66-d82c-4521-b50f-a9a7f0c879e6,IG Story,IMAGE,13.3.2026 16:53:02,,https://www.instagram.com/stories/vsefalcons/3852055182590925042,852,872,,,5
@cvutengineers,instagram,11963a07-7f0f-48e6-9d81-aa63a7ff4a04,f4a16f7c-a17a-4a92-b109-e3f4d923496e,IG Story,VIDEO,17.4.2026 22:55:53,,https://www.instagram.com/stories/cvutengineers/3877604809767685897,,970,,,
@bitvaoprahu,facebook,75e0f41f-82be-4f82-a77b-82ac11135ed2,5d2de9ab-7185-47db-8787-971c05771592,FB Post,IMAGE,10.4.2026 13:38:05,"Bitva o Prahu v Edenu?! 🫨

Už příští týden se odehraje Final Four, kde čtyři nejlepší týmy budou bojovat o titul mistra 🏆 a rovnou tři z nich dobře znáte 😏

Ať už jsi fanoušek Falcons, Kings nebo Engineers, pojď podpořit svůj tým na nejdůležitější akci sezóny 🔥

Lístky v prodeji na finalfour.cz 🎟️",https://www.facebook.com/1441262177797849/posts/1443789917545075,252,,4,,
@vutcavaliersbrno,instagram,b384bebf-72f3-4f9d-8b2d-3677709f6966,a01e8f84-7455-49c7-857e-97c4495c5923,IG Story,VIDEO,31.3.2026 21:02:24,,https://www.instagram.com/stories/vutcavaliersbrno/3865226655702771549,,283,,,
@AkademiciPlzen,facebook,d87b94e3-03e8-45d0-b92e-75e9b819545c,a618d825-fbba-4fcd-b859-5966186a6214,FB Post,IMAGE,6.3.2026 19:48:29,"Jarní bitva už je minulostí! 💥 

Slavnostní buly nám vhodil maskot Olympiády dětí a mládeže, která se uskuteční 24.-28. 1. 2027 u nás v Plzeňském kraji! 🏆

#akademiciplzen 💙 | 📸 @vpotocesevodatoci @novotny_studio.cz",https://www.facebook.com/1357105236437494/posts/1336284845186200,416,,4,,
vsefalcons,instagram,709fceba-e311-48e7-9057-f54a587abf4a,bfa858b8-bd45-428b-b321-304b0598c4eb,IG Reel,VIDEO,3.3.2026 19:15:13,Tenhle gól byl doslova perfektní a nádhernej 🤤🤤,https://www.instagram.com/reel/DVbwJP4CGlR/,,5119,92,,1
@united_hk,instagram,b18c071b-0570-48b2-b743-990c668c3c5b,2a7c57ed-bfb0-4df2-9f80-aa42f713782f,IG Story,VIDEO,21.4.2026 11:44:53,,https://www.instagram.com/stories/united_hk/3880166178266030427,,849,,,3
vsefalcons,instagram,709fceba-e311-48e7-9057-f54a587abf4a,35ff69ba-39df-4725-94bb-56d06224a9ce,IG Post,IMAGE,11.2.2026 8:15:39,"Nový semestr je za dveřmi a s ním i série našich domácích zápasů, na které si teď můžeš pořídit balíček s pořádnou slevičkou 🥳
Čeká tě spoustu zábavných aktivit, soutěží a vypjatých utkání, protože konec základní části se blíží 🥶

Balíček pořídíš přes odkaz na profilu.
Akce platí do 17. února.",https://www.instagram.com/p/DUnDHigCI8i/,,8956,72,,33
vsefalcons,instagram,709fceba-e311-48e7-9057-f54a587abf4a,47e5c520-6562-4acf-932a-75a7c2d34a78,IG Story,VIDEO,6.3.2026 19:00:44,,https://www.instagram.com/stories/vsefalcons/3847046026020577272,,751,,,2
@AkademiciPlzen,facebook,d87b94e3-03e8-45d0-b92e-75e9b819545c,99ae9bc3-928c-4c25-b4ea-10e0adf35895,FB Post,IMAGE,20.4.2026 12:52:11,"POV: máš přístup do alba „oblíbené“ v galeriích našich hráčů 👀📸💙 

#akademiciplzen",https://www.facebook.com/1357105236437494/posts/1372565521558132,957,,7,,
@bitvaoprahu,instagram,d7c8aa06-74fb-4c6c-a7d2-c2fe1bf6d59c,1ebe5ec8-4763-4fc9-a740-a4d7fdb67403,IG Post,IMAGE,11.3.2026 11:02:17,Pochod s vidlema? To jen ČZU míří na zimák! 👨🏻‍🌾🔥,https://www.instagram.com/p/DVveMXgF07q/,,8598,65,,71
@riderspardubice,facebook,f99ed6c3-17cc-46f4-a32e-d9b0576ce2df,83ecb542-deb6-4fe0-8106-73fc76c069d4,FB Post,IMAGE,23.3.2026 8:03:51,"Poslední zápas v dresu Riders pro @dominikkopecky_99 a @daniel.skryp! 🔥

Přijď kluky podpořit a rozloučit se s nimi v derby proti @united_hk! 

Lastdance
🗓️ 23.3. v 19:45
📍 v Enteria Arena 
⚔️ proti @united_hk 

Odkaz na vstupenky najdeš v BIU!🎟️ (I se slevičkou!🤭)

#lastdance#riders",https://www.facebook.com/1592662819534019/posts/1584254290374872,150,,,,
vsefalcons,instagram,709fceba-e311-48e7-9057-f54a587abf4a,9d83798a-ffb5-4a6e-b056-5a655ba8e02b,IG Story,VIDEO,10.2.2026 18:45:18,kápo na hanbě,https://www.instagram.com/stories/vsefalcons/3829643659260250601,663,846,,,
@univerzitnihokej,facebook,01b45180-0b14-4a14-96e8-d0a4bab1fb9f,e8f246bc-f0b1-4ba2-884a-beb511bd23eb,FB Video,VIDEO,12.3.2026 19:04:36,Kdo dneska vyhraje finále @bitvaoprahu ?👀,https://www.facebook.com/reel/1185019127040639/,295,113,,,
vsefalcons,instagram,709fceba-e311-48e7-9057-f54a587abf4a,6783c27c-a7f1-4149-8122-499ce770d319,IG Story,VIDEO,12.3.2026 16:13:09,🎯,https://www.instagram.com/stories/vsefalcons/3851310381255927730,1423,1304,,,
vsefalcons,instagram,709fceba-e311-48e7-9057-f54a587abf4a,2a9ff7ec-4ff4-43ac-9e80-d07da2c2dad3,IG Story,VIDEO,12.3.2026 16:24:51,KOTEL JEDE BOMBY 🥁,https://www.instagram.com/stories/vsefalcons/3851316915302093863,1387,1291,,,7
@bitvaoprahu,instagram,d7c8aa06-74fb-4c6c-a7d2-c2fe1bf6d59c,d07d94af-34ad-486e-ab68-1e6129151b3b,IG Post,IMAGE,12.3.2026 22:41:53,Ideální rande 🟰 Bitva o Prahu?! 😍,https://www.instagram.com/p/DVzSja6DEtI/,,9723,127,,1
vsefalcons,instagram,709fceba-e311-48e7-9057-f54a587abf4a,e4bfd9cf-797c-4948-92ec-32b4618bda66,IG Story,VIDEO,8.4.2026 16:02:22,,https://www.instagram.com/stories/vsefalcons/3870873881481369434,930,852,,,
@univerzitnihokej,facebook,01b45180-0b14-4a14-96e8-d0a4bab1fb9f,ee82b4bc-039f-40ab-add7-1f4fc0881c5c,FB Post,IMAGE,8.4.2026 11:02:11,"Studentský život v kapse 📱 Seznam se s apkou @unilifecz 🚀

Zápasy, eventy ve městě a výhody, který nechceš minout. Tak stahuj aplikaci do svého telefonu! 📲",https://www.facebook.com/1275398168115026/posts/1281129584208551,306,,1,,
@vutcavaliersbrno,instagram,b384bebf-72f3-4f9d-8b2d-3677709f6966,4bce0514-46a7-49e4-9978-16df139e5a12,IG Story,VIDEO,1.4.2026 16:45:47,V Budějovicích domáci prostředí ☺️,https://www.instagram.com/stories/vutcavaliersbrno/3865822273965926213,,555,,,
@bitvaoprahu,facebook,75e0f41f-82be-4f82-a77b-82ac11135ed2,527172df-c449-4880-beb2-aa72743bbb75,FB Post,IMAGE,11.3.2026 11:00:11,VŠE Falcons fans... JSTE READY?! 🦅,https://www.facebook.com/1441262177797849/posts/1418948013362599,206,,,,
@univerzitnihokej,instagram,1e114592-3529-4cfe-9977-2598454053af,b4116232-477a-4f35-843c-0fbb501d7c0c,IG Reel,VIDEO,18.3.2026 17:35:52,"K hokeji to pivo prostě patří. 😎
A na unihokeji? Jedině @pivoproud 🍻",https://www.instagram.com/reel/DWCMTiyCHkJ/,,5133,61,1,
@AkademiciPlzen,facebook,d87b94e3-03e8-45d0-b92e-75e9b819545c,dc87a36f-1f4d-4978-ba4c-f676b3016703,FB Video,VIDEO,28.3.2026 12:30:03,"Tak co, užili jste si Jarní bitvu? 👀🔥
Protože to nejdůležitější teprve přichází…

Už 1. 4. nás čeká poslední domácí zápas sezony, kterým zároveň odstartujeme vyřazovací část soutěže. Buď u toho s námi a vytvořme doma vítěznou atmosféru! 💙

🎟️ Lístky najdeš v odkaze v biu nebo na
akademiciplzen.enigoo.cz

#akademiciplzen | 🎥 @yzproduction.cz",https://www.facebook.com/reel/2212279562641168/,431,185,2,,
vsefalcons,instagram,709fceba-e311-48e7-9057-f54a587abf4a,30f9b115-6274-4fdf-ba03-f06599b83c95,IG Story,VIDEO,20.1.2026 17:53:19,❓ ❓ ❓,https://www.instagram.com/stories/vsefalcons/3814397205021227342,,1067,,,1
@riderspardubice,facebook,f99ed6c3-17cc-46f4-a32e-d9b0576ce2df,0f83188f-6436-4f0b-bb77-87be7f95a00c,FB Post,IMAGE,17.4.2026 11:57:08,"Napiš do komentáře svého nejoblíbenějšího hráče a my vylosujeme dva z vás, kteří vyhrají vstupenky na dnešní FF! 🥉",https://www.facebook.com/1592662819534019/posts/1607223468077954,241,,2,,
vsefalcons,instagram,709fceba-e311-48e7-9057-f54a587abf4a,19b7c9be-75de-4623-aedd-2306da71df05,IG Reel,VIDEO,3.2.2026 22:25:01,zlepšení nálady po minulém týdnu 🎉,https://www.instagram.com/reel/DUT_oC-iCEn/,,3568,104,,1
vsefalcons,instagram,709fceba-e311-48e7-9057-f54a587abf4a,7fce158a-8e00-4b76-a3c6-dbe57f478393,IG Story,VIDEO,15.2.2026 10:59:33,,https://www.instagram.com/stories/vsefalcons/3833033105900842111,681,681,,,
vsefalcons,instagram,709fceba-e311-48e7-9057-f54a587abf4a,213178ab-98b3-42c4-8ca2-9f273dc4c96a,IG Story,VIDEO,31.3.2026 7:50:40,BOREC NA KONEC aneb,https://www.instagram.com/stories/vsefalcons/3864828272018218904,1073,1359,,5,7
vsefalcons,instagram,709fceba-e311-48e7-9057-f54a587abf4a,2ba1374f-5240-4d57-bb4c-701ffa035c19,IG Story,VIDEO,15.4.2026 8:59:20,A TAKHLE HAPPY BUDEŠ! 🤪,https://www.instagram.com/stories/vsefalcons/3875734361752782510,728,849,,1,4
vsefalcons,instagram,709fceba-e311-48e7-9057-f54a587abf4a,3957588d-b38d-4e75-b18c-49b492c7e657,IG Story,VIDEO,3.2.2026 19:10:39,dnes to bude čistá hra powered by @garnier_czsk 💆🏻‍♂️,https://www.instagram.com/stories/vsefalcons/3824582985094041331,,2380,,,1
vsefalcons,instagram,709fceba-e311-48e7-9057-f54a587abf4a,7e70b5f5-f4bf-44c1-913e-5f78a794f1d9,IG Story,VIDEO,10.3.2026 20:54:21,🥵 JE TO DRAMA,https://www.instagram.com/stories/vsefalcons/3850002309774335715,793,,,,
@riderspardubice,instagram,4d6a67ab-9313-4f77-a82e-abb18adbca5d,8a707224-cab6-4d53-b7a4-ad8721b8667b,IG Reel,VIDEO,4.3.2026 13:53:55,"Přestávka v režii @enteria_holding ! 🚀 Led patří fanouškům a jejich přesné mušce. Děkujeme za spolupráci!
#přestávkovásoutěž#enteriaholding",https://www.instagram.com/reel/DVdwFKKjK4H/,,4433,83,,17
@bitvaoprahu,facebook,75e0f41f-82be-4f82-a77b-82ac11135ed2,bce84f88-a636-4985-82f3-bb6cd8bc5c62,FB Video,VIDEO,10.3.2026 17:18:00,Hokeeeej je dobreeeeej 👉🏼 lístky na bitvaoprahu.cz 🎟️,https://www.facebook.com/reel/1256738979117088/,1044,471,3,,
@bitvaoprahu,facebook,75e0f41f-82be-4f82-a77b-82ac11135ed2,22f96e28-8a7d-4386-973d-ce6a5c04b7d7,FB Post,IMAGE,11.3.2026 11:02:00,Tenhle pochod bude doslova MODRÝ PEKLO! 👹,https://www.facebook.com/1441262177797849/posts/1418950366695697,231,,,,
@engineersprague,facebook,afd06d1d-7b1c-4f66-8d93-ce4255ab773c,6dd34abf-9a51-405e-b762-8c272669eba1,FB Story,VIDEO,4.3.2026 21:56:31,,,,,,,
@riderspardubice,instagram,4d6a67ab-9313-4f77-a82e-abb18adbca5d,e5689652-dd5c-482a-8adc-7f5f83a0c62c,IG Story,IMAGE,8.4.2026 15:52:24,JSME NA MÍSTĚ⭐️,https://www.instagram.com/stories/riderspardubice/3870868834223920451,,812,,,1
@bitvaoprahu,instagram,d7c8aa06-74fb-4c6c-a7d2-c2fe1bf6d59c,c7d4361a-f932-49a3-945b-93a992e1a307,IG Post,PHOTO,13.3.2026 18:27:44,"📣 Speakeři na @univerzitnihokej >>> 🗣️🗣️

Jsi stejného názoru? 👀 #bitvaoprahu",https://www.instagram.com/p/DV1algxjPob/,,51341,1423,6,428
@united_hk,instagram,b18c071b-0570-48b2-b743-990c668c3c5b,eba0731d-2ac7-4f43-af0f-8b5c1ab3f751,IG Story,VIDEO,9.4.2026 18:31:57,,https://www.instagram.com/stories/united_hk/3871673732720799833,,363,,,
@vutcavaliersbrno,instagram,b384bebf-72f3-4f9d-8b2d-3677709f6966,8dafab58-22bc-4740-9448-d7a936fe8dba,IG Reel,REEL,25.3.2026 21:21:28,"Děkujeme za podporu v průběhu celé základní části❤️ Tím to ale nekončí, příští týden hrajeme první zápas play-in proti @blackdogsbudweis_vste 🏒",https://www.instagram.com/reel/DWUn_7SCN2L/,,3014,52,,2
vsefalcons,instagram,709fceba-e311-48e7-9057-f54a587abf4a,a1d1491a-4720-46ba-80d2-c72c66ad7485,IG Story,VIDEO,3.3.2026 12:22:44,"KDO SI SPRÁVNĚ TIPNE, KOLIK GÓLŮ SKÓROVAL @michal.danniel 
ZA POSLEDNÍCH 5 ZÁPASŮ 2 lupeny jsou jeho",https://www.instagram.com/stories/vsefalcons/3844671378096167993,1104,1533,,,4
@univerzitnihokej,facebook,01b45180-0b14-4a14-96e8-d0a4bab1fb9f,52191f7f-0d8f-4711-9a2d-54441f897249,FB Video,VIDEO,4.3.2026 19:27:40,"KFC CHICKEN DETECTIVE 🕵🏻‍♂️🔍
Fanouškovské menu na vás čeká v restauracích KFC🍗",https://www.facebook.com/reel/1609044147094083/,2103,1197,3,,
@cvutengineers,instagram,11963a07-7f0f-48e6-9d81-aa63a7ff4a04,188aead6-72ad-4b90-a635-5b2463d74a5b,IG Story,VIDEO,17.4.2026 18:25:33,GAME ON 🔥,https://www.instagram.com/stories/cvutengineers/3877468639146561181,,1348,,,
@united_hk,instagram,b18c071b-0570-48b2-b743-990c668c3c5b,dd5e9b31-c1f6-4179-8c0d-81144dc112a5,IG Story,IMAGE,9.4.2026 13:04:31,,https://www.instagram.com/stories/united_hk/3871509132335421384,,517,,,1
@riderspardubice,instagram,4d6a67ab-9313-4f77-a82e-abb18adbca5d,b2989d6d-db96-434c-9ef3-fcc9342eccef,IG Reel,REEL,31.3.2026 20:35:21,"Tohle je naše cesta na které nás nyní čeká zápas ve finále play-in, který rozhodne, jestli se potkáme v Praze na @unihokejfinalfour‼️🤩🤩🤩🤩🤩",https://www.instagram.com/reel/DWj_it1DGlf/,,7918,125,1,10
@vutcavaliersbrno,instagram,b384bebf-72f3-4f9d-8b2d-3677709f6966,0d56fcd6-2351-4100-8ac7-325705943fee,IG Post,IMAGE,1.4.2026 19:38:18,"Z celého kavalírského srdce děkujeme všem fanouškům za podporu v letošní sezoně ❤️
Dnešním dnem pro nás sezona sice skončila, ale určitě není na místě věšet hlavy 👈 přinesla i spoustu krásných momentů 🏒 Přece jen… jsme v ní dvojnásobní vládci Brna 😏 🏆
Těšíme se na Vás zase v září 🙌",https://www.instagram.com/p/DWmd6MPiDmq/,,8663,389,4,16
@univerzitnihokej,instagram,1e114592-3529-4cfe-9977-2598454053af,4cf0d6ba-8d83-4501-91d1-57666038e83a,IG Post,ALBUM,31.3.2026 10:02:27,"Dnešní druhý duel PLAY-IN👀

Ostrava 🆚 Riders 
Jeden zápas, který o všem rozhodne! Kdo postoupí do finále? 👇🏻",https://www.instagram.com/p/DWi3Q6RiONi/,,8539,142,,10
@united_hk,instagram,b18c071b-0570-48b2-b743-990c668c3c5b,e4568d0f-26d0-46c0-9b3f-89e1aee1296f,IG Story,IMAGE,27.4.2026 11:12:52,,https://www.instagram.com/stories/united_hk/3884498878938545974,,739,,,1
@boostrava,instagram,1176ddaf-d366-48a2-9639-3c6694c72c85,648e6137-ccd3-4e74-9b17-2808576caf5f,IG Reel,REEL,31.3.2026 21:55:59,"Vyraž s @kfc_cz kyblíkem do boje! 🔥

To jak ho využiješ je jen na tobě! 🍗

#kfc #kyblik",https://www.instagram.com/reel/DWkIwO5DOdt/,,6496,216,1,21
@riderspardubice,facebook,f99ed6c3-17cc-46f4-a32e-d9b0576ce2df,31d281dd-83b8-4906-ab2e-1d02ca0e428c,FB Video,VIDEO,30.3.2026 15:47:23,"Kluci zašli na fanouškovské menu do @kfc_cz , snacky zmizely rychle, ale kyblík v jejich životech zůstane už napořád ♥️

Co teď kyblík asi na kolejích dělá? 👀 
Tipujte do komentářů 👇",https://www.facebook.com/reel/1994233238179595/,598,172,5,,
vsefalcons,instagram,709fceba-e311-48e7-9057-f54a587abf4a,e18e2cab-b7d2-4c86-b07c-92b872d4e020,IG Reel,VIDEO,23.3.2026 20:13:17,Čas běží kluci…⏱️ 10 vteřinová challenge 👀,https://www.instagram.com/reel/DWPWnwTCGNM/,,5782,212,4,21
@univerzitnihokej,facebook,01b45180-0b14-4a14-96e8-d0a4bab1fb9f,c98254a4-7b4b-4583-99e0-2d219713878a,FB Video,VIDEO,30.3.2026 8:43:14,Zítra startuje PLAY-IN ➡️ boj o postup do @unihokejfinalfour ⚔️,https://www.facebook.com/reel/1235890805250434/,1135,230,4,,
@riderspardubice,facebook,f99ed6c3-17cc-46f4-a32e-d9b0576ce2df,3bb0d4b1-ccbe-4b7e-8466-409781582157,FB Post,IMAGE,16.4.2026 17:13:40,"Tohle byl souboj na ostří nože, přestože jsme na konci zápasu tlačili, tak konečné skóre je ve prospěch @ukkingsprague a my se zítra budeme rvát o bronz! 🥉",https://www.facebook.com/1592662819534019/posts/1606458034821164,873,,13,,
vsefalcons,instagram,709fceba-e311-48e7-9057-f54a587abf4a,ced26e83-ac64-4298-9d7a-66e53d1b782e,IG Story,VIDEO,3.2.2026 8:57:05,,https://www.instagram.com/stories/vsefalcons/3824274149649193887,,997,,,
@boostrava,instagram,1176ddaf-d366-48a2-9639-3c6694c72c85,5ba96b0e-ca4b-4acd-90ad-f17ab95a9264,IG Story,VIDEO,31.3.2026 21:27:23,,https://www.instagram.com/stories/boostrava/3865239323356724518,,745,,,1
@riderspardubice,instagram,4d6a67ab-9313-4f77-a82e-abb18adbca5d,739d9237-0171-4c6e-832c-5a6938fde79f,IG Story,VIDEO,8.4.2026 20:06:48,,https://www.instagram.com/stories/riderspardubice/3870996890360320229,,551,,,4
@cvutengineers,instagram,11963a07-7f0f-48e6-9d81-aa63a7ff4a04,dc1a446c-74a4-4684-b271-31a5a779fce8,IG Story,IMAGE,8.4.2026 18:08:33,0 0,https://www.instagram.com/stories/cvutengineers/3870937361165328368,,931,,,
@riderspardubice,instagram,4d6a67ab-9313-4f77-a82e-abb18adbca5d,6793a4f7-0d6c-474c-b7b6-28d844b8de99,IG Story,VIDEO,6.4.2026 7:35:55,,https://www.instagram.com/stories/riderspardubice/3869169395826427687,,843,,,1
@akademiciplzen,instagram,65494228-95bf-4f7b-8e68-d47d7262db66,91ed32c2-2fa9-4841-a54f-329450204095,IG Story,VIDEO,18.4.2026 10:13:28,,https://www.instagram.com/stories/akademiciplzen/3877942044987797631,,978,,,
univerzitnihokej,tiktok,01c88cf9-594f-408e-a45a-95114221acae,f3170b8d-18be-46e8-9387-e443c6f9bfd0,TT Video,VIDEO,19.4.2026 10:39:40,Jsou fanoušci @ČVUT Engineers Prague 🦁 opravdu ti nejlepší? 🦁,https://www.tiktok.com/@univerzitnihokej/video/7630418174386703638?utm_campaign=tt4d_open_api&utm_source=7348986504397455361,,3830,131,,5
vsefalcons,instagram,709fceba-e311-48e7-9057-f54a587abf4a,74c547eb-2c9a-483a-a314-c46a6b46bda0,IG Story,VIDEO,10.3.2026 22:47:35,,https://www.instagram.com/stories/vsefalcons/3850059347015513216,764,251,,,1
@riderspardubice,instagram,4d6a67ab-9313-4f77-a82e-abb18adbca5d,318e81d8-4942-4c25-8c95-0f2188f41453,IG Story,VIDEO,1.4.2026 16:09:23,,https://www.instagram.com/stories/riderspardubice/3865804005641578206,,498,,,
@akademiciplzen,instagram,65494228-95bf-4f7b-8e68-d47d7262db66,a10e8a64-9d5d-4ef0-a762-ac1c5db1ac11,IG Story,IMAGE,9.4.2026 9:57:13,,https://www.instagram.com/stories/akademiciplzen/3871414839868688528,,1134,,,
@BOhokej,facebook,c9082543-a03b-490f-8f97-66d439acce89,ca2d2e42-3929-4877-92cc-895b3f4803ad,FB Video,VIDEO,1.4.2026 16:36:37,"DĚKUJEME fanouškům a @bo_kotel za neskutečnou podporu v letošní sezóně. Vážíme si Vaši podpory a doufáme, že za námi budete stát i nadále. 
Vaši ŽRALOCI🦈❤️‍🩹",https://www.facebook.com/reel/919382640988644/,583,192,5,,
@riderspardubice,facebook,f99ed6c3-17cc-46f4-a32e-d9b0576ce2df,1a63d390-d636-4bb5-b6c1-9f4e2d7e3712,FB Post,IMAGE,15.4.2026 6:00:11,"Jedeme do Prahy reprezentovat na @unihokejfinalfour Riders, Pardubice i naši @upce_cz a bojovat s pražskými týmy o titul vládce ligy. ♥️

🏒 SEMIFINÁLE
🆚 @ukkingsprague
📍 Zimní stadion Eden, Praha
🕓 16. dubna | 16:30

👉 2 dny plný hokeje, atmosféry a afterparty

Ve čtvrtek se rozhodne, jestli půjdeme do finále, nebo o bronz – každopádně v pátek se hraje o medaile.

Pojď do toho s námi a buď u toho.

🎟️ Vstupenky najdeš v BIU.",https://www.facebook.com/1592662819534019/posts/1605059924960975,911,,16,,
@riderspardubice,instagram,4d6a67ab-9313-4f77-a82e-abb18adbca5d,72ca2875-a567-403b-a644-dca889883246,IG Story,VIDEO,8.4.2026 6:58:23,DNES VYRÁŽÍME DO PRAHY!,https://www.instagram.com/stories/riderspardubice/3870600055212493169,,891,,,
@unitedhk,facebook,bfe6cc29-a387-41b9-9bca-b077722556af,bd85dbfd-56db-4db5-9a34-1d15831c90b2,FB Video,VIDEO,9.3.2026 19:40:41,"🔥 Plná ČPP Aréna, derby Hradec vs. Pardubice a Halftime Show Adama Mišíka.

Východočeské derby univerzit znovu ukázalo, jak vypadá studentský hokej ve velkém stylu v rámci Univerzitní ligy ledního hokeje.
Do arény dorazilo 2 379 fanoušků, kteří vytvořili skvělou atmosféru od prvního buly až do posledních minut.

Na ledě tvrdý souboj UNIted HK a Riders Univerzita Pardubice.
O přestávce velká show – Adam Mišík, který rozpálil celou halu.

🎥 Mrkni na oficiální aftermovie a připomeň si nejlepší momenty z jednoho z největších univerzitních hokejových eventů ve východních Čechách.

🌐 Více info:
www.unitedhk.cz/derby

#unitedhk #unihokej #hokej",https://www.facebook.com/reel/1289277289790222/,191,38,3,,
@univerzitnihokej,facebook,01b45180-0b14-4a14-96e8-d0a4bab1fb9f,088256db-78fd-4c2a-9629-38a9d1f39966,FB Post,IMAGE,6.4.2026 8:09:55,"Veselé Velikonoce 🐣 Prokousali jsme se skořápkou a to nejlepší čeká uvnitř 👀
Final Four se blíží… 🔥",https://www.facebook.com/1275398168115026/posts/1279525517702291,496,,5,,
@univerzitnihokej,instagram,1e114592-3529-4cfe-9977-2598454053af,017c8ae8-ae1c-43ff-844c-455d4ca99016,IG Post,PHOTO,30.3.2026 18:03:46,Jan Zoufal o univerzitním hokeji v Česku i zahraničí! 🇨🇿🌍 Celý článek na webu hokej.cz 👨🏻‍💻,https://www.instagram.com/p/DWhIbbCCE1c/,,8457,199,,8
vsefalcons,instagram,709fceba-e311-48e7-9057-f54a587abf4a,176564c3-1ada-43cd-b55e-88c0d1651322,IG Story,VIDEO,3.3.2026 18:01:51,jsme doma 🦅 🏟️ @redbullcz 🔋,https://www.instagram.com/stories/vsefalcons/3844842160768201840,725,1044,,,11
@united_hk,tiktok,7e062517-b9da-416d-b73d-a2c5899a2be6,24416f89-54a1-4994-876a-0751f1913c80,TT Video,VIDEO,12.4.2026 16:10:49,We listen and we (don’t) judge: Garnier edition💚 #unitedhk #unihokej #hokej,https://www.tiktok.com/@united_hk/video/7627905909041253654?utm_campaign=tt4d_open_api&utm_source=7348986504397455361,,1292,58,,5
@boostrava,instagram,1176ddaf-d366-48a2-9639-3c6694c72c85,3cf9f1a5-a7fb-4f35-9dac-6fc33fabdd3a,IG Reel,REEL,30.3.2026 13:10:10,"ZÍTRA to vypukne! Boj o postup do dalšího kola! 
Přijďte se sladit do 🟠 barev BOČKA, dostat triko zdarma a pivko k tomu🍺. 
📍RT TORAX ARENA 
⏰ 19:30",https://www.instagram.com/reel/DWgnLFmDBow/,,4757,58,4,39
@riderspardubice,instagram,4d6a67ab-9313-4f77-a82e-abb18adbca5d,508e0cc5-c2d7-4b68-8c33-3fceef8af3f3,IG Story,VIDEO,31.3.2026 17:34:45,JDEME NA TO!!,https://www.instagram.com/stories/riderspardubice/3865122151263381423,,822,,,
vsefalcons,instagram,709fceba-e311-48e7-9057-f54a587abf4a,67c647d0-4ace-41be-8f61-293e5dc23f3a,IG Story,VIDEO,17.4.2026 12:07:19,VÍTĚZ!!!! vstupenku pošleme do dms,https://www.instagram.com/stories/vsefalcons/3877278363136065417,1000,1213,,1,
vsefalcons,instagram,709fceba-e311-48e7-9057-f54a587abf4a,932b1030-029c-4963-9f02-0306a030eb6f,IG Post,CAROUSEL_ALBUM,1.2.2026 17:23:30,"už za 2️⃣ dny se vidíme zpátky na @icearenakaterinky 🤩 
lístky sežene přes odkaz na profilu 🎟️",https://www.instagram.com/p/DUOTohKiFj1/,,8223,82,,15
vsefalcons,instagram,709fceba-e311-48e7-9057-f54a587abf4a,94e4dae1-c064-46a2-a738-fa7a73e77307,IG Reel,VIDEO,6.2.2026 17:29:14,"Nebuď jak Stráča a nepropásni úterní match proti @riderspardubice 😜 

Zápas v duchu dostihů a sázek se už blíží, tak kupuj lístky přes odkaz na profilu 🛍️

#vsefalcons",https://www.instagram.com/reel/DUbL0KECMfd/,,11207,206,3,21
@akademiciplzen,instagram,65494228-95bf-4f7b-8e68-d47d7262db66,fbd665af-ee66-4aed-b19b-f6d5bde62566,IG Reel,VIDEO,15.3.2026 19:22:53,"Balance is the key! @kaiser_sim_ 🚴🍰

#akademiciplzen 💙",https://www.instagram.com/reel/DV6qXy8jbBY/,,23162,572,,48
@univerzitnihokej,instagram,1e114592-3529-4cfe-9977-2598454053af,323958a4-f8aa-429a-b3bd-e7f46679f1af,IG Reel,VIDEO,30.3.2026 8:43:03,Zítra startuje PLAY-IN ➡️ boj o postup do @unihokejfinalfour ⚔️,https://www.instagram.com/reel/DWgIse7CCXw/,,12774,124,,20
vsefalcons,instagram,709fceba-e311-48e7-9057-f54a587abf4a,80152847-b598-4e6a-ab17-0698ee4fff97,IG Reel,VIDEO,3.6.2026 13:24:02,off campus actually exist 🤤🤤🤤 #offcampus #garretgraham #deandilaurentis #icehockey,https://www.instagram.com/reel/DZIA-2WoB_O/,,20914,752,5,368
@akademiciplzen,instagram,65494228-95bf-4f7b-8e68-d47d7262db66,8c9652e1-8377-4c47-a359-72ea116a6bcf,IG Post,IMAGE,26.3.2026 20:02:55,"ALL IN.

#akademiciplzen",https://www.instagram.com/p/DWXD-lvDN-b/,,2554,78,,
vsefalcons,instagram,709fceba-e311-48e7-9057-f54a587abf4a,aa4f9eb2-caca-4a58-9a82-44de5c42bd24,IG Story,VIDEO,17.2.2026 19:28:13,NEJLEPŠÍ @sokoli.hnizd0 💙 💙,https://www.instagram.com/stories/vsefalcons/3834743002141056347,681,857,,,2
vsefalcons,instagram,709fceba-e311-48e7-9057-f54a587abf4a,cf163135-8813-4c01-8e96-bd255473f772,IG Post,ALBUM,13.3.2026 18:20:43,"Včera to byl samej úsměv 🫶🏼 největší poděkování patří vám, že jste v tom s námi a ženete nás dopředu 🩵 

Teď už zapínáme pásy a letíme dááál 🦅

📸 @martincacha @vratapolivka_photo",https://www.instagram.com/p/DV1Z-mtiDpu/,,17526,400,,39
vsefalcons,instagram,709fceba-e311-48e7-9057-f54a587abf4a,d41a31a3-724a-4069-88f0-11618f08ddd4,IG Story,VIDEO,24.2.2026 21:14:09,🪄,https://www.instagram.com/stories/vsefalcons/3839865447206392193,1081,1464,,,2
@univerzitnihokej,instagram,1e114592-3529-4cfe-9977-2598454053af,dcb7db2f-5e79-4d6a-89e5-63b6c6b858af,IG Reel,VIDEO,2.4.2026 16:22:39,Semifinálové drama v Budějovicích 😤 Cavaliers domácí Black Dogs potrápili až do nájezdů.,https://www.instagram.com/reel/DWosEj8iCuh/,,8859,215,,4
@riderspardubice,facebook,f99ed6c3-17cc-46f4-a32e-d9b0576ce2df,e52d6b8a-2558-48bb-86d7-6ce2fe15e6d7,FB Video,VIDEO,9.3.2026 19:43:52,Krásné výroční přeje celý tým Riders 💍🫶,https://www.facebook.com/reel/1372441614651436/,185,76,2,,
@riderspardubice,instagram,4d6a67ab-9313-4f77-a82e-abb18adbca5d,94d51986-373a-4e68-a5c9-a7c61e232e01,IG Story,VIDEO,31.3.2026 18:40:49,2:2 ✨ ✨,https://www.instagram.com/stories/riderspardubice/3865155428141515010,,725,,,
@univerzitnihokej,instagram,1e114592-3529-4cfe-9977-2598454053af,b65e6c99-ce8c-41c2-8bf2-e3a4b6b12a10,IG Reel,VIDEO,8.4.2026 19:25:27,"FALCONS postupují jako první do @unihokejfinalfour 🦅

Fanoušci Eden čeká 🏟️ 16.-17. dubna ➡️ lístky na finalfour.cz 🎟️",https://www.instagram.com/reel/DW4d0ATCNfZ/,,9725,344,,21
@AkademiciPlzen,facebook,d87b94e3-03e8-45d0-b92e-75e9b819545c,0ac0d7d9-5530-4b8e-8166-4b0cc00d588c,FB Post,IMAGE,4.3.2026 21:32:13,"2 TĚŽCE VYBOJOVANÉ BODY JSOU DOMA! ⚡️ Poroučíme se, jdeme slavit. 🤭

👑 MVP zápasu: @honza_sibra 

#akademiciplzen #jarnibitva",https://www.facebook.com/1357105236437494/posts/1334820881999263,7241,,68,,
vsefalcons,instagram,709fceba-e311-48e7-9057-f54a587abf4a,7d6c6a98-bd01-45e2-8c4d-9648d48fbf8d,IG Story,VIDEO,9.2.2026 19:47:07,,https://www.instagram.com/stories/vsefalcons/3828949978857391350,,843,,,4
vsefalcons,instagram,709fceba-e311-48e7-9057-f54a587abf4a,c9d1ea64-59ed-4669-9493-213095bef9f3,IG Story,IMAGE,27.4.2026 11:53:21,"Chceme tvůj zážitek
ze zápasů posunout dál. 📌 👇🏼 🔥 Řekni svůj názor
v krátkém dotazníku",https://www.instagram.com/stories/vsefalcons/3884519257786607982,1201,1528,,,3
@riderspardubice,instagram,4d6a67ab-9313-4f77-a82e-abb18adbca5d,f28287d5-5dfd-43f2-881c-d66a71690638,IG Story,VIDEO,17.4.2026 14:01:39,FINAL FOUR ROZBRUSLENÍ 🧊 ❄️,https://www.instagram.com/stories/riderspardubice/3877335892612671332,,1003,,,
vsefalcons,instagram,709fceba-e311-48e7-9057-f54a587abf4a,54854192-32b3-456b-8094-496a640cbfcf,IG Story,IMAGE,8.2.2026 18:38:43,1 3,https://www.instagram.com/stories/vsefalcons/3828190774232136750,,815,,,
@bitvaoprahu,facebook,75e0f41f-82be-4f82-a77b-82ac11135ed2,7a09e0ec-d9bf-4901-926f-973ce239a237,FB Post,IMAGE,12.3.2026 6:05:59,Rise and shine… IT’S BITVA DAY 🥳🤩,https://www.facebook.com/1441262177797849/posts/1419862759937791,162,,,,
@218107044725785,facebook,7a942e3e-6c47-4794-9ba7-bbc7b6d40cb3,7a99b7b2-da4d-4108-a789-65c9c8155cd9,FB Video,VIDEO,18.4.2026 14:48:10,"Tohle se jen tak neokouká 🥹 

🎥 @vojta_kepka 

#vsefalcons #finalfour",https://www.facebook.com/reel/973289335661642/,840,296,19,,
vsefalcons,instagram,709fceba-e311-48e7-9057-f54a587abf4a,d4d62ea1-9e63-4d25-b395-4956a2cb74cf,IG Story,VIDEO,3.2.2026 19:28:40,OTEVÍRÁ SKÓRE 🎯,https://www.instagram.com/stories/vsefalcons/3824592079720868456,,1342,,,2
@univerzitnihokej,instagram,1e114592-3529-4cfe-9977-2598454053af,0a163bbc-e871-42cc-8871-9bee3556b79f,IG Post,IMAGE,19.3.2026 19:19:07,Swipuj doleva 👈🏼👀,https://www.instagram.com/p/DWE9blqiCs1/,,26235,534,1,8
@riderspardubice,facebook,f99ed6c3-17cc-46f4-a32e-d9b0576ce2df,24f0ff06-5edc-49cc-8917-e9f34b5594de,FB Post,IMAGE,17.4.2026 7:39:37,Nejlepší hráč zápasu a střelec gólu @spinkov23! 🔥🥅,https://www.facebook.com/1592662819534019/posts/1607059084761059,633,,4,,
@riderspardubice,instagram,4d6a67ab-9313-4f77-a82e-abb18adbca5d,67fddbd6-e0cf-4cf8-9f89-03399dc88fc2,IG Story,VIDEO,8.4.2026 21:06:05,,https://www.instagram.com/stories/riderspardubice/3871026725861992219,,113,,,
@akademiciplzen,instagram,65494228-95bf-4f7b-8e68-d47d7262db66,82871f5d-479b-4e66-979e-0a19d8019e99,IG Post,IMAGE,4.3.2026 21:32:08,"2 TĚŽCE VYBOJOVANÉ BODY JSOU DOMA! ⚡️ Poroučíme se, jdeme slavit. 🤭

👑 MVP zápasu: @honza_sibra 

#akademiciplzen #jarnibitva",https://www.instagram.com/p/DVekYj7DNfB/,,33377,602,,25
@cvutengineers,instagram,11963a07-7f0f-48e6-9d81-aa63a7ff4a04,adcdc0b3-28f8-4f98-ad56-ac0e73e15ea6,IG Post,ALBUM,31.3.2026 6:57:42,"To je on! Engineerskej démon 🔥!

David Routa díky svým 54 bodům v základní části překonal rekord ULLH. Celkem vstřelil 19 gólů a získal 35 asistencí. 
GRATULUJEME 🫶🏻.

#engprg",https://www.instagram.com/p/DWiiHw5jCee/,,11251,431,8,22
@engineersprague,facebook,afd06d1d-7b1c-4f66-8d93-ce4255ab773c,cc050743-e6e3-4815-ac52-fc2d1a92a140,FB Story,VIDEO,12.3.2026 22:38:23,,,,,,,
@riderspardubice,instagram,4d6a67ab-9313-4f77-a82e-abb18adbca5d,ebaa471a-891b-45dc-a047-54b120397403,IG Post,IMAGE,8.4.2026 22:20:16,Dnes to bohužel nevyšlo. Máme ještě jednu šanci v Lucky loser game🍀,https://www.instagram.com/p/DW4x-egDHK0/,,3143,58,,2
@bitvaoprahu,instagram,d7c8aa06-74fb-4c6c-a7d2-c2fe1bf6d59c,3a33fdab-582c-46db-ba37-ef8512317b32,IG Reel,VIDEO,12.3.2026 17:37:24,"📣 GÓL POHLEDEM SPEAKERA 👁️

@czufarmers 🚨| #CZU ⚔️ #VSE | #bitvaoprahu",https://www.instagram.com/reel/DVyv-gvDBvD/,,10750,266,2,1
@riderspardubice,instagram,4d6a67ab-9313-4f77-a82e-abb18adbca5d,3faaa463-b02d-4370-8504-86e582304b9b,IG Story,VIDEO,17.4.2026 14:11:22,BONBÓNY ZA PUK PRO HRÁČE OD NEJMLADŠÍHO FANOUŠKA🥹🫶🏻,https://www.instagram.com/stories/riderspardubice/3877340874304919452,,1045,,,3
@univerzitnihokej,facebook,01b45180-0b14-4a14-96e8-d0a4bab1fb9f,4c391e1b-ac13-4154-8f0e-98b06410f7c0,FB Video,VIDEO,9.4.2026 17:22:36,@ukkingsprague si daji 16.4. opáčko v Edenu na @unihokejfinalfour 🎟️ Tentokrat už budou bojovat o titul a pohár Jana Palacha! 🏆 Vstupenky na finalfour.cz,https://www.facebook.com/reel/1257018939879046/,1880,955,10,,
@AkademiciPlzen,facebook,d87b94e3-03e8-45d0-b92e-75e9b819545c,cb0b0de2-33e6-4a7b-bd62-8f08055884b1,FB Video,VIDEO,4.3.2026 20:07:24,"Neboj, neprozradíme mu co z toho chceš. 🤫😏

#akademiciplzen",https://www.facebook.com/reel/2784655471877583/,1434,576,4,,
vsefalcons,instagram,709fceba-e311-48e7-9057-f54a587abf4a,00933b10-c6a5-4ae9-a700-2f9e705446d2,IG Story,VIDEO,12.3.2026 17:25:44,🫨 PÁTÁ @_jobas57_,https://www.instagram.com/stories/vsefalcons/3851347000809805794,1752,1587,,,1
vsefalcons,instagram,709fceba-e311-48e7-9057-f54a587abf4a,29f34021-09df-46dd-a1d2-ac96faaaf022,IG Story,VIDEO,5.2.2026 20:28:26,SE POMALU BLÍŽÍ,https://www.instagram.com/stories/vsefalcons/3826071676442428125,,798,,,5
@hcnorthwings,facebook,2b08a479-603b-46e4-8a48-2bc0435ccd53,345e3b27-3c7b-4db3-a7f6-1be0dccb3819,FB Story,VIDEO,18.3.2026 17:55:31,,,,,,,
@cvutengineers,instagram,11963a07-7f0f-48e6-9d81-aa63a7ff4a04,76e4a374-2ee8-472a-b2dd-4f0b386e0214,IG Post,IMAGE,12.3.2026 19:24:20,"Do finále Bitvy o Prahu nalétneme v této sestavě!
Teď je ten správný čas ukázat SRDCE LVA 💙. 
Jedeme v tom spolu 🦁!",https://www.instagram.com/p/DVy8dq_DJUt/,,6259,154,,19
@united_hk,instagram,b18c071b-0570-48b2-b743-990c668c3c5b,bff3aafa-0688-4c5b-996a-5a15b8b9c77a,IG Post,IMAGE,8.4.2026 15:11:36,"Děkujeme za sezonu 2025/26

Minulý týden pro nás skončila sezona.
Vypadli jsme v semifinále Play-In a tím se uzavřela naše cesta ročníkem 2025/26.

Nebyl to konec, jaký jsme si přáli. Ale o to víc si vážíme každého, kdo v tom s námi jel celou sezonu.

Chceme poděkovat každému, kdo dorazil do ČPP arény, sledoval nás, fandil, sdílel, psal nebo stál za námi během celé sezony.

Díky, že jste v tom byli s námi.
🖤🧡

#unitedhk #unihokej #hokej",https://www.instagram.com/p/DW4A_ycCNKY/,,4524,152,2,10
univerzitnihokej,tiktok,01c88cf9-594f-408e-a45a-95114221acae,cea0cb67-d543-4f6f-874e-03e91079dc81,TT Video,VIDEO,17.4.2026 20:31:34,@ČVUT Engineers Prague 🦁 snižuje na jedna dva! 🚀,https://www.tiktok.com/@univerzitnihokej/video/7629828533359054102?utm_campaign=tt4d_open_api&utm_source=7348986504397455361,,1149,76,,1
vsefalcons,instagram,709fceba-e311-48e7-9057-f54a587abf4a,e5d31e02-07ba-4bdf-94ba-b77cdef4c30e,IG Story,VIDEO,9.3.2026 17:45:18,TRÉNINK MODE ON 💪🏼,https://www.instagram.com/stories/vsefalcons/3849182392573552989,,698,,,
vsefalcons,instagram,709fceba-e311-48e7-9057-f54a587abf4a,2487b4f0-bf4a-4ba9-b632-a462b968a064,IG Post,CAROUSEL_ALBUM,29.1.2026 18:04:36,"Fanoušciiii, jste pořád tady? 🤩

V úterý hrajeme po dlouhé době doma a potřebujeme vás tam! 💙 Přijďte se odměnit za zkouškový a užít si trochu hokejíčku. 🏒

Lístky seženete přes odkaz na profilu! 🎟️

PS. kdo nepřijde fandit je bábovka 😝",https://www.instagram.com/p/DUGp84miOc3/,,13796,176,1,37
vsefalcons,instagram,709fceba-e311-48e7-9057-f54a587abf4a,891e8290-8c0f-4ee3-bc88-34c6f9702eb8,IG Story,VIDEO,14.3.2026 15:35:56,🤸🏽 @one__timer,https://www.instagram.com/stories/vsefalcons/3852741835605187435,805,864,,,1
vsefalcons,instagram,709fceba-e311-48e7-9057-f54a587abf4a,d87bdf8a-0591-4253-8bec-9f447c752c9a,IG Story,VIDEO,3.3.2026 18:03:11,🦘,https://www.instagram.com/stories/vsefalcons/3844842753960223330,702,899,,,
@cvutengineers,instagram,11963a07-7f0f-48e6-9d81-aa63a7ff4a04,f1573fac-523d-4c47-91d1-3990dc040f98,IG Post,IMAGE,19.3.2026 8:06:05,"Už příští středu nás čeká poslední zápas základní
části. A nebude jen tak ledajaký.

Čeká nás LAST DANCE GAME pro hráče, kteří se s Engineers loučí 💙🦁

V posledních zápasech sezóny uvidíte v našem dresu naposledy Kubu DOHNALA, dvojčata NAJMANOVI, Pepu HYNKA a Vencu
SVACHA 🥹

Doražte jim vzdát respekt za všechno, co pro Engineers odmakali. Nechali tu kus sebe 🫡",https://www.instagram.com/p/DWDwKw0DDeb/,,15003,311,3,32
vsefalcons,instagram,709fceba-e311-48e7-9057-f54a587abf4a,1b2a5887-55b7-46d9-b29b-20390ece37e0,IG Story,VIDEO,26.2.2026 21:05:24,ZDRAVÍME TAKY IMPOSTERY 😁👋🏼 @cvutengineers 👀 @united_hk x,https://www.instagram.com/stories/vsefalcons/3841310620880789941,978,1303,,,5
vsefalcons,instagram,709fceba-e311-48e7-9057-f54a587abf4a,374ea3ae-648f-4c49-b808-886a5d6c18c8,IG Reel,VIDEO,27.3.2026 17:51:01,"Písnička, ke které zná každý správný text 🙂‍↔️ 

Tak si pojďme všichni společně vyřvat hlasivky 31.3. na @icearenakaterinky 📢 Budeme vás potřebovat! 🦅💙

#playin #vsefalcons",https://www.instagram.com/reel/DWZZd65iDWI/,,3616,81,1,4
@riderspardubice,facebook,f99ed6c3-17cc-46f4-a32e-d9b0576ce2df,5c28aa2d-14bd-4aa9-9448-1a8eccb904ab,FB Post,IMAGE,3.3.2026 17:00:08,"🌴 Na včerejší Survivor zápase získala výherkyně našeho Survivor kvízu parádní reprák JBL, který do soutěže věnoval náš dlouhodobý partner @enteria_holding!

Děkujeme a výherkyni gratulujeme a přejme spoustu kvalitní hudby! 

A jestli bys chtěl taky něco vyhrát, tak se zastav na zápase 9. 3. - vstupenky koupíš přes odkaz v BIU 🤫",https://www.facebook.com/1592662819534019/posts/1566881118778856,271,,2,,
vsefalcons,instagram,709fceba-e311-48e7-9057-f54a587abf4a,64a0e7e1-62f0-4f2f-aafb-7c1d8cc2a8c9,IG Story,VIDEO,24.3.2026 18:46:56,DNEŠNÍ POVINNOST 🍿,https://www.instagram.com/stories/vsefalcons/3860085044673036937,785,777,,,2
@vutcavaliersbrno,instagram,b384bebf-72f3-4f9d-8b2d-3677709f6966,ef48ba1a-10db-4669-a0d3-131cf474c15e,IG Story,VIDEO,31.3.2026 7:18:46,@vutvbrne @vutfp,https://www.instagram.com/stories/vutcavaliersbrno/3864812112967158957,,3768,,,3
@hc_muni,instagram,43cd62c8-609d-4ea6-8ce9-cae5242ede0c,08bdfcaa-f8a9-4b9c-b12a-7b8e9425fa54,IG Post,IMAGE,1.4.2026 11:24:37,"Nedosažitelné se stalo skutečností! Sami tomu nemůžeme uvěřit🤯
Míříme na Final Four, které se odehraje 16.–17. dubna v Praha Edenu🏒
🎟️ Lístky na zápasy koupíš v biu 👉🏻 @unihokejfinalfour 

A teď vážně... samozřejmě si z vás jen děláme legraci! Dnes je 1. dubna, takže krásný duben všem! 🐻🫶🏻

#hcmuni #finalfour #firstapril",https://www.instagram.com/p/DWllHE3CD1q/,,6152,217,2,49
@unitedhk,facebook,bfe6cc29-a387-41b9-9bca-b077722556af,5ac68a1d-290a-4483-83ae-0ac58617c1f3,FB Post,PHOTO,30.3.2026 17:50:34,"Zítra začíná PLAY-IN.

1 zápas, kdy se hraje o všechno. Když vyhrajeme, postupujeme dál do dalších bojů o místo na Final Four.

Přijedeš nás podpořit?

Jedeme ALL IN. 🖤🧡

#unitedhk #unihokej #uhk #hradeckralove",https://www.facebook.com/122180651084388974/posts/122180019656388974,196,,3,,
univerzitnihokej,tiktok,01c88cf9-594f-408e-a45a-95114221acae,4b27bfeb-3038-486a-a85e-7cb457843b11,TT Video,VIDEO,20.4.2026 15:44:58,"Tohle bylo historicky první Final Four ULLH 🔥 2️⃣ dny, 4️⃣ zápasy a neskutečná atmosféra! 🤩 Děkujeme všem, kteří i u toho byli s námi na tribunách, na ledě i v zákulisí 🙏🏻@ČVUT Engineers Prague 🦁 @UK KINGS PRAGUE @vsefalcons @riderspardubice ",https://www.tiktok.com/@univerzitnihokej/video/7630867918569475350?utm_campaign=tt4d_open_api&utm_source=7348986504397455361,,1402,78,1,5
vsefalcons,instagram,709fceba-e311-48e7-9057-f54a587abf4a,617f8346-6b7c-4cbb-b94d-e80785a8f977,IG Story,VIDEO,24.3.2026 18:36:51,,https://www.instagram.com/stories/vsefalcons/3860079986300463963,829,744,,,
@riderspardubice,facebook,f99ed6c3-17cc-46f4-a32e-d9b0576ce2df,a232d863-9518-4625-a83b-4ec9276cfc01,FB Post,IMAGE,10.3.2026 7:42:29,"Vstupenky na Last dance Dominika Kopeckého a Daniela Skrypa nyní jen za 50,- 😎",https://www.facebook.com/1592662819534019/posts/1572442228222745,238,,1,,
@bitvaoprahu,instagram,d7c8aa06-74fb-4c6c-a7d2-c2fe1bf6d59c,bf7312fb-a79a-48bc-a501-89673c1c9ca6,IG Post,IMAGE,11.3.2026 7:30:33,"Takhle jsou na tom lístky v sektorech univerzit 👀 Ano vidíš správně, už jich tam moc nezbývá! 

Chyť si ten svůj ještě dnes na bitvaoprahu.cz 🎟️",https://www.instagram.com/p/DVvF9vnlyHW/,,26648,184,7,50
@univerzitnihokej,instagram,1e114592-3529-4cfe-9977-2598454053af,096bd75c-90a7-4b66-82a9-aba25500b939,IG Post,IMAGE,28.3.2026 18:38:28,Další semifinále play-in se v úterý odehraje v Ostravě 👉🏼 o postup si to rozdají BOčko s Riders 🫡,https://www.instagram.com/p/DWcDjASCBx3/,,10187,137,,31
vsefalcons,instagram,709fceba-e311-48e7-9057-f54a587abf4a,446e2fc1-1270-4c69-96de-a0012ce83432,IG Story,VIDEO,28.1.2026 20:25:11,TÝMOVÝ TRÉNINK NA FALCONS PUBKVÍZ 🍻 🤓,https://www.instagram.com/stories/vsefalcons/3820271830955475793,,1054,,,5
@cvutengineers,instagram,11963a07-7f0f-48e6-9d81-aa63a7ff4a04,70231d98-33fc-49f9-b765-433b5aec5634,IG Story,VIDEO,9.4.2026 14:19:35,📸,https://www.instagram.com/stories/cvutengineers/3871546896129197113,,785,,,
@cvutengineers,instagram,11963a07-7f0f-48e6-9d81-aa63a7ff4a04,76bd5e68-6dcd-46eb-941d-439be79d6063,IG Post,IMAGE,8.4.2026 21:07:34,Byly to nervy ALE JSME TAM! 🥳🥳🥳,https://www.instagram.com/p/DW4pljjjNnA/,,3064,121,,6
@hc_muni,instagram,43cd62c8-609d-4ea6-8ce9-cae5242ede0c,d78a64e7-448c-4eb1-a96d-d61e0dd26635,IG Post,IMAGE,14.3.2026 9:02:02,"Sobota je tady a s ní další GAMEDAY🔥 Přijďte nás podpořit už ve 13:45!🐻💙 Tentokrát jen za 50Kč

Lístky koupíte u nás v biu🎟️",https://www.instagram.com/p/DV2-WYkjJdv/,,3488,47,,4
@akademiciplzen,instagram,65494228-95bf-4f7b-8e68-d47d7262db66,fbcea44e-5cd9-446b-a1f8-c4edd528ae6b,IG Story,VIDEO,1.4.2026 17:47:31,"DRESY UŽ ZNAJÍ SVÉ MAJITELE, GRATULUJEME! 🤩",https://www.instagram.com/stories/akademiciplzen/3865853344372012385,,1243,,,1
@hc_muni,instagram,43cd62c8-609d-4ea6-8ce9-cae5242ede0c,79662019-e598-47ef-b2b7-e7a2566357c5,IG Post,PHOTO,27.3.2026 12:18:48,"Sezóna 2025/2026 je za námi!🔥
Obrovský respekt a díky všem, co nás přišli podpořit do hlediště🫶🏻 Byla to neuvěřitelná jízda a bez vás by to nebylo ono!
💙DĚKUJEME💙

#hcmuni",https://www.instagram.com/p/DWYzYASjKud/,,5125,179,,10
@cvutengineers,instagram,11963a07-7f0f-48e6-9d81-aa63a7ff4a04,9f4032ff-570c-43d0-ab1a-7214e821bd53,IG Reel,REEL,25.3.2026 22:01:38,"Sice nemaj funkční ruce a nohy ale to Engineerský srdíčko zůstává 🥹💙🦁 

@tomas_sima @22_luky_22",https://www.instagram.com/reel/DWUsZvhDL8T/,,15931,421,,16
@united_hk,instagram,b18c071b-0570-48b2-b743-990c668c3c5b,de236a8b-7085-44f8-8bc4-5dc4467f4fae,IG Story,IMAGE,23.4.2026 8:05:47,,https://www.instagram.com/stories/united_hk/3881505633023339452,,410,,,
@engineersprague,facebook,afd06d1d-7b1c-4f66-8d93-ce4255ab773c,72305b33-7ee1-4982-b923-e7ce5c7af270,FB Post,IMAGE,2.3.2026 20:44:34,"Poprosíme hodit čepičku do komentářů pro Šachlíka, který se dneska v Pardubicích blýskl hattrickem 🧢😮‍💨",https://www.facebook.com/1560924572517692/posts/1535453795064770,611,,7,,
@riderspardubice,facebook,f99ed6c3-17cc-46f4-a32e-d9b0576ce2df,faf78d0e-fa5e-4477-bea6-e8ebc45784dc,FB Post,IMAGE,15.4.2026 9:05:50,"Která sluší víc? 🖤🤍

Originální dresy Riders od @b_hockey_czech pořídíte přímo v Edenu na @unihokejfinalfour! ❤️‍🔥

*do vyprodání zásob",https://www.facebook.com/1592662819534019/posts/1605174311616203,499,,1,,
@univerzitnihokej,facebook,01b45180-0b14-4a14-96e8-d0a4bab1fb9f,049b7297-93e6-473a-9f67-0f2795bba5d2,FB Video,VIDEO,11.3.2026 22:01:15,"Fuuu…byly to nervy, ale domácí BOčko to nakonec urvalo! 🫨",https://www.facebook.com/reel/1047961168398800/,2070,1253,3,,
@riderspardubice,instagram,4d6a67ab-9313-4f77-a82e-abb18adbca5d,062beec0-36e7-461e-9efe-422be55a3c74,IG Reel,VIDEO,16.4.2026 14:34:22,"Rdy na zápas! 🔥
#zapardubice",https://www.instagram.com/reel/DXMjARwDOVd/,,5009,125,1,2
@riderspardubice,instagram,4d6a67ab-9313-4f77-a82e-abb18adbca5d,68f729d3-ef17-4874-9c6d-80074702c100,IG Reel,VIDEO,17.4.2026 15:43:51,Padne dneska bronz? To je oč tu běží! 🤯,https://www.instagram.com/reel/DXPPxIaDDbC/,,7357,123,,12
vsefalcons,instagram,709fceba-e311-48e7-9057-f54a587abf4a,6ba07bcc-c15b-451d-b00b-76f16f99b19f,IG Story,VIDEO,2.1.2026 21:29:08,🖋️,https://www.instagram.com/stories/vsefalcons/3801459857606320641,,922,,,
@bitvaoprahu,instagram,d7c8aa06-74fb-4c6c-a7d2-c2fe1bf6d59c,948d58ee-badc-45d4-85ab-4b134b08e227,IG Post,IMAGE,11.3.2026 6:00:27,"3. VLNA prodeje vstupenek končí už dnes o půlnoci 🫨
V den akce už to bude faaakt drahý! 💸 Tak buďte rozumný a kupte si lístek ještě dnes. 

🎟️ bitvaoprahu.cz",https://www.instagram.com/p/DVu7pXqFyag/,,7767,27,2,7
@bitvaoprahu,facebook,75e0f41f-82be-4f82-a77b-82ac11135ed2,c9d0787c-26f9-44e4-ba0d-7cb941755dda,FB Video,VIDEO,12.3.2026 20:36:49,"❤️‍🔥 HALFTIME SHOW v podání @gufrau_official , pohledem @klucisdronem . 🦅👁️",https://www.facebook.com/reel/1196276612579569/,190,61,,,
vsefalcons,instagram,709fceba-e311-48e7-9057-f54a587abf4a,2ce75e34-0089-486a-8337-f89db6a310d1,IG Post,IMAGE,5.3.2026 21:55:05,"Poslední zkouška ohněm před @bitvaoprahu 👊🏼
My jsme je vyřadili loni ve čtvrtfinále, oni nás porazili na podzimní Bitvě. Čeká tě dávka pořádný rivality, tak nás doraž podpořit! 🔥

📅 úterý 10. března
🕑 19:30
📍 Ice Arena Kateřinky
🎟️ lístky koupíš na profilu",https://www.instagram.com/p/DVhMJqgCEU_/,,12858,185,2,105
@univerzitnihokej,facebook,01b45180-0b14-4a14-96e8-d0a4bab1fb9f,af9658e5-2b9d-4c2d-a35b-642858d657b9,FB Post,IMAGE,26.3.2026 18:56:16,"I když byla letošní sezóna @hcnorthwings plná překážek, bojovali statečně a odnesli si dokonce pohár ze Souboje dobavytelů 💛

Děkujeme, jsme na vás pyšný a těšíme se zase příští sezónu! 👋🏼",https://www.facebook.com/1275398168115026/posts/1271140548540788,1719,,19,,
@218107044725785,facebook,7a942e3e-6c47-4794-9ba7-bbc7b6d40cb3,dcea7030-06ac-4e57-8d6f-51882e876de6,FB Post,ALBUM,29.3.2026 11:38:09,"EMOCE, které chceme zažít v úterý znova 👀 
Jeden zápas. Jedna šance.

A vy u toho prostě musíte být.
🎟️ Vstupenky najdete na našem profilu.",https://www.facebook.com/122282816036218300/posts/122281264010218300,369,,8,,
@united_hk,instagram,b18c071b-0570-48b2-b743-990c668c3c5b,034e9254-fcbc-459a-be7a-ca1bd1cde006,IG Post,IMAGE,18.3.2026 19:38:14,"🏒 Výhra z Ústí

Vyhráváme 5:3.
Důležité body bereme z venku a ladíme formu na Play-In!

Jedeme dál.
🖤🧡",https://www.instagram.com/p/DWCa0tKiLj8/,,3330,93,,5
@univerzitnihokej,instagram,1e114592-3529-4cfe-9977-2598454053af,34fbb979-329a-448e-af55-b42b834b5b96,IG Post,IMAGE,11.3.2026 21:53:10,Akademici si dnes ugrilovali křídla 🍗 domácí BOčko po dlouhých nájezdech obhájilo Moravské derby 😮‍💨,https://www.instagram.com/p/DVwos12CJzI/,,3718,84,1,3
vsefalcons,instagram,709fceba-e311-48e7-9057-f54a587abf4a,3f9bdb7b-4def-4594-9dcf-658229a2d091,IG Story,VIDEO,10.2.2026 18:50:52,,https://www.instagram.com/stories/vsefalcons/3829646440712957910,621,810,,,
@univerzitnihokej,instagram,1e114592-3529-4cfe-9977-2598454053af,52549de8-f6cc-4c5f-a6b0-debeec5f58c1,IG Story,VIDEO,8.4.2026 18:27:07,KINGS AGAIN,https://www.instagram.com/stories/univerzitnihokej/3870946753839146823,,784,,,
@hc_muni,instagram,43cd62c8-609d-4ea6-8ce9-cae5242ede0c,59973700-6b17-4726-851b-1e7fc5b19b19,IG Reel,VIDEO,15.3.2026 17:00:42,"POV: Jsi maskot, ale žiješ lepší život než půlka týmu 🔥 Zero stres, full vibes, protože na led nemusím a slávu mám i tak 🐻✌🏻

#hcmuni",https://www.instagram.com/reel/DV6ZtXsCAV-/,,7084,206,4,36
vsefalcons,instagram,709fceba-e311-48e7-9057-f54a587abf4a,05c04939-7e7a-47b6-ae6a-b59cce726655,IG Story,VIDEO,19.1.2026 16:05:25,TAKY UŽ SE NEMŮŽETE DOČKAT?,https://www.instagram.com/stories/vsefalcons/3813618104085793046,,874,,,
@unitedhk,facebook,bfe6cc29-a387-41b9-9bca-b077722556af,068e05ac-0358-495f-a1de-6a4075cbf7db,FB Video,VIDEO,20.3.2026 17:22:01,"💋 Pivovarské domy Kiss Cam z derby

Derby není jen o hokeji.

Některé momenty patřily i Kiss Cam.
A někdy to bylo hodně zajímavé 😄

Výherci si odnesli luxusní večeři pro 2 v hodnotě 1500 Kč.

Díky partnerovi @pivovarskedomy za tenhle moment, na který se jen tak nezapomíná.

Podívej se ve videu.

🖤🧡❤️",https://www.facebook.com/reel/767399139530752/,1632,262,4,,
@218107044725785,facebook,7a942e3e-6c47-4794-9ba7-bbc7b6d40cb3,c1358534-6398-41de-b4c3-dde1063e2117,FB Post,IMAGE,8.4.2026 22:18:28,"ZAVŘENO! ❌🥅

Matyáš Peyerl vychytal ve finále play-in nulu a proti Black Dogs si připsal rovnou 36 úspěšných zákroků 🧱",https://www.facebook.com/122282816036218300/posts/122283091394218300,1391,,76,,
vsefalcons,instagram,709fceba-e311-48e7-9057-f54a587abf4a,2e560bb1-3e39-4d94-ae36-47612b6ef41f,IG Reel,VIDEO,4.3.2026 16:02:10,Náš hlavní partner @mosteckamontazni včera v hlavní roli! 🚀,https://www.instagram.com/reel/DVd-ywACEP4/,,2172,58,,8
vsefalcons,instagram,709fceba-e311-48e7-9057-f54a587abf4a,33efe274-31ff-4892-9937-86e31e6ad5c4,IG Story,VIDEO,2.2.2026 18:34:18,,https://www.instagram.com/stories/vsefalcons/3823839916426320483,,1092,,,1
@bitvaoprahu,instagram,d7c8aa06-74fb-4c6c-a7d2-c2fe1bf6d59c,b93df7ab-eaef-481c-b188-f3eec60168a6,IG Reel,VIDEO,12.3.2026 20:36:36,"❤️‍🔥 METROSTAV HALFTIME SHOW v podání @gufrau_official, @matteo_il_ceco, @_victorkal_ & @frantaprachar pohledem @klucisdronem . 🦅👁️",https://www.instagram.com/reel/DVzEToCjiJS/,,32788,615,2,75
@riderspardubice,facebook,f99ed6c3-17cc-46f4-a32e-d9b0576ce2df,1fd2ec29-c7d0-44e3-a3b5-f00976026dec,FB Video,VIDEO,5.3.2026 19:13:43,"🐱 V pondělí za námi do enteria areny přijedou @blackdogsbudweis_vste! 🐕

A my při této příležitosti společně podpoříme KoČIČÍ depozitum Lovčice! 

Jak můžete opuštěným kočičkám pomoci s námi? 
- přineste s sebou na zápas kočičí žrádlo - granule, konzervy, ňaminky 
- přispějte finančním darem - ideálně v hotovosti na místě nebo pomocí QR kódu na kostce.

Minulý semestr jsme pomohli pejskům z @farma_u_veselyho_psa, tak pojďme znovu spojit síly a tentokrát pomoci kočičkám z KoČIČÍ depozitum Lovčice! 

Vstupenky za zapas koupíš přes odkaz v BIU!",https://www.facebook.com/reel/1478371013624033/,784,228,11,,
@univerzitnihokej,instagram,1e114592-3529-4cfe-9977-2598454053af,94cd3ed1-ceb8-4876-aa68-288c1e19ebfe,IG Post,IMAGE,4.3.2026 21:31:47,"Největší hlad na ledě dnes měl @_rihastepan_ 👀🔥

Odměna za výkon?
ZOTT HUNGRY pro dnešního nejhladovějšího hráče. 🥛 #zott #zotthungry #zotthungrydrinkthis",https://www.instagram.com/p/DVeksIVCJa5/,,5977,107,,5
@bitvaoprahu,facebook,75e0f41f-82be-4f82-a77b-82ac11135ed2,5b34d4c2-d5c8-457b-9760-307528cf1de8,FB Post,IMAGE,12.3.2026 9:35:00,"Venkovní FANZÓNA bude dnes otevřená už od 16:00 ⏰

Naši partneři si tu pro tebe připravili spoustu zábavy, která tě naladí na to mejdlo, co na tebe čeká vevnitř 🔥

A taky stánek s merchem všech týmů! Kde můžeš ještě na poslední chvíli doladit outfit 😮‍💨",https://www.facebook.com/1441262177797849/posts/1419539573303443,199,,,,
univerzitnihokej,tiktok,01c88cf9-594f-408e-a45a-95114221acae,04a82652-0d19-4ddc-8c8b-5f55a2829ed2,TT Video,VIDEO,10.4.2026 15:56:34,@vsefalcons postupují do FINAL FOUR🦅👀 🗓️16.-17.4. | 📍Zimní stadion Eden 🎟️ finalfour.cz,https://www.tiktok.com/@univerzitnihokej/video/7627160065631407382?utm_campaign=tt4d_open_api&utm_source=7348986504397455361,,858,44,1,1
@univerzitnihokej,facebook,01b45180-0b14-4a14-96e8-d0a4bab1fb9f,110e0518-a5ab-4e6c-9fa6-5f7903802a74,FB Post,IMAGE,5.4.2026 15:37:20,"V semifinále play-in se letošní sezóna uzavřela i pro BOčko. Vyrovnaný duel s Riders dospěl až do prodloužení, které rozhodlo o konečném výsledku.

Ostravo, díky za energii a nasazení, které jste letos ukázali 💪🏼",https://www.facebook.com/1275398168115026/posts/1279026797752163,677,,2,,
@riderspardubice,instagram,4d6a67ab-9313-4f77-a82e-abb18adbca5d,73d66054-9a93-409d-b6af-6b4062d6b785,IG Post,IMAGE,2.4.2026 12:28:01,"V příštím zápase se rozhodne, jestli postoupíme do @unihokejfinalfour !🤩🤩 Buď u toho s námi!

 Finále Play-in
🗓️ 8.4. v 19:30
📍 v ZS Hvězda
⚔️ proti @cvutengineers 

#fináleplayin#riders",https://www.instagram.com/p/DWoRHuejOVY/,,3713,43,,4
@cvutengineers,instagram,11963a07-7f0f-48e6-9d81-aa63a7ff4a04,f3920ed5-3beb-4a1d-9f92-5a146dc85deb,IG Post,IMAGE,18.3.2026 7:06:57,"🚨 GAMEDAY | Základní část pomalu vrcholí, napětí stoupá a nervy rostou. Jak to dnes celé dopadne? Přijď nás podpořit na Hvězdu, začínáme ve 20:00. 
Budeme vás potřebovat! 🦁

#engprg",https://www.instagram.com/p/DWBEVKrjJ7G/,,4596,76,,5
@riderspardubice,instagram,4d6a67ab-9313-4f77-a82e-abb18adbca5d,62a945d8-ac75-4d9a-9b40-018672ef44ab,IG Post,IMAGE,13.4.2026 12:29:22,"🚨 JSME V TOP4 A TEĎ TO TEPRVE ZAČÍNÁ!

Poprvé v historii 👉 @unihokejfinalfour 
největší akce sezóny, přímý přenos v TV… a my jsme u toho.

🏒 SEMIFINÁLE
🆚 @ukkingsprague 
📍 Zimní stadion Eden, Praha
🕓 16. dubna | 16:30

Tohle není jen zápas.
👉 tohle jsou 2 dny hokeje, emoce, atmosféra a afterparty

Bude nás čekat v pátek boj o zlato nebo bronz! Každopádně v pátek si udělejte místo v kalendáři, bude se bojovat o medaileeee. 

Pojď nás podpořit a být součástí něčeho, co se píše poprvé.

🎟️ Vstupenky koupíš přes odkaz v BIU!",https://www.instagram.com/p/DXEmOgKDAWr/,,10828,127,1,15
@riderspardubice,instagram,4d6a67ab-9313-4f77-a82e-abb18adbca5d,89829347-453a-49d2-bc00-1cd9814c5dc9,IG Story,VIDEO,14.4.2026 9:59:51,,https://www.instagram.com/stories/riderspardubice/3875040037280940767,,499,,,
vsefalcons,instagram,709fceba-e311-48e7-9057-f54a587abf4a,9d208de1-a59c-405d-a094-d95e4ff645a5,IG Story,VIDEO,13.3.2026 16:19:53,,https://www.instagram.com/stories/vsefalcons/3852038496861043897,901,848,,,
univerzitnihokej,tiktok,01c88cf9-594f-408e-a45a-95114221acae,29e0c88c-1761-4740-98bd-a51663833fec,TT Video,VIDEO,16.4.2026 17:57:21,Nic roztomilejšího už dneska neuvidíte 🥹,https://www.tiktok.com/@univerzitnihokej/video/7629417714058022166?utm_campaign=tt4d_open_api&utm_source=7348986504397455361,,21120,713,1,29
@univerzitnihokej,facebook,01b45180-0b14-4a14-96e8-d0a4bab1fb9f,9c3be662-92c4-4146-910a-b000bb6f6aa5,FB Post,IMAGE,14.4.2026 8:43:37,"Vyhraj vstupenky na Beats for Love s našim generálním partnerem ČSOB🎧

Stačí si založit účet přes odkaz v našem biu ☝🏻
Přesměruje tě do aplikace, kde máš během pár minut hotovo ✅

Pro 8️⃣ nejrychlejších máme celodenní vstupenky na @beats.for.love.festival ⚡️🎟️
O dalších 6 se bude soutěžit na @unihokejfinalfour 👀",https://www.facebook.com/1275398168115026/posts/1285591943762315,370,,,,
@unitedhk,facebook,bfe6cc29-a387-41b9-9bca-b077722556af,a2850a6f-8f32-423f-a8a9-e6c3abad91cb,FB Post,PHOTO,26.3.2026 8:56:50,"Náš útočník Štěpán Kyclt dnes slaví narozeniny.

Všechno nejlepší, Štěpáne! 🎂
Užij si to.

🖤🧡

#unitedhk #unihokej #hokej",https://www.facebook.com/122180651084388974/posts/122179687910388974,205,,1,,
@riderspardubice,facebook,f99ed6c3-17cc-46f4-a32e-d9b0576ce2df,a423def5-9abb-4697-bc96-a5eba52f02cb,FB Video,VIDEO,17.4.2026 14:54:52,Goalie 🥅❤️‍🔥,https://www.facebook.com/reel/1632986334446651/,551,165,2,,
@bitvaoprahu,facebook,75e0f41f-82be-4f82-a77b-82ac11135ed2,143caa38-b355-4b77-9da5-8c6b1ef59f54,FB Post,IMAGE,11.3.2026 17:37:43,Už zítra je Bitva day! 🫨🫨🥳🥳,https://www.facebook.com/1441262177797849/posts/1419490613308339,202,,,,
vsefalcons,instagram,709fceba-e311-48e7-9057-f54a587abf4a,6efa4ee4-ee00-4dc0-a97c-96920b2e0c64,IG Story,VIDEO,17.2.2026 22:40:45,@united_hk 🎤,https://www.instagram.com/stories/vsefalcons/3834837780425905551,594,713,,,
@akademiciplzen,instagram,65494228-95bf-4f7b-8e68-d47d7262db66,cdd87884-a0d9-4fb8-ae19-5baad7a9377c,IG Post,IMAGE,12.3.2026 11:44:58,"Kup si lístek na zápas a vyhraj lístky do kina! 🍿

Ve středu 1. 4. hrajeme s největší pravděpodobností poslední domácí zápas v téhle sezóně. Jedná se o zápas Play-in (nový formát Play-off). Přijďte udělat pořádný kotel, budeme vás potřebovat! 💙

Všechny, kdo si koupí vstupenku na tento zápas, automaticky zařazujeme do slosování o 2x2 lístky na zítřejší maraton 6 dílů Heated Rivalry v plzeňské Olympii.

Vyhlášení výherců zítra v 10:30. 😎

Nenech si to utéct, kupuj lístky v biu a buď u toho! 🔥

#akademiciplzen",https://www.instagram.com/p/DVyGvwTjCwT/,,10670,156,,83
@univerzitnihokej,instagram,1e114592-3529-4cfe-9977-2598454053af,23d7aa9e-534f-4efc-8f57-e54b3950c7b5,IG Story,VIDEO,18.4.2026 10:25:02,,https://www.instagram.com/stories/univerzitnihokej/3877951828327403665,,1225,,,2
vsefalcons,instagram,709fceba-e311-48e7-9057-f54a587abf4a,dd950184-4e3c-4770-979c-9f62a416c9ba,IG Story,VIDEO,7.5.2026 12:20:44,👉🏼 👈🏼,https://www.instagram.com/stories/vsefalcons/3891780579494520851,,2694,,,11
@hcnorthwings,facebook,2b08a479-603b-46e4-8a48-2bc0435ccd53,686391ff-913d-4185-8701-854326c15174,FB Story,VIDEO,4.3.2026 16:05:24,,,,,,,
@riderspardubice,instagram,4d6a67ab-9313-4f77-a82e-abb18adbca5d,98e14639-0014-4a91-a823-94dd5dd6a167,IG Post,IMAGE,17.4.2026 7:39:26,Nejlepší hráč zápasu a střelec gólu @spinkov23! 🔥🥅,https://www.instagram.com/p/DXOYaVvDCrG/,,2584,84,,6
@riderspardubice,instagram,4d6a67ab-9313-4f77-a82e-abb18adbca5d,be8767a0-76d5-4003-80e0-c2d5464f29c0,IG Story,VIDEO,1.4.2026 14:51:24,,https://www.instagram.com/stories/riderspardubice/3865764702009995513,,547,,,
@akademiciplzen,instagram,65494228-95bf-4f7b-8e68-d47d7262db66,1101ab28-bbfb-4520-b8fd-7872610524bb,IG Story,VIDEO,9.4.2026 20:42:18,"🤩 FOTOREPORT 
Z DNEŠNÍHO BRUSLENÍ",https://www.instagram.com/stories/akademiciplzen/3871739515455206697,,444,,,1
vsefalcons,instagram,709fceba-e311-48e7-9057-f54a587abf4a,d6ea65cb-89ee-4c08-8fcd-56436cbca2b6,IG Story,VIDEO,6.2.2026 17:30:45,,https://www.instagram.com/stories/vsefalcons/3826707064886426143,,748,,,
@riderspardubice,facebook,f99ed6c3-17cc-46f4-a32e-d9b0576ce2df,ce59a804-e57a-4e42-91bb-f087e4a7abd3,FB Video,VIDEO,17.4.2026 16:18:52,"Chvilku pro sebe 🫂
@63skorpiz & @radek_bednar_",https://www.facebook.com/reel/2141182876423032/,317,129,6,,
@boostrava,instagram,1176ddaf-d366-48a2-9639-3c6694c72c85,8053ada1-28a0-463d-86df-8d36717ff621,IG Story,VIDEO,31.3.2026 18:43:59,HAVLOS SROVNAL  @adam.havel  2:2 🦈,https://www.instagram.com/stories/boostrava/3865157024929870569,,618,,,1
vsefalcons,instagram,709fceba-e311-48e7-9057-f54a587abf4a,9a39b0ae-721d-4e73-85d3-74015e4497ef,IG Story,VIDEO,8.4.2026 17:43:18,MRZÁCI DNES ASPOŇ PODPORUJÍ 🤕 📢,https://www.instagram.com/stories/vsefalcons/3870924710716434922,903,832,,1,3
@218107044725785,facebook,7a942e3e-6c47-4794-9ba7-bbc7b6d40cb3,e5b2eb21-1a56-4b4f-8aec-370a145e8110,FB Post,IMAGE,4.8.2026 14:52:12,Ulovili jsme pár momentek z letních prázdnin 🏖️  Poslední dny odpočinku a v pondělí 10.8. naskakujeme zpátky na led hledat nové Falcons tváře! 🦼🦅,https://www.facebook.com/122282816036218300/posts/122300527280218300,235,,8,,
@bitvaoprahu,facebook,75e0f41f-82be-4f82-a77b-82ac11135ed2,131b1de9-5702-47a1-8cfe-119ae8bcec64,FB Video,VIDEO,25.3.2026 18:41:18,"Hokejem u nás večer nikdy nekončí 🙂‍↔️ jestli máš vzpomínky v mlze, je čas si tuhle připomenout 🪩",https://www.facebook.com/reel/2991798127693774/,112,40,3,,
@univerzitnihokej,facebook,01b45180-0b14-4a14-96e8-d0a4bab1fb9f,2d22c60f-ab4b-416f-b9ac-58f46bbc165f,FB Post,IMAGE,13.4.2026 18:45:23,"Vyhraj vstupenky na Beats for Love s našim generálním partnerem ČSOB🎧

Stačí si založit účet přes odkaz v našem biu ☝🏻
Přesměruje tě do aplikace, kde máš během pár minut hotovo ✅

Pro 8️⃣ nejrychlejších máme celodenní vstupenky na @beats.for.love.festival ⚡️🎟️
O dalších 6 se bude soutěžit na @unihokejfinalfour 👀",https://www.facebook.com/1275398168115026/posts/1285196090468567,433,,,,
vsefalcons,instagram,709fceba-e311-48e7-9057-f54a587abf4a,c585703e-a72f-4bc3-add0-265a5c0289e0,IG Story,VIDEO,24.3.2026 18:39:38,👣 👣 👣 👣 👣 👣 👣 👣,https://www.instagram.com/stories/vsefalcons/3860081388011683094,814,663,,,
vsefalcons,instagram,709fceba-e311-48e7-9057-f54a587abf4a,eae2af15-0559-4357-8291-5a9d7d474ba6,IG Story,VIDEO,31.3.2026 16:46:59,srovnává 🎯,https://www.instagram.com/stories/vsefalcons/3865098126155638357,989,942,,,
@riderspardubice,instagram,4d6a67ab-9313-4f77-a82e-abb18adbca5d,a35e2cc4-6454-48af-ac86-2a2a4ac27fa6,IG Story,VIDEO,11.4.2026 20:54:50,,https://www.instagram.com/stories/riderspardubice/3873195382331434076,,259,,,
@univerzitnihokej,instagram,1e114592-3529-4cfe-9977-2598454053af,f99337fb-f5be-4dcb-93c6-6eafa3edc3a4,IG Post,IMAGE,11.3.2026 11:20:09,Brno nebo Ostrava. Kdo dnes ovládne Moravské derby? 🫨,https://www.instagram.com/p/DVvfsetCLbH/,,5236,131,2,6
@riderspardubice,instagram,4d6a67ab-9313-4f77-a82e-abb18adbca5d,6b5c66c4-3628-4868-a211-6a19026cef6a,IG Reel,VIDEO,16.3.2026 10:50:28,"Doražte na Kopcův Last Dance už 23. března do enteria areny! 🔥

Vstupenky koupíš přes odkaz v BIU!",https://www.instagram.com/reel/DV8UrXyjI_n/,,7826,166,2,15
@univerzitnihokej,instagram,1e114592-3529-4cfe-9977-2598454053af,c8f7cbac-5c1d-4b30-a53a-376f835ed7c9,IG Post,PHOTO,31.3.2026 11:10:59,Oficiálně vypínáme základní část a zapínáme PLAY-IN MODE 😤,https://www.instagram.com/p/DWi-14niFUJ/,,5167,87,1,2
@cvutengineers,instagram,11963a07-7f0f-48e6-9d81-aa63a7ff4a04,eace6375-550f-4a70-85fd-efb202f09c44,IG Story,VIDEO,9.4.2026 14:28:29,"POKUD NA SEZENÍ, SEKTORY D a E SE NACHÁZÍ ZA NAŠÍ STŘÍDAČKOU  JESTLI CHCEŠ NA FINAL FOUR FANDIT S TÍM NEJLEPŠÍM KOTLEM, TAK POŘIZUJ LÍSTKY NA STÁNÍ @engineerskotel",https://www.instagram.com/stories/cvutengineers/3871551372986726515,,843,,,28
@univerzitnihokej,facebook,01b45180-0b14-4a14-96e8-d0a4bab1fb9f,efca520f-7317-44fd-803f-56d0ca717bc6,FB Video,VIDEO,26.3.2026 23:31:13,,https://www.facebook.com/reel/1280278980706660/,,,,,
@boostrava,instagram,1176ddaf-d366-48a2-9639-3c6694c72c85,6fc2bccf-edc1-404d-9ecf-62041b1507f3,IG Story,VIDEO,31.3.2026 9:11:44,CELÝ ČLÁNEK,https://www.instagram.com/stories/boostrava/3864868978049176857,,841,,,
@united_hk,instagram,b18c071b-0570-48b2-b743-990c668c3c5b,cf93d152-a3db-4495-a2de-d9f08d0357c1,IG Story,VIDEO,11.4.2026 8:24:17,,https://www.instagram.com/stories/united_hk/3872817319479083660,,640,,,
@univerzitnihokej,facebook,01b45180-0b14-4a14-96e8-d0a4bab1fb9f,a4b1686c-27ab-4f0e-80aa-f445c51cc518,FB Post,IMAGE,9.4.2026 9:45:22,UK Kings se 16.4. vrátí zpět do Edenu 👑 Vstupenky na finalfour.cz 🎟️,https://www.facebook.com/1275398168115026/posts/1281841337470709,506,,2,,
@VUTCavaliersBrno,facebook,3351b43e-4b71-442b-b2f1-920cd6e57ee5,67e8b244-42ab-496c-adc0-13be72bdc807,FB Video,VIDEO,4.3.2026 20:34:11,"Spolupráce, kterou ocení nejen přítelkyně, ale taky spoluhráči v kabině 🛁 Čistá hlava, čistá hra 🧼 @garnier_czsk",https://www.facebook.com/reel/1465494908518879/,1541,704,4,,
vsefalcons,instagram,709fceba-e311-48e7-9057-f54a587abf4a,129f0a94-eda6-49dc-88b0-e45a78e9edd7,IG Post,IMAGE,3.3.2026 22:04:38,"Horská dráha 🎢 po včerejší prohře jsme si zlepšili náladu a porážíme Plzeň 👀

Příští týden ale přijde to nejdůležitější - @cvutengineers a pak @bitvaoprahu 😮‍💨 Get ready!",https://www.instagram.com/p/DVcDp45CC3o/,,3064,78,,10
vsefalcons,instagram,709fceba-e311-48e7-9057-f54a587abf4a,5bc48de0-f328-4df5-8f6c-a63ab59d57c9,IG Story,VIDEO,16.4.2026 16:41:36,další případ,https://www.instagram.com/stories/vsefalcons/3876691640630932156,1099,1058,,,1
@univerzitnihokej,facebook,01b45180-0b14-4a14-96e8-d0a4bab1fb9f,df08914a-51ea-4015-94dd-f02445d5d05d,FB Post,IMAGE,12.3.2026 21:52:41,Tak tuto výhru ti bude závidět celkej kotel! 🍗,https://www.facebook.com/1275398168115026/posts/1259803803007796,480,,1,,
@riderspardubice,instagram,4d6a67ab-9313-4f77-a82e-abb18adbca5d,6970ec01-7aca-4ed7-ac03-c7b6e0c01bfd,IG Story,IMAGE,9.4.2026 14:27:11,,https://www.instagram.com/stories/riderspardubice/3871550720822757784,,582,,,1
@AkademiciPlzen,facebook,d87b94e3-03e8-45d0-b92e-75e9b819545c,aa2ce2ec-4adb-4911-aafb-8a9013c8feaf,FB Post,IMAGE,26.3.2026 19:34:37,"Začíná Play-in. Kdo vyhraje, jde do Final Four. Kdo padne, končí! 

UŽ VE STĚEDU 1. 4. JDEME NA TO! 

#akademiciplzen",https://www.facebook.com/1357105236437494/posts/1352721390209212,281,,3,,
@univerzitnihokej,facebook,01b45180-0b14-4a14-96e8-d0a4bab1fb9f,3b1e10da-119c-443e-be3d-a74fd5e42a17,FB Post,IMAGE,10.3.2026 22:29:31,V Praze to dnes bylo na ostří nože 🔪 Kings jsou zpátky na vítězné vlně a Engineers nechali Falcons bod po nájezdech 🙌🏼,https://www.facebook.com/1275398168115026/posts/1258313036490206,573,,1,,
@akademiciplzen,instagram,65494228-95bf-4f7b-8e68-d47d7262db66,5e26d4df-d899-4de8-9cf0-23f0af1ba14d,IG Story,VIDEO,1.4.2026 17:01:58,🔥 UP WARMIN’,https://www.instagram.com/stories/akademiciplzen/3865830427416353185,,1358,,,
@hcnorthwings,facebook,2b08a479-603b-46e4-8a48-2bc0435ccd53,75efc629-b5d3-420b-919b-c9632497c0e4,FB Post,ALBUM,26.3.2026 19:16:01,"Fakt náročná sezóna, ale nepo*rali jsme se z toho a makali do posledního zápasu 💙💛",https://www.facebook.com/1583651910433365/posts/1578715724260317,473,,11,,
vsefalcons,instagram,709fceba-e311-48e7-9057-f54a587abf4a,a1f14db2-a108-4715-a5cb-19e69d08f4fb,IG Story,VIDEO,12.4.2026 13:47:35,‼️ ‼️ @cvutengineers 👋🏼,https://www.instagram.com/stories/vsefalcons/3873705133443936694,767,948,,,19
@univerzitnihokej,facebook,01b45180-0b14-4a14-96e8-d0a4bab1fb9f,addeb847-a79f-423a-8a71-16e0711257a0,FB Video,VIDEO,12.3.2026 18:00:31,Takové pohyby se asi naučil na farmě 🤭,https://www.facebook.com/reel/26107273248881170/,2072,834,7,,
@riderspardubice,instagram,4d6a67ab-9313-4f77-a82e-abb18adbca5d,e00c5671-f1f2-4a24-8efb-afdb5c13f0e6,IG Story,VIDEO,2.4.2026 12:18:01,"O POSTUP DO @unihokejfinalfour HRAJEME V PRAZE, TAK DORAŽ A VYBAV SE DRESEM!",https://www.instagram.com/stories/riderspardubice/3866412277331426831,,1179,,,2
@cvutengineers,instagram,11963a07-7f0f-48e6-9d81-aa63a7ff4a04,147a52e3-1b2a-4755-8548-10126989e151,IG Post,IMAGE,18.3.2026 21:46:12,Hupsík dupsík 😬,https://www.instagram.com/p/DWCpcu0DGSt/,,6630,188,6,9
@univerzitnihokej,facebook,01b45180-0b14-4a14-96e8-d0a4bab1fb9f,e7f6f107-2112-4dd9-9a12-89418433c1bc,FB Post,IMAGE,13.3.2026 16:51:35,UK Kings Prague ovládli tabulku a 1. místo jim už nikdo nevezme! 👑 Na Bitvě o Prahu po výhře převzali pohár ČAUS. 🏆,https://www.facebook.com/1275398168115026/posts/1260391656282344,1774,,8,,
@218107044725785,facebook,7a942e3e-6c47-4794-9ba7-bbc7b6d40cb3,75fb1500-eef0-4865-9bf7-334a3e8eef44,FB Video,VIDEO,16.4.2026 18:29:43,@michal.danniel otevírat skóre semifinále @unihokejfinalfour 🔥🔥🔥,https://www.facebook.com/reel/1446286533350604/,372,127,4,,
@united_hk,instagram,b18c071b-0570-48b2-b743-990c668c3c5b,39690c82-27ef-419f-8041-81f0c1cbc881,IG Story,VIDEO,8.4.2026 7:10:32,,https://www.instagram.com/stories/united_hk/3870606025032221041,,599,,,
@boostrava,instagram,1176ddaf-d366-48a2-9639-3c6694c72c85,b1c6efc0-cdb5-4642-b540-5e28459608e3,IG Reel,VIDEO,23.3.2026 10:26:06,"Sezona se chýlí ke konci a nás čeká poslední zápas základní části! 

Přijďte před play-in ukázat, že BOčko drží při sobě a jde slyšet! 🔥

#ostrava #hockeygame #boostrava",https://www.instagram.com/reel/DWOTiviDJwb/,,3236,48,,19
vsefalcons,instagram,709fceba-e311-48e7-9057-f54a587abf4a,893eac0d-4dfb-43b0-9be0-ae39a224c7f2,IG Reel,VIDEO,17.4.2026 14:56:40,"all eyes on @cech.ondrejj & @drabek_adam 🤩

#vsefalcons #finalfour",https://www.instagram.com/reel/DXPKUgsiPzy/,,13184,403,7,45
@cvutengineers,instagram,11963a07-7f0f-48e6-9d81-aa63a7ff4a04,998815ae-d413-4d78-971f-f701025e282a,IG Story,VIDEO,10.4.2026 10:53:43,@ondra_mann,https://www.instagram.com/stories/cvutengineers/3872168054860066135,,1266,,,2
@riderspardubice,instagram,4d6a67ab-9313-4f77-a82e-abb18adbca5d,a69a4520-ddcb-480d-aede-d2b46e1e9aa3,IG Post,IMAGE,2.3.2026 21:20:57,Dnešní duel s @cvutengineers bohužel nevyšel.😭,https://www.instagram.com/p/DVZZxoZDLQz/,,2655,32,2,4
vsefalcons,instagram,709fceba-e311-48e7-9057-f54a587abf4a,0a02c193-4c00-4982-84ad-3165e04a2afa,IG Story,VIDEO,8.6.2026 13:49:07,DĚKUJEME ZA PROSTORY @vsecz @ctvsvse 🙏🏼 (kluci to tu milují),https://www.instagram.com/stories/vsefalcons/3915017950167843793,,1454,,,2
@riderspardubice,instagram,4d6a67ab-9313-4f77-a82e-abb18adbca5d,95cd9788-afe6-4bb1-b5ec-876ace2f68ac,IG Story,VIDEO,12.4.2026 14:37:40,,https://www.instagram.com/stories/riderspardubice/3873730316271902818,,1131,,,7
@riderspardubice,facebook,f99ed6c3-17cc-46f4-a32e-d9b0576ce2df,52a7e4e4-5450-47df-a979-334dc0c6009b,FB Post,IMAGE,20.3.2026 7:21:34,"V pondělí pro první příchozí @pivoproud u vstupu zdarma! 🤩

🎟️ Vstupenky na derby proti @united_hk koupíš přes odkaz v BIU!",https://www.facebook.com/1592662819534019/posts/1581270447339923,154,,,,
@BOhokej,facebook,c9082543-a03b-490f-8f97-66d439acce89,03816dfd-811a-436b-81d4-3e2b25102f44,FB Post,IMAGE,14.4.2026 10:26:04,"Rádi bychom poděkovali trenérovi Honzovi Dětskému za tři úspěšné roky, které jsme mohli strávit pod jeho vedením.
Děkujeme za jeho přístup, podporu, trpělivost i nasazení, které nám po celou dobu předával.

Odnášíme si spoustu zkušeností i společných vzpomínek, na které budeme rádi vzpomínat.
Věříme, že se naše cesty v budoucnu ještě setkají.

Přejeme mnoho úspěchů do další etapy a ještě jednou VELKÉ DÍKY✨",https://www.facebook.com/1477974067675582/posts/1489225883217067,830,,5,,
@AkademiciPlzen,facebook,d87b94e3-03e8-45d0-b92e-75e9b819545c,19676740-0ae5-483e-8799-624d381dfa85,FB Post,ALBUM,29.3.2026 13:23:57,"Co je to vlastně to PLAY-IN? 🧐

Tady máš celý návod, jak se dostat až do Final Four.
Dočti až do konce a budeš zas o něco chytřejší. 🧠💡",https://www.facebook.com/1357105236437494/posts/1354986759982675,774,,5,,
@united_hk,instagram,b18c071b-0570-48b2-b743-990c668c3c5b,301991c9-8bd4-4057-858f-eff807c3572c,IG Post,PHOTO,30.3.2026 17:50:24,"Zítra začíná PLAY-IN.

1 zápas, kdy se hraje o všechno. Když vyhrajeme, postupujeme dál do dalších bojů o místo na Final Four.

Přijedeš nás podpořit?

Jedeme ALL IN. 🖤🧡

#unitedhk #unihokej #uhk #hradeckralove",https://www.instagram.com/p/DWhHyYbiLcJ/,,2735,39,,3
@hcmuni,facebook,d1f9e9f9-7526-42d4-85aa-13f91e89f7cf,7d0dfd75-1174-4462-94f7-3eff0626436f,FB Post,IMAGE,14.3.2026 9:07:36,"GAMEDAY je tady! 🔥
Dnes nás čeká další bitva na domácím ledě 🏒⚔️
A ty u toho nesmíš chybět! 🐻💙

Lístky kupuj tady https://hcmuni.enigoo.cz/app/tickets/events 🎟️

#hcmuni",https://www.facebook.com/1581741777288398/posts/1565089512286958,236,,2,,
@riderspardubice,instagram,4d6a67ab-9313-4f77-a82e-abb18adbca5d,d11cbff1-cf86-4dc1-a08a-f9d8dfd82b90,IG Post,IMAGE,15.4.2026 6:00:03,"Jedeme do Prahy reprezentovat na @unihokejfinalfour Riders, Pardubice i naši @upce_cz a bojovat s pražskými týmy o titul vládce ligy. ♥️

🏒 SEMIFINÁLE
🆚 @ukkingsprague
📍 Zimní stadion Eden, Praha
🕓 16. dubna | 16:30

👉 2 dny plný hokeje, atmosféry a afterparty

Ve čtvrtek se rozhodne, jestli půjdeme do finále, nebo o bronz – každopádně v pátek se hraje o medaile.

Pojď do toho s námi a buď u toho.

🎟️ Vstupenky najdeš v BIU.",https://www.instagram.com/p/DXJDdBpjAgQ/,,5018,88,,1
@univerzitnihokej,facebook,01b45180-0b14-4a14-96e8-d0a4bab1fb9f,11099c44-b1a5-4a68-a6c0-37b8411dc65e,FB Post,IMAGE,8.4.2026 8:32:45,"Finále play-in přinese pražské derby 🔥
Všechny výhry na straně UK Kings, ale Farmers ukázali minulý týden, že umí překvapit. 🫡

Na jaké straně Prahy dnes budete stát? 👇🏻",https://www.facebook.com/1275398168115026/posts/1281051500883026,298,,2,,
@univerzitnihokej,instagram,1e114592-3529-4cfe-9977-2598454053af,59b40c84-d678-4de6-b039-7a80ae9dff0b,IG Reel,VIDEO,30.3.2026 12:09:32,"Uvidíme tady traktory, koně nebo snad plzeňský pivo? Kreativitě se meze nekladou 🫰🏼",https://www.instagram.com/reel/DWggQ6NCKcm/,,8574,169,76,6
vsefalcons,instagram,709fceba-e311-48e7-9057-f54a587abf4a,a50f1245-70f9-4f6b-91e4-cae9d93519b9,IG Story,IMAGE,13.3.2026 16:19:33,,https://www.instagram.com/stories/vsefalcons/3852038330137486630,919,897,,,3
@cvutengineers,instagram,11963a07-7f0f-48e6-9d81-aa63a7ff4a04,c78f0f4f-ccaa-47aa-bcf5-3ca4afce4a5a,IG Story,VIDEO,13.4.2026 15:01:43,DÁME DO TOHO VŠECHNO! PROTOŽE MÁME #SRDCELVA,https://www.instagram.com/stories/cvutengineers/3874467196638628599,,698,,,3
vsefalcons,instagram,709fceba-e311-48e7-9057-f54a587abf4a,1f3013f3-6e5d-41bf-a00c-24de4c7f654b,IG Story,VIDEO,17.4.2026 13:14:45,🇧🇷,https://www.instagram.com/stories/vsefalcons/3877312321018169865,939,1021,,,1
@united_hk,instagram,b18c071b-0570-48b2-b743-990c668c3c5b,23f123cc-89fa-44f0-8d94-f79c33405966,IG Reel,VIDEO,8.3.2026 9:52:22,"🧅 Kaufland Cutting Challenge
Vracíme se ještě k momentům z Východočeského derby univerzit.

Derby není jen o hokeji.

Během přestávky jsme si dali rychlou výzvu – Kaufland Cutting Challenge.

Úkol byl jednoduchý: 45 vteřin. Hokejové rukavice. A co nejvíc najemno nakrájet cibuli.

Jak to dopadlo? Podívej se ve videu.

Díky partnerovi Kaufland za další zábavný moment derby.

🖤🧡❤️

#unitedhk #unihokej #hokej",https://www.instagram.com/reel/DVnnqdpiBER/,,2779,27,,10
@hc_muni,instagram,43cd62c8-609d-4ea6-8ce9-cae5242ede0c,bd9ec13c-d04c-4abc-8684-ea08dcc74c97,IG Story,VIDEO,14.4.2026 8:52:38,🎉,https://www.instagram.com/stories/hc_muni/3875006210126177378,,503,,,
@univerzitnihokej,facebook,01b45180-0b14-4a14-96e8-d0a4bab1fb9f,dcae0d09-85a7-4413-a79c-726c21c28b37,FB Post,IMAGE,8.4.2026 19:29:17,@vsefalcons vítáme vás ve @unihokejfinalfour 👋🏻 Vidíme se 16.4. na Edenu! 🔥,https://www.facebook.com/1275398168115026/posts/1281435227511320,676,,5,,
vsefalcons,instagram,709fceba-e311-48e7-9057-f54a587abf4a,550b8c3d-c5ba-4abe-a2b6-80bf9f578637,IG Story,VIDEO,24.4.2026 10:40:19,🏃🏽,https://www.instagram.com/stories/vsefalcons/3882293854137238060,641,718,,1,2
vsefalcons,instagram,709fceba-e311-48e7-9057-f54a587abf4a,5ae7fe94-9301-4cf8-bdff-4a0f7f60e5b3,IG Story,VIDEO,24.2.2026 19:02:56,SOUBOJ DVOU KMENŮ ZAČÍNÁ 🏝️,https://www.instagram.com/stories/vsefalcons/3839799398662420984,,884,,,2
@hcnorthwings,facebook,2b08a479-603b-46e4-8a48-2bc0435ccd53,6c0c8251-8c45-42eb-b97d-687929aaa3d8,FB Story,VIDEO,11.3.2026 16:35:12,,,,,,,
@univerzitnihokej,instagram,1e114592-3529-4cfe-9977-2598454053af,f8ac0317-0ab5-4956-90ea-0a161bf2c4c4,IG Post,IMAGE,18.3.2026 22:09:37,"Dnes bodovaly týmy hostujících, Engineers si pak obhájili druhý bod v prodloužení. ✌🏼",https://www.instagram.com/p/DWCsJhFCGbO/,,4202,92,,2
@united_hk,instagram,b18c071b-0570-48b2-b743-990c668c3c5b,40c5c46b-e34c-49ef-9b7a-7e256b60935a,IG Story,IMAGE,25.4.2026 11:09:27,Díky za návštěvu @novas.a_16,https://www.instagram.com/stories/united_hk/3883047622818707904,,1326,,,12
vsefalcons,instagram,709fceba-e311-48e7-9057-f54a587abf4a,56a80ad3-0119-4ef4-a1e1-185858a54cdc,IG Story,VIDEO,11.2.2026 20:44:51,,https://www.instagram.com/stories/vsefalcons/3830428589875534429,752,752,,,2
@riderspardubice,instagram,4d6a67ab-9313-4f77-a82e-abb18adbca5d,602fe2e8-f830-44d2-9be5-4fc8da492dfe,IG Story,VIDEO,10.4.2026 12:15:47,@stolda_10,https://www.instagram.com/stories/riderspardubice/3872209354795802721,,464,,,
vsefalcons,instagram,709fceba-e311-48e7-9057-f54a587abf4a,f7af3804-3556-4883-9302-ccab2555d53b,IG Story,VIDEO,10.2.2026 18:42:24,TAKY SCHVALUJE @hamrbrmbrm13 🎶,https://www.instagram.com/stories/vsefalcons/3829642194693185983,,1286,,,1
vsefalcons,instagram,709fceba-e311-48e7-9057-f54a587abf4a,1ce96ef1-4357-41d9-aec8-dcb1a4700556,IG Story,VIDEO,3.2.2026 20:12:12,už zase pálí ostrými 🌶️,https://www.instagram.com/stories/vsefalcons/3824613972964315744,,1008,,,
@hcnorthwings,facebook,2b08a479-603b-46e4-8a48-2bc0435ccd53,6ee969c9-3b3e-4141-bfe1-24c512e55cb0,FB Story,VIDEO,4.3.2026 15:48:17,,,,,,,
@engineersprague,facebook,afd06d1d-7b1c-4f66-8d93-ce4255ab773c,81c643e0-aab1-46c7-af73-f138c1b54982,FB Post,PHOTO,12.3.2026 8:13:12,"Finále Bitvy o Prahu je konečně tady! ⚔️

Čekání skončilo. Už dnes od 20:00 vypukne dlouho očekávaný duel proti UK 🔥. Slibujeme napínavou bitvu a vyhrocenou atmosféru, ve které se rozhodne o jediném – kdo ovládne Prahu. 🗝️🦁

Buďte u toho s námi. Těšíme se na vás! 👋🏻

Dnes | 20:00 | Finále",https://www.facebook.com/1560924572517692/posts/1543166240960192,323,,4,,
vsefalcons,instagram,709fceba-e311-48e7-9057-f54a587abf4a,c4baa825-a230-4374-962d-a98638d9d92f,IG Reel,VIDEO,10.2.2026 7:37:49,"GAMEDAY
Na ledě dostihy, na tribunách sázky! 🏇🎲
Vidíme se v 19:45 na Kateřinkách 🫵🏻🔥",https://www.instagram.com/reel/DUka2uQiGDA/,,3795,60,,5
vsefalcons,instagram,709fceba-e311-48e7-9057-f54a587abf4a,944f3fbf-99e0-4ddb-9615-e203be47cf89,IG Reel,VIDEO,1.3.2026 8:29:43,"win or lose? 🤔 

#vsefalcons #vse",https://www.instagram.com/reel/DVVcpaLCHLz/,,312,5,,1
@univerzitnihokej,instagram,1e114592-3529-4cfe-9977-2598454053af,e353ea2d-336b-4986-802e-0b2aa85eaf6c,IG Post,IMAGE,12.4.2026 13:58:39,"FINAL FOUR JE KOMPLETNÍ! ✅

Tahle čtyřka bude už ve čtvrtek a pátek bojovat o titul 🏆

Jak bude vypadat program čtvrtečních semifinále?
🕐 16:30 | @ukkingsprague vs. @riderspardubice 
🕐 20:15 | @cvutengineers vs. @vsefalcons 

Nejlevnější lístky najdeš právě teď na finalfour.cz 🎟️",https://www.instagram.com/p/DXCL1YTiI_i/,,39028,597,3,283
@hc_muni,instagram,43cd62c8-609d-4ea6-8ce9-cae5242ede0c,fa33e31d-b760-438b-b08d-d2fe1045a944,IG Post,IMAGE,20.3.2026 13:33:47,"Jak už bývá zvykem, na derby s @vutcavaliersbrno je vždycky pořádně veselo💙❤️
Tak si ho nenech ujít i tentokrát!⚔️

Lístky seženeš u nás v biu🎟️",https://www.instagram.com/p/DWG6tHNDLkP/,,10215,239,2,18
@hcnorthwings,facebook,2b08a479-603b-46e4-8a48-2bc0435ccd53,385a393d-b5d7-4888-bdff-4b64a025a861,FB Video,VIDEO,19.3.2026 8:06:25,🎤 | Pozápasové ohlasy z 25. kola @univerzitnihokej v podání @united_hk (Filip #Samek) #univerzitnihokej,https://www.facebook.com/reel/1583298599599537/,289,95,,,
vsefalcons,instagram,709fceba-e311-48e7-9057-f54a587abf4a,ebc379e9-a33d-456d-a1c9-74d208b91169,IG Story,VIDEO,12.2.2026 15:38:01,,https://www.instagram.com/stories/vsefalcons/3830998929496355923,692,692,,,1
@bitvaoprahu,instagram,d7c8aa06-74fb-4c6c-a7d2-c2fe1bf6d59c,300541cd-a59e-4738-aab1-f3f7acd5d499,IG Post,IMAGE,12.3.2026 6:05:54,Rise and shine… IT’S BITVA DAY 🥳🤩,https://www.instagram.com/p/DVxg8M-jMCI/,,35565,477,4,84
@riderspardubice,instagram,4d6a67ab-9313-4f77-a82e-abb18adbca5d,73611911-fbd7-4dbd-8dc9-28ff4cf1ffbe,IG Post,IMAGE,17.4.2026 7:52:39,"Pardubáci jedeme do Prahyyyy! 🥁
Po druheee! 😂

Sejdeme se před druhou hodinou na Pardubice hl. n. a ve 14:00 vyrazíme směr zimní stadion Eden! 

Však to znáte, stejně jako včera!",https://www.instagram.com/p/DXOZzrqjJCf/,,3680,106,1,7
@bitvaoprahu,instagram,d7c8aa06-74fb-4c6c-a7d2-c2fe1bf6d59c,74f2c683-2789-47d6-b372-1506c7b3f537,IG Reel,VIDEO,12.3.2026 18:19:42,"FALCONS JSOU BLÍZKO! 🦅🥉

Finálový večer @bitvaoprahu můžete sledovat živě na @sport_ct ➕. 📺",https://www.instagram.com/reel/DVy0yipjLOD/,,15203,266,,11
@riderspardubice,facebook,f99ed6c3-17cc-46f4-a32e-d9b0576ce2df,8b46845a-e69f-4388-90cd-08cbbed7a5cf,FB Post,IMAGE,26.3.2026 8:31:30,"Čeká nás PLAY-IIIIN! 💣

V pondělí jsme uzavřeli základní část a jdeme do play-in! Kdo se za námi staví v Ostravě!

🙌 A pojďme se taky ještě rychle vysvětlit, jak funguje play-in: 

👉 Týmy na 3.–10. místě nastoupí do semifinále play-in, odkud vítězové postupují do finále play-in. Týmy na 1.–2. místě jdou rovnou do finále play-in, kde se bojuje o přímý postup. 👀 Vše se hraje na jeden zápas.

👉 Dva lépe nasazené týmy, které prohrají ve finále play-in, dostanou ještě jednu šanci v tzv. lucky loser zápase o poslední postupové místo.

👉 4 nejlepší týmy se následně utkají na @unihokejfinalfour 16.–17. dubna v pražském Edenu.",https://www.facebook.com/1592662819534019/posts/1587293630070938,530,,3,,
vsefalcons,instagram,709fceba-e311-48e7-9057-f54a587abf4a,e02889c9-ee5e-466c-817b-51615b79384c,IG Story,VIDEO,8.2.2026 16:21:34,📍 vlaštovky doletěly 🦅,https://www.instagram.com/stories/vsefalcons/3828121772126389657,,1021,,,3
vsefalcons,instagram,709fceba-e311-48e7-9057-f54a587abf4a,8238c6ad-f28d-42d3-860f-ef8e80e723bc,IG Reel,VIDEO,10.3.2026 6:53:37,Dneska bude na Kateřinkách horko! 🤭,https://www.instagram.com/reel/DVscpMxCBS5/,,3752,52,3,9
vsefalcons,instagram,709fceba-e311-48e7-9057-f54a587abf4a,8b733a7d-b968-403a-950e-8272b8f66dd4,IG Post,ALBUM,12.3.2026 10:38:41,"Jste připravení? 🫨 Kdybyste náhodou nevěděli, co před @bitvaoprahu stihnout, tak jsme vám to sepsali 👆🏻
Teď je to na vás. Tribuna musí být slyšet až na led. 🤍",https://www.instagram.com/p/DVyAToCiGwx/,,14423,254,,46
@boostrava,instagram,1176ddaf-d366-48a2-9639-3c6694c72c85,f3860e3a-0544-45a0-a68d-463ba19a3669,IG Story,VIDEO,31.3.2026 11:44:02,,https://www.instagram.com/stories/boostrava/3864945619844771540,,784,,,1
vsefalcons,instagram,709fceba-e311-48e7-9057-f54a587abf4a,f490046c-363a-41f5-81fd-8aa42d2f339e,IG Story,VIDEO,22.1.2026 20:01:32,,https://www.instagram.com/stories/vsefalcons/3815911303198316774,,825,,,1
@cvutengineers,instagram,11963a07-7f0f-48e6-9d81-aa63a7ff4a04,f7d76728-8c67-43cc-8560-4a0b90d686fc,IG Story,VIDEO,8.4.2026 16:31:59,💆🏻‍♂️ ⚽️ Teď  FOČUS a pak už jenom FOCUS,https://www.instagram.com/stories/cvutengineers/3870888771076255365,,1200,,,
@hc_muni,instagram,43cd62c8-609d-4ea6-8ce9-cae5242ede0c,d66e9320-50f3-49ed-a417-d89a265fe3e0,IG Post,IMAGE,19.3.2026 11:41:49,"COLD mode ON🔥, tím se řídí náš @_novas_44_ 
8 gólů, 4 asistence, 6 zápasů⚔️
Nejmladší hráč @univerzitnihokej a nejlepší střelec MUNI🏒

#hcmuni",https://www.instagram.com/p/DWEIkVXiE6_/,,4194,109,1,1
vsefalcons,instagram,709fceba-e311-48e7-9057-f54a587abf4a,2ba0b232-e849-4b33-9330-5807c4bc8ead,IG Story,VIDEO,12.3.2026 15:55:07,,https://www.instagram.com/stories/vsefalcons/3851302428813610334,1459,1290,,,3
vsefalcons,instagram,709fceba-e311-48e7-9057-f54a587abf4a,73b75456-95c8-448a-9c67-2761fefccf73,IG Story,IMAGE,24.2.2026 20:24:03,0 3,https://www.instagram.com/stories/vsefalcons/3839840208376313118,669,937,,,8
@riderspardubice,instagram,4d6a67ab-9313-4f77-a82e-abb18adbca5d,a38fec0c-965d-40a7-978f-7a9b1290335c,IG Reel,VIDEO,12.4.2026 15:05:25,@unihokejfinalfour těšíme se😎,https://www.instagram.com/reel/DXCTaRVDAEF/,,7265,301,1,53
vsefalcons,instagram,709fceba-e311-48e7-9057-f54a587abf4a,503d76d6-67be-4a23-969a-46fd2cceca11,IG Story,VIDEO,2.4.2026 8:54:17,🤫,https://www.instagram.com/stories/vsefalcons/3866309741924331828,1039,1242,,,4
@univerzitnihokej,instagram,1e114592-3529-4cfe-9977-2598454053af,ecd12d86-9175-42da-b879-0fdbecdbcf65,IG Post,IMAGE,27.3.2026 16:54:44,"A letošní sezóna definitivně skončila také pro brněnské medvědy z @hc_muni , kteří nedosáhli na play-in 💔

Děkujeme, i na vás se budeme těšit zase na podzim! 🤗",https://www.instagram.com/p/DWZTRFeCNMB/,,4030,143,,2
vsefalcons,instagram,709fceba-e311-48e7-9057-f54a587abf4a,7c0ebd22-cad6-4af7-99c8-4a82fa28d8ad,IG Post,CAROUSEL_ALBUM,16.1.2026 18:55:52,"Montujeme vztahy s @mosteckamontazni 📢

Našim novým hlavním partnerem se stává Mostecká montážní. 👷🏽‍♂️ Spojili jsme síly, protože týmová práce je klíčem k úspěchu, a díky Vám můžeme dosahovat lepších výsledků na ledě i mimo něj. 🥅

Děkujeme za podporu a těšíme se na to, co společně dokážeme. 🤝🏼",https://www.instagram.com/p/DTlRfEBCKIg/,,4065,100,,6
vsefalcons,instagram,709fceba-e311-48e7-9057-f54a587abf4a,ee9a18a1-2064-425a-8e66-563176196330,IG Story,VIDEO,8.2.2026 8:06:52,‼️ZMĚNA MÍSTNOSTI‼️,https://www.instagram.com/stories/vsefalcons/3827872758168600844,,940,,,
@AkademiciPlzen,facebook,d87b94e3-03e8-45d0-b92e-75e9b819545c,3d7496b2-433a-49be-b2b5-af769d6b4547,FB Video,VIDEO,7.3.2026 12:56:56,"Jarní bitva doručila! 🚀 Nevíme jak vy, ale my tu energii vstřebáváme doteď. Absolutní strop, díky moc všem! 💙

edit: @jirikhozman",https://www.facebook.com/reel/1424364699188755/,626,162,2,,
vsefalcons,instagram,709fceba-e311-48e7-9057-f54a587abf4a,43481f13-6209-46d3-8521-c1350c853823,IG Story,IMAGE,24.2.2026 22:15:39,,https://www.instagram.com/stories/vsefalcons/3839896370266265795,618,946,,,4
@riderspardubice,instagram,4d6a67ab-9313-4f77-a82e-abb18adbca5d,88c9e7bf-367e-4145-bba1-3a1312caa9d1,IG Story,VIDEO,12.4.2026 18:16:14,"s @foxconn_czech 
v zádech",https://www.instagram.com/stories/riderspardubice/3873840331028719270,,606,,,
vsefalcons,instagram,709fceba-e311-48e7-9057-f54a587abf4a,8d64ec0c-65f6-4592-a994-34072da68112,IG Story,VIDEO,13.3.2026 16:20:02,,https://www.instagram.com/stories/vsefalcons/3852038576838031686,894,808,,,
@boostrava,instagram,1176ddaf-d366-48a2-9639-3c6694c72c85,bb7f3e60-8618-416b-b094-b4721daebd10,IG Story,VIDEO,27.4.2026 19:05:44,,https://www.instagram.com/stories/boostrava/3884736882219478190,,390,,,
@riderspardubice,facebook,f99ed6c3-17cc-46f4-a32e-d9b0576ce2df,db093e18-5f35-42e2-b12b-693dd71ed23d,FB Post,IMAGE,20.3.2026 13:00:22,"Vousy + teplákovka = Kopec 

Tak doraž na poslední domácí zápas semestru ve vousech i ty! 

🎟️ Vstupenky koupíš přes odkaz v BIU!",https://www.facebook.com/1592662819534019/posts/1581537760646525,220,,1,,
@riderspardubice,instagram,4d6a67ab-9313-4f77-a82e-abb18adbca5d,19d439aa-96a3-43f0-acc1-ebf86ff42204,IG Story,VIDEO,8.4.2026 18:32:45,@skekopardubice  Vinky,https://www.instagram.com/stories/riderspardubice/3870949546859995592,,607,,,6
vsefalcons,instagram,709fceba-e311-48e7-9057-f54a587abf4a,442b4ac5-17b2-4fb9-aff7-3a02b2c3184e,IG Story,VIDEO,16.4.2026 16:46:06,předzápasové mediální povinnosti @michal.danniel na micu 🎙️,https://www.instagram.com/stories/vsefalcons/3876693852203539228,1087,1039,,,2
@univerzitnihokej,instagram,1e114592-3529-4cfe-9977-2598454053af,ad132152-636d-4093-9880-02ce74df066c,IG Reel,VIDEO,29.3.2026 18:51:40,"Jak skloubit medicínu s Univerzitním hokejem? 👨🏻‍⚕️ Strávili jsme den s @albert.skalsky z @ukkingsprague , celý díl najdete online na našem YouTube 🍿",https://www.instagram.com/reel/DWepykQiMiP/,,9058,254,1,18
@akademiciplzen,instagram,65494228-95bf-4f7b-8e68-d47d7262db66,5148995f-abd5-44da-be20-9e8cda721675,IG Reel,VIDEO,5.3.2026 20:38:40,"Zařvat si a zatancovat, to prostě k sladké výhře patří! 😝🏆

#akademiciplzen 💙",https://www.instagram.com/reel/DVhDULkDFil/,,12986,399,,11
@riderspardubice,instagram,4d6a67ab-9313-4f77-a82e-abb18adbca5d,8388606e-9c87-48ca-9e2f-b2d2c324ee1a,IG Story,IMAGE,12.4.2026 11:03:02,@tipsportcz,https://www.instagram.com/stories/riderspardubice/3873622288835045361,,1303,,,
@univerzitnihokej,facebook,01b45180-0b14-4a14-96e8-d0a4bab1fb9f,8a471db9-2a6a-4ae4-bf22-f282d4cdddf4,FB Video,VIDEO,12.3.2026 15:20:48,My jsme ready 👀 a co vy?,https://www.facebook.com/reel/1237087931735468/,1310,395,6,,
vsefalcons,instagram,709fceba-e311-48e7-9057-f54a587abf4a,a697e5e8-b58a-44af-91ff-bb8cbca849c5,IG Story,VIDEO,11.3.2026 7:16:45,,https://www.instagram.com/stories/vsefalcons/3850315583741019082,763,1054,,,7
@AkademiciPlzen,facebook,d87b94e3-03e8-45d0-b92e-75e9b819545c,54cf8f9a-a239-436b-abed-e2d88ae5c236,FB Video,VIDEO,18.3.2026 18:57:36,"Jak to vypadá v kabině, když se vyhraje důležitý zápas proti UK Kings? Nálada přesně, jak má být! 🙌🏻🔥

Budeme slavit i dnes? 👀
Sleduj zápas proti @vutcavaliersbrno PRÁVĚ TEĎ na Tipsportu! 🎥

#akademiciplzen 💙",https://www.facebook.com/reel/1993249351228591/,952,410,11,,
@riderspardubice,instagram,4d6a67ab-9313-4f77-a82e-abb18adbca5d,811ec7f7-e868-4d82-b8f4-1ab33369ea88,IG Reel,VIDEO,16.4.2026 14:22:35,Jsme v Praze ❤️‍🔥🐎,https://www.instagram.com/reel/DXMhrZyDD3A/,,3694,125,,3
@univerzitnihokej,instagram,1e114592-3529-4cfe-9977-2598454053af,9e2c6c76-23fd-4330-a11b-9f2a0a607976,IG Post,IMAGE,23.3.2026 8:15:50,"Cílová rovinka základní části je tady! 🏁 Čeká nás východočeské a brněnské derby, celé to pak zakončí ve středu posledním zápasem Engineers s North Wings 👊🏼",https://www.instagram.com/p/DWOEs-4iAq_/,,4992,105,,10
@engineersprague,facebook,afd06d1d-7b1c-4f66-8d93-ce4255ab773c,af14f385-6434-4883-9fd3-01193e5caff6,FB Story,VIDEO,12.3.2026 19:56:50,,,,,,,
vsefalcons,instagram,709fceba-e311-48e7-9057-f54a587abf4a,cd0ee6ed-7862-4834-a8df-3de56f9ffb1b,IG Story,VIDEO,24.2.2026 20:51:47,,https://www.instagram.com/stories/vsefalcons/3839857124415374070,654,966,,,3
@cvutengineers,instagram,11963a07-7f0f-48e6-9d81-aa63a7ff4a04,112cba1b-47ca-43fa-b7a8-f7cbade79913,IG Post,IMAGE,2.3.2026 20:44:22,"Poprosíme hodit čepičku do komentářů pro Šachlíka, který se dneska v Pardubicích blýskl hattrickem 🧢😮‍💨",https://www.instagram.com/p/DVZVrGWjKDS/,,9952,292,20,29
@united_hk,instagram,b18c071b-0570-48b2-b743-990c668c3c5b,178d1191-14f8-47ee-a9ec-3346d9515e79,IG Story,VIDEO,28.4.2026 6:30:06,,https://www.instagram.com/stories/united_hk/3885081144098069617,,579,,,
@univerzitnihokej,instagram,1e114592-3529-4cfe-9977-2598454053af,44d53ae5-9ef3-4984-bc86-00ac8e4ba33f,IG Story,VIDEO,17.4.2026 9:07:43,,https://www.instagram.com/stories/univerzitnihokej/3877181789462611058,,2038,,,
@boostrava,instagram,1176ddaf-d366-48a2-9639-3c6694c72c85,6e60ab5f-3e9d-4818-94d6-eb80d1e9eb01,IG Post,IMAGE,18.3.2026 11:28:32,"GAME DAY🔥 JEDEME DO PRAHY 
Sleduj živě a nebo doraz na Hvězdu!
@cvutengineers x @boostrava",https://www.instagram.com/p/DWBifgBDLX5/,,1978,25,,8
@univerzitnihokej,instagram,1e114592-3529-4cfe-9977-2598454053af,8e3649d9-ba03-4148-bc5f-76273fa57458,IG Post,PHOTO,1.4.2026 4:00:14,"Doprava na @unihokejfinalfour vyřešena ✅ Speciální Final Four tramvaj tě doveze až do Edenu 🚊
Tak kdo nastupuje? 👀",https://www.instagram.com/p/DWkx2hJCNts/,,20395,395,5,46
@univerzitnihokej,facebook,01b45180-0b14-4a14-96e8-d0a4bab1fb9f,e18c6c90-5f6b-4fd7-b08a-4c2cdf3a62f0,FB Post,IMAGE,1.4.2026 10:35:36,"Semifinále play-in dnes večer uzavře duel v plzeňské aréně 🙌🏼

Akademici 🆚 Farmers
Kdo zvítězí a bude o krok blíž k Final Four?",https://www.facebook.com/1275398168115026/posts/1275576008097242,326,,3,,
vsefalcons,instagram,709fceba-e311-48e7-9057-f54a587abf4a,1586d9cf-5d1e-4a20-a08a-a9dc05be78f7,IG Post,IMAGE,11.6.2026 17:08:22,"Představujeme vám exkluzivní Falcons nominaci na letošní Fifa World Cup ⚽️🏆

Který z našich kluků má podle tebe největší šanci na Zlatý míč? Hlasuj v komentářích! 👇

#vsefalcons #fifaworldcup",https://www.instagram.com/p/DZdBPcEiJSh/,,5948,163,,107
@engineersprague,facebook,afd06d1d-7b1c-4f66-8d93-ce4255ab773c,7015b940-2b3f-41e2-9631-bb1234a82b1b,FB Story,VIDEO,2.3.2026 19:00:12,,,,,,,
@riderspardubice,facebook,f99ed6c3-17cc-46f4-a32e-d9b0576ce2df,12f9b6e4-baa5-4f96-8c81-7d3a48eec8c2,FB Post,IMAGE,13.3.2026 17:04:47,"Soutěž o voucher pro tři osoby do SKYBOXu od @enteria_holding 🤩🥂

Označ v komentářích dva kamarády, se kterými bys zašel na Last Dance a příští týden ve čtvrtek vyslovujeme dva výherce voucherů, kteří si užijí poslední zápas semestru s jedinečným výhledem! 👏🥳

*podmínkou účasti je zveřejnění jednoho stories ze skyboxu během zápasu na vaše sociální sítě s označením účtu @riderspardubice a @enteria_holding",https://www.facebook.com/1592662819534019/posts/1575487301251571,137,,,,
@univerzitnihokej,facebook,01b45180-0b14-4a14-96e8-d0a4bab1fb9f,4863b819-72f2-4505-b451-6224c3e4714b,FB Video,VIDEO,8.4.2026 19:25:40,"FALCONS postupují jako první do @unihokejfinalfour 🦅

Fanoušci Eden čeká 🏟️ 16.-17. dubna ➡️ lístky na finalfour.cz 🎟️",https://www.facebook.com/reel/920090124187461/,1836,750,8,,
vsefalcons,instagram,709fceba-e311-48e7-9057-f54a587abf4a,e8fb7db2-7a1f-4d37-baa9-455dd175ae4d,IG Story,VIDEO,27.3.2026 7:54:40,,https://www.instagram.com/stories/vsefalcons/3861931077426248862,884,1063,,,2
@univerzitnihokej,instagram,1e114592-3529-4cfe-9977-2598454053af,31e2b07f-ec1e-43db-8b72-f3c10419f151,IG Post,IMAGE,9.4.2026 9:45:13,UK Kings se 16.4. vrátí zpět do Edenu 👑 Vstupenky na finalfour.cz 🎟️,https://www.instagram.com/p/DW6AcjyCJxX/,,8622,202,1,10
@univerzitnihokej,facebook,01b45180-0b14-4a14-96e8-d0a4bab1fb9f,d8261642-3238-4e7f-95cc-788641f3be35,FB Video,VIDEO,12.3.2026 18:03:14,Za takovou střelou by se nestyděli ani naši hráči! 🤯 @csobcz cash on ice 💸,https://www.facebook.com/reel/3430637717101475/,1330,360,1,,
@univerzitnihokej,instagram,1e114592-3529-4cfe-9977-2598454053af,0d45ad58-0979-4cbb-a4f3-c87a753999f7,IG Story,VIDEO,8.4.2026 17:09:32,Falcons otevírají zápas 🦅,https://www.instagram.com/stories/univerzitnihokej/3870907706580155760,,939,,,
@boostrava,instagram,1176ddaf-d366-48a2-9639-3c6694c72c85,a81fcb81-68a5-4669-aadf-b679f0f1be73,IG Post,IMAGE,24.3.2026 7:20:42,"POSLEDNÍ DOMÁCÍ UTKÁNÍ PŘED PLAY-IN!
Pivka, soutěže na ledě a super podívaná! 
Lístky koupíš na místě nebo přes odkaz v BIU✨
Tak doraž!🏒",https://www.instagram.com/p/DWQiigljP9N/,,1820,32,,6
@riderspardubice,facebook,f99ed6c3-17cc-46f4-a32e-d9b0576ce2df,d55632bb-a0a2-4e19-a0fe-81e1ce4edb4b,FB Video,VIDEO,30.3.2026 19:20:17,"Takže jak funguje to final four? 👀

A v úterý nás čeká Ostrava!",https://www.facebook.com/reel/1497933135387690/,630,322,9,,
@riderspardubice,facebook,f99ed6c3-17cc-46f4-a32e-d9b0576ce2df,f320a82f-10fa-4647-b3ca-0cb3d97aeac6,FB Post,IMAGE,13.4.2026 12:29:31,"🚨 JSME V TOP4 A TEĎ TO TEPRVE ZAČÍNÁ!

Poprvé v historii 👉 @unihokejfinalfour 
největší akce sezóny, přímý přenos v TV… a my jsme u toho.

🏒 SEMIFINÁLE
🆚 @ukkingsprague 
📍 Zimní stadion Eden, Praha
🕓 16. dubna | 16:30

Tohle není jen zápas.
👉 tohle jsou 2 dny hokeje, emoce, atmosféra a afterparty

Pojď nás podpořit a být součástí něčeho, co se píše poprvé.",https://www.facebook.com/1592662819534019/posts/1603535451780089,2646,,19,,
@akademiciplzen,instagram,65494228-95bf-4f7b-8e68-d47d7262db66,66139a5b-9de7-4ce1-8099-08b5f98fe52e,IG Story,VIDEO,1.4.2026 19:52:39,,https://www.instagram.com/stories/akademiciplzen/3865916320076569805,,839,,,
@riderspardubice,facebook,f99ed6c3-17cc-46f4-a32e-d9b0576ce2df,97c04f67-5fbf-4a65-a704-b57f2afd7056,FB Post,IMAGE,14.3.2026 11:56:06,"👋

Last Dance už 23. března 🔥
Sleva na vstupenky 20 % “kopecky20” a “skryp20”",https://www.facebook.com/1592662819534019/posts/1576133357853632,229,,2,,
@univerzitnihokej,facebook,01b45180-0b14-4a14-96e8-d0a4bab1fb9f,3344069c-f3ab-42f6-be7d-84616ff00f90,FB Post,IMAGE,27.3.2026 18:09:10,"Základní část skončila ⏩️ začíná Play-In 🔥 A jak to bude vypadat? ☝🏻

Čekají nás semifinálové bitvy, vítězové jdou do finále Play-In. A odtud už vede jediná cesta ➡️ @unihokejfinalfour a boj o absolutního šampiona letošní sezóny! 😮‍💨🏆

Jedna šance. Žádná oprava. 👀",https://www.facebook.com/1275398168115026/posts/1271951968459646,1025,,6,,
@cvutengineers,instagram,11963a07-7f0f-48e6-9d81-aa63a7ff4a04,375e3e3b-50ea-4b38-a451-7e1d33d2a0cf,IG Reel,VIDEO,12.3.2026 18:12:36,"Sorry not sorry 🤷🏼‍♀️🤷🏻‍♂️ 

ČVUT, JDEME SI PRO TO! 🦁

#engprg #bitvaoprahu",https://www.instagram.com/reel/DVyz6SiDLAh/,,23771,477,7,175
@akademiciplzen,instagram,65494228-95bf-4f7b-8e68-d47d7262db66,9df0e14a-a6cb-45e6-acb0-66df48e1ba35,IG Story,VIDEO,1.4.2026 19:51:24,,https://www.instagram.com/stories/akademiciplzen/3865915695846710923,,948,,,1
@engineersprague,facebook,afd06d1d-7b1c-4f66-8d93-ce4255ab773c,e533a073-3c2e-4f8a-adb5-8a68a1218a80,FB Story,IMAGE,2.3.2026 19:17:51,,,,,,,
vsefalcons,instagram,709fceba-e311-48e7-9057-f54a587abf4a,7886de3c-e1d4-4306-a971-cfb717b93603,IG Story,VIDEO,24.2.2026 22:16:13,,https://www.instagram.com/stories/vsefalcons/3839896659404830476,596,815,,,1
@univerzitnihokej,instagram,1e114592-3529-4cfe-9977-2598454053af,d18d1cd9-4b5c-4220-9ecd-3fb92708ff33,IG Reel,VIDEO,2.4.2026 15:11:18,Jonáš Jobánek tímto gólem v prodloužení zajistil postup @vsefalcons do finále PLAY-IN 🦅,https://www.instagram.com/reel/DWoj3LPCHVV/,,10747,329,2,9
@univerzitnihokej,instagram,1e114592-3529-4cfe-9977-2598454053af,5bae44ca-8988-4c40-9ed1-5e9fcb735ba0,IG Post,IMAGE,28.3.2026 19:13:46,Poslední semifinálový duel vypukne v Plzni 🔥 Farmers se ve vyřazovací části vrátí zpět na půdu Akademiků 🔙,https://www.instagram.com/p/DWcHT1hiENU/,,8850,191,,18
@riderspardubice,instagram,4d6a67ab-9313-4f77-a82e-abb18adbca5d,8b3295c2-95cc-40d6-be69-6cc60c8d6c9f,IG Story,VIDEO,8.4.2026 18:23:29,"@foxconn_czech 
KRYJE ZÁDA JAKO VŽDY 💪",https://www.instagram.com/stories/riderspardubice/3870944888406228634,,625,,,
vsefalcons,instagram,709fceba-e311-48e7-9057-f54a587abf4a,9c2442a4-0b2d-4c4c-b471-e52329df0db9,IG Story,VIDEO,3.1.2026 23:03:21,POSÍLÁME VELKOU GRATULACI DO KANADY! 🥳,https://www.instagram.com/stories/vsefalcons/3802232046454622628,,786,,,1
@riderspardubice,instagram,4d6a67ab-9313-4f77-a82e-abb18adbca5d,a53342ff-ac43-44b0-a091-8e865501d788,IG Story,VIDEO,28.4.2026 21:04:55,👏,https://www.instagram.com/stories/riderspardubice/3885521558878050124,,237,,,
vsefalcons,instagram,709fceba-e311-48e7-9057-f54a587abf4a,81f0274e-15ef-463f-ac6a-70dd55a04c52,IG Story,VIDEO,3.3.2026 19:00:30,,https://www.instagram.com/stories/vsefalcons/3844871584087605125,665,849,,,1
@united_hk,instagram,b18c071b-0570-48b2-b743-990c668c3c5b,09f46764-d566-407a-9440-f79f9cfe1e34,IG Story,VIDEO,22.4.2026 17:57:34,Sobota už za chvilku tady 😉,https://www.instagram.com/stories/united_hk/3881078575986176206,,386,,,
@united_hk,instagram,b18c071b-0570-48b2-b743-990c668c3c5b,d149697a-1b61-44c0-ab4b-f8cdabf1417b,IG Story,IMAGE,9.4.2026 13:04:29,,https://www.instagram.com/stories/united_hk/3871509127864283536,,582,,,
vsefalcons,instagram,709fceba-e311-48e7-9057-f54a587abf4a,e43aef31-934b-4aaf-9602-7ab5c1a424ed,IG Story,VIDEO,12.4.2026 14:13:57,🫵🏼 A ŽE JSTE TO ZROVNA VY máme pro vás na @unihokejfinalfour slevu NA 15 % 🛒,https://www.instagram.com/stories/vsefalcons/3873718384198176644,687,875,,1,14
vsefalcons,instagram,709fceba-e311-48e7-9057-f54a587abf4a,5999c21a-d374-4fd7-95ea-8b624ef510b9,IG Story,VIDEO,26.1.2026 17:23:36,@___pajer24 🥶,https://www.instagram.com/stories/vsefalcons/3818731860583292413,,997,,,2
@univerzitnihokej,instagram,1e114592-3529-4cfe-9977-2598454053af,997f7fdd-8b28-4b18-b2ee-ba24d1ce8827,IG Reel,VIDEO,21.3.2026 9:57:53,Zápasy vašima očima nás baví nejvíc 😋,https://www.instagram.com/reel/DWJGo11iHlt/,,17491,515,5,49
@univerzitnihokej,facebook,01b45180-0b14-4a14-96e8-d0a4bab1fb9f,6af736ca-e841-4355-9d69-c692e623f2d6,FB Post,IMAGE,28.3.2026 18:38:55,Další semifinále play-in se v úterý odehraje v Ostravě 👉🏼 o postup si to rozdají BOčko s Riders 🫡,https://www.facebook.com/1275398168115026/posts/1272773431710833,967,,1,,
@engineersprague,facebook,afd06d1d-7b1c-4f66-8d93-ce4255ab773c,85f80c28-8bb0-4d9a-8882-7320bc237b00,FB Post,PHOTO,12.3.2026 22:38:13,"Dneska to nedopadlo podle našich představ… Vy jste při nás ale i tak stáli, a za to vám DĚKUJEME. 💙

Vrátíme se silnější 🫡",https://www.facebook.com/1560924572517692/posts/1543708354239314,613,,2,,
@akademiciplzen,instagram,65494228-95bf-4f7b-8e68-d47d7262db66,a19a61fb-28fc-4a30-937b-3c595b869467,IG Post,IMAGE,4.3.2026 19:47:08,"DNES JE VÁS TU 2106! 🚀💙 Moc děkujeme všem, kdo dnes dorazil, udělali jsme nový rekord návštěvnosti Jarní bitvy! 🔥

🎨 @jirikhozman 
📸 @vpotocesevodatoci / @novacek_photography 

#akademiciplzen #jarnibitva",https://www.instagram.com/p/DVeYtrsDDd7/,,25113,706,1,35
vsefalcons,instagram,709fceba-e311-48e7-9057-f54a587abf4a,aff203e5-8aad-4456-b4bd-c892cd82616e,IG Story,VIDEO,13.4.2026 19:46:46,🤪⚔️🏆 @unihokejfinalfour =,https://www.instagram.com/stories/vsefalcons/3874610760248755610,715,643,,1,
@united_hk,instagram,b18c071b-0570-48b2-b743-990c668c3c5b,c896275b-5103-43b4-be27-ac7832183542,IG Story,IMAGE,17.4.2026 14:38:51,"Manažerský hokej byl v topu!
Modrý tým vyhrál 9:8",https://www.instagram.com/stories/united_hk/3877354832411516110,,717,,,2
vsefalcons,instagram,709fceba-e311-48e7-9057-f54a587abf4a,c1fd627e-e8e0-470d-9561-b03f56714201,IG Reel,VIDEO,23.2.2026 7:16:54,"Jak to bylo s tou skrytou imunitou ví jen @vsandholzova 🤷🏼‍♀️ My ale víme jednu jistou věc 👉🏻 zítra tě chceme vidět na zimáku! 😎 Doraz fandit. Bude to stát za to.

Zdravíme, Verčo 👋🏻",https://www.instagram.com/reel/DVF3D-XiH92/,,4493,79,,5
@riderspardubice,instagram,4d6a67ab-9313-4f77-a82e-abb18adbca5d,01746781-e343-4ec6-b836-4f326bf53249,IG Post,IMAGE,17.3.2026 8:41:52,"Další venkovní zápas!🤩 Tentokrát v Ostravě!

Venkovní zápas
🗓️ 17.3. v 19:30
📍 v RT Torax Arena 
⚔️ proti @boostrava 

#venkovnízápas#riders",https://www.instagram.com/p/DV-qzl3jDEv/,,2417,26,,2
@united_hk,instagram,b18c071b-0570-48b2-b743-990c668c3c5b,f00da499-365f-4614-9bf9-2b755175933d,IG Reel,REEL,25.3.2026 16:14:39,"Založíš účet do konce března?
Pak jsi ve hře o 100 000 Kč. 😏

A to není všechno:

⚡ rychlé a jednoduché založení online
💸 odměna 1 500 Kč za založení účtu
🍻 20 % cashback na drinky na UNIted HK afterparty

Takže jestli účet ještě nemáš… možná je teď ideální čas.

#unitedhk #unihokej #hokej",https://www.instagram.com/reel/DWUE7AyiDw8/,,3432,72,,22
@united_hk,instagram,b18c071b-0570-48b2-b743-990c668c3c5b,b888521b-a029-4081-bd82-2d5bd59cf19d,IG Story,IMAGE,17.4.2026 14:38:50,,https://www.instagram.com/stories/united_hk/3877354823125359207,,702,,,2
@218107044725785,facebook,7a942e3e-6c47-4794-9ba7-bbc7b6d40cb3,c852f188-6a9c-4289-b6e6-e1d47fc499da,FB Post,PHOTO,24.3.2026 22:33:26,"Poslední zápas základní části nám nevyšel. To nejdůležitější je ale před námi, a to už za týden v úterý.
👉🏼 PLAY-IN",https://www.facebook.com/122282816036218300/posts/122280481490218300,208,,1,,
@univerzitnihokej,facebook,01b45180-0b14-4a14-96e8-d0a4bab1fb9f,4eb346f3-8a0d-46c3-8509-056d76fa0cfc,FB Post,IMAGE,11.3.2026 9:11:50,Moravské derby je tady! Souboj @boostrava a @hc_muni můžete sledovat dnes od 19:00 na ČT sport 🍿,https://www.facebook.com/1275398168115026/posts/1258606049794238,257,,1,,
vsefalcons,instagram,709fceba-e311-48e7-9057-f54a587abf4a,2114fdb1-481e-4550-93aa-7fcf84b663f6,IG Story,VIDEO,5.1.2026 18:51:06,JAK MOC KLUKŮM CHUTNAL DNEŠNÍ TRÉNINK? we back we back we back,https://www.instagram.com/stories/vsefalcons/3803554670543685704,,1510,,,2
@univerzitnihokej,instagram,1e114592-3529-4cfe-9977-2598454053af,5252f105-723d-43cf-9343-ff55f84dee62,IG Story,VIDEO,28.4.2026 16:13:20,❓ CO JSME DĚLALI NA @unihokejfinalfour,https://www.instagram.com/stories/univerzitnihokej/3885374314950225131,,2265,,,3
@218107044725785,facebook,7a942e3e-6c47-4794-9ba7-bbc7b6d40cb3,dfce0c6d-7b69-4f02-9c97-821b7b1f0757,FB Post,PHOTO,24.3.2026 21:06:33,"TEĎ NEBO NIKDY 🫵🏼
Play-in je tady. Poslední zápas doma. Jediná šance postoupit dál.

Buď u toho s námi, protože teď jde o všechno. 🙏🏼

📅 úterý 31. března
🕑 17:00
📍 Ice Arena Kateřinky
🎟️ lístky na profilu",https://www.facebook.com/122282816036218300/posts/122280467912218300,463,,4,,
@vutcavaliersbrno,instagram,b384bebf-72f3-4f9d-8b2d-3677709f6966,23557c93-b3e7-4ed1-b2ed-fc72e853885e,IG Story,VIDEO,1.4.2026 10:37:05,,https://www.instagram.com/stories/vutcavaliersbrno/3865636702085766229,,661,,,8
@bitvaoprahu,facebook,75e0f41f-82be-4f82-a77b-82ac11135ed2,70f81bef-6424-41b1-99c6-93dd81ce697e,FB Post,IMAGE,12.3.2026 6:01:49,Rise and shine… IT’S BITVA DAY 🥳🤩,https://www.facebook.com/1441262177797849/posts/1419860526604681,170,,1,,
vsefalcons,instagram,709fceba-e311-48e7-9057-f54a587abf4a,018970ce-7a83-436e-b3c1-300d998d4c50,IG Story,VIDEO,22.2.2026 14:39:14,,https://www.instagram.com/stories/vsefalcons/3838217096547567740,1150,1487,,,1
@cvutengineers,instagram,11963a07-7f0f-48e6-9d81-aa63a7ff4a04,ecbc16ea-5b5c-488e-82d5-d1b9277396e8,IG Story,VIDEO,29.4.2026 7:10:03,🫶🏼,https://www.instagram.com/stories/cvutengineers/3885825980682260459,,2391,,,10
vsefalcons,instagram,709fceba-e311-48e7-9057-f54a587abf4a,4b5cc584-beda-4489-825b-e952ad358dcd,IG Post,IMAGE,24.3.2026 22:33:18,"Poslední zápas základní části nám nevyšel. To nejdůležitější je ale před námi, a to už za týden v úterý.
👉🏼 PLAY-IN",https://www.instagram.com/p/DWSLfLqiJxs/,,1601,31,,
@unitedhk,facebook,bfe6cc29-a387-41b9-9bca-b077722556af,9734571a-f736-4cfb-bf0c-12492debb393,FB Post,IMAGE,17.4.2026 8:25:39,"Děkujeme městu Hradec Králové za podporu v této sezoně.

Město dlouhodobě podporuje sport, studenty i komunitní život, jehož jsme součástí.

Díky, že v tom jedeme společně. 🖤🧡",https://www.facebook.com/122180651084388974/posts/122181513818388974,193,,2,,
@cvutengineers,instagram,11963a07-7f0f-48e6-9d81-aa63a7ff4a04,a0770b99-19af-4e40-9fea-849621695349,IG Story,VIDEO,14.4.2026 17:20:08,GETTING  READY ✨ ✨,https://www.instagram.com/stories/cvutengineers/3875261664874780724,,790,,,4
@univerzitnihokej,instagram,1e114592-3529-4cfe-9977-2598454053af,e65680b7-cee1-493a-9fb4-5593ae551e2f,IG Story,VIDEO,11.4.2026 15:20:37,,https://www.instagram.com/stories/univerzitnihokej/3873027203818621568,,893,,,
@hcmuni,facebook,d1f9e9f9-7526-42d4-85aa-13f91e89f7cf,db40fddd-e8e4-4138-b966-46f028f00fd9,FB Video,VIDEO,2.3.2026 18:30:57,"Chystáme se na divokou jízdu!🔥⚔️
Ve středu jdeme zkrotit @riderspardubice , tak buď u toho!💙🐻

Lístky koupíte tady 👉🏻 https://hcmuni.enigoo.cz/app/tickets/events 🎟️
 
#hcmuni",https://www.facebook.com/reel/1160892262663585/,397,184,6,,
@univerzitnihokej,instagram,1e114592-3529-4cfe-9977-2598454053af,ef2e1f2e-d229-45c3-8104-49374d956292,IG Story,VIDEO,8.4.2026 18:21:53,@danielvesely_cz,https://www.instagram.com/stories/univerzitnihokej/3870944073385295397,,785,,,
@bitvaoprahu,instagram,d7c8aa06-74fb-4c6c-a7d2-c2fe1bf6d59c,233e4691-ecb4-4c9a-af62-439f843e9be2,IG Reel,REEL,13.3.2026 20:01:14,"🇨🇿 Vítej zpátky doma, Metoději! 👑👏🏼

@metodej_jilek 🎩 #bitvaoprahu | #univerzitnihokej",https://www.instagram.com/reel/DV1lGaljuRM/,,56883,2773,6,104
@engineersprague,facebook,afd06d1d-7b1c-4f66-8d93-ce4255ab773c,399cf4df-5f0f-4bed-9c76-e74597418194,FB Post,ALBUM,13.3.2026 13:42:55,"Bitvu jsme prohráli, ale válka je ještě před náma 🫡

Sezona se blíží do finále a my jdeme dokončit co jsme začali! 

#engprg #srdcelva",https://www.facebook.com/1560924572517692/posts/1544209614189188,802,,10,,
@cvutengineers,instagram,11963a07-7f0f-48e6-9d81-aa63a7ff4a04,22b3fb9c-e71f-4410-a451-0b59488778df,IG Post,IMAGE,16.4.2026 20:12:30,"Pojďme dokončit co jsme začali! 🤞🏼🦁

📸: @ondra_mann",https://www.instagram.com/p/DXNJzGJjGGG/,,2487,174,,
vsefalcons,instagram,709fceba-e311-48e7-9057-f54a587abf4a,9d415f65-64f6-4ee8-8506-925e1e25eaa7,IG Story,VIDEO,16.4.2026 17:37:12,PUSINKY PRO FANYNKY 💋,https://www.instagram.com/stories/vsefalcons/3876719610917604588,,936,,,8
@cvutengineers,instagram,11963a07-7f0f-48e6-9d81-aa63a7ff4a04,baf589ff-ea47-4a97-9c43-bd1df61263ae,IG Story,VIDEO,2.4.2026 12:04:26,,https://www.instagram.com/stories/cvutengineers/3866405447922353003,,992,,,2
@univerzitnihokej,instagram,1e114592-3529-4cfe-9977-2598454053af,ebf48223-ad05-4c23-b247-8604834de4f0,IG Post,IMAGE,12.4.2026 13:45:57,"RIDERS JSOU VE FINAL FOUR! 🐴

Vyhrávají lucky loser zápas a doplňuji pražskou trojci v boji o titul! 🏆
🗓️16-17. duben | 🏟️ Zimní stadion Eden",https://www.instagram.com/p/DXCKYaQiHCV/,,17222,333,2,102
vsefalcons,instagram,709fceba-e311-48e7-9057-f54a587abf4a,55dffd37-e31a-437e-8de2-71a1d34054b0,IG Story,VIDEO,8.4.2026 16:31:14,pěstička pro štěstí,https://www.instagram.com/stories/vsefalcons/3870888557334260493,905,906,,2,1
@218107044725785,facebook,7a942e3e-6c47-4794-9ba7-bbc7b6d40cb3,adc97b6c-f8d4-4111-99b5-c722a5729e92,FB Video,VIDEO,9.3.2026 11:26:33,"Kluci očividně nepoznají rozdíl mezi rage bait otázkou a naši normální otázkou 🤷🏽‍♀️

#vsefalcons",https://www.facebook.com/reel/1719695345660194/,351,139,6,,
@cvutengineers,instagram,11963a07-7f0f-48e6-9d81-aa63a7ff4a04,4d29404b-38e9-4523-b4ea-c6dd656448fb,IG Story,VIDEO,18.4.2026 11:21:59,,https://www.instagram.com/stories/cvutengineers/3877980355055867975,,1245,,,2
@united_hk,instagram,b18c071b-0570-48b2-b743-990c668c3c5b,a0d5de42-6e08-4ccb-be58-5ee03816866d,IG Story,VIDEO,27.4.2026 12:32:11,,https://www.instagram.com/stories/united_hk/3884538538742015699,,721,,,6
@univerzitnihokej,instagram,1e114592-3529-4cfe-9977-2598454053af,d5243e66-97a8-42f0-9ce2-d44f86fa178b,IG Story,VIDEO,8.4.2026 18:15:50,Kings přidávají TŘETÍ BRANKU 🎯🎯🎯,https://www.instagram.com/stories/univerzitnihokej/3870941580282623467,,772,,,
@univerzitnihokej,instagram,1e114592-3529-4cfe-9977-2598454053af,6098013a-007f-4c19-9b52-4174cfb4bee3,IG Story,VIDEO,8.4.2026 19:45:33,😳 DRAMA DO POSLEDNÍ MINUTY,https://www.instagram.com/stories/univerzitnihokej/3870986200211280551,,665,,,
@akademiciplzen,instagram,65494228-95bf-4f7b-8e68-d47d7262db66,c8d71058-d2b4-48ac-a4e5-76a09daf1923,IG Story,IMAGE,1.4.2026 18:34:39,,https://www.instagram.com/stories/akademiciplzen/3865877064260001113,,1074,,,
@united_hk,tiktok,7e062517-b9da-416d-b73d-a2c5899a2be6,34d97895-f550-425e-a965-f7bf4754d091,TT Video,VIDEO,15.4.2026 12:57:33,"❤️ Duben ve znamení pomoci Naši kluci tentokrát nešli bojovat na led, ale pomáhat jinak – zapojili se do akce Daruj krev ve spolupráci s @transfuzni_fnhk . 🩸🏒 Každá kapka se počítá a může někomu zachránit život. 👉 Pokud půjdeš darovat krev během dubna, můžeš se zapojit do tomboly a vyhrát skvělé ceny od sponzorů. Stačí jen po odběru vyplnit formulář, který najdeš v biu na instagramu @ifmsa_cz_hk .  Přidej se taky a udělej něco, co má skutečný smysl.❤️ #unitedhk #unihokej #hokej",https://www.tiktok.com/@united_hk/video/7628969359331036439?utm_campaign=tt4d_open_api&utm_source=7348986504397455361,,793,41,,1
@akademiciplzen,instagram,65494228-95bf-4f7b-8e68-d47d7262db66,3cd898df-ad61-4470-ab2e-92eef7db9452,IG Post,IMAGE,3.3.2026 15:57:00,"JARNÍ BITVA UŽ ZÍTRA! 👊🏻

Doraž včas na Proud, Redbull nebo svařák do fanzóny, nalaď hlasivky a pojď z toho udělat večer, na kterej se bude vzpomínat!

🕰️ 17:30 otevření fanzóny
📍 LOGSPEED CZ Aréna
🎟️ Lístky najdeš v biu nebo na plzenskabitva.cz

Tak co, bude nás ještě víc než loni? 🔥
#akademiciplzen",https://www.instagram.com/p/DVbZXwDDE3v/,,7176,119,,19
vsefalcons,instagram,709fceba-e311-48e7-9057-f54a587abf4a,4ff39c98-6af4-48c2-917a-9752c3a6c152,IG Story,VIDEO,9.3.2026 20:40:16,,https://www.instagram.com/stories/vsefalcons/3849270448404047007,675,,,,
@AkademiciPlzen,facebook,d87b94e3-03e8-45d0-b92e-75e9b819545c,7e17e837-7457-420b-9f99-1d5a2dfd6be7,FB Video,VIDEO,1.4.2026 11:56:11,"🐣 SOUTĚŽ O DRESY 🏒

Najdi dnes na stadionu schované vajíčko, dones ho moderátorovi a nový dres je tvůj! 👀

V tomhle fitu budeš na všech zápasech za hvězdu. ⭐️
A pozor… tohle není jediná dnešní nadílka 🤫
Doraz na zápas a zjistíš víc.

#akademiciplzen 💙",https://www.facebook.com/reel/907166625465759/,884,237,4,,
@akademiciplzen,instagram,65494228-95bf-4f7b-8e68-d47d7262db66,aaa5f9ef-b842-4336-bf59-d0fc2562ce03,IG Post,IMAGE,13.4.2026 10:22:47,"Poslední trénink plný úsměvů, výměny rolí a dokonce i menší bitky. 👀🥊

Seriózní příprava na další sezónu proběhne někdy příště😁

#akademiciplzen 💙 | 📸 @vpotocesevodatoci",https://www.instagram.com/p/DXEX7PADJDI/,,9891,206,,11
vsefalcons,instagram,709fceba-e311-48e7-9057-f54a587abf4a,1f3f8c59-ffe3-40f5-8fd2-6a6ae2e32e2c,IG Post,IMAGE,15.6.2026 16:28:52,"Po dvou sezónách se loučíme s naším hlavním trenérem, Milanem Boříkem. Bóřa, díky za odvedenou práci, za to, co jsi nás naučil, a za vzpomínky, kterých rozhodně není málo. ❤️‍🩹🥉

Přejeme ti hodně štěstí a úspěchů na tvé další cestě ✊🏼
#JednouFalconNavzdyFalcon",https://www.instagram.com/p/DZnP5msCLqf/,,12507,348,9,44
vsefalcons,instagram,709fceba-e311-48e7-9057-f54a587abf4a,5531d935-0f9d-40c1-81f2-2445475eeba8,IG Story,VIDEO,3.3.2026 19:55:30,naše trenérské trio 🧑‍🧒‍🧒,https://www.instagram.com/stories/vsefalcons/3844899283363481074,629,847,,,1
vsefalcons,instagram,709fceba-e311-48e7-9057-f54a587abf4a,7981bba6-6f71-4bd3-8015-c44057427d63,IG Story,VIDEO,14.4.2026 13:23:26,"KDO NEMÁ, MŮŽE KOUPIT NA MÍSTĚ 🔥 🛍️",https://www.instagram.com/stories/vsefalcons/3875142513287761993,638,695,,,2
vsefalcons,instagram,709fceba-e311-48e7-9057-f54a587abf4a,8ea39e1a-6fed-4bf0-85a6-5e2466897e7e,IG Story,VIDEO,9.4.2026 7:56:49,"🥳 dobré ráno, tohle nebyl sen",https://www.instagram.com/stories/vsefalcons/3871354244280364303,786,914,,1,
@bitvaoprahu,facebook,75e0f41f-82be-4f82-a77b-82ac11135ed2,bff9f277-80a8-4632-9c70-768fb518a01f,FB Post,IMAGE,10.3.2026 13:11:38,"UŽ VE ČTVRTEK…⏳

🎓4 největší pražské univerzity | ČZU • VŠE • UK •ČVUT
🎤Metrostav halftime show | Gufrau • Victor Kal. • MAT213
🏒🔥Show na ledě, i v hledišti 

…to je BITVA O PRAHU 🤩
Budeš s námi u největší sportovní události letního semestru?
🎟️bitvaoprahu.cz",https://www.facebook.com/1441262177797849/posts/1418610976729636,539,,5,,
vsefalcons,instagram,709fceba-e311-48e7-9057-f54a587abf4a,4ea9ee12-fefc-43eb-a0f4-cda25d769801,IG Story,VIDEO,5.2.2026 17:57:27,,https://www.instagram.com/stories/vsefalcons/3825995979413811158,,884,,,
vsefalcons,instagram,709fceba-e311-48e7-9057-f54a587abf4a,8da31611-0c53-4e64-b50e-39f2b479bc3f,IG Story,VIDEO,3.6.2026 6:55:35,🥵 DOBRÉ RÁNO,https://www.instagram.com/stories/vsefalcons/3911185889430633327,741,607,,,
@hc_muni,instagram,43cd62c8-609d-4ea6-8ce9-cae5242ede0c,51b9289e-dbf5-4ab4-9ace-725904cc88d1,IG Story,VIDEO,11.4.2026 21:17:09,"💥 ⏰  ZÍTRA ČEKÁ JIRKU DALŠÍ ZÁPAS! 
 LET’S  GO FOR THAT",https://www.instagram.com/stories/hc_muni/3873206614602209055,,232,,,
@united_hk,instagram,b18c071b-0570-48b2-b743-990c668c3c5b,7c84769a-d7ba-4796-9fc5-34fcc3024744,IG Post,IMAGE,9.4.2026 12:41:40,"Každá sezona přináší i loučení v @univerzitnihokej.

Od další sezony s námi nebudou pokračovat Jakub Kochan, Marek Ladman, Vladimír Mičian, Jiří Šrámek a Tomáš Teuber.

Děkujeme za čas, energii, zápasy, kabinu i všechno, co jste do UNIted HK vložili.
Každý z vás zanechal v našem týmu svoji stopu a byl součástí cesty, kterou jsme za první roky klubu společně prošli.

Díky, chlapi.
🖤🧡

#unitedhk #unihokej #hokej",https://www.instagram.com/p/DW6Uo98iJkZ/,,10803,310,,74
vsefalcons,instagram,709fceba-e311-48e7-9057-f54a587abf4a,c1f158de-25cc-40c2-941d-9a859c65af7b,IG Story,VIDEO,11.3.2026 13:59:21,💂‍♀️ A JEŠTĚ JEDNU NOVINKU PRO VÁS MÁME 😏,https://www.instagram.com/stories/vsefalcons/3850518218091793530,953,1087,,,
@riderspardubice,facebook,f99ed6c3-17cc-46f4-a32e-d9b0576ce2df,1f6e461f-5422-4efa-ae11-4dcc69529011,FB Post,IMAGE,13.4.2026 9:45:57,"Jdeme do @unihokejfinalfour, a to si určitě zaslouží vybavit se našim dresem! 😍

Stačí si přes náš odkaz v BIU založit účet u @csobcz , do soukromé zprávy nám napiš “hotovo” a po kontrole čísla účtu ti předáme dres Riders! 

Tohle je šance vybavit na Final Four do Prahy, ukázat, jak fandí Hockeytown a získat výhody účtu u ČSOB! 🤩

*Soutěž platí pouze do rozdání zásob - konec zásob oznámíme v komentáři pod tímto příspěvkem.",https://www.facebook.com/1592662819534019/posts/1603436685123299,136,,,,
@hcnorthwings,facebook,2b08a479-603b-46e4-8a48-2bc0435ccd53,36a0d79e-21c3-47ab-90cd-b1543efa28ef,FB Story,IMAGE,4.3.2026 10:26:46,,,,,,,
vsefalcons,instagram,709fceba-e311-48e7-9057-f54a587abf4a,788be1b3-3439-4180-8c6b-4976a776526a,IG Story,VIDEO,26.2.2026 20:12:30,@veolia_cz  KOLO JE ZA NÁMI 🥳,https://www.instagram.com/stories/vsefalcons/3841283960492005483,1151,1740,,,13
@bitvaoprahu,instagram,d7c8aa06-74fb-4c6c-a7d2-c2fe1bf6d59c,2d8955c5-9b11-4ba2-bc3f-3b8e9843abb1,IG Reel,VIDEO,12.3.2026 17:01:23,"TICK, TICK, BOOM! 🚨🎯

Bitva o bronz živě na @sport_ct ➕. 📺 #bitvaoprahu",https://www.instagram.com/reel/DVyr0ZiDGcu/,,12406,215,,4
@univerzitnihokej,instagram,1e114592-3529-4cfe-9977-2598454053af,fc668e55-acd3-412e-bcef-3acaa4a4d089,IG Story,VIDEO,12.4.2026 11:52:39,,https://www.instagram.com/stories/univerzitnihokej/3873647270453331497,,1306,,,
vsefalcons,instagram,709fceba-e311-48e7-9057-f54a587abf4a,465ce256-c403-410c-bef1-e58dd7b252d1,IG Story,VIDEO,16.4.2026 16:47:17,,https://www.instagram.com/stories/vsefalcons/3876694481172978032,1080,1043,,,3
@akademiciplzen,instagram,65494228-95bf-4f7b-8e68-d47d7262db66,6170c3cc-0f82-4b96-b066-034e4a6b58ac,IG Post,IMAGE,3.4.2026 19:42:58,"Gratulujeme @_marcelmarcel a @filip_prikryl k nominaci na reprezentační kemp v Karlových Varech před mistrovstvím světa @ceskyhokej! 🇨🇿🤩

Dva plzeňští odchovanci z @telhcz se před závěrem naší sezóny objevili i na našich trénincích, a my jim teď budeme držet palce na další velké výzvě. 🔥

Kluci, posíláme vám z Plzně hodně štěstí!",https://www.instagram.com/p/DWroFZljIIL/,,23342,720,,27
@univerzitnihokej,instagram,1e114592-3529-4cfe-9977-2598454053af,81133015-3bc1-4a3a-b0af-c933915e2e43,IG Reel,VIDEO,8.4.2026 20:08:10,@ukkingsprague si dají příští týden opáčko v Edenu! 🤭,https://www.instagram.com/reel/DW4izVsCLYQ/,,5927,220,,5
@univerzitnihokej,instagram,1e114592-3529-4cfe-9977-2598454053af,a993a89d-dac0-4a07-a9ad-d6bcac3b8ead,IG Post,IMAGE,9.3.2026 21:25:00,Tomu říkáme začátek týdne! 🫨 prodloužení rozhodlo a Riders doma porážejí Black Dogs 🐎,https://www.instagram.com/p/DVrb43ciKCm/,,4746,97,,19
@riderspardubice,instagram,4d6a67ab-9313-4f77-a82e-abb18adbca5d,74c2b475-84b4-4eb8-bc48-8715df9c7489,IG Post,IMAGE,16.4.2026 15:25:05,"Po první třetině 0:0 👀

📸 @honza.chlad",https://www.instagram.com/p/DXMo5-eDE3q/,,8702,212,,8
@boostrava,instagram,1176ddaf-d366-48a2-9639-3c6694c72c85,5e23d49e-6859-47f7-9236-93ba4b8e6f03,IG Post,IMAGE,4.3.2026 14:40:34,"JEDEME DO BRNA⚡️
Koukni co na to říká náš útočník Patrik🎙️",https://www.instagram.com/p/DVd1Y6TDKD8/,,2954,66,2,1
@hcnorthwings,facebook,2b08a479-603b-46e4-8a48-2bc0435ccd53,5fe3866a-18e8-4f63-9bcb-675994bdc1ef,FB Post,IMAGE,5.3.2026 13:00:06,"23. kolo a utkání proti ČZU Farmers před skvělou diváckou kulisou pohledem @mistr.31 
Thanks for erasmus students visit 🫶
#univerzitnihokej #myjsmeujep #hcnorthwings #icehockey",https://www.facebook.com/1583651910433365/posts/1559465129518710,1224,,8,,
vsefalcons,instagram,709fceba-e311-48e7-9057-f54a587abf4a,a1dbaee0-0998-4946-b778-774149aa91e9,IG Story,VIDEO,22.2.2026 15:59:48,KMENOVÝ FOCENÍ behind the scenes 📸 🧌,https://www.instagram.com/stories/vsefalcons/3838257736232749071,728,940,,,1
vsefalcons,instagram,709fceba-e311-48e7-9057-f54a587abf4a,ab0dc9a6-a50f-43c9-b2f9-94d5edd77f40,IG Story,VIDEO,2.3.2026 17:46:07,📍,https://www.instagram.com/stories/vsefalcons/3844109418082390229,686,970,,,1
@bitvaoprahu,facebook,75e0f41f-82be-4f82-a77b-82ac11135ed2,2e9828c1-ca1c-4df5-8bbf-7f77df795ccb,FB Post,IMAGE,11.3.2026 11:00:11,Královská rodino... uvidíme se v průvodu? 👀👑,https://www.facebook.com/1441262177797849/posts/1418948903362510,231,,,,
@hcnorthwings,facebook,2b08a479-603b-46e4-8a48-2bc0435ccd53,48c3ee6d-2958-4e55-a31e-7e53d7f72eed,FB Story,VIDEO,4.3.2026 10:55:27,,,,,,,
vsefalcons,instagram,709fceba-e311-48e7-9057-f54a587abf4a,550d0dd8-6e1e-4e9e-a677-c3022fa5b11d,IG Story,VIDEO,13.3.2026 16:25:02,,https://www.instagram.com/stories/vsefalcons/3852041085493186763,830,776,,,
@united_hk,instagram,b18c071b-0570-48b2-b743-990c668c3c5b,9e886c47-01bb-4090-b1df-67c2196149de,IG Reel,VIDEO,12.4.2026 16:04:36,"We listen and we (don’t) judge: Garnier edition💚

#unitedhk #unihokej #hokej",https://www.instagram.com/reel/DXCZ8b_iIoT/,,3398,73,,5
vsefalcons,instagram,709fceba-e311-48e7-9057-f54a587abf4a,bc369f50-73ff-41d8-a012-950ced630c49,IG Reel,VIDEO,10.4.2026 18:22:13,"Jsme trochu v nešťastný situaci… neznáme soupeře ani čas semifinále @unihokejfinalfour 😏

Řešení? Jednoduchý.
Kup si denní vstupenku a dej si rovnou 2️⃣ zápasy + double dávku show. 🔥 Nebo si počkej do neděle, kdy už bude jasno. 👀
Vstupenky na finalfour.cz a nezapomeň využít náš kód VSEFANS! 🎟️",https://www.instagram.com/reel/DW9gBlSiFIH/,,4819,110,5,25
@cvutengineers,instagram,11963a07-7f0f-48e6-9d81-aa63a7ff4a04,c78a3783-75fb-4193-9f77-86adca5e5166,IG Story,VIDEO,17.4.2026 20:01:35,1 2,https://www.instagram.com/stories/cvutengineers/3877517139284636716,,1266,,,
vsefalcons,instagram,709fceba-e311-48e7-9057-f54a587abf4a,854b83d5-f366-4015-bb45-a50ff39ff937,IG Story,VIDEO,13.1.2026 18:28:13,,https://www.instagram.com/stories/vsefalcons/3809341331579869525,,1461,,,6
vsefalcons,instagram,709fceba-e311-48e7-9057-f54a587abf4a,bf12cc16-e3e3-4ddf-aaa9-99e002ed177d,IG Story,VIDEO,10.3.2026 22:52:43,🎤 @cvutengineers,https://www.instagram.com/stories/vsefalcons/3850061957726521880,755,229,,,6
vsefalcons,instagram,709fceba-e311-48e7-9057-f54a587abf4a,2ba5f6be-d20c-44b6-9f74-e3b3fe5c2664,IG Story,IMAGE,8.2.2026 19:32:17,1 3,https://www.instagram.com/stories/vsefalcons/3828217736786904636,,812,,,2
vsefalcons,instagram,709fceba-e311-48e7-9057-f54a587abf4a,6a2fe3d9-a5f4-4811-8dd6-5704fb06d7f3,IG Story,VIDEO,3.2.2026 18:37:36,dobrý songy na rozbruslení 🎶,https://www.instagram.com/stories/vsefalcons/3824566365978126191,,954,,,
@hcnorthwings,facebook,2b08a479-603b-46e4-8a48-2bc0435ccd53,6b63527a-c435-4f49-a17c-ecc2a472297d,FB Story,VIDEO,11.3.2026 19:48:06,,,,,,,
@united_hk,instagram,b18c071b-0570-48b2-b743-990c668c3c5b,979a200b-f549-425b-9409-45769b43cf7a,IG Story,IMAGE,19.4.2026 11:16:05,,https://www.instagram.com/stories/united_hk/3878702303280628247,,610,,,1
vsefalcons,instagram,709fceba-e311-48e7-9057-f54a587abf4a,a9854920-eff6-44b5-96d5-56306bd57469,IG Story,VIDEO,12.3.2026 15:24:57,@sokoli.hnizd0 🪹 FANS NA MÍSTĚ,https://www.instagram.com/stories/vsefalcons/3851286118943726612,1636,1468,,,1
@bitvaoprahu,facebook,75e0f41f-82be-4f82-a77b-82ac11135ed2,cfc1de2b-2176-4aa4-9e7a-6df163270c8c,FB Post,IMAGE,12.3.2026 22:51:55,"👑 OBHAJOBA KINGS! 🏆🥇

Gratulujeme staronovým vládcům, @ukkingsprague . 🎩",https://www.facebook.com/1441262177797849/posts/1420437706546963,211,,,,
vsefalcons,instagram,709fceba-e311-48e7-9057-f54a587abf4a,e4ecde5a-9cf2-4f5b-86c2-04dac1e59a67,IG Story,IMAGE,26.1.2026 16:11:27,,https://www.instagram.com/stories/vsefalcons/3818694599032504131,,961,,,1
vsefalcons,instagram,709fceba-e311-48e7-9057-f54a587abf4a,fecc6e53-08fc-4b3c-ae4d-7ded5cb03a8a,IG Reel,VIDEO,10.6.2026 13:14:19,tak jakej? 😎 #vsefalcons #icehockey,https://www.instagram.com/reel/DZaBkJZI8XK/,,3676,61,,6
@united_hk,instagram,b18c071b-0570-48b2-b743-990c668c3c5b,887dfdf5-a42d-4228-8ca4-a101ac6c1f7a,IG Post,IMAGE,23.3.2026 13:10:55,"🏒 Dnes do Pardubic
Dnes nás čeká poslední zápas základní části.
Vyrážíme do Pardubic na derby.
Play-In máme jistý.
Teď ladíme formu na to nejdůležitější, co přijde.
A derby?
To chceš vyhrát vždycky. 😏
Drž nám palce. 🖤🧡

#unitedhk #unihokej #hokej",https://www.instagram.com/p/DWOmdprCPii/,,4370,51,,8
@univerzitnihokej,facebook,01b45180-0b14-4a14-96e8-d0a4bab1fb9f,05019364-db07-425d-88a6-464f5564ad7f,FB Post,IMAGE,1.4.2026 20:00:28,"Semifinále PLAY-IN? Drama až do konce 🤯 

Black Dogs rozhodli až v samostatných nájezdech, v Plzni vyhráli outsideři Farmers. 😮‍💨",https://www.facebook.com/1275398168115026/posts/1275963344725175,494,,1,,
vsefalcons,instagram,709fceba-e311-48e7-9057-f54a587abf4a,7f3a329a-d6b2-40a4-b8ed-a620e062f91a,IG Story,VIDEO,1.4.2026 20:14:24,,https://www.instagram.com/stories/vsefalcons/3865927385757575658,798,454,,,
vsefalcons,instagram,709fceba-e311-48e7-9057-f54a587abf4a,c7338846-6b0e-4699-9481-a6a7ca06b65b,IG Story,VIDEO,26.1.2026 19:00:00,🎯 KÁPO DÁVÁ GÓL,https://www.instagram.com/stories/vsefalcons/3818779430533757124,,112,,,
@riderspardubice,instagram,4d6a67ab-9313-4f77-a82e-abb18adbca5d,3e338adf-e2fe-413a-b5fc-636a0991d58c,IG Post,IMAGE,14.4.2026 14:16:15,"Pardubáci jedeme do Prahyyyy! 🥁

Sejdeme se před druhou hodinou na Pardubice hl. n. a ve 14:00 vyrazíme směr zimní stadion Eden! 

Na sebe merch nebo červený outfit a do ruky na cestu dostanete @pivoproud 🍻

Těšíte se?!",https://www.instagram.com/p/DXHXcBADLt-/,,10337,142,,14
@univerzitnihokej,facebook,01b45180-0b14-4a14-96e8-d0a4bab1fb9f,4f17020b-0776-444f-9233-317fede2f166,FB Video,VIDEO,26.3.2026 23:31:13,,https://www.facebook.com/reel/1901942360467314/,,,,,
@akademiciplzen,instagram,65494228-95bf-4f7b-8e68-d47d7262db66,5d313440-399f-454f-a170-52d5ad066abf,IG Reel,VIDEO,27.4.2026 20:04:05,"Zavzpomínali jsme na Jarní bitvu… a přenesli se až do devadesátek! 🎞️
Chybí vám taky ta atmosféra? Nesmutněte, už příští týden oznámíme datum Bitvy o Plzeň! 🔥

#akademiciplzen 💙",https://www.instagram.com/reel/DXpc-c0DPLO/,,12857,342,,31
vsefalcons,instagram,709fceba-e311-48e7-9057-f54a587abf4a,6f39c624-6867-4ac4-b183-04dd800ec25a,IG Post,CAROUSEL_ALBUM,27.2.2026 17:03:09,"Na podzim to bylo jen zahřívací kolo 🔥 Finálový večer @bitvaoprahu se blíží a my vás potřebujeme zpátky na tribuně 12. 3. 📣

A jestli se vám nechce čekat…
Už v úterý hrajeme na Kateřinkách! 🦅",https://www.instagram.com/p/DVRN-MUiE9D/,,12654,246,,19
vsefalcons,instagram,709fceba-e311-48e7-9057-f54a587abf4a,8696d668-b1a3-4b8c-ab29-bbdb15b08a9d,IG Story,IMAGE,22.1.2026 8:19:48,✍🏼 @alan.david6,https://www.instagram.com/stories/vsefalcons/3815558104390100827,,1301,,,2
@univerzitnihokej,facebook,01b45180-0b14-4a14-96e8-d0a4bab1fb9f,b953d3b1-548d-4b3d-84f7-0a888f0f4563,FB Post,IMAGE,7.4.2026 8:15:37,"Zítřejší menu 🤤 Poslední krok do @unihokejfinalfour 🚀
3️⃣ týmy projdou. Kdo bude zítra výhercem?👇🏻",https://www.facebook.com/1275398168115026/posts/1280290217625821,486,,3,,
@akademiciplzen,instagram,65494228-95bf-4f7b-8e68-d47d7262db66,cb01ee2e-2ac8-464f-8be2-381e92931790,IG Reel,VIDEO,7.3.2026 12:56:42,"Jarní bitva doručila! 🚀 Nevíme jak vy, ale my tu energii vstřebáváme doteď. Absolutní strop, díky moc všem! 💙

edit: @jirikhozman",https://www.instagram.com/reel/DVlXpOJjB6i/,,11019,284,6,31
@univerzitnihokej,instagram,1e114592-3529-4cfe-9977-2598454053af,97e1b232-5252-4d6a-a2a0-a6aa5f0729f1,IG Story,VIDEO,8.4.2026 7:00:05,,https://www.instagram.com/stories/univerzitnihokej/3870600909063495026,,4726,,,1
vsefalcons,instagram,709fceba-e311-48e7-9057-f54a587abf4a,a806326f-e27a-4a25-b4d5-523457f45096,IG Story,VIDEO,15.1.2026 16:03:12,,https://www.instagram.com/stories/vsefalcons/3810717901297029385,,934,,,2
vsefalcons,instagram,709fceba-e311-48e7-9057-f54a587abf4a,bac28d5d-e648-4aa3-bbb9-eff8cd58fa2d,IG Story,VIDEO,31.3.2026 17:38:55,nervy pracujou  poslední vteřiny do konce,https://www.instagram.com/stories/vsefalcons/3865124300952969138,986,829,,,
@BOhokej,facebook,c9082543-a03b-490f-8f97-66d439acce89,d2950208-eceb-4a5a-90ed-232359ba87ec,FB Post,IMAGE,4.3.2026 5:22:36,"🔥GAME DAY🔥 Jedeme do BRNA
@vutcavaliersbrno x @boostrava 
Kdo si odveze 3 body?",https://www.facebook.com/1477974067675582/posts/1453913526748303,277,,1,,
@cvutengineers,instagram,11963a07-7f0f-48e6-9d81-aa63a7ff4a04,db3b51f4-c13e-4503-9c49-9bc1a6df81e4,IG Post,ALBUM,27.3.2026 19:35:43,"Poslední ohlédnutí za základní částí 🦁.

#engprg 
📸 @cermanpavel_",https://www.instagram.com/p/DWZlsLJjIMU/,,4302,223,,4
@cvutengineers,instagram,11963a07-7f0f-48e6-9d81-aa63a7ff4a04,ad31f77d-e6ac-47bb-b230-10e974ca4bd1,IG Reel,VIDEO,6.4.2026 16:01:15,"Kdo je v šatně šipkový master a kdo umí hrát na saxofon? 🎷 🤔🎯 Aneb, co jdi jde nejlíp oproti ostatním klukům ⬆️.",https://www.instagram.com/reel/DWy8pzpDO6_/,,22471,719,9,106
@bitvaoprahu,facebook,75e0f41f-82be-4f82-a77b-82ac11135ed2,614e8a39-9765-4eb3-bb7f-26a2d9136d5b,FB Video,VIDEO,27.3.2026 17:29:16,"Ty nejlepší momenty se neodehrávají vždycky jenom na ledě. 🤭

Děkujeme @mamashelterprague za to, že s námi už 3 roky baví naše fans. 💋",https://www.facebook.com/reel/1241657174360515/,1795,872,9,,
@akademiciplzen,instagram,65494228-95bf-4f7b-8e68-d47d7262db66,919ba84d-0b52-4708-a61c-cb0ed570d61a,IG Post,IMAGE,26.3.2026 20:02:32,"Začíná Play-in. Kdo vyhraje, jde do Final Four. Kdo padne, končí! 

UŽ VE STŘEDU 1. 4. JDEME NA TO!

#akademiciplzen",https://www.instagram.com/p/DWXD6X7DDng/,,4962,128,,11
@riderspardubice,instagram,4d6a67ab-9313-4f77-a82e-abb18adbca5d,f205b114-07da-4beb-82a8-2e560a26bfee,IG Story,VIDEO,31.3.2026 14:24:12,,https://www.instagram.com/stories/riderspardubice/3865026242227777812,,1839,,,24
@univerzitnihokej,instagram,1e114592-3529-4cfe-9977-2598454053af,7f20310b-253f-4f01-a162-03d82e582d4d,IG Reel,VIDEO,24.3.2026 15:30:29,Červená mánie a pár vzpomínek na @bitvaoprahu ❤️,https://www.instagram.com/reel/DWRazCOCLCf/,,13320,419,,46