account_name,social_network_id,carl_account_id,carl_post_id,post_type,media_url_type,published,caption,permalink,impressions,views,likes,comments,shares
@riderspardubice,instagram,4d6a67ab-9313-4f77-a82e-abb18adbca5d,466304a7-7ca3-455a-ba2d-9065cd86e544,IG Post,IMAGE,12.4.2026 3:50:07,"Dnes budeme bojovat v lucky loser game o postup do @unihokejfinalfour !🍀

Lucky loser game
🗓️ 12.4.  v 13:15
📍 v Hokejové Centrum Pouzar
⚔️ proti @blackdogsbudweis_vste 

#luckylosergame#riders",https://www.instagram.com/p/DXBGBFSiOmq/,,4142,48,,8
vsefalcons,instagram,709fceba-e311-48e7-9057-f54a587abf4a,57002983-ddc7-47a1-bfe0-66cd7f02a000,IG Story,VIDEO,17.4.2026 14:28:54,,https://www.instagram.com/stories/vsefalcons/3877349572913697810,893,888,,,
@BOhokej,facebook,c9082543-a03b-490f-8f97-66d439acce89,9cfdbea7-4895-4903-b058-9ab288f5cc9f,FB Video,VIDEO,18.8.2026 17:49:54,"Vítejte u nás doma! 🏒 
Nahlédněte s námi do naší kabiny, která září v klubových barvách. Přesně tady se teď celá smečka poctivě chystá na novou sezónu. 🐺🔥 Jsme ready! 💪

#boostrava #vlcismecka #univerzitnihokej",https://www.facebook.com/reel/1071632362398526/,520,144,8,,
@hcnorthwings,facebook,2b08a479-603b-46e4-8a48-2bc0435ccd53,a057c2e7-d714-4cb9-abbc-b5ca955fe418,FB Story,VIDEO,16.9.2026 19:32:20,,https://facebook.com/stories/101955925269645/UzpfSVNDOjE2MjgyNTU2MTUzNzEyNjc=/?view_single=1,,,,,
vsefalcons,instagram,709fceba-e311-48e7-9057-f54a587abf4a,c30f4c70-4bf8-44aa-a3d7-dd2636be6f57,IG Story,VIDEO,17.4.2026 16:04:30,,https://www.instagram.com/stories/vsefalcons/3877397797503031897,872,870,,,
@riderspardubice,instagram,4d6a67ab-9313-4f77-a82e-abb18adbca5d,f4fa10e5-9614-4eb1-a932-2fd05a3012da,IG Story,VIDEO,2.9.2026 22:36:03,,https://www.instagram.com/stories/riderspardubice/3977614025994799492,,87,,,
@univerzitnihokej,instagram,1e114592-3529-4cfe-9977-2598454053af,c86b05e1-135f-4d71-8b19-7707fb2a02aa,IG Reel,REEL,31.3.2026 11:59:35,Rybaření a golf jako školní předměty? 📚 Pusťte si nový díl našeho podcastu s @michael_hrabal na YouTube nebo Spotify 🎧,https://www.instagram.com/reel/DWjDnrhCKfI/,,15325,682,1,73
vsefalcons,instagram,709fceba-e311-48e7-9057-f54a587abf4a,4bac7148-b3f4-4097-8cea-6ab3e665cbc2,IG Reel,VIDEO,1.4.2026 17:33:24,Pojďte s námi oslavit postup do finále play-in 🥳,https://www.instagram.com/reel/DWmPhrUiDg5/,,5486,130,,7
@riderspardubice,instagram,4d6a67ab-9313-4f77-a82e-abb18adbca5d,63f935ee-a3f3-4c09-a996-4e8c85ae203b,IG Story,VIDEO,28.4.2026 16:29:22,,https://www.instagram.com/stories/riderspardubice/3885382946853268816,,699,,,
vsefalcons,instagram,709fceba-e311-48e7-9057-f54a587abf4a,9cbde8d9-6d9c-4cd7-b184-11b07860b5d7,IG Story,IMAGE,20.1.2026 14:54:57,,https://www.instagram.com/stories/vsefalcons/3814307435314181870,,1594,,,4
@akademiciplzen,instagram,65494228-95bf-4f7b-8e68-d47d7262db66,ad40aaa9-4cfb-44d2-a7fc-e33dbc11a6b3,IG Post,IMAGE,28.8.2026 13:05:27,"🏆 VÍTĚZSTVÍ! 

Také náš druhý přípravný zápas končí vítězně! Tentokrát jsme vyzvali loňské finalisty Final Four, @cvutengineers , a po povedeném výkonu bereme výhru 4:2. 💥

💣 O naše góly se postarali:
Štěpán Říha
Šimon Kaiser
Václav Šmíd
Jakub Šucha

Děkujeme všem fanouškům, kteří dorazili a dopomohli nám k vítězství. 💙

Jedeme dál! 👊🏻

#akademiciplzen | 📸 @vpotocesevodatoci",https://www.instagram.com/p/DclbcjKjNbo/,,14702,309,,55
@AkademiciPlzen,facebook,d87b94e3-03e8-45d0-b92e-75e9b819545c,caab292c-0c5e-4c31-9e3b-15387b8ba0e6,FB Post,IMAGE,26.3.2026 20:02:00,"Všechno nebo nic.

#akademiciplzen",https://www.facebook.com/1357105236437494/posts/1352739043540780,478,,2,,
@univerzitnihokej,facebook,01b45180-0b14-4a14-96e8-d0a4bab1fb9f,ddf24cc9-7756-4984-bf51-c9de4ba43159,FB Video,VIDEO,28.4.2026 15:55:57,"Slovy našeho táty marketingu: “Děláme si, co chceme” ✌🏻 Co jsme dělali na @unihokejfinalfour můžete vidět na našem YouTube! 🎥",https://www.facebook.com/reel/1895200980984992/,1132,431,5,,
@univerzitnihokej,instagram,1e114592-3529-4cfe-9977-2598454053af,013fd2e9-76c8-4bc3-a5ff-165c5e1c32ca,IG Post,IMAGE,13.4.2026 12:12:59,"V Budějovicích se rozdávaly vstupenky… 👀
A rovnou dvě na @unihokejfinalfour 🎟️ Odvezly si je @vsefalcons a @riderspardubice 🚨",https://www.instagram.com/p/DXEkiY4CLtw/,,19660,490,2,129
@cvutengineers,instagram,11963a07-7f0f-48e6-9d81-aa63a7ff4a04,13c2ad3e-e523-44b5-8a3e-5024cb6cdc9e,IG Story,IMAGE,22.8.2026 18:37:34,1 0,https://www.instagram.com/stories/cvutengineers/3969521463088842201,,657,,,
vsefalcons,instagram,709fceba-e311-48e7-9057-f54a587abf4a,3b5c59c5-0f5e-47b7-b891-6d5e1735fc5d,IG Reel,VIDEO,28.1.2026 17:23:56,"Střídačka není to stejný jako stavba. 👷🏽 … nebo jo? Některé hlášky totiž můžeš použít na obou místech. 🦺🏒

Mostecká game už v úterý 3.2., těšíme se na vás! 🫶🏻",https://www.instagram.com/reel/DUEAeXRiO2f/,,6461,108,2,29
@univerzitnihokej,facebook,01b45180-0b14-4a14-96e8-d0a4bab1fb9f,7a3d42db-d862-4a6b-8763-41b5e146d115,FB Post,IMAGE,13.4.2026 8:54:21,"Program na čtvrtek? Máme! 😤

Kings budou v prvním semifinále bojovat proti Riders, později se pak proti sobě postaví pražské celky Engineers a Falcons 🤜🏼🤛🏼",https://www.facebook.com/1275398168115026/posts/1284830077171835,942,,6,,
@unitedhk,facebook,bfe6cc29-a387-41b9-9bca-b077722556af,9489b001-cb12-416b-b626-ef6935154fb1,FB Post,IMAGE,21.8.2026 11:57:46,"Z NCAA až do NHL. A při návštěvě Česka taky na trénink UNIted HK. 🏒

Jaroslav Chmelař z New York Rangers se s námi podělil o zkušenosti z univerzitního hokeje v USA, porovnal NCAA s českým prostředím a popsal, proč podle něj dává univerzitní hokej hráčům další šanci pokračovat.

Došlo i na Jaromíra Jágra a jednu konkrétní radu ke hře jeden na jednoho.

V carouselu najdeš pár úryvků. Celý rozhovor je na univerzitnihokej.cz.",https://www.facebook.com/122180651084388974/posts/122191488320388974,460,,10,,
@cvutengineers,instagram,11963a07-7f0f-48e6-9d81-aa63a7ff4a04,9b43dc83-726c-45b9-b825-350234b4b176,IG Story,VIDEO,6.4.2026 16:03:26,,https://www.instagram.com/stories/cvutengineers/3869424837353822948,,1089,,,4
vsefalcons,instagram,709fceba-e311-48e7-9057-f54a587abf4a,a10069fd-b06c-4f31-a51a-058d3aec9ccf,IG Story,VIDEO,17.3.2026 15:56:11,HAPPY ST. PATRICK’S DAY,https://www.instagram.com/stories/vsefalcons/3854925780119738901,1038,1013,,,1
@united_hk,instagram,b18c071b-0570-48b2-b743-990c668c3c5b,b04f0395-91b9-488e-b131-f98c30ded0b2,IG Story,VIDEO,21.4.2026 17:54:15,"Holky si vystřílely voňavou
 výhru 😉",https://www.instagram.com/stories/united_hk/3880351616566074561,,608,,,2
vsefalcons,instagram,709fceba-e311-48e7-9057-f54a587abf4a,bd616a5f-5062-45da-9548-4a0cdce61b41,IG Story,VIDEO,16.4.2026 19:23:56,@sokoli.hnizd0 💙,https://www.instagram.com/stories/vsefalcons/3876773353289716876,1196,931,,,2
@riderspardubice,instagram,4d6a67ab-9313-4f77-a82e-abb18adbca5d,c4c22ffa-1dff-452d-9033-f5cdd8858769,IG Story,VIDEO,31.3.2026 18:25:37,JDEME DO 2. TŘETINY! 🐎 🐎,https://www.instagram.com/stories/riderspardubice/3865147778116921228,,741,,,
vsefalcons,instagram,709fceba-e311-48e7-9057-f54a587abf4a,f80a5f1c-82af-4e0c-b809-84d196eb8561,IG Story,VIDEO,25.8.2026 9:19:25,,https://www.instagram.com/stories/vsefalcons/3971414869462803798,,1022,,,8
vsefalcons,instagram,709fceba-e311-48e7-9057-f54a587abf4a,1400f851-51f7-4716-9f07-2b460f08588e,IG Story,VIDEO,8.4.2026 19:28:26,,https://www.instagram.com/stories/vsefalcons/3870977565397676803,856,617,,,
@unitedhk,facebook,bfe6cc29-a387-41b9-9bca-b077722556af,21bfac1d-2e55-4a00-bf7c-9cab142c454a,FB Post,IMAGE,6.9.2026 18:07:41,"Prohráváme 1:4.

Úvod první třetiny jsme nezachytili a loňský ligový mistr UK Kings si vybudovaný náskok ve zbytku zápasu pohlídal.",https://www.facebook.com/122180651084388974/posts/122192728880388974,176,,1,,
vsefalcons,instagram,709fceba-e311-48e7-9057-f54a587abf4a,319bda78-51a1-4d44-bd82-2a64524d71bc,IG Story,VIDEO,16.4.2026 17:33:17,ROZHEJBAT POŘÁDNĚ BOKY,https://www.instagram.com/stories/vsefalcons/3876717683131584333,1092,985,,,9
vsefalcons,instagram,709fceba-e311-48e7-9057-f54a587abf4a,3218033e-c645-4aba-8efe-4a974549ee53,IG Story,VIDEO,17.4.2026 12:45:41,BOYS are in da 🏟️ @alenjurak11,https://www.instagram.com/stories/vsefalcons/3877297694121179087,1305,1597,,,6
@riderspardubice,facebook,f99ed6c3-17cc-46f4-a32e-d9b0576ce2df,58aa08e5-3c66-42d9-9dc6-7751724212cc,FB Post,IMAGE,17.4.2026 7:52:51,"Pardubáci jedeme do Prahyyyy! 🥁
Po druheee! 😂

Sejdeme se před druhou hodinou na Pardubice hl. n. a ve 14:00 vyrazíme směr zimní stadion Eden! 

Však to znáte, stejně jako včera!",https://www.facebook.com/1592662819534019/posts/1607066348093666,1626,,3,,
@united_hk,instagram,b18c071b-0570-48b2-b743-990c668c3c5b,6ad0f6b2-63ec-435e-8b9b-ea92acb9d0f3,IG Story,IMAGE,14.9.2026 16:56:06,,https://www.instagram.com/stories/united_hk/3986140239841257703,,418,,,
@vutcavaliersbrno,instagram,b384bebf-72f3-4f9d-8b2d-3677709f6966,99c16a43-aa40-4e6a-8c8a-373350bea72b,IG Story,VIDEO,1.4.2026 19:39:12,,https://www.instagram.com/stories/vutcavaliersbrno/3865909564193425238,,399,,,
vsefalcons,instagram,709fceba-e311-48e7-9057-f54a587abf4a,0020ba6a-c85e-4f9e-b3f1-3767295a00a4,IG Story,VIDEO,17.4.2026 18:02:26,,https://www.instagram.com/stories/vsefalcons/3877457168673045741,830,686,,,
vsefalcons,instagram,709fceba-e311-48e7-9057-f54a587abf4a,5e5463f2-6ff9-42c6-bdff-e0e627b96142,IG Story,VIDEO,27.1.2026 18:12:36,📽️,https://www.instagram.com/stories/vsefalcons/3819480463618664198,,788,,,
@riderspardubice,facebook,f99ed6c3-17cc-46f4-a32e-d9b0576ce2df,9aa67466-af77-40e5-b409-0910f12339cd,FB Post,IMAGE,13.4.2026 10:12:28,"Hello, překvápko 🎁❤️‍🔥",https://www.facebook.com/1592662819534019/posts/1603450908455210,4054,,29,,
vsefalcons,instagram,709fceba-e311-48e7-9057-f54a587abf4a,a825ff74-8a74-4121-9b6e-d7c0c928e914,IG Story,IMAGE,7.2.2026 19:51:34,🏒 přidej se zítra k našemu kotli na zápas proti @czufarmers,https://www.instagram.com/stories/vsefalcons/3827502667019086190,,1143,,,2
vsefalcons,instagram,709fceba-e311-48e7-9057-f54a587abf4a,bb8c7ca4-ba06-4149-86af-63b560c8e3ac,IG Story,IMAGE,24.2.2026 19:30:23,0 0,https://www.instagram.com/stories/vsefalcons/3839813202133711858,666,827,,,
@bitvaoprahu,facebook,75e0f41f-82be-4f82-a77b-82ac11135ed2,da736b5a-4f7e-4214-8bba-e07fc84d6d8a,FB Post,IMAGE,12.3.2026 22:41:59,Ideální rande 🟰 Bitva o Prahu?! 😍,https://www.facebook.com/1441262177797849/posts/1420433176547416,264,,2,,
@bitvaoprahu,instagram,d7c8aa06-74fb-4c6c-a7d2-c2fe1bf6d59c,09bbaeba-95f4-4251-a210-6d7523a335a6,IG Reel,VIDEO,12.3.2026 23:12:40,"Inspirovat se je třeba od těch nejlepších. 🤝🏼

Za předání plyšáků od @csobcz našim stříbrným medailistům děkujeme @classictomas z @puk_pak_pivo .

@cvutengineers 🥈| #bitvaoprahu",https://www.instagram.com/reel/DVzV7NZDFfZ/,,46443,657,2,127
@boostrava,instagram,1176ddaf-d366-48a2-9639-3c6694c72c85,1498c8a6-6d7c-439c-af7a-b5ce084fe71b,IG Story,VIDEO,31.3.2026 6:43:29,,https://www.instagram.com/stories/boostrava/3864794345056806505,,845,,,
@BOhokej,facebook,c9082543-a03b-490f-8f97-66d439acce89,b1f94639-7250-4604-ae44-2093ffc28ef3,FB Post,IMAGE,18.3.2026 12:53:05,"Koukni co o výjezdu do Prahy řekl útočník 
Jan Vašenka🎙️",https://www.facebook.com/1477974067675582/posts/1465762575563398,282,,,,
@boostrava,instagram,1176ddaf-d366-48a2-9639-3c6694c72c85,6b81a20e-78b6-4781-8733-93dcab91af92,IG Story,VIDEO,10.9.2026 19:34:16,🔥 A DALŠÍ RAKETKA Z TRY OUTU NA SCÉNĚ 👀,https://www.instagram.com/stories/boostrava/3983322067797559450,,362,,,1
@hc_muni,instagram,43cd62c8-609d-4ea6-8ce9-cae5242ede0c,79959166-62a8-4932-92bc-2eabf365d27f,IG Post,IMAGE,19.3.2026 15:53:28,"Kluci do toho včera dali úplně všechno🏒🐻 Jste ready na poslední zápas sezony a pořádné derby?🔥

📸 @zdeny_99 

#hcmuni",https://www.instagram.com/p/DWEl5V3iJ1Z/,,5448,133,,8
@bitvaoprahu,instagram,d7c8aa06-74fb-4c6c-a7d2-c2fe1bf6d59c,d7a31bfb-e350-4c17-97c0-ab8e940598d3,IG Story,VIDEO,13.4.2026 17:20:33,"📆 Bitva o Prahu
ft. @riderspardubice 🤫",https://www.instagram.com/stories/bitvaoprahu/3874537077451019492,,1313,,,1
@united_hk,instagram,b18c071b-0570-48b2-b743-990c668c3c5b,0dc1051d-e97a-4d64-90f7-f5f77d36f2ae,IG Story,IMAGE,14.9.2026 16:56:39,,https://www.instagram.com/stories/united_hk/3986140518150262838,,410,,,
@AkademiciPlzen,facebook,d87b94e3-03e8-45d0-b92e-75e9b819545c,89f9e69e-fdbd-4d8f-8631-fd2406cac6bb,FB Post,IMAGE,4.3.2026 22:56:02,"V případě, že byste zítra nezvládli své povinnosti, we got you! 👊🏼🤭

#akademiciplzen #jarnibitva",https://www.facebook.com/1357105236437494/posts/1334855981995753,2054,,6,,
vsefalcons,instagram,709fceba-e311-48e7-9057-f54a587abf4a,cb911873-2edc-48de-89fd-5b9fdaa17471,IG Story,VIDEO,8.4.2026 16:03:15,🤹‍♂️,https://www.instagram.com/stories/vsefalcons/3870874314283160323,877,766,,,
@vutcavaliersbrno,instagram,b384bebf-72f3-4f9d-8b2d-3677709f6966,e572270a-77a6-4157-bde2-90ac189a23a0,IG Reel,VIDEO,4.4.2026 9:10:15,"Právě nám začíná mezisezónní období, na které se můžeme plně vybavit díky našemu partnerovi @sportega.cz 🏸
Pokud i vy sháníte nové sportovní vybavení, doporučujeme navštívit jejich pobočku📍Křenová 26 Brno
Veškerý sortiment si tam můžete vyzkoušet, abyste měli jistotu, že vám zvolená výbava bude plně vyhovovat😌 Za nás prostě 🔝topka🙌",https://www.instagram.com/reel/DWtEBT-iKQv/,,3113,81,2,27
vsefalcons,instagram,709fceba-e311-48e7-9057-f54a587abf4a,0c222b68-01de-4f68-817f-e04413ab9f17,IG Story,VIDEO,16.4.2026 18:17:36,,https://www.instagram.com/stories/vsefalcons/3876739969825958363,1027,821,,,
@united_hk,instagram,b18c071b-0570-48b2-b743-990c668c3c5b,6f90fe69-6c3c-4282-bb9a-1965e886f1c5,IG Post,IMAGE,10.8.2026 13:21:20,"MATCH DAY. 🏒

Dnes nás čeká první přátelský zápas nové sezony.

V ČPP aréně se potkáme se ŠAVŠ Raccoons, univerzitní tým z Mladé Boleslavi.

🕡 18:30
📍 ČPP aréna
🎟️ Vstup zdarma

Vidíme se na zimáku.",https://www.instagram.com/p/Db3G8gwo1S0/,,5071,66,,5
vsefalcons,instagram,709fceba-e311-48e7-9057-f54a587abf4a,2a96c6c1-38c5-4e86-bda8-284e5da659a6,IG Reel,VIDEO,23.6.2026 8:00:13,"Taky vám už chybí hokej a naši kluci? 🥹🔥

#vsefalcons #icehockey #hockeyboys",https://www.instagram.com/reel/DZ68HRshCcO/,,2486,65,,9
@akademiciplzen,instagram,65494228-95bf-4f7b-8e68-d47d7262db66,37224252-111c-48ca-8beb-083acbdfcf3e,IG Story,VIDEO,1.4.2026 16:57:54,,https://www.instagram.com/stories/akademiciplzen/3865828365261647858,,1476,,,
@univerzitnihokej,instagram,1e114592-3529-4cfe-9977-2598454053af,80495552-2ad6-4f66-8efb-8708a94bf741,IG Post,IMAGE,1.4.2026 19:24:51,Farmers dnes podruhé překvapili Akademiky a v prodloužení si vybojovali postup do finále PLAY-IN! 🚀,https://www.instagram.com/p/DWmbnbHiNNA/,,16275,439,3,113
@218107044725785,facebook,7a942e3e-6c47-4794-9ba7-bbc7b6d40cb3,9ddee282-60a8-444a-8cb3-e804033ca440,FB Video,VIDEO,17.4.2026 8:43:41,"Takhle vypadal včerejší semifinálový zápas 🔥

Bohužel nevyšel podle plánu, ALE dneska si můžeme spravit chuť a zabojovat alespoň o bronz 😏

Budete u toho s námi? Potřebujeme tam slyšet každého z vás! 🦅💙 Vstupenky koupíte na finalfour.cz 🎟️

🎥 @vojta_kepka @richipici",https://www.facebook.com/reel/1669318491163617/,483,130,11,,
@riderspardubice,instagram,4d6a67ab-9313-4f77-a82e-abb18adbca5d,a074ea48-b5de-4e3f-a549-d240f4cbba38,IG Post,IMAGE,5.3.2026 10:58:41,"🐱 V pondělí za námi přijedou @blackdogsbudweis_vste ! 🐕

A my při této příležitosti společně podpoříme KoČIČÍ depozitum Lovčice! 

Jak můžete opuštěným kočičkám pomoci s námi? 
- přineste s sebou na zápas kočičí žrádlo - granule, konzervy, ňaminky 
- přispějte finančním darem - ideálně v hotovosti na místě nebo pomocí QR kódu na kostce.

Zápas pro tlapky vol. 2
🗓️ 9.3. v 19:15
📍 v Enteria Arena
⚔️ proti @blackdogsbudweis_vste 

Minulý semestr jsme pomohli pejskům z @farma_u_veselyho_psa, tak pojďme znovu spojit síly a tentokrát pomoci kočičkám z KoČIČÍ depozitum Lovčice! 

Vstupenky za zapas koupíš přes odkaz v BIU!🎟️🐱
#zápasprotlapkyvol2#riders",https://www.instagram.com/p/DVgAlSYDHzf/,,1943,26,,4
vsefalcons,instagram,709fceba-e311-48e7-9057-f54a587abf4a,a47fe5e0-e0d9-46f9-a02c-e6bdf716c9a7,IG Story,VIDEO,10.2.2026 17:34:02,PAŤOVO POV Z BRAZILKY 🤳🏼 ⚽️ @patrik_nabelek,https://www.instagram.com/stories/vsefalcons/3829607790277099272,735,1047,,1,
@univerzitnihokej,instagram,1e114592-3529-4cfe-9977-2598454053af,bd3f5734-7408-40d8-945d-ee919dac5e91,IG Post,IMAGE,3.3.2026 21:52:29,Falcons se dnes vyspali lépe než včera a posílají Akademiky zpátky do Plzně bez bodů 🚌,https://www.instagram.com/p/DVcCQ3JiJTK/,,3128,80,,2
@vutcavaliersbrno,instagram,b384bebf-72f3-4f9d-8b2d-3677709f6966,05e68c8e-ba95-4b5d-a11a-2d3b9d1ae908,IG Post,IMAGE,2.8.2026 9:34:32,"TRYOUT volá 🤙 Zvedneš to? 🤔
Zbývají už jen tři týdny 👈 studujahraj.cz",https://www.instagram.com/p/DbiGe4eoV5T/,,2811,42,,5
@riderspardubice,instagram,4d6a67ab-9313-4f77-a82e-abb18adbca5d,51c1cdeb-0cb5-4183-9df3-39a03ab77969,IG Story,IMAGE,8.4.2026 17:05:59,@tipsportcz,https://www.instagram.com/stories/riderspardubice/3870905874441332979,,689,,,
vsefalcons,instagram,709fceba-e311-48e7-9057-f54a587abf4a,9f5fa20e-9c0e-42ed-9135-e23f3974d678,IG Story,VIDEO,17.2.2026 17:50:44,1️⃣ 2️⃣ 3️⃣ FALCONS,https://www.instagram.com/stories/vsefalcons/3834689632499936093,701,924,,,
@AkademiciPlzen,facebook,d87b94e3-03e8-45d0-b92e-75e9b819545c,b7bb302e-70fb-4c84-9f56-6fa3efde5440,FB Post,IMAGE,1.4.2026 15:03:20,"Hokejem tenhle večer teprve začíná. 🏒 

Ze stadionu se všichni přesouváme na after do No Limitu. Vidíme se tam! 🕺🏼

#akademiciplzen",https://www.facebook.com/1357105236437494/posts/1357476163067068,490,,2,,
@unitedhk,facebook,bfe6cc29-a387-41b9-9bca-b077722556af,ca080b63-39ed-4fee-8a9b-df4907351ded,FB Post,IMAGE,6.9.2026 14:04:42,"ZÍTRA JDOU LÍSTKY VEN.

🎟️ 90 Kč
📱 72 Kč v UniLife s účtem u ČSOB

První vlna startuje zítra a poběží do 20. 9.

Otvírák 28. 9. | ČPP aréna

unitedhk.cz/otvirak",https://www.facebook.com/122180651084388974/posts/122192714858388974,95,,,,
@univerzitnihokej,facebook,01b45180-0b14-4a14-96e8-d0a4bab1fb9f,dffbe5bd-2451-435b-b7ba-748737d75b5c,FB Post,IMAGE,7.4.2026 10:04:33,"I přes velmi povedenou základní část končí v semifinále play-in také plzeňští Akademici.

Takové momenty ke sportu patří. Díky za nasazení a boj až do konce 👊🏼",https://www.facebook.com/1275398168115026/posts/1280346417620201,602,,2,,
@hcnorthwings,facebook,2b08a479-603b-46e4-8a48-2bc0435ccd53,0dbe56e6-ea78-4c7e-b78c-acaa9fc180e7,FB Story,VIDEO,11.3.2026 17:34:14,,,,,,,
@bitvaoprahu,facebook,75e0f41f-82be-4f82-a77b-82ac11135ed2,47cdbe3c-af23-41ad-a971-ed5c69ac9501,FB Video,VIDEO,9.3.2026 17:01:24,"I tuhle písničku si společně zazpíváme už ve čtvrtek! 🗣️

Lístky na bitvaoprahu.cz 🎟️",https://www.facebook.com/reel/1254330500221623/,1614,625,4,,
@hsubrno,facebook,86b4295e-45a1-49a4-a7a5-1a550c3f4bec,d8508611-a7b3-4aa3-a3af-9af4c8732669,FB Video,VIDEO,14.9.2026 11:00:25,"🔥 NEJVĚTŠÍ STUDENTSKÁ AKCE V BRNĚ JE ZPÁTKY! 🔥
Jeden večer, jeden led, dvě univerzity a pořádná dávka rivality 🏒⚡
MUNI × VUT a tentokrát už 7. Hokejový Souboj Univerzit! 🙌
🗓️ 15. 10. 2026
📍 Winning Group Arena
Atmosféra, kterou nezažiješ každý den 👈
Souboj, u kterého prostě musíš být 👈
🎟️ Lístky mizí rychle, tak ať ti ten tvůj nezmizí před očima!
Kdo zaváhá, nefandí 🏒🔥
👉 hsubrno.cz

🤫 Pst!.. Pokud si lístek koupíš v UniLife aplikaci, ve které máš ověřený ČSOB účet, máš lístek s 20% slevou. A to se vyplatí 😏",https://www.facebook.com/reel/1434485031872676/,265,43,1,,
@bitvaoprahu,facebook,75e0f41f-82be-4f82-a77b-82ac11135ed2,408fe097-a0c8-45a0-a7b1-645835c3d617,FB Post,PHOTO,13.3.2026 18:27:49,"📣 Speakeři na @univerzitnihokej >>> 🗣️🗣️

Jsi stejného názoru? 👀 #bitvaoprahu",https://www.facebook.com/1441262177797849/posts/1421083173149083,338,,1,,
@united_hk,instagram,b18c071b-0570-48b2-b743-990c668c3c5b,41c574fc-5e0d-49fd-a747-d04159301d29,IG Post,PHOTO,28.3.2026 11:09:57,"Už jen 3 dny do startu PLAY-IN!

1 zápas. Všechno nebo nic.

Tenhle večer rozhodne.

31.3. Praha.

ALL IN 🖤🧡

#unitedhk #unihokej #hokej",https://www.instagram.com/p/DWbQbEqCKkn/,,3559,51,,6
@riderspardubice,instagram,4d6a67ab-9313-4f77-a82e-abb18adbca5d,531768b6-817d-4313-815e-8d0366ed8de4,IG Post,ALBUM,31.3.2026 6:00:02,"Záda nám “kryje” náš partner @foxconn_czech 👋

Jak myslíte že dopadne dnešní zápas? 🤨",https://www.instagram.com/p/DWibmg2DJbO/,,1846,71,,1
@akademiciplzen,instagram,65494228-95bf-4f7b-8e68-d47d7262db66,f8d66565-4d6c-413c-9c66-775acab4085c,IG Reel,VIDEO,24.3.2026 9:29:37,"Velikonoční PLAY-IN je tady🐰🔥
Říháč už ladí formu… s Dádou v uších. 🍫

‼️ NEJSPÍŠ POSLEDNÍ DOMÁCÍ ZÁPAS
🎁 VELIKONOČNÍ NADÍLKA čeká

Tak buď u toho 🤩
🗓️ 1. 4. | 19:00
📍 LOGSPEED CZ Aréna

#akademiciplzen 💙",https://www.instagram.com/reel/DWQwhAajKCO/,,15528,454,3,67
@univerzitnihokej,instagram,1e114592-3529-4cfe-9977-2598454053af,23c029f5-b41c-4004-8a6a-e1c26e6d7189,IG Story,VIDEO,17.4.2026 19:48:37,,https://www.instagram.com/stories/univerzitnihokej/3877510708929783827,,1498,,,1
vsefalcons,instagram,709fceba-e311-48e7-9057-f54a587abf4a,759f51bb-8366-422b-9a33-84a73e26e827,IG Story,VIDEO,2.3.2026 19:28:57,2. TŘETINA 👀,https://www.instagram.com/stories/vsefalcons/3844161228298011385,638,824,,,
@united_hk,instagram,b18c071b-0570-48b2-b743-990c668c3c5b,83b2384b-0a48-4393-9f26-c933d05af972,IG Post,IMAGE,18.3.2026 13:27:09,"🏒 Dnes venku v Ústí

Dnes vyrážíme do Ústí nad Labem.
Čeká nás zápas proti @hcnorthwings 

Další venkovní výzva a další body ve hře.

Drž nám palce na dálku.
🖤🧡",https://www.instagram.com/p/DWBwW0wCCl2/,,2723,28,,7
@riderspardubice,instagram,4d6a67ab-9313-4f77-a82e-abb18adbca5d,45ea948c-24c4-42ce-a765-40953c157dd1,IG Post,IMAGE,24.3.2026 2:39:36,Dnes bohužel prohra.,https://www.instagram.com/p/DWQC_QVCDwP/,,4581,37,1,9
vsefalcons,instagram,709fceba-e311-48e7-9057-f54a587abf4a,8c9a3e45-9af1-427b-9984-5c3e26c874ae,IG Post,IMAGE,12.4.2026 19:29:45,"Soupeř, čas i místo jsou jasné. Semifinále @unihokejfinalfour sehrajeme proti @cvutengineers , které dobře známe 👊🏼

Teď vás potřebujeme víc, než kdy jindy. 👉🏼🏆

Vstupenky na finalfour.cz
SLEVOVÝ KÓD: VSEFANS 🤑",https://www.instagram.com/p/DXCxubSCGOs/,,11824,117,,78
@hcnorthwings,facebook,2b08a479-603b-46e4-8a48-2bc0435ccd53,5a7b184d-4d03-4645-b4b7-047383cedf59,FB Story,VIDEO,10.8.2026 19:12:16,,https://facebook.com/stories/101955925269645/UzpfSVNDOjIwODI5MzMzNDU2NDA0Mjc=/?view_single=1,,,,,
@akademiciplzen,instagram,65494228-95bf-4f7b-8e68-d47d7262db66,a6a3d160-f0b4-4478-b393-358b638d1a3a,IG Reel,VIDEO,2.8.2026 20:45:48,"Na posledním tréninku jsme kluky vyzpovídali ohledně budoucnosti. 👶 

Položili jsme jim jednoduchou otázku: „Komu z kabiny bys nesvěřil svoje dítě?“ 

Na odpovědi se skoro všichni shodli… Filipe, máš pro nás nějaké vysvětlení? 😅

Zítra nás čeká první trénink na ledě v nové sezóně. Uvidíme se zítra! 🫢🏒

#akademiciplzen #univerzitnihokej #unihockey",https://www.instagram.com/reel/DbjS3xlN-wO/,,33652,1438,8,178
@riderspardubice,facebook,f99ed6c3-17cc-46f4-a32e-d9b0576ce2df,dc6e79c1-b2ce-443c-9b58-68b2771f3966,FB Post,ALBUM,26.3.2026 19:34:42,Kolik Kopců vidíš na obrázku? 🙌🧔🏻🫶,https://www.facebook.com/1592662819534019/posts/1587785083355126,288,,3,,
vsefalcons,instagram,709fceba-e311-48e7-9057-f54a587abf4a,9510d934-52f3-447a-b3ec-1186eb078be5,IG Story,VIDEO,12.2.2026 8:56:21,@olympijskyfestival ❤️‍🔥,https://www.instagram.com/stories/vsefalcons/3830797134165719442,812,812,,1,5
@univerzitnihokej,facebook,01b45180-0b14-4a14-96e8-d0a4bab1fb9f,1e570be4-bd32-4c49-a864-bc7125b6a534,FB Post,IMAGE,5.3.2026 17:47:49,"Finále univerzitního hokeje se blíží 🔥 1. vlna denních balíčků na FINAL FOUR je v prodeji a nejlevnější lístky pořiďte do 16. 3. ⏳

🎟️ www.finalfour.cz",https://www.facebook.com/1275398168115026/posts/1254542416867268,482,,,,
vsefalcons,instagram,709fceba-e311-48e7-9057-f54a587abf4a,b679f51a-e88f-4afb-8064-4843fdc3dce6,IG Story,VIDEO,18.2.2026 8:22:29,😋😋😋,https://www.instagram.com/stories/vsefalcons/3835128679131257218,565,707,,,
@bitvaoprahu,instagram,d7c8aa06-74fb-4c6c-a7d2-c2fe1bf6d59c,f718d9e1-c335-4e18-81b3-d9ddf6d94802,IG Post,IMAGE,12.3.2026 9:45:20,"Tohle si otevři, až po 3 pivu ztratíš kámoše v davu... 👀",https://www.instagram.com/p/DVx6LcWjGRZ/,,9422,230,2,24
vsefalcons,instagram,709fceba-e311-48e7-9057-f54a587abf4a,24929d01-910d-4f6d-8672-ddbda0736ad6,IG Story,VIDEO,2.3.2026 8:25:05,GAMEDAY,https://www.instagram.com/stories/vsefalcons/3843827008874754955,724,913,,,
@univerzitnihokej,instagram,1e114592-3529-4cfe-9977-2598454053af,2caea03b-6a5b-4a8f-9e3b-6fbeb7ac7968,IG Reel,VIDEO,14.3.2026 15:07:20,Tohle… a přednášky jdou stranou 🥵 Další zastávka: @unihokejfinalfour 🏆🔥,https://www.instagram.com/reel/DV3oGcJiI47/,,18954,777,,48
vsefalcons,instagram,709fceba-e311-48e7-9057-f54a587abf4a,7c11b7eb-c7f1-48fa-b183-85c3d1512153,IG Story,VIDEO,12.4.2026 19:44:12,VŠE vs. ČVUT VŠE vs. ČVUT ONCE AGAIN ONCE AGAIN,https://www.instagram.com/stories/vsefalcons/3873884610513867595,649,455,,,2
@akademiciplzen,instagram,65494228-95bf-4f7b-8e68-d47d7262db66,ef4693dc-a740-43db-80be-04a32915c961,IG Reel,VIDEO,10.3.2026 14:22:38,"Výhra nad Kings chutnala dobře… ale jak moc? 😏🏆
To zjišťovala @deniskaurbankova přímo po zápase. 🎤

#akademiciplzen",https://www.instagram.com/reel/DVtPyICDDJp/,,13426,293,1,22
@BOhokej,facebook,c9082543-a03b-490f-8f97-66d439acce89,fc1ec838-7c8a-49d7-a8c7-334edaab17b0,FB Video,VIDEO,29.3.2026 18:30:04,"Dany šel dneska na rande. Se sprejem Diamond sleek od @garnier_czsk udělal rozhodně dobrý dojem! 

#garnierfructics #hokej #bocko",https://www.facebook.com/reel/1467239681453082/,707,316,4,,
@united_hk,instagram,b18c071b-0570-48b2-b743-990c668c3c5b,1cb40a63-0a02-4f0b-a965-ad63bdcef3d5,IG Story,IMAGE,10.8.2026 19:46:42,,https://www.instagram.com/stories/united_hk/3960858955309250805,,680,,,1
@united_hk,instagram,b18c071b-0570-48b2-b743-990c668c3c5b,07d95334-35b9-4f3a-9768-4eb472c98f81,IG Post,IMAGE,6.8.2026 9:45:34,"🎂 Dnes slaví narozeniny Radim Kala.

Radime, všechno nejlepší, hlavně hodně zdraví a povedený vstup do nové sezony.

Užij si to.",https://www.instagram.com/p/DbsbEz6oniE/,,3036,37,2,2
@cvutengineers,instagram,11963a07-7f0f-48e6-9d81-aa63a7ff4a04,1e291045-ae97-4928-bf6c-09c51cf32cf6,IG Story,VIDEO,8.4.2026 17:21:10,KISS FOR LUCK,https://www.instagram.com/stories/cvutengineers/3870913520405843763,,984,,,2
@vutcavaliersbrno,instagram,b384bebf-72f3-4f9d-8b2d-3677709f6966,4632f9e2-3d9d-4738-9a83-c43e26368b4e,IG Story,IMAGE,1.4.2026 17:10:53,,https://www.instagram.com/stories/vutcavaliersbrno/3865834903979966532,,493,,,
@united_hk,instagram,b18c071b-0570-48b2-b743-990c668c3c5b,8cbe62da-910b-4ff2-901d-f00072d10f3d,IG Story,VIDEO,17.9.2026 6:41:07,,https://www.instagram.com/stories/united_hk/3988005066841284718,,10,,,
@hcmuni,facebook,d1f9e9f9-7526-42d4-85aa-13f91e89f7cf,b65ee54e-1556-4139-bd9b-80a583b7d4b0,FB Post,ALBUM,26.3.2026 16:23:59,"Poslední zápas ve velkém stylu!🐻🏒 Děkujeme moc všem za podporu a vidíme se příští sezonu 💙

📸 @zdeny_99 

#hcmuni",https://www.facebook.com/1581741777288398/posts/1576851724444070,759,,10,,
@riderspardubice,instagram,4d6a67ab-9313-4f77-a82e-abb18adbca5d,67bf8ac3-2c01-4d74-84ea-6458b7f14f75,IG Story,VIDEO,13.4.2026 19:13:03,,https://www.instagram.com/stories/riderspardubice/3874593704430898250,,419,,,
@vutcavaliersbrno,instagram,b384bebf-72f3-4f9d-8b2d-3677709f6966,8a06882f-83f2-4f73-96f8-3a1852acff7c,IG Post,IMAGE,10.3.2026 16:53:44,"Domácí zápas v SOBOTU ‼️
Kavalíři tento týden nastoupí k dohrávce zápasu proti @vsefalcons na domácímu ledě v sobotu v 17:00 👈
Ideální aktivita na víkend? Přijď nás podpořit a zažij univerzitní hokej 🏒 
Doprava na zápas i z něj je zajištěna 🚌",https://www.instagram.com/p/DVthoTMCIPY/,,1532,28,,1
vsefalcons,instagram,709fceba-e311-48e7-9057-f54a587abf4a,9db9955c-ff3f-4ca6-b144-6470e6e7683c,IG Post,CAROUSEL_ALBUM,13.2.2026 17:22:47,"Těžko na cvičišti, v úterý na bojišti. 👀

Jedeme na ostro a bez vás to nepůjde. Takže kupujte lístek a chceme vás všechny vidět na Kateřinkách! 🎟️",https://www.instagram.com/p/DUtNFvyiNJR/,,4032,86,,8
@united_hk,instagram,b18c071b-0570-48b2-b743-990c668c3c5b,d96642e1-f465-475e-99a9-4f79a1079eab,IG Story,VIDEO,13.9.2026 16:08:22,🥅🥅🥅🥅 4:0 @daniel_dundaa,https://www.instagram.com/stories/united_hk/3985391475793365037,,567,,,1
@bitvaoprahu,facebook,75e0f41f-82be-4f82-a77b-82ac11135ed2,e15c84fd-b625-4005-907b-88eb763282df,FB Video,VIDEO,13.3.2026 16:10:09,"Finálový večer, na který jen tak prostě nezapomeneš? 🟰❤️

Tohle je @bitvaoprahu ! 🔥🔥🔥 #univerzitnihokej",https://www.facebook.com/reel/26317580911195160/,634,103,5,,
vsefalcons,instagram,709fceba-e311-48e7-9057-f54a587abf4a,23380f1b-6a4c-4bec-beb2-7fbec9a27b56,IG Story,VIDEO,12.3.2026 18:54:29,,https://www.instagram.com/stories/vsefalcons/3851391540165893094,1906,1452,,,3
vsefalcons,instagram,709fceba-e311-48e7-9057-f54a587abf4a,5d820367-c3d6-4719-bc36-29856f3c42b3,IG Story,VIDEO,13.2.2026 7:55:52,PÁ ČEK TE 🥳 😎,https://www.instagram.com/stories/vsefalcons/3831491130282259375,547,547,,,
@riderspardubice,facebook,f99ed6c3-17cc-46f4-a32e-d9b0576ce2df,b94e5211-51ca-4e31-bc85-d5d7aa5da210,FB Post,IMAGE,20.3.2026 15:48:05,"Hey Erasmus students! 🌍✨

Looking for a unique Czech student experience? Join us for an unforgettable night full of energy, emotions, and true university spirit! 🏒🔥

Come and enjoy a University Hockey Derby – a traditional rivalry between two neighboring cities, Pardubice and Hradec Králové. Expect loud fans, minigames for fans and an incredible atmosphere you don’t want to miss!

📅 March 23
🕢 7:45 PM
📍 Enteria Arena, Pardubice

This game is also special as it’s the last home match of the regular season – and a final farewell to two key players of the Riders team. Let’s give them a proper send-off together ❤️

🎟️ Get your ticket in BIO!",https://www.facebook.com/1592662819534019/posts/1581683907298577,292,,1,,
@riderspardubice,instagram,4d6a67ab-9313-4f77-a82e-abb18adbca5d,8727fcef-aa30-4557-a89f-e3f3b015f467,IG Story,VIDEO,10.4.2026 8:01:00,,https://www.instagram.com/stories/riderspardubice/3872081115679062883,,560,,,
@univerzitnihokej,instagram,1e114592-3529-4cfe-9977-2598454053af,9cd61a49-6337-424c-8f0a-35538891c7a0,IG Story,VIDEO,17.4.2026 20:16:13,,https://www.instagram.com/stories/univerzitnihokej/3877524598929510658,,1372,,,
@akademiciplzen,instagram,65494228-95bf-4f7b-8e68-d47d7262db66,eeaa0ec6-2d80-4d13-a111-0c1cb8f5ba48,IG Story,VIDEO,31.8.2026 21:31:29,NOVÝ FOTOGRAF DO TÝMU? 📸 @zenisek_,https://www.instagram.com/stories/akademiciplzen/3976131996845621667,,1135,,,
vsefalcons,instagram,709fceba-e311-48e7-9057-f54a587abf4a,019ad4c8-923a-4449-bd2b-78e93420f906,IG Story,VIDEO,24.2.2026 18:59:25,,https://www.instagram.com/stories/vsefalcons/3839797606016933846,695,892,,,
@riderspardubice,instagram,4d6a67ab-9313-4f77-a82e-abb18adbca5d,2813bb43-ba07-4b97-8436-e1b080820d8d,IG Story,VIDEO,31.3.2026 20:26:25,BENEŠ,https://www.instagram.com/stories/riderspardubice/3865208557340266722,,790,,,3
@akademiciplzen,instagram,65494228-95bf-4f7b-8e68-d47d7262db66,48091aaa-32f5-4d91-b3b4-9bc7e60fc65c,IG Reel,VIDEO,8.4.2026 13:26:13,"Chceš vyhrát 100 000 Kč? 👀 Založ si účet u ČSOB a jsi ve hře! 💙

A jestli náhodou budeš na @unihokejfinalfour , nezapomeň, že s kartou ČSOB tam na tebe čeká 20% cashback na pivo a drinky! 🍻

Link na založení účtu najdeš u nás ve stories! 

#akademiciplzen",https://www.instagram.com/reel/DW30cNuDB5Q/,,17229,336,2,21
@akademiciplzen,instagram,65494228-95bf-4f7b-8e68-d47d7262db66,6aa407ac-ff89-48fa-bfd3-1c0bb6a5bff1,IG Post,PHOTO,30.3.2026 20:58:35,"🚨 Deadline alert! 🚨

🎓 Na ZČU nezačíná jen studium. Začínají tu i zážitky, kamarádi, studentskej život… a taky univerzitní hokej. 🏒

Jestli chceš být od příštího roku součástí toho všeho, mrkni na termíny přihlášek na bakalářské studium a hlavně je nepropásni. ⏳

Ulož si tenhle post a pošli ho dál někomu, kdo ještě pořád říká, že „je čas“. 👀

** FDU má do 30. dubna přihlášky na navazující magisterské studium, ne bakalářské! 

#akademiciplzen 💙",https://www.instagram.com/p/DWhclTdDGNp/,,14446,149,,35
@riderspardubice,instagram,4d6a67ab-9313-4f77-a82e-abb18adbca5d,8d918921-510b-4e47-9809-259a4e7e3534,IG Story,VIDEO,31.3.2026 18:54:32,2:2,https://www.instagram.com/stories/riderspardubice/3865162340446767810,,904,,,2
@riderspardubice,instagram,4d6a67ab-9313-4f77-a82e-abb18adbca5d,94bc0a98-0a68-4084-b297-08a7de6b7278,IG Story,VIDEO,31.3.2026 11:53:05,MÍŘÍME DO OSTRAVY!,https://www.instagram.com/stories/riderspardubice/3864950175941028045,,1019,,,
vsefalcons,instagram,709fceba-e311-48e7-9057-f54a587abf4a,a7cb0e50-fe66-4fb5-9b76-cdc571d41c3a,IG Story,IMAGE,26.1.2026 17:31:44,0 0,https://www.instagram.com/stories/vsefalcons/3818735008165191163,,892,,,
@218107044725785,facebook,7a942e3e-6c47-4794-9ba7-bbc7b6d40cb3,f1265eeb-24e0-4d6c-bf96-4733132f66e9,FB Video,VIDEO,9.3.2026 21:36:51,"Zítra. 19:30. Kateřinky.

Lístky na profilu. Dobrou noc.",https://www.facebook.com/reel/858873940501015/,257,83,6,,
@bitvaoprahu,facebook,75e0f41f-82be-4f82-a77b-82ac11135ed2,f8a3aab8-5108-4d88-93ba-123cac1762a2,FB Post,IMAGE,8.3.2026 15:54:58,"Chápete to? Už je to skoro tady 🤯
Lístky na tebe čekají na 🎟️ bitvaoprahu.cz",https://www.facebook.com/1441262177797849/posts/1417242610199806,242,,,,
vsefalcons,instagram,709fceba-e311-48e7-9057-f54a587abf4a,2152eed7-b0d9-4e09-be4c-80ebaef03f05,IG Story,VIDEO,10.2.2026 20:36:45,STAV PO 2. TŘETINĚ  1:5,https://www.instagram.com/stories/vsefalcons/3829699737532507187,628,926,,1,1
vsefalcons,instagram,709fceba-e311-48e7-9057-f54a587abf4a,5e419f88-23b6-447a-b0e4-2aaee04a4219,IG Story,VIDEO,10.2.2026 20:22:21,,https://www.instagram.com/stories/vsefalcons/3829692530812297923,627,831,,,
vsefalcons,instagram,709fceba-e311-48e7-9057-f54a587abf4a,7942f8ea-bb93-49f9-bb24-238828e713ff,IG Reel,VIDEO,7.9.2026 17:42:58,"Did you miss us? Cause we missed you! 🦅

Čekání je u konce. Dlouhé léto bez hokeje oficiálně končí a my se vracíme přesně tam, kam patříme 🏟️🏒

Tak přijď hned po škole odpálit semestr do kotle. Čeká tě pořádná show na ledě i mimo něj, takže doma rozhodně nezůstávej 🔥

📅 22. září
⏰ 19:00 
📍 Ice Aréna Kateřinky

O atmosféru se postará DJ, pití poteče proudem a zónu rozjedou naši partneři. Teď už chybíš jen ty s kámošema na 🙌

🎟️ Lístky k dostání na profilu!",https://www.instagram.com/reel/Dc_p8m4z6n0/,,10313,150,,22
@boostrava,instagram,1176ddaf-d366-48a2-9639-3c6694c72c85,de216683-346e-444d-929e-2ff1d74ba7cb,IG Reel,VIDEO,21.8.2026 12:31:57,"Takhle to máme radši!😎🔥

#hockey #newseason #boostrava #hockeygame #unihokej",https://www.instagram.com/reel/DcTVwdRslqm/,,6799,190,,7
@unitedhk,facebook,bfe6cc29-a387-41b9-9bca-b077722556af,dffa0001-b89c-4761-9c0d-adf506d97e9d,FB Video,VIDEO,20.8.2026 11:59:10,"Návštěva z NHL na tréninku UNIted HK. 👀🏒

Jaroslav Chmelař z New York Rangers si s námi střihl jeden z tréninků v ČPP aréně.

Jak to vypadalo, když se na ledě objevil hráč NHL? 🎥

---

Visit from the NHL at UNITed HK training. 👀🏒

Jaroslav Chmelař from the New York Rangers filmed one of the training sessions at the ČPP Arena with us.

What was it like when an NHL player appeared on the ice? 🎥",https://www.facebook.com/reel/1356951376596710/,1260,577,28,,
@univerzitnihokej,instagram,1e114592-3529-4cfe-9977-2598454053af,00eda6ec-00c8-4d71-97f8-869b7e758b70,IG Reel,VIDEO,11.3.2026 19:17:05,"ČSOB CASH ON ICE 🧊🤑
Normálně hledáš drobné po kapsách. Na univerzitním hokeji je najdeš na ledě 🫣",https://www.instagram.com/reel/DVwWQNbCH4M/,,8783,78,,5
vsefalcons,instagram,709fceba-e311-48e7-9057-f54a587abf4a,2e59ca27-05e6-44c0-a799-284b47ec08c4,IG Story,IMAGE,24.3.2026 21:15:07,"3 6 Daniel
Straka",https://www.instagram.com/stories/vsefalcons/3860159625186281450,750,396,,,
@boostrava,instagram,1176ddaf-d366-48a2-9639-3c6694c72c85,a55380c5-1e76-4279-b3bd-2bfb176a04ef,IG Story,VIDEO,10.9.2026 18:21:03,NASTUPUJEM DO 2. TŘETINY 👀,https://www.instagram.com/stories/boostrava/3983283918950122261,,506,,,
vsefalcons,instagram,709fceba-e311-48e7-9057-f54a587abf4a,0ed6dedc-f35f-492c-899b-0aa7a313bd17,IG Story,VIDEO,10.2.2026 7:38:42,GAMEDAY,https://www.instagram.com/stories/vsefalcons/3829308195370192197,695,908,,,
@univerzitnihokej,facebook,01b45180-0b14-4a14-96e8-d0a4bab1fb9f,542d55c2-c986-408c-a51e-949e47a4fe42,FB Video,VIDEO,6.3.2026 19:24:39,"Final Four sem, Final Four tam…
Ale kdo ho vlastně bude hrát? 🤔 Ondra vám hezky ve videu ukáže, jak se týmy dostanou mezi nejlepší čtyřku. 👆🏻
🗓️16.-17. duben | 🏟️ Zimní stadion Eden",https://www.facebook.com/reel/2334795287018670/,1478,411,1,,
vsefalcons,instagram,709fceba-e311-48e7-9057-f54a587abf4a,73c929f0-c6b8-472f-8bb7-f0bdf55f1f67,IG Story,IMAGE,2.9.2026 13:38:12,🤝🏼 @4fin_better_together,https://www.instagram.com/stories/vsefalcons/3977343313847213414,,661,,,
vsefalcons,instagram,709fceba-e311-48e7-9057-f54a587abf4a,2a6537e8-c902-4578-a90e-5efd1cbb83f8,IG Story,VIDEO,12.3.2026 19:46:31,BRONZ JE NÁŠ 🥉 hoši děkujem,https://www.instagram.com/stories/vsefalcons/3851417791031197428,1243,829,,,
@AkademiciPlzen,facebook,d87b94e3-03e8-45d0-b92e-75e9b819545c,5bbda4a7-91e4-40b8-92df-e3b3d3ca499b,FB Video,VIDEO,28.3.2026 19:29:28,"Beeřík už kluky prohání, aby byli na středu v top formě! ☝🏻
Proženeme takhle ve středu i @czufarmers? 👀🔥

📍 1. 4. | 19:00 | LOGSPEED CZ Aréna
🎟️ Lístky v biu nebo na akademiciplzen.enigoo.cz

#akademiciplzen 💙",https://www.facebook.com/reel/949721307918176/,488,200,4,,
@riderspardubice,instagram,4d6a67ab-9313-4f77-a82e-abb18adbca5d,a67f1abf-b32e-49f5-a0cc-ff15fecb271b,IG Story,VIDEO,26.8.2026 18:43:45,@machosta_15 😮‍💨,https://www.instagram.com/stories/riderspardubice/3972423680785477584,,1107,,,5
@univerzitnihokej,instagram,1e114592-3529-4cfe-9977-2598454053af,339ad03a-1c16-48ac-b7bb-0cfd95c36cbd,IG Post,IMAGE,27.3.2026 19:03:40,"Základní část skončila ⏩️ začíná Play-In 🔥 Jak to bude vypadat?☝🏻

Čekají nás semifinálové bitvy, vítězové jdou do finále Play-In. A odtud už vede jediná cesta ➡️ @unihokejfinalfour a boj o absolutního šampiona letošní sezóny! 😮‍💨🏆

Jedna šance. Žádná oprava. 👀",https://www.instagram.com/p/DWZiBYhCLCa/,,28654,566,,98
@united_hk,instagram,b18c071b-0570-48b2-b743-990c668c3c5b,9b8a7017-acce-4dcb-8c6b-6f3cea50bfc9,IG Story,VIDEO,13.9.2026 15:38:43,🥅🥅🥅 3:0 @petr_fiala_4,https://www.instagram.com/stories/united_hk/3985377410278811689,,643,,,3
@bitvaoprahu,instagram,d7c8aa06-74fb-4c6c-a7d2-c2fe1bf6d59c,e93291bc-ca22-46dd-bf87-9db856457225,IG Story,VIDEO,22.4.2026 15:22:18,,https://www.instagram.com/stories/bitvaoprahu/3881000380050216032,,1348,,,1
vsefalcons,instagram,709fceba-e311-48e7-9057-f54a587abf4a,08e483a2-eaed-43b6-914c-26250fdecd90,IG Story,VIDEO,12.2.2026 16:52:47,@machycc8,https://www.instagram.com/stories/vsefalcons/3831036566278004564,634,634,,,3
@univerzitnihokej,instagram,1e114592-3529-4cfe-9977-2598454053af,2602094e-086d-415e-9ce4-952750f7acc6,IG Story,VIDEO,8.4.2026 16:36:35,🍿,https://www.instagram.com/stories/univerzitnihokej/3870891109215928930,,3973,,,1
@riderspardubice,instagram,4d6a67ab-9313-4f77-a82e-abb18adbca5d,88f4f914-f048-4c7a-871f-158b00f4e3ad,IG Reel,VIDEO,19.4.2026 12:22:58,"I tak to někdy vyjde. 🤷🏼‍♂️ Ale to neznamená, že se nebude podporovat!",https://www.instagram.com/reel/DXUCTwmDNmR/,,26598,830,2,182
vsefalcons,instagram,709fceba-e311-48e7-9057-f54a587abf4a,cac2f8d3-779c-46e9-b19f-6746a05f50d5,IG Story,VIDEO,8.4.2026 17:12:03,otevírá zápas,https://www.instagram.com/stories/vsefalcons/3870908955803256952,,840,,,1
@cvutengineers,instagram,11963a07-7f0f-48e6-9d81-aa63a7ff4a04,5e988766-3cd4-4ce9-8e00-a1d212a0429b,IG Story,VIDEO,8.4.2026 11:20:06,"CO NAJDEŠ V NOVÝ APPCE? Slevu na náš merch🦁, kalendář akcí s nákupem vstupenek 🎟️ (btw nemusíš pak hledat lístky v mailu a máš to v sexy appce) a spoustu výhod od partnerů @univerzitnihokej 🤩 @unilifecz",https://www.instagram.com/stories/cvutengineers/3870731777270923591,,1506,,,9
vsefalcons,instagram,709fceba-e311-48e7-9057-f54a587abf4a,c1e6a7b7-b016-441b-a28c-0d08b7ab88a0,IG Story,VIDEO,28.2.2026 18:00:13,,https://www.instagram.com/stories/vsefalcons/3842667164968963340,697,906,,,
@AkademiciPlzen,facebook,d87b94e3-03e8-45d0-b92e-75e9b819545c,98090c9f-b10e-464b-bb2e-f581b942517c,FB Story,VIDEO,20.8.2026 18:31:22,,https://facebook.com/stories/103234241824606/UzpfSVNDOjk0Mzk1MDM2Nzk2MzU0MA==/?view_single=1,,,,,
vsefalcons,instagram,709fceba-e311-48e7-9057-f54a587abf4a,b3909908-5d91-4dd2-baba-63ff938dcc54,IG Reel,VIDEO,29.4.2026 14:16:02,"Konec semestru už je za rohem 😬😭

Tak pojďme společně utéct povinnostem v neděli 10.5. do Stromovky na @wflworldrun 🏃🏽💨 Poběžíme pro ty co nemohou a pomůžeme tak na dobrou věc! 🙌🏼

Připoj se k nám do týmu VŠE Falcons Prague přes odkaz na profilu a vidíme se tam! 😎

#vsefalcons #wingsforlife",https://www.instagram.com/reel/DXt-tSgiBg7/,,32975,2175,,1495
vsefalcons,instagram,709fceba-e311-48e7-9057-f54a587abf4a,59d7af22-4666-4edd-8736-849ebaf34487,IG Post,IMAGE,20.1.2026 8:00:56,"Nový rok přináší spoustu akcí, na kterých nemůžeš chybět! 🤪

Přepiš si to do kalendáře, ať nezapomeneš, a vidíme se! 👋🏼",https://www.instagram.com/p/DTuZtnoiAQZ/,,14795,78,,60
@cvutengineers,instagram,11963a07-7f0f-48e6-9d81-aa63a7ff4a04,6fba0cd6-26de-4b7b-9ec4-8eeaa060c004,IG Post,IMAGE,16.4.2026 16:33:24,"Engineers v plný parádě 🫡👌🏼.

#srdcelva",https://www.instagram.com/p/DXMwuRvDKSy/,,10708,415,1,41
@cvutengineers,instagram,11963a07-7f0f-48e6-9d81-aa63a7ff4a04,1e2a2046-f005-4761-a79f-699fddbe9eac,IG Story,VIDEO,31.3.2026 6:59:48,MÁME TADY JEDEN REKORD,https://www.instagram.com/stories/cvutengineers/3864802557361455032,,1135,,,1
@riderspardubice,instagram,4d6a67ab-9313-4f77-a82e-abb18adbca5d,e7c9133d-9622-449d-85f3-ac98ccd93ed5,IG Reel,VIDEO,8.4.2026 6:00:06,"Není maska jako maska! 🔥

Tohle je GARNIER Fructis 3v1 Osvěžující hydratační maska na vlasy. 🥝

10/10 gólmanů doporučuje a označuje ji za svou masku č. 1 🔥

@garnier_czsk 
@univerzitnihokej",https://www.instagram.com/reel/DW3B4fQxCU2/,,7014,151,11,57
@univerzitnihokej,instagram,1e114592-3529-4cfe-9977-2598454053af,9c0421b3-a0ec-4923-a361-bde9952be6af,IG Post,IMAGE,2.4.2026 8:26:24,"Semifinále PLAY-IN je za námi, teď už čeká týmy poslední krok před Final Four v Edenu! 😤 Už příští středu poznáme 3️⃣ postupující. O posledním místě se rozhodne v Lucky Loser zápase. ⚔️

Cesta na Final Four se blíží ke konci a všechno to vyvrcholí 16. a 17. dubna v Edenu! 🔥 Vstupenky na finalfour.cz",https://www.instagram.com/p/DWn12KnF1lm/,,16231,353,,58
@univerzitnihokej,facebook,01b45180-0b14-4a14-96e8-d0a4bab1fb9f,7fb51190-f4bc-40a3-8878-b6627cbee093,FB Post,IMAGE,11.3.2026 21:35:08,ZOTT nejhladovější hráč @pastak22 🥛Otevřel skóre zápasu a teď si otevře zásobu ZOTT HUNGRY 🤤,https://www.facebook.com/1275398168115026/posts/1259018023086374,886,,,,
@engineersprague,facebook,afd06d1d-7b1c-4f66-8d93-ce4255ab773c,8da61f8f-d03e-4cf8-8347-f679e0be4e41,FB Story,VIDEO,10.3.2026 21:31:33,,,,,,,
@cvutengineers,instagram,11963a07-7f0f-48e6-9d81-aa63a7ff4a04,a1448947-5f98-4ff1-a406-89d462d32f07,IG Story,VIDEO,8.4.2026 6:30:51,"POZOR, STARTUJEME UŽ V 19:30! 🚨",https://www.instagram.com/stories/cvutengineers/3870586196124795767,,1498,,,6
@univerzitnihokej,instagram,1e114592-3529-4cfe-9977-2598454053af,ca1e916b-638c-48e0-9431-ddd07861cad6,IG Story,VIDEO,1.4.2026 8:02:53,,https://www.instagram.com/stories/univerzitnihokej/3865559085156425900,,1369,,,1
@riderspardubice,instagram,4d6a67ab-9313-4f77-a82e-abb18adbca5d,15157026-edde-4eba-b1ea-d29cfea7e1cb,IG Post,IMAGE,3.3.2026 17:00:00,"🌴 Na včerejší Survivor zápase získala výherkyně našeho Survivor kvízu parádní reprák JBL, který do soutěže věnoval náš dlouhodobý partner @enteria_holding!

Děkujeme a výherkyni gratulujeme a přejme spoustu kvalitní hudby! 

A jestli bys chtěl taky něco vyhrát, tak se zastav na zápase 9. 3. - vstupenky koupíš přes odkaz v BIU 🤫",https://www.instagram.com/p/DVbg3yojJsD/,,2960,69,,1
@engineersprague,facebook,afd06d1d-7b1c-4f66-8d93-ce4255ab773c,331bd10d-1766-4ec5-bfac-25abb00b45a0,FB Story,VIDEO,11.9.2026 8:33:46,,https://facebook.com/stories/136066081670222/UzpfSVNDOjE3OTAzMTYxMTU2MTA0NDc=/?view_single=1,,,,,
@akademici_plzen,tiktok,8f78cb3d-9c53-4c33-9f39-e6526fd8fa1c,35d45030-956c-4bff-ba89-c69873cf186a,TT Video,VIDEO,7.4.2026 14:17:01,"Nechali jsme na ledě všechno. Bojovali jsme do poslední chvíle, ale jediný gól v prodloužení rozhodl o našem konci v letošní sezoně. Děkujeme vám za každou podporu, za každý hlas z tribuny a za to, že jste byli celou sezonu s námi. Bez vás by to nebylo ono. 💙 Slibujeme, že se vrátíme silnější — a doufáme, že znovu s vámi po boku! #akademiciplzen | 🎥 @yzproduction.cz",https://www.tiktok.com/@akademici_plzen/video/7626021163742792982?utm_campaign=tt4d_open_api&utm_source=7348986504397455361,,1275,85,1,1
@BOhokej,facebook,c9082543-a03b-490f-8f97-66d439acce89,0a06f880-8be7-4446-a704-2d4b10a5561f,FB Post,IMAGE,20.8.2026 8:22:36,"PRVNÍ přátelák letošní sezóny je TU!🔥
HK NOVÝ JIČÍN👹 X BO OSTRAVA🦈
⏰18:00 | 📍Zimní stadion Nový Jičín",https://www.facebook.com/1477974067675582/posts/1605697781569876,283,,,,
@742626308943576,facebook,afcb2720-0a77-4413-95f4-2247bcb8a565,3a897298-47fd-4b75-bba9-6a87742f9770,FB Story,VIDEO,12.9.2026 8:14:01,,https://facebook.com/stories/122099013459029080/UzpfSVNDOjEwOTg4MTA4NjU5NzM1MTc=/?view_single=1,,,,,
@riderspardubice,facebook,f99ed6c3-17cc-46f4-a32e-d9b0576ce2df,65e4a549-be57-45b4-83a7-6176cf1befcc,FB Post,IMAGE,18.3.2026 18:03:43,"Poslední zápas v dresu Riders pro @dominikkopecky_99 a @daniel.skryp! 🔥

Přijď kluky podpořit a rozloučit se s nimi na zápas proti @united_hk! 

Lastdance
🗓️ 23.3. v 19:45
📍 v Enteria Arena 
⚔️ proti @united_hk 

Odkaz na vstupenky najdeš v BIU!🎟️ (I se slevičkou!🤭)

#lastdance#riders",https://www.facebook.com/1592662819534019/posts/1579854104148224,146,,1,,
@united_hk,instagram,b18c071b-0570-48b2-b743-990c668c3c5b,81e5feca-d15e-4c06-ab62-c6d580f0bdda,IG Story,VIDEO,23.8.2026 16:27:25,"Last shift
today",https://www.instagram.com/stories/united_hk/3970180800812984655,,1012,,,1
@akademiciplzen,instagram,65494228-95bf-4f7b-8e68-d47d7262db66,df0ec47e-f076-4f6e-a87f-b87b944f5ccb,IG Reel,VIDEO,3.3.2026 8:30:42,"5 důvodů, proč přijít na Bitvu už v 17:30! 🕺🏼🪽🍻

#akademiciplzen #jarnibitva",https://www.instagram.com/reel/DVamIULjPR7/,,8784,158,,43
@riderspardubice,instagram,4d6a67ab-9313-4f77-a82e-abb18adbca5d,df62725c-5e7c-4d72-9b1a-13588479d232,IG Story,VIDEO,17.4.2026 20:45:18,,https://www.instagram.com/stories/riderspardubice/3877539115768225309,,746,,,1
vsefalcons,instagram,709fceba-e311-48e7-9057-f54a587abf4a,79bc682d-cc75-44d0-acfd-c819d19c9637,IG Story,VIDEO,3.2.2026 21:09:08,KDE VÁS JE VÍC? 😢 @hcnorthwings,https://www.instagram.com/stories/vsefalcons/3824650739360741770,,768,,,3
@BOhokej,facebook,c9082543-a03b-490f-8f97-66d439acce89,2f6346e1-0839-4510-bc9b-1ee73cc9c2ec,FB Story,VIDEO,20.8.2026 16:34:48,,https://facebook.com/stories/100133738792962/UzpfSVNDOjE0MDEyNzE2MDUyNzMyMzA=/?view_single=1,,,,,
@218107044725785,facebook,7a942e3e-6c47-4794-9ba7-bbc7b6d40cb3,0bec0210-b6dd-4bdf-a9ce-466a8063292b,FB Post,IMAGE,7.9.2026 13:55:11,"Slíbili jsme, že vás čeká víc než jen zápas. 👀

Zábava startuje už hodinu před buly a jede dál celý zápas. Doraz oslavit začátek semestru a sezóny od začátku do konce ve velkým stylu. 🙌🏼

🕖 19:00 – Pop-up party před zimákem
🏒 20:00 – Falcons vs. UNIted HK 
📍 Ice Aréna Kateřinky

Na co se můžeš těšit?
🎧 DJ
🎮 Gaming zóna
🍹 Bar
🤝 Stánky partnerů
… a mnoho dalšího 😮‍💨

Semestr takhle ještě nezačínal. Pojďme si to užít 🦅
Odkaz na vstupenky najdeš na našem profilu 🎟️

#welcometofalcons",https://www.facebook.com/122282816036218300/posts/122305579058218300,182,,3,,
@BOhokej,facebook,c9082543-a03b-490f-8f97-66d439acce89,8a0cf979-03a3-4004-9f9d-427d498d5fa7,FB Post,IMAGE,20.8.2026 18:25:34,"Dneska jsme chtěli pořádně prověřit nové tváře. 🦈🔥 A byla to pořádná bitva až do konce! Skóre se drželo dlouho na dostřel, soupeř ale v závěru pojistil výhru gólem do prázdné branky. 

#hockey #boostrava",https://www.facebook.com/1477974067675582/posts/1606123044860683,343,,4,,
@univerzitnihokej,instagram,1e114592-3529-4cfe-9977-2598454053af,f0cde4a5-77db-4900-814f-36eaa0621b16,IG Post,IMAGE,10.4.2026 9:57:20,"LUCKY LOSER = ještě jedna šance probojovat se do @unihokejfinalfour 🏆

V neděli se o všem rozhodne a budeme vědět všechny 4️⃣ týmy! 🔥",https://www.instagram.com/p/DW8moMqiJe2/,,14644,225,2,30
@united_hk,instagram,b18c071b-0570-48b2-b743-990c668c3c5b,0eb333f1-8f09-4868-86d2-9a9ebd557a46,IG Story,VIDEO,25.4.2026 12:59:38,"hlavní je si to udělat  HEZKÝ ⛱️ ☀️ doufám, že si použil spf @ondra_holubec",https://www.instagram.com/stories/united_hk/3883102939875138862,,874,,,
@univerzitnihokej,instagram,1e114592-3529-4cfe-9977-2598454053af,62801e7f-965f-4768-a835-661ec69e9d50,IG Story,VIDEO,8.4.2026 18:03:38,0 3,https://www.instagram.com/stories/univerzitnihokej/3870934891265277415,,805,,,
@riderspardubice,instagram,4d6a67ab-9313-4f77-a82e-abb18adbca5d,dd02fb58-e533-44cd-b4fd-535eab3382a5,IG Story,VIDEO,26.4.2026 12:36:10,,https://www.instagram.com/stories/riderspardubice/3883815880639648049,,841,,,
vsefalcons,instagram,709fceba-e311-48e7-9057-f54a587abf4a,887e3eb7-1b9f-43ee-a507-851e2f6ca320,IG Reel,VIDEO,18.2.2026 8:20:12,Pojďte si s námi vychutnat oslavy včerejší výhry! 🤩,https://www.instagram.com/reel/DU5G8dsCCcF/,,3308,91,,
@riderspardubice,instagram,4d6a67ab-9313-4f77-a82e-abb18adbca5d,ae245096-2ade-4110-9626-d29624615a5a,IG Story,VIDEO,8.4.2026 17:35:24,ŤUKNI SI S KLUKAMA PRO ŠTĚSTÍ!,https://www.instagram.com/stories/riderspardubice/3870929856859261658,,630,,,
@univerzitnihokej,instagram,1e114592-3529-4cfe-9977-2598454053af,0fb63942-2e8e-4c3a-804a-8e89bdd5cdad,IG Story,VIDEO,17.4.2026 14:52:48,,https://www.instagram.com/stories/univerzitnihokej/3877361824534411174,,1801,,,
@riderspardubice,facebook,f99ed6c3-17cc-46f4-a32e-d9b0576ce2df,a137bfb5-f311-47c9-add8-b5338f277bbd,FB Post,IMAGE,4.3.2026 9:01:10,"Venkovní zápas v Brně!🗣️🏒

Venkovní zápas
🗓️ 4.3. v 19:30
📍 ve Sportcentrum Lužánky
⚔️ proti @hc_muni 

#riders#venkovnízápas",https://www.facebook.com/1592662819534019/posts/1567438515389783,138,,,,
vsefalcons,instagram,709fceba-e311-48e7-9057-f54a587abf4a,1fd8a17e-a1f3-415d-b7fe-5ec322b136af,IG Post,IMAGE,13.9.2026 8:59:40,"Pokračujeme už 22. září 🫶🏼 buď toho součástí!

Vstupenky najdeš v appce UniLife nebo přes odkaz na profilu 🎟️",https://www.instagram.com/p/DdOMCR8iGEG/,,5628,134,,9
@akademiciplzen,instagram,65494228-95bf-4f7b-8e68-d47d7262db66,d9e932ac-15d3-46ed-a5c7-a662e29301eb,IG Story,VIDEO,27.8.2026 17:41:22,LAMAČ HOKEJEK  @lesa_matousek 💔,https://www.instagram.com/stories/akademiciplzen/3973117077955038409,,1475,,,1
@riderspardubice,instagram,4d6a67ab-9313-4f77-a82e-abb18adbca5d,791a78ee-7d5a-4834-9f80-aedbf16446cc,IG Story,VIDEO,12.4.2026 11:31:28,TO JE NÁŠ GOOOLMAN! 😏 @63skorpiz  1:0,https://www.instagram.com/stories/riderspardubice/3873636630049649178,,1309,,,
@BOhokej,facebook,c9082543-a03b-490f-8f97-66d439acce89,64098848-8865-4f79-9262-02e2b8805994,FB Video,VIDEO,27.3.2026 19:16:45,"Paparazzi už to ví… Tak si to zapiš taky! 👀

31.3. nás čeká play-in a půjde o všechno! 🔥

#savethedate #hockey #hockeygame",https://www.facebook.com/reel/927894796878842/,457,202,1,,
@boostrava,instagram,1176ddaf-d366-48a2-9639-3c6694c72c85,a4aaae1c-31f3-44eb-aecb-915fcf76056d,IG Story,VIDEO,14.4.2026 10:26:45,,https://www.instagram.com/stories/boostrava/3875053583683299510,,509,,,
@united_hk,instagram,b18c071b-0570-48b2-b743-990c668c3c5b,cc00be00-cac8-488e-9731-85a48c6d2861,IG Story,VIDEO,17.4.2026 20:06:37,,https://www.instagram.com/stories/united_hk/3877519588002903113,,364,,,
@boostrava,instagram,1176ddaf-d366-48a2-9639-3c6694c72c85,137a0935-0e25-4415-9054-ca6d4af8d1d8,IG Story,VIDEO,25.8.2026 9:30:00,,https://www.instagram.com/stories/boostrava/3971420188519976175,,703,,,33
@univerzitnihokej,instagram,1e114592-3529-4cfe-9977-2598454053af,3fa5a6e2-557d-49dd-8719-19d244398281,IG Post,IMAGE,8.3.2026 17:25:28,"Fuha, to byl týden 😮‍💨 Pro některé týmy obzvlášť ziskový, Engineers a Black Dogs si připsali rovnou 6 bodů. 🙌🏼",https://www.instagram.com/p/DVobrh1iOvT/,,3051,69,,2
vsefalcons,instagram,709fceba-e311-48e7-9057-f54a587abf4a,6a1e3d67-f60e-42a4-8dce-6ced95c3d9a7,IG Story,VIDEO,2.3.2026 18:40:36,,https://www.instagram.com/stories/vsefalcons/3844136789179115115,644,828,,,1
@riderspardubice,facebook,f99ed6c3-17cc-46f4-a32e-d9b0576ce2df,94f8c557-06a0-4401-8493-90e29638a8f5,FB Post,IMAGE,17.3.2026 21:47:52,Dnes povedený zápas v Ostravě! Odvážíme si do Pardubic 3 body!💪🏼,https://www.facebook.com/1592662819534019/posts/1579141367552831,137,,4,,
@united_hk,instagram,b18c071b-0570-48b2-b743-990c668c3c5b,992c2768-e9b7-430c-ae99-b9ba2d1c8b9f,IG Story,VIDEO,23.8.2026 16:28:33,,https://www.instagram.com/stories/united_hk/3970181315068218385,,498,,,
vsefalcons,instagram,709fceba-e311-48e7-9057-f54a587abf4a,d18dd584-e724-4bb2-b6af-1bada6d026da,IG Reel,VIDEO,17.2.2026 7:33:17,"GAMEDAY 🚨
První den ve škole? Splněno.
Teď si zasloužíš odměnu. 🔥

Doraz na hokej a vypni hlavu. Odkaz na lístky v biu👆🏻",https://www.instagram.com/reel/DU2cebACNOT/,,4428,66,,5
@bitvaoprahu,instagram,d7c8aa06-74fb-4c6c-a7d2-c2fe1bf6d59c,deee6b77-1b95-4265-83f3-ce6c907b711d,IG Reel,VIDEO,12.3.2026 17:51:32,"🚨 POD VÍKO A PÁTÁ ODBYLA! 🖐🏼

Falcons odskakují do vedení! ➡️ Živě na @sport_ct ➕.",https://www.instagram.com/reel/DVyxK8yDMsV/,,16392,278,,15
@hcnorthwings,facebook,2b08a479-603b-46e4-8a48-2bc0435ccd53,36059bd6-d46c-44bb-8c72-1dba6c731e9a,FB Story,VIDEO,2.3.2026 18:32:52,,,,,,,
@univerzitnihokej,instagram,1e114592-3529-4cfe-9977-2598454053af,7d987f16-f322-495a-8224-3947ab8d9b95,IG Post,IMAGE,12.3.2026 10:55:34,Pražský den D je tady! Kdo dnes urve bronz na @bitvaoprahu ? 🫨,https://www.instagram.com/p/DVyB-skCIvi/,,11474,160,1,42
vsefalcons,instagram,709fceba-e311-48e7-9057-f54a587abf4a,919ccaf0-6adb-44e0-b929-9d4830e04019,IG Story,VIDEO,8.4.2026 17:25:38,nezahálel a rázem přidává další,https://www.instagram.com/stories/vsefalcons/3870915827516054369,896,826,,,3
@riderspardubice,instagram,4d6a67ab-9313-4f77-a82e-abb18adbca5d,b403fd7b-620a-4d9b-bea9-469cf0682bc2,IG Story,VIDEO,17.4.2026 15:07:32,NOVOTNÝ,https://www.instagram.com/stories/riderspardubice/3877369151623030646,,923,,,
@univerzitnihokej,facebook,01b45180-0b14-4a14-96e8-d0a4bab1fb9f,c1fdb243-8ca7-41d9-b7de-2652358e270d,FB Post,IMAGE,28.3.2026 19:14:06,Poslední semifinálový duel vypukne v Plzni 🔥 Farmers se ve vyřazovací části vrátí zpět na půdu Akademiků 🔙,https://www.facebook.com/1275398168115026/posts/1272792498375593,1320,,1,,
@hcnorthwings,facebook,2b08a479-603b-46e4-8a48-2bc0435ccd53,ea3abd1e-ad8b-4f07-b5f6-4f4249fd24da,FB Story,VIDEO,31.8.2026 14:02:02,,https://facebook.com/stories/101955925269645/UzpfSVNDOjMzMTEzMTg3MzIzOTI2ODc=/?view_single=1,,,,,
@bitvaoprahu,instagram,d7c8aa06-74fb-4c6c-a7d2-c2fe1bf6d59c,f94754f8-474f-4f8d-b6e3-ef001a5db666,IG Post,IMAGE,12.3.2026 9:00:52,"Nevíš co na sebe? 😔 Teď už jo! Obleč se do barev tvojí univerzity ať všichni ví, komu fandíš 🫡

Tak co, bude to červená❤️, modrá💙, zelená💚 nebo bílá🤍? 

Finálový večer Bitva o Prahu 🏒
Poslední lístky 👉🏼 bitvaoprahu.cz🎟️",https://www.instagram.com/p/DVx1FYgDEKM/,,11141,251,,74
@bitvaoprahu,facebook,75e0f41f-82be-4f82-a77b-82ac11135ed2,fdd21ef5-f76b-4e37-b99f-89b5193a49b0,FB Video,VIDEO,12.3.2026 17:51:48,"🚨 POD VÍKO A PÁTÁ ODBYLA! 🖐🏼

Falcons odskakují do vedení! ➡️ Živě na @sport_ct ➕.",https://www.facebook.com/reel/1475194137284777/,1227,563,4,,
vsefalcons,instagram,709fceba-e311-48e7-9057-f54a587abf4a,06d62636-c6f5-4471-8df9-d3f481001659,IG Story,VIDEO,17.2.2026 19:49:43,1. TŘETINA,https://www.instagram.com/stories/vsefalcons/3834749490217671686,619,754,,,
vsefalcons,instagram,709fceba-e311-48e7-9057-f54a587abf4a,788582a2-c948-40d2-af6a-b245ebbe3555,IG Story,VIDEO,21.4.2026 18:25:21,ZÍTRA SE VIDÍME NA JAROVĚ! 👋🏼,https://www.instagram.com/stories/vsefalcons/3880367777160668977,858,656,,,3
@vutcavaliersbrno,instagram,b384bebf-72f3-4f9d-8b2d-3677709f6966,911a4ff1-9856-4a9c-a758-819a1c4d6f2a,IG Story,IMAGE,13.9.2026 17:14:48,@filda_cekr vyrovnává na 1:1 🔥 🙌,https://www.instagram.com/stories/vutcavaliersbrno/3985424949745060954,,728,,,1
@univerzitnihokej,instagram,1e114592-3529-4cfe-9977-2598454053af,050a51df-b637-47c1-8fd0-283276a38840,IG Reel,VIDEO,6.3.2026 19:24:30,"Final Four sem, Final Four tam…
Ale kdo ho vlastně bude hrát? 🤔 Ondra vám hezky ve videu ukáže, jak se týmy dostanou mezi nejlepší čtyřku. 👆🏻
🗓️16.-17. duben | 🏟️ Zimní stadion Eden",https://www.instagram.com/reel/DVjfY8OiCYM/,,16131,364,2,106
@riderspardubice,instagram,4d6a67ab-9313-4f77-a82e-abb18adbca5d,5e5963f6-2181-432f-8b2a-c1e4be126ec8,IG Post,IMAGE,9.3.2026 22:29:31,"Dnes se zadařilo!🥳 Sice po prodloužení, ale 2 další body jsou doma!",https://www.instagram.com/p/DVrjEv1jG_5/,,2906,62,,3
@AkademiciPlzen,facebook,d87b94e3-03e8-45d0-b92e-75e9b819545c,69b00d4a-1e60-4653-8d20-147055644160,FB Video,VIDEO,7.9.2026 15:06:12,"V kabíně se nám rozmohl nějaký drb… 🤫
Prý se zítra v 10:00 stane něco velkého. Kluci si to šeptají od sprch až na led, ale nikdo to nechce říct nahlas… 👀

Tak dobře. Už to neutajíme.

🎟️ ZÍTRA v 10:00 startuje předprodej těch nejvýhodnějších vstupenek na Bitvu o Plzeň 2026!
Prvních 24 hodin za zvýhodněnou cenu 150 Kč (120 Kč s Unilife).

🚨 Novinka: Letos poprvé prodáváme MÍSTENKY! Vyber si své místo a zajisti sedadla celé partě.

⏰ Zítra v 10:00 buď u toho! 

#akademiciplzen",https://www.facebook.com/reel/1776633279917640/,687,348,6,,
@riderspardubice,instagram,4d6a67ab-9313-4f77-a82e-abb18adbca5d,9fecef2d-9134-4539-804a-32658dde6ca7,IG Post,IMAGE,15.3.2026 16:51:40,"V pondělí 23. března se uvidíme v letošní sezoně naposledy na domácím ledě! 👋🤩

Vstupenky koupíš přes odkaz v BIU! 🎟️",https://www.instagram.com/p/DV6ZYD4jIE2/,,2608,73,,7
@riderspardubice,facebook,f99ed6c3-17cc-46f4-a32e-d9b0576ce2df,a0e51f0f-6a8b-420b-82ed-453d42bd36a7,FB Post,IMAGE,24.3.2026 2:39:44,Dnes bohužel prohra.,https://www.facebook.com/1592662819534019/posts/1585033786963589,187,,,,
@engineersprague,facebook,afd06d1d-7b1c-4f66-8d93-ce4255ab773c,d38d2bd3-8f96-4589-9e69-5f21ea9eda5b,FB Story,IMAGE,12.3.2026 21:31:24,,,,,,,
@bitvaoprahu,instagram,d7c8aa06-74fb-4c6c-a7d2-c2fe1bf6d59c,1ebe5ec8-4763-4fc9-a740-a4d7fdb67403,IG Post,IMAGE,11.3.2026 11:02:17,Pochod s vidlema? To jen ČZU míří na zimák! 👨🏻‍🌾🔥,https://www.instagram.com/p/DVveMXgF07q/,,8598,65,,71
@riderspardubice,facebook,f99ed6c3-17cc-46f4-a32e-d9b0576ce2df,83ecb542-deb6-4fe0-8106-73fc76c069d4,FB Post,IMAGE,23.3.2026 8:03:51,"Poslední zápas v dresu Riders pro @dominikkopecky_99 a @daniel.skryp! 🔥

Přijď kluky podpořit a rozloučit se s nimi v derby proti @united_hk! 

Lastdance
🗓️ 23.3. v 19:45
📍 v Enteria Arena 
⚔️ proti @united_hk 

Odkaz na vstupenky najdeš v BIU!🎟️ (I se slevičkou!🤭)

#lastdance#riders",https://www.facebook.com/1592662819534019/posts/1584254290374872,150,,,,
vsefalcons,instagram,709fceba-e311-48e7-9057-f54a587abf4a,8f5c480d-1f4b-419d-9a28-7eeecd7d1f11,IG Story,VIDEO,3.3.2026 23:29:15,"Jakub
HROUDA 🎙️",https://www.instagram.com/stories/vsefalcons/3845006955433741157,948,948,,2,5
vsefalcons,instagram,709fceba-e311-48e7-9057-f54a587abf4a,9d83798a-ffb5-4a6e-b056-5a655ba8e02b,IG Story,VIDEO,10.2.2026 18:45:18,kápo na hanbě,https://www.instagram.com/stories/vsefalcons/3829643659260250601,663,846,,,
@akademiciplzen,instagram,65494228-95bf-4f7b-8e68-d47d7262db66,dee86a09-b1b1-4cf8-8312-e5bef455720b,IG Story,IMAGE,10.9.2026 21:49:55,,https://www.instagram.com/stories/akademiciplzen/3983389015644728728,,204,,,
@univerzitnihokej,facebook,01b45180-0b14-4a14-96e8-d0a4bab1fb9f,e8f246bc-f0b1-4ba2-884a-beb511bd23eb,FB Video,VIDEO,12.3.2026 19:04:36,Kdo dneska vyhraje finále @bitvaoprahu ?👀,https://www.facebook.com/reel/1185019127040639/,295,113,,,
vsefalcons,instagram,709fceba-e311-48e7-9057-f54a587abf4a,30f9b115-6274-4fdf-ba03-f06599b83c95,IG Story,VIDEO,20.1.2026 17:53:19,❓ ❓ ❓,https://www.instagram.com/stories/vsefalcons/3814397205021227342,,1067,,,1
@united_hk,instagram,b18c071b-0570-48b2-b743-990c668c3c5b,3c614286-9e1c-42e8-af54-5331650daedc,IG Story,VIDEO,15.4.2026 12:53:52,,https://www.instagram.com/stories/united_hk/3875852413181657502,,510,,,3
@riderspardubice,instagram,4d6a67ab-9313-4f77-a82e-abb18adbca5d,3d1fd1e5-feb0-4025-bf3b-52352d0a0b5a,IG Reel,VIDEO,6.9.2026 18:15:25,Malé ohlédnutí za včerejší návštěvou @seznamovakupce 🤩 Děkujeme za super odpoledne a ve čtvrtek se těšíme zas😎,https://www.instagram.com/reel/Dc9JhtDRxUG/,,6314,177,,14
@cvutengineers,instagram,11963a07-7f0f-48e6-9d81-aa63a7ff4a04,cc138d55-aad9-4238-b17c-5c882db1b01d,IG Post,IMAGE,8.8.2026 11:32:18,"Chceš se stát součástí týmu Engineers Prague? Přijď k nám na tryout ukázat, co v tobě je! 🦁

📅 15. srpna |📍 ZS Hvězda, Praha | ⏰ Sraz 18:00

Pokud jsi to ještě neudělal, tak své hokejové CV 
pošli na:
📩 janasek@engineersprague.cz

Těšíme se na tebe!",https://www.instagram.com/p/DbxwyaFsGBr/,,6403,102,,28
@riderspardubice,facebook,f99ed6c3-17cc-46f4-a32e-d9b0576ce2df,d7de6c70-ca9d-4ecd-bffc-bb72762a9323,FB Post,IMAGE,10.3.2026 19:51:35,"Další venkovní zápas!🤩

Venkovní zápas
🗓️ 17.3. v 19:30
📍 v RT Torax Arena 
⚔️ proti @boostrava 

#venkovnízápas#riders",https://www.facebook.com/1592662819534019/posts/1572927184840916,157,,1,,
vsefalcons,instagram,709fceba-e311-48e7-9057-f54a587abf4a,0faae83d-61f1-4285-8683-2ca8d8d7a538,IG Story,VIDEO,14.1.2026 9:06:23,@fanda_david,https://www.instagram.com/stories/vsefalcons/3809783330875419633,,841,,,14
@united_hk,instagram,b18c071b-0570-48b2-b743-990c668c3c5b,29217490-6e47-4bf5-9dd0-a10da80a389f,IG Story,IMAGE,13.9.2026 17:29:44,VÍTĚZSTVÍ JE DOMA! 🎉 🥳,https://www.instagram.com/stories/united_hk/3985432584066171954,,1034,,,1
@riderspardubice,instagram,4d6a67ab-9313-4f77-a82e-abb18adbca5d,57b174e1-a173-4b05-89e2-d8ac8f073d0a,IG Post,IMAGE,1.9.2026 9:42:12,"Druhý přípravný zápas nás čeká s VŠPJ Dukla Knights v Jihlavě!🔥

📅KDY: 2.9. v 20:00
📍KDE: Horácká arena Jihlava",https://www.instagram.com/p/DcvXBE6Ry_q/,,6469,136,,43
@riderspardubice,instagram,4d6a67ab-9313-4f77-a82e-abb18adbca5d,43e0e04a-abd1-4c49-b552-1e4fc0bb1b7f,IG Story,VIDEO,31.3.2026 20:57:30,,https://www.instagram.com/stories/riderspardubice/3865224192019192282,,524,,,
vsefalcons,instagram,709fceba-e311-48e7-9057-f54a587abf4a,6d17a8ce-8dd6-4e07-b9a7-d447b5ca2d96,IG Post,CAROUSEL_ALBUM,23.2.2026 15:42:45,"Survivor game už zítra! 🔥

Pokud ještě nemáš lístky, tak je ideální čas to změnit, jinak přijdeš o hodně 😏 Tak šup šup na profil a vidíme se zítra 👋🏼",https://www.instagram.com/p/DVGxlyliDCW/,,5463,120,,17
vsefalcons,instagram,709fceba-e311-48e7-9057-f54a587abf4a,819d4d1f-a82b-432d-8463-ea5437ffd55c,IG Story,VIDEO,31.3.2026 15:05:00,🤖 🦾 🦿,https://www.instagram.com/stories/vsefalcons/3865046788109541709,1040,944,,,2
@cvutengineers,instagram,11963a07-7f0f-48e6-9d81-aa63a7ff4a04,c5e91a7c-4388-4830-bdeb-878e6219d8f8,IG Story,VIDEO,8.4.2026 17:15:23,GAME MODE ON,https://www.instagram.com/stories/cvutengineers/3870910610531952809,,995,,,
@akademiciplzen,instagram,65494228-95bf-4f7b-8e68-d47d7262db66,fe13fa30-e749-4e56-9004-8bbf5c3b3dcd,IG Story,VIDEO,1.4.2026 19:51:05,,https://www.instagram.com/stories/akademiciplzen/3865915534164642703,,931,,,
vsefalcons,instagram,709fceba-e311-48e7-9057-f54a587abf4a,16158a66-d82c-4521-b50f-a9a7f0c879e6,IG Story,IMAGE,13.3.2026 16:53:02,,https://www.instagram.com/stories/vsefalcons/3852055182590925042,852,872,,,5
@riderspardubice,instagram,4d6a67ab-9313-4f77-a82e-abb18adbca5d,1fd2d4f4-961d-4227-ab88-70b728d2c482,IG Post,IMAGE,10.8.2026 7:19:47,"Riders na dovolené - podívejte se, kde naši hráči trávili léto✈️

Dostyho dovolenkovou destinací se stala Francie🇫🇷

Štágr vyrazil s taťkou objevovat Mallorcu🤩

Lukáš Hebek tentokrát načerpal energii v Turecku🔥

Tomáš Hebek navštívil Španělsko😎

Daniel Burda s nováčkem Michalem Borovičkou vyrazili za sluncem a odpočinkem do Girony🤭

Terčík posílá pozdrav z Rock For People🤘🏼

Beny s přítelkyní si užili krásnou dovolenou😍",https://www.instagram.com/p/Db2dlAQiFdz/,,7019,174,,34
@vutcavaliersbrno,instagram,b384bebf-72f3-4f9d-8b2d-3677709f6966,6edab800-dfd5-4751-bc20-3c41f7c50f36,IG Post,IMAGE,5.3.2026 10:44:54,"Fotoreport ze včerejšího utkání proti @boostrava 🏒👊🏽

📸 @vladisek

#unihokej #vutbrno #vutcavaliersbrno #boostrava",https://www.instagram.com/p/DVf_dDsiOe5/,,3173,92,1,5
@bitvaoprahu,instagram,d7c8aa06-74fb-4c6c-a7d2-c2fe1bf6d59c,bdc2be10-5a9d-442f-8184-6eae5478d113,IG Reel,VIDEO,9.3.2026 17:02:01,"I tuhle písničku si společně zazpíváme už ve čtvrtek! 🗣️

Lístky na bitvaoprahu.cz 🎟️",https://www.instagram.com/reel/DVq9pqkiF3-/,,75572,2474,11,478
@cvutengineers,instagram,11963a07-7f0f-48e6-9d81-aa63a7ff4a04,d073f8b2-8845-4f6c-acbb-a04bf341fc81,IG Post,IMAGE,16.4.2026 21:23:04,"1/2 To nejdůležitější nás ještě čeká ✨

17.4. 
Zimní stadion Eden 
ENG vs. UK
Finále ULLH",https://www.instagram.com/p/DXNRunBDJKx/,,2141,104,,1
@cvutengineers,instagram,11963a07-7f0f-48e6-9d81-aa63a7ff4a04,f4a16f7c-a17a-4a92-b109-e3f4d923496e,IG Story,VIDEO,17.4.2026 22:55:53,,https://www.instagram.com/stories/cvutengineers/3877604809767685897,,970,,,
vsefalcons,instagram,709fceba-e311-48e7-9057-f54a587abf4a,213178ab-98b3-42c4-8ca2-9f273dc4c96a,IG Story,VIDEO,31.3.2026 7:50:40,BOREC NA KONEC aneb,https://www.instagram.com/stories/vsefalcons/3864828272018218904,1073,1359,,5,7
vsefalcons,instagram,709fceba-e311-48e7-9057-f54a587abf4a,2ba1374f-5240-4d57-bb4c-701ffa035c19,IG Story,VIDEO,15.4.2026 8:59:20,A TAKHLE HAPPY BUDEŠ! 🤪,https://www.instagram.com/stories/vsefalcons/3875734361752782510,728,849,,1,4
vsefalcons,instagram,709fceba-e311-48e7-9057-f54a587abf4a,3957588d-b38d-4e75-b18c-49b492c7e657,IG Story,VIDEO,3.2.2026 19:10:39,dnes to bude čistá hra powered by @garnier_czsk 💆🏻‍♂️,https://www.instagram.com/stories/vsefalcons/3824582985094041331,,2380,,,1
@univerzitnihokej,instagram,1e114592-3529-4cfe-9977-2598454053af,4633d5e0-aca9-44f4-9c4d-7bb233eb28bb,IG Story,VIDEO,11.4.2026 15:21:45,,https://www.instagram.com/stories/univerzitnihokej/3873027736000302210,,805,,,2
vsefalcons,instagram,709fceba-e311-48e7-9057-f54a587abf4a,5e30b30b-7b1f-4df5-85e8-10b2db2a1a7d,IG Story,IMAGE,3.2.2026 19:34:54,1 0  Hamršmíd,https://www.instagram.com/stories/vsefalcons/3824595180183887805,,917,,,
vsefalcons,instagram,709fceba-e311-48e7-9057-f54a587abf4a,7e70b5f5-f4bf-44c1-913e-5f78a794f1d9,IG Story,VIDEO,10.3.2026 20:54:21,🥵 JE TO DRAMA,https://www.instagram.com/stories/vsefalcons/3850002309774335715,793,,,,
@riderspardubice,instagram,4d6a67ab-9313-4f77-a82e-abb18adbca5d,8a707224-cab6-4d53-b7a4-ad8721b8667b,IG Reel,VIDEO,4.3.2026 13:53:55,"Přestávka v režii @enteria_holding ! 🚀 Led patří fanouškům a jejich přesné mušce. Děkujeme za spolupráci!
#přestávkovásoutěž#enteriaholding",https://www.instagram.com/reel/DVdwFKKjK4H/,,4433,83,,17
@univerzitnihokej,instagram,1e114592-3529-4cfe-9977-2598454053af,b4116232-477a-4f35-843c-0fbb501d7c0c,IG Reel,VIDEO,18.3.2026 17:35:52,"K hokeji to pivo prostě patří. 😎
A na unihokeji? Jedině @pivoproud 🍻",https://www.instagram.com/reel/DWCMTiyCHkJ/,,5133,61,1,
@bitvaoprahu,facebook,75e0f41f-82be-4f82-a77b-82ac11135ed2,bce84f88-a636-4985-82f3-bb6cd8bc5c62,FB Video,VIDEO,10.3.2026 17:18:00,Hokeeeej je dobreeeeej 👉🏼 lístky na bitvaoprahu.cz 🎟️,https://www.facebook.com/reel/1256738979117088/,1044,471,3,,
@univerzitnihokej,instagram,1e114592-3529-4cfe-9977-2598454053af,ce947262-6d1b-42f1-a0a9-00b993c40f64,IG Story,VIDEO,8.4.2026 18:27:52,4 2,https://www.instagram.com/stories/univerzitnihokej/3870947087286297048,,745,,,
@akademiciplzen,instagram,65494228-95bf-4f7b-8e68-d47d7262db66,e4670b76-2c91-45a6-af14-0b46cecffc91,IG Story,VIDEO,10.9.2026 20:20:57,VÝHRA!!! VÝHRA!!! 🗣️ 🥳 🥳 🥳,https://www.instagram.com/stories/akademiciplzen/3983344241832921510,,561,,,
vsefalcons,instagram,709fceba-e311-48e7-9057-f54a587abf4a,ea6aa820-c9a4-4148-8e6b-ba7c7164a90f,IG Story,VIDEO,3.2.2026 20:59:02,LUKÁŠ NOVÁK 💥,https://www.instagram.com/stories/vsefalcons/3824637567048408862,,1417,,,2
@bitvaoprahu,facebook,75e0f41f-82be-4f82-a77b-82ac11135ed2,5d2de9ab-7185-47db-8787-971c05771592,FB Post,IMAGE,10.4.2026 13:38:05,"Bitva o Prahu v Edenu?! 🫨

Už příští týden se odehraje Final Four, kde čtyři nejlepší týmy budou bojovat o titul mistra 🏆 a rovnou tři z nich dobře znáte 😏

Ať už jsi fanoušek Falcons, Kings nebo Engineers, pojď podpořit svůj tým na nejdůležitější akci sezóny 🔥

Lístky v prodeji na finalfour.cz 🎟️",https://www.facebook.com/1441262177797849/posts/1443789917545075,252,,4,,
vsefalcons,instagram,709fceba-e311-48e7-9057-f54a587abf4a,6e051317-ba77-4913-af9b-ed464f7730a7,IG Story,VIDEO,15.4.2026 8:57:58,JEŠTĚ NEVÍŠ CO SI VZÍT ZÍTRA NA SEBE? TOHLE POŘÍDÍŠ I NA MÍSTĚ 🤩,https://www.instagram.com/stories/vsefalcons/3875733668258157170,749,837,,,4
@vutcavaliersbrno,instagram,b384bebf-72f3-4f9d-8b2d-3677709f6966,a01e8f84-7455-49c7-857e-97c4495c5923,IG Story,VIDEO,31.3.2026 21:02:24,,https://www.instagram.com/stories/vutcavaliersbrno/3865226655702771549,,283,,,
@AkademiciPlzen,facebook,d87b94e3-03e8-45d0-b92e-75e9b819545c,a618d825-fbba-4fcd-b859-5966186a6214,FB Post,IMAGE,6.3.2026 19:48:29,"Jarní bitva už je minulostí! 💥 

Slavnostní buly nám vhodil maskot Olympiády dětí a mládeže, která se uskuteční 24.-28. 1. 2027 u nás v Plzeňském kraji! 🏆

#akademiciplzen 💙 | 📸 @vpotocesevodatoci @novotny_studio.cz",https://www.facebook.com/1357105236437494/posts/1336284845186200,416,,4,,
vsefalcons,instagram,709fceba-e311-48e7-9057-f54a587abf4a,bfa858b8-bd45-428b-b321-304b0598c4eb,IG Reel,VIDEO,3.3.2026 19:15:13,Tenhle gól byl doslova perfektní a nádhernej 🤤🤤,https://www.instagram.com/reel/DVbwJP4CGlR/,,5119,92,,1
@akademiciplzen,instagram,65494228-95bf-4f7b-8e68-d47d7262db66,81df8de5-4c0d-4c02-98b8-955786847f0d,IG Post,IMAGE,7.3.2026 19:56:36,"O Afterparty Jarní bitvy se bude mluvit ještě hodně dlouho… 🧨🪩
Kdo byl, ví. Kdo nebyl, příště nesmí chybět!

#akademiciplzen | 📸 @vpotocesevodatoci",https://www.instagram.com/p/DVmILlTDOFW/,,22812,478,,87
@riderspardubice,instagram,4d6a67ab-9313-4f77-a82e-abb18adbca5d,85c5fcd7-9480-48c8-900b-30b12fb6fc83,IG Story,VIDEO,2.9.2026 19:02:18,@danmatys_ 🔥,https://www.instagram.com/stories/riderspardubice/3977506468404474989,,1121,,,1
@united_hk,instagram,b18c071b-0570-48b2-b743-990c668c3c5b,ebe7c071-15bd-471c-8ab5-b43a086ad5db,IG Post,IMAGE,9.3.2026 16:48:00,"🎂 Narozeniny – Jirka Šrámek

Náš hráč Jirka Šrámek dnes slaví narozeniny.

Všechno nejlepší, Jirko! 🎂
Užij si to.

🖤🧡",https://www.instagram.com/p/DVq8L_3CKtK/,,2039,38,,2
@cvutengineers,instagram,11963a07-7f0f-48e6-9d81-aa63a7ff4a04,1e62bda2-1261-416c-b4e5-3c761a0b52f1,IG Post,IMAGE,5.3.2026 19:28:41,"Kdo nepřišel, o hodně přišel 🤓 S Hradcem to bylo drama až do konce, ale o to líp to vítězství chutná 🤤

📸: @ondra_mann

#srdcelva #engprg",https://www.instagram.com/p/DVg7Zb4jJXd/,,6744,163,,3
@united_hk,instagram,b18c071b-0570-48b2-b743-990c668c3c5b,2a7c57ed-bfb0-4df2-9f80-aa42f713782f,IG Story,VIDEO,21.4.2026 11:44:53,,https://www.instagram.com/stories/united_hk/3880166178266030427,,849,,,3
vsefalcons,instagram,709fceba-e311-48e7-9057-f54a587abf4a,321e97ff-e663-43aa-8d83-e6791b19be95,IG Story,VIDEO,24.3.2026 16:16:13,BUSTED Na cestách jedině do @kfc_cz 👀 🕵🏻‍♂️,https://www.instagram.com/stories/vsefalcons/3860009210507489737,978,1153,,,5
vsefalcons,instagram,709fceba-e311-48e7-9057-f54a587abf4a,35ff69ba-39df-4725-94bb-56d06224a9ce,IG Post,IMAGE,11.2.2026 8:15:39,"Nový semestr je za dveřmi a s ním i série našich domácích zápasů, na které si teď můžeš pořídit balíček s pořádnou slevičkou 🥳
Čeká tě spoustu zábavných aktivit, soutěží a vypjatých utkání, protože konec základní části se blíží 🥶

Balíček pořídíš přes odkaz na profilu.
Akce platí do 17. února.",https://www.instagram.com/p/DUnDHigCI8i/,,8956,72,,33
vsefalcons,instagram,709fceba-e311-48e7-9057-f54a587abf4a,47e5c520-6562-4acf-932a-75a7c2d34a78,IG Story,VIDEO,6.3.2026 19:00:44,,https://www.instagram.com/stories/vsefalcons/3847046026020577272,,751,,,2
@AkademiciPlzen,facebook,d87b94e3-03e8-45d0-b92e-75e9b819545c,99ae9bc3-928c-4c25-b4ea-10e0adf35895,FB Post,IMAGE,20.4.2026 12:52:11,"POV: máš přístup do alba „oblíbené“ v galeriích našich hráčů 👀📸💙 

#akademiciplzen",https://www.facebook.com/1357105236437494/posts/1372565521558132,957,,7,,
vsefalcons,instagram,709fceba-e311-48e7-9057-f54a587abf4a,2f260989-01e3-450c-81ca-85d544f24608,IG Story,VIDEO,17.3.2026 9:01:10,,https://www.instagram.com/stories/vsefalcons/3854716794661566960,987,1228,,,
@hc_muni,instagram,43cd62c8-609d-4ea6-8ce9-cae5242ede0c,3162ce63-3b47-44c4-be1b-a1549e28f634,IG Story,VIDEO,11.4.2026 21:18:56,,https://www.instagram.com/stories/hc_muni/3873207587546518660,,209,,,
vsefalcons,instagram,709fceba-e311-48e7-9057-f54a587abf4a,3ebde160-fba7-4103-a2c5-35c92b45bad5,IG Story,VIDEO,28.3.2026 19:27:26,PLAY-IN MODE trénujeme i v sobotu 🫡 🔥,https://www.instagram.com/stories/vsefalcons/3863004569320044403,819,646,,,3
@riderspardubice,instagram,4d6a67ab-9313-4f77-a82e-abb18adbca5d,ea36792d-74ce-490e-9f88-4a43a2894d9c,IG Story,IMAGE,17.4.2026 21:47:26,,https://www.instagram.com/stories/riderspardubice/3877570507734577739,,495,,,
@hc_muni,instagram,43cd62c8-609d-4ea6-8ce9-cae5242ede0c,f1da025a-6148-4da8-a042-5cb0cf659bdc,IG Post,IMAGE,16.3.2026 8:42:43,"Ve středu v 19:30 jdeme znovu do boje! 🔥
Přijď nás podpořit na Lužánky a pomoct vytvořit skvělou atmosféru! 🐻💙

Lístky koupíš u nás v biu 🎟️

#hcmuni",https://www.instagram.com/p/DV8Fk60jIdL/,,3606,48,,2
@vutcavaliersbrno,instagram,b384bebf-72f3-4f9d-8b2d-3677709f6966,4bce0514-46a7-49e4-9978-16df139e5a12,IG Story,VIDEO,1.4.2026 16:45:47,V Budějovicích domáci prostředí ☺️,https://www.instagram.com/stories/vutcavaliersbrno/3865822273965926213,,555,,,
@bitvaoprahu,facebook,75e0f41f-82be-4f82-a77b-82ac11135ed2,527172df-c449-4880-beb2-aa72743bbb75,FB Post,IMAGE,11.3.2026 11:00:11,VŠE Falcons fans... JSTE READY?! 🦅,https://www.facebook.com/1441262177797849/posts/1418948013362599,206,,,,
@riderspardubice,facebook,f99ed6c3-17cc-46f4-a32e-d9b0576ce2df,7fe47f77-8ae0-4492-bd0f-f4d3bff7b07e,FB Video,VIDEO,12.4.2026 15:17:18,Tenhle moment nezapomeneme! 🫶,https://www.facebook.com/reel/962669956136599/,5110,2993,47,,
@AkademiciPlzen,facebook,d87b94e3-03e8-45d0-b92e-75e9b819545c,dc87a36f-1f4d-4978-ba4c-f676b3016703,FB Video,VIDEO,28.3.2026 12:30:03,"Tak co, užili jste si Jarní bitvu? 👀🔥
Protože to nejdůležitější teprve přichází…

Už 1. 4. nás čeká poslední domácí zápas sezony, kterým zároveň odstartujeme vyřazovací část soutěže. Buď u toho s námi a vytvořme doma vítěznou atmosféru! 💙

🎟️ Lístky najdeš v odkaze v biu nebo na
akademiciplzen.enigoo.cz

#akademiciplzen | 🎥 @yzproduction.cz",https://www.facebook.com/reel/2212279562641168/,431,185,2,,
vsefalcons,instagram,709fceba-e311-48e7-9057-f54a587abf4a,2fa8d8b8-d319-43e6-b190-c382bdec876f,IG Reel,VIDEO,8.1.2026 16:10:11,akorát že vůbec 😶‍🌫️,https://www.instagram.com/reel/DTQYFjfCG8D/,,20511,258,5,43
@akademiciplzen,instagram,65494228-95bf-4f7b-8e68-d47d7262db66,ac16e7b2-74bd-410e-ad2c-df108a4ce210,IG Story,VIDEO,27.8.2026 18:38:20,4 : 2 ZVYŠUJEMEEE!! JAKUB ŠUCHA trefil se @_jakubsucha_,https://www.instagram.com/stories/akademiciplzen/3973145747868402099,,1060,,,1
@akademiciplzen,instagram,65494228-95bf-4f7b-8e68-d47d7262db66,c948eab7-740f-4d19-884d-63cce5d318ac,IG Story,VIDEO,12.9.2026 9:29:50,PŘIDEJ SE K PADELOVÉ KOMUNITĚ NA WHATSAPPU!  PŘIDEJ SE K PADELOVÉ KOMUNITĚ NA WHATSAPPU! CHCEŠ SI PADEL VYZKOUŠET? 📚 MAJÍ SKUPINY TAKÉ PRO ÚPLNÉ ZAČÁTEČNÍKY I ZKUŠENĚJŠÍ HRÁČE!,https://www.instagram.com/stories/akademiciplzen/3984466065404745832,,1422,,,6
@riderspardubice,facebook,f99ed6c3-17cc-46f4-a32e-d9b0576ce2df,4b3a33e3-f831-4d8e-a3b0-73fe3b21cec7,FB Video,VIDEO,16.4.2026 14:34:43,,https://www.facebook.com/reel/952393037372708/,775,245,10,,
vsefalcons,instagram,709fceba-e311-48e7-9057-f54a587abf4a,6783c27c-a7f1-4149-8122-499ce770d319,IG Story,VIDEO,12.3.2026 16:13:09,🎯,https://www.instagram.com/stories/vsefalcons/3851310381255927730,1423,1304,,,
vsefalcons,instagram,709fceba-e311-48e7-9057-f54a587abf4a,ac869b8e-349f-4b4b-9f94-6eb4fb2addcd,IG Story,VIDEO,13.3.2026 17:13:05,,https://www.instagram.com/stories/vsefalcons/3852065279840898521,818,669,,,
@bitvaoprahu,facebook,75e0f41f-82be-4f82-a77b-82ac11135ed2,d5b7880e-961d-4629-b8fa-887bba3398c4,FB Post,IMAGE,12.3.2026 18:41:34,"🥉BRONZ PRO VŠE A TŘI BODY! ✅

Gratulujeme k obhajobě 3. místa , @vsefalcons ! 🎩👏🏼",https://www.facebook.com/1441262177797849/posts/1420314896559244,170,,2,,
@riderspardubice,instagram,4d6a67ab-9313-4f77-a82e-abb18adbca5d,e5689652-dd5c-482a-8adc-7f5f83a0c62c,IG Story,IMAGE,8.4.2026 15:52:24,JSME NA MÍSTĚ⭐️,https://www.instagram.com/stories/riderspardubice/3870868834223920451,,812,,,1
vsefalcons,instagram,709fceba-e311-48e7-9057-f54a587abf4a,2a9ff7ec-4ff4-43ac-9e80-d07da2c2dad3,IG Story,VIDEO,12.3.2026 16:24:51,KOTEL JEDE BOMBY 🥁,https://www.instagram.com/stories/vsefalcons/3851316915302093863,1387,1291,,,7
@cvutengineers,instagram,11963a07-7f0f-48e6-9d81-aa63a7ff4a04,a9bad2e0-d2c1-4695-a744-c55c1c10f018,IG Reel,VIDEO,4.4.2026 12:29:53,"Kdo si s tím podle vás poradil nejlíp? 🤸🏻🦁

#engprg",https://www.instagram.com/reel/DWtbDP3jMPC/,,82822,1396,,67
@bitvaoprahu,instagram,d7c8aa06-74fb-4c6c-a7d2-c2fe1bf6d59c,d07d94af-34ad-486e-ab68-1e6129151b3b,IG Post,IMAGE,12.3.2026 22:41:53,Ideální rande 🟰 Bitva o Prahu?! 😍,https://www.instagram.com/p/DVzSja6DEtI/,,9723,127,,1
vsefalcons,instagram,709fceba-e311-48e7-9057-f54a587abf4a,e4bfd9cf-797c-4948-92ec-32b4618bda66,IG Story,VIDEO,8.4.2026 16:02:22,,https://www.instagram.com/stories/vsefalcons/3870873881481369434,930,852,,,
@univerzitnihokej,facebook,01b45180-0b14-4a14-96e8-d0a4bab1fb9f,ee82b4bc-039f-40ab-add7-1f4fc0881c5c,FB Post,IMAGE,8.4.2026 11:02:11,"Studentský život v kapse 📱 Seznam se s apkou @unilifecz 🚀

Zápasy, eventy ve městě a výhody, který nechceš minout. Tak stahuj aplikaci do svého telefonu! 📲",https://www.facebook.com/1275398168115026/posts/1281129584208551,306,,1,,
univerzitnihokej,tiktok,01c88cf9-594f-408e-a45a-95114221acae,836c53cb-6d87-4078-801a-3b9ed7a21f82,TT Video,VIDEO,16.4.2026 15:03:29,Příchod ve velkém stylu! 🔥,https://www.tiktok.com/@univerzitnihokej/video/7629372902089002242?utm_campaign=tt4d_open_api&utm_source=7348986504397455361,,753,73,1,
@vutcavaliersbrno,instagram,b384bebf-72f3-4f9d-8b2d-3677709f6966,a5da2428-1869-403c-afc8-ef13bdab2596,IG Post,PHOTO,26.3.2026 9:54:28,"VRCHOL SEZONY JE TADY 🔥 
Do Play-in postupujeme z 10. místa a příští týden se utkáme s @blackdogsbudweis_vste, kteří se po základní části umístili na 3. místě 👈
Jeden zápas, který vše rozhodne 🏒",https://www.instagram.com/p/DWV4ko0CLW4/,,3609,88,,6
@bitvaoprahu,instagram,d7c8aa06-74fb-4c6c-a7d2-c2fe1bf6d59c,c7d4361a-f932-49a3-945b-93a992e1a307,IG Post,PHOTO,13.3.2026 18:27:44,"📣 Speakeři na @univerzitnihokej >>> 🗣️🗣️

Jsi stejného názoru? 👀 #bitvaoprahu",https://www.instagram.com/p/DV1algxjPob/,,51341,1423,6,428
@united_hk,instagram,b18c071b-0570-48b2-b743-990c668c3c5b,eba0731d-2ac7-4f43-af0f-8b5c1ab3f751,IG Story,VIDEO,9.4.2026 18:31:57,,https://www.instagram.com/stories/united_hk/3871673732720799833,,363,,,
@engineersprague,facebook,afd06d1d-7b1c-4f66-8d93-ce4255ab773c,f761712d-508b-4872-98de-dd0cd0ab85e7,FB Story,IMAGE,22.8.2026 18:39:32,,https://facebook.com/stories/136066081670222/UzpfSVNDOjQ3NDcxNDY4Mzg5NDI5MTI=/?view_single=1,,,,,
@riderspardubice,instagram,4d6a67ab-9313-4f77-a82e-abb18adbca5d,b2989d6d-db96-434c-9ef3-fcc9342eccef,IG Reel,REEL,31.3.2026 20:35:21,"Tohle je naše cesta na které nás nyní čeká zápas ve finále play-in, který rozhodne, jestli se potkáme v Praze na @unihokejfinalfour‼️🤩🤩🤩🤩🤩",https://www.instagram.com/reel/DWj_it1DGlf/,,7918,125,1,10
@bitvaoprahu,instagram,d7c8aa06-74fb-4c6c-a7d2-c2fe1bf6d59c,73db16a7-1d4e-43d8-8332-afbbcfb48753,IG Post,IMAGE,9.3.2026 8:36:10,"Jídlo a pití zdarma po celou dobu akce, ten nejlepší výhled a afterparty jako bonus? 🫨 To všechno může být ve čtvrtek tvoje, stačí se zapojit do soutěže!

PODMÍNKY:
1) označ do komentáře kámoše, kterýho chceš jako svýho VIP parťáka 🤝🏼
2) sleduj profil @bitvaoprahu 👈🏼

Soutěž probíhá do středy 10:00. Hodně štěstí! 🍀",https://www.instagram.com/p/DVqBtpxjKsE/,,21866,366,332,44
vsefalcons,instagram,709fceba-e311-48e7-9057-f54a587abf4a,a1d1491a-4720-46ba-80d2-c72c66ad7485,IG Story,VIDEO,3.3.2026 12:22:44,"KDO SI SPRÁVNĚ TIPNE, KOLIK GÓLŮ SKÓROVAL @michal.danniel 
ZA POSLEDNÍCH 5 ZÁPASŮ 2 lupeny jsou jeho",https://www.instagram.com/stories/vsefalcons/3844671378096167993,1104,1533,,,4
@akademiciplzen,instagram,65494228-95bf-4f7b-8e68-d47d7262db66,f1f7cad4-19a6-4003-b388-891827e6f6bb,IG Post,IMAGE,6.9.2026 15:54:44,"BITVA O PLZEŇ IS LOADING… ⏳

Do největšího univerzitního derby v Plzni zbývá 44 dní.

📅 21. 10. 2026
🕡 18:30
📍 LOGSPEED CZ Aréna, Plzeň

🎟️ Předprodej vstupenek bude spuštěn už brzy – a to jen na 24 hodin. Tak si to nenech ujít.",https://www.instagram.com/p/Dc85-RGAnor/,,9981,272,,30
@unitedhk,facebook,bfe6cc29-a387-41b9-9bca-b077722556af,41c46f53-3707-4987-bf92-8e7dba334fe8,FB Story,VIDEO,23.8.2026 11:00:42,,https://facebook.com/stories/122099775710388974/UzpfSVNDOjE0NzM0NTMyNTEyOTQ5MzE=/?view_single=1,,,,,
@univerzitnihokej,instagram,1e114592-3529-4cfe-9977-2598454053af,4cf0d6ba-8d83-4501-91d1-57666038e83a,IG Post,ALBUM,31.3.2026 10:02:27,"Dnešní druhý duel PLAY-IN👀

Ostrava 🆚 Riders 
Jeden zápas, který o všem rozhodne! Kdo postoupí do finále? 👇🏻",https://www.instagram.com/p/DWi3Q6RiONi/,,8539,142,,10
@boostrava,instagram,1176ddaf-d366-48a2-9639-3c6694c72c85,648e6137-ccd3-4e74-9b17-2808576caf5f,IG Reel,REEL,31.3.2026 21:55:59,"Vyraž s @kfc_cz kyblíkem do boje! 🔥

To jak ho využiješ je jen na tobě! 🍗

#kfc #kyblik",https://www.instagram.com/reel/DWkIwO5DOdt/,,6496,216,1,21
@engineersprague,facebook,afd06d1d-7b1c-4f66-8d93-ce4255ab773c,6dd34abf-9a51-405e-b762-8c272669eba1,FB Story,VIDEO,4.3.2026 21:56:31,,,,,,,
vsefalcons,instagram,709fceba-e311-48e7-9057-f54a587abf4a,7fce158a-8e00-4b76-a3c6-dbe57f478393,IG Story,VIDEO,15.2.2026 10:59:33,,https://www.instagram.com/stories/vsefalcons/3833033105900842111,681,681,,,
@riderspardubice,facebook,f99ed6c3-17cc-46f4-a32e-d9b0576ce2df,f91c3366-6857-49b9-a933-a40c8ee38317,FB Video,VIDEO,6.4.2026 19:22:09,"V úterý @hcpce, ve středu my! 🏒
Hockeytown 🔥",https://www.facebook.com/reel/1253702206965614/,911,329,4,,
@vutcavaliersbrno,instagram,b384bebf-72f3-4f9d-8b2d-3677709f6966,8dafab58-22bc-4740-9448-d7a936fe8dba,IG Reel,REEL,25.3.2026 21:21:28,"Děkujeme za podporu v průběhu celé základní části❤️ Tím to ale nekončí, příští týden hrajeme první zápas play-in proti @blackdogsbudweis_vste 🏒",https://www.instagram.com/reel/DWUn_7SCN2L/,,3014,52,,2
vsefalcons,instagram,709fceba-e311-48e7-9057-f54a587abf4a,9e999e2f-a864-4905-aefb-9ab289256e4e,IG Story,IMAGE,10.3.2026 23:31:01,🩵,https://www.instagram.com/stories/vsefalcons/3850081195421923792,765,152,,,
@unitedhk,facebook,bfe6cc29-a387-41b9-9bca-b077722556af,349bfb47-cbb7-42d0-8b27-81d8cc1ac1f5,FB Post,IMAGE,12.9.2026 12:15:22,"Zítra nás čeká poslední přípravný zápas před startem sezóny. 🏒

Tentokrát proti polskému U of Opole United Hockey Club

🕔 17:15
🏒 UNIted HK × Opole United Hockey Club

Pak už přijde ostrý start sezóny...",https://www.facebook.com/122180651084388974/posts/122193210326388974,71,,2,,
@univerzitnihokej,facebook,01b45180-0b14-4a14-96e8-d0a4bab1fb9f,52191f7f-0d8f-4711-9a2d-54441f897249,FB Video,VIDEO,4.3.2026 19:27:40,"KFC CHICKEN DETECTIVE 🕵🏻‍♂️🔍
Fanouškovské menu na vás čeká v restauracích KFC🍗",https://www.facebook.com/reel/1609044147094083/,2103,1197,3,,
@riderspardubice,instagram,4d6a67ab-9313-4f77-a82e-abb18adbca5d,266996db-60b5-4d2e-b508-557dc0afca57,IG Post,IMAGE,8.8.2026 11:09:35,"Už zítra se vidíme na @sportovni_park_pardubice 📍. Budeme tu od 8 až do 17h, takže neváhejte dorazit! 

Vidíme se!🐎",https://www.instagram.com/p/DbxuKyzIQps/,,3022,64,,9
vsefalcons,instagram,709fceba-e311-48e7-9057-f54a587abf4a,c3c4cf4f-be64-46d4-a44f-61c80c210ad8,IG Story,VIDEO,20.8.2026 15:17:44,📍 první přátelák,https://www.instagram.com/stories/vsefalcons/3967971378091026172,,1236,,,8
@cvutengineers,instagram,11963a07-7f0f-48e6-9d81-aa63a7ff4a04,188aead6-72ad-4b90-a635-5b2463d74a5b,IG Story,VIDEO,17.4.2026 18:25:33,GAME ON 🔥,https://www.instagram.com/stories/cvutengineers/3877468639146561181,,1348,,,
@united_hk,instagram,b18c071b-0570-48b2-b743-990c668c3c5b,dd5e9b31-c1f6-4179-8c0d-81144dc112a5,IG Story,IMAGE,9.4.2026 13:04:31,,https://www.instagram.com/stories/united_hk/3871509132335421384,,517,,,1
@vutcavaliersbrno,instagram,b384bebf-72f3-4f9d-8b2d-3677709f6966,0d56fcd6-2351-4100-8ac7-325705943fee,IG Post,IMAGE,1.4.2026 19:38:18,"Z celého kavalírského srdce děkujeme všem fanouškům za podporu v letošní sezoně ❤️
Dnešním dnem pro nás sezona sice skončila, ale určitě není na místě věšet hlavy 👈 přinesla i spoustu krásných momentů 🏒 Přece jen… jsme v ní dvojnásobní vládci Brna 😏 🏆
Těšíme se na Vás zase v září 🙌",https://www.instagram.com/p/DWmd6MPiDmq/,,8663,389,4,16
@742626308943576,facebook,afcb2720-0a77-4413-95f4-2247bcb8a565,975663ae-70ff-4ef9-85d1-83f5d0dd04dd,FB Post,IMAGE,8.9.2026 8:00:22,"POZNÁVÁŠ TEN MOMENT? 👀

Loňská Bitva byla 🔥
A letos? 👀

JU × VŠTE
4. 11. 2026 🏒💥

10/10 momenty. 🤫 

#BitvaOBudějce #JUxVŠTE #Budějce #ČeskéBudějovice #JihočeskáUniverzita",https://www.facebook.com/122132173953029080/posts/122144999205029080,93,,1,,
vsefalcons,instagram,709fceba-e311-48e7-9057-f54a587abf4a,5ddd5d90-070f-48ff-9c29-2edcd91cd034,IG Story,VIDEO,10.3.2026 18:39:15,@fn0026 🔍,https://www.instagram.com/stories/vsefalcons/3849934344802584456,1237,,,,1
@boostrava,instagram,1176ddaf-d366-48a2-9639-3c6694c72c85,fa0a4095-b1dc-4882-9144-e1a3122e3e19,IG Story,VIDEO,10.9.2026 16:05:21,,https://www.instagram.com/stories/boostrava/3983215588075697653,,648,,,5
@boostrava,instagram,1176ddaf-d366-48a2-9639-3c6694c72c85,5fcd9875-7632-4ce5-875f-86cd4f242ad2,IG Story,VIDEO,20.8.2026 15:12:47,GETTING READY 👀 🔥,https://www.instagram.com/stories/boostrava/3967968877606633629,,722,,,8
@united_hk,instagram,b18c071b-0570-48b2-b743-990c668c3c5b,e4568d0f-26d0-46c0-9b3f-89e1aee1296f,IG Story,IMAGE,27.4.2026 11:12:52,,https://www.instagram.com/stories/united_hk/3884498878938545974,,739,,,1
@riderspardubice,facebook,f99ed6c3-17cc-46f4-a32e-d9b0576ce2df,31d281dd-83b8-4906-ab2e-1d02ca0e428c,FB Video,VIDEO,30.3.2026 15:47:23,"Kluci zašli na fanouškovské menu do @kfc_cz , snacky zmizely rychle, ale kyblík v jejich životech zůstane už napořád ♥️

Co teď kyblík asi na kolejích dělá? 👀 
Tipujte do komentářů 👇",https://www.facebook.com/reel/1994233238179595/,598,172,5,,
vsefalcons,instagram,709fceba-e311-48e7-9057-f54a587abf4a,e18e2cab-b7d2-4c86-b07c-92b872d4e020,IG Reel,VIDEO,23.3.2026 20:13:17,Čas běží kluci…⏱️ 10 vteřinová challenge 👀,https://www.instagram.com/reel/DWPWnwTCGNM/,,5782,212,4,21
@cvutengineers,instagram,11963a07-7f0f-48e6-9d81-aa63a7ff4a04,f3cd427e-eff1-4251-9fce-6e95f412d686,IG Post,IMAGE,1.4.2026 19:57:32,"Jdeme na Riders! 🐎
Soupeře pro play-in už známe, teď jde opravdu o všechno. 
Buďte u toho s námi 🔥. Let’s go ENGINEERS🦁.

#engprg #srdcelva",https://www.instagram.com/p/DWmebd7DAFL/,,10495,176,,49
vsefalcons,instagram,709fceba-e311-48e7-9057-f54a587abf4a,773a90b2-71e4-461c-a65b-3f51fc6df318,IG Story,IMAGE,30.3.2026 9:28:31,my až zítra budeme slavit výhru,https://www.instagram.com/stories/vsefalcons/3864152671280229884,,,,,
@univerzitnihokej,instagram,1e114592-3529-4cfe-9977-2598454053af,aecc2f1f-16bb-4b3c-93d8-694996f614e0,IG Reel,VIDEO,16.3.2026 17:30:58,Bez kebabu od Kauflandu by to nebyla ta pravá @bitvaoprahu 🌯🔥,https://www.instagram.com/reel/DV9CPAjiLwQ/,,7788,120,,12
vsefalcons,instagram,709fceba-e311-48e7-9057-f54a587abf4a,ff0026c9-4816-471d-b724-44ff38a67f78,IG Story,VIDEO,13.3.2026 16:20:29,,https://www.instagram.com/stories/vsefalcons/3852038805368879881,878,839,,,2
@hcnorthwings,facebook,2b08a479-603b-46e4-8a48-2bc0435ccd53,49ced60f-c3a3-4f80-8c65-39d071c70d44,FB Story,VIDEO,4.3.2026 16:14:09,,,,,,,
@riderspardubice,instagram,4d6a67ab-9313-4f77-a82e-abb18adbca5d,c04c7b9a-df8d-4757-9052-2ab281704990,IG Story,VIDEO,17.4.2026 14:56:42,,https://www.instagram.com/stories/riderspardubice/3877363600335891876,,941,,,
@engineersprague,facebook,afd06d1d-7b1c-4f66-8d93-ce4255ab773c,d46420ef-d7f2-46be-b565-d26a9c0816a7,FB Story,VIDEO,12.3.2026 20:47:38,,,,,,,
@univerzitnihokej,instagram,1e114592-3529-4cfe-9977-2598454053af,e325fbba-ad2f-4c87-a06b-7424ad82654f,IG Post,IMAGE,15.3.2026 18:56:21,"Další dva TOP zápasy máme za sebou a dokonce už známe vítěze letošní základní části 💪🏼 play-in a @unihokejfinalfour se pomalu blíží, jste ready? 😎",https://www.instagram.com/p/DV6nA36CNyu/,,4321,93,,3
vsefalcons,instagram,709fceba-e311-48e7-9057-f54a587abf4a,db98ecc2-763b-48df-a9df-9ef80fdc450b,IG Story,VIDEO,3.2.2026 19:50:57,@hcnorthwings 🌬️ severní vítr do prahy dovezl sníh,https://www.instagram.com/stories/vsefalcons/3824603280693554983,,1778,,,2
@united_hk,instagram,b18c071b-0570-48b2-b743-990c668c3c5b,ea6599ff-94b3-44bf-8865-0e884eb22814,IG Story,IMAGE,9.9.2026 14:46:03,,https://www.instagram.com/stories/united_hk/3982450902385762996,,610,,,
@vutcavaliersbrno,instagram,b384bebf-72f3-4f9d-8b2d-3677709f6966,3e77b39f-9639-471f-a095-de1a4751fb57,IG Reel,VIDEO,16.3.2026 8:21:35,Hattrick @jerabekdmnk ze sobotního utkání proti VŠE Falcons Prague 👈,https://www.instagram.com/reel/DV8DtTtCO_j/,,5968,138,1,13
@riderspardubice,instagram,4d6a67ab-9313-4f77-a82e-abb18adbca5d,563e1b8f-5be4-436c-a674-e9c38a84d587,IG Story,VIDEO,14.4.2026 6:31:11,,https://www.instagram.com/stories/riderspardubice/3874935015415249706,,652,,,
@riderspardubice,instagram,4d6a67ab-9313-4f77-a82e-abb18adbca5d,bdcc1317-05e7-4ef4-a552-973fa3bd0eb9,IG Story,VIDEO,13.9.2026 17:36:43,,https://www.instagram.com/stories/riderspardubice/3985435897030112423,,541,,,3
@akademiciplzen,instagram,65494228-95bf-4f7b-8e68-d47d7262db66,08d836be-8680-4b7f-b19e-4a41e349b84f,IG Story,VIDEO,7.4.2026 17:44:02,VIDÍTE TO TAKY? 😯 @beerik09 🤝🏻 @tomas_ceperko,https://www.instagram.com/stories/akademiciplzen/3870200345054164727,,2285,,,3
@unitedhk,facebook,bfe6cc29-a387-41b9-9bca-b077722556af,c4e5703f-1dea-4fd1-b111-562877d10675,FB Post,PHOTO,31.3.2026 7:51:58,"🔥 Dnes začíná bitva o Final Four.

PLAY-IN.

Jeden zápas, který rozhodne všechno.

Vyhraješ a zůstáváš ve hře.
Prohraješ a sezóna končí.

Dnes jdeme ALL IN.

Drž nám palce.🖤🧡

#unitedhk #unihokej #uhk #hradeckralove",https://www.facebook.com/122180651084388974/posts/122180091506388974,273,,5,,
@bitvaoprahu,facebook,75e0f41f-82be-4f82-a77b-82ac11135ed2,22f96e28-8a7d-4386-973d-ce6a5c04b7d7,FB Post,IMAGE,11.3.2026 11:02:00,Tenhle pochod bude doslova MODRÝ PEKLO! 👹,https://www.facebook.com/1441262177797849/posts/1418950366695697,231,,,,
@united_hk,instagram,b18c071b-0570-48b2-b743-990c668c3c5b,6d969eda-67de-48b5-b67f-9f2107251e87,IG Story,IMAGE,11.9.2026 7:31:15,,https://www.instagram.com/stories/united_hk/3983681615927720116,,2602,,,14
@boostrava,instagram,1176ddaf-d366-48a2-9639-3c6694c72c85,9dda479a-56fc-4e81-8b4f-025a3074e81b,IG Story,VIDEO,20.8.2026 17:38:09,🔥 @rybnikar.ondrej 🐟 SROVNÁVÁME!,https://www.instagram.com/stories/boostrava/3968042036963876320,,779,,,4
@riderspardubice,facebook,f99ed6c3-17cc-46f4-a32e-d9b0576ce2df,0f83188f-6436-4f0b-bb77-87be7f95a00c,FB Post,IMAGE,17.4.2026 11:57:08,"Napiš do komentáře svého nejoblíbenějšího hráče a my vylosujeme dva z vás, kteří vyhrají vstupenky na dnešní FF! 🥉",https://www.facebook.com/1592662819534019/posts/1607223468077954,241,,2,,
vsefalcons,instagram,709fceba-e311-48e7-9057-f54a587abf4a,19b7c9be-75de-4623-aedd-2306da71df05,IG Reel,VIDEO,3.2.2026 22:25:01,zlepšení nálady po minulém týdnu 🎉,https://www.instagram.com/reel/DUT_oC-iCEn/,,3568,104,,1
@united_hk,instagram,b18c071b-0570-48b2-b743-990c668c3c5b,02ac53b3-3c3e-4b3d-943a-5ffd6c40c123,IG Story,VIDEO,10.9.2026 15:43:32,,https://www.instagram.com/stories/united_hk/3983204666040662372,,633,,,1
vsefalcons,instagram,709fceba-e311-48e7-9057-f54a587abf4a,b14944b7-2557-4099-986a-aa0335437e73,IG Story,VIDEO,18.2.2026 7:55:16,,https://www.instagram.com/stories/vsefalcons/3835114677101698029,574,738,,,
@univerzitnihokej,facebook,01b45180-0b14-4a14-96e8-d0a4bab1fb9f,c98254a4-7b4b-4583-99e0-2d219713878a,FB Video,VIDEO,30.3.2026 8:43:14,Zítra startuje PLAY-IN ➡️ boj o postup do @unihokejfinalfour ⚔️,https://www.facebook.com/reel/1235890805250434/,1135,230,4,,
@akademiciplzen,instagram,65494228-95bf-4f7b-8e68-d47d7262db66,07530062-4f48-479e-b8b6-8e596744ca67,IG Story,VIDEO,20.8.2026 17:01:09,🔥 POŘÁDNĚ SE PŘED ZÁPASEM ZAHŘÁT 🤌🏻 🔥,https://www.instagram.com/stories/akademiciplzen/3968023391839754392,,1417,,,
@akademiciplzen,instagram,65494228-95bf-4f7b-8e68-d47d7262db66,29680abc-02bc-4122-a7b3-9cfa7cfbde67,IG Story,VIDEO,1.4.2026 19:13:53,GOOOOOOL! vyrovnáno!,https://www.instagram.com/stories/akademiciplzen/3865896822913113973,,1066,,,
@akademiciplzen,instagram,65494228-95bf-4f7b-8e68-d47d7262db66,3a86626c-df6a-40d5-b631-72a4f66d5b78,IG Story,VIDEO,1.4.2026 16:47:14,,https://www.instagram.com/stories/akademiciplzen/3865823002340643151,,,,,
@univerzitnihokej,instagram,1e114592-3529-4cfe-9977-2598454053af,5b400470-5cf0-4fd4-af32-da017a9d3623,IG Story,VIDEO,8.4.2026 18:46:38,A KOMU FANDÍŠ TY? 🤔,https://www.instagram.com/stories/univerzitnihokej/3870956541616630210,,757,,,
@riderspardubice,facebook,f99ed6c3-17cc-46f4-a32e-d9b0576ce2df,3bb0d4b1-ccbe-4b7e-8466-409781582157,FB Post,IMAGE,16.4.2026 17:13:40,"Tohle byl souboj na ostří nože, přestože jsme na konci zápasu tlačili, tak konečné skóre je ve prospěch @ukkingsprague a my se zítra budeme rvát o bronz! 🥉",https://www.facebook.com/1592662819534019/posts/1606458034821164,873,,13,,
vsefalcons,instagram,709fceba-e311-48e7-9057-f54a587abf4a,ced26e83-ac64-4298-9d7a-66e53d1b782e,IG Story,VIDEO,3.2.2026 8:57:05,,https://www.instagram.com/stories/vsefalcons/3824274149649193887,,997,,,
@boostrava,instagram,1176ddaf-d366-48a2-9639-3c6694c72c85,5ba96b0e-ca4b-4acd-90ad-f17ab95a9264,IG Story,VIDEO,31.3.2026 21:27:23,,https://www.instagram.com/stories/boostrava/3865239323356724518,,745,,,1
@riderspardubice,instagram,4d6a67ab-9313-4f77-a82e-abb18adbca5d,739d9237-0171-4c6e-832c-5a6938fde79f,IG Story,VIDEO,8.4.2026 20:06:48,,https://www.instagram.com/stories/riderspardubice/3870996890360320229,,551,,,4
@cvutengineers,instagram,11963a07-7f0f-48e6-9d81-aa63a7ff4a04,dc1a446c-74a4-4684-b271-31a5a779fce8,IG Story,IMAGE,8.4.2026 18:08:33,0 0,https://www.instagram.com/stories/cvutengineers/3870937361165328368,,931,,,
vsefalcons,instagram,709fceba-e311-48e7-9057-f54a587abf4a,74c547eb-2c9a-483a-a314-c46a6b46bda0,IG Story,VIDEO,10.3.2026 22:47:35,,https://www.instagram.com/stories/vsefalcons/3850059347015513216,764,251,,,1
@218107044725785,facebook,7a942e3e-6c47-4794-9ba7-bbc7b6d40cb3,3dff36ea-f75c-4829-9e1e-eec2c0e1702f,FB Post,IMAGE,9.9.2026 12:20:04,jen tak pro info….,https://www.facebook.com/122282816036218300/posts/122305833968218300,162,,1,,
@boostrava,instagram,1176ddaf-d366-48a2-9639-3c6694c72c85,9177abc9-9bf9-4bce-95f5-ff1d5e215e16,IG Story,VIDEO,1.9.2026 14:34:18,,https://www.instagram.com/stories/boostrava/3976646777256065476,,511,,,2
univerzitnihokej,tiktok,01c88cf9-594f-408e-a45a-95114221acae,f3170b8d-18be-46e8-9387-e443c6f9bfd0,TT Video,VIDEO,19.4.2026 10:39:40,Jsou fanoušci @ČVUT Engineers Prague 🦁 opravdu ti nejlepší? 🦁,https://www.tiktok.com/@univerzitnihokej/video/7630418174386703638?utm_campaign=tt4d_open_api&utm_source=7348986504397455361,,3830,131,,5
@riderspardubice,instagram,4d6a67ab-9313-4f77-a82e-abb18adbca5d,6793a4f7-0d6c-474c-b7b6-28d844b8de99,IG Story,VIDEO,6.4.2026 7:35:55,,https://www.instagram.com/stories/riderspardubice/3869169395826427687,,843,,,1
@akademiciplzen,instagram,65494228-95bf-4f7b-8e68-d47d7262db66,91ed32c2-2fa9-4841-a54f-329450204095,IG Story,VIDEO,18.4.2026 10:13:28,,https://www.instagram.com/stories/akademiciplzen/3877942044987797631,,978,,,
@riderspardubice,instagram,4d6a67ab-9313-4f77-a82e-abb18adbca5d,318e81d8-4942-4c25-8c95-0f2188f41453,IG Story,VIDEO,1.4.2026 16:09:23,,https://www.instagram.com/stories/riderspardubice/3865804005641578206,,498,,,
@akademiciplzen,instagram,65494228-95bf-4f7b-8e68-d47d7262db66,229370ec-e989-4c1e-9ebf-4887c40cff24,IG Story,VIDEO,20.8.2026 19:42:19,PŘIHOŘÍVÁ… 🥊,https://www.instagram.com/stories/akademiciplzen/3968104556546258349,,945,,,32
@BOhokej,facebook,c9082543-a03b-490f-8f97-66d439acce89,ca2d2e42-3929-4877-92cc-895b3f4803ad,FB Video,VIDEO,1.4.2026 16:36:37,"DĚKUJEME fanouškům a @bo_kotel za neskutečnou podporu v letošní sezóně. Vážíme si Vaši podpory a doufáme, že za námi budete stát i nadále. 
Vaši ŽRALOCI🦈❤️‍🩹",https://www.facebook.com/reel/919382640988644/,583,192,5,,
@akademiciplzen,instagram,65494228-95bf-4f7b-8e68-d47d7262db66,a10e8a64-9d5d-4ef0-a762-ac1c5db1ac11,IG Story,IMAGE,9.4.2026 9:57:13,,https://www.instagram.com/stories/akademiciplzen/3871414839868688528,,1134,,,
@united_hk,instagram,b18c071b-0570-48b2-b743-990c668c3c5b,4d9fc720-ffef-4dc6-9c4b-7103eae627c1,IG Story,IMAGE,25.8.2026 16:57:09,@amitydrinks.cz  TRÉNINKOVÁ  SÍLA 🍵 💪,https://www.instagram.com/stories/united_hk/3971645248112928152,,663,,,1
@riderspardubice,facebook,f99ed6c3-17cc-46f4-a32e-d9b0576ce2df,1a63d390-d636-4bb5-b6c1-9f4e2d7e3712,FB Post,IMAGE,15.4.2026 6:00:11,"Jedeme do Prahy reprezentovat na @unihokejfinalfour Riders, Pardubice i naši @upce_cz a bojovat s pražskými týmy o titul vládce ligy. ♥️

🏒 SEMIFINÁLE
🆚 @ukkingsprague
📍 Zimní stadion Eden, Praha
🕓 16. dubna | 16:30

👉 2 dny plný hokeje, atmosféry a afterparty

Ve čtvrtek se rozhodne, jestli půjdeme do finále, nebo o bronz – každopádně v pátek se hraje o medaile.

Pojď do toho s námi a buď u toho.

🎟️ Vstupenky najdeš v BIU.",https://www.facebook.com/1592662819534019/posts/1605059924960975,911,,16,,
@univerzitnihokej,facebook,01b45180-0b14-4a14-96e8-d0a4bab1fb9f,6835f1b4-37c2-4e57-9038-9c75844a9163,FB Video,VIDEO,20.7.2026 14:38:26,"Celou sezónu putoval šek na 100 000 Kč za svým výhercem. Cesta nakonec skončila v Brně 🚗 

Důkaz, že mít účet u ČSOB se opravdu vyplácí 💳
Na další sezónu chystáme s @csobcz další benefity a odměny pro fanoušky ULLH. 🚨",https://www.facebook.com/reel/27438805042437981/,1374,452,3,,
@riderspardubice,instagram,4d6a67ab-9313-4f77-a82e-abb18adbca5d,72ca2875-a567-403b-a644-dca889883246,IG Story,VIDEO,8.4.2026 6:58:23,DNES VYRÁŽÍME DO PRAHY!,https://www.instagram.com/stories/riderspardubice/3870600055212493169,,891,,,
@unitedhk,facebook,bfe6cc29-a387-41b9-9bca-b077722556af,bd85dbfd-56db-4db5-9a34-1d15831c90b2,FB Video,VIDEO,9.3.2026 19:40:41,"🔥 Plná ČPP Aréna, derby Hradec vs. Pardubice a Halftime Show Adama Mišíka.

Východočeské derby univerzit znovu ukázalo, jak vypadá studentský hokej ve velkém stylu v rámci Univerzitní ligy ledního hokeje.
Do arény dorazilo 2 379 fanoušků, kteří vytvořili skvělou atmosféru od prvního buly až do posledních minut.

Na ledě tvrdý souboj UNIted HK a Riders Univerzita Pardubice.
O přestávce velká show – Adam Mišík, který rozpálil celou halu.

🎥 Mrkni na oficiální aftermovie a připomeň si nejlepší momenty z jednoho z největších univerzitních hokejových eventů ve východních Čechách.

🌐 Více info:
www.unitedhk.cz/derby

#unitedhk #unihokej #hokej",https://www.facebook.com/reel/1289277289790222/,191,38,3,,
@cvutengineers,instagram,11963a07-7f0f-48e6-9d81-aa63a7ff4a04,7d7d3044-7564-4098-bdc4-2e560f8c4996,IG Story,IMAGE,11.9.2026 17:04:17,3 5,https://www.instagram.com/stories/cvutengineers/3983970021162361932,,740,,,3
@univerzitnihokej,facebook,01b45180-0b14-4a14-96e8-d0a4bab1fb9f,088256db-78fd-4c2a-9629-38a9d1f39966,FB Post,IMAGE,6.4.2026 8:09:55,"Veselé Velikonoce 🐣 Prokousali jsme se skořápkou a to nejlepší čeká uvnitř 👀
Final Four se blíží… 🔥",https://www.facebook.com/1275398168115026/posts/1279525517702291,496,,5,,
vsefalcons,instagram,709fceba-e311-48e7-9057-f54a587abf4a,0422afb9-d641-4dd8-a86a-72c3b5d9cebb,IG Story,VIDEO,10.2.2026 19:44:37,STAV PO 1. TŘETINĚ 0:2,https://www.instagram.com/stories/vsefalcons/3829673501573831244,618,895,,,
@boostrava,instagram,1176ddaf-d366-48a2-9639-3c6694c72c85,56bf8a82-d52b-4bfd-b6df-e0fd91bc6b3e,IG Reel,VIDEO,24.8.2026 14:47:11,Naši žraloci ve svém přirozeném prostředí! 🦈,https://www.instagram.com/reel/DcbTpBEMObl/,,1841,45,,1
@hcnorthwings,facebook,2b08a479-603b-46e4-8a48-2bc0435ccd53,80f7dc34-3d7d-4e02-80bf-a568770069a3,FB Story,IMAGE,18.3.2026 17:28:14,,,,,,,
vsefalcons,instagram,709fceba-e311-48e7-9057-f54a587abf4a,8b730fe0-4f52-4106-baa3-5af2c3dd906a,IG Story,VIDEO,10.2.2026 19:06:46,,https://www.instagram.com/stories/vsefalcons/3829654598667736188,634,904,,,
@AkademiciPlzen,facebook,d87b94e3-03e8-45d0-b92e-75e9b819545c,e3dbc54d-0765-4d82-87f2-f86ac0940cfc,FB Story,IMAGE,16.9.2026 19:01:36,,https://facebook.com/stories/103234241824606/UzpfSVNDOjEzOTQ3MjI2NzI2MzcwODk=/?view_single=1,,,,,
@united_hk,instagram,b18c071b-0570-48b2-b743-990c668c3c5b,96048195-70b0-4f43-8a47-92b6eb71d5a0,IG Story,VIDEO,28.8.2026 20:34:07,"SLOSOVÁNÍ
1. MÍSTO  Skybox pro 4 na
první domácí zápas!",https://www.instagram.com/stories/united_hk/3973928798420215314,,307,,,
@cvutengineers,instagram,11963a07-7f0f-48e6-9d81-aa63a7ff4a04,99300927-9a89-49d8-8542-fcfd96aac5f4,IG Post,IMAGE,22.3.2026 18:37:19,"Ke konci sezóny se nám nějak rozrostla marodka🤕

Tyhle kluky už do konce sezóny na ledě nejspíš neuvidíte… ale jako support na zápasech nechybí. Ruce a nohy jim teď možná nefungujou ale pořád maj srdce lva 🦁

Btw jestli máte někdo nějakou kouzelnou uzdravovací hůlku tak napište do dm. Využijem 🪄

Kluci posíláme sílu ať se všechno zahojí a vratíte se silnější!✊🏼",https://www.instagram.com/p/DWMnCBijEjS/,,10356,261,,32
@united_hk,instagram,b18c071b-0570-48b2-b743-990c668c3c5b,f00edae1-4f78-4636-ba51-c9272b8b426b,IG Story,IMAGE,26.8.2026 16:11:27,VS,https://www.instagram.com/stories/united_hk/3972347024948558768,,654,,,1
@cvutengineers,instagram,11963a07-7f0f-48e6-9d81-aa63a7ff4a04,0c4c6bfd-2524-4592-862c-0e01158cdf8b,IG Story,VIDEO,22.8.2026 17:51:45,0 0,https://www.instagram.com/stories/cvutengineers/3969498398038201297,,749,,,
@bitvaoprahu,instagram,d7c8aa06-74fb-4c6c-a7d2-c2fe1bf6d59c,1e933561-0630-4ab6-a16e-19aff49fe560,IG Reel,REEL,16.3.2026 18:31:00,"Bylo to takový naše malý šťavnatý tajemstvíčko… 🤫🍗

#kfc @kfc_cz",https://www.instagram.com/reel/DV9JTHZjJsW/,,31607,890,13,566
@univerzitnihokej,instagram,1e114592-3529-4cfe-9977-2598454053af,21b85ae6-0b5b-47cb-8d9c-93139d8ffce2,IG Post,IMAGE,16.3.2026 10:02:56,"Tento týden bude pro některé týmy oddechový, ale v úterý a středu se přeci jen můžete těšit na zajímavá utkání 💪🏼",https://www.instagram.com/p/DV8PZYUCDpe/,,3904,73,,8
@univerzitnihokej,facebook,01b45180-0b14-4a14-96e8-d0a4bab1fb9f,246cdac8-3cff-4d8b-9f50-a038f7c894b0,FB Video,VIDEO,26.3.2026 23:31:13,,https://www.facebook.com/reel/1463467071853769/,,,,,
@218107044725785,facebook,7a942e3e-6c47-4794-9ba7-bbc7b6d40cb3,27ea6632-f0a4-4f55-b418-e405bfe6d9b5,FB Post,IMAGE,8.9.2026 8:37:39,"Falcons rodinko, vidíme se už za ✌🏼 týdny!
Vstupenky kupuj přes odkaz na profilu 🎟️",https://www.facebook.com/122282816036218300/posts/122305679912218300,405,,8,,
vsefalcons,instagram,709fceba-e311-48e7-9057-f54a587abf4a,77b79029-d805-4e32-9a4b-dfe12b3b3f55,IG Post,IMAGE,13.7.2026 17:30:42,"☎️ TRYOUT CALLING 🦅 Další sezona se blíží a my hledáme novou krev. 🔥 Hledáme hráče, kteří chtějí růst, makat a reprezentovat @vsecz 🦅

Myslíš, že na to máš? 👀
📩 Pošli svoje CV a staň se Falconem: hokej@vsefalcons.cz

📅 10. 8.
⏰ 12:00–13:00 a 15:30–17:00
📍 Ice Aréna Kateřinky",https://www.instagram.com/p/DavchdxIfMV/,,10943,94,,22
vsefalcons,instagram,709fceba-e311-48e7-9057-f54a587abf4a,bda85bf2-863e-4326-a2ba-3a1eedd3f5de,IG Story,VIDEO,31.3.2026 14:26:01,,https://www.instagram.com/stories/vsefalcons/3865027162927588038,1061,1006,,,1
@218107044725785,facebook,7a942e3e-6c47-4794-9ba7-bbc7b6d40cb3,d4307537-0f04-4297-b77a-97a19d8fd534,FB Video,VIDEO,17.3.2026 15:52:29,"Happy St. Patrick’s day! 💚

#vsefalcons",https://www.facebook.com/reel/859642987101558/,581,293,6,,
vsefalcons,instagram,709fceba-e311-48e7-9057-f54a587abf4a,e284202b-437d-49e2-9b99-b37cf79ee37d,IG Post,IMAGE,31.3.2026 19:28:36,"První krok je za námi, ale cesta do Final Four ještě nekončí 🥵

Buď u toho s námi ✊🏼🦅",https://www.instagram.com/p/DWj3m1yiHQN/,,9204,194,,29
@hcmuni,facebook,d1f9e9f9-7526-42d4-85aa-13f91e89f7cf,009e89db-ecdc-43b4-ad8f-be8cc46ea75e,FB Story,VIDEO,30.8.2026 12:20:19,,https://facebook.com/stories/107477761381481/UzpfSVNDOjEzMzc4MjM4MzgxNTA2Njk=/?view_single=1,,,,,
@hc_muni,instagram,43cd62c8-609d-4ea6-8ce9-cae5242ede0c,43429994-d1db-483b-ad61-7ac857e4c414,IG Story,VIDEO,14.9.2026 12:09:15,t,https://www.instagram.com/stories/hc_muni/3985995856955874302,,641,,,1
@univerzitnihokej,facebook,01b45180-0b14-4a14-96e8-d0a4bab1fb9f,62aed694-6901-4763-a583-0f4688081bdd,,IMAGE,12.4.2026 21:10:32,Známe účastníky Final Four! 🤩 Které týmy zůstaly v boji o Pohár Jana Palacha a jak vypadaly zápasy o vstupenky do Edenu? 👇🏼,https://www.facebook.com/1275398168115026/posts/1284498583871651,780,,4,,
@AkademiciPlzen,facebook,d87b94e3-03e8-45d0-b92e-75e9b819545c,7331a79d-b11d-412c-92f3-a55d464c36db,FB Post,IMAGE,2.4.2026 15:20:45,"Těžko se teď hledají slova. Včerejším zápasem pro nás sezona 25/26 bohužel končí. Obrovské díky vám všem za podporu! 💙🏒 

#akademiciplzen",https://www.facebook.com/1357105236437494/posts/1358332869648064,372,,35,,
@riderspardubice,instagram,4d6a67ab-9313-4f77-a82e-abb18adbca5d,83b0b6a9-cce7-400a-a262-ba15a1c6a0dd,IG Reel,VIDEO,17.4.2026 9:15:53,"Jak to bude vypadat v Edenu dnes? 🔥

Dnes hrajeme o bronz proti @vsefalcons v 16:30 na zimním stadionu Eden!",https://www.instagram.com/reel/DXOjVZzjH1s/,,2770,88,,2
vsefalcons,instagram,709fceba-e311-48e7-9057-f54a587abf4a,e687085a-aae5-4154-979e-bfd4cc45805e,IG Story,VIDEO,2.3.2026 18:37:08,🙌🏻 let’s go,https://www.instagram.com/stories/vsefalcons/3844135105149281875,645,799,,,
vsefalcons,instagram,709fceba-e311-48e7-9057-f54a587abf4a,3ac094f1-9ec7-45db-b563-a968dde79639,IG Story,VIDEO,19.3.2026 18:13:11,,https://www.instagram.com/stories/vsefalcons/3856444242679835562,922,709,,,
@univerzitnihokej,instagram,1e114592-3529-4cfe-9977-2598454053af,9363cf2c-e78c-4d94-a040-0544b55e93d8,IG Story,VIDEO,18.4.2026 10:26:33,,https://www.instagram.com/stories/univerzitnihokej/3877952665997037303,,1135,,,
vsefalcons,instagram,709fceba-e311-48e7-9057-f54a587abf4a,a6a01959-159d-46c7-8de7-0ba6cd5a735d,IG Post,IMAGE,7.12.2025 10:44:11,"VÁNOČNÍ GIVEAWAY 🎁
Už v úterý odehrajeme vánoční zápas proti @ukkingsprague na Hvězdě, a tak pro tebe máme malý dárek v podobě vstupenek! 😏

PRAVIDLA SOUTĚŽE:
1️⃣ Napiš do komentářů, kolik vidíš na obrázku puků na ledě 🏒
2️⃣ Označ parťáka, s kterým bys chtěl/a dorazit 🤝🏼

V pondělí v 18:00 vylosujeme 5 komentářů, hodně štěstí 🍀",https://www.instagram.com/p/DR9Za4iiH8D/,,8261,80,24,29
@cvutengineers,instagram,11963a07-7f0f-48e6-9d81-aa63a7ff4a04,a9696441-ff31-4b68-bcbb-3300247e8c77,IG Story,VIDEO,22.8.2026 8:02:03,,https://www.instagram.com/stories/cvutengineers/3969201593492722580,,2094,,,6
@hcmuni,facebook,d1f9e9f9-7526-42d4-85aa-13f91e89f7cf,fafebb54-d6f5-420e-8872-9a29c8b8f2c5,FB Story,VIDEO,13.9.2026 12:53:11,,https://facebook.com/stories/107477761381481/UzpfSVNDOjI3OTU0NjM2NDc1MTM5Mzg=/?view_single=1,,,,,
@riderspardubice,instagram,4d6a67ab-9313-4f77-a82e-abb18adbca5d,1a6442e4-275e-4e55-965d-bd7ee3043fbc,IG Reel,VIDEO,15.8.2026 15:29:02,Sezóna se neodvratně blíží a my budeme ready🔥,https://www.instagram.com/reel/DcENadYIpDf/,,3308,96,,3
@cvutengineers,instagram,11963a07-7f0f-48e6-9d81-aa63a7ff4a04,e2831f85-e17d-45a2-b188-11b25c14d215,IG Story,VIDEO,18.4.2026 11:01:59,💔,https://www.instagram.com/stories/cvutengineers/3877970224419241249,,1240,,,1
@bitvaoprahu,facebook,75e0f41f-82be-4f82-a77b-82ac11135ed2,e7d48912-6065-408f-82b5-89683f606821,FB Video,VIDEO,12.3.2026 17:37:36,📣 GÓL POHLEDEM SPEAKERA 👁️,https://www.facebook.com/reel/1200742478544086/,831,396,4,,
vsefalcons,instagram,709fceba-e311-48e7-9057-f54a587abf4a,e87c48d3-e87c-4056-94af-6acb766cf5ee,IG Story,VIDEO,8.4.2026 15:28:27,POV ⚽️ ⚽️ ⚽️,https://www.instagram.com/stories/vsefalcons/3870856804389376849,994,982,,,1
@riderspardubice,instagram,4d6a67ab-9313-4f77-a82e-abb18adbca5d,1f0ed068-d58a-4468-a2d5-47ec4ecba9af,IG Reel,VIDEO,10.9.2026 16:55:49,"Kluci se dnes vypravili znovu na @seznamovakupce aby seznámili budoucí studenty s týmem Riders a pozvali je na první domácí zápas 21.9. do enteria arény🏒

Takže pokud stále váháš nad koupí lístku, tak neváhej a kup si lístek přes odkaz v našem BIU🎟️",https://www.instagram.com/reel/DdHUCWARjvU/,,6180,107,,23
@hc_muni,instagram,43cd62c8-609d-4ea6-8ce9-cae5242ede0c,2801bcbe-f5c5-4acb-b4ca-bd666fe3028b,IG Story,VIDEO,13.4.2026 14:24:45,🤩,https://www.instagram.com/stories/hc_muni/3874448733740230388,,522,,,
@akademiciplzen,instagram,65494228-95bf-4f7b-8e68-d47d7262db66,60f152f1-9389-497f-85b8-366cb18ccdf4,IG Story,VIDEO,2.4.2026 15:21:58,,https://www.instagram.com/stories/akademiciplzen/3866504861257094738,,1302,,,
@univerzitnihokej,instagram,1e114592-3529-4cfe-9977-2598454053af,8f37e368-ee52-42b9-99b0-b578555f0733,IG Post,IMAGE,1.4.2026 19:24:47,"O největší drama se postarali Black Dogs, kteří porážejí Cavaliers až na samostatné nájezdy 😮‍💨",https://www.instagram.com/p/DWmcChYCLHE/,,5802,156,,16
vsefalcons,instagram,709fceba-e311-48e7-9057-f54a587abf4a,d2b34e33-3022-4ffd-b3e7-251e859e5ce8,IG Story,VIDEO,10.2.2026 18:39:28,PLAYLIST SCHVALUJE @_lukas_novak_92_ 🎤,https://www.instagram.com/stories/vsefalcons/3829640718063280315,,984,,,1
@hc_muni,instagram,43cd62c8-609d-4ea6-8ce9-cae5242ede0c,ed18e31f-b4e2-4367-ae28-bf4ca7c37920,IG Post,IMAGE,16.3.2026 15:00:24,"Sobotní jízda ve snímcích ⚔️🔥 Jak jste si užili víkendový zápas vy? 🐻💙 

📸 @vavra_photo 

#hcnuni",https://www.instagram.com/p/DV8xb_7iFSa/,,8649,172,1,13
@218107044725785,facebook,7a942e3e-6c47-4794-9ba7-bbc7b6d40cb3,f6d92047-3923-4432-9ff3-c3cd66b6f7fb,FB Post,IMAGE,16.4.2026 8:24:46,"Jdeme psát historii. Dnes se rozhodne, jestli zítra budeme hrát o titul 🏆

Nejdůležitější dva dny sezóny. Pojďte si je užít s námi. Těšíme se na vás ❤️‍🔥",https://www.facebook.com/122282816036218300/posts/122284289828218300,511,,16,,
@BOhokej,facebook,c9082543-a03b-490f-8f97-66d439acce89,0b2844f6-3a89-4959-bc0c-b7f1da677039,FB Video,VIDEO,26.3.2026 20:23:14,"Nejhladovější @pastak22 🧨

#zott #zotthungry #zotthungrydrinkthis",https://www.facebook.com/reel/3866984930105177/,552,210,2,,
@riderspardubice,instagram,4d6a67ab-9313-4f77-a82e-abb18adbca5d,5d53524e-4552-4bdf-a15a-cb4e7760d850,IG Story,VIDEO,31.3.2026 17:49:24,@matejterc  NÁS DOSTÁVÁ DO VEDENÍ! 🗣️ 2:1,https://www.instagram.com/stories/riderspardubice/3865129527139930526,,884,,,5
vsefalcons,instagram,709fceba-e311-48e7-9057-f54a587abf4a,d06b7f04-8050-47e2-b030-6d49585a8196,IG Story,VIDEO,18.2.2026 7:55:56,,https://www.instagram.com/stories/vsefalcons/3835115013073815945,558,769,,,2
vsefalcons,instagram,709fceba-e311-48e7-9057-f54a587abf4a,d71c157d-1acf-43f9-aa94-7df0f430ab67,IG Story,IMAGE,3.3.2026 19:29:37,"3 1 Theimer
Daniel
Vosmík",https://www.instagram.com/stories/vsefalcons/3844886264378087117,635,818,,,
@unitedhk,facebook,bfe6cc29-a387-41b9-9bca-b077722556af,3478e402-3cbd-42f2-9c34-548bfcba2111,FB Video,VIDEO,15.9.2026 12:26:25,"Tak na co ještě čekáš?👀

#unitedhk #unihokej #hradeckralove #uhk",https://www.facebook.com/reel/1449972907187338/,103,42,5,,
@univerzitnihokej,facebook,01b45180-0b14-4a14-96e8-d0a4bab1fb9f,42fcd857-9573-4e1b-ae1c-21562b20d83f,FB Video,VIDEO,30.3.2026 12:09:45,"Uvidíme tady traktory, koně nebo snad plzeňský pivo? Kreativitě se meze nekladou 🫰🏼",https://www.facebook.com/reel/958005910007693/,1315,586,,,
@hcnorthwings,facebook,2b08a479-603b-46e4-8a48-2bc0435ccd53,8360e604-69ac-4976-919f-6fa5401c8949,FB Post,IMAGE,20.8.2026 9:28:34,"Krátké 📸 ohlédnutí za přátelským utkání s A-týmem HC Tygři Klášterec nad Ohří 🦁
Pro náš tým to bylo vítězství 7:0 💛💙

foto by Adéla Gerstnerová Photography",https://www.facebook.com/1583651910433365/posts/1718941630237725,1990,,19,,
vsefalcons,instagram,709fceba-e311-48e7-9057-f54a587abf4a,abaa6f67-654b-409a-a37d-cc6a135bf11c,IG Story,VIDEO,13.3.2026 16:19:00,,https://www.instagram.com/stories/vsefalcons/3852038051618920622,952,908,,,1
vsefalcons,instagram,709fceba-e311-48e7-9057-f54a587abf4a,8d248b4a-b7bc-4225-a251-dc290db06355,IG Story,IMAGE,13.3.2026 16:20:10,,https://www.instagram.com/stories/vsefalcons/3852038645758861694,886,817,,,2
@bitva_o_budejce,instagram,f977c0af-061e-4c10-813f-da5818f8a748,b2933401-e514-4d18-a57a-aa1d0008dc1d,IG Reel,VIDEO,1.9.2026 8:00:23,"COMING SOON… 👀🔥
Už se to blíží.

🗓️ 4. 11. 2026
📍 Budvar aréna, České Budějovice

Buď připraven. Letos to bude zase BITVA. 🏒🔥",https://www.instagram.com/reel/DcvJjLWsuwj/,,32365,829,,260
@218107044725785,facebook,7a942e3e-6c47-4794-9ba7-bbc7b6d40cb3,b39c4b3a-52f3-4c76-bf6e-f1e0071b92f7,FB Post,IMAGE,9.4.2026 13:24:04,"Ten moment, kdy si uvědomíš, že to nebyl jen sen.
PLAY-IN ✅ a teď míříme do @unihokejfinalfour bojovat o titul 🏆

Vstupenky na finalfour.cz 🎟️ Využij náš promo kód na 15% slevu “VSEFANS” 🤑",https://www.facebook.com/122282816036218300/posts/122283188738218300,736,,24,,
@akademiciplzen,instagram,65494228-95bf-4f7b-8e68-d47d7262db66,bbd16902-d900-4e7b-8e9d-65d25f76fcc9,IG Post,IMAGE,9.4.2026 20:36:47,"BRUSLENÍ S AKADEMIKY ⛸️

Dneska jsme si to s vámi užili na maximum. 💙Děkujeme, že jste dorazili! 

#akademiciplzen | 📸 @vpotocesevodatoci",https://www.instagram.com/p/DW7LA1LDGLV/,,14628,343,2,39
@akademiciplzen,instagram,65494228-95bf-4f7b-8e68-d47d7262db66,f736ec29-a5dd-40b3-88e3-d7a490091065,IG Post,IMAGE,6.3.2026 15:09:56,"Podrž tečky, potáhni doprava a uvidíš parádní střelu @v_reitspies10 🔥🎯

📸 @_.hrubytomas._ 

#akademiciplzen #jarnibitva",https://www.instagram.com/p/DVjClGiDNcx/,,7715,177,4,10
@united_hk,tiktok,7e062517-b9da-416d-b73d-a2c5899a2be6,6c1431c4-34db-46b5-9e77-0eee8802970b,TT Video,VIDEO,25.3.2026 16:16:38,Založíš účet do konce března? Pak jsi ve hře o 100 000 Kč. 😏 A to není všechno: ⚡ rychlé a jednoduché založení online 💸 odměna 1 500 Kč za založení účtu 🍻 20 % cashback na drinky na UNIted HK afterparty Takže jestli účet ještě nemáš… možná je teď ideální čas. #unitedhk #unihokej #hokej @Univerzitní hokej 🏒 @ČSOB_CZ ,https://www.tiktok.com/@united_hk/video/7621227874628013334?utm_campaign=tt4d_open_api&utm_source=7348986504397455361,,932,42,,3
vsefalcons,instagram,709fceba-e311-48e7-9057-f54a587abf4a,99d2f9b5-d0d8-4ff4-a61d-0f747892b1c3,IG Story,VIDEO,8.9.2026 18:13:26,👆🏼,https://www.instagram.com/stories/vsefalcons/3981830503090635833,,534,,,6
@riderspardubice,facebook,f99ed6c3-17cc-46f4-a32e-d9b0576ce2df,a1193b29-33bb-41b7-b0a9-77be3781ba7d,FB Post,IMAGE,9.3.2026 12:30:10,"Ready na dnešní zápas? 😎

Vstupenky koupíte přes odkaz v BIU!",https://www.facebook.com/1592662819534019/posts/1571787951621506,203,,3,,
@riderspardubice,instagram,4d6a67ab-9313-4f77-a82e-abb18adbca5d,c80518e0-ba7f-4098-8c79-9c2cfe471494,IG Story,VIDEO,15.4.2026 18:56:07,@enteria_holding,https://www.instagram.com/stories/riderspardubice/3876034727069398712,,490,,,2
@akademici_plzen,tiktok,8f78cb3d-9c53-4c33-9f39-e6526fd8fa1c,ca21a31e-27b7-492a-ac69-e507a4be3d68,TT Video,VIDEO,10.4.2026 13:06:05,Hra bez gólmana není pro slabé povahy. 🫣 #akademiciplzen #hockey #collegehockey #goalkeeper #goalies ,https://www.tiktok.com/@akademici_plzen/video/7627116131353922838?utm_campaign=tt4d_open_api&utm_source=7348986504397455361,,1198,99,,1
@boostrava,instagram,1176ddaf-d366-48a2-9639-3c6694c72c85,36bf30c9-b8cd-4e7d-9166-c84b73aedc91,IG Post,IMAGE,24.3.2026 22:16:56,"Základní část zakončujeme vítězně! 🧨

Dosáhli jsme hranice 50 bodů a pokračujeme do PLAY-IN! 🦈

#hockey #ullh #winners",https://www.instagram.com/p/DWSJaGoDP6V/,,1468,51,,4
@218107044725785,facebook,7a942e3e-6c47-4794-9ba7-bbc7b6d40cb3,a7579f3b-3c3c-4229-bcd7-fec298957d0e,FB Post,IMAGE,10.3.2026 22:21:34,"Absolutní kino 😶‍🌫️ v zápase jsme šli několikrát do vedení, ale soupeř dorovnával a v nájezdech byl úspěšnější 💔

Teď už se na vás těšíme ve čtvrtek na @bitvaoprahu 🫵🏼",https://www.facebook.com/122282816036218300/posts/122278260872218300,331,,3,,
vsefalcons,instagram,709fceba-e311-48e7-9057-f54a587abf4a,d2dd69b8-666e-4fb4-b9e6-60f7033096de,IG Story,VIDEO,22.4.2026 8:20:56,BRUSLE JSME UŽ POVĚSILI NA HŘEBÍK ⚽️ 🤓 TEĎ JE FOOTBALL TIME! přijďte kluky dnes podpořit na Jarov,https://www.instagram.com/stories/vsefalcons/3880788336323355568,996,1470,,1,2
@akademiciplzen,instagram,65494228-95bf-4f7b-8e68-d47d7262db66,35cb4809-7ad6-42c1-8263-2de040e9dd4e,IG Reel,VIDEO,17.3.2026 18:30:05,"Pravidla jsou pravidla. 🤷🏻‍♂️ Co si ale vzít musíte, je pořádná forma na fandění! 

Vidíme se 25. 3. doma proti @czufarmers 🏒🔥

#akademiciplzen",https://www.instagram.com/reel/DV_thb2DBr7/,,18069,452,4,89
@hc_muni,instagram,43cd62c8-609d-4ea6-8ce9-cae5242ede0c,36407e0c-767d-43d9-baa8-8fec2b332aed,IG Reel,VIDEO,15.4.2026 15:51:00,"DÍKY VÁM máme úžasných 42 200Kč pro Honzíka ❤️ Peníze využije na jeho rehabilitace a důležité pomůcky

Kdo by chtěl ještě přispět, odkaz na transparentní účet najdete u nás v biu👆🏻",https://www.instagram.com/reel/DXKGaiwjM2y/,,3806,94,,8
vsefalcons,instagram,709fceba-e311-48e7-9057-f54a587abf4a,45c2d0d5-e1c1-47b6-ab77-a427dbdda696,IG Story,VIDEO,16.4.2026 17:50:38,šlápnem na to!,https://www.instagram.com/stories/vsefalcons/3876726387545516346,1036,911,,2,
@unitedhk,facebook,bfe6cc29-a387-41b9-9bca-b077722556af,5c8e09b9-7253-49f9-b45e-622bde3b838a,FB Video,VIDEO,19.7.2026 12:51:18,"Včera jsme měli možnost být součástí charitativní akce Den s cyklisty. 🚴🧡

Na našem stanovišti jste si mohli vyzkoušet střelbu na branku a užít si trochu hokejové zábavy. 🏒💥

Děkujeme všem, kteří se u nás zastavili. Jsme rádi, že jsme mohli být součástí akce, která spojila sport, skvělou atmosféru a pomoc druhým. 🙏

Těšíme se na další podobná setkání! 🧡

#unitedhk #unihokej #hradeckralove #uhk #denscyklisty",https://www.facebook.com/reel/2007441653272714/,650,192,4,,
vsefalcons,instagram,709fceba-e311-48e7-9057-f54a587abf4a,9de71af7-6e09-4b79-b5e3-eaa022a8cb1a,IG Story,VIDEO,2.9.2026 13:38:45,,https://www.instagram.com/stories/vsefalcons/3977343602572962959,,613,,,1
@riderspardubice,instagram,4d6a67ab-9313-4f77-a82e-abb18adbca5d,cf39beb8-189f-4ada-bdf6-b034442711f7,IG Story,VIDEO,1.4.2026 10:37:48,,https://www.instagram.com/stories/riderspardubice/3865637053811930942,,668,,,1
@akademiciplzen,instagram,65494228-95bf-4f7b-8e68-d47d7262db66,14a54476-00dc-4fdf-a9ec-c99971a1cbd5,IG Post,IMAGE,4.3.2026 11:28:09,"Co na dnešní utkání říká kapitán týmu Jakub Šucha? 🎤

Buďte u důležitého utkání s námi a pomozte nám vyhrát! 
Otevíráme FANZÓNU už v 17:30. 🤹
Poslední lístky najdeš v biu a na plzenskabitva.cz, nebo nás sleduj v 18:50 na ČT sport! 📺

#akademiciplzen 💙",https://www.instagram.com/p/DVdfHJejO5I/,,5438,96,,
@cvutengineers,instagram,11963a07-7f0f-48e6-9d81-aa63a7ff4a04,2993079f-e97d-498a-bc64-d85b20313976,IG Story,VIDEO,15.4.2026 18:10:35,FIRST  TOUCHES 🧊 🧊,https://www.instagram.com/stories/cvutengineers/3876011833501193101,,1044,,,4
vsefalcons,instagram,709fceba-e311-48e7-9057-f54a587abf4a,649308c6-f4df-48c1-9b63-581575ec4a09,IG Post,IMAGE,14.9.2026 17:59:19,"Minulý týden jsme opět zahájili sezónu u našeho generálního partnera @grantthorntoncz na střeše s výhledem, občerstvením ale hlavně ve skvělý společnosti 🤝🏼

Děkujeme za pozvání a za to, že už třetí sezónu můžeme startovat společně 🦅",https://www.instagram.com/p/DdRulvOCF_z/,,7088,169,,20
@riderspardubice,facebook,f99ed6c3-17cc-46f4-a32e-d9b0576ce2df,6c837029-93e4-4151-aa98-b33b526deeb2,FB Video,VIDEO,19.3.2026 14:28:16,"Co Muškys Danovi vzkázal? 

To se dozvíte už 23. března v enteria areně!
Vstupenky koupíš přes odkaz v BIU 🎟️",https://www.facebook.com/reel/1523901149079444/,357,82,,,
@boostrava,instagram,1176ddaf-d366-48a2-9639-3c6694c72c85,71c966f0-e2cb-46a3-b373-d5d199e0fc9c,IG Post,IMAGE,18.3.2026 12:53:01,"Koukni co o výjezdu do Prahy řekl útočník 
Jan Vašenka🎙️",https://www.instagram.com/p/DWBsFcOjHq0/,,1963,24,,
@united_hk,instagram,b18c071b-0570-48b2-b743-990c668c3c5b,a9825d49-70be-467f-a881-66f4ad58af67,IG Story,VIDEO,21.4.2026 14:20:13,Díky našim partnerům 😉,https://www.instagram.com/stories/united_hk/3880244395517694523,,622,,,
vsefalcons,instagram,709fceba-e311-48e7-9057-f54a587abf4a,bdad0ee7-497e-4256-8742-3c1986a8f118,IG Story,IMAGE,10.8.2026 18:52:53,"nové i staré tváře
zpět na 👊🏼",https://www.instagram.com/stories/vsefalcons/3960831950734241545,,1065,,,3
vsefalcons,instagram,709fceba-e311-48e7-9057-f54a587abf4a,ced36a7e-cbc5-4caf-ad1b-483df3db8bc7,IG Post,IMAGE,13.2.2026 7:51:09,"Buď frajer a přijď v úterý fandit! 😎

📅 17.2. 🕐 19:45 📍 @icearenakaterinky 
👊🏼 @united_hk",https://www.instagram.com/p/DUsLVHpCHP1/,,4994,59,,2
@akademiciplzen,instagram,65494228-95bf-4f7b-8e68-d47d7262db66,926855b3-b476-407e-b442-de9e318b5b70,IG Story,VIDEO,20.4.2026 12:57:37,"Jaké fotky mají kluci z letošní sezóny v albu „oblíbené“? 👀📸 👈🏻 Mrkni, co vybrali!",https://www.instagram.com/stories/akademiciplzen/3879478076774349196,,1090,,,
@vutcavaliersbrno,instagram,b384bebf-72f3-4f9d-8b2d-3677709f6966,e0013876-dcea-441a-97eb-2f14be39eb14,IG Post,IMAGE,14.3.2026 18:35:45,Tři srovnávací branky @jerabekdmnk + gól v prodloužení @riciorsech = důležité dva body do tabulky 🔥🔥🔥,https://www.instagram.com/p/DV4AWWJCDan/,,2834,89,2,5
@hc_muni,instagram,43cd62c8-609d-4ea6-8ce9-cae5242ede0c,f8a34b99-4eb5-42f0-9b85-36b7eb186a70,IG Reel,REEL,30.3.2026 12:21:09,"Špatné kudrliny = špatný den, špatný trénink... prostě katastrofa😩
Ještěže mám v kabině Flexi Hold gel od @garnier_czsk , který udělá dokonalé vlny a tenhle řetězec katastrof hned přeruší. Flexi Hold gel kudrliny okamžitě hydratuje, definuje a fixuje jejich tvar🔥🤯

#cistahlavacistahra #garnierczsk #garnierfructis #hcmuni",https://www.instagram.com/reel/DWgiRvvDIAo/,,7609,181,,36
@riderspardubice,facebook,f99ed6c3-17cc-46f4-a32e-d9b0576ce2df,5e7df751-bf0a-4920-a867-ff17771f9da4,FB Video,VIDEO,24.8.2026 6:32:54,"Přípravný zápas se blíží a víte, jak se to říká - bez práce nejsou koláče🔥",https://www.facebook.com/reel/1768895881096984/,1258,435,10,,
@univerzitnihokej,facebook,01b45180-0b14-4a14-96e8-d0a4bab1fb9f,80c4e608-6d2b-411a-900b-26c390e59ff3,FB Post,IMAGE,12.3.2026 12:06:29,Stanou se vládcem Prahy znovu @ukkingsprague nebo tentokrát zvítězí @cvutengineers ? 💪🏼,https://www.facebook.com/1275398168115026/posts/1259460993042077,549,,,,
@BOhokej,facebook,c9082543-a03b-490f-8f97-66d439acce89,8dfd65d6-04ac-4b24-89bb-70280ad4c637,FB Post,IMAGE,10.9.2026 20:14:33,"Proti Opole United jsme bojovali až do konce, na vítězství to ale dnes nestačilo. 🏒

#hockey #universityteams",https://www.facebook.com/1477974067675582/posts/1625627312910256,354,,2,,
@hokejovy_souboj_univerzit,instagram,cb4021a2-14da-41f5-8b43-0502f11720aa,96cc0002-c26e-4232-93ed-3c5621953643,IG Story,VIDEO,15.9.2026 11:51:44,@vutcavaliersbrno @hc_muni,https://www.instagram.com/stories/hokejovy_souboj_univerzit/3986711815027196901,,2118,,,5
vsefalcons,instagram,709fceba-e311-48e7-9057-f54a587abf4a,9cc4c187-6cd2-459d-873d-cc84706bb03e,IG Story,IMAGE,31.3.2026 16:04:47,0 0,https://www.instagram.com/stories/vsefalcons/3865076860161919307,975,966,,,
@cvutengineers,instagram,11963a07-7f0f-48e6-9d81-aa63a7ff4a04,d7b87b53-c092-430c-8f18-3fac5e9f1e44,IG Story,VIDEO,8.4.2026 19:36:09,NAPĚTÍ BY SE DALO KRÁJET 🔪,https://www.instagram.com/stories/cvutengineers/3870981481686668153,,806,,,
@univerzitnihokej,instagram,1e114592-3529-4cfe-9977-2598454053af,2e4449b4-3a77-4160-a0f2-be298e8d7226,IG Reel,VIDEO,4.3.2026 19:03:48,"ZOTT nejhladovější hráč zápasu? @rihastepan 👀🚀

Na ledě byl při chuti, a nebyl sám.
Hlad měla dnes i tribuna, takže ZOTT HUNGRY putuje i mezi fanoušky! 🥛🔥
#zott #zotthungry #zotthungrydrinkthis",https://www.instagram.com/reel/DVeTU61iCVX/,,9643,211,1,13
@BOhokej,facebook,c9082543-a03b-490f-8f97-66d439acce89,5f539d50-d295-4fbf-aac1-2f2445ea0e37,FB Video,VIDEO,10.4.2026 12:38:49,"Final Four se blíží! Pokud nechceš chybět u největší akce Univerzitního hokeje, tak doraž do Edenu 16. a 17. dubna! 🔥

#finalfour #univerzitnihokej #ullh",https://www.facebook.com/reel/1785207762896678/,506,198,,,
@bitva_o_budejce,instagram,f977c0af-061e-4c10-813f-da5818f8a748,924cd6d5-f8cf-423e-b81b-3d8823cd341a,IG Reel,VIDEO,16.9.2026 8:00:05,"Nemůžeš to dostat z hlavy. A ani nemusíš. 😏🏒
4. 11. se vidíme na ledě v Budvar arény!
🎟️ Vstupenky najdeš na odkazu v BIO.

#bitvaobudejce #budejce #hokej #univerzitnihokej",https://www.instagram.com/reel/DdVzrL4B747/,,6133,52,,8
vsefalcons,instagram,709fceba-e311-48e7-9057-f54a587abf4a,5005ea98-2138-4709-9471-862de72a26ee,IG Story,IMAGE,10.3.2026 19:41:33,"2 0 Fibigr
Hrouda",https://www.instagram.com/stories/vsefalcons/3849965701981322724,804,801,,,1
vsefalcons,instagram,709fceba-e311-48e7-9057-f54a587abf4a,64635736-b8a7-427a-be0d-3961c8e30b93,IG Post,IMAGE,26.1.2026 19:40:43,"Výhra byla blízko, ale nakonec si z pohádkové Hluboké odvážíme pouze bod 👆🏼",https://www.instagram.com/p/DT_GkRuiAAS/,,2111,43,,2
vsefalcons,instagram,709fceba-e311-48e7-9057-f54a587abf4a,8b2f3ab9-8170-4482-a417-48fb2d6ac0d5,IG Story,VIDEO,6.3.2026 19:16:05,PŘED NÁMI 🥵 TĚĚŽKEJ TÝDEN,https://www.instagram.com/stories/vsefalcons/3847053781607448072,,912,,,1
@AkademiciPlzen,facebook,d87b94e3-03e8-45d0-b92e-75e9b819545c,d34e8dcd-ec63-48c6-aacc-a10b2a2cb828,FB Video,VIDEO,2.3.2026 14:46:07,"UŽ JEN 2 DNY! ⏳ Neříkejte nám, že ještě nemáte lístek. 🤫 Poslední šance to napravit je PRÁVĚ TEĎ! 

Nechceme slyšet žádné výmluvy, chceme vás slyšet na tribunách! 😉💙 

🎟️ Lístky v biu.

#akademiciplzen #jarnibitva",https://www.facebook.com/reel/980556995145884/,450,127,2,,
@hcmuni,facebook,d1f9e9f9-7526-42d4-85aa-13f91e89f7cf,81077261-cc7d-4031-8421-a4acafac010f,FB Video,VIDEO,8.3.2026 11:32:52,"Náš starting grid je připraven!!!🐻🚨💙Tak kdo to letos vyhraje?🏁🏎️
Napiš do komentáře! 💬

#hcmuni",https://www.facebook.com/reel/1431711068597106/,2346,483,8,,
@univerzitnihokej,instagram,1e114592-3529-4cfe-9977-2598454053af,c1337c12-8eae-486d-8e49-f878cf36a9c2,IG Post,IMAGE,8.4.2026 9:21:36,"V Praze dnes proběhne i poslední finálový zápas play-in. Engineers se na Hvězdě postaví pardubickým Riders. ⚔️

Statistiky mluví jasně, ale v play-in se může stát cokoliv. Kdo si vybojuje vytoužené místo ve Final Four? 🏒",https://www.instagram.com/p/DW3Y8wPCMyB/,,6897,179,,17
@akademiciplzen,instagram,65494228-95bf-4f7b-8e68-d47d7262db66,f1f58912-7998-4f8d-a882-499c788f4d62,IG Story,VIDEO,12.9.2026 9:10:56,NÁVŠTĚVA U @padelslaviaplzen 🎾,https://www.instagram.com/stories/akademiciplzen/3984456624260684448,,1016,,,2
@riderspardubice,instagram,4d6a67ab-9313-4f77-a82e-abb18adbca5d,f49c9139-af7b-4d90-9d0e-ac1e493a8fd5,IG Post,IMAGE,3.3.2026 10:35:20,"Hlásíme důležitý zápas, bude se hrát o postup do play-off!🚨🗣️

Venkovní zápas
🗓️ 4.3. v 19:30
📍 ve Sportcentrum Lužánky
⚔️ proti @hc_muni 

#riders#venkovnízápas",https://www.instagram.com/p/DVa0b8GDOA7/,,1898,34,,1
@boostrava,instagram,1176ddaf-d366-48a2-9639-3c6694c72c85,5200a953-395c-49ea-ab4c-8faa41412a00,IG Reel,REEL,26.3.2026 20:22:54,"Nejhladovější @pastak22 🧨

#zott #zotthungry #zotthungrydrinkthis",https://www.instagram.com/reel/DWXGINljM9e/,,2162,42,,3
@riderspardubice,instagram,4d6a67ab-9313-4f77-a82e-abb18adbca5d,7741764a-cc6e-455c-aa84-4a72f2c7e04e,IG Story,VIDEO,27.8.2026 12:36:50,,https://www.instagram.com/stories/riderspardubice/3972963780505657072,,576,,,
@unitedhk,facebook,bfe6cc29-a387-41b9-9bca-b077722556af,87573d60-6ea2-42da-a5e2-aba4611bbe81,FB Post,IMAGE,23.4.2026 8:05:52,"Děkujeme MarketingPPC za podporu v sezoně 2025/26.

Digitální agentura, která pomáhá firmám růst díky chytrým online kampaním a práci s daty.

Díky, že stojíte za UNIted HK. 🖤🧡",https://www.facebook.com/122180651084388974/posts/122182204358388974,110,,,,
@riderspardubice,instagram,4d6a67ab-9313-4f77-a82e-abb18adbca5d,bc4e2f5c-a4e2-4c4b-88af-7c26b26f00ee,IG Post,IMAGE,10.9.2026 9:58:13,"Nečekej na nic a utíkej si koupit lístky na první domácí zápas sezóny s @blackdogsbudweis_vste 🔥

Odkaz na lístky najdeš v BIU🎟️

Je to jednoduchý: košík, koupit, zaplatit🤪",https://www.instagram.com/p/DdGkEIkRdKP/,,6848,81,,14
@boostrava,instagram,1176ddaf-d366-48a2-9639-3c6694c72c85,cb1102b0-f8f0-4bc3-890d-9932028b3d82,IG Reel,REEL,31.3.2026 16:04:10,"19:30🔥RT TORAX ARENA PORUBA 
@boostrava x @riderspardubice",https://www.instagram.com/reel/DWjgeemDFsx/,,9994,238,,97
vsefalcons,instagram,709fceba-e311-48e7-9057-f54a587abf4a,e84e26fb-33c4-46e5-ba11-6cea051c2970,IG Story,VIDEO,12.3.2026 15:33:13,@one__timer 🤔,https://www.instagram.com/stories/vsefalcons/3851290258663030053,1472,1442,,,1
@akademiciplzen,instagram,65494228-95bf-4f7b-8e68-d47d7262db66,08913132-cead-45c9-9bb4-6ad0e5ee106f,IG Reel,REEL,28.3.2026 19:29:15,"Beeřík už kluky prohání, aby byli na středu v top formě! ☝🏻
Proženeme takhle ve středu i @czufarmers? 👀🔥

📍 1. 4. | 19:00 | LOGSPEED CZ Aréna
🎟️ Lístky v biu nebo na akademiciplzen.enigoo.cz

#akademiciplzen 💙",https://www.instagram.com/reel/DWcISOUDC0t/,,7558,117,,23
vsefalcons,instagram,709fceba-e311-48e7-9057-f54a587abf4a,2f5bdc45-1acf-4701-9ec7-66a973cf13cb,IG Story,VIDEO,13.3.2026 16:19:44,,https://www.instagram.com/stories/vsefalcons/3852038424047974241,911,915,,,1
@univerzitnihokej,instagram,1e114592-3529-4cfe-9977-2598454053af,85d7089b-a30e-4e95-8588-e36d20501c49,IG Story,VIDEO,17.4.2026 8:48:58,,https://www.instagram.com/stories/univerzitnihokej/3877178542651889102,,2150,,,
@univerzitnihokej,instagram,1e114592-3529-4cfe-9977-2598454053af,0e5eb2a6-59c8-42fa-9aeb-47728d30ffe5,IG Story,VIDEO,8.4.2026 18:55:57,0 4,https://www.instagram.com/stories/univerzitnihokej/3870961217074379060,,735,,,1
vsefalcons,instagram,709fceba-e311-48e7-9057-f54a587abf4a,5294d037-f680-4ca2-a6c3-2c0c27ad3186,IG Reel,VIDEO,15.1.2026 16:02:22,🗒️to do list: získat si děti ✔️,https://www.instagram.com/reel/DTiYxPgiObb/,,4860,71,,41
@akademiciplzen,instagram,65494228-95bf-4f7b-8e68-d47d7262db66,b3bdc788-4d72-4e26-8f81-8afc9f391f21,IG Story,VIDEO,26.8.2026 10:43:19,@_adamsobotka @_rihastepan_ @martin_fort23 @benisek_jiri @kaiser_sim_ @soucek_87 @matyas.bajgar1 @zenisek_ @albert_schacherl @gazicek_ @t_pain_6 @jakubvotoupal @dolhyc17 @_jakubsucha_ @j.cermak_,https://www.instagram.com/stories/akademiciplzen/3972181865947499640,,2433,,,19
@cvutengineers,instagram,11963a07-7f0f-48e6-9d81-aa63a7ff4a04,bb85b8de-5960-4c55-839a-9e905b950835,IG Story,VIDEO,1.4.2026 18:59:45,ZA CHVÍLI SE DOZVÍME SOUPEŘE 🎫,https://www.instagram.com/stories/cvutengineers/3865889706739543459,,987,,,6
@boostrava,instagram,1176ddaf-d366-48a2-9639-3c6694c72c85,f5ced92d-0bb6-4b00-a2c6-66c58ae999d2,IG Post,IMAGE,17.4.2026 8:02:24,"Sezónu 25/26 máme za sebou🔥
Velké poděkování patří našemu generálnímu partnerovi @vitkovice.steel a všem ostatním za podporu, důvěru a spolupráci. Vážíme si toho, že jste součástí naší cesty! 
DĚKUJEME🧡",https://www.instagram.com/p/DXObCd2jCgS/,,3633,104,,4
@univerzitnihokej,facebook,01b45180-0b14-4a14-96e8-d0a4bab1fb9f,360add7d-3b55-4118-9a2c-3ac26cca703e,FB Post,IMAGE,2.4.2026 15:44:11,"Engineers už znají svého soupeře, na domácí půdě vyzvou Riders 🐴
Ve středu se rozhodne, kdo půjde do @unihokejfinalfour 👀",https://www.facebook.com/1275398168115026/posts/1276636007991242,136,,2,,
@VUTCavaliersBrno,facebook,3351b43e-4b71-442b-b2f1-920cd6e57ee5,f782c4db-dd54-4be3-95d9-b93047fa5184,FB Video,VIDEO,31.3.2026 20:59:25,"Základní část je za námi 👈 
A tak jsme si dali s @kfc_cz a jejich fanouškovským menu malé opáčko 🤓
Komu se dařilo nejlépe? @_totti_71 @m_.cernak @vojtechkleofas 🏒",https://www.facebook.com/reel/1646384553212439/,516,172,5,,
@218107044725785,facebook,7a942e3e-6c47-4794-9ba7-bbc7b6d40cb3,4a30ccb9-a9fd-4006-911d-25e1f28872fc,FB Post,PHOTO,31.3.2026 8:42:12,Jdeme do boje ⚔️ DNES JDE O VŠECHNO! 😤,https://www.facebook.com/122282816036218300/posts/122281593890218300,382,,10,,
@unitedhk,facebook,bfe6cc29-a387-41b9-9bca-b077722556af,c3a71ad5-1c2a-429c-9e3e-f124b0d0ba65,FB Video,VIDEO,17.3.2026 18:29:56,"🍕 Pizza Panda na derby

Trička ve vzduchu.
Vouchery pro fanoušky.
A zase o něco lepší atmosféra v hale.

Díky partnerovi Pizza Panda, který podpořil Východočeské derby univerzit a postaral se o tenhle moment přímo v hledišti.

Mrkni na video.

🖤🧡❤️",https://www.facebook.com/reel/2145050326257329/,1180,372,4,,
@engineersprague,facebook,afd06d1d-7b1c-4f66-8d93-ce4255ab773c,e226e9c8-b0eb-4efb-b000-55de2348ffb6,FB Story,VIDEO,4.3.2026 21:57:09,,,,,,,
vsefalcons,instagram,709fceba-e311-48e7-9057-f54a587abf4a,15cba61f-a2bc-4968-b063-34056e5d80da,IG Post,IMAGE,1.4.2026 6:15:28,"Ranní trénink nedopadl úplně podle našich představ 🤕

Někdo si vybral nejhorší možné načasování a přes noc nám byla vyloupena šatna s veškerou výstrojí. Budeme rádi když příspěvek sdílíte, ať se to dostane mezi nejvíc lidí. 

Děkujeme, tým VŠE Falcons 🦅",https://www.instagram.com/p/DWlEYDwCDA6/,,12519,219,2,201
@BOhokej,facebook,c9082543-a03b-490f-8f97-66d439acce89,1e0bc462-4e0b-4af3-920c-6eaef3c6c4ad,FB Post,IMAGE,16.3.2026 20:04:53,"Nenechte si ujít zápas s Pardubicemi! 🍀

Ke vstupence vás čeká pivko a zelená zdarma! 🍻
Vstupenky najdeš v biu 🎫

#hockey #ostrava #stpatricksday2026",https://www.facebook.com/1477974067675582/posts/1464348045704851,233,,,,
@united_hk,instagram,b18c071b-0570-48b2-b743-990c668c3c5b,1f36719b-450f-44c4-a874-aad257edaf1b,IG Story,VIDEO,25.4.2026 15:21:20,RADOST S NIMA PRACOVAT,https://www.instagram.com/stories/united_hk/3883174274080972491,,676,,,2
@AkademiciPlzen,facebook,d87b94e3-03e8-45d0-b92e-75e9b819545c,2fca534f-ac77-4942-bbab-a76906c94ec7,FB Post,IMAGE,3.3.2026 12:22:28,"SPĚCHEJ, abys stihnul 3. vlnu lístků! ⏳
Dnes za 250,- , zítra už za 300,- 🥶

Odkaz na vstupenky najdeš v biu nebo na plzenskabitva.cz",https://www.facebook.com/1357105236437494/posts/1333747992106552,331,,,,
@united_hk,instagram,b18c071b-0570-48b2-b743-990c668c3c5b,39d2cd1b-509b-47c3-8a40-63e8f6576f87,IG Story,IMAGE,9.9.2026 14:33:26,"Děkujeme za pozvání do
podcastu! 😉",https://www.instagram.com/stories/united_hk/3982444561352948759,,691,,,2
@engineersprague,facebook,afd06d1d-7b1c-4f66-8d93-ce4255ab773c,94502aec-b05f-490b-8f8a-74103ef105dd,FB Story,IMAGE,4.3.2026 20:40:06,,,,,,,
vsefalcons,instagram,709fceba-e311-48e7-9057-f54a587abf4a,d537e7ec-306a-4ddd-82f0-ce5aa03f530d,IG Story,VIDEO,13.1.2026 17:32:47,💪🏼 ÚTERÝ jak má být,https://www.instagram.com/stories/vsefalcons/3809313435171697426,,1203,,,1
@akademiciplzen,instagram,65494228-95bf-4f7b-8e68-d47d7262db66,e427f591-a07e-498d-86fb-ee6be87ed2c0,IG Reel,VIDEO,3.3.2026 20:09:24,"Chceš se napít za free na after? 🍹 Zítra máš ideální šanci!

— Doraž zítra v 17:30 do fanzóny, 
— ohákni se do modrobílého,
— dones ten největší transparent, co zvládneš vyrobit! 🏒

Doraž udělat kotel, vidíme se tam! 💙

#akademiciplzen #jarnibitva",https://www.instagram.com/reel/DVb2FaNjGHn/,,11000,148,,37
@bitvaoprahu,facebook,75e0f41f-82be-4f82-a77b-82ac11135ed2,07e9ba7e-71be-4916-8c5b-a1c307efcf29,FB Post,IMAGE,13.3.2026 12:52:47,"🏆🏆 Královské ráno! Žijete všichni? 😀

📸 @vratapolivka_photo , @matyasklapa , @radekkasik1",https://www.facebook.com/1441262177797849/posts/1420877723169628,358,,2,,
vsefalcons,instagram,709fceba-e311-48e7-9057-f54a587abf4a,58057dd6-44ec-46c8-b43b-74fa247c0254,IG Story,IMAGE,2.3.2026 19:59:38,3 1,https://www.instagram.com/stories/vsefalcons/3844176590221636358,635,830,,,
@united_hk,instagram,b18c071b-0570-48b2-b743-990c668c3c5b,8e1cbb43-5084-4dac-86c0-5f9b63bd4d76,IG Story,IMAGE,24.4.2026 8:38:07,,https://www.instagram.com/stories/united_hk/3882246694037393970,,444,,,
@riderspardubice,instagram,4d6a67ab-9313-4f77-a82e-abb18adbca5d,4d2d54b3-8d5d-469d-ab8c-528a7f73b95f,IG Post,IMAGE,15.3.2026 20:00:00,"Po posledním domácím zápase této sezony nás čeká afterparty v @dydybaba! 🤩🪩

Tak doražte na zápas a pak se všichni potkáme v Dýdý!",https://www.instagram.com/p/DV6vAhJjOV0/,,5287,96,2,53
@akademiciplzen,instagram,65494228-95bf-4f7b-8e68-d47d7262db66,847b6d72-3f7c-4260-93d2-850bd50020f2,IG Story,VIDEO,20.8.2026 19:21:40,4 : 1 DNESKA JSME PŘI CHUTI 🤌🏻 🧑🏻‍🍳 VÁCLAV ŠMÍD trefil se,https://www.instagram.com/stories/akademiciplzen/3968094340010272251,,986,,,11
@cvutengineers,instagram,11963a07-7f0f-48e6-9d81-aa63a7ff4a04,f5e80acf-a8ba-4019-8cf1-dd9a98768082,IG Reel,VIDEO,16.9.2026 17:50:33,"Let’s goooo! Zápas se blíží. ⭐️
My už jsme víc než ready. A co vy? 👀🏒
22. 9. se konečně vidíme na Hvězdě! 🦁
🎟️ Lístky v BIU",https://www.instagram.com/reel/DdW2tD3MUhC/,,5215,188,2,29
@bitvaoprahu,instagram,d7c8aa06-74fb-4c6c-a7d2-c2fe1bf6d59c,9c79a192-b238-4672-9820-38a50a0350b3,IG Post,IMAGE,12.3.2026 10:35:17,"Kdyby ""půjdem s davem"" nestačilo - běžte podle mapičky 🗺️🔍",https://www.instagram.com/p/DVx_5kQjLJb/,,6409,97,,23
@riderspardubice,instagram,4d6a67ab-9313-4f77-a82e-abb18adbca5d,d73fd257-7782-409d-ae90-f2ca60f932f7,IG Story,VIDEO,12.4.2026 11:20:42,HRA ZAČÍNÁ OSTŘE🔥 0:0,https://www.instagram.com/stories/riderspardubice/3873631985831024268,,1271,,,
@akademiciplzen,instagram,65494228-95bf-4f7b-8e68-d47d7262db66,dc698a72-db21-4dcd-8f2a-b9202fab5be8,IG Story,VIDEO,24.8.2026 19:02:20,DNESKA SE ZVEDALO OPRAVDU INTENZIVNĚ 🥵 💪🏻 @martin_fort23 @_rihastepan_ @_adamsobotka,https://www.instagram.com/stories/akademiciplzen/3970983527734629729,,1761,,,8
@akademiciplzen,instagram,65494228-95bf-4f7b-8e68-d47d7262db66,47d90576-8103-4d7d-9174-4b855dc255f0,IG Story,VIDEO,31.3.2026 11:43:43,,https://www.instagram.com/stories/akademiciplzen/3864945456166377445,,1369,,,
vsefalcons,instagram,709fceba-e311-48e7-9057-f54a587abf4a,9ffc17a3-9740-4933-b75e-85c7e01f8727,IG Story,VIDEO,3.3.2026 18:44:20,@_lukas_novak_92_ 🤹🏽,https://www.instagram.com/stories/vsefalcons/3844863469946416385,973,1346,,,2
vsefalcons,instagram,709fceba-e311-48e7-9057-f54a587abf4a,05c11520-2fc0-4a67-b8a5-1b234cb6c7a2,IG Post,CAROUSEL_ALBUM,2.3.2026 11:14:01,"Dobrej hokej a pivko k tomu? 😏

Už zítra prvních sto z vás dostane plechovku Proudu zadáčo! 🍻 Tak vem kámoše a doraž podpořit naše kluky v důležitém zápase 💙

Vstupenky k dostání na profilu 🎟️",https://www.instagram.com/p/DVYUZwpiAWi/,,5927,53,,17
@united_hk,instagram,b18c071b-0570-48b2-b743-990c668c3c5b,5fbab01c-0e65-4299-8ba6-7b9170640004,IG Reel,VIDEO,16.8.2026 14:14:22,"Dnes jsme měli další vzácnou návštěvu od paní @monikanebeska.cz a zástupců města Hradec Králové.🏰

Děkujeme za podporu!",https://www.instagram.com/reel/DcGpBHvIQQy/,,2851,37,,7
@univerzitnihokej,instagram,1e114592-3529-4cfe-9977-2598454053af,a5206d77-fb52-4253-a843-d91991ec4cb6,IG Reel,VIDEO,12.3.2026 15:20:36,My jsme ready 👀 a co vy?,https://www.instagram.com/reel/DVygcboCMie/,,7205,149,,8
vsefalcons,instagram,709fceba-e311-48e7-9057-f54a587abf4a,f14890e3-85d1-48e6-8eb6-65a3b1ff5369,IG Story,VIDEO,1.5.2026 9:14:31,,https://www.instagram.com/stories/vsefalcons/3887338296657314120,,698,,,
@united_hk,instagram,b18c071b-0570-48b2-b743-990c668c3c5b,5314c2a0-526c-43b5-8f84-3df8af3c2fb1,IG Story,VIDEO,28.4.2026 6:29:40,,https://www.instagram.com/stories/united_hk/3885079689983190557,,625,,,
vsefalcons,instagram,709fceba-e311-48e7-9057-f54a587abf4a,b9970df7-ad76-4f2b-88fe-8b6fef980e0a,IG Story,VIDEO,26.1.2026 17:56:46,,https://www.instagram.com/stories/vsefalcons/3818747617081874315,,877,,,2
@hcnorthwings,facebook,2b08a479-603b-46e4-8a48-2bc0435ccd53,1c8b36a2-6ecb-4576-96c4-fad5255f0fcf,FB Story,VIDEO,18.8.2026 16:49:00,,,,,,,
@univerzitnihokej,facebook,01b45180-0b14-4a14-96e8-d0a4bab1fb9f,42feec42-7bb2-4dfe-aa40-5fd1c65494bc,FB Post,IMAGE,6.4.2026 17:36:51,"Sezónu VUT letos ukončily až samostatné nájezdy proti Black Dogs v semifinále play-in.

Dvakrát ovládli brněnský Hokejový souboj univerzit a zanechali za sebou silnou stopu. Právě tyhle momenty zůstávají! 🫂",https://www.facebook.com/1275398168115026/posts/1279863977668445,968,,4,,
vsefalcons,instagram,709fceba-e311-48e7-9057-f54a587abf4a,ce9c2fe3-b4b6-4dec-ba92-f778d29f25ba,IG Post,PHOTO,10.3.2026 22:21:20,"Absolutní kino 😶‍🌫️ v zápase jsme šli několikrát do vedení, ale soupeř dorovnával a v nájezdech byl úspěšnější 💔

Teď už se na vás těšíme ve čtvrtek na @bitvaoprahu 🫵🏼",https://www.instagram.com/p/DVuHIRYiEOE/,,2950,61,,4
@hcnorthwings,facebook,2b08a479-603b-46e4-8a48-2bc0435ccd53,f248d753-5fb2-4f68-923d-e1aff3c5cd38,FB Story,VIDEO,4.3.2026 8:35:48,,,,,,,
@akademiciplzen,instagram,65494228-95bf-4f7b-8e68-d47d7262db66,3a9ab2b3-678f-497b-b637-4016f37a4537,IG Story,VIDEO,10.9.2026 18:08:57,🥅 ALBERT SCHACHERL  FILIP ŽENÍŠEK & v bráně se dnes vystřídají,https://www.instagram.com/stories/akademiciplzen/3983277821555516569,,1015,,,
@univerzitnihokej,facebook,01b45180-0b14-4a14-96e8-d0a4bab1fb9f,5066068d-2b10-4f52-8fda-ff2051b973c3,FB Video,VIDEO,21.4.2026 16:00:19,"Co se stane ve sprchách…
zůstane ve sprchách 😏🚿",https://www.facebook.com/reel/2073754913555967/,1911,780,3,,
@riderspardubice,instagram,4d6a67ab-9313-4f77-a82e-abb18adbca5d,fe2dd3f0-df5c-433c-a924-f54146b0a093,IG Post,IMAGE,8.4.2026 7:30:15,"V dnešním zápase se rozhodne, jestli postoupíme do @unihokejfinalfour !🤩🤩 Buď u toho s námi! 

 Finále Play-in
🗓️ 8.4. v 19:30
📍 v ZS Hvězda
⚔️ proti @cvutengineers 

#fináleplayin#riders",https://www.instagram.com/p/DW3MFuQjJ_z/,,2942,42,,6
univerzitnihokej,tiktok,01c88cf9-594f-408e-a45a-95114221acae,f12879fd-c3a5-40ec-94f9-f01d3f363144,TT Video,VIDEO,16.4.2026 20:55:49,Diamantový meč v ruce = parádní gól v přesilovce! 🗡️,https://www.tiktok.com/@univerzitnihokej/video/7629463703049473302?utm_campaign=tt4d_open_api&utm_source=7348986504397455361,,1396,52,1,1
@bitvaoprahu,instagram,d7c8aa06-74fb-4c6c-a7d2-c2fe1bf6d59c,43085ce7-166a-4f39-a656-c4cd5033afd2,IG Story,VIDEO,10.4.2026 14:50:35,,https://www.instagram.com/stories/bitvaoprahu/3872287265737416311,,949,,,1
@AkademiciPlzen,facebook,d87b94e3-03e8-45d0-b92e-75e9b819545c,7b73b012-83ab-4d9c-ab19-de4b72f5ec54,FB Post,IMAGE,6.3.2026 15:10:04,"Podrž tečky, potáhni doprava a uvidíš parádní střelu @v_reitspies10 🔥🎯

#akademiciplzen #jarnibitva",https://www.facebook.com/1357105236437494/posts/1336119718536046,973,,4,,
@riderspardubice,facebook,f99ed6c3-17cc-46f4-a32e-d9b0576ce2df,1b4e315c-f518-492f-a9ae-b286e075acf4,FB Video,VIDEO,4.9.2026 6:27:11,Takhle to vypadalo v úterý na @seznamovakfes 😍,https://www.facebook.com/reel/1046239774862177/,1263,661,2,,
@united_hk,instagram,b18c071b-0570-48b2-b743-990c668c3c5b,71564465-1c2e-47ff-9959-7d5256384116,IG Story,VIDEO,18.4.2026 18:42:57,,https://www.instagram.com/stories/united_hk/3878202422447349034,,349,,,