account_name,social_network_id,carl_account_id,carl_post_id,post_type,media_url_type,published,caption,permalink,impressions,views,likes,comments,shares
@riderspardubice,instagram,4d6a67ab-9313-4f77-a82e-abb18adbca5d,10733b4b-d158-47cd-8f21-3a72a49e2114,IG Reel,VIDEO,17.4.2026 16:18:38,"Chvilku pro sebe 🫂
@63skorpiz & @radek_bednar_",https://www.instagram.com/reel/DXPTkIuDCJx/,,6947,237,,16
vsefalcons,instagram,709fceba-e311-48e7-9057-f54a587abf4a,16cc5f01-ff70-4658-a3aa-ededbb8ebb55,IG Story,VIDEO,3.3.2026 19:54:10,nic hezčího dnes neuvidíš,https://www.instagram.com/stories/vsefalcons/3844902190402043114,579,758,,,
@unitedhk,facebook,bfe6cc29-a387-41b9-9bca-b077722556af,300e18bd-63d2-422b-9cd4-58ef2a65b16d,FB Post,IMAGE,16.7.2026 17:21:15,"V sobotu 18. července budeme u toho. 🚲

UNIted HK najdete na akci Den s cyklisty na Smetanově nábřeží před restaurací Náplavka v Hradci Králové.

Od 10:00 do 17:00 se za námi můžete zastavit u stánku, pokecat o univerzitním hokeji a zároveň podpořit charitativní akci, jejíž výtěžek půjde na Nadační fond seko onkologie, spolek Dlouhá cesta a handicapovaného sportovce.

Na místě bude program pro děti i dospělé, cyklojízda směr Kuks, dražba dresů a sportovních předmětů, doprovodný program a další aktivity.

Vstup na akci je zdarma.

Stavte se za námi na Náplavce. Rádi vás uvidíme.",https://www.facebook.com/122180651084388974/posts/122188802582388974,479,,2,,
vsefalcons,instagram,709fceba-e311-48e7-9057-f54a587abf4a,81f3fee6-5390-408c-8678-5b2f9bade1bb,IG Reel,VIDEO,15.8.2026 15:20:55,Který zvuk zvládli nejlíp? 🙉,https://www.instagram.com/reel/DcEMe5yKD0B/,,6462,159,4,21
@riderspardubice,facebook,f99ed6c3-17cc-46f4-a32e-d9b0576ce2df,bbc46856-4f8d-421a-82d8-7554f98a2225,FB Post,IMAGE,12.3.2026 15:39:22,"Poslední zápas v dresu Riders pro @dominikkopecky_99 🔥

Přijď udělat Dominikovi do enteria areny nezapomenutelnou atmosféru a rozloučit se s ním na zápas proti @united_hk! 

🎟️ Vstupenky ve slevě s kódem KOPECKY20 👀",https://www.facebook.com/1592662819534019/posts/1574561141344187,506,,10,,
@univerzitnihokej,instagram,1e114592-3529-4cfe-9977-2598454053af,cb5aceec-cd17-438f-aa0f-cb13713a8bbc,IG Post,IMAGE,5.4.2026 15:36:49,"V semifinále play-in se letošní sezóna uzavřela i pro BOčko. Vyrovnaný duel s Riders dospěl až do prodloužení, které rozhodlo o konečném výsledku.

Ostravo, díky za energii a nasazení, které jste letos ukázali 💪🏼",https://www.instagram.com/p/DWwVgNFCJMn/,,5167,150,,6
vsefalcons,instagram,709fceba-e311-48e7-9057-f54a587abf4a,0c2e803b-9a31-40c7-9649-c1a43276ee83,IG Post,CAROUSEL_ALBUM,7.2.2026 20:38:07,"Ohlédnutí za úterním zápasem 📸

Další zápas už v úterý 10. 2. od 19:45 proti Riders.
Přijďte nás podpořit a užít si hokej ještě před startem školy 🚀💙
📷 @martincacha",https://www.instagram.com/p/DUeGrMJCPut/,,5939,123,,5
@akademiciplzen,instagram,65494228-95bf-4f7b-8e68-d47d7262db66,12852192-17c5-464a-acfa-192a49ff6333,IG Post,IMAGE,1.4.2026 15:03:14,"Hokejem tenhle večer teprve začíná. 🏒 

Ze stadionu se všichni přesouváme na after do No Limitu. Vidíme se tam! 🕺🏼

#akademiciplzen",https://www.instagram.com/p/DWl99syjP-e/,,12247,154,2,102
@univerzitnihokej,facebook,01b45180-0b14-4a14-96e8-d0a4bab1fb9f,1b06fec3-686e-4bd9-b89d-1f3986ca43da,FB Post,IMAGE,27.3.2026 19:04:12,"Základní část skončila ⏩️ začíná Play-In 🔥

Čekají nás semifinálové bitvy, vítězové jdou do finále Play-In. A odtud už vede jediná cesta ➡️ @unihokejfinalfour a boj o absolutního šampiona letošní sezóny! 😮‍💨🏆

Jedna šance. Žádná oprava. 👀",https://www.facebook.com/1275398168115026/posts/1271984115123098,741,,2,,
vsefalcons,instagram,709fceba-e311-48e7-9057-f54a587abf4a,71b182f6-ea03-4dcf-93d6-ffb6c3c30b05,IG Story,VIDEO,3.2.2026 18:46:04,POPŘEJ KUBAŤÁKOVI ŠTĚSTÍ DO PRVNÍHO ZÁPASU PO ZRANĚNÍ,https://www.instagram.com/stories/vsefalcons/3824570615319809186,,909,,,
@riderspardubice,facebook,f99ed6c3-17cc-46f4-a32e-d9b0576ce2df,846d2279-7f42-4444-9be4-976c28281e93,FB Post,IMAGE,4.3.2026 8:00:10,"🐱 V pondělí za námi do enteria areny přijedou @blackdogsbudweis_vste! 🐕

A my při této příležitosti společně podpoříme KoČIČÍ depozitum Lovčice! 

Jak můžete opuštěným kočičkám pomoci s námi? 
- přineste s sebou na zápas očičí žrádlo - granule, konzervy, ňaminky 
- přispějte finančním darem - ideálně v hotovosti na místě nebo pomocí QR kódu na kostce.

Minulý semestr jsme pomohli pejskům z @farma_u_veselyho_psa, tak pojďme znovu spojit síly a tentokrát pomoci kočičkám z KoČIČÍ depozitum Lovčice! 

Vstupenky za zapas koupíš přes odkaz v BIU!",https://www.facebook.com/1592662819534019/posts/1567407572059544,1404,,11,,
vsefalcons,instagram,709fceba-e311-48e7-9057-f54a587abf4a,062858fe-1e53-4779-bf34-bd85faa19dfb,IG Reel,VIDEO,9.12.2025 21:50:18,Nejprve vyrovnal 2️⃣1️⃣ vteřin do konce… pak rozhodl. @michal.danniel 🔥,https://www.instagram.com/reel/DSDuxieiAyW/,,10507,317,2,7
vsefalcons,instagram,709fceba-e311-48e7-9057-f54a587abf4a,81ae8f0c-1ca2-400e-869d-0a26a09129d7,IG Story,VIDEO,8.4.2026 16:27:16,,https://www.instagram.com/stories/vsefalcons/3870886386110871559,909,882,,,2
@riderspardubice,facebook,f99ed6c3-17cc-46f4-a32e-d9b0576ce2df,df7ef1f4-cfa4-4840-ab3a-4e0fbe322a52,FB Video,VIDEO,3.4.2026 16:00:24,"Čistá hlava, čistá hra 🔥🥵
@garnier_czsk",https://www.facebook.com/reel/1903017330349491/,684,215,4,,
vsefalcons,instagram,709fceba-e311-48e7-9057-f54a587abf4a,eafe844c-4821-4b29-a305-c77838779afb,IG Story,VIDEO,13.2.2026 7:26:08,🖐🏼,https://www.instagram.com/stories/vsefalcons/3831476128489953096,555,692,,,2
vsefalcons,instagram,709fceba-e311-48e7-9057-f54a587abf4a,1905fa18-a872-46f7-8062-029c955cc139,IG Story,VIDEO,31.3.2026 14:19:45,TRADIČNÍ BRAZILKA ⚽️,https://www.instagram.com/stories/vsefalcons/3865024052398186634,1102,1066,,,1
@univerzitnihokej,facebook,01b45180-0b14-4a14-96e8-d0a4bab1fb9f,511a3e43-b926-4f21-ba76-ae862060be70,FB Post,IMAGE,23.3.2026 21:45:50,"Black Dogs vystrčili růžky a seřezali krále tabulky 🫣 východní Čechy patří Hradci, připisují si 4. výhru proti Riders 💪🏼",https://www.facebook.com/1275398168115026/posts/1268692002118976,576,,3,,
vsefalcons,instagram,709fceba-e311-48e7-9057-f54a587abf4a,86b69f1c-72a3-43cc-b554-26bafc8b0311,IG Story,VIDEO,3.3.2026 18:37:17,PARTNEREM DNEŠNÍHO UTKÁNÍ JE  @mosteckamontazni 👷🏽‍♂️ 🦺,https://www.instagram.com/stories/vsefalcons/3844860152646206821,779,960,,,1
@218107044725785,facebook,7a942e3e-6c47-4794-9ba7-bbc7b6d40cb3,b100f46d-fd8a-4362-a872-4fdbde305c1f,FB Video,VIDEO,14.4.2026 7:17:56,"Party moves, které oživí každou afterku🕺🏽

A dokonce i tu, co bude po @unihokejfinalfour 🤪 Ve čtvrtek i v pátek na vás čeká party přímo vedle zimáku 🥂 Tak vem kámoše a prodlužte si večer 🤘🏼

🎟️ Lístky kupujte na finalfour.cz",https://www.facebook.com/reel/851836427931147/,580,285,10,,
@boostrava,instagram,1176ddaf-d366-48a2-9639-3c6694c72c85,bc7e2cf6-13c4-4dca-bb59-1b0739723f56,IG Story,VIDEO,20.8.2026 16:51:40,1:0 NASTUPUJEM DO 2.TŘETINY,https://www.instagram.com/stories/boostrava/3968018632370061756,,683,,,4
@univerzitnihokej,facebook,01b45180-0b14-4a14-96e8-d0a4bab1fb9f,04c3caac-5f7e-4117-b503-dd8ebdaf93ee,FB Post,IMAGE,3.3.2026 21:52:38,Falcons se dnes vyspali lépe než včera a posílají Akademiky zpátky do Plzně bez bodů 🚌,https://www.facebook.com/1275398168115026/posts/1253206820334161,718,,4,,
@univerzitnihokej,instagram,1e114592-3529-4cfe-9977-2598454053af,2647bc0b-c8a2-4cd0-8932-1477ebbe1105,IG Post,IMAGE,10.4.2026 14:11:57,Směr cesty 16. a 17.4. je jasnej! ➡️ @unihokejfinalfour 📍Zimní stadion Eden,https://www.instagram.com/p/DW9DxBKCLfC/,,15024,344,,3
@riderspardubice,instagram,4d6a67ab-9313-4f77-a82e-abb18adbca5d,2e325bea-eb59-4a39-9e14-f4117bede240,IG Story,VIDEO,13.4.2026 10:13:26,,https://www.instagram.com/stories/riderspardubice/3874322102090530306,,651,,,
@cvutengineers,instagram,11963a07-7f0f-48e6-9d81-aa63a7ff4a04,e3d7e762-afb0-4f34-99f6-c5cd54939f33,IG Post,ALBUM,25.3.2026 19:26:26,"Do svého 1️⃣0️⃣0️⃣ zápasu dnes nastoupil také KUBA DOHNAL 👏🏼

Díky za všechny sezony, které jsi odehrál s naším znakem na hrudi. Zanechal si tu mnohem víc, než jen skvělé výkony na ledě. 

Přejeme ti jen to nejlepší. 🙏🏻
Jednou Engineer, navždy Engineer! 🦁",https://www.instagram.com/p/DWUbCaoDNkN/,,10573,348,2,7
@united_hk,instagram,b18c071b-0570-48b2-b743-990c668c3c5b,bc2849d4-66b7-4424-815b-2daecf69632c,IG Story,VIDEO,22.4.2026 17:56:30,Sobota už se blíží!,https://www.instagram.com/stories/united_hk/3881078043418590309,,374,,,
vsefalcons,instagram,709fceba-e311-48e7-9057-f54a587abf4a,378e4355-6feb-48d7-b951-4da93c440f44,IG Story,IMAGE,14.3.2026 16:39:41,"2 2 Vosmík
Jobánek",https://www.instagram.com/stories/vsefalcons/3852773238459912020,757,719,,,
@united_hk,instagram,b18c071b-0570-48b2-b743-990c668c3c5b,3e8365bf-0dff-4cf0-bb7e-0b67bc9a475c,IG Story,IMAGE,9.4.2026 13:03:11,,https://www.instagram.com/stories/united_hk/3871508452270975321,,624,,,
@univerzitnihokej,instagram,1e114592-3529-4cfe-9977-2598454053af,585c0050-8dbf-4aab-a689-144e30b70afa,IG Post,IMAGE,9.4.2026 10:26:01,VŠE Falcons přiletí 16.4. taky do Edenu! 🦅 Vstupenky na finalfour.cz 🎟️,https://www.instagram.com/p/DW6FHYnCNh7/,,8915,177,1,16
vsefalcons,instagram,709fceba-e311-48e7-9057-f54a587abf4a,67798d0e-1443-4c76-ae2f-e0a374c34052,IG Story,VIDEO,14.4.2026 13:22:58,OUTFIT NA POV: 🫵🏼 @unihokejfinalfour,https://www.instagram.com/stories/vsefalcons/3875142278767465660,671,706,,,1
vsefalcons,instagram,709fceba-e311-48e7-9057-f54a587abf4a,81cd3151-da86-45b7-827e-161d4bc8b5ea,IG Reel,VIDEO,8.6.2026 14:17:14,they counting down the days until summer training ends 💀 #icehockey #vsefalcons #,https://www.instagram.com/reel/DZU_CzRI38q/,,1446,35,,2
@riderspardubice,instagram,4d6a67ab-9313-4f77-a82e-abb18adbca5d,a2cbe3c2-a313-4d62-817e-6e8c28e105ee,IG Story,VIDEO,12.4.2026 14:55:00,,https://www.instagram.com/stories/riderspardubice/3873739046631810718,,1018,,,1
@riderspardubice,instagram,4d6a67ab-9313-4f77-a82e-abb18adbca5d,775bfdfa-3346-4eb6-8f03-7ff44dc6a711,IG Post,IMAGE,4.3.2026 21:00:54,Důležitý zápas VYHRÁN! Další 3 body jsou v Pardubicích!💪🏼🥳,https://www.instagram.com/p/DVeg6pPDAQU/,,5872,94,,13
@unitedhk,facebook,bfe6cc29-a387-41b9-9bca-b077722556af,ccd02db8-ef6b-4bdb-80bb-c5897f22333b,FB Post,IMAGE,10.8.2026 13:21:34,"MATCH DAY. 🏒

Dnes nás čeká první přátelský zápas nové sezony.

V ČPP aréně se potkáme se ŠAVŠ Raccoons, univerzitní tým z Mladé Boleslavi.

🕡 18:30
📍 ČPP aréna
🎟️ Vstup zdarma

Vidíme se na zimáku.",https://www.facebook.com/122180651084388974/posts/122190607436388974,270,,2,,
@hcnorthwings,facebook,2b08a479-603b-46e4-8a48-2bc0435ccd53,f0013a63-b978-40fa-9c2e-e8b458d1fe98,FB Story,VIDEO,18.3.2026 17:57:04,,,,,,,
vsefalcons,instagram,709fceba-e311-48e7-9057-f54a587abf4a,fd5f24be-3603-4df4-b2b2-71b3958f3047,IG Story,IMAGE,10.2.2026 22:25:48,,https://www.instagram.com/stories/vsefalcons/3829754620528835598,612,812,,,1
vsefalcons,instagram,709fceba-e311-48e7-9057-f54a587abf4a,2bd091eb-8b72-4969-8534-c17ae8aec4f1,IG Story,VIDEO,12.3.2026 14:27:56,GETTIN’ READY 🏒,https://www.instagram.com/stories/vsefalcons/3851257388003240839,1608,1698,,,1
@218107044725785,facebook,7a942e3e-6c47-4794-9ba7-bbc7b6d40cb3,c3a25d95-7ff5-4110-afc9-834ad16c835c,FB Post,IMAGE,14.3.2026 19:05:27,Těžký týden zakončujeme bodem z Brna.,https://www.facebook.com/122282816036218300/posts/122278835144218300,265,,4,,
@hcmuni,facebook,d1f9e9f9-7526-42d4-85aa-13f91e89f7cf,5fb75942-8e31-4554-8112-bd821e01c134,FB Post,IMAGE,4.3.2026 21:24:45,"Pátá sice odbila, ani tak to ale nestačilo ⚔️",https://www.facebook.com/1581741777288398/posts/1557031689759407,403,,2,,
vsefalcons,instagram,709fceba-e311-48e7-9057-f54a587abf4a,768ea0e6-ab98-4225-89c8-dd687928fea4,IG Story,VIDEO,24.3.2026 20:11:30,"NEVZDÁVÁME
SE 💪🏼",https://www.instagram.com/stories/vsefalcons/3860127641319788047,756,559,,,
@unitedhk,facebook,bfe6cc29-a387-41b9-9bca-b077722556af,b1629c37-6d96-4215-b955-2277c23bd234,FB Video,VIDEO,16.8.2026 8:05:56,"Návštěva až z @mountfieldhk 🏒🥅🦁

#ironmanczechrepublic #mountfieldhk #unitedhk",https://www.facebook.com/reel/2022131085081984/,297,90,7,,
@riderspardubice,instagram,4d6a67ab-9313-4f77-a82e-abb18adbca5d,e6a3efda-0ebb-4045-91cf-fabf7f5792b8,IG Story,IMAGE,8.4.2026 22:21:57,,https://www.instagram.com/stories/riderspardubice/3871064900730937291,,105,,,
@riderspardubice,instagram,4d6a67ab-9313-4f77-a82e-abb18adbca5d,0181021b-421b-4fe5-ac9d-0187747f5f40,IG Story,VIDEO,4.4.2026 13:01:23,,https://www.instagram.com/stories/riderspardubice/3867883651950455030,,728,,,
@hc_muni,instagram,43cd62c8-609d-4ea6-8ce9-cae5242ede0c,0de23c1c-b02a-4d04-bfac-60c0b3c63a6c,IG Story,VIDEO,15.4.2026 18:57:20,DĚKUJEME VŠEM💙,https://www.instagram.com/stories/hc_muni/3876035424682958257,,366,,,
@cvutengineers,instagram,11963a07-7f0f-48e6-9d81-aa63a7ff4a04,b7832d1d-0583-42a0-9376-0e5247799b5a,IG Reel,VIDEO,17.4.2026 18:16:07,"💙🦁DRŽÍME VŠECHNY PALCE!!!!!

Pošli lva pro štěstí do komentářů! ⤵️",https://www.instagram.com/reel/DXPhBhFDNEK/,,11346,253,,14
vsefalcons,instagram,709fceba-e311-48e7-9057-f54a587abf4a,4c19965d-6a9d-49a3-b399-73cd360d387d,IG Reel,VIDEO,9.12.2025 19:41:14,Jdeme do vedení na konci 1️⃣ třetiny! Druhý gól za Falcons si připisuje @_suchos88_ 🔥,https://www.instagram.com/reel/DSDgU6vCHW2/,,8145,177,1,6
@riderspardubice,instagram,4d6a67ab-9313-4f77-a82e-abb18adbca5d,acbe6333-b916-46be-9489-b6100bb877fc,IG Story,VIDEO,17.4.2026 21:48:20,,https://www.instagram.com/stories/riderspardubice/3877570844293902339,,508,,,
@univerzitnihokej,instagram,1e114592-3529-4cfe-9977-2598454053af,f4a63ad1-5f56-4962-9ae3-5d87711051c0,IG Story,VIDEO,10.4.2026 10:26:33,,https://www.instagram.com/stories/univerzitnihokej/3872154383945328631,,1272,,,6
vsefalcons,instagram,709fceba-e311-48e7-9057-f54a587abf4a,428d2565-d69d-4057-89e8-0641587006a8,IG Story,VIDEO,20.4.2026 16:33:30,VOUSY DOLE A HNED TO JSOU ZAS FEŠÁCI 🫦 🤩,https://www.instagram.com/stories/vsefalcons/3879586670987193178,889,916,,1,4
@hcmuni,facebook,d1f9e9f9-7526-42d4-85aa-13f91e89f7cf,bbd654f4-8c92-4026-8112-35ec4f753857,FB Post,PHOTO,23.3.2026 8:09:52,"Hokej na ledě možná skončil, ale na parketu to teprve začíná! 🏒🔥 Nenech si ujít AFTERPARTY v @maisonclublounge 
Doraž a pojďme společně sezónu zakončit v tom největším stylu!💙

💥 A vstup? Jen za „kilečko“ (100kč)! Lístky bereš rovnou na místě, žádnej stres📍

Na suchu taky nezůstaneš!!! 🥂🍹
Velké panáky za 20kč
Speciální drinky za 120kč

#hcmuni",https://www.facebook.com/1581741777288398/posts/1573577611438148,496,,2,,
vsefalcons,instagram,709fceba-e311-48e7-9057-f54a587abf4a,deca305e-0b44-4d93-968d-c849801c6def,IG Post,IMAGE,4.8.2026 14:51:47,Ulovili jsme pár momentek z letních prázdnin 🏖️ Poslední dny odpočinku a v pondělí 10.8. naskakujeme zpátky na led hledat nové Falcons tváře! 🦅,https://www.instagram.com/p/Dbn0iRjCFYp/,,4810,113,1,47
@218107044725785,facebook,7a942e3e-6c47-4794-9ba7-bbc7b6d40cb3,ee46d7d0-8301-4f26-b637-c813e8ddedc1,FB Post,IMAGE,8.4.2026 18:45:30,"Sen, který jsme měli od začátku sezóny. A teď ho žijem, tady a teď, s váma ❤️

Falcons, vidíme se za týden v Edenu! @unihokejfinalfour 🥹",https://www.facebook.com/122282816036218300/posts/122283039152218300,1565,,22,,
@VUTCavaliersBrno,facebook,3351b43e-4b71-442b-b2f1-920cd6e57ee5,17390d28-c922-4b51-9eb3-f742bab5345a,FB Video,VIDEO,4.4.2026 9:10:25,"Právě nám začíná mezisezónní období, na které se můžeme plně vybavit díky našemu partnerovi @sportega.cz 🏸
Pokud i vy sháníte nové sportovní vybavení, doporučujeme navštívit jejich pobočku📍Křenová 26 Brno
Veškerý sortiment si tam můžete vyzkoušet, abyste měli jistotu, že vám zvolená výbava bude plně vyhovovat😌 Za nás prostě 🔝topka🙌",https://www.facebook.com/reel/962230096270154/,385,134,2,,
@VUTCavaliersBrno,facebook,3351b43e-4b71-442b-b2f1-920cd6e57ee5,4919669b-2ccc-4d81-9c12-971cfcf37d79,FB Video,VIDEO,21.3.2026 12:20:53,Fanoušci mají vždycky pravdu!,https://www.facebook.com/reel/1632695977923963/,1368,725,3,,
vsefalcons,instagram,709fceba-e311-48e7-9057-f54a587abf4a,5eb69b9e-73e8-4bde-94fc-fcad3ac02273,IG Story,VIDEO,17.2.2026 22:45:33,@michal.danniel 🎤,https://www.instagram.com/stories/vsefalcons/3834838069413464803,1007,1316,,,3
vsefalcons,instagram,709fceba-e311-48e7-9057-f54a587abf4a,e79a1740-3f8e-4657-80f0-931153a33455,IG Story,IMAGE,12.3.2026 18:53:42,"9 4 Lev
Fibigr",https://www.instagram.com/stories/vsefalcons/3851391140658444690,1317,1021,,,4
vsefalcons,instagram,709fceba-e311-48e7-9057-f54a587abf4a,239485ed-97a4-4011-9392-986ac0952eb6,IG Story,IMAGE,26.1.2026 18:30:59,"2 2 Nábělek 
Ramert",https://www.instagram.com/stories/vsefalcons/3818764827653326001,,847,,,
@AkademiciPlzen,facebook,d87b94e3-03e8-45d0-b92e-75e9b819545c,7cc381b4-9248-4257-acfc-437ac4288f8d,FB Video,VIDEO,17.3.2026 13:21:53,"Ví naši fanoušci, co je ofsajd? 👀
A kdo to pak nejvíc rozjel na afterparty? 😏

Na to se diváků na bitvě zeptala @deniskaurbankova 🎤.
Mrkni, jak to dopadlo!

#akademiciplzen #univerzitnihokej",https://www.facebook.com/reel/1257454349247715/,697,306,4,,
vsefalcons,instagram,709fceba-e311-48e7-9057-f54a587abf4a,0315b82b-7b80-4374-9c16-9bdda3d78071,IG Story,VIDEO,8.2.2026 17:47:10,"LUKÁŠ
NOVÁK 93",https://www.instagram.com/stories/vsefalcons/3828164864699319733,,1287,,,1
vsefalcons,instagram,709fceba-e311-48e7-9057-f54a587abf4a,26db095c-61c3-419b-aa80-6ff45e66a2fb,IG Story,IMAGE,13.3.2026 16:21:36,,https://www.instagram.com/stories/vsefalcons/3852039360728300298,,823,,,
@akademici_plzen,tiktok,8f78cb3d-9c53-4c33-9f39-e6526fd8fa1c,84a66fd0-3cb5-4775-b170-26bd3e8a3c15,TT Video,VIDEO,30.3.2026 16:06:48,"Pokud máš hlad jako Ženda, dej si Zott a buď dobrej! 😎😋 #zott #zotthungry #hungrydrinkthis",https://www.tiktok.com/@akademici_plzen/video/7623080773108698390?utm_campaign=tt4d_open_api&utm_source=7348986504397455361,,1765,100,,13
vsefalcons,instagram,709fceba-e311-48e7-9057-f54a587abf4a,98700605-7bdb-4bbf-8b6c-34913d56f585,IG Post,IMAGE,11.1.2026 17:48:55,"FALCONS PUB KVÍZ IS BAAAACK!

Minule sklidil velký úspěch, a proto jsme se ho rozhodli udělat znovu a mnohem vymazlenější! 🤓

Čeká vás večer plný zábavy, dobrého piva a pořádné dávky vědomostního adrenalinu. 🧠 Vyhrát můžete bombové ceny, kterými nás vybavil Red Bull, Proud nebo Grant Thornton, a vítěz si domu odnese lístky na Bitvu o Prahu ‼️

Do týmu se může přihlásit 4-5 lidí, vstupné je zdarma a bar s top drinky je samozřejmostí. 🥂

26.2. | Quattro Modulare, Italská budova | 19:00

Registrovat se můžete přes link na profilu. Těšíme se na vás! 💙

#vsefalcons #pubkviz",https://www.instagram.com/p/DTYR2S8iM0B/,,15303,96,,123
vsefalcons,instagram,709fceba-e311-48e7-9057-f54a587abf4a,bd711ab0-dd5c-4add-bc4a-03904e73d707,IG Story,IMAGE,30.3.2026 9:28:29,"“zítra nejdu na hokej, o nic nejde”
doslova já:",https://www.instagram.com/stories/vsefalcons/3864152663579480034,691,823,,,7
@united_hk,instagram,b18c071b-0570-48b2-b743-990c668c3c5b,052be284-1043-42ce-a98f-fd3bffb02244,IG Story,IMAGE,21.8.2026 11:59:52,,https://www.instagram.com/stories/united_hk/3968596523417266069,,512,,,
@akademiciplzen,instagram,65494228-95bf-4f7b-8e68-d47d7262db66,667593c0-e08f-4a0b-b17b-e9635b63a3ac,IG Story,VIDEO,10.4.2026 17:17:24,STŘÍPKY ze včerejšího bruslení 🏒,https://www.instagram.com/stories/akademiciplzen/3872361242195452947,,854,,,
@bitvaoprahu,instagram,d7c8aa06-74fb-4c6c-a7d2-c2fe1bf6d59c,cd68c94c-f940-4d5e-bfd4-8c603327da43,IG Reel,VIDEO,12.3.2026 21:52:41,"URAGÁN JMÉNEM UK! 🤯🔥

#UKP ⚔️ #ENG | @k.chymo 🚨| #bitvaoprahu",https://www.instagram.com/reel/DVzMzrTjH0E/,,29063,621,5,25
vsefalcons,instagram,709fceba-e311-48e7-9057-f54a587abf4a,dada7c29-8cc3-4f7e-b282-44be6844a5ae,IG Story,VIDEO,6.3.2026 16:41:37,,https://www.instagram.com/stories/vsefalcons/3846976008717129191,,863,,,3
@bitvaoprahu,facebook,75e0f41f-82be-4f82-a77b-82ac11135ed2,58ad3b11-1520-43c8-953c-6db445a48169,FB Post,IMAGE,12.3.2026 19:07:56,"Druhý bronz a vedle toho důležité tři body v boji o @unihokejfinalfour ! 🆕🔜

Gratulujeme @vsecz 🤍 a přejeme hodně štěstí v nadcházejícím play off. 🔥 #bitvaoprahu & @deloittecz",https://www.facebook.com/1441262177797849/posts/1420329453224455,173,,1,,
vsefalcons,instagram,709fceba-e311-48e7-9057-f54a587abf4a,79fe8708-7192-40d7-b11f-097aca5a1b03,IG Reel,VIDEO,9.12.2025 7:58:59,It's timeee…dnes nás čeká vánoční zápas proti @ukkingsprague 😮‍💨 Přijďte nás podpořit a užít si vánoční atmosféru na Hvězdu! 🎄⭐️,https://www.instagram.com/reel/DSCP85bCEzR/,,5567,93,,5
vsefalcons,instagram,709fceba-e311-48e7-9057-f54a587abf4a,a4da78ca-9d77-4f36-a4b2-68ff4ec542ca,IG Post,CAROUSEL_ALBUM,8.3.2026 13:52:57,"Holky, tenhle je pro vás 😘

S váma je ten hokej o něco hezčí 🌷 děkujeme, že vás máme!",https://www.instagram.com/p/DVoDXAxiCqY/,,5499,189,4,14
vsefalcons,instagram,709fceba-e311-48e7-9057-f54a587abf4a,f41715ed-415c-4299-a3b1-394fc40bc89f,IG Story,VIDEO,17.4.2026 13:14:15,,https://www.instagram.com/stories/vsefalcons/3877312075785573464,953,1068,,,
@engineersprague,facebook,afd06d1d-7b1c-4f66-8d93-ce4255ab773c,69c20ac4-cd68-4c81-b2eb-350e3bbbc292,FB Story,VIDEO,2.3.2026 20:12:46,,,,,,,
univerzitnihokej,tiktok,01c88cf9-594f-408e-a45a-95114221acae,e5160e91-eb87-4539-81e6-fb11cfd366d5,TT Video,VIDEO,10.4.2026 15:26:06,"Pražáci, jste ready? 👀🔥 Dvě Bitvy o Prahu nestačily… tak si dáme ještě jedno opáčko. Ale tentokrát o titul celé ligy! 🏆 Ať fandíš UK, ČVUT nebo VŠE – tvůj tým tě potřebuje. 🗓️ 16.-17. dubna | 📍Zimní stadion Eden 🎟️ finalfour.cz",https://www.tiktok.com/@univerzitnihokej/video/7627152206835404035?utm_campaign=tt4d_open_api&utm_source=7348986504397455361,,1049,76,,1
@218107044725785,facebook,7a942e3e-6c47-4794-9ba7-bbc7b6d40cb3,4916c3e5-6887-4e0b-b129-07ef2783eed9,FB Post,IMAGE,13.3.2026 18:21:10,"Včera to byl samej úsměv 🫶🏼 největší poděkování patří vám, že jste v tom s námi a ženete nás dopředu 🩵 

Teď už zapínáme pásy a letíme dááál 🦅",https://www.facebook.com/122282816036218300/posts/122278687778218300,570,,20,,
@united_hk,instagram,b18c071b-0570-48b2-b743-990c668c3c5b,54be7439-b54c-414b-8e5b-9e15eda5090f,IG Post,IMAGE,11.4.2026 18:49:00,"Po dvou sezonách se s UNIted HK loučí i naše fyzioterapeutka Tereza Macholdová.

Terka se během svého působení stala důležitou součástí realizačního týmu a její odborný dohled několikrát pomohl nejen hráčům, ale občas i vedení. No jo… už nejsme nejmladší. 🙂

UNIted HK reprezentovala i na Viking Cupu v Kanadě jako součást výběru Univerzitní ligy ledního hokeje.

Teď ji čekají nové životní výzvy spojené s dokončením studia na Lékařské fakultě UK a návratem do rodného města.

Terko, děkujeme za vše, co jsi pro UNIted HK udělala, a přejeme ti hodně štěstí do další životní kapitoly.

🖤🧡

#unitedhk #unihokej #hokej",https://www.instagram.com/p/DXAILUeiDBV/,,11535,193,4,25
@univerzitnihokej,facebook,01b45180-0b14-4a14-96e8-d0a4bab1fb9f,8da04b00-1406-4ab5-86b0-40cb3ab5b6f2,FB Post,IMAGE,8.4.2026 21:46:26,"Co zápas, to kino! 🍿 Známe tři účastníky historicky prvního Final Four 🥵

Falcons ovládli výlet v Budějcích, Kings si vyzkoušeli Eden nanečisto a Engineers urvali výhru po dramatických samostatných nájezdech 🔥",https://www.facebook.com/1275398168115026/posts/1281496504171859,794,,7,,
@riderspardubice,instagram,4d6a67ab-9313-4f77-a82e-abb18adbca5d,d32bcfc7-c068-4a6f-9788-a4cb1d8241e7,IG Story,VIDEO,8.4.2026 19:03:01,"KOMERČNÍ 
PŘESTÁVKA 👀 @garnier_czsk",https://www.instagram.com/stories/riderspardubice/3870964847807153276,,559,,,1
vsefalcons,instagram,709fceba-e311-48e7-9057-f54a587abf4a,4cf05b5d-ebc3-4daa-a966-3c216e0b049a,IG Story,VIDEO,8.6.2026 13:44:57,MONDAY DRILL 🥵,https://www.instagram.com/stories/vsefalcons/3915015850474142488,,1018,,,11
vsefalcons,instagram,709fceba-e311-48e7-9057-f54a587abf4a,6ea49123-5037-4c51-88e5-8eef0e1b1db3,IG Story,VIDEO,13.2.2026 13:35:58,🤹🏻‍♂️ @hamrbrmbrm13,https://www.instagram.com/stories/vsefalcons/3831662305474037144,904,904,,,4
@united_hk,instagram,b18c071b-0570-48b2-b743-990c668c3c5b,76c9d0cc-ba92-483b-95ac-fa047d839e81,IG Post,IMAGE,23.4.2026 8:05:42,"Děkujeme MarketingPPC za podporu v sezoně 2025/26.

Digitální agentura, která pomáhá firmám růst díky chytrým online kampaním a práci s daty.

Díky, že stojíte za UNIted HK. 🖤🧡",https://www.instagram.com/p/DXd4LadiOLI/,,826,8,,1
vsefalcons,instagram,709fceba-e311-48e7-9057-f54a587abf4a,f86708a7-3fa9-4f83-a923-53d47904c8a0,IG Story,VIDEO,9.3.2026 11:01:35,MÁME TU DNES NĚKOHO NA ŽIŽKOVĚ? 🤔,https://www.instagram.com/stories/vsefalcons/3848979201252677441,868,,,,1
@univerzitnihokej,instagram,1e114592-3529-4cfe-9977-2598454053af,0983c683-556c-4511-8dfc-21b1c8d83ba6,IG Story,VIDEO,12.4.2026 11:51:13,,https://www.instagram.com/stories/univerzitnihokej/3873646544889054856,,1330,,,
vsefalcons,instagram,709fceba-e311-48e7-9057-f54a587abf4a,2d0961f8-0eed-4f62-a517-c00c73c5148c,IG Story,VIDEO,12.2.2026 13:15:36,OSMIFINÁLE ✅ 🤝🏼 @czufarmers,https://www.instagram.com/stories/vsefalcons/3830927284811389134,708,708,,,2
@hc_muni,instagram,43cd62c8-609d-4ea6-8ce9-cae5242ede0c,3f75e464-787b-4ea7-891e-91f57f62ffd4,IG Post,PHOTO,25.3.2026 21:34:10,"Konec dobrý, všechno dobré 🐻💙 Rozloučení se sezonou jak má být 

#hcmuni",https://www.instagram.com/p/DWUpEv-Dqln/,,5400,262,2,36
@boostrava,instagram,1176ddaf-d366-48a2-9639-3c6694c72c85,6f168423-c70e-4c62-915c-52aed185e8ba,IG Post,IMAGE,4.3.2026 5:22:33,"🔥GAME DAY🔥 Jedeme do BRNA
@vutcavaliersbrno x @boostrava 
Kdo si odnese 3 body?",https://www.instagram.com/p/DVc1ev9jP2j/,,1881,25,,2
@univerzitnihokej,instagram,1e114592-3529-4cfe-9977-2598454053af,70cfec7a-3638-43d7-9799-73f9c35e2c3d,IG Post,IMAGE,12.4.2026 8:24:54,"Šanci na poslední volné místo ve Final Four dnes dostávají Black Dogs a Riders 🙌🏼
Kdo z nich ji využije a doplní tak finálovou čtyřku? 🥵",https://www.instagram.com/p/DXBlo5_iLmO/,,3810,76,,13
@hcmuni,facebook,d1f9e9f9-7526-42d4-85aa-13f91e89f7cf,c45c08bd-fcdc-40c9-82d7-bf6910476b15,FB Post,PHOTO,25.3.2026 12:27:27,"🔥 GAME DAY IS HERE🔥
Poslední brněnské derby téhle sezóny je tady, tak si ho pojďme společně pořádně užít a udělat randál! 🐻🥁

Lístky koupíte👇🏻

https://hcmuni.enigoo.cz/app/tickets/events/136

#hcmuni",https://www.facebook.com/1581741777288398/posts/1575676091228300,267,,4,,
@riderspardubice,instagram,4d6a67ab-9313-4f77-a82e-abb18adbca5d,62d2f4b1-d2ef-4da1-b975-09b61665271b,IG Story,VIDEO,17.4.2026 16:39:19,🤏,https://www.instagram.com/stories/riderspardubice/3877415332789150266,,881,,,
@united_hk,instagram,b18c071b-0570-48b2-b743-990c668c3c5b,bc884781-f499-47a8-90aa-14feb8a1f47a,IG Post,PHOTO,31.3.2026 7:51:49,"🔥 Dnes začíná bitva o Final Four.

PLAY-IN.

Jeden zápas, který rozhodne všechno.

Vyhraješ a zůstáváš ve hře.
Prohraješ a sezóna končí.

Dnes jdeme ALL IN.

Drž nám palce.🖤🧡

#unitedhk #unihokej #uhk #hradeckralove",https://www.instagram.com/p/DWioLE7CPCb/,,7331,99,,11
@cvutengineers,instagram,11963a07-7f0f-48e6-9d81-aa63a7ff4a04,f192ba36-e88d-4396-beef-08c87a30502a,IG Post,PHOTO,25.3.2026 7:41:04,"GAMEDAY | Poslední zápas základní části je tady! 🔥

Dnešní večer bude speciální ✨. Na ledě se naposledy v rámci základní části představí několik hráčů, kteří se po sezoně rozloučí s Engineers 🥺. Přijď jim vyjádřit respekt 🫶🏻 a podpořit nás. 

⏰ 20:00
📍 Zimní stadion Hvězda 
🎟️ Odkaz v biu",https://www.instagram.com/p/DWTJVQtjIwf/,,4978,113,,14
@vutcavaliersbrno,instagram,b384bebf-72f3-4f9d-8b2d-3677709f6966,771ec6f1-b011-4352-b435-e5361fe95472,IG Post,IMAGE,4.3.2026 10:31:20,"GAMEDAY 🔥
V boji o důležité tři body dnes vyzveme @boostrava 👈 
Přijď nás podpořit 🏒
🚌 Doprava zajištěna",https://www.instagram.com/p/DVdY6HSiM9u/,,1106,17,,
@riderspardubice,instagram,4d6a67ab-9313-4f77-a82e-abb18adbca5d,feec72b1-03c4-480c-8ae3-b7ca7879052b,IG Story,VIDEO,17.4.2026 13:16:25,PŘED ZÁPASEM SE ODEHRÁL MANAŽERSKÝ HOKEJ 🔥 🏒,https://www.instagram.com/stories/riderspardubice/3877313173284213240,,1133,,,
vsefalcons,instagram,709fceba-e311-48e7-9057-f54a587abf4a,274d68ef-d025-4d15-9d75-e66acb64cf85,IG Story,VIDEO,22.4.2026 13:12:27,FINAL FOUR jdeme opět do ⚽️,https://www.instagram.com/stories/vsefalcons/3880934909162350363,1129,1141,,,41
@univerzitnihokej,instagram,1e114592-3529-4cfe-9977-2598454053af,6dbe13bf-ad4b-4a53-bc01-001cc1f5d979,IG Story,VIDEO,8.4.2026 17:48:53,UTKÁNÍ ODSTARTOVALO UŽ I NA,https://www.instagram.com/stories/univerzitnihokej/3870927480886423230,,841,,,1
vsefalcons,instagram,709fceba-e311-48e7-9057-f54a587abf4a,5f395105-1446-4d26-8765-47808d4c7416,IG Reel,VIDEO,16.2.2026 7:58:23,"Kluci jsou na zítřejší olympijský zápas víc než ready, tak buď i ty 🫵🏼 

Napiš do komentářů “SLEVA” a my ti do DMs pošleme kódík na slevičku na zítřejší zápas 🤪 

Těšíme se na vás 💙",https://www.instagram.com/reel/DUz6jqACHkh/,,6693,68,1,7
vsefalcons,instagram,709fceba-e311-48e7-9057-f54a587abf4a,d546a648-b5a3-4f41-9aab-cacb822986d7,IG Story,VIDEO,31.3.2026 17:43:47,JDEME DO VEDENÍ! 2 minuty před koncem,https://www.instagram.com/stories/vsefalcons/3865126718658860442,983,850,,1,
@boostrava,instagram,1176ddaf-d366-48a2-9639-3c6694c72c85,3226f12c-549c-4082-8ac0-813a6e0db689,IG Story,VIDEO,20.8.2026 16:07:44,1. TŘETINA NOVÝ JIČÍN  BO OSTRAVA,https://www.instagram.com/stories/boostrava/3967996529679825992,,662,,,2
vsefalcons,instagram,709fceba-e311-48e7-9057-f54a587abf4a,77a1690f-ba0d-4cf7-b0b0-e5a31d0bc59b,IG Story,IMAGE,20.1.2026 14:04:50,,https://www.instagram.com/stories/vsefalcons/3814282210920923140,,1265,,,8
@riderspardubice,instagram,4d6a67ab-9313-4f77-a82e-abb18adbca5d,7c5d6d4d-a807-487c-a259-cc51c57c968d,IG Reel,VIDEO,17.4.2026 14:54:39,Goalie 🥅❤️‍🔥,https://www.instagram.com/reel/DXPKK0JDCGF/,,6576,184,2,48
@univerzitnihokej,facebook,01b45180-0b14-4a14-96e8-d0a4bab1fb9f,e85e3cce-f887-4735-8ade-78245a4370cd,FB Video,VIDEO,18.3.2026 17:36:11,"K hokeji to pivo prostě patří. 😎
A na unihokeji? Jedině @pivoproud 🍻",https://www.facebook.com/reel/1762766331349489/,456,75,,,
@218107044725785,facebook,7a942e3e-6c47-4794-9ba7-bbc7b6d40cb3,fe548f08-f6fb-4fb7-a08b-606e477cf85b,FB Video,VIDEO,17.4.2026 14:56:54,"all eyes on @cech.ondrejj & @drabek_adam 🤩

#vsefalcons #finalfour",https://www.facebook.com/reel/1117489860564163/,1050,344,14,,
@cvutengineers,instagram,11963a07-7f0f-48e6-9d81-aa63a7ff4a04,18e6316a-2694-458a-a018-99e47ad0b56f,IG Story,VIDEO,12.4.2026 14:04:05,"Ve Final Four se potkáme 
s @vsefalcons 🤩",https://www.instagram.com/stories/cvutengineers/3873713443694209126,,894,,,7
vsefalcons,instagram,709fceba-e311-48e7-9057-f54a587abf4a,2d19371b-a079-4d77-bb6d-34793ffc456f,IG Reel,VIDEO,24.2.2026 9:31:41,"Survivor mode: ON 🥊

Druhý díl @survivorcs_official již dnes na Kateřinkách od 19:45! 🏝️",https://www.instagram.com/reel/DVIrWaziD9R/,,3797,49,,3
vsefalcons,instagram,709fceba-e311-48e7-9057-f54a587abf4a,84af9be2-0f49-4d86-b007-5e17d6dd086d,IG Story,VIDEO,12.2.2026 19:56:28,TĚŠÍME SE NA TEBE! 💙,https://www.instagram.com/stories/vsefalcons/3831129012949237539,574,746,,1,2
@univerzitnihokej,instagram,1e114592-3529-4cfe-9977-2598454053af,649f0547-3d64-4f4f-a906-c89892c88bd5,IG Story,VIDEO,8.4.2026 8:52:58,NĚCO DNESKA SPUSTÍME 🤫 @unilifecz,https://www.instagram.com/stories/univerzitnihokej/3870657724476341103,,1600,,,1
vsefalcons,instagram,709fceba-e311-48e7-9057-f54a587abf4a,705a5d2e-a543-457c-bcdd-543cc44a4712,IG Story,VIDEO,8.4.2026 18:40:19,4:0,https://www.instagram.com/stories/vsefalcons/3870953415685755219,959,790,,,3
@akademiciplzen,instagram,65494228-95bf-4f7b-8e68-d47d7262db66,11a6b6eb-eda2-4a4d-8917-b01865e331c2,IG Reel,VIDEO,1.4.2026 11:55:58,"🐣 SOUTĚŽ O DRESY 🏒

Najdi dnes na stadionu schované vajíčko, dones ho moderátorovi a nový dres je tvůj! 👀

V tomhle fitu budeš na všech zápasech za hvězdu. ⭐️
A pozor… tohle není jediná dnešní nadílka 🤫
Doraz na zápas a zjistíš víc.

#akademiciplzen 💙",https://www.instagram.com/reel/DWloHNUDKSm/,,12312,256,2,65
@akademiciplzen,instagram,65494228-95bf-4f7b-8e68-d47d7262db66,78b28e26-7b8e-474a-8357-b1a1099b0596,IG Story,VIDEO,20.8.2026 17:57:52,2 0 : ZVYŠUJE @dejv_hynek  DAVID HYNEK 🌶️,https://www.instagram.com/stories/akademiciplzen/3968051975593678400,,1511,,,8
vsefalcons,instagram,709fceba-e311-48e7-9057-f54a587abf4a,e9b859c2-eb66-4f35-8dce-36e886c19236,IG Story,VIDEO,12.3.2026 18:22:33,,https://www.instagram.com/stories/vsefalcons/3851375522974551225,1329,1008,,,
@hc_muni,instagram,43cd62c8-609d-4ea6-8ce9-cae5242ede0c,682aab9f-32fa-4b20-b018-e910071afc27,IG Story,VIDEO,10.4.2026 15:38:28,,https://www.instagram.com/stories/hc_muni/3872311373153972214,,837,,,3
@univerzitnihokej,facebook,01b45180-0b14-4a14-96e8-d0a4bab1fb9f,84f962d5-9561-45e8-afcb-d516a66b2984,FB Post,IMAGE,12.3.2026 21:07:06,Tak který tým si odnesl víc peněz? 💰,https://www.facebook.com/1275398168115026/posts/1259782893009887,449,,,,
@univerzitnihokej,instagram,1e114592-3529-4cfe-9977-2598454053af,1ab5d12f-2c0e-4948-b3b8-085090ba1695,IG Reel,VIDEO,9.4.2026 17:22:19,@ukkingsprague si daji 16.4. opáčko v Edenu na @unihokejfinalfour 🎟️ Tentokrat už budou bojovat o titul a pohár Jana Palacha! 🏆 Vstupenky na finalfour.cz,https://www.instagram.com/reel/DW60AUuCBbG/,,10045,178,1,16
@riderspardubice,instagram,4d6a67ab-9313-4f77-a82e-abb18adbca5d,987e4f2f-cca1-4694-890c-0da6aa54b44a,IG Story,VIDEO,2.4.2026 7:57:21,"ROZHÝBEJME UNIVERZITU 
V PLNÉM PROUDU!",https://www.instagram.com/stories/riderspardubice/3866281110959607889,,649,,,
@cvutengineers,instagram,11963a07-7f0f-48e6-9d81-aa63a7ff4a04,b45b2a37-b1fd-44b0-b93b-4c93925b233f,IG Story,VIDEO,3.4.2026 6:31:32,NÁS DĚLÍ OD FINAL FOUR JEDEN JEDINEJ ZÁPAS…,https://www.instagram.com/stories/cvutengineers/3866962660663527435,,1012,,,5
vsefalcons,instagram,709fceba-e311-48e7-9057-f54a587abf4a,cfd136aa-d061-40b5-817d-6bb06a839def,IG Post,IMAGE,8.4.2026 18:45:14,"Sen, který jsme měli od začátku sezóny. A teď ho žijem, tady s váma ❤️

Falcons, vidíme se za týden v Edenu! @unihokejfinalfour 🥹",https://www.instagram.com/p/DW4Zc22iO1A/,,19081,416,10,64
@AkademiciPlzen,facebook,d87b94e3-03e8-45d0-b92e-75e9b819545c,fd34b6bb-17ad-40e3-bccb-62bdbad2e149,FB Post,IMAGE,4.3.2026 17:56:20,"Rozbruslení za námi, POJĎME! 💙

#akademiciplzen #jarnibitva",https://www.facebook.com/1357105236437494/posts/1334713738676644,554,,7,,
@akademiciplzen,instagram,65494228-95bf-4f7b-8e68-d47d7262db66,5857362a-395b-4150-ad7d-13a199e3a7ea,IG Story,VIDEO,6.4.2026 21:19:25,☀️ 🤝🏻 AKADEMICI SUMMER CITY FEST MY BUDEME U TOHO! a ty?,https://www.instagram.com/stories/akademiciplzen/3869583871302185763,,361,,,
@cvutengineers,instagram,11963a07-7f0f-48e6-9d81-aa63a7ff4a04,39dc87ee-175f-414a-8195-725973dfb34f,IG Story,VIDEO,15.4.2026 17:11:44,📍 ENGINEERS HLÁSÍ PŘÍJEZD 🦁,https://www.instagram.com/stories/cvutengineers/3875982217797450174,,1205,,,5
@united_hk,instagram,b18c071b-0570-48b2-b743-990c668c3c5b,a74c4b69-e5fd-4625-80cb-54794294ae21,IG Story,VIDEO,13.4.2026 17:51:52,,https://www.instagram.com/stories/united_hk/3874552665648695075,,433,,,
@akademiciplzen,instagram,65494228-95bf-4f7b-8e68-d47d7262db66,e4d278c6-1e02-418b-97a9-87033630efc4,IG Story,VIDEO,1.4.2026 18:49:29,POŠLI ALBIMU ČTYŘLÍSTEK PRO ŠTĚSTÍ!,https://www.instagram.com/stories/akademiciplzen/3865884572642993566,,1135,,,
@riderspardubice,instagram,4d6a67ab-9313-4f77-a82e-abb18adbca5d,69fb7e24-95ac-444b-af51-7da981b1a78b,IG Story,VIDEO,31.3.2026 20:37:22,NYNÍ NÁS NA NAŠÍ CESTĚ DO FINAL FOUR ČEKÁ ZÁPAS VE FINÁLE PLAY-IN!,https://www.instagram.com/stories/riderspardubice/3865214057741840236,,617,,,
@riderspardubice,instagram,4d6a67ab-9313-4f77-a82e-abb18adbca5d,32ad6c6e-f9c7-4d59-b31f-976856047381,IG Story,VIDEO,2.4.2026 8:47:27,@foxconn_czech 👋,https://www.instagram.com/stories/riderspardubice/3866306292797454042,,611,,,
@univerzitnihokej,instagram,1e114592-3529-4cfe-9977-2598454053af,a39196f1-91d1-4b46-8baf-db3233a56f13,IG Reel,VIDEO,12.3.2026 19:04:24,Kdo dneska vyhraje finále @bitvaoprahu ?👀,https://www.instagram.com/reel/DVy6ArAiBtD/,,30031,500,1,215
vsefalcons,instagram,709fceba-e311-48e7-9057-f54a587abf4a,a80fbb0f-9be1-437d-925f-efe187194e12,IG Story,VIDEO,7.2.2026 21:12:15,PŘÍŠTÍ ZÁPAS UŽ V ÚTERÝ 🎟️ 🦅,https://www.instagram.com/stories/vsefalcons/3827543282444416976,,992,,,
@riderspardubice,instagram,4d6a67ab-9313-4f77-a82e-abb18adbca5d,5878312d-7dd3-4b59-ac0c-cc4815a224fd,IG Reel,VIDEO,5.8.2026 7:51:46,"Je nám jasný, že vás zajímá, jak se kluci připravovali na letošní sezonu🤔 
Tak tady máte přehled😎",https://www.instagram.com/reel/DbppBkaxST6/,,6497,161,,33
@hcnorthwings,facebook,2b08a479-603b-46e4-8a48-2bc0435ccd53,459798c8-2d13-4aa4-a239-0e76985116e6,FB Story,VIDEO,4.3.2026 11:04:07,,,,,,,
@AkademiciPlzen,facebook,d87b94e3-03e8-45d0-b92e-75e9b819545c,cb3e00d8-a472-44c4-8d0d-4d746e4243a2,FB Post,IMAGE,26.3.2026 19:33:26,"Všechno nebo nic. 

#akademiciplzen",https://www.facebook.com/1357105236437494/posts/1352720673542617,317,,1,,
@united_hk,instagram,b18c071b-0570-48b2-b743-990c668c3c5b,3103bf73-1b0b-4344-8d27-069fa20eb6ee,IG Story,VIDEO,12.8.2026 14:32:52,,https://www.instagram.com/stories/united_hk/3962150555203710031,,484,,,
@univerzitnihokej,instagram,1e114592-3529-4cfe-9977-2598454053af,be1c6d54-dbd5-4234-ac12-44f5a31be403,IG Story,VIDEO,15.4.2026 7:56:19,,https://www.instagram.com/stories/univerzitnihokej/3875702644752826411,,1420,,,43
@akademiciplzen,instagram,65494228-95bf-4f7b-8e68-d47d7262db66,ca13c94c-cfe0-4c70-a60f-b4bae8255e8e,IG Story,VIDEO,20.8.2026 19:55:01,HOŘÍ! 🥳 ODNÁŠÍME SI PRVNÍ VÝHRU 5 : 2 👉🏻,https://www.instagram.com/stories/akademiciplzen/3968130065246256701,,702,,,1
@riderspardubice,instagram,4d6a67ab-9313-4f77-a82e-abb18adbca5d,bb324ab6-6b6d-4d64-9eeb-210d8760f95e,IG Story,VIDEO,8.4.2026 19:27:25,1:1,https://www.instagram.com/stories/riderspardubice/3870977113059325267,,492,,,1
@AkademiciPlzen,facebook,d87b94e3-03e8-45d0-b92e-75e9b819545c,a25e60d7-f27c-48c5-a842-e90737aa6d6b,FB Video,VIDEO,24.3.2026 18:37:53,"I náš nejhladovější hráč @_rihastepan_ má před tréninkem spousty energie na rozdávání! ⚡️

#zott #zotthungry #hungrydrinkthis",https://www.facebook.com/reel/1418928949507166/,461,113,2,,
@hcnorthwings,facebook,2b08a479-603b-46e4-8a48-2bc0435ccd53,a6966b33-6226-4d01-a18f-a1675066441b,FB Video,VIDEO,12.3.2026 4:58:54,🎤 | Pozápasové ohlasy z 24.kola @univerzitnihokej v podání @akademiciplzen (Kamil #Hajšman) #univerzitnihokej,https://www.facebook.com/reel/983824994148395/,481,133,3,,
@hcnorthwings,facebook,2b08a479-603b-46e4-8a48-2bc0435ccd53,c6a73e81-44e4-427d-a428-bb04372ee173,FB Video,VIDEO,4.3.2026 20:48:53,🎤 | Pozápasové ohlasy z 23. kola @univerzitnihokej v podání @hcnorthwings (Oldřich #Vojíř) #univerzitnihokej,https://www.facebook.com/reel/942427535409296/,755,301,2,,
@akademiciplzen,instagram,65494228-95bf-4f7b-8e68-d47d7262db66,7cc9db3e-8be2-4ba8-a473-f0edb56ba1bf,IG Story,VIDEO,7.4.2026 11:41:37,BRUSLENÍ S AKADEMIKY SE BLÍŽÍ! ⛸️ @akademicifans,https://www.instagram.com/stories/akademiciplzen/3870017832549643955,,1127,,,5
@univerzitnihokej,instagram,1e114592-3529-4cfe-9977-2598454053af,c70cf485-a1b3-4073-a93e-a6a3fc339bce,IG Story,VIDEO,31.3.2026 12:38:30,,https://www.instagram.com/stories/univerzitnihokej/3864973034989814711,,10702,,,1
@univerzitnihokej,facebook,01b45180-0b14-4a14-96e8-d0a4bab1fb9f,ea76c99b-3306-4c5a-a17f-4c957967d497,FB Post,PHOTO,31.3.2026 6:18:08,Cesta do @unihokejfinalfour startuje dnes! 🔥 Kdo se probojuje do Edenu a získá Pohár Jana Palacha? 🏆,https://www.facebook.com/1275398168115026/posts/1274640951524081,730,,9,,
@akademici_plzen,tiktok,8f78cb3d-9c53-4c33-9f39-e6526fd8fa1c,28e9a08c-a018-4a73-85bb-2ea2e598f8c9,TT Video,VIDEO,9.3.2026 18:55:54,"Generální manažer a trenér @Dominik Beer v rozhovoru pro @ČT sport o tom, jak se @Univerzitní hokej 🏒 za poslední roky posunul. 🚀🚀🚀 #akademiciplzen",https://www.tiktok.com/@akademici_plzen/video/7615331568395062550?utm_campaign=tt4d_open_api&utm_source=7348986504397455361,,2454,110,,2
@univerzitnihokej,instagram,1e114592-3529-4cfe-9977-2598454053af,48f5fcf1-054c-484a-a513-119699ae1e3d,IG Story,IMAGE,17.4.2026 20:16:33,,https://www.instagram.com/stories/univerzitnihokej/3877524782114675731,,1269,,,
@univerzitnihokej,facebook,01b45180-0b14-4a14-96e8-d0a4bab1fb9f,dc3cf947-e852-4a7c-96b9-ea5a2d3436df,FB Video,VIDEO,5.3.2026 15:49:32,NEUVĚŘITELNÝ ZÁVĚR ZÁPASU 🫨 @akademiciplzen zvládli vstřelit rovnou dvě branky během jednoho prodloužení 👀,https://www.facebook.com/reel/2513070415806056/,96943,56735,471,,
@riderspardubice,instagram,4d6a67ab-9313-4f77-a82e-abb18adbca5d,ba0b5211-6254-4387-9b25-5b5711bd557f,IG Story,VIDEO,12.4.2026 11:17:44,NÁŠ KOTLÍK NEZKLAMAL!,https://www.instagram.com/stories/riderspardubice/3873630573558559377,,1485,,,3
@riderspardubice,facebook,f99ed6c3-17cc-46f4-a32e-d9b0576ce2df,f96e04de-2bef-467c-86b0-d00411e14408,FB Post,IMAGE,16.4.2026 8:20:06,"GAMEDAY 😎

🏒 SEMIFINÁLE
🆚 @ukkingsprague
📍 Zimní stadion Eden, Praha
🕓 16. dubna | 16:30

🎟️ Vstupenky koupíš přes odkaz v BIU!",https://www.facebook.com/1592662819534019/posts/1606075618192739,191,,2,,
vsefalcons,instagram,709fceba-e311-48e7-9057-f54a587abf4a,3f67c19e-9fd0-4d0a-b87e-c6aa47cf00cb,IG Story,IMAGE,31.12.2025 11:13:13,🦅,https://www.instagram.com/stories/vsefalcons/3799700340442953410,,831,,,
vsefalcons,instagram,709fceba-e311-48e7-9057-f54a587abf4a,58715e38-133e-4f92-ab41-40648660ec73,IG Story,IMAGE,22.1.2026 8:17:14,,https://www.instagram.com/stories/vsefalcons/3815556816210295056,,1086,,,
vsefalcons,instagram,709fceba-e311-48e7-9057-f54a587abf4a,7685c8fe-230f-42bb-98ed-f61fa9d8f5d8,IG Story,VIDEO,26.1.2026 18:37:38,3. TŘETINA začíná,https://www.instagram.com/stories/vsefalcons/3818768175420954767,,852,,,
vsefalcons,instagram,709fceba-e311-48e7-9057-f54a587abf4a,7e36fb4d-30db-4fd4-87b0-dc994f13d342,IG Story,VIDEO,11.3.2026 18:44:33,JE TO VENKU!,https://www.instagram.com/stories/vsefalcons/3850661758843238298,1224,656,,,
vsefalcons,instagram,709fceba-e311-48e7-9057-f54a587abf4a,87e5256f-8a42-4d46-8997-a0d61c666116,IG Story,IMAGE,8.2.2026 17:51:06,"1 3 David
Drábek
Novák",https://www.instagram.com/stories/vsefalcons/3828166811108006272,,851,,,1
@riderspardubice,instagram,4d6a67ab-9313-4f77-a82e-abb18adbca5d,b431c85c-1566-411c-8277-8a6e18ae6994,IG Post,IMAGE,10.3.2026 7:42:24,"Vstupenky na Last dance Dominika Kopeckého a Daniela Skrypa nyní jen za 50,- 😎",https://www.instagram.com/p/DVsia6qDCV4/,,2119,37,,7
vsefalcons,instagram,709fceba-e311-48e7-9057-f54a587abf4a,b79ed296-d813-43be-955e-cbfeefd6e878,IG Story,VIDEO,14.3.2026 15:42:54,KDO BUDE DNEŠNÍ JEDNIČKA ? ?,https://www.instagram.com/stories/vsefalcons/3852744688277130276,770,755,,1,
@bitvaoprahu,instagram,d7c8aa06-74fb-4c6c-a7d2-c2fe1bf6d59c,e97f5792-db0b-4f2c-afa4-1922187b0fb4,IG Post,IMAGE,12.3.2026 21:10:13,"🇨🇿 Dvojnásobný medailista z olympijských her v Miláně je mezi námi! 🤩🙏🏼

Tím není nikdo jiný než Metoděj Jílek! 🎩 #bitvaoprahu",https://www.instagram.com/p/DVzIlMODutd/,,213461,10746,1,330
vsefalcons,instagram,709fceba-e311-48e7-9057-f54a587abf4a,7abd9cf7-8324-4664-acb1-6d56c9763d20,IG Story,VIDEO,3.2.2026 18:40:40,SÝÝÝÝR 📸 🧀,https://www.instagram.com/stories/vsefalcons/3824567894458012045,,913,,,
@akademiciplzen,instagram,65494228-95bf-4f7b-8e68-d47d7262db66,feec603f-f38a-4711-bcd5-0dedd1813d5c,IG Post,IMAGE,3.3.2026 15:54:50,"JARNÍ BITVA UŽ ZÍTRA! 👊🏻

Doraž včas na Proud, Redbull nebo svařák do fanzóny, nalaď hlasivky a pojď z toho udělat večer, na kterej se bude vzpomínat!

🕰️ 17:30 otevření fanzóny
📍 LOGSPEED CZ Aréna
🎟️ Lístky najdeš v biu nebo na plzenskabitva.cz

Tak co, bude nás ještě víc než loni? 🔥
#akademiciplzen",https://www.instagram.com/p/DVbXwrhDPGt/,,2675,59,,1
@riderspardubice,instagram,4d6a67ab-9313-4f77-a82e-abb18adbca5d,ba61b1fa-0779-4ee6-86cc-fc06a80247fc,IG Story,IMAGE,17.4.2026 13:34:34,@tipsport_cz,https://www.instagram.com/stories/riderspardubice/3877322442461199422,,1107,,,
@engineersprague,facebook,afd06d1d-7b1c-4f66-8d93-ce4255ab773c,c0a961dd-9ccc-4664-892a-aaad6bc0d4c9,FB Story,VIDEO,4.8.2026 19:15:04,,,,,,,
@univerzitnihokej,instagram,1e114592-3529-4cfe-9977-2598454053af,eee3bf4f-6451-4e75-a837-6cf244051737,IG Reel,VIDEO,12.3.2026 18:03:03,Za takovou střelou by se nestyděli ani naši hráči! 🤯 @csobcz cash on ice 💸,https://www.instagram.com/reel/DVyzCcBCNu2/,,7746,106,,12
@akademiciplzen,instagram,65494228-95bf-4f7b-8e68-d47d7262db66,fcd809b5-ea07-4d99-bb86-3de5fd07916e,IG Reel,VIDEO,21.3.2026 17:16:10,"Šampóny od @garnier_czsk dělají po tréninku ve sprchách vyloženě zázraky. 🤯✨

#garnierfructis #cistahlava #cistahra #ad",https://www.instagram.com/reel/DWJ37CuDHm0/,,10618,260,1,68
@cvutengineers,instagram,11963a07-7f0f-48e6-9d81-aa63a7ff4a04,ff94c2e0-a07e-4fe1-bfd5-3363796914b4,IG Reel,VIDEO,17.4.2026 6:48:23,"🚨 FINÁLE FINAL FOUR JE TADY!

 Na tento moment jsme dlouho čekali. Teď je čas jít do boje o titul mistra ULLH. Na ledě necháme všechno. 🙏🏻

Dnes od 20:15 ukážeme, v kom bije skutečné srdce lva. 🦁",https://www.instagram.com/reel/DXOSBGhDImv/,,8383,124,,16
vsefalcons,instagram,709fceba-e311-48e7-9057-f54a587abf4a,0ab7914a-883e-4699-81d4-965d73d6a831,IG Story,VIDEO,3.2.2026 18:35:51,@vosmajz_97  cam 📽️,https://www.instagram.com/stories/vsefalcons/3824567260086278633,,1441,,,1
@AkademiciPlzen,facebook,d87b94e3-03e8-45d0-b92e-75e9b819545c,2f5b71ad-3efd-400b-94cd-1990fcc4098f,FB Video,VIDEO,25.3.2026 18:00:29,"Dnes do první linie proti @czufarmers nastupuje tahle sestava! Jen do nich, kluci. ✨

#akademiciplzen 

#AKA vs #CZU",https://www.facebook.com/reel/1424756915471003/,1057,448,13,,
vsefalcons,instagram,709fceba-e311-48e7-9057-f54a587abf4a,5196cbd8-4978-4f54-bf5a-fc73d71f2bf6,IG Story,VIDEO,14.3.2026 15:53:09,DOBRÝ PLAYLIST  must have 💯,https://www.instagram.com/stories/vsefalcons/3852749864450922233,766,779,,,
vsefalcons,instagram,709fceba-e311-48e7-9057-f54a587abf4a,64dc7188-25ca-47bd-8daa-391efca4d90f,IG Story,VIDEO,15.1.2026 11:13:23,@mcpraha3 🤝🏼 @vsecz,https://www.instagram.com/stories/vsefalcons/3810572080916245445,,4009,,,1
@akademiciplzen,instagram,65494228-95bf-4f7b-8e68-d47d7262db66,bb731746-71ce-49be-85af-477cdb8c3808,IG Story,IMAGE,2.4.2026 0:43:12,,https://www.instagram.com/stories/akademiciplzen/3866062570775539944,,2058,,,2
@engineersprague,facebook,afd06d1d-7b1c-4f66-8d93-ce4255ab773c,4495d929-8dfa-442d-9b1a-485da6c75484,FB Story,VIDEO,4.3.2026 19:17:37,,,,,,,
@akademiciplzen,instagram,65494228-95bf-4f7b-8e68-d47d7262db66,6118e644-4cda-433a-9bec-479d1f14b472,IG Post,ALBUM,30.3.2026 10:50:22,"PLAY-IN MODE ON! 🔥

Ta nejnapínavější část sezony právě začíná. Emoce pojedou na maximum a ve středu chceme přesně takovou atmosféru, jakou umíte vytvořit jen vy. 🫵🏻

📍 1. 4. | 19:00 | LOGSPEED CZ Aréna
🎟️ Lístky najdeš v biu nebo na webu

#akademiciplzen 💙",https://www.instagram.com/p/DWgX9BcjKsj/,,26121,770,3,72
vsefalcons,instagram,709fceba-e311-48e7-9057-f54a587abf4a,840002d2-5254-4d90-a181-644b97fb395e,IG Story,VIDEO,28.3.2026 19:24:32,"🫵🏻 POTŘEBUJEME TĚ
V ÚTERÝ NA TRIBUNĚ!",https://www.instagram.com/stories/vsefalcons/3863003085895371860,865,677,,,2
@riderspardubice,instagram,4d6a67ab-9313-4f77-a82e-abb18adbca5d,898ac601-c3d6-4bb2-9576-87dadb5cc8b1,IG Story,VIDEO,13.4.2026 12:35:00,🎟️,https://www.instagram.com/stories/riderspardubice/3874393356143168181,,568,,,
vsefalcons,instagram,709fceba-e311-48e7-9057-f54a587abf4a,ed604f20-e3e3-4f6b-8757-5c6c49539951,IG Story,VIDEO,8.3.2026 14:05:11,😘 🫶🏼,https://www.instagram.com/stories/vsefalcons/3848346822850937707,660,819,,,
@cvutengineers,instagram,11963a07-7f0f-48e6-9d81-aa63a7ff4a04,f8970262-4f31-45fc-baed-355b55db4f3d,IG Story,VIDEO,1.4.2026 8:40:02,🔥 🔥,https://www.instagram.com/stories/cvutengineers/3865577783280049146,,76,,,
@vutcavaliersbrno,instagram,b384bebf-72f3-4f9d-8b2d-3677709f6966,fc775be9-c85f-4525-976e-04a6ac29fc7d,IG Story,VIDEO,23.8.2026 15:27:53,Druhý den tryoutu je u KONCE ❤️‍🔥 @miraslovacek,https://www.instagram.com/stories/vutcavaliersbrno/3970150804937539065,,893,,,1
vsefalcons,instagram,709fceba-e311-48e7-9057-f54a587abf4a,197ab564-7377-41c3-9383-2fab05b41a87,IG Reel,VIDEO,17.2.2026 21:16:41,"CTRL C + CTRL V

Michal Daniel otočil zápas 5 minut před koncem, během 40 vteřin 😮‍💨",https://www.instagram.com/reel/DU36s85CBlp/,,10585,199,,5
vsefalcons,instagram,709fceba-e311-48e7-9057-f54a587abf4a,32c3e9b2-9390-42f7-9b1f-f7fd22c5e354,IG Story,VIDEO,10.2.2026 19:18:21,"Proč nejsi jinde
aspoň o pár cenťásků 🤏🏻",https://www.instagram.com/stories/vsefalcons/3829660293760859840,627,952,,,1
vsefalcons,instagram,709fceba-e311-48e7-9057-f54a587abf4a,510ba4b3-b6c4-4c03-9622-06f7d9ec42ac,IG Story,VIDEO,31.5.2026 10:10:18,,https://www.instagram.com/stories/vsefalcons/3909109634166197652,,741,,,4
vsefalcons,instagram,709fceba-e311-48e7-9057-f54a587abf4a,0381b3c5-769b-417b-80f1-b07fa3696ab5,IG Story,VIDEO,8.3.2026 7:34:06,@strnyjan,https://www.instagram.com/stories/vsefalcons/3848149991445547052,,965,,,2
vsefalcons,instagram,709fceba-e311-48e7-9057-f54a587abf4a,04673c5a-1337-4e44-b1d6-05b637cc6c9c,IG Story,VIDEO,12.3.2026 16:16:57,SROVNÁVÁME 👀,https://www.instagram.com/stories/vsefalcons/3851312263516951836,1408,1320,,,
vsefalcons,instagram,709fceba-e311-48e7-9057-f54a587abf4a,0b00ed68-22e0-45f0-8417-144e16ddf84f,IG Story,VIDEO,11.1.2026 17:56:00,👆🏼 REGISTROVAT SE MŮŽETE,https://www.instagram.com/stories/vsefalcons/3807875553261277639,,697,,,1
vsefalcons,instagram,709fceba-e311-48e7-9057-f54a587abf4a,24a9c569-4820-4246-8b32-ed2c6b5fd0be,IG Story,VIDEO,10.2.2026 10:36:44,,https://www.instagram.com/stories/vsefalcons/3829397735841734659,687,1014,,,6
@hc_muni,instagram,43cd62c8-609d-4ea6-8ce9-cae5242ede0c,2d43c833-502c-4ffe-b71b-cfba11f92b7a,IG Reel,REEL,25.3.2026 17:07:59,"Nojo, o @kfc_cz by se kluci i poprali🍗🐻 Jak úspěšní jste v našem kvízu byli vy? 

PS: žádné kuře nepřišlo vniveč 🫶🏻

#kfcplechovykyblik #kfc",https://www.instagram.com/reel/DWUKPdoDM2o/,,6068,104,,8
vsefalcons,instagram,709fceba-e311-48e7-9057-f54a587abf4a,54535825-d695-4183-9bb2-064f5699b1da,IG Story,VIDEO,10.2.2026 20:47:43,🚀,https://www.instagram.com/stories/vsefalcons/3829705462220589594,,977,,,
@univerzitnihokej,facebook,01b45180-0b14-4a14-96e8-d0a4bab1fb9f,12fe15d6-3e54-4b4d-b632-839a16f34875,FB Video,VIDEO,12.3.2026 22:11:27,"Myslíte si, že by byl @metodej_jilek dobrej v hokeji? 👇🏻👀",https://www.facebook.com/reel/956471700139737/,507,217,3,,
@univerzitnihokej,instagram,1e114592-3529-4cfe-9977-2598454053af,578b5b5c-c19b-48bb-9bff-2d3234f6e035,IG Post,IMAGE,8.4.2026 21:45:54,"Co zápas, to kino! 🍿 Známe tři účastníky historicky prvního Final Four 🥵

Falcons ovládli výlet v Budějcích, Kings si vyzkoušeli Eden nanečisto a Engineers urvali výhru po dramatických samostatných nájezdech 🔥",https://www.instagram.com/p/DW4uIJVCOqS/,,5889,262,,9
@cvutengineers,instagram,11963a07-7f0f-48e6-9d81-aa63a7ff4a04,6c8ce250-dc5f-48e6-836e-5ff566365a9a,IG Story,VIDEO,8.4.2026 18:41:29,,https://www.instagram.com/stories/cvutengineers/3870953940578002604,,1743,,,2
@hcmuni,facebook,d1f9e9f9-7526-42d4-85aa-13f91e89f7cf,07f96ee5-98b6-4817-89cc-e32d6a8f4caf,FB Video,VIDEO,6.3.2026 18:11:46,"Mrkněte na první gól @filas_vasek v @univerzitnihokej !!!🔥🏒💙

#hcmuni",https://www.facebook.com/reel/2098455937670864/,2437,1296,14,,
vsefalcons,instagram,709fceba-e311-48e7-9057-f54a587abf4a,69303f8b-4cf9-4c85-b7a4-6f9b4846eab4,IG Post,IMAGE,25.1.2026 17:56:18,"Zkouškové je (skoro) za námi, je čas vrátit se na zimák! 🤓 V prvním domácím zápase tohoto roku se utkáme s @hcnorthwings 🦅 

Hlavním partnerem zápasu je @mosteckamontazni 🤝🏽 

Už nám chybíte, tak se za námi zastavte! 🥹💙",https://www.instagram.com/p/DT8V0obiKQL/,,6168,63,,28
@bitvaoprahu,instagram,d7c8aa06-74fb-4c6c-a7d2-c2fe1bf6d59c,d2e7c461-ebeb-4a65-afe5-3777022061d4,IG Post,IMAGE,12.3.2026 15:46:14,"FIRST GAME COMIN’! ⏳🔜

Bitva o bronz: Kdo dnes urve malé pražské derby? 🔥",https://www.instagram.com/p/DVyjgSGjCYr/,,20817,187,1,11
@united_hk,instagram,b18c071b-0570-48b2-b743-990c668c3c5b,dc14bcaf-ff9c-4f30-9891-af90772e940e,IG Story,IMAGE,10.8.2026 18:51:57,pozitivně do  3. třetiny,https://www.instagram.com/stories/united_hk/3960831547921680659,,917,,,2
@univerzitnihokej,instagram,1e114592-3529-4cfe-9977-2598454053af,99f33367-2a6c-492e-9c63-12ec4cdc28e6,IG Post,IMAGE,12.3.2026 21:06:50,Tak který tým si odnesl víc peněz? 💰,https://www.instagram.com/p/DVzIMVBiN0J/,,11548,240,,54
@bitvaoprahu,instagram,d7c8aa06-74fb-4c6c-a7d2-c2fe1bf6d59c,c5b8da47-46da-4888-aaa4-9eadfdfc5f07,IG Story,VIDEO,10.4.2026 14:56:24,S KÓDEM BITVA15 UŠETŘÍŠ 🤑 🎟️ 🎟️,https://www.instagram.com/stories/bitvaoprahu/3872290199804088521,,850,,,3
@univerzitnihokej,instagram,1e114592-3529-4cfe-9977-2598454053af,2db1584a-caa6-431f-95f4-0687441041af,IG Post,IMAGE,6.3.2026 8:57:44,@zlatak30 se inspiroval v NCAA. 🫨 Tohle jsme nedávno viděli u @michael_hrabal v UMass.,https://www.instagram.com/p/DViX-_GiI_2/,,26008,556,1,19
@hcnorthwings,facebook,2b08a479-603b-46e4-8a48-2bc0435ccd53,49e49deb-b90c-44ec-b516-7db9ae8dac36,FB Story,VIDEO,2.3.2026 18:54:18,,,,,,,
@united_hk,instagram,b18c071b-0570-48b2-b743-990c668c3c5b,89156323-2cd8-4dd7-85a7-a06adfc7c9c7,IG Post,IMAGE,15.3.2026 11:34:04,"Náš útočník Radek Bíman dnes slaví narozeniny.

Všechno nejlepší, Radku! 🎂
Užij si to.

🖤🧡",https://www.instagram.com/p/DV51BE2iDlx/,,2882,64,1,5
@univerzitnihokej,facebook,01b45180-0b14-4a14-96e8-d0a4bab1fb9f,b79a1970-8f55-4f15-b882-a3db2322c6be,FB Post,IMAGE,2.3.2026 8:16:51,"Program na tento týden? Opravdu nabitý 🔋
Kromě mnoho zajímavých utkání se ve středu podíváme na TOP zápas do 📍Plzně",https://www.facebook.com/1275398168115026/posts/1251978200457023,343,,2,,
@united_hk,instagram,b18c071b-0570-48b2-b743-990c668c3c5b,d80ca8d3-451f-45f2-902c-d587c4ca82e6,IG Story,VIDEO,25.4.2026 12:21:18,"KDY? TRY - OUT 
 🎯",https://www.instagram.com/stories/united_hk/3883083523930214274,,943,,,
vsefalcons,instagram,709fceba-e311-48e7-9057-f54a587abf4a,f956e795-bd2a-4769-8307-2e2819e36870,IG Story,VIDEO,12.2.2026 13:07:20,POV: jsi s námi na střídačce,https://www.instagram.com/stories/vsefalcons/3830923135956818094,728,958,,,4
@united_hk,instagram,b18c071b-0570-48b2-b743-990c668c3c5b,40f64ffc-450a-4955-9c10-46a8e7715f4a,IG Reel,VIDEO,14.3.2026 10:30:02,"Včera jsme to dali na velkém plátně 🎬🏒

Heated Rivalry maraton v CineStaru.
Děkujeme @hbomaxczsk 

#unitedhk #cinestar #heatedrivalry #hbomax",https://www.instagram.com/reel/DV3IdJICKlD/,,78567,6345,44,2348
@univerzitnihokej,instagram,1e114592-3529-4cfe-9977-2598454053af,b6500821-e8c9-4534-8740-3e4bfcfa6e80,IG Post,IMAGE,23.3.2026 21:45:40,"Black Dogs vystrčili růžky a seřezali krále tabulky 🫣 východní Čechy patří Hradci, připisují si 4. výhru proti Riders 💪🏼",https://www.instagram.com/p/DWPhYejDC76/,,8810,182,,42
@univerzitnihokej,instagram,1e114592-3529-4cfe-9977-2598454053af,da6a9cc2-b138-4afc-b8b3-f1c2912aa0ba,IG Reel,VIDEO,22.4.2026 15:02:35,Zapsat se takové legendě do paměti je pro nás obrovská čest 💙  Děkujeme za krásná slova @helenavondrackovacz 🙏🏻 Celý díl na herohero.co/cestmir 🎥,https://www.instagram.com/reel/DXcCJo7CJ58/,,85904,2589,16,300
@riderspardubice,facebook,f99ed6c3-17cc-46f4-a32e-d9b0576ce2df,f9931061-d7ad-40a6-9552-30065b15750d,FB Post,IMAGE,9.3.2026 22:24:20,"Poslední zápas v dresu Riders pro @dominikkopecky_99 a @daniel.skryp! 🔥

Přijď kluky podpořit a rozloučit se s nimi na zápas proti @united_hk! 

Prvních 50 vstupenek za 50 Kč už teď přes odkaz v BIU!",https://www.facebook.com/1592662819534019/posts/1572162808250687,901,,8,,
@AkademiciPlzen,facebook,d87b94e3-03e8-45d0-b92e-75e9b819545c,06974fdb-b7b9-4e89-8350-3ce39f25af32,FB Post,IMAGE,18.3.2026 22:22:55,"3 VÝHRY V ŘADĚ! 👊🏻

Z Brna vezeme výhru 1:4 a držíme si tak 4. místo v tabulce. 🍫 Hráčem zápasu se stává Jíří Beníšek. 👑

Jsme READY na poslední domácí zápas základní části! Přijď nás 25. 3. podpořit a pojďme to společně uzavřít vítězně! 💙

#akademiciplzen",https://www.facebook.com/1357105236437494/posts/1345811964233488,6675,,57,,
vsefalcons,instagram,709fceba-e311-48e7-9057-f54a587abf4a,2c088016-988e-4817-ab16-d55c0773b309,IG Story,VIDEO,9.4.2026 7:57:55,už za týden míříme do Edenu 🔜,https://www.instagram.com/stories/vsefalcons/3871354877611931778,752,832,,,1
@univerzitnihokej,instagram,1e114592-3529-4cfe-9977-2598454053af,58bf8637-7be8-4d01-bd65-c8fc495e8415,IG Post,IMAGE,12.3.2026 21:52:31,Tak tuto výhru ti bude závidět celkej kotel! 🍗,https://www.instagram.com/p/DVzNPXLCPM0/,,3866,68,,10
@hcnorthwings,facebook,2b08a479-603b-46e4-8a48-2bc0435ccd53,690c3418-d9e6-4426-aa30-67b31623e739,FB Video,VIDEO,19.3.2026 8:08:02,🎤 | Pozápasové ohlasy z 25. kola @univerzitnihokej v podání kapitána @hcnorthwings (Adam #Šubrt) #univerzitnihokej,https://www.facebook.com/reel/953961007139831/,531,240,3,,
vsefalcons,instagram,709fceba-e311-48e7-9057-f54a587abf4a,99394075-4aa0-400c-b168-c379b9611ddf,IG Story,VIDEO,8.2.2026 17:43:02,SROVNÁVÁ 🎯,https://www.instagram.com/stories/vsefalcons/3828162771406042706,,1376,,,1
@univerzitnihokej,instagram,1e114592-3529-4cfe-9977-2598454053af,a1c579bc-53a9-4461-be17-ceb514d2b640,IG Post,IMAGE,25.3.2026 22:39:50,"Na závěr základní části nechyběly nájezdy, prodloužení ani gólový koncert 🎻 Farmers urvali 2 body v Plzni, brněnské derby patří MUNI a Engineers navařili desítku 🚨
…a teď už směr play-in 🔜",https://www.instagram.com/p/DWUxK7tCAjc/,,5375,132,,8
@hcnorthwings,facebook,2b08a479-603b-46e4-8a48-2bc0435ccd53,af26b591-496b-4dd4-bdca-671f27e110f8,FB Story,VIDEO,4.3.2026 16:16:37,,,,,,,
vsefalcons,instagram,709fceba-e311-48e7-9057-f54a587abf4a,b5314a42-3b47-4c55-91dd-7a4fbdf998ad,IG Story,VIDEO,26.2.2026 20:55:05,za občerstvení děkujeme @kauflandcesko 🍿,https://www.instagram.com/stories/vsefalcons/3841305406261983803,983,1317,,,50
vsefalcons,instagram,709fceba-e311-48e7-9057-f54a587abf4a,bd636c4e-b803-4fad-894d-37333cb86254,IG Story,VIDEO,2.2.2026 17:15:52,"nedočkavec 6 minut
před tréninkem 🥹",https://www.instagram.com/stories/vsefalcons/3823800453092372016,,1223,,,2
vsefalcons,instagram,709fceba-e311-48e7-9057-f54a587abf4a,f3e6fbe7-e6b2-45aa-8ceb-8161a6480c7a,IG Post,IMAGE,8.2.2026 21:00:44,"@bitvaoprahu nanečisto pro nás skončila vítězně, ta pravá nás ale teprve čeká 🔥

Nejlevnější lístky můžeš koupit do pátku na bitvaoprahu.cz 🎟️",https://www.instagram.com/p/DUgtJbOiLid/,,2270,100,1,1
@218107044725785,facebook,7a942e3e-6c47-4794-9ba7-bbc7b6d40cb3,32659237-62e3-4d65-9115-44b7c6b59bb9,FB Video,VIDEO,17.8.2026 16:12:02,"Nezaujatý mic’up by @jirkafibigr a @alenjurak11 🎙️

Kluci na tryoutu zahodili dresy a vyzkoušeli si roli rozhodčích. Že by jim to dvakrát šlo, se říct nedá, takže se těšíme, až budou zase zpátky ve hře 🤓

PS. @stracajunior kdo je ta Eliška? 🧐",https://www.facebook.com/reel/2005468546804426/,451,223,6,,
@218107044725785,facebook,7a942e3e-6c47-4794-9ba7-bbc7b6d40cb3,6eaaba46-f3d8-4ea0-a5ca-cdcf31439960,FB Post,IMAGE,20.8.2026 20:45:11,První přípravný zápas pro nás končí prohrou 😐,https://www.facebook.com/122282816036218300/posts/122302992326218300,163,,,,
@cvutengineers,instagram,11963a07-7f0f-48e6-9d81-aa63a7ff4a04,b1f7c56d-e369-4481-96cd-da3d54ebaae5,IG Post,IMAGE,17.4.2026 10:48:49,"Polední rozbruslení za námi, atmosféra byla/je dobrá 🤓

Těšíme se na večer 👀

📸: @ondra_mann 

#srdcelva",https://www.instagram.com/p/DXOuFZBDCh9/,,5092,123,,8
@univerzitnihokej,facebook,01b45180-0b14-4a14-96e8-d0a4bab1fb9f,37f4a432-d424-4c8a-aa98-973bd06d88bf,FB Video,VIDEO,11.3.2026 18:32:26,MORAVSKÉ DERBY ⚔️ Sledujte živě na @ctsport 📺,https://www.facebook.com/reel/920877407214740/,1503,502,5,,
@cvutengineers,instagram,11963a07-7f0f-48e6-9d81-aa63a7ff4a04,85f69cd9-a343-4cde-96a3-1751dfc4dee0,IG Post,IMAGE,22.7.2026 9:54:37,"Nejen že jsou vtipný, hezký a šikovný… jsou i chytrý! 🤓

Gratulujeme všem ke studijním úspěchům. Ať už vás po létě čeká navazující studium, nebo nová životní etapa, přejeme hodně štěstí. 💙🦁

#engprg",https://www.instagram.com/p/DbF0MZKjNQn/,,53802,1152,7,87
vsefalcons,instagram,709fceba-e311-48e7-9057-f54a587abf4a,a7b2fb30-35d2-4f88-adb0-909e391479d8,IG Story,VIDEO,20.8.2026 9:05:54,,https://www.instagram.com/stories/vsefalcons/3967784181161271309,,1287,,,14
@unitedhk,facebook,bfe6cc29-a387-41b9-9bca-b077722556af,08917127-b8fe-4fbe-939a-653e23a5fd29,FB Post,IMAGE,17.8.2026 13:49:58,"Rodina partnerů UNIted HK se rozšiřuje.

Pro sezonu 2026/27 vítáme čtyři nové partnery — Amity drinks, Futurum Hradec Králové, Lékárny IPC a Montela MH.

Díky za důvěru a vítejte v UNIted HK.

Těšíme se na společnou sezonu.",https://www.facebook.com/122180651084388974/posts/122191157468388974,232,,5,,
@bitvaoprahu,instagram,d7c8aa06-74fb-4c6c-a7d2-c2fe1bf6d59c,306c41d5-83c5-4c23-af22-2e3edf05e639,IG Post,IMAGE,13.3.2026 12:52:35,"🏆🏆 Královské ráno! Žijete všichni? 😀

📸 @vratapolivka_photo , @matyasklapa , @radekkasik1",https://www.instagram.com/p/DV00bUIjCKI/,,26264,807,,176
@univerzitnihokej,instagram,1e114592-3529-4cfe-9977-2598454053af,4947b9fb-87ff-4156-af7c-6d408a228b4a,IG Story,VIDEO,12.4.2026 15:12:45,OD ZÍTRA SE ZDRAŽUJÍ VSTUPENKY MŮJ TÝM POSTOUPIL DO @unihokejfinalfour 🚨 🥳 🙌🏻 🤯,https://www.instagram.com/stories/univerzitnihokej/3873747978158609299,,1438,,,1
@boostrava,instagram,1176ddaf-d366-48a2-9639-3c6694c72c85,8899a1ac-fb83-499a-ab96-4d975cf9ac5c,IG Post,IMAGE,4.3.2026 21:20:01,"Naši vítězové! 🦈

#hockey #winners",https://www.instagram.com/p/DVei045jOtf/,,10533,196,1,23
@riderspardubice,instagram,4d6a67ab-9313-4f77-a82e-abb18adbca5d,9ab2f050-1550-4f31-acff-2e7057fe7ab6,IG Story,VIDEO,3.4.2026 7:48:04,,https://www.instagram.com/stories/riderspardubice/3867001180732009455,,599,,,1
@univerzitnihokej,instagram,1e114592-3529-4cfe-9977-2598454053af,9d728274-d513-4b55-b324-b8e0ef70b910,IG Reel,VIDEO,12.3.2026 22:11:15,"Myslíte si, že by byl @metodej_jilek dobrej v hokeji? 👇🏻👀",https://www.instagram.com/reel/DVzOyuUCEFR/,,57618,2571,3,212
@akademiciplzen,instagram,65494228-95bf-4f7b-8e68-d47d7262db66,daa2564e-fae2-44b8-bdae-34e4652de34e,IG Story,VIDEO,1.4.2026 15:10:56,,https://www.instagram.com/stories/akademiciplzen/3865774527955633902,,1658,,,14
vsefalcons,instagram,709fceba-e311-48e7-9057-f54a587abf4a,ebd9dacd-6e94-481d-8766-25feffc06816,IG Reel,VIDEO,14.7.2026 18:06:45,"Někteří ptáci potřebují občas trochu času, než najdou své hnízdo. 🪺 Z Black Dogs k nám od nové sezóny přilétá student naší univerzity, Jan Vavřík 🤝🏼

Vavřa, vítej doma!",https://www.instagram.com/reel/DayF3BKotIZ/,,11833,290,6,54
@cvutengineers,instagram,11963a07-7f0f-48e6-9d81-aa63a7ff4a04,d0876eb8-b16a-4b8e-b399-e0ba1dd5ba16,IG Post,IMAGE,17.4.2026 8:42:20,"Ještě něco málo ze včerejší vítězný radosti 🥳
Dneska je cíl jasnej!

20:15 | ZIMNÍ STADION EDEN | UK vs ENG 
Chceme tě tam vidět! 🫵🏼

📸: @ondra_mann",https://www.instagram.com/p/DXOfnBwDLcj/,,8634,278,1,11
@hcmuni,facebook,d1f9e9f9-7526-42d4-85aa-13f91e89f7cf,15ce342b-b6eb-4dcb-98e7-a4668294862e,FB Video,VIDEO,11.8.2026 19:04:46,"Back on ice!!🔥 Druhý den tryoutů je za námi a tempo se pořád stupňuje💥 Jede se naplno! 💪🏼

#hcmuni",https://www.facebook.com/reel/1537541280945750/,1396,397,7,,
@bitvaoprahu,facebook,75e0f41f-82be-4f82-a77b-82ac11135ed2,576a5d72-0427-43ce-9ef9-3d59e7eefd57,FB Post,IMAGE,12.3.2026 9:00:08,"Nevíš co na sebe? 😔 Teď už jo! Obleč se do barev tvojí univerzity ať všichni ví, komu fandíš 🫡

Tak co, bude to červená❤️, modrá💙, zelená💚 nebo bílá🤍? 

Finálový večer Bitva o Prahu 🏒
Poslední lístky 👉🏼 bitvaoprahu.cz🎟️",https://www.facebook.com/1441262177797849/posts/1419535129970554,167,,,,
@hcmuni,facebook,d1f9e9f9-7526-42d4-85aa-13f91e89f7cf,6b4c878d-a278-4ed4-8c81-a23f95bd3aa6,FB Video,VIDEO,17.3.2026 10:50:41,"Bez tebe to nebude ono! Doraz ve středu na tribuny!! ⚔️🔥
Vidíme se v 19:30 na Lužánkách 📍

Lístky koupíš v biu 🎟️

#hcmuni",https://www.facebook.com/reel/940613421851062/,1885,568,6,,
@cvutengineers,instagram,11963a07-7f0f-48e6-9d81-aa63a7ff4a04,da290fe6-c6e7-4199-8d3d-47d6c381be2b,IG Story,VIDEO,22.8.2026 19:21:34,,https://www.instagram.com/stories/cvutengineers/3969543947164636806,,597,,,1
vsefalcons,instagram,709fceba-e311-48e7-9057-f54a587abf4a,281264d4-72fd-4852-b714-f710795a590a,IG Story,VIDEO,18.1.2026 11:03:52,@ramert.16,https://www.instagram.com/stories/vsefalcons/3812741551500096165,,820,,,5
@unitedhk,facebook,bfe6cc29-a387-41b9-9bca-b077722556af,658df11c-62a0-475c-8ee7-1dd488f797af,FB Story,IMAGE,23.8.2026 16:30:25,,https://facebook.com/stories/122099775710388974/UzpfSVNDOjE2MDM5NjEwNzEwNzg0NDM=/?view_single=1,,,,,
vsefalcons,instagram,709fceba-e311-48e7-9057-f54a587abf4a,b97d525e-5888-46f1-b813-99fc2dd7a0a7,IG Story,VIDEO,13.2.2026 13:52:49,,https://www.instagram.com/stories/vsefalcons/3831670806724278456,883,1059,,,5
@united_hk,instagram,b18c071b-0570-48b2-b743-990c668c3c5b,f51784dc-2ba0-42fe-8848-d0a9da16fe8b,IG Story,IMAGE,22.4.2026 8:07:00,,https://www.instagram.com/stories/united_hk/3880781448647060631,,849,,,
vsefalcons,instagram,709fceba-e311-48e7-9057-f54a587abf4a,61a3e84c-e757-4625-80b0-3d82d98026c4,IG Post,IMAGE,6.7.2026 8:00:03,"GraduATE! 🤓

S koncem akademického roku tu máme jednu příjemnou povinnost a to pogratulovat těm, kteří v uplynulých dnech úspěšně zvládli státnice 📚

Patří vám obrovské uznání, že jste dokázali skloubit náročnou sezónu s plněním akademických povinností a došli si pro zasloužené tituly 🏆

V týmu máme opět o něco více vysokoškolsky vzdělaných hlav, kterým přejeme mnoho úspěchů v další kapitole studia i kariéry! 🎓",https://www.instagram.com/p/DacacIEDlAB/,,24431,460,8,88
@riderspardubice,instagram,4d6a67ab-9313-4f77-a82e-abb18adbca5d,12b87318-ea0a-4920-901b-c804856eba44,IG Post,IMAGE,10.3.2026 19:51:31,"Další venkovní zápas!🤩

Venkovní zápas
🗓️ 17.3. v 19:30
📍 v RT Torax Arena 
⚔️ proti @boostrava 

#venkovnízápas#riders",https://www.instagram.com/p/DVt1vuekXcM/,,2425,34,,4
vsefalcons,instagram,709fceba-e311-48e7-9057-f54a587abf4a,15a00091-9aab-4134-a436-e13d5f9c39cd,IG Post,IMAGE,23.6.2026 18:51:08,"Letošní sezónu jsme oficiálně uzavřeli na slavnostním galavečeru ⭐️

Zavzpomínali jsme na to nejlepší z ledu i mimo něj, ocenili nejúspěšnější hráče a rozloučili se s těmi, kteří nás opouští. Kromě hokeje šlo ale hlavně o to být spolu, utužit vztahy a připomenout si, že Falcons jsou víc než jen tým. 🤝🏼",https://www.instagram.com/p/DZ8GippiHpX/,,7701,195,2,36
@hcnorthwings,facebook,2b08a479-603b-46e4-8a48-2bc0435ccd53,598605a1-6d0f-467e-a579-b92412b8dd1b,FB Post,IMAGE,19.4.2026 16:59:42,"SEZÓNA 2025/2026 OFF 
Univerzitní liga již zná vítěze letošní sezóny 👑 a tím pro nás ofiko končí tento ročník 🔚
Díky všem 🫶 kteří se na něm podíleli a velké díky patří samotným hráčům, že to nevzdali a bojovali až do posledního kola 💛💙
Vidíme se v sezóně 2026/2027 🏒
#univerzitnihokej #myjsmeujep #hcnorthwings #icehockey",https://www.facebook.com/1583651910433365/posts/1600085498790006,2706,,22,,
@cvutengineers,instagram,11963a07-7f0f-48e6-9d81-aa63a7ff4a04,6f3c126d-bc95-4fb0-b22e-bdb9e344f20b,IG Story,VIDEO,8.4.2026 17:40:32,VÍTEJTE V MODRYM PEKLE 😈,https://www.instagram.com/stories/cvutengineers/3870923303108229836,,1011,,,1
@univerzitnihokej,instagram,1e114592-3529-4cfe-9977-2598454053af,ed225584-3d92-4b2c-8362-876f4e0136d4,IG Reel,VIDEO,5.3.2026 19:01:38,"Je hladoveeej🤤🤤

#zott #zotthungry #zotthungrydrinkthis",https://www.instagram.com/reel/DVg37IdCCB2/,,9321,216,6,43
vsefalcons,instagram,709fceba-e311-48e7-9057-f54a587abf4a,6810566c-d823-4ba5-81de-1110733dadaf,IG Story,VIDEO,12.3.2026 14:41:45,BRAZILKA  musí být,https://www.instagram.com/stories/vsefalcons/3851264353517475511,1554,1540,,,1
@riderspardubice,facebook,f99ed6c3-17cc-46f4-a32e-d9b0576ce2df,6e4e4825-8a65-4b5d-8be2-ced43b96280d,FB Post,IMAGE,17.4.2026 18:29:50,"Děkujeme 🫶

Dneska to necinklo, ale rvali jsme se a nenechali jsme to nikomu zadarmo.

Dokázali jsme se po nepříliš ideálním začátku sezóny zvednout a dotáhnout to mezi 4 nejlepší týmy ligy a zahrát si na historicky prvním @unihokejfinalfour v Edenu. 

A to už nám nikdy nikdo nevezme. 

Děkujeme všem, kteří nám fandili a speciálně těm, kteří při nás stáli od začátku sezony nebo dokonce těm kteří při nás stojí od začátku Riders samotných. Vážíme si toho.",https://www.facebook.com/1592662819534019/posts/1607527561380878,2144,,54,,
vsefalcons,instagram,709fceba-e311-48e7-9057-f54a587abf4a,17ac2476-ca0f-42e6-ae59-c0a71444e87a,IG Story,VIDEO,15.4.2026 5:46:57,@viznertom,https://www.instagram.com/stories/vsefalcons/3875637527747233410,723,849,,2,3
@univerzitnihokej,instagram,1e114592-3529-4cfe-9977-2598454053af,2aa5811f-2b1c-4961-8531-6bbf60b38cba,IG Story,VIDEO,8.4.2026 17:13:00,0 1,https://www.instagram.com/stories/univerzitnihokej/3870909398688226612,,884,,,
vsefalcons,instagram,709fceba-e311-48e7-9057-f54a587abf4a,8374a384-2299-4c9d-8ee2-833003a34902,IG Reel,REEL,12.3.2026 14:25:56,Jsme na místě 🥵,https://www.instagram.com/reel/DVyaBXjiBG4/,,6574,198,1,31
univerzitnihokej,tiktok,01c88cf9-594f-408e-a45a-95114221acae,96ae7fb3-d1d4-4b64-935d-e31cd19b925a,TT Video,VIDEO,19.4.2026 18:24:33,"Výměna studia za stadion, aby audiokniha HR měla tu pravou atmosféru 🎧🔥",https://www.tiktok.com/@univerzitnihokej/video/7630537975536880918?utm_campaign=tt4d_open_api&utm_source=7348986504397455361,,31674,2448,18,822
@cvutengineers,instagram,11963a07-7f0f-48e6-9d81-aa63a7ff4a04,c58fc56a-5788-4764-9123-3a25b5d91a16,IG Post,IMAGE,18.3.2026 19:29:46,"100 zápasů. Jedno jméno… Matouš Najman 👏🏼

Další legenda Engineers, která zanechala stopu, na kterou se nezapomíná. Matouši, díky za všechno! 💙

Přejeme ti spoustů úspěchů… a ať tě nikdy neopustí srdce lva 🦁",https://www.instagram.com/p/DWCZ2vJjMpG/,,10166,344,,9
@united_hk,instagram,b18c071b-0570-48b2-b743-990c668c3c5b,8560af6f-4bd3-47a9-9f60-7f6583d24749,IG Story,VIDEO,22.4.2026 18:32:19,,https://www.instagram.com/stories/united_hk/3881096052451362688,,320,,,
@akademici_plzen,tiktok,8f78cb3d-9c53-4c33-9f39-e6526fd8fa1c,077f365c-4b37-4d23-902f-d5b4f50feae2,TT Video,VIDEO,27.4.2026 21:32:11,"Zavzpomínali jsme na Jarní bitvu… a přenesli se až do devadesátek! 🎞️ Chybí vám taky ta atmosféra? Nesmutněte, už příští týden oznámíme datum Bitvy o Plzeň! 🔥 #akademiciplzen 💙 #hockey #universitystudent #gameday ",https://www.tiktok.com/@akademici_plzen/video/7633554991655046422?utm_campaign=tt4d_open_api&utm_source=7348986504397455361,,1348,67,,3
@cvutengineers,instagram,11963a07-7f0f-48e6-9d81-aa63a7ff4a04,6e9d44b1-93a6-4b23-bb0a-e80fe580c543,IG Post,ALBUM,24.3.2026 18:08:58,"Zejtra vítězný repete? 🤞🏼

ENG vs NWU | 25. 3. | 20:00",https://www.instagram.com/p/DWRtYKBjOT0/,,9321,189,,2
@univerzitnihokej,instagram,1e114592-3529-4cfe-9977-2598454053af,79b64d06-5634-4595-a134-0a1e84c4a933,IG Story,VIDEO,17.4.2026 14:53:30,,https://www.instagram.com/stories/univerzitnihokej/3877362175832490597,,1669,,,2
@akademiciplzen,instagram,65494228-95bf-4f7b-8e68-d47d7262db66,9ed60cb4-ec4e-4c2a-926b-134232695a2b,IG Story,VIDEO,8.4.2026 13:28:24,,https://www.instagram.com/stories/akademiciplzen/3870796406890204498,,1591,,,
@engineersprague,facebook,afd06d1d-7b1c-4f66-8d93-ce4255ab773c,f4305a72-a822-46ed-8d9a-6ac584a9199c,FB Post,IMAGE,4.3.2026 8:33:55,"🚨 GAMEDAY | Dnes hrajeme doma!
V tradičních 20:00 vyzvedneme na našem ledě @united_hk 🔥. Jak tento duel dopadne? Přijď se podívat na Hvězdu a pořádně nám zafandit! Těšíme se 👋🏻. 

#engprg",https://www.facebook.com/1560924572517692/posts/1536634661613350,279,,4,,
@unitedhk,facebook,bfe6cc29-a387-41b9-9bca-b077722556af,f0594217-1ef2-4b00-87a7-e754f860b20b,FB Post,IMAGE,9.4.2026 12:41:55,"Každá sezona přináší i loučení v Univerzitní hokej.

Od další sezony s námi nebudou pokračovat Jakub Kochan, Marek Ladman, Vladimír Mičian, Jiří Šrámek a Tomáš Teuber.

Děkujeme za čas, energii, zápasy, kabinu i všechno, co jste do UNIted HK vložili.
Každý z vás zanechal v našem týmu svoji stopu a byl součástí cesty, kterou jsme za první roky klubu společně prošli.

Díky, chlapi.
🖤🧡

#unitedhk #unihokej #hokej",https://www.facebook.com/122180651084388974/posts/122180838314388974,1123,,9,,
@hcnorthwings,facebook,2b08a479-603b-46e4-8a48-2bc0435ccd53,1468da8f-7a52-4905-9b87-802f5bbead96,FB Video,VIDEO,5.3.2026 7:59:03,🎥 | Přinášíme sestřih branek 23. kola @univerzitnihokej ve kterém studenti @ujepul - HC North Wings podlehli celku @czufarmers na domácím ledě v poměru 1:5🏒 #univerzitnihokej,https://www.facebook.com/reel/1246404513627047/,324,84,3,,
@univerzitnihokej,facebook,01b45180-0b14-4a14-96e8-d0a4bab1fb9f,48165b2c-7bfc-4a20-8624-aff47bda68eb,FB Post,IMAGE,18.4.2026 19:16:28,Šampioni si navíc odnáší šek od našeho partnera @b_hockey_czech 🙌🏻,https://www.facebook.com/1275398168115026/posts/1289214493400060,1467,,14,,
@boostrava,instagram,1176ddaf-d366-48a2-9639-3c6694c72c85,5cc5ae08-92f9-4f6d-a29e-f987d7bfc650,IG Story,VIDEO,20.8.2026 8:26:48,PRVNÍ ZÁPAS SEZÓNY JE TADY!,https://www.instagram.com/stories/boostrava/3967764503894737379,,793,,,2
@riderspardubice,instagram,4d6a67ab-9313-4f77-a82e-abb18adbca5d,9e96651b-4f7c-439f-92e7-7dcc9112aab6,IG Story,VIDEO,12.4.2026 13:58:02,🎟️,https://www.instagram.com/stories/riderspardubice/3873710367465825468,,1223,,,1
@riderspardubice,facebook,f99ed6c3-17cc-46f4-a32e-d9b0576ce2df,b1d0eca8-8461-4a30-9c0d-ce74f133b327,FB Video,VIDEO,27.4.2026 10:50:50,"Tahle jízda je u konce! Děkujeme všem za neskutečnou podporu. 🐎 Tato sezóna byla naprosto unikátní – zažili jsme historicky první Final Four a Riders u toho nesměli chybět!

P.S.: Jak teď máme bez těch hezkých hokejistů jako žít? Ptám se pro kamarádku... 🙋‍♀️",https://www.facebook.com/reel/1398184518993354/,246,110,3,,
@akademiciplzen,instagram,65494228-95bf-4f7b-8e68-d47d7262db66,ceeea672-9aa5-4fb0-84f6-36510015ae9b,IG Story,VIDEO,1.4.2026 17:40:46,,https://www.instagram.com/stories/akademiciplzen/3865849939108876522,,1234,,,
vsefalcons,instagram,709fceba-e311-48e7-9057-f54a587abf4a,16acfc41-cd6e-4905-a8d8-88c565ac3836,IG Story,VIDEO,8.2.2026 17:49:06,"🥁 KOTEL
READY @sokoli.hnizd0",https://www.instagram.com/stories/vsefalcons/3828165944480922697,,926,,,2
@hc_muni,instagram,43cd62c8-609d-4ea6-8ce9-cae5242ede0c,530841b7-a171-42fb-96a3-4e9a6d363d79,IG Post,IMAGE,10.4.2026 14:43:21,"Stehlík&Bros zahrají pro dobrou věc 🎶 💙 
Podpořte spolu se zakladatelem HC MUNI @stehla81 malého Honzíka, který od narození bojuje se vzácným genetickým onemocněním 🥹 Každý příspěvek mu pomůže na cestě k potřebným terapiím či pomůckám. Přispět můžete skrze QR kód ve stories. 
Předem moc děkujeme 🧸

#desetfakultjednarodina",https://www.instagram.com/p/DW9HXEIjBUY/,,3629,46,,10
@cvutengineers,instagram,11963a07-7f0f-48e6-9d81-aa63a7ff4a04,9090ab2a-7dc7-46aa-ae14-4df0d351ae54,IG Story,VIDEO,12.4.2026 6:28:41,1. VLNA NEJLEVNĚJŠÍCH LÍSTKŮ KONČÍ UŽ DNES  VYUŽIJ KÓD ENGFANS,https://www.instagram.com/stories/cvutengineers/3873484208304032151,,1145,,,7
@united_hk,instagram,b18c071b-0570-48b2-b743-990c668c3c5b,9d36361e-0e51-461b-9e4c-208b90241c9c,IG Post,PHOTO,24.3.2026 13:21:26,"💥Za týden jdeme do PLAY-IN.
31.3. Zápas o VŠE s VŠE Falcons v Praze!

1 zápas. Žádná druhá šance.

👉 Jak to funguje?
Vyhraješ = zůstáváš ve hře o Final Four.
Prohraješ = konec sezóny.

ALL IN

#unitedhk #unihokej #hokej",https://www.instagram.com/p/DWRMQJYCMlQ/,,7663,119,1,46
@univerzitnihokej,facebook,01b45180-0b14-4a14-96e8-d0a4bab1fb9f,9d5baab9-c755-44c6-ae4c-438f25039b5a,FB Video,VIDEO,12.3.2026 21:13:07,"Sice prohrávají, ale slavit umí…🔥",https://www.facebook.com/reel/822241420134224/,205,79,1,,
@unitedhk,facebook,bfe6cc29-a387-41b9-9bca-b077722556af,a34c6dd8-8195-499f-936c-3dc4c1bb8d3d,FB Story,VIDEO,10.8.2026 19:13:40,,https://facebook.com/stories/122099775710388974/UzpfSVNDOjE3MjUxODAyODUyMDQ1MTQ=/?view_single=1,,,,,
@218107044725785,facebook,7a942e3e-6c47-4794-9ba7-bbc7b6d40cb3,b07ca80f-abac-4b9d-8186-42aceeb3e40b,FB Post,IMAGE,21.4.2026 18:39:25,"Druhá sezóna, podruhé v TOP 4 a letos rovnou s medailema na krku🥉

Byla to horská dráha a velký počet zranění nám nic neulehčoval. Sice jsme nedoletěli až na samotný vrchol, ale to, co jsme během té cesty vytvořili, má pro nás mnohem větší hodnotu.

Děkujeme všem, kteří byli součástí - fanouškům z našeho hnízda za podporu, partnerům za důvěru a všem ostatním, kteří za námi stáli - ať už na ledě nebo mimo něj. 🩵 Loučíme se a už se těšíme, co přinese příští sezóna… protože my letíme dál Vzhůru k výškám 👆🏼

Go Falcons! 🦅",https://www.facebook.com/122282816036218300/posts/122285181680218300,1620,,37,,
vsefalcons,instagram,709fceba-e311-48e7-9057-f54a587abf4a,bc12a9a9-5148-42b7-81aa-3ae135f300a1,IG Story,VIDEO,14.3.2026 15:32:19,ROZBRUSLENÍ,https://www.instagram.com/stories/vsefalcons/3852739357526521963,849,849,,,
@riderspardubice,instagram,4d6a67ab-9313-4f77-a82e-abb18adbca5d,bf0f61d1-d9ac-4182-b6b2-6dc119e50ee6,IG Story,IMAGE,12.4.2026 11:00:21,,https://www.instagram.com/stories/riderspardubice/3873620936088120486,,1430,,,
@riderspardubice,facebook,f99ed6c3-17cc-46f4-a32e-d9b0576ce2df,d314ef03-649d-4e16-8717-16d0540d3112,FB Video,VIDEO,26.4.2026 12:34:50,,https://www.facebook.com/reel/2036444483604619/,1077,461,6,,
@univerzitnihokej,facebook,01b45180-0b14-4a14-96e8-d0a4bab1fb9f,04d75656-60f8-4a84-8bb1-f5c409b0fda0,FB Video,VIDEO,12.3.2026 16:38:52,"Pražští kluci už okoukali, jak se to v Brně dělá 💋",https://www.facebook.com/reel/1117565137163537/,1769,648,9,,
@univerzitnihokej,facebook,01b45180-0b14-4a14-96e8-d0a4bab1fb9f,b04f7ba1-ea67-44d3-a223-75cc41e641be,FB Video,VIDEO,29.7.2026 17:09:26,"Kolej? Menza? Permanentka na desítky let? Zjistili jsme, co všechno by si za výhru mohl dovolit 😄
Mít účet u ČSOB se prostě vyplácí a na další sezónu s nimi chystáme ještě víc benefitů a odměn pro fanoušky ULLH 👀
Díky @csob, generálnímu partnerovi ULLH 🩵",https://www.facebook.com/reel/1065389443109879/,572,198,1,,
@bitvaoprahu,facebook,75e0f41f-82be-4f82-a77b-82ac11135ed2,e808efa3-9166-4e3f-aaa9-37d33ebbaeb5,FB Video,VIDEO,12.3.2026 18:20:02,"FALCONS JSOU BLÍZKO! 🦅🥉

Finálový večer @bitvaoprahu můžete sledovat živě na @sport_ct ➕. 📺",https://www.facebook.com/reel/1479012263830385/,137,33,,,
vsefalcons,instagram,709fceba-e311-48e7-9057-f54a587abf4a,7bc14117-e49f-423d-bc98-32b29dce29f6,IG Story,VIDEO,15.1.2026 9:49:44,👯,https://www.instagram.com/stories/vsefalcons/3810529931139015612,,1685,,,2
vsefalcons,instagram,709fceba-e311-48e7-9057-f54a587abf4a,7bc2947f-fd0f-41c4-9d19-ef2369605088,IG Story,VIDEO,3.3.2026 19:25:04,KDO TU DNES NENÍ 📺 🛋️,https://www.instagram.com/stories/vsefalcons/3844883981854584101,646,812,,,
@riderspardubice,instagram,4d6a67ab-9313-4f77-a82e-abb18adbca5d,b91b56bb-e679-4e40-8698-c86e05e900f7,IG Story,IMAGE,17.4.2026 20:45:55,,https://www.instagram.com/stories/riderspardubice/3877539546766561999,,570,,,
@riderspardubice,facebook,f99ed6c3-17cc-46f4-a32e-d9b0576ce2df,4ebd2af8-52c9-498e-8e7b-40124a6deca3,FB Post,IMAGE,14.3.2026 17:01:12,"V dresu Riders 23. března uvidíme naposledy na ledě i @daniel.skryp 👏

Přijďte se s nim rozloučit a vytvořit mu na posledním domácím zápase nezapomenutelnou atmosféru! 🔥

Vstupenky koupíte přes odkaz v BIU s kódem “skryp20” dokonce s 20% slevou! 🎟️",https://www.facebook.com/1592662819534019/posts/1576340554499579,175,,,,
vsefalcons,instagram,709fceba-e311-48e7-9057-f54a587abf4a,5718cd43-4628-48d3-9358-942592bc3e65,IG Story,VIDEO,24.4.2026 7:52:14,,https://www.instagram.com/stories/vsefalcons/3882223451838632451,723,822,,,5
vsefalcons,instagram,709fceba-e311-48e7-9057-f54a587abf4a,8f328d1a-ab3b-4f6a-9375-1aca4468f424,IG Story,VIDEO,11.7.2026 19:00:37,,https://www.instagram.com/stories/vsefalcons/3939092489113749311,,633,,,2
@hcnorthwings,facebook,2b08a479-603b-46e4-8a48-2bc0435ccd53,d5c697ae-316a-4fae-b0fe-37faf2600aff,FB Story,VIDEO,4.3.2026 13:42:45,,,,,,,
@univerzitnihokej,facebook,01b45180-0b14-4a14-96e8-d0a4bab1fb9f,f6519fb6-d45f-48d1-aae0-9ea3aec1a5d7,FB Post,IMAGE,4.3.2026 14:35:04,"S účtem u ČSOB dostaneš z afterparty Jarní bitvy v Plzni zpět 2️⃣0️⃣% z útraty.

Stačí si založit účet u @csobcz přes odkaz v našem biu.
Afterparty může bolet, účet už o něco míň. 😏",https://www.facebook.com/1275398168115026/posts/1253700486951461,235,,,,
@univerzitnihokej,instagram,1e114592-3529-4cfe-9977-2598454053af,46c3176f-c408-411b-b7da-81395c6bdf2c,IG Story,IMAGE,12.8.2026 20:46:20,NOVÁ TRENÉRSKÁ POSILA @blackdogsbudweis_vste 🐺,https://www.instagram.com/stories/univerzitnihokej/3962338516420096013,,719,,,
@univerzitnihokej,facebook,01b45180-0b14-4a14-96e8-d0a4bab1fb9f,6ce2c0a4-b7a4-41e4-b8a4-080aca5c40e8,FB Post,IMAGE,17.3.2026 21:29:44,Riders dnes přehráli BOčko a vezou si do Pardubic cenné 3 body! 💪🏼,https://www.facebook.com/1275398168115026/posts/1263652705956239,456,,2,,
@riderspardubice,facebook,f99ed6c3-17cc-46f4-a32e-d9b0576ce2df,c0c6c039-25b3-477d-897f-0af547d70604,FB Post,PHOTO,31.3.2026 21:26:29,Postupujeme do finále Play-in!!!!!!,https://www.facebook.com/1592662819534019/posts/1592385799561721,682,,17,,
@AkademiciPlzen,facebook,d87b94e3-03e8-45d0-b92e-75e9b819545c,2beb683f-6d23-4a17-8155-2f03bba745b4,FB Video,VIDEO,10.3.2026 14:17:13,,https://www.facebook.com/reel/898057106377257/,915,378,13,,
@cvutengineers,instagram,11963a07-7f0f-48e6-9d81-aa63a7ff4a04,57a363f2-ac36-40fc-b6c2-e9a3f9133c6f,IG Post,PHOTO,26.3.2026 11:50:15,"JE TO TADY 🫨
Včerejší výhrou jsme potvrdili naše umístění a teď nás čeká jeden zásadní zápas FINÁLE PLAY-IN, kde budeme bojovat o místo ve FINAL FOUR ⚔️

Soupeře zatím neznáme, ale ať to bude kdokoliv, dáme do toho všechno 🦁

Budeme vás potřebovat, protože teď… jde o všechno.
8. 4. | ZS Hvězda | 20:00
🎟️ Lupeny na enigoo.cz",https://www.instagram.com/p/DWWJRIqjGix/,,10284,186,2,77
@riderspardubice,instagram,4d6a67ab-9313-4f77-a82e-abb18adbca5d,47e0bb3b-b9cf-4cfb-bd57-5923ced1fe84,IG Story,VIDEO,8.4.2026 18:11:42,,https://www.instagram.com/stories/riderspardubice/3870938954640165019,,624,,,
@AkademiciPlzen,facebook,d87b94e3-03e8-45d0-b92e-75e9b819545c,5eaece43-dfb7-4bb7-9e7c-f1277e7bc8c5,FB Video,VIDEO,15.4.2026 13:44:18,"Kuba VS. Mája ⚔️

Porovnali jsme síly dvou přeborníků na ledě – hokejisty a krasobruslařky! 🧊

Disciplíny nám nadiktovaly nápoje Zott (a že to nebyla žádná sranda 😄), takže po výkonu přišla i zasloužená odměna.

Kdo tenhle battle ovládl? 👀👇🏻

#zott #zotthungry #hungrydrinkthis",https://www.facebook.com/reel/1909790429679691/,1988,793,16,,
@cvutengineers,instagram,11963a07-7f0f-48e6-9d81-aa63a7ff4a04,b9551a96-7809-4f40-80dc-68117df2c943,IG Story,VIDEO,8.4.2026 18:58:06,1 1,https://www.instagram.com/stories/cvutengineers/3870962295379917240,,889,,,2
@vutcavaliersbrno,instagram,b384bebf-72f3-4f9d-8b2d-3677709f6966,4397435f-a9b4-45c1-865d-6d9dfa961265,IG Story,VIDEO,22.8.2026 10:32:18,,https://www.instagram.com/stories/vutcavaliersbrno/3969277242102051811,,1039,,,11
@united_hk,instagram,b18c071b-0570-48b2-b743-990c668c3c5b,2746d1b7-e01e-499d-84bf-b21633d39227,IG Story,VIDEO,25.4.2026 14:27:08,návštěva až ze Slovenska 🇸🇰,https://www.instagram.com/stories/united_hk/3883146817454008943,,748,,,1
@univerzitnihokej,instagram,1e114592-3529-4cfe-9977-2598454053af,56aeebbe-45e7-4701-9009-b5441f5504b6,IG Story,VIDEO,31.3.2026 21:17:11,,https://www.instagram.com/stories/univerzitnihokej/3865234095257169854,,514,,,
vsefalcons,instagram,709fceba-e311-48e7-9057-f54a587abf4a,95ce45ab-ebe3-4e39-8d83-8aa595cb2609,IG Reel,VIDEO,17.4.2026 16:03:35,"🤤🤤🤤

#vsefalcons #finalfour",https://www.instagram.com/reel/DXPR-yeDNvR/,,5629,92,1,2
@riderspardubice,instagram,4d6a67ab-9313-4f77-a82e-abb18adbca5d,ecedb62d-0325-48bf-baee-cba43c57453c,IG Post,IMAGE,13.3.2026 17:04:42,"Soutěž o voucher pro tři osoby do SKYBOXu od @enteria_holding 🤩🥂

Označ v komentářích dva kamarády, se kterými bys zašel na Last Dance a příští týden ve čtvrtek vyslovujeme dva výherce voucherů, kteří si užijí poslední zápas semestru s jedinečným výhledem! 👏🥳

*podmínkou účasti je zveřejnění jednoho stories ze skyboxu během zápasu na vaše sociální sítě s označením účtu @riderspardubice a @enteria_holding",https://www.instagram.com/p/DV1Q46kDCbV/,,4575,70,68,32
@univerzitnihokej,facebook,01b45180-0b14-4a14-96e8-d0a4bab1fb9f,fc4ed8ef-fe88-40db-ac78-71bfe0f8d806,FB Video,VIDEO,25.3.2026 13:03:49,"Minulou sezonu si výherkyně odnesla šek na čtvrt milionu od ČSOB. 💙 Letos hrajeme o 1️⃣0️⃣0️⃣ 0️⃣0️⃣0️⃣ Kč.

Kdo je získá tentokrát? 👀

🔗 Založ si účet u ČSOB přes odkaz v našem biu a možná to budeš právě ty. 🫵🏻",https://www.facebook.com/reel/1454315606492034/,1590,662,1,,
@bitvaoprahu,instagram,d7c8aa06-74fb-4c6c-a7d2-c2fe1bf6d59c,63bdf197-bbd6-4941-9d2e-09e6a7cd00cc,IG Post,IMAGE,10.4.2026 13:37:54,"Bitva o Prahu v Edenu?! 🫨

Už příští týden se odehraje Final Four, kde čtyři nejlepší týmy budou bojovat o titul mistra 🏆 a rovnou tři z nich dobře znáte 😏

Ať už jsi fanoušek Falcons, Kings nebo Engineers, pojď podpořit svůj tým na nejdůležitější akci sezóny 🔥

Lístky v prodeji na finalfour.cz 🎟️",https://www.instagram.com/p/DW8_3tVDH-d/,,20220,315,2,54
@riderspardubice,instagram,4d6a67ab-9313-4f77-a82e-abb18adbca5d,4e8e17e2-a2b0-4ec4-89b9-919a58f0f3f1,IG Story,VIDEO,17.4.2026 17:12:56,STOLÍN,https://www.instagram.com/stories/riderspardubice/3877432241563685278,,846,,,2
@univerzitnihokej,instagram,1e114592-3529-4cfe-9977-2598454053af,0439dc24-dae2-4fc4-bf2f-4d28ba22658e,IG Story,VIDEO,15.4.2026 18:43:17,👀 CHYSTÁME,https://www.instagram.com/stories/univerzitnihokej/3876028044552983420,,942,,,1
@bitvaoprahu,facebook,75e0f41f-82be-4f82-a77b-82ac11135ed2,801a1395-2928-4711-95b0-16b96cec65c4,FB Video,VIDEO,12.3.2026 23:12:53,"Inspirovat se je třeba od těch nejlepších. 👀

Za předání plyšáků od @csobcz 🩵 našim stříbrným medailistům děkujeme @classictomas z @puk_pak_pivo . 🤝🏼 #bitvaoprahu",https://www.facebook.com/reel/937052182189705/,199,44,2,,
vsefalcons,instagram,709fceba-e311-48e7-9057-f54a587abf4a,4db65391-8f96-40cb-8da3-06b4182756da,IG Story,IMAGE,30.3.2026 9:28:28,"my, když si zítra na zápase vyřvete hlasivky společně s @sokoli.hnizd0",https://www.instagram.com/stories/vsefalcons/3864152671598956842,821,986,,,4
vsefalcons,instagram,709fceba-e311-48e7-9057-f54a587abf4a,a33c7331-c28e-4a88-9671-a94aca721c9b,IG Story,VIDEO,24.3.2026 19:56:59,"Líp bychom to
neřekli Hroudis… 🫣",https://www.instagram.com/stories/vsefalcons/3860120335706231820,779,639,,,3
@united_hk,instagram,b18c071b-0570-48b2-b743-990c668c3c5b,526238c9-6d73-4079-aae8-829e5ea46176,IG Story,VIDEO,22.4.2026 18:31:12,,https://www.instagram.com/stories/united_hk/3881095492662773263,,331,,,
@univerzitnihokej,instagram,1e114592-3529-4cfe-9977-2598454053af,d78e60da-84db-4c63-80df-52682767867b,IG Story,VIDEO,1.4.2026 4:03:19,,https://www.instagram.com/stories/univerzitnihokej/3865438512690531392,,1460,,,3
vsefalcons,instagram,709fceba-e311-48e7-9057-f54a587abf4a,7aa2b7cb-9d01-4878-9982-09fd6509452f,IG Post,IMAGE,17.2.2026 22:03:59,"Takový otočky my můžem 🙂‍↔️
@michal.danniel zajistil první výhru proti @united_hk 💪🏼

Tohle je ale teprve začátek - máme před sebou další důležité zápasy, tak stay tuned a vidíme se zase za týden! 🦅",https://www.instagram.com/p/DU3_y6AiDVG/,,1932,78,,3
@cvutengineers,instagram,11963a07-7f0f-48e6-9d81-aa63a7ff4a04,f6eba02b-ef3c-43f5-8441-a94184499bda,IG Story,IMAGE,22.8.2026 18:39:17,@diego.perez__05,https://www.instagram.com/stories/cvutengineers/3969522321427844306,,803,,,1
@univerzitnihokej,instagram,1e114592-3529-4cfe-9977-2598454053af,9f92cc7f-f513-4b84-8ff7-d23b1c5af9f1,IG Post,IMAGE,9.3.2026 9:03:12,"Moravské derby, finále Bitvy o Prahu a mnoho dalšího! Na co se tento týden těšíte nejvíc? 🤓",https://www.instagram.com/p/DVqG_syiFoc/,,6902,177,,17
@riderspardubice,instagram,4d6a67ab-9313-4f77-a82e-abb18adbca5d,93b6d551-caa1-4c2b-ac60-6caba80f750b,IG Post,IMAGE,24.3.2026 13:37:00,"Včera jsme se na domácím ledě rozloučili s @dominikkopecky_99 a @daniel.skryp, pro které je toto poslední sezona v dresu Riders ❤️‍🩹

Díky kluci za vše, co jste Riders dali a přejeme vám mnoho úspěchů!",https://www.instagram.com/p/DWRODeZjKVa/,,14791,316,3,25
@bitvaoprahu,instagram,d7c8aa06-74fb-4c6c-a7d2-c2fe1bf6d59c,bfca4101-5837-4b18-956c-9b6ee27adf78,IG Story,VIDEO,13.4.2026 17:12:54,🫵🏼,https://www.instagram.com/stories/bitvaoprahu/3874533227625208510,,965,,,
@engineersprague,facebook,afd06d1d-7b1c-4f66-8d93-ce4255ab773c,088f4c63-a0eb-4252-87e6-2e2f32680d8b,,TEXT,9.3.2026 19:26:47,"POJĎTE S NÁMI NA BITVU🦁
#engprg",https://www.facebook.com/1560924572517692/posts/1541090904501059,248,,,,
@univerzitnihokej,facebook,01b45180-0b14-4a14-96e8-d0a4bab1fb9f,b8486c0b-516c-46b0-8ed6-6e92fa4d9d1d,FB Post,IMAGE,8.4.2026 7:40:40,"Po páté v letošní sezoně se střetnou Black Dogs s Falcons 😮‍💨 Tentokrát jde o všechno, protože vítěz postupuje do @unihokejfinalfour 🎟️

Komu budete dneska fandit? 👇🏻",https://www.facebook.com/1275398168115026/posts/1281024404219069,314,,,,
@riderspardubice,instagram,4d6a67ab-9313-4f77-a82e-abb18adbca5d,7be1c5fa-113d-4d62-a9ba-3f16c58f7301,IG Story,VIDEO,17.4.2026 16:00:18,1:3,https://www.instagram.com/stories/riderspardubice/3877395616288754834,,880,,,
@univerzitnihokej,facebook,01b45180-0b14-4a14-96e8-d0a4bab1fb9f,e1e4c68b-86b7-4103-9503-89030db1eca7,FB Post,IMAGE,12.4.2026 13:46:12,"RIDERS JSOU VE FINAL FOUR! 🐴

Vyhrávají lucky loser zápas a doplňuji pražskou trojci v boji o titul! 🏆
🗓️16-17. duben | 🏟️ Zimní stadion Eden",https://www.facebook.com/1275398168115026/posts/1284238980564278,1000,,7,,
@riderspardubice,instagram,4d6a67ab-9313-4f77-a82e-abb18adbca5d,368b81ca-40cd-48ad-984e-77ee99aa5a18,IG Story,VIDEO,12.4.2026 15:07:36,,https://www.instagram.com/stories/riderspardubice/3873745385332427791,,980,,,13
vsefalcons,instagram,709fceba-e311-48e7-9057-f54a587abf4a,4261173e-17dd-4f9b-873f-bbcb15dceef5,IG Story,VIDEO,10.3.2026 22:47:26,🎤 @jan_kubata,https://www.instagram.com/stories/vsefalcons/3850059319828025219,1257,306,,,
@hc_muni,instagram,43cd62c8-609d-4ea6-8ce9-cae5242ede0c,75e577ca-4245-4381-a610-c56a9f22de25,IG Post,PHOTO,21.3.2026 14:50:57,"🚨 LAST CALL! 🚨 Náš led! Naše pravidla! Poslední zápas sezóny a navíc derby s @vutcavaliersbrno 🔥🥶🐻

19:30 na Lužánkách 📍

Lístky koupíš u nás v biu 🎟️
#hcmuni",https://www.instagram.com/p/DWJnXW_jFPA/,,6077,86,,6
@riderspardubice,instagram,4d6a67ab-9313-4f77-a82e-abb18adbca5d,a3b22bd3-be42-454f-bb13-9fc2e20af32f,IG Reel,VIDEO,4.8.2026 10:30:14,we are so ready🔥😮‍💨,https://www.instagram.com/reel/DbnWfYyI6dp/,,5843,159,,13
@united_hk,instagram,b18c071b-0570-48b2-b743-990c668c3c5b,41152bc5-f92a-437f-aeb5-33310d33b239,IG Post,IMAGE,17.7.2026 8:48:01,"Než skočíme zpátky do bruslí, ještě jedno ohlédnutí za závěrečným dnem letní přípravy.

🏐 ⛱️ Tradiční plážový volejbal ve Vysoké nad Labem.
Trochu pohybu, trochu srandy a poslední letní souboj mimo led.

Turnaj ovládla dvojice Petr Kubíček a Daniel Dunda.
Asistent trenéra ukázal, že umí rozdávat pokyny i body. 😏",https://www.instagram.com/p/Da40mNACHzs/,,7396,175,,22
vsefalcons,instagram,709fceba-e311-48e7-9057-f54a587abf4a,6f32ac52-181b-42d1-81bc-eb6f65c06ac5,IG Reel,REEL,14.3.2026 12:37:33,"Unposted záběry, které si nemůžeme nechat jen pro sebe 💙🏆",https://www.instagram.com/reel/DV3XNWUCAdO/,,7771,234,3,1
vsefalcons,instagram,709fceba-e311-48e7-9057-f54a587abf4a,b4da6fd3-8b91-41b3-ab4c-dac37e2d103a,IG Reel,REEL,17.3.2026 20:16:55,"Garnier Fructis je u nás v šatně cenný zboží 🧴💆‍♂️
Kdo má, nepůjčuje. Kdo nemá, lituje. 😄",https://www.instagram.com/reel/DV_6NPQiJHt/,,9873,146,4,27
vsefalcons,instagram,709fceba-e311-48e7-9057-f54a587abf4a,cf6e1b52-4908-4067-9b9b-0fc4ee07b454,IG Story,VIDEO,16.3.2026 11:49:23,,https://www.instagram.com/stories/vsefalcons/3854076685108923815,816,1010,,1,42
@united_hk,instagram,b18c071b-0570-48b2-b743-990c668c3c5b,21f0ff16-a2b3-4c00-b531-fbc4e5e40b12,IG Story,IMAGE,17.4.2026 8:25:38,,https://www.instagram.com/stories/united_hk/3877166958563067773,,638,,,
@univerzitnihokej,instagram,1e114592-3529-4cfe-9977-2598454053af,390f44ff-7326-4956-acef-d215bf6d6ce5,IG Reel,VIDEO,4.3.2026 19:26:38,"KFC CHICKEN DETECTIVE 🕵🏻‍♂️🔍
Fanouškovské menu na vás čeká v restauracích KFC🍗",https://www.instagram.com/reel/DVeWCDQiDu0/,,11626,244,3,12
@riderspardubice,facebook,f99ed6c3-17cc-46f4-a32e-d9b0576ce2df,47282e5d-58d2-41dd-9e18-e9c87fffc90d,FB Video,VIDEO,9.3.2026 18:29:44,Kluci vědí jak to chodí! 🍻,https://www.facebook.com/reel/1346839960796925/,7071,4218,30,,
univerzitnihokej,tiktok,01c88cf9-594f-408e-a45a-95114221acae,621e3ccd-b7f0-479d-bb0f-9778f8ff978b,TT Video,VIDEO,14.4.2026 5:49:42,Engineers fans kotel volá 🦁 Kdo bude nejvíc slyšet? 📣 🎟️ finalfour.cz,https://www.tiktok.com/@univerzitnihokej/video/7628487971053817110?utm_campaign=tt4d_open_api&utm_source=7348986504397455361,,655,28,,
vsefalcons,instagram,709fceba-e311-48e7-9057-f54a587abf4a,aadd2c42-15f1-47db-b101-bf822a2c9a3b,IG Story,VIDEO,13.3.2026 16:17:13,DÁME SI TEĎ VAŠE POV 😎,https://www.instagram.com/stories/vsefalcons/3852037209327156910,1004,934,,,
@bitvaoprahu,facebook,75e0f41f-82be-4f82-a77b-82ac11135ed2,f1a0434f-ace8-497b-b5c1-4e5761647ee7,FB Video,VIDEO,12.3.2026 16:19:32,"ZAČÍNÁME! 🔥

Hala se nám začíná plnit! 🥁 Malé pražské univerzitní derby sleduj živě na @sport_ct ➕. 📺

#bitvaoprahu | @czufarmers ⚔️ @vsefalcons",https://www.facebook.com/reel/1470697467995613/,3523,1193,6,,
univerzitnihokej,tiktok,01c88cf9-594f-408e-a45a-95114221acae,7ff15554-be24-4869-b98e-7ff63c7ecd6d,TT Video,VIDEO,16.4.2026 19:47:03,Srovnání zápasu bylo rychlé. 🚀🚀,https://www.tiktok.com/@univerzitnihokej/video/7629445976557718806?utm_campaign=tt4d_open_api&utm_source=7348986504397455361,,1053,80,,
@united_hk,instagram,b18c071b-0570-48b2-b743-990c668c3c5b,a4542a52-e011-4966-9a35-ff6790a1537c,IG Story,IMAGE,23.4.2026 18:37:26,,https://www.instagram.com/stories/united_hk/3881823540655696465,,323,,,
vsefalcons,instagram,709fceba-e311-48e7-9057-f54a587abf4a,8659ad2c-046c-4fcd-a503-d5ff1962711c,IG Story,VIDEO,12.3.2026 13:06:26,PRO JAKOU SI DNES PŘIJDEŠ?,https://www.instagram.com/stories/vsefalcons/3851216358944029556,1652,1855,,,9
univerzitnihokej,tiktok,01c88cf9-594f-408e-a45a-95114221acae,8b07d8c0-88bf-4a22-a773-8fa4b78bdad9,TT Video,VIDEO,16.4.2026 18:05:59,Shrek is... elitní centr první lajny?,https://www.tiktok.com/@univerzitnihokej/video/7629419942508514582?utm_campaign=tt4d_open_api&utm_source=7348986504397455361,,1107,67,,2
vsefalcons,instagram,709fceba-e311-48e7-9057-f54a587abf4a,a7a9ed41-8b4b-42e3-a94d-7dcbc1138e91,IG Story,VIDEO,23.6.2026 19:20:31,,https://www.instagram.com/stories/vsefalcons/3926056542050764729,,714,,,1
@univerzitnihokej,facebook,01b45180-0b14-4a14-96e8-d0a4bab1fb9f,be38632a-1693-460a-99dc-bf1e7c677db7,FB Video,VIDEO,4.3.2026 21:01:04,"BAUER Gear Up Challenge 🧤
Stopky běží. Kdo se oblékne nejrychleji?",https://www.facebook.com/reel/1478326090392034/,1824,740,2,,
vsefalcons,instagram,709fceba-e311-48e7-9057-f54a587abf4a,15e29455-b01e-4b18-9a6a-ebe145866aaa,IG Story,VIDEO,8.2.2026 17:19:09,,https://www.instagram.com/stories/vsefalcons/3828150763247931249,,1113,,,2
vsefalcons,instagram,709fceba-e311-48e7-9057-f54a587abf4a,4044a1f3-58aa-46e6-a157-45e43e05cfbb,IG Post,CAROUSEL_ALBUM,19.1.2026 10:33:24,"Za týden se vracíme zpět na led v plné síle! 💪🏼 
🔜 Winter Classic vs. 🐕‍🦺

📸 @radimjoska7",https://www.instagram.com/p/DTsGXaoCNYl/,,6238,161,,2
@united_hk,instagram,b18c071b-0570-48b2-b743-990c668c3c5b,6c1a8f59-042d-460e-a89a-94a4ae94e716,IG Post,IMAGE,16.7.2026 17:21:00,"V sobotu 18. července budeme u toho. 🚲

UNIted HK najdete na akci Den s cyklisty na Smetanově nábřeží před restaurací Náplavka v Hradci Králové.

Od 10:00 do 17:00 se za námi můžete zastavit u stánku, pokecat o univerzitním hokeji a zároveň podpořit charitativní akci, jejíž výtěžek půjde na Nadační fond seko onkologie, spolek Dlouhá cesta a handicapovaného sportovce.

Na místě bude program pro děti i dospělé, cyklojízda směr Kuks, dražba dresů a sportovních předmětů, doprovodný program a další aktivity.

Vstup na akci je zdarma.

Stavte se za námi na Náplavce. Rádi vás uvidíme.",https://www.instagram.com/p/Da3Kf-7oGPV/,,3098,17,,3
@AkademiciPlzen,facebook,d87b94e3-03e8-45d0-b92e-75e9b819545c,7f16f646-e7d7-46eb-bf3b-9666c07195bb,FB Post,IMAGE,26.3.2026 20:02:59,"ALL IN.

#akademiciplzen",https://www.facebook.com/1357105236437494/posts/1352739620207389,334,,2,,
@riderspardubice,instagram,4d6a67ab-9313-4f77-a82e-abb18adbca5d,a2218060-d21e-4437-875f-f66d59dca4c7,IG Reel,VIDEO,6.4.2026 19:21:55,"V úterý @hcpce, ve středu my! 🏒
Hockeytown 🔥",https://www.instagram.com/reel/DWzT6Y4EexY/,,7439,186,9,3
@united_hk,tiktok,7e062517-b9da-416d-b73d-a2c5899a2be6,b86786f3-47d7-47f0-962b-62f3cb632411,TT Video,VIDEO,26.3.2026 17:03:18,PLAY-IN se blíží. Začíná bitva o Final Four! 1 zápas. Všechno nebo nic. Vyhraješ → jedeš dál. Prohraješ → konec sezóny. ALL IN. #unitedhk #unihokej #hokej @Univerzitní hokej 🏒 ,https://www.tiktok.com/@united_hk/video/7621610993277357334?utm_campaign=tt4d_open_api&utm_source=7348986504397455361,,977,51,,2
@akademiciplzen,instagram,65494228-95bf-4f7b-8e68-d47d7262db66,13bf01ec-b680-4864-b9e6-7937897de267,IG Story,VIDEO,1.4.2026 17:17:27,@lukas.folda072,https://www.instagram.com/stories/akademiciplzen/3865838221490180362,,1337,,,
@riderspardubice,instagram,4d6a67ab-9313-4f77-a82e-abb18adbca5d,70be2c50-46d3-437c-bc15-5944e15eae3f,IG Post,IMAGE,11.3.2026 10:29:56,"Emoce vyhraného zápasu 🔥🤩

A 23. března nás čeká Last Dance! Poslední domácí zápas sezony a zároveň poslední zápas v dresu Riders pro @dominikkopecky_99 a @daniel.skryp!

📸 @radimjoska7",https://www.instagram.com/p/DVvagrnjJQ2/,,6772,165,2,11
@united_hk,instagram,b18c071b-0570-48b2-b743-990c668c3c5b,c8e519af-1e73-479a-ae6c-952798c3c263,IG Story,IMAGE,18.4.2026 9:15:34,,https://www.instagram.com/stories/united_hk/3877916865842400864,,597,,,
@united_hk,instagram,b18c071b-0570-48b2-b743-990c668c3c5b,3e730605-d7ad-4e51-ac24-94b3928a65b1,IG Post,IMAGE,14.4.2026 16:28:22,"VYHRAJ VSTUPENKY NA
@beats.for.love.festival s naším generálním partnerem @csobcz 🎶

Založ si účet skrz odkaz 👉 bit.ly/unihokejcsob
 a prvních 8 z Vás si užije
@beats.for.love.festival zdarma 🔥",https://www.instagram.com/p/DXHmjMSiGRs/,,1594,8,,
@vutcavaliersbrno,instagram,b384bebf-72f3-4f9d-8b2d-3677709f6966,bc31bd09-562b-447d-bbf6-5b780527babf,IG Post,IMAGE,9.3.2026 14:58:32,Díky @b_hockey_czech🏒 nám to sluší na ledě i mimo něj❤️‍🔥,https://www.instagram.com/p/DVqvqPEiLSf/,,6655,107,,4
vsefalcons,instagram,709fceba-e311-48e7-9057-f54a587abf4a,d012a71a-7019-49fd-86a7-479c42ceff7c,IG Story,VIDEO,3.2.2026 19:46:04,1. třetina,https://www.instagram.com/stories/vsefalcons/3824600799896970862,,873,,,
@univerzitnihokej,instagram,1e114592-3529-4cfe-9977-2598454053af,d2b52cd4-7ec0-46f8-87d2-8bd1d9c40b79,IG Post,IMAGE,2.4.2026 15:43:57,"Engineers už znají svého soupeře, na domácí půdě vyzvou Riders 🐴
Ve středu se rozhodne, kdo půjde do @unihokejfinalfour 👀",https://www.instagram.com/p/DWon72uiFuD/,,4262,134,1,2
vsefalcons,instagram,709fceba-e311-48e7-9057-f54a587abf4a,d9a7ff5f-9b80-4470-aa20-b764540c41bd,IG Story,VIDEO,12.3.2026 16:43:25,,https://www.instagram.com/stories/vsefalcons/3851325569183000388,1399,1242,,,
vsefalcons,instagram,709fceba-e311-48e7-9057-f54a587abf4a,eb68f222-ae67-414c-9d62-f178c05c6f0b,IG Story,VIDEO,3.3.2026 19:16:49,"2 den, 2 gól",https://www.instagram.com/stories/vsefalcons/3844879852411343441,654,1003,,,
vsefalcons,instagram,709fceba-e311-48e7-9057-f54a587abf4a,ff009ed7-9516-43e5-b631-4665ef5e8659,IG Reel,VIDEO,6.4.2026 21:53:37,"they should stick to wrapping their sticks 🫣

#vsefalcons #icehockey",https://www.instagram.com/reel/DWzlQLyiDj_/,,,27,,2
vsefalcons,instagram,709fceba-e311-48e7-9057-f54a587abf4a,09c236b9-7f8d-42d2-a029-46849397a960,IG Reel,VIDEO,6.12.2025 8:53:53,"A jak se vy vyrovnáváte s mediálním tlakem? 🧐 Dejte Hroudičovi nějaké tipy. ⬇️

#vsefalcons",https://www.instagram.com/reel/DR6n3CpiCzh/,,5094,108,4,15
vsefalcons,instagram,709fceba-e311-48e7-9057-f54a587abf4a,1eadbc0a-37e3-430a-872b-4fb02993933c,IG Story,IMAGE,16.4.2026 18:58:20,,https://www.instagram.com/stories/vsefalcons/3876760643575524899,1074,794,,,2
@riderspardubice,instagram,4d6a67ab-9313-4f77-a82e-abb18adbca5d,3ccc17ff-3f20-4aac-9886-034b7886567b,IG Story,VIDEO,17.4.2026 16:46:38,1:3,https://www.instagram.com/stories/riderspardubice/3877418995825826900,,870,,,
@cvutengineers,instagram,11963a07-7f0f-48e6-9d81-aa63a7ff4a04,6021ba0b-59b8-4d6e-a24f-cf1d0acf657e,IG Story,VIDEO,22.8.2026 17:44:06,DIEGOVA ŠANCE 🤙🏻,https://www.instagram.com/stories/cvutengineers/3969494573839578969,,886,,,1
@univerzitnihokej,instagram,1e114592-3529-4cfe-9977-2598454053af,9a6804c7-6785-40b3-b9be-ea3cb937cc54,IG Reel,VIDEO,22.4.2026 7:13:15,Matěj Sýkora si prošel univerzitním hokejem v @akademiciplzen 👀 Den před Final Four pískal extraligové utkání. Co říkal na atmosféru @unihokejfinalfour? 🙌🏻,https://www.instagram.com/reel/DXbMdDViFjT/,,19252,636,3,75
@univerzitnihokej,instagram,1e114592-3529-4cfe-9977-2598454053af,b51977b1-ddd9-450a-bc55-ab3485aafa88,IG Story,VIDEO,17.4.2026 20:16:24,,https://www.instagram.com/stories/univerzitnihokej/3877524689526470759,,1348,,,
@218107044725785,facebook,7a942e3e-6c47-4794-9ba7-bbc7b6d40cb3,b611e8fd-0449-42ec-a241-7a12976185c0,,TEXT,28.5.2026 12:26:44,"Za každým zápasem VŠE Falcons stojí hodiny práce v zákulisí. Abychom netrávili zbytečný čas nad administrativou a doklady, sjednocujeme procesy s celou ligou a přecházíme na cloudové účetnictví Evala.
Pro náš klub to znamená jedno prostředí pro sběr dokladů i komunikaci. Žádné zdlouhavé dohledávání, ale rychlost a efektivita.
Získaný čas obratem investujeme do rozvoje našeho týmu a přípravy další sezóny. Partnerství, které posouvá univerzitní hokej zase o krok dál! Celý článek čtěte zde:

https://www.evala.cz/blog/jak-univerzitni-hokej-digitalizuje-ucetnictvi-a-zjednodusuje-praci-s-doklady?fbclid=IwY2xjawSFEVRleHRuA2FlbQIxMQBzcnRjBmFwcF9pZBAyMjIwMzkxNzg4MjAwODkyAAEeaqUumDzYk8_jK8P6ueooBnHTICP1hzbo1FYWT34kkF2iU3XsxqKNmUfcrLs_aem_8BBZthXxwiYL5K-8TsnaRA",https://www.facebook.com/122282816036218300/posts/122290582418218300,361,,2,,
@218107044725785,facebook,7a942e3e-6c47-4794-9ba7-bbc7b6d40cb3,1944a132-93d8-4d9d-8250-505757b940d3,FB Post,IMAGE,12.3.2026 10:38:53,"Jste připravení? 🫨 Kdybyste náhodou nevěděli, co před @bitvaoprahu stihnout, tak jsme vám to sepsali 👆🏻
Teď je to na vás. Tribuna musí být slyšet až na led. 🤍",https://www.facebook.com/122282816036218300/posts/122278481702218300,280,,8,,
@cvutengineers,instagram,11963a07-7f0f-48e6-9d81-aa63a7ff4a04,cce55898-830b-4792-a0e2-e516aea9fabf,IG Reel,VIDEO,12.3.2026 20:21:34,😮‍💨,https://www.instagram.com/reel/DVzC5CWDN9D/,,8123,327,,4
vsefalcons,instagram,709fceba-e311-48e7-9057-f54a587abf4a,f532af0a-4885-455e-b24a-0288659bf2f9,IG Story,VIDEO,28.1.2026 17:45:58,@hamrbrmbrm13,https://www.instagram.com/stories/vsefalcons/3820191695581509776,,1300,,,5
@cvutengineers,instagram,11963a07-7f0f-48e6-9d81-aa63a7ff4a04,3035d4a9-d5e0-43f7-8646-9a0baebe3d4b,IG Post,IMAGE,17.4.2026 18:18:39,"NAPOSLEDY V TÉTO SEZONĚ 🔥
LET’S GO ENGINEERS 🫶🏻",https://www.instagram.com/p/DXPhbCGDFex/,,2579,54,,
vsefalcons,instagram,709fceba-e311-48e7-9057-f54a587abf4a,32e002a2-e4c8-42b4-bd4f-e9ecfb29f1c9,IG Post,IMAGE,14.8.2026 14:54:13,"Na cestě do třetí sezóny 🚀

Try out máme za sebou, teď už jen trénovat a vlítnout zpátky do formy 💪🏼",https://www.instagram.com/p/DcBkw0ziGna/,,9833,236,1,53
@univerzitnihokej,instagram,1e114592-3529-4cfe-9977-2598454053af,9be8d4e7-b230-49fd-813e-3148dcb12597,IG Post,IMAGE,21.8.2026 15:45:16,Chyběli jsme vám? Za měsíc jsme zpět! 🔥,https://www.instagram.com/p/DcTrODkIicX/,,12922,269,5,18
@united_hk,instagram,b18c071b-0570-48b2-b743-990c668c3c5b,e801d1e2-c282-46dc-af1b-e356712d6178,IG Story,VIDEO,25.4.2026 11:55:37,@garnier_czsk  DĚKUJEME 🌞 DĚKUJEME ZA DÁREČKY ZA DÁREČKY 🌞,https://www.instagram.com/stories/united_hk/3883070683244716573,,1072,,,2
@univerzitnihokej,facebook,01b45180-0b14-4a14-96e8-d0a4bab1fb9f,189d7a65-909b-47fc-aec0-fe5321b641b1,FB Post,IMAGE,15.3.2026 18:56:40,"Další dva TOP zápasy máme za sebou a dokonce už známe vítěze letošní základní části 💪🏼 play-in a @unihokejfinalfour se pomalu blíží, jste ready? 😎",https://www.facebook.com/1275398168115026/posts/1261975222790654,795,,1,,
@united_hk,instagram,b18c071b-0570-48b2-b743-990c668c3c5b,1a83bc08-13a7-4e69-b2ab-755af7c4bc87,IG Reel,VIDEO,8.8.2026 9:10:14,"První led. První trénink. A konečně zase tam, kde máme být. 🏒

Sezona se pomalu rozjíždí.",https://www.instagram.com/reel/DbxgZyzIHS-/,,4081,120,2,5
@united_hk,instagram,b18c071b-0570-48b2-b743-990c668c3c5b,1c149d1b-6c74-4f60-9eec-6fe7987b42a2,IG Reel,REEL,26.3.2026 16:58:25,"PLAY-IN se blíží. Začíná bitva o Final Four!
1 zápas.
Všechno nebo nic.

Vyhraješ → jedeš dál.
Prohraješ → konec sezóny.

ALL IN.

#unitedhk #unihokej #hokej",https://www.instagram.com/reel/DWWuyxWiHza/,,3243,108,,8
@univerzitnihokej,instagram,1e114592-3529-4cfe-9977-2598454053af,203028c9-1a65-4a99-8cea-24b43ae5436f,IG Post,IMAGE,12.3.2026 12:06:18,Stanou se vládcem Prahy znovu @ukkingsprague nebo tentokrát zvítězí @cvutengineers ? 💪🏼,https://www.instagram.com/p/DVyKQXmiGaq/,,12120,281,4,97
@engineersprague,facebook,afd06d1d-7b1c-4f66-8d93-ce4255ab773c,208c2620-ce03-48c3-a53c-911c5fd859d7,,TEXT,25.3.2026 9:32:44,"Od rozpačitého startu až po stříbrné emoce Bitvy o Prahu. Přečtěte si rekapitulaci o tom, jak se tým semknul, kdo ovládá kanadské bodování ligy a s jakými výzvami budeme vstupovat do nadcházejícího play-in. Konec základní části již dnes od 20:00 na Hvězdě! 🦁",https://www.facebook.com/1560924572517692/posts/1554807436462739,723,,7,,
@univerzitnihokej,instagram,1e114592-3529-4cfe-9977-2598454053af,3a9b1c20-cbb1-4c82-b2fd-d71cb935d5be,IG Post,ALBUM,31.3.2026 20:17:54,Stejný výsledek. Stejný scénář. Oba postupy do finále play-in vybojovali @vsefalcons i @riderspardubice v prodloužení. 🤯,https://www.instagram.com/p/DWj9slpiMmV/,,4743,188,,17
@univerzitnihokej,instagram,1e114592-3529-4cfe-9977-2598454053af,4aa58fa0-e90c-454d-8c8b-782c9979a999,IG Reel,VIDEO,16.3.2026 15:48:22,Když Proud zvedne celou halu 🌊,https://www.instagram.com/reel/DV82vajiFuV/,,5039,190,,5
@cvutengineers,instagram,11963a07-7f0f-48e6-9d81-aa63a7ff4a04,b8852752-e909-4ba9-a291-6e563b61f8e3,IG Post,IMAGE,9.4.2026 16:42:07,"Úspěšnost 97,62 % a k tomu 6 ze 7 nájezdů 😮‍💨 Tohle byla Alťákova show 🧱 

#engprg",https://www.instagram.com/p/DW6wKDYDKPH/,,39711,1134,1,44
vsefalcons,instagram,709fceba-e311-48e7-9057-f54a587abf4a,4465e354-11fe-4650-967d-2a388887db2e,IG Story,VIDEO,17.3.2026 18:46:39,Co to máš na sobě předsedo? 🥶 🫣,https://www.instagram.com/stories/vsefalcons/3855011490134802755,1043,829,,4,8
@riderspardubice,instagram,4d6a67ab-9313-4f77-a82e-abb18adbca5d,aa0f55de-99b9-4c58-8e16-4d31ea4d8fab,IG Post,IMAGE,16.4.2026 17:13:36,"Tohle byl souboj na ostří nože, přestože jsme na konci zápasu tlačili, tak konečné skóre je ve prospěch @ukkingsprague a my se zítra budeme rvát o bronz! 🥉",https://www.instagram.com/p/DXM1JXyjAL1/,,4497,93,,6
@218107044725785,facebook,7a942e3e-6c47-4794-9ba7-bbc7b6d40cb3,ab08a7e9-fde4-4318-bf87-deefd360042d,FB Post,IMAGE,19.4.2026 13:39:05,Bronz nám sluší 😋,https://www.facebook.com/122282816036218300/posts/122284811588218300,839,,16,,
@united_hk,instagram,b18c071b-0570-48b2-b743-990c668c3c5b,bd3aeb9d-d01a-494f-a7c0-13f0b052d708,IG Story,IMAGE,24.4.2026 8:38:08,,https://www.instagram.com/stories/united_hk/3882246693651520244,,426,,,
@riderspardubice,instagram,4d6a67ab-9313-4f77-a82e-abb18adbca5d,9c046086-b4d2-4ff6-8656-d269aad913d9,IG Story,VIDEO,17.4.2026 14:56:20,,https://www.instagram.com/stories/riderspardubice/3877363465086330680,,918,,,
@engineersprague,facebook,afd06d1d-7b1c-4f66-8d93-ce4255ab773c,b31a258f-211c-47d6-ac23-5289103d2e30,FB Story,IMAGE,22.8.2026 18:37:44,,https://facebook.com/stories/136066081670222/UzpfSVNDOjE1NjA3NjkxNzI0MTAxNTQ=/?view_single=1,,,,,
@unitedhk,facebook,bfe6cc29-a387-41b9-9bca-b077722556af,1493f8f1-98c5-485e-8937-f0e84b911f62,FB Post,IMAGE,18.4.2026 9:15:41,"Děkujeme Královéhradeckému kraji za podporu v sezoně 2025/26.

Kraj se podílí na rozvoji sportu, vzdělávání i regionálního života, ve kterém má univerzitní hokej své místo.

Vážíme si vaší podpory. 🖤🧡",https://www.facebook.com/122180651084388974/posts/122181612626388974,175,,,,
vsefalcons,instagram,709fceba-e311-48e7-9057-f54a587abf4a,2c8d01c6-e076-4aa2-a32d-428c7f574116,IG Story,VIDEO,10.2.2026 23:21:41,"🎙️ David
Straka",https://www.instagram.com/stories/vsefalcons/3829783796417843112,599,599,,,
@cvutengineers,instagram,11963a07-7f0f-48e6-9d81-aa63a7ff4a04,92523b88-30f8-48c8-a1c5-2bdbae6efd31,IG Story,VIDEO,17.4.2026 18:19:06,,https://www.instagram.com/stories/cvutengineers/3877465557742397804,,1342,,,
@BOhokej,facebook,c9082543-a03b-490f-8f97-66d439acce89,b169d528-065b-47cc-89bf-1d8404add3b7,FB Post,IMAGE,4.3.2026 21:20:06,"Naši vítězové! 🦈

#hockey #winners",https://www.facebook.com/1477974067675582/posts/1454480773358245,2602,,29,,
@united_hk,instagram,b18c071b-0570-48b2-b743-990c668c3c5b,c26fccf1-8362-457b-a7a9-d06bdbe9f5cc,IG Story,VIDEO,23.8.2026 14:36:38,,https://www.instagram.com/stories/united_hk/3970125310422689786,,592,,,1
@univerzitnihokej,instagram,1e114592-3529-4cfe-9977-2598454053af,edc8363e-147f-4d71-8f77-4883aeab63f4,IG Post,IMAGE,1.4.2026 10:24:05,"Semifinále play-in pokračuje! 👇🏼

Black Dogs 🆚 Cavaliers
Vstupenka do finále je jen jedna. Kdo ji získá?",https://www.instagram.com/p/DWleiNgiIoQ/,,9851,155,,20
@united_hk,tiktok,7e062517-b9da-416d-b73d-a2c5899a2be6,112e893d-854a-453f-8306-891f6c61671c,TT Video,VIDEO,29.3.2026 15:59:23,"Koupíš Garnier… a zapomeneš, že první krok = mít vlasy. 😭🏒 #unitedhk #unihokej #uhk #hradeckralove @Univerzitní hokej 🏒 @garnier_czsk ",https://www.tiktok.com/@united_hk/video/7622707768436264214?utm_campaign=tt4d_open_api&utm_source=7348986504397455361,,2554,111,2,16
@united_hk,instagram,b18c071b-0570-48b2-b743-990c668c3c5b,1deac005-6914-4c7e-b6ff-3a45601b53f9,IG Story,VIDEO,15.4.2026 18:56:38,,https://www.instagram.com/stories/united_hk/3876034994405684780,,388,,,
@univerzitnihokej,instagram,1e114592-3529-4cfe-9977-2598454053af,44db01c9-9911-48d4-a611-eead39b8f66e,IG Reel,VIDEO,20.7.2026 14:37:52,"Celou sezónu putoval šek na 100 000 Kč za svým výhercem. Cesta nakonec skončila v Brně 🚗 

Důkaz, že mít účet u ČSOB se opravdu vyplácí 💳
Na další sezónu chystáme s @csobcz další benefity a odměny pro fanoušky ULLH. 🚨",https://www.instagram.com/reel/DbBK6XlojVw/,,3525,63,,2
vsefalcons,instagram,709fceba-e311-48e7-9057-f54a587abf4a,5dc586cb-7de2-431c-a950-bf6489cc66a4,IG Story,VIDEO,10.3.2026 18:07:36,👀,https://www.instagram.com/stories/vsefalcons/3849918398293653099,914,,,1,1
@cvutengineers,instagram,11963a07-7f0f-48e6-9d81-aa63a7ff4a04,6c743b6a-e00a-43ca-a59f-17aa3e612425,IG Post,IMAGE,6.8.2026 12:24:36,"Naše kabina je zase o něco hezčí. 🏒

Díky všem, kdo se na tom podíleli. Teď už jen naplnit zdi dalšími vzpomínkami. 🦁💙",https://www.instagram.com/p/DbstSBPjBKb/,,8057,220,,18
vsefalcons,instagram,709fceba-e311-48e7-9057-f54a587abf4a,8f844c1a-d692-4702-b640-0cdb5543914f,IG Story,VIDEO,26.1.2026 15:31:59,,https://www.instagram.com/stories/vsefalcons/3818674708720136527,,1095,,,5
@cvutengineers,instagram,11963a07-7f0f-48e6-9d81-aa63a7ff4a04,c564acdd-667a-4cc2-ac6a-7666e8fbeaba,IG Story,VIDEO,22.8.2026 18:38:17,,https://www.instagram.com/stories/cvutengineers/3969521828728988464,,655,,,1
vsefalcons,instagram,709fceba-e311-48e7-9057-f54a587abf4a,4256a1dc-94e2-4a85-9a91-95f0f5c64b79,IG Story,VIDEO,23.6.2026 19:00:56,GALAVEČER  na půdě @vsecz 🤵,https://www.instagram.com/stories/vsefalcons/3926046714679020616,,1469,,,6
@riderspardubice,instagram,4d6a67ab-9313-4f77-a82e-abb18adbca5d,599855ae-f28e-4e0a-a0d0-b8d303b86336,IG Story,VIDEO,17.4.2026 15:32:53,,https://www.instagram.com/stories/riderspardubice/3877381886058476625,,910,,,
vsefalcons,instagram,709fceba-e311-48e7-9057-f54a587abf4a,5f8a803d-bccc-4834-8471-19d6a277e5b6,IG Story,VIDEO,30.3.2026 9:11:27,🎟️,https://www.instagram.com/stories/vsefalcons/3864144110579929744,755,868,,,2
@univerzitnihokej,facebook,01b45180-0b14-4a14-96e8-d0a4bab1fb9f,7ae3bd0f-9080-4d5b-83a0-1174818221e0,FB Post,IMAGE,15.3.2026 14:12:02,"Už je nás 1️⃣3️⃣ 0️⃣0️⃣0️⃣ a pořád rosteme! 🚀 Díky, že jste u toho s námi! 🙏🏻🤩",https://www.facebook.com/1275398168115026/posts/1261794419475401,724,,6,,
@cvutengineers,instagram,11963a07-7f0f-48e6-9d81-aa63a7ff4a04,adb95407-29e1-44a2-a945-765078003827,IG Story,VIDEO,22.8.2026 17:20:25,DNEŠNÍ KAPITÁN  @matyy_.8  C,https://www.instagram.com/stories/cvutengineers/3969483720088108982,,1393,,,34
vsefalcons,instagram,709fceba-e311-48e7-9057-f54a587abf4a,eb390fdb-5b9e-4a2a-aabf-2e85f31b5102,IG Story,VIDEO,26.2.2026 12:06:47,"‼️ DŮLEŽITÉ INFO ‼️ 🍺 kdo bude mít na sobě Falcons merch, má jedno pivo na nás 💰doporučujeme mít hotovost PUB KVÍZ ⏰ začínáme v 19:00, ale udělejte si raději časovou rezervu a přijďte dřív 👋🏼",https://www.instagram.com/stories/vsefalcons/3841039470862824940,1109,1630,,,20
vsefalcons,instagram,709fceba-e311-48e7-9057-f54a587abf4a,3051ed00-6881-4dad-a69c-e173f54aa0d9,IG Story,VIDEO,15.4.2026 9:39:09,📌 🏝️,https://www.instagram.com/stories/vsefalcons/3875754415617781831,735,853,,1,1
vsefalcons,instagram,709fceba-e311-48e7-9057-f54a587abf4a,ce76ebbe-95cf-4355-8e5f-dbbe4fd6ef77,IG Story,VIDEO,17.2.2026 19:07:12,,https://www.instagram.com/stories/vsefalcons/3834728091952363467,633,836,,,2
@cvutengineers,instagram,11963a07-7f0f-48e6-9d81-aa63a7ff4a04,1a017a75-07de-49b7-a923-3b698249fdc6,IG Post,IMAGE,19.3.2026 18:27:49,"Ohlédnutí za včerejškem očima @ondra_mann 📸.

Příští týden se vidíme 👋🏻!",https://www.instagram.com/p/DWE3j4JDLkY/,,4858,231,,8
@akademiciplzen,instagram,65494228-95bf-4f7b-8e68-d47d7262db66,5591ea8d-1969-418a-a0c9-950d90b8c33e,IG Story,IMAGE,1.4.2026 19:48:08,,https://www.instagram.com/stories/akademiciplzen/3865914047560715286,,1000,,,1
vsefalcons,instagram,709fceba-e311-48e7-9057-f54a587abf4a,65c77c50-d811-48b8-b683-a2f918da2d68,IG Story,IMAGE,31.3.2026 17:01:51,1 1 Daniel,https://www.instagram.com/stories/vsefalcons/3865105586597676310,981,833,,,
@cvutengineers,instagram,11963a07-7f0f-48e6-9d81-aa63a7ff4a04,84146009-194a-4dec-961f-8ed502954e8f,IG Story,IMAGE,17.4.2026 20:19:00,📸 @novacek_photography,https://www.instagram.com/stories/cvutengineers/3877525998711654761,,1389,,,1
@univerzitnihokej,facebook,01b45180-0b14-4a14-96e8-d0a4bab1fb9f,b4d89f09-8ee3-4390-b115-7592aeca29a2,FB Post,IMAGE,6.3.2026 8:58:09,@zlatak30 se inspiroval v NCAA. 🫨 Tohle jsme nedávno viděli u @michael_hrabal v UMass.,https://www.facebook.com/1275398168115026/posts/1254981490156694,222,,,,
@univerzitnihokej,instagram,1e114592-3529-4cfe-9977-2598454053af,35b568de-68fb-446b-96ba-50d28a37e8d2,IG Story,VIDEO,17.4.2026 16:33:18,,https://www.instagram.com/stories/univerzitnihokej/3877412404116069404,,1627,,,
vsefalcons,instagram,709fceba-e311-48e7-9057-f54a587abf4a,77d4735f-9b9c-4487-a38c-795d04def84a,IG Reel,VIDEO,17.2.2026 17:10:04,"Boys are in da haus! 🦅 

#vsefalcons #gofalconsgo #vse",https://www.instagram.com/reel/DU3est_iImc/,,13951,237,2,24
@univerzitnihokej,facebook,01b45180-0b14-4a14-96e8-d0a4bab1fb9f,1c9b21a5-737e-4e5c-a57b-ee25e7537518,FB Video,VIDEO,29.3.2026 18:51:49,"Jak skloubit medicínu s Univerzitním hokejem? 👨🏻‍⚕️ Strávili jsme den s @albert.skalsky z @ukkingsprague , celý díl najdete online na našem YouTube 🍿",https://www.facebook.com/reel/2664269530612685/,1255,334,1,,
@218107044725785,facebook,7a942e3e-6c47-4794-9ba7-bbc7b6d40cb3,482c9147-9a59-4185-a7fd-5e5337f10604,FB Post,IMAGE,17.4.2026 9:22:12,Znovu a lépe. Dnes vyrážíme do boje o 3. místo 👊🏼,https://www.facebook.com/122282816036218300/posts/122284466330218300,237,,13,,
vsefalcons,instagram,709fceba-e311-48e7-9057-f54a587abf4a,5bfbe893-7a10-46f0-8604-357513b7fa12,IG Story,VIDEO,31.5.2026 10:09:23,,https://www.instagram.com/stories/vsefalcons/3909109147199100628,,800,,,
@218107044725785,facebook,7a942e3e-6c47-4794-9ba7-bbc7b6d40cb3,6a890a08-19a9-44a0-af6d-dd8d02e931c1,FB Video,VIDEO,22.3.2026 19:45:19,"Kluci už jsou na naše otázky asi tak zvyklí, že už nepoznají rage bait od normálu 🤭",https://www.facebook.com/reel/2125407071334452/,682,288,6,,
@hcmuni,facebook,d1f9e9f9-7526-42d4-85aa-13f91e89f7cf,b886500a-0fe3-47bc-8cce-e9e7f66a6744,FB Post,PHOTO,21.3.2026 14:51:07,"🚨 LAST CALL! 🚨 Náš led! Naše pravidla! Poslední zápas sezóny a navíc derby s @vutcavaliersbrno 🔥🥶🐻

19:30 na Lužánkách 📍

🎟️Lístky koupíš tady👇🏻

https://hcmuni.enigoo.cz/app/tickets/events/136

#hcmuni",https://www.facebook.com/1581741777288398/posts/1571924581603451,761,,7,,
@bitvaoprahu,instagram,d7c8aa06-74fb-4c6c-a7d2-c2fe1bf6d59c,48c0a1d3-10a3-4ea5-b5c3-b5e4d4f285bd,IG Post,IMAGE,12.3.2026 18:41:28,"🥉 BRONZ A TŘI BODY NAVRCH! ✅

Gratulujeme k obhajobě 3. místa , @vsefalcons ! 🎩👏🏼",https://www.instagram.com/p/DVy3jpfjulc/,,72267,1998,2,101
@riderspardubice,instagram,4d6a67ab-9313-4f77-a82e-abb18adbca5d,009d4f51-09cf-40fd-aa51-d47f93fa89de,IG Story,VIDEO,3.4.2026 16:50:28,,https://www.instagram.com/stories/riderspardubice/3867274181201397973,,428,,,
@riderspardubice,facebook,f99ed6c3-17cc-46f4-a32e-d9b0576ce2df,1cda4020-bef1-46a7-87d5-3a3b6150b46b,FB Post,IMAGE,15.3.2026 16:51:51,"V pondělí 23. března se uvidíme v letošní sezoně naposledy na domácím ledě! 👋🤩

Vstupenky koupíš přes odkaz v BIU!  🎟️",https://www.facebook.com/1592662819534019/posts/1577183921081909,371,,9,,
vsefalcons,instagram,709fceba-e311-48e7-9057-f54a587abf4a,16644059-4ab4-43ff-ab4a-635f9df9c6a0,IG Story,VIDEO,12.3.2026 15:27:11,ROZBRUSLENÍ IS ON 💨,https://www.instagram.com/stories/vsefalcons/3851287209135622148,1498,1332,,,
@bitvaoprahu,instagram,d7c8aa06-74fb-4c6c-a7d2-c2fe1bf6d59c,57506a39-ee2b-4c80-9bb1-2f1f0b95a255,IG Post,IMAGE,12.3.2026 8:00:46,"Drobný korunky nech doma... je rok 2026 všude jedem kartou 💳
a jakou jinou než tou od @csobcz 🩵

S tou máš totiž spoustu výhod - 20% cashback na after, merch, nebo bonus až 1 500,- 🤑",https://www.instagram.com/p/DVxuNuSl25k/,,6370,86,,48
@hcmuni,facebook,d1f9e9f9-7526-42d4-85aa-13f91e89f7cf,f76220f1-33a2-49b1-bb5f-c0ad6a7d2c62,FB Post,IMAGE,10.4.2026 14:43:33,"Stehlík&Bros zahrají pro dobrou věc 🎶 💙  
Podpořte spolu se zakladatelem HC MUNI @stehla81 malého Honzíka, který od narození bojuje se vzácným genetickým onemocněním 🥹 Každý příspěvek mu pomůže na cestě k potřebným terapiím či pomůckám. Přispět můžete skrze QR kód ve stories. 
Předem moc děkujeme 🧸

#desetfakultjednarodina",https://www.facebook.com/1581741777288398/posts/1589927656469810,221,,2,,
vsefalcons,instagram,709fceba-e311-48e7-9057-f54a587abf4a,5b888054-d7b9-423e-a2fb-5a52f4fd3bea,IG Post,CAROUSEL_ALBUM,13.1.2026 19:20:09,"Společnost Veolia ve spolupráci s Českým registrem dárců krvetvorných buněk pořádá nábor nových potenciálních dárců krvetvorných buněk. 🩸

Zápis do registru je jednoduchý a časově nenáročný. Zahrnuje vyplnění dotazníku a krátký, bezbolestný odběr vzorku formou stěru v dutině ústní. Před odběrem je nutné být přibližně 30 minut nalačno. Základními podmínkami účasti jsou věk do 40 let a dobrý zdravotní stav. 🙌🏼

Podrobné informace naleznete na webu www.darujzivot.cz. 📲

Zařazením do registru se můžete stát součástí systému, který dává pacientům s vážným onemocněním krve šanci na uzdravení. V některých případech může být právě jeden konkrétní dárce jedinou možnou nadějí na záchranu života. 🚑

20. ledna 2026, 11:00–17:00 | Green Table, nádvoří Florentina, Na Florenci 15, 110 00 Praha 1",https://www.instagram.com/p/DTdl4T1CF5q/,,2168,28,2,
vsefalcons,instagram,709fceba-e311-48e7-9057-f54a587abf4a,62bad0a1-b660-4524-8099-49a547b7a161,IG Story,VIDEO,16.1.2026 18:58:47,👷🏽 DĚKUJEME ZA PODPORU!,https://www.instagram.com/stories/vsefalcons/3811531031132537583,,653,,,
@bitvaoprahu,instagram,d7c8aa06-74fb-4c6c-a7d2-c2fe1bf6d59c,99712498-2730-46b3-b74c-7f67bb8cdc2d,IG Reel,REEL,27.3.2026 17:28:55,"Ty nejlepší momenty se neodehrávají vždycky jenom na ledě. 🤭

Děkujeme @mamashelterprague za to, že s námi už 3 roky baví naše fans. 💋",https://www.instagram.com/reel/DWZWswGjGCg/,,9415,221,,36
vsefalcons,instagram,709fceba-e311-48e7-9057-f54a587abf4a,7b8fd415-e7c7-4a34-a754-69233c3d4e89,IG Story,VIDEO,16.4.2026 18:17:56,FIREEEEEEEEEE,https://www.instagram.com/stories/vsefalcons/3876739402403689145,1037,791,,,
@bitvaoprahu,instagram,d7c8aa06-74fb-4c6c-a7d2-c2fe1bf6d59c,c613a54c-5de3-4b5c-9fe9-abcebf0f4b71,IG Reel,VIDEO,12.3.2026 22:03:39,"🚨 COMEBACK IS REAL ⁉️

Finálová bitva o zlato živě právě teď na @sport_ct ➕.",https://www.instagram.com/reel/DVzOSRjDPoV/,,17065,287,7,4
@vutcavaliersbrno,instagram,b384bebf-72f3-4f9d-8b2d-3677709f6966,7c1c3df0-83d9-4776-9701-df6e0449d0a1,IG Post,IMAGE,18.7.2026 11:21:18,"Hokej a studium jdou u nás ruku v ruce 🤝
🎓 Naše kabina je na konci akademického roku zase o něco vzdělanější! 👏

Obrovská gratulace patří našim hráčům a členům realizačního týmu, kteří úspěšně dokončili své vysokoškolské studium a získali bakalářské a inženýrské tituly 🎓
Jsme hrdí, že vedle sportovních úspěchů zvládají i náročnou akademickou cestu ❤️

🎓 Bc. Nesim Harmim (útočník)
📍 VUT CESA
📚 Sportovní technologie

🎓 Bc. Michal Martinčík (brankář)
📍 VUT FAST
📚 Ekonomika a management stavebnictví

🎓 Ing. Tomáš Novák (útočník)
📍 Univerzita obrany – Fakulta vojenských technologií
📚 Řízení letového provozu

🎓 Bc. Adam Běhal (brankář)
📍 Newton University
📚 Ekonomika a management

🎓 Ing. Jakub Jančí (asistent trenéra A-týmu, bývalý hráč)
📍 VUT FEKT
📚 Mikroelektronika

Gratulujeme všem absolventům k tomuto významnému milníku a přejeme jim mnoho dalších úspěchů – jak na hřišti, tak ve studijním a profesním životě! 💪🎉

#studujahraj",https://www.instagram.com/p/Da7qSKFodso/,,6859,121,,3
@univerzitnihokej,instagram,1e114592-3529-4cfe-9977-2598454053af,97a28cd5-19b5-4a10-b43b-7ce9227ab26a,IG Reel,VIDEO,12.3.2026 23:08:00,@ukkingsprague jeden pohár prostě nestačí! Naprostí vládci Prahy a zároveň vítězové základní části! 🏆,https://www.instagram.com/reel/DVzVhn1iPGk/,,21951,744,1,32
vsefalcons,instagram,709fceba-e311-48e7-9057-f54a587abf4a,cdd944ad-3ca8-44c9-a042-b6f309e0ae23,IG Story,VIDEO,12.3.2026 18:06:14,,https://www.instagram.com/stories/vsefalcons/3851367298338697579,1343,1023,,,
@univerzitnihokej,facebook,01b45180-0b14-4a14-96e8-d0a4bab1fb9f,cfb5d0a7-cd36-4e9b-a8e6-0083669c0602,FB Post,IMAGE,4.8.2026 10:07:29,"🏒 Hledáme novou hokejovou tvář.

Žiješ hokejem, umíš nadchnout ostatní a před kamerou to rozjedeš rychleji než puk na ledě?
Kaufland, dlouhodobý partner českého hokeje, hledá nové hokejové moderátory, kteří se stanou tvářemi jeho obsahu na sociálních sítích. Budeš přinášet atmosféru a nejlepší momenty ze zápasů, univerzitních akcí i dalších míst, kde to žije hokejem.

Co tě čeká?
🎤Krátké rozhovory s hráči, studenty a fanoušky,
📱 ankety, rychlá Q&A a trendová videa,
🏟 natáčení na stadionech a univerzitních akcích,
👀 momenty ze zákulisí a reakce na aktuální hokejové dění
🛒 občas také natáčení přímo v prodejnách Kaufland – např. ankety o fandění, zápasech nebo o tom, který snack je skutečným MVP hokejového večera.

Nehledáme klasického sportovního komentátora ani chodící hokejovou encyklopedii.
Hledáme přirozenou osobnost, která se nebojí oslovit cizí lidi, umí rychle reagovat, má smysl pro humor a před kamerou působí jako člověk, ne jako někdo, kdo právě recituje maturitní otázku.

Hodíš se k nám, když:
👉🏻 máš opravdový vztah k hokeji,
👉🏻 umíš dobře a přirozeně mluvit česky,
👉🏻 jsi komunikativní, pohotový/á a energický/á,
👉🏻 zvládneš improvizovat a nezalekneš se kamery,
👉🏻 jsi spolehlivý/á a můžeš cestovat za natáčením.

Zkušenosti s moderováním nebo tvorbou obsahu jsou výhodou, ale rozhodně ne podmínkou. Pokud zkušenosti již máš, připiš nám je do mailu. Důležitější je tvoje osobnost, přirozený projev a chuť předávat dál nadšení pro hokej. Scénáře dostaneš předem od našeho týmu. Žádné dlouhé biflování nehrozí. Stačí pochopit zadání a před kamerou ho podat přirozeně, klidně vlastními slovy.

Jak se přihlásit?
Pošli nám přátelské představení a jednoduché video (45 až 60s) natočené na telefon, ve kterém nám řekneš:
1. Kdo jsi a jaký máš vztah k hokeji,
2. Výhodou, ale ne podmínkou: krátká video ukázka (do 30s) jak bys pozval/a fanoušky na univerzitní hokejový zápas.

A nemusíš do toho jít sám/sama. Máš sourozence, kamaráda nebo kamarádku, se kterými vám to před kamerou funguje? Přihlaste se jako hokejová dvojice a natočte video spolu.
📩 Přihlášky posílejte do 14.8. na marketa.maliskova@storytlrs.cz",https://www.facebook.com/1275398168115026/posts/1379262254395283,896,,6,,
vsefalcons,instagram,709fceba-e311-48e7-9057-f54a587abf4a,ebb34929-a481-47f6-b34e-bd614de719ac,IG Story,IMAGE,24.2.2026 22:15:35,"TĚŠÍME SE NA VÁS ZASE
V ÚTERÝ 🩵 see you next Tuesday! 🏒",https://www.instagram.com/stories/vsefalcons/3839896342130880932,635,883,,,1
@united_hk,instagram,b18c071b-0570-48b2-b743-990c668c3c5b,08a4c852-7329-431c-b094-57959e665fb1,IG Post,IMAGE,17.4.2026 8:25:30,"Děkujeme městu Hradec Králové za podporu v této sezoně.

Město dlouhodobě podporuje sport, studenty i komunitní život, jehož jsme součástí.

Díky, že v tom jedeme společně. 🖤🧡",https://www.instagram.com/p/DXOdrRBCCIK/,,1239,24,,1
@united_hk,instagram,b18c071b-0570-48b2-b743-990c668c3c5b,95b3bb9b-4480-48d0-8483-396ae5663a58,IG Story,VIDEO,13.4.2026 17:51:19,,https://www.instagram.com/stories/united_hk/3874552410978965544,,414,,,
vsefalcons,instagram,709fceba-e311-48e7-9057-f54a587abf4a,605a7cde-8ef7-476f-bdfa-1845c6870cc6,IG Story,VIDEO,17.2.2026 7:34:54,,https://www.instagram.com/stories/vsefalcons/3834379675590261814,813,978,,,
@engineersprague,facebook,afd06d1d-7b1c-4f66-8d93-ce4255ab773c,fb35886c-b10b-4c31-8654-0e7e279420a1,FB Video,VIDEO,8.3.2026 11:53:04,"Kluci chtěli těm našim #engprg ženám udělat radost…🥹

Všem vám přejeme krásné MDŽ, bez vás by to nešlo! Buďte pořád tak úžasný! 🩷",https://www.facebook.com/reel/2502491876874183/,607,229,7,,
@riderspardubice,instagram,4d6a67ab-9313-4f77-a82e-abb18adbca5d,23f6662b-456e-4d4e-82b6-3ff90ae86808,IG Story,VIDEO,12.4.2026 15:51:24,,https://www.instagram.com/stories/riderspardubice/3873767432573976591,,864,,,
vsefalcons,instagram,709fceba-e311-48e7-9057-f54a587abf4a,7933aadf-1758-43ae-833e-fb6bdf736619,IG Story,VIDEO,8.2.2026 17:19:44,,https://www.instagram.com/stories/vsefalcons/3828151025459045934,,900,,,
vsefalcons,instagram,709fceba-e311-48e7-9057-f54a587abf4a,1068aaaa-54fe-4112-a74e-6dfcb0d31ec0,IG Story,VIDEO,9.2.2026 19:46:41,,https://www.instagram.com/stories/vsefalcons/3828949780861080987,,1332,,,13
@akademiciplzen,instagram,65494228-95bf-4f7b-8e68-d47d7262db66,18903a2f-e85a-41ef-a393-6bdb5065dc70,IG Story,VIDEO,23.4.2026 16:29:31,"PŘIPOJ SE K NAŠEMU TÝMU – AŤ UŽ POBĚŽÍŠ NA BOLEVÁKU, NEBO KDEKOLIV JINDE! 📱 @benisek_jiri",https://www.instagram.com/stories/akademiciplzen/3881759038409335992,,699,,,
@boostrava,instagram,1176ddaf-d366-48a2-9639-3c6694c72c85,ff6ec22b-dc75-4ad1-8706-f75f29278708,IG Post,IMAGE,18.3.2026 21:42:40,"Z Prahy si odvážíme bod! 🔥

#hockey #boostrava",https://www.instagram.com/p/DWCokHkjA9m/,,1702,34,,3
@akademiciplzen,instagram,65494228-95bf-4f7b-8e68-d47d7262db66,41c281d1-c6fa-455b-b41f-cd5951247050,IG Story,VIDEO,2.4.2026 0:42:06,,https://www.instagram.com/stories/akademiciplzen/3866062020063450434,,1788,,,
@riderspardubice,instagram,4d6a67ab-9313-4f77-a82e-abb18adbca5d,71a4be90-d8de-4357-a013-beb51f7fb79f,IG Story,VIDEO,8.4.2026 20:16:19,NÁJEZDY ✊✊✊,https://www.instagram.com/stories/riderspardubice/3871001675440420738,,412,,,1
vsefalcons,instagram,709fceba-e311-48e7-9057-f54a587abf4a,f959cc21-3713-44c6-861e-9c437a45ff2a,IG Story,VIDEO,16.1.2026 11:22:11,POMALU ALE JISTĚ SE PUB KVÍZ PLNÍ,https://www.instagram.com/stories/vsefalcons/3811301229158990964,,731,,,13
@akademiciplzen,instagram,65494228-95bf-4f7b-8e68-d47d7262db66,5c954987-34e1-47d2-9100-20b6ee60118f,IG Post,IMAGE,13.3.2026 13:39:56,"Náš nejproduktivnější hráč znovu úřadoval. 💥

Kamil Hajšman si v zápase proti @hcnorthwings připsal 3 góly a 2 asistence a po zásluze se stal hráčem zápasu.

Mrkni na jeho gólovou show. 🎥

#akademiciplzen 💙",https://www.instagram.com/p/DV052FGDDbk/,,5587,105,2,2
@BOhokej,facebook,c9082543-a03b-490f-8f97-66d439acce89,a5190240-980e-4300-b523-0403dfb873b0,FB Post,IMAGE,24.3.2026 22:17:02,"Základní část zakončujeme vítězně! 🧨

Dosáhli jsme hranice 50 bodů a pokračujeme do PLAY-IN! 🦈

#hockey #ullh #winners",https://www.facebook.com/1477974067675582/posts/1471592818313707,449,,4,,
vsefalcons,instagram,709fceba-e311-48e7-9057-f54a587abf4a,40c7f6b4-6437-4adb-984d-09377c76a7a3,IG Story,VIDEO,22.7.2026 15:20:52,HELE TEN BRO JE OD NÁS 😏 @cech.ondrejj 🎮,https://www.instagram.com/stories/vsefalcons/3946954408974290678,,1501,,,5
@hc_muni,instagram,43cd62c8-609d-4ea6-8ce9-cae5242ede0c,612d0d73-10dc-4dcb-8d17-a280c037ca86,IG Post,IMAGE,12.3.2026 12:43:04,"Bojovali jsme až do konce, ale nájezdy jsou loterie 
Hlavy nahoře – jdeme dál! 🔥💪🏻

Vidíme se v sobotu na Lužánkách!!! 💙

#hcmuni",https://www.instagram.com/p/DVyOJJDjF4l/,,3476,85,,4
vsefalcons,instagram,709fceba-e311-48e7-9057-f54a587abf4a,0a517492-5eed-496f-abe2-2ac3d6bf0f44,IG Story,VIDEO,24.3.2026 18:28:11,Nálada v Ostravě 👌🏻,https://www.instagram.com/stories/vsefalcons/3860075640473039423,861,851,,,10
vsefalcons,instagram,709fceba-e311-48e7-9057-f54a587abf4a,614400ec-575d-4767-a7fe-aa0fca93c234,IG Story,VIDEO,28.5.2026 19:35:54,,https://www.instagram.com/stories/vsefalcons/3907219896530378812,,483,,,
vsefalcons,instagram,709fceba-e311-48e7-9057-f54a587abf4a,9df480e6-5f33-433c-943a-b46cc5a086df,IG Story,IMAGE,26.1.2026 19:08:30,"4 4 Theimer
Suchan",https://www.instagram.com/stories/vsefalcons/3818783708388278396,,957,,,
vsefalcons,instagram,709fceba-e311-48e7-9057-f54a587abf4a,a8e1bfaa-e02d-4508-b126-5b0cacbbd53a,IG Story,VIDEO,12.4.2026 15:39:03,👈🏼,https://www.instagram.com/stories/vsefalcons/3873761217865063945,,730,,,1
@unitedhk,facebook,bfe6cc29-a387-41b9-9bca-b077722556af,ff0f897a-2b86-4a85-965f-f63ce0d92ffd,FB Video,VIDEO,15.4.2026 12:52:10,"❤️ Duben ve znamení pomoci

Naši kluci tentokrát nešli bojovat na led, ale pomáhat jinak – zapojili se do akce Daruj krev ve spolupráci s @transfuzni_fnhk . 🩸🏒

Každá kapka se počítá a může někomu zachránit život.

👉 Pokud půjdeš darovat krev během dubna, můžeš se zapojit do tomboly a vyhrát skvělé ceny od sponzorů. Stačí jen po odběru vyplnit formulář, který najdeš v biu na @ifmsa_cz_hk . 

Přidej se taky a udělej něco, co má skutečný smysl.❤️

#unitedhk #unihokej #hokej",https://www.facebook.com/reel/2369075113611639/,364,131,1,,
@univerzitnihokej,facebook,01b45180-0b14-4a14-96e8-d0a4bab1fb9f,12e10c92-f681-4d34-9212-7dbcb2bc60e9,FB Post,IMAGE,19.3.2026 11:52:11,"Osudí se rychle plní 👀 Zbývá posledních 90 míst. 🎱

Založ si účet u ČSOB přes link v našem biu a zajisti si svoje místo ve hře o 100 000 Kč 💰",https://www.facebook.com/1275398168115026/posts/1264806559174187,279,,,,
@VUTCavaliersBrno,facebook,3351b43e-4b71-442b-b2f1-920cd6e57ee5,a9069a32-5b7d-4adf-8931-008a4f23738a,FB Video,VIDEO,17.8.2026 11:17:28,TRYOUT už je za dveřmi🔥 takhle jsme se na něj připravovali během volného tréninku!🤩,https://www.facebook.com/reel/991687277220588/,603,302,1,,
vsefalcons,instagram,709fceba-e311-48e7-9057-f54a587abf4a,10a526b3-3dba-4b2d-bc74-0019879458d9,IG Story,VIDEO,6.3.2026 11:05:33,@alan.david6,https://www.instagram.com/stories/vsefalcons/3846806860665994129,,1111,,,8
univerzitnihokej,tiktok,01c88cf9-594f-408e-a45a-95114221acae,80bc3d6c-473b-4e0e-a206-adebc565b81e,TT Video,VIDEO,17.4.2026 16:53:26,🎺 Gól který poslal @vsefalcons do vedení!! 2:1 🎺,https://www.tiktok.com/@univerzitnihokej/video/7629772313902337302?utm_campaign=tt4d_open_api&utm_source=7348986504397455361,,2058,100,,2
@hcnorthwings,facebook,2b08a479-603b-46e4-8a48-2bc0435ccd53,c58c1684-5077-4179-bb36-c62004181087,FB Post,PHOTO,23.3.2026 18:53:58,"💙 DĚKUJEME 💛
Strašně moc si vážíme všech našich fanoušků 🫶 a příznivců, kteří si v této sezóně našli svůj vzácný čas a věnovali ho nám, aby nás podpořili a fandili ústeckému univerzitnímu týmu 🏒 na zimáku v Ústí a v Povrlech 🏟 nebo i u TV 🖥
Byli jste opravdu ÚŽASNÍ a my všichni Vám všem za to z celého našeho hokejového srdce DĚKUJEME 🙏
Celkem vás přišlo přes 4 100 👏 a my společně věříme, že se další sezónu budeme vídat na tribunách ústeckého zimáku v takové krásné fanouškovské atmosféře, jako letos 👏👏👏

#univerzitnihokej #myjsmeujep #hcnorthwings #icehockey",https://www.facebook.com/1583651910433365/posts/1575778347887388,429,,5,,
@riderspardubice,instagram,4d6a67ab-9313-4f77-a82e-abb18adbca5d,196aa79b-9ffa-4689-8108-b37e9c00c70b,IG Story,VIDEO,8.4.2026 18:22:57,⛄️🌨️❄️ @radek_bednar_  O:0,https://www.instagram.com/stories/riderspardubice/3870948822797257191,,627,,,3
@cvutengineers,instagram,11963a07-7f0f-48e6-9d81-aa63a7ff4a04,ff3f22a1-760d-4dd2-8210-97b6ea1160f4,IG Reel,REEL,31.3.2026 19:09:35,"Sooooo close 🥺

#kfc",https://www.instagram.com/reel/DWj1zlajKst/,,25934,484,2,38
@riderspardubice,instagram,4d6a67ab-9313-4f77-a82e-abb18adbca5d,06399eb5-9f4d-41e6-9588-f76db484d50c,IG Story,VIDEO,17.4.2026 17:07:58,,https://www.instagram.com/stories/riderspardubice/3877429718463324237,,823,,,
vsefalcons,instagram,709fceba-e311-48e7-9057-f54a587abf4a,f1b7a10f-bbe1-4856-bed6-f8d89d686594,IG Reel,VIDEO,8.4.2026 19:28:15,"FINAL F*CKING FOUR ‼️‼️‼️ 

Vidíme se příští týden v Edenu 👀 Lístky už teď k dostání na profilu 🎟️

#vsefalcons #univerzitnihokej",https://www.instagram.com/reel/DW4eRVZCB_C/,,16632,451,1,24
@cvutengineers,instagram,11963a07-7f0f-48e6-9d81-aa63a7ff4a04,e48c8a76-4ddc-4c9f-8ad5-490523a450b3,IG Story,VIDEO,16.4.2026 6:38:30,JEDEN TÝM  JEDEN SEN,https://www.instagram.com/stories/cvutengineers/3876388248587389834,,45,,,
@riderspardubice,instagram,4d6a67ab-9313-4f77-a82e-abb18adbca5d,3a3cbad5-60f1-40b1-ab59-012d07f7133b,IG Story,IMAGE,31.3.2026 17:10:55,@tipsportcz,https://www.instagram.com/stories/riderspardubice/3865110143013027345,,876,,,
@boostrava,instagram,1176ddaf-d366-48a2-9639-3c6694c72c85,4a02500f-c7e8-4b9d-82ed-8d4b4b0fda8a,IG Story,VIDEO,31.3.2026 21:20:50,,https://www.instagram.com/stories/boostrava/3865238050133824974,,412,,,1
@univerzitnihokej,facebook,01b45180-0b14-4a14-96e8-d0a4bab1fb9f,6531b997-a927-462b-aead-80108f662d5a,FB Post,IMAGE,24.3.2026 21:57:09,Ostrava uzavírá základní část výhrou za tři body 💥,https://www.facebook.com/1275398168115026/posts/1269514555370054,353,,,,
@bitvaoprahu,facebook,75e0f41f-82be-4f82-a77b-82ac11135ed2,114123fe-e239-4392-8182-b70a3e154ac8,FB Post,PHOTO,13.3.2026 18:12:44,"📣 Speakeři na @univerzitnihokej >>> 🗣️🗣️

Souhlasíš s námi? 👀 #bitvaoprahu",https://www.facebook.com/1441262177797849/posts/1421075239816543,388,,1,,
@hcnorthwings,facebook,2b08a479-603b-46e4-8a48-2bc0435ccd53,4dbef43a-f48c-4f03-9ee3-eebf893e03f2,FB Story,VIDEO,18.8.2026 15:38:42,,,,,,,
vsefalcons,instagram,709fceba-e311-48e7-9057-f54a587abf4a,7d4e1ffb-246e-4d1d-8869-b84816e8bf5a,IG Story,VIDEO,17.2.2026 18:48:09,,https://www.instagram.com/stories/vsefalcons/3834718515416799659,663,920,,,10
@akademiciplzen,instagram,65494228-95bf-4f7b-8e68-d47d7262db66,a161c519-cd42-4d65-b3ac-9817dc021959,IG Story,VIDEO,24.4.2026 15:37:59,@lesa_matousek,https://www.instagram.com/stories/akademiciplzen/3882457890355464382,,1066,,,1
vsefalcons,instagram,709fceba-e311-48e7-9057-f54a587abf4a,e4fa80b5-c9a3-48c8-bb7e-29cf3df92383,IG Story,IMAGE,3.2.2026 20:21:59,3 0 Theimer 2x,https://www.instagram.com/stories/vsefalcons/3824619805446010821,,1015,,,1
@cvutengineers,instagram,11963a07-7f0f-48e6-9d81-aa63a7ff4a04,e6a796f1-5299-4fb2-8d80-06c20a3fa811,IG Story,IMAGE,18.4.2026 18:16:42,@adam_hvezda,https://www.instagram.com/stories/cvutengineers/3878189215775474283,,785,,,4
@218107044725785,facebook,7a942e3e-6c47-4794-9ba7-bbc7b6d40cb3,563cfed2-56cd-41ae-a83c-0b4a873cf378,FB Post,IMAGE,11.6.2026 17:08:38,"Představujeme vám exkluzivní Falcons nominaci na letošní Fifa World Cup ⚽️🏆

Který z našich kluků má podle tebe největší šanci na Zlatý míč? Hlasuj v komentářích! 👇

#vsefalcons #fifaworldcup",https://www.facebook.com/122282816036218300/posts/122292790850218300,456,,8,,
@hcmuni,facebook,d1f9e9f9-7526-42d4-85aa-13f91e89f7cf,af314db5-732c-4226-bfdd-a948a881571a,FB Post,IMAGE,12.3.2026 12:43:09,"Bojovali jsme až do konce, ale nájezdy jsou loterie 
Hlavy nahoře – jdeme dál! 🔥💪🏻

Vidíme se v sobotu na Lužánkách!!! 💙

#hcmuni",https://www.facebook.com/1581741777288398/posts/1563473925781850,407,,5,,
@riderspardubice,instagram,4d6a67ab-9313-4f77-a82e-abb18adbca5d,76cfada6-8053-45d6-adc2-cb9243a63d7c,IG Post,IMAGE,12.3.2026 15:39:16,"Poslední zápas v dresu Riders pro @dominikkopecky_99 🔥

Přijď udělat Dominikovi do enteria areny nezapomenutelnou atmosféru a rozloučit se s ním na zápas proti @united_hk! 

🎟️ Vstupenky ve slevě s kódem KOPECKY20 👀",https://www.instagram.com/p/DVyipXMjI9n/,,8146,109,,20
@engineersprague,facebook,afd06d1d-7b1c-4f66-8d93-ce4255ab773c,b34861ae-f934-4885-b3c4-65522a5918c8,FB Post,ALBUM,12.3.2026 18:37:40,VŠICHNI ZA JEDNOHO 🦁 JEDEN ZA VŠECHNY,https://www.facebook.com/1560924572517692/posts/1543579240918892,492,,5,,
@riderspardubice,instagram,4d6a67ab-9313-4f77-a82e-abb18adbca5d,2f854342-b492-4542-ab2a-273a0680c7ad,IG Story,VIDEO,8.4.2026 17:08:09,PLAY-IN ROZBRUSLENÍ ⭐️ ⭐️,https://www.instagram.com/stories/riderspardubice/3870907785374648495,,705,,,
vsefalcons,instagram,709fceba-e311-48e7-9057-f54a587abf4a,795972e0-f894-4934-8f84-a82ad65d67e6,IG Reel,REEL,20.3.2026 17:30:52,@hamrbrmbrm13 na micu nebo spíš všichni ostatní na micu? 🤔,https://www.instagram.com/reel/DWHTW6iiHg6/,,5312,95,1,9
@riderspardubice,instagram,4d6a67ab-9313-4f77-a82e-abb18adbca5d,88e2f365-2652-40b9-9097-5d491fbdf8f4,IG Story,VIDEO,15.4.2026 15:24:07,KDO S NÁMI JEDE? 😎,https://www.instagram.com/stories/riderspardubice/3875928037389038019,,709,,,
@engineersprague,facebook,afd06d1d-7b1c-4f66-8d93-ce4255ab773c,e371236c-a113-4463-a7f3-362d8a759dc8,FB Post,IMAGE,9.4.2026 16:42:22,"Úspěšnost 97,62 % a k tomu 6 ze 7 nájezdů 😮‍💨 Tohle byla Alťákova show 🧱 

#engprg",https://www.facebook.com/1560924572517692/posts/1568276795115803,2743,,46,,
@riderspardubice,instagram,4d6a67ab-9313-4f77-a82e-abb18adbca5d,31705df3-b60b-4015-b215-a85b414d3f90,IG Story,VIDEO,12.4.2026 12:06:35,ŠŤASTNÝ DOSTÁL,https://www.instagram.com/stories/riderspardubice/3873654289512322867,,1180,,,
@engineersprague,facebook,afd06d1d-7b1c-4f66-8d93-ce4255ab773c,5914f69d-eade-4a21-8e32-28dce975de77,FB Story,VIDEO,2.3.2026 19:02:40,,,,,,,
@akademiciplzen,instagram,65494228-95bf-4f7b-8e68-d47d7262db66,b533704c-0f49-4585-bc02-6e50b639a827,IG Story,VIDEO,1.4.2026 17:18:15,@lukas.folda072,https://www.instagram.com/stories/akademiciplzen/3865838619462499026,,1370,,,1
@united_hk,instagram,b18c071b-0570-48b2-b743-990c668c3c5b,b8dd1b43-d044-4fd5-accc-b2fa077c2b42,IG Story,VIDEO,13.4.2026 17:51:40,,https://www.instagram.com/stories/united_hk/3874552585562646855,,442,,,
@hcmuni,facebook,d1f9e9f9-7526-42d4-85aa-13f91e89f7cf,dc8cd6b3-b6b0-4071-a698-fe0d44161298,FB Video,VIDEO,19.3.2026 14:16:53,"Vyber si svou bojovou výbavu na zápas! ⚔️🏒
a) Jen hlasivky a MUNI šálu 🗣️🔥
b) Odpověď a)☝🏻
c) K šále si přibalím i dres 👕

A jestli ti chybí náš merch, doraz ve středu o něco dřív, ať si stihneš něco v klidu pořídit! 💙🐻

#hcmuni #desetfakultjednauniverzita",https://www.facebook.com/reel/1982501865962172/,1099,499,8,,
@218107044725785,facebook,7a942e3e-6c47-4794-9ba7-bbc7b6d40cb3,c073836c-b0de-4241-a4fe-b18d190ebbb1,FB Video,VIDEO,16.3.2026 18:18:55,"Tipovačka s Tipsportem 🔥

Jakého favorita v Extralize máš ty? ✒️⤵️",https://www.facebook.com/reel/26068911376126900/,649,291,5,,
@akademiciplzen,instagram,65494228-95bf-4f7b-8e68-d47d7262db66,21b221f0-fa95-463a-8231-e3c7ea9ab8fb,IG Story,VIDEO,23.8.2026 10:48:25,5 + 2,https://www.instagram.com/stories/akademiciplzen/3970010105609208788,,1036,,,1
@united_hk,instagram,b18c071b-0570-48b2-b743-990c668c3c5b,d00e678e-0fbb-4ce2-8cc5-98a16629b220,IG Story,VIDEO,20.4.2026 18:47:29,,https://www.instagram.com/stories/united_hk/3879654146592781325,,365,,,
@akademiciplzen,instagram,65494228-95bf-4f7b-8e68-d47d7262db66,273fe58e-45b7-4d92-bdaa-ff52b8c85535,IG Post,IMAGE,8.3.2026 19:36:55,"Dnes slavíme všechny ženy, které jsou součástí Akademiků, ať už na tribunách, nebo v zákulisí. 💙
Krásný Mezinárodní den žen! 🌷

#mezinarodnidenzen #akademiciplzen | 📸 @vpotocesevodatoci @novotny_studio.cz @novacek_photography",https://www.instagram.com/p/DVoquV0jDQY/,,47744,2525,7,273
vsefalcons,instagram,709fceba-e311-48e7-9057-f54a587abf4a,3a0f1b8a-d7d7-4833-a24b-f775604502cc,IG Post,IMAGE,8.4.2026 22:18:12,"ZAVŘENO! ❌🥅

Matyáš Peyerl vychytal ve finále play-in nulu a proti Black Dogs si připsal rovnou 36 úspěšných zákroků 🧱",https://www.instagram.com/p/DW4x0v0CIcs/,,6322,209,6,17
@AkademiciPlzen,facebook,d87b94e3-03e8-45d0-b92e-75e9b819545c,a3f4a1b1-dbea-4f48-9e51-ce92708caf2b,FB Video,VIDEO,15.8.2026 17:43:08,"Než nám to pořádně začne se vším všudy, odkládáme si sem jeden flashback z posledního tréninku, který byl až moc povedený na to, aby zůstal jen v galerii. 🤭

Kluci nám totiž podepisovali fotky ze svých mladších hokejových let. 📸

Tak co říkáte, zaslouží si tyhle fotky čestné místo v šatně? 🖊️

#akademiciplzen",https://www.facebook.com/reel/1137665658616066/,1484,760,13,,
@univerzitnihokej,facebook,01b45180-0b14-4a14-96e8-d0a4bab1fb9f,e0d33119-c3cc-4788-915e-fbfb5c0bb832,FB Video,VIDEO,26.3.2026 16:45:37,Game on. Hair on point. 💆🏻‍♂️ @garnier_czsk 💚,https://www.facebook.com/reel/942638491469915/,410,86,1,,
vsefalcons,instagram,709fceba-e311-48e7-9057-f54a587abf4a,5036ed9e-4944-4d58-a980-22e6f32b8b35,IG Story,VIDEO,3.3.2026 19:16:04,otevírá skóre,https://www.instagram.com/stories/vsefalcons/3844879456242528033,656,992,,,1
@united_hk,instagram,b18c071b-0570-48b2-b743-990c668c3c5b,76a6f894-0678-433e-8678-bf28da5c31ab,IG Post,IMAGE,8.4.2026 7:09:14,"Náš obránce Ondra Štembera dnes slaví narozeniny.

Všechno nejlepší, Ondro! 🎂
Užij si to.",https://www.instagram.com/p/DW3JyuGCNm3/,,1838,17,,4
@univerzitnihokej,instagram,1e114592-3529-4cfe-9977-2598454053af,c38e853c-b307-496d-a5f3-9ffb41ea7f26,IG Post,IMAGE,13.4.2026 8:54:03,"Program na čtvrtek? Máme! 😤

Kings budou v prvním semifinále bojovat proti Riders, později se pak proti sobě postaví pražské celky Engineers a Falcons 🤜🏼🤛🏼",https://www.instagram.com/p/DXENxVIiDCb/,,3895,99,,21
vsefalcons,instagram,709fceba-e311-48e7-9057-f54a587abf4a,58413a77-0ea5-4fdb-a987-d6926a91733e,IG Story,VIDEO,8.4.2026 9:24:28,,https://www.instagram.com/stories/vsefalcons/3870673579289387978,1349,1653,,1,11
@univerzitnihokej,instagram,1e114592-3529-4cfe-9977-2598454053af,5855497f-35d7-4748-a1ab-12999e7067a6,IG Post,IMAGE,2.4.2026 12:08:11,"Ve finále play-in si to rozdají pražští rivalové! 👀 Už ve středu se rozhodne, kdo postoupí do @unihokejfinalfour 😮‍💨",https://www.instagram.com/p/DWoPPlRCItU/,,13062,230,,31
@riderspardubice,facebook,f99ed6c3-17cc-46f4-a32e-d9b0576ce2df,79347951-ae38-460e-97c5-7ab87fc3d7bb,FB Post,IMAGE,24.3.2026 13:37:14,"Včera jsme se na domácím ledě rozloučili s @dominikkopecky_99 a @daniel.skryp, pro které je toto poslední sezona v dresu Riders ❤️‍🩹

Díky kluci za vše, co jste Riders dali a přejeme vám mnoho úspěchů!",https://www.facebook.com/1592662819534019/posts/1585474470252854,754,,1,,
@unitedhk,facebook,bfe6cc29-a387-41b9-9bca-b077722556af,82b91954-abfa-4da8-866c-7463e6325b1d,FB Video,VIDEO,14.3.2026 10:30:21,"Včera jsme to dali na velkém plátně 🎬🏒

Heated Rivalry maraton v CineStaru.
Děkujeme @hbomaxczsk 

#unitedhk #cinestar #heatedrivalry #hbomax",https://www.facebook.com/reel/1586738969108958/,344,78,2,,
vsefalcons,instagram,709fceba-e311-48e7-9057-f54a587abf4a,76dda5e5-eaa5-49e4-961c-23ef6cd6c83f,IG Post,IMAGE,26.2.2026 8:07:24,"It’s Falcons pub kvíz day! 🍻

Nebylo by možné ho uspořádat bez našich parterů, kterým moc děkujeme za hodnotné ceny 🤝🏼💙

Máte se na co těšit a my se těšíme na vás! 🤩",https://www.instagram.com/p/DVNr3XXiKOT/,,2255,44,,8
@riderspardubice,instagram,4d6a67ab-9313-4f77-a82e-abb18adbca5d,8069396a-55d0-4068-8822-00823bddb0b3,IG Story,IMAGE,12.4.2026 12:57:40,2:1,https://www.instagram.com/stories/riderspardubice/3873679997458452315,,1089,,,
@hcnorthwings,facebook,2b08a479-603b-46e4-8a48-2bc0435ccd53,b8c6bdec-78dd-442a-8413-04a043376650,FB Story,VIDEO,4.3.2026 16:21:36,,,,,,,
@bitvaoprahu,instagram,d7c8aa06-74fb-4c6c-a7d2-c2fe1bf6d59c,b9641acf-defe-445a-8216-e47154b7fafa,IG Post,IMAGE,10.3.2026 13:11:32,"UŽ VE ČTVRTEK…⏳

🎓4 největší pražské univerzity | ČZU • VŠE • UK •ČVUT
🎤Metrostav halftime show | Gufrau • Victor Kal. • MAT213
🏒🔥Show na ledě, i v hledišti 

…to je BITVA O PRAHU 🤩
Budeš s námi u největší sportovní události letního semestru?
🎟️bitvaoprahu.cz",https://www.instagram.com/p/DVtINcwjG5k/,,23467,424,2,21
vsefalcons,instagram,709fceba-e311-48e7-9057-f54a587abf4a,d18104cc-74ca-4065-8866-6e3244f2a434,IG Post,IMAGE,5.1.2026 11:50:07,"Bronzová tečka za skvělým výkonem @unihokejrepre na @vikingcupofc 🥉

Jsme na vás hrdí! ❤️🦅",https://www.instagram.com/p/DTIMBJjCFnU/,,8657,217,,
@united_hk,tiktok,7e062517-b9da-416d-b73d-a2c5899a2be6,df14fe93-fae4-48fd-b9d9-9c669f47f9d8,TT Video,VIDEO,10.3.2026 22:07:27,"Světla zhasínají.  Příběh hokejistů začíná. 🏒🎬 🎟️Zapoj se do soutěže: 2x2 lístky na maratón první série Heated Rivalry v kinách CineStar pro tebe a tvého kámoše!  📌Podmínky soutěže: 1) označ, s kým bys seriál chtěl/a vidět  2) dej like na post Ve čtvrtek vylosujeme 2 výherce, kteří si můžou premiéru užít přímo z první rady! #unitedhk #unihokej #hbomax #heatedrivalry",https://www.tiktok.com/@united_hk/video/7615752002194230550?utm_campaign=tt4d_open_api&utm_source=7348986504397455361,,2308,97,1,23
@hc_muni,instagram,43cd62c8-609d-4ea6-8ce9-cae5242ede0c,f44a5dfb-c085-4515-8d36-42d738fc21f9,IG Reel,VIDEO,11.8.2026 19:04:36,"Back on ice!!🔥 Druhý den tryoutů je za námi a tempo se pořád stupňuje💪🏼

#hcmuni",https://www.instagram.com/reel/Db6SuWkOKk6/,,9929,224,,16
@218107044725785,facebook,7a942e3e-6c47-4794-9ba7-bbc7b6d40cb3,79acb849-43ce-4508-bc73-dca0f87a1536,FB Video,VIDEO,10.4.2026 18:22:27,"Jsme trochu v nešťastný situaci… neznáme soupeře ani čas semifinále. 😏

Řešení? Jednoduchý.
Kup si denní vstupenku a dej si rovnou 2️⃣ zápasy + double dávku show. 🔥 Nebo si počkej do neděle, kdy už bude jasno. 👀
Vstupenky na finalfour.cz a nezapomeň využít náš kód VSEFANS! 🎟️",https://www.facebook.com/reel/1932520997630657/,455,136,3,,
vsefalcons,instagram,709fceba-e311-48e7-9057-f54a587abf4a,32c84cdc-ecfc-49ed-b147-ea5d303caab6,IG Story,VIDEO,10.3.2026 18:59:32,@grantthorntoncz 👋🏻,https://www.instagram.com/stories/vsefalcons/3849944564048091018,1035,,,,10
vsefalcons,instagram,709fceba-e311-48e7-9057-f54a587abf4a,d11933e3-6c1b-4391-9fe5-849563a5ce2d,IG Story,IMAGE,14.3.2026 18:26:54,4 3,https://www.instagram.com/stories/vsefalcons/3852827205856443576,747,607,,,
vsefalcons,instagram,709fceba-e311-48e7-9057-f54a587abf4a,e2e51b87-6d61-40b8-abbd-ad373d7fdcc4,IG Story,VIDEO,12.3.2026 16:43:07,,https://www.instagram.com/stories/vsefalcons/3851325413834379774,1404,1288,,,
@BOhokej,facebook,c9082543-a03b-490f-8f97-66d439acce89,5d4286c4-b61c-45f8-a591-0144051755cd,FB Post,IMAGE,18.3.2026 11:28:37,"GAME DAY🔥 JEDEME DO PRAHY 
Sleduj živě a nebo doraz na Hvězdu!
@cvutengineers x @boostrava",https://www.facebook.com/1477974067675582/posts/1465711505568505,146,,2,,
vsefalcons,instagram,709fceba-e311-48e7-9057-f54a587abf4a,7d5f292a-7b52-4374-9e9d-ac2eb619f1e7,IG Story,VIDEO,14.3.2026 17:12:53,"JONÁŠ JOBÁNEK nás posílá potřetí
do vedení 😜",https://www.instagram.com/stories/vsefalcons/3852789971920935073,749,713,,,1